feature_names,values,is_pred,model_name,std
Age9_3.0,-15.934546183573284,False,bayesian_ridge,0.0
Age9_3.0,-2.373683250438996,False,bayesian_ridge,0.0
Age9_3.0,5.465353276414819,False,bayesian_ridge,0.0
Age9_3.0,13.48101061039333,False,bayesian_ridge,0.0
Age9_3.0,-3.5516982318512302,False,bayesian_ridge,0.0
Age9_3.0,-10.27744468392343,False,bayesian_ridge,0.0
Age9_3.0,-13.651414838709464,False,bayesian_ridge,0.0
Age9_3.0,-3.8363225249830966,True,bayesian_ridge,9.806384789189922
Age9_3.0,-3.836745181168576,True,bayesian_ridge,9.807421957155796
Age9_3.0,-3.8371678373540554,True,bayesian_ridge,9.808689457957517
Age9_3.0,-3.837590493539535,True,bayesian_ridge,9.810187202316342
Age9_3.0,-3.8380131497250143,True,bayesian_ridge,9.81191508479537
Age9_3.0,-3.838435805910494,True,bayesian_ridge,9.813872983836589
Age9_3.0,-3.838858462095973,True,bayesian_ridge,9.816060761803563
Age9_3.0,-15.934546183573284,False,simple_exp,0.0
Age9_3.0,-2.373683250438996,False,simple_exp,0.0
Age9_3.0,5.465353276414819,False,simple_exp,0.0
Age9_3.0,13.48101061039333,False,simple_exp,0.0
Age9_3.0,-3.5516982318512302,False,simple_exp,0.0
Age9_3.0,-10.27744468392343,False,simple_exp,0.0
Age9_3.0,-13.651414838709464,False,simple_exp,0.0
Age9_3.0,-13.651414788433389,True,simple_exp,0.0
Age9_3.0,-13.651414788433389,True,simple_exp,0.0
Age9_3.0,-13.651414788433389,True,simple_exp,0.0
Age9_3.0,-13.651414788433389,True,simple_exp,0.0
Age9_3.0,-13.651414788433389,True,simple_exp,0.0
Age9_3.0,-13.651414788433389,True,simple_exp,0.0
Age9_3.0,-13.651414788433389,True,simple_exp,0.0
Age9_3.0,-15.934546183573284,False,exp,0.0
Age9_3.0,-2.373683250438996,False,exp,0.0
Age9_3.0,5.465353276414819,False,exp,0.0
Age9_3.0,13.48101061039333,False,exp,0.0
Age9_3.0,-3.5516982318512302,False,exp,0.0
Age9_3.0,-10.27744468392343,False,exp,0.0
Age9_3.0,-13.651414838709464,False,exp,0.0
Age9_3.0,-13.651414788433389,True,exp,0.0
Age9_3.0,-13.651414788433389,True,exp,0.0
Age9_3.0,-13.651414788433389,True,exp,0.0
Age9_3.0,-13.651414788433389,True,exp,0.0
Age9_3.0,-13.651414788433389,True,exp,0.0
Age9_3.0,-13.651414788433389,True,exp,0.0
Age9_3.0,-13.651414788433389,True,exp,0.0
Age9_3.0,-15.934546183573284,False,holt,0.0
Age9_3.0,-2.373683250438996,False,holt,0.0
Age9_3.0,5.465353276414819,False,holt,0.0
Age9_3.0,13.48101061039333,False,holt,0.0
Age9_3.0,-3.5516982318512302,False,holt,0.0
Age9_3.0,-10.27744468392343,False,holt,0.0
Age9_3.0,-13.651414838709464,False,holt,0.0
Age9_3.0,-15.43420858862321,True,holt,0.0
Age9_3.0,-16.8604436071077,True,holt,0.0
Age9_3.0,-18.001431621895296,True,holt,0.0
Age9_3.0,-18.91422203372537,True,holt,0.0
Age9_3.0,-19.64445436318943,True,holt,0.0
Age9_3.0,-20.228640226760675,True,holt,0.0
Age9_3.0,-20.695988917617676,True,holt,0.0
Age9_4.0,-12.04443353799901,False,bayesian_ridge,0.0
Age9_4.0,1.3272186149631215,False,bayesian_ridge,0.0
Age9_4.0,10.553129161059015,False,bayesian_ridge,0.0
Age9_4.0,13.15482226473128,False,bayesian_ridge,0.0
Age9_4.0,-1.846334465394328,False,bayesian_ridge,0.0
Age9_4.0,-16.300700612704468,False,bayesian_ridge,0.0
Age9_4.0,-16.268034450896216,False,bayesian_ridge,0.0
Age9_4.0,-3.3202507194442648,True,bayesian_ridge,11.407704522212784
Age9_4.0,-3.385158648368166,True,bayesian_ridge,11.461874727613441
Age9_4.0,-3.4500665772920676,True,bayesian_ridge,11.527737073408929
Age9_4.0,-3.514974506215969,True,bayesian_ridge,11.605092492201123
Age9_4.0,-3.5798824351398704,True,bayesian_ridge,11.69371290173452
Age9_4.0,-3.6447903640637724,True,bayesian_ridge,11.7933443543634
Age9_4.0,-3.7096982929876736,True,bayesian_ridge,11.90371037323032
Age9_4.0,-12.04443353799901,False,simple_exp,0.0
Age9_4.0,1.3272186149631215,False,simple_exp,0.0
Age9_4.0,10.553129161059015,False,simple_exp,0.0
Age9_4.0,13.15482226473128,False,simple_exp,0.0
Age9_4.0,-1.846334465394328,False,simple_exp,0.0
Age9_4.0,-16.300700612704468,False,simple_exp,0.0
Age9_4.0,-16.268034450896216,False,simple_exp,0.0
Age9_4.0,-16.268034451382977,True,simple_exp,0.0
Age9_4.0,-16.268034451382977,True,simple_exp,0.0
Age9_4.0,-16.268034451382977,True,simple_exp,0.0
Age9_4.0,-16.268034451382977,True,simple_exp,0.0
Age9_4.0,-16.268034451382977,True,simple_exp,0.0
Age9_4.0,-16.268034451382977,True,simple_exp,0.0
Age9_4.0,-16.268034451382977,True,simple_exp,0.0
Age9_4.0,-12.04443353799901,False,exp,0.0
Age9_4.0,1.3272186149631215,False,exp,0.0
Age9_4.0,10.553129161059015,False,exp,0.0
Age9_4.0,13.15482226473128,False,exp,0.0
Age9_4.0,-1.846334465394328,False,exp,0.0
Age9_4.0,-16.300700612704468,False,exp,0.0
Age9_4.0,-16.268034450896216,False,exp,0.0
Age9_4.0,-16.268034451382977,True,exp,0.0
Age9_4.0,-16.268034451382977,True,exp,0.0
Age9_4.0,-16.268034451382977,True,exp,0.0
Age9_4.0,-16.268034451382977,True,exp,0.0
Age9_4.0,-16.268034451382977,True,exp,0.0
Age9_4.0,-16.268034451382977,True,exp,0.0
Age9_4.0,-16.268034451382977,True,exp,0.0
Age9_4.0,-12.04443353799901,False,holt,0.0
Age9_4.0,1.3272186149631215,False,holt,0.0
Age9_4.0,10.553129161059015,False,holt,0.0
Age9_4.0,13.15482226473128,False,holt,0.0
Age9_4.0,-1.846334465394328,False,holt,0.0
Age9_4.0,-16.300700612704468,False,holt,0.0
Age9_4.0,-16.268034450896216,False,holt,0.0
Age9_4.0,-19.296464183612493,True,holt,0.0
Age9_4.0,-21.71920787992183,True,holt,0.0
Age9_4.0,-23.657402836969297,True,holt,0.0
Age9_4.0,-25.207958802607273,True,holt,0.0
Age9_4.0,-26.448403575117652,True,holt,0.0
Age9_4.0,-27.440759393125955,True,holt,0.0
Age9_4.0,-28.234644047532598,True,holt,0.0
Age9_5.0,-8.279599707833052,False,bayesian_ridge,0.0
Age9_5.0,3.983973948463926,False,bayesian_ridge,0.0
Age9_5.0,14.476504464415552,False,bayesian_ridge,0.0
Age9_5.0,21.750435963992555,False,bayesian_ridge,0.0
Age9_5.0,13.224639935594617,False,bayesian_ridge,0.0
Age9_5.0,-3.5238654998425933,False,bayesian_ridge,0.0
Age9_5.0,-16.62955908671432,False,bayesian_ridge,0.0
Age9_5.0,3.5674082427047717,True,bayesian_ridge,12.773496188187227
Age9_5.0,3.5663128027353688,True,bayesian_ridge,12.775019425549338
Age9_5.0,3.5652173627659662,True,bayesian_ridge,12.776880913488885
Age9_5.0,3.5641219227965633,True,bayesian_ridge,12.779080504190215
Age9_5.0,3.5630264828271603,True,bayesian_ridge,12.781618023100858
Age9_5.0,3.5619310428577577,True,bayesian_ridge,12.784493269000661
Age9_5.0,3.5608356028883548,True,bayesian_ridge,12.787706014081415
Age9_5.0,-8.279599707833052,False,simple_exp,0.0
Age9_5.0,3.983973948463926,False,simple_exp,0.0
Age9_5.0,14.476504464415552,False,simple_exp,0.0
Age9_5.0,21.750435963992555,False,simple_exp,0.0
Age9_5.0,13.224639935594617,False,simple_exp,0.0
Age9_5.0,-3.5238654998425933,False,simple_exp,0.0
Age9_5.0,-16.62955908671432,False,simple_exp,0.0
Age9_5.0,-16.629558891424264,True,simple_exp,0.0
Age9_5.0,-16.629558891424264,True,simple_exp,0.0
Age9_5.0,-16.629558891424264,True,simple_exp,0.0
Age9_5.0,-16.629558891424264,True,simple_exp,0.0
Age9_5.0,-16.629558891424264,True,simple_exp,0.0
Age9_5.0,-16.629558891424264,True,simple_exp,0.0
Age9_5.0,-16.629558891424264,True,simple_exp,0.0
Age9_5.0,-8.279599707833052,False,exp,0.0
Age9_5.0,3.983973948463926,False,exp,0.0
Age9_5.0,14.476504464415552,False,exp,0.0
Age9_5.0,21.750435963992555,False,exp,0.0
Age9_5.0,13.224639935594617,False,exp,0.0
Age9_5.0,-3.5238654998425933,False,exp,0.0
Age9_5.0,-16.62955908671432,False,exp,0.0
Age9_5.0,-16.629558891424264,True,exp,0.0
Age9_5.0,-16.629558891424264,True,exp,0.0
Age9_5.0,-16.629558891424264,True,exp,0.0
Age9_5.0,-16.629558891424264,True,exp,0.0
Age9_5.0,-16.629558891424264,True,exp,0.0
Age9_5.0,-16.629558891424264,True,exp,0.0
Age9_5.0,-16.629558891424264,True,exp,0.0
Age9_5.0,-8.279599707833052,False,holt,0.0
Age9_5.0,3.983973948463926,False,holt,0.0
Age9_5.0,14.476504464415552,False,holt,0.0
Age9_5.0,21.750435963992555,False,holt,0.0
Age9_5.0,13.224639935594617,False,holt,0.0
Age9_5.0,-3.5238654998425933,False,holt,0.0
Age9_5.0,-16.62955908671432,False,holt,0.0
Age9_5.0,-27.114114085917116,True,holt,0.0
Age9_5.0,-35.5017580817852,True,holt,0.0
Age9_5.0,-42.21187327847967,True,holt,0.0
Age9_5.0,-47.57996543583525,True,holt,0.0
Age9_5.0,-51.87443916171971,True,holt,0.0
Age9_5.0,-55.310018142427275,True,holt,0.0
Age9_5.0,-58.05848132699333,True,holt,0.0
Age9_6.0,-22.47729366244391,False,bayesian_ridge,0.0
Age9_6.0,-17.47882417110501,False,bayesian_ridge,0.0
Age9_6.0,-7.756888207433443,False,bayesian_ridge,0.0
Age9_6.0,10.456130695458745,False,bayesian_ridge,0.0
Age9_6.0,18.23201124402405,False,bayesian_ridge,0.0
Age9_6.0,-19.05017630466206,False,bayesian_ridge,0.0
Age9_6.0,-28.176028168574184,False,bayesian_ridge,0.0
Age9_6.0,-9.464086494174046,True,bayesian_ridge,16.226050561842197
Age9_6.0,-9.463998525762706,True,bayesian_ridge,16.227167331569582
Age9_6.0,-9.463910557351369,True,bayesian_ridge,16.2285321679823
Age9_6.0,-9.46382258894003,True,bayesian_ridge,16.230145008498575
Age9_6.0,-9.46373462052869,True,bayesian_ridge,16.232005779192043
Age9_6.0,-9.463646652117353,True,bayesian_ridge,16.23411439480867
Age9_6.0,-9.463558683706013,True,bayesian_ridge,16.236470758786286
Age9_6.0,-22.47729366244391,False,simple_exp,0.0
Age9_6.0,-17.47882417110501,False,simple_exp,0.0
Age9_6.0,-7.756888207433443,False,simple_exp,0.0
Age9_6.0,10.456130695458745,False,simple_exp,0.0
Age9_6.0,18.23201124402405,False,simple_exp,0.0
Age9_6.0,-19.05017630466206,False,simple_exp,0.0
Age9_6.0,-28.176028168574184,False,simple_exp,0.0
Age9_6.0,-28.176028032588384,True,simple_exp,0.0
Age9_6.0,-28.176028032588384,True,simple_exp,0.0
Age9_6.0,-28.176028032588384,True,simple_exp,0.0
Age9_6.0,-28.176028032588384,True,simple_exp,0.0
Age9_6.0,-28.176028032588384,True,simple_exp,0.0
Age9_6.0,-28.176028032588384,True,simple_exp,0.0
Age9_6.0,-28.176028032588384,True,simple_exp,0.0
Age9_6.0,-22.47729366244391,False,exp,0.0
Age9_6.0,-17.47882417110501,False,exp,0.0
Age9_6.0,-7.756888207433443,False,exp,0.0
Age9_6.0,10.456130695458745,False,exp,0.0
Age9_6.0,18.23201124402405,False,exp,0.0
Age9_6.0,-19.05017630466206,False,exp,0.0
Age9_6.0,-28.176028168574184,False,exp,0.0
Age9_6.0,-28.176028032588384,True,exp,0.0
Age9_6.0,-28.176028032588384,True,exp,0.0
Age9_6.0,-28.176028032588384,True,exp,0.0
Age9_6.0,-28.176028032588384,True,exp,0.0
Age9_6.0,-28.176028032588384,True,exp,0.0
Age9_6.0,-28.176028032588384,True,exp,0.0
Age9_6.0,-28.176028032588384,True,exp,0.0
Age9_6.0,-22.47729366244391,False,holt,0.0
Age9_6.0,-17.47882417110501,False,holt,0.0
Age9_6.0,-7.756888207433443,False,holt,0.0
Age9_6.0,10.456130695458745,False,holt,0.0
Age9_6.0,18.23201124402405,False,holt,0.0
Age9_6.0,-19.05017630466206,False,holt,0.0
Age9_6.0,-28.176028168574184,False,holt,0.0
Age9_6.0,-27.33742399371214,True,holt,0.0
Age9_6.0,-26.666540775107315,True,holt,0.0
Age9_6.0,-26.129834200223456,True,holt,0.0
Age9_6.0,-25.70046894031637,True,holt,0.0
Age9_6.0,-25.356976732390702,True,holt,0.0
Age9_6.0,-25.082182966050166,True,holt,0.0
Age9_6.0,-24.862347952977736,True,holt,0.0
Age9_7.0,-47.57347552294399,False,bayesian_ridge,0.0
Age9_7.0,-47.9300061483559,False,bayesian_ridge,0.0
Age9_7.0,-31.07661785436866,False,bayesian_ridge,0.0
Age9_7.0,-15.928347242545138,False,bayesian_ridge,0.0
Age9_7.0,-14.540494241799284,False,bayesian_ridge,0.0
Age9_7.0,-41.92481135429907,False,bayesian_ridge,0.0
Age9_7.0,-45.40320194798723,False,bayesian_ridge,0.0
Age9_7.0,-34.907867495889036,True,bayesian_ridge,13.520521925610844
Age9_7.0,-34.90708600156489,True,bayesian_ridge,13.521877665167205
Age9_7.0,-34.90630450724075,True,bayesian_ridge,13.523534495606762
Age9_7.0,-34.90552301291661,True,bayesian_ridge,13.52549230628145
Age9_7.0,-34.904741518592466,True,bayesian_ridge,13.527750966512711
Age9_7.0,-34.90396002426832,True,bayesian_ridge,13.53031032563506
Age9_7.0,-34.90317852994418,True,bayesian_ridge,13.533170213046244
Age9_7.0,-47.57347552294399,False,simple_exp,0.0
Age9_7.0,-47.9300061483559,False,simple_exp,0.0
Age9_7.0,-31.07661785436866,False,simple_exp,0.0
Age9_7.0,-15.928347242545138,False,simple_exp,0.0
Age9_7.0,-14.540494241799284,False,simple_exp,0.0
Age9_7.0,-41.92481135429907,False,simple_exp,0.0
Age9_7.0,-45.40320194798723,False,simple_exp,0.0
Age9_7.0,-45.40320189615516,True,simple_exp,0.0
Age9_7.0,-45.40320189615516,True,simple_exp,0.0
Age9_7.0,-45.40320189615516,True,simple_exp,0.0
Age9_7.0,-45.40320189615516,True,simple_exp,0.0
Age9_7.0,-45.40320189615516,True,simple_exp,0.0
Age9_7.0,-45.40320189615516,True,simple_exp,0.0
Age9_7.0,-45.40320189615516,True,simple_exp,0.0
Age9_7.0,-47.57347552294399,False,exp,0.0
Age9_7.0,-47.9300061483559,False,exp,0.0
Age9_7.0,-31.07661785436866,False,exp,0.0
Age9_7.0,-15.928347242545138,False,exp,0.0
Age9_7.0,-14.540494241799284,False,exp,0.0
Age9_7.0,-41.92481135429907,False,exp,0.0
Age9_7.0,-45.40320194798723,False,exp,0.0
Age9_7.0,-45.40320189615516,True,exp,0.0
Age9_7.0,-45.40320189615516,True,exp,0.0
Age9_7.0,-45.40320189615516,True,exp,0.0
Age9_7.0,-45.40320189615516,True,exp,0.0
Age9_7.0,-45.40320189615516,True,exp,0.0
Age9_7.0,-45.40320189615516,True,exp,0.0
Age9_7.0,-45.40320189615516,True,exp,0.0
Age9_7.0,-47.57347552294399,False,holt,0.0
Age9_7.0,-47.9300061483559,False,holt,0.0
Age9_7.0,-31.07661785436866,False,holt,0.0
Age9_7.0,-15.928347242545138,False,holt,0.0
Age9_7.0,-14.540494241799284,False,holt,0.0
Age9_7.0,-41.92481135429907,False,holt,0.0
Age9_7.0,-45.40320194798723,False,holt,0.0
Age9_7.0,-45.74571839293953,True,holt,0.0
Age9_7.0,-46.08652230213608,True,holt,0.0
Age9_7.0,-46.425622191786644,True,holt,0.0
Age9_7.0,-46.76302658198896,True,holt,0.0
Age9_7.0,-47.09874395024027,True,holt,0.0
Age9_7.0,-47.43278273165031,True,holt,0.0
Age9_7.0,-47.76515131915331,True,holt,0.0
Disab3_2.0,41.480383497209175,False,bayesian_ridge,0.0
Disab3_2.0,39.55442362140453,False,bayesian_ridge,0.0
Disab3_2.0,19.556633962076788,False,bayesian_ridge,0.0
Disab3_2.0,56.13272743453448,False,bayesian_ridge,0.0
Disab3_2.0,50.85679973435464,False,bayesian_ridge,0.0
Disab3_2.0,38.94701612934816,False,bayesian_ridge,0.0
Disab3_2.0,54.10335673463644,False,bayesian_ridge,0.0
Disab3_2.0,45.062288397183224,True,bayesian_ridge,12.035608468845648
Disab3_2.0,45.59102688528031,True,bayesian_ridge,12.404704478186634
Disab3_2.0,46.11976537337739,True,bayesian_ridge,12.841422906853824
Disab3_2.0,46.64850386147447,True,bayesian_ridge,13.33912360164373
Disab3_2.0,47.17724234957155,True,bayesian_ridge,13.891253426272213
Disab3_2.0,47.70598083766863,True,bayesian_ridge,14.491592464309862
Disab3_2.0,48.23471932576572,True,bayesian_ridge,15.134404833230057
Disab3_2.0,41.480383497209175,False,simple_exp,0.0
Disab3_2.0,39.55442362140453,False,simple_exp,0.0
Disab3_2.0,19.556633962076788,False,simple_exp,0.0
Disab3_2.0,56.13272743453448,False,simple_exp,0.0
Disab3_2.0,50.85679973435464,False,simple_exp,0.0
Disab3_2.0,38.94701612934816,False,simple_exp,0.0
Disab3_2.0,54.10335673463644,False,simple_exp,0.0
Disab3_2.0,41.480383650224105,True,simple_exp,0.0
Disab3_2.0,41.480383650224105,True,simple_exp,0.0
Disab3_2.0,41.480383650224105,True,simple_exp,0.0
Disab3_2.0,41.480383650224105,True,simple_exp,0.0
Disab3_2.0,41.480383650224105,True,simple_exp,0.0
Disab3_2.0,41.480383650224105,True,simple_exp,0.0
Disab3_2.0,41.480383650224105,True,simple_exp,0.0
Disab3_2.0,41.480383497209175,False,exp,0.0
Disab3_2.0,39.55442362140453,False,exp,0.0
Disab3_2.0,19.556633962076788,False,exp,0.0
Disab3_2.0,56.13272743453448,False,exp,0.0
Disab3_2.0,50.85679973435464,False,exp,0.0
Disab3_2.0,38.94701612934816,False,exp,0.0
Disab3_2.0,54.10335673463644,False,exp,0.0
Disab3_2.0,42.947335069336816,True,exp,0.0
Disab3_2.0,42.947335069336816,True,exp,0.0
Disab3_2.0,42.947335069336816,True,exp,0.0
Disab3_2.0,42.947335069336816,True,exp,0.0
Disab3_2.0,42.947335069336816,True,exp,0.0
Disab3_2.0,42.947335069336816,True,exp,0.0
Disab3_2.0,42.947335069336816,True,exp,0.0
Disab3_2.0,41.480383497209175,False,holt,0.0
Disab3_2.0,39.55442362140453,False,holt,0.0
Disab3_2.0,19.556633962076788,False,holt,0.0
Disab3_2.0,56.13272743453448,False,holt,0.0
Disab3_2.0,50.85679973435464,False,holt,0.0
Disab3_2.0,38.94701612934816,False,holt,0.0
Disab3_2.0,54.10335673463644,False,holt,0.0
Disab3_2.0,40.604031323048176,True,holt,0.0
Disab3_2.0,40.67323696123222,True,holt,0.0
Disab3_2.0,40.728601471779456,True,holt,0.0
Disab3_2.0,40.77289308021724,True,holt,0.0
Disab3_2.0,40.80832636696747,True,holt,0.0
Disab3_2.0,40.83667299636765,True,holt,0.0
Disab3_2.0,40.8593502998878,True,holt,0.0
Disab3_3.0,25.46671533455405,False,bayesian_ridge,0.0
Disab3_3.0,28.908640837062705,False,bayesian_ridge,0.0
Disab3_3.0,13.304130071219443,False,bayesian_ridge,0.0
Disab3_3.0,24.25360830987664,False,bayesian_ridge,0.0
Disab3_3.0,20.857765141103823,False,bayesian_ridge,0.0
Disab3_3.0,5.886566699997675,False,bayesian_ridge,0.0
Disab3_3.0,24.18745905037269,False,bayesian_ridge,0.0
Disab3_3.0,19.452346110203276,True,bayesian_ridge,7.676963288818478
Disab3_3.0,19.213115300461702,True,bayesian_ridge,7.853979402035202
Disab3_3.0,18.973884490720128,True,bayesian_ridge,8.065057899050501
Disab3_3.0,18.734653680978553,True,bayesian_ridge,8.307602827542825
Disab3_3.0,18.49542287123698,True,bayesian_ridge,8.57894573494175
Disab3_3.0,18.256192061495405,True,bayesian_ridge,8.876446049161228
Disab3_3.0,18.01696125175383,True,bayesian_ridge,9.197565893320998
Disab3_3.0,25.46671533455405,False,simple_exp,0.0
Disab3_3.0,28.908640837062705,False,simple_exp,0.0
Disab3_3.0,13.304130071219443,False,simple_exp,0.0
Disab3_3.0,24.25360830987664,False,simple_exp,0.0
Disab3_3.0,20.857765141103823,False,simple_exp,0.0
Disab3_3.0,5.886566699997675,False,simple_exp,0.0
Disab3_3.0,24.18745905037269,False,simple_exp,0.0
Disab3_3.0,20.431752880592548,True,simple_exp,0.0
Disab3_3.0,20.431752880592548,True,simple_exp,0.0
Disab3_3.0,20.431752880592548,True,simple_exp,0.0
Disab3_3.0,20.431752880592548,True,simple_exp,0.0
Disab3_3.0,20.431752880592548,True,simple_exp,0.0
Disab3_3.0,20.431752880592548,True,simple_exp,0.0
Disab3_3.0,20.431752880592548,True,simple_exp,0.0
Disab3_3.0,25.46671533455405,False,exp,0.0
Disab3_3.0,28.908640837062705,False,exp,0.0
Disab3_3.0,13.304130071219443,False,exp,0.0
Disab3_3.0,24.25360830987664,False,exp,0.0
Disab3_3.0,20.857765141103823,False,exp,0.0
Disab3_3.0,5.886566699997675,False,exp,0.0
Disab3_3.0,24.18745905037269,False,exp,0.0
Disab3_3.0,20.409269419878438,True,exp,0.0
Disab3_3.0,20.409269419878438,True,exp,0.0
Disab3_3.0,20.409269419878438,True,exp,0.0
Disab3_3.0,20.409269419878438,True,exp,0.0
Disab3_3.0,20.409269419878438,True,exp,0.0
Disab3_3.0,20.409269419878438,True,exp,0.0
Disab3_3.0,20.409269419878438,True,exp,0.0
Disab3_3.0,25.46671533455405,False,holt,0.0
Disab3_3.0,28.908640837062705,False,holt,0.0
Disab3_3.0,13.304130071219443,False,holt,0.0
Disab3_3.0,24.25360830987664,False,holt,0.0
Disab3_3.0,20.857765141103823,False,holt,0.0
Disab3_3.0,5.886566699997675,False,holt,0.0
Disab3_3.0,24.18745905037269,False,holt,0.0
Disab3_3.0,16.8646366871169,True,holt,0.0
Disab3_3.0,16.35779044393904,True,holt,0.0
Disab3_3.0,15.95231344939676,True,holt,0.0
Disab3_3.0,15.627931853762933,True,holt,0.0
Disab3_3.0,15.368426577255871,True,holt,0.0
Disab3_3.0,15.160822356050222,True,holt,0.0
Disab3_3.0,14.994738979085703,True,holt,0.0
Educ6,-12.762097193515798,False,bayesian_ridge,0.0
Educ6,-17.17866045544456,False,bayesian_ridge,0.0
Educ6,-16.065807516311082,False,bayesian_ridge,0.0
Educ6,-17.701570176647653,False,bayesian_ridge,0.0
Educ6,-18.89668752309621,False,bayesian_ridge,0.0
Educ6,-17.935860629054943,False,bayesian_ridge,0.0
Educ6,-17.225004816170408,False,bayesian_ridge,0.0
Educ6,-18.889856934929806,True,bayesian_ridge,1.7427884304435517
Educ6,-19.406403729010805,True,bayesian_ridge,1.892200580027788
Educ6,-19.922950523091806,True,bayesian_ridge,2.0601519376272295
Educ6,-20.439497317172805,True,bayesian_ridge,2.2424808642311955
Educ6,-20.956044111253803,True,bayesian_ridge,2.435961062098302
Educ6,-21.4725909053348,True,bayesian_ridge,2.6381401810664302
Educ6,-21.9891376994158,True,bayesian_ridge,2.847165675393246
Educ6,-12.762097193515798,False,simple_exp,0.0
Educ6,-17.17866045544456,False,simple_exp,0.0
Educ6,-16.065807516311082,False,simple_exp,0.0
Educ6,-17.701570176647653,False,simple_exp,0.0
Educ6,-18.89668752309621,False,simple_exp,0.0
Educ6,-17.935860629054943,False,simple_exp,0.0
Educ6,-17.225004816170408,False,simple_exp,0.0
Educ6,-17.353594620215095,True,simple_exp,0.0
Educ6,-17.353594620215095,True,simple_exp,0.0
Educ6,-17.353594620215095,True,simple_exp,0.0
Educ6,-17.353594620215095,True,simple_exp,0.0
Educ6,-17.353594620215095,True,simple_exp,0.0
Educ6,-17.353594620215095,True,simple_exp,0.0
Educ6,-17.353594620215095,True,simple_exp,0.0
Educ6,-12.762097193515798,False,exp,0.0
Educ6,-17.17866045544456,False,exp,0.0
Educ6,-16.065807516311082,False,exp,0.0
Educ6,-17.701570176647653,False,exp,0.0
Educ6,-18.89668752309621,False,exp,0.0
Educ6,-17.935860629054943,False,exp,0.0
Educ6,-17.225004816170408,False,exp,0.0
Educ6,-17.507183289604264,True,exp,0.0
Educ6,-17.507183289604264,True,exp,0.0
Educ6,-17.507183289604264,True,exp,0.0
Educ6,-17.507183289604264,True,exp,0.0
Educ6,-17.507183289604264,True,exp,0.0
Educ6,-17.507183289604264,True,exp,0.0
Educ6,-17.507183289604264,True,exp,0.0
Educ6,-12.762097193515798,False,holt,0.0
Educ6,-17.17866045544456,False,holt,0.0
Educ6,-16.065807516311082,False,holt,0.0
Educ6,-17.701570176647653,False,holt,0.0
Educ6,-18.89668752309621,False,holt,0.0
Educ6,-17.935860629054943,False,holt,0.0
Educ6,-17.225004816170408,False,holt,0.0
Educ6,-17.581581572700234,True,holt,0.0
Educ6,-17.37506587081309,True,holt,0.0
Educ6,-17.209853309303377,True,holt,0.0
Educ6,-17.077683260095604,True,holt,0.0
Educ6,-16.971947220729387,True,holt,0.0
Educ6,-16.887358389236415,True,holt,0.0
Educ6,-16.819687324042032,True,holt,0.0
Eth7_2.0,-31.797671199612036,False,bayesian_ridge,0.0
Eth7_2.0,-33.06700428508121,False,bayesian_ridge,0.0
Eth7_2.0,-32.56294362681774,False,bayesian_ridge,0.0
Eth7_2.0,-28.96676553194816,False,bayesian_ridge,0.0
Eth7_2.0,-23.2858364769183,False,bayesian_ridge,0.0
Eth7_2.0,-24.919737283100886,False,bayesian_ridge,0.0
Eth7_2.0,-17.39046810807202,False,bayesian_ridge,0.0
Eth7_2.0,-17.93694499172657,True,bayesian_ridge,3.0005416633320063
Eth7_2.0,-15.564380292817127,True,bayesian_ridge,3.286957254098466
Eth7_2.0,-13.191815593907684,True,bayesian_ridge,3.6062600941219376
Eth7_2.0,-10.819250894998241,True,bayesian_ridge,3.9504837554341012
Eth7_2.0,-8.446686196088802,True,bayesian_ridge,4.313666433180432
Eth7_2.0,-6.074121497179359,True,bayesian_ridge,4.691407086456364
Eth7_2.0,-3.701556798269916,True,bayesian_ridge,5.080459522943263
Eth7_2.0,-31.797671199612036,False,simple_exp,0.0
Eth7_2.0,-33.06700428508121,False,simple_exp,0.0
Eth7_2.0,-32.56294362681774,False,simple_exp,0.0
Eth7_2.0,-28.96676553194816,False,simple_exp,0.0
Eth7_2.0,-23.2858364769183,False,simple_exp,0.0
Eth7_2.0,-24.919737283100886,False,simple_exp,0.0
Eth7_2.0,-17.39046810807202,False,simple_exp,0.0
Eth7_2.0,-17.390468220266875,True,simple_exp,0.0
Eth7_2.0,-17.390468220266875,True,simple_exp,0.0
Eth7_2.0,-17.390468220266875,True,simple_exp,0.0
Eth7_2.0,-17.390468220266875,True,simple_exp,0.0
Eth7_2.0,-17.390468220266875,True,simple_exp,0.0
Eth7_2.0,-17.390468220266875,True,simple_exp,0.0
Eth7_2.0,-17.390468220266875,True,simple_exp,0.0
Eth7_2.0,-31.797671199612036,False,exp,0.0
Eth7_2.0,-33.06700428508121,False,exp,0.0
Eth7_2.0,-32.56294362681774,False,exp,0.0
Eth7_2.0,-28.96676553194816,False,exp,0.0
Eth7_2.0,-23.2858364769183,False,exp,0.0
Eth7_2.0,-24.919737283100886,False,exp,0.0
Eth7_2.0,-17.39046810807202,False,exp,0.0
Eth7_2.0,-17.390468220266875,True,exp,0.0
Eth7_2.0,-17.390468220266875,True,exp,0.0
Eth7_2.0,-17.390468220266875,True,exp,0.0
Eth7_2.0,-17.390468220266875,True,exp,0.0
Eth7_2.0,-17.390468220266875,True,exp,0.0
Eth7_2.0,-17.390468220266875,True,exp,0.0
Eth7_2.0,-17.390468220266875,True,exp,0.0
Eth7_2.0,-31.797671199612036,False,holt,0.0
Eth7_2.0,-33.06700428508121,False,holt,0.0
Eth7_2.0,-32.56294362681774,False,holt,0.0
Eth7_2.0,-28.96676553194816,False,holt,0.0
Eth7_2.0,-23.2858364769183,False,holt,0.0
Eth7_2.0,-24.919737283100886,False,holt,0.0
Eth7_2.0,-17.39046810807202,False,holt,0.0
Eth7_2.0,-14.693463650072859,True,holt,0.0
Eth7_2.0,-10.686474468986754,True,holt,0.0
Eth7_2.0,-6.69952023380608,True,holt,0.0
Eth7_2.0,-2.732500769801309,True,holt,0.0
Eth7_2.0,1.214683596883436,True,holt,0.0
Eth7_2.0,5.142132041734762,True,holt,0.0
Eth7_2.0,9.049943244361828,True,holt,0.0
Eth7_3.0,-61.27535754196367,False,bayesian_ridge,0.0
Eth7_3.0,-56.75639132410475,False,bayesian_ridge,0.0
Eth7_3.0,-65.9032525189674,False,bayesian_ridge,0.0
Eth7_3.0,-67.62827188331566,False,bayesian_ridge,0.0
Eth7_3.0,-60.71353439529143,False,bayesian_ridge,0.0
Eth7_3.0,-57.04679346919696,False,bayesian_ridge,0.0
Eth7_3.0,-58.91183410773704,False,bayesian_ridge,0.0
Eth7_3.0,-61.17257509486692,True,bayesian_ridge,3.892600172455156
Eth7_3.0,-61.171596181420185,True,bayesian_ridge,3.894063586584854
Eth7_3.0,-61.170617267973455,True,bayesian_ridge,3.8958514573374488
Eth7_3.0,-61.16963835452672,True,bayesian_ridge,3.8979633382594288
Eth7_3.0,-61.16865944107999,True,bayesian_ridge,3.900398703042408
Eth7_3.0,-61.16768052763325,True,bayesian_ridge,3.9031569461756526
Eth7_3.0,-61.16670161418652,True,bayesian_ridge,3.9062373836938837
Eth7_3.0,-61.27535754196367,False,simple_exp,0.0
Eth7_3.0,-56.75639132410475,False,simple_exp,0.0
Eth7_3.0,-65.9032525189674,False,simple_exp,0.0
Eth7_3.0,-67.62827188331566,False,simple_exp,0.0
Eth7_3.0,-60.71353439529143,False,simple_exp,0.0
Eth7_3.0,-57.04679346919696,False,simple_exp,0.0
Eth7_3.0,-58.91183410773704,False,simple_exp,0.0
Eth7_3.0,-61.27535753165106,True,simple_exp,0.0
Eth7_3.0,-61.27535753165106,True,simple_exp,0.0
Eth7_3.0,-61.27535753165106,True,simple_exp,0.0
Eth7_3.0,-61.27535753165106,True,simple_exp,0.0
Eth7_3.0,-61.27535753165106,True,simple_exp,0.0
Eth7_3.0,-61.27535753165106,True,simple_exp,0.0
Eth7_3.0,-61.27535753165106,True,simple_exp,0.0
Eth7_3.0,-61.27535754196367,False,exp,0.0
Eth7_3.0,-56.75639132410475,False,exp,0.0
Eth7_3.0,-65.9032525189674,False,exp,0.0
Eth7_3.0,-67.62827188331566,False,exp,0.0
Eth7_3.0,-60.71353439529143,False,exp,0.0
Eth7_3.0,-57.04679346919696,False,exp,0.0
Eth7_3.0,-58.91183410773704,False,exp,0.0
Eth7_3.0,-61.176490868838314,True,exp,0.0
Eth7_3.0,-61.176490868838314,True,exp,0.0
Eth7_3.0,-61.176490868838314,True,exp,0.0
Eth7_3.0,-61.176490868838314,True,exp,0.0
Eth7_3.0,-61.176490868838314,True,exp,0.0
Eth7_3.0,-61.176490868838314,True,exp,0.0
Eth7_3.0,-61.176490868838314,True,exp,0.0
Eth7_3.0,-61.27535754196367,False,holt,0.0
Eth7_3.0,-56.75639132410475,False,holt,0.0
Eth7_3.0,-65.9032525189674,False,holt,0.0
Eth7_3.0,-67.62827188331566,False,holt,0.0
Eth7_3.0,-60.71353439529143,False,holt,0.0
Eth7_3.0,-57.04679346919696,False,holt,0.0
Eth7_3.0,-58.91183410773704,False,holt,0.0
Eth7_3.0,-58.15367734248678,True,holt,0.0
Eth7_3.0,-57.547151963817,True,holt,0.0
Eth7_3.0,-57.06193166088118,True,holt,0.0
Eth7_3.0,-56.67375541853252,True,holt,0.0
Eth7_3.0,-56.36321442465359,True,holt,0.0
Eth7_3.0,-56.11478162955046,True,holt,0.0
Eth7_3.0,-55.91603539346794,True,holt,0.0
Eth7_4.0,-56.256794191932144,False,bayesian_ridge,0.0
Eth7_4.0,-56.29616671062914,False,bayesian_ridge,0.0
Eth7_4.0,-54.27975038722468,False,bayesian_ridge,0.0
Eth7_4.0,-58.87123488918255,False,bayesian_ridge,0.0
Eth7_4.0,-58.60514954560468,False,bayesian_ridge,0.0
Eth7_4.0,-62.22988782253851,False,bayesian_ridge,0.0
Eth7_4.0,-55.22855327218239,False,bayesian_ridge,0.0
Eth7_4.0,-57.464146926839575,True,bayesian_ridge,2.524590269840436
Eth7_4.0,-57.48134305786039,True,bayesian_ridge,2.539145604976134
Eth7_4.0,-57.49853918888122,True,bayesian_ridge,2.5568229358824133
Eth7_4.0,-57.515735319902035,True,bayesian_ridge,2.57755802982731
Eth7_4.0,-57.53293145092285,True,bayesian_ridge,2.601277766461756
Eth7_4.0,-57.55012758194368,True,bayesian_ridge,2.627901327854114
Eth7_4.0,-57.567323712964495,True,bayesian_ridge,2.657341436299578
Eth7_4.0,-56.256794191932144,False,simple_exp,0.0
Eth7_4.0,-56.29616671062914,False,simple_exp,0.0
Eth7_4.0,-54.27975038722468,False,simple_exp,0.0
Eth7_4.0,-58.87123488918255,False,simple_exp,0.0
Eth7_4.0,-58.60514954560468,False,simple_exp,0.0
Eth7_4.0,-62.22988782253851,False,simple_exp,0.0
Eth7_4.0,-55.22855327218239,False,simple_exp,0.0
Eth7_4.0,-56.82402144526449,True,simple_exp,0.0
Eth7_4.0,-56.82402144526449,True,simple_exp,0.0
Eth7_4.0,-56.82402144526449,True,simple_exp,0.0
Eth7_4.0,-56.82402144526449,True,simple_exp,0.0
Eth7_4.0,-56.82402144526449,True,simple_exp,0.0
Eth7_4.0,-56.82402144526449,True,simple_exp,0.0
Eth7_4.0,-56.82402144526449,True,simple_exp,0.0
Eth7_4.0,-56.256794191932144,False,exp,0.0
Eth7_4.0,-56.29616671062914,False,exp,0.0
Eth7_4.0,-54.27975038722468,False,exp,0.0
Eth7_4.0,-58.87123488918255,False,exp,0.0
Eth7_4.0,-58.60514954560468,False,exp,0.0
Eth7_4.0,-62.22988782253851,False,exp,0.0
Eth7_4.0,-55.22855327218239,False,exp,0.0
Eth7_4.0,-57.395362450194455,True,exp,0.0
Eth7_4.0,-57.395362450194455,True,exp,0.0
Eth7_4.0,-57.395362450194455,True,exp,0.0
Eth7_4.0,-57.395362450194455,True,exp,0.0
Eth7_4.0,-57.395362450194455,True,exp,0.0
Eth7_4.0,-57.395362450194455,True,exp,0.0
Eth7_4.0,-57.395362450194455,True,exp,0.0
Eth7_4.0,-56.256794191932144,False,holt,0.0
Eth7_4.0,-56.29616671062914,False,holt,0.0
Eth7_4.0,-54.27975038722468,False,holt,0.0
Eth7_4.0,-58.87123488918255,False,holt,0.0
Eth7_4.0,-58.60514954560468,False,holt,0.0
Eth7_4.0,-62.22988782253851,False,holt,0.0
Eth7_4.0,-55.22855327218239,False,holt,0.0
Eth7_4.0,-56.564769455984,True,holt,0.0
Eth7_4.0,-56.60240523628014,True,holt,0.0
Eth7_4.0,-56.6398528376748,True,holt,0.0
Eth7_4.0,-56.6771132010625,True,holt,0.0
Eth7_4.0,-56.714187262633246,True,holt,0.0
Eth7_4.0,-56.75107595389614,True,holt,0.0
Eth7_4.0,-56.787780201702724,True,holt,0.0
Eth7_5.0,-64.7417338352921,False,bayesian_ridge,0.0
Eth7_5.0,-40.10525365937132,False,bayesian_ridge,0.0
Eth7_5.0,-50.66648585882126,False,bayesian_ridge,0.0
Eth7_5.0,-54.667392912716885,False,bayesian_ridge,0.0
Eth7_5.0,-62.070901359274686,False,bayesian_ridge,0.0
Eth7_5.0,-54.25807333448345,False,bayesian_ridge,0.0
Eth7_5.0,-59.54662808838431,False,bayesian_ridge,0.0
Eth7_5.0,-55.155183700931296,True,bayesian_ridge,7.6252582245355915
Eth7_5.0,-55.15624858872326,True,bayesian_ridge,7.626771641538112
Eth7_5.0,-55.15731347651523,True,bayesian_ridge,7.628620965694292
Eth7_5.0,-55.15837836430719,True,bayesian_ridge,7.630805952783058
Eth7_5.0,-55.15944325209916,True,bayesian_ridge,7.633326314560808
Eth7_5.0,-55.16050813989112,True,bayesian_ridge,7.63618171895103
Eth7_5.0,-55.16157302768308,True,bayesian_ridge,7.639371790262312
Eth7_5.0,-64.7417338352921,False,simple_exp,0.0
Eth7_5.0,-40.10525365937132,False,simple_exp,0.0
Eth7_5.0,-50.66648585882126,False,simple_exp,0.0
Eth7_5.0,-54.667392912716885,False,simple_exp,0.0
Eth7_5.0,-62.070901359274686,False,simple_exp,0.0
Eth7_5.0,-54.25807333448345,False,simple_exp,0.0
Eth7_5.0,-59.54662808838431,False,simple_exp,0.0
Eth7_5.0,-57.3218167069372,True,simple_exp,0.0
Eth7_5.0,-57.3218167069372,True,simple_exp,0.0
Eth7_5.0,-57.3218167069372,True,simple_exp,0.0
Eth7_5.0,-57.3218167069372,True,simple_exp,0.0
Eth7_5.0,-57.3218167069372,True,simple_exp,0.0
Eth7_5.0,-57.3218167069372,True,simple_exp,0.0
Eth7_5.0,-57.3218167069372,True,simple_exp,0.0
Eth7_5.0,-64.7417338352921,False,exp,0.0
Eth7_5.0,-40.10525365937132,False,exp,0.0
Eth7_5.0,-50.66648585882126,False,exp,0.0
Eth7_5.0,-54.667392912716885,False,exp,0.0
Eth7_5.0,-62.070901359274686,False,exp,0.0
Eth7_5.0,-54.25807333448345,False,exp,0.0
Eth7_5.0,-59.54662808838431,False,exp,0.0
Eth7_5.0,-55.15092418242661,True,exp,0.0
Eth7_5.0,-55.15092418242661,True,exp,0.0
Eth7_5.0,-55.15092418242661,True,exp,0.0
Eth7_5.0,-55.15092418242661,True,exp,0.0
Eth7_5.0,-55.15092418242661,True,exp,0.0
Eth7_5.0,-55.15092418242661,True,exp,0.0
Eth7_5.0,-55.15092418242661,True,exp,0.0
Eth7_5.0,-64.7417338352921,False,holt,0.0
Eth7_5.0,-40.10525365937132,False,holt,0.0
Eth7_5.0,-50.66648585882126,False,holt,0.0
Eth7_5.0,-54.667392912716885,False,holt,0.0
Eth7_5.0,-62.070901359274686,False,holt,0.0
Eth7_5.0,-54.25807333448345,False,holt,0.0
Eth7_5.0,-59.54662808838431,False,holt,0.0
Eth7_5.0,-60.11381320061601,True,holt,0.0
Eth7_5.0,-60.89621509958805,True,holt,0.0
Eth7_5.0,-61.522136618765686,True,holt,0.0
Eth7_5.0,-62.0228738341078,True,holt,0.0
Eth7_5.0,-62.42346360638148,True,holt,0.0
Eth7_5.0,-62.74393542420043,True,holt,0.0
Eth7_5.0,-63.00031287845559,True,holt,0.0
Eth7_6.0,-2.144349119109079,False,bayesian_ridge,0.0
Eth7_6.0,-13.303246776573886,False,bayesian_ridge,0.0
Eth7_6.0,-28.200077183963256,False,bayesian_ridge,0.0
Eth7_6.0,-17.325396236105885,False,bayesian_ridge,0.0
Eth7_6.0,-1.3470805687057277,False,bayesian_ridge,0.0
Eth7_6.0,-11.572071349274903,False,bayesian_ridge,0.0
Eth7_6.0,-31.62450518829446,False,bayesian_ridge,0.0
Eth7_6.0,-15.428850058893287,True,bayesian_ridge,10.935471252481525
Eth7_6.0,-15.517608058544209,True,bayesian_ridge,11.008578616737777
Eth7_6.0,-15.60636605819513,True,bayesian_ridge,11.097278027444268
Eth7_6.0,-15.695124057846051,True,bayesian_ridge,11.201199082524749
Eth7_6.0,-15.783882057496974,True,bayesian_ridge,11.31992256885019
Eth7_6.0,-15.872640057147896,True,bayesian_ridge,11.452988162642502
Eth7_6.0,-15.961398056798817,True,bayesian_ridge,11.599902307905417
Eth7_6.0,-2.144349119109079,False,simple_exp,0.0
Eth7_6.0,-13.303246776573886,False,simple_exp,0.0
Eth7_6.0,-28.200077183963256,False,simple_exp,0.0
Eth7_6.0,-17.325396236105885,False,simple_exp,0.0
Eth7_6.0,-1.3470805687057277,False,simple_exp,0.0
Eth7_6.0,-11.572071349274903,False,simple_exp,0.0
Eth7_6.0,-31.62450518829446,False,simple_exp,0.0
Eth7_6.0,-31.62450488948991,True,simple_exp,0.0
Eth7_6.0,-31.62450488948991,True,simple_exp,0.0
Eth7_6.0,-31.62450488948991,True,simple_exp,0.0
Eth7_6.0,-31.62450488948991,True,simple_exp,0.0
Eth7_6.0,-31.62450488948991,True,simple_exp,0.0
Eth7_6.0,-31.62450488948991,True,simple_exp,0.0
Eth7_6.0,-31.62450488948991,True,simple_exp,0.0
Eth7_6.0,-2.144349119109079,False,exp,0.0
Eth7_6.0,-13.303246776573886,False,exp,0.0
Eth7_6.0,-28.200077183963256,False,exp,0.0
Eth7_6.0,-17.325396236105885,False,exp,0.0
Eth7_6.0,-1.3470805687057277,False,exp,0.0
Eth7_6.0,-11.572071349274903,False,exp,0.0
Eth7_6.0,-31.62450518829446,False,exp,0.0
Eth7_6.0,-31.62450488948991,True,exp,0.0
Eth7_6.0,-31.62450488948991,True,exp,0.0
Eth7_6.0,-31.62450488948991,True,exp,0.0
Eth7_6.0,-31.62450488948991,True,exp,0.0
Eth7_6.0,-31.62450488948991,True,exp,0.0
Eth7_6.0,-31.62450488948991,True,exp,0.0
Eth7_6.0,-31.62450488948991,True,exp,0.0
Eth7_6.0,-2.144349119109079,False,holt,0.0
Eth7_6.0,-13.303246776573886,False,holt,0.0
Eth7_6.0,-28.200077183963256,False,holt,0.0
Eth7_6.0,-17.325396236105885,False,holt,0.0
Eth7_6.0,-1.3470805687057277,False,holt,0.0
Eth7_6.0,-11.572071349274903,False,holt,0.0
Eth7_6.0,-31.62450518829446,False,holt,0.0
Eth7_6.0,-33.49665728757328,True,holt,0.0
Eth7_6.0,-34.99437917814272,True,holt,0.0
Eth7_6.0,-36.19255669059828,True,holt,0.0
Eth7_6.0,-37.151098700562734,True,holt,0.0
Eth7_6.0,-37.91793230853429,True,holt,0.0
Eth7_6.0,-38.531399194911536,True,holt,0.0
Eth7_6.0,-39.022172704013336,True,holt,0.0
Eth7_7.0,-42.17161824010218,False,bayesian_ridge,0.0
Eth7_7.0,-56.05612546596224,False,bayesian_ridge,0.0
Eth7_7.0,-53.65587794427834,False,bayesian_ridge,0.0
Eth7_7.0,-67.4514643128845,False,bayesian_ridge,0.0
Eth7_7.0,-48.35640837572448,False,bayesian_ridge,0.0
Eth7_7.0,-53.50953104666306,False,bayesian_ridge,0.0
Eth7_7.0,-48.69998989258379,False,bayesian_ridge,0.0
Eth7_7.0,-52.84440018950226,True,bayesian_ridge,7.331797245102599
Eth7_7.0,-52.844749691227875,True,bayesian_ridge,7.33305078875123
Eth7_7.0,-52.84509919295349,True,bayesian_ridge,7.334582606709928
Eth7_7.0,-52.845448694679106,True,bayesian_ridge,7.336392524670033
Eth7_7.0,-52.84579819640472,True,bayesian_ridge,7.33848033686489
Eth7_7.0,-52.84614769813034,True,bayesian_ridge,7.340845806186554
Eth7_7.0,-52.84649719985595,True,bayesian_ridge,7.343488664320017
Eth7_7.0,-42.17161824010218,False,simple_exp,0.0
Eth7_7.0,-56.05612546596224,False,simple_exp,0.0
Eth7_7.0,-53.65587794427834,False,simple_exp,0.0
Eth7_7.0,-67.4514643128845,False,simple_exp,0.0
Eth7_7.0,-48.35640837572448,False,simple_exp,0.0
Eth7_7.0,-53.50953104666306,False,simple_exp,0.0
Eth7_7.0,-48.69998989258379,False,simple_exp,0.0
Eth7_7.0,-51.12891812405928,True,simple_exp,0.0
Eth7_7.0,-51.12891812405928,True,simple_exp,0.0
Eth7_7.0,-51.12891812405928,True,simple_exp,0.0
Eth7_7.0,-51.12891812405928,True,simple_exp,0.0
Eth7_7.0,-51.12891812405928,True,simple_exp,0.0
Eth7_7.0,-51.12891812405928,True,simple_exp,0.0
Eth7_7.0,-51.12891812405928,True,simple_exp,0.0
Eth7_7.0,-42.17161824010218,False,exp,0.0
Eth7_7.0,-56.05612546596224,False,exp,0.0
Eth7_7.0,-53.65587794427834,False,exp,0.0
Eth7_7.0,-67.4514643128845,False,exp,0.0
Eth7_7.0,-48.35640837572448,False,exp,0.0
Eth7_7.0,-53.50953104666306,False,exp,0.0
Eth7_7.0,-48.69998989258379,False,exp,0.0
Eth7_7.0,-52.843002402523304,True,exp,0.0
Eth7_7.0,-52.843002402523304,True,exp,0.0
Eth7_7.0,-52.843002402523304,True,exp,0.0
Eth7_7.0,-52.843002402523304,True,exp,0.0
Eth7_7.0,-52.843002402523304,True,exp,0.0
Eth7_7.0,-52.843002402523304,True,exp,0.0
Eth7_7.0,-52.843002402523304,True,exp,0.0
Eth7_7.0,-42.17161824010218,False,holt,0.0
Eth7_7.0,-56.05612546596224,False,holt,0.0
Eth7_7.0,-53.65587794427834,False,holt,0.0
Eth7_7.0,-67.4514643128845,False,holt,0.0
Eth7_7.0,-48.35640837572448,False,holt,0.0
Eth7_7.0,-53.50953104666306,False,holt,0.0
Eth7_7.0,-48.69998989258379,False,holt,0.0
Eth7_7.0,-48.73891841691363,True,holt,0.0
Eth7_7.0,-46.93163652767631,True,holt,0.0
Eth7_7.0,-45.48581101628646,True,holt,0.0
Eth7_7.0,-44.329150607174576,True,holt,0.0
Eth7_7.0,-43.40382227988507,True,holt,0.0
Eth7_7.0,-42.66355961805347,True,holt,0.0
Eth7_7.0,-42.07134948858818,True,holt,0.0
Gend3_2.0,-4.384424548711485,False,bayesian_ridge,0.0
Gend3_2.0,-5.177712844793248,False,bayesian_ridge,0.0
Gend3_2.0,-2.006298288685904,False,bayesian_ridge,0.0
Gend3_2.0,8.723849752132695,False,bayesian_ridge,0.0
Gend3_2.0,3.847632916057697,False,bayesian_ridge,0.0
Gend3_2.0,-4.727272351156319,False,bayesian_ridge,0.0
Gend3_2.0,1.3522338491467778,False,bayesian_ridge,0.0
Gend3_2.0,-0.312508771190521,True,bayesian_ridge,4.853748361570559
Gend3_2.0,-0.305921981273516,True,bayesian_ridge,4.859721700577668
Gend3_2.0,-0.299335191356511,True,bayesian_ridge,4.8670124923859985
Gend3_2.0,-0.2927484014395059,True,bayesian_ridge,4.875614826806613
Gend3_2.0,-0.2861616115225009,True,bayesian_ridge,4.885521775826082
Gend3_2.0,-0.27957482160549585,True,bayesian_ridge,4.8967254210466455
Gend3_2.0,-0.27298803168849084,True,bayesian_ridge,4.9092168846504745
Gend3_2.0,-4.384424548711485,False,simple_exp,0.0
Gend3_2.0,-5.177712844793248,False,simple_exp,0.0
Gend3_2.0,-2.006298288685904,False,simple_exp,0.0
Gend3_2.0,8.723849752132695,False,simple_exp,0.0
Gend3_2.0,3.847632916057697,False,simple_exp,0.0
Gend3_2.0,-4.727272351156319,False,simple_exp,0.0
Gend3_2.0,1.3522338491467778,False,simple_exp,0.0
Gend3_2.0,0.04262042998397286,True,simple_exp,0.0
Gend3_2.0,0.04262042998397286,True,simple_exp,0.0
Gend3_2.0,0.04262042998397286,True,simple_exp,0.0
Gend3_2.0,0.04262042998397286,True,simple_exp,0.0
Gend3_2.0,0.04262042998397286,True,simple_exp,0.0
Gend3_2.0,0.04262042998397286,True,simple_exp,0.0
Gend3_2.0,0.04262042998397286,True,simple_exp,0.0
Gend3_2.0,-4.384424548711485,False,exp,0.0
Gend3_2.0,-5.177712844793248,False,exp,0.0
Gend3_2.0,-2.006298288685904,False,exp,0.0
Gend3_2.0,8.723849752132695,False,exp,0.0
Gend3_2.0,3.847632916057697,False,exp,0.0
Gend3_2.0,-4.727272351156319,False,exp,0.0
Gend3_2.0,1.3522338491467778,False,exp,0.0
Gend3_2.0,-0.33885590168101587,True,exp,0.0
Gend3_2.0,-0.33885590168101587,True,exp,0.0
Gend3_2.0,-0.33885590168101587,True,exp,0.0
Gend3_2.0,-0.33885590168101587,True,exp,0.0
Gend3_2.0,-0.33885590168101587,True,exp,0.0
Gend3_2.0,-0.33885590168101587,True,exp,0.0
Gend3_2.0,-0.33885590168101587,True,exp,0.0
Gend3_2.0,-4.384424548711485,False,holt,0.0
Gend3_2.0,-5.177712844793248,False,holt,0.0
Gend3_2.0,-2.006298288685904,False,holt,0.0
Gend3_2.0,8.723849752132695,False,holt,0.0
Gend3_2.0,3.847632916057697,False,holt,0.0
Gend3_2.0,-4.727272351156319,False,holt,0.0
Gend3_2.0,1.3522338491467778,False,holt,0.0
Gend3_2.0,-0.034731086549765366,True,holt,0.0
Gend3_2.0,-0.141204439298851,True,holt,0.0
Gend3_2.0,-0.2263831214981195,True,holt,0.0
Gend3_2.0,-0.2945260672575344,True,holt,0.0
Gend3_2.0,-0.3490404238650662,True,holt,0.0
Gend3_2.0,-0.39265190915109166,True,holt,0.0
Gend3_2.0,-0.4275410973799121,True,holt,0.0
Gend3_3.0,290.13065416229165,False,bayesian_ridge,0.0
Gend3_3.0,-22.552267071527822,False,bayesian_ridge,0.0
Gend3_3.0,38.47620764147721,False,bayesian_ridge,0.0
Gend3_3.0,-22.79605201535403,False,bayesian_ridge,0.0
Gend3_3.0,38.90365989676494,False,bayesian_ridge,0.0
Gend3_3.0,3.882557772815965,False,bayesian_ridge,0.0
Gend3_3.0,-27.19031231208379,True,bayesian_ridge,115.01274148177893
Gend3_3.0,-50.48491394346334,True,bayesian_ridge,125.9046499881762
Gend3_3.0,-73.77951557484289,True,bayesian_ridge,138.31863077875107
Gend3_3.0,-97.07411720622244,True,bayesian_ridge,151.8819242001642
Gend3_3.0,-120.36871883760199,True,bayesian_ridge,166.31357949173318
Gend3_3.0,-143.66332046898157,True,bayesian_ridge,181.40646927365725
Gend3_3.0,290.13065416229165,False,simple_exp,0.0
Gend3_3.0,-22.552267071527822,False,simple_exp,0.0
Gend3_3.0,38.47620764147721,False,simple_exp,0.0
Gend3_3.0,-22.79605201535403,False,simple_exp,0.0
Gend3_3.0,38.90365989676494,False,simple_exp,0.0
Gend3_3.0,3.882557772815965,False,simple_exp,0.0
Gend3_3.0,8.927832252833813,True,simple_exp,0.0
Gend3_3.0,8.927832252833813,True,simple_exp,0.0
Gend3_3.0,8.927832252833813,True,simple_exp,0.0
Gend3_3.0,8.927832252833813,True,simple_exp,0.0
Gend3_3.0,8.927832252833813,True,simple_exp,0.0
Gend3_3.0,8.927832252833813,True,simple_exp,0.0
Gend3_3.0,290.13065416229165,False,exp,0.0
Gend3_3.0,-22.552267071527822,False,exp,0.0
Gend3_3.0,38.47620764147721,False,exp,0.0
Gend3_3.0,-22.79605201535403,False,exp,0.0
Gend3_3.0,38.90365989676494,False,exp,0.0
Gend3_3.0,3.882557772815965,False,exp,0.0
Gend3_3.0,54.34079276396806,True,exp,0.0
Gend3_3.0,54.34079276396806,True,exp,0.0
Gend3_3.0,54.34079276396806,True,exp,0.0
Gend3_3.0,54.34079276396806,True,exp,0.0
Gend3_3.0,54.34079276396806,True,exp,0.0
Gend3_3.0,54.34079276396806,True,exp,0.0
Gend3_3.0,290.13065416229165,False,holt,0.0
Gend3_3.0,-22.552267071527822,False,holt,0.0
Gend3_3.0,38.47620764147721,False,holt,0.0
Gend3_3.0,-22.79605201535403,False,holt,0.0
Gend3_3.0,38.90365989676494,False,holt,0.0
Gend3_3.0,3.882557772815965,False,holt,0.0
Gend3_3.0,12.696737617757313,True,holt,0.0
Gend3_3.0,18.813515927711297,True,holt,0.0
Gend3_3.0,23.70693857567449,True,holt,0.0
Gend3_3.0,27.621676694045043,True,holt,0.0
Gend3_3.0,30.75346718874148,True,holt,0.0
Gend3_3.0,33.258899584498636,True,holt,0.0
HHLiv12_10.0,-2.821623411655028,False,bayesian_ridge,0.0
HHLiv12_10.0,7.07312127186166,False,bayesian_ridge,0.0
HHLiv12_10.0,6.267969921263039,False,bayesian_ridge,0.0
HHLiv12_10.0,-10.78285606166528,False,bayesian_ridge,0.0
HHLiv12_10.0,-2.147667979380885,False,bayesian_ridge,0.0
HHLiv12_10.0,-34.147196295291096,False,bayesian_ridge,0.0
HHLiv12_10.0,-6.329355680191384,False,bayesian_ridge,0.0
HHLiv12_10.0,-15.384815544727235,True,bayesian_ridge,13.445148619682843
HHLiv12_10.0,-17.699319136799797,True,bayesian_ridge,14.421431444239364
HHLiv12_10.0,-20.01382272887236,True,bayesian_ridge,15.531550192927954
HHLiv12_10.0,-22.328326320944917,True,bayesian_ridge,16.748914021183374
HHLiv12_10.0,-24.64282991301748,True,bayesian_ridge,18.051839058155643
HHLiv12_10.0,-26.95733350509004,True,bayesian_ridge,19.42311429387992
HHLiv12_10.0,-29.2718370971626,True,bayesian_ridge,20.849257717331312
HHLiv12_10.0,-2.821623411655028,False,simple_exp,0.0
HHLiv12_10.0,7.07312127186166,False,simple_exp,0.0
HHLiv12_10.0,6.267969921263039,False,simple_exp,0.0
HHLiv12_10.0,-10.78285606166528,False,simple_exp,0.0
HHLiv12_10.0,-2.147667979380885,False,simple_exp,0.0
HHLiv12_10.0,-34.147196295291096,False,simple_exp,0.0
HHLiv12_10.0,-6.329355680191384,False,simple_exp,0.0
HHLiv12_10.0,-2.8216237564119413,True,simple_exp,0.0
HHLiv12_10.0,-2.8216237564119413,True,simple_exp,0.0
HHLiv12_10.0,-2.8216237564119413,True,simple_exp,0.0
HHLiv12_10.0,-2.8216237564119413,True,simple_exp,0.0
HHLiv12_10.0,-2.8216237564119413,True,simple_exp,0.0
HHLiv12_10.0,-2.8216237564119413,True,simple_exp,0.0
HHLiv12_10.0,-2.8216237564119413,True,simple_exp,0.0
HHLiv12_10.0,-2.821623411655028,False,exp,0.0
HHLiv12_10.0,7.07312127186166,False,exp,0.0
HHLiv12_10.0,6.267969921263039,False,exp,0.0
HHLiv12_10.0,-10.78285606166528,False,exp,0.0
HHLiv12_10.0,-2.147667979380885,False,exp,0.0
HHLiv12_10.0,-34.147196295291096,False,exp,0.0
HHLiv12_10.0,-6.329355680191384,False,exp,0.0
HHLiv12_10.0,-6.126801891460358,True,exp,0.0
HHLiv12_10.0,-6.126801891460358,True,exp,0.0
HHLiv12_10.0,-6.126801891460358,True,exp,0.0
HHLiv12_10.0,-6.126801891460358,True,exp,0.0
HHLiv12_10.0,-6.126801891460358,True,exp,0.0
HHLiv12_10.0,-6.126801891460358,True,exp,0.0
HHLiv12_10.0,-6.126801891460358,True,exp,0.0
HHLiv12_10.0,-2.821623411655028,False,holt,0.0
HHLiv12_10.0,7.07312127186166,False,holt,0.0
HHLiv12_10.0,6.267969921263039,False,holt,0.0
HHLiv12_10.0,-10.78285606166528,False,holt,0.0
HHLiv12_10.0,-2.147667979380885,False,holt,0.0
HHLiv12_10.0,-34.147196295291096,False,holt,0.0
HHLiv12_10.0,-6.329355680191384,False,holt,0.0
HHLiv12_10.0,-18.26680585669926,True,holt,0.0
HHLiv12_10.0,-20.030446987595827,True,holt,0.0
HHLiv12_10.0,-21.44135989231308,True,holt,0.0
HHLiv12_10.0,-22.570090216086886,True,holt,0.0
HHLiv12_10.0,-23.47307447510593,True,holt,0.0
HHLiv12_10.0,-24.195461882321162,True,holt,0.0
HHLiv12_10.0,-24.77337180809335,True,holt,0.0
HHLiv12_11.0,-15.376039565849942,False,bayesian_ridge,0.0
HHLiv12_11.0,-33.73162720342749,False,bayesian_ridge,0.0
HHLiv12_11.0,5.524009484381565,False,bayesian_ridge,0.0
HHLiv12_11.0,-20.092619849081483,False,bayesian_ridge,0.0
HHLiv12_11.0,-19.3705882208152,False,bayesian_ridge,0.0
HHLiv12_11.0,-27.841229872951978,False,bayesian_ridge,0.0
HHLiv12_11.0,-28.341774592949285,False,bayesian_ridge,0.0
HHLiv12_11.0,-19.899895332452367,True,bayesian_ridge,11.913247579790813
HHLiv12_11.0,-19.902373814826394,True,bayesian_ridge,11.91580002084452
HHLiv12_11.0,-19.90485229720042,True,bayesian_ridge,11.918918928716542
HHLiv12_11.0,-19.907330779574448,True,bayesian_ridge,11.922603858850183
HHLiv12_11.0,-19.909809261948475,True,bayesian_ridge,11.926854286609426
HHLiv12_11.0,-19.912287744322498,True,bayesian_ridge,11.931669607651337
HHLiv12_11.0,-19.914766226696525,True,bayesian_ridge,11.93704913835409
HHLiv12_11.0,-15.376039565849942,False,simple_exp,0.0
HHLiv12_11.0,-33.73162720342749,False,simple_exp,0.0
HHLiv12_11.0,5.524009484381565,False,simple_exp,0.0
HHLiv12_11.0,-20.092619849081483,False,simple_exp,0.0
HHLiv12_11.0,-19.3705882208152,False,simple_exp,0.0
HHLiv12_11.0,-27.841229872951978,False,simple_exp,0.0
HHLiv12_11.0,-28.341774592949285,False,simple_exp,0.0
HHLiv12_11.0,-15.376040036690757,True,simple_exp,0.0
HHLiv12_11.0,-15.376040036690757,True,simple_exp,0.0
HHLiv12_11.0,-15.376040036690757,True,simple_exp,0.0
HHLiv12_11.0,-15.376040036690757,True,simple_exp,0.0
HHLiv12_11.0,-15.376040036690757,True,simple_exp,0.0
HHLiv12_11.0,-15.376040036690757,True,simple_exp,0.0
HHLiv12_11.0,-15.376040036690757,True,simple_exp,0.0
HHLiv12_11.0,-15.376039565849942,False,exp,0.0
HHLiv12_11.0,-33.73162720342749,False,exp,0.0
HHLiv12_11.0,5.524009484381565,False,exp,0.0
HHLiv12_11.0,-20.092619849081483,False,exp,0.0
HHLiv12_11.0,-19.3705882208152,False,exp,0.0
HHLiv12_11.0,-27.841229872951978,False,exp,0.0
HHLiv12_11.0,-28.341774592949285,False,exp,0.0
HHLiv12_11.0,-19.88998130746752,True,exp,0.0
HHLiv12_11.0,-19.88998130746752,True,exp,0.0
HHLiv12_11.0,-19.88998130746752,True,exp,0.0
HHLiv12_11.0,-19.88998130746752,True,exp,0.0
HHLiv12_11.0,-19.88998130746752,True,exp,0.0
HHLiv12_11.0,-19.88998130746752,True,exp,0.0
HHLiv12_11.0,-19.88998130746752,True,exp,0.0
HHLiv12_11.0,-15.376039565849942,False,holt,0.0
HHLiv12_11.0,-33.73162720342749,False,holt,0.0
HHLiv12_11.0,5.524009484381565,False,holt,0.0
HHLiv12_11.0,-20.092619849081483,False,holt,0.0
HHLiv12_11.0,-19.3705882208152,False,holt,0.0
HHLiv12_11.0,-27.841229872951978,False,holt,0.0
HHLiv12_11.0,-28.341774592949285,False,holt,0.0
HHLiv12_11.0,-28.640724723989525,True,holt,0.0
HHLiv12_11.0,-29.958643568071647,True,holt,0.0
HHLiv12_11.0,-31.012978643337345,True,holt,0.0
HHLiv12_11.0,-31.856446703549903,True,holt,0.0
HHLiv12_11.0,-32.53122115171995,True,holt,0.0
HHLiv12_11.0,-33.071040710255986,True,holt,0.0
HHLiv12_11.0,-33.502896357084815,True,holt,0.0
HHLiv12_12.0,-50.56553414932956,False,bayesian_ridge,0.0
HHLiv12_12.0,-21.999616337813976,False,bayesian_ridge,0.0
HHLiv12_12.0,-25.010295676196247,False,bayesian_ridge,0.0
HHLiv12_12.0,-50.06491478931893,False,bayesian_ridge,0.0
HHLiv12_12.0,-40.60619606778916,False,bayesian_ridge,0.0
HHLiv12_12.0,-41.44692151981688,False,bayesian_ridge,0.0
HHLiv12_12.0,-44.91172318707171,False,bayesian_ridge,0.0
HHLiv12_12.0,-39.23438235765866,True,bayesian_ridge,10.586389691649442
HHLiv12_12.0,-39.23564931395417,True,bayesian_ridge,10.58799695352583
HHLiv12_12.0,-39.23691627024967,True,bayesian_ridge,10.589961053434667
HHLiv12_12.0,-39.23818322654518,True,bayesian_ridge,10.592281792873246
HHLiv12_12.0,-39.239450182840685,True,bayesian_ridge,10.594958937484618
HHLiv12_12.0,-39.240717139136194,True,bayesian_ridge,10.59799221717569
HHLiv12_12.0,-39.241984095431704,True,bayesian_ridge,10.6013813262531
HHLiv12_12.0,-50.56553414932956,False,simple_exp,0.0
HHLiv12_12.0,-21.999616337813976,False,simple_exp,0.0
HHLiv12_12.0,-25.010295676196247,False,simple_exp,0.0
HHLiv12_12.0,-50.06491478931893,False,simple_exp,0.0
HHLiv12_12.0,-40.60619606778916,False,simple_exp,0.0
HHLiv12_12.0,-41.44692151981688,False,simple_exp,0.0
HHLiv12_12.0,-44.91172318707171,False,simple_exp,0.0
HHLiv12_12.0,-42.17397559596806,True,simple_exp,0.0
HHLiv12_12.0,-42.17397559596806,True,simple_exp,0.0
HHLiv12_12.0,-42.17397559596806,True,simple_exp,0.0
HHLiv12_12.0,-42.17397559596806,True,simple_exp,0.0
HHLiv12_12.0,-42.17397559596806,True,simple_exp,0.0
HHLiv12_12.0,-42.17397559596806,True,simple_exp,0.0
HHLiv12_12.0,-42.17397559596806,True,simple_exp,0.0
HHLiv12_12.0,-50.56553414932956,False,exp,0.0
HHLiv12_12.0,-21.999616337813976,False,exp,0.0
HHLiv12_12.0,-25.010295676196247,False,exp,0.0
HHLiv12_12.0,-50.06491478931893,False,exp,0.0
HHLiv12_12.0,-40.60619606778916,False,exp,0.0
HHLiv12_12.0,-41.44692151981688,False,exp,0.0
HHLiv12_12.0,-44.91172318707171,False,exp,0.0
HHLiv12_12.0,-39.229314961163276,True,exp,0.0
HHLiv12_12.0,-39.229314961163276,True,exp,0.0
HHLiv12_12.0,-39.229314961163276,True,exp,0.0
HHLiv12_12.0,-39.229314961163276,True,exp,0.0
HHLiv12_12.0,-39.229314961163276,True,exp,0.0
HHLiv12_12.0,-39.229314961163276,True,exp,0.0
HHLiv12_12.0,-39.229314961163276,True,exp,0.0
HHLiv12_12.0,-50.56553414932956,False,holt,0.0
HHLiv12_12.0,-21.999616337813976,False,holt,0.0
HHLiv12_12.0,-25.010295676196247,False,holt,0.0
HHLiv12_12.0,-50.06491478931893,False,holt,0.0
HHLiv12_12.0,-40.60619606778916,False,holt,0.0
HHLiv12_12.0,-41.44692151981688,False,holt,0.0
HHLiv12_12.0,-44.91172318707171,False,holt,0.0
HHLiv12_12.0,-46.557533033874705,True,holt,0.0
HHLiv12_12.0,-47.80911324361776,True,holt,0.0
HHLiv12_12.0,-48.810377411412205,True,holt,0.0
HHLiv12_12.0,-49.61138874564776,True,holt,0.0
HHLiv12_12.0,-50.252197813036204,True,holt,0.0
HHLiv12_12.0,-50.76484506694696,True,holt,0.0
HHLiv12_12.0,-51.17496287007556,True,holt,0.0
HHLiv12_2.0,36.75863398431656,False,bayesian_ridge,0.0
HHLiv12_2.0,16.453463080041743,False,bayesian_ridge,0.0
HHLiv12_2.0,38.85606407133246,False,bayesian_ridge,0.0
HHLiv12_2.0,24.850620117645207,False,bayesian_ridge,0.0
HHLiv12_2.0,5.932073283675177,False,bayesian_ridge,0.0
HHLiv12_2.0,-2.6973341532383954,False,bayesian_ridge,0.0
HHLiv12_2.0,30.394389585962145,False,bayesian_ridge,0.0
HHLiv12_2.0,17.36745874474534,True,bayesian_ridge,15.29723576713149
HHLiv12_2.0,16.332612360583997,True,bayesian_ridge,15.949847985092616
HHLiv12_2.0,15.297765976422657,True,bayesian_ridge,16.712913741854376
HHLiv12_2.0,14.262919592261316,True,bayesian_ridge,17.572049598738115
HHLiv12_2.0,13.228073208099977,True,bayesian_ridge,18.513886000002962
HHLiv12_2.0,12.193226823938636,True,bayesian_ridge,19.526459712514317
HHLiv12_2.0,11.158380439777295,True,bayesian_ridge,20.599341964017434
HHLiv12_2.0,36.75863398431656,False,simple_exp,0.0
HHLiv12_2.0,16.453463080041743,False,simple_exp,0.0
HHLiv12_2.0,38.85606407133246,False,simple_exp,0.0
HHLiv12_2.0,24.850620117645207,False,simple_exp,0.0
HHLiv12_2.0,5.932073283675177,False,simple_exp,0.0
HHLiv12_2.0,-2.6973341532383954,False,simple_exp,0.0
HHLiv12_2.0,30.394389585962145,False,simple_exp,0.0
HHLiv12_2.0,18.935399392742706,True,simple_exp,0.0
HHLiv12_2.0,18.935399392742706,True,simple_exp,0.0
HHLiv12_2.0,18.935399392742706,True,simple_exp,0.0
HHLiv12_2.0,18.935399392742706,True,simple_exp,0.0
HHLiv12_2.0,18.935399392742706,True,simple_exp,0.0
HHLiv12_2.0,18.935399392742706,True,simple_exp,0.0
HHLiv12_2.0,18.935399392742706,True,simple_exp,0.0
HHLiv12_2.0,36.75863398431656,False,exp,0.0
HHLiv12_2.0,16.453463080041743,False,exp,0.0
HHLiv12_2.0,38.85606407133246,False,exp,0.0
HHLiv12_2.0,24.850620117645207,False,exp,0.0
HHLiv12_2.0,5.932073283675177,False,exp,0.0
HHLiv12_2.0,-2.6973341532383954,False,exp,0.0
HHLiv12_2.0,30.394389585962145,False,exp,0.0
HHLiv12_2.0,21.506843394385967,True,exp,0.0
HHLiv12_2.0,21.506843394385967,True,exp,0.0
HHLiv12_2.0,21.506843394385967,True,exp,0.0
HHLiv12_2.0,21.506843394385967,True,exp,0.0
HHLiv12_2.0,21.506843394385967,True,exp,0.0
HHLiv12_2.0,21.506843394385967,True,exp,0.0
HHLiv12_2.0,21.506843394385967,True,exp,0.0
HHLiv12_2.0,36.75863398431656,False,holt,0.0
HHLiv12_2.0,16.453463080041743,False,holt,0.0
HHLiv12_2.0,38.85606407133246,False,holt,0.0
HHLiv12_2.0,24.850620117645207,False,holt,0.0
HHLiv12_2.0,5.932073283675177,False,holt,0.0
HHLiv12_2.0,-2.6973341532383954,False,holt,0.0
HHLiv12_2.0,30.394389585962145,False,holt,0.0
HHLiv12_2.0,12.946654280814627,True,holt,0.0
HHLiv12_2.0,13.223388669472618,True,holt,0.0
HHLiv12_2.0,13.444776180399012,True,holt,0.0
HHLiv12_2.0,13.621886189140127,True,holt,0.0
HHLiv12_2.0,13.763574196133018,True,holt,0.0
HHLiv12_2.0,13.876924601727332,True,holt,0.0
HHLiv12_2.0,13.967604926202782,True,holt,0.0
HHLiv12_3.0,-37.29846028318426,False,bayesian_ridge,0.0
HHLiv12_3.0,-20.840140015048945,False,bayesian_ridge,0.0
HHLiv12_3.0,-28.8952165233084,False,bayesian_ridge,0.0
HHLiv12_3.0,-34.08672500684108,False,bayesian_ridge,0.0
HHLiv12_3.0,-6.937964695685784,False,bayesian_ridge,0.0
HHLiv12_3.0,-48.42447599734366,False,bayesian_ridge,0.0
HHLiv12_3.0,-24.07213814549314,False,bayesian_ridge,0.0
HHLiv12_3.0,-28.649404512120675,True,bayesian_ridge,12.245731176151931
HHLiv12_3.0,-28.64907275918994,True,bayesian_ridge,12.248555185282358
HHLiv12_3.0,-28.648741006259208,True,bayesian_ridge,12.252005868037255
HHLiv12_3.0,-28.648409253328474,True,bayesian_ridge,12.256082695099416
HHLiv12_3.0,-28.64807750039774,True,bayesian_ridge,12.26078504187213
HHLiv12_3.0,-28.647745747467006,True,bayesian_ridge,12.26611218895618
HHLiv12_3.0,-28.647413994536272,True,bayesian_ridge,12.272063322697916
HHLiv12_3.0,-37.29846028318426,False,simple_exp,0.0
HHLiv12_3.0,-20.840140015048945,False,simple_exp,0.0
HHLiv12_3.0,-28.8952165233084,False,simple_exp,0.0
HHLiv12_3.0,-34.08672500684108,False,simple_exp,0.0
HHLiv12_3.0,-6.937964695685784,False,simple_exp,0.0
HHLiv12_3.0,-48.42447599734366,False,simple_exp,0.0
HHLiv12_3.0,-24.07213814549314,False,simple_exp,0.0
HHLiv12_3.0,-31.772132735228954,True,simple_exp,0.0
HHLiv12_3.0,-31.772132735228954,True,simple_exp,0.0
HHLiv12_3.0,-31.772132735228954,True,simple_exp,0.0
HHLiv12_3.0,-31.772132735228954,True,simple_exp,0.0
HHLiv12_3.0,-31.772132735228954,True,simple_exp,0.0
HHLiv12_3.0,-31.772132735228954,True,simple_exp,0.0
HHLiv12_3.0,-31.772132735228954,True,simple_exp,0.0
HHLiv12_3.0,-37.29846028318426,False,exp,0.0
HHLiv12_3.0,-20.840140015048945,False,exp,0.0
HHLiv12_3.0,-28.8952165233084,False,exp,0.0
HHLiv12_3.0,-34.08672500684108,False,exp,0.0
HHLiv12_3.0,-6.937964695685784,False,exp,0.0
HHLiv12_3.0,-48.42447599734366,False,exp,0.0
HHLiv12_3.0,-24.07213814549314,False,exp,0.0
HHLiv12_3.0,-28.65073183774675,True,exp,0.0
HHLiv12_3.0,-28.65073183774675,True,exp,0.0
HHLiv12_3.0,-28.65073183774675,True,exp,0.0
HHLiv12_3.0,-28.65073183774675,True,exp,0.0
HHLiv12_3.0,-28.65073183774675,True,exp,0.0
HHLiv12_3.0,-28.65073183774675,True,exp,0.0
HHLiv12_3.0,-28.65073183774675,True,exp,0.0
HHLiv12_3.0,-37.29846028318426,False,holt,0.0
HHLiv12_3.0,-20.840140015048945,False,holt,0.0
HHLiv12_3.0,-28.8952165233084,False,holt,0.0
HHLiv12_3.0,-34.08672500684108,False,holt,0.0
HHLiv12_3.0,-6.937964695685784,False,holt,0.0
HHLiv12_3.0,-48.42447599734366,False,holt,0.0
HHLiv12_3.0,-24.07213814549314,False,holt,0.0
HHLiv12_3.0,-29.113969849119055,True,holt,0.0
HHLiv12_3.0,-30.05515914825264,True,holt,0.0
HHLiv12_3.0,-30.808110587559504,True,holt,0.0
HHLiv12_3.0,-31.410471739004997,True,holt,0.0
HHLiv12_3.0,-31.89236066016139,True,holt,0.0
HHLiv12_3.0,-32.277871797086505,True,holt,0.0
HHLiv12_3.0,-32.586280706626596,True,holt,0.0
HHLiv12_4.0,-4.3445349837037295,False,bayesian_ridge,0.0
HHLiv12_4.0,-13.791215537189704,False,bayesian_ridge,0.0
HHLiv12_4.0,-19.31748960063936,False,bayesian_ridge,0.0
HHLiv12_4.0,-38.50894678163586,False,bayesian_ridge,0.0
HHLiv12_4.0,-33.03230304270719,False,bayesian_ridge,0.0
HHLiv12_4.0,-45.76363942708748,False,bayesian_ridge,0.0
HHLiv12_4.0,-15.977963621317116,False,bayesian_ridge,0.0
HHLiv12_4.0,-35.20502491472741,True,bayesian_ridge,14.32180711644774
HHLiv12_4.0,-37.90856353647068,True,bayesian_ridge,15.399486067365414
HHLiv12_4.0,-40.61210215821394,True,bayesian_ridge,16.622032476644318
HHLiv12_4.0,-43.31564077995721,True,bayesian_ridge,17.959886876805317
HHLiv12_4.0,-46.01917940170047,True,bayesian_ridge,19.389195188507898
HHLiv12_4.0,-48.72271802344373,True,bayesian_ridge,20.891194890332635
HHLiv12_4.0,-51.42625664518701,True,bayesian_ridge,22.451301483233692
HHLiv12_4.0,-4.3445349837037295,False,simple_exp,0.0
HHLiv12_4.0,-13.791215537189704,False,simple_exp,0.0
HHLiv12_4.0,-19.31748960063936,False,simple_exp,0.0
HHLiv12_4.0,-38.50894678163586,False,simple_exp,0.0
HHLiv12_4.0,-33.03230304270719,False,simple_exp,0.0
HHLiv12_4.0,-45.76363942708748,False,simple_exp,0.0
HHLiv12_4.0,-15.977963621317116,False,simple_exp,0.0
HHLiv12_4.0,-22.89057742569323,True,simple_exp,0.0
HHLiv12_4.0,-22.89057742569323,True,simple_exp,0.0
HHLiv12_4.0,-22.89057742569323,True,simple_exp,0.0
HHLiv12_4.0,-22.89057742569323,True,simple_exp,0.0
HHLiv12_4.0,-22.89057742569323,True,simple_exp,0.0
HHLiv12_4.0,-22.89057742569323,True,simple_exp,0.0
HHLiv12_4.0,-22.89057742569323,True,simple_exp,0.0
HHLiv12_4.0,-4.3445349837037295,False,exp,0.0
HHLiv12_4.0,-13.791215537189704,False,exp,0.0
HHLiv12_4.0,-19.31748960063936,False,exp,0.0
HHLiv12_4.0,-38.50894678163586,False,exp,0.0
HHLiv12_4.0,-33.03230304270719,False,exp,0.0
HHLiv12_4.0,-45.76363942708748,False,exp,0.0
HHLiv12_4.0,-15.977963621317116,False,exp,0.0
HHLiv12_4.0,-24.332261437852416,True,exp,0.0
HHLiv12_4.0,-24.332261437852416,True,exp,0.0
HHLiv12_4.0,-24.332261437852416,True,exp,0.0
HHLiv12_4.0,-24.332261437852416,True,exp,0.0
HHLiv12_4.0,-24.332261437852416,True,exp,0.0
HHLiv12_4.0,-24.332261437852416,True,exp,0.0
HHLiv12_4.0,-24.332261437852416,True,exp,0.0
HHLiv12_4.0,-4.3445349837037295,False,holt,0.0
HHLiv12_4.0,-13.791215537189704,False,holt,0.0
HHLiv12_4.0,-19.31748960063936,False,holt,0.0
HHLiv12_4.0,-38.50894678163586,False,holt,0.0
HHLiv12_4.0,-33.03230304270719,False,holt,0.0
HHLiv12_4.0,-45.76363942708748,False,holt,0.0
HHLiv12_4.0,-15.977963621317116,False,holt,0.0
HHLiv12_4.0,-35.79169712195787,True,holt,0.0
HHLiv12_4.0,-37.05960912298854,True,holt,0.0
HHLiv12_4.0,-38.07393872381307,True,holt,0.0
HHLiv12_4.0,-38.8854024044727,True,holt,0.0
HHLiv12_4.0,-39.534573349000404,True,holt,0.0
HHLiv12_4.0,-40.05391010462257,True,holt,0.0
HHLiv12_4.0,-40.4693795091203,True,holt,0.0
HHLiv12_5.0,3.769964273689941,False,bayesian_ridge,0.0
HHLiv12_5.0,17.538302607852074,False,bayesian_ridge,0.0
HHLiv12_5.0,17.043687021748454,False,bayesian_ridge,0.0
HHLiv12_5.0,10.071696000953722,False,bayesian_ridge,0.0
HHLiv12_5.0,9.132615151270551,False,bayesian_ridge,0.0
HHLiv12_5.0,-0.7689806035587776,False,bayesian_ridge,0.0
HHLiv12_5.0,3.971770391337404,False,bayesian_ridge,0.0
HHLiv12_5.0,5.705793265581105,True,bayesian_ridge,6.783595527876124
HHLiv12_5.0,4.962275337573046,True,bayesian_ridge,7.1787198360307105
HHLiv12_5.0,4.218757409564987,True,bayesian_ridge,7.63392660387668
HHLiv12_5.0,3.4752394815569296,True,bayesian_ridge,8.139141171726108
HHLiv12_5.0,2.731721553548871,True,bayesian_ridge,8.685641562023696
HHLiv12_5.0,1.9882036255408124,True,bayesian_ridge,9.26612574841154
HHLiv12_5.0,1.2446856975327538,True,bayesian_ridge,9.87460227743643
HHLiv12_5.0,3.769964273689941,False,simple_exp,0.0
HHLiv12_5.0,17.538302607852074,False,simple_exp,0.0
HHLiv12_5.0,17.043687021748454,False,simple_exp,0.0
HHLiv12_5.0,10.071696000953722,False,simple_exp,0.0
HHLiv12_5.0,9.132615151270551,False,simple_exp,0.0
HHLiv12_5.0,-0.7689806035587776,False,simple_exp,0.0
HHLiv12_5.0,3.971770391337404,False,simple_exp,0.0
HHLiv12_5.0,3.5231761432088673,True,simple_exp,0.0
HHLiv12_5.0,3.5231761432088673,True,simple_exp,0.0
HHLiv12_5.0,3.5231761432088673,True,simple_exp,0.0
HHLiv12_5.0,3.5231761432088673,True,simple_exp,0.0
HHLiv12_5.0,3.5231761432088673,True,simple_exp,0.0
HHLiv12_5.0,3.5231761432088673,True,simple_exp,0.0
HHLiv12_5.0,3.5231761432088673,True,simple_exp,0.0
HHLiv12_5.0,3.769964273689941,False,exp,0.0
HHLiv12_5.0,17.538302607852074,False,exp,0.0
HHLiv12_5.0,17.043687021748454,False,exp,0.0
HHLiv12_5.0,10.071696000953722,False,exp,0.0
HHLiv12_5.0,9.132615151270551,False,exp,0.0
HHLiv12_5.0,-0.7689806035587776,False,exp,0.0
HHLiv12_5.0,3.971770391337404,False,exp,0.0
HHLiv12_5.0,8.679865023012537,True,exp,0.0
HHLiv12_5.0,8.679865023012537,True,exp,0.0
HHLiv12_5.0,8.679865023012537,True,exp,0.0
HHLiv12_5.0,8.679865023012537,True,exp,0.0
HHLiv12_5.0,8.679865023012537,True,exp,0.0
HHLiv12_5.0,8.679865023012537,True,exp,0.0
HHLiv12_5.0,8.679865023012537,True,exp,0.0
HHLiv12_5.0,3.769964273689941,False,holt,0.0
HHLiv12_5.0,17.538302607852074,False,holt,0.0
HHLiv12_5.0,17.043687021748454,False,holt,0.0
HHLiv12_5.0,10.071696000953722,False,holt,0.0
HHLiv12_5.0,9.132615151270551,False,holt,0.0
HHLiv12_5.0,-0.7689806035587776,False,holt,0.0
HHLiv12_5.0,3.971770391337404,False,holt,0.0
HHLiv12_5.0,0.18365970187706315,True,holt,0.0
HHLiv12_5.0,-1.0122144665079955,True,holt,0.0
HHLiv12_5.0,-1.968913801216043,True,holt,0.0
HHLiv12_5.0,-2.7342732689824807,True,holt,0.0
HHLiv12_5.0,-3.346560843195631,True,holt,0.0
HHLiv12_5.0,-3.8363909025661513,True,holt,0.0
HHLiv12_5.0,-4.228254950062568,True,holt,0.0
HHLiv12_6.0,-37.34207750238193,False,bayesian_ridge,0.0
HHLiv12_6.0,-25.35913910786489,False,bayesian_ridge,0.0
HHLiv12_6.0,-31.26924230749165,False,bayesian_ridge,0.0
HHLiv12_6.0,-26.33444745366872,False,bayesian_ridge,0.0
HHLiv12_6.0,-36.02369010449665,False,bayesian_ridge,0.0
HHLiv12_6.0,-32.81672344328324,False,bayesian_ridge,0.0
HHLiv12_6.0,-22.17776802774506,False,bayesian_ridge,0.0
HHLiv12_6.0,-30.166923189813257,True,bayesian_ridge,5.293994225543637
HHLiv12_6.0,-30.16140084630471,True,bayesian_ridge,5.299068990063225
HHLiv12_6.0,-30.155878502796156,True,bayesian_ridge,5.305264887805222
HHLiv12_6.0,-30.150356159287607,True,bayesian_ridge,5.312577996140592
HHLiv12_6.0,-30.14483381577906,True,bayesian_ridge,5.321003708638473
HHLiv12_6.0,-30.13931147227051,True,bayesian_ridge,5.330536749388426
HHLiv12_6.0,-30.13378912876196,True,bayesian_ridge,5.341171189241704
HHLiv12_6.0,-37.34207750238193,False,simple_exp,0.0
HHLiv12_6.0,-25.35913910786489,False,simple_exp,0.0
HHLiv12_6.0,-31.26924230749165,False,simple_exp,0.0
HHLiv12_6.0,-26.33444745366872,False,simple_exp,0.0
HHLiv12_6.0,-36.02369010449665,False,simple_exp,0.0
HHLiv12_6.0,-32.81672344328324,False,simple_exp,0.0
HHLiv12_6.0,-22.17776802774506,False,simple_exp,0.0
HHLiv12_6.0,-28.52531602071011,True,simple_exp,0.0
HHLiv12_6.0,-28.52531602071011,True,simple_exp,0.0
HHLiv12_6.0,-28.52531602071011,True,simple_exp,0.0
HHLiv12_6.0,-28.52531602071011,True,simple_exp,0.0
HHLiv12_6.0,-28.52531602071011,True,simple_exp,0.0
HHLiv12_6.0,-28.52531602071011,True,simple_exp,0.0
HHLiv12_6.0,-28.52531602071011,True,simple_exp,0.0
HHLiv12_6.0,-37.34207750238193,False,exp,0.0
HHLiv12_6.0,-25.35913910786489,False,exp,0.0
HHLiv12_6.0,-31.26924230749165,False,exp,0.0
HHLiv12_6.0,-26.33444745366872,False,exp,0.0
HHLiv12_6.0,-36.02369010449665,False,exp,0.0
HHLiv12_6.0,-32.81672344328324,False,exp,0.0
HHLiv12_6.0,-22.17776802774506,False,exp,0.0
HHLiv12_6.0,-30.189012567256498,True,exp,0.0
HHLiv12_6.0,-30.189012567256498,True,exp,0.0
HHLiv12_6.0,-30.189012567256498,True,exp,0.0
HHLiv12_6.0,-30.189012567256498,True,exp,0.0
HHLiv12_6.0,-30.189012567256498,True,exp,0.0
HHLiv12_6.0,-30.189012567256498,True,exp,0.0
HHLiv12_6.0,-30.189012567256498,True,exp,0.0
HHLiv12_6.0,-37.34207750238193,False,holt,0.0
HHLiv12_6.0,-25.35913910786489,False,holt,0.0
HHLiv12_6.0,-31.26924230749165,False,holt,0.0
HHLiv12_6.0,-26.33444745366872,False,holt,0.0
HHLiv12_6.0,-36.02369010449665,False,holt,0.0
HHLiv12_6.0,-32.81672344328324,False,holt,0.0
HHLiv12_6.0,-22.17776802774506,False,holt,0.0
HHLiv12_6.0,-25.653389769565127,True,holt,0.0
HHLiv12_6.0,-24.120918209465625,True,holt,0.0
HHLiv12_6.0,-22.894940961386023,True,holt,0.0
HHLiv12_6.0,-21.914159162922342,True,holt,0.0
HHLiv12_6.0,-21.129533724151397,True,holt,0.0
HHLiv12_6.0,-20.50183337313464,True,holt,0.0
HHLiv12_6.0,-19.99967309232124,True,holt,0.0
HHLiv12_7.0,0.9397327032091952,False,bayesian_ridge,0.0
HHLiv12_7.0,5.009659861321625,False,bayesian_ridge,0.0
HHLiv12_7.0,2.9992793101646376,False,bayesian_ridge,0.0
HHLiv12_7.0,-6.494871560917737,False,bayesian_ridge,0.0
HHLiv12_7.0,-19.477982051021048,False,bayesian_ridge,0.0
HHLiv12_7.0,-8.027248307720003,False,bayesian_ridge,0.0
HHLiv12_7.0,11.1041065693946,False,bayesian_ridge,0.0
HHLiv12_7.0,-1.9944310186402128,True,bayesian_ridge,9.387161539334457
HHLiv12_7.0,-1.9949200777442397,True,bayesian_ridge,9.388305009822732
HHLiv12_7.0,-1.995409136848267,True,bayesian_ridge,9.389702395757764
HHLiv12_7.0,-1.995898195952294,True,bayesian_ridge,9.39135358379555
HHLiv12_7.0,-1.996387255056321,True,bayesian_ridge,9.393258440092756
HHLiv12_7.0,-1.996876314160348,True,bayesian_ridge,9.39541681036089
HHLiv12_7.0,-1.9973653732643752,True,bayesian_ridge,9.39782851992864
HHLiv12_7.0,0.9397327032091952,False,simple_exp,0.0
HHLiv12_7.0,5.009659861321625,False,simple_exp,0.0
HHLiv12_7.0,2.9992793101646376,False,simple_exp,0.0
HHLiv12_7.0,-6.494871560917737,False,simple_exp,0.0
HHLiv12_7.0,-19.477982051021048,False,simple_exp,0.0
HHLiv12_7.0,-8.027248307720003,False,simple_exp,0.0
HHLiv12_7.0,11.1041065693946,False,simple_exp,0.0
HHLiv12_7.0,0.9397323973561301,True,simple_exp,0.0
HHLiv12_7.0,0.9397323973561301,True,simple_exp,0.0
HHLiv12_7.0,0.9397323973561301,True,simple_exp,0.0
HHLiv12_7.0,0.9397323973561301,True,simple_exp,0.0
HHLiv12_7.0,0.9397323973561301,True,simple_exp,0.0
HHLiv12_7.0,0.9397323973561301,True,simple_exp,0.0
HHLiv12_7.0,0.9397323973561301,True,simple_exp,0.0
HHLiv12_7.0,0.9397327032091952,False,exp,0.0
HHLiv12_7.0,5.009659861321625,False,exp,0.0
HHLiv12_7.0,2.9992793101646376,False,exp,0.0
HHLiv12_7.0,-6.494871560917737,False,exp,0.0
HHLiv12_7.0,-19.477982051021048,False,exp,0.0
HHLiv12_7.0,-8.027248307720003,False,exp,0.0
HHLiv12_7.0,11.1041065693946,False,exp,0.0
HHLiv12_7.0,-1.9924745492731613,True,exp,0.0
HHLiv12_7.0,-1.9924745492731613,True,exp,0.0
HHLiv12_7.0,-1.9924745492731613,True,exp,0.0
HHLiv12_7.0,-1.9924745492731613,True,exp,0.0
HHLiv12_7.0,-1.9924745492731613,True,exp,0.0
HHLiv12_7.0,-1.9924745492731613,True,exp,0.0
HHLiv12_7.0,-1.9924745492731613,True,exp,0.0
HHLiv12_7.0,0.9397327032091952,False,holt,0.0
HHLiv12_7.0,5.009659861321625,False,holt,0.0
HHLiv12_7.0,2.9992793101646376,False,holt,0.0
HHLiv12_7.0,-6.494871560917737,False,holt,0.0
HHLiv12_7.0,-19.477982051021048,False,holt,0.0
HHLiv12_7.0,-8.027248307720003,False,holt,0.0
HHLiv12_7.0,11.1041065693946,False,holt,0.0
HHLiv12_7.0,26.40919034510857,True,holt,0.0
HHLiv12_7.0,38.653257484540575,True,holt,0.0
HHLiv12_7.0,48.44851119608618,True,holt,0.0
HHLiv12_7.0,56.28471416532267,True,holt,0.0
HHLiv12_7.0,62.55367654071185,True,holt,0.0
HHLiv12_7.0,67.5688464410232,True,holt,0.0
HHLiv12_7.0,71.58098236127228,True,holt,0.0
HHLiv12_8.0,-11.334407346317777,False,bayesian_ridge,0.0
HHLiv12_8.0,-8.864303360203596,False,bayesian_ridge,0.0
HHLiv12_8.0,68.62136246835688,False,bayesian_ridge,0.0
HHLiv12_8.0,-51.85353896772404,False,bayesian_ridge,0.0
HHLiv12_8.0,35.8968716506997,False,bayesian_ridge,0.0
HHLiv12_8.0,-13.073866825144808,False,bayesian_ridge,0.0
HHLiv12_8.0,56.75117092215682,False,bayesian_ridge,0.0
HHLiv12_8.0,10.884461764675034,True,bayesian_ridge,40.458989253411545
HHLiv12_8.0,10.886174043635823,True,bayesian_ridge,40.46090011830908
HHLiv12_8.0,10.88788632259661,True,bayesian_ridge,40.46323549730228
HHLiv12_8.0,10.889598601557399,True,bayesian_ridge,40.46599531689231
HHLiv12_8.0,10.891310880518187,True,bayesian_ridge,40.46917949024424
HHLiv12_8.0,10.893023159478975,True,bayesian_ridge,40.47278791720069
HHLiv12_8.0,10.894735438439763,True,bayesian_ridge,40.47682048429761
HHLiv12_8.0,-11.334407346317777,False,simple_exp,0.0
HHLiv12_8.0,-8.864303360203596,False,simple_exp,0.0
HHLiv12_8.0,68.62136246835688,False,simple_exp,0.0
HHLiv12_8.0,-51.85353896772404,False,simple_exp,0.0
HHLiv12_8.0,35.8968716506997,False,simple_exp,0.0
HHLiv12_8.0,-13.073866825144808,False,simple_exp,0.0
HHLiv12_8.0,56.75117092215682,False,simple_exp,0.0
HHLiv12_8.0,0.9069464224390691,True,simple_exp,0.0
HHLiv12_8.0,0.9069464224390691,True,simple_exp,0.0
HHLiv12_8.0,0.9069464224390691,True,simple_exp,0.0
HHLiv12_8.0,0.9069464224390691,True,simple_exp,0.0
HHLiv12_8.0,0.9069464224390691,True,simple_exp,0.0
HHLiv12_8.0,0.9069464224390691,True,simple_exp,0.0
HHLiv12_8.0,0.9069464224390691,True,simple_exp,0.0
HHLiv12_8.0,-11.334407346317777,False,exp,0.0
HHLiv12_8.0,-8.864303360203596,False,exp,0.0
HHLiv12_8.0,68.62136246835688,False,exp,0.0
HHLiv12_8.0,-51.85353896772404,False,exp,0.0
HHLiv12_8.0,35.8968716506997,False,exp,0.0
HHLiv12_8.0,-13.073866825144808,False,exp,0.0
HHLiv12_8.0,56.75117092215682,False,exp,0.0
HHLiv12_8.0,10.877624502896579,True,exp,0.0
HHLiv12_8.0,10.877624502896579,True,exp,0.0
HHLiv12_8.0,10.877624502896579,True,exp,0.0
HHLiv12_8.0,10.877624502896579,True,exp,0.0
HHLiv12_8.0,10.877624502896579,True,exp,0.0
HHLiv12_8.0,10.877624502896579,True,exp,0.0
HHLiv12_8.0,10.877624502896579,True,exp,0.0
HHLiv12_8.0,-11.334407346317777,False,holt,0.0
HHLiv12_8.0,-8.864303360203596,False,holt,0.0
HHLiv12_8.0,68.62136246835688,False,holt,0.0
HHLiv12_8.0,-51.85353896772404,False,holt,0.0
HHLiv12_8.0,35.8968716506997,False,holt,0.0
HHLiv12_8.0,-13.073866825144808,False,holt,0.0
HHLiv12_8.0,56.75117092215682,False,holt,0.0
HHLiv12_8.0,7.986955634832149,True,holt,0.0
HHLiv12_8.0,10.34810229261818,True,holt,0.0
HHLiv12_8.0,12.697443217115277,True,holt,0.0
HHLiv12_8.0,15.03503743698989,True,holt,0.0
HHLiv12_8.0,17.36094368576513,True,holt,0.0
HHLiv12_8.0,19.675220403296496,True,holt,0.0
HHLiv12_8.0,21.977925737240202,True,holt,0.0
HHLiv12_9.0,-31.663062028629696,False,bayesian_ridge,0.0
HHLiv12_9.0,-16.68533621334679,False,bayesian_ridge,0.0
HHLiv12_9.0,-54.24541044631206,False,bayesian_ridge,0.0
HHLiv12_9.0,-46.76343446740645,False,bayesian_ridge,0.0
HHLiv12_9.0,-38.49705295879799,False,bayesian_ridge,0.0
HHLiv12_9.0,-32.83488415433607,False,bayesian_ridge,0.0
HHLiv12_9.0,-18.954066555941285,False,bayesian_ridge,0.0
HHLiv12_9.0,-34.231850369570715,True,bayesian_ridge,12.68446631678222
HHLiv12_9.0,-34.23112557536445,True,bayesian_ridge,12.686382589589938
HHLiv12_9.0,-34.23040078115819,True,bayesian_ridge,12.688724307788672
HHLiv12_9.0,-34.229675986951925,True,bayesian_ridge,12.691491235880516
HHLiv12_9.0,-34.22895119274566,True,bayesian_ridge,12.694683095829737
HHLiv12_9.0,-34.2282263985394,True,bayesian_ridge,12.698299567202175
HHLiv12_9.0,-34.227501604333135,True,bayesian_ridge,12.702340287325686
HHLiv12_9.0,-31.663062028629696,False,simple_exp,0.0
HHLiv12_9.0,-16.68533621334679,False,simple_exp,0.0
HHLiv12_9.0,-54.24541044631206,False,simple_exp,0.0
HHLiv12_9.0,-46.76343446740645,False,simple_exp,0.0
HHLiv12_9.0,-38.49705295879799,False,simple_exp,0.0
HHLiv12_9.0,-32.83488415433607,False,simple_exp,0.0
HHLiv12_9.0,-18.954066555941285,False,simple_exp,0.0
HHLiv12_9.0,-31.663062296877584,True,simple_exp,0.0
HHLiv12_9.0,-31.663062296877584,True,simple_exp,0.0
HHLiv12_9.0,-31.663062296877584,True,simple_exp,0.0
HHLiv12_9.0,-31.663062296877584,True,simple_exp,0.0
HHLiv12_9.0,-31.663062296877584,True,simple_exp,0.0
HHLiv12_9.0,-31.663062296877584,True,simple_exp,0.0
HHLiv12_9.0,-31.663062296877584,True,simple_exp,0.0
HHLiv12_9.0,-31.663062028629696,False,exp,0.0
HHLiv12_9.0,-16.68533621334679,False,exp,0.0
HHLiv12_9.0,-54.24541044631206,False,exp,0.0
HHLiv12_9.0,-46.76343446740645,False,exp,0.0
HHLiv12_9.0,-38.49705295879799,False,exp,0.0
HHLiv12_9.0,-32.83488415433607,False,exp,0.0
HHLiv12_9.0,-18.954066555941285,False,exp,0.0
HHLiv12_9.0,-34.23474929596252,True,exp,0.0
HHLiv12_9.0,-34.23474929596252,True,exp,0.0
HHLiv12_9.0,-34.23474929596252,True,exp,0.0
HHLiv12_9.0,-34.23474929596252,True,exp,0.0
HHLiv12_9.0,-34.23474929596252,True,exp,0.0
HHLiv12_9.0,-34.23474929596252,True,exp,0.0
HHLiv12_9.0,-34.23474929596252,True,exp,0.0
HHLiv12_9.0,-31.663062028629696,False,holt,0.0
HHLiv12_9.0,-16.68533621334679,False,holt,0.0
HHLiv12_9.0,-54.24541044631206,False,holt,0.0
HHLiv12_9.0,-46.76343446740645,False,holt,0.0
HHLiv12_9.0,-38.49705295879799,False,holt,0.0
HHLiv12_9.0,-32.83488415433607,False,holt,0.0
HHLiv12_9.0,-18.954066555941285,False,holt,0.0
HHLiv12_9.0,-17.681242994506054,True,holt,0.0
HHLiv12_9.0,-15.670966664971834,True,holt,0.0
HHLiv12_9.0,-14.062745601344457,True,holt,0.0
HHLiv12_9.0,-12.776168750442555,True,holt,0.0
HHLiv12_9.0,-11.746907269721035,True,holt,0.0
HHLiv12_9.0,-10.923498085143818,True,holt,0.0
HHLiv12_9.0,-10.264770737482044,True,holt,0.0
IMD10_10.0,36.79550375416849,False,bayesian_ridge,0.0
IMD10_10.0,0.9220371423657392,False,bayesian_ridge,0.0
IMD10_10.0,53.255062012408416,False,bayesian_ridge,0.0
IMD10_10.0,89.2372983062224,False,bayesian_ridge,0.0
IMD10_10.0,-16.58008937548361,False,bayesian_ridge,0.0
IMD10_10.0,-12.86343933302402,False,bayesian_ridge,0.0
IMD10_10.0,46.45242134014236,False,bayesian_ridge,0.0
IMD10_10.0,28.171413572988193,True,bayesian_ridge,36.24814569571918
IMD10_10.0,28.17073861456382,True,bayesian_ridge,36.249754179420904
IMD10_10.0,28.17006365613945,True,bayesian_ridge,36.25172000702547
IMD10_10.0,28.16938869771508,True,bayesian_ridge,36.25404312040336
IMD10_10.0,28.168713739290705,True,bayesian_ridge,36.25672345087639
IMD10_10.0,28.168038780866333,True,bayesian_ridge,36.25976091922785
IMD10_10.0,28.16736382244196,True,bayesian_ridge,36.26315543571415
IMD10_10.0,36.79550375416849,False,simple_exp,0.0
IMD10_10.0,0.9220371423657392,False,simple_exp,0.0
IMD10_10.0,53.255062012408416,False,simple_exp,0.0
IMD10_10.0,89.2372983062224,False,simple_exp,0.0
IMD10_10.0,-16.58008937548361,False,simple_exp,0.0
IMD10_10.0,-12.86343933302402,False,simple_exp,0.0
IMD10_10.0,46.45242134014236,False,simple_exp,0.0
IMD10_10.0,36.795502854887424,True,simple_exp,0.0
IMD10_10.0,36.795502854887424,True,simple_exp,0.0
IMD10_10.0,36.795502854887424,True,simple_exp,0.0
IMD10_10.0,36.795502854887424,True,simple_exp,0.0
IMD10_10.0,36.795502854887424,True,simple_exp,0.0
IMD10_10.0,36.795502854887424,True,simple_exp,0.0
IMD10_10.0,36.795502854887424,True,simple_exp,0.0
IMD10_10.0,36.79550375416849,False,exp,0.0
IMD10_10.0,0.9220371423657392,False,exp,0.0
IMD10_10.0,53.255062012408416,False,exp,0.0
IMD10_10.0,89.2372983062224,False,exp,0.0
IMD10_10.0,-16.58008937548361,False,exp,0.0
IMD10_10.0,-12.86343933302402,False,exp,0.0
IMD10_10.0,46.45242134014236,False,exp,0.0
IMD10_10.0,28.174109944281014,True,exp,0.0
IMD10_10.0,28.174109944281014,True,exp,0.0
IMD10_10.0,28.174109944281014,True,exp,0.0
IMD10_10.0,28.174109944281014,True,exp,0.0
IMD10_10.0,28.174109944281014,True,exp,0.0
IMD10_10.0,28.174109944281014,True,exp,0.0
IMD10_10.0,28.174109944281014,True,exp,0.0
IMD10_10.0,36.79550375416849,False,holt,0.0
IMD10_10.0,0.9220371423657392,False,holt,0.0
IMD10_10.0,53.255062012408416,False,holt,0.0
IMD10_10.0,89.2372983062224,False,holt,0.0
IMD10_10.0,-16.58008937548361,False,holt,0.0
IMD10_10.0,-12.86343933302402,False,holt,0.0
IMD10_10.0,46.45242134014236,False,holt,0.0
IMD10_10.0,17.889344211791848,True,holt,0.0
IMD10_10.0,18.57423302709441,True,holt,0.0
IMD10_10.0,19.122144079336465,True,holt,0.0
IMD10_10.0,19.560472921130106,True,holt,0.0
IMD10_10.0,19.911135994565022,True,holt,0.0
IMD10_10.0,20.19166645331295,True,holt,0.0
IMD10_10.0,20.416090820311297,True,holt,0.0
IMD10_2.0,7.372335106149053,False,bayesian_ridge,0.0
IMD10_2.0,-17.32536368192852,False,bayesian_ridge,0.0
IMD10_2.0,29.700138327102565,False,bayesian_ridge,0.0
IMD10_2.0,4.573977867841128,False,bayesian_ridge,0.0
IMD10_2.0,-26.02039230839783,False,bayesian_ridge,0.0
IMD10_2.0,-16.276745722819562,False,bayesian_ridge,0.0
IMD10_2.0,32.209387875899886,False,bayesian_ridge,0.0
IMD10_2.0,2.033816691588735,True,bayesian_ridge,21.410051713988118
IMD10_2.0,2.0339373836342505,True,bayesian_ridge,21.41060834713089
IMD10_2.0,2.034058075679766,True,bayesian_ridge,21.411288656875783
IMD10_2.0,2.0341787677252814,True,bayesian_ridge,21.41209263143435
IMD10_2.0,2.0342994597707964,True,bayesian_ridge,21.41302025687722
IMD10_2.0,2.034420151816312,True,bayesian_ridge,21.414071517135277
IMD10_2.0,2.0345408438618273,True,bayesian_ridge,21.415246394001066
IMD10_2.0,7.372335106149053,False,simple_exp,0.0
IMD10_2.0,-17.32536368192852,False,simple_exp,0.0
IMD10_2.0,29.700138327102565,False,simple_exp,0.0
IMD10_2.0,4.573977867841128,False,simple_exp,0.0
IMD10_2.0,-26.02039230839783,False,simple_exp,0.0
IMD10_2.0,-16.276745722819562,False,simple_exp,0.0
IMD10_2.0,32.209387875899886,False,simple_exp,0.0
IMD10_2.0,7.372334549247862,True,simple_exp,0.0
IMD10_2.0,7.372334549247862,True,simple_exp,0.0
IMD10_2.0,7.372334549247862,True,simple_exp,0.0
IMD10_2.0,7.372334549247862,True,simple_exp,0.0
IMD10_2.0,7.372334549247862,True,simple_exp,0.0
IMD10_2.0,7.372334549247862,True,simple_exp,0.0
IMD10_2.0,7.372334549247862,True,simple_exp,0.0
IMD10_2.0,7.372335106149053,False,exp,0.0
IMD10_2.0,-17.32536368192852,False,exp,0.0
IMD10_2.0,29.700138327102565,False,exp,0.0
IMD10_2.0,4.573977867841128,False,exp,0.0
IMD10_2.0,-26.02039230839783,False,exp,0.0
IMD10_2.0,-16.276745722819562,False,exp,0.0
IMD10_2.0,32.209387875899886,False,exp,0.0
IMD10_2.0,2.0333341526414186,True,exp,0.0
IMD10_2.0,2.0333341526414186,True,exp,0.0
IMD10_2.0,2.0333341526414186,True,exp,0.0
IMD10_2.0,2.0333341526414186,True,exp,0.0
IMD10_2.0,2.0333341526414186,True,exp,0.0
IMD10_2.0,2.0333341526414186,True,exp,0.0
IMD10_2.0,2.0333341526414186,True,exp,0.0
IMD10_2.0,7.372335106149053,False,holt,0.0
IMD10_2.0,-17.32536368192852,False,holt,0.0
IMD10_2.0,29.700138327102565,False,holt,0.0
IMD10_2.0,4.573977867841128,False,holt,0.0
IMD10_2.0,-26.02039230839783,False,holt,0.0
IMD10_2.0,-16.276745722819562,False,holt,0.0
IMD10_2.0,32.209387875899886,False,holt,0.0
IMD10_2.0,7.071030521080236,True,holt,0.0
IMD10_2.0,10.611272710683059,True,holt,0.0
IMD10_2.0,13.443466462365317,True,holt,0.0
IMD10_2.0,15.709221463711122,True,holt,0.0
IMD10_2.0,17.521825464787767,True,holt,0.0
IMD10_2.0,18.97190866564908,True,holt,0.0
IMD10_2.0,20.131975226338135,True,holt,0.0
IMD10_3.0,15.490096487706184,False,bayesian_ridge,0.0
IMD10_3.0,-11.533502071619118,False,bayesian_ridge,0.0
IMD10_3.0,34.02112342159056,False,bayesian_ridge,0.0
IMD10_3.0,15.160920316026338,False,bayesian_ridge,0.0
IMD10_3.0,-10.888040100711835,False,bayesian_ridge,0.0
IMD10_3.0,-14.4279820814588,False,bayesian_ridge,0.0
IMD10_3.0,53.15850440948746,False,bayesian_ridge,0.0
IMD10_3.0,11.57220477061685,True,bayesian_ridge,23.83552217471428
IMD10_3.0,11.57307309252032,True,bayesian_ridge,23.837016585382585
IMD10_3.0,11.573941414423789,True,bayesian_ridge,23.838842960088463
IMD10_3.0,11.57480973632726,True,bayesian_ridge,23.84100122254014
IMD10_3.0,11.57567805823073,True,bayesian_ridge,23.84349128261228
IMD10_3.0,11.5765463801342,True,bayesian_ridge,23.84631303636479
IMD10_3.0,11.57741470203767,True,bayesian_ridge,23.849466366064494
IMD10_3.0,15.490096487706184,False,simple_exp,0.0
IMD10_3.0,-11.533502071619118,False,simple_exp,0.0
IMD10_3.0,34.02112342159056,False,simple_exp,0.0
IMD10_3.0,15.160920316026338,False,simple_exp,0.0
IMD10_3.0,-10.888040100711835,False,simple_exp,0.0
IMD10_3.0,-14.4279820814588,False,simple_exp,0.0
IMD10_3.0,53.15850440948746,False,simple_exp,0.0
IMD10_3.0,15.490096078675972,True,simple_exp,0.0
IMD10_3.0,15.490096078675972,True,simple_exp,0.0
IMD10_3.0,15.490096078675972,True,simple_exp,0.0
IMD10_3.0,15.490096078675972,True,simple_exp,0.0
IMD10_3.0,15.490096078675972,True,simple_exp,0.0
IMD10_3.0,15.490096078675972,True,simple_exp,0.0
IMD10_3.0,15.490096078675972,True,simple_exp,0.0
IMD10_3.0,15.490096487706184,False,exp,0.0
IMD10_3.0,-11.533502071619118,False,exp,0.0
IMD10_3.0,34.02112342159056,False,exp,0.0
IMD10_3.0,15.160920316026338,False,exp,0.0
IMD10_3.0,-10.888040100711835,False,exp,0.0
IMD10_3.0,-14.4279820814588,False,exp,0.0
IMD10_3.0,53.15850440948746,False,exp,0.0
IMD10_3.0,11.568734292025278,True,exp,0.0
IMD10_3.0,11.568734292025278,True,exp,0.0
IMD10_3.0,11.568734292025278,True,exp,0.0
IMD10_3.0,11.568734292025278,True,exp,0.0
IMD10_3.0,11.568734292025278,True,exp,0.0
IMD10_3.0,11.568734292025278,True,exp,0.0
IMD10_3.0,11.568734292025278,True,exp,0.0
IMD10_3.0,15.490096487706184,False,holt,0.0
IMD10_3.0,-11.533502071619118,False,holt,0.0
IMD10_3.0,34.02112342159056,False,holt,0.0
IMD10_3.0,15.160920316026338,False,holt,0.0
IMD10_3.0,-10.888040100711835,False,holt,0.0
IMD10_3.0,-14.4279820814588,False,holt,0.0
IMD10_3.0,53.15850440948746,False,holt,0.0
IMD10_3.0,23.164051334247244,True,holt,0.0
IMD10_3.0,28.416468091815766,True,holt,0.0
IMD10_3.0,32.618401497870586,True,holt,0.0
IMD10_3.0,35.97994822271444,True,holt,0.0
IMD10_3.0,38.66918560258952,True,holt,0.0
IMD10_3.0,40.82057550648959,True,holt,0.0
IMD10_3.0,42.54168742960964,True,holt,0.0
IMD10_4.0,1.115155066870588,False,bayesian_ridge,0.0
IMD10_4.0,-10.802378971728842,False,bayesian_ridge,0.0
IMD10_4.0,64.03334926317588,False,bayesian_ridge,0.0
IMD10_4.0,33.00888445705081,False,bayesian_ridge,0.0
IMD10_4.0,-8.589996529572385,False,bayesian_ridge,0.0
IMD10_4.0,-5.915342444032568,False,bayesian_ridge,0.0
IMD10_4.0,65.66684224607187,False,bayesian_ridge,0.0
IMD10_4.0,19.79561657224738,True,bayesian_ridge,31.598452695018068
IMD10_4.0,19.797502390743674,True,bayesian_ridge,31.60050214350194
IMD10_4.0,19.79938820923997,True,bayesian_ridge,31.603006844492175
IMD10_4.0,19.80127402773627,True,bayesian_ridge,31.6059666897556
IMD10_4.0,19.803159846232564,True,bayesian_ridge,31.609381551435547
IMD10_4.0,19.805045664728862,True,bayesian_ridge,31.61325128207948
IMD10_4.0,19.80693148322516,True,bayesian_ridge,31.617575714670764
IMD10_4.0,1.115155066870588,False,simple_exp,0.0
IMD10_4.0,-10.802378971728842,False,simple_exp,0.0
IMD10_4.0,64.03334926317588,False,simple_exp,0.0
IMD10_4.0,33.00888445705081,False,simple_exp,0.0
IMD10_4.0,-8.589996529572385,False,simple_exp,0.0
IMD10_4.0,-5.915342444032568,False,simple_exp,0.0
IMD10_4.0,65.66684224607187,False,simple_exp,0.0
IMD10_4.0,13.961897148138451,True,simple_exp,0.0
IMD10_4.0,13.961897148138451,True,simple_exp,0.0
IMD10_4.0,13.961897148138451,True,simple_exp,0.0
IMD10_4.0,13.961897148138451,True,simple_exp,0.0
IMD10_4.0,13.961897148138451,True,simple_exp,0.0
IMD10_4.0,13.961897148138451,True,simple_exp,0.0
IMD10_4.0,13.961897148138451,True,simple_exp,0.0
IMD10_4.0,1.115155066870588,False,exp,0.0
IMD10_4.0,-10.802378971728842,False,exp,0.0
IMD10_4.0,64.03334926317588,False,exp,0.0
IMD10_4.0,33.00888445705081,False,exp,0.0
IMD10_4.0,-8.589996529572385,False,exp,0.0
IMD10_4.0,-5.915342444032568,False,exp,0.0
IMD10_4.0,65.66684224607187,False,exp,0.0
IMD10_4.0,19.78807620083073,True,exp,0.0
IMD10_4.0,19.78807620083073,True,exp,0.0
IMD10_4.0,19.78807620083073,True,exp,0.0
IMD10_4.0,19.78807620083073,True,exp,0.0
IMD10_4.0,19.78807620083073,True,exp,0.0
IMD10_4.0,19.78807620083073,True,exp,0.0
IMD10_4.0,19.78807620083073,True,exp,0.0
IMD10_4.0,1.115155066870588,False,holt,0.0
IMD10_4.0,-10.802378971728842,False,holt,0.0
IMD10_4.0,64.03334926317588,False,holt,0.0
IMD10_4.0,33.00888445705081,False,holt,0.0
IMD10_4.0,-8.589996529572385,False,holt,0.0
IMD10_4.0,-5.915342444032568,False,holt,0.0
IMD10_4.0,65.66684224607187,False,holt,0.0
IMD10_4.0,27.774555623397106,True,holt,0.0
IMD10_4.0,30.82534334056866,True,holt,0.0
IMD10_4.0,33.265973514305905,True,holt,0.0
IMD10_4.0,35.21847765329571,True,holt,0.0
IMD10_4.0,36.78048096448754,True,holt,0.0
IMD10_4.0,38.03008361344101,True,holt,0.0
IMD10_4.0,39.029765732603785,True,holt,0.0
IMD10_5.0,24.21859047173913,False,bayesian_ridge,0.0
IMD10_5.0,-10.195040647763989,False,bayesian_ridge,0.0
IMD10_5.0,60.492559434551055,False,bayesian_ridge,0.0
IMD10_5.0,9.180350133869087,False,bayesian_ridge,0.0
IMD10_5.0,-11.125186625003249,False,bayesian_ridge,0.0
IMD10_5.0,-15.053854339423856,False,bayesian_ridge,0.0
IMD10_5.0,56.982759278590464,False,bayesian_ridge,0.0
IMD10_5.0,16.358021117984354,True,bayesian_ridge,29.66485132258277
IMD10_5.0,16.358234336531922,True,bayesian_ridge,29.666529460292345
IMD10_5.0,16.358447555079486,True,bayesian_ridge,29.668580388589024
IMD10_5.0,16.35866077362705,True,bayesian_ridge,29.671004030168373
IMD10_5.0,16.358873992174615,True,bayesian_ridge,29.673800293705035
IMD10_5.0,16.359087210722183,True,bayesian_ridge,29.676969073869948
IMD10_5.0,16.359300429269748,True,bayesian_ridge,29.680510251350135
IMD10_5.0,24.21859047173913,False,simple_exp,0.0
IMD10_5.0,-10.195040647763989,False,simple_exp,0.0
IMD10_5.0,60.492559434551055,False,simple_exp,0.0
IMD10_5.0,9.180350133869087,False,simple_exp,0.0
IMD10_5.0,-11.125186625003249,False,simple_exp,0.0
IMD10_5.0,-15.053854339423856,False,simple_exp,0.0
IMD10_5.0,56.982759278590464,False,simple_exp,0.0
IMD10_5.0,24.21858965172893,True,simple_exp,0.0
IMD10_5.0,24.21858965172893,True,simple_exp,0.0
IMD10_5.0,24.21858965172893,True,simple_exp,0.0
IMD10_5.0,24.21858965172893,True,simple_exp,0.0
IMD10_5.0,24.21858965172893,True,simple_exp,0.0
IMD10_5.0,24.21858965172893,True,simple_exp,0.0
IMD10_5.0,24.21858965172893,True,simple_exp,0.0
IMD10_5.0,24.21859047173913,False,exp,0.0
IMD10_5.0,-10.195040647763989,False,exp,0.0
IMD10_5.0,60.492559434551055,False,exp,0.0
IMD10_5.0,9.180350133869087,False,exp,0.0
IMD10_5.0,-11.125186625003249,False,exp,0.0
IMD10_5.0,-15.053854339423856,False,exp,0.0
IMD10_5.0,56.982759278590464,False,exp,0.0
IMD10_5.0,16.35716987118538,True,exp,0.0
IMD10_5.0,16.35716987118538,True,exp,0.0
IMD10_5.0,16.35716987118538,True,exp,0.0
IMD10_5.0,16.35716987118538,True,exp,0.0
IMD10_5.0,16.35716987118538,True,exp,0.0
IMD10_5.0,16.35716987118538,True,exp,0.0
IMD10_5.0,16.35716987118538,True,exp,0.0
IMD10_5.0,24.21859047173913,False,holt,0.0
IMD10_5.0,-10.195040647763989,False,holt,0.0
IMD10_5.0,60.492559434551055,False,holt,0.0
IMD10_5.0,9.180350133869087,False,holt,0.0
IMD10_5.0,-11.125186625003249,False,holt,0.0
IMD10_5.0,-15.053854339423856,False,holt,0.0
IMD10_5.0,56.982759278590464,False,holt,0.0
IMD10_5.0,21.559409494891323,True,holt,0.0
IMD10_5.0,26.057733120965487,True,holt,0.0
IMD10_5.0,29.65639202182482,True,holt,0.0
IMD10_5.0,32.535319142512286,True,holt,0.0
IMD10_5.0,34.83846083906225,True,holt,0.0
IMD10_5.0,36.68097419630223,True,holt,0.0
IMD10_5.0,38.15498488209421,True,holt,0.0
IMD10_6.0,35.27057529160722,False,bayesian_ridge,0.0
IMD10_6.0,-3.625912785314389,False,bayesian_ridge,0.0
IMD10_6.0,39.13213315351651,False,bayesian_ridge,0.0
IMD10_6.0,26.848516155004894,False,bayesian_ridge,0.0
IMD10_6.0,-8.463494372566904,False,bayesian_ridge,0.0
IMD10_6.0,4.884023025370832,False,bayesian_ridge,0.0
IMD10_6.0,91.67634307104898,False,bayesian_ridge,0.0
IMD10_6.0,26.5408278519267,True,bayesian_ridge,31.810817464875996
IMD10_6.0,26.543099688527406,True,bayesian_ridge,31.8131624558842
IMD10_6.0,26.54537152512811,True,bayesian_ridge,31.8160283212886
IMD10_6.0,26.547643361728817,True,bayesian_ridge,31.81941492034909
IMD10_6.0,26.54991519832952,True,bayesian_ridge,31.823322086818152
IMD10_6.0,26.552187034930224,True,bayesian_ridge,31.82774962898162
IMD10_6.0,26.55445887153093,True,bayesian_ridge,31.832697329705653
IMD10_6.0,35.27057529160722,False,simple_exp,0.0
IMD10_6.0,-3.625912785314389,False,simple_exp,0.0
IMD10_6.0,39.13213315351651,False,simple_exp,0.0
IMD10_6.0,26.848516155004894,False,simple_exp,0.0
IMD10_6.0,-8.463494372566904,False,simple_exp,0.0
IMD10_6.0,4.884023025370832,False,simple_exp,0.0
IMD10_6.0,91.67634307104898,False,simple_exp,0.0
IMD10_6.0,35.27057438007579,True,simple_exp,0.0
IMD10_6.0,35.27057438007579,True,simple_exp,0.0
IMD10_6.0,35.27057438007579,True,simple_exp,0.0
IMD10_6.0,35.27057438007579,True,simple_exp,0.0
IMD10_6.0,35.27057438007579,True,simple_exp,0.0
IMD10_6.0,35.27057438007579,True,simple_exp,0.0
IMD10_6.0,35.27057438007579,True,simple_exp,0.0
IMD10_6.0,35.27057529160722,False,exp,0.0
IMD10_6.0,-3.625912785314389,False,exp,0.0
IMD10_6.0,39.13213315351651,False,exp,0.0
IMD10_6.0,26.848516155004894,False,exp,0.0
IMD10_6.0,-8.463494372566904,False,exp,0.0
IMD10_6.0,4.884023025370832,False,exp,0.0
IMD10_6.0,91.67634307104898,False,exp,0.0
IMD10_6.0,26.531746562032712,True,exp,0.0
IMD10_6.0,26.531746562032712,True,exp,0.0
IMD10_6.0,26.531746562032712,True,exp,0.0
IMD10_6.0,26.531746562032712,True,exp,0.0
IMD10_6.0,26.531746562032712,True,exp,0.0
IMD10_6.0,26.531746562032712,True,exp,0.0
IMD10_6.0,26.531746562032712,True,exp,0.0
IMD10_6.0,35.27057529160722,False,holt,0.0
IMD10_6.0,-3.625912785314389,False,holt,0.0
IMD10_6.0,39.13213315351651,False,holt,0.0
IMD10_6.0,26.848516155004894,False,holt,0.0
IMD10_6.0,-8.463494372566904,False,holt,0.0
IMD10_6.0,4.884023025370832,False,holt,0.0
IMD10_6.0,91.67634307104898,False,holt,0.0
IMD10_6.0,60.45102249717769,True,holt,0.0
IMD10_6.0,72.67418611092656,True,holt,0.0
IMD10_6.0,82.45271700192563,True,holt,0.0
IMD10_6.0,90.27554171472491,True,holt,0.0
IMD10_6.0,96.53380148496433,True,holt,0.0
IMD10_6.0,101.54040930115588,True,holt,0.0
IMD10_6.0,105.5456955541091,True,holt,0.0
IMD10_7.0,9.856882298427603,False,bayesian_ridge,0.0
IMD10_7.0,-7.783333496975365,False,bayesian_ridge,0.0
IMD10_7.0,58.31977197427713,False,bayesian_ridge,0.0
IMD10_7.0,43.390885500280405,False,bayesian_ridge,0.0
IMD10_7.0,1.711923151041672,False,bayesian_ridge,0.0
IMD10_7.0,7.9312350487867,False,bayesian_ridge,0.0
IMD10_7.0,120.89532949463845,False,bayesian_ridge,0.0
IMD10_7.0,58.21217601129729,True,bayesian_ridge,44.25372846601473
IMD10_7.0,64.39655237231888,True,bayesian_ridge,47.183551659509725
IMD10_7.0,70.58092873334047,True,bayesian_ridge,50.53429377883572
IMD10_7.0,76.76530509436206,True,bayesian_ridge,54.22798525396198
IMD10_7.0,82.94968145538364,True,bayesian_ridge,58.19936561630506
IMD10_7.0,89.13405781640523,True,bayesian_ridge,62.39543387167828
IMD10_7.0,95.31843417742682,True,bayesian_ridge,66.77384528681716
IMD10_7.0,9.856882298427603,False,simple_exp,0.0
IMD10_7.0,-7.783333496975365,False,simple_exp,0.0
IMD10_7.0,58.31977197427713,False,simple_exp,0.0
IMD10_7.0,43.390885500280405,False,simple_exp,0.0
IMD10_7.0,1.711923151041672,False,simple_exp,0.0
IMD10_7.0,7.9312350487867,False,simple_exp,0.0
IMD10_7.0,120.89532949463845,False,simple_exp,0.0
IMD10_7.0,35.547671246097615,True,simple_exp,0.0
IMD10_7.0,35.547671246097615,True,simple_exp,0.0
IMD10_7.0,35.547671246097615,True,simple_exp,0.0
IMD10_7.0,35.547671246097615,True,simple_exp,0.0
IMD10_7.0,35.547671246097615,True,simple_exp,0.0
IMD10_7.0,35.547671246097615,True,simple_exp,0.0
IMD10_7.0,35.547671246097615,True,simple_exp,0.0
IMD10_7.0,9.856882298427603,False,exp,0.0
IMD10_7.0,-7.783333496975365,False,exp,0.0
IMD10_7.0,58.31977197427713,False,exp,0.0
IMD10_7.0,43.390885500280405,False,exp,0.0
IMD10_7.0,1.711923151041672,False,exp,0.0
IMD10_7.0,7.9312350487867,False,exp,0.0
IMD10_7.0,120.89532949463845,False,exp,0.0
IMD10_7.0,33.474670974869696,True,exp,0.0
IMD10_7.0,33.474670974869696,True,exp,0.0
IMD10_7.0,33.474670974869696,True,exp,0.0
IMD10_7.0,33.474670974869696,True,exp,0.0
IMD10_7.0,33.474670974869696,True,exp,0.0
IMD10_7.0,33.474670974869696,True,exp,0.0
IMD10_7.0,33.474670974869696,True,exp,0.0
IMD10_7.0,9.856882298427603,False,holt,0.0
IMD10_7.0,-7.783333496975365,False,holt,0.0
IMD10_7.0,58.31977197427713,False,holt,0.0
IMD10_7.0,43.390885500280405,False,holt,0.0
IMD10_7.0,1.711923151041672,False,holt,0.0
IMD10_7.0,7.9312350487867,False,holt,0.0
IMD10_7.0,120.89532949463845,False,holt,0.0
IMD10_7.0,68.11384711811368,True,holt,0.0
IMD10_7.0,77.70606868084286,True,holt,0.0
IMD10_7.0,85.3798459310262,True,holt,0.0
IMD10_7.0,91.51886773117286,True,holt,0.0
IMD10_7.0,96.43008517129022,True,holt,0.0
IMD10_7.0,100.35905912338407,True,holt,0.0
IMD10_7.0,103.50223828505918,True,holt,0.0
IMD10_8.0,11.027150804229048,False,bayesian_ridge,0.0
IMD10_8.0,0.8775725556725344,False,bayesian_ridge,0.0
IMD10_8.0,51.45060664319987,False,bayesian_ridge,0.0
IMD10_8.0,26.439568990164595,False,bayesian_ridge,0.0
IMD10_8.0,-4.924219070210434,False,bayesian_ridge,0.0
IMD10_8.0,2.4609538275827125,False,bayesian_ridge,0.0
IMD10_8.0,85.11621313954872,False,bayesian_ridge,0.0
IMD10_8.0,27.161762028486123,True,bayesian_ridge,31.099905537953862
IMD10_8.0,27.793350860958117,True,bayesian_ridge,31.589401989277054
IMD10_8.0,28.42493969343011,True,bayesian_ridge,32.177564633411954
IMD10_8.0,29.056528525902102,True,bayesian_ridge,32.85909565951932
IMD10_8.0,29.688117358374097,True,bayesian_ridge,33.62831877320444
IMD10_8.0,30.31970619084609,True,bayesian_ridge,34.47936533043846
IMD10_8.0,30.951295023318085,True,bayesian_ridge,35.40633556009722
IMD10_8.0,11.027150804229048,False,simple_exp,0.0
IMD10_8.0,0.8775725556725344,False,simple_exp,0.0
IMD10_8.0,51.45060664319987,False,simple_exp,0.0
IMD10_8.0,26.439568990164595,False,simple_exp,0.0
IMD10_8.0,-4.924219070210434,False,simple_exp,0.0
IMD10_8.0,2.4609538275827125,False,simple_exp,0.0
IMD10_8.0,85.11621313954872,False,simple_exp,0.0
IMD10_8.0,14.83212971583687,True,simple_exp,0.0
IMD10_8.0,14.83212971583687,True,simple_exp,0.0
IMD10_8.0,14.83212971583687,True,simple_exp,0.0
IMD10_8.0,14.83212971583687,True,simple_exp,0.0
IMD10_8.0,14.83212971583687,True,simple_exp,0.0
IMD10_8.0,14.83212971583687,True,simple_exp,0.0
IMD10_8.0,14.83212971583687,True,simple_exp,0.0
IMD10_8.0,11.027150804229048,False,exp,0.0
IMD10_8.0,0.8775725556725344,False,exp,0.0
IMD10_8.0,51.45060664319987,False,exp,0.0
IMD10_8.0,26.439568990164595,False,exp,0.0
IMD10_8.0,-4.924219070210434,False,exp,0.0
IMD10_8.0,2.4609538275827125,False,exp,0.0
IMD10_8.0,85.11621313954872,False,exp,0.0
IMD10_8.0,24.635406312319816,True,exp,0.0
IMD10_8.0,24.635406312319816,True,exp,0.0
IMD10_8.0,24.635406312319816,True,exp,0.0
IMD10_8.0,24.635406312319816,True,exp,0.0
IMD10_8.0,24.635406312319816,True,exp,0.0
IMD10_8.0,24.635406312319816,True,exp,0.0
IMD10_8.0,24.635406312319816,True,exp,0.0
IMD10_8.0,11.027150804229048,False,holt,0.0
IMD10_8.0,0.8775725556725344,False,holt,0.0
IMD10_8.0,51.45060664319987,False,holt,0.0
IMD10_8.0,26.439568990164595,False,holt,0.0
IMD10_8.0,-4.924219070210434,False,holt,0.0
IMD10_8.0,2.4609538275827125,False,holt,0.0
IMD10_8.0,85.11621313954872,False,holt,0.0
IMD10_8.0,36.82848993748426,True,holt,0.0
IMD10_8.0,40.979162825003726,True,holt,0.0
IMD10_8.0,44.2997011350193,True,holt,0.0
IMD10_8.0,46.956131783031765,True,holt,0.0
IMD10_8.0,49.08127630144173,True,holt,0.0
IMD10_8.0,50.7813919161697,True,holt,0.0
IMD10_8.0,52.141484407952085,True,holt,0.0
IMD10_9.0,17.786480390756033,False,bayesian_ridge,0.0
IMD10_9.0,-0.6155282572176013,False,bayesian_ridge,0.0
IMD10_9.0,68.65097309531261,False,bayesian_ridge,0.0
IMD10_9.0,35.00323114912263,False,bayesian_ridge,0.0
IMD10_9.0,-14.130970747138091,False,bayesian_ridge,0.0
IMD10_9.0,-3.247672483764563,False,bayesian_ridge,0.0
IMD10_9.0,60.42447697443314,False,bayesian_ridge,0.0
IMD10_9.0,23.411148095608016,True,bayesian_ridge,29.954683234648183
IMD10_9.0,23.41139975802773,True,bayesian_ridge,29.955534027391696
IMD10_9.0,23.411651420447445,True,bayesian_ridge,29.956573852375026
IMD10_9.0,23.41190308286716,True,bayesian_ridge,29.95780268991444
IMD10_9.0,23.41215474528687,True,bayesian_ridge,29.95922051675176
IMD10_9.0,23.412406407706584,True,bayesian_ridge,29.960827306056533
IMD10_9.0,23.412658070126298,True,bayesian_ridge,29.962623027428602
IMD10_9.0,17.786480390756033,False,simple_exp,0.0
IMD10_9.0,-0.6155282572176013,False,simple_exp,0.0
IMD10_9.0,68.65097309531261,False,simple_exp,0.0
IMD10_9.0,35.00323114912263,False,simple_exp,0.0
IMD10_9.0,-14.130970747138091,False,simple_exp,0.0
IMD10_9.0,-3.247672483764563,False,simple_exp,0.0
IMD10_9.0,60.42447697443314,False,simple_exp,0.0
IMD10_9.0,17.786480977349566,True,simple_exp,0.0
IMD10_9.0,17.786480977349566,True,simple_exp,0.0
IMD10_9.0,17.786480977349566,True,simple_exp,0.0
IMD10_9.0,17.786480977349566,True,simple_exp,0.0
IMD10_9.0,17.786480977349566,True,simple_exp,0.0
IMD10_9.0,17.786480977349566,True,simple_exp,0.0
IMD10_9.0,17.786480977349566,True,simple_exp,0.0
IMD10_9.0,17.786480390756033,False,exp,0.0
IMD10_9.0,-0.6155282572176013,False,exp,0.0
IMD10_9.0,68.65097309531261,False,exp,0.0
IMD10_9.0,35.00323114912263,False,exp,0.0
IMD10_9.0,-14.130970747138091,False,exp,0.0
IMD10_9.0,-3.247672483764563,False,exp,0.0
IMD10_9.0,60.42447697443314,False,exp,0.0
IMD10_9.0,23.41014172098696,True,exp,0.0
IMD10_9.0,23.41014172098696,True,exp,0.0
IMD10_9.0,23.41014172098696,True,exp,0.0
IMD10_9.0,23.41014172098696,True,exp,0.0
IMD10_9.0,23.41014172098696,True,exp,0.0
IMD10_9.0,23.41014172098696,True,exp,0.0
IMD10_9.0,23.41014172098696,True,exp,0.0
IMD10_9.0,17.786480390756033,False,holt,0.0
IMD10_9.0,-0.6155282572176013,False,holt,0.0
IMD10_9.0,68.65097309531261,False,holt,0.0
IMD10_9.0,35.00323114912263,False,holt,0.0
IMD10_9.0,-14.130970747138091,False,holt,0.0
IMD10_9.0,-3.247672483764563,False,holt,0.0
IMD10_9.0,60.42447697443314,False,holt,0.0
IMD10_9.0,23.058086687784673,True,holt,0.0
IMD10_9.0,25.126539041671975,True,holt,0.0
IMD10_9.0,26.781300924781817,True,holt,0.0
IMD10_9.0,28.10511043126969,True,holt,0.0
IMD10_9.0,29.164158036459987,True,holt,0.0
IMD10_9.0,30.011396120612226,True,holt,0.0
IMD10_9.0,30.689186587934017,True,holt,0.0
Motiva_POP,-49.74008467622591,False,bayesian_ridge,0.0
Motiva_POP,-47.74023473710295,False,bayesian_ridge,0.0
Motiva_POP,-47.91279528018839,False,bayesian_ridge,0.0
Motiva_POP,-45.22776105161399,False,bayesian_ridge,0.0
Motiva_POP,-48.87081906496616,False,bayesian_ridge,0.0
Motiva_POP,-50.32771385230509,False,bayesian_ridge,0.0
Motiva_POP,-50.46922984521238,False,bayesian_ridge,0.0
Motiva_POP,-48.63320175219674,True,bayesian_ridge,1.7153533136113404
Motiva_POP,-48.63833652925968,True,bayesian_ridge,1.7200639484150597
Motiva_POP,-48.643471306322624,True,bayesian_ridge,1.7258039298011114
Motiva_POP,-48.64860608338556,True,bayesian_ridge,1.732563027123882
Motiva_POP,-48.6537408604485,True,bayesian_ridge,1.7403293662856854
Motiva_POP,-48.65887563751144,True,bayesian_ridge,1.7490895302173517
Motiva_POP,-48.66401041457438,True,bayesian_ridge,1.758828669210146
Motiva_POP,-49.74008467622591,False,simple_exp,0.0
Motiva_POP,-47.74023473710295,False,simple_exp,0.0
Motiva_POP,-47.91279528018839,False,simple_exp,0.0
Motiva_POP,-45.22776105161399,False,simple_exp,0.0
Motiva_POP,-48.87081906496616,False,simple_exp,0.0
Motiva_POP,-50.32771385230509,False,simple_exp,0.0
Motiva_POP,-50.46922984521238,False,simple_exp,0.0
Motiva_POP,-50.358118602424085,True,simple_exp,0.0
Motiva_POP,-50.358118602424085,True,simple_exp,0.0
Motiva_POP,-50.358118602424085,True,simple_exp,0.0
Motiva_POP,-50.358118602424085,True,simple_exp,0.0
Motiva_POP,-50.358118602424085,True,simple_exp,0.0
Motiva_POP,-50.358118602424085,True,simple_exp,0.0
Motiva_POP,-50.358118602424085,True,simple_exp,0.0
Motiva_POP,-49.74008467622591,False,exp,0.0
Motiva_POP,-47.74023473710295,False,exp,0.0
Motiva_POP,-47.91279528018839,False,exp,0.0
Motiva_POP,-45.22776105161399,False,exp,0.0
Motiva_POP,-48.87081906496616,False,exp,0.0
Motiva_POP,-50.32771385230509,False,exp,0.0
Motiva_POP,-50.46922984521238,False,exp,0.0
Motiva_POP,-50.22836961189517,True,exp,0.0
Motiva_POP,-50.22836961189517,True,exp,0.0
Motiva_POP,-50.22836961189517,True,exp,0.0
Motiva_POP,-50.22836961189517,True,exp,0.0
Motiva_POP,-50.22836961189517,True,exp,0.0
Motiva_POP,-50.22836961189517,True,exp,0.0
Motiva_POP,-50.22836961189517,True,exp,0.0
Motiva_POP,-49.74008467622591,False,holt,0.0
Motiva_POP,-47.74023473710295,False,holt,0.0
Motiva_POP,-47.91279528018839,False,holt,0.0
Motiva_POP,-45.22776105161399,False,holt,0.0
Motiva_POP,-48.87081906496616,False,holt,0.0
Motiva_POP,-50.32771385230509,False,holt,0.0
Motiva_POP,-50.46922984521238,False,holt,0.0
Motiva_POP,-51.245416020154636,True,holt,0.0
Motiva_POP,-51.939126201331064,True,holt,0.0
Motiva_POP,-52.49409434627221,True,holt,0.0
Motiva_POP,-52.93806886222513,True,holt,0.0
Motiva_POP,-53.293248474987465,True,holt,0.0
Motiva_POP,-53.57739216519733,True,holt,0.0
Motiva_POP,-53.804707117365226,True,holt,0.0
NSSEC5,-19.55795094006755,False,bayesian_ridge,0.0
NSSEC5,-12.014066180577933,False,bayesian_ridge,0.0
NSSEC5,-12.092563408334446,False,bayesian_ridge,0.0
NSSEC5,-25.93854193064926,False,bayesian_ridge,0.0
NSSEC5,-21.698088864477725,False,bayesian_ridge,0.0
NSSEC5,-16.79747101056901,False,bayesian_ridge,0.0
NSSEC5,-17.753426674534534,False,bayesian_ridge,0.0
NSSEC5,-17.982681309886175,True,bayesian_ridge,4.6527986547187625
NSSEC5,-17.983633458457344,True,bayesian_ridge,4.6542457728551945
NSSEC5,-17.984585607028514,True,bayesian_ridge,4.656013861996462
NSSEC5,-17.985537755599687,True,bayesian_ridge,4.658102556646969
NSSEC5,-17.986489904170856,True,bayesian_ridge,4.660511425750815
NSSEC5,-17.987442052742026,True,bayesian_ridge,4.663239973134752
NSSEC5,-17.9883942013132,True,bayesian_ridge,4.66628763801641
NSSEC5,-19.55795094006755,False,simple_exp,0.0
NSSEC5,-12.014066180577933,False,simple_exp,0.0
NSSEC5,-12.092563408334446,False,simple_exp,0.0
NSSEC5,-25.93854193064926,False,simple_exp,0.0
NSSEC5,-21.698088864477725,False,simple_exp,0.0
NSSEC5,-16.79747101056901,False,simple_exp,0.0
NSSEC5,-17.753426674534534,False,simple_exp,0.0
NSSEC5,-19.557950775356872,True,simple_exp,0.0
NSSEC5,-19.557950775356872,True,simple_exp,0.0
NSSEC5,-19.557950775356872,True,simple_exp,0.0
NSSEC5,-19.557950775356872,True,simple_exp,0.0
NSSEC5,-19.557950775356872,True,simple_exp,0.0
NSSEC5,-19.557950775356872,True,simple_exp,0.0
NSSEC5,-19.557950775356872,True,simple_exp,0.0
NSSEC5,-19.55795094006755,False,exp,0.0
NSSEC5,-12.014066180577933,False,exp,0.0
NSSEC5,-12.092563408334446,False,exp,0.0
NSSEC5,-25.93854193064926,False,exp,0.0
NSSEC5,-21.698088864477725,False,exp,0.0
NSSEC5,-16.79747101056901,False,exp,0.0
NSSEC5,-17.753426674534534,False,exp,0.0
NSSEC5,-17.97887280110835,True,exp,0.0
NSSEC5,-17.97887280110835,True,exp,0.0
NSSEC5,-17.97887280110835,True,exp,0.0
NSSEC5,-17.97887280110835,True,exp,0.0
NSSEC5,-17.97887280110835,True,exp,0.0
NSSEC5,-17.97887280110835,True,exp,0.0
NSSEC5,-17.97887280110835,True,exp,0.0
NSSEC5,-19.55795094006755,False,holt,0.0
NSSEC5,-12.014066180577933,False,holt,0.0
NSSEC5,-12.092563408334446,False,holt,0.0
NSSEC5,-25.93854193064926,False,holt,0.0
NSSEC5,-21.698088864477725,False,holt,0.0
NSSEC5,-16.79747101056901,False,holt,0.0
NSSEC5,-17.753426674534534,False,holt,0.0
NSSEC5,-16.794998613722086,True,holt,0.0
NSSEC5,-16.119926346391523,True,holt,0.0
NSSEC5,-15.579868532527072,True,holt,0.0
NSSEC5,-15.147822281435513,True,holt,0.0
NSSEC5,-14.802185280562265,True,holt,0.0
NSSEC5,-14.525675679863667,True,holt,0.0
NSSEC5,-14.304467999304787,True,holt,0.0
VolAny,56.359125473803104,False,bayesian_ridge,0.0
VolAny,53.692037199597365,False,bayesian_ridge,0.0
VolAny,57.93435524581383,False,bayesian_ridge,0.0
VolAny,42.39155575663804,False,bayesian_ridge,0.0
VolAny,60.22722676620717,False,bayesian_ridge,0.0
VolAny,51.71810639582674,False,bayesian_ridge,0.0
VolAny,42.34738576241613,False,bayesian_ridge,0.0
VolAny,49.551890911402765,True,bayesian_ridge,7.053730102494921
VolAny,48.91594247495694,True,bayesian_ridge,7.419022955978938
VolAny,48.27999403851112,True,bayesian_ridge,7.84241913130534
VolAny,47.6440456020653,True,bayesian_ridge,8.315047623916994
VolAny,47.008097165619475,True,bayesian_ridge,8.829005555110577
VolAny,46.37214872917365,True,bayesian_ridge,9.37749988768655
VolAny,45.73620029272783,True,bayesian_ridge,9.954823561579142
VolAny,56.359125473803104,False,simple_exp,0.0
VolAny,53.692037199597365,False,simple_exp,0.0
VolAny,57.93435524581383,False,simple_exp,0.0
VolAny,42.39155575663804,False,simple_exp,0.0
VolAny,60.22722676620717,False,simple_exp,0.0
VolAny,51.71810639582674,False,simple_exp,0.0
VolAny,42.34738576241613,False,simple_exp,0.0
VolAny,51.988720149796336,True,simple_exp,0.0
VolAny,51.988720149796336,True,simple_exp,0.0
VolAny,51.988720149796336,True,simple_exp,0.0
VolAny,51.988720149796336,True,simple_exp,0.0
VolAny,51.988720149796336,True,simple_exp,0.0
VolAny,51.988720149796336,True,simple_exp,0.0
VolAny,51.988720149796336,True,simple_exp,0.0
VolAny,56.359125473803104,False,exp,0.0
VolAny,53.692037199597365,False,exp,0.0
VolAny,57.93435524581383,False,exp,0.0
VolAny,42.39155575663804,False,exp,0.0
VolAny,60.22722676620717,False,exp,0.0
VolAny,51.71810639582674,False,exp,0.0
VolAny,42.34738576241613,False,exp,0.0
VolAny,52.09568458162942,True,exp,0.0
VolAny,52.09568458162942,True,exp,0.0
VolAny,52.09568458162942,True,exp,0.0
VolAny,52.09568458162942,True,exp,0.0
VolAny,52.09568458162942,True,exp,0.0
VolAny,52.09568458162942,True,exp,0.0
VolAny,52.09568458162942,True,exp,0.0
VolAny,56.359125473803104,False,holt,0.0
VolAny,53.692037199597365,False,holt,0.0
VolAny,57.93435524581383,False,holt,0.0
VolAny,42.39155575663804,False,holt,0.0
VolAny,60.22722676620717,False,holt,0.0
VolAny,51.71810639582674,False,holt,0.0
VolAny,42.34738576241613,False,holt,0.0
VolAny,47.480625185232235,True,holt,0.0
VolAny,47.1226546566929,True,holt,0.0
VolAny,46.83627823386143,True,holt,0.0
VolAny,46.607177095596256,True,holt,0.0
VolAny,46.423896184984116,True,holt,0.0
VolAny,46.277271456494404,True,holt,0.0
VolAny,46.159971673702636,True,holt,0.0
WorkStat10_10.0,35.30290686272111,False,bayesian_ridge,0.0
WorkStat10_10.0,21.040948018918428,False,bayesian_ridge,0.0
WorkStat10_10.0,-7.135776705194152,False,bayesian_ridge,0.0
WorkStat10_10.0,7.000030373629396,False,bayesian_ridge,0.0
WorkStat10_10.0,-10.745739225283856,False,bayesian_ridge,0.0
WorkStat10_10.0,3.415651944084863,False,bayesian_ridge,0.0
WorkStat10_10.0,19.39515601793167,False,bayesian_ridge,0.0
WorkStat10_10.0,7.867010610524366,True,bayesian_ridge,15.692096879855457
WorkStat10_10.0,7.395435502912335,True,bayesian_ridge,16.041966451424436
WorkStat10_10.0,6.923860395300303,True,bayesian_ridge,16.459488324766358
WorkStat10_10.0,6.452285287688271,True,bayesian_ridge,16.939660838996982
WorkStat10_10.0,5.9807101800762394,True,bayesian_ridge,17.477320959174804
WorkStat10_10.0,5.509135072464208,True,bayesian_ridge,18.06733714808048
WorkStat10_10.0,5.037559964852176,True,bayesian_ridge,18.70475555781048
WorkStat10_10.0,35.30290686272111,False,simple_exp,0.0
WorkStat10_10.0,21.040948018918428,False,simple_exp,0.0
WorkStat10_10.0,-7.135776705194152,False,simple_exp,0.0
WorkStat10_10.0,7.000030373629396,False,simple_exp,0.0
WorkStat10_10.0,-10.745739225283856,False,simple_exp,0.0
WorkStat10_10.0,3.415651944084863,False,simple_exp,0.0
WorkStat10_10.0,19.39515601793167,False,simple_exp,0.0
WorkStat10_10.0,17.011816664557376,True,simple_exp,0.0
WorkStat10_10.0,17.011816664557376,True,simple_exp,0.0
WorkStat10_10.0,17.011816664557376,True,simple_exp,0.0
WorkStat10_10.0,17.011816664557376,True,simple_exp,0.0
WorkStat10_10.0,17.011816664557376,True,simple_exp,0.0
WorkStat10_10.0,17.011816664557376,True,simple_exp,0.0
WorkStat10_10.0,17.011816664557376,True,simple_exp,0.0
WorkStat10_10.0,35.30290686272111,False,exp,0.0
WorkStat10_10.0,21.040948018918428,False,exp,0.0
WorkStat10_10.0,-7.135776705194152,False,exp,0.0
WorkStat10_10.0,7.000030373629396,False,exp,0.0
WorkStat10_10.0,-10.745739225283856,False,exp,0.0
WorkStat10_10.0,3.415651944084863,False,exp,0.0
WorkStat10_10.0,19.39515601793167,False,exp,0.0
WorkStat10_10.0,16.149389589297506,True,exp,0.0
WorkStat10_10.0,16.149389589297506,True,exp,0.0
WorkStat10_10.0,16.149389589297506,True,exp,0.0
WorkStat10_10.0,16.149389589297506,True,exp,0.0
WorkStat10_10.0,16.149389589297506,True,exp,0.0
WorkStat10_10.0,16.149389589297506,True,exp,0.0
WorkStat10_10.0,16.149389589297506,True,exp,0.0
WorkStat10_10.0,35.30290686272111,False,holt,0.0
WorkStat10_10.0,21.040948018918428,False,holt,0.0
WorkStat10_10.0,-7.135776705194152,False,holt,0.0
WorkStat10_10.0,7.000030373629396,False,holt,0.0
WorkStat10_10.0,-10.745739225283856,False,holt,0.0
WorkStat10_10.0,3.415651944084863,False,holt,0.0
WorkStat10_10.0,19.39515601793167,False,holt,0.0
WorkStat10_10.0,-10.669794669544196,True,holt,0.0
WorkStat10_10.0,-12.55398341604712,True,holt,0.0
WorkStat10_10.0,-14.061334413249462,True,holt,0.0
WorkStat10_10.0,-15.267215211011337,True,holt,0.0
WorkStat10_10.0,-16.231919849220834,True,holt,0.0
WorkStat10_10.0,-17.003683559788435,True,holt,0.0
WorkStat10_10.0,-17.621094528242512,True,holt,0.0
WorkStat10_2.0,8.600126130404838,False,bayesian_ridge,0.0
WorkStat10_2.0,8.304139385585696,False,bayesian_ridge,0.0
WorkStat10_2.0,12.887606884947878,False,bayesian_ridge,0.0
WorkStat10_2.0,5.42466118583802,False,bayesian_ridge,0.0
WorkStat10_2.0,12.231527821090072,False,bayesian_ridge,0.0
WorkStat10_2.0,9.4371059400008,False,bayesian_ridge,0.0
WorkStat10_2.0,5.5260315577553065,False,bayesian_ridge,0.0
WorkStat10_2.0,8.912200147469346,True,bayesian_ridge,2.7071887605342764
WorkStat10_2.0,8.91127879485016,True,bayesian_ridge,2.7086599731274976
WorkStat10_2.0,8.910357442230977,True,bayesian_ridge,2.7104570373866004
WorkStat10_2.0,8.909436089611791,True,bayesian_ridge,2.712579305688514
WorkStat10_2.0,8.908514736992606,True,bayesian_ridge,2.715026015421612
WorkStat10_2.0,8.90759338437342,True,bayesian_ridge,2.7177962903459627
WorkStat10_2.0,8.906672031754235,True,bayesian_ridge,2.7208891421474597
WorkStat10_2.0,8.600126130404838,False,simple_exp,0.0
WorkStat10_2.0,8.304139385585696,False,simple_exp,0.0
WorkStat10_2.0,12.887606884947878,False,simple_exp,0.0
WorkStat10_2.0,5.42466118583802,False,simple_exp,0.0
WorkStat10_2.0,12.231527821090072,False,simple_exp,0.0
WorkStat10_2.0,9.4371059400008,False,simple_exp,0.0
WorkStat10_2.0,5.5260315577553065,False,simple_exp,0.0
WorkStat10_2.0,8.600126163341109,True,simple_exp,0.0
WorkStat10_2.0,8.600126163341109,True,simple_exp,0.0
WorkStat10_2.0,8.600126163341109,True,simple_exp,0.0
WorkStat10_2.0,8.600126163341109,True,simple_exp,0.0
WorkStat10_2.0,8.600126163341109,True,simple_exp,0.0
WorkStat10_2.0,8.600126163341109,True,simple_exp,0.0
WorkStat10_2.0,8.600126163341109,True,simple_exp,0.0
WorkStat10_2.0,8.600126130404838,False,exp,0.0
WorkStat10_2.0,8.304139385585696,False,exp,0.0
WorkStat10_2.0,12.887606884947878,False,exp,0.0
WorkStat10_2.0,5.42466118583802,False,exp,0.0
WorkStat10_2.0,12.231527821090072,False,exp,0.0
WorkStat10_2.0,9.4371059400008,False,exp,0.0
WorkStat10_2.0,5.5260315577553065,False,exp,0.0
WorkStat10_2.0,8.915885576404333,True,exp,0.0
WorkStat10_2.0,8.915885576404333,True,exp,0.0
WorkStat10_2.0,8.915885576404333,True,exp,0.0
WorkStat10_2.0,8.915885576404333,True,exp,0.0
WorkStat10_2.0,8.915885576404333,True,exp,0.0
WorkStat10_2.0,8.915885576404333,True,exp,0.0
WorkStat10_2.0,8.915885576404333,True,exp,0.0
WorkStat10_2.0,8.600126130404838,False,holt,0.0
WorkStat10_2.0,8.304139385585696,False,holt,0.0
WorkStat10_2.0,12.887606884947878,False,holt,0.0
WorkStat10_2.0,5.42466118583802,False,holt,0.0
WorkStat10_2.0,12.231527821090072,False,holt,0.0
WorkStat10_2.0,9.4371059400008,False,holt,0.0
WorkStat10_2.0,5.5260315577553065,False,holt,0.0
WorkStat10_2.0,7.6148125938291376,True,holt,0.0
WorkStat10_2.0,7.575085925421397,True,holt,0.0
WorkStat10_2.0,7.543304590695205,True,holt,0.0
WorkStat10_2.0,7.51787952291425,True,holt,0.0
WorkStat10_2.0,7.497539468689487,True,holt,0.0
WorkStat10_2.0,7.481267425309676,True,holt,0.0
WorkStat10_2.0,7.468249790605828,True,holt,0.0
WorkStat10_3.0,51.05645926303151,False,bayesian_ridge,0.0
WorkStat10_3.0,37.997109502559326,False,bayesian_ridge,0.0
WorkStat10_3.0,-4.863243518386584,False,bayesian_ridge,0.0
WorkStat10_3.0,-0.3148511470043913,False,bayesian_ridge,0.0
WorkStat10_3.0,-18.43627943942492,False,bayesian_ridge,0.0
WorkStat10_3.0,-15.63107613949456,False,bayesian_ridge,0.0
WorkStat10_3.0,-6.981343229099624,False,bayesian_ridge,0.0
WorkStat10_3.0,-32.99131282226785,True,bayesian_ridge,18.47657239769335
WorkStat10_3.0,-42.76866871684127,True,bayesian_ridge,20.19742959333673
WorkStat10_3.0,-52.54602461141469,True,bayesian_ridge,22.119629895227664
WorkStat10_3.0,-62.323380505988105,True,bayesian_ridge,24.19523343841446
WorkStat10_3.0,-72.10073640056152,True,bayesian_ridge,26.388066346179166
WorkStat10_3.0,-81.87809229513493,True,bayesian_ridge,28.671243428822585
WorkStat10_3.0,-91.65544818970835,True,bayesian_ridge,31.02482528448332
WorkStat10_3.0,51.05645926303151,False,simple_exp,0.0
WorkStat10_3.0,37.997109502559326,False,simple_exp,0.0
WorkStat10_3.0,-4.863243518386584,False,simple_exp,0.0
WorkStat10_3.0,-0.3148511470043913,False,simple_exp,0.0
WorkStat10_3.0,-18.43627943942492,False,simple_exp,0.0
WorkStat10_3.0,-15.63107613949456,False,simple_exp,0.0
WorkStat10_3.0,-6.981343229099624,False,simple_exp,0.0
WorkStat10_3.0,-6.9813433579906885,True,simple_exp,0.0
WorkStat10_3.0,-6.9813433579906885,True,simple_exp,0.0
WorkStat10_3.0,-6.9813433579906885,True,simple_exp,0.0
WorkStat10_3.0,-6.9813433579906885,True,simple_exp,0.0
WorkStat10_3.0,-6.9813433579906885,True,simple_exp,0.0
WorkStat10_3.0,-6.9813433579906885,True,simple_exp,0.0
WorkStat10_3.0,-6.9813433579906885,True,simple_exp,0.0
WorkStat10_3.0,51.05645926303151,False,exp,0.0
WorkStat10_3.0,37.997109502559326,False,exp,0.0
WorkStat10_3.0,-4.863243518386584,False,exp,0.0
WorkStat10_3.0,-0.3148511470043913,False,exp,0.0
WorkStat10_3.0,-18.43627943942492,False,exp,0.0
WorkStat10_3.0,-15.63107613949456,False,exp,0.0
WorkStat10_3.0,-6.981343229099624,False,exp,0.0
WorkStat10_3.0,-6.9813433579906885,True,exp,0.0
WorkStat10_3.0,-6.9813433579906885,True,exp,0.0
WorkStat10_3.0,-6.9813433579906885,True,exp,0.0
WorkStat10_3.0,-6.9813433579906885,True,exp,0.0
WorkStat10_3.0,-6.9813433579906885,True,exp,0.0
WorkStat10_3.0,-6.9813433579906885,True,exp,0.0
WorkStat10_3.0,-6.9813433579906885,True,exp,0.0
WorkStat10_3.0,51.05645926303151,False,holt,0.0
WorkStat10_3.0,37.997109502559326,False,holt,0.0
WorkStat10_3.0,-4.863243518386584,False,holt,0.0
WorkStat10_3.0,-0.3148511470043913,False,holt,0.0
WorkStat10_3.0,-18.43627943942492,False,holt,0.0
WorkStat10_3.0,-15.63107613949456,False,holt,0.0
WorkStat10_3.0,-6.981343229099624,False,holt,0.0
WorkStat10_3.0,-30.66764685165751,True,holt,0.0
WorkStat10_3.0,-38.526342500305724,True,holt,0.0
WorkStat10_3.0,-45.9538409796837,True,holt,0.0
WorkStat10_3.0,-52.9738015593572,True,holt,0.0
WorkStat10_3.0,-59.60858535325397,True,holt,0.0
WorkStat10_3.0,-65.87932654790077,True,holt,0.0
WorkStat10_3.0,-71.80599972245278,True,holt,0.0
WorkStat10_4.0,-21.03393281132474,False,bayesian_ridge,0.0
WorkStat10_4.0,-42.26083979891556,False,bayesian_ridge,0.0
WorkStat10_4.0,-9.28897490287861,False,bayesian_ridge,0.0
WorkStat10_4.0,-20.301922514085117,False,bayesian_ridge,0.0
WorkStat10_4.0,-20.70213528047976,False,bayesian_ridge,0.0
WorkStat10_4.0,-33.6461645462613,False,bayesian_ridge,0.0
WorkStat10_4.0,-46.50652068340584,False,bayesian_ridge,0.0
WorkStat10_4.0,-29.189353424676295,True,bayesian_ridge,12.830813766648141
WorkStat10_4.0,-29.567388547368548,True,bayesian_ridge,13.11248656843534
WorkStat10_4.0,-29.9454236700608,True,bayesian_ridge,13.448744175529145
WorkStat10_4.0,-30.32345879275306,True,bayesian_ridge,13.835607308271767
WorkStat10_4.0,-30.70149391544531,True,bayesian_ridge,14.268960476398389
WorkStat10_4.0,-31.079529038137565,True,bayesian_ridge,14.744705163677493
WorkStat10_4.0,-31.457564160829822,True,bayesian_ridge,15.258876808237828
WorkStat10_4.0,-21.03393281132474,False,simple_exp,0.0
WorkStat10_4.0,-42.26083979891556,False,simple_exp,0.0
WorkStat10_4.0,-9.28897490287861,False,simple_exp,0.0
WorkStat10_4.0,-20.301922514085117,False,simple_exp,0.0
WorkStat10_4.0,-20.70213528047976,False,simple_exp,0.0
WorkStat10_4.0,-33.6461645462613,False,simple_exp,0.0
WorkStat10_4.0,-46.50652068340584,False,simple_exp,0.0
WorkStat10_4.0,-25.92776703408579,True,simple_exp,0.0
WorkStat10_4.0,-25.92776703408579,True,simple_exp,0.0
WorkStat10_4.0,-25.92776703408579,True,simple_exp,0.0
WorkStat10_4.0,-25.92776703408579,True,simple_exp,0.0
WorkStat10_4.0,-25.92776703408579,True,simple_exp,0.0
WorkStat10_4.0,-25.92776703408579,True,simple_exp,0.0
WorkStat10_4.0,-25.92776703408579,True,simple_exp,0.0
WorkStat10_4.0,-21.03393281132474,False,exp,0.0
WorkStat10_4.0,-42.26083979891556,False,exp,0.0
WorkStat10_4.0,-9.28897490287861,False,exp,0.0
WorkStat10_4.0,-20.301922514085117,False,exp,0.0
WorkStat10_4.0,-20.70213528047976,False,exp,0.0
WorkStat10_4.0,-33.6461645462613,False,exp,0.0
WorkStat10_4.0,-46.50652068340584,False,exp,0.0
WorkStat10_4.0,-27.677213372953997,True,exp,0.0
WorkStat10_4.0,-27.677213372953997,True,exp,0.0
WorkStat10_4.0,-27.677213372953997,True,exp,0.0
WorkStat10_4.0,-27.677213372953997,True,exp,0.0
WorkStat10_4.0,-27.677213372953997,True,exp,0.0
WorkStat10_4.0,-27.677213372953997,True,exp,0.0
WorkStat10_4.0,-27.677213372953997,True,exp,0.0
WorkStat10_4.0,-21.03393281132474,False,holt,0.0
WorkStat10_4.0,-42.26083979891556,False,holt,0.0
WorkStat10_4.0,-9.28897490287861,False,holt,0.0
WorkStat10_4.0,-20.301922514085117,False,holt,0.0
WorkStat10_4.0,-20.70213528047976,False,holt,0.0
WorkStat10_4.0,-33.6461645462613,False,holt,0.0
WorkStat10_4.0,-46.50652068340584,False,holt,0.0
WorkStat10_4.0,-47.288284575555515,True,holt,0.0
WorkStat10_4.0,-49.95951379264519,True,holt,0.0
WorkStat10_4.0,-52.09649716631693,True,holt,0.0
WorkStat10_4.0,-53.80608386525432,True,holt,0.0
WorkStat10_4.0,-55.17375322440424,True,holt,0.0
WorkStat10_4.0,-56.26788871172417,True,holt,0.0
WorkStat10_4.0,-57.143197101580114,True,holt,0.0
WorkStat10_5.0,9.096149064525672,False,bayesian_ridge,0.0
WorkStat10_5.0,13.42917758436908,False,bayesian_ridge,0.0
WorkStat10_5.0,1.610493571511995,False,bayesian_ridge,0.0
WorkStat10_5.0,-14.684134498021615,False,bayesian_ridge,0.0
WorkStat10_5.0,4.4254859880481945,False,bayesian_ridge,0.0
WorkStat10_5.0,2.71808064543706,False,bayesian_ridge,0.0
WorkStat10_5.0,14.162761508858978,False,bayesian_ridge,0.0
WorkStat10_5.0,4.39340400988024,True,bayesian_ridge,9.056597978038871
WorkStat10_5.0,4.393254517181394,True,bayesian_ridge,9.058384594978097
WorkStat10_5.0,4.393105024482549,True,bayesian_ridge,9.060567759477417
WorkStat10_5.0,4.392955531783703,True,bayesian_ridge,9.063147184971294
WorkStat10_5.0,4.392806039084857,True,bayesian_ridge,9.06612253323608
WorkStat10_5.0,4.392656546386012,True,bayesian_ridge,9.069493414611163
WorkStat10_5.0,4.392507053687165,True,bayesian_ridge,9.073259388253257
WorkStat10_5.0,9.096149064525672,False,simple_exp,0.0
WorkStat10_5.0,13.42917758436908,False,simple_exp,0.0
WorkStat10_5.0,1.610493571511995,False,simple_exp,0.0
WorkStat10_5.0,-14.684134498021615,False,simple_exp,0.0
WorkStat10_5.0,4.4254859880481945,False,simple_exp,0.0
WorkStat10_5.0,2.71808064543706,False,simple_exp,0.0
WorkStat10_5.0,14.162761508858978,False,simple_exp,0.0
WorkStat10_5.0,6.936794954841122,True,simple_exp,0.0
WorkStat10_5.0,6.936794954841122,True,simple_exp,0.0
WorkStat10_5.0,6.936794954841122,True,simple_exp,0.0
WorkStat10_5.0,6.936794954841122,True,simple_exp,0.0
WorkStat10_5.0,6.936794954841122,True,simple_exp,0.0
WorkStat10_5.0,6.936794954841122,True,simple_exp,0.0
WorkStat10_5.0,6.936794954841122,True,simple_exp,0.0
WorkStat10_5.0,9.096149064525672,False,exp,0.0
WorkStat10_5.0,13.42917758436908,False,exp,0.0
WorkStat10_5.0,1.610493571511995,False,exp,0.0
WorkStat10_5.0,-14.684134498021615,False,exp,0.0
WorkStat10_5.0,4.4254859880481945,False,exp,0.0
WorkStat10_5.0,2.71808064543706,False,exp,0.0
WorkStat10_5.0,14.162761508858978,False,exp,0.0
WorkStat10_5.0,4.394002361981675,True,exp,0.0
WorkStat10_5.0,4.394002361981675,True,exp,0.0
WorkStat10_5.0,4.394002361981675,True,exp,0.0
WorkStat10_5.0,4.394002361981675,True,exp,0.0
WorkStat10_5.0,4.394002361981675,True,exp,0.0
WorkStat10_5.0,4.394002361981675,True,exp,0.0
WorkStat10_5.0,4.394002361981675,True,exp,0.0
WorkStat10_5.0,9.096149064525672,False,holt,0.0
WorkStat10_5.0,13.42917758436908,False,holt,0.0
WorkStat10_5.0,1.610493571511995,False,holt,0.0
WorkStat10_5.0,-14.684134498021615,False,holt,0.0
WorkStat10_5.0,4.4254859880481945,False,holt,0.0
WorkStat10_5.0,2.71808064543706,False,holt,0.0
WorkStat10_5.0,14.162761508858978,False,holt,0.0
WorkStat10_5.0,12.44314107528406,True,holt,0.0
WorkStat10_5.0,13.024710318576645,True,holt,0.0
WorkStat10_5.0,13.489965713210715,True,holt,0.0
WorkStat10_5.0,13.86217002891797,True,holt,0.0
WorkStat10_5.0,14.159933481483773,True,holt,0.0
WorkStat10_5.0,14.398144243536416,True,holt,0.0
WorkStat10_5.0,14.588712853178532,True,holt,0.0
WorkStat10_6.0,27.230604193666565,False,bayesian_ridge,0.0
WorkStat10_6.0,3.4624460043425342,False,bayesian_ridge,0.0
WorkStat10_6.0,-7.151535125892372,False,bayesian_ridge,0.0
WorkStat10_6.0,-18.10009398157868,False,bayesian_ridge,0.0
WorkStat10_6.0,-17.002367540282272,False,bayesian_ridge,0.0
WorkStat10_6.0,-31.371017857545013,False,bayesian_ridge,0.0
WorkStat10_6.0,-33.54322226562242,False,bayesian_ridge,0.0
WorkStat10_6.0,-47.702856835128955,True,bayesian_ridge,8.011376096495773
WorkStat10_6.0,-56.89731438059292,True,bayesian_ridge,8.784602612850298
WorkStat10_6.0,-66.09177192605688,True,bayesian_ridge,9.645846802060477
WorkStat10_6.0,-75.28622947152084,True,bayesian_ridge,10.573622810979975
WorkStat10_6.0,-84.48068701698482,True,bayesian_ridge,11.551911509610148
WorkStat10_6.0,-93.67514456244878,True,bayesian_ridge,12.568923623754838
WorkStat10_6.0,-102.86960210791274,True,bayesian_ridge,13.615984868919071
WorkStat10_6.0,27.230604193666565,False,simple_exp,0.0
WorkStat10_6.0,3.4624460043425342,False,simple_exp,0.0
WorkStat10_6.0,-7.151535125892372,False,simple_exp,0.0
WorkStat10_6.0,-18.10009398157868,False,simple_exp,0.0
WorkStat10_6.0,-17.002367540282272,False,simple_exp,0.0
WorkStat10_6.0,-31.371017857545013,False,simple_exp,0.0
WorkStat10_6.0,-33.54322226562242,False,simple_exp,0.0
WorkStat10_6.0,-33.54322223325404,True,simple_exp,0.0
WorkStat10_6.0,-33.54322223325404,True,simple_exp,0.0
WorkStat10_6.0,-33.54322223325404,True,simple_exp,0.0
WorkStat10_6.0,-33.54322223325404,True,simple_exp,0.0
WorkStat10_6.0,-33.54322223325404,True,simple_exp,0.0
WorkStat10_6.0,-33.54322223325404,True,simple_exp,0.0
WorkStat10_6.0,-33.54322223325404,True,simple_exp,0.0
WorkStat10_6.0,27.230604193666565,False,exp,0.0
WorkStat10_6.0,3.4624460043425342,False,exp,0.0
WorkStat10_6.0,-7.151535125892372,False,exp,0.0
WorkStat10_6.0,-18.10009398157868,False,exp,0.0
WorkStat10_6.0,-17.002367540282272,False,exp,0.0
WorkStat10_6.0,-31.371017857545013,False,exp,0.0
WorkStat10_6.0,-33.54322226562242,False,exp,0.0
WorkStat10_6.0,-33.54322223325404,True,exp,0.0
WorkStat10_6.0,-33.54322223325404,True,exp,0.0
WorkStat10_6.0,-33.54322223325404,True,exp,0.0
WorkStat10_6.0,-33.54322223325404,True,exp,0.0
WorkStat10_6.0,-33.54322223325404,True,exp,0.0
WorkStat10_6.0,-33.54322223325404,True,exp,0.0
WorkStat10_6.0,-33.54322223325404,True,exp,0.0
WorkStat10_6.0,27.230604193666565,False,holt,0.0
WorkStat10_6.0,3.4624460043425342,False,holt,0.0
WorkStat10_6.0,-7.151535125892372,False,holt,0.0
WorkStat10_6.0,-18.10009398157868,False,holt,0.0
WorkStat10_6.0,-17.002367540282272,False,holt,0.0
WorkStat10_6.0,-31.371017857545013,False,holt,0.0
WorkStat10_6.0,-33.54322226562242,False,holt,0.0
WorkStat10_6.0,-36.44537506538273,True,holt,0.0
WorkStat10_6.0,-39.36404105969439,True,holt,0.0
WorkStat10_6.0,-41.69897385514372,True,holt,0.0
WorkStat10_6.0,-43.566920091503185,True,holt,0.0
WorkStat10_6.0,-45.061277080590756,True,holt,0.0
WorkStat10_6.0,-46.25676267186081,True,holt,0.0
WorkStat10_6.0,-47.21315114487686,True,holt,0.0
WorkStat10_7.0,-64.88903839897155,False,bayesian_ridge,0.0
WorkStat10_7.0,-61.83412217215098,False,bayesian_ridge,0.0
WorkStat10_7.0,-66.3349901778485,False,bayesian_ridge,0.0
WorkStat10_7.0,-66.53261702522799,False,bayesian_ridge,0.0
WorkStat10_7.0,-61.735069190585314,False,bayesian_ridge,0.0
WorkStat10_7.0,-64.56142097407374,False,bayesian_ridge,0.0
WorkStat10_7.0,-66.97308821408426,False,bayesian_ridge,0.0
WorkStat10_7.0,-64.6993645044567,True,bayesian_ridge,2.012102128369094
WorkStat10_7.0,-64.70062183939436,True,bayesian_ridge,2.0136988820215858
WorkStat10_7.0,-64.70187917433202,True,bayesian_ridge,2.015648752035429
WorkStat10_7.0,-64.70313650926968,True,bayesian_ridge,2.0179507148016373
WorkStat10_7.0,-64.70439384420735,True,bayesian_ridge,2.0206035669607108
WorkStat10_7.0,-64.70565117914501,True,bayesian_ridge,2.0236059285146677
WorkStat10_7.0,-64.70690851408267,True,bayesian_ridge,2.026956246366588
WorkStat10_7.0,-64.88903839897155,False,simple_exp,0.0
WorkStat10_7.0,-61.83412217215098,False,simple_exp,0.0
WorkStat10_7.0,-66.3349901778485,False,simple_exp,0.0
WorkStat10_7.0,-66.53261702522799,False,simple_exp,0.0
WorkStat10_7.0,-61.735069190585314,False,simple_exp,0.0
WorkStat10_7.0,-64.56142097407374,False,simple_exp,0.0
WorkStat10_7.0,-66.97308821408426,False,simple_exp,0.0
WorkStat10_7.0,-64.88903837866245,True,simple_exp,0.0
WorkStat10_7.0,-64.88903837866245,True,simple_exp,0.0
WorkStat10_7.0,-64.88903837866245,True,simple_exp,0.0
WorkStat10_7.0,-64.88903837866245,True,simple_exp,0.0
WorkStat10_7.0,-64.88903837866245,True,simple_exp,0.0
WorkStat10_7.0,-64.88903837866245,True,simple_exp,0.0
WorkStat10_7.0,-64.88903837866245,True,simple_exp,0.0
WorkStat10_7.0,-64.88903839897155,False,exp,0.0
WorkStat10_7.0,-61.83412217215098,False,exp,0.0
WorkStat10_7.0,-66.3349901778485,False,exp,0.0
WorkStat10_7.0,-66.53261702522799,False,exp,0.0
WorkStat10_7.0,-61.735069190585314,False,exp,0.0
WorkStat10_7.0,-64.56142097407374,False,exp,0.0
WorkStat10_7.0,-66.97308821408426,False,exp,0.0
WorkStat10_7.0,-64.6943351894042,True,exp,0.0
WorkStat10_7.0,-64.6943351894042,True,exp,0.0
WorkStat10_7.0,-64.6943351894042,True,exp,0.0
WorkStat10_7.0,-64.6943351894042,True,exp,0.0
WorkStat10_7.0,-64.6943351894042,True,exp,0.0
WorkStat10_7.0,-64.6943351894042,True,exp,0.0
WorkStat10_7.0,-64.6943351894042,True,exp,0.0
WorkStat10_7.0,-64.88903839897155,False,holt,0.0
WorkStat10_7.0,-61.83412217215098,False,holt,0.0
WorkStat10_7.0,-66.3349901778485,False,holt,0.0
WorkStat10_7.0,-66.53261702522799,False,holt,0.0
WorkStat10_7.0,-61.735069190585314,False,holt,0.0
WorkStat10_7.0,-64.56142097407374,False,holt,0.0
WorkStat10_7.0,-66.97308821408426,False,holt,0.0
WorkStat10_7.0,-66.00401809559301,True,holt,0.0
WorkStat10_7.0,-66.45408434628784,True,holt,0.0
WorkStat10_7.0,-66.81413734684372,True,holt,0.0
WorkStat10_7.0,-67.10217974728842,True,holt,0.0
WorkStat10_7.0,-67.33261366764417,True,holt,0.0
WorkStat10_7.0,-67.51696080392878,True,holt,0.0
WorkStat10_7.0,-67.66443851295647,True,holt,0.0
WorkStat10_8.0,98.97402824914792,False,bayesian_ridge,0.0
WorkStat10_8.0,92.8772709558164,False,bayesian_ridge,0.0
WorkStat10_8.0,80.55256355872082,False,bayesian_ridge,0.0
WorkStat10_8.0,195.1843227678509,False,bayesian_ridge,0.0
WorkStat10_8.0,85.67545534229275,False,bayesian_ridge,0.0
WorkStat10_8.0,90.48521801700372,False,bayesian_ridge,0.0
WorkStat10_8.0,78.84986244411513,False,bayesian_ridge,0.0
WorkStat10_8.0,103.22682936072793,True,bayesian_ridge,38.10038451667569
WorkStat10_8.0,103.22643951037607,True,bayesian_ridge,38.101497767800836
WorkStat10_8.0,103.2260496600242,True,bayesian_ridge,38.102858363893986
WorkStat10_8.0,103.22565980967234,True,bayesian_ridge,38.10446627845931
WorkStat10_8.0,103.22526995932049,True,bayesian_ridge,38.106321480189635
WorkStat10_8.0,103.22488010896862,True,bayesian_ridge,38.108423932969515
WorkStat10_8.0,103.22449025861675,True,bayesian_ridge,38.11077359587874
WorkStat10_8.0,98.97402824914792,False,simple_exp,0.0
WorkStat10_8.0,92.8772709558164,False,simple_exp,0.0
WorkStat10_8.0,80.55256355872082,False,simple_exp,0.0
WorkStat10_8.0,195.1843227678509,False,simple_exp,0.0
WorkStat10_8.0,85.67545534229275,False,simple_exp,0.0
WorkStat10_8.0,90.48521801700372,False,simple_exp,0.0
WorkStat10_8.0,78.84986244411513,False,simple_exp,0.0
WorkStat10_8.0,98.97402869291224,True,simple_exp,0.0
WorkStat10_8.0,98.97402869291224,True,simple_exp,0.0
WorkStat10_8.0,98.97402869291224,True,simple_exp,0.0
WorkStat10_8.0,98.97402869291224,True,simple_exp,0.0
WorkStat10_8.0,98.97402869291224,True,simple_exp,0.0
WorkStat10_8.0,98.97402869291224,True,simple_exp,0.0
WorkStat10_8.0,98.97402869291224,True,simple_exp,0.0
WorkStat10_8.0,98.97402824914792,False,exp,0.0
WorkStat10_8.0,92.8772709558164,False,exp,0.0
WorkStat10_8.0,80.55256355872082,False,exp,0.0
WorkStat10_8.0,195.1843227678509,False,exp,0.0
WorkStat10_8.0,85.67545534229275,False,exp,0.0
WorkStat10_8.0,90.48521801700372,False,exp,0.0
WorkStat10_8.0,78.84986244411513,False,exp,0.0
WorkStat10_8.0,103.22838607845068,True,exp,0.0
WorkStat10_8.0,103.22838607845068,True,exp,0.0
WorkStat10_8.0,103.22838607845068,True,exp,0.0
WorkStat10_8.0,103.22838607845068,True,exp,0.0
WorkStat10_8.0,103.22838607845068,True,exp,0.0
WorkStat10_8.0,103.22838607845068,True,exp,0.0
WorkStat10_8.0,103.22838607845068,True,exp,0.0
WorkStat10_8.0,98.97402824914792,False,holt,0.0
WorkStat10_8.0,92.8772709558164,False,holt,0.0
WorkStat10_8.0,80.55256355872082,False,holt,0.0
WorkStat10_8.0,195.1843227678509,False,holt,0.0
WorkStat10_8.0,85.67545534229275,False,holt,0.0
WorkStat10_8.0,90.48521801700372,False,holt,0.0
WorkStat10_8.0,78.84986244411513,False,holt,0.0
WorkStat10_8.0,82.68825569829357,True,holt,0.0
WorkStat10_8.0,81.90921223028691,True,holt,0.0
WorkStat10_8.0,81.28597745588158,True,holt,0.0
WorkStat10_8.0,80.7873896363573,True,holt,0.0
WorkStat10_8.0,80.38851938073789,True,holt,0.0
WorkStat10_8.0,80.06942317624237,True,holt,0.0
WorkStat10_8.0,79.81414621264594,True,holt,0.0
WorkStat10_9.0,-5.416456921586111,False,bayesian_ridge,0.0
WorkStat10_9.0,42.57628212970548,False,bayesian_ridge,0.0
WorkStat10_9.0,50.593185570046906,False,bayesian_ridge,0.0
WorkStat10_9.0,6.437882823311103,False,bayesian_ridge,0.0
WorkStat10_9.0,41.24691884375851,False,bayesian_ridge,0.0
WorkStat10_9.0,2.6736358690409467,False,bayesian_ridge,0.0
WorkStat10_9.0,32.08632189399761,False,bayesian_ridge,0.0
WorkStat10_9.0,24.31464201401944,True,bayesian_ridge,20.852041844494384
WorkStat10_9.0,24.314810724371643,True,bayesian_ridge,20.852719536978892
WorkStat10_9.0,24.314979434723845,True,bayesian_ridge,20.853547797884907
WorkStat10_9.0,24.315148145076048,True,bayesian_ridge,20.854526609272437
WorkStat10_9.0,24.31531685542825,True,bayesian_ridge,20.855655949944282
WorkStat10_9.0,24.315485565780453,True,bayesian_ridge,20.856935795448315
WorkStat10_9.0,24.31565427613266,True,bayesian_ridge,20.858366118080117
WorkStat10_9.0,-5.416456921586111,False,simple_exp,0.0
WorkStat10_9.0,42.57628212970548,False,simple_exp,0.0
WorkStat10_9.0,50.593185570046906,False,simple_exp,0.0
WorkStat10_9.0,6.437882823311103,False,simple_exp,0.0
WorkStat10_9.0,41.24691884375851,False,simple_exp,0.0
WorkStat10_9.0,2.6736358690409467,False,simple_exp,0.0
WorkStat10_9.0,32.08632189399761,False,simple_exp,0.0
WorkStat10_9.0,23.388777188282415,True,simple_exp,0.0
WorkStat10_9.0,23.388777188282415,True,simple_exp,0.0
WorkStat10_9.0,23.388777188282415,True,simple_exp,0.0
WorkStat10_9.0,23.388777188282415,True,simple_exp,0.0
WorkStat10_9.0,23.388777188282415,True,simple_exp,0.0
WorkStat10_9.0,23.388777188282415,True,simple_exp,0.0
WorkStat10_9.0,23.388777188282415,True,simple_exp,0.0
WorkStat10_9.0,-5.416456921586111,False,exp,0.0
WorkStat10_9.0,42.57628212970548,False,exp,0.0
WorkStat10_9.0,50.593185570046906,False,exp,0.0
WorkStat10_9.0,6.437882823311103,False,exp,0.0
WorkStat10_9.0,41.24691884375851,False,exp,0.0
WorkStat10_9.0,2.6736358690409467,False,exp,0.0
WorkStat10_9.0,32.08632189399761,False,exp,0.0
WorkStat10_9.0,24.31396778824411,True,exp,0.0
WorkStat10_9.0,24.31396778824411,True,exp,0.0
WorkStat10_9.0,24.31396778824411,True,exp,0.0
WorkStat10_9.0,24.31396778824411,True,exp,0.0
WorkStat10_9.0,24.31396778824411,True,exp,0.0
WorkStat10_9.0,24.31396778824411,True,exp,0.0
WorkStat10_9.0,24.31396778824411,True,exp,0.0
WorkStat10_9.0,-5.416456921586111,False,holt,0.0
WorkStat10_9.0,42.57628212970548,False,holt,0.0
WorkStat10_9.0,50.593185570046906,False,holt,0.0
WorkStat10_9.0,6.437882823311103,False,holt,0.0
WorkStat10_9.0,41.24691884375851,False,holt,0.0
WorkStat10_9.0,2.6736358690409467,False,holt,0.0
WorkStat10_9.0,32.08632189399761,False,holt,0.0
WorkStat10_9.0,20.553720243851725,True,holt,0.0
WorkStat10_9.0,19.37026898187919,True,holt,0.0
WorkStat10_9.0,18.423507972301163,True,holt,0.0
WorkStat10_9.0,17.666099164638737,True,holt,0.0
WorkStat10_9.0,17.060172118508802,True,holt,0.0
WorkStat10_9.0,16.57543048160485,True,holt,0.0
WorkStat10_9.0,16.18763717208169,True,holt,0.0
motivd_POP,-0.2240814120837875,False,bayesian_ridge,0.0
motivd_POP,1.1656912553548615,False,bayesian_ridge,0.0
motivd_POP,2.788502954586747,False,bayesian_ridge,0.0
motivd_POP,-0.1608260764266678,False,bayesian_ridge,0.0
motivd_POP,3.5351631833568486,False,bayesian_ridge,0.0
motivd_POP,6.753236018653297,False,bayesian_ridge,0.0
motivd_POP,11.169892850638233,False,bayesian_ridge,0.0
motivd_POP,9.77572367544815,True,bayesian_ridge,2.615371162628525
motivd_POP,11.325812495235919,True,bayesian_ridge,2.8611169981256794
motivd_POP,12.875901315023688,True,bayesian_ridge,3.135424480174118
motivd_POP,14.425990134811457,True,bayesian_ridge,3.4314508447656955
motivd_POP,15.976078954599226,True,bayesian_ridge,3.74404796503302
motivd_POP,17.526167774386995,True,bayesian_ridge,4.069398906982358
motivd_POP,19.076256594174765,True,bayesian_ridge,4.404678399053347
motivd_POP,-0.2240814120837875,False,simple_exp,0.0
motivd_POP,1.1656912553548615,False,simple_exp,0.0
motivd_POP,2.788502954586747,False,simple_exp,0.0
motivd_POP,-0.1608260764266678,False,simple_exp,0.0
motivd_POP,3.5351631833568486,False,simple_exp,0.0
motivd_POP,6.753236018653297,False,simple_exp,0.0
motivd_POP,11.169892850638233,False,simple_exp,0.0
motivd_POP,11.169892784824915,True,simple_exp,0.0
motivd_POP,11.169892784824915,True,simple_exp,0.0
motivd_POP,11.169892784824915,True,simple_exp,0.0
motivd_POP,11.169892784824915,True,simple_exp,0.0
motivd_POP,11.169892784824915,True,simple_exp,0.0
motivd_POP,11.169892784824915,True,simple_exp,0.0
motivd_POP,11.169892784824915,True,simple_exp,0.0
motivd_POP,-0.2240814120837875,False,exp,0.0
motivd_POP,1.1656912553548615,False,exp,0.0
motivd_POP,2.788502954586747,False,exp,0.0
motivd_POP,-0.1608260764266678,False,exp,0.0
motivd_POP,3.5351631833568486,False,exp,0.0
motivd_POP,6.753236018653297,False,exp,0.0
motivd_POP,11.169892850638233,False,exp,0.0
motivd_POP,11.169892784824915,True,exp,0.0
motivd_POP,11.169892784824915,True,exp,0.0
motivd_POP,11.169892784824915,True,exp,0.0
motivd_POP,11.169892784824915,True,exp,0.0
motivd_POP,11.169892784824915,True,exp,0.0
motivd_POP,11.169892784824915,True,exp,0.0
motivd_POP,11.169892784824915,True,exp,0.0
motivd_POP,-0.2240814120837875,False,holt,0.0
motivd_POP,1.1656912553548615,False,holt,0.0
motivd_POP,2.788502954586747,False,holt,0.0
motivd_POP,-0.1608260764266678,False,holt,0.0
motivd_POP,3.5351631833568486,False,holt,0.0
motivd_POP,6.753236018653297,False,holt,0.0
motivd_POP,11.169892850638233,False,holt,0.0
motivd_POP,12.37696789897578,True,holt,0.0
motivd_POP,13.705437108066572,True,holt,0.0
motivd_POP,15.027263971111909,True,holt,0.0
motivd_POP,16.34248169984202,True,holt,0.0
motivd_POP,17.65112333992848,True,holt,0.0
motivd_POP,18.953221771814505,True,holt,0.0
motivd_POP,20.248809711541107,True,holt,0.0
nadult,-5.741054105491905,False,bayesian_ridge,0.0
nadult,5.867301709464101,False,bayesian_ridge,0.0
nadult,1.524026930188915,False,bayesian_ridge,0.0
nadult,7.387349055828651,False,bayesian_ridge,0.0
nadult,6.0235877326390685,False,bayesian_ridge,0.0
nadult,5.540506491256503,False,bayesian_ridge,0.0
nadult,2.49210534831823,False,bayesian_ridge,0.0
nadult,5.226816859348302,True,bayesian_ridge,4.417032497124811
nadult,5.708741675535251,True,bayesian_ridge,4.673774956512755
nadult,6.190666491722199,True,bayesian_ridge,4.9695909735028945
nadult,6.672591307909148,True,bayesian_ridge,5.297939446619183
nadult,7.154516124096096,True,bayesian_ridge,5.653154531099621
nadult,7.636440940283045,True,bayesian_ridge,6.030490507518212
nadult,8.118365756469993,True,bayesian_ridge,6.426051758768273
nadult,-5.741054105491905,False,simple_exp,0.0
nadult,5.867301709464101,False,simple_exp,0.0
nadult,1.524026930188915,False,simple_exp,0.0
nadult,7.387349055828651,False,simple_exp,0.0
nadult,6.0235877326390685,False,simple_exp,0.0
nadult,5.540506491256503,False,simple_exp,0.0
nadult,2.49210534831823,False,simple_exp,0.0
nadult,3.386891544780057,True,simple_exp,0.0
nadult,3.386891544780057,True,simple_exp,0.0
nadult,3.386891544780057,True,simple_exp,0.0
nadult,3.386891544780057,True,simple_exp,0.0
nadult,3.386891544780057,True,simple_exp,0.0
nadult,3.386891544780057,True,simple_exp,0.0
nadult,3.386891544780057,True,simple_exp,0.0
nadult,-5.741054105491905,False,exp,0.0
nadult,5.867301709464101,False,exp,0.0
nadult,1.524026930188915,False,exp,0.0
nadult,7.387349055828651,False,exp,0.0
nadult,6.0235877326390685,False,exp,0.0
nadult,5.540506491256503,False,exp,0.0
nadult,2.49210534831823,False,exp,0.0
nadult,3.2991176128041126,True,exp,0.0
nadult,3.2991176128041126,True,exp,0.0
nadult,3.2991176128041126,True,exp,0.0
nadult,3.2991176128041126,True,exp,0.0
nadult,3.2991176128041126,True,exp,0.0
nadult,3.2991176128041126,True,exp,0.0
nadult,3.2991176128041126,True,exp,0.0
nadult,-5.741054105491905,False,holt,0.0
nadult,5.867301709464101,False,holt,0.0
nadult,1.524026930188915,False,holt,0.0
nadult,7.387349055828651,False,holt,0.0
nadult,6.0235877326390685,False,holt,0.0
nadult,5.540506491256503,False,holt,0.0
nadult,2.49210534831823,False,holt,0.0
nadult,2.8884349343173676,True,holt,0.0
nadult,1.9688234934354787,True,holt,0.0
nadult,1.233134340729967,True,holt,0.0
nadult,0.6445830185655579,True,holt,0.0
nadult,0.1737419608340307,True,holt,0.0
nadult,-0.20293088535119086,True,holt,0.0
nadult,-0.5042691622993685,True,holt,0.0
nchild,3.916386434596242,False,bayesian_ridge,0.0
nchild,-2.231612433895769,False,bayesian_ridge,0.0
nchild,2.595354923888249,False,bayesian_ridge,0.0
nchild,-1.6767541021115218,False,bayesian_ridge,0.0
nchild,3.022073299871608,False,bayesian_ridge,0.0
nchild,-1.2810056769277378,False,bayesian_ridge,0.0
nchild,-3.718137320774884,False,bayesian_ridge,0.0
nchild,-1.5779992973102157,True,bayesian_ridge,2.944421318779147
nchild,-1.9948671618037048,True,bayesian_ridge,3.1406138880380965
nchild,-2.411735026297194,True,bayesian_ridge,3.364905908333891
nchild,-2.828602890790683,True,bayesian_ridge,3.612066643500478
nchild,-3.245470755284172,True,bayesian_ridge,3.8777256980327026
nchild,-3.6623386197776613,True,bayesian_ridge,4.15833923919436
nchild,-4.07920648427115,True,bayesian_ridge,4.451079796432521
nchild,3.916386434596242,False,simple_exp,0.0
nchild,-2.231612433895769,False,simple_exp,0.0
nchild,2.595354923888249,False,simple_exp,0.0
nchild,-1.6767541021115218,False,simple_exp,0.0
nchild,3.022073299871608,False,simple_exp,0.0
nchild,-1.2810056769277378,False,simple_exp,0.0
nchild,-3.718137320774884,False,simple_exp,0.0
nchild,-1.3613193589213655,True,simple_exp,0.0
nchild,-1.3613193589213655,True,simple_exp,0.0
nchild,-1.3613193589213655,True,simple_exp,0.0
nchild,-1.3613193589213655,True,simple_exp,0.0
nchild,-1.3613193589213655,True,simple_exp,0.0
nchild,-1.3613193589213655,True,simple_exp,0.0
nchild,-1.3613193589213655,True,simple_exp,0.0
nchild,3.916386434596242,False,exp,0.0
nchild,-2.231612433895769,False,exp,0.0
nchild,2.595354923888249,False,exp,0.0
nchild,-1.6767541021115218,False,exp,0.0
nchild,3.022073299871608,False,exp,0.0
nchild,-1.2810056769277378,False,exp,0.0
nchild,-3.718137320774884,False,exp,0.0
nchild,0.08947216748801229,True,exp,0.0
nchild,0.08947216748801229,True,exp,0.0
nchild,0.08947216748801229,True,exp,0.0
nchild,0.08947216748801229,True,exp,0.0
nchild,0.08947216748801229,True,exp,0.0
nchild,0.08947216748801229,True,exp,0.0
nchild,0.08947216748801229,True,exp,0.0
nchild,3.916386434596242,False,holt,0.0
nchild,-2.231612433895769,False,holt,0.0
nchild,2.595354923888249,False,holt,0.0
nchild,-1.6767541021115218,False,holt,0.0
nchild,3.022073299871608,False,holt,0.0
nchild,-1.2810056769277378,False,holt,0.0
nchild,-3.718137320774884,False,holt,0.0
nchild,-2.9903427397227467,True,holt,0.0
nchild,-3.738812421575723,True,holt,0.0
nchild,-4.3375881670581045,True,holt,0.0
nchild,-4.816608763444011,True,holt,0.0
nchild,-5.199825240552734,True,holt,0.0
nchild,-5.506398422239713,True,holt,0.0
nchild,-5.751656967589296,True,holt,0.0
