Age9,Educ6,IMD10,NSSEC5,Motiva_POP,motivd_POP,inclus_a,comm1,happy,lifesat,lone,worthw,Eth7_2.0,Eth7_3.0,Eth7_4.0,Eth7_5.0,Eth7_6.0,Eth7_7.0,Gend3_2.0,Gend3_3.0,HHLiv12_2.0,HHLiv12_3.0,HHLiv12_4.0,HHLiv12_5.0,HHLiv12_6.0,HHLiv12_7.0,HHLiv12_8.0,HHLiv12_9.0,HHLiv12_10.0,HHLiv12_11.0,HHLiv12_12.0,WorkStat10_2.0,WorkStat10_3.0,WorkStat10_4.0,WorkStat10_5.0,WorkStat10_6.0,WorkStat10_7.0,WorkStat10_8.0,WorkStat10_9.0,WorkStat10_10.0,PREDS_inclus_a,PERTURBED_PREDS_inclus_a,DIFFERENCE_inclus_a,PREDS_comm1,PERTURBED_PREDS_comm1,DIFFERENCE_comm1,PREDS_happy,PERTURBED_PREDS_happy,DIFFERENCE_happy,PREDS_lifesat,PERTURBED_PREDS_lifesat,DIFFERENCE_lifesat,PREDS_lone,PERTURBED_PREDS_lone,DIFFERENCE_lone,PREDS_worthw,PERTURBED_PREDS_worthw,DIFFERENCE_worthw
5.0,1.0,4.0,1.0,1.0,4.0,1.0,4.0,3.0,5.0,2.0,5.0,0.0,1.0,0.0,0.0,0.0,0.0,0.0,0.0,0.0,0.0,0.0,0.0,1.0,0.0,0.0,0.0,0.0,0.0,0.0,0.0,0.0,0.0,0.0,0.0,0.0,0.0,0.0,0.0,0.7165719345434778,0.6742034154031524,-0.042368519140325356,0.7165719345434778,0.6974608131433091,-0.019111121400168685,0.7165719345434778,0.7246802622601506,0.008108327716672803,0.7165719345434778,0.7257492741504642,0.009177339606986412,0.7165719345434778,0.7018026986735629,-0.014769235869914854,0.7165719345434778,0.7159747941464317,-0.0005971403970460587
5.0,1.0,8.0,1.0,3.0,5.0,2.0,3.0,6.0,8.0,3.0,9.0,0.0,0.0,1.0,0.0,0.0,0.0,1.0,0.0,0.0,0.0,0.0,0.0,1.0,0.0,0.0,0.0,0.0,0.0,0.0,0.0,0.0,0.0,0.0,0.0,0.0,0.0,0.0,0.0,0.6103742355189068,0.5618377766019216,-0.048536458916985215,0.6103742355189068,0.5882173356976387,-0.022156899821268117,0.6103742355189068,0.6199091705128704,0.009534934993963629,0.6103742355189068,0.6211723296605921,0.01079809414168531,0.6103742355189068,0.5932126191928405,-0.017161616326066276,0.6103742355189068,0.6096752276201408,-0.0006990078987659798
3.0,2.0,2.0,1.0,1.0,4.0,1.0,4.0,10.0,10.0,3.0,9.0,0.0,0.0,0.0,0.0,0.0,1.0,1.0,0.0,0.0,1.0,0.0,0.0,0.0,0.0,0.0,0.0,0.0,0.0,0.0,1.0,0.0,0.0,0.0,0.0,0.0,0.0,0.0,0.0,0.8185457899414239,0.7868873789542391,-0.031658410987184804,0.8185457899414239,0.8044340360554241,-0.014111753885999834,,,,,,,0.8185457899414239,0.8076640599194976,-0.010881730021926272,0.8185457899414239,0.8181089583245555,-0.0004368316168683606
6.0,1.0,6.0,4.0,2.0,5.0,2.0,3.0,9.0,9.0,5.0,9.0,0.0,1.0,0.0,0.0,0.0,0.0,0.0,0.0,0.0,0.0,0.0,0.0,0.0,1.0,0.0,0.0,0.0,0.0,0.0,0.0,0.0,0.0,1.0,0.0,0.0,0.0,0.0,0.0,0.6203749456251347,0.5722111538373746,-0.04816379178776009,0.6203749456251347,0.5984125813842522,-0.021962364240882493,0.6203749456251347,0.6298135741022568,0.009438628477122069,0.6203749456251347,0.6310634073294343,0.010688461704299601,,,,0.6203749456251347,0.6196827001814248,-0.0006922454437099379
3.0,1.0,7.0,1.0,1.0,2.0,2.0,3.0,7.0,6.0,3.0,7.0,1.0,0.0,0.0,0.0,0.0,0.0,0.0,0.0,1.0,0.0,0.0,0.0,0.0,0.0,0.0,0.0,0.0,0.0,0.0,0.0,0.0,0.0,0.0,0.0,0.0,0.0,0.0,0.0,0.8829953358050587,0.8606674282123241,-0.02232790759273462,0.8829953358050587,0.8731189039228326,-0.009876431882226089,0.8829953358050587,0.8870927911818547,0.004097455376795955,0.8829953358050587,0.8876289725506848,0.004633636745626113,0.8829953358050587,0.8753902343530734,-0.007605101451985341,0.8829953358050587,0.8826914237352893,-0.00030391206976942975
4.0,1.0,5.0,2.0,1.0,4.0,2.0,4.0,8.0,7.0,4.0,7.0,1.0,0.0,0.0,0.0,0.0,0.0,1.0,0.0,0.0,0.0,0.0,0.0,1.0,0.0,0.0,0.0,0.0,0.0,0.0,0.0,0.0,0.0,0.0,0.0,0.0,0.0,0.0,0.0,0.8056945438190158,0.7724173643874856,-0.03327717943153019,0.8056945438190158,0.7908387305039326,-0.014855813315083233,0.8056945438190158,0.8119224426644656,0.00622789884544972,0.8056945438190158,0.8127402430645221,0.007045699245506243,0.8056945438190158,0.7942358628197709,-0.011458680999244963,0.8056945438190158,0.8052341356295132,-0.00046040818950265905
4.0,1.0,3.0,1.0,1.0,3.0,2.0,3.0,8.0,7.0,3.0,6.0,1.0,0.0,0.0,0.0,0.0,0.0,0.0,0.0,0.0,0.0,0.0,0.0,0.0,0.0,0.0,0.0,0.0,0.0,0.0,0.0,0.0,0.0,0.0,0.0,0.0,0.0,0.0,0.0,0.846104296116046,0.8181860550057125,-0.027918241110333475,0.846104296116046,0.8337003467298186,-0.012403949386227353,0.846104296116046,0.8512760628215212,0.005171766705475256,0.846104296116046,0.8519539471155384,0.005849650999492417,0.846104296116046,0.8365452169849056,-0.009559079131140402,0.846104296116046,0.8457213041764363,-0.00038299193960966704
5.0,1.0,5.0,1.0,3.0,5.0,2.0,3.0,9.0,9.0,5.0,9.0,0.0,1.0,0.0,0.0,0.0,0.0,0.0,0.0,0.0,0.0,0.0,0.0,1.0,0.0,0.0,0.0,0.0,0.0,0.0,0.0,0.0,0.0,0.0,0.0,0.0,0.0,0.0,0.0,0.6202776524710873,0.5721100307547622,-0.04816762171632516,0.6202776524710873,0.5983133040655733,-0.02196434840551409,0.6202776524710873,0.629717256122419,0.009439603651331674,0.6202776524710873,0.6309672239984114,0.010689571527324082,,,,0.6202776524710873,0.619585338403913,-0.0006923140671742933
5.0,3.0,5.0,3.0,4.0,5.0,3.0,3.0,5.0,4.0,3.0,6.0,1.0,0.0,0.0,0.0,0.0,0.0,1.0,0.0,0.0,1.0,0.0,0.0,0.0,0.0,0.0,0.0,0.0,0.0,0.0,0.0,0.0,0.0,0.0,0.0,0.0,0.0,0.0,0.0,0.36426610845006735,0.3192638240471439,-0.045002284402923476,0.36426610845006735,0.3431743087102167,-0.021091799739850647,0.36426610845006735,0.3736433395179878,0.009377231067920433,0.36426610845006735,0.37489964515291385,0.010633536702846502,0.36426610845006735,0.3478464875069742,-0.016419620943093127,0.36426610845006735,0.36358593714100645,-0.0006801713090608952
5.0,1.0,7.0,1.0,1.0,4.0,3.0,4.0,8.0,8.0,5.0,8.0,1.0,0.0,0.0,0.0,0.0,0.0,0.0,0.0,0.0,0.0,0.0,0.0,1.0,0.0,0.0,0.0,0.0,0.0,0.0,0.0,0.0,0.0,0.0,0.0,0.0,0.0,0.0,0.0,0.8020724394569325,0.7683532825610311,-0.033719156895901436,0.8020724394569325,0.7870129020656877,-0.01505953739124477,0.8020724394569325,0.8083888242743795,0.006316384817447007,0.8020724394569325,0.8092183792111205,0.00714593975418798,,,,0.8020724394569325,0.8016055620471754,-0.0004668774097571493
5.0,1.0,9.0,1.0,1.0,5.0,1.0,3.0,10.0,10.0,3.0,9.0,0.0,1.0,0.0,0.0,0.0,0.0,1.0,0.0,0.0,0.0,0.0,0.0,0.0,0.0,0.0,0.0,0.0,0.0,0.0,0.0,0.0,0.0,0.0,0.0,0.0,0.0,0.0,0.0,0.8579762780903176,0.8317835519616346,-0.026192726128683064,0.8579762780903176,0.8463554469589811,-0.011620831131336495,,,,,,,0.8579762780903176,0.8490230324136275,-0.008953245676690091,0.8579762780903176,0.8576178594624524,-0.00035841862786523127
6.0,1.0,2.0,1.0,1.0,4.0,2.0,3.0,10.0,10.0,5.0,10.0,0.0,0.0,1.0,0.0,0.0,0.0,1.0,0.0,0.0,0.0,0.0,0.0,0.0,0.0,0.0,0.0,0.0,0.0,0.0,0.0,0.0,0.0,1.0,0.0,0.0,0.0,0.0,0.0,0.706260312679774,0.6630751215633404,-0.0431851911164336,0.706260312679774,0.6867578363734163,-0.019502476306357708,,,,,,,,,,,,
4.0,1.0,3.0,1.0,1.0,5.0,1.0,2.0,8.0,7.0,4.0,10.0,1.0,0.0,0.0,0.0,0.0,0.0,0.0,0.0,1.0,0.0,0.0,0.0,0.0,0.0,0.0,0.0,0.0,0.0,0.0,0.0,0.0,0.0,0.0,0.0,0.0,0.0,0.0,0.0,0.9225830780511604,0.9070141241002487,-0.015568953950911624,0.9225830780511604,0.9157293551235526,-0.006853722927607775,0.9225830780511604,0.9254112948918517,0.0028282168406913444,0.9225830780511604,0.9257807313768647,0.0031976533257043194,0.9225830780511604,0.9173101452490117,-0.005272932802148689,,,
5.0,1.0,7.0,1.0,2.0,3.0,3.0,4.0,7.0,7.0,5.0,8.0,0.0,0.0,0.0,0.0,0.0,0.0,0.0,0.0,0.0,0.0,0.0,1.0,0.0,0.0,0.0,0.0,0.0,0.0,0.0,0.0,0.0,0.0,0.0,0.0,0.0,0.0,0.0,0.0,0.7805702153470159,0.7443554692460603,-0.03621474610095554,0.7805702153470159,0.7643553117180689,-0.016214903628946953,0.7805702153470159,0.7873909000849615,0.006820684737945615,0.7805702153470159,0.788287554512486,0.007717339165470127,,,,0.7805702153470159,0.7800665256291129,-0.0005036897179029332
5.0,3.0,4.0,2.0,4.0,5.0,2.0,2.0,7.0,2.0,2.0,2.0,1.0,0.0,0.0,0.0,0.0,0.0,1.0,0.0,0.0,0.0,0.0,1.0,0.0,0.0,0.0,0.0,0.0,0.0,0.0,0.0,0.0,0.0,0.0,0.0,0.0,0.0,0.0,0.0,0.5332655500306945,0.4832556191515599,-0.050009930879134634,0.5332655500306945,0.5102421379738746,-0.023023412056819903,0.5332655500306945,0.543275501855189,0.01000995182449449,0.5332655500306945,0.544606248886112,0.011340698855417441,0.5332655500306945,0.5154040541414445,-0.017861495889250012,0.5332655500306945,0.5325341530048034,-0.0007313970258910896
3.0,1.0,3.0,1.0,1.0,5.0,2.0,1.0,8.0,9.0,5.0,10.0,0.0,0.0,0.0,0.0,0.0,0.0,1.0,0.0,0.0,0.0,0.0,1.0,0.0,0.0,0.0,0.0,0.0,0.0,0.0,0.0,0.0,0.0,0.0,0.0,0.0,0.0,0.0,0.0,0.9269765264032431,0.9122070400643092,-0.014769486338933935,0.9269765264032431,0.9204782300061126,-0.00649829639713051,0.9269765264032431,0.9296564782812394,0.0026799518779963005,0.9269765264032431,0.9300064787771944,0.0030299523739513168,,,,,,
3.0,1.0,3.0,1.0,3.0,4.0,5.0,2.0,5.0,5.0,3.0,5.0,0.0,0.0,0.0,0.0,0.0,0.0,1.0,0.0,0.0,0.0,0.0,0.0,0.0,0.0,0.0,0.0,1.0,0.0,0.0,0.0,0.0,0.0,0.0,0.0,0.0,0.0,0.0,0.0,,,,0.6436566507709631,0.6222209925505504,-0.021435658220412712,0.6436566507709631,0.652840350056685,0.009183699285721825,0.6436566507709631,0.6540551427890723,0.010398492018109162,0.6436566507709631,0.6270653066552297,-0.016591344115733375,0.6436566507709631,0.6429824276704386,-0.0006742231005245625
5.0,1.0,10.0,1.0,2.0,2.0,2.0,4.0,8.0,8.0,2.0,8.0,0.0,0.0,0.0,0.0,0.0,0.0,0.0,0.0,0.0,0.0,0.0,1.0,0.0,0.0,0.0,0.0,0.0,0.0,0.0,0.0,0.0,0.0,0.0,0.0,0.0,0.0,0.0,0.0,0.8510318200648656,0.8238213503469869,-0.02721046971787866,0.8510318200648656,0.8389494313793597,-0.012082388685505818,0.8510318200648656,0.8560661636428866,0.005034343578021017,0.8510318200648656,0.8567258892940972,0.0056940692292316575,0.8510318200648656,0.8417215538362054,-0.009310266228660158,0.8510318200648656,0.8506589265399312,-0.0003728935249343035
7.0,1.0,10.0,2.0,2.0,4.0,2.0,4.0,8.0,8.0,3.0,8.0,0.0,0.0,0.0,0.0,0.0,0.0,1.0,0.0,0.0,0.0,0.0,1.0,0.0,0.0,0.0,0.0,0.0,0.0,0.0,0.0,0.0,0.0,1.0,0.0,0.0,0.0,0.0,0.0,0.8176986767431562,0.7859311216594548,-0.03176755508370144,0.8176986767431562,0.803536854827712,-0.01416182191544424,0.8176986767431562,0.8236260448715481,0.005927368128391897,0.8176986767431562,0.8244039615851309,0.006705284841974635,0.8176986767431562,0.806778137545957,-0.010920539197199264,0.8176986767431562,0.81726026107171,-0.00043841567144620175
3.0,1.0,3.0,1.0,1.0,4.0,2.0,3.0,7.0,6.0,3.0,7.0,0.0,1.0,0.0,0.0,0.0,0.0,0.0,0.0,1.0,0.0,0.0,0.0,0.0,0.0,0.0,0.0,0.0,0.0,0.0,0.0,0.0,0.0,0.0,0.0,0.0,0.0,0.0,0.0,0.8239306154374003,0.7929740819054404,-0.03095653353195993,0.8239306154374003,0.8101405063948615,-0.013790109042538856,0.8239306154374003,0.829697558536755,0.00576694309935466,0.8239306154374003,0.8304542087223502,0.006523593284949891,0.8239306154374003,0.8132981550519904,-0.010632460385409881,0.8239306154374003,0.8235039520267521,-0.00042666341064823143
4.0,1.0,10.0,1.0,1.0,2.0,2.0,4.0,6.0,9.0,3.0,7.0,0.0,0.0,0.0,0.0,0.0,0.0,1.0,0.0,0.0,0.0,0.0,1.0,0.0,0.0,0.0,0.0,0.0,0.0,0.0,0.0,0.0,0.0,0.0,0.0,0.0,0.0,0.0,0.0,0.8824157354580482,0.8599947603533802,-0.022420975104668006,0.8824157354580482,0.8724974437474334,-0.009918291710614757,0.8824157354580482,0.8865308798928078,0.004115144434759577,0.8824157354580482,0.8870693900000494,0.004653654542001173,0.8824157354580482,0.8747783035703109,-0.007637431887737245,0.8824157354580482,0.8821105189109779,-0.000305216547070275
5.0,2.0,2.0,3.0,2.0,3.0,2.0,4.0,10.0,8.0,5.0,8.0,0.0,0.0,1.0,0.0,0.0,0.0,1.0,0.0,0.0,1.0,0.0,0.0,0.0,0.0,0.0,0.0,0.0,0.0,0.0,1.0,0.0,0.0,0.0,0.0,0.0,0.0,0.0,0.0,0.41127105606614145,0.3637846558189905,-0.04748640024715095,0.41127105606614145,0.3891234737258257,-0.022147582340315775,,,,0.41127105606614145,0.422365122876336,0.011094066810194536,,,,0.41127105606614145,0.41055979723007896,-0.0007112588360624894
3.0,1.0,5.0,1.0,3.0,3.0,3.0,3.0,7.0,5.0,3.0,6.0,0.0,0.0,0.0,0.0,0.0,0.0,0.0,0.0,0.0,0.0,0.0,1.0,0.0,0.0,0.0,0.0,0.0,0.0,0.0,1.0,0.0,0.0,0.0,0.0,0.0,0.0,0.0,0.0,0.7876702271118912,0.7522553558203824,-0.035414871291508776,0.7876702271118912,0.7718266167440669,-0.015843610367824223,0.7876702271118912,0.7943283679293636,0.006658140817472402,0.7876702271118912,0.7952033742435821,0.007533147131690954,0.7876702271118912,0.7754448586826258,-0.01222536842926536,0.7876702271118912,0.7871783915510882,-0.0004918355608030112
5.0,1.0,6.0,1.0,1.0,5.0,2.0,4.0,7.0,8.0,3.0,7.0,0.0,0.0,0.0,0.0,0.0,0.0,1.0,0.0,0.0,0.0,0.0,0.0,1.0,0.0,0.0,0.0,0.0,0.0,0.0,1.0,0.0,0.0,0.0,0.0,0.0,0.0,0.0,0.0,0.8927716198461423,0.8720389555545232,-0.02073266429161913,0.8927716198461423,0.88361163660741,-0.009159983238732239,0.8927716198461423,0.8965668176391783,0.0037951977930360536,0.8927716198461423,0.8970632287808282,0.004291608934685942,0.8927716198461423,0.8857197189725408,-0.007051900873601524,0.8927716198461423,0.892490009260746,-0.0002816105853963302
6.0,1.0,6.0,1.0,2.0,4.0,2.0,5.0,8.0,8.0,4.0,8.0,0.0,0.0,0.0,0.0,0.0,0.0,1.0,0.0,0.0,0.0,0.0,0.0,0.0,0.0,0.0,0.0,0.0,0.0,0.0,0.0,0.0,0.0,0.0,0.0,0.0,0.0,0.0,0.0,0.7967690698731434,0.762414051831324,-0.034355018041819396,,,,0.7967690698731434,0.8032131752939486,0.006444105420805202,0.7967690698731434,0.8040597063503113,0.007290636477167878,0.7967690698731434,0.7849245393467928,-0.011844530526350594,0.7967690698731434,0.7962928598926895,-0.00047620998045394547
3.0,1.0,5.0,1.0,3.0,4.0,2.0,2.0,8.0,8.0,4.0,8.0,0.0,0.0,0.0,0.0,1.0,0.0,1.0,0.0,0.0,0.0,0.0,1.0,0.0,0.0,0.0,0.0,0.0,0.0,0.0,0.0,0.0,0.0,0.0,0.0,0.0,0.0,0.0,0.0,0.8242564603605008,0.7933428474895469,-0.030913612870953955,0.8242564603605008,0.8104860020494937,-0.013770458311007094,0.8242564603605008,0.8300149326735481,0.005758472313047269,0.8242564603605008,0.8307704603812862,0.006514000020785393,0.8242564603605008,0.8136392264023213,-0.010617233958179484,0.8242564603605008,0.8238304177283876,-0.0004260426321132105
6.0,1.0,9.0,1.0,1.0,4.0,1.0,4.0,8.0,8.0,2.0,8.0,0.0,0.0,0.0,0.0,0.0,0.0,0.0,0.0,0.0,0.0,0.0,1.0,0.0,0.0,0.0,0.0,0.0,0.0,0.0,0.0,0.0,0.0,0.0,0.0,0.0,0.0,0.0,0.0,0.9199314432972465,0.9038847866157944,-0.01604665668145211,0.9199314432972465,0.9128651423290921,-0.007066300968154415,0.9199314432972465,0.9228484295719809,0.0029169862747343567,0.9199314432972465,0.9232295068244253,0.003298063527178763,0.9199314432972465,0.9144946439344819,-0.005436799362764644,0.9199314432972465,0.9197147472361697,-0.00021669606107677097
5.0,6.0,2.0,3.0,4.0,5.0,2.0,3.0,3.0,3.0,3.0,6.0,0.0,0.0,0.0,0.0,0.0,0.0,1.0,0.0,1.0,0.0,0.0,0.0,0.0,0.0,0.0,0.0,0.0,0.0,0.0,0.0,0.0,1.0,0.0,0.0,0.0,0.0,0.0,0.0,0.3546718775533774,0.3102763921813462,-0.04439548537203125,0.3546718775533774,0.3338438800168276,-0.020827997536549847,0.3546718775533774,0.3639435181512091,0.009271640597831698,0.3546718775533774,0.3651862248757299,0.010514347322352458,0.3546718775533774,0.338454485867326,-0.016217391686051408,0.3546718775533774,0.35399964539390033,-0.000672232159477093
5.0,1.0,9.0,1.0,1.0,4.0,2.0,4.0,7.0,7.0,3.0,9.0,0.0,0.0,0.0,0.0,0.0,0.0,0.0,0.0,0.0,0.0,0.0,0.0,0.0,1.0,0.0,0.0,0.0,0.0,0.0,0.0,0.0,0.0,0.0,0.0,0.0,0.0,0.0,0.0,0.8979601045555663,0.8780936519050941,-0.019866452650472155,0.8979601045555663,0.8891883339025533,-0.008771770653013045,0.8979601045555663,0.9015919053296356,0.003631800774069327,0.8979601045555663,0.9020668337040639,0.004106729148497634,0.8979601045555663,0.8912078447287884,-0.006752259826777851,0.8979601045555663,0.8976905587802588,-0.00026954577530746704
4.0,1.0,4.0,1.0,1.0,5.0,1.0,4.0,10.0,10.0,4.0,8.0,1.0,0.0,0.0,0.0,0.0,0.0,1.0,0.0,0.0,0.0,0.0,0.0,1.0,0.0,0.0,0.0,0.0,0.0,0.0,0.0,0.0,0.0,0.0,0.0,0.0,0.0,0.0,1.0,0.8834568478385758,0.8612031666228491,-0.022253681215726684,0.8834568478385758,0.8736137964762861,-0.00984305136228969,,,,,,,0.8834568478385758,0.8758775271325906,-0.007579320705985215,0.8834568478385758,0.8831539758872785,-0.00030287195129730105
6.0,1.0,3.0,1.0,3.0,3.0,2.0,3.0,7.0,7.0,3.0,7.0,0.0,0.0,0.0,0.0,0.0,0.0,1.0,0.0,0.0,0.0,0.0,1.0,0.0,0.0,0.0,0.0,0.0,0.0,0.0,0.0,0.0,0.0,1.0,0.0,0.0,0.0,0.0,0.0,0.7190029140341246,0.676833904004944,-0.04216901002918061,0.7190029140341246,0.6999870813242567,-0.019015832709867952,0.7190029140341246,0.7270681850494203,0.008065271015295639,0.7190029140341246,0.7281314034980061,0.00912848946388145,0.7190029140341246,0.7043080819408052,-0.014694832093319454,0.7190029140341246,0.7184088826691732,-0.0005940313649513973
6.0,1.0,3.0,1.0,1.0,5.0,2.0,3.0,9.0,7.0,5.0,8.0,0.0,0.0,0.0,0.0,1.0,0.0,1.0,0.0,0.0,0.0,0.0,0.0,0.0,1.0,0.0,0.0,0.0,0.0,0.0,0.0,0.0,0.0,0.0,0.0,0.0,0.0,0.0,0.0,0.8433561110015211,0.8150483000326451,-0.028307810968876024,0.8433561110015211,0.8307749603670419,-0.012581150634479177,0.8433561110015211,0.8486037069663906,0.005247595964869567,0.8433561110015211,0.8492916154359145,0.0059355044343933905,,,,0.8433561110015211,0.8429675491320574,-0.0003885618694636772
7.0,1.0,10.0,2.0,1.0,3.0,1.0,3.0,10.0,10.0,2.0,10.0,0.0,0.0,0.0,0.0,0.0,0.0,1.0,0.0,0.0,0.0,0.0,0.0,0.0,0.0,0.0,0.0,0.0,0.0,0.0,0.0,0.0,0.0,1.0,0.0,0.0,0.0,0.0,0.0,0.9035132406899244,0.884588988239915,-0.018924252450009393,0.9035132406899244,0.8951631075100812,-0.008350133179843233,,,,,,,0.9035132406899244,0.8970863324390788,-0.0064269082508456865,,,
5.0,1.0,3.0,2.0,1.0,2.0,2.0,3.0,5.0,6.0,3.0,8.0,1.0,0.0,0.0,0.0,0.0,0.0,0.0,0.0,0.0,0.0,0.0,0.0,1.0,0.0,0.0,0.0,0.0,0.0,0.0,0.0,0.0,0.0,0.0,0.0,0.0,0.0,0.0,0.0,0.72957212836566,0.6883016282998644,-0.04127050006579558,0.72957212836566,0.7109840366377485,-0.018588091727911538,0.72957212836566,0.7374448153579194,0.007872686992259403,0.72957212836566,0.7384821507126149,0.008910022346954927,0.72957212836566,0.7152110904005884,-0.014361037965071599,0.72957212836566,0.7289920187149919,-0.0005801096506681258
3.0,1.0,5.0,1.0,1.0,3.0,2.0,3.0,6.0,6.0,1.0,6.0,0.0,0.0,0.0,1.0,0.0,0.0,1.0,0.0,0.0,0.0,0.0,1.0,0.0,0.0,0.0,0.0,0.0,0.0,0.0,0.0,0.0,0.0,0.0,0.0,0.0,0.0,0.0,0.0,0.7817008463065472,0.7456118869385344,-0.03608895936801282,0.7817008463065472,0.7655443963079982,-0.01615644999854904,0.7817008463065472,0.7884959095752136,0.0067950632686664125,0.7817008463065472,0.789389150273313,0.007688303966765786,0.7817008463065472,0.7692324728608075,-0.0124683734457397,0.7817008463065472,0.7811990244058068,-0.0005018219007404401
5.0,5.0,6.0,2.0,1.0,5.0,1.0,4.0,6.0,6.0,5.0,6.0,0.0,0.0,0.0,0.0,0.0,0.0,0.0,0.0,0.0,0.0,0.0,0.0,1.0,0.0,0.0,0.0,0.0,0.0,0.0,0.0,0.0,0.0,0.0,0.0,0.0,0.0,0.0,0.0,0.7928451213270958,0.7580282271216247,-0.03481689420547118,0.7928451213270958,0.7772784660249282,-0.015566655302167609,0.7928451213270958,0.7993823204347147,0.006537199107618852,0.7928451213270958,0.8002412325051036,0.007396111178007758,,,,0.7928451213270958,0.7923621128711517,-0.0004830084559441783
6.0,1.0,10.0,1.0,1.0,4.0,2.0,2.0,8.0,8.0,5.0,7.0,0.0,0.0,0.0,0.0,0.0,0.0,1.0,0.0,0.0,0.0,0.0,1.0,0.0,0.0,0.0,0.0,0.0,0.0,0.0,0.0,0.0,0.0,0.0,0.0,0.0,0.0,0.0,0.0,0.8928336218104336,0.8721112283446554,-0.0207223934657782,0.8928336218104336,0.8836782449905527,-0.009155376819880878,0.8928336218104336,0.8966268792268264,0.0037932574163928034,0.8928336218104336,0.8971230351884911,0.004289413378057549,,,,0.8928336218104336,0.8925521544613221,-0.0002814673491114972
7.0,1.0,5.0,1.0,2.0,3.0,2.0,4.0,5.0,5.0,2.0,5.0,0.0,0.0,0.0,0.0,0.0,0.0,1.0,0.0,0.0,0.0,0.0,0.0,0.0,0.0,0.0,0.0,0.0,0.0,0.0,1.0,0.0,0.0,0.0,0.0,0.0,0.0,0.0,0.0,0.7406576408698021,0.700384152194661,-0.040273488675141134,0.7406576408698021,0.7225417412548918,-0.018115899614910336,0.7406576408698021,0.7483189361351129,0.007661295265310786,0.7406576408698021,0.749327912585626,0.008670271715823907,0.7406576408698021,0.7266647423060492,-0.013992898563752965,0.7406576408698021,0.7400928397794566,-0.0005648010903455125
3.0,2.0,8.0,2.0,2.0,4.0,1.0,3.0,7.0,7.0,2.0,7.0,0.0,0.0,0.0,0.0,0.0,0.0,1.0,0.0,0.0,0.0,0.0,0.0,1.0,0.0,0.0,0.0,0.0,0.0,0.0,0.0,0.0,0.0,0.0,0.0,0.0,0.0,0.0,0.0,0.8755157885242694,0.8519997994722374,-0.023515989052032005,0.8755157885242694,0.865104455735076,-0.010411332789193373,0.8755157885242694,0.8798395303228483,0.004323741798578973,0.8755157885242694,0.8804055127521695,0.004889724227900127,0.8755157885242694,0.8674974823460591,-0.00801830617821031,0.8755157885242694,0.875195194765047,-0.0003205937592223318
5.0,1.0,5.0,1.0,2.0,4.0,2.0,4.0,10.0,9.0,4.0,10.0,1.0,0.0,0.0,0.0,0.0,0.0,1.0,0.0,0.0,0.0,0.0,0.0,1.0,0.0,0.0,0.0,0.0,0.0,0.0,0.0,0.0,0.0,0.0,0.0,0.0,0.0,0.0,0.0,0.7677639355457794,0.7301662672086572,-0.03759766833712219,0.7677639355457794,0.7509046956544151,-0.016859239891364286,,,,0.7677639355457794,0.7758023069847352,0.008038371438955805,0.7677639355457794,0.7547492849406,-0.013014650605179368,,,
3.0,1.0,4.0,1.0,1.0,1.0,1.0,5.0,10.0,10.0,3.0,8.0,0.0,0.0,0.0,1.0,0.0,0.0,1.0,0.0,0.0,0.0,0.0,0.0,0.0,0.0,0.0,0.0,0.0,0.0,0.0,0.0,0.0,0.0,0.0,0.0,0.0,0.0,0.0,0.0,0.7535098824440772,0.7144627976224122,-0.03904708482166508,,,,,,,,,,0.7535098824440772,0.7399669725815222,-0.01354290986255502,0.7535098824440772,0.7529637355868861,-0.000546146857191121
7.0,1.0,10.0,1.0,2.0,5.0,2.0,4.0,7.0,7.0,4.0,7.0,0.0,0.0,0.0,0.0,0.0,0.0,0.0,0.0,0.0,0.0,0.0,1.0,0.0,0.0,0.0,0.0,0.0,0.0,0.0,0.0,0.0,0.0,1.0,0.0,0.0,0.0,0.0,0.0,0.8548366465648717,0.8281808502799161,-0.026655796284955624,0.8548366465648717,0.8430059278752436,-0.01183071868962804,0.8548366465648717,0.8597635954014236,0.00492694883655187,0.8548366465648717,0.8604091371896155,0.005572490624743853,0.8548366465648717,0.8457210670992135,-0.009115579465658219,0.8548366465648717,0.8544716485382106,-0.000364998026661123
3.0,1.0,6.0,1.0,1.0,4.0,3.0,3.0,8.0,8.0,2.0,6.0,0.0,0.0,0.0,0.0,0.0,0.0,1.0,0.0,0.0,0.0,0.0,0.0,0.0,0.0,0.0,0.0,0.0,0.0,0.0,0.0,0.0,0.0,0.0,0.0,0.0,0.0,0.0,0.0,0.9098143395305537,0.8919781857692695,-0.017836153761284224,0.9098143395305537,0.9019503373995088,-0.007864002131044878,0.9098143395305537,0.913065071991199,0.0032507324606453336,0.9098143395305537,0.9134899425593079,0.0036756030287542485,0.9098143395305537,0.9037624371089961,-0.00605190242155762,0.9098143395305537,0.9095729541880094,-0.0002413853425442536
3.0,1.0,5.0,1.0,1.0,4.0,2.0,2.0,5.0,6.0,3.0,7.0,0.0,1.0,0.0,0.0,0.0,0.0,0.0,0.0,0.0,0.0,0.0,0.0,0.0,0.0,0.0,0.0,1.0,0.0,0.0,0.0,0.0,0.0,0.0,0.0,0.0,0.0,0.0,0.0,0.7665372500801635,0.7288111354206722,-0.03772611465949127,0.7665372500801635,0.7496179999852466,-0.016919250094916904,0.7665372500801635,0.7736676525493743,0.007130402469210817,0.7665372500801635,0.7746056158528247,0.008068365772661235,0.7665372500801635,0.7534759285955281,-0.013061321484635346,0.7665372500801635,0.7660110044867627,-0.0005262455934007537
3.0,3.0,6.0,3.0,2.0,1.0,2.0,3.0,6.0,5.0,2.0,6.0,0.0,1.0,0.0,0.0,0.0,0.0,0.0,0.0,0.0,0.0,0.0,0.0,1.0,0.0,0.0,0.0,0.0,0.0,0.0,0.0,0.0,0.0,0.0,0.0,0.0,0.0,0.0,0.0,0.47137864719509076,0.4219259052166551,-0.04945274197843569,0.47137864719509076,0.44845985228562746,-0.022918794909463303,0.47137864719509076,0.48142516357036924,0.01004651637527848,0.47137864719509076,0.4827645484377054,0.011385901242614627,0.47137864719509076,0.45357559280707405,-0.017803054388016715,0.47137864719509076,0.4706465387145028,-0.0007321084805879674
7.0,6.0,7.0,2.0,2.0,4.0,1.0,3.0,8.0,8.0,5.0,9.0,0.0,0.0,0.0,0.0,0.0,0.0,1.0,0.0,0.0,0.0,0.0,0.0,0.0,1.0,0.0,0.0,0.0,0.0,0.0,0.0,0.0,0.0,1.0,0.0,0.0,0.0,0.0,0.0,0.6513098807560002,0.6045691890257849,-0.04674069173021522,0.6513098807560002,0.6300700058888083,-0.02123987486719181,0.6513098807560002,0.6604004060744658,0.009090525318465659,0.6513098807560002,0.6616024569526232,0.010292576196623049,,,,0.6513098807560002,0.6506422785116877,-0.000667602244312504
5.0,1.0,5.0,1.0,3.0,3.0,3.0,3.0,5.0,5.0,2.0,5.0,0.0,1.0,0.0,0.0,0.0,0.0,0.0,0.0,0.0,0.0,0.0,0.0,1.0,0.0,0.0,0.0,0.0,0.0,0.0,0.0,0.0,0.0,0.0,0.0,0.0,0.0,0.0,0.0,0.46222492122435965,0.4129822561780832,-0.049242665046276446,0.46222492122435965,0.43938126006929046,-0.022843661155069195,0.46222492122435965,0.47225063333478967,0.010025712110430018,0.46222492122435965,0.47358780390271105,0.011362882678351394,0.46222492122435965,0.44447689731908835,-0.017748023905271304,0.46222492122435965,0.4614946180640463,-0.0007303031603133614
2.0,3.0,10.0,4.0,2.0,4.0,2.0,3.0,7.0,8.0,3.0,5.0,0.0,1.0,0.0,0.0,0.0,0.0,0.0,0.0,0.0,0.0,0.0,0.0,0.0,0.0,0.0,0.0,0.0,1.0,0.0,0.0,0.0,0.0,0.0,0.0,0.0,1.0,0.0,0.0,0.7387670496613075,0.6983195535213288,-0.04044749613997867,0.7387670496613075,0.7205689104680163,-0.018198139193291163,0.7387670496613075,0.7464650771531512,0.007698027491843784,0.7387670496613075,0.7474789776841639,0.008711928022856474,0.7387670496613075,0.7247100580988897,-0.014056991562417798,0.7387670496613075,0.7381995865697889,-0.0005674630915185608
6.0,2.0,8.0,2.0,3.0,3.0,3.0,3.0,4.0,2.0,2.0,3.0,0.0,1.0,0.0,0.0,0.0,0.0,0.0,0.0,0.0,0.0,1.0,0.0,0.0,0.0,0.0,0.0,0.0,0.0,0.0,0.0,0.0,0.0,1.0,0.0,0.0,0.0,0.0,0.0,0.43547867068960877,0.3870346989284952,-0.04844397176111359,0.43547867068960877,0.4129418444737205,-0.02253682621588826,0.43547867068960877,0.4454047375373616,0.009926066847752824,0.43547867068960877,0.44673023861184574,0.011251567922236971,0.43547867068960877,0.41795945537991164,-0.017519215309697134,0.43547867068960877,0.4347564627327822,-0.0007222079568265927
2.0,1.0,4.0,4.0,1.0,5.0,3.0,2.0,8.0,7.0,2.0,6.0,0.0,0.0,0.0,0.0,0.0,1.0,0.0,0.0,0.0,0.0,0.0,0.0,0.0,0.0,0.0,0.0,1.0,0.0,0.0,0.0,0.0,0.0,0.0,0.0,0.0,1.0,0.0,0.0,0.8536882782956936,0.8268643204883687,-0.02682395780732494,0.8536882782956936,0.8417812908188581,-0.011906987476835496,0.8536882782956936,0.85864775859542,0.004959480299726371,0.8536882782956936,0.8592975962530426,0.00560931795734898,0.8536882782956936,0.8445137031600694,-0.009174575135624252,0.8536882782956936,0.8533208882674836,-0.00036739002820995736
5.0,1.0,4.0,2.0,3.0,4.0,2.0,3.0,7.0,8.0,4.0,8.0,0.0,0.0,0.0,1.0,0.0,0.0,1.0,0.0,0.0,0.0,0.0,1.0,0.0,0.0,0.0,0.0,0.0,0.0,0.0,0.0,0.0,0.0,0.0,0.0,0.0,0.0,0.0,0.0,0.5368822923208704,0.48688700648234856,-0.04999528583852181,0.5368822923208704,0.5138746514843922,-0.023007640836478216,0.5368822923208704,0.5468805862874876,0.009998293966617222,0.5368822923208704,0.5482095644858472,0.011327272164976865,0.5368822923208704,0.5190343709065163,-0.017847921414354095,0.5368822923208704,0.5361516330706927,-0.0007306592501776787
2.0,1.0,4.0,1.0,2.0,4.0,1.0,3.0,7.0,8.0,2.0,10.0,0.0,0.0,0.0,0.0,0.0,0.0,1.0,0.0,0.0,0.0,0.0,0.0,0.0,0.0,0.0,0.0,0.0,0.0,0.0,0.0,0.0,0.0,0.0,0.0,0.0,0.0,0.0,0.0,0.9130258013216862,0.8957520083277088,-0.017273792993977355,0.9130258013216862,0.9054127188563185,-0.007613082465367738,0.9130258013216862,0.9161714425967679,0.0031456412750816565,0.9130258013216862,0.9165825186147043,0.003556717293018097,0.9130258013216862,0.9071674148501122,-0.005858386471573995,,,
3.0,1.0,2.0,4.0,4.0,5.0,3.0,3.0,7.0,8.0,3.0,7.0,0.0,0.0,0.0,1.0,0.0,0.0,1.0,0.0,0.0,0.0,0.0,0.0,0.0,0.0,0.0,0.0,0.0,0.0,0.0,0.0,0.0,0.0,0.0,0.0,0.0,1.0,0.0,0.0,0.5195460687602845,0.46952843585891696,-0.05001763290136757,0.5195460687602845,0.4964849005676761,-0.02306116819260845,0.5195460687602845,0.5295907026362475,0.010044633875962994,0.5195460687602845,0.5309268956647585,0.01138082690447395,0.5195460687602845,0.5016501962282076,-0.017895872532076917,0.5195460687602845,0.5188125721525361,-0.0007334966077484628
6.0,1.0,5.0,2.0,2.0,2.0,2.0,3.0,9.0,8.0,3.0,8.0,0.0,0.0,0.0,0.0,0.0,0.0,1.0,0.0,0.0,0.0,0.0,1.0,0.0,0.0,0.0,0.0,0.0,0.0,0.0,0.0,0.0,0.0,0.0,0.0,0.0,0.0,0.0,0.0,0.7623932473108229,0.7242383924016619,-0.03815485490916104,0.7623932473108229,0.7452734763047089,-0.01711977100611406,0.7623932473108229,0.769612175417911,0.0072189281070881295,0.7623932473108229,0.7705619612100499,0.00816871389922702,0.7623932473108229,0.74917594739769,-0.013217299913132918,0.7623932473108229,0.7618605627139483,-0.0005326845968746108
5.0,1.0,5.0,1.0,2.0,4.0,2.0,4.0,6.0,6.0,2.0,6.0,0.0,0.0,0.0,0.0,0.0,0.0,1.0,0.0,0.0,0.0,0.0,0.0,0.0,0.0,0.0,0.0,0.0,0.0,0.0,0.0,0.0,0.0,0.0,0.0,0.0,0.0,0.0,0.0,0.8233239168678179,0.7922876049320623,-0.031036311935755623,0.8233239168678179,0.809497276673301,-0.01382664019451696,0.8233239168678179,0.8291066100226888,0.005782693154870899,0.8233239168678179,0.829865347390302,0.006541430522484126,0.8233239168678179,0.8126631494307067,-0.010660767437111196,0.8233239168678179,0.8228960992817171,-0.000427817586100776
5.0,6.0,1.0,3.0,2.0,3.0,3.0,2.0,5.0,5.0,3.0,3.0,0.0,0.0,0.0,0.0,0.0,0.0,1.0,0.0,0.0,0.0,0.0,0.0,0.0,0.0,0.0,0.0,0.0,1.0,0.0,0.0,0.0,1.0,0.0,0.0,0.0,0.0,0.0,0.0,0.3886291151997229,0.3422372800682559,-0.046391835131466996,0.3886291151997229,0.36694087323987107,-0.021688241959851806,0.3886291151997229,0.398240641064528,0.009611525864805126,0.3886291151997229,0.3995268971850187,0.01089778198529584,0.3886291151997229,0.3717534871914639,-0.01687562800825898,0.3886291151997229,0.3879312117543171,-0.0006979034454057675
7.0,1.0,9.0,3.0,1.0,5.0,2.0,4.0,10.0,10.0,4.0,9.0,0.0,0.0,0.0,0.0,0.0,1.0,0.0,0.0,0.0,0.0,0.0,1.0,0.0,0.0,0.0,0.0,0.0,0.0,0.0,0.0,0.0,0.0,0.0,0.0,0.0,0.0,0.0,0.0,0.7966430915760797,0.7622731315513154,-0.034369960024764334,0.7966430915760797,0.781283103800263,-0.015359987775816708,,,,,,,0.7966430915760797,0.7847932020030743,-0.011849889573005368,0.7966430915760797,0.7961666619211606,-0.00047642965491911937
4.0,1.0,2.0,1.0,2.0,5.0,2.0,3.0,9.0,9.0,4.0,8.0,0.0,0.0,0.0,0.0,0.0,0.0,1.0,0.0,0.0,0.0,0.0,0.0,1.0,0.0,0.0,0.0,0.0,0.0,0.0,0.0,0.0,0.0,0.0,0.0,0.0,0.0,0.0,0.0,0.8596348626087054,0.8336887278893924,-0.025946134719312952,0.8596348626087054,0.8481257193625277,-0.011509143246177689,0.8596348626087054,0.8644247849658201,0.004789922357114729,0.8596348626087054,0.8650522379864802,0.005417375377774869,0.8596348626087054,0.850767988637988,-0.008866873970717393,0.8596348626087054,0.8592799431612473,-0.0003549194474580242
3.0,1.0,2.0,3.0,2.0,4.0,2.0,1.0,0.0,0.0,1.0,0.0,0.0,0.0,0.0,0.0,0.0,0.0,0.0,0.0,1.0,0.0,0.0,0.0,0.0,0.0,0.0,0.0,0.0,0.0,0.0,0.0,0.0,1.0,0.0,0.0,0.0,0.0,0.0,0.0,0.7906818682780884,0.7556134626773334,-0.03506840560075497,0.7906818682780884,0.7749987874841846,-0.015683080793903792,0.7906818682780884,0.7972698777333864,0.006588009455298027,0.7906818682780884,0.7981355500233248,0.007453681745236418,0.7906818682780884,0.7785811575554464,-0.01210071072264196,0.7906818682780884,0.7901951506491588,-0.00048671762892960047
5.0,1.0,3.0,1.0,2.0,4.0,3.0,3.0,8.0,7.0,2.0,8.0,0.0,0.0,0.0,0.0,0.0,0.0,0.0,0.0,0.0,0.0,0.0,0.0,0.0,0.0,0.0,0.0,0.0,0.0,0.0,0.0,0.0,0.0,0.0,0.0,0.0,0.0,0.0,0.0,0.8320356389823079,0.8021619613617923,-0.029873677620515626,0.8320356389823079,0.8187406794990091,-0.01329495948329884,0.8320356389823079,0.8375894403568226,0.005553801374514666,0.8320356389823079,0.8383178598509057,0.006282220868597754,0.8320356389823079,0.8217867586715181,-0.010248880310789854,0.8320356389823079,0.8316246025306802,-0.0004110364516277665
4.0,3.0,2.0,1.0,2.0,4.0,2.0,4.0,7.0,8.0,3.0,7.0,1.0,0.0,0.0,0.0,0.0,0.0,0.0,0.0,0.0,0.0,1.0,0.0,0.0,0.0,0.0,0.0,0.0,0.0,0.0,0.0,0.0,0.0,0.0,0.0,0.0,0.0,0.0,0.0,0.7740213772658677,0.7370898496324277,-0.03693152763343999,0.7740213772658677,0.7574729027398648,-0.016548474526002943,0.7740213772658677,0.7809885087932604,0.0069671315273927,0.7740213772658677,0.781904685606385,0.007883308340517314,0.7740213772658677,0.7612483493496204,-0.012773027916247348,0.7740213772658677,0.773507016917246,-0.0005143603486217341
5.0,1.0,3.0,2.0,2.0,4.0,3.0,4.0,7.0,8.0,5.0,7.0,1.0,0.0,0.0,0.0,0.0,0.0,0.0,0.0,0.0,0.0,0.0,0.0,1.0,0.0,0.0,0.0,0.0,0.0,0.0,0.0,0.0,0.0,0.0,0.0,0.0,0.0,0.0,0.0,0.6658141990638003,0.6198830570509202,-0.04593114201288018,0.6658141990638003,0.6449762383253844,-0.020837960738415928,0.6658141990638003,0.6747154419410535,0.008901242877253135,0.6658141990638003,0.6758916905764173,0.010077491512616943,,,,0.6658141990638003,0.6651600901857669,-0.0006541088780334103
4.0,1.0,6.0,1.0,1.0,5.0,2.0,5.0,7.0,8.0,4.0,9.0,0.0,0.0,0.0,0.0,0.0,0.0,0.0,0.0,0.0,0.0,0.0,0.0,1.0,0.0,0.0,0.0,0.0,0.0,0.0,0.0,0.0,0.0,0.0,0.0,0.0,0.0,0.0,0.0,0.8988381347622834,0.8791196162180748,-0.019718518544208585,,,,0.8988381347622834,0.9024420799251276,0.0036039451628442354,0.8988381347622834,0.9029133470924444,0.00407521233016106,0.8988381347622834,0.8921369974285794,-0.0067011373337039215,0.8988381347622834,0.8985706463810593,-0.00026748838122403473
4.0,2.0,5.0,2.0,4.0,4.0,3.0,2.0,7.0,7.0,3.0,2.0,0.0,0.0,0.0,0.0,1.0,0.0,1.0,0.0,0.0,0.0,0.0,1.0,0.0,0.0,0.0,0.0,0.0,0.0,0.0,0.0,0.0,0.0,0.0,0.0,0.0,0.0,0.0,0.0,0.6320662432024728,0.5843920433008797,-0.04767419990159316,0.6320662432024728,0.6103554365790804,-0.02171080662339242,0.6320662432024728,0.6413822235090973,0.009315980306624505,0.6320662432024728,0.6426151618553588,0.010548918652885986,0.6320662432024728,0.6152578221483607,-0.016808421054112177,0.6320662432024728,0.6313826493558259,-0.0006835938466469571
7.0,1.0,6.0,1.0,1.0,5.0,1.0,2.0,6.0,5.0,3.0,4.0,0.0,0.0,0.0,0.0,0.0,0.0,0.0,0.0,0.0,0.0,0.0,0.0,0.0,0.0,0.0,0.0,0.0,0.0,0.0,0.0,0.0,0.0,0.0,0.0,0.0,0.0,0.0,1.0,0.8979457190098364,0.8780768458764467,-0.019868873133389697,0.8979457190098364,0.8891728643433847,-0.008772854666451724,0.8979457190098364,0.9015779756743248,0.003632256664488409,0.8979457190098364,0.9020529639715169,0.004107244961680467,0.8979457190098364,0.8911926225991587,-0.0067530964106777835,0.8979457190098364,0.8976761395642759,-0.0002695794455604972
3.0,1.0,4.0,1.0,1.0,3.0,3.0,2.0,5.0,5.0,2.0,5.0,1.0,0.0,0.0,0.0,0.0,0.0,0.0,0.0,0.0,0.0,0.0,1.0,0.0,0.0,0.0,0.0,0.0,0.0,0.0,0.0,0.0,0.0,0.0,0.0,0.0,0.0,0.0,0.0,0.8389895112018549,0.8100703051915813,-0.028919206010273646,0.8389895112018549,0.8261299531247943,-0.012859558077060629,0.8389895112018549,0.8443563922799809,0.005366881078125996,0.8389895112018549,0.8450600759159339,0.006070564714078963,0.8389895112018549,0.8290777784562456,-0.009911732745609303,0.8389895112018549,0.8385921908155439,-0.0003973203863110175
6.0,1.0,8.0,1.0,1.0,5.0,1.0,4.0,8.0,8.0,2.0,7.0,0.0,0.0,0.0,0.0,0.0,0.0,0.0,0.0,0.0,0.0,0.0,0.0,0.0,0.0,0.0,0.0,0.0,0.0,0.0,0.0,0.0,0.0,1.0,0.0,0.0,0.0,0.0,0.0,0.9327057144540878,0.9189937328968856,-0.013711981557202213,0.9327057144540878,0.9266769260285287,-0.006028788425559095,0.9327057144540878,0.9351901063180794,0.0024843918639916307,0.9327057144540878,0.9355144835795985,0.002808769125510757,0.9327057144540878,0.928068487483514,-0.004637226970573782,0.9327057144540878,0.9325210545100767,-0.00018465994401106745
4.0,1.0,7.0,1.0,3.0,4.0,2.0,2.0,6.0,7.0,4.0,7.0,0.0,1.0,0.0,0.0,0.0,0.0,0.0,0.0,0.0,0.0,0.0,1.0,0.0,0.0,0.0,0.0,0.0,0.0,0.0,0.0,0.0,0.0,0.0,0.0,0.0,0.0,0.0,0.0,0.651625238158222,0.6049011755272017,-0.04672406263102036,0.651625238158222,0.6303936717408125,-0.02123156641740953,0.651625238158222,0.6607118248074704,0.00908658664924833,0.651625238158222,0.6619133376984632,0.010288099540241125,0.651625238158222,0.6351946298496077,-0.016430608308614314,0.651625238158222,0.6509579161250452,-0.0006673220331768759
6.0,1.0,7.0,1.0,1.0,5.0,2.0,4.0,7.0,7.0,4.0,8.0,0.0,0.0,0.0,0.0,0.0,0.0,0.0,0.0,0.0,0.0,0.0,0.0,0.0,1.0,0.0,0.0,0.0,0.0,0.0,1.0,0.0,0.0,0.0,0.0,0.0,0.0,0.0,0.0,0.8891838356692253,0.8678601464980029,-0.021323689171222404,0.8891838356692253,0.8797586445834665,-0.009425191085758788,0.8891838356692253,0.8930908116672533,0.003906975998028028,0.8891838356692253,0.8936019255846165,0.004418089915391166,0.8891838356692253,0.8819271888664315,-0.007256646802793809,0.8891838356692253,0.888893975231762,-0.000289860437463374
6.0,3.0,2.0,3.0,1.0,4.0,2.0,3.0,3.0,2.0,4.0,4.0,0.0,0.0,1.0,0.0,0.0,0.0,1.0,0.0,0.0,0.0,0.0,0.0,0.0,0.0,0.0,0.0,0.0,0.0,0.0,1.0,0.0,0.0,0.0,0.0,0.0,0.0,0.0,0.0,0.43078591348003403,0.382510255004151,-0.048275658475883054,0.43078591348003403,0.4083162871670703,-0.02246962631296373,0.43078591348003403,0.4406885167749128,0.009902603294878742,0.43078591348003403,0.44201116866695717,0.011225255186923133,0.43078591348003403,0.4133172642120837,-0.01746864926795033,0.43078591348003403,0.43006555915109645,-0.000720354328937578
6.0,3.0,10.0,2.0,2.0,4.0,1.0,4.0,5.0,7.0,4.0,7.0,0.0,0.0,0.0,0.0,0.0,0.0,1.0,0.0,0.0,0.0,0.0,0.0,1.0,0.0,0.0,0.0,0.0,0.0,0.0,1.0,0.0,0.0,0.0,0.0,0.0,0.0,0.0,0.0,0.7623208250699905,0.7241585482962755,-0.03816227677371509,0.7623208250699905,0.7451975799355611,-0.01712324513442942,0.7623208250699905,0.7695412883773649,0.0072204633073743585,0.7623208250699905,0.7704912792564487,0.00817045418645812,0.7623208250699905,0.7491008223346054,-0.01322000273538515,0.7623208250699905,0.7617880288418676,-0.000532796228122967
4.0,1.0,4.0,1.0,1.0,4.0,1.0,2.0,8.0,8.0,3.0,7.0,0.0,0.0,0.0,0.0,0.0,0.0,1.0,0.0,0.0,0.0,0.0,0.0,1.0,0.0,0.0,0.0,0.0,0.0,0.0,0.0,0.0,0.0,0.0,0.0,0.0,0.0,0.0,0.0,0.9159094443630169,0.8991451032270421,-0.016764341135974803,0.9159094443630169,0.908523485448654,-0.007385958914362889,0.9159094443630169,0.918960048544293,0.0030506041812761175,0.9159094443630169,0.9193586535230068,0.003449209159989919,0.9159094443630169,0.910226195261335,-0.005683249101681942,0.9159094443630169,0.9156828609186389,-0.00022658344437798128
5.0,1.0,2.0,1.0,1.0,4.0,2.0,3.0,9.0,7.0,4.0,8.0,1.0,0.0,0.0,0.0,0.0,0.0,0.0,0.0,1.0,0.0,0.0,0.0,0.0,0.0,0.0,0.0,0.0,0.0,0.0,0.0,0.0,0.0,0.0,0.0,0.0,0.0,0.0,0.0,0.8671382082005945,0.8423246470061333,-0.02481356119446121,0.8671382082005945,0.8561413384947518,-0.010996869705842682,0.8671382082005945,0.8717102931112607,0.004572084910666185,0.8671382082005945,0.8723090089523784,0.005170800751783888,0.8671382082005945,0.8586673928229879,-0.008470815377606633,0.8671382082005945,0.8667993214929302,-0.00033888670766435425
7.0,2.0,6.0,1.0,1.0,3.0,2.0,4.0,8.0,7.0,3.0,6.0,0.0,0.0,0.0,0.0,0.0,0.0,0.0,0.0,0.0,0.0,0.0,1.0,0.0,0.0,0.0,0.0,0.0,0.0,0.0,0.0,0.0,0.0,1.0,0.0,0.0,0.0,0.0,0.0,0.8296689673348462,0.7994758059060931,-0.030193161428753057,0.8296689673348462,0.8162280532964374,-0.013440914038408747,0.8296689673348462,0.8352855317800814,0.005616564445235173,0.8296689673348462,0.8360222614644462,0.006353294129600062,0.8296689673348462,0.8193070385008707,-0.010361928833975464,0.8296689673348462,0.8292533277817173,-0.0004156395531288437
6.0,1.0,8.0,2.0,1.0,5.0,1.0,4.0,8.0,6.0,2.0,8.0,1.0,0.0,0.0,0.0,0.0,0.0,1.0,0.0,0.0,0.0,0.0,0.0,0.0,0.0,0.0,0.0,0.0,0.0,0.0,0.0,0.0,0.0,0.0,0.0,1.0,0.0,0.0,0.0,0.6339004459085136,0.5863083568732432,-0.047592089035270346,0.6339004459085136,0.612231471461682,-0.02166897444683158,0.6339004459085136,0.6431962011177133,0.009295755209199674,0.6339004459085136,0.6444263603918526,0.01052591448333906,0.6339004459085136,0.6171250598990624,-0.016775386009451165,0.6339004459085136,0.6332182823553529,-0.0006821635531606418
2.0,6.0,9.0,4.0,2.0,5.0,2.0,4.0,9.0,9.0,5.0,9.0,0.0,0.0,0.0,0.0,0.0,0.0,0.0,0.0,0.0,0.0,0.0,0.0,0.0,0.0,0.0,0.0,1.0,0.0,0.0,0.0,0.0,0.0,0.0,0.0,0.0,1.0,0.0,0.0,0.7984624807083547,0.7643090455129536,-0.03415343519540104,0.7984624807083547,0.7832025173691369,-0.015259963339217752,0.7984624807083547,0.8048660412628382,0.006403560554483545,0.7984624807083547,0.805707182003705,0.007244701295350264,,,,0.7984624807083547,0.7979892326870821,-0.0004732480212725765
4.0,1.0,3.0,1.0,2.0,3.0,3.0,3.0,7.0,7.0,5.0,6.0,0.0,0.0,0.0,0.0,0.0,0.0,1.0,0.0,0.0,0.0,0.0,0.0,1.0,0.0,0.0,0.0,0.0,0.0,0.0,1.0,0.0,0.0,0.0,0.0,0.0,0.0,0.0,0.0,0.7589451928393104,0.7204396805492892,-0.03850551229002119,0.7589451928393104,0.7416611694521332,-0.01728402338717716,0.7589451928393104,0.7662367584358654,0.007291565596554972,0.7589451928393104,0.767196250243266,0.008251057403955597,,,,0.7589451928393104,0.7584072277088562,-0.0005379651304542321
3.0,1.0,5.0,1.0,1.0,1.0,1.0,5.0,8.0,8.0,2.0,8.0,0.0,0.0,0.0,0.0,0.0,0.0,1.0,0.0,0.0,0.0,0.0,1.0,0.0,0.0,0.0,0.0,0.0,0.0,0.0,0.0,0.0,0.0,0.0,0.0,0.0,0.0,0.0,0.0,0.879512342542265,0.8566276986934114,-0.02288464384885358,,,,0.879512342542265,0.8837157079273045,0.004203365385039515,0.879512342542265,0.884265834314974,0.0047534917727090065,0.879512342542265,0.8717137434661347,-0.00779859907613023,0.879512342542265,0.8792006212887893,-0.0003117212534756719
3.0,1.0,3.0,1.0,1.0,3.0,2.0,3.0,8.0,7.0,2.0,8.0,0.0,0.0,0.0,0.0,0.0,0.0,1.0,0.0,0.0,0.0,0.0,0.0,0.0,0.0,0.0,0.0,0.0,0.0,0.0,0.0,0.0,0.0,0.0,0.0,0.0,0.0,0.0,0.0,0.8968437767370306,0.8767898045327185,-0.020053972204312154,0.8968437767370306,0.887988012551552,-0.00885576418547862,0.8968437767370306,0.900510907692846,0.0036671309558153897,0.8968437767370306,0.9009904801682977,0.004146703431267107,0.8968437767370306,0.8900266933637774,-0.006817083373253263,0.8968437767370306,0.8965716217550923,-0.0002721549819383329
3.0,1.0,6.0,1.0,1.0,4.0,2.0,4.0,9.0,8.0,4.0,10.0,0.0,0.0,0.0,0.0,0.0,0.0,0.0,0.0,0.0,0.0,0.0,0.0,1.0,0.0,0.0,0.0,0.0,0.0,0.0,0.0,0.0,0.0,0.0,0.0,0.0,0.0,0.0,0.0,0.9121476942741654,0.8947196118456388,-0.01742808242852667,0.9121476942741654,0.9044657913117177,-0.007681902962447751,0.9121476942741654,0.9153221490464073,0.0031744547722418748,0.9121476942741654,0.9157370067616063,0.0035893124874408766,0.9121476942741654,0.9062362346574669,-0.005911459616698478,,,
3.0,1.0,6.0,1.0,1.0,5.0,2.0,4.0,7.0,9.0,2.0,10.0,1.0,0.0,0.0,0.0,0.0,0.0,1.0,0.0,0.0,0.0,0.0,0.0,1.0,0.0,0.0,0.0,0.0,0.0,0.0,1.0,0.0,0.0,0.0,0.0,0.0,0.0,0.0,0.0,0.8948520466225064,0.8744650723121851,-0.020386974310321326,0.8948520466225064,0.8858470598550309,-0.00900498676747552,0.8948520466225064,0.8985819753630888,0.003729928740582422,0.8948520466225064,0.8990698038275112,0.004217757205004835,0.8948520466225064,0.8879197889191863,-0.006932257703320066,,,
7.0,2.0,6.0,3.0,1.0,1.0,1.0,5.0,7.0,7.0,5.0,10.0,0.0,1.0,0.0,0.0,0.0,0.0,1.0,0.0,0.0,0.0,0.0,0.0,0.0,1.0,0.0,0.0,0.0,0.0,0.0,0.0,0.0,0.0,1.0,0.0,0.0,0.0,0.0,0.0,0.43077368474096034,0.38249847578959273,-0.04827520895136761,,,,0.43077368474096034,0.44067622455758143,0.009902539816621092,0.43077368474096034,0.44199886871151345,0.01122518397055311,,,,,,
6.0,1.0,8.0,3.0,2.0,4.0,2.0,4.0,9.0,8.0,4.0,9.0,0.0,1.0,0.0,0.0,0.0,0.0,0.0,0.0,0.0,0.0,0.0,0.0,0.0,1.0,0.0,0.0,0.0,0.0,0.0,1.0,0.0,0.0,0.0,0.0,0.0,0.0,0.0,0.0,0.6140784694005855,0.5656751040392168,-0.04840336536136869,0.6140784694005855,0.5919914089500429,-0.02208706045054265,0.6140784694005855,0.6235786587239722,0.009500189323386699,0.6140784694005855,0.6248370032293971,0.010758533828811534,0.6140784694005855,0.5969722785548931,-0.017106190845692426,0.6140784694005855,0.6133818976941443,-0.000696571706441218
2.0,1.0,7.0,2.0,2.0,2.0,2.0,4.0,5.0,6.0,2.0,6.0,0.0,0.0,0.0,0.0,0.0,0.0,1.0,0.0,0.0,0.0,0.0,0.0,0.0,0.0,0.0,0.0,1.0,0.0,0.0,0.0,0.0,0.0,0.0,0.0,0.0,0.0,0.0,0.0,0.7968429710672268,0.7624967217740478,-0.034346249293178976,0.7968429710672268,0.781493939673469,-0.015349031393757762,0.7968429710672268,0.803285311741114,0.006442340673887159,0.7968429710672268,0.8041316081552841,0.00728863708805727,0.7968429710672268,0.7850015853829944,-0.01184138568423243,0.7968429710672268,0.7963668899953849,-0.0004760810718419384
3.0,1.0,5.0,1.0,4.0,3.0,2.0,2.0,6.0,6.0,3.0,7.0,0.0,0.0,0.0,0.0,0.0,0.0,0.0,0.0,0.0,0.0,0.0,1.0,0.0,0.0,0.0,0.0,0.0,0.0,0.0,0.0,0.0,0.0,0.0,0.0,0.0,0.0,0.0,0.0,0.7661537957926374,0.7283876733818321,-0.03776612241080535,0.7661537957926374,0.7492158481051251,-0.016937947687512334,0.7661537957926374,0.7732924459750805,0.007138650182443085,0.7661537957926374,0.7742315104522984,0.008077714659661006,0.7661537957926374,0.7530779320552726,-0.013075863737364801,0.7661537957926374,0.7656269501362148,-0.000526845656422581
4.0,1.0,9.0,1.0,1.0,4.0,2.0,4.0,8.0,7.0,5.0,8.0,0.0,0.0,0.0,0.0,0.0,0.0,0.0,0.0,0.0,0.0,0.0,0.0,1.0,0.0,0.0,0.0,0.0,0.0,0.0,0.0,0.0,0.0,0.0,0.0,0.0,0.0,0.0,0.0,0.8980085391117052,0.8781502367326958,-0.01985830237900943,0.8980085391117052,0.8892404185263907,-0.00876812058531451,0.8980085391117052,0.9016388048359112,0.0036302657242059944,0.8980085391117052,0.9021135314422568,0.004104992330551616,,,,0.8980085391117052,0.8977391067094226,-0.00026943240228261
5.0,1.0,5.0,1.0,1.0,1.0,2.0,4.0,7.0,6.0,5.0,10.0,0.0,1.0,0.0,0.0,0.0,0.0,0.0,0.0,0.0,0.0,0.0,1.0,0.0,0.0,0.0,0.0,0.0,0.0,0.0,0.0,0.0,0.0,0.0,0.0,0.0,0.0,0.0,0.0,0.5900445177584847,0.5408804854587345,-0.04916403229975019,0.5900445177584847,0.567550615459872,-0.0224939022986127,0.5900445177584847,0.5997507233711412,0.00970620561265656,0.5900445177584847,0.6010377599535461,0.010993242195061481,,,,,,
2.0,1.0,2.0,1.0,1.0,5.0,2.0,3.0,4.0,5.0,4.0,6.0,1.0,0.0,0.0,0.0,0.0,0.0,1.0,0.0,0.0,0.0,0.0,0.0,0.0,1.0,0.0,0.0,0.0,0.0,0.0,1.0,0.0,0.0,0.0,0.0,0.0,0.0,0.0,0.0,0.8599110915017527,0.8340061573562696,-0.025904934145483116,0.8599110915017527,0.8484206037216376,-0.011490487780115077,0.8599110915017527,0.8646930713165787,0.004781979814825976,0.8599110915017527,0.8653194761401035,0.005408384638350805,0.8599110915017527,0.8510586436234763,-0.008852447878276437,0.8599110915017527,0.8595567564005192,-0.000354335101233505
7.0,3.0,10.0,2.0,1.0,5.0,1.0,3.0,9.0,8.0,5.0,10.0,0.0,0.0,0.0,0.0,0.0,0.0,0.0,0.0,0.0,0.0,0.0,1.0,0.0,0.0,0.0,0.0,0.0,0.0,0.0,0.0,0.0,0.0,1.0,0.0,0.0,0.0,0.0,0.0,0.8828191608583137,0.8604629466990108,-0.02235621415930289,0.8828191608583137,0.8729299980048205,-0.009889162853493172,0.8828191608583137,0.8869219957224961,0.004102834864182392,0.8828191608583137,0.8874588852779453,0.0046397244196315635,,,,,,
5.0,5.0,2.0,1.0,2.0,4.0,2.0,2.0,4.0,7.0,5.0,9.0,1.0,0.0,0.0,0.0,0.0,0.0,1.0,0.0,0.0,0.0,0.0,0.0,0.0,1.0,0.0,0.0,0.0,0.0,0.0,0.0,0.0,0.0,0.0,0.0,0.0,0.0,0.0,0.0,0.555960259538616,0.5061299733438084,-0.04983028619480767,0.555960259538616,0.533076120610635,-0.022884138927981024,0.555960259538616,0.5658797183139335,0.009919458775317413,0.555960259538616,0.5671970727414007,0.01123681320278469,,,,0.555960259538616,0.5552347646491954,-0.0007254948894206414
3.0,1.0,4.0,1.0,2.0,4.0,2.0,3.0,2.0,2.0,2.0,7.0,0.0,1.0,0.0,0.0,0.0,0.0,0.0,0.0,0.0,0.0,0.0,0.0,0.0,0.0,0.0,0.0,0.0,0.0,0.0,0.0,1.0,0.0,0.0,0.0,0.0,0.0,0.0,0.0,0.7961031798160052,0.7616692674673081,-0.03443391234869708,0.7961031798160052,0.7807136367543849,-0.015389543061620325,0.7961031798160052,0.8025631674321679,0.006459987616162732,0.7961031798160052,0.8034118102990904,0.007308630483085166,0.7961031798160052,0.7842303501124193,-0.011872829703585941,0.7961031798160052,0.7956258097499194,-0.000477370066085836
3.0,1.0,3.0,1.0,1.0,3.0,3.0,3.0,3.0,4.0,2.0,7.0,0.0,0.0,0.0,1.0,0.0,0.0,0.0,0.0,0.0,0.0,0.0,0.0,0.0,0.0,0.0,0.0,0.0,0.0,0.0,0.0,0.0,0.0,0.0,0.0,0.0,0.0,0.0,0.0,0.6982156939551803,0.6544264942169449,-0.043789199738235474,0.6982156939551803,0.6784222998113149,-0.019793394143865495,0.6982156939551803,0.706634166331438,0.008418472376257702,0.6982156939551803,0.7077449894633538,0.009529295508173496,0.6982156939551803,0.6829131971859782,-0.015302496769202145,0.6982156939551803,0.6975962006399075,-0.0006194933152728899
3.0,1.0,9.0,1.0,3.0,5.0,2.0,3.0,7.0,7.0,2.0,7.0,0.0,0.0,0.0,0.0,0.0,1.0,0.0,0.0,0.0,0.0,0.0,1.0,0.0,0.0,0.0,0.0,0.0,0.0,0.0,0.0,0.0,0.0,0.0,0.0,0.0,0.0,0.0,0.0,0.8114631573714605,0.77890281323952,-0.03256034413194042,0.8114631573714605,0.7969372305137897,-0.014525926857670735,0.8114631573714605,0.8175480303166406,0.00608487294518012,0.8114631573714605,0.8183468422526897,0.006883684881229257,0.8114631573714605,0.8002603296229348,-0.011202827748525657,0.8114631573714605,0.8110132117543861,-0.0004499456170743432
4.0,1.0,3.0,3.0,1.0,2.0,1.0,4.0,8.0,9.0,5.0,8.0,1.0,0.0,0.0,0.0,0.0,0.0,1.0,0.0,0.0,1.0,0.0,0.0,0.0,0.0,0.0,0.0,0.0,0.0,0.0,0.0,0.0,0.0,0.0,0.0,0.0,0.0,0.0,0.0,0.7223802042643438,0.6804927999388587,-0.0418874043254851,0.7223802042643438,0.7034986726667112,-0.018881531597632617,0.7223802042643438,0.7303848887379923,0.008004684473648549,0.7223802042643438,0.7314399592633688,0.009059754999025005,,,,0.7223802042643438,0.7217905499386281,-0.0005896543257156717
5.0,1.0,3.0,1.0,2.0,4.0,4.0,2.0,7.0,7.0,3.0,7.0,0.0,0.0,0.0,0.0,0.0,0.0,1.0,0.0,0.0,0.0,0.0,0.0,1.0,0.0,0.0,0.0,0.0,0.0,0.0,0.0,0.0,0.0,0.0,0.0,0.0,0.0,0.0,0.0,0.757882638471613,0.7192701784968951,-0.03861245997471785,0.757882638471613,0.7405484733005827,-0.017334165171030258,0.757882638471613,0.7651964010722477,0.007313762600634766,0.757882638471613,0.7661588598901635,0.008276221418550556,0.757882638471613,0.7444985157895272,-0.013384122682085775,0.757882638471613,0.7573430602039078,-0.0005395782677051209
4.0,2.0,6.0,1.0,1.0,4.0,3.0,4.0,7.0,7.0,2.0,5.0,0.0,0.0,0.0,0.0,0.0,0.0,1.0,0.0,0.0,0.0,0.0,0.0,0.0,0.0,0.0,0.0,0.0,0.0,0.0,0.0,0.0,0.0,0.0,0.0,0.0,0.0,0.0,0.0,0.8607115623121339,0.8349262344045729,-0.02578532790756094,0.8607115623121339,0.8492752231041573,-0.011436339207976598,0.8607115623121339,0.8654704925763926,0.004758930264258776,0.8607115623121339,0.8660938556727225,0.005382293360588597,0.8607115623121339,0.8519009857804684,-0.008810576531665504,0.8607115623121339,0.8603589231010176,-0.00035263921111627905
2.0,2.0,2.0,4.0,1.0,4.0,1.0,3.0,10.0,10.0,4.0,10.0,0.0,1.0,0.0,0.0,0.0,0.0,0.0,0.0,0.0,0.0,0.0,0.0,1.0,0.0,0.0,0.0,0.0,0.0,0.0,0.0,0.0,0.0,0.0,0.0,0.0,1.0,0.0,0.0,0.8156698793757695,0.7836423321811051,-0.032027547194664385,0.8156698793757695,0.8013887337750395,-0.014281145600730016,,,,,,,0.8156698793757695,0.804656840934636,-0.011013038441133549,,,
7.0,1.0,10.0,2.0,2.0,4.0,2.0,2.0,9.0,8.0,4.0,7.0,0.0,0.0,0.0,0.0,0.0,0.0,0.0,0.0,0.0,0.0,0.0,1.0,0.0,0.0,0.0,0.0,0.0,0.0,0.0,1.0,0.0,0.0,0.0,0.0,0.0,0.0,0.0,0.0,0.8559653680281587,0.8294754893832895,-0.02648987864486918,0.8559653680281587,0.8442098746276944,-0.011755493400464334,0.8559653680281587,0.860860242811803,0.004894874783644254,0.8559653680281587,0.8615015496673919,0.005536181639233195,0.8559653680281587,0.8469079734276811,-0.009057394600477608,0.8559653680281587,0.8556027286552919,-0.00036263937286684644
5.0,1.0,4.0,1.0,4.0,3.0,2.0,2.0,10.0,10.0,5.0,10.0,0.0,0.0,0.0,0.0,0.0,0.0,1.0,0.0,0.0,0.0,0.0,0.0,1.0,0.0,0.0,0.0,0.0,0.0,0.0,1.0,0.0,0.0,0.0,0.0,0.0,0.0,0.0,0.0,0.7002244044109687,0.6565833133445114,-0.043641091066457305,0.7002244044109687,0.6805024710042625,-0.019721933406706138,,,,,,,,,,,,
6.0,1.0,2.0,1.0,2.0,3.0,2.0,3.0,5.0,6.0,3.0,6.0,1.0,0.0,0.0,0.0,0.0,0.0,0.0,0.0,0.0,0.0,0.0,0.0,0.0,0.0,0.0,0.0,0.0,0.0,0.0,0.0,0.0,0.0,0.0,0.0,0.0,0.0,0.0,0.0,0.6962315668265899,0.6522978380758577,-0.043933728750732204,0.6962315668265899,0.6763683570316077,-0.01986320979498224,0.6962315668265899,0.7046819774653711,0.008450410638781158,0.6962315668265899,0.7057971149354106,0.00956554810882071,0.6962315668265899,0.6808744454885034,-0.015357121338086532,0.6962315668265899,0.6956097761798441,-0.0006217906467458345
7.0,1.0,6.0,1.0,1.0,4.0,2.0,4.0,9.0,8.0,4.0,8.0,0.0,0.0,0.0,0.0,0.0,0.0,1.0,0.0,0.0,0.0,0.0,0.0,0.0,1.0,0.0,0.0,0.0,0.0,0.0,0.0,0.0,0.0,1.0,0.0,0.0,0.0,0.0,0.0,0.8491250648005029,0.8216393025275379,-0.027485762272964953,0.8491250648005029,0.8369176602893603,-0.01220740451114255,0.8491250648005029,0.854212808012722,0.005087743212219165,0.8491250648005029,0.8548795885233355,0.005754523722832583,0.8491250648005029,0.8397180736092562,-0.00940699119124666,0.8491250648005029,0.8487482466154392,-0.00037681818506363207
5.0,1.0,5.0,1.0,2.0,5.0,2.0,3.0,1.0,8.0,4.0,10.0,1.0,0.0,0.0,0.0,0.0,0.0,1.0,0.0,0.0,0.0,0.0,0.0,1.0,0.0,0.0,0.0,0.0,0.0,0.0,0.0,0.0,0.0,0.0,0.0,0.0,0.0,0.0,0.0,0.7392893055946742,0.6988897136111322,-0.04039959198354204,0.7392893055946742,0.7211138138994483,-0.01817549169522592,0.7392893055946742,0.7469772141458619,0.007687908551187728,0.7392893055946742,0.7479897580486695,0.008700452453995311,0.7392893055946742,0.7252499652308211,-0.014039340363853126,,,
4.0,1.0,8.0,1.0,2.0,5.0,3.0,3.0,5.0,5.0,2.0,5.0,1.0,0.0,0.0,0.0,0.0,0.0,1.0,0.0,0.0,0.0,0.0,0.0,0.0,0.0,0.0,0.0,0.0,0.0,0.0,0.0,0.0,0.0,0.0,0.0,0.0,0.0,0.0,0.0,0.8038852829915772,0.7703865514483411,-0.03349873154323613,0.8038852829915772,0.78892737969797,-0.014957903293607244,0.8038852829915772,0.8101575083639548,0.006272225372377593,0.8038852829915772,0.8109811964577134,0.007095913466136139,0.8038852829915772,0.7923474043891248,-0.011537878602452478,0.8038852829915772,0.8034216337281568,-0.00046364926342046253
6.0,1.0,8.0,2.0,3.0,5.0,2.0,4.0,4.0,4.0,2.0,8.0,0.0,0.0,0.0,0.0,0.0,0.0,1.0,0.0,0.0,0.0,0.0,0.0,0.0,0.0,0.0,0.0,0.0,0.0,0.0,1.0,0.0,0.0,0.0,0.0,0.0,0.0,0.0,0.0,0.7446449316540789,0.70474379851255,-0.03990113314152888,0.7446449316540789,0.7267047841877041,-0.017940147466374734,0.7446449316540789,0.7522278415207926,0.007582909866713727,0.7446449316540789,0.7532263150760338,0.008581383421954913,0.7446449316540789,0.7307889720897127,-0.013855959564366138,0.7446449316540789,0.7440858137831614,-0.0005591178709174471
3.0,1.0,4.0,1.0,2.0,3.0,3.0,3.0,5.0,6.0,3.0,6.0,0.0,0.0,0.0,0.0,0.0,0.0,1.0,0.0,0.0,0.0,0.0,0.0,0.0,0.0,0.0,0.0,0.0,0.0,0.0,0.0,0.0,0.0,0.0,0.0,0.0,0.0,0.0,0.0,0.8034907951585462,0.7699439641341571,-0.033546831024389046,0.8034907951585462,0.7885107194912343,-0.014980075667311854,0.8034907951585462,0.8097726516634418,0.006281856504895655,0.8034907951585462,0.8105976191952718,0.00710682403672569,0.8034907951585462,0.7919357148659987,-0.011555080292547482,0.8034907951585462,0.8030264417787395,-0.00046435337980665903
5.0,1.0,9.0,1.0,1.0,4.0,1.0,4.0,8.0,7.0,5.0,7.0,1.0,0.0,0.0,0.0,0.0,0.0,1.0,0.0,0.0,0.0,0.0,0.0,1.0,0.0,0.0,0.0,0.0,0.0,0.0,0.0,0.0,0.0,0.0,0.0,0.0,0.0,0.0,0.0,0.8466245432718644,0.8187804662651047,-0.027844077006759727,0.8466245432718644,0.834254311527018,-0.012370231744846416,0.8466245432718644,0.8517818893934386,0.005157346121574147,0.8466245432718644,0.8524578677247121,0.005833324452847677,,,,0.8466245432718644,0.8462426107633322,-0.0003819325085322456
5.0,1.0,5.0,1.0,2.0,4.0,2.0,4.0,8.0,6.0,3.0,10.0,0.0,0.0,0.0,0.0,0.0,0.0,1.0,0.0,0.0,0.0,0.0,0.0,1.0,0.0,0.0,0.0,0.0,0.0,0.0,0.0,0.0,0.0,0.0,1.0,0.0,0.0,0.0,0.0,0.7768323889190537,0.7402060685440662,-0.036626320374987476,0.7768323889190537,0.7604260507861271,-0.01640633813292658,0.7768323889190537,0.7837370690004929,0.006904680081439185,0.7768323889190537,0.7846449184395843,0.007812529520530576,0.7768323889190537,0.7641698382385888,-0.012662550680464957,,,
3.0,1.0,10.0,1.0,2.0,2.0,2.0,4.0,8.0,7.0,4.0,7.0,0.0,0.0,0.0,0.0,1.0,0.0,0.0,0.0,0.0,0.0,0.0,0.0,0.0,0.0,0.0,0.0,0.0,0.0,0.0,0.0,0.0,0.0,0.0,0.0,0.0,0.0,0.0,0.0,0.8488523868345682,0.8213274018994405,-0.027524984935127672,0.8488523868345682,0.8366271646148093,-0.012225222219758858,0.8488523868345682,0.85394774358924,0.005095356754671765,0.8488523868345682,0.8546155300812754,0.005763143246707236,0.8488523868345682,0.8394316092165653,-0.009420777618002862,0.8488523868345682,0.8484750091500599,-0.00037737768450829545
5.0,2.0,10.0,2.0,1.0,5.0,2.0,3.0,6.0,6.0,3.0,7.0,0.0,0.0,0.0,0.0,0.0,0.0,1.0,0.0,0.0,0.0,0.0,0.0,0.0,0.0,0.0,0.0,1.0,0.0,0.0,0.0,0.0,0.0,0.0,0.0,0.0,0.0,0.0,0.0,0.8584482652069617,0.8323255738495718,-0.02612269135738987,0.8584482652069617,0.8468591603368939,-0.011589104870067812,0.8584482652069617,0.8632722394431954,0.004823974236233708,0.8584482652069617,0.8639041867360895,0.005455921529127772,0.8584482652069617,0.8495195552251632,-0.00892870998179851,0.8584482652069617,0.8580908406978781,-0.0003574245090836037
4.0,1.0,5.0,1.0,2.0,4.0,2.0,2.0,9.0,9.0,5.0,10.0,0.0,1.0,0.0,0.0,0.0,0.0,1.0,0.0,0.0,0.0,0.0,0.0,1.0,0.0,0.0,0.0,0.0,0.0,0.0,1.0,0.0,0.0,0.0,0.0,0.0,0.0,0.0,0.0,0.699796487011086,0.6561236932284139,-0.04367279378267208,0.699796487011086,0.6800592644455642,-0.019737222565521795,0.699796487011086,0.7081892920345021,0.008392805023416106,0.699796487011086,0.7092966491760875,0.009500162165001491,,,,,,
4.0,1.0,3.0,1.0,2.0,3.0,2.0,4.0,6.0,7.0,3.0,7.0,1.0,0.0,0.0,0.0,0.0,0.0,0.0,0.0,0.0,0.0,0.0,0.0,0.0,0.0,0.0,0.0,0.0,0.0,0.0,0.0,0.0,0.0,0.0,0.0,0.0,0.0,0.0,0.0,0.7616352580907277,0.723402844747389,-0.03823241334333871,0.7616352580907277,0.7444791774544286,-0.017156080636299142,0.7616352580907277,0.7688702337164857,0.007234975625757922,0.7616352580907277,0.769822163399054,0.00818690530832622,0.7616352580907277,0.7483897090948036,-0.013245548995924117,0.7616352580907277,0.7611014066638194,-0.0005338514269083161
4.0,1.0,6.0,1.0,2.0,4.0,2.0,4.0,7.0,9.0,4.0,9.0,0.0,0.0,0.0,0.0,0.0,0.0,0.0,0.0,0.0,0.0,0.0,0.0,1.0,0.0,0.0,0.0,0.0,0.0,0.0,0.0,0.0,0.0,0.0,0.0,0.0,0.0,0.0,0.0,0.8572924733349607,0.8309984774049537,-0.02629399593000703,0.8572924733349607,0.8456257583141837,-0.011666715020776985,0.8572924733349607,0.8621495110243672,0.004857037689406485,0.8572924733349607,0.8627858226961841,0.005493349361223365,0.8572924733349607,0.8483037419588977,-0.008988731376063042,0.8572924733349607,0.8569326167788323,-0.00035985655612846834
6.0,1.0,3.0,2.0,1.0,5.0,2.0,4.0,3.0,3.0,2.0,8.0,0.0,0.0,0.0,0.0,0.0,0.0,1.0,0.0,0.0,0.0,1.0,0.0,0.0,0.0,0.0,0.0,0.0,0.0,0.0,0.0,0.0,0.0,0.0,0.0,0.0,0.0,0.0,0.0,0.8375681677018892,0.8084519576093728,-0.029116210092516415,0.8375681677018892,0.8246188199866072,-0.012949347715282,0.8375681677018892,0.8429735585723754,0.005405390870486193,0.8375681677018892,0.8436823367275991,0.006114169025709826,0.8375681677018892,0.8275869184585384,-0.009981249243350865,0.8375681677018892,0.8371680206327083,-0.0004001470691809006
3.0,1.0,7.0,2.0,1.0,5.0,1.0,5.0,5.0,6.0,2.0,4.0,0.0,0.0,1.0,0.0,0.0,0.0,1.0,0.0,1.0,0.0,0.0,0.0,0.0,0.0,0.0,0.0,0.0,0.0,0.0,0.0,0.0,0.0,0.0,0.0,0.0,0.0,0.0,0.0,0.835067299576872,0.805606847771023,-0.029460451805848997,,,,0.835067299576872,0.8405400696098256,0.0054727700329536555,0.835067299576872,0.8412577634746563,0.006190463897784326,0.835067299576872,0.824964490058039,-0.010102809518833022,0.835067299576872,0.8346622078383195,-0.000405091738552521
7.0,2.0,6.0,1.0,1.0,3.0,2.0,3.0,9.0,9.0,4.0,10.0,0.0,1.0,0.0,0.0,0.0,0.0,1.0,0.0,0.0,0.0,0.0,0.0,0.0,1.0,0.0,0.0,0.0,0.0,0.0,0.0,0.0,0.0,1.0,0.0,0.0,0.0,0.0,0.0,0.6283435870544458,0.5805071639249627,-0.04783642312948311,0.6283435870544458,0.6065498533482526,-0.021793733706193197,0.6283435870544458,0.6376997961102614,0.009356209055815579,0.6283435870544458,0.6389382677240248,0.010594680669579026,0.6283435870544458,0.6114696404658867,-0.01687394658855912,,,
6.0,2.0,7.0,3.0,1.0,4.0,3.0,3.0,7.0,7.0,3.0,8.0,0.0,0.0,0.0,0.0,0.0,0.0,1.0,0.0,1.0,0.0,0.0,0.0,0.0,0.0,0.0,0.0,0.0,0.0,0.0,1.0,0.0,0.0,0.0,0.0,0.0,0.0,0.0,0.0,0.8351002903336437,0.8056443598562812,-0.029455930477362502,0.8351002903336437,0.8219960120112308,-0.013104278322412899,0.8351002903336437,0.8405721746674115,0.005471884333767774,0.8351002903336437,0.8412897513184582,0.006189460984814432,0.8351002903336437,0.8249990781417156,-0.010101212191928166,0.8351002903336437,0.8346952635838564,-0.00040502674978737385
5.0,2.0,6.0,2.0,1.0,5.0,3.0,3.0,9.0,8.0,4.0,8.0,0.0,0.0,0.0,0.0,0.0,0.0,1.0,0.0,0.0,0.0,0.0,0.0,0.0,0.0,0.0,0.0,0.0,0.0,0.0,0.0,0.0,0.0,0.0,1.0,0.0,0.0,0.0,0.0,0.8306890920870126,0.8006333070556119,-0.030055785031400717,0.8306890920870126,0.8173109512480161,-0.013378140838996466,0.8306890920870126,0.8362786564255895,0.005589564338576936,0.8306890920870126,0.8370118108583056,0.006322718771292979,0.8306890920870126,0.8203757858915556,-0.010313306195457006,0.8306890920870126,0.8302754325962839,-0.00041365949072869057
3.0,1.0,6.0,1.0,1.0,4.0,1.0,4.0,8.0,9.0,4.0,10.0,0.0,0.0,0.0,0.0,0.0,0.0,1.0,0.0,0.0,0.0,0.0,1.0,0.0,0.0,0.0,0.0,0.0,0.0,0.0,0.0,0.0,0.0,0.0,0.0,0.0,0.0,0.0,0.0,0.92476005311463,0.90958599547377,-0.015174057640860106,0.92476005311463,0.9180819451804229,-0.0066781079342072,0.92476005311463,0.9275149885478116,0.0027549354331815046,0.92476005311463,0.9278748175615507,0.0031147644469206037,0.92476005311463,0.9196224778386869,-0.0051375752759431625,,,
3.0,3.0,4.0,3.0,1.0,4.0,2.0,3.0,5.0,5.0,2.0,7.0,0.0,0.0,0.0,0.0,0.0,0.0,1.0,0.0,0.0,0.0,0.0,0.0,0.0,0.0,0.0,0.0,0.0,1.0,0.0,1.0,0.0,0.0,0.0,0.0,0.0,0.0,0.0,0.0,0.8287905829360197,0.7984795369526687,-0.030311045983350993,0.8287905829360197,0.8152957860209993,-0.013494796915020424,0.8287905829360197,0.8344303314553467,0.005639748519327026,0.8287905829360197,0.8351701314295981,0.0063795484935783575,0.8287905829360197,0.8183869153893463,-0.010403667546673434,0.8287905829360197,0.8283732433527949,-0.00041733958322476283
4.0,1.0,5.0,1.0,2.0,3.0,2.0,4.0,7.0,6.0,3.0,6.0,0.0,0.0,0.0,0.0,0.0,0.0,0.0,0.0,1.0,0.0,0.0,0.0,0.0,0.0,0.0,0.0,0.0,0.0,0.0,0.0,0.0,0.0,0.0,0.0,0.0,0.0,0.0,0.0,0.866687256172884,0.8418048388877823,-0.024882417285101655,0.866687256172884,0.8556592744887548,-0.011027981684129218,0.866687256172884,0.8712725556896544,0.004585299516770447,0.866687256172884,0.8718730141402398,0.005185757967355764,0.866687256172884,0.8581923914569483,-0.008494864715935746,0.866687256172884,0.8663473965207681,-0.00033985965211591473
2.0,3.0,2.0,3.0,1.0,3.0,1.0,4.0,8.0,8.0,2.0,8.0,0.0,1.0,0.0,0.0,0.0,0.0,0.0,0.0,0.0,0.0,0.0,0.0,1.0,0.0,0.0,0.0,0.0,0.0,0.0,0.0,0.0,0.0,0.0,0.0,0.0,0.0,1.0,0.0,0.8665736872915966,0.8416739450319685,-0.0248997422596281,0.8665736872915966,0.8555378768308077,-0.01103581046078883,0.8665736872915966,0.8711623123378853,0.0045886250462887634,0.8665736872915966,0.8717632093392702,0.005189522047673645,0.8665736872915966,0.858072770895465,-0.008500916396131597,0.8665736872915966,0.8662335827997187,-0.000340104491877824
5.0,1.0,3.0,2.0,1.0,5.0,4.0,1.0,5.0,3.0,3.0,6.0,0.0,0.0,0.0,1.0,0.0,0.0,0.0,0.0,0.0,0.0,0.0,0.0,1.0,0.0,0.0,0.0,0.0,0.0,0.0,0.0,0.0,0.0,0.0,0.0,0.0,0.0,0.0,0.0,0.6430726601014966,0.595912849779509,-0.04715981032198757,0.6430726601014966,0.6216225234010871,-0.021450136700409406,0.6430726601014966,0.6522632788895402,0.009190618788043614,0.6430726601014966,0.6534790191013549,0.010406358999858312,0.6430726601014966,0.6264699047719858,-0.01660275532951072,0.6430726601014966,0.642397945939853,-0.0006747141616435526
3.0,1.0,6.0,2.0,1.0,5.0,2.0,4.0,7.0,9.0,3.0,8.0,0.0,0.0,0.0,0.0,0.0,0.0,0.0,0.0,0.0,0.0,0.0,1.0,0.0,0.0,0.0,0.0,0.0,0.0,0.0,0.0,0.0,0.0,0.0,0.0,0.0,0.0,0.0,0.0,0.9256280183808281,0.9106120879184988,-0.015015930462329297,0.9256280183808281,0.919020202721299,-0.006607815659529059,0.9256280183808281,0.9283536352199898,0.0027256168391617264,0.9256280183808281,0.9287096210268393,0.0030816026460112056,0.9256280183808281,0.9205446177745171,-0.005083400606310962,0.9256280183808281,0.9254254896330616,-0.000202528747766495
6.0,3.0,4.0,2.0,3.0,3.0,3.0,3.0,7.0,5.0,3.0,8.0,0.0,0.0,0.0,0.0,0.0,0.0,1.0,0.0,0.0,0.0,1.0,0.0,0.0,0.0,0.0,0.0,0.0,0.0,0.0,0.0,0.0,0.0,0.0,0.0,1.0,0.0,0.0,0.0,0.28775989307514593,0.24851458117443584,-0.039245311900710095,0.28775989307514593,0.2692219957699811,-0.018537897305164808,0.28775989307514593,0.2960849017673365,0.00832500869219055,0.28775989307514593,0.2972041689130071,0.009444275837861171,0.28775989307514593,0.27330628783593713,-0.0144536052392088,0.28775989307514593,0.28715804997233707,-0.0006018431028088633
6.0,2.0,5.0,2.0,2.0,4.0,2.0,4.0,7.0,7.0,3.0,6.0,0.0,0.0,0.0,0.0,0.0,0.0,0.0,0.0,0.0,0.0,0.0,0.0,0.0,0.0,0.0,0.0,0.0,0.0,0.0,0.0,0.0,0.0,1.0,0.0,0.0,0.0,0.0,0.0,0.7887653533089986,0.753475972018568,-0.03528938129043058,0.7887653533089986,0.7729799070296985,-0.01578544627930001,0.7887653533089986,0.7953980737926084,0.006632720483609855,0.7887653533089986,0.7962696963969794,0.007504343087980869,0.7887653533089986,0.7765851545072034,-0.012180198801795106,0.7887653533089986,0.7882753726043414,-0.0004899807046571114
6.0,1.0,7.0,1.0,2.0,4.0,2.0,3.0,6.0,7.0,3.0,6.0,0.0,0.0,0.0,0.0,0.0,0.0,1.0,0.0,0.0,0.0,0.0,0.0,0.0,0.0,0.0,0.0,0.0,0.0,0.0,1.0,0.0,0.0,0.0,0.0,0.0,0.0,0.0,0.0,0.8319328920691395,0.8020452879130795,-0.029887604156059955,0.8319328920691395,0.8186315726072669,-0.013301319461872518,0.8319328920691395,0.8374894272446465,0.005556535175507027,0.8319328920691395,0.8382182086617005,0.006285316592561041,0.8319328920691395,0.8216790859852687,-0.01025380608387072,0.8319328920691395,0.8315216550925336,-0.00041123697660583325
5.0,1.0,4.0,1.0,2.0,3.0,3.0,4.0,7.0,7.0,4.0,7.0,0.0,0.0,0.0,0.0,0.0,0.0,0.0,0.0,0.0,0.0,0.0,0.0,0.0,0.0,0.0,0.0,0.0,0.0,0.0,0.0,0.0,0.0,0.0,0.0,0.0,0.0,0.0,0.0,0.7702771982566943,0.7329448845501246,-0.03733231370656964,0.7702771982566943,0.7535418411743376,-0.016735357082356628,0.7702771982566943,0.7773265570883341,0.007049358831639818,0.7702771982566943,0.7782537032366502,0.007976504979955945,0.7702771982566943,0.7573588803926344,-0.012918317864059836,0.7702771982566943,0.7697568506829453,-0.0005203475737489693
5.0,1.0,9.0,1.0,2.0,4.0,2.0,4.0,4.0,3.0,2.0,6.0,0.0,0.0,0.0,1.0,0.0,0.0,0.0,0.0,0.0,0.0,0.0,1.0,0.0,0.0,0.0,0.0,0.0,0.0,0.0,0.0,0.0,0.0,0.0,0.0,0.0,0.0,0.0,0.0,0.6708577121387319,0.6252295806205557,-0.04562813151817624,0.6708577121387319,0.6501690003599773,-0.020688711778754643,0.6708577121387319,0.6796892450072503,0.008831532868518344,0.6708577121387319,0.6808560153412447,0.009998303202512826,0.6708577121387319,0.6548537274416174,-0.016003984697114504,0.6708577121387319,0.6702085853427404,-0.0006491267959914948
3.0,1.0,4.0,1.0,2.0,4.0,2.0,4.0,8.0,7.0,2.0,8.0,0.0,0.0,0.0,0.0,0.0,0.0,0.0,0.0,1.0,0.0,0.0,0.0,0.0,0.0,0.0,0.0,0.0,0.0,0.0,0.0,0.0,0.0,0.0,0.0,0.0,0.0,0.0,0.0,0.9079858230636206,0.8898318299427217,-0.018153993120898937,0.9079858230636206,0.8999799063849319,-0.008005916678688774,0.9079858230636206,0.9112960383206602,0.0033102152570395615,0.9079858230636206,0.9117287187281232,0.003742895664502588,0.9079858230636206,0.9018244586558295,-0.006161364407791137,0.9079858230636206,0.9077400399142129,-0.00024578314940770785
3.0,1.0,2.0,1.0,4.0,5.0,3.0,1.0,9.0,8.0,3.0,9.0,0.0,1.0,0.0,0.0,0.0,0.0,1.0,0.0,0.0,0.0,0.0,1.0,0.0,0.0,0.0,0.0,0.0,0.0,0.0,0.0,0.0,0.0,0.0,0.0,0.0,0.0,0.0,0.0,0.5818201373008024,0.5324513424076865,-0.04936879489311585,0.5818201373008024,0.5592120839108129,-0.022608053389989502,0.5818201373008024,0.5915862834602154,0.009766146159412958,0.5818201373008024,0.5928817523311494,0.011061615030346972,0.5818201373008024,0.564298599180612,-0.017521538120190416,0.5818201373008024,0.5811050589353032,-0.0007150783654992221
4.0,1.0,3.0,1.0,1.0,5.0,2.0,4.0,8.0,7.0,2.0,8.0,0.0,0.0,0.0,0.0,0.0,0.0,1.0,0.0,0.0,0.0,0.0,0.0,1.0,0.0,0.0,0.0,0.0,0.0,0.0,0.0,0.0,0.0,0.0,0.0,0.0,0.0,0.0,0.0,0.8950702975096552,0.874719715193764,-0.020350582315891153,0.8950702975096552,0.8860816225157592,-0.008988674993895995,0.8950702975096552,0.898793359820193,0.0037230623105378724,0.8950702975096552,0.8992802854769009,0.004209987967245699,0.8950702975096552,0.8881506302752158,-0.006919667234439375,0.8950702975096552,0.8947940124646864,-0.0002762850449687937
3.0,1.0,6.0,1.0,5.0,5.0,2.0,3.0,8.0,8.0,4.0,7.0,0.0,0.0,0.0,0.0,0.0,0.0,1.0,0.0,0.0,0.0,0.0,0.0,0.0,0.0,0.0,0.0,0.0,0.0,0.0,0.0,0.0,0.0,0.0,0.0,0.0,0.0,0.0,0.0,0.7427192930992298,0.7026374225508168,-0.040081870548412946,0.7427192930992298,0.724693876170034,-0.018025416929195792,0.7427192930992298,0.7503402139499474,0.0076209208507176385,0.7427192930992298,0.7513437797845252,0.008624486685295363,0.7427192930992298,0.7287969004700874,-0.01392239262914241,0.7427192930992298,0.7421574188609881,-0.0005618742382417219
2.0,3.0,6.0,2.0,1.0,3.0,2.0,3.0,3.0,6.0,4.0,8.0,0.0,0.0,0.0,0.0,0.0,0.0,1.0,0.0,0.0,0.0,0.0,0.0,0.0,0.0,0.0,0.0,1.0,0.0,0.0,0.0,0.0,0.0,0.0,0.0,0.0,0.0,0.0,1.0,0.7901513810241798,0.7550216360849943,-0.035129744939185525,0.7901513810241798,0.7744398922907804,-0.015711488733399448,0.7901513810241798,0.7967517949824698,0.00660041395829003,0.7901513810241798,0.7976191179602262,0.00746773693604641,0.7901513810241798,0.7780286121846088,-0.012122768839570974,0.7901513810241798,0.7896637580168768,-0.00048762300730298413
3.0,1.0,10.0,1.0,1.0,5.0,1.0,4.0,9.0,9.0,5.0,8.0,0.0,0.0,0.0,0.0,0.0,0.0,1.0,0.0,1.0,0.0,0.0,0.0,0.0,0.0,0.0,0.0,0.0,0.0,0.0,0.0,0.0,0.0,0.0,0.0,0.0,0.0,0.0,0.0,0.9555071846213321,0.9461731375727066,-0.009334047048625504,0.9555071846213321,0.9514147356952876,-0.004092448926044545,0.9555071846213321,0.9571884231454246,0.001681238524092521,0.9555071846213321,0.9574077120833513,0.0019005274620191859,,,,0.9555071846213321,0.9553821003063336,-0.00012508431499846928
4.0,1.0,10.0,1.0,3.0,2.0,3.0,4.0,8.0,8.0,4.0,8.0,0.0,1.0,0.0,0.0,0.0,0.0,0.0,0.0,0.0,0.0,0.0,0.0,1.0,0.0,0.0,0.0,0.0,0.0,0.0,0.0,0.0,0.0,0.0,0.0,0.0,0.0,0.0,0.0,0.5182442518137489,0.4682298076220182,-0.05001444419173068,0.5182442518137489,0.4951813123667665,-0.0230629394469824,0.5182442518137489,0.5282913916624022,0.010047139848653353,0.5182442518137489,0.5296279973818475,0.011383745568098624,0.5182442518137489,0.500346522681667,-0.017897729132081874,0.5182442518137489,0.5175106134508818,-0.0007336383628671062
4.0,1.0,4.0,1.0,2.0,3.0,2.0,4.0,7.0,7.0,2.0,4.0,1.0,0.0,0.0,0.0,0.0,0.0,1.0,0.0,0.0,0.0,0.0,0.0,1.0,0.0,0.0,0.0,0.0,0.0,0.0,1.0,0.0,0.0,0.0,0.0,0.0,0.0,0.0,0.0,0.7572379047804318,0.7185608063009766,-0.03867709847945522,0.7572379047804318,0.7398734236049093,-0.017364481175522584,0.7572379047804318,0.7645650930576633,0.0073271882772314445,0.7572379047804318,0.7655293466751135,0.008291441894681673,0.7572379047804318,0.7438301883149787,-0.013407716465453134,0.7572379047804318,0.7566973509396251,-0.0005405538408067567
5.0,1.0,5.0,3.0,3.0,5.0,4.0,1.0,0.0,0.0,1.0,0.0,0.0,0.0,1.0,0.0,0.0,0.0,1.0,0.0,0.0,0.0,0.0,0.0,0.0,0.0,0.0,0.0,0.0,0.0,0.0,0.0,0.0,1.0,0.0,0.0,0.0,0.0,0.0,0.0,0.30228510656191365,0.26178693256049573,-0.04049817400141792,0.30228510656191365,0.2831835185403391,-0.019101588021574578,0.30228510656191365,0.31084693641722516,0.008561829855311509,0.30228510656191365,0.3119972733623451,0.009712166800431465,0.30228510656191365,0.2873963189490923,-0.014888787612821364,0.30228510656191365,0.30166575124964656,-0.0006193553122670892
7.0,1.0,4.0,2.0,2.0,5.0,2.0,3.0,6.0,6.0,4.0,6.0,0.0,1.0,0.0,0.0,0.0,0.0,0.0,0.0,0.0,0.0,1.0,0.0,0.0,0.0,0.0,0.0,0.0,0.0,0.0,0.0,0.0,0.0,0.0,0.0,0.0,0.0,0.0,0.0,0.6261868922780196,0.5782591956423471,-0.047927696635672534,0.6261868922780196,0.6043463248077745,-0.021840567470245098,0.6261868922780196,0.6355659050064042,0.009379012728384595,0.6261868922780196,0.6368075166037074,0.010620624325687777,0.6261868922780196,0.6092759161234502,-0.01691097615456938,0.6261868922780196,0.6254988471782021,-0.0006880450998174581
5.0,1.0,1.0,1.0,3.0,3.0,3.0,3.0,6.0,4.0,5.0,5.0,0.0,0.0,0.0,0.0,0.0,0.0,1.0,0.0,0.0,0.0,0.0,0.0,0.0,0.0,0.0,0.0,1.0,0.0,0.0,0.0,0.0,0.0,0.0,0.0,0.0,0.0,0.0,0.0,0.5503087800599821,0.5004141847962986,-0.04989459526368345,0.5503087800599821,0.5273809803913223,-0.022927799668659765,0.5503087800599821,0.5602546292560069,0.009945849196024814,0.5503087800599821,0.5615758283313811,0.011267048271399016,,,,0.5503087800599821,0.5495815322776435,-0.0007272477823385692
7.0,2.0,10.0,1.0,2.0,4.0,2.0,3.0,9.0,10.0,3.0,9.0,0.0,0.0,0.0,0.0,0.0,0.0,1.0,0.0,0.0,0.0,0.0,0.0,0.0,0.0,0.0,0.0,0.0,0.0,0.0,0.0,0.0,0.0,1.0,0.0,0.0,0.0,0.0,0.0,0.8431864464263601,0.8148547057151238,-0.028331740711236342,0.8431864464263601,0.8305944061124803,-0.012592040313879838,0.8431864464263601,0.8484387047363007,0.005252258309940583,,,,0.8431864464263601,0.8334817969007016,-0.009704649525658526,0.8431864464263601,0.842797542145445,-0.0003889042809150922
6.0,2.0,9.0,1.0,1.0,3.0,2.0,4.0,9.0,8.0,4.0,7.0,0.0,0.0,0.0,0.0,0.0,0.0,0.0,0.0,0.0,0.0,0.0,0.0,0.0,1.0,0.0,0.0,0.0,0.0,0.0,0.0,0.0,0.0,0.0,0.0,0.0,0.0,0.0,0.0,0.8529486335529731,0.8260167094875823,-0.0269319240653908,0.8529486335529731,0.8409926645832732,-0.01195596896969997,0.8529486335529731,0.8579290129437123,0.0049803793907391425,0.8529486335529731,0.8585816106734528,0.005632977120479721,0.8529486335529731,0.8437361681330733,-0.00921246541989984,0.8529486335529731,0.8525797069927243,-0.00036892656024878345
4.0,1.0,4.0,1.0,1.0,5.0,2.0,2.0,7.0,7.0,4.0,9.0,0.0,0.0,0.0,0.0,0.0,0.0,1.0,0.0,0.0,0.0,0.0,1.0,0.0,0.0,0.0,0.0,0.0,0.0,0.0,0.0,0.0,0.0,0.0,0.0,0.0,0.0,0.0,0.0,0.9079305551193008,0.8897669816786498,-0.018163573440651004,0.9079305551193008,0.8999203597439762,-0.008010195375324547,0.9079305551193008,0.9112425642866543,0.0033120091673535246,0.9079305551193008,0.9116754802492024,0.003744925129901655,0.9079305551193008,0.901765890298662,-0.00616466482063871,0.9079305551193008,0.907684639350713,-0.00024591576858778996
4.0,1.0,4.0,1.0,4.0,1.0,4.0,2.0,2.0,5.0,2.0,2.0,1.0,0.0,0.0,0.0,0.0,0.0,1.0,0.0,0.0,0.0,0.0,0.0,1.0,0.0,0.0,0.0,0.0,0.0,0.0,0.0,0.0,0.0,0.0,0.0,0.0,0.0,0.0,0.0,0.3831807159838871,0.3370806777633647,-0.04610003822052239,0.3831807159838871,0.3616166867182927,-0.021564029265594364,0.3831807159838871,0.39274405543211627,0.00956333944822918,0.3831807159838871,0.39402418294151165,0.010843466957624559,0.3831807159838871,0.36639988690886016,-0.016780829075026926,0.3831807159838871,0.3824864755677503,-0.0006942404161368043
5.0,2.0,5.0,3.0,2.0,4.0,3.0,3.0,6.0,6.0,4.0,7.0,0.0,1.0,0.0,0.0,0.0,0.0,1.0,0.0,0.0,0.0,0.0,0.0,1.0,0.0,0.0,0.0,0.0,0.0,0.0,0.0,0.0,0.0,0.0,0.0,0.0,0.0,0.0,0.0,0.43980906667210556,0.391217208251367,-0.04859185842073854,0.43980906667210556,0.4172137616926971,-0.02259530497940848,0.43980906667210556,0.44975520000451163,0.00994613333240607,0.43980906667210556,0.45108311751796487,0.011274050845859307,0.43980906667210556,0.4222459452703397,-0.017563121401765858,0.43980906667210556,0.43908526296451084,-0.0007238037075947279
3.0,1.0,3.0,1.0,2.0,4.0,2.0,4.0,7.0,7.0,4.0,8.0,0.0,0.0,0.0,0.0,0.0,0.0,0.0,0.0,0.0,0.0,0.0,1.0,0.0,0.0,0.0,0.0,0.0,0.0,0.0,0.0,0.0,0.0,0.0,0.0,0.0,0.0,0.0,0.0,0.8605309198801939,0.8347185727262374,-0.025812347153956527,0.8605309198801939,0.8490823495483228,-0.011448570331871077,0.8605309198801939,0.8652950560584329,0.004764136178239009,0.8605309198801939,0.8659191061283651,0.005388186248171167,0.8605309198801939,0.8517108855732575,-0.008820034306936453,0.8605309198801939,0.8601778976271237,-0.00035302225307021207
2.0,5.0,1.0,4.0,1.0,4.0,2.0,3.0,8.0,6.0,3.0,7.0,0.0,1.0,0.0,0.0,0.0,0.0,1.0,0.0,0.0,0.0,0.0,0.0,0.0,0.0,0.0,0.0,1.0,0.0,0.0,0.0,0.0,0.0,0.0,0.0,0.0,1.0,0.0,0.0,0.5762533140461178,0.5267618696030115,-0.04949144444310627,0.5762533140461178,0.5535752244639559,-0.022678089582161887,0.5762533140461178,0.5860569722099757,0.009803658163857865,0.5762533140461178,0.5873577462205163,0.011104432174398493,0.5762533140461178,0.5586754523152725,-0.0175778617308453,0.5762533140461178,0.5755356611861772,-0.0007176528599406318
3.0,1.0,4.0,1.0,2.0,3.0,2.0,3.0,5.0,5.0,3.0,6.0,0.0,0.0,0.0,1.0,0.0,0.0,1.0,0.0,0.0,0.0,0.0,0.0,0.0,0.0,0.0,0.0,0.0,0.0,0.0,0.0,0.0,0.0,0.0,0.0,0.0,0.0,0.0,0.0,0.6538236098719167,0.6072166674210402,-0.04660694245087649,0.6538236098719167,0.6326504926270311,-0.021173117244885575,0.6538236098719167,0.6628825214540235,0.00905891158210681,0.6538236098719167,0.6640802555598874,0.010256645687970689,0.6538236098719167,0.6374389959199189,-0.01638461395199775,0.6538236098719167,0.6531582574633222,-0.000665352408594444
4.0,1.0,10.0,1.0,2.0,3.0,2.0,4.0,7.0,8.0,2.0,8.0,0.0,0.0,0.0,0.0,0.0,0.0,0.0,0.0,0.0,0.0,0.0,1.0,0.0,0.0,0.0,0.0,0.0,0.0,0.0,0.0,0.0,0.0,0.0,0.0,0.0,0.0,0.0,0.0,0.8821661704490986,0.8597051741167107,-0.02246099633238796,0.8821661704490986,0.8722298758923093,-0.009936294556789349,0.8821661704490986,0.8862889235028796,0.004122753053780959,0.8821661704490986,0.8868284353171502,0.004662264868051547,0.8821661704490986,0.8745148337648491,-0.0076513366842495545,0.8821661704490986,0.8818603928287153,-0.00030577762038330736
4.0,1.0,2.0,1.0,2.0,4.0,2.0,4.0,5.0,6.0,1.0,5.0,0.0,1.0,0.0,0.0,0.0,0.0,0.0,0.0,0.0,0.0,0.0,0.0,0.0,0.0,0.0,0.0,0.0,0.0,0.0,0.0,0.0,0.0,0.0,0.0,0.0,0.0,0.0,0.0,0.6725291497029731,0.6270038963649209,-0.04552525333805213,0.6725291497029731,0.6518909824355046,-0.020638167267468477,0.6725291497029731,0.6813371377637409,0.00880798806076788,0.6725291497029731,0.6825007094323933,0.00997155972942021,0.6725291497029731,0.656564830490247,-0.015964319212726008,0.6725291497029731,0.6718817070138675,-0.0006474426891055485
5.0,1.0,4.0,1.0,2.0,3.0,1.0,3.0,8.0,7.0,3.0,7.0,0.0,0.0,0.0,0.0,0.0,0.0,1.0,0.0,0.0,0.0,0.0,0.0,0.0,0.0,0.0,0.0,0.0,0.0,0.0,0.0,0.0,0.0,0.0,0.0,0.0,0.0,0.0,0.0,0.8423457264343208,0.8138956169810388,-0.02845010945328197,0.8423457264343208,0.8296998117850035,-0.012645914649317302,0.8423457264343208,0.8476210547277128,0.005275328293391945,0.8423457264343208,0.8483126300289908,0.005966903594670003,0.8423457264343208,0.8325993771929345,-0.009746349241386287,0.8423457264343208,0.8419551279435398,-0.0003905984907810467
3.0,2.0,2.0,1.0,2.0,5.0,4.0,4.0,9.0,9.0,5.0,10.0,0.0,0.0,0.0,0.0,0.0,0.0,1.0,0.0,0.0,0.0,0.0,0.0,1.0,0.0,0.0,0.0,0.0,0.0,0.0,0.0,0.0,0.0,0.0,0.0,0.0,0.0,0.0,0.0,0.7726944612831064,0.7356201477931056,-0.03707431349000079,0.7726944612831064,0.7560794380610547,-0.01661502322205166,0.7726944612831064,0.7796908586672427,0.006996397384136377,0.7726944612831064,0.7806109389610596,0.007916477677953226,,,,,,
5.0,1.0,6.0,1.0,2.0,5.0,1.0,4.0,8.0,6.0,2.0,7.0,0.0,1.0,0.0,0.0,0.0,0.0,0.0,0.0,0.0,0.0,0.0,0.0,0.0,0.0,0.0,0.0,1.0,0.0,0.0,0.0,0.0,0.0,0.0,0.0,0.0,0.0,0.0,0.0,0.7192978001911979,0.6771531728543052,-0.042144627336892726,0.7192978001911979,0.7002936049499812,-0.01900419524121677,0.7192978001911979,0.7273578167613234,0.00806001657012545,0.7192978001911979,0.7284203283770353,0.009122528185837364,0.7192978001911979,0.7046120537863995,-0.014685746404798472,0.7192978001911979,0.7187041483289285,-0.0005936518622694509
3.0,1.0,5.0,1.0,2.0,4.0,3.0,3.0,5.0,5.0,2.0,5.0,0.0,0.0,1.0,0.0,0.0,0.0,1.0,0.0,0.0,0.0,0.0,0.0,0.0,0.0,0.0,0.0,0.0,0.0,0.0,0.0,0.0,0.0,0.0,0.0,0.0,0.0,0.0,0.0,0.6511399796656658,0.6043903467498923,-0.0467496329157735,0.6511399796656658,0.6298956364745482,-0.021244343191117676,0.6511399796656658,0.6602326237118372,0.009092644046171383,0.6511399796656658,0.6614349640099243,0.010294984344258462,0.6511399796656658,0.6346993149973866,-0.016440664668279203,0.6511399796656658,0.6504722266981439,-0.0006677529675219729
6.0,1.0,2.0,1.0,5.0,5.0,3.0,3.0,8.0,9.0,4.0,10.0,0.0,0.0,0.0,0.0,0.0,0.0,0.0,1.0,0.0,0.0,0.0,0.0,0.0,0.0,0.0,0.0,0.0,0.0,0.0,0.0,0.0,0.0,0.0,0.0,0.0,0.0,0.0,0.0,0.692474685425011,0.6482720986235924,-0.04420258680141864,0.692474685425011,0.6724813781306397,-0.01999330729437132,0.692474685425011,0.700984722107934,0.00851003668292305,0.692474685425011,0.7021079188329724,0.009633233407961406,0.692474685425011,0.6770157430217332,-0.015458942403277831,,,
5.0,1.0,6.0,1.0,2.0,5.0,1.0,4.0,3.0,3.0,2.0,10.0,0.0,0.0,0.0,0.0,0.0,1.0,1.0,0.0,0.0,0.0,0.0,0.0,1.0,0.0,0.0,0.0,0.0,0.0,0.0,1.0,0.0,0.0,0.0,0.0,0.0,0.0,0.0,0.0,0.7235102433509653,0.6817182169354317,-0.04179202641553359,0.7235102433509653,0.7046741474896271,-0.018836095861338165,0.7235102433509653,0.7314944559622374,0.007984212611272135,0.7235102433509653,0.7325467744397208,0.009036531088755573,0.7235102433509653,0.7089557098241357,-0.01455453352682956,,,
3.0,1.0,3.0,1.0,1.0,4.0,2.0,4.0,8.0,7.0,4.0,7.0,0.0,0.0,0.0,0.0,0.0,0.0,0.0,0.0,0.0,0.0,0.0,1.0,0.0,0.0,0.0,0.0,0.0,0.0,0.0,0.0,0.0,0.0,0.0,0.0,0.0,0.0,0.0,0.0,0.9028978986532709,0.8838684697797351,-0.01902942887353576,0.9028978986532709,0.8945007307883609,-0.00839716786490996,0.9028978986532709,0.9063722781252829,0.0034743794720120125,0.9028978986532709,0.9068265200834472,0.00392862143017636,0.9028978986532709,0.89643470113772,-0.006463197515550911,0.9028978986532709,0.9026399821918211,-0.00025791646144979197
6.0,1.0,4.0,1.0,2.0,4.0,3.0,3.0,7.0,7.0,5.0,7.0,0.0,0.0,0.0,0.0,0.0,0.0,0.0,0.0,0.0,0.0,0.0,0.0,0.0,0.0,0.0,0.0,0.0,0.0,0.0,0.0,0.0,0.0,0.0,0.0,0.0,0.0,0.0,0.0,0.7763768067772404,0.7397007699993162,-0.03667603677792419,0.7763768067772404,0.7599473258414353,-0.016429480935805096,0.7763768067772404,0.7832916501874762,0.006914843410235738,0.7763768067772404,0.7842008546000069,0.007824047822766467,,,,0.7763768067772404,0.7758662552554981,-0.0005105515217422862
7.0,3.0,7.0,1.0,1.0,3.0,3.0,3.0,8.0,8.0,3.0,6.0,0.0,1.0,0.0,0.0,0.0,0.0,0.0,0.0,0.0,0.0,0.0,1.0,0.0,0.0,0.0,0.0,0.0,0.0,0.0,0.0,0.0,0.0,1.0,0.0,0.0,0.0,0.0,0.0,0.5971697969114649,0.5482059786846086,-0.04896381822685625,0.5971697969114649,0.5747851091590941,-0.02238468775237079,0.5971697969114649,0.6068197169998539,0.009649920088389052,0.5971697969114649,0.6080988759385052,0.010929079027040323,0.5971697969114649,0.5798269433312594,-0.017342853580205486,0.5971697969114649,0.5964627614004337,-0.0007070355110311288
6.0,1.0,9.0,2.0,3.0,4.0,2.0,4.0,8.0,8.0,4.0,9.0,0.0,0.0,0.0,0.0,0.0,0.0,0.0,0.0,1.0,0.0,0.0,0.0,0.0,0.0,0.0,0.0,0.0,0.0,0.0,1.0,0.0,0.0,0.0,0.0,0.0,0.0,0.0,0.0,0.8218304030500613,0.7905984571207606,-0.031231945929300675,0.8218304030500613,0.8079141499428114,-0.013916253107249865,0.8218304030500613,0.8276517467525978,0.005821343702536508,0.8218304030500613,0.828415606696587,0.006585203646525706,0.8218304030500613,0.8111001925450538,-0.010730210505007443,0.8218304030500613,0.82139975346559,-0.00043064958447125434
3.0,1.0,4.0,3.0,1.0,5.0,1.0,1.0,10.0,10.0,4.0,10.0,1.0,0.0,0.0,0.0,0.0,0.0,1.0,0.0,0.0,0.0,0.0,1.0,0.0,0.0,0.0,0.0,0.0,0.0,0.0,0.0,0.0,0.0,0.0,0.0,0.0,0.0,0.0,0.0,0.9129305284909488,0.8956399763327095,-0.01729055215823927,0.9129305284909488,0.9053099714308058,-0.007620557060142974,,,,,,,0.9129305284909488,0.907066377856141,-0.00586415063480783,,,
5.0,2.0,8.0,2.0,2.0,4.0,2.0,2.0,3.0,3.0,3.0,4.0,0.0,0.0,0.0,0.0,0.0,0.0,0.0,0.0,0.0,0.0,0.0,0.0,0.0,0.0,0.0,0.0,0.0,0.0,0.0,1.0,0.0,0.0,0.0,0.0,0.0,0.0,0.0,0.0,0.8075225505706225,0.7744708057906933,-0.033051744779929226,0.8075225505706225,0.7927705516645707,-0.014751998906051833,0.8075225505706225,0.8137054056087045,0.006182855038082025,0.8075225505706225,0.8145172244088091,0.006994673838186638,0.8075225505706225,0.7961443957870061,-0.011378154783616368,0.8075225505706225,0.8070654366254758,-0.0004571139451466921
6.0,2.0,7.0,3.0,1.0,5.0,2.0,4.0,6.0,7.0,2.0,6.0,0.0,1.0,0.0,0.0,0.0,0.0,0.0,0.0,0.0,0.0,0.0,0.0,0.0,0.0,0.0,0.0,0.0,0.0,0.0,0.0,0.0,0.0,0.0,0.0,0.0,0.0,0.0,0.0,0.6837493746925245,0.6389465489801879,-0.044802825712336625,0.6837493746925245,0.6634644881860163,-0.02028488650650817,0.6837493746925245,0.6923936074137325,0.008644232721207956,0.6837493746925245,0.693534966491081,0.009785591798556537,0.6837493746925245,0.6680620694396037,-0.015687305252920836,0.6837493746925245,0.6831136629531196,-0.0006357117394049094
4.0,3.0,3.0,4.0,2.0,4.0,2.0,3.0,7.0,7.0,5.0,7.0,0.0,0.0,0.0,0.0,0.0,0.0,1.0,0.0,0.0,1.0,0.0,0.0,0.0,0.0,0.0,0.0,0.0,0.0,0.0,0.0,0.0,0.0,0.0,1.0,0.0,0.0,0.0,0.0,0.6025569132660513,0.5537585892100652,-0.048798324055986164,0.6025569132660513,0.5802611695748121,-0.02229574369123921,0.6025569132660513,0.612161596273076,0.009604683007024661,0.6025569132660513,0.613434447217426,0.010877533951374696,,,,0.6025569132660513,0.6018530289887153,-0.000703884277336031
6.0,1.0,8.0,1.0,1.0,4.0,1.0,4.0,10.0,10.0,5.0,10.0,0.0,0.0,0.0,0.0,0.0,0.0,1.0,0.0,0.0,0.0,0.0,0.0,0.0,1.0,0.0,0.0,0.0,0.0,0.0,0.0,0.0,0.0,0.0,0.0,0.0,0.0,0.0,0.0,0.896089074432634,0.8759086855863297,-0.020180388846304242,0.896089074432634,0.8871766710776453,-0.008912403354988663,,,,,,,,,,,,
7.0,1.0,7.0,1.0,2.0,4.0,3.0,3.0,8.0,8.0,5.0,9.0,0.0,0.0,0.0,0.0,0.0,0.0,1.0,0.0,0.0,0.0,0.0,1.0,0.0,0.0,0.0,0.0,0.0,0.0,0.0,0.0,0.0,0.0,1.0,0.0,0.0,0.0,0.0,0.0,0.775079157526545,0.7382620448284916,-0.036817112698053434,0.775079157526545,0.758583984404122,-0.01649517312242299,0.775079157526545,0.7820228608767615,0.006943703350216546,0.775079157526545,0.7829359133588212,0.007856755832276185,,,,0.775079157526545,0.7745665036093339,-0.0005126539172111144
5.0,1.0,2.0,2.0,3.0,3.0,2.0,2.0,7.0,7.0,4.0,7.0,1.0,0.0,0.0,0.0,0.0,0.0,1.0,0.0,0.0,0.0,0.0,0.0,0.0,1.0,0.0,0.0,0.0,0.0,0.0,0.0,0.0,0.0,0.0,0.0,0.0,0.0,0.0,1.0,0.5939186657180825,0.5448608595780853,-0.04905780613999722,0.5939186657180825,0.5714829557740152,-0.022435709944067295,0.5939186657180825,0.6035947691688761,0.009676103450793616,0.5939186657180825,0.6048775883606436,0.010958922642561153,0.5939186657180825,0.5765350978119183,-0.017383567906164243,0.5939186657180825,0.5932098110244641,-0.000708854693618366
3.0,1.0,7.0,1.0,1.0,3.0,2.0,2.0,8.0,8.0,3.0,8.0,0.0,0.0,0.0,0.0,0.0,0.0,1.0,0.0,0.0,0.0,0.0,1.0,0.0,0.0,0.0,0.0,0.0,0.0,0.0,0.0,0.0,0.0,0.0,0.0,0.0,0.0,0.0,0.0,0.9174082042745072,0.9009103311261188,-0.016497873148388353,0.9174082042745072,0.9101409713366683,-0.00726723293783893,0.9174082042745072,0.9204091618080791,0.0030009575335718797,0.9174082042745072,0.920801253426462,0.003393049151954819,0.9174082042745072,0.9118164961547701,-0.005591708119737082,0.9174082042745072,0.917185294117239,-0.00022291015726816354
3.0,1.0,4.0,1.0,1.0,4.0,1.0,2.0,6.0,7.0,3.0,8.0,0.0,0.0,0.0,0.0,0.0,0.0,1.0,0.0,1.0,0.0,0.0,0.0,0.0,0.0,0.0,0.0,0.0,0.0,0.0,0.0,0.0,0.0,0.0,0.0,0.0,0.0,0.0,0.0,0.9399169912741456,0.9275602687596324,-0.012356722514513252,0.9399169912741456,0.9344888728520078,-0.005428118422137862,0.9399169912741456,0.9421516669472288,0.0022346756730832196,0.9399169912741456,0.9424433456230462,0.0025263543489005835,0.9399169912741456,0.9357424558881007,-0.004174535386044953,0.9399169912741456,0.9397508413060155,-0.00016614996813013594
3.0,2.0,5.0,2.0,2.0,4.0,2.0,4.0,3.0,4.0,5.0,6.0,0.0,0.0,0.0,0.0,0.0,0.0,1.0,0.0,0.0,0.0,0.0,0.0,0.0,0.0,0.0,0.0,1.0,0.0,0.0,0.0,0.0,0.0,0.0,0.0,1.0,0.0,0.0,0.0,0.4079102216512269,0.36057420564323933,-0.04733601600798759,0.4079102216512269,0.3858250157188764,-0.022085205932350527,0.4079102216512269,0.4176728283828742,0.00976260673164725,0.4079102216512269,0.4189781484256964,0.011067926774469494,,,,0.4079102216512269,0.4072007549691866,-0.000709466682040305
6.0,1.0,4.0,1.0,2.0,2.0,2.0,4.0,8.0,9.0,3.0,9.0,0.0,0.0,0.0,0.0,0.0,0.0,1.0,0.0,0.0,0.0,0.0,1.0,0.0,0.0,0.0,0.0,0.0,0.0,0.0,0.0,0.0,0.0,1.0,0.0,0.0,0.0,0.0,0.0,0.7724976299820318,0.7354022061237406,-0.03709542385829112,0.7724976299820318,0.7558727648921244,-0.016624865089907348,0.7724976299820318,0.7794983569042943,0.007000726922262501,0.7724976299820318,0.7804190147336427,0.007921384751610971,0.7724976299820318,0.7596652176091081,-0.012832412372923652,0.7724976299820318,0.7719808230810963,-0.0005168069009354737
4.0,1.0,10.0,1.0,2.0,5.0,2.0,3.0,5.0,6.0,3.0,7.0,0.0,0.0,0.0,0.0,0.0,0.0,1.0,0.0,0.0,0.0,0.0,0.0,1.0,0.0,0.0,0.0,0.0,0.0,0.0,0.0,0.0,0.0,0.0,1.0,0.0,0.0,0.0,0.0,0.8536300459738609,0.8267975782043988,-0.02683246776946213,0.8536300459738609,0.8417191981449108,-0.011910847828950133,0.8536300459738609,0.8585911731926351,0.004961127218774175,0.8536300459738609,0.8592412283450375,0.005611182371176526,0.8536300459738609,0.8444524846675675,-0.009177561306293436,0.8536300459738609,0.8532625348573375,-0.0003675111165234446
5.0,1.0,3.0,1.0,2.0,3.0,3.0,2.0,5.0,5.0,2.0,5.0,0.0,1.0,0.0,0.0,0.0,0.0,1.0,0.0,0.0,0.0,1.0,0.0,0.0,0.0,0.0,0.0,0.0,0.0,0.0,0.0,0.0,0.0,0.0,0.0,0.0,0.0,0.0,0.0,0.5942841225905494,0.5452366608215691,-0.04904746176898034,0.5942841225905494,0.5718540483611365,-0.0224300742294129,0.5942841225905494,0.6039573247607297,0.009673202170180306,0.5942841225905494,0.605239738016585,0.010955615426035625,0.5942841225905494,0.576905054380918,-0.01737906820963142,0.5942841225905494,0.5935754692883851,-0.0007086533021642971
2.0,3.0,4.0,4.0,2.0,4.0,1.0,4.0,4.0,5.0,2.0,7.0,0.0,0.0,0.0,0.0,0.0,0.0,1.0,0.0,0.0,0.0,0.0,0.0,0.0,0.0,0.0,0.0,1.0,0.0,0.0,0.0,0.0,0.0,0.0,0.0,0.0,1.0,0.0,0.0,0.8001651711328148,0.7662157972825592,-0.03394937385025565,0.8001651711328148,0.784999416547958,-0.015165754584856805,0.8001651711328148,0.8065277400611931,0.006362568928378276,0.8001651711328148,0.8073634322795642,0.007198261146749374,0.8001651711328148,0.7884660212442626,-0.011699149888552252,0.8001651711328148,0.7996949183372694,-0.00047025279554546717
4.0,1.0,5.0,1.0,1.0,5.0,2.0,4.0,5.0,7.0,5.0,2.0,0.0,0.0,0.0,0.0,0.0,0.0,0.0,0.0,0.0,0.0,0.0,1.0,0.0,0.0,0.0,0.0,0.0,0.0,0.0,0.0,0.0,0.0,0.0,0.0,0.0,0.0,0.0,0.0,0.8962532701229742,0.8761003603918196,-0.020152909731154578,0.8962532701229742,0.8873531794080196,-0.008900090714954567,0.8962532701229742,0.899939051082342,0.0036857809593677793,0.8962532701229742,0.9004210752874772,0.004167805164502991,,,,0.8962532701229742,0.8959797379146162,-0.0002735322083580183
3.0,4.0,3.0,1.0,2.0,3.0,2.0,3.0,2.0,2.0,4.0,8.0,0.0,1.0,0.0,0.0,0.0,0.0,0.0,0.0,0.0,0.0,0.0,1.0,0.0,0.0,0.0,0.0,0.0,0.0,0.0,0.0,0.0,0.0,0.0,0.0,0.0,0.0,0.0,0.0,0.4537460755746418,0.4047268877292544,-0.04901918784538739,0.4537460755746418,0.4309856246597889,-0.022760450914852903,0.4537460755746418,0.463746471543945,0.010000395969303189,0.4537460755746418,0.46508078275781267,0.011334707183170867,0.4537460755746418,0.4360596288257356,-0.01768644674890618,0.4537460755746418,0.45301788377513386,-0.000728191799507949
3.0,1.0,2.0,2.0,2.0,2.0,2.0,4.0,0.0,0.0,3.0,0.0,0.0,0.0,1.0,0.0,0.0,0.0,0.0,0.0,0.0,0.0,0.0,0.0,0.0,0.0,0.0,0.0,0.0,0.0,0.0,0.0,1.0,0.0,0.0,0.0,0.0,0.0,0.0,0.0,0.620477014378094,0.5723172448349165,-0.048159769543177466,0.620477014378094,0.5985167336301574,-0.021960280747936545,0.620477014378094,0.6299146190075937,0.009437604629499718,0.620477014378094,0.6311643108711412,0.010687296493047227,0.620477014378094,0.603471301372532,-0.017005713005561973,0.620477014378094,0.6197848409860599,-0.00069217339203409
5.0,1.0,4.0,1.0,1.0,4.0,2.0,3.0,9.0,9.0,4.0,9.0,0.0,0.0,0.0,0.0,0.0,0.0,1.0,0.0,0.0,0.0,0.0,0.0,1.0,0.0,0.0,0.0,0.0,0.0,0.0,0.0,0.0,0.0,0.0,0.0,0.0,0.0,0.0,0.0,0.876059393406688,0.8526288098813275,-0.023430583525360538,0.876059393406688,0.8656865506434119,-0.010372842763276102,0.876059393406688,0.8803668340191422,0.004307440612454139,0.876059393406688,0.8809306688545275,0.004871275447839496,0.876059393406688,0.8680708257444718,-0.007988567662216228,0.876059393406688,0.8757400009378191,-0.0003193924688689176
6.0,1.0,9.0,1.0,3.0,3.0,3.0,4.0,8.0,8.0,4.0,8.0,0.0,0.0,0.0,0.0,0.0,0.0,0.0,0.0,0.0,0.0,0.0,0.0,0.0,1.0,0.0,0.0,0.0,0.0,0.0,0.0,0.0,0.0,1.0,0.0,0.0,0.0,0.0,0.0,0.7336274557144763,0.6927151790814595,-0.040912276633016775,0.7336274557144763,0.7152093008839978,-0.018418154830478484,0.7336274557144763,0.741423926648095,0.007796470933618682,0.7336274557144763,0.7424510313785964,0.008823575664120065,0.7336274557144763,0.7193989465979557,-0.014228509116520627,0.7336274557144763,0.7330528623324964,-0.0005745933819798488
3.0,1.0,6.0,1.0,5.0,5.0,2.0,2.0,4.0,8.0,3.0,7.0,1.0,0.0,0.0,0.0,0.0,0.0,1.0,0.0,0.0,0.0,0.0,1.0,0.0,0.0,0.0,0.0,0.0,0.0,0.0,0.0,0.0,0.0,0.0,0.0,0.0,0.0,0.0,0.0,0.6634023597379051,0.6173302490492026,-0.04607211068870243,0.6634023597379051,0.6424947606150226,-0.020907599122882425,0.6634023597379051,0.6723362289221926,0.008933869184287513,0.6634023597379051,0.6735169179104777,0.010114558172572674,0.6634023597379051,0.647226495449928,-0.016175864287977015,0.6634023597379051,0.6627459213088924,-0.0006564384290126402
4.0,1.0,7.0,1.0,2.0,4.0,2.0,2.0,8.0,7.0,5.0,7.0,0.0,1.0,0.0,0.0,0.0,0.0,1.0,0.0,0.0,0.0,0.0,0.0,1.0,0.0,0.0,0.0,0.0,0.0,0.0,0.0,0.0,0.0,0.0,0.0,0.0,0.0,0.0,0.0,0.6816502293563833,0.636708027037554,-0.04494220231882928,0.6816502293563833,0.6612973967202084,-0.020352832636174933,0.6816502293563833,0.6903258526743755,0.00867562331799221,0.6816502293563833,0.6914714653014479,0.009821235945064566,,,,0.6816502293563833,0.6810122665751455,-0.0006379627812378441
5.0,2.0,3.0,1.0,2.0,3.0,4.0,3.0,8.0,10.0,2.0,10.0,0.0,1.0,0.0,0.0,0.0,0.0,1.0,0.0,0.0,0.0,0.0,0.0,0.0,1.0,0.0,0.0,0.0,0.0,0.0,1.0,0.0,0.0,0.0,0.0,0.0,0.0,0.0,0.0,0.5135256683601287,0.46352845347913907,-0.04999721488098963,0.5135256683601287,0.49045893538574703,-0.023066732974381665,0.5135256683601287,0.5235807501864077,0.010055081826279011,,,,0.5135256683601287,0.49562324843411293,-0.017902419926015767,,,
5.0,2.0,3.0,3.0,4.0,5.0,3.0,4.0,3.0,0.0,1.0,2.0,1.0,0.0,0.0,0.0,0.0,0.0,0.0,1.0,1.0,0.0,0.0,0.0,0.0,0.0,0.0,0.0,0.0,0.0,0.0,0.0,0.0,1.0,0.0,0.0,0.0,0.0,0.0,0.0,0.49883355735022467,0.44894668913365743,-0.04988686821656724,0.49883355735022467,0.47578133038077075,-0.023052226969453915,0.49883355735022467,0.5089019018154839,0.010068344465259227,0.49883355735022467,0.5102425149599226,0.0114089576096979,0.49883355735022467,0.4809369675367125,-0.017896589813512165,0.49883355735022467,0.49809898680725356,-0.0007345705429711025
4.0,1.0,3.0,1.0,2.0,4.0,2.0,3.0,5.0,5.0,2.0,10.0,0.0,0.0,1.0,0.0,0.0,0.0,1.0,0.0,0.0,1.0,0.0,0.0,0.0,0.0,0.0,0.0,0.0,0.0,0.0,0.0,0.0,0.0,0.0,1.0,0.0,0.0,0.0,0.0,0.5349224642127812,0.4849185872384116,-0.05000387697436964,0.5349224642127812,0.5119059755822711,-0.02301648863051009,0.5349224642127812,0.5449272054684782,0.010004741255696947,0.5349224642127812,0.5462571593870936,0.011334695174312404,0.5349224642127812,0.5170669531696317,-0.01785551104314953,,,
5.0,3.0,7.0,3.0,4.0,4.0,2.0,2.0,3.0,2.0,2.0,3.0,0.0,1.0,0.0,0.0,0.0,0.0,1.0,0.0,0.0,0.0,0.0,0.0,0.0,0.0,0.0,0.0,1.0,0.0,0.0,0.0,0.0,1.0,0.0,0.0,0.0,0.0,0.0,0.0,0.20251292078491825,0.17208476907747008,-0.03042815170744817,0.20251292078491825,0.18801704728524626,-0.01449587349967199,0.20251292078491825,0.20909572309971605,0.006582802314797798,0.20251292078491825,0.20998424721237993,0.0074713264274616775,0.20251292078491825,0.191191710579106,-0.011321210205812254,0.20251292078491825,0.20203879421893056,-0.00047412656598769254
6.0,1.0,6.0,1.0,3.0,4.0,1.0,4.0,6.0,6.0,2.0,6.0,0.0,0.0,0.0,0.0,0.0,0.0,1.0,0.0,0.0,0.0,1.0,0.0,0.0,0.0,0.0,0.0,0.0,0.0,0.0,0.0,1.0,0.0,0.0,0.0,0.0,0.0,0.0,0.0,0.8967247812720858,0.8766508575521814,-0.020073923719904352,0.8967247812720858,0.887860078887847,-0.008864702384238754,0.8967247812720858,0.900395672622131,0.00367089135004528,0.8967247812720858,0.9008757394271386,0.004150958155052842,0.8967247812720858,0.8899007994643975,-0.006823981807688284,0.8967247812720858,0.8964523485940351,-0.0002724326780506603
6.0,1.0,9.0,1.0,2.0,2.0,2.0,4.0,8.0,8.0,4.0,8.0,0.0,0.0,0.0,0.0,0.0,0.0,0.0,0.0,0.0,0.0,0.0,1.0,0.0,0.0,0.0,0.0,0.0,0.0,0.0,0.0,0.0,0.0,0.0,0.0,0.0,0.0,0.0,0.0,0.8031628660363553,0.769576107429986,-0.033586758606369393,0.8031628660363553,0.7881643826973899,-0.014998483338965474,0.8031628660363553,0.8094527194961797,0.006289853459824357,0.8031628660363553,0.8102787494239394,0.0071158833875840655,0.8031628660363553,0.791593504447099,-0.011569361589256366,0.8031628660363553,0.8026979280379248,-0.00046493799843050354
4.0,1.0,3.0,2.0,4.0,5.0,3.0,3.0,7.0,7.0,2.0,5.0,1.0,0.0,0.0,0.0,0.0,0.0,1.0,0.0,0.0,0.0,0.0,0.0,0.0,0.0,0.0,0.0,0.0,0.0,0.0,0.0,0.0,0.0,0.0,0.0,0.0,0.0,0.0,0.0,0.6219890478132858,0.573889382245297,-0.048099665567988836,0.6219890478132858,0.6000598639386406,-0.021929183874645153,0.6219890478132858,0.6314113884706231,0.00942234065733727,0.6219890478132858,0.6326589735245882,0.01066992571130243,0.6219890478132858,0.6050079560554738,-0.01698109175781204,0.6219890478132858,0.6212979489643519,-0.0006910988489339243
4.0,1.0,5.0,1.0,2.0,4.0,2.0,3.0,7.0,8.0,4.0,7.0,1.0,0.0,0.0,0.0,0.0,0.0,0.0,0.0,0.0,0.0,0.0,1.0,0.0,0.0,0.0,0.0,0.0,0.0,0.0,0.0,0.0,0.0,0.0,0.0,0.0,0.0,0.0,0.0,0.8204352298830416,0.7890215034546022,-0.031413726428439426,0.8204352298830416,0.8064356703999831,-0.013999559483058532,0.8204352298830416,0.8262925230926168,0.005857293209575176,0.8204352298830416,0.8270611484549809,0.006625918571939282,0.8204352298830416,0.8096404578395818,-0.0107947720434598,0.8204352298830416,0.8200019466492359,-0.00043328323380575906
4.0,1.0,10.0,1.0,1.0,5.0,2.0,4.0,9.0,8.0,4.0,10.0,0.0,0.0,0.0,0.0,0.0,0.0,1.0,0.0,0.0,0.0,0.0,0.0,1.0,0.0,0.0,0.0,0.0,0.0,0.0,1.0,0.0,0.0,0.0,0.0,0.0,0.0,0.0,0.0,0.9204041130349643,0.9044423448946283,-0.015961768140336008,0.9204041130349643,0.9133755986407965,-0.00702851439416774,0.9204041130349643,0.9233053150488232,0.0029012020138589056,0.9204041130349643,0.923684322212372,0.003280209177407678,0.9204041130349643,0.9149964431438441,-0.0054076698911201815,,,
6.0,2.0,8.0,1.0,2.0,3.0,2.0,3.0,10.0,10.0,4.0,10.0,0.0,0.0,0.0,0.0,0.0,0.0,1.0,0.0,0.0,0.0,0.0,0.0,0.0,0.0,0.0,0.0,0.0,0.0,0.0,0.0,0.0,0.0,1.0,0.0,0.0,0.0,0.0,0.0,0.8239959929728747,0.7930480669311764,-0.03094792604169838,0.8239959929728747,0.8102098249373555,-0.013786168035519242,,,,,,,0.8239959929728747,0.8133665863118923,-0.010629406660982443,,,
3.0,1.0,8.0,1.0,1.0,4.0,3.0,5.0,7.0,7.0,3.0,8.0,0.0,0.0,0.0,0.0,0.0,0.0,0.0,0.0,0.0,0.0,0.0,1.0,0.0,0.0,0.0,0.0,0.0,0.0,0.0,0.0,0.0,0.0,0.0,0.0,0.0,0.0,0.0,0.0,0.8994233164768017,0.8798036087279103,-0.019619707748891435,,,,0.8994233164768017,0.9030086638212474,0.0035853473444457107,0.8994233164768017,0.9034774867632366,0.004054170286434844,0.8994233164768017,0.8927563175844896,-0.006666998892312148,0.8994233164768017,0.8991572018139443,-0.0002661146628574196
2.0,2.0,3.0,1.0,2.0,5.0,2.0,3.0,6.0,7.0,2.0,5.0,0.0,1.0,0.0,0.0,0.0,0.0,1.0,0.0,0.0,0.0,0.0,0.0,0.0,0.0,0.0,0.0,1.0,0.0,0.0,0.0,0.0,0.0,0.0,0.0,0.0,0.0,0.0,0.0,0.6917381244921068,0.6474835623703221,-0.04425456212178469,0.6917381244921068,0.6717196322117449,-0.0200184922803619,0.6917381244921068,0.7002597210806858,0.008521596588578983,0.6917381244921068,0.7013844810154626,0.00964635652335577,0.6917381244921068,0.6762594661687337,-0.01547865832337314,0.6917381244921068,0.6911112167621938,-0.0006269077299130288
5.0,2.0,6.0,1.0,4.0,4.0,2.0,3.0,9.0,7.0,4.0,10.0,1.0,0.0,0.0,0.0,0.0,0.0,1.0,0.0,0.0,0.0,0.0,0.0,1.0,0.0,0.0,0.0,0.0,0.0,0.0,0.0,0.0,0.0,0.0,0.0,0.0,0.0,0.0,0.0,0.5746870919977299,0.5251634536630715,-0.04952363833465845,0.5746870919977299,0.551990348244249,-0.022696743753480964,0.5746870919977299,0.584500858598316,0.009813766600586082,0.5746870919977299,0.5858030665708781,0.011115974573148169,0.5746870919977299,0.5570941959210167,-0.017592896076713216,,,
5.0,1.0,3.0,3.0,1.0,4.0,3.0,3.0,10.0,9.0,4.0,10.0,0.0,0.0,0.0,0.0,0.0,1.0,1.0,0.0,0.0,0.0,1.0,0.0,0.0,0.0,0.0,0.0,0.0,0.0,0.0,0.0,0.0,0.0,0.0,0.0,0.0,0.0,0.0,0.0,0.7567453016063643,0.7180189463198953,-0.03872635528646906,0.7567453016063643,0.7393577131587477,-0.017387588447616675,,,,0.7567453016063643,0.7650483478996979,0.00830304629333356,0.7567453016063643,0.7433196008723741,-0.013425700733990187,,,
3.0,1.0,9.0,1.0,2.0,4.0,2.0,4.0,8.0,10.0,4.0,10.0,0.0,0.0,0.0,0.0,0.0,0.0,1.0,0.0,0.0,0.0,0.0,1.0,0.0,0.0,0.0,0.0,0.0,0.0,0.0,0.0,0.0,0.0,0.0,0.0,0.0,0.0,0.0,0.0,0.8930597103616162,0.8723747856393571,-0.020684924722259135,0.8930597103616162,0.8839211374239124,-0.009138572937703815,0.8930597103616162,0.8968458897436437,0.0037861793820274103,,,,0.8930597103616162,0.8860243370474014,-0.007035373314214888,,,
2.0,1.0,4.0,1.0,1.0,2.0,2.0,4.0,7.0,7.0,4.0,7.0,0.0,0.0,0.0,1.0,0.0,0.0,0.0,0.0,0.0,0.0,0.0,1.0,0.0,0.0,0.0,0.0,0.0,0.0,0.0,0.0,0.0,0.0,0.0,0.0,0.0,0.0,0.0,0.0,0.7560360968019352,0.7172390232983078,-0.03879707350362738,0.7560360968019352,0.7386153249044658,-0.017420771897469378,0.7560360968019352,0.7633882244315958,0.007352127629660643,0.7560360968019352,0.7643558125026162,0.008319715700681019,0.7560360968019352,0.7425845683992293,-0.013451528402705915,0.7560360968019352,0.7554937309914224,-0.0005423658105128126
3.0,1.0,1.0,4.0,2.0,3.0,2.0,2.0,6.0,5.0,3.0,7.0,0.0,0.0,0.0,0.0,0.0,0.0,1.0,0.0,0.0,0.0,0.0,0.0,1.0,0.0,0.0,0.0,0.0,0.0,0.0,0.0,0.0,0.0,0.0,0.0,0.0,1.0,0.0,0.0,0.7991994497793562,0.7651341685049589,-0.03406528127439734,0.7991994497793562,0.7839801912298417,-0.015219258549514447,0.7991994497793562,0.8055852957216039,0.00638584594224767,0.7991994497793562,0.8064240817268653,0.007224631947509108,0.7991994497793562,0.7874587801339223,-0.011740669645433854,0.7991994497793562,0.7987274960735963,-0.0004719537057599199
5.0,1.0,8.0,1.0,2.0,3.0,1.0,4.0,10.0,9.0,3.0,9.0,0.0,0.0,0.0,1.0,0.0,0.0,1.0,0.0,0.0,0.0,0.0,0.0,0.0,1.0,0.0,0.0,0.0,0.0,0.0,0.0,0.0,0.0,0.0,1.0,0.0,0.0,0.0,0.0,0.6816514129679038,0.6367092886887126,-0.0449421242791912,0.6816514129679038,0.6612986184029903,-0.020352794564913457,,,,0.6816514129679038,0.6914726289253497,0.009821215957445895,0.6816514129679038,0.665910889064958,-0.01574052390294578,0.6816514129679038,0.6810134514486169,-0.000637961519286856
3.0,1.0,4.0,1.0,2.0,5.0,3.0,4.0,6.0,8.0,4.0,8.0,1.0,0.0,0.0,0.0,0.0,0.0,1.0,0.0,0.0,0.0,0.0,0.0,0.0,0.0,0.0,0.0,0.0,0.0,0.0,0.0,0.0,0.0,0.0,0.0,0.0,0.0,0.0,0.0,0.787810221358096,0.7524113603824658,-0.035398860975630164,0.787810221358096,0.7719740329922979,-0.015836188365798032,0.787810221358096,0.7944651177948926,0.00665489643679662,0.787810221358096,0.7953396922210169,0.007529470862920884,0.787810221358096,0.7755906169607737,-0.012219604397322281,0.787810221358096,0.7873186225168884,-0.0004915988412075301
6.0,3.0,7.0,1.0,3.0,4.0,3.0,2.0,8.0,8.0,4.0,9.0,0.0,0.0,0.0,0.0,0.0,0.0,0.0,0.0,0.0,0.0,0.0,0.0,0.0,1.0,0.0,0.0,0.0,0.0,0.0,0.0,0.0,0.0,1.0,0.0,0.0,0.0,0.0,0.0,0.7178519430743323,0.6755881408586847,-0.04226380221564763,0.7178519430743323,0.6987908509217791,-0.01906109215255325,0.7178519430743323,0.7259376574777153,0.008085714403383015,0.7178519430743323,0.7270036263455559,0.00915168327122362,0.7178519430743323,0.703121773362379,-0.01473016971195329,0.7178519430743323,0.7172564353706167,-0.0005955077037156364
4.0,1.0,4.0,1.0,1.0,3.0,1.0,4.0,9.0,9.0,4.0,9.0,0.0,0.0,0.0,0.0,0.0,0.0,1.0,0.0,0.0,0.0,0.0,0.0,1.0,0.0,0.0,0.0,0.0,0.0,0.0,1.0,0.0,0.0,0.0,0.0,0.0,0.0,0.0,0.0,0.8910720893039075,0.8700586477827805,-0.02101344152112694,0.8910720893039075,0.8817861476044492,-0.009285941699458289,0.8910720893039075,0.8949203596146219,0.003848270310714441,0.8910720893039075,0.8954237509848587,0.0043516616809512465,0.8910720893039075,0.8839229505864369,-0.007149138717470582,0.8910720893039075,0.8907865613080654,-0.0002855279958420276
7.0,1.0,6.0,1.0,2.0,5.0,1.0,5.0,8.0,8.0,4.0,10.0,1.0,0.0,0.0,0.0,0.0,0.0,1.0,0.0,0.0,0.0,0.0,0.0,0.0,0.0,0.0,0.0,0.0,0.0,0.0,0.0,0.0,0.0,0.0,0.0,0.0,0.0,0.0,0.0,0.7670424200888352,0.7293691169244553,-0.03767330316437989,,,,0.7670424200888352,0.7741619393617989,0.007119519272963726,0.7670424200888352,0.775098449713872,0.00805602962503682,0.7670424200888352,0.754000290853364,-0.013042129235471212,,,
4.0,1.0,5.0,1.0,1.0,4.0,1.0,4.0,7.0,7.0,3.0,8.0,0.0,1.0,0.0,0.0,0.0,0.0,0.0,0.0,0.0,0.0,0.0,0.0,0.0,0.0,0.0,0.0,0.0,0.0,0.0,0.0,1.0,0.0,0.0,0.0,0.0,0.0,0.0,0.0,0.8898106869484215,0.8685897927021675,-0.021220894246253952,0.8898106869484215,0.8804316418348879,-0.009379045113533602,0.8898106869484215,0.8936982045558562,0.003887517607434776,0.8898106869484215,0.8942067586164439,0.004396071668022472,0.8898106869484215,0.882589668494283,-0.0072210184541384725,0.8898106869484215,0.8895222624379605,-0.0002884245104609606
2.0,2.0,1.0,4.0,2.0,4.0,2.0,4.0,7.0,7.0,4.0,8.0,0.0,1.0,0.0,0.0,0.0,0.0,0.0,0.0,0.0,0.0,0.0,0.0,0.0,0.0,0.0,0.0,1.0,0.0,0.0,0.0,0.0,0.0,0.0,0.0,0.0,1.0,0.0,0.0,0.6029301653501699,0.5541437593382808,-0.048786406011889105,0.6029301653501699,0.5806407877259018,-0.02228937762426808,0.6029301653501699,0.61253162855248,0.009601463202310145,0.6029301653501699,0.6138040312237589,0.010873865873589073,0.6029301653501699,0.5856632404122635,-0.01726692493790638,0.6029301653501699,0.6022265057325857,-0.0007036596175841181
4.0,1.0,4.0,1.0,2.0,3.0,3.0,3.0,7.0,7.0,2.0,8.0,0.0,0.0,0.0,0.0,0.0,0.0,0.0,0.0,0.0,0.0,0.0,1.0,0.0,0.0,0.0,0.0,0.0,0.0,0.0,0.0,0.0,0.0,0.0,0.0,0.0,0.0,0.0,0.0,0.8305226778109617,0.8004444479418324,-0.030078229869129225,0.8305226778109617,0.8171342823533863,-0.01338839545757542,0.8305226778109617,0.8361166522088018,0.005593974397840151,0.8305226778109617,0.8368503905755711,0.006327712764609417,0.8305226778109617,0.8202014288271122,-0.010321248983849451,0.8305226778109617,0.83010869489142,-0.00041398291954164446
5.0,1.0,3.0,1.0,1.0,4.0,1.0,4.0,8.0,8.0,4.0,8.0,0.0,0.0,0.0,0.0,0.0,0.0,0.0,0.0,0.0,0.0,0.0,0.0,0.0,0.0,0.0,0.0,0.0,0.0,0.0,0.0,0.0,0.0,0.0,0.0,0.0,0.0,0.0,0.0,0.8982272985156285,0.8784058224404439,-0.019821476075184696,0.8982272985156285,0.8894756698351539,-0.008751628680474632,0.8982272985156285,0.9018506287938336,0.0036233302782050503,0.8982272985156285,0.9023244438124808,0.004097145296852234,0.8982272985156285,0.8914905830809584,-0.0067367154346701374,0.8982272985156285,0.8979583783460389,-0.00026892016958968146
3.0,1.0,4.0,1.0,1.0,5.0,1.0,2.0,6.0,8.0,4.0,8.0,0.0,0.0,0.0,0.0,1.0,0.0,0.0,0.0,0.0,0.0,0.0,0.0,1.0,0.0,0.0,0.0,0.0,0.0,0.0,0.0,0.0,0.0,0.0,0.0,0.0,0.0,0.0,0.0,0.927795372715761,0.913175991217458,-0.014619381498302997,0.927795372715761,0.9213637632575201,-0.006431609458240839,0.927795372715761,0.9304475278558603,0.0026521551400993104,0.927795372715761,0.9307938854155237,0.002998512699762701,0.927795372715761,0.9228477652590263,-0.004947607456734615,0.927795372715761,0.9275982844200332,-0.000197088295727732
4.0,3.0,3.0,2.0,2.0,4.0,2.0,4.0,8.0,9.0,2.0,9.0,0.0,1.0,0.0,0.0,0.0,0.0,0.0,0.0,0.0,0.0,0.0,0.0,0.0,0.0,0.0,1.0,0.0,0.0,0.0,0.0,0.0,0.0,0.0,0.0,0.0,0.0,0.0,0.0,0.49202004680819045,0.4422133327849316,-0.04980671402325887,0.49202004680819045,0.468988036559018,-0.023032010249172452,0.49202004680819045,0.5020886443298125,0.010068597521622036,0.49202004680819045,0.5034297081619761,0.011409661353785627,0.49202004680819045,0.47413664097149333,-0.01788340583669712,0.49202004680819045,0.49128567407944623,-0.0007343727287442148
7.0,6.0,4.0,2.0,3.0,3.0,3.0,3.0,9.0,9.0,2.0,9.0,0.0,0.0,0.0,0.0,0.0,0.0,0.0,0.0,0.0,0.0,0.0,0.0,0.0,0.0,0.0,0.0,1.0,0.0,0.0,0.0,0.0,0.0,1.0,0.0,0.0,0.0,0.0,0.0,0.4597237021387384,0.4105440794131587,-0.04917962272557974,0.4597237021387384,0.43690322738804,-0.022820474750698427,0.4597237021387384,0.46974255100354967,0.010018848864811247,0.4597237021387384,0.47107895899278146,0.011355256854043039,0.4597237021387384,0.4419927836222171,-0.01773091851652131,0.4597237021387384,0.4589939779042585,-0.0007297242344799226
4.0,1.0,9.0,1.0,2.0,3.0,3.0,3.0,7.0,7.0,3.0,7.0,1.0,0.0,0.0,0.0,0.0,0.0,1.0,0.0,0.0,0.0,0.0,1.0,0.0,0.0,0.0,0.0,0.0,0.0,0.0,0.0,0.0,0.0,0.0,0.0,0.0,0.0,0.0,0.0,0.7727524331242362,0.7356843406288746,-0.03706809249536169,0.7727524331242362,0.7561403100506509,-0.016612123073585394,0.7727524331242362,0.7797475547734445,0.006995121649208236,0.7727524331242362,0.7806674648945849,0.00791503177034869,0.7727524331242362,0.7599299265735601,-0.012822506550676183,0.7727524331242362,0.7722360343868502,-0.0005163987373860701
3.0,1.0,9.0,1.0,1.0,4.0,2.0,3.0,5.0,7.0,3.0,7.0,0.0,1.0,0.0,0.0,0.0,0.0,1.0,0.0,0.0,0.0,0.0,0.0,1.0,0.0,0.0,0.0,0.0,0.0,0.0,0.0,0.0,0.0,0.0,1.0,0.0,0.0,0.0,0.0,0.7523352767751984,0.713172949082817,-0.03916232769238137,0.7523352767751984,0.7347429578194062,-0.017592318955792163,0.7523352767751984,0.7597634937579733,0.007428216982774849,0.7523352767751984,0.7607412589052275,0.008405982130029077,0.7523352767751984,0.7387502059768966,-0.013585070798301846,0.7523352767751984,0.7517873846584852,-0.0005478921167132444
4.0,1.0,2.0,1.0,2.0,3.0,3.0,4.0,6.0,4.0,2.0,3.0,1.0,0.0,0.0,0.0,0.0,0.0,1.0,0.0,0.0,0.0,0.0,0.0,0.0,0.0,0.0,0.0,0.0,0.0,0.0,0.0,0.0,0.0,0.0,0.0,0.0,0.0,0.0,1.0,0.6614000914104328,0.6152128802308687,-0.046187211179564036,0.6614000914104328,0.6404355309346874,-0.020964560475745353,0.6614000914104328,0.6703606975563321,0.00896060614589933,0.6614000914104328,0.6715450274803061,0.010144936069873323,0.6614000914104328,0.645179468981293,-0.016220622429139797,0.6614000914104328,0.6607417450343451,-0.0006583463760876374
4.0,1.0,6.0,1.0,1.0,5.0,3.0,4.0,9.0,9.0,5.0,7.0,1.0,0.0,0.0,0.0,0.0,0.0,1.0,0.0,0.0,0.0,0.0,0.0,1.0,0.0,0.0,0.0,0.0,0.0,0.0,0.0,0.0,0.0,0.0,0.0,0.0,0.0,0.0,0.0,0.8341038066997836,0.8045115432571321,-0.029592263442651423,0.8341038066997836,0.8209373193386228,-0.013166487361160772,0.8341038066997836,0.8396024063916037,0.005498599691820094,0.8341038066997836,0.8403235187615291,0.0062197120617455415,,,,0.8341038066997836,0.8336968197980443,-0.0004069869017392369
3.0,1.0,5.0,2.0,3.0,4.0,1.0,4.0,8.0,7.0,4.0,4.0,0.0,0.0,0.0,0.0,0.0,0.0,1.0,0.0,0.0,0.0,0.0,1.0,0.0,0.0,0.0,0.0,0.0,0.0,0.0,0.0,0.0,0.0,0.0,0.0,0.0,0.0,0.0,0.0,0.8221093129614525,0.7909138194563597,-0.031195493505092764,0.8221093129614525,0.8082097607090429,-0.013899552252409575,0.8221093129614525,0.8279234518918052,0.0058141389303526525,0.8221093129614525,0.8286863568768836,0.006577043915431124,0.8221093129614525,0.8113920447930507,-0.010717268168401795,0.8221093129614525,0.821679191247254,-0.0004301217141985392
4.0,1.0,6.0,1.0,1.0,3.0,3.0,3.0,7.0,7.0,3.0,7.0,0.0,1.0,0.0,0.0,0.0,0.0,0.0,0.0,0.0,0.0,0.0,0.0,1.0,0.0,0.0,0.0,0.0,0.0,0.0,0.0,0.0,0.0,0.0,0.0,0.0,0.0,0.0,0.0,0.7047637472673095,0.6614639981405961,-0.043299749126713416,0.7047637472673095,0.6852061961969246,-0.019557551070384926,0.7047637472673095,0.7130746207704224,0.008310873503112881,0.7047637472673095,0.7141709215073702,0.009407174240060656,0.7047637472673095,0.6896456946091998,-0.015118052658109726,0.7047637472673095,0.7041520000980273,-0.0006117471692822507
4.0,2.0,3.0,1.0,2.0,4.0,4.0,3.0,8.0,8.0,4.0,7.0,0.0,0.0,0.0,0.0,0.0,0.0,1.0,0.0,0.0,0.0,0.0,0.0,0.0,0.0,0.0,0.0,0.0,0.0,0.0,0.0,0.0,0.0,0.0,0.0,0.0,0.0,0.0,0.0,0.7591511825246323,0.7206664639405835,-0.03848471858404878,0.7591511825246323,0.7418769056128751,-0.017274276911757203,0.7591511825246323,0.7664384347524634,0.007287252227831109,0.7591511825246323,0.7673973500582212,0.008246167533588866,0.7591511825246323,0.7458136652528151,-0.0133375172718172,0.7591511825246323,0.7586135308909138,-0.00053765163371855
4.0,1.0,10.0,1.0,1.0,4.0,1.0,4.0,4.0,5.0,4.0,6.0,1.0,0.0,0.0,0.0,0.0,0.0,0.0,0.0,0.0,0.0,0.0,0.0,1.0,0.0,0.0,0.0,0.0,0.0,0.0,0.0,0.0,0.0,0.0,0.0,0.0,0.0,0.0,0.0,0.865602870809504,0.8405552913780521,-0.025047579431451972,0.865602870809504,0.8545002453156904,-0.01110262549381369,0.865602870809504,0.8702198827943166,0.004617011984812569,0.865602870809504,0.870824523513709,0.005221652704204938,0.865602870809504,0.8570503045875455,-0.008552566221958546,0.865602870809504,0.8652606764666192,-0.0003421943428848495
6.0,1.0,8.0,1.0,1.0,4.0,2.0,4.0,9.0,10.0,4.0,9.0,0.0,0.0,0.0,0.0,0.0,0.0,0.0,0.0,0.0,0.0,0.0,1.0,0.0,0.0,0.0,0.0,0.0,0.0,0.0,0.0,0.0,0.0,1.0,0.0,0.0,0.0,0.0,0.0,0.9044251916467881,0.8856571671584991,-0.01876802448828907,0.9044251916467881,0.8961449085636429,-0.008280283083145212,0.9044251916467881,0.9078505008497574,0.00342530920296924,,,,0.9044251916467881,0.8980521736600652,-0.006373017986722962,0.9044251916467881,0.9041709013265193,-0.00025429032026880183
5.0,1.0,8.0,1.0,2.0,3.0,2.0,3.0,8.0,8.0,4.0,8.0,0.0,0.0,0.0,1.0,0.0,0.0,0.0,0.0,0.0,0.0,0.0,1.0,0.0,0.0,0.0,0.0,0.0,0.0,0.0,0.0,0.0,0.0,0.0,0.0,0.0,0.0,0.0,0.0,0.6978580093127823,0.6540426251940589,-0.04381538411872343,0.6978580093127823,0.6780519727199467,-0.01980603659283564,0.6978580093127823,0.7062822621657929,0.008424252853010628,0.6978580093127823,0.7073938660169884,0.009535856704206092,0.6978580093127823,0.6825456217952445,-0.015312387517537829,0.6978580093127823,0.6972381001382199,-0.0006199091745624496
6.0,1.0,6.0,1.0,1.0,4.0,3.0,4.0,6.0,7.0,2.0,6.0,1.0,0.0,0.0,0.0,0.0,0.0,0.0,0.0,0.0,0.0,1.0,0.0,0.0,0.0,0.0,0.0,0.0,0.0,0.0,0.0,0.0,0.0,0.0,0.0,0.0,0.0,0.0,0.0,0.8324781312329537,0.8026644885237998,-0.029813642709153876,0.8324781312329537,0.819210586155341,-0.01326754507761263,0.8324781312329537,0.8380201498237667,0.005542018590813047,0.8324781312329537,0.8387470094661349,0.00626887823318123,0.8324781312329537,0.8222504829134886,-0.010227648319465099,0.8324781312329537,0.8320679590778555,-0.0004101721550981985
4.0,1.0,5.0,2.0,3.0,3.0,3.0,3.0,4.0,5.0,3.0,5.0,0.0,0.0,0.0,0.0,0.0,0.0,1.0,0.0,0.0,0.0,0.0,0.0,0.0,0.0,0.0,0.0,0.0,0.0,0.0,1.0,0.0,0.0,0.0,0.0,0.0,0.0,0.0,0.0,0.6860592161208436,0.6414120078241092,-0.04464720829673441,0.6860592161208436,0.6658500821479374,-0.020209133972906246,0.6860592161208436,0.6946685065063689,0.00860929038552527,0.6860592161208436,0.6958051330888624,0.009745916968018742,0.6860592161208436,0.6704312617246972,-0.015627954396146393,0.6860592161208436,0.6854260113379513,-0.0006332047828923049
2.0,1.0,7.0,1.0,2.0,4.0,2.0,3.0,7.0,7.0,4.0,6.0,1.0,0.0,0.0,0.0,0.0,0.0,1.0,0.0,0.0,0.0,0.0,1.0,0.0,0.0,0.0,0.0,0.0,0.0,0.0,0.0,0.0,0.0,0.0,0.0,0.0,0.0,0.0,0.0,0.8486914716778208,0.8211433574357753,-0.027548114242045507,0.8486914716778208,0.8364557417951938,-0.012235729882627,0.8486914716778208,0.8537913187106192,0.005099847032798421,0.8486914716778208,0.8544596985199459,0.005768226842125079,0.8486914716778208,0.8392625636725781,-0.009428908005242653,0.8486914716778208,0.848313764022145,-0.00037770765567579634
5.0,1.0,6.0,1.0,2.0,4.0,3.0,4.0,6.0,5.0,3.0,5.0,1.0,0.0,0.0,0.0,0.0,0.0,1.0,0.0,0.0,1.0,0.0,0.0,0.0,0.0,0.0,0.0,0.0,0.0,0.0,0.0,0.0,0.0,0.0,0.0,0.0,0.0,0.0,0.0,0.6548997833023983,0.6083509394110226,-0.0465488438913757,0.6548997833023983,0.6337556172552936,-0.021144166047104673,0.6548997833023983,0.6639450077905905,0.009045224488192227,0.6548997833023983,0.6651408739227773,0.010241090620379034,0.6548997833023983,0.6385379455205474,-0.016361837781850852,0.6548997833023983,0.6542354054567114,-0.0006643778456868477
5.0,2.0,3.0,2.0,2.0,4.0,3.0,3.0,10.0,9.0,5.0,0.0,1.0,0.0,0.0,0.0,0.0,0.0,0.0,0.0,0.0,0.0,0.0,0.0,1.0,0.0,0.0,0.0,0.0,0.0,0.0,0.0,0.0,0.0,0.0,0.0,0.0,0.0,0.0,0.0,0.6904045547948932,0.6460565027127664,-0.044348052082126777,0.6904045547948932,0.6703407322012872,-0.02006382259360595,,,,0.6904045547948932,0.7000745485154283,0.00966999372053512,,,,0.6904045547948932,0.689776151281928,-0.0006284035129651144
6.0,3.0,1.0,1.0,3.0,3.0,2.0,3.0,8.0,8.0,4.0,6.0,0.0,0.0,0.0,0.0,0.0,0.0,1.0,0.0,0.0,0.0,0.0,1.0,0.0,0.0,0.0,0.0,0.0,0.0,0.0,0.0,0.0,0.0,0.0,0.0,0.0,0.0,0.0,0.0,0.6148066738414282,0.5664301559868554,-0.048376517854572754,0.6148066738414282,0.592733649422825,-0.02207302441860315,0.6148066738414282,0.6242999044416925,0.009493230600264302,0.6148066738414282,0.6255572856645212,0.010750611823093004,0.6148066738414282,0.5977116154105646,-0.017095058430863563,0.6148066738414282,0.6141105905523487,-0.0006960832890794411
7.0,3.0,8.0,1.0,3.0,3.0,1.0,4.0,9.0,8.0,5.0,8.0,0.0,0.0,0.0,0.0,0.0,0.0,1.0,0.0,0.0,0.0,0.0,1.0,0.0,0.0,0.0,0.0,0.0,0.0,0.0,1.0,0.0,0.0,0.0,0.0,0.0,0.0,0.0,0.0,0.6808097792330068,0.6358123192315478,-0.04499746000145899,0.6808097792330068,0.6604299817081567,-0.020379797524850085,0.6808097792330068,0.689497873334822,0.008688094101815258,0.6808097792330068,0.6906451763645035,0.009835397131496726,,,,0.6808097792330068,0.6801709224567206,-0.0006388567762861674
7.0,1.0,6.0,1.0,3.0,4.0,3.0,3.0,8.0,7.0,5.0,8.0,0.0,0.0,0.0,0.0,0.0,0.0,0.0,0.0,0.0,0.0,0.0,1.0,0.0,0.0,0.0,0.0,0.0,0.0,0.0,0.0,0.0,0.0,1.0,0.0,0.0,0.0,0.0,0.0,0.7153198370771844,0.6728495997200458,-0.04247023735713862,0.7153198370771844,0.6961600872943052,-0.019159749782879154,0.7153198370771844,0.7234501606701135,0.00813032359292909,0.7153198370771844,0.7245221331744999,0.009202296097315488,,,,0.7153198370771844,0.7147211089218242,-0.0005987281553602175
3.0,1.0,2.0,1.0,2.0,3.0,3.0,4.0,9.0,9.0,4.0,8.0,0.0,0.0,0.0,0.0,0.0,0.0,1.0,0.0,0.0,0.0,0.0,1.0,0.0,0.0,0.0,0.0,0.0,0.0,0.0,0.0,0.0,0.0,0.0,0.0,0.0,0.0,0.0,0.0,0.8092364750858827,0.7763975466558238,-0.03283892843005887,0.8092364750858827,0.7945824207266392,-0.014654054359243496,0.8092364750858827,0.8153768618938356,0.0061403868079529245,0.8092364750858827,0.8161830423662052,0.006946567280322502,0.8092364750858827,0.7979342850676373,-0.011302190018245395,0.8092364750858827,0.8087824676836052,-0.0004540074022775231
4.0,1.0,7.0,2.0,2.0,3.0,2.0,3.0,10.0,7.0,4.0,7.0,0.0,0.0,0.0,0.0,1.0,0.0,0.0,0.0,0.0,0.0,0.0,0.0,1.0,0.0,0.0,0.0,0.0,0.0,0.0,0.0,0.0,0.0,0.0,0.0,0.0,0.0,0.0,0.0,0.8247157066837038,0.7938626733442332,-0.030853033339470537,0.8247157066837038,0.8109729804863753,-0.013742726197328414,,,,0.8247157066837038,0.8312161702079391,0.006500463524235389,0.8247157066837038,0.814119960536945,-0.010595746146758733,0.8247157066837038,0.8242905400402283,-0.00042516664347547195
7.0,1.0,8.0,1.0,4.0,4.0,2.0,3.0,9.0,9.0,4.0,9.0,0.0,0.0,0.0,0.0,0.0,0.0,1.0,0.0,0.0,0.0,0.0,1.0,0.0,0.0,0.0,0.0,0.0,0.0,0.0,0.0,0.0,0.0,1.0,0.0,0.0,0.0,0.0,0.0,0.7122212452232484,0.6695023216812093,-0.0427189235420391,0.7122212452232484,0.6929424710351938,-0.01927877418805457,0.7122212452232484,0.7204054736261736,0.008184228402925209,0.7122212452232484,0.721484704527517,0.00926345930426864,0.7122212452232484,0.6973210605519892,-0.014900184671259198,0.7122212452232484,0.7116186274954374,-0.0006026177278110056
5.0,1.0,3.0,1.0,3.0,4.0,3.0,2.0,10.0,8.0,5.0,8.0,1.0,0.0,0.0,0.0,0.0,0.0,1.0,0.0,0.0,0.0,0.0,0.0,1.0,0.0,0.0,0.0,0.0,0.0,0.0,0.0,0.0,0.0,0.0,1.0,0.0,0.0,0.0,0.0,0.6049286210567735,0.5562070234191061,-0.04872159763766737,0.6049286210567735,0.5826737773429868,-0.02225484371378672,,,,0.6049286210567735,0.6157826342664281,0.010854013209654623,,,,0.6049286210567735,0.6042261782455866,-0.0007024428111869208
5.0,1.0,7.0,2.0,3.0,4.0,3.0,3.0,6.0,6.0,3.0,5.0,0.0,0.0,0.0,0.0,0.0,0.0,1.0,0.0,0.0,0.0,0.0,1.0,0.0,0.0,0.0,0.0,0.0,0.0,0.0,1.0,0.0,0.0,0.0,0.0,0.0,0.0,0.0,0.0,0.7331657889898054,0.6922123534866967,-0.040953435503108704,0.7331657889898054,0.7147281252838064,-0.018437663705999086,0.7331657889898054,0.7409710014629223,0.007805212473116829,0.7331657889898054,0.7419992792359607,0.008833490246155207,0.7331657889898054,0.7189220677776705,-0.014243721212134908,0.7331657889898054,0.7325905627397162,-0.0005752262500892114
4.0,1.0,3.0,1.0,2.0,3.0,2.0,2.0,7.0,6.0,3.0,5.0,0.0,0.0,0.0,1.0,0.0,0.0,1.0,0.0,0.0,0.0,0.0,0.0,0.0,0.0,0.0,0.0,0.0,0.0,0.0,0.0,0.0,0.0,0.0,0.0,0.0,0.0,0.0,0.0,0.6601625854729016,0.6139051103755641,-0.046257475097337575,0.6601625854729016,0.6391632058674018,-0.0209993796054998,0.6601625854729016,0.6691395581693186,0.008976972696416952,0.6601625854729016,0.6703261177897193,0.010163532316817658,0.6601625854729016,0.6439145970377625,-0.016247988435139082,0.6601625854729016,0.6595030716834748,-0.0006595137894268577
2.0,3.0,4.0,3.0,4.0,3.0,3.0,3.0,6.0,6.0,3.0,5.0,0.0,1.0,0.0,0.0,0.0,0.0,1.0,0.0,0.0,0.0,0.0,0.0,0.0,0.0,0.0,0.0,1.0,0.0,0.0,0.0,0.0,0.0,0.0,0.0,0.0,0.0,1.0,0.0,0.5163377072825502,0.46632915493198257,-0.05000855235056767,0.5163377072825502,0.49327273950258566,-0.023064967779964585,0.5163377072825502,0.5263882714914159,0.010050564208865631,0.5163377072825502,0.5277254490064526,0.011387741723902334,0.5163377072825502,0.4984376981743369,-0.01790000910821332,0.5163377072825502,0.5156038792917629,-0.0007338279907873613
6.0,1.0,9.0,1.0,1.0,5.0,1.0,4.0,9.0,9.0,5.0,8.0,1.0,0.0,0.0,0.0,0.0,0.0,0.0,0.0,0.0,0.0,0.0,0.0,0.0,1.0,0.0,0.0,0.0,0.0,0.0,0.0,0.0,0.0,0.0,0.0,0.0,0.0,0.0,0.0,0.8846918462836252,0.8626373194268385,-0.02205452685678666,0.8846918462836252,0.8749383354442691,-0.00975351083935605,0.8846918462836252,0.8887373767083105,0.004045530424685362,0.8846918462836252,0.8892667230484613,0.004574876764836144,,,,0.8846918462836252,0.8843917638490422,-0.00030008243458301553
2.0,3.0,7.0,4.0,2.0,4.0,2.0,5.0,6.0,7.0,3.0,10.0,1.0,0.0,0.0,0.0,0.0,0.0,0.0,0.0,0.0,0.0,0.0,0.0,0.0,0.0,0.0,0.0,0.0,0.0,0.0,0.0,0.0,0.0,0.0,0.0,0.0,1.0,0.0,0.0,0.7847376686005035,0.7489895427735436,-0.035748125826959964,,,,0.7847376686005035,0.7914634213172294,0.006725752716725819,0.7847376686005035,0.7923474298888332,0.007609761288329686,0.7847376686005035,0.7723922425351206,-0.012345426065382914,,,
6.0,1.0,5.0,1.0,4.0,4.0,2.0,3.0,5.0,5.0,4.0,5.0,0.0,0.0,1.0,0.0,0.0,0.0,0.0,0.0,0.0,0.0,0.0,0.0,0.0,1.0,0.0,0.0,0.0,0.0,0.0,0.0,0.0,0.0,0.0,0.0,0.0,0.0,0.0,0.0,0.39787011446482123,0.3510084948686047,-0.04686161959621654,0.39787011446482123,0.37598331480907443,-0.021886799655746803,0.39787011446482123,0.40755783124371636,0.009687716778895128,0.39787011446482123,0.40885373428857247,0.010983619823751234,0.39787011446482123,0.3808431784456165,-0.01702693601920474,0.39787011446482123,0.3971663966481696,-0.0007037178166516278
2.0,1.0,5.0,2.0,1.0,4.0,1.0,3.0,8.0,8.0,3.0,10.0,1.0,0.0,0.0,0.0,0.0,0.0,1.0,0.0,0.0,0.0,0.0,0.0,0.0,0.0,0.0,0.0,0.0,0.0,0.0,0.0,0.0,0.0,0.0,0.0,0.0,0.0,0.0,0.0,0.9023027697439849,0.8831718024069035,-0.019130967337081417,0.9023027697439849,0.8938601864845879,-0.008442583259397063,0.9023027697439849,0.9057962216145048,0.003493451870519859,0.9023027697439849,0.9062529692871213,0.003950199543136357,0.9023027697439849,0.8958045312511128,-0.0064982384928721215,,,
6.0,3.0,2.0,1.0,1.0,5.0,2.0,3.0,9.0,8.0,3.0,10.0,0.0,0.0,1.0,0.0,0.0,0.0,1.0,0.0,0.0,0.0,0.0,0.0,0.0,0.0,0.0,0.0,0.0,0.0,0.0,0.0,0.0,0.0,0.0,0.0,0.0,0.0,0.0,0.0,0.6575140172868073,0.6111084015103773,-0.04640561577642999,0.6575140172868073,0.6364411064096464,-0.0210729108771609,0.6575140172868073,0.6665256120037005,0.009011594716893279,0.6575140172868073,0.6677168908364486,0.010202873549641334,0.6575140172868073,0.6412082205991984,-0.016305796687608898,,,
4.0,1.0,4.0,1.0,1.0,3.0,1.0,2.0,7.0,4.0,2.0,3.0,0.0,0.0,0.0,0.0,0.0,0.0,1.0,0.0,0.0,0.0,0.0,0.0,0.0,0.0,0.0,0.0,1.0,0.0,0.0,0.0,0.0,0.0,0.0,0.0,0.0,0.0,0.0,0.0,0.8779263721248604,0.8547902330228143,-0.02313613910204604,0.8779263721248604,0.8676861815407901,-0.010240190584070219,0.8779263721248604,0.8821776541081423,0.0042512819832819515,0.8779263721248604,0.8827340912911557,0.004807719166295299,0.8779263721248604,0.870040288912108,-0.007886083212752304,0.8779263721248604,0.8776111186842778,-0.00031525344058258575
3.0,1.0,2.0,3.0,2.0,2.0,2.0,5.0,0.0,0.0,5.0,0.0,0.0,0.0,0.0,0.0,0.0,0.0,0.0,0.0,0.0,0.0,0.0,0.0,0.0,0.0,0.0,0.0,0.0,0.0,0.0,0.0,0.0,1.0,0.0,0.0,0.0,0.0,0.0,0.0,0.5272164078368841,0.47719376419704257,-0.05002264363984149,,,,0.5272164078368841,0.5372435133428105,0.010027105505926448,0.5272164078368841,0.5385769083436985,0.011360500506814475,,,,0.5272164078368841,0.5264839487049897,-0.0007324591318943474
4.0,1.0,8.0,1.0,1.0,5.0,2.0,4.0,6.0,7.0,3.0,6.0,0.0,0.0,0.0,0.0,0.0,0.0,1.0,0.0,0.0,0.0,0.0,1.0,0.0,0.0,0.0,0.0,0.0,0.0,0.0,0.0,0.0,0.0,0.0,0.0,0.0,0.0,0.0,0.0,0.9108710115608919,0.8932193104483931,-0.017651701112498808,0.9108710115608919,0.9030893346031023,-0.0077816769577896405,0.9108710115608919,0.9140872529636739,0.003216241402781983,0.9108710115608919,0.9145075956555198,0.0036365840946278594,0.9108710115608919,0.9048826039084535,-0.0059884076524383545,0.9108710115608919,0.9106321766348796,-0.00023883492601228795
5.0,1.0,7.0,1.0,2.0,5.0,2.0,3.0,3.0,5.0,3.0,6.0,0.0,0.0,0.0,0.0,0.0,0.0,0.0,0.0,0.0,0.0,0.0,0.0,1.0,0.0,0.0,0.0,0.0,0.0,0.0,0.0,0.0,0.0,0.0,0.0,0.0,0.0,0.0,0.0,0.8430623201077693,0.8147130813529171,-0.02834923875485218,0.8430623201077693,0.8304623166184556,-0.012600003489313671,0.8430623201077693,0.8483179879727673,0.0052556678649979816,0.8430623201077693,0.8490069636838219,0.005944643576052622,0.8430623201077693,0.8333515070639105,-0.00971081304385879,0.8430623201077693,0.8426731654266869,-0.00038915468108235984
3.0,1.0,4.0,1.0,2.0,3.0,2.0,4.0,8.0,8.0,4.0,8.0,0.0,0.0,0.0,0.0,0.0,0.0,1.0,0.0,0.0,0.0,0.0,1.0,0.0,0.0,0.0,0.0,0.0,0.0,0.0,0.0,0.0,0.0,0.0,0.0,0.0,0.0,0.0,0.0,0.8388166593703861,0.8098734427812723,-0.028943216589113807,0.8388166593703861,0.8259461599924327,-0.01287049937795337,0.8388166593703861,0.8441882320267924,0.005371572656406309,0.8388166593703861,0.8448925362742461,0.0060758769038600224,0.8388166593703861,0.8288964560050017,-0.00992020336538435,0.8388166593703861,0.8384189945907066,-0.0003976647796795074
5.0,2.0,7.0,1.0,3.0,3.0,3.0,2.0,5.0,3.0,1.0,3.0,0.0,0.0,0.0,0.0,0.0,0.0,1.0,0.0,1.0,0.0,0.0,0.0,0.0,0.0,0.0,0.0,0.0,0.0,0.0,0.0,0.0,0.0,0.0,0.0,1.0,0.0,0.0,0.0,0.4471636739378252,0.3983370437425316,-0.0488266301952936,0.4471636739378252,0.4244768307475775,-0.022686843190247663,0.4471636739378252,0.4571404032059605,0.00997672926813531,0.4471636739378252,0.4584719574873645,0.011308283549539333,0.4471636739378252,0.4295320510686596,-0.017631622869165586,0.4471636739378252,0.44643741243960167,-0.0007262614982235238
3.0,1.0,8.0,2.0,1.0,4.0,1.0,3.0,5.0,5.0,5.0,5.0,0.0,1.0,0.0,0.0,0.0,0.0,0.0,0.0,0.0,0.0,0.0,0.0,0.0,0.0,0.0,0.0,0.0,0.0,0.0,0.0,0.0,0.0,0.0,0.0,0.0,0.0,0.0,0.0,0.7924531414240935,0.7575905092529976,-0.034862632171095864,0.7924531414240935,0.7768653205618347,-0.01558782086225885,0.7924531414240935,0.7989995743165293,0.006546432892435838,0.7924531414240935,0.7998597147818879,0.007406573357794377,,,,0.7924531414240935,0.791969458823328,-0.0004836826007654782
6.0,1.0,8.0,2.0,1.0,5.0,2.0,3.0,8.0,8.0,4.0,7.0,1.0,0.0,0.0,0.0,0.0,0.0,1.0,0.0,0.0,0.0,1.0,0.0,0.0,0.0,0.0,0.0,0.0,0.0,0.0,0.0,0.0,0.0,0.0,1.0,0.0,0.0,0.0,0.0,0.8426729830712689,0.814268908479208,-0.028404074592060957,0.8426729830712689,0.8300480223887753,-0.012624960682493636,0.8426729830712689,0.8479393376902779,0.005266354619008928,0.8426729830712689,0.8486297264256575,0.005956743354388561,0.8426729830712689,0.8329428528163965,-0.00973013025487246,0.8426729830712689,0.8422830435693051,-0.0003899395019638652
4.0,1.0,4.0,1.0,4.0,4.0,3.0,3.0,6.0,6.0,2.0,6.0,0.0,0.0,0.0,0.0,0.0,0.0,1.0,0.0,0.0,0.0,0.0,0.0,0.0,0.0,0.0,0.0,0.0,0.0,0.0,0.0,0.0,0.0,0.0,0.0,0.0,0.0,0.0,0.0,0.6900696989933626,0.6456982958640204,-0.04437140312934218,0.6900696989933626,0.6699945483017498,-0.02007515069161281,0.6900696989933626,0.6986173227253571,0.00854762373199458,0.6900696989933626,0.6997456031237298,0.00967590413036723,0.6900696989933626,0.6745466800603402,-0.015523018933022326,0.6900696989933626,0.6894409215375938,-0.0006287774557687253
6.0,5.0,8.0,1.0,2.0,3.0,2.0,4.0,10.0,9.0,4.0,9.0,0.0,0.0,0.0,0.0,0.0,0.0,1.0,0.0,0.0,0.0,0.0,1.0,0.0,0.0,0.0,0.0,0.0,0.0,0.0,1.0,0.0,0.0,0.0,0.0,0.0,0.0,0.0,0.0,0.7096675653634111,0.6667469372006519,-0.04292062816275921,0.7096675653634111,0.6902921076435664,-0.019375457719844724,,,,0.7096675653634111,0.7189807922794157,0.009313226916004558,0.7096675653634111,0.6946918391052432,-0.014975726258167898,0.7096675653634111,0.7090617845665939,-0.000605780796817279
2.0,3.0,4.0,3.0,2.0,4.0,2.0,2.0,10.0,10.0,4.0,10.0,0.0,0.0,0.0,0.0,0.0,0.0,1.0,0.0,0.0,0.0,0.0,0.0,0.0,0.0,0.0,0.0,1.0,0.0,0.0,1.0,0.0,0.0,0.0,0.0,0.0,0.0,0.0,0.0,0.8268289329161199,0.7962559707340925,-0.03057296218202743,0.8268289329161199,0.8132143644156093,-0.013614568500510571,,,,,,,0.8268289329161199,0.8163324802984094,-0.010496452617710483,,,
4.0,1.0,7.0,1.0,1.0,4.0,2.0,3.0,3.0,5.0,1.0,7.0,0.0,0.0,0.0,0.0,0.0,0.0,1.0,0.0,0.0,0.0,0.0,0.0,1.0,0.0,0.0,0.0,0.0,0.0,0.0,0.0,0.0,0.0,0.0,1.0,0.0,0.0,0.0,0.0,0.864110580414814,0.8388366647167101,-0.025273915698103888,0.864110580414814,0.852905625088802,-0.011204955326012067,0.864110580414814,0.8687710857568894,0.004660505342075405,0.864110580414814,0.8693814632202743,0.005270882805460286,0.864110580414814,0.8554789052412936,-0.008631675173520481,0.864110580414814,0.8637651844928949,-0.00034539592191917823
6.0,1.0,3.0,1.0,1.0,4.0,2.0,4.0,9.0,9.0,5.0,8.0,0.0,0.0,0.0,0.0,0.0,0.0,1.0,0.0,1.0,0.0,0.0,0.0,0.0,0.0,0.0,0.0,0.0,0.0,0.0,0.0,0.0,0.0,0.0,0.0,0.0,0.0,0.0,0.0,0.8748219858768591,0.8511972081029815,-0.023624777773877614,0.8748219858768591,0.8643616160992084,-0.010460369777650746,0.8748219858768591,0.879166499832925,0.004344513956065943,0.8748219858768591,0.8797352190626136,0.00491323318575454,,,,0.8748219858768591,0.874499861442291,-0.00032212443456813844
4.0,1.0,8.0,1.0,3.0,4.0,4.0,3.0,5.0,6.0,3.0,4.0,0.0,1.0,0.0,0.0,0.0,0.0,1.0,0.0,0.0,0.0,0.0,0.0,1.0,0.0,0.0,0.0,0.0,0.0,0.0,0.0,0.0,0.0,0.0,0.0,0.0,0.0,0.0,0.0,0.48306828183936523,0.433394619576911,-0.04967366226245423,0.48306828183936523,0.46007578863097254,-0.022992493208392695,0.48306828183936523,0.49313152473956706,0.01006324290020183,0.48306828183936523,0.49447242333407565,0.011404141494710418,0.48306828183936523,0.4652122693599938,-0.017856012479371408,0.48306828183936523,0.48233458364610665,-0.0007336981932585807
3.0,1.0,3.0,2.0,2.0,5.0,3.0,4.0,9.0,7.0,5.0,7.0,1.0,0.0,0.0,0.0,0.0,0.0,1.0,0.0,0.0,0.0,0.0,0.0,1.0,0.0,0.0,0.0,0.0,0.0,0.0,1.0,0.0,0.0,0.0,0.0,0.0,0.0,0.0,0.0,0.7496270194981292,0.7102014050464418,-0.03942561445168735,0.7496270194981292,0.7319108768895242,-0.01771614260860499,0.7496270194981292,0.7571102407841918,0.007483221286062602,0.7496270194981292,0.758095366429429,0.00846834693129983,,,,0.7496270194981292,0.7490751343498779,-0.0005518851482512188
4.0,2.0,6.0,2.0,2.0,5.0,3.0,3.0,10.0,10.0,5.0,10.0,0.0,1.0,0.0,0.0,0.0,0.0,1.0,0.0,0.0,0.0,0.0,0.0,1.0,0.0,0.0,0.0,0.0,0.0,0.0,0.0,0.0,0.0,0.0,0.0,0.0,0.0,0.0,0.0,0.6230726951209405,0.5750167034350604,-0.04805599168588015,0.6230726951209405,0.6011660655875776,-0.021906629533362976,,,,,,,,,,,,
4.0,1.0,9.0,2.0,3.0,5.0,2.0,2.0,6.0,8.0,4.0,7.0,0.0,0.0,0.0,0.0,0.0,0.0,1.0,0.0,0.0,1.0,0.0,0.0,0.0,0.0,0.0,0.0,0.0,0.0,0.0,0.0,0.0,0.0,0.0,0.0,0.0,0.0,0.0,0.0,0.8055197402613166,0.7722210871833403,-0.033298653077976303,0.8055197402613166,0.7906540347785276,-0.014865705482788982,0.8055197402613166,0.8117519328464965,0.00623219258517993,0.8055197402613166,0.8125703035061278,0.0070505632448112365,0.8055197402613166,0.7940533856783577,-0.01146635458295886,0.8055197402613166,0.8050590180904312,-0.0004607221708853304
2.0,2.0,5.0,2.0,2.0,3.0,2.0,2.0,7.0,7.0,2.0,6.0,0.0,1.0,0.0,0.0,0.0,0.0,0.0,0.0,0.0,0.0,0.0,0.0,0.0,0.0,0.0,0.0,1.0,0.0,0.0,0.0,0.0,0.0,0.0,0.0,0.0,0.0,0.0,0.0,0.6717934874466427,0.6262228025289223,-0.04557068491772043,0.6717934874466427,0.6511330071893998,-0.020660480257242875,0.6717934874466427,0.680611865604195,0.008818378157552265,0.6717934874466427,0.681776848651707,0.009983361205064267,0.6717934874466427,0.6558116588856558,-0.015981828560986844,0.6717934874466427,0.671145301493203,-0.0006481859534397394
4.0,1.0,8.0,4.0,2.0,2.0,2.0,4.0,7.0,8.0,5.0,8.0,0.0,0.0,0.0,0.0,0.0,0.0,0.0,0.0,0.0,0.0,0.0,0.0,0.0,0.0,0.0,0.0,0.0,0.0,0.0,0.0,0.0,0.0,0.0,0.0,0.0,0.0,0.0,0.0,0.763202801329401,0.7251310757171413,-0.03807172561225969,0.763202801329401,0.7461219357236331,-0.017080865605767936,0.763202801329401,0.7704045407320926,0.007201739402691643,0.763202801329401,0.7713520304379649,0.00814922910856386,,,,0.763202801329401,0.7626713666775228,-0.0005314346518782154
4.0,1.0,3.0,3.0,2.0,4.0,2.0,3.0,6.0,5.0,4.0,7.0,0.0,0.0,0.0,1.0,0.0,0.0,1.0,0.0,0.0,0.0,0.0,0.0,1.0,0.0,0.0,0.0,0.0,0.0,0.0,1.0,0.0,0.0,0.0,0.0,0.0,0.0,0.0,0.0,0.5667157674444815,0.5170439730345094,-0.04967179440997205,0.5667157674444815,0.5439312214127522,-0.022784546031729302,0.5667157674444815,0.5765779473549826,0.00986217991050109,0.5667157674444815,0.5778870539687118,0.011171286524230273,0.5667157674444815,0.5490518752975674,-0.017663892146914106,0.5667157674444815,0.5659941273130681,-0.0007216401314134036
4.0,1.0,4.0,1.0,1.0,4.0,2.0,2.0,7.0,5.0,2.0,8.0,0.0,0.0,0.0,0.0,0.0,0.0,1.0,0.0,0.0,0.0,0.0,1.0,0.0,0.0,0.0,0.0,0.0,0.0,0.0,0.0,0.0,0.0,0.0,0.0,0.0,0.0,0.0,0.0,0.898541714557155,0.8787732102463859,-0.019768504310769153,0.898541714557155,0.889813806434472,-0.008727908122682981,0.898541714557155,0.9021550703021751,0.003613355745020086,0.898541714557155,0.902627574314352,0.004085859757196997,0.898541714557155,0.8918233049874759,-0.0067184095696791735,0.898541714557155,0.898273531097883,-0.00026818345927204223
5.0,1.0,5.0,1.0,3.0,5.0,3.0,3.0,7.0,7.0,5.0,7.0,0.0,0.0,0.0,0.0,0.0,0.0,0.0,0.0,0.0,0.0,0.0,0.0,0.0,0.0,0.0,0.0,0.0,1.0,0.0,0.0,0.0,0.0,0.0,0.0,0.0,0.0,0.0,0.0,0.7652829008391585,0.7274261677441848,-0.03785673309497373,0.7652829008391585,0.7483025957953552,-0.016980305043803323,0.7652829008391585,0.7724402404979157,0.0071573396587572,0.7652829008391585,0.7733818004809676,0.008098899641809099,,,,0.7652829008391585,0.7647546955470123,-0.0005282052921462554
3.0,1.0,10.0,1.0,1.0,1.0,1.0,5.0,8.0,8.0,4.0,8.0,0.0,0.0,0.0,0.0,0.0,0.0,0.0,0.0,0.0,0.0,0.0,1.0,0.0,0.0,0.0,0.0,0.0,0.0,0.0,0.0,0.0,0.0,0.0,0.0,0.0,0.0,0.0,0.0,0.9010100936178417,0.8816591949465269,-0.019350898671314787,,,,0.9010100936178417,0.9045448789223574,0.003534785304515675,0.9010100936178417,0.9050070574633128,0.003996963845471102,0.9010100936178417,0.8944359332811352,-0.006574160336706436,0.9010100936178417,0.9007477140883351,-0.0002623795295065845
5.0,1.0,3.0,1.0,1.0,5.0,2.0,4.0,8.0,7.0,2.0,9.0,0.0,0.0,0.0,0.0,0.0,1.0,1.0,0.0,0.0,0.0,0.0,0.0,1.0,0.0,0.0,0.0,0.0,0.0,0.0,0.0,0.0,0.0,0.0,0.0,0.0,0.0,0.0,0.0,0.790534627244752,0.7554491830749722,-0.03508544416977977,0.790534627244752,0.7748436559636797,-0.01569097128107233,0.790534627244752,0.7971260818640193,0.006591454619267356,0.790534627244752,0.7979922125960791,0.007457585351327123,0.790534627244752,0.7784277898158083,-0.012106837428943695,0.790534627244752,0.7900476581544906,-0.0004869690902613577
5.0,1.0,5.0,1.0,1.0,3.0,1.0,4.0,8.0,8.0,4.0,9.0,0.0,0.0,0.0,0.0,0.0,0.0,0.0,0.0,0.0,0.0,0.0,0.0,1.0,0.0,0.0,0.0,0.0,0.0,0.0,0.0,0.0,0.0,0.0,0.0,0.0,0.0,0.0,0.0,0.8807039162167385,0.8580090544395031,-0.022694861777235342,0.8807039162167385,0.8706623956644841,-0.01004152055225438,0.8807039162167385,0.8848711535248093,0.004167237308070781,0.8807039162167385,0.8854165224062879,0.004712606189549384,0.8807039162167385,0.8729713028757898,-0.0077326133409486575,0.8807039162167385,0.8803948585287222,-0.00030905768801625655
3.0,1.0,4.0,1.0,1.0,5.0,1.0,3.0,9.0,9.0,4.0,9.0,0.0,0.0,0.0,0.0,0.0,0.0,1.0,0.0,0.0,0.0,0.0,0.0,0.0,0.0,0.0,0.0,0.0,0.0,1.0,0.0,0.0,0.0,0.0,0.0,0.0,0.0,0.0,0.0,0.8679512792107856,0.8432621214309417,-0.02468915777984393,0.8679512792107856,0.8570106095875998,-0.01094066962318585,0.8679512792107856,0.87249949846528,0.0045482192544943345,0.8679512792107856,0.8730950673583118,0.0051437881475261404,0.8679512792107856,0.8595239046299695,-0.008427374580816105,0.8679512792107856,0.8676141497612946,-0.00033712944949104706
5.0,1.0,5.0,1.0,1.0,5.0,2.0,4.0,8.0,8.0,3.0,8.0,0.0,0.0,0.0,0.0,0.0,0.0,1.0,0.0,0.0,0.0,0.0,0.0,0.0,0.0,0.0,0.0,0.0,0.0,0.0,0.0,0.0,0.0,0.0,0.0,0.0,0.0,0.0,0.0,0.8968491092486899,0.8767960312940681,-0.020053077954621745,0.8968491092486899,0.8879937456765292,-0.008855363572160657,0.8968491092486899,0.9005160716655245,0.003666962416834618,0.8968491092486899,0.9009956219855145,0.004146512736824648,0.8968491092486899,0.8900323350648018,-0.006816774183888041,0.8968491092486899,0.8965769667130272,-0.0002721425356626561
3.0,1.0,9.0,1.0,2.0,5.0,2.0,4.0,7.0,8.0,3.0,5.0,0.0,0.0,0.0,0.0,1.0,0.0,0.0,0.0,0.0,0.0,0.0,1.0,0.0,0.0,0.0,0.0,0.0,0.0,0.0,0.0,0.0,0.0,0.0,0.0,0.0,0.0,0.0,0.0,0.9045878048600168,0.8858476823747654,-0.018740122485251365,0.9045878048600168,0.8963199950165167,-0.008267809843500062,0.9045878048600168,0.9080078789372149,0.003420074077198132,0.9045878048600168,0.908454987126298,0.003867182266281244,0.9045878048600168,0.8982244098821114,-0.00636339497790539,0.9045878048600168,0.9043339014308579,-0.00025390342915887487
3.0,1.0,3.0,1.0,3.0,5.0,3.0,3.0,7.0,6.0,4.0,5.0,1.0,0.0,0.0,0.0,0.0,0.0,1.0,0.0,0.0,0.0,0.0,1.0,0.0,0.0,0.0,0.0,0.0,0.0,0.0,0.0,0.0,0.0,0.0,0.0,0.0,0.0,0.0,0.0,0.7208178699719934,0.6787995534350357,-0.042018316536957645,0.7208178699719934,0.7018739331419716,-0.018943936830021824,0.7208178699719934,0.7288506929329106,0.00803282296091723,0.7208178699719934,0.7299095470302415,0.009091677058248093,0.7208178699719934,0.7061791650555964,-0.01463870491639696,0.7208178699719934,0.7202261824801581,-0.0005916874918352466
5.0,3.0,7.0,3.0,4.0,4.0,3.0,2.0,1.0,1.0,2.0,1.0,0.0,0.0,0.0,0.0,0.0,0.0,0.0,0.0,0.0,0.0,0.0,1.0,0.0,0.0,0.0,0.0,0.0,0.0,0.0,0.0,0.0,1.0,0.0,0.0,0.0,0.0,0.0,0.0,0.4178300694265907,0.37006238416050147,-0.04776768526608921,0.4178300694265907,0.39556659766918933,-0.022263471757401343,0.4178300694265907,0.4276586091519775,0.009828539725386831,0.4178300694265907,0.4289721477175852,0.011142078290994506,0.4178300694265907,0.4005171225099789,-0.017312946916611782,0.4178300694265907,0.4171155040492192,-0.0007145653773714677
2.0,3.0,4.0,4.0,2.0,5.0,1.0,2.0,9.0,7.0,3.0,10.0,0.0,1.0,0.0,0.0,0.0,0.0,0.0,0.0,0.0,0.0,0.0,0.0,0.0,0.0,0.0,0.0,1.0,0.0,0.0,0.0,0.0,0.0,0.0,0.0,0.0,1.0,0.0,0.0,0.7464314616868568,0.7066995322822793,-0.03973192940457748,0.7464314616868568,0.728571077323012,-0.01786038436384485,0.7464314616868568,0.7539788472575075,0.007547385570650711,0.7464314616868568,0.7549725630605408,0.008541101373684024,0.7464314616868568,0.7326376360463647,-0.013793825640492141,,,
2.0,1.0,8.0,1.0,3.0,4.0,4.0,4.0,7.0,8.0,4.0,8.0,0.0,0.0,0.0,0.0,0.0,0.0,1.0,0.0,1.0,0.0,0.0,0.0,0.0,0.0,0.0,0.0,0.0,0.0,0.0,0.0,0.0,0.0,0.0,0.0,0.0,0.0,0.0,0.0,0.828285003406933,0.7979062750679761,-0.03037872833895694,0.828285003406933,0.8147592632673782,-0.013525740139554765,0.828285003406933,0.833938069113642,0.005653065706708982,0.828285003406933,0.8346796328400627,0.006394629433129739,0.828285003406933,0.817857365674782,-0.010427637732151052,0.828285003406933,0.827866687384163,-0.00041831602276998225
5.0,1.0,10.0,1.0,2.0,2.0,3.0,1.0,10.0,10.0,2.0,10.0,0.0,0.0,0.0,0.0,0.0,0.0,0.0,0.0,0.0,0.0,0.0,0.0,1.0,0.0,0.0,0.0,0.0,0.0,0.0,0.0,0.0,0.0,0.0,0.0,0.0,0.0,0.0,0.0,0.867999984117958,0.8433182888266461,-0.024681695291311923,0.867999984117958,0.8570626852983744,-0.010937298819583607,,,,,,,0.867999984117958,0.8595752149963941,-0.008424769121563869,,,
6.0,3.0,2.0,2.0,1.0,5.0,1.0,3.0,7.0,6.0,4.0,8.0,0.0,0.0,1.0,0.0,0.0,0.0,0.0,0.0,0.0,0.0,0.0,0.0,0.0,0.0,0.0,0.0,0.0,0.0,0.0,0.0,1.0,0.0,0.0,0.0,0.0,0.0,0.0,0.0,0.7893245022187619,0.7540994119315487,-0.03522509028721321,0.7893245022187619,0.7735688456213017,-0.015755656597460255,0.7893245022187619,0.7959442076357701,0.0066197054170081815,0.7893245022187619,0.7968140979898185,0.0074895957710565675,0.7893245022187619,0.777167436511796,-0.012157065706965953,0.7893245022187619,0.7888354712903132,-0.0004890309284487637
7.0,1.0,8.0,1.0,2.0,4.0,2.0,4.0,8.0,8.0,3.0,8.0,0.0,0.0,0.0,0.0,0.0,0.0,0.0,0.0,0.0,0.0,0.0,0.0,0.0,0.0,0.0,0.0,0.0,0.0,0.0,0.0,0.0,0.0,1.0,0.0,0.0,0.0,0.0,0.0,0.8424539715644775,0.814019083051145,-0.028434888513332535,0.8424539715644775,0.8298149853575922,-0.012638986206885305,0.8424539715644775,0.8477263325939395,0.005272361029461936,0.8424539715644775,0.8484175155366359,0.005963543972158369,0.8424539715644775,0.8327129851744269,-0.00974098639005061,0.8424539715644775,0.8420635909744423,-0.00039038059003526637
2.0,1.0,2.0,4.0,1.0,4.0,2.0,3.0,7.0,7.0,2.0,5.0,0.0,0.0,0.0,0.0,1.0,0.0,1.0,0.0,0.0,0.0,0.0,1.0,0.0,0.0,0.0,0.0,0.0,0.0,0.0,0.0,0.0,0.0,0.0,0.0,0.0,1.0,0.0,0.0,0.8996646683880337,0.8800857646639045,-0.019578903724129182,0.8996646683880337,0.8910216457222913,-0.008643022665742461,0.8996646683880337,0.9032423376069958,0.0035776692189620762,0.8996646683880337,0.903710151490875,0.004045483102841252,0.8996646683880337,0.8930117650892061,-0.006652903298827617,0.8996646683880337,0.8993991208887745,-0.00026554749925922216
3.0,1.0,5.0,1.0,4.0,4.0,4.0,3.0,6.0,4.0,1.0,6.0,0.0,0.0,1.0,0.0,0.0,0.0,1.0,0.0,1.0,0.0,0.0,0.0,0.0,0.0,0.0,0.0,0.0,0.0,0.0,0.0,0.0,0.0,0.0,0.0,0.0,0.0,0.0,0.0,0.49822410893227875,0.44834366473426307,-0.04988044419801568,0.49822410893227875,0.4751733426939144,-0.02305076623836433,0.49822410893227875,0.5082926283074846,0.010068519375205809,0.49822410893227875,0.5096333020293483,0.011409193097069559,0.49822410893227875,0.48032842824863675,-0.017895680683642,0.49822410893227875,0.49748954497367964,-0.0007345639585991104
7.0,1.0,7.0,1.0,2.0,4.0,2.0,3.0,8.0,8.0,3.0,6.0,0.0,0.0,0.0,0.0,0.0,0.0,1.0,0.0,0.0,0.0,0.0,1.0,0.0,0.0,0.0,0.0,0.0,0.0,0.0,1.0,0.0,0.0,0.0,0.0,0.0,0.0,0.0,0.0,0.8286261737374244,0.7982931045713073,-0.03033306916611711,0.8286261737374244,0.8151213087471071,-0.013504864990317333,0.8286261737374244,0.834270255038099,0.005644081300674619,0.8286261737374244,0.8350106288421362,0.00638445510471175,0.8286261737374244,0.8182147070285379,-0.010411466708886485,0.8286261737374244,0.8282085164609343,-0.0004176572764901243
4.0,1.0,2.0,1.0,1.0,5.0,2.0,2.0,7.0,6.0,3.0,4.0,0.0,0.0,0.0,0.0,0.0,0.0,0.0,0.0,0.0,0.0,0.0,0.0,0.0,0.0,0.0,0.0,0.0,0.0,0.0,0.0,0.0,0.0,0.0,0.0,0.0,0.0,0.0,0.0,0.9152464495624548,0.8983646004237803,-0.01688184913867452,0.9152464495624548,0.9078081190800951,-0.007438330482359756,0.9152464495624548,0.9183189606574403,0.0030725110949855194,0.9152464495624548,0.9187204400075785,0.0034739904451236425,0.9152464495624548,0.909522818398445,-0.005723631164009868,0.9152464495624548,0.9150182454212975,-0.00022820414115731769
5.0,1.0,4.0,1.0,3.0,3.0,3.0,1.0,6.0,4.0,4.0,7.0,1.0,0.0,0.0,0.0,0.0,0.0,0.0,0.0,0.0,0.0,0.0,0.0,1.0,0.0,0.0,0.0,0.0,0.0,0.0,0.0,0.0,0.0,0.0,0.0,0.0,0.0,0.0,0.0,0.6121284630488552,0.5636543102423599,-0.04847415280649525,0.6121284630488552,0.5900043125471538,-0.022124150501701356,0.6121284630488552,0.6216470792630454,0.009518616214190256,0.6121284630488552,0.6229079761173055,0.010779513068450375,0.6121284630488552,0.5949928441922994,-0.01713561885655579,0.6121284630488552,0.6114305988054035,-0.0006978642434516402
4.0,1.0,5.0,1.0,2.0,5.0,1.0,4.0,9.0,8.0,5.0,6.0,0.0,0.0,0.0,0.0,0.0,0.0,0.0,0.0,0.0,0.0,0.0,0.0,1.0,0.0,0.0,0.0,0.0,0.0,0.0,0.0,0.0,0.0,0.0,0.0,0.0,0.0,0.0,0.0,0.8892126628549037,0.8678936966002485,-0.021318966254655236,0.8892126628549037,0.8797895921265393,-0.009423070728364458,0.8892126628549037,0.893118744676789,0.0039060818218852322,0.8892126628549037,0.8936297409567897,0.004417078101885963,,,,0.8892126628549037,0.8889228684009898,-0.00028979445391397185
4.0,1.0,6.0,1.0,1.0,5.0,2.0,4.0,5.0,7.0,4.0,8.0,0.0,0.0,0.0,0.0,0.0,0.0,0.0,0.0,0.0,0.0,0.0,0.0,1.0,0.0,0.0,0.0,0.0,0.0,0.0,0.0,0.0,0.0,0.0,0.0,0.0,0.0,0.0,0.0,0.8959868419154022,0.8757893507466165,-0.020197491168785775,0.8959868419154022,0.8870667751922836,-0.008920066723118625,0.8959868419154022,0.8996810287274697,0.003694186812067457,0.8959868419154022,0.9001641580145392,0.004177316099136963,0.8959868419154022,0.8891201294002384,-0.0068667125151637975,0.8959868419154022,0.8957126889952183,-0.00027415292018395654
2.0,4.0,9.0,4.0,1.0,5.0,1.0,4.0,7.0,7.0,3.0,8.0,0.0,0.0,0.0,0.0,0.0,0.0,1.0,0.0,0.0,0.0,0.0,0.0,0.0,0.0,0.0,0.0,1.0,0.0,0.0,0.0,0.0,0.0,0.0,0.0,0.0,1.0,0.0,0.0,0.8921317032389173,0.8712931480692494,-0.020838555169667927,0.8921317032389173,0.8829242237413033,-0.009207479497614024,0.8921317032389173,0.8959469102316565,0.003815206992739184,0.8921317032389173,0.8964459528890898,0.004314249650172464,0.8921317032389173,0.8850431370320286,-0.007088566206888691,0.8921317032389173,0.8918486156492895,-0.0002830875896278062
7.0,1.0,4.0,1.0,1.0,4.0,2.0,4.0,7.0,7.0,4.0,6.0,1.0,0.0,0.0,0.0,0.0,0.0,1.0,0.0,0.0,0.0,0.0,0.0,0.0,0.0,0.0,0.0,0.0,0.0,0.0,1.0,0.0,0.0,0.0,0.0,0.0,0.0,0.0,0.0,0.7642790309154496,0.7263182898161995,-0.03796074109925007,0.7642790309154496,0.7472500876133004,-0.017028943302149213,0.7642790309154496,0.7714578403195421,0.007178809404092545,0.7642790309154496,0.7724022674303951,0.008123236514945509,0.7642790309154496,0.751132388606792,-0.013146642308657586,0.7642790309154496,0.763749263930785,-0.0005297669846645592
3.0,5.0,2.0,1.0,2.0,3.0,2.0,3.0,9.0,6.0,5.0,6.0,0.0,1.0,0.0,0.0,0.0,0.0,0.0,0.0,0.0,0.0,0.0,1.0,0.0,0.0,0.0,0.0,0.0,0.0,0.0,0.0,1.0,0.0,0.0,0.0,0.0,0.0,0.0,0.0,0.6669288051278396,0.6210636693017947,-0.0458651358260449,0.6669288051278396,0.6461234058070208,-0.020805399320818818,0.6669288051278396,0.6758148149941411,0.008886009866301503,0.6669288051278396,0.676988991399459,0.01006018627161942,,,,0.6669288051278396,0.6662757843933153,-0.0006530207345243344
6.0,1.0,6.0,1.0,2.0,4.0,2.0,4.0,9.0,9.0,5.0,9.0,0.0,0.0,0.0,0.0,0.0,1.0,0.0,0.0,0.0,0.0,0.0,1.0,0.0,0.0,0.0,0.0,0.0,0.0,0.0,0.0,0.0,0.0,0.0,0.0,0.0,0.0,0.0,0.0,0.719706651801831,0.6775958954309586,-0.04211075637087247,0.719706651801831,0.7007186197446205,-0.018988032057210558,0.719706651801831,0.727759371946229,0.008052720144397951,0.719706651801831,0.7288209021015339,0.00911425029970292,,,,0.719706651801831,0.7191135269567328,-0.0005931248450982141
4.0,1.0,5.0,1.0,2.0,4.0,2.0,4.0,7.0,7.0,2.0,7.0,0.0,0.0,0.0,0.0,0.0,0.0,1.0,0.0,0.0,0.0,0.0,0.0,0.0,0.0,0.0,0.0,0.0,0.0,0.0,0.0,0.0,0.0,0.0,0.0,0.0,0.0,0.0,0.0,0.8544920270322214,0.8277856981144981,-0.026706328917723288,0.8544920270322214,0.8426383923030779,-0.01185363472914347,0.8544920270322214,0.8594287490832004,0.004936722050979059,0.8544920270322214,0.8600755813937931,0.005583554361571763,0.8544920270322214,0.8453587218712484,-0.009133305160972993,0.8544920270322214,0.8541263103615249,-0.00036571667069651426
5.0,1.0,10.0,1.0,1.0,4.0,1.0,5.0,10.0,10.0,4.0,10.0,0.0,1.0,0.0,0.0,0.0,0.0,0.0,0.0,0.0,0.0,0.0,0.0,1.0,0.0,0.0,0.0,0.0,0.0,0.0,0.0,0.0,0.0,0.0,0.0,0.0,0.0,0.0,0.0,0.8111646674793688,0.7785668409232075,-0.03259782655616128,,,,,,,,,,0.8111646674793688,0.7999484760544948,-0.011216191424873956,,,
7.0,1.0,7.0,2.0,1.0,5.0,1.0,3.0,10.0,9.0,4.0,10.0,0.0,0.0,0.0,0.0,0.0,0.0,1.0,0.0,1.0,0.0,0.0,0.0,0.0,0.0,0.0,0.0,0.0,0.0,0.0,0.0,0.0,0.0,1.0,0.0,0.0,0.0,0.0,0.0,0.9225390814769793,0.9069621718518323,-0.015576909625147017,0.9225390814769793,0.9156818195107636,-0.006857261966215722,,,,0.9225390814769793,0.9257384057752513,0.003199324298272077,0.9225390814769793,0.917263420767396,-0.005275660709583296,,,
5.0,1.0,2.0,2.0,2.0,5.0,1.0,3.0,10.0,10.0,5.0,10.0,0.0,0.0,0.0,0.0,0.0,1.0,0.0,0.0,0.0,0.0,0.0,0.0,0.0,0.0,0.0,0.0,0.0,0.0,0.0,0.0,0.0,0.0,0.0,0.0,0.0,0.0,0.0,0.0,0.7899918636942508,0.7548437000526251,-0.03514816364162565,0.7899918636942508,0.7742718436912478,-0.015720020003002988,,,,,,,,,,,,
7.0,1.0,6.0,1.0,2.0,3.0,2.0,3.0,8.0,8.0,5.0,9.0,0.0,0.0,1.0,0.0,0.0,0.0,0.0,0.0,0.0,0.0,0.0,0.0,0.0,1.0,0.0,0.0,0.0,0.0,0.0,0.0,0.0,0.0,0.0,0.0,0.0,0.0,0.0,0.0,0.5568136971949417,0.5069942559232983,-0.049819441271643394,0.5568136971949417,0.5339366701670557,-0.022877027027885966,0.5568136971949417,0.5667289486986189,0.009915251503677225,0.5568136971949417,0.5680456932284578,0.0112319960335161,,,,0.5568136971949417,0.5560884833322044,-0.0007252138627372728
3.0,1.0,3.0,1.0,1.0,5.0,1.0,2.0,10.0,10.0,5.0,10.0,1.0,0.0,0.0,0.0,0.0,0.0,1.0,0.0,0.0,0.0,0.0,0.0,1.0,0.0,0.0,0.0,0.0,0.0,0.0,0.0,0.0,0.0,0.0,1.0,0.0,0.0,0.0,0.0,0.8913642048099129,0.8703989195936761,-0.02096528521623675,0.8913642048099129,0.8820998706165631,-0.00926433419334971,,,,,,,,,,,,
7.0,2.0,5.0,2.0,5.0,5.0,5.0,4.0,5.0,6.0,4.0,6.0,1.0,0.0,0.0,0.0,0.0,0.0,1.0,0.0,0.0,0.0,0.0,0.0,0.0,0.0,0.0,0.0,0.0,0.0,0.0,0.0,0.0,0.0,0.0,0.0,0.0,0.0,0.0,0.0,,,,0.23948873820250366,0.2230865235087117,-0.016402214693791967,0.23948873820250366,0.2469013476365252,0.007412609434021528,0.23948873820250366,0.2479001677275405,0.008411429525036845,0.23948873820250366,0.22668801939603675,-0.01280071880646691,0.23948873820250366,0.23895398205169258,-0.0005347561508110832
4.0,1.0,5.0,1.0,1.0,4.0,1.0,4.0,7.0,8.0,3.0,7.0,0.0,1.0,0.0,0.0,0.0,0.0,0.0,0.0,0.0,0.0,0.0,0.0,0.0,0.0,0.0,0.0,0.0,0.0,0.0,0.0,0.0,0.0,0.0,0.0,0.0,0.0,0.0,0.0,0.8091693482456855,0.7763220583057393,-0.032847289939946234,0.8091693482456855,0.7945114467387145,-0.014657901506970994,0.8091693482456855,0.8153114026344265,0.006142054388740936,0.8091693482456855,0.8161178044817771,0.006948456236091527,0.8091693482456855,0.7978641745716564,-0.011305173674029168,0.8091693482456855,0.8087152188481703,-0.00045412939751521275
7.0,1.0,9.0,1.0,3.0,5.0,3.0,4.0,6.0,7.0,2.0,7.0,0.0,0.0,0.0,0.0,1.0,0.0,0.0,0.0,0.0,0.0,0.0,0.0,0.0,0.0,0.0,0.0,0.0,0.0,0.0,0.0,0.0,0.0,0.0,0.0,1.0,0.0,0.0,0.0,0.4496250994797934,0.40072451841331264,-0.048900581066480764,0.4496250994797934,0.4269098107045254,-0.022715288775268017,0.4496250994797934,0.4596110894795082,0.009985989999714784,0.4496250994797934,0.4609437297047959,0.011318630225002513,0.4496250994797934,0.43197225818728535,-0.017652841292508048,0.4496250994797934,0.448898086372532,-0.0007270131072614205
2.0,1.0,2.0,1.0,1.0,4.0,3.0,2.0,5.0,5.0,3.0,6.0,0.0,0.0,0.0,0.0,0.0,0.0,1.0,0.0,1.0,0.0,0.0,0.0,0.0,0.0,0.0,0.0,0.0,0.0,0.0,0.0,0.0,0.0,0.0,0.0,0.0,0.0,0.0,0.0,0.9073812902888704,0.8891225901967481,-0.01825870009212227,0.9073812902888704,0.8993286065771425,-0.008052683711727848,0.9073812902888704,0.9107111149971295,0.0033298247082591548,0.9073812902888704,0.9111463703567626,0.0037650800678922236,0.9073812902888704,0.9011838511974329,-0.00619743909143744,0.9073812902888704,0.9071340575012511,-0.00024723278761928924
3.0,1.0,10.0,1.0,1.0,2.0,2.0,3.0,9.0,7.0,3.0,8.0,0.0,0.0,0.0,0.0,0.0,0.0,0.0,0.0,1.0,0.0,0.0,0.0,0.0,0.0,0.0,0.0,0.0,0.0,0.0,0.0,0.0,0.0,0.0,0.0,0.0,0.0,0.0,0.0,0.9347770818662907,0.9214516207002955,-0.0133254611659952,0.9347770818662907,0.9289197218793692,-0.005857359986921495,0.9347770818662907,0.9371901520312026,0.002413070164911879,0.9347770818662907,0.9375051878975063,0.002728106031215538,0.9347770818662907,0.9302719212561064,-0.0045051606101843555,0.9347770818662907,0.9345977073248867,-0.00017937454140404263
2.0,2.0,3.0,4.0,2.0,5.0,1.0,1.0,10.0,8.0,5.0,8.0,0.0,0.0,1.0,0.0,0.0,0.0,1.0,0.0,0.0,0.0,0.0,0.0,0.0,0.0,0.0,0.0,0.0,1.0,0.0,0.0,0.0,0.0,0.0,0.0,0.0,1.0,0.0,0.0,0.7778765853850325,0.7413645822920428,-0.03651200309298963,0.7778765853850325,0.7615234464167462,-0.016353138968286274,,,,0.7778765853850325,0.7856626461151704,0.007786060730137989,,,,0.7778765853850325,0.777368476097845,-0.0005081092871874748
3.0,1.0,8.0,4.0,2.0,3.0,2.0,4.0,6.0,6.0,4.0,5.0,0.0,1.0,0.0,0.0,0.0,0.0,1.0,0.0,0.0,0.0,0.0,1.0,0.0,0.0,0.0,0.0,0.0,0.0,0.0,0.0,0.0,0.0,0.0,0.0,0.0,1.0,0.0,0.0,0.6429110994013002,0.5957433616683218,-0.04716773773297844,0.6429110994013002,0.6214569687727002,-0.02145413062860002,0.6429110994013002,0.6521036276999922,0.009192528298691993,0.6429110994013002,0.6533196294098941,0.010408530008593875,0.6429110994013002,0.6263051960485819,-0.016605903352718276,0.6429110994013002,0.6422362497422369,-0.0006748496590632813
5.0,1.0,4.0,1.0,1.0,5.0,3.0,4.0,7.0,8.0,4.0,8.0,0.0,0.0,0.0,0.0,0.0,0.0,0.0,0.0,0.0,0.0,0.0,0.0,0.0,1.0,0.0,0.0,0.0,0.0,0.0,0.0,0.0,0.0,0.0,0.0,0.0,0.0,0.0,0.0,0.868610941242551,0.8440229559658088,-0.02458798527674222,0.868610941242551,0.8577159671123581,-0.010894974130192914,0.868610941242551,0.8731397603555785,0.0045288191130274935,0.868610941242551,0.8737327713306862,0.00512183008813516,0.868610941242551,0.8602188863710954,-0.008392054871455557,0.868610941242551,0.8682752403583393,-0.0003357008842117537
3.0,1.0,9.0,1.0,3.0,2.0,2.0,4.0,7.0,7.0,3.0,7.0,0.0,0.0,0.0,0.0,0.0,0.0,0.0,0.0,0.0,0.0,0.0,1.0,0.0,0.0,0.0,0.0,0.0,0.0,0.0,0.0,0.0,0.0,0.0,0.0,0.0,0.0,0.0,0.0,0.8134662081369392,0.7811584989507805,-0.03230770918615866,0.8134662081369392,0.7990563914724444,-0.014409816664494701,0.8134662081369392,0.8195008140787615,0.0060346059418223685,0.8134662081369392,0.8202929556545505,0.0068267475176113646,0.8134662081369392,0.8023534116188794,-0.011112796518059742,0.8134662081369392,0.8130199413322047,-0.0004462668047344742
4.0,1.0,9.0,1.0,1.0,5.0,2.0,5.0,9.0,8.0,4.0,8.0,0.0,0.0,0.0,0.0,0.0,0.0,0.0,0.0,0.0,0.0,0.0,0.0,0.0,0.0,0.0,0.0,0.0,0.0,0.0,0.0,0.0,0.0,0.0,0.0,0.0,0.0,0.0,0.0,0.9245772652856202,0.9093699566066388,-0.015207308678981457,,,,0.9245772652856202,0.9273383676757758,0.0027611023901555898,0.9245772652856202,0.9276990051221804,0.0031217398365601667,0.9245772652856202,0.9194282962439476,-0.005148969041672613,0.9245772652856202,0.9243721089303049,-0.00020515635531537235
4.0,1.0,3.0,1.0,1.0,5.0,4.0,2.0,4.0,4.0,4.0,10.0,0.0,0.0,0.0,1.0,0.0,0.0,1.0,0.0,0.0,0.0,0.0,0.0,1.0,0.0,0.0,0.0,0.0,0.0,0.0,0.0,0.0,0.0,0.0,0.0,0.0,0.0,0.0,0.0,0.6349504733406045,0.5874060393956962,-0.04754443394490826,0.6349504733406045,0.6133057358496486,-0.021644737490955857,0.6349504733406045,0.6442345303058822,0.009284056965277676,0.6349504733406045,0.6454630829754535,0.010512609634849013,0.6349504733406045,0.618194221806995,-0.01675625153360949,,,
6.0,2.0,9.0,1.0,1.0,4.0,1.0,3.0,10.0,10.0,5.0,10.0,0.0,0.0,0.0,0.0,0.0,0.0,1.0,0.0,0.0,0.0,0.0,0.0,0.0,0.0,0.0,0.0,0.0,0.0,0.0,1.0,0.0,0.0,0.0,0.0,0.0,0.0,0.0,0.0,0.903176638077881,0.884194828479682,-0.01898180959819895,0.903176638077881,0.8948007664478932,-0.008375871629987763,,,,,,,,,,,,
5.0,1.0,5.0,1.0,2.0,5.0,2.0,3.0,7.0,6.0,4.0,8.0,0.0,0.0,0.0,0.0,0.0,0.0,0.0,0.0,0.0,0.0,0.0,0.0,1.0,0.0,0.0,0.0,0.0,0.0,0.0,0.0,0.0,0.0,0.0,0.0,0.0,0.0,0.0,0.0,0.8481793412908887,0.8205577000198796,-0.02762164127100908,0.8481793412908887,0.835910204588112,-0.012269136702776628,0.8481793412908887,0.8532934658261371,0.005114124535248399,0.8481793412908887,0.8539637322467688,0.005784390955880125,0.8481793412908887,0.8387245840104606,-0.009454757280428105,0.8481793412908887,0.8478005844811787,-0.00037875680971000136
5.0,1.0,3.0,1.0,2.0,4.0,2.0,3.0,6.0,6.0,2.0,5.0,1.0,0.0,0.0,0.0,0.0,0.0,0.0,0.0,0.0,0.0,0.0,0.0,0.0,0.0,0.0,0.0,0.0,0.0,0.0,0.0,0.0,0.0,0.0,0.0,0.0,0.0,0.0,0.0,0.7858258773981145,0.7502009419856261,-0.035624935412488345,0.7858258773981145,0.7698848511236801,-0.01594102627443439,0.7858258773981145,0.79252661887162,0.006700741473505523,0.7858258773981145,0.7934072968834557,0.00758141948534119,0.7858258773981145,0.7735248494185325,-0.012301027979581991,0.7858258773981145,0.7853309339635107,-0.0004949434346037673
5.0,1.0,10.0,1.0,2.0,3.0,2.0,3.0,8.0,9.0,5.0,10.0,0.0,0.0,0.0,0.0,0.0,0.0,0.0,0.0,0.0,0.0,0.0,0.0,1.0,0.0,0.0,0.0,0.0,0.0,0.0,0.0,0.0,0.0,0.0,0.0,0.0,0.0,0.0,0.0,0.8481825515870236,0.8205613708204081,-0.02762118076661546,0.8481825515870236,0.8359136241295241,-0.012268927457499523,0.8481825515870236,0.8532965866866346,0.005114035099610947,0.8481825515870236,0.853966841289015,0.0057842897019914075,,,,,,
4.0,1.0,9.0,1.0,1.0,4.0,2.0,4.0,8.0,7.0,4.0,8.0,0.0,0.0,0.0,1.0,0.0,0.0,0.0,0.0,0.0,0.0,0.0,0.0,1.0,0.0,0.0,0.0,0.0,0.0,0.0,0.0,0.0,0.0,0.0,0.0,0.0,0.0,0.0,0.0,0.7891694714974881,0.7539265409642849,-0.035242930533203154,0.7891694714974881,0.7734055491023791,-0.01576392239510893,0.7891694714974881,0.795792787933296,0.0066233164358079355,0.7891694714974881,0.7966631588858275,0.007493687388339443,0.7891694714974881,0.7770059870937184,-0.012163484403769687,0.7891694714974881,0.7886801770476719,-0.0004892944498161578
6.0,5.0,6.0,2.0,2.0,4.0,2.0,3.0,5.0,5.0,3.0,5.0,0.0,0.0,0.0,0.0,0.0,0.0,1.0,0.0,0.0,0.0,0.0,1.0,0.0,0.0,0.0,0.0,0.0,0.0,0.0,0.0,0.0,0.0,0.0,0.0,0.0,0.0,0.0,1.0,0.628421336189914,0.5805882405756663,-0.047833095614247756,0.628421336189914,0.6066293074121688,-0.02179202877774522,0.628421336189914,0.6377767162836249,0.009355380093710841,0.628421336189914,0.6390150738004602,0.010593737610546161,0.628421336189914,0.6115487372906325,-0.0168725988992815,0.628421336189914,0.6277349588285444,-0.0006863773613696722
4.0,1.0,4.0,1.0,2.0,5.0,3.0,2.0,6.0,5.0,2.0,4.0,0.0,0.0,0.0,0.0,0.0,0.0,1.0,0.0,0.0,0.0,0.0,0.0,1.0,0.0,0.0,0.0,0.0,0.0,0.0,0.0,0.0,0.0,0.0,0.0,0.0,0.0,0.0,0.0,0.8383410376430984,0.8093318283698869,-0.02900920927321149,0.8383410376430984,0.8254404632327472,-0.012900574410351195,0.8383410376430984,0.843725507796266,0.005384470153167564,0.8383410376430984,0.8444315182144004,0.006090480571302015,0.8383410376430984,0.8283975501298735,-0.009943487513224936,0.8383410376430984,0.8379424261343568,-0.0003986115087416531
4.0,1.0,2.0,1.0,1.0,5.0,1.0,3.0,6.0,5.0,2.0,8.0,0.0,0.0,0.0,0.0,0.0,0.0,1.0,0.0,0.0,0.0,0.0,0.0,0.0,0.0,0.0,0.0,0.0,0.0,0.0,0.0,0.0,0.0,0.0,0.0,0.0,0.0,0.0,0.0,0.9107294657757806,0.8930530233549664,-0.01767644242081423,0.9107294657757806,0.9029367476222969,-0.007792718153483702,0.9107294657757806,0.9139503323689269,0.0032208665931462432,0.9107294657757806,0.914371282213285,0.003641816437504386,0.9107294657757806,0.9047325425959656,-0.005996923179815039,0.9107294657757806,0.9104902888284663,-0.0002391769473143457
4.0,1.0,2.0,1.0,1.0,3.0,3.0,2.0,8.0,8.0,4.0,9.0,0.0,0.0,0.0,0.0,0.0,0.0,1.0,0.0,0.0,0.0,0.0,0.0,0.0,0.0,0.0,0.0,0.0,0.0,0.0,0.0,0.0,0.0,0.0,0.0,0.0,0.0,0.0,0.0,0.8533132784331928,0.8264345480863247,-0.026878730346868163,0.8533132784331928,0.841381443442779,-0.011931834990413837,0.8533132784331928,0.8582833598475935,0.0049700814144006955,0.8533132784331928,0.8589345975301246,0.005621319096931754,0.8533132784331928,0.844119482366281,-0.009193796066911841,0.8533132784331928,0.8529451089802423,-0.0003681694529504842
4.0,1.0,5.0,1.0,1.0,4.0,2.0,3.0,4.0,7.0,4.0,10.0,0.0,0.0,0.0,0.0,0.0,0.0,0.0,0.0,0.0,0.0,0.0,0.0,0.0,0.0,0.0,0.0,0.0,0.0,0.0,0.0,0.0,0.0,0.0,0.0,1.0,0.0,0.0,0.0,0.6948621704069317,0.6508297144001168,-0.044032456006814824,0.6948621704069317,0.6749512219659694,-0.019910948440962306,0.6948621704069317,0.7033344435137528,0.008472273106821193,0.6948621704069317,0.7044525352601926,0.009590364853260924,0.6948621704069317,0.6794676911228635,-0.015394479284068119,,,
3.0,1.0,3.0,1.0,2.0,4.0,3.0,3.0,5.0,6.0,3.0,5.0,0.0,0.0,0.0,1.0,0.0,0.0,1.0,0.0,1.0,0.0,0.0,0.0,0.0,0.0,0.0,0.0,0.0,0.0,0.0,0.0,0.0,0.0,0.0,0.0,0.0,0.0,0.0,0.0,0.698721225196263,0.6549691303169763,-0.04375209487928666,0.698721225196263,0.6789457416177651,-0.0197754835784979,0.698721225196263,0.7071315106210577,0.008410285424794717,0.698721225196263,0.708241228108336,0.009520002912073,0.698721225196263,0.6834327400203704,-0.015288485175892652,0.698721225196263,0.6981023209174542,-0.0006189042788088406
3.0,1.0,5.0,3.0,3.0,3.0,2.0,3.0,4.0,6.0,2.0,7.0,1.0,0.0,0.0,0.0,0.0,0.0,1.0,0.0,0.0,0.0,0.0,0.0,0.0,0.0,0.0,0.0,0.0,0.0,1.0,0.0,0.0,1.0,0.0,0.0,0.0,0.0,0.0,0.0,0.3766856549074684,0.33094777112974344,-0.045737883777724975,0.3766856549074684,0.35527661223091284,-0.02140904267655558,0.3766856549074684,0.38618838373697567,0.009502728829507257,0.3766856549074684,0.3874607771928907,0.010775122285422267,0.3766856549074684,0.36002324537678193,-0.016662409530686484,0.3766856549074684,0.37599600890402696,-0.0006896460034414575
3.0,1.0,8.0,1.0,4.0,5.0,2.0,2.0,7.0,4.0,1.0,6.0,0.0,0.0,0.0,1.0,0.0,0.0,1.0,0.0,0.0,0.0,0.0,0.0,0.0,0.0,0.0,0.0,0.0,1.0,0.0,0.0,0.0,0.0,0.0,0.0,0.0,0.0,0.0,0.0,0.6515388497548574,0.6048102274943632,-0.046728622260494235,0.6515388497548574,0.6303050054378961,-0.021233844316961292,0.6515388497548574,0.6606265161374795,0.00908766638262204,0.6515388497548574,0.6618281765055033,0.010289326750645866,0.6515388497548574,0.6351064486117547,-0.016432401143102737,0.6515388497548574,0.6508714509029802,-0.0006673988518772767
2.0,3.0,1.0,4.0,4.0,4.0,4.0,3.0,6.0,5.0,3.0,6.0,0.0,0.0,0.0,0.0,0.0,1.0,1.0,0.0,0.0,0.0,0.0,0.0,0.0,0.0,0.0,0.0,1.0,0.0,0.0,0.0,0.0,0.0,0.0,0.0,0.0,1.0,0.0,0.0,0.34468479984934974,0.30095642431341124,-0.0437283755359385,0.34468479984934974,0.32414869708564387,-0.020536102763705877,0.34468479984934974,0.353838514126529,0.009153714277179259,0.34468479984934974,0.3550659779682434,0.010381178118893664,0.34468479984934974,0.3286914727753708,-0.015993327073978936,0.34468479984934974,0.3440214057953775,-0.0006633940539722549
5.0,2.0,5.0,1.0,2.0,5.0,2.0,4.0,7.0,5.0,3.0,7.0,0.0,0.0,1.0,0.0,0.0,0.0,1.0,0.0,0.0,0.0,0.0,0.0,0.0,0.0,0.0,0.0,0.0,0.0,0.0,0.0,0.0,0.0,0.0,0.0,0.0,0.0,0.0,0.0,0.6069070931951911,0.5582513126223857,-0.048655780572805396,0.6069070931951911,0.5846871835621509,-0.022219909633040213,0.6069070931951911,0.6164735622653592,0.009566469070168115,0.6069070931951911,0.6177410984939035,0.010834005298712368,0.6069070931951911,0.5896954195921987,-0.01721167360299236,0.6069070931951911,0.606205878163602,-0.000701215031589042
6.0,1.0,8.0,1.0,1.0,4.0,2.0,4.0,8.0,8.0,4.0,8.0,0.0,0.0,0.0,0.0,0.0,0.0,1.0,0.0,0.0,0.0,0.0,0.0,0.0,1.0,0.0,0.0,0.0,0.0,0.0,0.0,0.0,0.0,0.0,0.0,0.0,0.0,0.0,1.0,0.8588068273019076,0.8327374139187612,-0.02606941338314639,0.8588068273019076,0.8472418547466982,-0.011564972555209385,0.8588068273019076,0.86362052330166,0.004813695999752343,0.8588068273019076,0.8642511139793888,0.005444286677481203,0.8588068273019076,0.8498967797689396,-0.00891004753296798,0.8588068273019076,0.8584501588889418,-0.0003566684129657771
4.0,1.0,5.0,1.0,1.0,5.0,3.0,2.0,7.0,6.0,2.0,7.0,0.0,1.0,0.0,0.0,0.0,0.0,0.0,0.0,0.0,0.0,0.0,0.0,1.0,0.0,0.0,0.0,0.0,0.0,0.0,0.0,0.0,0.0,0.0,0.0,0.0,0.0,0.0,0.0,0.7804225658514843,0.7441914375608133,-0.03623112829067099,0.7804225658514843,0.7642000475333767,-0.016222518318107615,0.7804225658514843,0.7872465891605517,0.006824023309067395,0.7804225658514843,0.7881436884482168,0.0077211225967325214,0.7804225658514843,0.7679028598404066,-0.012519706011077658,0.7804225658514843,0.7799186327706229,-0.0005039330808613851
3.0,3.0,2.0,1.0,1.0,4.0,2.0,3.0,5.0,3.0,1.0,6.0,0.0,0.0,1.0,0.0,0.0,0.0,1.0,0.0,0.0,0.0,0.0,0.0,0.0,0.0,0.0,0.0,0.0,1.0,0.0,0.0,1.0,0.0,0.0,0.0,0.0,0.0,0.0,0.0,0.7927365179342273,0.7579069441147863,-0.03482957381944096,0.7927365179342273,0.7771639953498218,-0.015572522584405446,0.7927365179342273,0.7992762765843028,0.0065397586500755,0.7927365179342273,0.8001355291511277,0.007399011216900453,0.7927365179342273,0.7807216458729204,-0.012014872061306914,0.7927365179342273,0.792253322606579,-0.0004831953276482892
6.0,1.0,6.0,1.0,3.0,5.0,2.0,4.0,8.0,8.0,3.0,8.0,0.0,0.0,0.0,0.0,0.0,0.0,0.0,0.0,0.0,0.0,0.0,1.0,0.0,0.0,0.0,0.0,0.0,0.0,0.0,0.0,0.0,0.0,0.0,0.0,0.0,0.0,0.0,1.0,0.8035318570233917,0.7699900291690861,-0.033541827854305595,0.8035318570233917,0.7885540878032108,-0.014977769220180903,0.8035318570233917,0.8098127115961092,0.0062808545727175424,0.8035318570233917,0.8106375460242972,0.0071056890009054685,0.8035318570233917,0.7919785661301039,-0.011553290893287826,0.8035318570233917,0.8030675768916369,-0.00046428013175481286
2.0,3.0,1.0,3.0,1.0,4.0,2.0,4.0,10.0,10.0,4.0,10.0,0.0,0.0,1.0,0.0,0.0,0.0,1.0,0.0,0.0,0.0,0.0,0.0,0.0,0.0,0.0,0.0,1.0,0.0,0.0,1.0,0.0,0.0,0.0,0.0,0.0,0.0,0.0,0.0,0.6433762917540956,0.5962314103839629,-0.04714488137013273,0.6433762917540956,0.6219336746322581,-0.02144261712183748,,,,,,,0.6433762917540956,0.6267794631279249,-0.016596828626170734,,,
2.0,2.0,5.0,4.0,1.0,1.0,1.0,5.0,10.0,10.0,5.0,10.0,0.0,0.0,0.0,0.0,0.0,0.0,0.0,0.0,0.0,0.0,0.0,0.0,0.0,0.0,0.0,0.0,1.0,0.0,0.0,0.0,0.0,0.0,0.0,0.0,0.0,1.0,0.0,0.0,0.8546318950729506,0.8279460683871298,-0.026685826685820757,,,,,,,,,,,,,,,
7.0,1.0,5.0,2.0,2.0,4.0,2.0,3.0,7.0,7.0,4.0,8.0,0.0,1.0,0.0,0.0,0.0,0.0,1.0,0.0,0.0,0.0,0.0,0.0,0.0,1.0,0.0,0.0,0.0,0.0,0.0,0.0,0.0,0.0,1.0,0.0,0.0,0.0,0.0,0.0,0.5375828943096209,0.48759105612250886,-0.04999183818711206,0.5375828943096209,0.5145785896588171,-0.02300430465080383,0.5375828943096209,0.5475788087881267,0.009995914478505785,0.5375828943096209,0.548907428297789,0.011324533988168128,0.5375828943096209,0.5197378203660276,-0.01784507394359336,0.5375828943096209,0.5368523868649693,-0.0007305074446516402
4.0,1.0,3.0,1.0,2.0,4.0,3.0,2.0,0.0,2.0,1.0,5.0,0.0,0.0,0.0,0.0,0.0,0.0,1.0,0.0,0.0,0.0,0.0,0.0,0.0,0.0,0.0,0.0,0.0,0.0,0.0,0.0,0.0,0.0,0.0,0.0,0.0,0.0,0.0,0.0,0.7741485122028431,0.7372307084510532,-0.03691780375178988,0.7741485122028431,0.7576064322307913,-0.016542079972051815,0.7741485122028431,0.7811128324988044,0.006964320295961279,0.7741485122028431,0.7820286343878657,0.007880122185022653,0.7741485122028431,0.7613804549953065,-0.012768057207536598,0.7741485122028431,0.7736343566022459,-0.0005141556005971992
5.0,1.0,5.0,1.0,2.0,5.0,3.0,3.0,5.0,5.0,1.0,5.0,0.0,0.0,0.0,0.0,0.0,0.0,1.0,0.0,0.0,0.0,0.0,0.0,0.0,0.0,0.0,0.0,0.0,0.0,0.0,0.0,0.0,0.0,0.0,0.0,0.0,0.0,0.0,0.0,0.8295015735580108,0.7992859180217498,-0.030215655536261044,0.8295015735580108,0.816050379042154,-0.013451194515856746,0.8295015735580108,0.8351225607992181,0.005620987241207298,0.8295015735580108,0.8358598761743312,0.0063583026163204215,0.8295015735580108,0.8191316814334559,-0.010369892124554858,0.8295015735580108,0.8290856096793064,-0.0004159638787043507
3.0,1.0,9.0,1.0,1.0,4.0,1.0,4.0,8.0,9.0,5.0,10.0,0.0,0.0,0.0,0.0,0.0,0.0,1.0,0.0,0.0,0.0,0.0,1.0,0.0,0.0,0.0,0.0,0.0,0.0,0.0,0.0,0.0,0.0,0.0,0.0,0.0,0.0,0.0,0.0,0.929057696198368,0.914670393083123,-0.014387303115244943,0.929057696198368,0.9227291633058764,-0.0063285328924915785,0.929057696198368,0.9316668997558331,0.0026092035574650785,0.929057696198368,0.9320076288122674,0.0029499326138994197,,,,,,
5.0,1.0,5.0,2.0,2.0,4.0,3.0,2.0,6.0,7.0,3.0,5.0,0.0,1.0,0.0,0.0,0.0,0.0,1.0,0.0,0.0,0.0,0.0,0.0,0.0,0.0,0.0,0.0,0.0,1.0,0.0,0.0,1.0,0.0,0.0,0.0,0.0,0.0,0.0,0.0,0.7330606606393288,0.692097866237319,-0.040962794402009894,0.7330606606393288,0.7146185603264522,-0.01844210031287663,0.7330606606393288,0.7408678613581392,0.007807200718810359,0.7330606606393288,0.7418964059499064,0.008835745310577514,0.7330606606393288,0.7188134798890095,-0.014247180750319388,0.7330606606393288,0.7324852904512413,-0.0005753701880875095
3.0,1.0,8.0,1.0,2.0,4.0,4.0,4.0,9.0,7.0,4.0,7.0,0.0,0.0,0.0,0.0,1.0,0.0,0.0,0.0,0.0,0.0,0.0,1.0,0.0,0.0,0.0,0.0,0.0,0.0,0.0,0.0,0.0,0.0,0.0,0.0,0.0,0.0,0.0,0.0,0.8318416794933914,0.8019417164846424,-0.029899963008748975,0.8318416794933914,0.8185347158094013,-0.013306963683990092,0.8318416794933914,0.8374006408898514,0.00555896139646006,0.8318416794933914,0.8381297435135544,0.00628806402016302,0.8318416794933914,0.8215835019618452,-0.010258177531546231,0.8318416794933914,0.8314302645548166,-0.0004114149385747723
6.0,1.0,9.0,1.0,1.0,5.0,3.0,4.0,8.0,8.0,5.0,8.0,0.0,0.0,0.0,0.0,0.0,0.0,0.0,0.0,0.0,0.0,0.0,0.0,0.0,1.0,0.0,0.0,0.0,0.0,0.0,1.0,0.0,0.0,0.0,0.0,0.0,0.0,0.0,0.0,0.8793739825244672,0.8564673481252848,-0.02290663439918239,0.8793739825244672,0.8692371383614581,-0.010136844163009084,0.8793739825244672,0.8835815358569514,0.004207553332484237,0.8793739825244672,0.884132213770866,0.004758231246398847,,,,0.8793739825244672,0.8790619525325938,-0.0003120299918734082
7.0,1.0,10.0,2.0,2.0,4.0,2.0,4.0,8.0,8.0,3.0,8.0,0.0,0.0,0.0,0.0,0.0,0.0,1.0,0.0,0.0,0.0,0.0,1.0,0.0,0.0,0.0,0.0,0.0,0.0,0.0,1.0,0.0,0.0,0.0,0.0,0.0,0.0,0.0,0.0,0.8156598817463183,0.7836310582452726,-0.032028823501045744,0.8156598817463183,0.8013781501851159,-0.014281731561202382,0.8156598817463183,0.8216390800522777,0.005979198305959388,0.8156598817463183,0.8224238710080504,0.006763989261732051,0.8156598817463183,0.8046463890429533,-0.011013492703365046,0.8156598817463183,0.8152176709783463,-0.00044221076797201775
7.0,2.0,7.0,1.0,1.0,4.0,1.0,5.0,10.0,8.0,3.0,10.0,0.0,0.0,0.0,0.0,0.0,0.0,1.0,0.0,0.0,0.0,0.0,1.0,0.0,0.0,0.0,0.0,0.0,0.0,0.0,0.0,0.0,0.0,1.0,0.0,0.0,0.0,0.0,0.0,0.8669584094226261,0.8421173825596947,-0.024841026862931437,,,,,,,0.8669584094226261,0.8721351758712745,0.0051767664486483955,0.8669584094226261,0.8584780015739031,-0.00848040784872306,,,
3.0,1.0,2.0,1.0,2.0,5.0,3.0,2.0,8.0,7.0,3.0,7.0,0.0,0.0,0.0,0.0,0.0,1.0,1.0,0.0,0.0,0.0,0.0,0.0,0.0,0.0,0.0,0.0,1.0,0.0,0.0,0.0,0.0,0.0,0.0,0.0,0.0,0.0,0.0,0.0,0.7345973303014888,0.6937718373343463,-0.04082549296714244,0.7345973303014888,0.7162202963338452,-0.018377033967643563,0.7345973303014888,0.7423753825700142,0.007778052268525459,0.7345973303014888,0.743400015960344,0.008802685658855225,0.7345973303014888,0.7204008833542122,-0.01419644694727662,0.7345973303014888,0.734024070543871,-0.0005732597576177945
4.0,1.0,8.0,1.0,1.0,4.0,1.0,4.0,9.0,8.0,4.0,10.0,0.0,0.0,0.0,0.0,0.0,0.0,1.0,0.0,0.0,0.0,0.0,0.0,1.0,0.0,0.0,0.0,0.0,0.0,0.0,1.0,0.0,0.0,0.0,0.0,0.0,0.0,0.0,0.0,0.9164958094895039,0.8998355823933364,-0.016660227096167546,0.9164958094895039,0.9091562447856089,-0.007339564703895074,0.9164958094895039,0.9195270107255774,0.0030312012360734775,0.9164958094895039,0.9199230700322009,0.0034272605426969305,0.9164958094895039,0.9108483323987248,-0.005647477090779174,,,
5.0,1.0,3.0,1.0,3.0,4.0,3.0,2.0,9.0,8.0,4.0,8.0,0.0,0.0,0.0,0.0,0.0,0.0,0.0,0.0,0.0,0.0,0.0,0.0,0.0,0.0,0.0,0.0,0.0,0.0,0.0,0.0,0.0,0.0,0.0,0.0,0.0,0.0,0.0,0.0,0.7804269050802087,0.7441962580949517,-0.03623064698525702,0.7804269050802087,0.7642046104861137,-0.016222294594095077,0.7804269050802087,0.7872508302971696,0.006823925216960847,0.7804269050802087,0.7881479165140649,0.007721011433856173,0.7804269050802087,0.7679073729016841,-0.01251953217852464,0.7804269050802087,0.77992297914964,-0.0005039259305686938
4.0,1.0,5.0,1.0,2.0,5.0,2.0,4.0,6.0,8.0,4.0,8.0,1.0,0.0,0.0,0.0,0.0,0.0,1.0,0.0,0.0,0.0,0.0,0.0,1.0,0.0,0.0,0.0,0.0,0.0,0.0,0.0,0.0,0.0,0.0,0.0,0.0,0.0,1.0,0.0,0.909837988705658,0.89200595690636,-0.017832031799298043,0.909837988705658,0.9019758265547634,-0.007862162150894636,0.909837988705658,0.9130879501647944,0.0032499614591363635,0.909837988705658,0.9135127195130502,0.0036747308073922236,0.909837988705658,0.9037875054382488,-0.006050483267409201,0.909837988705658,0.9095966603714561,-0.0002413283342018735
7.0,3.0,4.0,2.0,2.0,3.0,2.0,3.0,7.0,7.0,5.0,7.0,0.0,0.0,0.0,0.0,0.0,0.0,0.0,0.0,0.0,0.0,0.0,1.0,0.0,0.0,0.0,0.0,0.0,0.0,0.0,0.0,0.0,0.0,0.0,0.0,0.0,0.0,0.0,0.0,0.6623974381649388,0.6162673408799837,-0.046130097284955096,0.6623974381649388,0.6414611541179004,-0.0209362840470384,0.6623974381649388,0.6713447659693796,0.008947327804440852,0.6623974381649388,0.6725272874590716,0.010129849294132853,,,,0.6623974381649388,0.6617400392042453,-0.0006573989606935005
2.0,3.0,2.0,2.0,1.0,5.0,2.0,3.0,2.0,10.0,2.0,6.0,0.0,0.0,0.0,0.0,0.0,0.0,1.0,0.0,0.0,0.0,0.0,0.0,0.0,0.0,0.0,0.0,0.0,0.0,0.0,0.0,0.0,0.0,0.0,0.0,0.0,0.0,0.0,0.0,0.8842124133694961,0.8620804828048122,-0.022131930564683877,0.8842124133694961,0.8744241052826973,-0.009788308086798758,0.8842124133694961,0.8882726401891611,0.004060226819665003,,,,0.8842124133694961,0.8766753711527644,-0.007537042216731682,0.8842124133694961,0.8839112469618113,-0.0003011664076847387
6.0,3.0,6.0,3.0,3.0,4.0,4.0,1.0,6.0,7.0,3.0,7.0,0.0,0.0,0.0,0.0,0.0,0.0,1.0,0.0,0.0,0.0,1.0,0.0,0.0,0.0,0.0,0.0,0.0,0.0,0.0,0.0,0.0,0.0,0.0,0.0,0.0,0.0,0.0,1.0,0.6169788575532847,0.5686837589783001,-0.048295098574984596,0.6169788575532847,0.5949483003063649,-0.022030557246919824,0.6169788575532847,0.6264510806455581,0.009472223092273357,0.6169788575532847,0.6277055557163408,0.010726698163056048,0.6169788575532847,0.5999174681591393,-0.017061389394145476,0.6169788575532847,0.6162842497102131,-0.0006946078430716263
3.0,1.0,5.0,1.0,1.0,4.0,1.0,4.0,6.0,7.0,2.0,8.0,0.0,0.0,0.0,0.0,0.0,0.0,0.0,0.0,0.0,0.0,0.0,0.0,0.0,0.0,0.0,0.0,0.0,0.0,0.0,0.0,0.0,0.0,0.0,0.0,0.0,0.0,0.0,0.0,0.9296490316605517,0.9153707289696856,-0.014278302690866052,0.9296490316605517,0.9233688988373918,-0.006280132823159867,0.9296490316605517,0.9322380726322922,0.0025890409717405083,0.9296490316605517,0.932576159761468,0.002927128100916332,0.9296490316605517,0.9248181481735627,-0.004830883486989013,0.9296490316605517,0.929456618368267,-0.00019241329228469883
5.0,1.0,8.0,1.0,3.0,5.0,3.0,3.0,8.0,9.0,5.0,9.0,0.0,0.0,0.0,0.0,0.0,0.0,1.0,0.0,0.0,0.0,0.0,0.0,1.0,0.0,0.0,0.0,0.0,0.0,0.0,1.0,0.0,0.0,0.0,0.0,0.0,0.0,0.0,0.0,0.7865728561550552,0.7510328053600297,-0.035540050795025535,0.7865728561550552,0.7706712024807475,-0.015901653674307736,0.7865728561550552,0.7932563758481763,0.006683519693121087,0.7865728561550552,0.7941347608462267,0.007561904691171462,,,,0.7865728561550552,0.7860791690235335,-0.0004936871315217584
4.0,1.0,4.0,1.0,2.0,4.0,4.0,3.0,5.0,7.0,3.0,5.0,0.0,0.0,0.0,0.0,1.0,0.0,0.0,0.0,0.0,0.0,0.0,1.0,0.0,0.0,0.0,0.0,0.0,0.0,0.0,0.0,0.0,0.0,0.0,0.0,0.0,0.0,0.0,0.0,0.7822876500213829,0.7462642115391952,-0.0360234384821877,0.7822876500213829,0.7661616381357527,-0.01612601188563023,0.7822876500213829,0.7890693763858107,0.006781726364427754,0.7822876500213829,0.7899608403210481,0.007673190299665178,0.7822876500213829,0.7698429243354612,-0.012444725685921698,0.7822876500213829,0.7817868004966421,-0.0005008495247408318
6.0,1.0,9.0,1.0,2.0,4.0,2.0,4.0,8.0,7.0,3.0,8.0,0.0,0.0,0.0,0.0,0.0,0.0,0.0,0.0,0.0,0.0,0.0,0.0,0.0,0.0,0.0,0.0,0.0,0.0,0.0,1.0,0.0,0.0,0.0,0.0,0.0,0.0,0.0,0.0,0.8594381244940058,0.8334626685402269,-0.025975455953778925,0.8594381244940058,0.8479157037662182,-0.011522420727787641,0.8594381244940058,0.8642337001691788,0.0047955756751729695,0.8594381244940058,0.8648618992916949,0.005423774797689074,0.8594381244940058,0.8505609830426311,-0.008877141451374748,0.8594381244940058,0.8590827891327404,-0.00035533536126541865
5.0,2.0,4.0,3.0,1.0,3.0,2.0,3.0,8.0,7.0,4.0,3.0,0.0,0.0,0.0,0.0,0.0,0.0,0.0,0.0,0.0,0.0,0.0,0.0,1.0,0.0,0.0,0.0,0.0,0.0,0.0,0.0,0.0,0.0,0.0,0.0,0.0,0.0,0.0,0.0,0.8022203307545527,0.7685190974398207,-0.03370123331473196,0.8022203307545527,0.7871690599782954,-0.01505127077625723,0.8022203307545527,0.8085331226144097,0.006312791859857003,0.8022203307545527,0.8093622001550966,0.007141869400543954,0.8022203307545527,0.7906100132426261,-0.011610317511926538,0.8022203307545527,0.8017537159706848,-0.00046661478386789135
4.0,3.0,6.0,1.0,4.0,2.0,2.0,2.0,6.0,7.0,5.0,8.0,1.0,0.0,0.0,0.0,0.0,0.0,1.0,0.0,0.0,0.0,0.0,0.0,0.0,0.0,0.0,0.0,0.0,0.0,0.0,0.0,0.0,0.0,0.0,0.0,0.0,0.0,0.0,0.0,0.49170568647832424,0.4419031118372749,-0.04980257464104937,0.49170568647832424,0.4686748148510669,-0.023030871627257365,0.49170568647832424,0.5017742054109999,0.010068518932675685,0.49170568647832424,0.503115278020932,0.011409591542607789,,,,0.49170568647832424,0.4909713294598656,-0.0007343570184586423
2.0,3.0,6.0,4.0,2.0,4.0,3.0,2.0,4.0,3.0,3.0,1.0,0.0,0.0,0.0,0.0,0.0,0.0,0.0,0.0,0.0,0.0,0.0,0.0,0.0,0.0,0.0,0.0,1.0,0.0,0.0,0.0,0.0,0.0,0.0,0.0,0.0,1.0,0.0,0.0,0.7781549276456289,0.7416734834145574,-0.03648144423107147,0.7781549276456289,0.7618160061268225,-0.016338921518806337,0.7781549276456289,0.7850300123797693,0.006875084734140446,0.7781549276456289,0.7859339166557483,0.007778989010119419,0.7781549276456289,0.7655447698723303,-0.012610157773298547,0.7781549276456289,0.7776472730678691,-0.0005076545777598085
6.0,1.0,4.0,1.0,2.0,2.0,4.0,3.0,7.0,5.0,3.0,6.0,1.0,0.0,0.0,0.0,0.0,0.0,0.0,0.0,0.0,0.0,0.0,0.0,0.0,1.0,0.0,0.0,0.0,0.0,0.0,0.0,0.0,0.0,0.0,0.0,0.0,0.0,0.0,0.0,0.5831894877147829,0.5338528329159743,-0.049336654798808555,0.5831894877147829,0.5605995559001458,-0.022589931814637088,0.5831894877147829,0.5929460278581086,0.00975654014332572,0.5831894877147829,0.5942401419348778,0.011050654220094991,0.5831894877147829,0.5656824952981607,-0.017506992416622125,0.5831894877147829,0.582475070562108,-0.00071441715267484
5.0,3.0,10.0,3.0,1.0,5.0,3.0,3.0,9.0,8.0,5.0,8.0,0.0,0.0,0.0,0.0,0.0,0.0,1.0,0.0,0.0,0.0,0.0,0.0,0.0,0.0,0.0,0.0,1.0,0.0,0.0,0.0,0.0,0.0,0.0,0.0,0.0,0.0,0.0,0.0,0.7983285300269575,0.7641590997932909,-0.03416943023366659,0.7983285300269575,0.7830611799039945,-0.015267350122962986,0.7983285300269575,0.8047353058389772,0.00640677581201976,0.7983285300269575,0.8055768739956184,0.00724834396866092,,,,0.7983285300269575,0.7978550470960194,-0.0004734829309380739
4.0,1.0,9.0,1.0,1.0,4.0,2.0,3.0,8.0,8.0,4.0,9.0,0.0,0.0,0.0,0.0,0.0,0.0,1.0,0.0,0.0,1.0,0.0,0.0,0.0,0.0,0.0,0.0,0.0,0.0,0.0,1.0,0.0,0.0,0.0,0.0,0.0,0.0,0.0,0.0,0.8959381581094863,0.8757325245594443,-0.020205633550042013,0.8959381581094863,0.8870144427953437,-0.0089237153141426,0.8959381581094863,0.8996338803145218,0.0036957222050355565,0.8959381581094863,0.9001172114564723,0.004179053346985984,0.8959381581094863,0.8890686295219107,-0.006869528587575613,0.8959381581094863,0.8956638918133094,-0.0002742662961768838
6.0,1.0,8.0,1.0,2.0,3.0,2.0,3.0,8.0,8.0,2.0,9.0,0.0,0.0,0.0,0.0,0.0,0.0,0.0,0.0,0.0,0.0,0.0,1.0,0.0,0.0,0.0,0.0,0.0,0.0,0.0,0.0,0.0,0.0,0.0,0.0,0.0,0.0,0.0,0.0,0.852726830196579,0.8257625818721386,-0.026964248324440443,0.852726830196579,0.840756194416819,-0.011970635779759986,0.852726830196579,0.8577134685412495,0.004986638344670502,0.852726830196579,0.85836689291405,0.005640062717470973,0.852726830196579,0.8435030187705126,-0.00922381142606643,0.852726830196579,0.8523574434923764,-0.0003693867042026122
7.0,3.0,8.0,2.0,4.0,5.0,3.0,2.0,5.0,5.0,3.0,5.0,0.0,0.0,0.0,0.0,0.0,0.0,0.0,0.0,0.0,0.0,0.0,1.0,0.0,0.0,0.0,0.0,0.0,0.0,0.0,0.0,0.0,0.0,1.0,0.0,0.0,0.0,0.0,0.0,0.593932216178107,0.5448747925907091,-0.04905742358739784,0.593932216178107,0.5714967147454099,-0.022435501432697125,0.593932216178107,0.6036082122446131,0.009675996066506154,0.593932216178107,0.6048910164099547,0.010958800231847698,0.593932216178107,0.576548814764375,-0.017383401413731958,0.593932216178107,0.5932233689376857,-0.0007088472404213064
5.0,3.0,10.0,1.0,2.0,3.0,2.0,3.0,5.0,5.0,4.0,7.0,0.0,1.0,0.0,0.0,0.0,0.0,1.0,0.0,0.0,0.0,0.0,0.0,0.0,0.0,0.0,0.0,0.0,0.0,1.0,1.0,0.0,0.0,0.0,0.0,0.0,0.0,0.0,0.0,0.34077403182693783,0.2973166968203424,-0.04345733500659543,0.34077403182693783,0.3203570253694592,-0.020417006457478626,0.34077403182693783,0.3498793392276637,0.009105307400725848,0.34077403182693783,0.35110053146049286,0.01032649963355503,0.34077403182693783,0.3248722055864058,-0.015901826240532047,0.34077403182693783,0.340114258108001,-0.0006597737189368291
4.0,1.0,6.0,1.0,3.0,3.0,3.0,3.0,5.0,5.0,3.0,4.0,0.0,0.0,0.0,0.0,0.0,0.0,0.0,0.0,0.0,0.0,0.0,0.0,0.0,0.0,0.0,0.0,0.0,0.0,0.0,0.0,0.0,0.0,0.0,0.0,0.0,0.0,0.0,0.0,0.7469011334845738,0.7072139306236784,-0.03968720286089533,0.7469011334845738,0.7290618229941963,-0.017839310490377458,0.7469011334845738,0.7544391384414113,0.007538004956837541,0.7469011334845738,0.7554315981245673,0.008530464639993518,0.7469011334845738,0.733123722527144,-0.013777410957429792,0.7469011334845738,0.7463452729336775,-0.0005558605508962922
2.0,2.0,3.0,4.0,1.0,4.0,1.0,4.0,7.0,8.0,3.0,7.0,0.0,0.0,0.0,0.0,0.0,0.0,1.0,0.0,1.0,0.0,0.0,0.0,0.0,0.0,0.0,0.0,0.0,0.0,0.0,0.0,0.0,0.0,0.0,0.0,0.0,1.0,0.0,0.0,0.9254020562951163,0.9103449223242862,-0.015057133970830083,0.9254020562951163,0.9187759260160333,-0.006626130279082987,0.9254020562951163,0.9281353113519472,0.0027332550568308633,0.9254020562951163,0.9284922983776936,0.0030902420825773547,0.9254020562951163,0.9203045407237704,-0.005097515571345856,0.9254020562951163,0.9251989619365931,-0.00020309435852317037
2.0,3.0,5.0,4.0,1.0,4.0,2.0,4.0,7.0,6.0,2.0,7.0,0.0,1.0,0.0,0.0,0.0,0.0,0.0,0.0,0.0,0.0,0.0,0.0,0.0,0.0,0.0,0.0,1.0,0.0,0.0,0.0,0.0,0.0,0.0,0.0,0.0,1.0,0.0,0.0,0.7106677091283699,0.6678257288835366,-0.04284198024483321,0.7106677091283699,0.6913299656683527,-0.019337743460017154,0.7106677091283699,0.7188786801162045,0.008210970987834632,0.7106677091283699,0.7199615135156617,0.009293804387291882,0.7106677091283699,0.6957214523039674,-0.014946256824402426,0.7106677091283699,0.7100631625674846,-0.0006045465608852663
2.0,2.0,6.0,4.0,2.0,5.0,2.0,4.0,4.0,8.0,2.0,2.0,0.0,1.0,0.0,0.0,0.0,0.0,1.0,0.0,0.0,0.0,0.0,0.0,0.0,0.0,0.0,0.0,1.0,0.0,0.0,0.0,0.0,0.0,0.0,0.0,0.0,1.0,0.0,0.0,0.6796367399351828,0.6345626763727912,-0.04507406356239163,0.6796367399351828,0.6592195353634414,-0.020417204571741454,0.6796367399351828,0.6883421468187376,0.008705406883554812,0.6796367399351828,0.6894917971185971,0.009855057183414284,0.6796367399351828,0.6638457263140891,-0.015791013621093697,0.6796367399351828,0.6789966423365258,-0.000640097598657019
2.0,3.0,2.0,4.0,2.0,5.0,2.0,1.0,2.0,0.0,1.0,2.0,0.0,0.0,0.0,0.0,0.0,0.0,1.0,0.0,0.0,0.0,0.0,0.0,0.0,0.0,0.0,0.0,1.0,0.0,0.0,0.0,0.0,0.0,0.0,0.0,0.0,1.0,0.0,0.0,0.7881522512342087,0.7527925451049188,-0.03535970612928996,0.7881522512342087,0.7723342125351829,-0.01581803869902587,0.7881522512342087,0.7947992146831802,0.006646963448971421,0.7881522512342087,0.795672733113231,0.007520481879022212,0.7881522512342087,0.7759467419004054,-0.012205509333803377,0.7881522512342087,0.7876612312251005,-0.0004910200091082784
4.0,4.0,3.0,3.0,3.0,2.0,4.0,1.0,7.0,0.0,1.0,0.0,0.0,0.0,0.0,0.0,0.0,0.0,0.0,0.0,0.0,0.0,0.0,0.0,0.0,0.0,0.0,0.0,1.0,0.0,0.0,0.0,0.0,0.0,0.0,0.0,1.0,0.0,0.0,0.0,0.18789698819232883,0.1592264515501422,-0.028670536642186634,0.18789698819232883,0.17421876871054948,-0.013678219481779358,0.18789698819232883,0.19412033733580247,0.006223349143473639,0.18789698819232883,0.19496091205127455,0.00706392385894572,0.18789698819232883,0.17721129593223542,-0.010685692260093416,0.18789698819232883,0.1874490375097158,-0.0004479506826130242
3.0,2.0,9.0,2.0,2.0,4.0,2.0,4.0,8.0,8.0,3.0,8.0,0.0,0.0,0.0,0.0,0.0,0.0,1.0,0.0,0.0,0.0,0.0,0.0,1.0,0.0,0.0,0.0,0.0,0.0,0.0,1.0,0.0,0.0,0.0,0.0,0.0,0.0,0.0,0.0,0.8540515176178767,0.8272806806085282,-0.026770837009348458,0.8540515176178767,0.842168625658356,-0.011882891959520636,0.8540515176178767,0.8590007189229312,0.004949201305054496,0.8540515176178767,0.8596491991517652,0.00559768153388851,0.8540515176178767,0.8448955813242336,-0.009155936293643085,0.8540515176178767,0.8536848833609046,-0.00036663425697203156
5.0,1.0,6.0,3.0,1.0,1.0,1.0,4.0,4.0,4.0,2.0,6.0,0.0,0.0,0.0,0.0,0.0,0.0,1.0,0.0,0.0,0.0,0.0,0.0,0.0,1.0,0.0,0.0,0.0,0.0,0.0,1.0,0.0,0.0,0.0,0.0,0.0,0.0,0.0,0.0,0.7751552890818978,0.738346431366767,-0.03680885771513076,0.7751552890818978,0.7586639607980338,-0.016491328283864015,0.7751552890818978,0.7820973028750638,0.0069420137931660575,0.7751552890818978,0.7830101300592083,0.007854840977310484,0.7751552890818978,0.7624266813654251,-0.012728607716472662,0.7751552890818978,0.774642758235841,-0.0005125308460568467
6.0,1.0,4.0,2.0,1.0,3.0,1.0,2.0,1.0,0.0,1.0,8.0,0.0,0.0,0.0,0.0,1.0,0.0,0.0,0.0,0.0,0.0,0.0,0.0,0.0,0.0,0.0,0.0,0.0,0.0,0.0,0.0,0.0,0.0,0.0,0.0,0.0,0.0,0.0,0.0,0.8037220821898343,0.7702034427486922,-0.033518639441142084,0.8037220821898343,0.7887550023360856,-0.014967079853748677,0.8037220821898343,0.8099982934557437,0.006276211265909382,0.8037220821898343,0.8108225110437657,0.007100428853931362,0.8037220821898343,0.7921770843136299,-0.011544997876204444,0.8037220821898343,0.8032581415201423,-0.0004639406696920201
6.0,3.0,3.0,3.0,2.0,4.0,3.0,2.0,10.0,8.0,5.0,10.0,0.0,0.0,0.0,0.0,0.0,0.0,1.0,0.0,0.0,0.0,0.0,0.0,0.0,0.0,0.0,0.0,0.0,0.0,0.0,0.0,0.0,1.0,0.0,0.0,0.0,0.0,0.0,0.0,0.5931652571448888,0.5440863018314946,-0.049078955313394124,0.5931652571448888,0.5707180084988307,-0.02244724864605807,,,,0.5931652571448888,0.6041309598303658,0.01096570268547703,,,,,,
6.0,1.0,8.0,1.0,3.0,4.0,1.0,5.0,10.0,10.0,5.0,10.0,0.0,0.0,0.0,0.0,0.0,0.0,1.0,0.0,0.0,0.0,0.0,1.0,0.0,0.0,0.0,0.0,0.0,0.0,0.0,0.0,0.0,0.0,0.0,0.0,0.0,0.0,0.0,0.0,0.7994000034948255,0.7653587565128713,-0.03404124698195421,,,,,,,,,,,,,,,
3.0,1.0,3.0,2.0,1.0,5.0,2.0,3.0,7.0,6.0,3.0,8.0,0.0,0.0,0.0,0.0,0.0,0.0,1.0,0.0,0.0,1.0,0.0,0.0,0.0,0.0,0.0,0.0,0.0,0.0,0.0,0.0,0.0,0.0,0.0,0.0,0.0,0.0,1.0,0.0,0.950951449129922,0.940720957969285,-0.010230491160637012,0.950951449129922,0.946463442070278,-0.004488007059644028,0.950951449129922,0.9527963297312664,0.0018448806013443564,0.950951449129922,0.9530370120094293,0.00208556287950723,0.950951449129922,0.9475007595886984,-0.0034506895412236283,0.950951449129922,0.9508142163963821,-0.00013723273353993815
5.0,1.0,1.0,1.0,2.0,5.0,2.0,3.0,7.0,7.0,3.0,9.0,0.0,0.0,0.0,0.0,0.0,0.0,1.0,0.0,0.0,0.0,0.0,0.0,0.0,0.0,0.0,0.0,0.0,0.0,0.0,1.0,0.0,0.0,0.0,0.0,0.0,0.0,0.0,0.0,0.8417577987213496,0.8132251175389364,-0.028532681182413144,0.8417577987213496,0.8290742940707473,-0.012683504650602306,0.8417577987213496,0.8470492277385215,0.005291429017171945,0.8417577987213496,0.8477429321082263,0.005985133386876673,0.8417577987213496,0.8319823529618807,-0.00977544575946887,0.8417577987213496,0.8413660179204452,-0.0003917808009044066
7.0,1.0,5.0,1.0,2.0,2.0,2.0,4.0,9.0,9.0,3.0,9.0,0.0,0.0,0.0,0.0,0.0,0.0,1.0,0.0,0.0,0.0,0.0,0.0,0.0,0.0,0.0,0.0,0.0,0.0,0.0,1.0,0.0,0.0,0.0,0.0,0.0,0.0,0.0,0.0,0.7590149494028335,0.7205164765131583,-0.03849847288967523,0.7590149494028335,0.7417342256320351,-0.01728072377079848,0.7590149494028335,0.766305054686497,0.007290105283663473,0.7590149494028335,0.7672643513143725,0.008249401911539,0.7590149494028335,0.7456724153567507,-0.013342534046082877,0.7590149494028335,0.7584770904072564,-0.0005378589955771229
5.0,1.0,9.0,2.0,1.0,4.0,2.0,4.0,6.0,6.0,5.0,7.0,0.0,0.0,0.0,0.0,0.0,0.0,0.0,0.0,0.0,0.0,0.0,0.0,1.0,0.0,0.0,0.0,0.0,0.0,0.0,1.0,0.0,0.0,0.0,0.0,0.0,0.0,0.0,0.0,0.861811246452304,0.8361907498969556,-0.02562049655534837,0.861811246452304,0.850449509208369,-0.011361737243934966,0.861811246452304,0.8665384307668488,0.0047271843145447745,0.861811246452304,0.8671576049538628,0.0053463585015588455,,,,0.861811246452304,0.8614609432087547,-0.0003503032435493436
5.0,2.0,8.0,2.0,1.0,3.0,1.0,5.0,5.0,7.0,3.0,5.0,0.0,0.0,0.0,0.0,0.0,0.0,0.0,0.0,0.0,0.0,0.0,1.0,0.0,0.0,0.0,0.0,0.0,0.0,0.0,0.0,0.0,0.0,0.0,0.0,0.0,0.0,0.0,0.0,0.8542634045408769,0.8275235842729285,-0.02673982026794841,,,,0.8542634045408769,0.8592066051399634,0.004943200599086484,0.8542634045408769,0.8598542929497739,0.005590888408896988,0.8542634045408769,0.8451183501782257,-0.009145054362651228,0.8542634045408769,0.8538972115040673,-0.00036619303680962556
4.0,1.0,4.0,1.0,2.0,4.0,2.0,4.0,9.0,9.0,4.0,10.0,0.0,0.0,0.0,1.0,0.0,0.0,1.0,0.0,0.0,0.0,0.0,0.0,1.0,0.0,0.0,0.0,0.0,0.0,0.0,0.0,0.0,0.0,0.0,0.0,0.0,0.0,0.0,0.0,0.6714522672269511,0.6258605905340066,-0.045591676692944505,0.6714522672269511,0.6507814730715251,-0.020670794155425942,0.6714522672269511,0.6802754501058204,0.008823182878869296,0.6714522672269511,0.6814410859071183,0.00998881868016721,0.6714522672269511,0.6554623446205468,-0.015989922606404305,,,
3.0,1.0,10.0,1.0,2.0,2.0,2.0,4.0,7.0,7.0,2.0,8.0,0.0,0.0,0.0,0.0,0.0,0.0,0.0,0.0,0.0,0.0,0.0,0.0,1.0,0.0,0.0,0.0,0.0,0.0,0.0,0.0,0.0,0.0,0.0,0.0,0.0,0.0,0.0,0.0,0.8642967700581692,0.8390510335328775,-0.025245736525291718,0.8642967700581692,0.8531045573931809,-0.011192212664988266,0.8642967700581692,0.868951858204471,0.004655088146301778,0.8642967700581692,0.8695615210927492,0.0052647510345800175,0.8642967700581692,0.8556749463027661,-0.008621823755403102,0.8642967700581692,0.8639517728730638,-0.000344997185105389
3.0,1.0,9.0,1.0,2.0,5.0,2.0,3.0,9.0,7.0,4.0,7.0,0.0,0.0,0.0,0.0,0.0,0.0,1.0,0.0,0.0,0.0,0.0,1.0,0.0,0.0,0.0,0.0,0.0,0.0,0.0,0.0,0.0,0.0,0.0,0.0,0.0,0.0,0.0,0.0,0.9079816483127428,0.8898269314729794,-0.01815471683976333,0.9079816483127428,0.8999754084139692,-0.008006239898773582,0.9079816483127428,0.911291999083789,0.0033103507710462443,0.9079816483127428,0.9117246972853028,0.003743048972560059,0.9079816483127428,0.9018200345864198,-0.0061616137263229565,0.9079816483127428,0.9077358551451081,-0.00024579316763462256
3.0,1.0,6.0,1.0,2.0,4.0,3.0,4.0,8.0,10.0,2.0,9.0,0.0,0.0,1.0,0.0,0.0,0.0,1.0,0.0,0.0,0.0,0.0,0.0,0.0,0.0,0.0,0.0,0.0,1.0,0.0,0.0,0.0,0.0,0.0,0.0,0.0,0.0,0.0,0.0,0.7031833951733578,0.6597637634045885,-0.043419631768769285,0.7031833951733578,0.6835681597315988,-0.019615235441759027,0.7031833951733578,0.7115205457691313,0.008337150595773446,,,,0.7031833951733578,0.6880202410921925,-0.015163154081165309,0.7031833951733578,0.7025697553871666,-0.0006136397861912224
2.0,2.0,5.0,1.0,1.0,1.0,1.0,4.0,8.0,7.0,2.0,9.0,0.0,0.0,0.0,0.0,0.0,0.0,0.0,0.0,0.0,0.0,0.0,0.0,0.0,0.0,0.0,0.0,1.0,0.0,0.0,0.0,0.0,0.0,0.0,0.0,0.0,0.0,0.0,0.0,0.8740071364590978,0.8502548964870943,-0.023752239972003486,0.8740071364590978,0.8634892999948492,-0.010517836464248531,0.8740071364590978,0.8783759993495451,0.004368862890447356,0.8740071364590978,0.8789479268892496,0.004940790430151831,0.8740071364590978,0.8659065379938631,-0.008100598465234699,0.8740071364590978,0.8736832179184977,-0.00032391854060009884
2.0,2.0,3.0,4.0,2.0,4.0,2.0,4.0,10.0,10.0,5.0,10.0,1.0,0.0,0.0,0.0,0.0,0.0,0.0,0.0,0.0,0.0,0.0,0.0,1.0,0.0,0.0,0.0,0.0,0.0,0.0,0.0,0.0,0.0,0.0,0.0,0.0,1.0,0.0,0.0,0.8059353862324513,0.7726878168481389,-0.03324756938431239,0.8059353862324513,0.791093212274141,-0.014842173958310334,,,,,,,,,,,,
4.0,1.0,9.0,4.0,1.0,4.0,2.0,4.0,6.0,7.0,2.0,8.0,0.0,1.0,0.0,0.0,0.0,0.0,0.0,0.0,0.0,0.0,0.0,0.0,0.0,0.0,0.0,0.0,0.0,0.0,0.0,0.0,0.0,0.0,0.0,0.0,0.0,0.0,0.0,0.0,0.7369865716165438,0.696376698092481,-0.040609873524062756,0.7369865716165438,0.71871162574413,-0.01827494587241385,0.7369865716165438,0.7447189362783881,0.007732364661844349,0.7369865716165438,0.7457374411895951,0.008750869573051268,0.7369865716165438,0.7228697121684516,-0.014116859448092156,0.7369865716165438,0.7364166208120113,-0.0005699508045324819
3.0,1.0,3.0,1.0,2.0,5.0,3.0,3.0,7.0,4.0,2.0,4.0,0.0,1.0,0.0,0.0,0.0,0.0,1.0,0.0,0.0,0.0,0.0,0.0,0.0,0.0,0.0,0.0,1.0,0.0,0.0,0.0,0.0,0.0,0.0,0.0,0.0,0.0,0.0,0.0,0.6301011756091881,0.5823406048309292,-0.047760570778258904,0.6301011756091881,0.608346264955209,-0.021754910653979054,0.6301011756091881,0.639438528217218,0.009337352608029925,0.6301011756091881,0.6406744052761205,0.010573229666932416,0.6301011756091881,0.6132579117996467,-0.016843263809541376,0.6301011756091881,0.6294160713842752,-0.000685104224912858
2.0,2.0,8.0,1.0,2.0,5.0,2.0,2.0,5.0,7.0,2.0,7.0,0.0,0.0,0.0,0.0,0.0,0.0,0.0,0.0,0.0,0.0,0.0,0.0,0.0,0.0,0.0,0.0,1.0,0.0,0.0,0.0,0.0,0.0,0.0,0.0,0.0,0.0,0.0,0.0,0.9023816443602942,0.8832641239431903,-0.019117520417103906,0.9023816443602942,0.8939450759722111,-0.008436568388083154,0.9023816443602942,0.9058725700578876,0.00349092569759335,0.9023816443602942,0.9063289858355162,0.0039473414752220215,0.9023816443602942,0.8958880467982004,-0.006493597562093778,0.9023816443602942,0.9021225053045766,-0.00025913905571761653
4.0,1.0,5.0,1.0,1.0,4.0,2.0,3.0,9.0,10.0,4.0,10.0,0.0,0.0,0.0,0.0,0.0,0.0,1.0,0.0,0.0,0.0,0.0,0.0,1.0,0.0,0.0,0.0,0.0,0.0,0.0,1.0,0.0,0.0,0.0,0.0,0.0,0.0,0.0,0.0,0.9041223430115606,0.8853023900681862,-0.018819952943374352,0.9041223430115606,0.8958188444752663,-0.008303498536294307,0.9041223430115606,0.907557396635381,0.003435053623820461,,,,0.9041223430115606,0.8977314142719094,-0.006390928739651192,,,
5.0,1.0,6.0,1.0,3.0,4.0,2.0,4.0,1.0,5.0,2.0,4.0,0.0,0.0,0.0,0.0,0.0,0.0,1.0,0.0,0.0,0.0,0.0,1.0,0.0,0.0,0.0,0.0,0.0,0.0,0.0,0.0,0.0,0.0,0.0,0.0,0.0,0.0,0.0,0.0,0.7260321257130451,0.6844550395380419,-0.04157708617500322,0.7260321257130451,0.7072983300141298,-0.018733795698915312,0.7260321257130451,0.73397029085082,0.0079381651377749,0.7260321257130451,0.7350164210996473,0.00898429538660217,0.7260321257130451,0.7115574203593029,-0.014474705353742179,0.7260321257130451,0.7254472799291047,-0.0005848457839403576
4.0,1.0,2.0,1.0,2.0,5.0,2.0,2.0,8.0,9.0,4.0,9.0,0.0,0.0,0.0,0.0,1.0,0.0,1.0,0.0,0.0,0.0,0.0,1.0,0.0,0.0,0.0,0.0,0.0,0.0,0.0,0.0,0.0,0.0,0.0,0.0,0.0,0.0,0.0,0.0,0.8622548158291897,0.8367009751207408,-0.025553840708448905,0.8622548158291897,0.8509232398267069,-0.011331576002482802,0.8622548158291897,0.8669691686880621,0.004714352858872339,0.8622548158291897,0.867586649894573,0.00533183406538329,0.8622548158291897,0.8535252441668659,-0.008729571662323798,0.8622548158291897,0.8619054568409895,-0.00034935898820021016
3.0,1.0,7.0,1.0,1.0,3.0,1.0,2.0,7.0,6.0,3.0,6.0,0.0,1.0,0.0,0.0,0.0,0.0,0.0,0.0,0.0,0.0,0.0,1.0,0.0,0.0,0.0,0.0,0.0,0.0,0.0,0.0,1.0,0.0,0.0,0.0,0.0,0.0,0.0,0.0,0.9095479864668169,0.8916654280877095,-0.01788255837910735,0.9095479864668169,0.9016632692091485,-0.007884717257668372,0.9095479864668169,0.9128073995093684,0.0032594130425515067,0.9095479864668169,0.9132334097120453,0.0036854232452283586,0.9095479864668169,0.9034801066068292,-0.00606787985998769,0.9095479864668169,0.9093059592854051,-0.0002420271814117525
6.0,1.0,10.0,1.0,1.0,4.0,1.0,4.0,7.0,9.0,2.0,9.0,0.0,1.0,0.0,0.0,0.0,0.0,1.0,0.0,0.0,0.0,0.0,1.0,0.0,0.0,0.0,0.0,0.0,0.0,0.0,1.0,0.0,0.0,0.0,0.0,0.0,0.0,0.0,0.0,0.8016560607379062,0.7678864970645192,-0.033769563673387015,0.8016560607379062,0.7865732727407422,-0.015082787997164004,0.8016560607379062,0.8079825521820617,0.006326491444155535,0.8016560607379062,0.8088134500338001,0.0071573892958939345,0.8016560607379062,0.7900212889570242,-0.011634771780882014,0.8016560607379062,0.8011884446135428,-0.0004676161243634125
3.0,1.0,5.0,4.0,2.0,3.0,2.0,4.0,7.0,7.0,3.0,8.0,0.0,0.0,0.0,0.0,0.0,0.0,1.0,0.0,0.0,0.0,0.0,1.0,0.0,0.0,0.0,0.0,0.0,0.0,0.0,0.0,0.0,0.0,0.0,0.0,0.0,1.0,0.0,0.0,0.8330406146605119,0.8033034238640983,-0.02973719079641368,0.8330406146605119,0.8198079751010058,-0.013232639559506154,0.8330406146605119,0.8385676334500064,0.0055270187894944645,0.8330406146605119,0.8392925074756206,0.006251892815108628,0.8330406146605119,0.8228399992859063,-0.010200615374605593,0.8330406146605119,0.8326315428401616,-0.0004090718203503263
3.0,1.0,3.0,1.0,1.0,4.0,2.0,2.0,6.0,6.0,1.0,6.0,0.0,0.0,0.0,0.0,0.0,0.0,0.0,0.0,0.0,0.0,0.0,0.0,0.0,0.0,0.0,0.0,0.0,0.0,0.0,0.0,0.0,0.0,0.0,0.0,0.0,0.0,0.0,0.0,0.9246608222513524,0.9094687113304954,-0.015192110920856927,0.9246608222513524,0.9179746880509385,-0.006686134200413862,0.9246608222513524,0.9274191058858419,0.002758283634489489,0.9246608222513524,0.9277793738169043,0.0031185515655519636,0.9246608222513524,0.919517060939407,-0.005143761311945383,0.9246608222513524,0.9244558746077355,-0.00020494764361689288
5.0,1.0,4.0,1.0,3.0,2.0,2.0,4.0,8.0,8.0,5.0,9.0,0.0,0.0,1.0,0.0,0.0,0.0,0.0,0.0,0.0,0.0,0.0,0.0,1.0,0.0,0.0,0.0,0.0,0.0,0.0,0.0,0.0,0.0,0.0,0.0,0.0,0.0,0.0,0.0,0.4416185265854151,0.3929669906565677,-0.04865153592884741,0.4416185265854151,0.4189997914936815,-0.02261873509173362,0.4416185265854151,0.4515725941726952,0.009954067587280069,0.4416185265854151,0.45290146096614126,0.01128293438072614,,,,0.4416185265854151,0.4408940887183641,-0.0007244378670510088
6.0,2.0,4.0,2.0,2.0,3.0,3.0,2.0,8.0,6.0,4.0,9.0,0.0,0.0,0.0,0.0,0.0,1.0,0.0,0.0,0.0,0.0,0.0,0.0,1.0,0.0,0.0,0.0,0.0,0.0,0.0,1.0,0.0,0.0,0.0,0.0,0.0,0.0,0.0,0.0,0.556612004384679,0.5067899732594711,-0.04982203112520789,0.556612004384679,0.5337332843147615,-0.022878720069917424,0.556612004384679,0.5665282554480421,0.009916251063363135,0.556612004384679,0.5678451448085986,0.011233140423919652,0.556612004384679,0.5388713685991116,-0.017740635785567394,0.556612004384679,0.5558867237205035,-0.0007252806641754317
2.0,5.0,8.0,4.0,2.0,4.0,2.0,3.0,7.0,8.0,3.0,9.0,0.0,0.0,0.0,0.0,0.0,0.0,1.0,0.0,0.0,0.0,0.0,0.0,0.0,0.0,0.0,0.0,1.0,0.0,0.0,0.0,0.0,0.0,0.0,0.0,0.0,1.0,0.0,0.0,0.7869185608152365,0.7514178840142364,-0.03550067680100011,0.7869185608152365,0.771035166600962,-0.015883394214274427,0.7869185608152365,0.7935940955097552,0.006675534694518759,0.7869185608152365,0.7944714174135108,0.007552856598274316,0.7869185608152365,0.7746622947743582,-0.012256266040878261,0.7869185608152365,0.7864254562183822,-0.0004931045968542547
4.0,1.0,7.0,1.0,2.0,4.0,2.0,4.0,8.0,7.0,4.0,10.0,1.0,0.0,0.0,0.0,0.0,0.0,1.0,0.0,0.0,0.0,0.0,0.0,1.0,0.0,0.0,0.0,0.0,0.0,0.0,0.0,0.0,0.0,0.0,0.0,0.0,0.0,0.0,0.0,0.7794054272541157,0.7430617223653874,-0.03634370488872829,0.7794054272541157,0.7631305702410539,-0.01627485701306175,0.7794054272541157,0.7862524034408391,0.006846976186723475,0.7794054272541157,0.7871525614117381,0.007747134157622404,0.7794054272541157,0.7668450528985705,-0.012560374355545134,,,
3.0,1.0,3.0,1.0,1.0,5.0,1.0,2.0,10.0,9.0,4.0,9.0,0.0,0.0,0.0,0.0,1.0,0.0,0.0,0.0,0.0,0.0,0.0,0.0,0.0,0.0,0.0,0.0,0.0,1.0,0.0,0.0,0.0,0.0,0.0,0.0,0.0,0.0,0.0,0.0,0.9406877709565961,0.9284775052087257,-0.01221026574787032,0.9406877709565961,0.9353244960115057,-0.005363274945090368,,,,0.9406877709565961,0.9431836748661777,0.0024959039095816538,0.9406877709565961,0.9365631745111243,-0.0041245964454718065,0.9406877709565961,0.9405236175808634,-0.0001641533757326119
3.0,1.0,7.0,1.0,1.0,2.0,4.0,2.0,7.0,7.0,4.0,5.0,0.0,0.0,0.0,0.0,0.0,0.0,0.0,0.0,0.0,0.0,0.0,1.0,0.0,0.0,0.0,0.0,0.0,0.0,0.0,0.0,0.0,0.0,0.0,0.0,0.0,0.0,0.0,0.0,0.8623313811888935,0.8367890559298231,-0.02554232525907041,0.8623313811888935,0.8510050154339478,-0.011326365754945722,0.8623313811888935,0.8670435176506261,0.00471213646173263,0.8623313811888935,0.8676607064343013,0.0053293252454077455,0.8623313811888935,0.8536058380111138,-0.008725543177779738,0.8623313811888935,0.8619821853078077,-0.00034919588108583977
7.0,1.0,1.0,1.0,3.0,5.0,3.0,4.0,8.0,7.0,5.0,5.0,0.0,0.0,0.0,0.0,0.0,0.0,0.0,0.0,0.0,0.0,0.0,1.0,0.0,0.0,0.0,0.0,0.0,0.0,0.0,0.0,0.0,0.0,1.0,0.0,0.0,0.0,0.0,0.0,0.6846380769990127,0.6398948451078055,-0.044743231891207214,0.6846380769990127,0.6643822136050495,-0.020255863393963236,0.6846380769990127,0.6932689155182824,0.008630838519269712,0.6846380769990127,0.6944084602349421,0.00977038323592938,,,,0.6846380769990127,0.684003326084121,-0.0006347509148917352
4.0,1.0,3.0,1.0,4.0,5.0,1.0,3.0,10.0,8.0,5.0,6.0,0.0,0.0,0.0,1.0,0.0,0.0,0.0,0.0,0.0,0.0,0.0,0.0,0.0,0.0,0.0,0.0,0.0,0.0,0.0,0.0,0.0,0.0,0.0,0.0,0.0,0.0,0.0,0.0,0.6382273255090876,0.5908346525775178,-0.04739267293156979,0.6382273255090876,0.6166595800038945,-0.021567745505193026,,,,0.6382273255090876,0.6486977794872455,0.010470453978157934,,,,0.6382273255090876,0.6375486144378096,-0.0006787110712779265
6.0,1.0,8.0,1.0,2.0,4.0,2.0,4.0,9.0,7.0,2.0,8.0,0.0,0.0,0.0,0.0,0.0,0.0,1.0,0.0,0.0,0.0,0.0,0.0,0.0,0.0,0.0,0.0,0.0,0.0,0.0,0.0,0.0,0.0,1.0,0.0,0.0,0.0,0.0,0.0,0.8522458029491745,0.8252115358276286,-0.027034267121545885,0.8522458029491745,0.8402433934609821,-0.012002409488192423,0.8522458029491745,0.8572460021065493,0.005000199157374818,0.8522458029491745,0.8579012175758481,0.005655414626673627,0.8522458029491745,0.8429974114219011,-0.009248391527273414,0.8522458029491745,0.8518754193224675,-0.0003703836267070493
6.0,5.0,2.0,2.0,3.0,3.0,1.0,5.0,5.0,5.0,3.0,5.0,0.0,0.0,0.0,0.0,0.0,0.0,0.0,0.0,0.0,0.0,0.0,1.0,0.0,0.0,0.0,0.0,0.0,0.0,0.0,0.0,0.0,0.0,0.0,0.0,0.0,0.0,0.0,0.0,0.5062515778384961,0.4562982933061435,-0.04995328453235254,,,,0.5062515778384961,0.516315396548203,0.010063818709706962,0.5062515778384961,0.5176549536030084,0.011403375764512336,0.5062515778384961,0.4883481811183149,-0.017903396720181153,0.5062515778384961,0.5055171021240477,-0.0007344757144484015
4.0,1.0,4.0,1.0,2.0,5.0,3.0,3.0,7.0,5.0,2.0,8.0,0.0,0.0,0.0,0.0,0.0,0.0,1.0,0.0,0.0,0.0,0.0,0.0,1.0,0.0,0.0,0.0,0.0,0.0,0.0,1.0,0.0,0.0,0.0,0.0,0.0,0.0,0.0,0.0,0.8367773682241658,0.8075519762651209,-0.029225391959044944,0.8367773682241658,0.8237782408450761,-0.012999127379089703,0.8367773682241658,0.8422041173426483,0.00542674911848251,0.8367773682241658,0.8429157213735522,0.0061383531493863774,0.8367773682241658,0.82675757637705,-0.010019791847115767,0.8367773682241658,0.8363756536158092,-0.0004017146083565848
5.0,2.0,8.0,4.0,5.0,4.0,5.0,2.0,2.0,2.0,1.0,4.0,0.0,0.0,0.0,0.0,0.0,0.0,1.0,0.0,0.0,0.0,0.0,0.0,1.0,0.0,0.0,0.0,0.0,0.0,0.0,0.0,0.0,0.0,0.0,1.0,0.0,0.0,0.0,0.0,,,,0.2806065664553989,0.2623597468085233,-0.01824681964687558,0.2806065664553989,0.28880854280571766,0.008201976350318774,0.2806065664553989,0.2899116323061991,0.00930506585080021,0.2806065664553989,0.26637788129906687,-0.014228685156332022,0.2806065664553989,0.28001380251631386,-0.0005927639390850281
2.0,2.0,9.0,1.0,1.0,5.0,2.0,3.0,5.0,6.0,4.0,7.0,0.0,1.0,0.0,0.0,0.0,0.0,0.0,0.0,0.0,0.0,0.0,0.0,0.0,0.0,0.0,0.0,1.0,0.0,0.0,1.0,0.0,0.0,0.0,0.0,0.0,0.0,0.0,0.0,0.8023992883040334,0.7687197575533236,-0.03367953075070984,0.8023992883040334,0.7873580264984175,-0.015041261805615935,0.8023992883040334,0.8087077301939325,0.006308441889899097,0.8023992883040334,0.8095362297663701,0.007136941462336677,0.8023992883040334,0.7907967365885613,-0.011602551715472087,0.8023992883040334,0.8019329914859405,-0.0004662968180928484
4.0,1.0,5.0,1.0,1.0,5.0,2.0,4.0,9.0,7.0,3.0,9.0,0.0,0.0,0.0,0.0,0.0,0.0,1.0,0.0,0.0,0.0,0.0,0.0,0.0,0.0,0.0,0.0,0.0,0.0,0.0,0.0,0.0,0.0,0.0,0.0,0.0,0.0,0.0,0.0,0.9090967869011419,0.8911357021650781,-0.017961084736063837,0.9090967869011419,0.9011770118558377,-0.007919775045304278,0.9090967869011419,0.9123708923581945,0.003274105457052534,0.9090967869011419,0.91279883153118,0.0037020446300380927,0.9090967869011419,0.9030018667224041,-0.006094920178737806,0.9090967869011419,0.9088536734055173,-0.00024311349562466944
4.0,1.0,4.0,1.0,1.0,4.0,3.0,3.0,7.0,8.0,2.0,7.0,0.0,0.0,0.0,0.0,0.0,1.0,1.0,0.0,0.0,0.0,0.0,1.0,0.0,0.0,0.0,0.0,0.0,0.0,0.0,0.0,0.0,0.0,0.0,0.0,0.0,0.0,0.0,0.0,0.7964388518835518,0.7620446834848944,-0.03439416839865739,0.7964388518835518,0.7810676769759066,-0.015371174907645169,0.7964388518835518,0.8028908376652579,0.006451985781706138,0.7964388518835518,0.8037384165281856,0.007299564644633771,0.7964388518835518,0.7845802792107012,-0.01185857267285062,0.7964388518835518,0.7959620662846659,-0.0004767855988858649
7.0,1.0,4.0,1.0,3.0,3.0,3.0,2.0,4.0,6.0,2.0,2.0,0.0,0.0,0.0,0.0,0.0,0.0,1.0,0.0,0.0,0.0,0.0,1.0,0.0,0.0,0.0,0.0,0.0,0.0,0.0,1.0,0.0,0.0,0.0,0.0,0.0,0.0,0.0,0.0,0.6535156828561988,0.6068922090772487,-0.04662347377895004,0.6535156828561988,0.6323343227054335,-0.021181360150765216,0.6535156828561988,0.6625784939042552,0.009062811048056396,0.6535156828561988,0.663776760302832,0.010261077446633182,0.6535156828561988,0.6371245834316296,-0.016391099424569178,0.6535156828561988,0.6528500528485626,-0.0006656300076361976
2.0,3.0,2.0,4.0,1.0,5.0,2.0,4.0,5.0,7.0,4.0,6.0,0.0,1.0,0.0,0.0,0.0,0.0,1.0,0.0,0.0,0.0,0.0,0.0,0.0,0.0,0.0,0.0,1.0,0.0,0.0,0.0,0.0,0.0,0.0,0.0,0.0,1.0,0.0,0.0,0.6483819543670769,0.601488926477542,-0.046893027889534866,0.6483819543670769,0.6270658512108639,-0.021316103156213018,0.6483819543670769,0.6575086727379165,0.00912671837083956,0.6483819543670769,0.6587156696293809,0.010333715262303977,0.6483819543670769,0.6318847938542782,-0.016497160512798703,0.6483819543670769,0.6477117784502701,-0.0006701759168068477
3.0,1.0,9.0,1.0,1.0,4.0,1.0,2.0,9.0,8.0,3.0,8.0,0.0,0.0,0.0,0.0,0.0,0.0,1.0,0.0,0.0,0.0,0.0,1.0,0.0,0.0,0.0,0.0,0.0,0.0,0.0,0.0,0.0,0.0,0.0,0.0,0.0,0.0,0.0,0.0,0.9478776855290173,0.9370485135135844,-0.010829172015432875,0.9478776855290173,0.9431252463264864,-0.004752439202530878,0.9478776855290173,0.9498320813906226,0.0019543958616052848,0.9478776855290173,0.9500870860269941,0.002209400497976799,0.9478776855290173,0.9442234325797529,-0.0036542529492643583,0.9478776855290173,0.9477323254157194,-0.00014536011329790988
5.0,2.0,3.0,2.0,1.0,4.0,3.0,2.0,9.0,8.0,5.0,8.0,0.0,0.0,0.0,0.0,0.0,0.0,0.0,0.0,0.0,0.0,0.0,0.0,0.0,0.0,0.0,0.0,0.0,0.0,0.0,0.0,0.0,0.0,0.0,0.0,0.0,0.0,0.0,0.0,0.8372806546637713,0.8081247137922803,-0.029155940871490982,0.8372806546637713,0.8243131937860726,-0.012967460877698733,0.8372806546637713,0.8426938164024449,0.005413161738673566,0.8372806546637713,0.8434036226789744,0.0061229680152030674,,,,0.8372806546637713,0.8368799372538226,-0.0004007174099487365
3.0,1.0,7.0,1.0,2.0,5.0,2.0,4.0,7.0,7.0,4.0,8.0,0.0,0.0,0.0,0.0,1.0,0.0,1.0,0.0,0.0,0.0,0.0,0.0,1.0,0.0,0.0,0.0,0.0,0.0,0.0,1.0,0.0,0.0,0.0,0.0,0.0,0.0,0.0,0.0,0.8635072225443928,0.8381421087108483,-0.02536511383354456,0.8635072225443928,0.8522610224843769,-0.011246200060015976,0.8635072225443928,0.8681852642522508,0.004678041707858016,0.8635072225443928,0.86879795501365,0.005290732469257153,0.8635072225443928,0.8548436601731996,-0.008663562371193256,0.8635072225443928,0.8631605358979516,-0.0003466866464412188
6.0,1.0,9.0,1.0,2.0,4.0,1.0,4.0,7.0,8.0,4.0,9.0,0.0,0.0,0.0,0.0,0.0,0.0,1.0,0.0,0.0,0.0,0.0,1.0,0.0,0.0,0.0,0.0,0.0,0.0,0.0,1.0,0.0,0.0,0.0,0.0,0.0,0.0,0.0,0.0,0.8583311436333784,0.8321910631882037,-0.026140080445174685,0.8583311436333784,0.8467341617977043,-0.011596981835674036,0.8583311436333784,0.8631584730288334,0.004827329395455049,0.8583311436333784,0.8637908631777526,0.005459719544374186,0.8583311436333784,0.8493963420117243,-0.008934801621654054,0.8583311436333784,0.8579734723154844,-0.00035767131789399276
4.0,2.0,3.0,1.0,2.0,4.0,3.0,3.0,8.0,8.0,4.0,8.0,1.0,0.0,0.0,0.0,0.0,0.0,1.0,0.0,0.0,0.0,0.0,0.0,1.0,0.0,0.0,0.0,0.0,0.0,0.0,0.0,0.0,0.0,0.0,0.0,0.0,0.0,0.0,0.0,0.7024553788175898,0.6589808971158541,-0.043474481701735734,0.7024553788175898,0.6828137337689728,-0.019641645048616985,0.7024553788175898,0.7108045683934826,0.008349189575892813,0.7024553788175898,0.7119060384193434,0.00945065960175362,0.7024553788175898,0.6872715735580277,-0.015183805259562089,0.7024553788175898,0.7018408721116597,-0.0006145067059301068
4.0,1.0,9.0,1.0,2.0,2.0,2.0,4.0,8.0,8.0,4.0,8.0,0.0,0.0,0.0,0.0,0.0,0.0,1.0,0.0,0.0,0.0,0.0,0.0,1.0,0.0,0.0,0.0,0.0,0.0,0.0,0.0,0.0,0.0,0.0,0.0,0.0,0.0,0.0,0.0,0.8118428191237884,0.7793302121334156,-0.03251260699037284,0.8118428191237884,0.79733883808203,-0.01450398104175843,0.8118428191237884,0.8179181882710624,0.0060753691472740234,0.8118428191237884,0.8187157389402269,0.00687291981643845,0.8118428191237884,0.8006570088908708,-0.011185810232917648,0.8118428191237884,0.8113935689792687,-0.00044925014451968615
3.0,3.0,2.0,2.0,2.0,2.0,2.0,3.0,5.0,5.0,3.0,6.0,0.0,0.0,0.0,0.0,0.0,0.0,0.0,0.0,0.0,0.0,0.0,0.0,0.0,0.0,0.0,0.0,1.0,0.0,0.0,1.0,0.0,0.0,0.0,0.0,0.0,0.0,0.0,0.0,0.6955338225026746,0.6515496852034723,-0.04398413729920225,0.6955338225026746,0.6756462430373027,-0.019887579465371896,0.6955338225026746,0.7039953910837855,0.008461568581110912,0.6955338225026746,0.7051120362231115,0.009578213720436879,0.6955338225026746,0.6801576313299125,-0.015376191172762121,0.6955338225026746,0.6949112294770609,-0.000622593025613738
6.0,1.0,4.0,1.0,2.0,5.0,2.0,5.0,7.0,7.0,4.0,8.0,0.0,0.0,0.0,0.0,0.0,0.0,1.0,0.0,0.0,1.0,0.0,0.0,0.0,0.0,0.0,0.0,0.0,0.0,0.0,0.0,0.0,0.0,0.0,0.0,0.0,0.0,0.0,0.0,0.751549107940992,0.712310003401608,-0.03923910453938395,,,,0.751549107940992,0.7589933509162741,0.007444242975282123,0.751549107940992,0.7599732602958597,0.008424152354867709,0.751549107940992,0.7379359350575835,-0.013613172883408464,0.751549107940992,0.7510000522537515,-0.0005490556872403962
2.0,1.0,2.0,4.0,1.0,2.0,2.0,4.0,9.0,8.0,4.0,9.0,0.0,0.0,0.0,0.0,1.0,0.0,0.0,0.0,0.0,0.0,0.0,0.0,0.0,0.0,0.0,0.0,0.0,1.0,0.0,0.0,0.0,0.0,0.0,0.0,0.0,1.0,0.0,0.0,0.862502683060935,0.8369861321564267,-0.02551655090450833,0.862502683060935,0.8511879786687662,-0.011314704392168862,0.862502683060935,0.8672098590773197,0.0047071760163847065,0.862502683060935,0.8678263934079379,0.005323710347002852,0.862502683060935,0.8537861562120306,-0.008716526848904449,0.862502683060935,0.8621538522292277,-0.0003488308317073363
3.0,1.0,2.0,1.0,2.0,5.0,4.0,3.0,7.0,5.0,3.0,8.0,0.0,0.0,0.0,0.0,0.0,0.0,1.0,0.0,1.0,0.0,0.0,0.0,0.0,0.0,0.0,0.0,0.0,0.0,0.0,0.0,0.0,0.0,0.0,0.0,0.0,0.0,0.0,0.0,0.8470197878915755,0.8192321438454669,-0.02778764404610856,0.8470197878915755,0.8346752089783339,-0.012344578913241588,0.8470197878915755,0.8521661643663709,0.005146376474795433,0.8470197878915755,0.8528406929187994,0.005820905027223877,0.8470197878915755,0.8375066527936469,-0.009513135097928616,0.8470197878915755,0.8466386613254706,-0.0003811265661048946
7.0,1.0,9.0,4.0,1.0,5.0,1.0,4.0,9.0,8.0,3.0,10.0,1.0,0.0,0.0,0.0,0.0,0.0,1.0,0.0,0.0,0.0,0.0,0.0,0.0,0.0,0.0,0.0,0.0,0.0,0.0,0.0,0.0,0.0,0.0,0.0,0.0,1.0,0.0,0.0,0.8611677622849319,0.8354507414561252,-0.02571702082880667,0.8611677622849319,0.8497623415266639,-0.011405420758268003,0.8611677622849319,0.8659135341734007,0.004745771888468808,0.8611677622849319,0.866535160947964,0.005367398663032152,0.8611677622849319,0.8523810931804775,-0.008786669104454359,,,
4.0,6.0,5.0,3.0,1.0,4.0,3.0,3.0,5.0,0.0,1.0,0.0,0.0,0.0,1.0,0.0,0.0,0.0,0.0,0.0,0.0,0.0,0.0,0.0,0.0,0.0,0.0,0.0,0.0,0.0,0.0,0.0,0.0,1.0,0.0,0.0,0.0,0.0,0.0,0.0,0.3557195101690231,0.3112561387485571,-0.04446337142046597,0.3557195101690231,0.33486191455381137,-0.02085759561521172,0.3557195101690231,0.3650030472940307,0.009283537125007624,0.3557195101690231,0.3662472886660174,0.010527778496994322,0.3557195101690231,0.3394794151655842,-0.01624009500343887,0.3557195101690231,0.3550463848261017,-0.0006731253429214101
7.0,1.0,8.0,2.0,1.0,4.0,2.0,4.0,3.0,3.0,4.0,10.0,0.0,0.0,0.0,0.0,0.0,0.0,0.0,0.0,1.0,0.0,0.0,0.0,0.0,0.0,0.0,0.0,0.0,0.0,0.0,0.0,0.0,0.0,1.0,0.0,0.0,0.0,0.0,0.0,0.8389510180353057,0.8100264637382012,-0.0289245542971045,0.8389510180353057,0.8260890228663021,-0.012861995169003548,0.8389510180353057,0.8443189441023999,0.005367926067094242,0.8389510180353057,0.8450227659705479,0.006071747935242233,0.8389510180353057,0.8290373985304822,-0.009913619504823501,,,
5.0,5.0,2.0,2.0,2.0,5.0,3.0,2.0,7.0,7.0,4.0,9.0,0.0,0.0,0.0,0.0,0.0,0.0,1.0,0.0,0.0,0.0,0.0,1.0,0.0,0.0,0.0,0.0,0.0,0.0,0.0,1.0,0.0,0.0,0.0,0.0,0.0,0.0,0.0,0.0,0.6777080351942905,0.6325093392794156,-0.04519869591487491,0.6777080351942905,0.6572299049282734,-0.02047813026601708,0.6777080351942905,0.6864416719810353,0.00873363678674488,0.6777080351942905,0.687595151064835,0.009887115870544583,0.6777080351942905,0.6618692516512905,-0.015838783542999946,0.6777080351942905,0.6770659150481082,-0.0006421201461822568
4.0,1.0,10.0,1.0,4.0,5.0,3.0,4.0,8.0,5.0,3.0,7.0,1.0,0.0,0.0,0.0,0.0,0.0,0.0,0.0,0.0,0.0,0.0,1.0,0.0,0.0,0.0,0.0,0.0,0.0,0.0,0.0,0.0,0.0,0.0,0.0,0.0,0.0,0.0,0.0,0.7016999834327579,0.658168839615734,-0.04353114381702383,0.7016999834327579,0.6820310446882255,-0.01966893874453235,0.7016999834327579,0.7100616207241445,0.008361637291386614,0.7016999834327579,0.7111647705986947,0.009464787165936794,0.7016999834327579,0.6864948340597962,-0.01520514937296169,0.7016999834327579,0.7010845805026549,-0.0006154029301029817
3.0,1.0,8.0,2.0,4.0,2.0,4.0,3.0,6.0,7.0,2.0,8.0,1.0,0.0,0.0,0.0,0.0,0.0,1.0,0.0,0.0,0.0,0.0,0.0,0.0,0.0,0.0,0.0,1.0,0.0,0.0,0.0,0.0,0.0,0.0,0.0,0.0,0.0,0.0,0.0,0.47959531167789066,0.4299817190666957,-0.04961359261119497,0.47959531167789066,0.4566221040166777,-0.02297320766121297,0.47959531167789066,0.48965473695008,0.010059425272189337,0.47959531167789066,0.490995339485224,0.011400027807333346,0.47959531167789066,0.46175300219100196,-0.017842309486888697,0.47959531167789066,0.4788620019536948,-0.0007333097241958297
7.0,1.0,10.0,1.0,2.0,4.0,2.0,3.0,8.0,8.0,4.0,7.0,1.0,0.0,0.0,0.0,0.0,0.0,1.0,0.0,0.0,0.0,0.0,1.0,0.0,0.0,0.0,0.0,0.0,0.0,0.0,1.0,0.0,0.0,0.0,0.0,0.0,0.0,0.0,0.0,0.7778839202036368,0.7413727219253895,-0.03651119827824734,0.7778839202036368,0.7615311556929422,-0.016352764510694673,0.7778839202036368,0.784765080550724,0.00688116034708719,0.7778839202036368,0.7856697946685464,0.007785874464909526,0.7778839202036368,0.7652630047200453,-0.012620915483591566,0.7778839202036368,0.7773758228930046,-0.0005080973106322828
4.0,1.0,2.0,1.0,1.0,5.0,2.0,4.0,7.0,7.0,3.0,9.0,1.0,0.0,0.0,0.0,0.0,0.0,1.0,0.0,0.0,0.0,0.0,1.0,0.0,0.0,0.0,0.0,0.0,0.0,0.0,0.0,0.0,0.0,0.0,0.0,0.0,0.0,0.0,0.0,0.8458701129108712,0.8179185309701508,-0.02795158194072045,0.8458701129108712,0.8334510038409942,-0.012419109069876977,0.8458701129108712,0.8510483640516866,0.005178251140815382,0.8458701129108712,0.851727105427444,0.00585699251657279,0.8458701129108712,0.8362993020320453,-0.009570810878825942,0.8458701129108712,0.8454866446013982,-0.0003834683094730007
6.0,2.0,3.0,1.0,2.0,3.0,2.0,3.0,7.0,6.0,3.0,7.0,0.0,0.0,0.0,0.0,0.0,0.0,1.0,0.0,0.0,0.0,0.0,0.0,0.0,0.0,1.0,0.0,0.0,0.0,0.0,1.0,0.0,0.0,0.0,0.0,0.0,0.0,0.0,0.0,0.7351513177883814,0.6943755878305172,-0.04077572995786416,0.7351513177883814,0.7167978548020099,-0.018353462986371527,0.7351513177883814,0.742918816369146,0.007767498580764642,0.7351513177883814,0.7439420338872855,0.008790716098904139,0.7351513177883814,0.7209732480966734,-0.014178069691707984,0.7351513177883814,0.7345788222759425,-0.0005724955124388753
6.0,1.0,8.0,2.0,2.0,4.0,3.0,4.0,10.0,9.0,4.0,10.0,0.0,0.0,1.0,0.0,0.0,0.0,1.0,0.0,0.0,0.0,0.0,1.0,0.0,0.0,0.0,0.0,0.0,0.0,0.0,0.0,0.0,0.0,0.0,0.0,0.0,0.0,0.0,0.0,0.5795792909678683,0.5301595803294223,-0.04941971063844597,0.5795792909678683,0.5569423443914426,-0.022636946576425676,,,,0.5795792909678683,0.5906584777074227,0.011079186739554436,0.5795792909678683,0.5620345385033468,-0.017544752464521474,,,
5.0,1.0,5.0,1.0,1.0,4.0,1.0,4.0,8.0,8.0,4.0,9.0,0.0,0.0,0.0,0.0,0.0,0.0,0.0,0.0,0.0,0.0,0.0,0.0,1.0,0.0,0.0,0.0,0.0,0.0,0.0,0.0,0.0,0.0,0.0,0.0,0.0,0.0,0.0,0.0,0.8967398425875174,0.876668443744703,-0.020071398842814392,0.8967398425875174,0.887876271354464,-0.008863571233053369,0.8967398425875174,0.9004102580426754,0.003670415455158005,0.8967398425875174,0.9008902622877109,0.004150419700193475,0.8967398425875174,0.8899167337960878,-0.006823108791429555,0.8967398425875174,0.8964674450529866,-0.0002723975345307883
5.0,1.0,2.0,2.0,2.0,5.0,2.0,3.0,7.0,4.0,5.0,10.0,0.0,0.0,0.0,0.0,1.0,0.0,1.0,0.0,0.0,0.0,0.0,0.0,1.0,0.0,0.0,0.0,0.0,0.0,0.0,1.0,0.0,0.0,0.0,0.0,0.0,0.0,0.0,0.0,0.7456065802167219,0.7057963433479313,-0.039810236868790594,0.7456065802167219,0.7277092892281956,-0.017897290988526326,0.7456065802167219,0.7531703991647603,0.00756381894803837,0.7456065802167219,0.7541663157168386,0.008559735500116683,,,,,,
2.0,2.0,3.0,3.0,2.0,3.0,4.0,1.0,9.0,10.0,5.0,9.0,0.0,0.0,1.0,0.0,0.0,0.0,0.0,0.0,0.0,0.0,0.0,0.0,1.0,0.0,0.0,0.0,0.0,0.0,0.0,0.0,0.0,0.0,0.0,0.0,0.0,0.0,1.0,0.0,0.7842584418310639,0.7484562421918249,-0.03580219963923892,0.7842584418310639,0.7682351590498167,-0.016023282781247206,0.7842584418310639,0.7909951798101762,0.006736737979112339,,,,,,,0.7842584418310639,0.7837608728976814,-0.0004975689333824862
5.0,3.0,7.0,3.0,3.0,1.0,5.0,3.0,3.0,3.0,2.0,3.0,0.0,0.0,0.0,0.0,0.0,0.0,1.0,0.0,0.0,0.0,0.0,0.0,0.0,1.0,0.0,0.0,0.0,0.0,0.0,1.0,0.0,0.0,0.0,0.0,0.0,0.0,0.0,0.0,,,,0.3611694074439516,0.3401609726406751,-0.02100843480327652,0.3611694074439516,0.3705133812210201,0.009343973777068526,0.3611694074439516,0.3717654092734957,0.010596001829544122,0.3611694074439516,0.3448136631596355,-0.016355744284316076,0.3611694074439516,0.3604917395818693,-0.0006776678620822874
6.0,2.0,1.0,1.0,1.0,5.0,2.0,3.0,3.0,7.0,3.0,8.0,0.0,0.0,0.0,0.0,0.0,0.0,0.0,0.0,0.0,0.0,0.0,1.0,0.0,0.0,0.0,0.0,0.0,0.0,0.0,0.0,0.0,0.0,0.0,0.0,0.0,0.0,0.0,0.0,0.8389398050051783,0.8100136928920851,-0.02892611211309315,0.8389398050051783,0.8260770999695628,-0.012862705035615485,0.8389398050051783,0.8443080354552216,0.00536823045004331,0.8389398050051783,0.8450118975875681,0.006072092582389832,0.8389398050051783,0.8290256359317308,-0.009914169073447443,0.8389398050051783,0.8385423855652299,-0.000397419439948421
4.0,1.0,8.0,1.0,1.0,4.0,1.0,4.0,7.0,7.0,4.0,5.0,0.0,0.0,0.0,0.0,0.0,0.0,0.0,0.0,0.0,0.0,0.0,0.0,1.0,0.0,0.0,0.0,0.0,0.0,0.0,0.0,0.0,0.0,0.0,0.0,0.0,0.0,0.0,0.0,0.9145646448502739,0.8975621887516402,-0.01700245609863371,0.9145646448502739,0.9070725518202185,-0.00749209303005538,0.9145646448502739,0.9176596492645039,0.0030950044142300515,0.9145646448502739,0.9180640801242713,0.003499435273997431,0.9145646448502739,0.9087995577102554,-0.005765087140018443,0.9145646448502739,0.914334776735325,-0.00022986811494885018
2.0,1.0,3.0,3.0,3.0,5.0,3.0,3.0,7.0,5.0,2.0,6.0,0.0,0.0,0.0,0.0,0.0,0.0,1.0,0.0,0.0,0.0,0.0,0.0,0.0,0.0,0.0,0.0,1.0,0.0,0.0,1.0,0.0,0.0,0.0,0.0,0.0,0.0,0.0,0.0,0.7614126861537627,0.7231575496241135,-0.03825513652964918,0.7614126861537627,0.7442459653616588,-0.017166720792103907,0.7614126861537627,0.7686523653744317,0.0072396792206690375,0.7614126861537627,0.7696049234853101,0.008192237331547392,0.7614126861537627,0.7481588587630975,-0.013253827390665163,0.7614126861537627,0.7608784927478209,-0.0005341934059417408
4.0,1.0,3.0,1.0,1.0,3.0,2.0,3.0,8.0,7.0,4.0,7.0,0.0,0.0,0.0,0.0,0.0,0.0,0.0,0.0,0.0,0.0,0.0,1.0,0.0,0.0,0.0,0.0,0.0,0.0,0.0,0.0,0.0,0.0,0.0,0.0,0.0,0.0,0.0,0.0,0.8819956714373756,0.8595073511685796,-0.02248832026879599,0.8819956714373756,0.8720470849501785,-0.009948586487197097,0.8819956714373756,0.8861236198297675,0.004127948392391945,0.8819956714373756,0.8866638156475177,0.004668144210142167,0.8819956714373756,0.8743348407733981,-0.0076608306639774915,0.8819956714373756,0.8816895107114067,-0.0003061607259688959
7.0,1.0,6.0,1.0,3.0,3.0,2.0,4.0,7.0,7.0,3.0,8.0,0.0,0.0,0.0,0.0,0.0,0.0,1.0,0.0,0.0,0.0,0.0,1.0,0.0,0.0,0.0,0.0,0.0,0.0,0.0,0.0,0.0,0.0,1.0,0.0,0.0,0.0,0.0,0.0,0.6965893889418334,0.6526815951906283,-0.043907793751205126,0.6965893889418334,0.676738713285194,-0.01985067565663945,0.6965893889418334,0.7050340626367194,0.008444673694885996,0.6965893889418334,0.7061484250105687,0.009559036068735316,0.6965893889418334,0.681242075306041,-0.015347313635792448,0.6965893889418334,0.6959680108883523,-0.0006213780534811697
6.0,1.0,8.0,1.0,1.0,5.0,1.0,4.0,7.0,8.0,2.0,10.0,1.0,0.0,0.0,0.0,0.0,0.0,1.0,0.0,0.0,0.0,0.0,0.0,0.0,0.0,0.0,0.0,0.0,0.0,0.0,1.0,0.0,0.0,0.0,0.0,0.0,0.0,0.0,0.0,0.8853852654382436,0.8634428942835872,-0.02194237115465636,0.8853852654382436,0.875682166378349,-0.009703099059894638,0.8853852654382436,0.8894095087340024,0.004024243295758789,0.8853852654382436,0.8899360533387416,0.00455078790049801,0.8853852654382436,0.8779140272687471,-0.007471238169496464,,,
3.0,1.0,7.0,1.0,1.0,2.0,2.0,2.0,7.0,7.0,2.0,7.0,0.0,0.0,0.0,0.0,0.0,0.0,0.0,0.0,0.0,0.0,0.0,0.0,1.0,0.0,0.0,0.0,0.0,0.0,0.0,0.0,0.0,0.0,0.0,0.0,0.0,0.0,0.0,0.0,0.9064299001059634,0.8880067934870558,-0.01842310661890756,0.9064299001059634,0.8983037690544046,-0.008126131051558794,0.9064299001059634,0.9097905286551403,0.0033606285491769583,0.9064299001059634,0.9102298292383958,0.0037999291324324336,0.9064299001059634,0.9001758037473268,-0.006254096358636607,0.9064299001059634,0.9061803902992647,-0.00024950980669868894
5.0,1.0,10.0,1.0,2.0,3.0,2.0,3.0,8.0,8.0,3.0,7.0,0.0,1.0,0.0,0.0,0.0,0.0,1.0,0.0,0.0,0.0,0.0,1.0,0.0,0.0,0.0,0.0,0.0,0.0,0.0,0.0,0.0,0.0,0.0,0.0,0.0,0.0,0.0,0.0,0.6865975001213137,0.6419868960594955,-0.04461060406181816,0.6865975001213137,0.6664061680462456,-0.02019133207506807,0.6865975001213137,0.6951985872137554,0.008601087092441673,0.6865975001213137,0.6963341031129268,0.009736602991613053,0.6865975001213137,0.6709834909150488,-0.015614009206264878,0.6865975001213137,0.6859648840700822,-0.0006326160512315493
5.0,1.0,6.0,1.0,1.0,4.0,2.0,4.0,7.0,6.0,2.0,6.0,0.0,0.0,0.0,0.0,0.0,0.0,1.0,0.0,0.0,0.0,0.0,0.0,0.0,0.0,0.0,0.0,0.0,0.0,0.0,0.0,0.0,0.0,0.0,0.0,0.0,0.0,0.0,0.0,0.8798761960901529,0.8570494278333387,-0.02282676825681418,0.8798761960901529,0.8697753057421033,-0.010100890348049618,0.8798761960901529,0.8840685411526535,0.0041923450625006575,0.8798761960901529,0.8846172162718275,0.00474102018167466,0.8798761960901529,0.8720977227279889,-0.0077784733621639734,0.8798761960901529,0.8795652872830825,-0.00031090880707040913
5.0,1.0,10.0,1.0,2.0,2.0,2.0,4.0,8.0,8.0,4.0,8.0,0.0,0.0,0.0,0.0,0.0,0.0,0.0,0.0,0.0,0.0,0.0,1.0,0.0,0.0,0.0,0.0,0.0,0.0,0.0,0.0,0.0,0.0,0.0,0.0,0.0,0.0,0.0,0.0,0.8319443160613083,0.8020582600842553,-0.02988605597705296,0.8319443160613083,0.8186437036330053,-0.013300612428302938,0.8319443160613083,0.8375005473174701,0.005556231256161892,0.8319443160613083,0.8382292884989767,0.006284972437668457,0.8319443160613083,0.8216910575730144,-0.010253258488293837,0.8319443160613083,0.8315331013771473,-0.0004112146841609432
4.0,1.0,6.0,1.0,2.0,5.0,2.0,4.0,9.0,9.0,4.0,9.0,1.0,0.0,0.0,0.0,0.0,0.0,1.0,0.0,0.0,0.0,0.0,1.0,0.0,0.0,0.0,0.0,0.0,0.0,0.0,0.0,0.0,0.0,0.0,0.0,0.0,0.0,0.0,0.0,0.8342372384266754,0.8046632023219414,-0.02957403610473397,0.8342372384266754,0.8210790693744857,-0.013158169052189694,0.8342372384266754,0.8397322653165494,0.005495026889874022,0.8342372384266754,0.8404529048102681,0.006215666383592722,0.8342372384266754,0.8240942945886055,-0.010142943838069907,0.8342372384266754,0.8338305136549644,-0.00040672477171099786
2.0,3.0,4.0,4.0,2.0,3.0,2.0,3.0,6.0,7.0,2.0,7.0,0.0,1.0,0.0,0.0,0.0,0.0,1.0,0.0,0.0,0.0,0.0,0.0,0.0,0.0,0.0,0.0,1.0,0.0,0.0,0.0,0.0,0.0,0.0,0.0,0.0,1.0,0.0,0.0,0.5703129581444989,0.5207047771388408,-0.049608181005658114,0.5703129581444989,0.5475665577372182,-0.02274640040728071,0.5703129581444989,0.5801539187884264,0.009840960643927477,0.5703129581444989,0.5814599950093696,0.01114703686487073,0.5703129581444989,0.5526799618710592,-0.017632996273439727,0.5703129581444989,0.5695927590296757,-0.000720199114823239
2.0,3.0,2.0,4.0,2.0,4.0,3.0,4.0,8.0,7.0,5.0,7.0,1.0,0.0,0.0,0.0,0.0,0.0,0.0,0.0,0.0,0.0,0.0,0.0,0.0,0.0,0.0,0.0,1.0,0.0,0.0,0.0,0.0,0.0,0.0,0.0,0.0,1.0,0.0,0.0,0.6659706245345306,0.620048713154602,-0.045921911379928626,0.6659706245345306,0.6451372190667248,-0.020833405467805766,0.6659706245345306,0.6748697355024544,0.00889911096792384,0.6659706245345306,0.6760456940868581,0.010075069552327509,,,,0.6659706245345306,0.6653166679271236,-0.0006539566074069691
7.0,1.0,7.0,1.0,2.0,5.0,3.0,4.0,8.0,8.0,3.0,8.0,0.0,0.0,0.0,0.0,0.0,0.0,1.0,0.0,0.0,0.0,0.0,0.0,0.0,0.0,0.0,0.0,0.0,0.0,0.0,1.0,0.0,0.0,0.0,0.0,0.0,0.0,0.0,0.0,0.8086556170912609,0.7757444067157919,-0.03291121037546896,0.8086556170912609,0.7939683027696268,-0.01468731432163406,0.8086556170912609,0.8148104221355816,0.006154805044320755,0.8086556170912609,0.8156185167213785,0.006962899630117647,0.8086556170912609,0.7973276318970391,-0.011327985194221735,0.8086556170912609,0.8082005549262213,-0.00045506216503954366
6.0,1.0,10.0,1.0,1.0,5.0,2.0,3.0,8.0,8.0,3.0,7.0,0.0,0.0,0.0,0.0,0.0,0.0,1.0,0.0,0.0,0.0,0.0,0.0,0.0,0.0,0.0,0.0,0.0,0.0,0.0,1.0,0.0,0.0,0.0,0.0,0.0,0.0,0.0,0.0,0.9158342099544062,0.8990565230767336,-0.01677768687767267,0.9158342099544062,0.9084423035160505,-0.007391906438355744,0.9158342099544062,0.9188873017517937,0.0030530917973874416,0.9158342099544062,0.919286233117168,0.0034520231627617193,0.9158342099544062,0.9101463749711102,-0.005687834983296058,0.9158342099544062,0.9156074424684283,-0.00022676748597794116
3.0,1.0,3.0,1.0,3.0,5.0,4.0,2.0,7.0,7.0,3.0,8.0,0.0,0.0,1.0,0.0,0.0,0.0,1.0,0.0,0.0,0.0,0.0,0.0,0.0,0.0,0.0,0.0,1.0,0.0,0.0,0.0,0.0,0.0,0.0,0.0,0.0,0.0,0.0,0.0,0.5240831311133826,0.47405968506346957,-0.05002344604991299,0.5240831311133826,0.5010305878402003,-0.02305254327318229,0.5240831311133826,0.5341179674643731,0.010034836350990561,0.5240831311133826,0.5354525810958753,0.011369449982492785,0.5240831311133826,0.5061956317346382,-0.017887499378744343,0.5240831311133826,0.5233502064010633,-0.0007329247123192273
3.0,1.0,2.0,1.0,1.0,4.0,2.0,4.0,3.0,6.0,2.0,2.0,0.0,1.0,0.0,0.0,0.0,0.0,0.0,0.0,0.0,0.0,0.0,0.0,0.0,1.0,0.0,0.0,0.0,0.0,0.0,0.0,0.0,0.0,0.0,0.0,0.0,0.0,0.0,0.0,0.7380576818478414,0.6975453185046837,-0.040512363343157665,0.7380576818478414,0.7198288670470041,-0.018228814800837267,0.7380576818478414,0.7457694194811155,0.007711737633274152,0.7380576818478414,0.7467851582891022,0.008727476441260817,0.7380576818478414,0.7239767808661229,-0.014080900981718436,0.7380576818478414,0.7374892253787806,-0.0005684564690607852
3.0,1.0,5.0,1.0,1.0,4.0,2.0,4.0,9.0,9.0,5.0,8.0,0.0,0.0,0.0,0.0,0.0,0.0,1.0,0.0,0.0,0.0,0.0,1.0,0.0,0.0,0.0,0.0,0.0,0.0,0.0,0.0,0.0,0.0,0.0,0.0,0.0,0.0,0.0,0.0,0.903618739364504,0.8847125384491488,-0.01890620091535522,0.903618739364504,0.8952766779911074,-0.008342061373396548,0.903618739364504,0.9070699813018168,0.0034512419373128322,0.903618739364504,0.9075211836739707,0.003902444309466735,,,,0.903618739364504,0.9033625326287709,-0.00025620673573312214
7.0,4.0,7.0,1.0,1.0,5.0,1.0,3.0,8.0,6.0,3.0,7.0,0.0,0.0,0.0,0.0,0.0,0.0,1.0,0.0,0.0,0.0,0.0,0.0,0.0,0.0,0.0,0.0,0.0,0.0,0.0,1.0,0.0,0.0,0.0,0.0,0.0,0.0,0.0,0.0,0.8471992774232084,0.819437286144205,-0.027761991279003473,0.8471992774232084,0.8348663585074488,-0.012332918915759605,0.8471992774232084,0.8523406683496261,0.005141390926417633,0.8471992774232084,0.8530145380195585,0.005815260596350069,0.8471992774232084,0.8376951651762822,-0.009504112246926266,0.8471992774232084,0.8468185171578501,-0.0003807602653583819
7.0,5.0,8.0,2.0,3.0,4.0,2.0,3.0,9.0,9.0,5.0,9.0,0.0,0.0,0.0,0.0,0.0,0.0,1.0,0.0,0.0,0.0,0.0,1.0,0.0,0.0,0.0,0.0,0.0,0.0,0.0,0.0,0.0,0.0,1.0,0.0,0.0,0.0,0.0,0.0,0.6009354246502224,0.5520860058971085,-0.04884941875311388,0.6009354246502224,0.5786123315893736,-0.022323093060848787,0.6009354246502224,0.6105539665821453,0.009618541931922908,0.6009354246502224,0.611828748053911,0.010893323403688537,,,,0.6009354246502224,0.6002305739141831,-0.0007048507360393197
5.0,2.0,4.0,1.0,2.0,4.0,2.0,2.0,10.0,9.0,4.0,10.0,0.0,1.0,0.0,0.0,0.0,0.0,1.0,0.0,0.0,0.0,1.0,0.0,0.0,0.0,0.0,0.0,0.0,0.0,0.0,0.0,0.0,0.0,0.0,0.0,0.0,0.0,0.0,0.0,0.7003107315226328,0.6566760460056371,-0.043634685516995675,0.7003107315226328,0.6805918868370654,-0.019718844685567394,,,,0.7003107315226328,0.7098013685594244,0.00949063703679165,0.7003107315226328,0.6850665505960527,-0.015244180926580086,,,
4.0,1.0,9.0,1.0,2.0,4.0,2.0,4.0,7.0,7.0,5.0,7.0,0.0,0.0,0.0,0.0,0.0,0.0,0.0,0.0,0.0,0.0,0.0,0.0,0.0,0.0,0.0,0.0,0.0,0.0,1.0,1.0,0.0,0.0,0.0,0.0,0.0,0.0,0.0,0.0,0.7486522263777733,0.7091326734548213,-0.03951955292295195,0.7486522263777733,0.7308918698109587,-0.017760356566814628,0.7486522263777733,0.756155105324271,0.007502878946497704,0.7486522263777733,0.7571428622381484,0.008490635860375129,,,,0.7486522263777733,0.7480989145752488,-0.0005533118025244921
4.0,1.0,7.0,1.0,2.0,5.0,3.0,3.0,3.0,6.0,2.0,7.0,0.0,1.0,0.0,0.0,0.0,0.0,1.0,0.0,0.0,1.0,0.0,0.0,0.0,0.0,0.0,0.0,0.0,0.0,0.0,0.0,0.0,0.0,0.0,0.0,0.0,0.0,0.0,0.0,0.612202407414069,0.5637309095208964,-0.04847149789317251,0.612202407414069,0.5900796501967882,-0.022122757217280742,0.612202407414069,0.6217203303883606,0.00951792297429166,0.612202407414069,0.6229811311788983,0.010778723764829357,0.612202407414069,0.5950678943063968,-0.01713451310767211,0.612202407414069,0.6115045917756841,-0.000697815638384891
7.0,1.0,5.0,1.0,1.0,4.0,3.0,3.0,7.0,7.0,5.0,6.0,1.0,0.0,0.0,0.0,0.0,0.0,0.0,0.0,0.0,0.0,0.0,1.0,0.0,0.0,0.0,0.0,0.0,0.0,0.0,0.0,0.0,0.0,1.0,0.0,0.0,0.0,0.0,0.0,0.7672286740144922,0.7295748722031574,-0.03765380181133482,0.7672286740144922,0.7503432120976491,-0.016885461916843147,0.7672286740144922,0.774344175681165,0.007115501666672741,0.7672286740144922,0.7752801496928639,0.008051475678371611,,,,0.7672286740144922,0.7667035126110011,-0.0005251614034911256
3.0,1.0,9.0,1.0,4.0,5.0,4.0,2.0,6.0,6.0,3.0,7.0,1.0,0.0,0.0,0.0,0.0,0.0,1.0,0.0,0.0,0.0,0.0,1.0,0.0,0.0,0.0,0.0,0.0,0.0,0.0,0.0,0.0,0.0,0.0,0.0,0.0,0.0,0.0,0.0,0.6833566702221183,0.6385276221227059,-0.04482904809941246,0.6833566702221183,0.6630590075751437,-0.020297662646974635,0.6833566702221183,0.692006801830487,0.008650131608368694,0.6833566702221183,0.693148960077445,0.009792289855326652,0.6833566702221183,0.667659353486488,-0.01569731673563035,0.6833566702221183,0.6827205353894962,-0.0006361348326221483
4.0,1.0,3.0,1.0,1.0,4.0,4.0,3.0,7.0,6.0,3.0,6.0,1.0,0.0,0.0,0.0,0.0,0.0,0.0,0.0,0.0,0.0,0.0,0.0,0.0,0.0,0.0,0.0,0.0,0.0,0.0,0.0,0.0,0.0,0.0,0.0,0.0,0.0,0.0,0.0,0.799043468159348,0.76495950731735,-0.03408396084199805,0.799043468159348,0.7838155852552966,-0.015227882904051415,0.799043468159348,0.805433066969589,0.006389598810241037,0.799043468159348,0.8062723518106526,0.007228883651304585,0.799043468159348,0.7872961056661696,-0.011747362493178426,0.799043468159348,0.7985712402410117,-0.00047222791833634314
6.0,2.0,4.0,2.0,3.0,4.0,4.0,3.0,8.0,9.0,3.0,7.0,0.0,0.0,0.0,0.0,0.0,0.0,1.0,0.0,0.0,0.0,0.0,0.0,0.0,1.0,0.0,0.0,0.0,0.0,0.0,0.0,0.0,0.0,0.0,0.0,0.0,0.0,0.0,0.0,0.6143591879885358,0.5659661455810228,-0.048393042407513076,0.6143591879885358,0.5922775264133792,-0.022081661575156675,0.6143591879885358,0.6238566997520462,0.009497511763510325,0.6143591879885358,0.6251146735706866,0.010755485582150781,0.6143591879885358,0.5972572794180208,-0.01710190857051508,0.6143591879885358,0.6136628041946796,-0.0006963837938562811
5.0,1.0,3.0,2.0,1.0,1.0,1.0,2.0,9.0,9.0,3.0,10.0,0.0,1.0,0.0,0.0,0.0,0.0,0.0,0.0,0.0,0.0,0.0,0.0,1.0,0.0,0.0,0.0,0.0,0.0,0.0,0.0,0.0,0.0,0.0,0.0,0.0,0.0,0.0,0.0,0.6882938004577991,0.6437993872985528,-0.04449441315924629,0.6882938004577991,0.6681589352023755,-0.02013486525542363,0.6882938004577991,0.6968688872285531,0.008575086770754026,0.6882938004577991,0.6980008836779434,0.009707083220144352,0.6882938004577991,0.6727240190917955,-0.015569781366003621,,,
3.0,1.0,3.0,1.0,1.0,2.0,2.0,4.0,10.0,8.0,3.0,5.0,1.0,0.0,0.0,0.0,0.0,0.0,1.0,0.0,0.0,0.0,0.0,0.0,0.0,0.0,0.0,0.0,0.0,1.0,0.0,0.0,0.0,0.0,0.0,0.0,0.0,0.0,0.0,0.0,0.8229849835166141,0.791904180589655,-0.03108080292695914,0.8229849835166141,0.8091379674206746,-0.013847016095939524,,,,0.8229849835166141,0.8295363648573228,0.006551381340708762,0.8229849835166141,0.8123084268743002,-0.010676556642313928,0.8229849835166141,0.8225565220925565,-0.00042846142405761345
7.0,1.0,8.0,1.0,1.0,4.0,3.0,2.0,6.0,7.0,3.0,6.0,1.0,0.0,0.0,0.0,0.0,0.0,0.0,0.0,1.0,0.0,0.0,0.0,0.0,0.0,0.0,0.0,0.0,0.0,0.0,0.0,0.0,0.0,1.0,0.0,0.0,0.0,0.0,0.0,0.8537209738807566,0.8269017948765855,-0.02681917900417108,0.8537209738807566,0.8418161541702833,-0.011904819710473302,0.8537209738807566,0.8586795293734398,0.004958555492683203,0.8537209738807566,0.859329244900173,0.005608271019416411,0.8537209738807566,0.8445480756139638,-0.009172898266792795,0.8537209738807566,0.8533536518485221,-0.0003673220322345516
6.0,3.0,9.0,1.0,2.0,4.0,2.0,3.0,8.0,8.0,4.0,9.0,0.0,0.0,0.0,0.0,0.0,0.0,1.0,0.0,0.0,0.0,0.0,1.0,0.0,0.0,0.0,0.0,0.0,0.0,0.0,1.0,0.0,0.0,0.0,0.0,0.0,0.0,0.0,0.0,0.8022698141183241,0.7685745802308338,-0.033695233887490295,0.8022698141183241,0.7872213102702444,-0.015048503848079653,0.8022698141183241,0.8085814034212779,0.006311589302953835,0.8022698141183241,0.809410321180305,0.007140507061980883,0.8022698141183241,0.7906616434294352,-0.011608170688888864,0.8022698141183241,0.801803287235963,-0.00046652688236115125
3.0,1.0,3.0,1.0,4.0,3.0,3.0,4.0,5.0,7.0,5.0,10.0,1.0,0.0,0.0,0.0,0.0,0.0,1.0,0.0,0.0,0.0,0.0,1.0,0.0,0.0,0.0,0.0,0.0,0.0,0.0,0.0,0.0,0.0,0.0,0.0,0.0,0.0,0.0,0.0,0.5108190567456498,0.4608357300019644,-0.04998332674368533,0.5108190567456498,0.4877520044634146,-0.023067052282235156,0.5108190567456498,0.520877886513257,0.010058829767607191,0.5108190567456498,0.522216500580008,0.011397443834358256,,,,,,
6.0,1.0,8.0,1.0,2.0,4.0,3.0,3.0,7.0,8.0,3.0,8.0,0.0,0.0,0.0,0.0,0.0,0.0,0.0,0.0,0.0,0.0,0.0,0.0,0.0,0.0,0.0,0.0,0.0,0.0,0.0,1.0,0.0,0.0,0.0,0.0,0.0,0.0,0.0,0.0,0.8406394387836404,0.8119501551737466,-0.028689283609893867,0.8406394387836404,0.8278846234874953,-0.012754815296145194,0.8406394387836404,0.8459614209705744,0.005321982186933916,0.8406394387836404,0.8466591659119173,0.006019727128276808,0.8406394387836404,0.8308087923988376,-0.0098306463848028,0.8406394387836404,0.840245414608606,-0.0003940241750344242
3.0,1.0,3.0,1.0,2.0,4.0,4.0,3.0,5.0,5.0,4.0,5.0,0.0,1.0,0.0,0.0,0.0,0.0,1.0,0.0,0.0,0.0,0.0,0.0,0.0,0.0,0.0,0.0,0.0,1.0,0.0,0.0,0.0,0.0,0.0,0.0,0.0,0.0,0.0,0.0,0.5383766481767385,0.4883889557912326,-0.04998769238550588,0.5383766481767385,0.5153762335873425,-0.023000414589395946,0.5383766481767385,0.54836981925833,0.009993171081591479,0.5383766481767385,0.5496980260981638,0.01132137792142529,0.5383766481767385,0.5205348858027762,-0.01784176237396229,0.5383766481767385,0.5376463162080651,-0.0007303319686733367
2.0,4.0,2.0,1.0,2.0,4.0,2.0,2.0,5.0,5.0,3.0,4.0,0.0,0.0,1.0,0.0,0.0,0.0,1.0,0.0,0.0,0.0,0.0,0.0,0.0,0.0,0.0,0.0,0.0,0.0,0.0,0.0,0.0,0.0,0.0,0.0,0.0,0.0,0.0,0.0,0.5893356546087352,0.540152864130298,-0.04918279047843721,0.5893356546087352,0.5668314113220452,-0.022504243286689984,0.5893356546087352,0.5990472387440824,0.009711584135347229,0.5893356546087352,0.6003350300021304,0.010999375393395239,0.5893356546087352,0.5718973124823211,-0.01743834212641404,0.5893356546087352,0.5886243410578053,-0.000711313550929904
5.0,3.0,2.0,3.0,2.0,5.0,2.0,2.0,7.0,4.0,2.0,5.0,0.0,0.0,0.0,0.0,0.0,0.0,1.0,0.0,0.0,0.0,0.0,0.0,0.0,1.0,0.0,0.0,0.0,0.0,0.0,0.0,0.0,0.0,0.0,0.0,0.0,0.0,0.0,1.0,0.7326864249216869,0.6916903556209784,-0.04099606930070854,0.7326864249216869,0.7142285488033958,-0.018457876118291083,0.7326864249216869,0.7405006963719176,0.007814271450230725,0.7326864249216869,0.7415301898799564,0.008843764958269551,0.7326864249216869,0.7184269424041789,-0.014259482517507971,0.7326864249216869,0.7321105428715663,-0.0005758820501206019
3.0,2.0,3.0,2.0,1.0,3.0,2.0,3.0,7.0,8.0,4.0,8.0,0.0,0.0,0.0,0.0,0.0,0.0,0.0,0.0,0.0,0.0,0.0,1.0,0.0,0.0,0.0,0.0,0.0,0.0,0.0,0.0,0.0,0.0,0.0,0.0,0.0,0.0,0.0,0.0,0.8664475421160522,0.8415285638687559,-0.024918978247296386,0.8664475421160522,0.8554030390272725,-0.011044503088779689,0.8664475421160522,0.871039859786604,0.004592317670551793,0.8664475421160522,0.8716412437553439,0.00519370163929167,0.8664475421160522,0.8579399062355747,-0.008507635880477538,0.8664475421160522,0.8661071657606932,-0.0003403763553589956
4.0,1.0,10.0,3.0,2.0,2.0,3.0,3.0,9.0,5.0,4.0,5.0,0.0,1.0,0.0,0.0,0.0,0.0,1.0,0.0,0.0,1.0,0.0,0.0,0.0,0.0,0.0,0.0,0.0,0.0,0.0,0.0,0.0,0.0,0.0,1.0,0.0,0.0,0.0,0.0,0.4319822602509723,0.38366289871030357,-0.04831936154066874,0.4319822602509723,0.4094951244971398,-0.022487135753832488,0.4319822602509723,0.44189101498082095,0.009908754729848646,0.4319822602509723,0.44321441601767253,0.011232155766700225,0.4319822602509723,0.41450042513887375,-0.017481835112098554,0.4319822602509723,0.43126142108452115,-0.0007208391664511593
2.0,2.0,4.0,1.0,3.0,3.0,3.0,3.0,5.0,5.0,2.0,5.0,0.0,0.0,0.0,0.0,0.0,0.0,1.0,0.0,0.0,1.0,0.0,0.0,0.0,0.0,0.0,0.0,0.0,0.0,0.0,0.0,0.0,0.0,0.0,1.0,0.0,0.0,0.0,0.0,0.6503313983156864,0.6035393845054217,-0.046792013810264765,0.6503313983156864,0.6290658657247263,-0.02126553259096009,0.6503313983156864,0.6594340943865247,0.009102696070838245,0.6503313983156864,0.6606378079969287,0.010306409681242301,0.6503313983156864,0.6338740541187926,-0.01645734419689382,0.6503313983156864,0.6496629303646688,-0.0006684679510176039
5.0,1.0,5.0,2.0,2.0,2.0,2.0,4.0,9.0,7.0,3.0,9.0,0.0,0.0,0.0,0.0,0.0,0.0,0.0,0.0,0.0,0.0,0.0,1.0,0.0,0.0,0.0,0.0,0.0,0.0,0.0,0.0,0.0,0.0,0.0,0.0,0.0,0.0,0.0,0.0,0.7878550862911178,0.752461358210287,-0.035393728080830744,0.7878550862911178,0.7720212773334537,-0.015833808957664064,0.7878550862911178,0.7945089426560765,0.0066538563649587434,0.7878550862911178,0.7953833786307765,0.007528292339658682,0.7878550862911178,0.7756373297645605,-0.012217756526557322,0.7878550862911178,0.7873635633375221,-0.0004915229535956689
2.0,1.0,1.0,2.0,2.0,4.0,1.0,4.0,8.0,7.0,4.0,9.0,0.0,0.0,1.0,0.0,0.0,0.0,1.0,0.0,0.0,0.0,0.0,0.0,0.0,0.0,0.0,0.0,1.0,0.0,0.0,1.0,0.0,0.0,0.0,0.0,0.0,0.0,0.0,0.0,0.6609929387912632,0.6147825363571269,-0.04621040243413632,0.6609929387912632,0.6400168899135242,-0.020976048877738962,0.6609929387912632,0.6699589430548749,0.008966004263611715,0.6609929387912632,0.6711440083094099,0.010151069518146705,0.6609929387912632,0.6447632876271835,-0.016229651164079706,0.6609929387912632,0.6603342073289745,-0.0006587314622886753
3.0,1.0,4.0,1.0,2.0,4.0,2.0,2.0,6.0,7.0,4.0,6.0,0.0,0.0,0.0,0.0,0.0,0.0,1.0,0.0,0.0,0.0,0.0,0.0,0.0,0.0,0.0,0.0,0.0,1.0,0.0,0.0,0.0,0.0,0.0,0.0,0.0,0.0,0.0,0.0,0.8612752579151064,0.835574347453468,-0.02570091046163836,0.8612752579151064,0.8498771287269217,-0.011398129188184725,0.8612752579151064,0.8660179269241077,0.004742669009001332,0.8612752579151064,0.8666391442688778,0.0053638863537713855,0.8612752579151064,0.852494226868927,-0.008781031046179444,0.8612752579151064,0.8609238152250863,-0.0003514426900200762
2.0,1.0,2.0,4.0,2.0,3.0,2.0,3.0,5.0,5.0,4.0,6.0,0.0,0.0,0.0,1.0,0.0,0.0,1.0,0.0,1.0,0.0,0.0,0.0,0.0,0.0,0.0,0.0,0.0,0.0,0.0,0.0,0.0,0.0,0.0,0.0,0.0,1.0,0.0,0.0,0.6876734095646952,0.6431363538111685,-0.04453705575352673,0.6876734095646952,0.6675178278762126,-0.020155581688482638,0.6876734095646952,0.6962580317488081,0.008584622184112822,0.6876734095646952,0.6973913187780905,0.009717909213395215,0.6876734095646952,0.6720874029724397,-0.015586006592255508,0.6876734095646952,0.6870419753679441,-0.0006314341967511572
4.0,1.0,4.0,2.0,1.0,4.0,2.0,2.0,8.0,8.0,4.0,8.0,0.0,0.0,0.0,0.0,0.0,1.0,0.0,0.0,0.0,0.0,0.0,0.0,0.0,0.0,0.0,0.0,0.0,0.0,0.0,0.0,0.0,0.0,0.0,0.0,0.0,0.0,0.0,0.0,0.8271267904540003,0.7965934777547258,-0.030533312699274506,0.8271267904540003,0.8135303581074262,-0.013596432346574039,0.8271267904540003,0.8328102894218073,0.005683498967807066,0.8271267904540003,0.8335558841798104,0.006429093725810131,0.8271267904540003,0.816644388301114,-0.010482402152886316,0.8271267904540003,0.8267062432215294,-0.0004205472324708692
7.0,1.0,10.0,1.0,1.0,4.0,2.0,4.0,7.0,8.0,5.0,8.0,0.0,0.0,0.0,0.0,0.0,0.0,0.0,0.0,0.0,0.0,0.0,1.0,0.0,0.0,0.0,0.0,0.0,0.0,0.0,0.0,0.0,0.0,1.0,0.0,0.0,0.0,0.0,0.0,0.8752997814841705,0.8517498966236818,-0.0235498848604887,0.8752997814841705,0.8648731710675923,-0.01042661041657822,0.8752997814841705,0.8796299944139273,0.0043302129297567715,0.8752997814841705,0.8801968294145128,0.004897047930342291,,,,0.8752997814841705,0.8749787108634834,-0.0003210706206870917
4.0,1.0,9.0,1.0,1.0,5.0,1.0,3.0,9.0,9.0,5.0,8.0,1.0,0.0,0.0,0.0,0.0,0.0,1.0,0.0,0.0,0.0,0.0,0.0,1.0,0.0,0.0,0.0,0.0,0.0,0.0,1.0,0.0,0.0,0.0,0.0,0.0,0.0,0.0,0.0,0.9082296775944406,0.8901179735848938,-0.01811170400954687,0.9082296775944406,0.9002426470131998,-0.00798703058124084,0.9082296775944406,0.9115319749217768,0.0033022973273362233,0.9082296775944406,0.9119636156559611,0.0037339380615204476,,,,0.9082296775944406,0.9079844798056148,-0.0002451977888258128
6.0,1.0,10.0,2.0,1.0,4.0,2.0,4.0,9.0,9.0,5.0,9.0,0.0,0.0,0.0,0.0,0.0,0.0,0.0,0.0,0.0,0.0,0.0,1.0,0.0,0.0,0.0,0.0,0.0,0.0,0.0,0.0,0.0,0.0,1.0,0.0,0.0,0.0,0.0,0.0,0.8903728099681955,0.8692442645048848,-0.021128545463310666,0.8903728099681955,0.8810352144667076,-0.009337595501487828,0.8903728099681955,0.8942428527694906,0.003870042801295104,0.8903728099681955,0.894749108066001,0.004376298097805598,,,,0.8903728099681955,0.8900856750824162,-0.00028713488577924995
2.0,1.0,3.0,1.0,2.0,5.0,1.0,3.0,9.0,8.0,3.0,6.0,0.0,0.0,0.0,0.0,0.0,0.0,0.0,0.0,1.0,0.0,0.0,0.0,0.0,0.0,0.0,0.0,0.0,0.0,0.0,0.0,0.0,0.0,0.0,0.0,0.0,0.0,0.0,0.0,0.9462236317097726,0.9350743447077715,-0.01114928700200113,0.9462236317097726,0.9413297130835415,-0.00489391862623112,0.9462236317097726,0.9482366615831384,0.0020130298733657126,0.9462236317097726,0.9484993360669843,0.002275704357211694,0.9462236317097726,0.9424604538457824,-0.0037631778639902747,0.9462236317097726,0.9460739211592443,-0.00014971055052837023
4.0,1.0,5.0,1.0,2.0,4.0,5.0,2.0,8.0,10.0,5.0,9.0,0.0,1.0,0.0,0.0,0.0,0.0,0.0,0.0,0.0,0.0,0.0,0.0,1.0,0.0,0.0,0.0,0.0,0.0,0.0,0.0,0.0,0.0,0.0,0.0,0.0,0.0,0.0,0.0,,,,0.5842824777833753,0.5617072637191548,-0.022575214064220472,0.5842824777833753,0.5940312433236471,0.00974876554027182,,,,,,,0.5842824777833753,0.583568596312184,-0.0007138814711912245
3.0,1.0,9.0,1.0,1.0,5.0,2.0,2.0,10.0,9.0,2.0,8.0,0.0,0.0,0.0,0.0,0.0,0.0,0.0,0.0,0.0,0.0,0.0,1.0,0.0,0.0,0.0,0.0,0.0,0.0,0.0,0.0,0.0,0.0,0.0,0.0,0.0,0.0,0.0,0.0,0.9592663199419901,0.950680187658094,-0.008586132283896042,0.9592663199419901,0.9555035345198224,-0.0037627854221676804,,,,0.9592663199419901,0.9610128263056253,0.0017465063636352696,0.9592663199419901,0.956373766160488,-0.002892553781502105,0.9592663199419901,0.9591513520262673,-0.00011496791572274123
4.0,2.0,5.0,2.0,1.0,3.0,3.0,3.0,8.0,8.0,4.0,8.0,0.0,0.0,0.0,0.0,0.0,0.0,0.0,0.0,0.0,0.0,0.0,1.0,0.0,0.0,0.0,0.0,0.0,0.0,0.0,0.0,0.0,0.0,0.0,0.0,0.0,0.0,0.0,0.0,0.8391218541729564,0.8102210415669404,-0.028900812606015958,0.8391218541729564,0.8262706773259018,-0.012851176847054613,0.8391218541729564,0.8444851416111075,0.005363287438151176,0.8391218541729564,0.8451883498814066,0.0060664957084501925,0.8391218541729564,0.8292166100155652,-0.009905244157391135,0.8391218541729564,0.8387247975884029,-0.00039705658455346793
4.0,1.0,4.0,1.0,2.0,4.0,4.0,3.0,7.0,6.0,4.0,6.0,0.0,0.0,0.0,0.0,0.0,1.0,0.0,0.0,0.0,0.0,0.0,1.0,0.0,0.0,0.0,0.0,0.0,0.0,0.0,0.0,0.0,0.0,0.0,0.0,0.0,0.0,0.0,0.0,0.6691196255764936,0.6233858130614477,-0.045733812515045935,0.6691196255764936,0.6483789257535753,-0.020740699822918374,0.6691196255764936,0.6779754084093456,0.008855782832851933,0.6691196255764936,0.6791454745925145,0.010025849016020882,0.6691196255764936,0.6530748333771732,-0.016044792199320423,0.6691196255764936,0.6684687649581917,-0.000650860618301885
7.0,1.0,8.0,2.0,3.0,4.0,2.0,4.0,4.0,4.0,2.0,3.0,0.0,0.0,0.0,0.0,0.0,0.0,1.0,0.0,0.0,0.0,0.0,0.0,0.0,0.0,0.0,0.0,0.0,0.0,0.0,0.0,0.0,0.0,1.0,0.0,0.0,0.0,0.0,0.0,0.6873795311035944,0.6428223351425704,-0.04455719596102403,0.6873795311035944,0.6672141621198123,-0.020165368983782073,0.6873795311035944,0.6959686596279178,0.008589128524323364,0.6873795311035944,0.6971025566327534,0.009723025529159046,0.6873795311035944,0.671785858647403,-0.015593672456191365,0.6873795311035944,0.6867477734137039,-0.0006317576898905441
4.0,1.0,9.0,1.0,2.0,4.0,2.0,4.0,8.0,8.0,5.0,10.0,0.0,0.0,0.0,0.0,0.0,0.0,1.0,0.0,0.0,0.0,0.0,0.0,1.0,0.0,0.0,0.0,0.0,0.0,0.0,0.0,0.0,0.0,0.0,0.0,0.0,0.0,0.0,0.0,0.8467495574538249,0.8189233216725,-0.027826235781324815,0.8467495574538249,0.8343874361626409,-0.01236212129118397,0.8467495574538249,0.8519034352275711,0.005153877773746207,0.8467495574538249,0.8525789551654153,0.005829397711590412,,,,,,
3.0,1.0,4.0,4.0,4.0,4.0,2.0,3.0,6.0,6.0,3.0,5.0,0.0,1.0,0.0,0.0,0.0,0.0,1.0,0.0,0.0,0.0,0.0,0.0,0.0,0.0,0.0,0.0,0.0,0.0,0.0,0.0,1.0,0.0,0.0,0.0,0.0,0.0,0.0,0.0,0.5964108416362304,0.5474246864874937,-0.04898615514873672,0.5964108416362304,0.5740140643325377,-0.022396777303692716,0.5964108416362304,0.6060669493252449,0.009656107689014481,0.5964108416362304,0.6073469726066203,0.010936130970389923,0.5964108416362304,0.5790583455005675,-0.01735249613566292,0.5964108416362304,0.595703375886595,-0.0007074657496353165
3.0,1.0,4.0,1.0,1.0,5.0,2.0,2.0,7.0,5.0,2.0,5.0,0.0,0.0,0.0,0.0,0.0,0.0,0.0,0.0,0.0,0.0,0.0,1.0,0.0,0.0,0.0,0.0,0.0,0.0,0.0,0.0,1.0,0.0,0.0,0.0,0.0,0.0,0.0,0.0,0.9655161632382592,0.9581899981989691,-0.007326165039290067,0.9655161632382592,0.9623080241062169,-0.0032081391320423203,0.9655161632382592,0.9668323234268857,0.0013161601886265695,0.9655161632382592,0.9670039173334696,0.001487754095210403,0.9655161632382592,0.9630503243220557,-0.0024658389162034444,0.9655161632382592,0.9654181991437003,-9.796409455886668e-05
7.0,6.0,7.0,1.0,2.0,3.0,2.0,3.0,9.0,9.0,4.0,10.0,0.0,0.0,0.0,0.0,0.0,0.0,1.0,0.0,0.0,0.0,0.0,1.0,0.0,0.0,0.0,0.0,0.0,0.0,0.0,0.0,0.0,0.0,1.0,0.0,0.0,0.0,0.0,0.0,0.6448642994896875,0.5977931553393994,-0.047071144150288124,0.6448642994896875,0.6234587889232386,-0.021405510566448904,0.6448642994896875,0.6540336041628892,0.009169304673201761,0.6448642994896875,0.655246426415645,0.010382126925957524,0.6448642994896875,0.6282967124895791,-0.016567587000108408,,,
3.0,1.0,2.0,1.0,2.0,5.0,5.0,3.0,2.0,2.0,2.0,2.0,0.0,1.0,0.0,0.0,0.0,0.0,1.0,0.0,0.0,0.0,0.0,0.0,0.0,0.0,0.0,0.0,1.0,0.0,0.0,0.0,0.0,0.0,0.0,0.0,0.0,0.0,0.0,0.0,,,,0.4502428013760405,0.42752054667917594,-0.022722254696864563,0.4502428013760405,0.46023103834462586,0.009988236968585362,0.4502428013760405,0.46156394077171625,0.01132113939567575,0.4502428013760405,0.4325847697736443,-0.017658031602396207,0.4502428013760405,0.44951560523639456,-0.000727196139645947
6.0,1.0,5.0,1.0,2.0,3.0,2.0,4.0,6.0,7.0,4.0,8.0,0.0,0.0,0.0,0.0,0.0,0.0,1.0,0.0,0.0,0.0,0.0,1.0,0.0,0.0,0.0,0.0,0.0,0.0,0.0,0.0,0.0,0.0,0.0,0.0,1.0,0.0,0.0,0.0,0.46282977701537226,0.41357222963941664,-0.04925754737595561,0.46282977701537226,0.4399806798846303,-0.022849097130741958,0.46282977701537226,0.4728570728451203,0.01002729582974804,0.46282977701537226,0.4741944176633831,0.011364640648010849,0.46282977701537226,0.44507774983865805,-0.017752027176714202,0.46282977701537226,0.46209933937506925,-0.0007304376403030055
4.0,1.0,8.0,1.0,1.0,5.0,2.0,3.0,7.0,8.0,3.0,7.0,1.0,0.0,0.0,0.0,0.0,0.0,1.0,0.0,0.0,0.0,0.0,0.0,0.0,0.0,0.0,0.0,0.0,0.0,0.0,0.0,0.0,0.0,0.0,0.0,0.0,0.0,0.0,0.0,0.8926329255185736,0.8718772930900146,-0.020755632428559045,0.8926329255185736,0.883462640884274,-0.009170284634299697,0.8926329255185736,0.8964324627379004,0.0037995372193267984,0.8926329255185736,0.8969294445657514,0.00429651904717776,0.8926329255185736,0.8855730724550279,-0.007059853063545729,0.8926329255185736,0.8923509946050758,-0.00028193091349781874
7.0,1.0,5.0,1.0,3.0,3.0,2.0,4.0,6.0,7.0,3.0,8.0,0.0,0.0,0.0,0.0,0.0,0.0,1.0,0.0,0.0,0.0,1.0,0.0,0.0,0.0,0.0,0.0,0.0,0.0,0.0,0.0,0.0,0.0,1.0,0.0,0.0,0.0,0.0,0.0,0.7204429783236581,0.6783934129352153,-0.042049565388442844,0.7204429783236581,0.7014841380720233,-0.018958840251634856,0.7204429783236581,0.7284825248184914,0.008039546494833294,0.7204429783236581,0.7295422831338868,0.009099304810228692,0.7204429783236581,0.7057926394674996,-0.014650338856158518,0.7204429783236581,0.7198508050993118,-0.0005921732243463484
3.0,1.0,4.0,2.0,1.0,5.0,1.0,2.0,6.0,5.0,4.0,6.0,1.0,0.0,0.0,0.0,0.0,0.0,1.0,0.0,0.0,0.0,0.0,0.0,0.0,0.0,0.0,0.0,0.0,0.0,0.0,0.0,0.0,0.0,0.0,0.0,0.0,0.0,0.0,0.0,0.8815430785026854,0.8589822970056683,-0.022560781497017124,0.8815430785026854,0.8715618917459373,-0.009981186756748084,0.8815430785026854,0.8856848071780045,0.004141728675319034,0.8815430785026854,0.8862268173278708,0.004683738825185357,0.8815430785026854,0.8738570677977503,-0.007686010704935131,0.8815430785026854,0.8812359016469238,-0.0003071768557616483
4.0,2.0,3.0,3.0,2.0,4.0,2.0,3.0,5.0,7.0,3.0,9.0,0.0,1.0,0.0,0.0,0.0,0.0,0.0,0.0,0.0,0.0,0.0,0.0,1.0,0.0,0.0,0.0,0.0,0.0,0.0,0.0,0.0,0.0,0.0,0.0,0.0,0.0,0.0,0.0,0.5563716517355559,0.5065465560649072,-0.049825095670648745,0.5563716517355559,0.5334909240385602,-0.022880727696995673,0.5563716517355559,0.5662890897031471,0.009917437967591147,0.5563716517355559,0.5676061510944562,0.011234499358900307,0.5563716517355559,0.5386293704145124,-0.017742281321043496,0.5563716517355559,0.5556462917779952,-0.0007253599575607339
6.0,1.0,9.0,1.0,1.0,3.0,2.0,4.0,7.0,7.0,3.0,8.0,0.0,0.0,0.0,0.0,0.0,0.0,1.0,0.0,0.0,0.0,0.0,0.0,0.0,0.0,0.0,0.0,0.0,0.0,0.0,0.0,0.0,0.0,0.0,0.0,0.0,0.0,0.0,0.0,0.8561666591967477,0.8297064355471793,-0.02646022364956846,0.8561666591967477,0.8444246083686856,-0.011742050828062123,0.8561666591967477,0.8610558037093292,0.004889144512581489,0.8561666591967477,0.8616963540179722,0.005529694821224451,0.8561666591967477,0.8471196617086948,-0.009046997488052932,0.8561666591967477,0.8558044412448271,-0.0003622179519205959
5.0,1.0,9.0,1.0,1.0,4.0,1.0,4.0,8.0,9.0,4.0,10.0,0.0,0.0,0.0,0.0,0.0,0.0,1.0,0.0,0.0,0.0,0.0,0.0,1.0,0.0,0.0,0.0,0.0,0.0,0.0,0.0,0.0,0.0,0.0,0.0,0.0,0.0,0.0,0.0,0.9042632449400431,0.8854674461811888,-0.018795798758854287,0.9042632449400431,0.8959705451626876,-0.008292699777355472,0.9042632449400431,0.9076937657956794,0.003430520855636332,0.9042632449400431,0.9081422462198907,0.003879001279847638,0.9042632449400431,0.8978806474910412,-0.006382597449001826,,,
6.0,1.0,9.0,2.0,2.0,4.0,3.0,3.0,5.0,3.0,4.0,5.0,0.0,0.0,1.0,0.0,0.0,0.0,1.0,0.0,0.0,0.0,0.0,0.0,0.0,1.0,0.0,0.0,0.0,0.0,0.0,1.0,0.0,0.0,0.0,0.0,0.0,0.0,0.0,0.0,0.49897605574408754,0.44908770665047965,-0.0498883490936079,0.49897605574408754,0.475923497090084,-0.02305255865400352,0.49897605574408754,0.5090443549986152,0.01006829925452768,0.49897605574408754,0.5103849534051839,0.011408897661096318,0.49897605574408754,0.4810792610213013,-0.01789679472278627,0.49897605574408754,0.4982414839764282,-0.0007345717676593422
3.0,1.0,7.0,1.0,1.0,3.0,1.0,3.0,3.0,5.0,2.0,3.0,1.0,0.0,0.0,0.0,0.0,0.0,0.0,0.0,0.0,0.0,0.0,0.0,1.0,0.0,0.0,0.0,0.0,0.0,0.0,0.0,0.0,0.0,0.0,0.0,0.0,0.0,0.0,0.0,0.8718576175369984,0.8477707293758368,-0.024086888161161668,0.8718576175369984,0.8611888391484953,-0.010668778388503108,0.8718576175369984,0.8762904660384165,0.0044328485014181185,0.8718576175369984,0.8768708259024692,0.0050132083654708115,0.8718576175369984,0.8636403793871329,-0.008217238149865524,0.8718576175369984,0.871528985047782,-0.0003286324892164405
7.0,1.0,8.0,1.0,3.0,5.0,1.0,3.0,7.0,9.0,2.0,10.0,0.0,0.0,0.0,0.0,0.0,0.0,1.0,0.0,0.0,0.0,0.0,0.0,0.0,0.0,0.0,0.0,0.0,0.0,0.0,0.0,0.0,0.0,1.0,0.0,0.0,0.0,0.0,0.0,0.8451341565047225,0.8170779707641389,-0.02805618574058355,0.8451341565047225,0.8326674782287511,-0.012466678275971366,0.8451341565047225,0.8503327583978715,0.005198601893149024,0.8451341565047225,0.8510141897866264,0.005880033281903896,0.8451341565047225,0.835526531857588,-0.009607624647134494,,,
4.0,1.0,3.0,1.0,1.0,4.0,2.0,3.0,9.0,9.0,5.0,9.0,0.0,0.0,0.0,0.0,0.0,0.0,0.0,0.0,0.0,0.0,0.0,0.0,1.0,0.0,0.0,0.0,0.0,0.0,0.0,0.0,0.0,0.0,0.0,0.0,0.0,0.0,0.0,0.0,0.8934091277672541,0.8727821613577239,-0.020626966409530212,0.8934091277672541,0.8842965457202163,-0.009112582047037798,0.8934091277672541,0.8971843604014453,0.003775232634191217,0.8934091277672541,0.8976781459919799,0.004269018224725807,,,,0.8934091277672541,0.8931289910277168,-0.00028013673953730667
4.0,1.0,8.0,2.0,2.0,4.0,2.0,3.0,8.0,8.0,3.0,10.0,0.0,1.0,0.0,0.0,0.0,0.0,1.0,0.0,0.0,0.0,0.0,0.0,0.0,0.0,0.0,0.0,0.0,0.0,0.0,0.0,1.0,0.0,0.0,0.0,0.0,0.0,0.0,0.0,0.8270130935022989,0.7964646408996767,-0.030548452602622178,0.8270130935022989,0.8134097361855911,-0.01360335731670781,0.8270130935022989,0.8326995743798107,0.005686480877511779,0.8270130935022989,0.8334455641358026,0.006432470633503717,0.8270130935022989,0.8165253264565023,-0.01048776704579657,,,
5.0,1.0,5.0,1.0,2.0,5.0,3.0,4.0,1.0,2.0,1.0,5.0,0.0,0.0,0.0,0.0,0.0,0.0,1.0,0.0,0.0,1.0,0.0,0.0,0.0,0.0,0.0,0.0,0.0,0.0,0.0,1.0,0.0,0.0,0.0,0.0,0.0,0.0,0.0,0.0,0.7307213907472023,0.6895516491452479,-0.04116974160195441,0.7307213907472023,0.7121811305275724,-0.018540260219629956,0.7307213907472023,0.7385726091931931,0.007851218445990793,0.7307213907472023,0.7396070620806479,0.008885671333445533,0.7307213907472023,0.7163976598206813,-0.014323730926521061,0.7307213907472023,0.7301428345499583,-0.0005785561972440068
2.0,3.0,6.0,4.0,2.0,5.0,3.0,3.0,0.0,0.0,1.0,0.0,0.0,1.0,0.0,0.0,0.0,0.0,0.0,0.0,0.0,0.0,0.0,0.0,0.0,0.0,0.0,0.0,0.0,1.0,0.0,0.0,0.0,0.0,0.0,0.0,0.0,1.0,0.0,0.0,0.5823614465419382,0.5330052636520685,-0.04935618288986976,0.5823614465419382,0.55976051447446,-0.022600932067478263,0.5823614465419382,0.5921238132729159,0.009762366730977634,0.5823614465419382,0.5934187489382957,0.011057302396357493,0.5823614465419382,0.5648456257687442,-0.017515820773194024,0.5823614465419382,0.5816466282383116,-0.0007148183036266298
7.0,1.0,10.0,1.0,1.0,5.0,2.0,3.0,8.0,8.0,3.0,8.0,0.0,0.0,0.0,0.0,0.0,0.0,1.0,0.0,0.0,0.0,0.0,1.0,0.0,0.0,0.0,0.0,0.0,0.0,0.0,0.0,0.0,0.0,1.0,0.0,0.0,0.0,0.0,0.0,0.9044834137589951,0.88572537777106,-0.01875803598793513,0.9044834137589951,0.8962075959736319,-0.008275817785363238,0.9044834137589951,0.9079068488081327,0.0034234350491375576,0.9044834137589951,0.9083543984723134,0.0038709847133182596,0.9044834137589951,0.8981138407243008,-0.00636957303469432,0.9044834137589951,0.9042292619434807,-0.0002541518155143585
6.0,1.0,9.0,1.0,2.0,4.0,2.0,4.0,7.0,7.0,3.0,6.0,0.0,0.0,0.0,0.0,0.0,0.0,1.0,0.0,0.0,0.0,0.0,0.0,0.0,1.0,0.0,0.0,0.0,0.0,0.0,1.0,0.0,0.0,0.0,0.0,0.0,0.0,0.0,0.0,0.8294672607083405,0.7992469959436814,-0.03022026476465911,0.8294672607083405,0.8160139595698382,-0.013453301138502294,0.8294672607083405,0.8350891542789632,0.005621893570622705,0.8294672607083405,0.8358265896765817,0.006359328968241207,0.8294672607083405,0.8190957367775811,-0.010371523930759463,0.8294672607083405,0.8290512303688581,-0.0004160303394824538
4.0,1.0,9.0,1.0,3.0,3.0,2.0,4.0,6.0,8.0,3.0,7.0,1.0,0.0,0.0,0.0,0.0,0.0,1.0,0.0,0.0,0.0,0.0,0.0,0.0,0.0,0.0,0.0,0.0,0.0,0.0,0.0,0.0,0.0,0.0,0.0,0.0,0.0,0.0,0.0,0.7254649619218562,0.6838392848746242,-0.04162567704723197,0.7254649619218562,0.706708050577933,-0.01875691134392321,0.7254649619218562,0.7334135264359514,0.007948564514095202,0.7254649619218562,0.7344610540005373,0.008996092078681128,0.7254649619218562,0.7109722202242366,-0.014492741697619604,0.7254649619218562,0.7248793641935937,-0.0005855977282624991
5.0,1.0,3.0,1.0,1.0,3.0,2.0,3.0,5.0,5.0,2.0,7.0,0.0,0.0,0.0,0.0,0.0,0.0,1.0,0.0,0.0,0.0,0.0,0.0,0.0,0.0,0.0,0.0,0.0,0.0,0.0,0.0,0.0,0.0,0.0,0.0,0.0,0.0,0.0,0.0,0.8398257909592293,0.8110229570664844,-0.02880283389274485,0.8398257909592293,0.8270192537550894,-0.012806537204139823,0.8398257909592293,0.8451699409511912,0.005344149991961977,0.8398257909592293,0.8458706178472674,0.006044826888038091,0.8398257909592293,0.8299551051389222,-0.009870685820307035,0.8398257909592293,0.8394301392801672,-0.0003956516790620812
3.0,1.0,9.0,1.0,1.0,4.0,1.0,4.0,6.0,6.0,5.0,10.0,0.0,1.0,0.0,0.0,0.0,0.0,1.0,0.0,0.0,0.0,0.0,1.0,0.0,0.0,0.0,0.0,0.0,0.0,0.0,1.0,0.0,0.0,0.0,0.0,0.0,0.0,0.0,0.0,0.8024114088545587,0.7687333485404937,-0.03367806031406506,0.8024114088545587,0.7873708251748532,-0.01504058367970551,0.8024114088545587,0.8087195560370248,0.006308147182466084,0.8024114088545587,0.8095480164529911,0.007136607598432376,,,,,,
2.0,3.0,3.0,4.0,2.0,3.0,3.0,3.0,7.0,8.0,3.0,8.0,0.0,0.0,1.0,0.0,0.0,0.0,1.0,0.0,0.0,0.0,0.0,0.0,0.0,0.0,0.0,0.0,1.0,0.0,0.0,0.0,0.0,0.0,0.0,0.0,0.0,1.0,0.0,0.0,0.5085761189604833,0.4586065093763045,-0.04996960958417879,0.5085761189604833,0.48550982677848914,-0.02306629218199413,0.5085761189604833,0.5186376082994106,0.010061489338927365,0.5085761189604833,0.51997671329231,0.011400594331826719,0.5085761189604833,0.49067221006712153,-0.017903908893361742,0.5085761189604833,0.5078417395082374,-0.0007343794522458591
2.0,1.0,4.0,1.0,1.0,3.0,5.0,3.0,9.0,8.0,4.0,9.0,0.0,0.0,0.0,0.0,0.0,0.0,1.0,0.0,0.0,0.0,0.0,0.0,0.0,0.0,0.0,0.0,0.0,0.0,0.0,0.0,0.0,0.0,0.0,0.0,0.0,0.0,0.0,0.0,,,,0.8448642272864174,0.8323801294252392,-0.012484097861178212,0.8448642272864174,0.8500702828072881,0.005206055520870723,0.8448642272864174,0.8507526994912048,0.005888472204787387,0.8448642272864174,0.8352431212568322,-0.009621106029585214,0.8448642272864174,0.8444787165048455,-0.0003855107815718961
6.0,1.0,4.0,1.0,3.0,4.0,2.0,3.0,8.0,8.0,3.0,9.0,0.0,0.0,0.0,0.0,0.0,0.0,1.0,0.0,0.0,0.0,0.0,1.0,0.0,0.0,0.0,0.0,0.0,0.0,0.0,0.0,0.0,0.0,0.0,0.0,0.0,0.0,0.0,0.0,0.761533205159979,0.7232903700036918,-0.038242835156287236,0.761533205159979,0.744372244617646,-0.01716096054233307,0.761533205159979,0.7687703379419395,0.007237132781960476,0.761533205159979,0.7697225558308906,0.008189350670911533,0.761533205159979,0.7482838594518153,-0.013249345708163718,0.761533205159979,0.7609991968937798,-0.000534008266199204
4.0,1.0,8.0,1.0,4.0,4.0,2.0,4.0,8.0,9.0,5.0,10.0,1.0,0.0,0.0,0.0,0.0,0.0,0.0,0.0,0.0,0.0,0.0,0.0,1.0,0.0,0.0,0.0,0.0,0.0,0.0,0.0,0.0,0.0,0.0,0.0,0.0,0.0,0.0,0.0,0.675209032856409,0.629851288524377,-0.04535774433203199,0.675209032856409,0.6546530317260504,-0.020556001130358603,0.675209032856409,0.6839788108283527,0.00876977797194367,0.675209032856409,0.6851371942307702,0.009928161374361255,,,,,,
4.0,1.0,6.0,1.0,5.0,2.0,2.0,4.0,7.0,6.0,2.0,8.0,1.0,0.0,0.0,0.0,0.0,0.0,1.0,0.0,0.0,0.0,0.0,0.0,1.0,0.0,0.0,0.0,0.0,0.0,0.0,0.0,0.0,0.0,0.0,0.0,0.0,0.0,0.0,0.0,0.4637658278023417,0.41448552791388893,-0.04928029988845278,0.4637658278023417,0.440908449551326,-0.022857378251015692,0.4637658278023417,0.4737955162094057,0.010029688407063975,0.4637658278023417,0.4751331228932456,0.011367295090903895,0.4637658278023417,0.4460077076359296,-0.017758120166412095,0.4637658278023417,0.46303518628287593,-0.00073064151946578
7.0,1.0,9.0,2.0,2.0,3.0,3.0,3.0,10.0,10.0,4.0,9.0,0.0,0.0,0.0,0.0,0.0,0.0,0.0,0.0,0.0,0.0,0.0,1.0,0.0,0.0,0.0,0.0,0.0,0.0,0.0,0.0,0.0,0.0,1.0,0.0,0.0,0.0,0.0,0.0,0.8055742710573314,0.7722823152195168,-0.033291955837814524,0.8055742710573314,0.7907116508254279,-0.014862620231903434,,,,,,,0.8055742710573314,0.7941103097839594,-0.011463961273372014,0.8055742710573314,0.8051136468150994,-0.0004606242422319218
5.0,6.0,2.0,3.0,5.0,5.0,4.0,3.0,4.0,0.0,5.0,1.0,0.0,0.0,0.0,0.0,0.0,0.0,1.0,0.0,0.0,0.0,1.0,0.0,0.0,0.0,0.0,0.0,0.0,0.0,0.0,0.0,0.0,0.0,0.0,0.0,1.0,0.0,0.0,0.0,0.07211767928560739,0.05981234975649591,-0.01230532952911148,0.07211767928560739,0.06618092292354531,-0.005936756362062076,0.07211767928560739,0.07485978034492748,0.0027421010593200873,0.07211767928560739,0.07523214597705483,0.0031144666914474373,,,,0.07211767928560739,0.07192130422993816,-0.00019637505566923175
2.0,1.0,2.0,3.0,2.0,4.0,2.0,2.0,10.0,10.0,5.0,10.0,1.0,0.0,0.0,0.0,0.0,0.0,1.0,0.0,0.0,0.0,0.0,0.0,0.0,0.0,0.0,0.0,1.0,0.0,0.0,0.0,0.0,0.0,0.0,0.0,0.0,0.0,0.0,0.0,0.7857634027407913,0.7501313798000732,-0.0356320229407181,0.7857634027407913,0.7698190885237973,-0.015944314216993938,,,,,,,,,,,,
5.0,1.0,6.0,1.0,2.0,5.0,1.0,5.0,8.0,7.0,4.0,9.0,0.0,0.0,0.0,0.0,0.0,0.0,0.0,0.0,0.0,0.0,0.0,0.0,1.0,0.0,0.0,0.0,0.0,0.0,0.0,0.0,0.0,0.0,0.0,0.0,0.0,0.0,0.0,0.0,0.8657729287051354,0.840751212121414,-0.02502171658372143,,,,0.8657729287051354,0.8703849733971094,0.00461204469197396,0.8657729287051354,0.8709889589930113,0.005216030287875872,0.8657729287051354,0.8572293994377488,-0.008543529267386663,0.8657729287051354,0.8654311000399743,-0.00034182866516119237
4.0,1.0,9.0,1.0,2.0,4.0,1.0,4.0,7.0,8.0,4.0,9.0,0.0,0.0,0.0,0.0,0.0,0.0,0.0,0.0,0.0,0.0,0.0,0.0,1.0,0.0,0.0,0.0,0.0,0.0,0.0,0.0,0.0,0.0,0.0,0.0,0.0,0.0,0.0,0.0,0.889208055433134,0.8678883342910938,-0.02131972114204017,0.889208055433134,0.8797846457985972,-0.009423409634536806,0.889208055433134,0.893114280174632,0.0039062247414980433,0.889208055433134,0.8936252952570414,0.004417239823907404,0.889208055433134,0.8819527840731749,-0.00725527135995907,0.889208055433134,0.8889182504328026,-0.0002898050003313779
7.0,3.0,6.0,1.0,3.0,3.0,1.0,3.0,8.0,8.0,4.0,8.0,0.0,0.0,0.0,0.0,0.0,0.0,1.0,0.0,0.0,0.0,0.0,0.0,0.0,1.0,0.0,0.0,0.0,0.0,0.0,0.0,0.0,0.0,1.0,0.0,0.0,0.0,0.0,0.0,0.6792915955540327,0.6341951084099792,-0.045096487144053565,0.6792915955540327,0.6588634353755817,-0.02042816017845106,0.6792915955540327,0.6880020757509486,0.008710480196915893,0.6792915955540327,0.6891524140116252,0.009860818457592457,0.6792915955540327,0.6634919928192831,-0.015799602734749674,0.6792915955540327,0.6786511344092143,-0.0006404611448184161
2.0,3.0,5.0,4.0,1.0,4.0,1.0,4.0,10.0,10.0,5.0,10.0,0.0,0.0,0.0,0.0,0.0,0.0,1.0,0.0,0.0,0.0,0.0,0.0,0.0,0.0,0.0,0.0,1.0,0.0,0.0,0.0,0.0,0.0,0.0,0.0,0.0,1.0,0.0,0.0,0.8854883055057845,0.8635626209777344,-0.021925684528050104,0.8854883055057845,0.8757927059071827,-0.009695599598601778,,,,,,,,,,,,
6.0,2.0,7.0,2.0,3.0,3.0,2.0,4.0,9.0,9.0,5.0,8.0,0.0,0.0,0.0,0.0,0.0,1.0,0.0,0.0,0.0,0.0,0.0,1.0,0.0,0.0,0.0,0.0,0.0,0.0,0.0,0.0,0.0,0.0,0.0,0.0,0.0,0.0,0.0,0.0,0.5422479891300459,0.49228417124445106,-0.04996381788559484,0.5422479891300459,0.5192682275722352,-0.022979761557810674,0.5422479891300459,0.5522270563929811,0.009979067262935182,0.5422479891300459,0.5535531548103332,0.011305165680287277,,,,0.5422479891300459,0.541518566087347,-0.0007294230426988513
5.0,3.0,4.0,1.0,4.0,4.0,3.0,3.0,5.0,5.0,3.0,5.0,0.0,0.0,0.0,0.0,0.0,0.0,1.0,0.0,0.0,0.0,0.0,1.0,0.0,0.0,0.0,0.0,0.0,0.0,0.0,0.0,0.0,0.0,0.0,0.0,0.0,0.0,0.0,0.0,0.540640795671202,0.4906663294818674,-0.049974466189334654,0.540640795671202,0.5176521213354454,-0.022988674335756687,0.540640795671202,0.5506258639304332,0.009985068259231178,0.540640795671202,0.5519528569454426,0.011312061274240559,0.540640795671202,0.5228089785973887,-0.017831817073813316,0.540640795671202,0.5399109845903495,-0.0007298110808525715
2.0,2.0,5.0,4.0,1.0,1.0,1.0,5.0,10.0,10.0,5.0,10.0,0.0,0.0,1.0,0.0,0.0,0.0,0.0,0.0,0.0,1.0,0.0,0.0,0.0,0.0,0.0,0.0,0.0,0.0,0.0,0.0,0.0,0.0,0.0,0.0,0.0,1.0,0.0,0.0,0.6729560694587535,0.6274572899330894,-0.04549877952566417,,,,,,,,,,,,,,,
6.0,1.0,5.0,1.0,5.0,5.0,3.0,4.0,3.0,4.0,2.0,6.0,0.0,0.0,0.0,0.0,0.0,0.0,1.0,0.0,0.0,1.0,0.0,0.0,0.0,0.0,0.0,0.0,0.0,0.0,0.0,1.0,0.0,0.0,0.0,0.0,0.0,0.0,0.0,0.0,0.4617061736283821,0.4124763848546532,-0.04922978877372891,0.4617061736283821,0.43886722765621194,-0.022838945972170177,0.4617061736283821,0.4717305039093566,0.010024330280974492,0.4617061736283821,0.4730675218819908,0.011361348253608683,0.4617061736283821,0.44396162442219717,-0.017744549206184956,0.4617061736283821,0.4609759875153494,-0.0007301861130327159
2.0,3.0,2.0,4.0,3.0,5.0,2.0,3.0,8.0,8.0,4.0,10.0,0.0,1.0,0.0,0.0,0.0,0.0,1.0,0.0,0.0,0.0,0.0,0.0,0.0,0.0,0.0,0.0,1.0,0.0,0.0,0.0,0.0,0.0,0.0,0.0,0.0,1.0,0.0,0.0,0.5312318474257477,0.4812159989503592,-0.05001584847538848,0.5312318474257477,0.5082006345926594,-0.023031212833088288,0.5312318474257477,0.5412478937867383,0.010016046360990627,0.5312318474257477,0.5425795744396383,0.01134772701389064,0.5312318474257477,0.5133635462112702,-0.017868301214477467,,,
7.0,1.0,7.0,1.0,2.0,3.0,2.0,3.0,8.0,8.0,5.0,8.0,0.0,0.0,0.0,0.0,0.0,0.0,0.0,0.0,0.0,0.0,0.0,1.0,0.0,0.0,0.0,0.0,0.0,0.0,0.0,0.0,0.0,0.0,1.0,0.0,0.0,0.0,0.0,0.0,0.8048386113220177,0.7714564244594075,-0.033382186862610186,0.8048386113220177,0.7899344190681579,-0.01490419225385986,0.8048386113220177,0.8110875120089976,0.006248900686979919,0.8048386113220177,0.8119081018221729,0.007069490500155151,,,,0.8048386113220177,0.8043766674279743,-0.00046194389404341507
5.0,1.0,4.0,1.0,2.0,5.0,2.0,2.0,9.0,8.0,4.0,8.0,0.0,1.0,0.0,0.0,0.0,0.0,1.0,0.0,0.0,0.0,0.0,0.0,0.0,0.0,1.0,0.0,0.0,0.0,0.0,1.0,0.0,0.0,0.0,0.0,0.0,0.0,0.0,0.0,0.7087952045140375,0.6658063438192543,-0.04298886069478325,0.7087952045140375,0.6893870104694652,-0.01940819404457239,0.7087952045140375,0.7170381570242157,0.008242952510178148,0.7087952045140375,0.718125300043087,0.009330095529049398,0.7087952045140375,0.6937938961904956,-0.015001308323541962,0.7087952045140375,0.7081883519814826,-0.0006068525325549912
3.0,1.0,2.0,3.0,1.0,4.0,2.0,2.0,6.0,5.0,1.0,7.0,0.0,0.0,1.0,0.0,0.0,0.0,1.0,0.0,0.0,1.0,0.0,0.0,0.0,0.0,0.0,0.0,0.0,0.0,0.0,0.0,0.0,1.0,0.0,0.0,0.0,0.0,0.0,0.0,0.6006655314211256,0.5518077153206086,-0.04885781610051698,0.6006655314211256,0.5783379344354673,-0.022327596985658227,0.6006655314211256,0.6102863598412033,0.00962082842007772,0.6006655314211256,0.6115614599822293,0.010895928561103774,0.6006655314211256,0.5833681774541757,-0.01729735396694987,0.6006655314211256,0.5999605213214113,-0.0007050100997142428
4.0,1.0,1.0,3.0,3.0,4.0,2.0,4.0,8.0,7.0,5.0,6.0,0.0,0.0,0.0,0.0,0.0,0.0,1.0,0.0,0.0,0.0,0.0,0.0,1.0,0.0,0.0,0.0,0.0,0.0,0.0,0.0,0.0,0.0,0.0,0.0,0.0,0.0,0.0,0.0,0.6675393083108476,0.6217105564159728,-0.045828751894874786,0.6675393083108476,0.6467518453853731,-0.02078746292547451,0.6675393083108476,0.6764169330464884,0.008877624735640799,0.6675393083108476,0.6775899690272784,0.010050660716430793,,,,0.6675393083108476,0.666886886684299,-0.0006524216265486604
2.0,2.0,7.0,4.0,1.0,4.0,2.0,2.0,8.0,7.0,2.0,6.0,0.0,0.0,0.0,0.0,0.0,0.0,0.0,0.0,0.0,0.0,0.0,0.0,0.0,0.0,0.0,0.0,1.0,0.0,0.0,0.0,0.0,0.0,0.0,0.0,0.0,1.0,0.0,0.0,0.9194125722816585,0.903272861793978,-0.01613971048768048,0.9194125722816585,0.9123048445764873,-0.007107727705171207,0.9194125722816585,0.9223468659611503,0.0029342936794918284,0.9194125722816585,0.9227302131720181,0.0033176408903595744,0.9194125722816585,0.9139438364898779,-0.005468735791780643,0.9194125722816585,0.9191945953060197,-0.0002179769756388561
7.0,2.0,9.0,1.0,1.0,4.0,2.0,4.0,9.0,9.0,5.0,9.0,0.0,0.0,0.0,0.0,0.0,0.0,1.0,0.0,0.0,0.0,0.0,1.0,0.0,0.0,0.0,0.0,0.0,0.0,0.0,0.0,0.0,0.0,1.0,0.0,0.0,0.0,0.0,0.0,0.8483166163574538,0.8207146711705618,-0.027601945186891963,0.8483166163574538,0.8360564290332755,-0.012260187324178329,0.8483166163574538,0.8534269158362049,0.005110299478751079,0.8483166163574538,0.854096676808002,0.005780060450548241,,,,0.8483166163574538,0.8479381406187781,-0.0003784757386756654
2.0,1.0,3.0,3.0,3.0,4.0,4.0,4.0,6.0,7.0,2.0,6.0,0.0,0.0,0.0,0.0,0.0,0.0,0.0,0.0,0.0,0.0,0.0,0.0,0.0,0.0,0.0,0.0,0.0,1.0,0.0,1.0,0.0,0.0,0.0,0.0,0.0,0.0,0.0,0.0,0.7427319840461515,0.7026512990798018,-0.040080684966349645,0.7427319840461515,0.7247071266950136,-0.018024857351137902,0.7427319840461515,0.7503526553340697,0.007620671287918213,0.7427319840461515,0.7513561877299973,0.008624203683845866,0.7427319840461515,0.728810027415195,-0.013921956630956522,0.7427319840461515,0.7421701279022992,-0.0005618561438522907
4.0,2.0,2.0,1.0,3.0,4.0,1.0,2.0,7.0,6.0,2.0,7.0,1.0,0.0,0.0,0.0,0.0,0.0,1.0,0.0,0.0,0.0,0.0,1.0,0.0,0.0,0.0,0.0,0.0,0.0,0.0,0.0,0.0,0.0,0.0,0.0,0.0,0.0,0.0,0.0,0.7419984488608641,0.7018493586507404,-0.040149090210123695,0.7419984488608641,0.7239413000407082,-0.018057148820155855,0.7419984488608641,0.74963352417415,0.007635075313285888,0.7419984488608641,0.7506389866602963,0.00864053779943219,0.7419984488608641,0.7280513314344892,-0.013947117426374889,0.7419984488608641,0.7414355484205079,-0.0005629004403562288
4.0,1.0,5.0,1.0,1.0,4.0,3.0,4.0,7.0,7.0,2.0,6.0,0.0,0.0,0.0,0.0,0.0,0.0,1.0,0.0,0.0,0.0,0.0,0.0,1.0,0.0,0.0,0.0,0.0,0.0,0.0,1.0,0.0,0.0,0.0,0.0,0.0,0.0,0.0,0.0,0.8686262018841495,0.8440405596945693,-0.02458564218958026,0.8686262018841495,0.8577322859262613,-0.010893915957888245,0.8686262018841495,0.8731545717970107,0.004528369912861208,0.8686262018841495,0.8737475235470148,0.005121321662865275,0.8686262018841495,0.8602349648978564,-0.008391236986293071,0.8686262018841495,0.8682905340787729,-0.0003356678053766382
6.0,3.0,1.0,1.0,2.0,4.0,2.0,2.0,6.0,7.0,3.0,7.0,0.0,0.0,0.0,0.0,0.0,0.0,0.0,0.0,0.0,0.0,0.0,0.0,0.0,0.0,0.0,0.0,0.0,1.0,0.0,0.0,0.0,0.0,0.0,0.0,0.0,0.0,0.0,0.0,0.7540411770890117,0.7150464278882652,-0.038994749200746526,0.7540411770890117,0.7365275968292675,-0.017513580259744255,0.7540411770890117,0.7614344534067877,0.007393276317775976,0.7540411770890117,0.7624075444769615,0.008366367387949714,0.7540411770890117,0.7405174058147665,-0.0135237712742452,0.7540411770890117,0.7534958223122061,-0.0005453547768056177
7.0,1.0,6.0,1.0,4.0,4.0,2.0,3.0,8.0,8.0,3.0,9.0,1.0,0.0,0.0,0.0,0.0,0.0,0.0,0.0,0.0,0.0,0.0,1.0,0.0,0.0,0.0,0.0,0.0,0.0,0.0,0.0,0.0,0.0,0.0,0.0,0.0,0.0,0.0,1.0,0.6075952147277736,0.558962712360969,-0.04863250236680461,0.6075952147277736,0.5853876292562352,-0.022207585471538338,0.6075952147277736,0.6171555012319668,0.009560286504193272,0.6075952147277736,0.6184221787015785,0.010826963973804893,0.6075952147277736,0.5903933359989023,-0.017201878728871245,0.6075952147277736,0.6068944321201388,-0.0007007826076347312
4.0,1.0,3.0,2.0,1.0,4.0,1.0,4.0,8.0,8.0,5.0,10.0,0.0,0.0,0.0,1.0,0.0,0.0,0.0,0.0,0.0,0.0,0.0,0.0,1.0,0.0,0.0,0.0,0.0,0.0,0.0,0.0,0.0,0.0,0.0,0.0,0.0,0.0,0.0,0.0,0.7488631930593517,0.7093639333829794,-0.039499259676372245,0.7488631930593517,0.7311123894667053,-0.017750803592646358,0.7488631930593517,0.7563618239510639,0.00749863089171221,0.7488631930593517,0.7573490122096768,0.008485819150325091,,,,,,
3.0,1.0,2.0,1.0,2.0,4.0,2.0,3.0,2.0,0.0,1.0,0.0,0.0,0.0,1.0,0.0,0.0,0.0,1.0,0.0,0.0,0.0,0.0,0.0,0.0,0.0,0.0,0.0,0.0,1.0,0.0,0.0,0.0,0.0,0.0,0.0,0.0,0.0,0.0,0.0,0.5926518408022878,0.5435586091913718,-0.049093231610916055,0.5926518408022878,0.5701967904384728,-0.02245505036381501,0.5926518408022878,0.6023379189873413,0.009686078185053515,0.5926518408022878,0.6036221345130566,0.010970293710768741,0.5926518408022878,0.5752528259478712,-0.01739901485441664,0.5926518408022878,0.5919422940833422,-0.0007095467189456306
2.0,2.0,4.0,4.0,2.0,5.0,2.0,3.0,8.0,8.0,4.0,8.0,0.0,0.0,1.0,0.0,0.0,0.0,1.0,0.0,0.0,0.0,0.0,0.0,0.0,0.0,0.0,0.0,1.0,0.0,0.0,0.0,0.0,0.0,0.0,0.0,0.0,1.0,0.0,0.0,0.6769256445181716,0.6316768579654676,-0.045248786552704034,0.6769256445181716,0.6564230045137088,-0.02050264000446278,0.6769256445181716,0.685670649358928,0.008745004840756354,0.6769256445181716,0.686825670764037,0.00990002624586539,0.6769256445181716,0.6610676404346366,-0.015858004083534993,0.6769256445181716,0.6762827101557551,-0.0006429343624164696
4.0,1.0,6.0,1.0,1.0,5.0,1.0,4.0,7.0,7.0,3.0,7.0,1.0,0.0,0.0,0.0,0.0,0.0,0.0,0.0,0.0,0.0,0.0,0.0,0.0,0.0,0.0,0.0,0.0,0.0,0.0,0.0,1.0,0.0,0.0,0.0,0.0,0.0,0.0,0.0,0.9489123384436244,0.9382841344607467,-0.010628203982877782,0.9489123384436244,0.944248688747639,-0.004663649695985428,0.9489123384436244,0.9508299510923742,0.001917612648749789,0.9489123384436244,0.9510801447717331,0.0021678063281086457,0.9489123384436244,0.9453264401375195,-0.0035858983061048955,0.9489123384436244,0.9487697078462801,-0.0001426305973443176
4.0,1.0,6.0,1.0,3.0,3.0,1.0,4.0,5.0,8.0,5.0,8.0,0.0,0.0,0.0,0.0,0.0,0.0,1.0,0.0,0.0,0.0,0.0,1.0,0.0,0.0,0.0,0.0,0.0,0.0,0.0,0.0,0.0,0.0,0.0,0.0,0.0,0.0,0.0,1.0,0.7645207757042393,0.7265850382246752,-0.037935737479564025,0.7645207757042393,0.7475035268611748,-0.017017248843064436,0.7645207757042393,0.7716944221019568,0.007173646397717559,0.7645207757042393,0.7726381596929907,0.008117383988751392,,,,0.7645207757042393,0.7639913842526015,-0.0005293914516377729
4.0,1.0,10.0,1.0,2.0,2.0,2.0,4.0,6.0,7.0,4.0,10.0,0.0,1.0,0.0,0.0,0.0,0.0,1.0,0.0,0.0,0.0,0.0,0.0,1.0,0.0,0.0,0.0,0.0,0.0,0.0,1.0,0.0,0.0,0.0,0.0,0.0,0.0,0.0,0.0,0.6038639377592566,0.5551076040613172,-0.048756333697939414,0.6038639377592566,0.5815906018325158,-0.022273335926740856,0.6038639377592566,0.6134572973867518,0.00959335962749519,0.6038639377592566,0.6147285722405437,0.01086463448128705,0.6038639377592566,0.5866097778818332,-0.017254159877423403,,,
2.0,3.0,5.0,4.0,2.0,4.0,1.0,3.0,6.0,7.0,4.0,10.0,0.0,1.0,0.0,0.0,0.0,0.0,0.0,1.0,0.0,0.0,0.0,0.0,0.0,0.0,0.0,0.0,1.0,0.0,0.0,0.0,0.0,0.0,0.0,0.0,0.0,1.0,0.0,0.0,0.746237698787021,0.7064873470195354,-0.03975035176748554,0.746237698787021,0.7283686330800928,-0.017869065706928144,0.746237698787021,0.7537889493022243,0.007551250515203334,0.746237698787021,0.7547831826710507,0.008545483884029759,0.746237698787021,0.7324371109717769,-0.01380058781524407,,,
3.0,1.0,8.0,1.0,1.0,3.0,1.0,3.0,5.0,5.0,3.0,6.0,0.0,0.0,0.0,0.0,0.0,0.0,0.0,0.0,0.0,0.0,0.0,0.0,0.0,0.0,0.0,0.0,0.0,0.0,0.0,0.0,0.0,0.0,0.0,0.0,0.0,0.0,0.0,0.0,0.9204855399136981,0.9045384071295798,-0.0159471327841183,0.9204855399136981,0.9134635396923484,-0.007022000221349689,0.9204855399136981,0.9233840210437606,0.0028984811300625246,0.9204855399136981,0.9237626713760464,0.003277131462348315,0.9204855399136981,0.9150828916961903,-0.0054026482175077994,0.9204855399136981,0.9202702134804936,-0.00021532643320443245
6.0,1.0,4.0,1.0,2.0,4.0,3.0,4.0,9.0,8.0,4.0,10.0,1.0,0.0,0.0,0.0,0.0,0.0,0.0,0.0,0.0,0.0,0.0,0.0,1.0,0.0,0.0,0.0,0.0,0.0,0.0,0.0,0.0,0.0,0.0,0.0,0.0,0.0,0.0,0.0,0.7016270657773909,0.6580904659189114,-0.04353659985847946,0.7016270657773909,0.6819554982767945,-0.0196715675005964,0.7016270657773909,0.7099899022628532,0.008362836485462322,0.7016270657773909,0.711093213984729,0.009466148207338154,0.7016270657773909,0.6864198605872491,-0.015207205190141737,,,
6.0,1.0,9.0,1.0,2.0,2.0,2.0,4.0,7.0,7.0,3.0,7.0,0.0,0.0,0.0,0.0,0.0,0.0,0.0,0.0,0.0,0.0,0.0,1.0,0.0,0.0,0.0,0.0,0.0,0.0,0.0,0.0,0.0,0.0,0.0,0.0,0.0,0.0,0.0,0.0,0.8013612155309318,0.7675560078434807,-0.0338052076874511,0.8013612155309318,0.7862619843665059,-0.015099231164425908,0.8013612155309318,0.8076948555167242,0.006333639985792394,0.8013612155309318,0.8085267032717474,0.0071654877408156015,0.8013612155309318,0.7897136851204651,-0.011647530410466622,0.8013612155309318,0.8008930769273694,-0.00046813860356231807
2.0,6.0,6.0,1.0,2.0,3.0,2.0,5.0,9.0,8.0,4.0,9.0,0.0,0.0,0.0,0.0,0.0,0.0,1.0,0.0,0.0,0.0,0.0,0.0,0.0,0.0,0.0,0.0,1.0,0.0,0.0,0.0,0.0,0.0,0.0,0.0,0.0,0.0,0.0,0.0,0.6866663213282745,0.6420604064777178,-0.04460591485055676,,,,0.6866663213282745,0.6952663579607349,0.00860003663246034,0.6866663213282745,0.6964017316425267,0.00973541031425218,0.6866663213282745,0.6710540981662491,-0.015612223162025485,0.6866663213282745,0.6860337806711022,-0.0006325406571723313
2.0,3.0,6.0,4.0,1.0,4.0,2.0,2.0,5.0,6.0,2.0,2.0,0.0,1.0,0.0,0.0,0.0,0.0,0.0,0.0,0.0,0.0,0.0,0.0,0.0,0.0,0.0,0.0,1.0,0.0,0.0,0.0,0.0,0.0,0.0,0.0,0.0,1.0,0.0,0.0,0.7431414789946428,0.7030990885009901,-0.04004239049365266,0.7431414789946428,0.7251346944075013,-0.018006784587141444,0.7431414789946428,0.7507540909559418,0.007612611961299032,0.7431414789946428,0.7517565435275422,0.008615064532899397,0.7431414789946428,0.7292336036145568,-0.013907875380085977,0.7431414789946428,0.7425802072060543,-0.0005612717885884466
6.0,1.0,7.0,1.0,2.0,5.0,2.0,3.0,10.0,10.0,3.0,10.0,0.0,1.0,0.0,0.0,0.0,0.0,1.0,0.0,0.0,0.0,0.0,0.0,0.0,1.0,0.0,0.0,0.0,0.0,0.0,1.0,0.0,0.0,0.0,0.0,0.0,0.0,0.0,0.0,0.7284626792293922,0.6870954812320736,-0.04136719799731858,0.7284626792293922,0.7098286588864535,-0.018634020342938706,,,,,,,0.7284626792293922,0.7140658149422804,-0.014396864287111844,,,
6.0,5.0,3.0,3.0,1.0,3.0,2.0,2.0,2.0,4.0,2.0,3.0,1.0,0.0,0.0,0.0,0.0,0.0,0.0,0.0,0.0,0.0,0.0,0.0,0.0,0.0,0.0,0.0,0.0,0.0,0.0,0.0,0.0,1.0,0.0,0.0,0.0,0.0,0.0,0.0,0.483753326626776,0.4340683724933462,-0.049684954133429826,0.483753326626776,0.460757290166812,-0.02299603645996401,0.483753326626776,0.49381720764339687,0.010063881016620868,0.483753326626776,0.4951581493133921,0.011404822686616078,0.483753326626776,0.4658948141125402,-0.017858512514235814,0.483753326626776,0.4830195601760551,-0.0007337664507209296
4.0,1.0,3.0,1.0,2.0,5.0,2.0,3.0,8.0,8.0,4.0,9.0,0.0,0.0,0.0,0.0,0.0,0.0,1.0,0.0,0.0,0.0,0.0,1.0,0.0,0.0,0.0,0.0,0.0,0.0,0.0,0.0,0.0,0.0,0.0,0.0,0.0,0.0,0.0,0.0,0.8664940566725438,0.8415821705511943,-0.024911886121349425,0.8664940566725438,0.855452758510668,-0.011041298161875712,0.8664940566725438,0.8710850128738273,0.00459095620128358,0.8664940566725438,0.8716862172971013,0.005192160624557518,0.8664940566725438,0.857988898236413,-0.008505158436130755,0.8664940566725438,0.8661537805527417,-0.0003402761198020299
3.0,1.0,3.0,1.0,1.0,4.0,2.0,3.0,8.0,8.0,4.0,8.0,0.0,0.0,0.0,0.0,0.0,0.0,1.0,0.0,0.0,0.0,0.0,0.0,0.0,0.0,0.0,0.0,0.0,0.0,0.0,0.0,0.0,0.0,0.0,0.0,0.0,0.0,0.0,0.0,0.9026861161737911,0.883620533211766,-0.019065582962025096,0.9026861161737911,0.8942727784247327,-0.008413337749058392,0.9026861161737911,0.9061672858607368,0.003481169686945673,0.9026861161737911,0.9066224198938905,0.003936303720099343,0.9026861161737911,0.8962104426443374,-0.006475673529453774,0.9026861161737911,0.9024276979785832,-0.0002584181952078879
4.0,1.0,10.0,1.0,3.0,4.0,3.0,4.0,8.0,8.0,3.0,7.0,0.0,0.0,0.0,0.0,0.0,0.0,1.0,0.0,0.0,0.0,0.0,0.0,1.0,0.0,0.0,0.0,0.0,0.0,0.0,0.0,0.0,0.0,0.0,1.0,0.0,0.0,0.0,0.0,0.7601684339980858,0.7217866906581213,-0.03838174333996447,0.7601684339980858,0.7429424118390343,-0.017226022159051446,0.7601684339980858,0.7674343366992852,0.007265902701199423,0.7601684339980858,0.7683903987999375,0.008221964801851778,0.7601684339980858,0.7468684656861647,-0.01329996831192104,0.7601684339980858,0.7596323341891202,-0.0005360998089655178
4.0,1.0,6.0,1.0,2.0,2.0,2.0,4.0,6.0,4.0,3.0,6.0,0.0,1.0,0.0,0.0,0.0,0.0,1.0,0.0,0.0,0.0,0.0,0.0,1.0,0.0,0.0,0.0,0.0,0.0,0.0,0.0,0.0,0.0,0.0,0.0,0.0,0.0,0.0,0.0,0.5338667977098469,0.4838589356083685,-0.050007862101478395,0.5338667977098469,0.5108458390083198,-0.023020958701527094,0.5338667977098469,0.5438748842111335,0.010008086501286595,0.5338667977098469,0.5452053468127707,0.011338549102923756,0.5338667977098469,0.5160074278372652,-0.017859369872581743,0.5338667977098469,0.5331355180029368,-0.0007312797069101151
4.0,1.0,2.0,1.0,2.0,1.0,2.0,1.0,6.0,6.0,3.0,7.0,0.0,0.0,0.0,0.0,0.0,0.0,0.0,0.0,0.0,0.0,0.0,1.0,0.0,0.0,0.0,0.0,0.0,0.0,0.0,0.0,0.0,0.0,0.0,0.0,0.0,0.0,0.0,0.0,0.8029303862405599,0.7693153526987292,-0.03361503354183071,0.8029303862405599,0.7879188661483879,-0.015011520092171993,0.8029303862405599,0.8092259039490002,0.006295517708440279,0.8029303862405599,0.8100526863992116,0.007122300158651673,0.8029303862405599,0.7913509101172918,-0.011579476123268151,0.8029303862405599,0.8024650341704981,-0.00046535207006181967
4.0,2.0,5.0,1.0,3.0,3.0,3.0,4.0,6.0,7.0,2.0,7.0,0.0,1.0,0.0,0.0,0.0,0.0,1.0,0.0,0.0,0.0,0.0,0.0,1.0,0.0,0.0,0.0,0.0,0.0,0.0,0.0,0.0,0.0,0.0,0.0,0.0,0.0,0.0,1.0,0.418326997386585,0.37053866031588445,-0.04778833707070057,0.418326997386585,0.396055060805161,-0.022271936581424012,0.418326997386585,0.4281586294400186,0.00983163205343357,0.418326997386585,0.42947255137339513,0.011145553986810108,0.418326997386585,0.40100764305627445,-0.017319354330310566,0.418326997386585,0.4176121917919294,-0.0007148055946556431
5.0,2.0,4.0,1.0,1.0,5.0,2.0,3.0,10.0,9.0,5.0,10.0,0.0,0.0,0.0,0.0,0.0,0.0,0.0,0.0,0.0,0.0,0.0,1.0,0.0,0.0,0.0,0.0,0.0,0.0,0.0,0.0,0.0,0.0,0.0,0.0,0.0,0.0,0.0,0.0,0.8963954228397601,0.8762663142208353,-0.020129108618924807,0.8963954228397601,0.8875059962961951,-0.00888942654356506,,,,0.8963954228397601,0.9005581509365774,0.004162728096817281,,,,,,
6.0,1.0,6.0,1.0,2.0,5.0,3.0,4.0,5.0,7.0,2.0,9.0,0.0,0.0,0.0,0.0,0.0,0.0,0.0,0.0,0.0,0.0,0.0,0.0,0.0,1.0,0.0,0.0,0.0,0.0,0.0,0.0,0.0,0.0,0.0,0.0,1.0,0.0,0.0,0.0,0.5511367118661942,0.5012507232882614,-0.049885988577932805,0.5511367118661942,0.5282149355314059,-0.022921776334788313,0.5511367118661942,0.5610788546598164,0.009942142793622266,0.5511367118661942,0.5623995115973246,0.011262799731130424,0.5511367118661942,0.5333606640681725,-0.017776047798021666,0.5511367118661942,0.550409709139847,-0.0007270027263471812
6.0,1.0,4.0,1.0,1.0,5.0,1.0,4.0,10.0,8.0,4.0,9.0,1.0,0.0,0.0,0.0,0.0,0.0,1.0,0.0,0.0,0.0,0.0,1.0,0.0,0.0,0.0,0.0,0.0,0.0,0.0,0.0,0.0,0.0,1.0,0.0,0.0,0.0,0.0,0.0,0.8649572900060176,0.8398116595600452,-0.0251456304459724,0.8649572900060176,0.8538103397895163,-0.011146950216501361,,,,0.8649572900060176,0.8702002639053541,0.005242973899336478,0.8649572900060176,0.856370458090417,-0.008586831915600612,0.8649572900060176,0.8646137090144512,-0.00034358099156639454
5.0,3.0,8.0,3.0,1.0,4.0,2.0,3.0,5.0,5.0,3.0,5.0,1.0,0.0,0.0,0.0,0.0,0.0,1.0,0.0,0.0,0.0,0.0,0.0,0.0,0.0,0.0,0.0,0.0,0.0,0.0,0.0,0.0,0.0,0.0,0.0,0.0,0.0,0.0,0.0,0.7332463678733169,0.6923001091998922,-0.04094625867342472,0.7332463678733169,0.7148121062120381,-0.018434261661278817,0.7332463678733169,0.7410500558081503,0.0078036879348334365,0.7332463678733169,0.7420781289942515,0.008831761120934645,0.7332463678733169,0.7190052994568458,-0.014241068416471103,0.7332463678733169,0.7326712519930284,-0.0005751158802884682
7.0,1.0,1.0,1.0,1.0,4.0,2.0,5.0,7.0,7.0,4.0,8.0,1.0,0.0,0.0,0.0,0.0,0.0,1.0,0.0,0.0,0.0,0.0,0.0,0.0,0.0,0.0,0.0,0.0,0.0,0.0,0.0,0.0,0.0,0.0,0.0,0.0,0.0,0.0,1.0,0.697682886483164,0.653854703268283,-0.04382818321488102,,,,0.697682886483164,0.7061099657968238,0.008427079313659824,0.697682886483164,0.7072219514143582,0.009539064931194163,0.697682886483164,0.68236566340674,-0.015317223076424025,0.697682886483164,0.6970627739780371,-0.0006201125051269463
4.0,1.0,5.0,1.0,1.0,3.0,2.0,2.0,6.0,5.0,2.0,5.0,0.0,0.0,0.0,0.0,0.0,0.0,0.0,0.0,0.0,0.0,0.0,0.0,0.0,1.0,0.0,0.0,0.0,0.0,0.0,0.0,0.0,0.0,0.0,0.0,0.0,0.0,0.0,0.0,0.8925359345273068,0.8717642459117165,-0.02077168861559031,0.8925359345273068,0.8833584483246807,-0.00917748620262615,0.8925359345273068,0.8963385054936115,0.0038025709663046525,0.8925359345273068,0.8968358863001356,0.004299951772828714,0.8925359345273068,0.8854705221603412,-0.007065412366965673,0.8925359345273068,0.892253779671038,-0.00028215485626881254
3.0,1.0,3.0,1.0,2.0,3.0,2.0,3.0,6.0,8.0,4.0,8.0,0.0,0.0,0.0,0.0,0.0,0.0,1.0,0.0,0.0,0.0,0.0,1.0,0.0,0.0,0.0,0.0,0.0,0.0,0.0,0.0,0.0,0.0,0.0,0.0,0.0,0.0,0.0,0.0,0.8342641839925298,0.8046938298164437,-0.02957035417608611,0.8342641839925298,0.8211076951991109,-0.013156488793418908,0.8342641839925298,0.8397584892139383,0.00549430522140848,0.8342641839925298,0.8404790331925209,0.006214849199991157,0.8342641839925298,0.8241225413365445,-0.010141642655985272,0.8342641839925298,0.8338575121688049,-0.0004066718237248912
4.0,1.0,5.0,1.0,3.0,2.0,1.0,4.0,9.0,9.0,4.0,10.0,0.0,1.0,0.0,0.0,0.0,0.0,0.0,0.0,0.0,0.0,0.0,1.0,0.0,0.0,0.0,0.0,0.0,0.0,0.0,0.0,0.0,0.0,0.0,0.0,0.0,0.0,0.0,0.0,0.6059524682348705,0.5572647245971971,-0.048687743637673364,0.6059524682348705,0.5837156100624246,-0.022236858172445917,0.6059524682348705,0.615527452003509,0.009574983768638523,0.6059524682348705,0.6167961714119027,0.010843703177032205,0.6059524682348705,0.5887273210296765,-0.01722514720519397,,,
4.0,5.0,7.0,1.0,4.0,4.0,3.0,1.0,0.0,0.0,1.0,0.0,0.0,0.0,0.0,0.0,0.0,0.0,1.0,0.0,0.0,1.0,0.0,0.0,0.0,0.0,0.0,0.0,0.0,0.0,0.0,0.0,0.0,0.0,0.0,0.0,1.0,0.0,0.0,0.0,0.18378865670118089,0.15562486641359144,-0.028163790287589446,0.18378865670118089,0.17034677557218939,-0.0134418811289915,0.18378865670118089,0.18990775360299839,0.0061190969018175,0.18378865670118089,0.19073440440499137,0.006945747703810484,0.18378865670118089,0.1732867507534241,-0.010501905947756796,0.18378865670118089,0.18334828910491777,-0.0004403675962631193
3.0,1.0,3.0,1.0,2.0,2.0,3.0,4.0,7.0,4.0,2.0,6.0,0.0,1.0,0.0,0.0,0.0,0.0,0.0,0.0,1.0,0.0,0.0,0.0,0.0,0.0,0.0,0.0,0.0,0.0,0.0,0.0,0.0,0.0,0.0,0.0,0.0,0.0,0.0,0.0,0.6323271838660331,0.5846645774391674,-0.047662606426865706,0.6323271838660331,0.6106222892470001,-0.02170489461903302,0.6323271838660331,0.6416403031369539,0.009313119270920711,0.6323271838660331,0.6428728482460346,0.010545664380001485,0.6323271838660331,0.6155234322968748,-0.016803751569158365,0.6323271838660331,0.6316437922907174,-0.0006833915753157171
4.0,2.0,3.0,1.0,1.0,5.0,2.0,2.0,2.0,6.0,3.0,7.0,0.0,0.0,0.0,0.0,0.0,0.0,0.0,0.0,1.0,0.0,0.0,0.0,0.0,0.0,0.0,0.0,0.0,0.0,0.0,0.0,0.0,0.0,0.0,0.0,0.0,0.0,0.0,0.0,0.9078176022776254,0.8896344540794352,-0.018183148198190224,0.9078176022776254,0.8997986643566738,-0.008018937920951652,0.9078176022776254,0.9111332769876876,0.003315674710062222,0.9078176022776254,0.9115666742700134,0.0037490719923879423,0.9078176022776254,0.9016461937840355,-0.0061714084935898805,0.9078176022776254,0.9075714155270669,-0.00024618675055854133
3.0,3.0,2.0,3.0,4.0,4.0,2.0,4.0,5.0,6.0,3.0,5.0,0.0,0.0,0.0,0.0,0.0,0.0,0.0,0.0,1.0,0.0,0.0,0.0,0.0,0.0,0.0,0.0,0.0,0.0,0.0,0.0,0.0,0.0,0.0,0.0,0.0,0.0,0.0,0.0,0.6573727098975379,0.6109592762467609,-0.04641343365077699,0.6573727098975379,0.6362959138679943,-0.0210767960295436,0.6573727098975379,0.6663861362111676,0.009013426313629669,0.6573727098975379,0.6675776647986167,0.010204954901078755,0.6573727098975379,0.6410638581713292,-0.016308851726208773,0.6573727098975379,0.6567105973126288,-0.0006621125849091136
4.0,1.0,5.0,1.0,4.0,5.0,2.0,3.0,8.0,8.0,5.0,8.0,1.0,0.0,0.0,0.0,0.0,0.0,1.0,0.0,0.0,0.0,0.0,0.0,0.0,0.0,0.0,0.0,0.0,0.0,0.0,0.0,0.0,0.0,0.0,0.0,0.0,0.0,0.0,0.0,0.6848531374439166,0.6401243793805922,-0.044728758063324436,0.6848531374439166,0.6646043204607076,-0.020248816983209017,0.6848531374439166,0.6934807253035383,0.0086275878596217,0.6848531374439166,0.6946198297441574,0.009766692300240742,,,,0.6848531374439166,0.6842186197412129,-0.0006345177027037296
4.0,5.0,5.0,1.0,2.0,5.0,2.0,3.0,10.0,10.0,5.0,0.0,1.0,0.0,0.0,0.0,0.0,0.0,1.0,0.0,0.0,0.0,0.0,0.0,1.0,0.0,0.0,0.0,0.0,0.0,0.0,0.0,0.0,0.0,0.0,0.0,0.0,0.0,0.0,0.0,0.7182032900747294,0.6759683607968204,-0.04223492927790895,0.7182032900747294,0.6991559864023928,-0.019047303672336535,,,,,,,,,,0.7182032900747294,0.7176082322131503,-0.0005950578615790958
3.0,2.0,3.0,1.0,1.0,4.0,2.0,2.0,6.0,5.0,3.0,7.0,0.0,0.0,0.0,0.0,0.0,0.0,0.0,0.0,0.0,0.0,0.0,1.0,0.0,0.0,0.0,0.0,0.0,0.0,0.0,0.0,0.0,0.0,0.0,0.0,0.0,0.0,0.0,0.0,0.8954418316502377,0.8751532557713085,-0.020288575878929183,0.8954418316502377,0.8864809471510238,-0.00896088449921395,0.8954418316502377,0.8991531966460444,0.0037113649958067096,0.8954418316502377,0.899638584370137,0.004196752719899277,0.8954418316502377,0.8885436145734356,-0.00689821707680216,0.8954418316502377,0.8951664102949236,-0.0002754213553141094
4.0,1.0,3.0,1.0,1.0,4.0,2.0,5.0,10.0,7.0,5.0,5.0,0.0,1.0,0.0,0.0,0.0,0.0,0.0,0.0,0.0,0.0,0.0,0.0,0.0,0.0,0.0,0.0,0.0,0.0,0.0,0.0,0.0,0.0,0.0,0.0,0.0,0.0,0.0,0.0,0.7310281238517808,0.6898853758847711,-0.041142747967009785,,,,,,,0.7310281238517808,0.7399072762660481,0.008879152414267288,,,,0.7310281238517808,0.7304499835793841,-0.0005781402723967766
4.0,1.0,2.0,1.0,2.0,5.0,2.0,2.0,6.0,6.0,4.0,6.0,0.0,0.0,0.0,0.0,1.0,0.0,1.0,0.0,0.0,0.0,0.0,0.0,1.0,0.0,0.0,0.0,0.0,0.0,0.0,0.0,0.0,0.0,0.0,0.0,0.0,0.0,0.0,0.0,0.8210680805984918,0.789736693535921,-0.03133138706257077,0.8210680805984918,0.807106260312461,-0.013961820286030768,0.8210680805984918,0.8269090857936775,0.005841005195185711,0.8210680805984918,0.8276755519396329,0.006607471341141147,0.8210680805984918,0.8103025566891814,-0.010765523909310404,0.8210680805984918,0.8206359905667757,-0.0004320900317160703
4.0,1.0,7.0,1.0,1.0,4.0,1.0,3.0,10.0,8.0,5.0,9.0,0.0,0.0,0.0,0.0,0.0,0.0,0.0,0.0,0.0,0.0,0.0,1.0,0.0,0.0,0.0,0.0,0.0,0.0,0.0,0.0,0.0,0.0,0.0,0.0,0.0,0.0,0.0,0.0,0.9310495849931255,0.917030166787846,-0.014019418205279521,0.9310495849931255,0.924884375559139,-0.006165209433986463,,,,0.9310495849931255,0.9339225815222804,0.0028729965291548476,,,,0.9310495849931255,0.9308607173961762,-0.00018886759694936028
6.0,1.0,3.0,1.0,3.0,3.0,3.0,3.0,5.0,6.0,2.0,8.0,1.0,0.0,0.0,0.0,0.0,0.0,1.0,0.0,0.0,0.0,0.0,0.0,0.0,0.0,0.0,0.0,0.0,0.0,0.0,0.0,1.0,0.0,0.0,0.0,0.0,0.0,0.0,0.0,0.7164601062859264,0.6740824736513239,-0.04237763263460248,0.7164601062859264,0.6973446292867683,-0.019115476999158054,0.7164601062859264,0.7245704035160222,0.00811029723009582,0.7164601062859264,0.7256396804726666,0.009179574186740203,0.7164601062859264,0.701687469055611,-0.01477263723031541,0.7164601062859264,0.7158628237064418,-0.0005972825794845482
4.0,1.0,8.0,1.0,1.0,2.0,2.0,3.0,6.0,6.0,4.0,6.0,0.0,0.0,0.0,0.0,0.0,1.0,0.0,0.0,0.0,0.0,0.0,0.0,0.0,0.0,0.0,0.0,0.0,0.0,0.0,0.0,0.0,0.0,0.0,0.0,0.0,0.0,0.0,0.0,0.7838207882426548,0.7479693002058895,-0.0358514880367653,0.7838207882426548,0.7677746255640967,-0.016046162678558074,0.7838207882426548,0.7905675428955121,0.006746754652857345,0.7838207882426548,0.7914543485140564,0.007633560271401607,0.7838207882426548,0.7714380939898081,-0.01238269425284666,0.7838207882426548,0.7833224888121105,-0.0004982994305442467
5.0,2.0,3.0,3.0,2.0,4.0,2.0,3.0,3.0,3.0,1.0,5.0,0.0,0.0,1.0,0.0,0.0,0.0,1.0,0.0,0.0,0.0,0.0,0.0,0.0,0.0,0.0,0.0,0.0,0.0,0.0,0.0,0.0,0.0,0.0,0.0,0.0,0.0,0.0,0.0,0.479924095754058,0.43030461442876633,-0.04961948132529165,0.479924095754058,0.4569489677133299,-0.0229751280407281,0.479924095754058,0.48998392414957853,0.010059828395520554,0.479924095754058,0.4913245602751467,0.011400464521088727,0.479924095754058,0.4620804154010353,-0.017843680353022695,0.479924095754058,0.479190746216739,-0.0007333495373189614
3.0,1.0,3.0,1.0,1.0,5.0,2.0,3.0,5.0,7.0,2.0,7.0,0.0,0.0,0.0,1.0,0.0,0.0,1.0,0.0,1.0,0.0,0.0,0.0,0.0,0.0,0.0,0.0,0.0,0.0,0.0,0.0,0.0,0.0,0.0,0.0,0.0,0.0,0.0,0.0,0.8431944818322649,0.8148638741290116,-0.02833060770325324,0.8431944818322649,0.8306029571278588,-0.012591524704406054,0.8431944818322649,0.8484465193811973,0.005252037548932442,0.8431944818322649,0.8491350150987369,0.005940533266472037,0.8431944818322649,0.833490231388175,-0.009704250444089846,0.8431944818322649,0.8428055937643134,-0.0003888880679514539
4.0,2.0,3.0,3.0,3.0,1.0,1.0,2.0,5.0,5.0,1.0,6.0,0.0,0.0,0.0,0.0,0.0,0.0,1.0,0.0,0.0,0.0,0.0,0.0,0.0,0.0,0.0,0.0,0.0,0.0,0.0,0.0,0.0,0.0,0.0,0.0,1.0,0.0,0.0,0.0,0.35970191296329235,0.3149841211906036,-0.04471779177268875,0.35970191296329235,0.33873357731192666,-0.020968335651365688,0.35970191296329235,0.3690298522721051,0.00932793930881276,0.35970191296329235,0.3702798160565806,0.010577903093288266,0.35970191296329235,0.34337690412658267,-0.016325008836709676,0.35970191296329235,0.3590254511153359,-0.0006764618479564444
5.0,1.0,6.0,3.0,2.0,3.0,2.0,3.0,9.0,9.0,3.0,9.0,0.0,0.0,0.0,0.0,0.0,0.0,0.0,0.0,0.0,0.0,0.0,0.0,1.0,0.0,0.0,0.0,0.0,0.0,0.0,0.0,0.0,0.0,0.0,0.0,0.0,0.0,0.0,0.0,0.8138975820000396,0.7816445316959865,-0.03225305030405312,0.8138975820000396,0.7995128761560464,-0.014384705843993206,0.8138975820000396,0.8199213218038423,0.0060237398038026635,0.8138975820000396,0.8207120216742256,0.006814439674186046,0.8138975820000396,0.8028042548344476,-0.01109332716559197,0.8138975820000396,0.8134521105527229,-0.0004454714473166588
6.0,1.0,9.0,1.0,1.0,5.0,2.0,3.0,9.0,7.0,5.0,7.0,1.0,0.0,0.0,0.0,0.0,0.0,0.0,0.0,0.0,0.0,0.0,1.0,0.0,0.0,0.0,0.0,0.0,0.0,0.0,0.0,0.0,0.0,0.0,0.0,0.0,0.0,0.0,0.0,0.8693797655713258,0.8449099679914172,-0.024469797579908636,0.8693797655713258,0.8585381608381787,-0.010841604733147103,0.8693797655713258,0.8738859318669382,0.0045061662956124016,0.8693797655713258,0.874475956286992,0.005096190715666249,,,,0.8693797655713258,0.8690457328919738,-0.0003340326793519477
4.0,1.0,4.0,1.0,3.0,5.0,2.0,4.0,7.0,8.0,4.0,6.0,0.0,0.0,0.0,0.0,0.0,0.0,0.0,0.0,0.0,0.0,0.0,1.0,0.0,0.0,0.0,0.0,0.0,0.0,0.0,0.0,0.0,0.0,0.0,0.0,0.0,0.0,0.0,0.0,0.8268496393985397,0.7962794321836975,-0.03057020721484227,0.8268496393985397,0.8132363311096203,-0.013613308288919379,0.8268496393985397,0.832540405404282,0.005690766005742254,0.8268496393985397,0.8332869627981239,0.006437323399584138,0.8268496393985397,0.8163541631015377,-0.010495476297001982,0.8268496393985397,0.8264285594277853,-0.0004210799707544677
3.0,1.0,4.0,1.0,3.0,3.0,2.0,3.0,8.0,8.0,3.0,7.0,0.0,0.0,0.0,0.0,0.0,0.0,0.0,0.0,0.0,0.0,0.0,1.0,0.0,0.0,0.0,0.0,0.0,0.0,0.0,0.0,0.0,0.0,0.0,0.0,0.0,0.0,0.0,0.0,0.8303586551856703,0.8002583161921522,-0.03010033899351816,0.8303586551856703,0.8169601579584292,-0.013398497227241069,0.8303586551856703,0.8359569741659145,0.00559831898024421,0.8303586551856703,0.8366912878081294,0.006332632622459089,0.8303586551856703,0.820029581728495,-0.010329073457175264,0.8303586551856703,0.8299443536452458,-0.00041430154042454426
4.0,6.0,2.0,3.0,3.0,4.0,3.0,3.0,4.0,5.0,3.0,7.0,0.0,0.0,0.0,0.0,0.0,0.0,1.0,0.0,0.0,1.0,0.0,0.0,0.0,0.0,0.0,0.0,0.0,0.0,0.0,0.0,0.0,0.0,0.0,1.0,0.0,0.0,0.0,0.0,0.34542459333950637,0.3016455654943299,-0.043779027845176455,0.34542459333950637,0.3248662646163378,-0.020558328723168595,0.34542459333950637,0.35458732351846783,0.009162730178961465,0.34542459333950637,0.3558159545700907,0.010391361230584317,0.34542459333950637,0.32941419512055503,-0.01601039821895134,0.34542459333950637,0.34476052452794376,-0.0006640688115626125
2.0,1.0,3.0,2.0,1.0,5.0,1.0,2.0,7.0,8.0,4.0,7.0,0.0,0.0,0.0,0.0,0.0,0.0,0.0,0.0,0.0,0.0,0.0,0.0,0.0,0.0,0.0,0.0,0.0,0.0,0.0,0.0,0.0,0.0,0.0,0.0,0.0,0.0,0.0,0.0,0.9430252550802684,0.9312610305853355,-0.011764224494932862,0.9430252550802684,0.9378593832783754,-0.005165871801892985,0.9430252550802684,0.9451510708688778,0.0021258157886094864,0.9430252550802684,0.9454285021467351,0.0024032470664667738,0.9430252550802684,0.9390526766118171,-0.003972578468451227,0.9430252550802684,0.9428671780479095,-0.00015807703235881654
5.0,1.0,4.0,1.0,2.0,5.0,1.0,4.0,6.0,7.0,2.0,6.0,0.0,0.0,0.0,0.0,0.0,0.0,0.0,0.0,0.0,0.0,0.0,0.0,0.0,0.0,0.0,0.0,0.0,0.0,0.0,0.0,0.0,0.0,0.0,0.0,0.0,0.0,0.0,0.0,0.8850463025073451,0.8630490762886095,-0.021997226218735566,0.8850463025073451,0.8753185484182138,-0.00972775408913129,0.8850463025073451,0.8890809561732899,0.0040346536659447985,0.8850463025073451,0.8896088709282096,0.0045625684208645545,0.8850463025073451,0.8775560245035909,-0.007490278003754125,0.8850463025073451,0.8847470223514566,-0.00029928015588842616
2.0,2.0,3.0,4.0,2.0,4.0,3.0,3.0,5.0,5.0,3.0,6.0,0.0,0.0,1.0,0.0,0.0,0.0,1.0,0.0,0.0,0.0,0.0,0.0,0.0,0.0,0.0,0.0,1.0,0.0,0.0,0.0,0.0,0.0,0.0,0.0,0.0,1.0,0.0,0.0,0.5378610914762866,0.4878706773259572,-0.0499904141503294,0.5378610914762866,0.5148581368874526,-0.023002954588833946,0.5378610914762866,0.5478560501883531,0.00999495871206657,0.5378610914762866,0.5491845258247954,0.011323434348508798,0.5378610914762866,0.5200171678421076,-0.01784392363417897,0.5378610914762866,0.5371306451113955,-0.0007304463648910575
7.0,6.0,2.0,2.0,1.0,4.0,2.0,3.0,8.0,8.0,4.0,8.0,0.0,0.0,0.0,0.0,0.0,0.0,1.0,0.0,0.0,0.0,0.0,0.0,0.0,0.0,0.0,0.0,0.0,0.0,0.0,0.0,0.0,0.0,1.0,0.0,0.0,0.0,0.0,0.0,0.6674058899927154,0.6215691728888526,-0.045836717103862834,0.6674058899927154,0.646614501141043,-0.02079138885167242,0.6674058899927154,0.6762853497116554,0.008879459718939997,0.6674058899927154,0.6774586352453013,0.010052745252585815,0.6674058899927154,0.6513213007221004,-0.01608458927061507,0.6674058899927154,0.6667533372508331,-0.0006525527418823618
3.0,1.0,2.0,1.0,3.0,5.0,2.0,4.0,9.0,7.0,3.0,8.0,0.0,0.0,0.0,0.0,0.0,0.0,1.0,0.0,1.0,0.0,0.0,0.0,0.0,0.0,0.0,0.0,0.0,0.0,0.0,0.0,0.0,0.0,0.0,0.0,0.0,0.0,0.0,0.0,0.8611132320501871,0.8353880409618677,-0.025725191088319388,0.8611132320501871,0.849704113334349,-0.011409118715838051,0.8611132320501871,0.8658605776224758,0.00474734557228873,0.8611132320501871,0.8664824120489173,0.005369179998730211,0.8611132320501871,0.8523237035627095,-0.008789528487477605,0.8611132320501871,0.8607614452462476,-0.0003517868039394356
6.0,1.0,2.0,2.0,2.0,4.0,2.0,4.0,7.0,7.0,4.0,7.0,0.0,0.0,1.0,0.0,0.0,0.0,1.0,0.0,0.0,0.0,0.0,0.0,0.0,0.0,0.0,0.0,0.0,0.0,0.0,0.0,0.0,0.0,0.0,0.0,0.0,0.0,0.0,0.0,0.5123115957270793,0.46232024977608605,-0.04999134595099325,0.5123115957270793,0.48924455220878466,-0.02306704351829464,0.5123115957270793,0.5223684315601054,0.010056835833026079,0.5123115957270793,0.5237066891732673,0.011395093446188054,0.5123115957270793,0.494408485505724,-0.017903110221355267,0.5123115957270793,0.5115774374854835,-0.0007341582415958392
4.0,1.0,2.0,1.0,4.0,5.0,3.0,4.0,2.0,4.0,2.0,3.0,0.0,0.0,0.0,0.0,1.0,0.0,0.0,0.0,0.0,0.0,0.0,0.0,0.0,0.0,0.0,0.0,0.0,0.0,0.0,0.0,0.0,0.0,0.0,0.0,0.0,0.0,0.0,0.0,0.6333624305842229,0.5857461070776773,-0.047616323506545655,0.6333624305842229,0.6116811191673851,-0.021681311416837823,0.6333624305842229,0.6426641459222158,0.009301715337992844,0.6333624305842229,0.6438951239724662,0.010532693388243253,0.6333624305842229,0.6165773032939588,-0.016785127290264157,0.6333624305842229,0.6326798454404431,-0.0006825851437798347
4.0,1.0,7.0,1.0,2.0,3.0,2.0,4.0,5.0,7.0,3.0,6.0,0.0,0.0,0.0,0.0,0.0,0.0,0.0,0.0,0.0,0.0,0.0,1.0,0.0,0.0,0.0,0.0,0.0,0.0,0.0,0.0,0.0,0.0,0.0,0.0,0.0,0.0,0.0,0.0,0.8437088964321171,0.8154508879099446,-0.02825800852217253,0.8437088964321171,0.8311504075088858,-0.012558488923231304,0.8437088964321171,0.8489467908111699,0.005237894379052754,0.8437088964321171,0.8496334166143648,0.00592452018224765,0.8437088964321171,0.8340302152958843,-0.009678681136232825,0.8437088964321171,0.8433210470857871,-0.0003878493463299604
5.0,1.0,2.0,1.0,2.0,4.0,2.0,4.0,8.0,7.0,5.0,8.0,1.0,0.0,0.0,0.0,0.0,0.0,0.0,0.0,0.0,0.0,0.0,1.0,0.0,0.0,0.0,0.0,0.0,0.0,0.0,0.0,0.0,0.0,0.0,0.0,0.0,0.0,0.0,0.0,0.7434062787328168,0.7033886923050733,-0.04001758642774356,0.7434062787328168,0.7254111984785423,-0.017995080254274542,0.7434062787328168,0.7510136721532201,0.007607393420403286,0.7434062787328168,0.7520154255588902,0.008609146826073388,,,,0.7434062787328168,0.7428453853430854,-0.0005608933897314206
2.0,3.0,7.0,4.0,2.0,4.0,3.0,3.0,1.0,3.0,1.0,5.0,0.0,0.0,0.0,0.0,1.0,0.0,0.0,0.0,0.0,0.0,0.0,0.0,0.0,0.0,0.0,0.0,1.0,0.0,0.0,0.0,0.0,0.0,0.0,0.0,0.0,1.0,0.0,0.0,0.7482467753423954,0.708688278923019,-0.039558496419376366,0.7482467753423954,0.7304680838347587,-0.017778691507636668,0.7482467753423954,0.7557578087432898,0.007511033400894429,0.7482467753423954,0.756746657284852,0.008499881942456655,0.7482467753423954,0.734516577846865,-0.013730197495530394,0.7482467753423954,0.747692871791703,-0.0005539035506924028
3.0,1.0,3.0,1.0,2.0,2.0,4.0,4.0,8.0,7.0,4.0,8.0,0.0,1.0,0.0,0.0,0.0,0.0,1.0,0.0,0.0,0.0,0.0,1.0,0.0,0.0,0.0,0.0,0.0,0.0,0.0,0.0,0.0,0.0,0.0,0.0,0.0,0.0,0.0,0.0,0.49755009814525886,0.4476769292581991,-0.04987316888705978,0.49755009814525886,0.4745010269481752,-0.02304907119708366,0.49755009814525886,0.507618776128531,0.010068677983272156,0.49755009814525886,0.5089595122109811,0.011409414065722268,0.49755009814525886,0.4796554847299891,-0.017894613415269767,0.49755009814525886,0.4968155440103352,-0.0007345541349236817
4.0,1.0,5.0,1.0,2.0,4.0,2.0,4.0,9.0,8.0,5.0,9.0,0.0,0.0,0.0,0.0,0.0,0.0,1.0,0.0,0.0,0.0,0.0,0.0,1.0,0.0,0.0,0.0,0.0,0.0,0.0,1.0,0.0,0.0,0.0,0.0,0.0,0.0,0.0,0.0,0.8354442775170262,0.8060355214540703,-0.0294087560629559,0.8354442775170262,0.8223615204388353,-0.013082757078190954,0.8354442775170262,0.84090692185074,0.005462644333713795,0.8354442775170262,0.8416232757032301,0.006178998186203932,,,,0.8354442775170262,0.835039928772597,-0.0004043487444291838
4.0,1.0,5.0,1.0,1.0,4.0,1.0,2.0,7.0,7.0,4.0,8.0,0.0,1.0,0.0,0.0,0.0,0.0,1.0,0.0,0.0,0.0,0.0,0.0,1.0,0.0,0.0,0.0,0.0,0.0,0.0,1.0,0.0,0.0,0.0,0.0,0.0,0.0,0.0,0.0,0.789044825033536,0.7537875589733156,-0.035257266060220394,0.789044825033536,0.7732742603220405,-0.015770564711495516,0.789044825033536,0.7956710434141228,0.006626218380586746,0.789044825033536,0.7965418006000526,0.007496975566516628,0.789044825033536,0.776876182578531,-0.012168642455005041,0.789044825033536,0.7885553188122351,-0.0004895062213009505
4.0,1.0,8.0,1.0,2.0,4.0,2.0,2.0,5.0,7.0,1.0,7.0,0.0,1.0,0.0,0.0,0.0,0.0,1.0,0.0,0.0,0.0,0.0,1.0,0.0,0.0,0.0,0.0,0.0,0.0,0.0,1.0,0.0,0.0,0.0,0.0,0.0,0.0,0.0,0.0,0.7551371864508669,0.716250812598919,-0.03888637385194793,0.7551371864508669,0.7376744977536173,-0.01746268869724965,0.7551371864508669,0.7625078941323312,0.007370707681464306,0.7551371864508669,0.7634779667930207,0.008340780342153797,0.7551371864508669,0.741653030979,-0.013484155471866877,0.7551371864508669,0.7545934709114739,-0.0005437155393930304
4.0,1.0,6.0,1.0,1.0,5.0,2.0,4.0,9.0,9.0,3.0,8.0,0.0,0.0,0.0,0.0,0.0,1.0,0.0,0.0,0.0,0.0,0.0,0.0,0.0,0.0,0.0,0.0,1.0,0.0,0.0,0.0,0.0,0.0,0.0,0.0,0.0,0.0,0.0,0.0,0.8455280027694109,0.817527762646913,-0.02800024012249791,0.8455280027694109,0.8330867674379273,-0.012441235331483558,0.8455280027694109,0.8507157191834447,0.005187716414033816,0.8455280027694109,0.8513957116746536,0.005867708905242686,0.8455280027694109,0.8359400685843074,-0.009587934185103508,0.8455280027694109,0.8451438391287601,-0.0003841636406507476
5.0,1.0,3.0,1.0,2.0,5.0,1.0,3.0,10.0,10.0,5.0,10.0,0.0,0.0,1.0,0.0,0.0,0.0,1.0,0.0,0.0,0.0,0.0,0.0,0.0,1.0,0.0,0.0,0.0,0.0,0.0,0.0,0.0,0.0,0.0,0.0,0.0,0.0,0.0,0.0,0.7200797494807701,0.6779999680233231,-0.04207978145744706,0.7200797494807701,0.7011064956901122,-0.01897325379065795,,,,,,,,,,,,
4.0,1.0,4.0,1.0,2.0,3.0,3.0,3.0,5.0,5.0,5.0,8.0,0.0,1.0,0.0,0.0,0.0,0.0,1.0,0.0,0.0,0.0,0.0,0.0,1.0,0.0,0.0,0.0,0.0,0.0,0.0,0.0,0.0,0.0,0.0,0.0,0.0,0.0,0.0,0.0,0.4890742998874256,0.439307897831835,-0.04976640205559063,0.4890742998874256,0.4660536707388385,-0.023020629148587102,0.4890742998874256,0.49914184860542665,0.01006754871800103,0.4890742998874256,0.5004829530884779,0.011408653201052277,,,,0.4890742998874256,0.4883400971477138,-0.0007342027397118089
7.0,3.0,6.0,1.0,2.0,4.0,3.0,4.0,7.0,8.0,4.0,8.0,0.0,0.0,0.0,0.0,0.0,0.0,1.0,0.0,0.0,0.0,0.0,0.0,0.0,0.0,0.0,0.0,0.0,0.0,0.0,0.0,0.0,0.0,1.0,0.0,0.0,0.0,0.0,0.0,0.6904733542038853,0.6461301059873327,-0.044343248216552666,0.6904733542038853,0.6704118617741548,-0.020061492429730543,0.6904733542038853,0.6990147010709737,0.008541346867088406,0.6904733542038853,0.7001421323385392,0.009668778134653833,0.6904733542038853,0.6749610297387203,-0.01551232446516504,0.6904733542038853,0.6898450276028747,-0.0006283266010106425
4.0,1.0,3.0,2.0,1.0,5.0,3.0,4.0,7.0,7.0,4.0,8.0,0.0,1.0,0.0,0.0,0.0,0.0,1.0,0.0,0.0,0.0,0.0,0.0,0.0,0.0,0.0,0.0,0.0,0.0,0.0,0.0,0.0,0.0,0.0,0.0,0.0,0.0,0.0,0.0,0.6752058693727718,0.6298479254429211,-0.04535794392985071,0.6752058693727718,0.6546497704308682,-0.020556098941903578,0.6752058693727718,0.6839756927838305,0.008769823411058697,0.6752058693727718,0.685134082354115,0.009928212981343165,0.6752058693727718,0.6593059362180408,-0.01589993315473104,0.6752058693727718,0.6745611579430568,-0.0006447114297150058
2.0,2.0,4.0,4.0,2.0,5.0,3.0,2.0,4.0,7.0,3.0,7.0,0.0,0.0,1.0,0.0,0.0,0.0,1.0,0.0,1.0,0.0,0.0,0.0,0.0,0.0,0.0,0.0,0.0,0.0,0.0,0.0,0.0,0.0,0.0,0.0,0.0,1.0,0.0,0.0,0.7222483313895233,0.6803498343790525,-0.04189849701047077,0.7222483313895233,0.7033615138469466,-0.018886817542576706,0.7222483313895233,0.7302553983589289,0.008007066969405674,0.7222483313895233,0.7313107892004237,0.009062457810900426,0.7222483313895233,0.7076542114117316,-0.014594119977791697,0.7222483313895233,0.7216585048937885,-0.0005898264957348021
3.0,1.0,3.0,1.0,2.0,4.0,2.0,4.0,6.0,7.0,3.0,5.0,0.0,0.0,0.0,0.0,0.0,0.0,1.0,0.0,1.0,0.0,0.0,0.0,0.0,0.0,0.0,0.0,0.0,0.0,0.0,0.0,0.0,0.0,0.0,0.0,0.0,0.0,0.0,0.0,0.8767599090551333,0.8534396008875056,-0.023320308167627757,0.8767599090551333,0.8664367555683732,-0.010323153486760162,0.8767599090551333,0.8810463096310691,0.004286400575935767,0.8767599090551333,0.8816073727373694,0.004847463682236097,0.8767599090551333,0.868809731521274,-0.007950177533859293,0.8767599090551333,0.8764420671966623,-0.0003178418584710574
3.0,5.0,3.0,3.0,2.0,5.0,2.0,2.0,2.0,2.0,2.0,2.0,1.0,0.0,0.0,0.0,0.0,0.0,1.0,0.0,0.0,1.0,0.0,0.0,0.0,0.0,0.0,0.0,0.0,0.0,0.0,0.0,0.0,0.0,0.0,0.0,1.0,0.0,0.0,0.0,0.2576041681968183,0.22119431198493358,-0.03640985621188472,0.2576041681968183,0.24035336804034066,-0.017250800156477647,0.2576041681968183,0.26538182377696595,0.007777655580147647,0.2576041681968183,0.2664289563555427,0.008824788158724395,0.2576041681968183,0.24414601978060863,-0.013458148416209681,0.2576041681968183,0.25704263355474816,-0.0005615346420701495
4.0,1.0,9.0,1.0,2.0,4.0,1.0,4.0,9.0,9.0,5.0,8.0,1.0,0.0,0.0,0.0,0.0,0.0,1.0,0.0,0.0,0.0,0.0,0.0,1.0,0.0,0.0,0.0,0.0,0.0,0.0,1.0,0.0,0.0,0.0,0.0,0.0,0.0,0.0,0.0,0.8416555323309196,0.8131085055493577,-0.028547026781561957,0.8416555323309196,0.8289654962826668,-0.012690036048252806,0.8416555323309196,0.846949759242283,0.005294226911363387,0.8416555323309196,0.8476438336042302,0.0059883012733106256,,,,0.8416555323309196,0.8412635460825022,-0.0003919862484174086
3.0,1.0,9.0,1.0,4.0,5.0,2.0,4.0,8.0,8.0,4.0,10.0,0.0,0.0,0.0,0.0,0.0,0.0,1.0,0.0,0.0,0.0,0.0,0.0,1.0,0.0,0.0,0.0,0.0,0.0,0.0,0.0,0.0,0.0,0.0,0.0,0.0,0.0,0.0,0.0,0.795397262353783,0.7608799430015576,-0.03451731935222546,0.795397262353783,0.7799691646332517,-0.01542809772053133,0.795397262353783,0.8018740492413108,0.00647678688752773,0.795397262353783,0.8027249260580397,0.007327663704256637,0.795397262353783,0.7834945062144549,-0.011902756139328119,,,
3.0,1.0,3.0,1.0,1.0,3.0,1.0,4.0,10.0,9.0,4.0,10.0,0.0,0.0,0.0,0.0,0.0,0.0,0.0,0.0,0.0,0.0,0.0,1.0,0.0,0.0,0.0,0.0,0.0,0.0,0.0,0.0,0.0,0.0,0.0,0.0,0.0,0.0,0.0,0.0,0.9191407596266121,0.9029523577388499,-0.01618840188776227,0.9191407596266121,0.9120113526221886,-0.007129407004423549,,,,0.9191407596266121,0.9224686469365897,0.003327887309977573,0.9191407596266121,0.9136553106477509,-0.005485448978861274,,,
3.0,1.0,3.0,1.0,2.0,2.0,2.0,2.0,8.0,8.0,3.0,7.0,0.0,0.0,0.0,0.0,0.0,0.0,1.0,0.0,0.0,0.0,0.0,1.0,0.0,0.0,0.0,0.0,0.0,0.0,0.0,0.0,0.0,0.0,0.0,0.0,0.0,0.0,0.0,0.0,0.8456854695886202,0.817707618785789,-0.027977850802831217,0.8456854695886202,0.8332544156076138,-0.012431053981006412,0.8456854695886202,0.8508688304395254,0.005183360850905205,0.8456854695886202,0.8515482472083922,0.005862777619771942,0.8456854695886202,0.8361054146958873,-0.009580054892732948,0.8456854695886202,0.8453016259100499,-0.0003838436785703614
7.0,1.0,3.0,1.0,1.0,5.0,3.0,4.0,9.0,8.0,4.0,9.0,0.0,0.0,0.0,0.0,0.0,0.0,1.0,0.0,0.0,0.0,0.0,1.0,0.0,0.0,0.0,0.0,0.0,0.0,0.0,0.0,0.0,0.0,1.0,0.0,0.0,0.0,0.0,0.0,0.8328633159303087,0.8031020103681101,-0.02976130556219858,0.8328633159303087,0.8196196670055772,-0.01324364892473151,0.8328633159303087,0.8383950654041309,0.005531749473822178,0.8328633159303087,0.8391205656457068,0.006257249715398094,0.8328633159303087,0.8226541743321245,-0.010209141598184202,0.8328633159303087,0.8324538970754568,-0.0004094188548519062
2.0,3.0,5.0,4.0,1.0,5.0,3.0,2.0,3.0,1.0,1.0,2.0,1.0,0.0,0.0,0.0,0.0,0.0,0.0,0.0,0.0,0.0,0.0,0.0,0.0,0.0,0.0,0.0,1.0,0.0,0.0,0.0,0.0,0.0,0.0,0.0,0.0,0.0,0.0,1.0,0.7323209881258578,0.6912924878811365,-0.04102850024472127,0.7323209881258578,0.7138477336650833,-0.018473254460774524,0.7323209881258578,0.7401421534815993,0.00782116535574151,0.7323209881258578,0.741172572232204,0.008851584106346233,0.7323209881258578,0.7180495134027147,-0.014271474723143052,0.7323209881258578,0.7317446070443208,-0.0005763810815370141
2.0,1.0,7.0,1.0,2.0,3.0,1.0,4.0,5.0,5.0,2.0,7.0,0.0,0.0,0.0,0.0,0.0,0.0,1.0,0.0,0.0,0.0,0.0,0.0,0.0,0.0,0.0,0.0,1.0,0.0,0.0,0.0,0.0,0.0,0.0,0.0,0.0,0.0,0.0,0.0,0.8589240500872717,0.8328720683596321,-0.02605198172763956,0.8589240500872717,0.8473669726579299,-0.011557077429341756,0.8589240500872717,0.8637343837276205,0.004810333640348774,0.8589240500872717,0.864364530622168,0.005440480534896319,0.8589240500872717,0.8500201080802937,-0.008903942006977972,0.8589240500872717,0.8585676290251569,-0.00035642106211475344
4.0,1.0,9.0,1.0,1.0,2.0,1.0,3.0,10.0,10.0,3.0,10.0,0.0,0.0,0.0,0.0,0.0,1.0,0.0,0.0,0.0,1.0,0.0,0.0,0.0,0.0,0.0,0.0,0.0,0.0,0.0,0.0,0.0,0.0,0.0,0.0,0.0,0.0,0.0,0.0,0.84437420707947,0.8162102856158954,-0.028163921463574604,0.84437420707947,0.8318585240601009,-0.012515683019369117,,,,,,,0.84437420707947,0.8347286561120316,-0.009645550967438354,,,
6.0,1.0,6.0,1.0,1.0,4.0,1.0,4.0,7.0,8.0,2.0,9.0,1.0,0.0,0.0,0.0,0.0,0.0,0.0,0.0,0.0,0.0,0.0,0.0,0.0,0.0,0.0,0.0,0.0,0.0,0.0,1.0,0.0,0.0,0.0,0.0,0.0,0.0,0.0,0.0,0.8736620317219091,0.8498559088484446,-0.023806122873464508,0.8736620317219091,0.8631198979166632,-0.010542133805245935,0.8736620317219091,0.878041191457012,0.004379159735102833,0.8736620317219091,0.8786144758327421,0.004952444110832954,0.8736620317219091,0.8655426584911525,-0.008119373230756621,0.8736620317219091,0.8733373545222642,-0.00032467719964490716
7.0,1.0,10.0,1.0,3.0,3.0,2.0,4.0,5.0,5.0,3.0,3.0,0.0,0.0,0.0,0.0,0.0,0.0,1.0,0.0,0.0,0.0,0.0,0.0,0.0,0.0,0.0,0.0,0.0,0.0,0.0,0.0,0.0,0.0,1.0,0.0,0.0,0.0,0.0,0.0,0.701711622715444,0.6581813500242116,-0.04353027269123233,0.701711622715444,0.6820431036747734,-0.019668519040670573,0.701711622715444,0.7100730685500646,0.008361445834620618,0.701711622715444,0.7111761925851724,0.009464569869728434,0.701711622715444,0.6865068015702243,-0.015204821145219705,0.701711622715444,0.7010962335690601,-0.0006153891463838157
7.0,1.0,3.0,1.0,3.0,4.0,3.0,3.0,8.0,8.0,3.0,7.0,0.0,0.0,0.0,0.0,1.0,0.0,0.0,0.0,0.0,0.0,0.0,0.0,0.0,0.0,0.0,0.0,0.0,0.0,0.0,0.0,0.0,0.0,1.0,0.0,0.0,0.0,0.0,0.0,0.7006610835977846,0.6570524286911399,-0.04360865490664467,0.7006610835977846,0.6809547891432147,-0.01970629445456984,0.7006610835977846,0.7090397670661617,0.008378683468377113,0.7006610835977846,0.7101452177710406,0.009484134173255998,0.7006610835977846,0.6854267187632269,-0.015234364834557645,0.7006610835977846,0.7000444535721773,-0.000616630025607301
3.0,1.0,3.0,2.0,1.0,4.0,2.0,3.0,10.0,6.0,4.0,8.0,0.0,1.0,0.0,0.0,0.0,0.0,0.0,0.0,0.0,0.0,0.0,1.0,0.0,0.0,0.0,0.0,0.0,0.0,0.0,0.0,0.0,0.0,0.0,0.0,0.0,0.0,0.0,0.0,0.7725606029906764,0.7354719310850456,-0.03708867190563081,0.7725606029906764,0.7559388858108044,-0.016621717179872042,,,,0.7725606029906764,0.7804804181734726,0.007919815182796164,0.7725606029906764,0.7597306378636354,-0.012829965127041043,0.7725606029906764,0.7720438969292378,-0.0005167060614386099
4.0,1.0,7.0,1.0,1.0,4.0,2.0,3.0,8.0,8.0,2.0,7.0,0.0,0.0,0.0,0.0,0.0,0.0,0.0,0.0,0.0,0.0,0.0,0.0,1.0,0.0,0.0,0.0,0.0,0.0,0.0,0.0,0.0,0.0,0.0,0.0,0.0,0.0,0.0,0.0,0.9198989570090322,0.9038464702097206,-0.016052486799311594,0.9198989570090322,0.912830060694058,-0.0070688963149742046,0.9198989570090322,0.9228170274977104,0.002918070488678204,0.9198989570090322,0.9231982469471887,0.0032992899381564245,0.9198989570090322,0.9144601568822913,-0.005438800126740917,0.9198989570090322,0.9196821807038528,-0.0002167763051794669
2.0,2.0,3.0,4.0,3.0,3.0,3.0,3.0,4.0,6.0,3.0,5.0,0.0,0.0,0.0,0.0,0.0,1.0,1.0,0.0,0.0,0.0,0.0,0.0,1.0,0.0,0.0,0.0,0.0,0.0,0.0,0.0,0.0,0.0,0.0,0.0,0.0,1.0,0.0,0.0,0.52503394834879,0.47501032942630844,-0.05002361892248158,0.52503394834879,0.5019836957996815,-0.02305025254910853,0.52503394834879,0.5350665219930842,0.010032573644294218,0.52503394834879,0.5364007768602379,0.01136682851144788,0.52503394834879,0.507148578634378,-0.017885369714412014,0.52503394834879,0.5243011588217814,-0.0007327895270086149
2.0,3.0,9.0,4.0,2.0,5.0,1.0,3.0,10.0,8.0,5.0,10.0,0.0,1.0,0.0,0.0,0.0,0.0,0.0,0.0,0.0,0.0,0.0,0.0,0.0,0.0,0.0,0.0,1.0,0.0,0.0,0.0,0.0,0.0,0.0,0.0,0.0,1.0,0.0,0.0,0.7604562202619057,0.7221036962852679,-0.0383525239766378,0.7604562202619057,0.7432438868193278,-0.017212333442577887,,,,0.7604562202619057,0.7686713214380031,0.008215101176097361,,,,,,
7.0,5.0,8.0,3.0,2.0,4.0,2.0,3.0,8.0,8.0,4.0,8.0,0.0,1.0,0.0,0.0,0.0,0.0,1.0,0.0,0.0,0.0,0.0,1.0,0.0,0.0,0.0,0.0,0.0,0.0,0.0,0.0,0.0,0.0,1.0,0.0,0.0,0.0,0.0,0.0,0.40942389597153456,0.3620196253085554,-0.04740427066297914,0.40942389597153456,0.3873103455861953,-0.022113550385339242,0.40942389597153456,0.41919708117018295,0.009773185198648393,0.40942389597153456,0.4205037249819031,0.011079829010368525,0.40942389597153456,0.39222459358045547,-0.017199302391079085,0.40942389597153456,0.40871361391864475,-0.0007102820528898102
4.0,1.0,10.0,2.0,2.0,3.0,1.0,4.0,8.0,9.0,5.0,10.0,0.0,0.0,0.0,0.0,0.0,1.0,0.0,0.0,0.0,0.0,0.0,0.0,1.0,0.0,0.0,0.0,0.0,0.0,0.0,0.0,0.0,0.0,0.0,0.0,0.0,0.0,0.0,0.0,0.7661645462239356,0.7283995445280195,-0.03776500169591612,0.7661645462239356,0.7492271223403235,-0.01693742388361208,0.7661645462239356,0.773302965331706,0.007138419107770355,0.7661645462239356,0.7742419989567139,0.008077452732778267,,,,,,
4.0,1.0,7.0,4.0,1.0,4.0,1.0,3.0,10.0,8.0,3.0,6.0,0.0,1.0,0.0,0.0,0.0,0.0,1.0,0.0,0.0,0.0,0.0,0.0,1.0,0.0,0.0,0.0,0.0,0.0,0.0,0.0,0.0,0.0,0.0,1.0,0.0,0.0,0.0,0.0,0.7203416272227019,0.6782836246957858,-0.04205800252691605,0.7203416272227019,0.7013787625892348,-0.01896286463346708,,,,0.7203416272227019,0.7294429920419228,0.009101364819220858,0.7203416272227019,0.7056881467774584,-0.014653480445243505,0.7203416272227019,0.7197493228237818,-0.0005923043989201071
5.0,1.0,5.0,2.0,1.0,2.0,2.0,4.0,6.0,7.0,3.0,7.0,0.0,0.0,0.0,0.0,0.0,0.0,0.0,0.0,0.0,0.0,0.0,0.0,0.0,1.0,0.0,0.0,0.0,0.0,0.0,0.0,0.0,0.0,0.0,0.0,0.0,0.0,0.0,0.0,0.8190371644548117,0.7874422216036461,-0.0315949428511656,0.8190371644548117,0.8049545190982362,-0.01408264535657544,0.8190371644548117,0.8249303304260663,0.005893165971254666,0.8190371644548117,0.8257037118339368,0.006666547379125087,0.8190371644548117,0.8081779963876065,-0.010859168067205216,0.8190371644548117,0.818601253618913,-0.0004359108358986674
6.0,1.0,6.0,1.0,2.0,5.0,3.0,4.0,9.0,9.0,4.0,9.0,1.0,0.0,0.0,0.0,0.0,0.0,0.0,0.0,0.0,0.0,0.0,1.0,0.0,0.0,0.0,0.0,0.0,0.0,0.0,0.0,0.0,0.0,0.0,0.0,0.0,0.0,0.0,0.0,0.7786764101353543,0.7422523166709849,-0.03642409346436937,0.7786764101353543,0.76236416692559,-0.01631224320976432,0.7786764101353543,0.7855397878621618,0.006863377726807562,0.7786764101353543,0.7864421317510126,0.007765721615658361,0.7786764101353543,0.7660869841317477,-0.012589426003606574,0.7786764101353543,0.7781696086977684,-0.0005068014375858576
4.0,1.0,9.0,1.0,2.0,3.0,3.0,4.0,10.0,10.0,3.0,10.0,0.0,0.0,0.0,0.0,0.0,0.0,1.0,0.0,0.0,0.0,0.0,0.0,1.0,0.0,0.0,0.0,0.0,0.0,0.0,1.0,0.0,0.0,0.0,0.0,0.0,0.0,0.0,0.0,0.8473570402187162,0.8196176095483453,-0.02773943067037088,0.8473570402187162,0.8350343752866607,-0.012322664932055472,,,,,,,0.8473570402187162,0.8378608627330534,-0.009496177485662782,,,
7.0,1.0,2.0,1.0,1.0,4.0,2.0,4.0,8.0,7.0,4.0,10.0,0.0,0.0,0.0,0.0,1.0,0.0,0.0,0.0,0.0,0.0,0.0,0.0,0.0,1.0,0.0,0.0,0.0,0.0,0.0,1.0,0.0,0.0,0.0,0.0,0.0,0.0,0.0,0.0,0.8103023443051267,0.7775964725292664,-0.03270587177586026,0.8103023443051267,0.7957094978516659,-0.014592846453460817,0.8103023443051267,0.8164162056990188,0.006113861393892139,0.8103023443051267,0.8172188651128253,0.006916520807698556,0.8103023443051267,0.7990476224252416,-0.011254721879885077,,,
5.0,1.0,8.0,2.0,3.0,5.0,2.0,4.0,10.0,10.0,5.0,10.0,0.0,0.0,0.0,0.0,0.0,1.0,0.0,0.0,0.0,0.0,0.0,0.0,1.0,0.0,0.0,0.0,0.0,0.0,0.0,0.0,0.0,0.0,0.0,0.0,0.0,0.0,0.0,0.0,0.6968362100107837,0.652946339139649,-0.04388987087113472,0.6968362100107837,0.6769941947488606,-0.019842015261923085,,,,,,,,,,,,
3.0,1.0,4.0,1.0,4.0,5.0,2.0,3.0,7.0,8.0,5.0,8.0,1.0,0.0,0.0,0.0,0.0,0.0,1.0,0.0,0.0,0.0,0.0,0.0,0.0,0.0,0.0,0.0,0.0,0.0,0.0,0.0,0.0,0.0,0.0,0.0,0.0,0.0,0.0,0.0,0.6982814506760847,0.6544970708827806,-0.043784379793304073,0.6982814506760847,0.6784903834272398,-0.01979106724884494,0.6982814506760847,0.7066988592754111,0.008417408599326381,0.6982814506760847,0.7078095387382795,0.00952808806219474,,,,0.6982814506760847,0.6976620338943135,-0.0006194167817712426
6.0,1.0,6.0,2.0,2.0,5.0,1.0,4.0,8.0,8.0,3.0,8.0,1.0,0.0,0.0,0.0,0.0,0.0,1.0,0.0,0.0,0.0,0.0,1.0,0.0,0.0,0.0,0.0,0.0,0.0,0.0,0.0,0.0,0.0,1.0,0.0,0.0,0.0,0.0,0.0,0.8097830954460775,0.7770123358660341,-0.032770759580043385,0.8097830954460775,0.7951604024568019,-0.014622692989275654,0.8097830954460775,0.8159098899695393,0.006126794523461765,0.8097830954460775,0.816714266105378,0.00693117065930049,0.8097830954460775,0.798505227280774,-0.011277868165303517,0.8097830954460775,0.8093300824512875,-0.0004530129947900585
6.0,1.0,5.0,2.0,2.0,4.0,1.0,2.0,5.0,5.0,2.0,6.0,0.0,0.0,0.0,0.0,0.0,0.0,1.0,0.0,0.0,0.0,0.0,0.0,0.0,0.0,0.0,0.0,0.0,0.0,0.0,1.0,0.0,0.0,0.0,0.0,0.0,0.0,0.0,0.0,0.8342879485340308,0.804720841914155,-0.029567106619875716,0.8342879485340308,0.821132941760399,-0.013155006773631794,0.8342879485340308,0.8397816172360181,0.005493668701987309,0.8342879485340308,0.8405020769694622,0.006214128435431454,0.8342879485340308,0.8241474535434015,-0.0101404949906293,0.8342879485340308,0.8338813234111366,-0.0004066251228941331
4.0,1.0,5.0,1.0,1.0,4.0,1.0,4.0,10.0,10.0,4.0,10.0,0.0,1.0,0.0,0.0,0.0,0.0,1.0,0.0,0.0,0.0,0.0,0.0,1.0,0.0,0.0,0.0,0.0,0.0,0.0,0.0,0.0,0.0,0.0,0.0,0.0,0.0,0.0,0.0,0.7915377669570413,0.7565686080152696,-0.03496915894177166,0.7915377669570413,0.7759006385704696,-0.015637128386571608,,,,,,,0.7915377669570413,0.7794727356096249,-0.012065031347416322,,,
6.0,1.0,3.0,1.0,1.0,3.0,2.0,4.0,4.0,5.0,2.0,2.0,0.0,0.0,0.0,0.0,0.0,0.0,1.0,0.0,0.0,0.0,0.0,1.0,0.0,0.0,0.0,0.0,0.0,0.0,0.0,1.0,0.0,0.0,0.0,0.0,0.0,0.0,0.0,0.0,0.808712721344521,0.775808609866802,-0.03290411147771899,0.808712721344521,0.7940286738142027,-0.014684047530318267,0.808712721344521,0.8148661100895956,0.0061533887450746505,0.808712721344521,0.8156740166464453,0.006961295301924353,0.808712721344521,0.7973872697917908,-0.011325451552730237,0.808712721344521,0.8082577627852771,-0.00045495855924393425
6.0,1.0,5.0,1.0,2.0,2.0,2.0,4.0,8.0,8.0,4.0,8.0,0.0,0.0,0.0,0.0,0.0,0.0,0.0,0.0,0.0,0.0,0.0,1.0,0.0,0.0,0.0,0.0,0.0,0.0,0.0,0.0,0.0,0.0,0.0,0.0,0.0,0.0,0.0,0.0,0.7731318397953916,0.7361045004585948,-0.037027339336796805,0.7731318397953916,0.7565387137256058,-0.016593126069785802,0.7731318397953916,0.780118605713562,0.006986765918170379,0.7731318397953916,0.781037401282209,0.007905561486817425,0.7731318397953916,0.760324101453895,-0.012807738341496622,0.7731318397953916,0.7726160495299347,-0.0005157902654568947
3.0,3.0,4.0,3.0,2.0,3.0,2.0,3.0,9.0,9.0,4.0,7.0,0.0,0.0,1.0,0.0,0.0,0.0,0.0,0.0,0.0,0.0,0.0,0.0,0.0,0.0,0.0,0.0,1.0,0.0,0.0,1.0,0.0,0.0,0.0,0.0,0.0,0.0,0.0,0.0,0.5502088513096791,0.5003132361343551,-0.04989561517532404,0.5502088513096791,0.527280333296515,-0.02292851801316409,0.5502088513096791,0.5601551441469775,0.00994629283729842,0.5502088513096791,0.5614764081666358,0.011267556856956684,0.5502088513096791,0.5324272321234006,-0.01778161918627852,0.5502088513096791,0.5494815742224181,-0.0007272770872610579
3.0,1.0,5.0,4.0,2.0,4.0,2.0,5.0,8.0,7.0,2.0,8.0,0.0,0.0,0.0,1.0,0.0,0.0,0.0,0.0,0.0,0.0,0.0,0.0,0.0,0.0,0.0,0.0,0.0,0.0,0.0,0.0,0.0,0.0,0.0,0.0,0.0,1.0,0.0,0.0,0.7315614486509074,0.6904657372241358,-0.0410957114267716,,,,0.7315614486509074,0.739396909145245,0.007835460494337587,0.7315614486509074,0.7404292466502297,0.008867797999322247,0.7315614486509074,0.7172651130603256,-0.014296335590581855,0.7315614486509074,0.7309840328769375,-0.0005774157739699692
6.0,2.0,6.0,2.0,2.0,4.0,2.0,4.0,7.0,7.0,2.0,7.0,0.0,0.0,0.0,0.0,0.0,0.0,1.0,0.0,0.0,0.0,0.0,0.0,0.0,0.0,0.0,0.0,0.0,0.0,0.0,0.0,0.0,0.0,0.0,0.0,0.0,0.0,0.0,0.0,0.7732096249896581,0.7361906490975925,-0.0370189758920656,0.7732096249896581,0.7566203971802573,-0.016589227809400753,0.7732096249896581,0.7801946764472315,0.0069850514575734435,0.7732096249896581,0.7811132433350868,0.007903618345428742,0.7732096249896581,0.7604049170946765,-0.01280470789498156,0.7732096249896581,0.7726939595766407,-0.0005156654130173965
4.0,1.0,3.0,1.0,2.0,5.0,1.0,3.0,10.0,8.0,4.0,9.0,0.0,0.0,0.0,0.0,0.0,0.0,1.0,0.0,0.0,0.0,0.0,0.0,1.0,0.0,0.0,0.0,0.0,0.0,0.0,1.0,0.0,0.0,0.0,0.0,0.0,0.0,0.0,0.0,0.8910500804242073,0.8700330124025859,-0.0210170680216214,0.8910500804242073,0.8817625114591903,-0.009287568965017035,,,,0.8910500804242073,0.8954025181480972,0.004352437723889935,0.8910500804242073,0.8838996854293817,-0.007150394994825615,0.8910500804242073,0.8907645018097091,-0.0002855786144981831
3.0,1.0,2.0,2.0,3.0,4.0,2.0,3.0,5.0,5.0,5.0,6.0,1.0,0.0,0.0,0.0,0.0,0.0,0.0,0.0,1.0,0.0,0.0,0.0,0.0,0.0,0.0,0.0,0.0,0.0,0.0,0.0,0.0,0.0,0.0,0.0,0.0,0.0,0.0,0.0,0.7300368152447099,0.6888069829574268,-0.04122983228728305,0.7300368152447099,0.7114680322450292,-0.018568782999680677,0.7300368152447099,0.7379008342109237,0.007864018966213804,0.7300368152447099,0.7389370056887619,0.008900190444051992,,,,0.7300368152447099,0.7294573327728504,-0.0005794824718594604
4.0,2.0,2.0,1.0,3.0,5.0,2.0,3.0,8.0,7.0,3.0,7.0,0.0,0.0,0.0,0.0,0.0,0.0,1.0,0.0,0.0,0.0,0.0,1.0,0.0,0.0,0.0,0.0,0.0,0.0,0.0,1.0,0.0,0.0,0.0,0.0,0.0,0.0,0.0,0.0,0.798324913449446,0.7641550514787978,-0.034169861970648197,0.798324913449446,0.7830573639381148,-0.015267549511331246,0.798324913449446,0.8047317760519147,0.006406862602468699,0.798324913449446,0.805573355746025,0.00724844229657895,0.798324913449446,0.786546767207626,-0.011778146241820053,0.798324913449446,0.797851424177572,-0.0004734892718739614
7.0,1.0,6.0,1.0,2.0,4.0,2.0,4.0,8.0,8.0,5.0,8.0,0.0,0.0,0.0,0.0,0.0,0.0,1.0,0.0,0.0,0.0,0.0,0.0,0.0,0.0,0.0,0.0,0.0,0.0,0.0,0.0,0.0,0.0,1.0,0.0,0.0,0.0,0.0,0.0,0.7865921909658821,0.7510543408189198,-0.03553785014696231,0.7865921909658821,0.7706915578900626,-0.01590063307581946,0.7865921909658821,0.7932752643138683,0.006683073347986235,0.7865921909658821,0.7941535898858221,0.00756139891994001,,,,0.7865921909658821,0.786098536396176,-0.0004936545697060701
4.0,1.0,5.0,2.0,4.0,5.0,3.0,3.0,8.0,7.0,4.0,7.0,0.0,0.0,0.0,1.0,0.0,0.0,0.0,0.0,0.0,0.0,0.0,0.0,1.0,0.0,0.0,0.0,0.0,0.0,0.0,0.0,0.0,0.0,0.0,0.0,0.0,0.0,0.0,0.0,0.4926992390484366,0.44288371439179663,-0.049815524656639965,0.4926992390484366,0.4696648307096562,-0.0230344083387804,0.4926992390484366,0.5027679791749975,0.010068740126560893,0.4926992390484366,0.5041090204216984,0.011409781373261763,0.4926992390484366,0.47481422144139845,-0.017885017607038145,0.4926992390484366,0.4919648343594512,-0.0007344046889853906
4.0,1.0,6.0,1.0,2.0,2.0,2.0,4.0,6.0,7.0,3.0,5.0,0.0,0.0,0.0,1.0,0.0,0.0,0.0,0.0,0.0,0.0,0.0,1.0,0.0,0.0,0.0,0.0,0.0,0.0,0.0,0.0,0.0,0.0,0.0,0.0,0.0,0.0,0.0,0.0,0.6444861305813219,0.5973961559923787,-0.04708997458894315,0.6444861305813219,0.6230711493837753,-0.02141498119754659,0.6444861305813219,0.6536599552622706,0.009173824680948739,0.6444861305813219,0.6548733961787279,0.010387265597405992,0.6444861305813219,0.6279110810255601,-0.016575049555761723,0.6444861305813219,0.643812608416109,-0.0006735221652128809
2.0,1.0,6.0,4.0,3.0,4.0,2.0,3.0,8.0,6.0,4.0,7.0,0.0,0.0,0.0,1.0,0.0,0.0,1.0,0.0,1.0,0.0,0.0,0.0,0.0,0.0,0.0,0.0,0.0,0.0,0.0,0.0,0.0,0.0,0.0,0.0,0.0,1.0,0.0,0.0,0.7167457907538346,0.6743914513099597,-0.0423543394438749,0.7167457907538346,0.6976414457353024,-0.0191043450185322,0.7167457907538346,0.7248510545760392,0.008105263822204556,0.7167457907538346,0.7259196541237669,0.009173863369932311,0.7167457907538346,0.701981846603938,-0.014763944149896568,0.7167457907538346,0.7161488715499987,-0.0005969192038358662
5.0,1.0,5.0,1.0,2.0,2.0,2.0,2.0,9.0,9.0,2.0,9.0,0.0,1.0,0.0,0.0,0.0,0.0,0.0,0.0,0.0,0.0,0.0,0.0,1.0,0.0,0.0,0.0,0.0,0.0,0.0,0.0,0.0,0.0,0.0,0.0,0.0,0.0,0.0,0.0,0.6632033766552257,0.6171197491279438,-0.0460836275272819,0.6632033766552257,0.6422900822279376,-0.020913294427288065,0.6632033766552257,0.67213991709183,0.008936540436604301,0.6632033766552257,0.6733209697544489,0.010117593099223221,0.6632033766552257,0.6470230377816935,-0.016180338873532207,0.6632033766552257,0.6625467475608218,-0.0006566290944038933
3.0,1.0,6.0,1.0,1.0,5.0,2.0,3.0,7.0,8.0,3.0,7.0,0.0,0.0,0.0,0.0,1.0,0.0,0.0,0.0,0.0,0.0,0.0,0.0,0.0,0.0,0.0,0.0,1.0,0.0,0.0,0.0,0.0,0.0,0.0,0.0,0.0,0.0,0.0,0.0,0.9131274058415745,0.8958714909176139,-0.017255914923960614,0.9131274058415745,0.9055222967895624,-0.00760510905201206,0.9131274058415745,0.9162697093340244,0.003142303492449927,0.9131274058415745,0.9166803472979536,0.0035529414563790773,0.9131274058415745,0.9072751681759091,-0.0058522376656653385,0.9131274058415745,0.9128940390644407,-0.00023336677713381437
6.0,1.0,8.0,1.0,2.0,4.0,2.0,4.0,9.0,7.0,3.0,6.0,0.0,0.0,0.0,0.0,0.0,0.0,0.0,0.0,0.0,0.0,0.0,1.0,0.0,0.0,0.0,0.0,0.0,0.0,0.0,0.0,0.0,0.0,0.0,0.0,0.0,0.0,0.0,0.0,0.8529707483605954,0.8260420484985126,-0.026928699862082794,0.8529707483605954,0.8410162422870304,-0.011954506073564963,0.8529707483605954,0.8579505034968975,0.004979755136302111,0.8529707483605954,0.8586030187801788,0.005632270419583363,0.8529707483605954,0.843759414605793,-0.009211333754802431,0.8529707483605954,0.8526018676946997,-0.0003688806658956878
2.0,2.0,3.0,2.0,1.0,2.0,2.0,5.0,7.0,7.0,4.0,0.0,0.0,0.0,0.0,0.0,0.0,0.0,0.0,0.0,0.0,0.0,0.0,0.0,0.0,0.0,0.0,0.0,0.0,0.0,0.0,0.0,0.0,0.0,0.0,0.0,0.0,0.0,0.0,0.0,0.8389537344011997,0.8100295574955421,-0.028924176905657628,,,,0.8389537344011997,0.8443215867298083,0.005367852328608591,0.8389537344011997,0.8450253988437351,0.006071664442535374,0.8389537344011997,0.8290402480327455,-0.009913486368454238,0.8389537344011997,0.8385563427180386,-0.00039739168316110796
7.0,1.0,5.0,1.0,3.0,2.0,1.0,5.0,8.0,8.0,4.0,9.0,0.0,0.0,0.0,0.0,0.0,0.0,1.0,0.0,0.0,0.0,0.0,1.0,0.0,0.0,0.0,0.0,0.0,0.0,0.0,0.0,0.0,0.0,1.0,0.0,0.0,0.0,0.0,0.0,0.6776551840981739,0.6324530960324075,-0.04520208806576642,,,,0.6776551840981739,0.6863895903250951,0.008734406226921121,0.6776551840981739,0.6875431737911155,0.009887989692941579,0.6776551840981739,0.6618150993281285,-0.015840084770045393,0.6776551840981739,0.6770130088375851,-0.0006421752605888509
5.0,1.0,5.0,1.0,4.0,4.0,2.0,4.0,1.0,3.0,5.0,0.0,0.0,0.0,0.0,0.0,0.0,0.0,0.0,0.0,0.0,0.0,0.0,0.0,0.0,0.0,0.0,0.0,0.0,0.0,0.0,0.0,0.0,0.0,0.0,0.0,0.0,0.0,0.0,0.0,0.6007118129171775,0.5518554346265878,-0.04885637829058964,0.6007118129171775,0.57838498728856,-0.02232682562861743,0.6007118129171775,0.6103322496601038,0.009620436742926342,0.6007118129171775,0.611607295209476,0.01089548229229853,,,,0.6007118129171775,0.6000068301148315,-0.0007049828023459881
4.0,3.0,3.0,1.0,3.0,3.0,2.0,3.0,8.0,6.0,4.0,9.0,0.0,0.0,0.0,0.0,0.0,0.0,1.0,0.0,0.0,1.0,0.0,0.0,0.0,0.0,0.0,0.0,0.0,0.0,0.0,1.0,0.0,0.0,0.0,0.0,0.0,0.0,0.0,0.0,0.6369027085296489,0.5894481333264422,-0.04745457520320673,0.6369027085296489,0.6153035930010408,-0.02159911552860816,0.6369027085296489,0.6461647837224112,0.009262075192762231,0.6369027085296489,0.6473903190478504,0.010487610518201462,0.6369027085296489,0.6201824637437279,-0.016720244785921046,0.6369027085296489,0.6362229288274562,-0.0006797797021926844
4.0,1.0,6.0,1.0,2.0,5.0,1.0,3.0,3.0,4.0,1.0,3.0,1.0,0.0,0.0,0.0,0.0,0.0,1.0,0.0,0.0,0.0,0.0,0.0,0.0,0.0,0.0,0.0,0.0,0.0,0.0,0.0,0.0,0.0,0.0,0.0,0.0,0.0,0.0,0.0,0.8419133734386236,0.8134025255736396,-0.028510847864984035,0.8419133734386236,0.8292398088662012,-0.012673564572422413,0.8419133734386236,0.8472005445554337,0.0052871711168100965,0.8419133734386236,0.8478936858706396,0.005980312432016022,0.8419133734386236,0.8321456218847544,-0.00976775155386922,0.8419133734386236,0.8415219052969294,-0.00039146814169421784
4.0,1.0,3.0,1.0,1.0,4.0,1.0,4.0,8.0,7.0,3.0,7.0,0.0,0.0,1.0,0.0,0.0,0.0,1.0,0.0,0.0,0.0,0.0,0.0,1.0,0.0,0.0,0.0,0.0,0.0,0.0,0.0,0.0,0.0,0.0,0.0,0.0,0.0,0.0,0.0,0.7488029430985487,0.7092978857845911,-0.03950505731395759,0.7488029430985487,0.7310494103767446,-0.017753532721804022,0.7488029430985487,0.7563027875467253,0.00749984444817664,0.7488029430985487,0.7572901382531597,0.008487195154611049,0.7488029430985487,0.73509233922105,-0.013710603877498673,0.7488029430985487,0.7482498515110861,-0.0005530915874625286
2.0,2.0,8.0,4.0,2.0,4.0,3.0,3.0,6.0,6.0,2.0,7.0,0.0,0.0,0.0,0.0,0.0,0.0,0.0,0.0,0.0,0.0,0.0,0.0,0.0,0.0,0.0,0.0,1.0,0.0,0.0,0.0,0.0,0.0,0.0,0.0,0.0,0.0,0.0,1.0,0.7912218391718361,0.7562160061388543,-0.03500583303298177,0.7912218391718361,0.7755677318811318,-0.015654107290704267,0.7912218391718361,0.7977971998961894,0.006575360724353274,0.7912218391718361,0.7986611891170968,0.0074393499452607426,0.7912218391718361,0.7791436249242784,-0.012078214247557728,0.7912218391718361,0.7907360448096783,-0.0004857943621577876
3.0,5.0,4.0,1.0,2.0,5.0,3.0,1.0,8.0,7.0,3.0,7.0,1.0,0.0,0.0,0.0,0.0,0.0,1.0,0.0,0.0,0.0,0.0,0.0,0.0,0.0,0.0,0.0,0.0,0.0,0.0,0.0,0.0,0.0,0.0,0.0,0.0,0.0,0.0,0.0,0.7372244490438519,0.6966361857522895,-0.0405882632915624,0.7372244490438519,0.7189597286944664,-0.01826472034938542,0.7372244490438519,0.7449522405081062,0.0077277914642542855,0.7372244490438519,0.7459701321077892,0.008745683063937304,0.7372244490438519,0.7231155605088208,-0.014108888535031117,0.7372244490438519,0.736654829525076,-0.0005696195187758768
4.0,1.0,6.0,2.0,2.0,2.0,2.0,3.0,8.0,8.0,3.0,7.0,0.0,1.0,0.0,0.0,0.0,0.0,1.0,0.0,0.0,0.0,0.0,0.0,1.0,0.0,0.0,0.0,0.0,0.0,0.0,1.0,0.0,0.0,0.0,0.0,0.0,0.0,0.0,0.0,0.6022356296398295,0.5534270938249627,-0.04880853581486677,0.6022356296398295,0.5799344273671152,-0.02230120227271426,0.6022356296398295,0.6118430752809407,0.009607445641111267,0.6022356296398295,0.6131163109209805,0.01088068128115105,0.6022356296398295,0.5849592927849442,-0.017276336854885277,0.6022356296398295,0.6015315526387167,-0.0007040770011127462
6.0,1.0,10.0,1.0,2.0,4.0,2.0,5.0,10.0,8.0,4.0,9.0,0.0,0.0,0.0,0.0,0.0,0.0,1.0,0.0,0.0,0.0,0.0,1.0,0.0,0.0,0.0,0.0,0.0,0.0,0.0,1.0,0.0,0.0,0.0,0.0,0.0,0.0,0.0,0.0,0.8422157692530023,0.813747393373642,-0.028468375879360353,,,,,,,0.8422157692530023,0.8481867050030597,0.00597093575005736,0.8422157692530023,0.832462983851974,-0.009752785401028308,0.8422157692530023,0.8418249092456883,-0.00039086000731403114
4.0,2.0,6.0,3.0,1.0,4.0,2.0,1.0,10.0,10.0,5.0,5.0,0.0,1.0,0.0,0.0,0.0,0.0,0.0,0.0,0.0,0.0,0.0,0.0,1.0,0.0,0.0,0.0,0.0,0.0,0.0,0.0,0.0,0.0,0.0,0.0,0.0,0.0,0.0,0.0,0.7539582127043822,0.7149552824371279,-0.03900293026725432,0.7539582127043822,0.7364407897824298,-0.017517422921952464,,,,,,,,,,0.7539582127043822,0.7534127341306243,-0.0005454785737579737
6.0,3.0,9.0,2.0,3.0,3.0,1.0,3.0,10.0,10.0,5.0,10.0,0.0,0.0,0.0,0.0,0.0,0.0,1.0,0.0,0.0,0.0,0.0,0.0,0.0,0.0,0.0,0.0,0.0,0.0,0.0,0.0,0.0,0.0,1.0,0.0,0.0,0.0,0.0,0.0,0.7423366542634984,0.7022190724729113,-0.04011758179058711,0.7423366542634984,0.724294380654554,-0.018042273608944392,,,,,,,,,,,,
4.0,1.0,7.0,3.0,1.0,4.0,4.0,2.0,8.0,8.0,4.0,8.0,0.0,0.0,0.0,0.0,0.0,0.0,0.0,0.0,0.0,0.0,0.0,1.0,0.0,0.0,0.0,0.0,0.0,0.0,0.0,0.0,0.0,0.0,0.0,0.0,0.0,0.0,0.0,0.0,0.8626161099854729,0.8371166334726663,-0.025499476512806596,0.8626161099854729,0.8513091304142494,-0.011306979571223508,0.8626161099854729,0.867320000215864,0.0047038902303910834,0.8626161099854729,0.8679361010452237,0.005319991059750784,0.8626161099854729,0.8539055557653435,-0.00871055422012934,0.8626161099854729,0.8622675209651106,-0.0003485890203622777
3.0,2.0,2.0,1.0,2.0,5.0,3.0,4.0,7.0,6.0,3.0,8.0,0.0,0.0,1.0,0.0,0.0,0.0,1.0,0.0,0.0,1.0,0.0,0.0,0.0,0.0,0.0,0.0,0.0,0.0,0.0,0.0,0.0,0.0,0.0,0.0,0.0,0.0,0.0,0.0,0.5479674185302377,0.49804999481670004,-0.049917423713537634,0.5479674185302377,0.5250232774399364,-0.022944141090301295,0.5479674185302377,0.5579234523763958,0.009956033846158174,0.5479674185302377,0.5592461453722423,0.011278726842004594,0.5479674185302377,0.5301728539353902,-0.017794564594847517,0.5479674185302377,0.5472394995514531,-0.0007279189787845475
5.0,3.0,3.0,2.0,3.0,4.0,2.0,4.0,5.0,5.0,3.0,6.0,0.0,0.0,0.0,0.0,0.0,0.0,1.0,0.0,0.0,0.0,0.0,0.0,0.0,0.0,0.0,0.0,0.0,0.0,0.0,0.0,0.0,0.0,0.0,0.0,1.0,0.0,0.0,0.0,0.3085719574322128,0.26755450022491545,-0.041017457207297325,0.3085719574322128,0.2892377876738646,-0.019334169758348174,0.3085719574322128,0.3172308922462426,0.00865893481402985,0.3085719574322128,0.3183939391608179,0.0098219817286051,0.3085719574322128,0.2935037766085108,-0.015068180823701982,0.3085719574322128,0.30794540620337457,-0.0006265512288382014
5.0,3.0,4.0,2.0,2.0,4.0,2.0,3.0,7.0,7.0,4.0,6.0,0.0,0.0,0.0,0.0,0.0,0.0,0.0,0.0,0.0,0.0,0.0,0.0,0.0,1.0,0.0,0.0,0.0,0.0,0.0,0.0,0.0,0.0,0.0,0.0,0.0,0.0,0.0,0.0,0.7601152108475719,0.7217280678916178,-0.038387142955954134,0.7601152108475719,0.7428866588957003,-0.017228551951871673,0.7601152108475719,0.7673822325695683,0.007267021721996336,0.7601152108475719,0.7683384442083949,0.008223233360822979,0.7601152108475719,0.7468132740724494,-0.013301936775122591,0.7601152108475719,0.759579029695185,-0.0005361811523869608
6.0,1.0,9.0,1.0,4.0,4.0,2.0,2.0,4.0,3.0,2.0,4.0,0.0,0.0,0.0,0.0,0.0,0.0,1.0,0.0,0.0,0.0,0.0,0.0,0.0,1.0,0.0,0.0,0.0,0.0,0.0,0.0,0.0,0.0,0.0,1.0,0.0,0.0,0.0,0.0,0.6384822113787556,0.5911015363274623,-0.047380675051293286,0.6384822113787556,0.6169205406639318,-0.021561670714823844,0.6384822113787556,0.6477262807997209,0.00924406942096534,0.6384822113787556,0.6489493460357524,0.01046713465699678,0.6384822113787556,0.6217915095293977,-0.016690701849357947,0.6384822113787556,0.637803707120294,-0.0006785042584616097
6.0,2.0,4.0,1.0,2.0,4.0,3.0,3.0,8.0,7.0,3.0,9.0,0.0,0.0,1.0,0.0,0.0,0.0,1.0,0.0,0.0,0.0,1.0,0.0,0.0,0.0,0.0,0.0,0.0,0.0,0.0,0.0,0.0,0.0,0.0,0.0,0.0,0.0,0.0,0.0,0.5734156990372643,0.5238666728739123,-0.049549026163351995,0.5734156990372643,0.5507041515740702,-0.02271154746319415,0.5734156990372643,0.5832375273142262,0.009821828276961875,0.5734156990372643,0.5845408803679457,0.01112518133068141,0.5734156990372643,0.5558108608570039,-0.017604838180260374,0.5734156990372643,0.5726968039845642,-0.0007188950527000637
6.0,1.0,4.0,2.0,1.0,4.0,1.0,4.0,6.0,8.0,3.0,5.0,0.0,0.0,0.0,0.0,0.0,0.0,0.0,0.0,0.0,0.0,0.0,1.0,0.0,0.0,0.0,0.0,0.0,0.0,0.0,1.0,0.0,0.0,0.0,0.0,0.0,0.0,0.0,0.0,0.8807524307071692,0.8580653109037573,-0.02268711980341198,0.8807524307071692,0.870714394303076,-0.010038036404093287,0.8807524307071692,0.8849181947597795,0.004165764052610266,0.8807524307071692,0.8854633696490711,0.004710938941901888,0.8807524307071692,0.8730225086246025,-0.007729922082566731,0.8807524307071692,0.8804434816426243,-0.00030894906454492777
3.0,1.0,3.0,1.0,3.0,2.0,1.0,3.0,7.0,7.0,4.0,9.0,0.0,0.0,0.0,0.0,0.0,0.0,0.0,0.0,1.0,0.0,0.0,0.0,0.0,0.0,0.0,0.0,0.0,0.0,0.0,0.0,0.0,0.0,0.0,0.0,0.0,0.0,0.0,0.0,0.8400524695319448,0.811281237763514,-0.02877123176843077,0.8400524695319448,0.8272603283428942,-0.012792141189050588,0.8400524695319448,0.84539044881642,0.005337979284475214,0.8400524695319448,0.8460903095358863,0.006037840003941475,0.8400524695319448,0.8301929282719477,-0.009859541259997107,0.8400524695319448,0.8396572708759559,-0.00039519865598891535
5.0,1.0,3.0,1.0,5.0,5.0,3.0,3.0,8.0,8.0,5.0,5.0,0.0,1.0,0.0,0.0,0.0,0.0,1.0,0.0,1.0,0.0,0.0,0.0,0.0,0.0,0.0,0.0,0.0,0.0,0.0,0.0,0.0,0.0,0.0,1.0,0.0,0.0,0.0,0.0,0.3568376018388964,0.3123022180996093,-0.044535383739287115,0.3568376018388964,0.33594863168207467,-0.02088897015682173,0.3568376018388964,0.3661337364016173,0.009296134562720881,0.3568376018388964,0.36737960217734755,0.010542000338451152,,,,0.3568376018388964,0.3561635303470267,-0.0006740714918697099
5.0,1.0,5.0,1.0,1.0,5.0,1.0,3.0,5.0,5.0,2.0,7.0,0.0,0.0,0.0,0.0,0.0,0.0,1.0,0.0,0.0,1.0,0.0,0.0,0.0,0.0,0.0,0.0,0.0,0.0,0.0,0.0,0.0,0.0,0.0,0.0,0.0,0.0,0.0,0.0,0.8835291952783793,0.861287159611067,-0.0222420356673122,0.8835291952783793,0.8736913806647134,-0.00983781461366584,0.8835291952783793,0.8876103347263292,0.004081139447949966,0.8835291952783793,0.8881443682524442,0.004615172974064996,0.8835291952783793,0.8759539190096237,-0.0075752762687555375,0.8835291952783793,0.8832264864917582,-0.00030270878662108647
5.0,2.0,2.0,1.0,1.0,4.0,1.0,3.0,9.0,8.0,5.0,8.0,0.0,0.0,1.0,0.0,0.0,0.0,0.0,0.0,0.0,0.0,0.0,0.0,1.0,0.0,0.0,0.0,0.0,0.0,0.0,0.0,0.0,0.0,0.0,0.0,0.0,0.0,0.0,1.0,0.700283272574137,0.6566465492174156,-0.04363672335672142,0.700283272574137,0.6805634452700973,-0.01971982730403976,0.700283272574137,0.7086681341004435,0.008384861526306464,0.700283272574137,0.7097744188143781,0.009491146240241055,,,,0.700283272574137,0.6996661978729272,-0.0006170747012098632
7.0,2.0,4.0,1.0,2.0,4.0,3.0,4.0,6.0,6.0,4.0,6.0,0.0,0.0,0.0,0.0,0.0,0.0,0.0,0.0,0.0,0.0,0.0,1.0,0.0,0.0,0.0,0.0,0.0,0.0,0.0,0.0,0.0,0.0,1.0,0.0,0.0,0.0,0.0,0.0,0.7090199200017899,0.6660486029583852,-0.04297131704340473,0.7090199200017899,0.6896201444607705,-0.01939977554101946,0.7090199200017899,0.7172590490091394,0.008239129007349466,0.7090199200017899,0.7183456767177433,0.00932575671595337,0.7090199200017899,0.6940251905936361,-0.014994729408153828,0.7090199200017899,0.7084133431142092,-0.0006065768875807009
4.0,1.0,10.0,1.0,3.0,5.0,3.0,4.0,8.0,8.0,5.0,9.0,0.0,0.0,0.0,0.0,0.0,0.0,1.0,0.0,0.0,0.0,0.0,0.0,1.0,0.0,0.0,0.0,0.0,0.0,0.0,1.0,0.0,0.0,0.0,0.0,0.0,0.0,0.0,0.0,0.8029409652461879,0.7693272177974628,-0.03361374744872503,0.8029409652461879,0.787930038156978,-0.015010927089209813,0.8029409652461879,0.8092362252938121,0.006295260047624263,0.8029409652461879,0.8100629735120738,0.007122008265885937,,,,0.8029409652461879,0.8024756320115618,-0.00046533323462605303
4.0,1.0,8.0,1.0,3.0,4.0,2.0,4.0,7.0,8.0,5.0,8.0,0.0,0.0,0.0,0.0,0.0,0.0,1.0,0.0,0.0,0.0,0.0,1.0,0.0,0.0,0.0,0.0,0.0,0.0,0.0,0.0,0.0,0.0,0.0,0.0,0.0,0.0,0.0,0.0,0.7965487876817743,0.7621676474286843,-0.034381140253090026,0.7965487876817743,0.7811836334182929,-0.015365154263481395,0.7965487876817743,0.8029981508834227,0.0064493632016484614,0.7965487876817743,0.8038453810319012,0.00729659335012689,,,,0.7965487876817743,0.7960721936457805,-0.0004765940359937604
7.0,4.0,3.0,1.0,3.0,3.0,3.0,2.0,2.0,2.0,5.0,8.0,0.0,0.0,0.0,0.0,0.0,0.0,0.0,0.0,0.0,0.0,0.0,0.0,0.0,1.0,0.0,0.0,0.0,0.0,0.0,0.0,0.0,0.0,1.0,0.0,0.0,0.0,0.0,0.0,0.42366162837584176,0.3756574515172416,-0.048004176858600145,0.42366162837584176,0.4013016203340465,-0.022360008041795276,0.42366162837584176,0.4335251927465149,0.00986356437067315,0.42366162837584176,0.43484306016816554,0.011181431792323782,,,,0.42366162837584176,0.4229443353395715,-0.0007172930362702723
3.0,1.0,2.0,2.0,2.0,4.0,2.0,3.0,5.0,6.0,1.0,5.0,0.0,0.0,0.0,0.0,0.0,0.0,0.0,0.0,1.0,0.0,0.0,0.0,0.0,0.0,0.0,0.0,0.0,0.0,0.0,1.0,0.0,0.0,0.0,0.0,0.0,0.0,0.0,0.0,0.8939873276223543,0.8734564034253243,-0.020530924197030065,0.8939873276223543,0.8849178092503894,-0.009069518371964902,0.8939873276223543,0.8977444254854275,0.003757097863073211,0.8939873276223543,0.8982358263820475,0.004248498759693131,0.8939873276223543,0.887005258932921,-0.006982068689433296,0.8939873276223543,0.893708529687744,-0.0002787979346103864
4.0,3.0,2.0,2.0,2.0,2.0,1.0,2.0,10.0,10.0,5.0,0.0,0.0,0.0,1.0,0.0,0.0,0.0,1.0,0.0,0.0,1.0,0.0,0.0,0.0,0.0,0.0,0.0,0.0,0.0,0.0,0.0,0.0,0.0,0.0,0.0,0.0,0.0,0.0,0.0,0.5083730225255366,0.4584047537340255,-0.04996826879151112,0.5083730225255366,0.4853068450027424,-0.023066177522794218,,,,,,,,,,0.5083730225255366,0.5076386333967324,-0.0007343891288041915
3.0,1.0,2.0,1.0,2.0,2.0,3.0,3.0,5.0,7.0,3.0,6.0,0.0,0.0,0.0,0.0,0.0,0.0,0.0,0.0,0.0,0.0,0.0,1.0,0.0,0.0,0.0,0.0,0.0,0.0,0.0,0.0,0.0,0.0,0.0,0.0,0.0,0.0,0.0,0.0,0.7923004212158682,0.757419988658621,-0.034880432557247154,0.7923004212158682,0.7767043622998074,-0.015596058916060751,0.7923004212158682,0.7988504484717409,0.006550027255872726,0.7923004212158682,0.7997110671218792,0.0074106459060110375,0.7923004212158682,0.7802672762404836,-0.012033144975384547,0.7923004212158682,0.7918164762050187,-0.0004839450108494736
3.0,1.0,2.0,1.0,2.0,4.0,3.0,3.0,5.0,5.0,3.0,4.0,1.0,0.0,0.0,0.0,0.0,0.0,1.0,0.0,0.0,0.0,0.0,1.0,0.0,0.0,0.0,0.0,0.0,0.0,0.0,0.0,0.0,0.0,0.0,0.0,0.0,0.0,0.0,0.0,0.7419993016813775,0.7018502908570899,-0.04014901082428757,0.7419993016813775,0.7239421903423012,-0.01805711133907628,0.7419993016813775,0.7496343602727294,0.00763505859135194,0.7419993016813775,0.750639820518063,0.008640518836685485,0.7419993016813775,0.7280522134602877,-0.01394708822108981,0.7419993016813775,0.7414364024532984,-0.0005628992280790612
4.0,1.0,9.0,1.0,3.0,5.0,4.0,3.0,7.0,5.0,3.0,7.0,0.0,1.0,0.0,0.0,0.0,0.0,0.0,0.0,0.0,0.0,0.0,1.0,0.0,0.0,0.0,0.0,0.0,0.0,0.0,0.0,0.0,0.0,0.0,0.0,0.0,0.0,0.0,0.0,0.6002367042103156,0.5513656086799491,-0.048871095530366504,0.6002367042103156,0.5779019793959328,-0.02233472481438281,0.6002367042103156,0.6098611536631021,0.00962444945278651,0.6002367042103156,0.6111367585671744,0.010900054356858813,0.6002367042103156,0.5829336726629635,-0.017303031547352132,0.6002367042103156,0.5995314417824696,-0.0007052624278459652
2.0,2.0,3.0,4.0,3.0,4.0,2.0,3.0,8.0,7.0,4.0,8.0,0.0,1.0,0.0,0.0,0.0,0.0,1.0,0.0,0.0,0.0,0.0,0.0,0.0,0.0,0.0,0.0,1.0,0.0,0.0,0.0,0.0,0.0,0.0,0.0,0.0,1.0,0.0,0.0,0.5335936536310283,0.48358483362296634,-0.05000882000806195,0.5335936536310283,0.5105715720572128,-0.023022081573815467,0.5335936536310283,0.5436025911332162,0.010008937502187898,0.5335936536310283,0.544933183425514,0.011339529794485714,0.5335936536310283,0.5157333114644505,-0.017860342166577836,0.5335936536310283,0.5328623203632329,-0.0007313332677953976
5.0,1.0,6.0,1.0,1.0,4.0,1.0,3.0,8.0,8.0,3.0,8.0,0.0,0.0,0.0,0.0,0.0,0.0,1.0,0.0,0.0,0.0,0.0,0.0,0.0,0.0,0.0,0.0,0.0,0.0,0.0,0.0,0.0,0.0,0.0,0.0,0.0,0.0,0.0,0.0,0.9119648306766625,0.8945046674661751,-0.01746016321048738,0.9119648306766625,0.9042686160736685,-0.007696214602993967,0.9119648306766625,0.9151452783541308,0.00318044767746839,0.9119648306766625,0.9155609226642883,0.0035960919876258934,0.9119648306766625,0.9060423338872197,-0.005922496789442788,0.9119648306766625,0.9117286427632542,-0.00023618791340829226
2.0,2.0,3.0,2.0,1.0,3.0,1.0,3.0,9.0,10.0,5.0,10.0,0.0,1.0,0.0,0.0,0.0,0.0,1.0,0.0,0.0,0.0,0.0,0.0,0.0,0.0,0.0,0.0,1.0,0.0,0.0,0.0,0.0,0.0,0.0,0.0,0.0,0.0,0.0,1.0,0.7106871460612942,0.6678466987248446,-0.04284044733644965,0.7106871460612942,0.6913501374794951,-0.019337008581799098,0.7106871460612942,0.7188977836318121,0.008210637570517876,,,,,,,,,
2.0,2.0,10.0,4.0,5.0,5.0,4.0,2.0,4.0,5.0,1.0,3.0,1.0,0.0,0.0,0.0,0.0,0.0,1.0,0.0,0.0,0.0,0.0,0.0,0.0,0.0,0.0,0.0,1.0,0.0,0.0,0.0,0.0,0.0,0.0,0.0,0.0,1.0,0.0,0.0,0.5423574030658218,0.49239434814982314,-0.04996305491599867,0.5423574030658218,0.5193782657539469,-0.022979137311874953,0.5423574030658218,0.5523360542723106,0.009978651206488776,0.5423574030658218,0.5536620907926448,0.011304687726823026,0.5423574030658218,0.5245336190792369,-0.017823783986584907,0.5423574030658218,0.5416280069919215,-0.0007293960739003236
5.0,3.0,8.0,2.0,4.0,4.0,2.0,3.0,8.0,7.0,3.0,8.0,0.0,0.0,0.0,0.0,0.0,0.0,1.0,0.0,0.0,0.0,0.0,0.0,0.0,0.0,0.0,0.0,0.0,0.0,0.0,0.0,0.0,0.0,0.0,0.0,0.0,0.0,0.0,0.0,0.650755501954189,0.6039856817515838,-0.04676982020260512,0.650755501954189,0.6295010676259855,-0.02125443432820351,0.650755501954189,0.6598529321501411,0.009097430195952105,0.650755501954189,0.6610559262934295,0.0103004243392405,0.650755501954189,0.6343068941815698,-0.01644860777261914,0.650755501954189,0.6500874085346684,-0.0006680934195205657
4.0,1.0,3.0,1.0,3.0,5.0,3.0,3.0,8.0,8.0,4.0,7.0,1.0,0.0,0.0,0.0,0.0,0.0,0.0,0.0,0.0,0.0,0.0,0.0,0.0,0.0,0.0,0.0,0.0,0.0,0.0,0.0,0.0,0.0,0.0,0.0,0.0,0.0,0.0,0.0,0.7438620495163679,0.703887230968358,-0.03997481854800988,0.7438620495163679,0.7258871470006315,-0.017974902515736413,0.7438620495163679,0.7514604479948641,0.007598398478496193,0.7438620495163679,0.752460996351302,0.008598946834934118,0.7438620495163679,0.7299790136769904,-0.013883035839377555,0.7438620495163679,0.7433018083901963,-0.00056024112617159
5.0,1.0,7.0,1.0,2.0,4.0,2.0,4.0,8.0,7.0,2.0,8.0,0.0,0.0,0.0,0.0,0.0,0.0,0.0,0.0,0.0,0.0,0.0,1.0,0.0,0.0,0.0,0.0,0.0,0.0,0.0,0.0,0.0,0.0,0.0,0.0,0.0,0.0,0.0,0.0,0.8683905084645941,0.8437686913091268,-0.024621817155467296,0.8683905084645941,0.8574802548376281,-0.01091025362696596,0.8683905084645941,0.8729258140613629,0.004535305596768846,0.8683905084645941,0.8735196802622183,0.005129171797624177,0.8683905084645941,0.8599866436523839,-0.008403864812210227,0.8683905084645941,0.8680543299253495,-0.0003361785392446137
2.0,3.0,4.0,4.0,3.0,2.0,1.0,2.0,4.0,5.0,4.0,4.0,0.0,0.0,1.0,0.0,0.0,0.0,1.0,0.0,0.0,0.0,0.0,0.0,0.0,0.0,0.0,0.0,1.0,0.0,0.0,0.0,0.0,0.0,0.0,0.0,0.0,1.0,0.0,0.0,0.43172641486906943,0.38341635382021366,-0.04831006104885577,0.43172641486906943,0.4092430018776164,-0.02248341299145301,0.43172641486906943,0.44163386384746145,0.00990744897839202,0.43172641486906943,0.4429571059869255,0.011230691117856073,0.43172641486906943,0.41424738266864813,-0.017479032200421296,0.43172641486906943,0.43100567868120926,-0.0007207361878601715
2.0,3.0,2.0,4.0,1.0,3.0,1.0,3.0,9.0,9.0,4.0,10.0,0.0,0.0,0.0,0.0,0.0,0.0,1.0,0.0,0.0,0.0,0.0,0.0,0.0,0.0,0.0,0.0,1.0,0.0,0.0,0.0,0.0,0.0,0.0,0.0,0.0,1.0,0.0,0.0,0.8612815642987381,0.835581599152157,-0.025699965146581127,0.8612815642987381,0.8498838629539648,-0.011397701344773359,0.8612815642987381,0.8660240512452486,0.004742486946510471,0.8612815642987381,0.866645244566738,0.005363680267999826,0.8612815642987381,0.8525008640727565,-0.008780700225981652,,,
4.0,1.0,6.0,1.0,4.0,4.0,2.0,3.0,6.0,6.0,2.0,8.0,1.0,0.0,0.0,0.0,0.0,0.0,1.0,0.0,0.0,0.0,0.0,0.0,0.0,0.0,0.0,0.0,0.0,0.0,0.0,0.0,0.0,0.0,0.0,0.0,0.0,0.0,0.0,0.0,0.6685916294390559,0.6228259752925526,-0.045765654146503354,0.6685916294390559,0.6478352521159552,-0.02075637732310076,0.6685916294390559,0.677454731737159,0.008863102298103054,0.6685916294390559,0.678625793001183,0.010034163562127052,0.6685916294390559,0.6525345294737123,-0.016057099965343657,0.6685916294390559,0.6679402456408983,-0.0006513837981576565
2.0,3.0,2.0,3.0,3.0,4.0,2.0,4.0,4.0,4.0,2.0,4.0,0.0,0.0,0.0,0.0,0.0,0.0,1.0,0.0,0.0,0.0,0.0,0.0,0.0,0.0,0.0,0.0,1.0,0.0,0.0,0.0,0.0,0.0,0.0,0.0,0.0,0.0,1.0,0.0,0.820686989015737,0.789305995512306,-0.03138099350343104,0.820686989015737,0.8067024331870999,-0.013984555828637113,0.820686989015737,0.8265378062833957,0.005850817267658681,0.820686989015737,0.827305573144491,0.006618584128754046,0.820686989015737,0.8099038450387194,-0.010783143977017629,0.820686989015737,0.820254180175976,-0.00043280883976104523
3.0,1.0,2.0,1.0,4.0,3.0,3.0,4.0,5.0,8.0,4.0,7.0,0.0,0.0,0.0,0.0,0.0,0.0,0.0,0.0,0.0,0.0,0.0,1.0,0.0,0.0,0.0,0.0,0.0,0.0,0.0,0.0,0.0,0.0,0.0,0.0,0.0,0.0,0.0,0.0,0.6561526221754712,0.6096720479289942,-0.046480574246477,0.6561526221754712,0.6350424403374861,-0.021110181837985076,0.6561526221754712,0.6651817973976881,0.009029175222216912,0.6561526221754712,0.6663754738963406,0.010222851720869341,0.6561526221754712,0.639817515248721,-0.01633510692675022,0.6561526221754712,0.6554893874630003,-0.0006632347124708726
4.0,1.0,3.0,1.0,1.0,5.0,1.0,3.0,8.0,9.0,5.0,8.0,1.0,0.0,0.0,0.0,0.0,0.0,0.0,0.0,0.0,0.0,0.0,0.0,0.0,0.0,0.0,0.0,0.0,0.0,0.0,0.0,0.0,0.0,0.0,0.0,0.0,0.0,0.0,0.0,0.8976692429022596,0.8777538708245051,-0.019915372077754512,0.8976692429022596,0.8888755628369535,-0.00879368006530612,0.8976692429022596,0.9013102582479076,0.00364101534564798,0.8976692429022596,0.9017863978133612,0.00411715491110165,,,,0.8976692429022596,0.8973990165845075,-0.00027022631775208694
3.0,1.0,8.0,2.0,1.0,4.0,2.0,3.0,7.0,6.0,3.0,7.0,0.0,0.0,0.0,0.0,0.0,0.0,0.0,0.0,0.0,0.0,0.0,0.0,0.0,0.0,0.0,1.0,0.0,0.0,0.0,0.0,0.0,0.0,0.0,0.0,0.0,0.0,0.0,0.0,0.8695110241713974,0.8450614337221093,-0.024449590449288072,0.8695110241713974,0.8586785430650702,-0.010832481106327174,0.8695110241713974,0.8740133184833798,0.004502294311982458,0.8695110241713974,0.8746028324445209,0.005091808273123499,0.8695110241713974,0.8611672704237615,-0.008343753747635851,0.8695110241713974,0.8691772766469081,-0.0003337475244892252
5.0,1.0,4.0,1.0,3.0,2.0,3.0,4.0,8.0,7.0,5.0,7.0,1.0,0.0,0.0,0.0,0.0,0.0,1.0,0.0,0.0,0.0,0.0,0.0,0.0,1.0,0.0,0.0,0.0,0.0,0.0,0.0,0.0,0.0,0.0,0.0,0.0,0.0,0.0,0.0,0.5179355244907362,0.4679219358600356,-0.0500135886307006,0.5179355244907362,0.4948722109804904,-0.02306331351024582,0.5179355244907362,0.5279832386626864,0.010047714171950162,0.5179355244907362,0.5293199396025948,0.011384415111858615,,,,0.5179355244907362,0.5172018539717056,-0.0007336705190306159
6.0,1.0,4.0,1.0,2.0,4.0,2.0,3.0,5.0,5.0,2.0,7.0,0.0,0.0,0.0,0.0,0.0,0.0,1.0,0.0,0.0,0.0,0.0,0.0,1.0,0.0,0.0,0.0,0.0,0.0,0.0,0.0,0.0,0.0,0.0,1.0,0.0,0.0,0.0,0.0,0.7427406561514318,0.7026607813714127,-0.040079874780019065,0.7427406561514318,0.7247161811950377,-0.018024474956394143,0.7427406561514318,0.7503611568983486,0.007620500746916781,0.7427406561514318,0.7513646664437105,0.008624010292278661,0.7427406561514318,0.7288189974650955,-0.013921658686336325,0.7427406561514318,0.7421788123725649,-0.0005618437788669217
2.0,3.0,6.0,4.0,3.0,4.0,3.0,2.0,3.0,2.0,1.0,2.0,0.0,1.0,0.0,0.0,0.0,0.0,0.0,0.0,0.0,0.0,0.0,0.0,0.0,0.0,0.0,0.0,0.0,1.0,0.0,0.0,0.0,0.0,0.0,0.0,0.0,1.0,0.0,0.0,0.5253961522021391,0.47537256281559065,-0.05002358938654844,0.5253961522021391,0.5023468163469961,-0.023049335855143016,0.5253961522021391,0.535427844804679,0.010031692602539888,0.5253961522021391,0.5367619604740651,0.011365808271926015,0.5253961522021391,0.5075116279475992,-0.017884524254539902,0.5253961522021391,0.5246634155702641,-0.0007327366318750084
6.0,1.0,6.0,1.0,2.0,4.0,1.0,3.0,7.0,8.0,5.0,10.0,0.0,0.0,0.0,0.0,0.0,0.0,1.0,0.0,0.0,0.0,0.0,1.0,0.0,0.0,0.0,0.0,0.0,0.0,0.0,0.0,0.0,0.0,1.0,0.0,0.0,0.0,0.0,0.0,0.8452424153663938,0.8172016001609825,-0.02804081520541124,0.8452424153663938,0.8327827276084826,-0.012459687757911175,0.8452424153663938,0.850438026297334,0.005195610930940231,0.8452424153663938,0.8511190623192197,0.00587664695282597,,,,,,
7.0,1.0,5.0,1.0,1.0,5.0,2.0,3.0,8.0,7.0,5.0,10.0,0.0,0.0,0.0,0.0,0.0,0.0,0.0,0.0,0.0,0.0,0.0,0.0,0.0,0.0,0.0,0.0,0.0,0.0,0.0,1.0,0.0,0.0,0.0,0.0,0.0,0.0,0.0,0.0,0.8759640482604447,0.8525184744290156,-0.02344557383142909,0.8759640482604447,0.8655844501976151,-0.01037959806282962,0.8759640482604447,0.8802743496511546,0.00431030139070987,0.8759640482604447,0.8808385613697812,0.004874513109336509,,,,,,
5.0,1.0,3.0,1.0,2.0,4.0,2.0,3.0,8.0,6.0,4.0,9.0,0.0,1.0,0.0,0.0,0.0,0.0,1.0,0.0,0.0,0.0,0.0,0.0,1.0,0.0,0.0,0.0,0.0,0.0,0.0,1.0,0.0,0.0,0.0,0.0,0.0,0.0,0.0,0.0,0.6018284730897132,0.5530070584559791,-0.04882141463373413,0.6018284730897132,0.5795203813414874,-0.02230809174822579,0.6018284730897132,0.6114394079706946,0.009610934880981414,0.6018284730897132,0.6127131295813832,0.01088465649167003,0.6018284730897132,0.5845466514898423,-0.017281821599870906,0.6018284730897132,0.6011241527257251,-0.0007043203639881535
7.0,1.0,2.0,1.0,2.0,4.0,2.0,2.0,8.0,8.0,2.0,8.0,1.0,0.0,0.0,0.0,0.0,0.0,0.0,0.0,0.0,0.0,0.0,0.0,0.0,0.0,0.0,0.0,0.0,0.0,0.0,0.0,0.0,0.0,1.0,0.0,0.0,0.0,0.0,0.0,0.7823792100935834,0.7463660095611583,-0.03601320053242507,0.7823792100935834,0.766257953709214,-0.016121256384369342,0.7823792100935834,0.7891588530591199,0.00677964296553657,0.7823792100935834,0.7900500394535118,0.007670829359928466,0.7823792100935834,0.7699381789328402,-0.012441031160743132,0.7823792100935834,0.7818785124734293,-0.0005006976201540336
6.0,1.0,7.0,1.0,1.0,3.0,3.0,3.0,5.0,6.0,2.0,10.0,0.0,0.0,0.0,0.0,0.0,0.0,1.0,0.0,0.0,0.0,0.0,0.0,0.0,1.0,0.0,0.0,0.0,0.0,0.0,0.0,0.0,0.0,0.0,0.0,0.0,0.0,0.0,0.0,0.8130207468640759,0.7806566874895373,-0.03236405937453857,0.8130207468640759,0.7985850385833951,-0.014435708280680748,0.8130207468640759,0.8190665586573814,0.006045811793305544,0.8130207468640759,0.8198601870914051,0.0068394402273291854,0.8130207468640759,0.8018878750773015,-0.011132871786774357,,,
4.0,1.0,9.0,1.0,2.0,4.0,2.0,2.0,6.0,6.0,2.0,6.0,0.0,0.0,0.0,0.0,1.0,0.0,1.0,0.0,0.0,0.0,0.0,0.0,0.0,0.0,0.0,0.0,0.0,0.0,0.0,0.0,0.0,0.0,0.0,0.0,0.0,0.0,0.0,0.0,0.8724615370925071,0.848468437639146,-0.023993099453361033,0.8724615370925071,0.8618350712947582,-0.01062646579774884,0.8724615370925071,0.8768764444053152,0.004414907312808136,0.8724615370925071,0.8774544396998546,0.004992902607347527,0.8724615370925071,0.8642769971426142,-0.008184539949892877,0.8724615370925071,0.8721342262622457,-0.00032731083026138474
3.0,1.0,1.0,2.0,2.0,5.0,1.0,3.0,8.0,8.0,3.0,7.0,1.0,0.0,0.0,0.0,0.0,0.0,1.0,0.0,1.0,0.0,0.0,0.0,0.0,0.0,0.0,0.0,0.0,0.0,0.0,0.0,0.0,0.0,0.0,0.0,0.0,0.0,0.0,0.0,0.874202267913075,0.8504805210649967,-0.023721746848078262,0.874202267913075,0.8636981805935335,-0.010504087319541444,0.874202267913075,0.8785653046344816,0.004363036721406588,0.874202267913075,0.8791364644702178,0.004934196557142778,0.874202267913075,0.8661122933794472,-0.008089974533627808,0.874202267913075,0.8738787786493726,-0.0003234892637024034
5.0,3.0,2.0,2.0,2.0,3.0,3.0,3.0,9.0,9.0,4.0,9.0,0.0,0.0,0.0,0.0,0.0,1.0,0.0,0.0,0.0,0.0,0.0,0.0,0.0,0.0,0.0,0.0,0.0,0.0,0.0,0.0,0.0,0.0,0.0,0.0,0.0,0.0,0.0,0.0,0.5633913612811355,0.5136655112754521,-0.049725850005683414,0.5633913612811355,0.540573719406549,-0.02281764187458657,0.5633913612811355,0.5732722324967661,0.009880871215630527,0.5633913612811355,0.5745840185961569,0.011192657315021393,0.5633913612811355,0.5457005852638427,-0.017690776017292853,0.5633913612811355,0.5626684570599955,-0.0007229042211400749
4.0,1.0,7.0,2.0,1.0,5.0,1.0,4.0,10.0,10.0,4.0,10.0,0.0,0.0,0.0,0.0,0.0,0.0,1.0,0.0,0.0,0.0,0.0,0.0,1.0,0.0,0.0,0.0,0.0,0.0,0.0,0.0,0.0,0.0,0.0,0.0,0.0,0.0,0.0,0.0,0.921774762427725,0.9060598039144929,-0.015714958513232125,0.921774762427725,0.9148560834814331,-0.006918678946291945,,,,,,,0.921774762427725,0.9164517602910508,-0.005323002136674249,,,
2.0,2.0,5.0,4.0,2.0,4.0,2.0,3.0,6.0,6.0,2.0,6.0,0.0,0.0,0.0,1.0,0.0,0.0,1.0,0.0,0.0,0.0,0.0,0.0,0.0,0.0,0.0,0.0,1.0,0.0,0.0,0.0,0.0,0.0,0.0,0.0,0.0,1.0,0.0,0.0,0.6666673428047932,0.6207866745819187,-0.04588066822287451,0.6666673428047932,0.6458542837817757,-0.020813059023017555,0.6666673428047932,0.6755569348052753,0.008889592000482116,0.6666673428047932,0.6767315984548824,0.010064255650089171,0.6666673428047932,0.650565736964973,-0.016101605839820232,0.6666673428047932,0.6660140661590903,-0.000653276645702916
4.0,3.0,5.0,4.0,1.0,4.0,1.0,3.0,9.0,8.0,4.0,10.0,0.0,0.0,0.0,0.0,0.0,0.0,1.0,0.0,0.0,0.0,0.0,0.0,1.0,0.0,0.0,0.0,0.0,0.0,0.0,0.0,0.0,0.0,0.0,0.0,0.0,0.0,0.0,0.0,0.8306841661475344,0.8006277165456421,-0.030056449601892243,0.8306841661475344,0.81730572168676,-0.013378444460774408,0.8306841661475344,0.8362738610566801,0.005589694909145737,0.8306841661475344,0.8370070327780254,0.006322866630490975,0.8306841661475344,0.8203706247807543,-0.010313541366780088,,,
3.0,1.0,2.0,1.0,3.0,3.0,4.0,3.0,5.0,5.0,3.0,7.0,0.0,0.0,0.0,0.0,0.0,0.0,0.0,0.0,0.0,0.0,0.0,1.0,0.0,0.0,0.0,0.0,0.0,0.0,0.0,0.0,0.0,0.0,0.0,0.0,0.0,0.0,0.0,0.0,0.6984318678412834,0.6546585208273078,-0.043773347013975616,0.6984318678412834,0.6786461264802094,-0.019785741361074027,0.6984318678412834,0.7068468417943702,0.008414973953086768,0.6984318678412834,0.707957192451777,0.009525324610493602,0.6984318678412834,0.683135358002596,-0.015296509838687466,0.6984318678412834,0.6978126262240545,-0.0006192416172289272
5.0,1.0,8.0,2.0,1.0,4.0,2.0,5.0,9.0,8.0,5.0,6.0,1.0,0.0,0.0,0.0,0.0,0.0,1.0,0.0,0.0,0.0,0.0,0.0,0.0,1.0,0.0,0.0,0.0,0.0,0.0,1.0,0.0,0.0,0.0,0.0,0.0,0.0,0.0,0.0,0.8075246181376254,0.7744731292393978,-0.03305148889822762,,,,0.8075246181376254,0.813707422082103,0.006182803944477566,0.8075246181376254,0.8145192340980002,0.0069946159603747615,,,,0.8075246181376254,0.8070675079295822,-0.0004571102080432876
7.0,2.0,9.0,1.0,2.0,3.0,3.0,4.0,8.0,8.0,3.0,8.0,1.0,0.0,0.0,0.0,0.0,0.0,0.0,0.0,0.0,0.0,0.0,0.0,1.0,0.0,0.0,0.0,0.0,0.0,0.0,0.0,0.0,0.0,1.0,0.0,0.0,0.0,0.0,0.0,0.6695163259555194,0.6238065174272611,-0.04570980852825823,0.6695163259555194,0.6487874405259421,-0.020728885429577293,0.6695163259555194,0.6783665949709125,0.008850269015393097,0.6695163259555194,0.6795359116376246,0.010019585682105259,0.6695163259555194,0.6534808081788289,-0.016035517776690433,0.6695163259555194,0.6688658594984279,-0.0006504664570914365
5.0,1.0,10.0,1.0,1.0,2.0,2.0,4.0,8.0,7.0,5.0,6.0,0.0,0.0,0.0,0.0,0.0,0.0,0.0,0.0,0.0,0.0,0.0,0.0,0.0,0.0,0.0,0.0,0.0,0.0,0.0,0.0,0.0,0.0,0.0,0.0,0.0,0.0,0.0,0.0,0.8648773141492485,0.8397195513339898,-0.025157762815258722,0.8648773141492485,0.8537248788141195,-0.011152435335128996,0.8648773141492485,0.8695154941877048,0.0046381800384562855,0.8648773141492485,0.870122926842803,0.005245612693554502,,,,0.8648773141492485,0.8645335615478875,-0.0003437526013609915
4.0,1.0,10.0,1.0,2.0,3.0,3.0,3.0,7.0,3.0,3.0,4.0,0.0,0.0,0.0,0.0,0.0,0.0,0.0,0.0,0.0,0.0,0.0,0.0,0.0,0.0,0.0,0.0,1.0,0.0,0.0,0.0,0.0,0.0,0.0,0.0,0.0,0.0,0.0,0.0,0.8024935812901681,0.7688254917880344,-0.033668089502133736,0.8024935812901681,0.787457595806329,-0.01503598548383911,0.8024935812901681,0.8087997301745206,0.006306148884352436,0.8024935812901681,0.809627925087055,0.007134343796886822,0.8024935812901681,0.7908951233511216,-0.01159845793904657,0.8024935812901681,0.8020274520846016,-0.0004661292055665456
5.0,1.0,4.0,1.0,1.0,5.0,1.0,4.0,9.0,9.0,5.0,10.0,1.0,0.0,0.0,0.0,0.0,0.0,1.0,0.0,0.0,0.0,0.0,0.0,0.0,0.0,0.0,0.0,0.0,0.0,0.0,0.0,0.0,0.0,0.0,0.0,0.0,0.0,0.0,0.0,0.8666512182168373,0.841763302634807,-0.024887915582030296,0.8666512182168373,0.8556207520010242,-0.011030466215813162,0.8666512182168373,0.8712375731064307,0.004586354889593358,0.8666512182168373,0.8718381707326429,0.005186952515805587,,,,,,
4.0,1.0,2.0,1.0,4.0,4.0,4.0,1.0,6.0,7.0,2.0,5.0,0.0,1.0,0.0,0.0,0.0,0.0,1.0,0.0,0.0,0.0,0.0,0.0,0.0,0.0,0.0,0.0,0.0,1.0,0.0,0.0,0.0,0.0,0.0,0.0,0.0,0.0,0.0,0.0,0.4221502842859087,0.3742061668600555,-0.047944117425853194,0.4221502842859087,0.3998147072627711,-0.0223355770231376,0.4221502842859087,0.4320050368041605,0.009854752518251852,0.4221502842859087,0.43332181801069064,0.011171533724781968,0.4221502842859087,0.40478279311507837,-0.017367491170830307,0.4221502842859087,0.4214336789953241,-0.0007166052905845932
4.0,1.0,4.0,1.0,1.0,3.0,2.0,3.0,7.0,6.0,4.0,5.0,1.0,0.0,0.0,0.0,0.0,0.0,0.0,0.0,0.0,0.0,0.0,1.0,0.0,0.0,0.0,0.0,0.0,0.0,0.0,0.0,0.0,0.0,0.0,0.0,0.0,0.0,0.0,0.0,0.8310925984384527,0.8010912914053598,-0.030001307033092894,0.8310925984384527,0.8177393452984505,-0.013353253140002241,0.8310925984384527,0.8366714607653495,0.00557886232689675,0.8310925984384527,0.8374031981966665,0.006310599758213797,0.8310925984384527,0.820798568869619,-0.01029402956883374,0.8310925984384527,0.8306797238464705,-0.0004128745919822485
4.0,1.0,2.0,1.0,2.0,5.0,2.0,3.0,8.0,5.0,2.0,5.0,0.0,0.0,0.0,0.0,1.0,0.0,1.0,0.0,0.0,1.0,0.0,0.0,0.0,0.0,0.0,0.0,0.0,0.0,0.0,0.0,0.0,0.0,0.0,0.0,0.0,0.0,0.0,0.0,0.8130466761843487,0.7806858942213559,-0.032360781962992746,0.8130466761843487,0.79861247390462,-0.014434202279728692,0.8130466761843487,0.8190918361314483,0.006045159947099643,0.8130466761843487,0.819885378072455,0.006838701888106313,0.8130466761843487,0.8019149721022273,-0.011131704082121385,0.8130466761843487,0.8125996369078698,-0.00044703927647882225
4.0,1.0,6.0,3.0,1.0,4.0,1.0,4.0,6.0,6.0,1.0,6.0,0.0,1.0,0.0,0.0,0.0,0.0,0.0,0.0,0.0,0.0,0.0,0.0,1.0,0.0,0.0,0.0,0.0,0.0,0.0,0.0,0.0,1.0,0.0,0.0,0.0,0.0,0.0,0.0,0.6900859723659948,0.6457157029037625,-0.044370269462232326,0.6900859723659948,0.6700113716958975,-0.020074600670097253,0.6900859723659948,0.6986333432940082,0.008547370928013387,0.6900859723659948,0.6997615894917847,0.009675617125789904,0.6900859723659948,0.6745633841111137,-0.015522588254881065,0.6900859723659948,0.6894572130678956,-0.0006287592980991352
3.0,3.0,8.0,1.0,1.0,3.0,4.0,2.0,4.0,3.0,3.0,3.0,0.0,1.0,0.0,0.0,0.0,0.0,1.0,0.0,0.0,0.0,0.0,0.0,0.0,0.0,0.0,0.0,0.0,0.0,0.0,0.0,0.0,0.0,0.0,0.0,0.0,0.0,0.0,0.0,0.5841911939665917,0.534878543744672,-0.04931265022191966,0.5841911939665917,0.5616147420994833,-0.022576451867108438,0.5841911939665917,0.5939406124662863,0.009749418499694573,0.5841911939665917,0.5952337230369403,0.011042529070348639,0.5841911939665917,0.5666950149011672,-0.017496179065424444,0.5841911939665917,0.5834772674877372,-0.0007139264788544875
7.0,1.0,3.0,1.0,1.0,5.0,1.0,3.0,9.0,9.0,4.0,9.0,0.0,0.0,0.0,0.0,0.0,0.0,0.0,0.0,0.0,0.0,0.0,0.0,0.0,1.0,0.0,0.0,0.0,0.0,0.0,0.0,0.0,0.0,1.0,0.0,0.0,0.0,0.0,0.0,0.902835099965471,0.8837949481426057,-0.019040151822865226,0.902835099965471,0.8944331363696999,-0.008401963595771056,0.902835099965471,0.9063114932612564,0.0034763932957854182,0.902835099965471,0.9067659997866397,0.003930899821168787,0.902835099965471,0.8963682022761486,-0.006466897689322404,0.902835099965471,0.9025770347000952,-0.0002580652653757509
5.0,1.0,9.0,1.0,1.0,4.0,2.0,4.0,7.0,7.0,3.0,8.0,0.0,0.0,0.0,0.0,0.0,0.0,1.0,0.0,0.0,0.0,0.0,0.0,1.0,0.0,0.0,0.0,0.0,0.0,0.0,0.0,0.0,0.0,0.0,0.0,0.0,0.0,0.0,0.0,0.879869638199828,0.8570418262395811,-0.022827811960246858,0.879869638199828,0.8697682780350192,-0.010101360164808781,0.879869638199828,0.8840621819765067,0.004192543776678659,0.879869638199828,0.8846108832638979,0.004741245064069921,0.879869638199828,0.8720908019212142,-0.007778836278613754,0.879869638199828,0.8795587147427759,-0.00031092345705208135
6.0,1.0,5.0,1.0,1.0,4.0,1.0,4.0,7.0,7.0,4.0,8.0,0.0,0.0,0.0,0.0,0.0,0.0,0.0,0.0,0.0,0.0,0.0,1.0,0.0,0.0,0.0,0.0,0.0,0.0,0.0,0.0,0.0,0.0,0.0,0.0,0.0,0.0,0.0,0.0,0.8841315344864973,0.8619865575281204,-0.022144976958376916,0.8841315344864973,0.8743373608563494,-0.009794173630147895,0.8841315344864973,0.8881942388014441,0.004062704314946819,0.8841315344864973,0.8887258456552901,0.004594311168792831,0.8841315344864973,0.8765899623621706,-0.007541572124326712,0.8841315344864973,0.8838301853494362,-0.0003013491370610355
3.0,1.0,5.0,1.0,3.0,4.0,2.0,2.0,4.0,5.0,2.0,3.0,1.0,0.0,0.0,0.0,0.0,0.0,1.0,0.0,0.0,0.0,0.0,0.0,0.0,0.0,0.0,0.0,0.0,0.0,0.0,0.0,0.0,0.0,0.0,0.0,0.0,0.0,0.0,0.0,0.7600157820709257,0.7216185553470839,-0.038397226723841826,0.7600157820709257,0.7427825055913246,-0.017233276479601045,0.7600157820709257,0.7672848936983397,0.00726911162741406,0.7600157820709257,0.7682413846207614,0.008225602549835731,0.7600157820709257,0.7467101690613932,-0.01330561300953248,0.7600157820709257,0.7594794490016056,-0.0005363330693201052
4.0,1.0,4.0,1.0,2.0,3.0,2.0,2.0,6.0,6.0,2.0,6.0,0.0,0.0,0.0,1.0,0.0,0.0,0.0,0.0,0.0,0.0,0.0,0.0,0.0,0.0,0.0,0.0,0.0,0.0,0.0,0.0,0.0,0.0,0.0,0.0,0.0,0.0,0.0,0.0,0.7060448031483567,0.6628430534971715,-0.04320174965118517,0.7060448031483567,0.6865343690165309,-0.01951043413182585,0.7060448031483567,0.7143342320947629,0.008289428946406163,0.7060448031483567,0.7154276407175169,0.00938283756916014,0.7060448031483567,0.6909635843079481,-0.015081218840408583,0.7060448031483567,0.7054346009514186,-0.0006102021969380811
4.0,6.0,4.0,1.0,2.0,4.0,2.0,4.0,8.0,10.0,4.0,9.0,1.0,0.0,0.0,0.0,0.0,0.0,0.0,0.0,0.0,0.0,0.0,1.0,0.0,0.0,0.0,0.0,0.0,0.0,0.0,0.0,0.0,0.0,0.0,0.0,0.0,0.0,0.0,1.0,0.6502277201335418,0.603430292627952,-0.046797427505589795,0.6502277201335418,0.6289594796649809,-0.021268240468560906,0.6502277201335418,0.6593317013593902,0.009103981225848434,,,,0.6502277201335418,0.6337682442348371,-0.016459475898704667,0.6502277201335418,0.6495591607839547,-0.0006685593495870945
6.0,1.0,8.0,1.0,2.0,5.0,3.0,3.0,8.0,7.0,3.0,7.0,0.0,0.0,0.0,0.0,0.0,0.0,1.0,0.0,0.0,0.0,0.0,0.0,0.0,0.0,0.0,0.0,0.0,0.0,0.0,0.0,0.0,0.0,0.0,0.0,0.0,0.0,0.0,0.0,0.8364299315030275,0.8071566669301012,-0.029273264572926228,0.8364299315030275,0.8234089734998806,-0.013020958003146843,0.8364299315030275,0.8418660490511918,0.00543611754816431,0.8364299315030275,0.8425788926855781,0.006148961182550594,0.8364299315030275,0.8263932364382719,-0.010036695064755574,0.8364299315030275,0.8360275293638283,-0.0004024021391991761
5.0,1.0,9.0,1.0,3.0,5.0,2.0,4.0,6.0,8.0,3.0,9.0,0.0,0.0,0.0,0.0,0.0,0.0,1.0,0.0,0.0,0.0,0.0,0.0,1.0,0.0,0.0,0.0,0.0,0.0,0.0,1.0,0.0,0.0,0.0,0.0,0.0,0.0,0.0,0.0,0.8137316939047078,0.7814576135466208,-0.03227408035808699,0.8137316939047078,0.7993373270780783,-0.014394366826629534,0.8137316939047078,0.8197596140717694,0.006027920167061662,0.8137316939047078,0.82055086857841,0.0068191746737021885,0.8137316939047078,0.8026308762807224,-0.011100817623985404,0.8137316939047078,0.8132859164668914,-0.0004457774378163748
5.0,1.0,9.0,1.0,1.0,3.0,4.0,3.0,9.0,7.0,5.0,10.0,0.0,0.0,0.0,0.0,0.0,0.0,0.0,0.0,0.0,0.0,0.0,1.0,0.0,0.0,0.0,0.0,0.0,0.0,0.0,0.0,0.0,0.0,0.0,0.0,0.0,0.0,0.0,0.0,0.8445746750598689,0.816439145885762,-0.028135529174106888,0.8445746750598689,0.8320719076897233,-0.012502767370145662,0.8445746750598689,0.8497887198068323,0.005214044746963409,0.8445746750598689,0.8504721926201608,0.005897517560291887,,,,,,
3.0,1.0,6.0,1.0,1.0,4.0,1.0,3.0,7.0,7.0,3.0,9.0,0.0,0.0,0.0,0.0,0.0,0.0,0.0,0.0,0.0,0.0,0.0,1.0,0.0,0.0,0.0,0.0,0.0,0.0,0.0,0.0,0.0,0.0,0.0,0.0,0.0,0.0,0.0,0.0,0.9360122954647772,0.9229183866236885,-0.01309390884108863,0.9360122954647772,0.9302575879026347,-0.005754707562142469,0.9360122954647772,0.9383826784516502,0.0023703829868730875,0.9360122954647772,0.9386921242345231,0.002679828769745929,0.9360122954647772,0.9315862107473674,-0.004426084717409795,0.9360122954647772,0.9358360848020169,-0.00017621066276030106
3.0,1.0,4.0,1.0,2.0,4.0,3.0,3.0,6.0,7.0,3.0,9.0,1.0,0.0,0.0,0.0,0.0,0.0,1.0,0.0,0.0,0.0,0.0,0.0,0.0,0.0,0.0,0.0,0.0,0.0,0.0,0.0,0.0,0.0,0.0,0.0,0.0,0.0,0.0,0.0,0.7798346730922252,0.7435384177534012,-0.03629625533882397,0.7798346730922252,0.7635818785781261,-0.01625279451409911,0.7798346730922252,0.7866719726858806,0.0068372995936554215,0.7798346730922252,0.7875708411094439,0.007736168017218659,0.7798346730922252,0.7672914421388928,-0.01254323095333243,0.7798346730922252,0.7793297722921323,-0.0005049008000929112
6.0,1.0,7.0,1.0,1.0,4.0,2.0,4.0,9.0,9.0,4.0,8.0,0.0,0.0,0.0,0.0,0.0,0.0,1.0,0.0,0.0,0.0,0.0,0.0,0.0,1.0,0.0,0.0,0.0,0.0,0.0,0.0,0.0,0.0,0.0,1.0,0.0,0.0,0.0,0.0,0.8475058221091264,0.8197876789283087,-0.027718143180817667,0.8475058221091264,0.8351928320636252,-0.012312990045501238,0.8475058221091264,0.852638692616869,0.005132870507742582,0.8475058221091264,0.8533114362720743,0.005805614162947892,0.8475058221091264,0.8380171312024137,-0.009488690906712671,0.8475058221091264,0.8471256878767427,-0.0003801342323836998
2.0,2.0,3.0,4.0,2.0,4.0,3.0,4.0,7.0,7.0,1.0,8.0,0.0,0.0,0.0,0.0,1.0,0.0,1.0,0.0,0.0,0.0,0.0,0.0,0.0,0.0,0.0,0.0,1.0,0.0,0.0,0.0,0.0,0.0,0.0,0.0,0.0,1.0,0.0,0.0,0.7790504277083239,0.7426675459296225,-0.036382881778701415,0.7790504277083239,0.7627573520353454,-0.01629307567297844,0.7790504277083239,0.7859053958985616,0.006854968190237676,0.7790504277083239,0.7868066189777736,0.007756191269449708,0.7790504277083239,0.7664758963809486,-0.012574531327375293,0.7790504277083239,0.7785442391463276,-0.0005061885619962458
6.0,6.0,7.0,2.0,3.0,4.0,2.0,3.0,9.0,9.0,4.0,9.0,0.0,0.0,0.0,0.0,0.0,0.0,0.0,0.0,0.0,0.0,0.0,0.0,0.0,1.0,0.0,0.0,0.0,0.0,0.0,0.0,0.0,0.0,0.0,0.0,0.0,0.0,0.0,0.0,0.6073856049892714,0.5587459906629246,-0.04863961432634678,0.6073856049892714,0.5851742559268001,-0.022211349062471353,0.6073856049892714,0.6169477787599696,0.009562173770698235,0.6073856049892714,0.6182147183398435,0.010829113350572128,0.6073856049892714,0.5901807352895707,-0.017204869699700698,0.6073856049892714,0.6066846903653308,-0.0007009146239406183
2.0,1.0,10.0,1.0,3.0,4.0,2.0,3.0,8.0,7.0,4.0,7.0,0.0,0.0,0.0,0.0,0.0,0.0,1.0,0.0,0.0,0.0,0.0,0.0,0.0,0.0,1.0,0.0,0.0,0.0,0.0,0.0,0.0,0.0,0.0,0.0,0.0,0.0,0.0,0.0,0.8645120642822522,0.8392989332317129,-0.02521313105053935,0.8645120642822522,0.8533345949840339,-0.01117746929821839,0.8645120642822522,0.8691608851029399,0.004648820820687627,0.8645120642822522,0.8697697212946435,0.005257657012391226,0.8645120642822522,0.8559016385780196,-0.00861042570423265,0.8645120642822522,0.8641675284180438,-0.0003445358642084617
3.0,1.0,5.0,1.0,1.0,5.0,3.0,2.0,4.0,7.0,3.0,8.0,0.0,0.0,0.0,0.0,0.0,0.0,1.0,0.0,0.0,0.0,0.0,0.0,0.0,0.0,0.0,0.0,0.0,0.0,0.0,0.0,0.0,0.0,0.0,0.0,0.0,0.0,0.0,0.0,0.9035041655360012,0.8845783605302905,-0.018925805005710727,0.9035041655360012,0.895153338114497,-0.00835082742150417,0.9035041655360012,0.9069590877266827,0.003454922190681442,0.9035041655360012,0.907410773560194,0.003906608024192737,0.9035041655360012,0.8970767216562587,-0.006427443879742478,0.9035041655360012,0.9032476868435559,-0.0002564786924452722
5.0,1.0,7.0,1.0,2.0,4.0,3.0,3.0,4.0,4.0,2.0,5.0,0.0,0.0,0.0,0.0,0.0,0.0,0.0,0.0,0.0,0.0,0.0,0.0,0.0,0.0,0.0,0.0,0.0,0.0,0.0,0.0,0.0,0.0,0.0,0.0,0.0,0.0,0.0,0.0,0.8162291299314951,0.7842730536471353,-0.03195607628435981,0.8162291299314951,0.8019807939853332,-0.014248335946161927,0.8162291299314951,0.8221938892487785,0.005964759317283352,0.8162291299314951,0.8229767649882659,0.006747635056770784,0.8162291299314951,0.8052415265338614,-0.010987603397633716,0.8162291299314951,0.8157879763205452,-0.0004411536109498737
5.0,1.0,9.0,1.0,2.0,4.0,2.0,4.0,7.0,7.0,4.0,6.0,0.0,0.0,0.0,0.0,0.0,0.0,1.0,0.0,0.0,0.0,0.0,1.0,0.0,0.0,0.0,0.0,0.0,0.0,0.0,1.0,0.0,0.0,0.0,0.0,0.0,0.0,0.0,0.0,0.8471827356785113,0.8194183795813285,-0.027764356097182863,0.8471827356785113,0.8348487419045931,-0.012333993773918195,0.8471827356785113,0.8523245861768545,0.005141850498343148,0.8471827356785113,0.8529985165825561,0.005815780904044776,0.8471827356785113,0.8376777916783258,-0.009504944000185533,0.8471827356785113,0.8468019416469533,-0.00038079403155799607
5.0,1.0,9.0,1.0,2.0,2.0,2.0,4.0,8.0,8.0,2.0,8.0,0.0,0.0,0.0,1.0,0.0,0.0,1.0,0.0,0.0,0.0,0.0,1.0,0.0,0.0,0.0,0.0,0.0,0.0,0.0,0.0,0.0,0.0,0.0,0.0,0.0,0.0,0.0,0.0,0.6529212477975931,0.6062659776197956,-0.04665527017779747,0.6529212477975931,0.6317240267167888,-0.02119722108080424,0.6529212477975931,0.6619915653386756,0.009070317541082562,0.6529212477975931,0.6631908565363989,0.01026960873880578,0.6529212477975931,0.6365176681931629,-0.016403579604430174,0.6529212477975931,0.6522550834795006,-0.0006661643180925214
2.0,6.0,9.0,2.0,2.0,2.0,1.0,4.0,6.0,7.0,3.0,7.0,0.0,0.0,0.0,0.0,0.0,0.0,0.0,0.0,0.0,0.0,0.0,0.0,0.0,0.0,0.0,0.0,1.0,0.0,0.0,0.0,0.0,0.0,0.0,0.0,0.0,0.0,0.0,1.0,0.7149431403754037,0.6724424391823611,-0.04250070119304261,0.7149431403754037,0.6957688205885423,-0.01917431978686146,0.7149431403754037,0.7230800574167844,0.008136917041380642,0.7149431403754037,0.7241529175217672,0.009209777146363507,0.7149431403754037,0.7001245483390722,-0.014818592036331513,0.7149431403754037,0.7143439363451828,-0.0005992040302209567
3.0,1.0,6.0,1.0,1.0,3.0,4.0,2.0,5.0,6.0,2.0,5.0,0.0,0.0,0.0,0.0,1.0,0.0,1.0,0.0,0.0,0.0,0.0,0.0,0.0,0.0,0.0,0.0,1.0,0.0,0.0,0.0,0.0,0.0,0.0,0.0,0.0,0.0,0.0,0.0,0.8155154864343827,0.7834682346527257,-0.032047251781656905,0.8155154864343827,0.8012252941140883,-0.014290192320294381,0.8155154864343827,0.8214983433357146,0.005982856901331934,0.8155154864343827,0.8222836195960201,0.006768133161637491,0.8155154864343827,0.8044954345492089,-0.011020051885173743,0.8155154864343827,0.8150730078119268,-0.000442478622455833
4.0,1.0,7.0,1.0,1.0,5.0,1.0,4.0,9.0,8.0,4.0,7.0,0.0,0.0,0.0,0.0,0.0,0.0,0.0,0.0,0.0,0.0,0.0,0.0,0.0,0.0,0.0,0.0,0.0,0.0,0.0,1.0,0.0,0.0,0.0,0.0,0.0,0.0,0.0,0.0,0.9406952696536782,0.9284864302620579,-0.012208839391620319,0.9406952696536782,0.9353326261605915,-0.005362643493086683,0.9406952696536782,0.9429027571344032,0.002207487480724968,0.9406952696536782,0.9431908770688084,0.0024956074151302188,0.9406952696536782,0.9365711595093908,-0.004124110144287374,0.9406952696536782,0.9405311357194419,-0.00016413393423631017
3.0,1.0,2.0,2.0,2.0,4.0,3.0,1.0,8.0,7.0,4.0,6.0,0.0,0.0,0.0,0.0,0.0,0.0,1.0,0.0,1.0,0.0,0.0,0.0,0.0,0.0,0.0,0.0,0.0,0.0,0.0,0.0,0.0,0.0,0.0,0.0,0.0,0.0,0.0,0.0,0.8669248492530951,0.8420786975896742,-0.024846151663420857,0.8669248492530951,0.8559132543635717,-0.011011594889523413,0.8669248492530951,0.8715031883435749,0.004578339090479777,0.8669248492530951,0.8721027289124966,0.00517787965940153,0.8669248492530951,0.8584426514853655,-0.008482197767729627,0.8669248492530951,0.8665855020667578,-0.0003393471863373243
7.0,6.0,3.0,1.0,1.0,4.0,1.0,4.0,6.0,7.0,3.0,10.0,0.0,0.0,0.0,0.0,0.0,0.0,1.0,0.0,0.0,0.0,0.0,1.0,0.0,0.0,0.0,0.0,0.0,0.0,0.0,0.0,0.0,0.0,1.0,0.0,0.0,0.0,0.0,0.0,0.7136649137951798,0.67106131784173,-0.04260359595344987,0.7136649137951798,0.6944413610188261,-0.01922355277635368,0.7136649137951798,0.7218241210799332,0.00815920728475339,0.7136649137951798,0.7228999823198824,0.009235068524702572,0.7136649137951798,0.6988078669328777,-0.014857046862302159,,,
3.0,1.0,6.0,1.0,2.0,5.0,2.0,4.0,4.0,6.0,3.0,7.0,0.0,0.0,0.0,0.0,0.0,0.0,1.0,0.0,0.0,0.0,0.0,0.0,0.0,0.0,0.0,0.0,0.0,0.0,0.0,0.0,0.0,0.0,0.0,0.0,0.0,0.0,0.0,0.0,0.8685125254106404,0.8439094323521493,-0.024603093058491066,0.8685125254106404,0.8576107282724892,-0.010901797138151204,0.8685125254106404,0.873044240983308,0.004531715572667627,0.8685125254106404,0.8736376338464588,0.005125108435818371,0.8685125254106404,0.8601151968669675,-0.008397328543672922,0.8685125254106404,0.8681766112340996,-0.0003359141765407747
6.0,1.0,9.0,2.0,2.0,3.0,3.0,4.0,8.0,8.0,4.0,7.0,1.0,0.0,0.0,0.0,0.0,0.0,1.0,0.0,0.0,0.0,0.0,0.0,0.0,0.0,0.0,0.0,0.0,0.0,0.0,0.0,0.0,0.0,0.0,0.0,0.0,0.0,0.0,0.0,0.6737463302373159,0.6282967669607317,-0.045449563276584226,0.6737463302373159,0.6531453101684322,-0.020601020068883646,0.6737463302373159,0.6825370337803195,0.008790703543003597,0.6737463302373159,0.683698258097005,0.009951927859689125,0.6737463302373159,0.6578111573097168,-0.01593517292759905,0.6737463302373159,0.67310012430154,-0.000646205935775912
3.0,1.0,5.0,1.0,2.0,4.0,3.0,3.0,9.0,9.0,4.0,9.0,0.0,0.0,0.0,0.0,0.0,0.0,1.0,0.0,0.0,0.0,0.0,1.0,0.0,0.0,0.0,0.0,0.0,0.0,0.0,0.0,0.0,0.0,0.0,0.0,0.0,0.0,0.0,0.0,0.8619854772143406,0.8363911509684243,-0.025594326245916288,0.8619854772143406,0.8506355823009338,-0.011349894913406766,0.8619854772143406,0.866707623237043,0.004722146022702378,0.8619854772143406,0.8673261326627459,0.00534065544840534,0.8619854772143406,0.8532417415150161,-0.008743735699324517,0.8619854772143406,0.8616355447289635,-0.0003499324853770691
7.0,3.0,4.0,1.0,1.0,3.0,1.0,2.0,9.0,9.0,4.0,9.0,0.0,0.0,0.0,0.0,0.0,0.0,1.0,0.0,0.0,0.0,0.0,1.0,0.0,0.0,0.0,0.0,0.0,0.0,0.0,0.0,0.0,0.0,1.0,0.0,0.0,0.0,0.0,0.0,0.8353127942186324,0.8058859997350174,-0.02942679448361496,0.8353127942186324,0.8222218081826188,-0.013090986036013552,0.8353127942186324,0.84077897146691,0.005466177248277693,0.8353127942186324,0.8414957928507395,0.0061829986321071395,0.8353127942186324,0.8252218749258743,-0.010090919292758072,0.8353127942186324,0.8349081862357505,-0.00040460798288188826
3.0,1.0,8.0,1.0,1.0,3.0,2.0,4.0,8.0,7.0,5.0,8.0,1.0,0.0,0.0,0.0,0.0,0.0,1.0,0.0,1.0,0.0,0.0,0.0,0.0,0.0,0.0,0.0,0.0,0.0,0.0,0.0,0.0,0.0,0.0,0.0,0.0,0.0,0.0,0.0,0.8740422116879172,0.8502954515094635,-0.023746760178453674,0.8740422116879172,0.86352684608309,-0.010515365604827132,0.8740422116879172,0.8784100275301105,0.004367815842193368,0.8740422116879172,0.8789818171009459,0.004939605413028736,,,,0.8740422116879172,0.8737183702940593,-0.00032384139385788213
6.0,3.0,10.0,2.0,2.0,4.0,1.0,3.0,9.0,7.0,5.0,7.0,0.0,0.0,0.0,0.0,0.0,0.0,0.0,0.0,0.0,0.0,0.0,1.0,0.0,0.0,0.0,0.0,0.0,0.0,0.0,0.0,0.0,0.0,0.0,0.0,0.0,0.0,0.0,0.0,0.8228282938151773,0.7917269413389783,-0.03110135247619905,0.8228282938151773,0.8089718657162932,-0.0138564280988841,0.8228282938151773,0.8286238323200661,0.005795538504888786,0.8228282938151773,0.8293842720531448,0.006555978237967497,,,,0.8228282938151773,0.8223995349721243,-0.00042875884305304535
3.0,1.0,4.0,1.0,3.0,5.0,2.0,3.0,5.0,7.0,3.0,7.0,0.0,0.0,0.0,0.0,0.0,0.0,0.0,0.0,0.0,0.0,0.0,0.0,0.0,0.0,0.0,0.0,0.0,0.0,0.0,0.0,0.0,0.0,0.0,0.0,0.0,0.0,0.0,0.0,0.8516875954586826,0.8245722177627516,-0.027115377695930976,0.8516875954586826,0.8396483731513434,-0.012039222307339115,0.8516875954586826,0.8567035088585451,0.005015913399862515,0.8516875954586826,0.8573607999671069,0.005673204508424345,0.8516875954586826,0.84241072476384,-0.00927687069484251,0.8516875954586826,0.8513160566642923,-0.00037153879439022486
2.0,1.0,7.0,1.0,2.0,5.0,2.0,3.0,8.0,7.0,5.0,6.0,1.0,0.0,0.0,0.0,0.0,0.0,0.0,0.0,1.0,0.0,0.0,0.0,0.0,0.0,0.0,0.0,0.0,0.0,0.0,0.0,0.0,0.0,0.0,0.0,0.0,0.0,0.0,0.0,0.9033714772036435,0.8844229769760472,-0.01894850022759631,0.9033714772036435,0.8950105011755678,-0.008360976028075728,0.9033714772036435,0.9068306602496233,0.003459183045979808,0.9033714772036435,0.9072829058230281,0.003911428619384538,,,,0.9033714772036435,0.9031146836539699,-0.00025679354967367285
3.0,1.0,9.0,2.0,1.0,2.0,2.0,2.0,8.0,8.0,3.0,9.0,0.0,0.0,0.0,0.0,0.0,0.0,1.0,0.0,0.0,0.0,0.0,1.0,0.0,0.0,0.0,0.0,0.0,0.0,0.0,0.0,0.0,0.0,0.0,0.0,0.0,0.0,0.0,0.0,0.9008524274706667,0.881474762091114,-0.019377665379552766,0.9008524274706667,0.892299471654866,-0.008552955815800733,0.9008524274706667,0.9043922453913983,0.0035398179207315472,0.9008524274706667,0.9048550852247926,0.004002657754125893,0.9008524274706667,0.8942690248830086,-0.006583402587658105,0.9008524274706667,0.9005896761445565,-0.0002627513261101999
5.0,1.0,2.0,2.0,1.0,4.0,1.0,4.0,9.0,8.0,5.0,9.0,1.0,0.0,0.0,0.0,0.0,0.0,0.0,0.0,0.0,0.0,0.0,1.0,0.0,0.0,0.0,0.0,0.0,0.0,0.0,0.0,0.0,0.0,0.0,0.0,0.0,0.0,0.0,0.0,0.8303760013138934,0.8002779998424755,-0.030098001471417946,0.8303760013138934,0.81697857213719,-0.01339742917670339,0.8303760013138934,0.8359738609335026,0.005597859619609125,0.8303760013138934,0.8367081137502699,0.006332112436376436,,,,0.8303760013138934,0.8299617334615587,-0.00041426785233478203
7.0,3.0,8.0,2.0,3.0,4.0,2.0,3.0,6.0,6.0,4.0,6.0,1.0,0.0,0.0,0.0,0.0,0.0,1.0,0.0,0.0,0.0,0.0,0.0,0.0,0.0,0.0,0.0,0.0,0.0,0.0,0.0,0.0,0.0,1.0,0.0,0.0,0.0,0.0,0.0,0.5457820845017173,0.49584536571772825,-0.04993671878398903,0.5457820845017173,0.5228236135034485,-0.022958470998268754,0.5457820845017173,0.5557472283779421,0.009965143876224825,0.5457820845017173,0.5570712634229957,0.011289178921278453,0.5457820845017173,0.5279755973731628,-0.017806487128554482,0.5457820845017173,0.5450535681337735,-0.0007285163679437989
5.0,1.0,3.0,1.0,4.0,5.0,3.0,2.0,7.0,7.0,2.0,8.0,0.0,0.0,0.0,0.0,0.0,0.0,0.0,0.0,0.0,0.0,0.0,0.0,0.0,0.0,0.0,0.0,0.0,0.0,0.0,0.0,0.0,0.0,0.0,0.0,0.0,0.0,0.0,0.0,0.7466233078755842,0.7069096356056681,-0.03971367226991607,0.7466233078755842,0.7287715262723079,-0.017851781603276273,0.7466233078755842,0.7541668638428176,0.00754355596723344,0.7466233078755842,0.7551600668281132,0.008536758952529033,0.7466233078755842,0.7328361830977268,-0.013787124777857374,0.7466233078755842,0.7460670446042268,-0.0005562632713573823
5.0,1.0,5.0,2.0,2.0,4.0,2.0,2.0,8.0,8.0,3.0,8.0,0.0,1.0,0.0,0.0,0.0,0.0,0.0,0.0,0.0,0.0,0.0,0.0,1.0,0.0,0.0,0.0,0.0,0.0,0.0,0.0,1.0,0.0,0.0,0.0,0.0,0.0,0.0,0.0,0.8045450754724587,0.7711269575727635,-0.03341811789969518,0.8045450754724587,0.7896243258364143,-0.014920749636044395,0.8045450754724587,0.8108011654947745,0.006256090022315863,0.8045450754724587,0.8116227102469586,0.0070776347744999635,0.8045450754724587,0.7930360203319511,-0.011509055140507596,0.8045450754724587,0.8040826059137507,-0.00046246955870798967
2.0,3.0,3.0,4.0,2.0,2.0,2.0,3.0,5.0,5.0,2.0,5.0,0.0,0.0,0.0,0.0,0.0,0.0,1.0,0.0,0.0,0.0,0.0,0.0,0.0,0.0,0.0,0.0,1.0,0.0,0.0,0.0,0.0,0.0,0.0,0.0,0.0,1.0,0.0,0.0,0.7222553212225065,0.6803574119746859,-0.04189790924782055,0.7222553212225065,0.7033687837724064,-0.01888653745010005,0.7222553212225065,0.7302622619435403,0.008006940721033806,0.7222553212225065,0.7313176358113084,0.009062314588801912,0.7222553212225065,0.7076614198591239,-0.014593901363382566,0.7222553212225065,0.7216655038499579,-0.0005898173725485956
3.0,1.0,3.0,1.0,2.0,3.0,4.0,4.0,9.0,9.0,3.0,8.0,0.0,0.0,0.0,0.0,0.0,0.0,0.0,0.0,0.0,0.0,0.0,0.0,0.0,0.0,0.0,0.0,0.0,0.0,0.0,0.0,0.0,0.0,0.0,0.0,0.0,0.0,0.0,0.0,0.8178191292918284,0.7860670725466194,-0.03175205674520898,0.8178191292918284,0.8036644178325204,-0.014154711459308023,0.8178191292918284,0.8237434252007272,0.005924295908898758,0.8178191292918284,0.824520934498947,0.006701805207118605,0.8178191292918284,0.8069041017349874,-0.01091502755684104,0.8178191292918284,0.8173809386020442,-0.0004381906897842347
7.0,3.0,7.0,3.0,2.0,4.0,3.0,4.0,4.0,5.0,2.0,6.0,0.0,0.0,0.0,0.0,0.0,0.0,0.0,0.0,0.0,0.0,0.0,0.0,0.0,0.0,0.0,0.0,0.0,0.0,0.0,0.0,0.0,0.0,1.0,0.0,0.0,0.0,0.0,0.0,0.6516462690302879,0.6049233169102821,-0.04672295212000577,0.6516462690302879,0.6304152573742403,-0.02123101165604757,0.6516462690302879,0.6607325927339587,0.009086323703670796,0.6516462690302879,0.6619340697106924,0.010287800680404469,0.6516462690302879,0.6352160973461507,-0.016430171684137185,0.6516462690302879,0.6509789657049283,-0.0006673033253595806
4.0,1.0,2.0,2.0,1.0,4.0,2.0,1.0,10.0,8.0,4.0,10.0,1.0,0.0,0.0,0.0,0.0,0.0,1.0,0.0,0.0,0.0,0.0,0.0,1.0,0.0,0.0,0.0,0.0,0.0,0.0,0.0,0.0,0.0,0.0,1.0,0.0,0.0,0.0,0.0,0.8169478612843901,0.7850838579085302,-0.03186400337585993,0.8169478612843901,0.8027417836571554,-0.014206077627234692,,,,0.8169478612843901,0.8236748071173897,0.006726945832999598,0.8169478612843901,0.8059930165573117,-0.010954844727078417,,,
4.0,1.0,5.0,1.0,2.0,4.0,2.0,4.0,9.0,9.0,3.0,7.0,0.0,0.0,0.0,0.0,0.0,0.0,1.0,0.0,0.0,0.0,0.0,0.0,1.0,0.0,0.0,0.0,0.0,0.0,0.0,1.0,0.0,0.0,0.0,0.0,0.0,0.0,0.0,0.0,0.8605036296881473,0.8346872020588536,-0.025816427629293703,0.8605036296881473,0.8490532121417832,-0.011450417546364111,0.8605036296881473,0.8652685521206085,0.004764922432461183,0.8605036296881473,0.8658927059460093,0.005389076257862002,0.8605036296881473,0.8516821670056868,-0.008821462682460535,0.8605036296881473,0.860150549584511,-0.00035308010363632736
5.0,1.0,7.0,1.0,3.0,1.0,2.0,4.0,8.0,7.0,3.0,8.0,0.0,0.0,0.0,0.0,0.0,0.0,1.0,0.0,0.0,0.0,0.0,0.0,1.0,0.0,0.0,0.0,0.0,0.0,0.0,1.0,0.0,0.0,0.0,0.0,0.0,0.0,0.0,0.0,0.6840914104968987,0.6393114793802324,-0.04477993111666634,0.6840914104968987,0.6638176760329023,-0.020273734463996385,0.6840914104968987,0.6927304955392395,0.008639085042340788,0.6840914104968987,0.6938711572764109,0.00977974677951221,0.6840914104968987,0.6684128436927336,-0.01567856680416513,0.6840914104968987,0.6834560680007536,-0.0006353424961450527
5.0,1.0,4.0,1.0,2.0,3.0,2.0,4.0,6.0,8.0,4.0,9.0,1.0,0.0,0.0,0.0,0.0,0.0,1.0,0.0,0.0,0.0,0.0,0.0,1.0,0.0,0.0,0.0,0.0,0.0,0.0,0.0,0.0,0.0,0.0,0.0,0.0,0.0,0.0,0.0,0.6866469614570723,0.6420397272876105,-0.044607234169461774,0.6866469614570723,0.6664572679641527,-0.020189693492919547,0.6866469614570723,0.6952472936287243,0.008600332171652014,0.6866469614570723,0.6963827073221137,0.009735745865041445,0.6866469614570723,0.6710342357974305,-0.01561272565964178,0.6866469614570723,0.6860143995882226,-0.0006325618688496348
7.0,2.0,8.0,1.0,3.0,4.0,3.0,3.0,6.0,5.0,3.0,6.0,0.0,0.0,0.0,0.0,0.0,0.0,0.0,0.0,0.0,0.0,0.0,0.0,0.0,0.0,0.0,0.0,0.0,0.0,0.0,0.0,0.0,0.0,1.0,0.0,0.0,0.0,0.0,0.0,0.6949723338153232,0.6509477892031702,-0.044024544612152994,0.6949723338153232,0.6750652123092256,-0.019907121506097636,0.6949723338153232,0.7034428536134989,0.008470519798175702,0.6949723338153232,0.7045607084044807,0.009588374589157511,0.6949723338153232,0.6795808495075248,-0.015391484307798353,0.6949723338153232,0.6943490971806286,-0.0006232366346945462
2.0,2.0,8.0,1.0,5.0,5.0,1.0,4.0,7.0,6.0,3.0,5.0,0.0,0.0,0.0,0.0,0.0,0.0,1.0,0.0,0.0,0.0,0.0,1.0,0.0,0.0,0.0,0.0,0.0,0.0,0.0,0.0,0.0,0.0,0.0,0.0,0.0,0.0,0.0,0.0,0.7657299162509451,0.7279196479699882,-0.037810268280956905,0.7657299162509451,0.7487713337261859,-0.016958582524759236,0.7657299162509451,0.7728776703106153,0.007147754059670164,0.7657299162509451,0.7738179503408026,0.008088034089857477,0.7657299162509451,0.7526380030817682,-0.013091913169176905,0.7657299162509451,0.7652024082783906,-0.0005275079725545195
6.0,1.0,6.0,1.0,2.0,4.0,2.0,4.0,6.0,7.0,5.0,5.0,0.0,0.0,0.0,0.0,0.0,0.0,0.0,0.0,0.0,0.0,0.0,0.0,0.0,0.0,0.0,0.0,0.0,0.0,0.0,1.0,0.0,0.0,0.0,0.0,0.0,0.0,0.0,0.0,0.8116198047064269,0.7790791484101737,-0.032540656296253245,0.8116198047064269,0.7971029291198835,-0.014516875586543465,0.8116198047064269,0.8177007577668867,0.006080953060459748,0.8116198047064269,0.8184990494805012,0.006879244774074311,,,,0.8116198047064269,0.8111701459363752,-0.000449658770051764
3.0,1.0,10.0,1.0,2.0,2.0,1.0,4.0,8.0,8.0,4.0,8.0,0.0,0.0,0.0,0.0,0.0,0.0,0.0,0.0,0.0,0.0,0.0,1.0,0.0,0.0,0.0,0.0,0.0,0.0,0.0,0.0,0.0,0.0,0.0,0.0,0.0,0.0,0.0,0.0,0.8905391534711736,0.8694379664094724,-0.021101187061701276,0.8905391534711736,0.8812138361902508,-0.009325317280922785,0.8905391534711736,0.8944040204709686,0.003864866999794936,0.8905391534711736,0.8949095949302507,0.004370441459077057,0.8905391534711736,0.8833596157216131,-0.007179537749560483,0.8905391534711736,0.8902524005685436,-0.0002867529026300275
5.0,1.0,6.0,1.0,1.0,4.0,2.0,4.0,6.0,8.0,4.0,8.0,0.0,0.0,0.0,0.0,0.0,0.0,0.0,0.0,0.0,0.0,0.0,0.0,0.0,0.0,0.0,0.0,0.0,0.0,0.0,0.0,0.0,0.0,0.0,0.0,0.0,0.0,0.0,0.0,0.884110054811932,0.8619616135667071,-0.02214844124522486,0.884110054811932,0.8743143236463214,-0.0097957311656105,0.884110054811932,0.8881734170112893,0.004063362199357323,0.884110054811932,0.8887051104618189,0.004595055649886937,0.884110054811932,0.8765672798134635,-0.007542774998468449,0.884110054811932,0.8838086571523996,-0.0003013976595322987
5.0,1.0,3.0,1.0,2.0,4.0,2.0,3.0,9.0,9.0,3.0,8.0,0.0,0.0,0.0,0.0,0.0,1.0,1.0,0.0,0.0,0.0,0.0,0.0,0.0,0.0,0.0,0.0,0.0,0.0,0.0,0.0,0.0,0.0,0.0,0.0,0.0,0.0,0.0,0.0,0.7421674199268612,0.7020340651066973,-0.04013335482016389,0.7421674199268612,0.7241177001066746,-0.01804971982018655,0.7421674199268612,0.7497991809785374,0.007631761051676178,0.7421674199268612,0.7508041993450076,0.008636779418146445,0.7421674199268612,0.728226091143631,-0.013941328783230178,0.7421674199268612,0.7416047597610654,-0.0005626601657957586
2.0,3.0,9.0,4.0,2.0,2.0,2.0,4.0,6.0,6.0,1.0,6.0,0.0,0.0,0.0,0.0,0.0,0.0,1.0,0.0,0.0,0.0,0.0,0.0,0.0,0.0,0.0,0.0,1.0,0.0,0.0,0.0,0.0,0.0,0.0,0.0,0.0,1.0,0.0,0.0,0.783833197886702,0.7479831061775206,-0.03585009170918141,0.783833197886702,0.7677876834405472,-0.016045514446154874,0.783833197886702,0.7905796687226201,0.006746470835918061,0.783833197886702,0.7914664365399998,0.007633238653297791,0.783833197886702,0.7714510071917187,-0.012382190694983364,0.783833197886702,0.7833349191538208,-0.0004982787328812188
4.0,5.0,6.0,1.0,1.0,5.0,2.0,4.0,10.0,9.0,4.0,8.0,0.0,0.0,0.0,0.0,0.0,1.0,1.0,0.0,0.0,0.0,0.0,0.0,0.0,0.0,0.0,0.0,0.0,0.0,0.0,0.0,0.0,0.0,0.0,0.0,0.0,0.0,0.0,0.0,0.7464534382915385,0.7067235994428501,-0.039729838848688415,0.7464534382915385,0.7285940390338151,-0.017859399257723396,,,,0.7464534382915385,0.7549940423914101,0.008540604099871563,0.7464534382915385,0.732660379975078,-0.013793058316460494,0.7464534382915385,0.7458969290106784,-0.0005565092808601513
5.0,1.0,9.0,1.0,2.0,5.0,3.0,3.0,6.0,4.0,3.0,7.0,1.0,0.0,0.0,0.0,0.0,0.0,0.0,0.0,0.0,0.0,0.0,0.0,1.0,0.0,0.0,0.0,0.0,0.0,0.0,0.0,0.0,0.0,0.0,0.0,0.0,0.0,0.0,0.0,0.7790560505461859,0.7426737888291975,-0.03638226171698833,0.7790560505461859,0.7627632632430728,-0.01629278730311312,0.7790560505461859,0.7859108922275515,0.006854841681365631,0.7790560505461859,0.7868120984463011,0.007756047900115193,0.7790560505461859,0.7664817433018565,-0.012574307244329397,0.7790560505461859,0.7785498712042157,-0.0005061793419701699
2.0,1.0,2.0,1.0,1.0,4.0,2.0,2.0,3.0,7.0,2.0,6.0,0.0,0.0,0.0,0.0,0.0,0.0,1.0,0.0,1.0,0.0,0.0,0.0,0.0,0.0,0.0,0.0,0.0,0.0,0.0,0.0,0.0,0.0,0.0,0.0,0.0,0.0,0.0,0.0,0.9285539179866062,0.9140738964211523,-0.014480021565453915,0.9285539179866062,0.9221842087823007,-0.006369709204305574,0.9285539179866062,0.9311802776207735,0.0026263596341672413,0.9285539179866062,0.9315232547776836,0.0029693367910773594,0.9285539179866062,0.9236540105259125,-0.004899907460693798,0.9285539179866062,0.9283587403229079,-0.00019517766369836487
5.0,1.0,10.0,1.0,1.0,5.0,1.0,4.0,9.0,8.0,4.0,9.0,0.0,0.0,0.0,0.0,0.0,0.0,0.0,0.0,0.0,0.0,0.0,0.0,1.0,0.0,0.0,0.0,0.0,0.0,0.0,0.0,0.0,0.0,0.0,0.0,0.0,0.0,0.0,0.0,0.9301709281484708,0.9159889764855712,-0.014181951662899595,0.9301709281484708,0.9239335722597395,-0.006237355888731311,0.9301709281484708,0.9327421519592014,0.002571223810730605,0.9301709281484708,0.9330779046110456,0.002906976462574762,0.9301709281484708,0.9253730055678,-0.004797922580670799,0.9301709281484708,0.9299798347571158,-0.000191093391355035
3.0,3.0,5.0,1.0,2.0,4.0,3.0,3.0,4.0,7.0,2.0,2.0,0.0,0.0,0.0,0.0,0.0,0.0,1.0,0.0,0.0,0.0,0.0,0.0,0.0,0.0,0.0,0.0,1.0,0.0,0.0,0.0,0.0,0.0,0.0,0.0,0.0,0.0,0.0,0.0,0.7603631773950456,0.7220012024369405,-0.038361974958105005,0.7603631773950456,0.7431464165223496,-0.01721676087269597,0.7603631773950456,0.7676249837174057,0.007261806322360176,0.7603631773950456,0.7685804984164006,0.008217321021355084,0.7603631773950456,0.7470704153390441,-0.013292762056001495,0.7603631773950456,0.7598273753637055,-0.0005358020313400713
3.0,2.0,6.0,2.0,1.0,1.0,1.0,3.0,7.0,5.0,5.0,8.0,0.0,1.0,0.0,0.0,0.0,0.0,0.0,0.0,0.0,0.0,0.0,0.0,0.0,0.0,0.0,0.0,1.0,0.0,0.0,0.0,0.0,0.0,0.0,0.0,0.0,0.0,0.0,0.0,0.6109097585104287,0.5623921821883783,-0.04851757632205045,0.6109097585104287,0.588762794316176,-0.022146964194252772,0.6109097585104287,0.6204397377007127,0.009529979190283977,0.6109097585104287,0.6217022096211503,0.01079245111072158,,,,0.6109097585104287,0.6102110978222638,-0.0006986606881649315
4.0,1.0,5.0,1.0,2.0,5.0,3.0,4.0,9.0,9.0,5.0,9.0,0.0,1.0,0.0,0.0,0.0,0.0,0.0,0.0,0.0,0.0,0.0,0.0,1.0,0.0,0.0,0.0,0.0,0.0,0.0,0.0,0.0,0.0,0.0,0.0,0.0,0.0,0.0,0.0,0.6711451714438136,0.6255346459767254,-0.045610525467088214,0.6711451714438136,0.6504651140717232,-0.020680057372090332,0.6711451714438136,0.6799726706869798,0.00882749924316617,0.6711451714438136,0.6811388929421115,0.009993721498297914,,,,0.6711451714438136,0.6704963331153029,-0.0006488383285107036
3.0,1.0,4.0,1.0,3.0,3.0,2.0,3.0,9.0,8.0,2.0,9.0,0.0,1.0,0.0,0.0,0.0,0.0,1.0,0.0,0.0,0.0,0.0,1.0,0.0,0.0,0.0,0.0,0.0,0.0,0.0,0.0,0.0,0.0,0.0,0.0,0.0,0.0,0.0,0.0,0.6340746415488815,0.5864904256068576,-0.04758421594202389,0.6340746415488815,0.6124096733482634,-0.02166496820061814,0.6340746415488815,0.643368462105999,0.009293820557117471,0.6340746415488815,0.6445983556395363,0.010523714090654779,0.6340746415488815,0.6173024186482583,-0.01677222290062319,0.6340746415488815,0.633392614860979,-0.000682026687902515
6.0,3.0,8.0,1.0,2.0,5.0,2.0,3.0,8.0,8.0,3.0,8.0,0.0,0.0,0.0,0.0,0.0,0.0,1.0,0.0,0.0,0.0,0.0,1.0,0.0,0.0,0.0,0.0,0.0,0.0,0.0,1.0,0.0,0.0,0.0,0.0,0.0,0.0,0.0,0.0,0.8309646411890452,0.8009460499030775,-0.030018591285967733,0.8309646411890452,0.817603492266787,-0.013361148922258259,0.8309646411890452,0.8365468986307585,0.0055822574417132564,0.8309646411890452,0.8372790855854819,0.006314444396436691,0.8309646411890452,0.8206644960356027,-0.010300145153442575,0.8309646411890452,0.8305515175912921,-0.00041312359775314
3.0,1.0,5.0,1.0,1.0,4.0,2.0,2.0,10.0,10.0,5.0,8.0,1.0,0.0,0.0,0.0,0.0,0.0,0.0,0.0,0.0,0.0,0.0,1.0,0.0,0.0,0.0,0.0,0.0,0.0,0.0,0.0,0.0,0.0,0.0,0.0,0.0,0.0,0.0,0.0,0.9058790621273366,0.8873609778345342,-0.01851808429280244,0.9058790621273366,0.897710491771183,-0.008168570356153593,,,,,,,,,,0.9058790621273366,0.9056282364072612,-0.0002508257200753983
2.0,3.0,10.0,4.0,1.0,3.0,3.0,5.0,9.0,8.0,4.0,7.0,0.0,0.0,0.0,0.0,0.0,0.0,0.0,0.0,0.0,0.0,0.0,0.0,0.0,0.0,0.0,0.0,1.0,0.0,0.0,0.0,0.0,0.0,0.0,0.0,0.0,1.0,0.0,0.0,0.8459334442251998,0.8179908761588596,-0.027942568066340212,,,,0.8459334442251998,0.8511099421661826,0.005176497940982849,0.8459334442251998,0.8517884518101081,0.005855007584908312,0.8459334442251998,0.8363658051864006,-0.009567639038799203,0.8459334442251998,0.8455501047108783,-0.00038333951432145685
3.0,1.0,6.0,1.0,3.0,5.0,3.0,4.0,7.0,8.0,5.0,8.0,0.0,1.0,0.0,0.0,0.0,0.0,0.0,0.0,0.0,0.0,0.0,1.0,0.0,0.0,0.0,0.0,0.0,0.0,0.0,0.0,0.0,0.0,0.0,0.0,0.0,0.0,0.0,0.0,0.6267635041653076,0.5788600158621441,-0.04790348830316349,0.6267635041653076,0.6049353712656942,-0.021828132899613384,0.6267635041653076,0.6361364562442304,0.009372952078922858,0.6267635041653076,0.6373772330596791,0.01061372889437151,,,,0.6267635041653076,0.626075886623626,-0.0006876175416815622
4.0,1.0,2.0,1.0,3.0,3.0,4.0,2.0,2.0,2.0,1.0,2.0,1.0,0.0,0.0,0.0,0.0,0.0,1.0,0.0,0.0,0.0,0.0,0.0,0.0,0.0,0.0,0.0,0.0,0.0,0.0,1.0,0.0,0.0,0.0,0.0,0.0,0.0,0.0,0.0,0.5537545824641017,0.5038976466356706,-0.04985693582843109,0.5537545824641017,0.5308526936551108,-0.02290188880899091,0.5537545824641017,0.5636846449660855,0.009930062501983805,0.5537545824641017,0.5650035400349581,0.011248957570856422,0.5537545824641017,0.535994924925589,-0.01775965753851272,0.5537545824641017,0.5530283811075943,-0.0007262013565073611
5.0,1.0,5.0,1.0,3.0,5.0,3.0,4.0,9.0,8.0,3.0,9.0,0.0,0.0,0.0,0.0,1.0,0.0,1.0,0.0,0.0,0.0,0.0,0.0,0.0,0.0,0.0,0.0,0.0,0.0,0.0,0.0,0.0,0.0,0.0,0.0,0.0,0.0,0.0,0.0,0.7571023037302962,0.7184116349086931,-0.0386906688216031,0.7571023037302962,0.7397314569267416,-0.017370846803554607,0.7571023037302962,0.7644323115797546,0.007330007849458364,0.7571023037302962,0.7653969421510814,0.00829463842078526,0.7571023037302962,0.74368963299617,-0.01341267073412622,0.7571023037302962,0.7565615450175763,-0.0005407587127198576
6.0,1.0,5.0,3.0,3.0,5.0,3.0,3.0,2.0,6.0,2.0,5.0,0.0,0.0,0.0,0.0,0.0,1.0,1.0,0.0,0.0,0.0,1.0,0.0,0.0,0.0,0.0,0.0,0.0,0.0,0.0,0.0,0.0,1.0,0.0,0.0,0.0,0.0,0.0,0.0,0.4637692321496308,0.4144888501303406,-0.04928038201929019,0.4637692321496308,0.4409118240721509,-0.02285740807747988,0.4637692321496308,0.4737989291290049,0.010029696979374114,0.4637692321496308,0.47513653674794337,0.011367304598312589,0.4637692321496308,0.44601109005035827,-0.01775814209927251,0.4637692321496308,0.46303858989806596,-0.0007306422515648281
3.0,1.0,3.0,1.0,1.0,4.0,2.0,2.0,8.0,8.0,2.0,7.0,0.0,0.0,0.0,0.0,0.0,0.0,1.0,0.0,1.0,0.0,0.0,0.0,0.0,0.0,0.0,0.0,0.0,0.0,0.0,0.0,0.0,0.0,0.0,0.0,0.0,0.0,0.0,0.0,0.9373524789555358,0.9245106963101157,-0.012841782645420019,0.9373524789555358,0.9317095065771838,-0.005642972378351985,0.9373524789555358,0.9396764152864301,0.0023239363308943384,0.9373524789555358,0.9399797794185208,0.002627300462985094,0.9373524789555358,0.933012461512648,-0.0043400174428877,0.9373524789555358,0.9371797112221607,-0.00017276773337504547
3.0,1.0,2.0,1.0,2.0,4.0,2.0,3.0,9.0,8.0,5.0,9.0,0.0,0.0,0.0,0.0,0.0,1.0,1.0,0.0,0.0,1.0,0.0,0.0,0.0,0.0,0.0,0.0,0.0,0.0,0.0,0.0,0.0,0.0,0.0,1.0,0.0,0.0,0.0,0.0,0.6649760981271647,0.6189956821418408,-0.045980415985323986,0.6649760981271647,0.6441138113539475,-0.02086228677321722,0.6649760981271647,0.6738887305192225,0.008912632392057751,0.6649760981271647,0.6750665289215335,0.010090430794368777,,,,0.6649760981271647,0.6643211758618328,-0.0006549222653319253
2.0,1.0,1.0,2.0,2.0,5.0,2.0,3.0,4.0,5.0,3.0,4.0,0.0,0.0,0.0,0.0,1.0,0.0,1.0,0.0,0.0,0.0,0.0,0.0,0.0,0.0,0.0,0.0,1.0,0.0,0.0,0.0,0.0,0.0,0.0,0.0,0.0,0.0,0.0,0.0,0.8014347321825319,0.7676384080938949,-0.033796324088636975,0.8014347321825319,0.7863395993250024,-0.015095132857529503,0.8014347321825319,0.8077665903839394,0.00633185820140747,0.8014347321825319,0.8085982013708549,0.007163469188323002,0.8014347321825319,0.7897903817643794,-0.011644350418152483,0.8014347321825319,0.8009667238059032,-0.00046800837662874795
3.0,1.0,6.0,1.0,3.0,3.0,2.0,2.0,7.0,8.0,4.0,10.0,0.0,0.0,0.0,0.0,0.0,0.0,0.0,0.0,1.0,0.0,0.0,0.0,0.0,0.0,0.0,0.0,0.0,0.0,0.0,0.0,0.0,0.0,0.0,0.0,0.0,0.0,0.0,0.0,0.868849153725944,0.8442977562981352,-0.024551397427808763,0.868849153725944,0.8579707026620271,-0.010878451063916827,0.868849153725944,0.8733709589593842,0.004521805233440257,0.868849153725944,0.8739630451958351,0.005113891469891163,0.868849153725944,0.8604698698279545,-0.008379283897989476,,,
5.0,1.0,9.0,1.0,2.0,5.0,1.0,4.0,8.0,7.0,3.0,9.0,0.0,0.0,0.0,0.0,0.0,0.0,1.0,0.0,0.0,0.0,0.0,0.0,1.0,0.0,0.0,0.0,0.0,0.0,0.0,1.0,0.0,0.0,0.0,0.0,0.0,0.0,0.0,0.0,0.8886021218481047,0.86718321673774,-0.021418905110364705,0.8886021218481047,0.8791341798005394,-0.009467942047565292,0.8886021218481047,0.8925271280922824,0.003925006244177687,0.8886021218481047,0.893040614134757,0.004438492286652274,0.8886021218481047,0.881312466890012,-0.0072896549580927505,0.8886021218481047,0.8883109309527701,-0.000291190895334581
5.0,1.0,5.0,2.0,2.0,1.0,5.0,1.0,2.0,3.0,2.0,0.0,0.0,0.0,0.0,1.0,0.0,0.0,1.0,0.0,0.0,0.0,0.0,1.0,0.0,0.0,0.0,0.0,0.0,0.0,0.0,0.0,0.0,0.0,0.0,1.0,0.0,0.0,0.0,0.0,,,,0.3117090736657687,0.29226142715344144,-0.019447646512327277,0.3117090736657687,0.320415245285901,0.008706171620132264,0.3117090736657687,0.32158446807382224,0.009875394408053517,0.3117090736657687,0.29655340509588035,-0.01515566856988837,0.3117090736657687,0.31107901842111607,-0.0006300552446526497
3.0,1.0,10.0,1.0,1.0,1.0,1.0,5.0,8.0,8.0,4.0,8.0,0.0,0.0,0.0,0.0,0.0,0.0,0.0,0.0,0.0,0.0,0.0,1.0,0.0,0.0,0.0,0.0,0.0,0.0,0.0,0.0,0.0,0.0,0.0,0.0,0.0,0.0,0.0,0.0,0.9010100936178417,0.8816591949465269,-0.019350898671314787,,,,0.9010100936178417,0.9045448789223574,0.003534785304515675,0.9010100936178417,0.9050070574633128,0.003996963845471102,0.9010100936178417,0.8944359332811352,-0.006574160336706436,0.9010100936178417,0.9007477140883351,-0.0002623795295065845
4.0,1.0,6.0,1.0,2.0,3.0,3.0,4.0,9.0,8.0,5.0,8.0,1.0,0.0,0.0,0.0,0.0,0.0,1.0,0.0,0.0,0.0,0.0,0.0,1.0,0.0,0.0,0.0,0.0,0.0,0.0,0.0,0.0,0.0,0.0,0.0,0.0,0.0,0.0,0.0,0.7057204348043415,0.6624938017724705,-0.04322663303187102,0.7057204348043415,0.686198040236228,-0.019522394568113555,0.7057204348043415,0.7140153057830381,0.008294870978696522,0.7057204348043415,0.7151094482762365,0.009389013471894914,,,,0.7057204348043415,0.7051098405009167,-0.0006105943034248051
6.0,1.0,6.0,1.0,5.0,3.0,3.0,3.0,3.0,2.0,1.0,5.0,1.0,0.0,0.0,0.0,0.0,0.0,1.0,0.0,0.0,0.0,0.0,0.0,0.0,0.0,0.0,0.0,0.0,0.0,0.0,0.0,0.0,0.0,0.0,0.0,1.0,0.0,0.0,0.0,0.13947047604298968,0.11712347676272387,-0.022346999280265803,0.13947047604298968,0.12875860023531335,-0.010711875807676324,0.13947047604298968,0.14437503413759756,0.00490455809460788,0.13947047604298968,0.1450389709305188,0.005568494887529113,0.13947047604298968,0.13109422879684446,-0.008376247246145219,0.13947047604298968,0.13911819799149713,-0.0003522780514925439
5.0,1.0,4.0,2.0,2.0,3.0,2.0,4.0,7.0,7.0,3.0,8.0,0.0,1.0,0.0,0.0,0.0,0.0,0.0,0.0,0.0,0.0,0.0,0.0,1.0,0.0,0.0,0.0,0.0,0.0,0.0,1.0,0.0,0.0,0.0,0.0,0.0,0.0,0.0,0.0,0.5735949011070974,0.5240494129034582,-0.04954548820363924,0.5735949011070974,0.55088542183348,-0.02270947927361744,0.5735949011070974,0.5834156009046142,0.009820699797516763,0.5735949011070974,0.5847187935880581,0.011123892480960684,0.5735949011070974,0.555991731940251,-0.017603169166846455,0.5735949011070974,0.57287608310109,-0.0007188180060074822
4.0,1.0,4.0,1.0,4.0,4.0,2.0,4.0,2.0,7.0,2.0,8.0,0.0,0.0,0.0,0.0,0.0,0.0,1.0,0.0,0.0,0.0,0.0,0.0,0.0,0.0,0.0,0.0,0.0,0.0,0.0,0.0,0.0,0.0,0.0,0.0,0.0,0.0,0.0,0.0,0.687203659038317,0.642634428439575,-0.04456923059874207,0.687203659038317,0.6670324408418274,-0.020171218196489593,0.687203659038317,0.6957954811380541,0.008591822099737079,0.687203659038317,0.6969297427622979,0.009726083723980872,0.687203659038317,0.6716054050842388,-0.015598253954078212,0.687203659038317,0.6865717079965588,-0.000631951041758283
6.0,2.0,4.0,1.0,1.0,5.0,2.0,4.0,6.0,7.0,4.0,8.0,0.0,0.0,0.0,0.0,0.0,0.0,0.0,0.0,0.0,0.0,0.0,0.0,1.0,0.0,0.0,0.0,0.0,0.0,0.0,0.0,0.0,0.0,0.0,0.0,0.0,0.0,0.0,0.0,0.8376000693525291,0.8084882701593931,-0.029111799193136,0.8376000693525291,0.8246527324545977,-0.012947336897931372,0.8376000693525291,0.8430045975950812,0.005404528242552109,0.8376000693525291,0.8437132616227971,0.006113192270268075,0.8376000693525291,0.8276203769761671,-0.009979692376361982,0.8376000693525291,0.8371999855968109,-0.00040008375571820576
5.0,1.0,8.0,1.0,1.0,5.0,2.0,4.0,8.0,9.0,5.0,9.0,0.0,0.0,0.0,0.0,0.0,0.0,1.0,0.0,0.0,0.0,0.0,1.0,0.0,0.0,0.0,0.0,0.0,0.0,0.0,0.0,0.0,0.0,0.0,0.0,0.0,0.0,0.0,0.0,0.8998742671845715,0.8803308231306697,-0.01954344405390185,0.8998742671845715,0.891247117113575,-0.00862715007099657,0.8998742671845715,0.9034452648125808,0.003570997628009276,0.8998742671845715,0.9039122019370783,0.0040379347525068,,,,0.8998742671845715,0.8996092125095583,-0.0002650546750132543
7.0,3.0,10.0,2.0,2.0,4.0,1.0,5.0,10.0,10.0,5.0,10.0,0.0,0.0,0.0,0.0,0.0,0.0,1.0,0.0,0.0,0.0,0.0,1.0,0.0,0.0,0.0,0.0,0.0,0.0,0.0,0.0,0.0,0.0,1.0,0.0,0.0,0.0,0.0,0.0,0.7855432846729659,0.7498863047779286,-0.035656979895037244,,,,,,,,,,,,,,,
6.0,2.0,8.0,1.0,2.0,3.0,3.0,5.0,7.0,7.0,2.0,6.0,0.0,0.0,0.0,0.0,0.0,0.0,0.0,0.0,0.0,0.0,0.0,0.0,0.0,1.0,0.0,0.0,0.0,0.0,0.0,0.0,0.0,0.0,0.0,0.0,0.0,0.0,0.0,0.0,0.7452449776189847,0.7054005117614329,-0.03984446585755175,,,,0.7452449776189847,0.7528159836846996,0.007571006065714925,0.7452449776189847,0.7538128628210699,0.00856788520208518,0.7452449776189847,0.7314098334336462,-0.013835144185338488,0.7452449776189847,0.7446867231191217,-0.0005582544998630201
3.0,1.0,6.0,1.0,1.0,5.0,4.0,4.0,5.0,8.0,4.0,6.0,0.0,0.0,0.0,0.0,0.0,0.0,0.0,1.0,0.0,0.0,0.0,1.0,0.0,0.0,0.0,0.0,0.0,0.0,0.0,0.0,0.0,0.0,0.0,0.0,0.0,0.0,0.0,1.0,0.91691485208411,0.9003291375208239,-0.01658571456328617,0.91691485208411,0.9096084863494776,-0.007306365734632503,0.91691485208411,0.919932170978221,0.003017318894110943,0.91691485208411,0.920326409008168,0.0034115569240579235,0.91691485208411,0.9112929722504347,-0.005621879833675347,0.91691485208411,0.916690731314889,-0.00022412076922107005
5.0,1.0,3.0,1.0,3.0,5.0,2.0,4.0,4.0,7.0,1.0,5.0,0.0,1.0,0.0,0.0,0.0,0.0,0.0,0.0,0.0,0.0,0.0,0.0,0.0,0.0,0.0,0.0,0.0,0.0,0.0,0.0,0.0,0.0,0.0,0.0,0.0,0.0,0.0,0.0,0.6028246609524123,0.554034880215193,-0.04878978073721929,0.6028246609524123,0.58053348120436,-0.02229117974805228,0.6028246609524123,0.6124270353961893,0.009602374443776984,0.6028246609524123,0.6136995649247937,0.010874903972381444,0.6028246609524123,0.5855563017414813,-0.01726835921093095,0.6028246609524123,0.6021209377488448,-0.0007037232035674856
3.0,1.0,2.0,1.0,1.0,4.0,1.0,3.0,8.0,8.0,5.0,8.0,0.0,1.0,0.0,0.0,0.0,0.0,0.0,0.0,0.0,0.0,0.0,1.0,0.0,0.0,0.0,0.0,0.0,0.0,0.0,0.0,0.0,0.0,0.0,0.0,0.0,0.0,0.0,0.0,0.8088862422024569,0.7760037114874748,-0.03288253071498204,0.8088862422024569,0.7942121253818268,-0.014674116820630023,0.8088862422024569,0.8150353257322364,0.006149083529779498,0.8088862422024569,0.8158426607336909,0.0069564185312340765,,,,0.8088862422024569,0.8084315985847181,-0.00045464361773872586
2.0,3.0,2.0,1.0,2.0,1.0,1.0,1.0,8.0,6.0,2.0,8.0,0.0,0.0,0.0,0.0,1.0,0.0,1.0,0.0,0.0,0.0,0.0,0.0,0.0,0.0,0.0,0.0,0.0,1.0,0.0,0.0,1.0,0.0,0.0,0.0,0.0,0.0,0.0,0.0,0.8901434704993085,0.8689772286035898,-0.021166241895718696,0.8901434704993085,0.8807889562126133,-0.009354514286695204,0.8901434704993085,0.8940206457444428,0.0038771752451343122,0.8901434704993085,0.8945278392787516,0.0043843687794430375,0.8901434704993085,0.8829413913221309,-0.007202079177177634,0.8901434704993085,0.8898558092370581,-0.0002876612622504382
3.0,1.0,3.0,1.0,1.0,2.0,2.0,3.0,3.0,1.0,5.0,3.0,1.0,0.0,0.0,0.0,0.0,0.0,0.0,0.0,0.0,0.0,0.0,0.0,0.0,0.0,0.0,0.0,0.0,0.0,0.0,0.0,0.0,0.0,0.0,0.0,0.0,0.0,0.0,0.0,0.7466006253744143,0.7068847936312233,-0.039715831743191043,0.7466006253744143,0.728747826264835,-0.017852799109579265,0.7466006253744143,0.7541446342761161,0.007544008901701815,0.7466006253744143,0.7551378979125398,0.008537272538125529,,,,0.7466006253744143,0.7460443292438439,-0.0005562961305703995
3.0,1.0,7.0,1.0,1.0,4.0,4.0,3.0,8.0,8.0,2.0,8.0,1.0,0.0,0.0,0.0,0.0,0.0,1.0,0.0,0.0,0.0,0.0,1.0,0.0,0.0,0.0,0.0,0.0,0.0,0.0,0.0,0.0,0.0,0.0,0.0,0.0,0.0,0.0,0.0,0.8539346346894356,0.8271466974134135,-0.026787937276022133,0.8539346346894356,0.8420439863618584,-0.011890648327577247,0.8539346346894356,0.8588871446741193,0.004952509984683662,0.8539346346894356,0.8595360618362997,0.005601427146864069,0.8539346346894356,0.8447726985769133,-0.009161936112522362,0.8539346346894356,0.8535677571559813,-0.00036687753345432395
6.0,1.0,3.0,1.0,2.0,4.0,3.0,3.0,10.0,10.0,5.0,10.0,0.0,0.0,1.0,0.0,0.0,0.0,1.0,0.0,0.0,0.0,0.0,0.0,0.0,1.0,0.0,0.0,0.0,0.0,0.0,0.0,0.0,0.0,0.0,0.0,0.0,0.0,0.0,0.0,0.5581527849039782,0.5083509602996855,-0.04980182460429272,0.5581527849039782,0.535287191296935,-0.02286559360704321,,,,,,,,,,,,
3.0,1.0,6.0,1.0,1.0,3.0,2.0,2.0,3.0,4.0,2.0,6.0,1.0,0.0,0.0,0.0,0.0,0.0,1.0,0.0,0.0,0.0,0.0,0.0,0.0,0.0,0.0,0.0,0.0,0.0,0.0,0.0,0.0,0.0,0.0,0.0,0.0,0.0,0.0,0.0,0.8421755358837738,0.8137015065850981,-0.028474029298675707,0.8421755358837738,0.8295187326547929,-0.012656803228980884,0.8421755358837738,0.8474555276858513,0.005279991802077499,0.8421755358837738,0.8481477196483856,0.005972183764611838,0.8421755358837738,0.8324207584431915,-0.009754777440582285,0.8421755358837738,0.8417845949338868,-0.00039094094988700867
4.0,1.0,5.0,1.0,1.0,3.0,2.0,4.0,7.0,9.0,4.0,9.0,0.0,0.0,0.0,1.0,0.0,0.0,0.0,0.0,0.0,0.0,0.0,0.0,1.0,0.0,0.0,0.0,0.0,0.0,0.0,0.0,0.0,0.0,0.0,0.0,0.0,0.0,0.0,0.0,0.736041114246848,0.695345605259638,-0.04069550898721008,0.736041114246848,0.7177256364552651,-0.018315477791582935,0.736041114246848,0.743791611569333,0.007750497322485006,0.736041114246848,0.7448125484862532,0.008771434239405185,0.736041114246848,0.7218926581555732,-0.014148456091274797,0.736041114246848,0.7354698500224474,-0.0005712642244006805
7.0,1.0,3.0,1.0,1.0,3.0,3.0,3.0,2.0,5.0,2.0,5.0,1.0,0.0,0.0,0.0,0.0,0.0,1.0,0.0,0.0,0.0,0.0,0.0,0.0,0.0,0.0,0.0,0.0,0.0,0.0,0.0,0.0,0.0,1.0,0.0,0.0,0.0,0.0,0.0,0.674369558416408,0.6289590023643151,-0.045410556052092876,0.674369558416408,0.6537876694667114,-0.020581888949696592,0.674369558416408,0.6831513666175554,0.008781808201147379,0.674369558416408,0.684311383155975,0.009941824739566951,0.674369558416408,0.6584493942926968,-0.015920164123711222,0.674369558416408,0.6737239891059702,-0.0006455693104377991
4.0,1.0,10.0,1.0,1.0,4.0,2.0,3.0,8.0,8.0,5.0,8.0,1.0,0.0,0.0,0.0,0.0,0.0,0.0,0.0,0.0,0.0,0.0,1.0,0.0,0.0,0.0,0.0,0.0,0.0,0.0,0.0,0.0,0.0,0.0,0.0,0.0,0.0,0.0,0.0,0.888653881371428,0.8672434414438162,-0.021410439927611824,0.888653881371428,0.8791897403871373,-0.009464140984290714,0.888653881371428,0.8925772843807688,0.003923403009340798,0.888653881371428,0.8930905594900108,0.0044366781185828374,,,,0.888653881371428,0.8883628087762208,-0.0002910725952072202
6.0,1.0,9.0,1.0,2.0,3.0,2.0,4.0,7.0,7.0,2.0,5.0,0.0,0.0,0.0,0.0,0.0,0.0,0.0,0.0,0.0,0.0,0.0,0.0,0.0,1.0,0.0,0.0,0.0,0.0,0.0,0.0,0.0,0.0,0.0,0.0,0.0,0.0,0.0,0.0,0.8292821950077763,0.7990370802962238,-0.030245114711552556,0.8292821950077763,0.8158175359385658,-0.013464659069210572,0.8292821950077763,0.8349089752778337,0.005626780270057363,0.8292821950077763,0.8356470578148599,0.006364862807083593,0.8292821950077763,0.8189018730797286,-0.01038032192804772,0.8292821950077763,0.8288658063329957,-0.00041638867478066555
7.0,1.0,8.0,1.0,1.0,1.0,2.0,4.0,8.0,8.0,5.0,9.0,0.0,0.0,0.0,0.0,0.0,0.0,1.0,0.0,0.0,0.0,0.0,1.0,0.0,0.0,0.0,0.0,0.0,0.0,0.0,0.0,0.0,0.0,0.0,0.0,0.0,0.0,0.0,1.0,0.7594309015854784,0.7209744508319254,-0.038456450753553084,0.7594309015854784,0.7421698731243884,-0.01726102846109001,0.7594309015854784,0.7667122912698136,0.007281389684335116,0.7594309015854784,0.7676704230476817,0.008239521462203303,,,,0.7594309015854784,0.7588936760577188,-0.0005372255277595883
4.0,2.0,7.0,2.0,1.0,5.0,1.0,5.0,10.0,10.0,5.0,10.0,0.0,0.0,0.0,0.0,0.0,0.0,0.0,0.0,0.0,0.0,0.0,0.0,1.0,0.0,0.0,0.0,0.0,0.0,0.0,0.0,0.0,0.0,0.0,0.0,0.0,0.0,0.0,0.0,0.9067828972471013,0.8884207370571707,-0.018362160189930532,,,,,,,,,,,,,,,
6.0,2.0,3.0,3.0,2.0,4.0,2.0,3.0,8.0,8.0,4.0,9.0,0.0,0.0,0.0,0.0,0.0,0.0,1.0,0.0,0.0,0.0,0.0,0.0,0.0,0.0,0.0,0.0,0.0,0.0,0.0,1.0,0.0,0.0,0.0,0.0,0.0,0.0,0.0,0.0,0.7402322526764297,0.6999194691500541,-0.04031278352637557,0.7402322526764297,0.722097787593803,-0.018134465082626616,0.7402322526764297,0.7479018371702225,0.007669584493792847,0.7402322526764297,0.7489119246895074,0.008679672013077733,0.7402322526764297,0.7262248860702397,-0.014007366606189953,0.7402322526764297,0.7396668507932755,-0.0005654018831541263
3.0,1.0,2.0,1.0,1.0,5.0,2.0,3.0,5.0,7.0,4.0,7.0,1.0,0.0,0.0,0.0,0.0,0.0,1.0,0.0,0.0,0.0,0.0,0.0,0.0,0.0,0.0,0.0,0.0,0.0,0.0,0.0,0.0,0.0,0.0,0.0,0.0,0.0,0.0,0.0,0.8579316770947807,0.8317323386327978,-0.026199338461982857,0.8579316770947807,0.8463078502968655,-0.011623826797915182,0.8579316770947807,0.8627704419737543,0.0048387648789736115,0.8579316770947807,0.8634043415642144,0.00547266446943373,0.8579316770947807,0.8489761146687236,-0.008955562426057107,0.8579316770947807,0.8575731645943683,-0.00035851250041241123
5.0,1.0,6.0,1.0,3.0,2.0,2.0,4.0,8.0,8.0,5.0,9.0,0.0,0.0,0.0,0.0,0.0,0.0,1.0,0.0,0.0,0.0,0.0,1.0,0.0,0.0,0.0,0.0,0.0,0.0,0.0,0.0,0.0,0.0,0.0,0.0,0.0,0.0,0.0,0.0,0.6982723112394805,0.6544872614132115,-0.043785049826269073,0.6982723112394805,0.678480920528355,-0.019791390711125567,0.6982723112394805,0.7066898677120451,0.008417556472564591,0.6982723112394805,0.7078005671459103,0.009528255906429806,,,,0.6982723112394805,0.6976528838188996,-0.0006194274205809647
5.0,1.0,8.0,1.0,1.0,4.0,1.0,3.0,8.0,10.0,5.0,10.0,1.0,0.0,0.0,0.0,0.0,0.0,0.0,0.0,0.0,0.0,0.0,0.0,0.0,0.0,0.0,0.0,0.0,0.0,1.0,0.0,0.0,0.0,0.0,0.0,0.0,0.0,0.0,0.0,0.7842621715962632,0.7484603923894858,-0.03580177920677741,0.7842621715962632,0.768239083965806,-0.016023087630457233,0.7842621715962632,0.7909988241473737,0.006736652551110445,,,,,,,,,
7.0,1.0,3.0,1.0,2.0,5.0,2.0,4.0,9.0,9.0,4.0,9.0,0.0,1.0,0.0,0.0,0.0,0.0,0.0,0.0,0.0,0.0,0.0,0.0,0.0,0.0,0.0,0.0,0.0,0.0,0.0,0.0,0.0,0.0,1.0,0.0,0.0,0.0,0.0,0.0,0.650122104920448,0.6033191673606,-0.04680293755984799,0.650122104920448,0.628851108103783,-0.021270996816665,0.650122104920448,0.6592273944381286,0.009105289517680637,0.650122104920448,0.6604314624197589,0.010309357499310945,0.650122104920448,0.6336604591257223,-0.016461645794725643,0.650122104920448,0.6494534525297179,-0.0006686523907301067
7.0,1.0,3.0,1.0,4.0,3.0,3.0,4.0,8.0,8.0,3.0,8.0,0.0,0.0,0.0,0.0,0.0,0.0,1.0,0.0,0.0,0.0,1.0,0.0,0.0,0.0,0.0,0.0,0.0,0.0,0.0,0.0,0.0,0.0,0.0,0.0,1.0,0.0,0.0,0.0,0.2844064173892339,0.24546084073448513,-0.038945576654748765,0.2844064173892339,0.2660038718036459,-0.018402545585588015,0.2844064173892339,0.2926742751540776,0.008267857764843733,0.2844064173892339,0.2937860303626796,0.009379612973445695,0.2844064173892339,0.27005738439488935,-0.014349032994344535,0.2844064173892339,0.2838087932227063,-0.0005976241665275883
6.0,1.0,3.0,1.0,3.0,4.0,1.0,4.0,8.0,8.0,5.0,7.0,0.0,0.0,0.0,0.0,0.0,0.0,1.0,0.0,0.0,0.0,0.0,0.0,0.0,1.0,0.0,0.0,0.0,0.0,0.0,1.0,0.0,0.0,0.0,0.0,0.0,0.0,0.0,0.0,0.7473968930604711,0.7077570111282728,-0.03963988193219825,0.7473968930604711,0.7295798741808893,-0.01781701887958176,0.7473968930604711,0.7549249776565339,0.007528084596062801,0.7473968930604711,0.7559161090442993,0.00851921598382821,,,,0.7473968930604711,0.7468417522642549,-0.0005551407962162136
6.0,1.0,6.0,1.0,1.0,5.0,1.0,2.0,8.0,8.0,5.0,10.0,0.0,0.0,0.0,0.0,0.0,0.0,1.0,0.0,0.0,0.0,0.0,0.0,0.0,0.0,0.0,0.0,0.0,0.0,0.0,1.0,0.0,0.0,0.0,0.0,0.0,0.0,0.0,0.0,0.9127298362380857,0.8954039960867256,-0.017325840151360072,0.9127298362380857,0.9050935400824308,-0.007636296155654865,0.9127298362380857,0.9158851956741239,0.0031553594360381743,0.9127298362380857,0.916297547138685,0.0035677109005993746,,,,,,
5.0,1.0,9.0,1.0,1.0,4.0,3.0,4.0,5.0,5.0,2.0,8.0,1.0,0.0,0.0,0.0,0.0,0.0,0.0,0.0,0.0,0.0,0.0,0.0,1.0,0.0,0.0,0.0,0.0,0.0,0.0,0.0,0.0,0.0,0.0,0.0,0.0,0.0,0.0,0.0,0.8094533057813036,0.776641401128345,-0.03281190465295858,0.8094533057813036,0.7948116845195199,-0.0146416212617837,0.8094533057813036,0.8155883036418099,0.006134997860506308,0.8094533057813036,0.8163937687322995,0.006940462950995929,0.8094533057813036,0.7981607581684907,-0.011292547612812842,0.8094533057813036,0.8089996926250447,-0.0004536131562589141
7.0,1.0,9.0,1.0,2.0,3.0,2.0,3.0,8.0,8.0,4.0,7.0,0.0,0.0,0.0,0.0,0.0,0.0,1.0,0.0,0.0,0.0,0.0,1.0,0.0,0.0,0.0,0.0,0.0,0.0,0.0,0.0,0.0,0.0,1.0,0.0,0.0,0.0,0.0,0.0,0.8088611560375228,0.7759755044694611,-0.03288565156806178,0.8088611560375228,0.7941856031459381,-0.014675552891584731,0.8088611560375228,0.8150108621230329,0.0061497060855100205,0.8088611560375228,0.8158182797735015,0.006957123735978676,0.8088611560375228,0.7975422926719049,-0.011318863365617937,0.8088611560375228,0.8084064668772577,-0.0004546891602651426
4.0,1.0,7.0,1.0,2.0,4.0,3.0,2.0,6.0,5.0,3.0,5.0,0.0,0.0,1.0,0.0,0.0,0.0,1.0,0.0,0.0,1.0,0.0,0.0,0.0,0.0,0.0,0.0,0.0,0.0,0.0,0.0,0.0,0.0,0.0,0.0,0.0,0.0,0.0,0.0,0.5941180084542786,0.5450658378462284,-0.04905217060805023,0.5941180084542786,0.5716853694488916,-0.022432639005387056,0.5941180084542786,0.6037925306855042,0.009674522231225557,0.5941180084542786,0.6050751286278259,0.010957120173547219,0.5941180084542786,0.5767368925441828,-0.017381115910095835,0.5941180084542786,0.5934092635146119,-0.0007087449396667722
6.0,3.0,3.0,2.0,3.0,4.0,3.0,3.0,10.0,10.0,5.0,10.0,0.0,0.0,0.0,0.0,0.0,0.0,1.0,0.0,0.0,0.0,0.0,0.0,0.0,0.0,0.0,0.0,0.0,0.0,0.0,0.0,0.0,0.0,0.0,0.0,0.0,0.0,0.0,0.0,0.6186897622045668,0.5704602020441459,-0.0482295601604209,0.6186897622045668,0.5966932854739817,-0.021996476730585135,,,,,,,,,,,,
6.0,1.0,5.0,1.0,3.0,4.0,2.0,3.0,8.0,8.0,5.0,8.0,0.0,0.0,0.0,0.0,0.0,1.0,1.0,0.0,0.0,0.0,0.0,0.0,0.0,1.0,0.0,0.0,0.0,0.0,0.0,0.0,0.0,0.0,1.0,0.0,0.0,0.0,0.0,0.0,0.6018721244495434,0.5530520872222723,-0.04882003722727113,0.6018721244495434,0.5795647698216202,-0.022307354627923215,0.6018721244495434,0.6114826858791557,0.009610561429612252,0.6018721244495434,0.6127563554715623,0.010884231022018853,,,,0.6018721244495434,0.6011678301298872,-0.0007042943196562401
3.0,1.0,7.0,1.0,2.0,2.0,1.0,3.0,7.0,7.0,3.0,8.0,0.0,0.0,0.0,0.0,0.0,0.0,0.0,0.0,1.0,0.0,0.0,0.0,0.0,0.0,0.0,0.0,0.0,0.0,0.0,0.0,0.0,0.0,0.0,0.0,0.0,0.0,0.0,0.0,0.9072242924569875,0.8889384303217309,-0.018285862135256625,0.9072242924569875,0.8991594756369867,-0.00806481682000082,0.9072242924569875,0.9105592051779875,0.0033349127209999496,0.9072242924569875,0.9109951286792385,0.0037708362222509395,0.9072242924569875,0.9010174940728969,-0.0062067983840906615,0.9072242924569875,0.9069766835492817,-0.0002476089077058097
3.0,1.0,9.0,1.0,1.0,3.0,2.0,3.0,8.0,8.0,5.0,7.0,0.0,0.0,0.0,0.0,0.0,0.0,1.0,0.0,0.0,0.0,0.0,1.0,0.0,0.0,0.0,0.0,0.0,0.0,0.0,0.0,0.0,0.0,0.0,0.0,0.0,0.0,0.0,0.0,0.9059450290446299,0.887438310885083,-0.018506718159546964,0.9059450290446299,0.8977815378082333,-0.008163491236396592,0.9059450290446299,0.909321329910482,0.0033763008658520555,0.9059450290446299,0.9097626887632061,0.003817659718576172,,,,0.9059450290446299,0.9056943608205829,-0.0002506682240470681
3.0,1.0,4.0,2.0,3.0,4.0,2.0,3.0,8.0,7.0,4.0,7.0,0.0,0.0,0.0,0.0,0.0,0.0,1.0,0.0,0.0,0.0,0.0,1.0,0.0,0.0,0.0,0.0,0.0,0.0,0.0,0.0,0.0,0.0,0.0,0.0,0.0,0.0,0.0,0.0,0.797200312843077,0.7628965005273213,-0.034303812315755744,0.797200312843077,0.7818708890317976,-0.015329423811279441,0.797200312843077,0.8036341142750291,0.0064338014319520465,0.797200312843077,0.8044792753362083,0.0072789624931313135,0.797200312843077,0.7853741454780128,-0.011826167365064255,0.797200312843077,0.7967248555498189,-0.00047545729325815245
4.0,1.0,7.0,1.0,2.0,4.0,1.0,4.0,9.0,8.0,2.0,9.0,0.0,0.0,0.0,0.0,0.0,0.0,1.0,0.0,0.0,0.0,0.0,1.0,0.0,0.0,0.0,0.0,0.0,0.0,0.0,0.0,0.0,0.0,0.0,0.0,0.0,0.0,0.0,0.0,0.898394266523226,0.8786009144225008,-0.019793352100725192,0.898394266523226,0.8896552319116894,-0.008739034611536578,0.898394266523226,0.9020123008538984,0.003618034330672426,0.898394266523226,0.9024854197924843,0.004091153269258352,0.898394266523226,0.8916672703450349,-0.006726996178191058,0.898394266523226,0.898125737504892,-0.0002685290183339628
5.0,1.0,7.0,1.0,3.0,5.0,2.0,3.0,7.0,6.0,5.0,6.0,0.0,0.0,0.0,0.0,0.0,0.0,1.0,0.0,0.0,0.0,0.0,0.0,0.0,1.0,0.0,0.0,0.0,0.0,0.0,0.0,0.0,0.0,0.0,1.0,0.0,0.0,0.0,0.0,0.7504562227873358,0.7111108612321334,-0.03934536155520241,0.7504562227873358,0.7327778381946227,-0.017678384592713092,0.7504562227873358,0.7579226639374849,0.00746644115014905,0.7504562227873358,0.7589055437956443,0.00844932100830853,,,,0.7504562227873358,0.7499055556210178,-0.0005506671663180196
6.0,6.0,3.0,2.0,2.0,4.0,1.0,4.0,8.0,8.0,4.0,10.0,0.0,0.0,0.0,0.0,0.0,0.0,0.0,0.0,1.0,0.0,0.0,0.0,0.0,0.0,0.0,0.0,0.0,0.0,0.0,0.0,0.0,0.0,0.0,0.0,0.0,0.0,0.0,0.0,0.7185917115364686,0.6763887667919756,-0.04220294474449304,0.7185917115364686,0.6995596794225242,-0.01903203211394444,0.7185917115364686,0.7266642982018884,0.008072586665419768,0.7185917115364686,0.7277285008206527,0.009136789284184044,0.7185917115364686,0.7038842317188617,-0.014707479817606894,,,
6.0,1.0,9.0,1.0,3.0,3.0,3.0,4.0,8.0,8.0,4.0,8.0,0.0,0.0,0.0,0.0,0.0,0.0,0.0,0.0,0.0,0.0,0.0,1.0,0.0,0.0,0.0,0.0,0.0,0.0,0.0,0.0,0.0,0.0,0.0,0.0,0.0,0.0,0.0,0.0,0.7313329683972885,0.6902170903114764,-0.041115878085812074,0.7313329683972885,0.7128182673162021,-0.018514701081086327,0.7313329683972885,0.7391727202345739,0.007839751837285469,0.7313329683972885,0.7402056337894728,0.008872665392184342,0.7313329683972885,0.717029171276579,-0.014303797120709505,0.7313329683972885,0.7307552420378078,-0.0005777263594806126
6.0,1.0,6.0,2.0,1.0,4.0,2.0,3.0,10.0,10.0,5.0,10.0,0.0,1.0,0.0,0.0,0.0,0.0,1.0,0.0,0.0,0.0,0.0,0.0,0.0,1.0,0.0,0.0,0.0,0.0,0.0,1.0,0.0,0.0,0.0,0.0,0.0,0.0,0.0,0.0,0.7062971508002279,0.6631147922006341,-0.04318235859959385,0.7062971508002279,0.6867960356708857,-0.019501115129342272,,,,,,,,,,,,
2.0,3.0,6.0,3.0,2.0,4.0,2.0,4.0,8.0,8.0,5.0,8.0,0.0,0.0,0.0,0.0,0.0,0.0,1.0,0.0,0.0,0.0,0.0,0.0,0.0,0.0,0.0,0.0,1.0,0.0,0.0,0.0,0.0,0.0,0.0,0.0,0.0,0.0,0.0,0.0,0.7647583475657735,0.7268472085791174,-0.0379111389866561,0.7647583475657735,0.7477526026002275,-0.017005744965546077,0.7647583475657735,0.7719269156388711,0.007168568073097514,0.7647583475657735,0.7728699750428437,0.008111627477070171,,,,0.7647583475657735,0.7642293255001943,-0.0005290220655792544
4.0,1.0,9.0,1.0,1.0,4.0,2.0,5.0,9.0,8.0,3.0,9.0,0.0,0.0,0.0,0.0,0.0,0.0,1.0,0.0,0.0,0.0,0.0,1.0,0.0,0.0,0.0,0.0,0.0,0.0,0.0,0.0,0.0,0.0,0.0,0.0,0.0,0.0,0.0,0.0,0.9065579820110926,0.8881569819293681,-0.018401000081724517,,,,0.9065579820110926,0.9099144676037456,0.0033564855926530024,0.9065579820110926,0.9103532241029199,0.0037952420918272445,0.9065579820110926,0.9003115049577962,-0.006246477053296395,0.9065579820110926,0.9063087784395247,-0.00024920357156787976
4.0,1.0,3.0,3.0,1.0,4.0,3.0,5.0,2.0,3.0,5.0,1.0,1.0,0.0,0.0,0.0,0.0,0.0,0.0,0.0,0.0,0.0,0.0,1.0,0.0,0.0,0.0,0.0,0.0,0.0,0.0,1.0,0.0,0.0,0.0,0.0,0.0,0.0,0.0,0.0,0.6745377667719129,0.629137767965008,-0.04539999880690493,,,,0.6745377667719129,0.6833171688857543,0.008779402113841428,0.6745377667719129,0.6844768587651076,0.009939091993194649,,,,0.6745377667719129,0.6738923696774703,-0.0006453970944425569
2.0,1.0,10.0,1.0,1.0,1.0,1.0,5.0,8.0,8.0,3.0,8.0,0.0,0.0,0.0,0.0,0.0,0.0,0.0,0.0,0.0,0.0,0.0,1.0,0.0,0.0,0.0,0.0,0.0,0.0,0.0,0.0,0.0,0.0,0.0,0.0,0.0,0.0,0.0,0.0,0.9189664310497787,0.9027468206331188,-0.01621961041665987,,,,0.9189664310497787,0.9219155896855045,0.002949158635725757,0.9189664310497787,0.9223008866073737,0.0033344555575950396,0.9189664310497787,0.9134702690675519,-0.005496161982226799,0.9189664310497787,0.9187473539741883,-0.00021907707559043477
5.0,5.0,5.0,2.0,2.0,3.0,3.0,3.0,9.0,10.0,4.0,10.0,0.0,0.0,0.0,0.0,0.0,1.0,1.0,0.0,0.0,0.0,0.0,0.0,0.0,0.0,0.0,1.0,0.0,0.0,0.0,0.0,0.0,0.0,1.0,0.0,0.0,0.0,0.0,0.0,0.38094223967035806,0.3349652613161097,-0.045976978354248355,0.38094223967035806,0.3594307770158097,-0.02151146265454834,0.38094223967035806,0.3904850792688055,0.009542839598447428,,,,0.38094223967035806,0.36420155898672946,-0.016740680683628606,,,
5.0,1.0,6.0,1.0,2.0,4.0,2.0,4.0,9.0,9.0,4.0,10.0,0.0,0.0,0.0,0.0,0.0,0.0,0.0,0.0,0.0,0.0,0.0,0.0,1.0,0.0,0.0,0.0,0.0,0.0,0.0,0.0,0.0,0.0,0.0,0.0,0.0,0.0,0.0,0.0,0.848429182806544,0.8208433954354909,-0.027585787371053105,0.848429182806544,0.8361763368854848,-0.012252845921059241,0.848429182806544,0.8535363446282448,0.00510716182170079,0.848429182806544,0.8542056909910501,0.005776508184506146,0.848429182806544,0.838987030975322,-0.00944215183122199,,,
2.0,3.0,6.0,3.0,1.0,4.0,2.0,3.0,5.0,5.0,3.0,5.0,0.0,0.0,0.0,0.0,1.0,0.0,0.0,0.0,0.0,0.0,0.0,0.0,0.0,0.0,0.0,0.0,1.0,0.0,0.0,0.0,0.0,0.0,0.0,0.0,0.0,0.0,1.0,0.0,0.9274615224747983,0.9127809002142506,-0.014680622260547671,0.9274615224747983,0.9210027074036099,-0.006458815071188395,0.9274615224747983,0.9301250167616415,0.0026634942868432043,0.9274615224747983,0.9304728603522914,0.003011337877493081,0.9274615224747983,0.9224929499676293,-0.004968572507168978,0.9274615224747983,0.9272635943491152,-0.00019792812568308893
3.0,1.0,7.0,1.0,2.0,4.0,2.0,3.0,9.0,9.0,3.0,9.0,0.0,0.0,0.0,0.0,0.0,0.0,0.0,0.0,0.0,0.0,0.0,0.0,0.0,0.0,0.0,0.0,0.0,0.0,0.0,0.0,0.0,0.0,0.0,0.0,0.0,0.0,0.0,0.0,0.9116550341682111,0.8941405606392768,-0.017514473528934316,0.9116550341682111,0.903934589419936,-0.007720444748275157,0.9116550341682111,0.9148456288172075,0.003190594648996403,0.9116550341682111,0.9152626049943622,0.003607570826151041,0.9116550341682111,0.9057138508026856,-0.005941183365525515,0.9116550341682111,0.9114180958393799,-0.00023693832883120436
2.0,1.0,8.0,4.0,1.0,5.0,2.0,4.0,9.0,8.0,3.0,9.0,0.0,0.0,0.0,0.0,0.0,0.0,1.0,0.0,1.0,0.0,0.0,0.0,0.0,0.0,0.0,0.0,0.0,0.0,0.0,0.0,0.0,0.0,0.0,0.0,0.0,1.0,0.0,0.0,0.9501066342298901,0.9397111040183874,-0.010395530211502635,0.9501066342298901,0.9455457520123032,-0.004560882217586881,0.9501066342298901,0.9519816866086339,0.0018750523787438578,0.9501066342298901,0.9522263143237795,0.002119680093889409,0.9501066342298901,0.9465998473567832,-0.003506786873106904,0.9501066342298901,0.9499671621549334,-0.00013947207495668135
5.0,1.0,4.0,1.0,3.0,4.0,3.0,3.0,7.0,8.0,4.0,7.0,1.0,0.0,0.0,0.0,0.0,0.0,1.0,0.0,0.0,0.0,0.0,0.0,1.0,0.0,0.0,0.0,0.0,0.0,0.0,0.0,0.0,0.0,0.0,0.0,0.0,0.0,0.0,0.0,0.6267135571640536,0.5788079662853995,-0.04790559087865409,0.6267135571640536,0.6048843446554898,-0.021829212508563844,0.6267135571640536,0.6360870352685819,0.009373478104528266,0.6267135571640536,0.6373278845304385,0.010614327366384901,0.6267135571640536,0.6098115605414042,-0.016901996622649462,0.6267135571640536,0.6260259025092549,-0.0006876546547986973
6.0,1.0,8.0,1.0,2.0,4.0,3.0,3.0,5.0,7.0,3.0,9.0,0.0,0.0,0.0,0.0,1.0,0.0,1.0,0.0,0.0,0.0,0.0,0.0,0.0,1.0,0.0,0.0,0.0,0.0,0.0,0.0,0.0,0.0,0.0,0.0,0.0,0.0,0.0,0.0,0.7609968063495185,0.7226992727403134,-0.03829753360920507,0.7609968063495185,0.7438102305176997,-0.017186575831818818,0.7609968063495185,0.7682452639667035,0.007248457617184956,0.7609968063495185,0.7691989949784923,0.008202188628973817,0.7609968063495185,0.7477275307159945,-0.01326927563352398,0.7609968063495185,0.7604619747313675,-0.0005348316181510437
3.0,1.0,3.0,1.0,4.0,4.0,1.0,4.0,3.0,4.0,1.0,2.0,0.0,0.0,0.0,0.0,1.0,0.0,1.0,0.0,1.0,0.0,0.0,0.0,0.0,0.0,0.0,0.0,0.0,0.0,0.0,0.0,0.0,0.0,0.0,0.0,0.0,0.0,0.0,0.0,0.7674114186657861,0.7297767664825314,-0.03763465218325468,0.7674114186657861,0.7505349028708092,-0.016876515794976954,0.7674114186657861,0.7745229757945362,0.007111557128750112,0.7674114186657861,0.7754584232342073,0.008047004568421223,0.7674114186657861,0.7543833327388955,-0.013028085926890642,0.7674114186657861,0.7668865442862345,-0.0005248743795516209
3.0,1.0,8.0,1.0,1.0,5.0,1.0,4.0,9.0,8.0,4.0,10.0,0.0,0.0,0.0,0.0,0.0,0.0,0.0,0.0,0.0,0.0,0.0,1.0,0.0,0.0,0.0,0.0,0.0,0.0,0.0,0.0,0.0,0.0,0.0,0.0,0.0,0.0,0.0,0.0,0.9475857277007873,0.9366999480075672,-0.010885779693220132,0.9475857277007873,0.942808274373645,-0.0047774533271423,0.9475857277007873,0.9495504882535764,0.0019647605527890466,0.9475857277007873,0.9498068485957842,0.0022211208949969308,0.9475857277007873,0.9439122170128231,-0.0036735106879641766,,,
6.0,1.0,8.0,1.0,1.0,4.0,2.0,3.0,8.0,7.0,2.0,8.0,1.0,0.0,0.0,0.0,0.0,0.0,0.0,0.0,0.0,0.0,0.0,1.0,0.0,0.0,0.0,0.0,0.0,0.0,0.0,0.0,0.0,0.0,0.0,0.0,0.0,0.0,0.0,0.0,0.8652636273401064,0.8401644977325647,-0.02509912960754168,0.8652636273401064,0.8541376992404018,-0.011125928099704585,0.8652636273401064,0.8698905417737086,0.004626914433602192,0.8652636273401064,0.8704964885376711,0.00523286119756472,0.8652636273401064,0.8566930469413059,-0.008570580398800542,0.8652636273401064,0.8649207040268498,-0.0003429233132565823
6.0,1.0,5.0,2.0,1.0,5.0,2.0,3.0,7.0,7.0,5.0,8.0,1.0,0.0,0.0,0.0,0.0,0.0,0.0,0.0,0.0,0.0,0.0,0.0,1.0,0.0,0.0,0.0,0.0,0.0,0.0,0.0,0.0,0.0,0.0,0.0,0.0,0.0,0.0,0.0,0.8028798425367262,0.7692586651167005,-0.03362117742002568,0.8028798425367262,0.7878654895420295,-0.015014352994696667,0.8028798425367262,0.8091765911607912,0.0062967486240650405,0.8028798425367262,0.8100035371469474,0.007123694610221221,,,,0.8028798425367262,0.8024144004850126,-0.00046544205171361597
5.0,1.0,2.0,2.0,3.0,5.0,4.0,2.0,2.0,3.0,3.0,3.0,0.0,0.0,0.0,0.0,0.0,0.0,1.0,0.0,0.0,0.0,1.0,0.0,0.0,0.0,0.0,0.0,0.0,0.0,0.0,0.0,0.0,0.0,0.0,0.0,1.0,0.0,0.0,0.0,0.35986040313213097,0.3151326053211175,-0.04472779781101349,0.35986040313213097,0.33888771837945586,-0.020972684752675108,0.35986040313213097,0.3691900826660429,0.00932967953391195,0.35986040313213097,0.37044027054417,0.010579867412039035,0.35986040313213097,0.3435320604536542,-0.01632834267847677,0.35986040313213097,0.35918381042517783,-0.0006765927069531386
6.0,1.0,5.0,1.0,2.0,4.0,2.0,2.0,6.0,6.0,5.0,4.0,0.0,0.0,0.0,0.0,0.0,0.0,1.0,0.0,0.0,0.0,0.0,0.0,0.0,0.0,0.0,0.0,0.0,0.0,0.0,0.0,0.0,0.0,1.0,0.0,0.0,0.0,0.0,0.0,0.8072484519960136,0.7741628029160944,-0.03308564907991918,0.8072484519960136,0.7924808440266607,-0.014767607969352836,0.8072484519960136,0.8134380776065795,0.0061896256105659075,0.8072484519960136,0.8142507954186164,0.007002343422602864,,,,0.8072484519960136,0.8067908428439328,-0.00045760915208081787
4.0,2.0,7.0,2.0,3.0,4.0,3.0,3.0,7.0,7.0,3.0,7.0,0.0,0.0,0.0,0.0,0.0,0.0,1.0,0.0,0.0,0.0,0.0,0.0,1.0,0.0,0.0,0.0,0.0,0.0,0.0,1.0,0.0,0.0,0.0,0.0,0.0,0.0,0.0,0.0,0.7252274780391296,0.6835814982885987,-0.04164597975053086,0.7252274780391296,0.7064609063986351,-0.018766571640494445,0.7252274780391296,0.7331803895129696,0.00795291147384003,0.7252274780391296,0.7342285011988375,0.009001023159707966,0.7252274780391296,0.7107271984770073,-0.014500279562122298,0.7252274780391296,0.7246415660179357,-0.0005859120211938462
5.0,1.0,7.0,1.0,1.0,5.0,2.0,4.0,9.0,8.0,4.0,8.0,1.0,0.0,0.0,0.0,0.0,0.0,0.0,0.0,0.0,0.0,0.0,1.0,0.0,0.0,0.0,0.0,0.0,0.0,0.0,0.0,0.0,0.0,0.0,0.0,0.0,0.0,0.0,0.0,0.8782264985307575,0.8551378554439019,-0.023088643086855654,0.8782264985307575,0.8680076990283094,-0.010218799502448084,0.8782264985307575,0.8824687277024302,0.004242229171672718,0.8782264985307575,0.8830239725152301,0.004797473984472611,0.8782264985307575,0.8703569407064449,-0.007869557824312645,0.8782264985307575,0.8779119123776633,-0.00031458615309420956
3.0,1.0,5.0,1.0,2.0,4.0,1.0,5.0,7.0,8.0,3.0,8.0,0.0,1.0,0.0,0.0,0.0,0.0,0.0,0.0,0.0,0.0,0.0,0.0,0.0,0.0,0.0,0.0,0.0,0.0,0.0,0.0,0.0,0.0,0.0,0.0,0.0,0.0,0.0,0.0,0.7559751723287621,0.7171720346065862,-0.03880313772217592,,,,0.7559751723287621,0.7633285612314518,0.0073533889026896615,0.7559751723287621,0.7642963179537401,0.008321145624977988,0.7559751723287621,0.7425214287380709,-0.01345374359069118,0.7559751723287621,0.7554327148887867,-0.0005424574399753856
6.0,1.0,5.0,1.0,3.0,3.0,2.0,3.0,5.0,0.0,3.0,1.0,1.0,0.0,0.0,0.0,0.0,0.0,1.0,0.0,0.0,0.0,0.0,0.0,0.0,0.0,0.0,0.0,0.0,0.0,0.0,0.0,0.0,0.0,0.0,0.0,0.0,0.0,0.0,1.0,0.536216082274803,0.48621770199932507,-0.04999838027547793,0.536216082274803,0.5132053536791503,-0.023010728595652674,0.536216082274803,0.5462166024295331,0.010000520154730075,0.536216082274803,0.5475459168792984,0.011329834604495437,0.536216082274803,0.5183655187958526,-0.01785056347895042,0.536216082274803,0.5354852813475416,-0.0007308009272614102
4.0,1.0,4.0,1.0,3.0,3.0,2.0,3.0,9.0,7.0,5.0,2.0,0.0,1.0,0.0,0.0,0.0,0.0,1.0,0.0,0.0,0.0,0.0,1.0,0.0,0.0,0.0,0.0,0.0,0.0,0.0,1.0,0.0,0.0,0.0,0.0,0.0,0.0,0.0,0.0,0.5532467028641911,0.5033839120742638,-0.04986279078992728,0.5532467028641911,0.5303408557123674,-0.022905847151823644,0.5532467028641911,0.5631791518663338,0.00993244900214274,0.5532467028641911,0.5644983944068266,0.0112516915426355,,,,0.5532467028641911,0.5525203428878352,-0.0007263599763558393
5.0,1.0,5.0,1.0,1.0,3.0,1.0,3.0,8.0,8.0,4.0,8.0,0.0,0.0,0.0,0.0,0.0,0.0,0.0,0.0,0.0,0.0,0.0,0.0,1.0,0.0,0.0,0.0,0.0,0.0,0.0,0.0,0.0,0.0,0.0,0.0,0.0,0.0,0.0,0.0,0.8903514546180848,0.8692193978653732,-0.02113205675271168,0.8903514546180848,0.8810122832377608,-0.00933917138032403,0.8903514546180848,0.8942221617401227,0.003870707122037853,0.8903514546180848,0.8947285044238098,0.004377049805724953,0.8903514546180848,0.8831612209253145,-0.007190233692770387,0.8903514546180848,0.890064270704734,-0.00028718391335080806
6.0,2.0,7.0,1.0,2.0,4.0,3.0,3.0,9.0,9.0,5.0,10.0,0.0,0.0,0.0,0.0,0.0,0.0,0.0,0.0,0.0,0.0,0.0,0.0,0.0,1.0,0.0,0.0,0.0,0.0,0.0,1.0,0.0,0.0,0.0,0.0,0.0,0.0,0.0,0.0,0.7978383248833391,0.7636104319815187,-0.03422789290182038,0.7978383248833391,0.7825439727416739,-0.01529435214166519,0.7978383248833391,0.804256855349944,0.006418530466604899,0.7978383248833391,0.8050999861578582,0.0072616612745191045,,,,,,
2.0,2.0,5.0,4.0,2.0,4.0,2.0,3.0,3.0,5.0,3.0,6.0,0.0,0.0,0.0,0.0,0.0,1.0,1.0,0.0,0.0,0.0,0.0,0.0,0.0,0.0,0.0,0.0,1.0,0.0,0.0,0.0,0.0,0.0,0.0,0.0,0.0,1.0,0.0,0.0,0.6721186571778351,0.626568024157938,-0.045550633019897147,0.6721186571778351,0.6514680265874884,-0.020650630590346775,0.6721186571778351,0.6809324480766041,0.008813790898768992,0.6721186571778351,0.6820968079648935,0.009978150787058326,0.6721186571778351,0.6561445580100301,-0.01597409916780501,0.6721186571778351,0.6714707993615179,-0.0006478578163172655
2.0,2.0,3.0,4.0,1.0,4.0,1.0,3.0,7.0,3.0,3.0,8.0,0.0,1.0,0.0,0.0,0.0,0.0,1.0,0.0,0.0,0.0,0.0,0.0,0.0,0.0,0.0,0.0,1.0,0.0,0.0,0.0,0.0,0.0,0.0,0.0,0.0,1.0,0.0,0.0,0.7145258414385742,0.6719914675449309,-0.04253437389364334,0.7145258414385742,0.6953354135983134,-0.019190427840260815,0.7145258414385742,0.7226700496053929,0.008144208166818712,0.7145258414385742,0.7237438913024712,0.00921804986389696,0.7145258414385742,0.6996946682586043,-0.014831173179969959,0.7145258414385742,0.7139261112167494,-0.0005997302218248013
2.0,1.0,7.0,3.0,1.0,3.0,1.0,4.0,6.0,6.0,2.0,5.0,1.0,0.0,0.0,0.0,0.0,0.0,1.0,0.0,0.0,0.0,0.0,0.0,0.0,0.0,0.0,0.0,1.0,0.0,0.0,0.0,1.0,0.0,0.0,0.0,0.0,0.0,0.0,0.0,0.9108102892704699,0.8931479730319407,-0.017662316238529208,0.9108102892704699,0.9030238751990308,-0.007786414071439096,0.9108102892704699,0.914028515040173,0.003218225769703098,0.9108102892704699,0.914449118220432,0.0036388289499620363,0.9108102892704699,0.9048182281242196,-0.005992061146250283,0.9108102892704699,0.9105713076049031,-0.00023898166556679534
3.0,1.0,4.0,1.0,1.0,4.0,3.0,3.0,7.0,7.0,5.0,8.0,0.0,0.0,0.0,0.0,0.0,0.0,0.0,0.0,1.0,0.0,0.0,0.0,0.0,0.0,0.0,0.0,0.0,0.0,0.0,0.0,0.0,0.0,0.0,0.0,0.0,0.0,0.0,0.0,0.9083028439079204,0.8902038342725705,-0.018099009635349828,0.9083028439079204,0.900321482321743,-0.007981361586177349,0.9083028439079204,0.9116027646439716,0.0032999207360512317,0.9083028439079204,0.9120340933219414,0.0037312494140210317,,,,0.9083028439079204,0.908057821819564,-0.0002450220883564169
4.0,1.0,3.0,3.0,1.0,3.0,1.0,4.0,8.0,9.0,4.0,8.0,0.0,0.0,0.0,1.0,0.0,0.0,0.0,0.0,0.0,0.0,0.0,0.0,0.0,0.0,0.0,0.0,0.0,0.0,0.0,1.0,0.0,0.0,0.0,0.0,0.0,0.0,0.0,0.0,0.7471037475273038,0.7074358707932038,-0.039667876734099994,0.7471037475273038,0.7292735416308793,-0.017830205896424478,0.7471037475273038,0.7546377004116349,0.007533952884331119,0.7471037475273038,0.7556296175266239,0.008525869999320146,0.7471037475273038,0.7333334280558502,-0.013770319471453574,0.7471037475273038,0.7465481809610386,-0.0005555665662652087
4.0,1.0,7.0,1.0,2.0,3.0,2.0,3.0,7.0,7.0,2.0,6.0,0.0,1.0,0.0,0.0,0.0,0.0,0.0,0.0,0.0,0.0,0.0,0.0,1.0,0.0,0.0,0.0,0.0,0.0,0.0,0.0,0.0,0.0,0.0,0.0,0.0,0.0,0.0,0.0,0.694875056696188,0.6508435258403242,-0.044031530855863754,0.694875056696188,0.6749645557865052,-0.019910500909682827,0.694875056696188,0.703347124760223,0.008472068064034999,0.694875056696188,0.7044651887953434,0.00959013209915538,0.694875056696188,0.6794809276539294,-0.015394129042258564,0.694875056696188,0.6942517087457514,-0.0006233479504366146
2.0,1.0,8.0,1.0,1.0,4.0,2.0,5.0,6.0,7.0,3.0,5.0,1.0,0.0,0.0,0.0,0.0,0.0,0.0,0.0,0.0,0.0,0.0,0.0,0.0,0.0,0.0,0.0,0.0,0.0,0.0,0.0,0.0,0.0,0.0,0.0,0.0,0.0,0.0,0.0,0.8934272417601808,0.8728032816230897,-0.020623960137091113,,,,0.8934272417601808,0.8972019066532101,0.003774664893029245,0.8934272417601808,0.8976956175845243,0.004268375824343473,0.8934272417601808,0.886412972244917,-0.007014269515263849,0.8934272417601808,0.8931471469331529,-0.00028009482702795463
5.0,1.0,10.0,1.0,2.0,3.0,2.0,4.0,8.0,7.0,3.0,7.0,0.0,0.0,0.0,0.0,0.0,0.0,1.0,0.0,0.0,0.0,0.0,0.0,1.0,0.0,0.0,0.0,0.0,0.0,0.0,1.0,0.0,0.0,0.0,0.0,0.0,0.0,0.0,0.0,0.8323506178774526,0.8025196651075401,-0.029830952769912433,0.8323506178774526,0.8190751687102866,-0.013275449167165942,0.8323506178774526,0.8378960334763368,0.005545415598884218,0.8323506178774526,0.8386233428198547,0.006272724942402164,0.8323506178774526,0.8221168480307273,-0.010233769846725305,0.8323506178774526,0.8319401965389529,-0.0004104213384996669
3.0,1.0,3.0,1.0,1.0,2.0,1.0,3.0,7.0,7.0,2.0,7.0,1.0,0.0,0.0,0.0,0.0,0.0,0.0,0.0,0.0,0.0,0.0,0.0,0.0,0.0,0.0,0.0,0.0,0.0,0.0,0.0,0.0,0.0,0.0,0.0,0.0,0.0,0.0,0.0,0.8720157198601853,0.8479533674331651,-0.02406235242702026,0.8720157198601853,0.8613580114379794,-0.010657708422205925,0.8720157198601853,0.8764438741853638,0.004428154325178513,0.8720157198601853,0.8770236153629407,0.005007895502755377,0.8720157198601853,0.8638070364274734,-0.008208683432711972,0.8720157198601853,0.871687433165145,-0.00032828669504036956
5.0,2.0,3.0,1.0,2.0,4.0,2.0,3.0,6.0,5.0,4.0,8.0,0.0,0.0,0.0,0.0,0.0,0.0,1.0,0.0,0.0,0.0,1.0,0.0,0.0,0.0,0.0,0.0,0.0,0.0,0.0,1.0,0.0,0.0,0.0,0.0,0.0,0.0,0.0,0.0,0.8071498508709628,0.7740520142215446,-0.03309783664941823,0.8071498508709628,0.7923766315598331,-0.014773219311129737,0.8071498508709628,0.8133419106250569,0.0061920597540940925,0.8071498508709628,0.814154951655711,0.007005100784748142,0.8071498508709628,0.7957552366986713,-0.011394614172291484,0.8071498508709628,0.8066920636870047,-0.0004577871839580583
3.0,1.0,6.0,4.0,1.0,4.0,2.0,2.0,7.0,5.0,2.0,6.0,1.0,0.0,0.0,0.0,0.0,0.0,1.0,0.0,0.0,0.0,0.0,1.0,0.0,0.0,0.0,0.0,0.0,0.0,0.0,0.0,0.0,0.0,0.0,0.0,0.0,1.0,0.0,0.0,0.8775477885961744,0.8543518016177194,-0.02319598697845504,0.8775477885961744,0.867280641311108,-0.010267147285066391,0.8775477885961744,0.881810480033769,0.004262691437594612,0.8775477885961744,0.8823684200406936,0.004820631444519163,0.8775477885961744,0.869640879981485,-0.007906908614689456,0.8775477885961744,0.8772316941875947,-0.0003160944085797146
5.0,1.0,3.0,1.0,2.0,5.0,3.0,3.0,8.0,6.0,4.0,7.0,0.0,0.0,0.0,0.0,0.0,0.0,0.0,0.0,0.0,0.0,0.0,0.0,0.0,0.0,0.0,0.0,0.0,0.0,0.0,0.0,0.0,0.0,0.0,0.0,0.0,0.0,0.0,0.0,0.8287188690590622,0.7983982151428022,-0.030320653916260043,0.8287188690590622,0.8152196798653669,-0.013499189193695305,0.8287188690590622,0.8343605077575574,0.0056416386984952105,0.8287188690590622,0.8351005580641226,0.00638168900506042,0.8287188690590622,0.8183117990744716,-0.010407069984590622,0.8287188690590622,0.8283013908811809,-0.00041747817788129193
3.0,3.0,7.0,2.0,2.0,3.0,2.0,4.0,7.0,6.0,2.0,6.0,0.0,0.0,0.0,0.0,0.0,0.0,0.0,0.0,0.0,0.0,0.0,1.0,0.0,0.0,0.0,0.0,0.0,0.0,0.0,0.0,0.0,0.0,0.0,0.0,0.0,0.0,0.0,0.0,0.8148760419167953,0.782747302160521,-0.03212873975627428,0.8148760419167953,0.8005484321119766,-0.01432760980481873,0.8148760419167953,0.8208750812240045,0.005999039307209242,0.8148760419167953,0.8216625041472122,0.006786462230416901,0.8148760419167953,0.8038269815338028,-0.01104906038299247,0.8148760419167953,0.8144323785963758,-0.0004436633204194518
4.0,1.0,8.0,1.0,3.0,3.0,3.0,3.0,6.0,6.0,3.0,7.0,1.0,0.0,0.0,0.0,0.0,0.0,0.0,1.0,0.0,0.0,0.0,0.0,0.0,0.0,0.0,0.0,0.0,0.0,0.0,1.0,0.0,0.0,0.0,0.0,0.0,0.0,0.0,0.0,0.789116528283976,0.7538675078818776,-0.03524902040209843,0.789116528283976,0.7733497842059689,-0.015766744078007155,0.789116528283976,0.7957410774597685,0.006624549175792471,0.789116528283976,0.7966116124826498,0.007495084198673729,0.789116528283976,0.7769508527243312,-0.012165675559644873,0.789116528283976,0.7886271438736709,-0.0004893844103051048
4.0,1.0,6.0,1.0,2.0,2.0,2.0,5.0,9.0,8.0,5.0,9.0,0.0,1.0,0.0,0.0,0.0,0.0,1.0,0.0,0.0,0.0,0.0,0.0,1.0,0.0,0.0,0.0,0.0,0.0,0.0,0.0,0.0,0.0,0.0,1.0,0.0,0.0,0.0,0.0,0.50227431020139,0.45235392744499925,-0.04992038275639077,,,,0.50227431020139,0.5123411061768309,0.010066795975440912,0.50227431020139,0.5136813026968733,0.01140699249548327,,,,0.50227431020139,0.5015397434324741,-0.000734566768915923
7.0,1.0,5.0,1.0,1.0,5.0,2.0,5.0,9.0,9.0,4.0,10.0,0.0,0.0,0.0,0.0,0.0,0.0,1.0,0.0,0.0,0.0,0.0,1.0,0.0,0.0,0.0,0.0,0.0,0.0,0.0,1.0,0.0,0.0,0.0,0.0,0.0,0.0,0.0,0.0,0.8621389141501072,0.8365676473210755,-0.02557126682903177,,,,0.8621389141501072,0.8668566212454071,0.004717707095299839,0.8621389141501072,0.8674745450015002,0.005335630851392992,0.8621389141501072,0.8534032460495583,-0.008735668100548932,,,
6.0,1.0,4.0,1.0,1.0,5.0,1.0,2.0,8.0,6.0,3.0,7.0,1.0,0.0,0.0,0.0,0.0,0.0,1.0,0.0,0.0,0.0,1.0,0.0,0.0,0.0,0.0,0.0,0.0,0.0,0.0,0.0,0.0,0.0,0.0,1.0,0.0,0.0,0.0,0.0,0.8695129704745092,0.8450636797211121,-0.02444929075339708,0.8695129704745092,0.8586806246798337,-0.010832345794675402,0.8695129704745092,0.8740152073627168,0.004502236888207611,0.8695129704745092,0.8746047137535087,0.005091743278999528,0.8695129704745092,0.8611693213073135,-0.008343649167195655,0.8695129704745092,0.8691792271790618,-0.0003337432954473307
6.0,1.0,6.0,2.0,1.0,5.0,1.0,3.0,0.0,0.0,1.0,10.0,0.0,0.0,0.0,0.0,0.0,1.0,1.0,0.0,0.0,0.0,1.0,0.0,0.0,0.0,0.0,0.0,0.0,0.0,0.0,0.0,0.0,0.0,0.0,0.0,0.0,0.0,0.0,0.0,0.7705816300122663,0.733281658832851,-0.0372999711794153,0.7705816300122663,0.7538613639953403,-0.016720266016926,0.7705816300122663,0.7776243439057029,0.007042713893436581,0.7705816300122663,0.7785506033869736,0.007968973374707256,0.7705816300122663,0.7576750459679559,-0.012906584044310443,,,
5.0,1.0,2.0,2.0,1.0,2.0,3.0,4.0,10.0,8.0,5.0,10.0,1.0,0.0,0.0,0.0,0.0,0.0,1.0,0.0,0.0,0.0,0.0,0.0,0.0,1.0,0.0,0.0,0.0,0.0,0.0,0.0,0.0,0.0,0.0,0.0,0.0,0.0,0.0,0.0,0.6698112924425085,0.6241193767739205,-0.04569191566858799,0.6698112924425085,0.6490912112857351,-0.020720081156773373,,,,0.6698112924425085,0.6798262119312838,0.010014919488775309,,,,,,
2.0,3.0,3.0,4.0,2.0,3.0,1.0,3.0,9.0,10.0,4.0,5.0,0.0,0.0,0.0,0.0,0.0,1.0,0.0,0.0,0.0,0.0,0.0,0.0,1.0,0.0,0.0,0.0,0.0,0.0,0.0,0.0,0.0,0.0,0.0,0.0,0.0,1.0,0.0,0.0,0.7599065619206311,0.7214982637011037,-0.038408298219527404,0.7599065619206311,0.7426680979149741,-0.017238464005656984,0.7599065619206311,0.7671779683703815,0.007271406449750439,,,,0.7599065619206311,0.7465969123787911,-0.013309649541839996,0.7599065619206311,0.7593700620412805,-0.0005364998793505604
7.0,3.0,7.0,1.0,1.0,4.0,1.0,4.0,9.0,9.0,4.0,9.0,0.0,0.0,0.0,0.0,0.0,0.0,1.0,0.0,0.0,0.0,0.0,0.0,0.0,0.0,0.0,0.0,0.0,1.0,0.0,0.0,0.0,0.0,1.0,0.0,0.0,0.0,0.0,0.0,0.843761541336967,0.8155109698750028,-0.02825057146196419,0.843761541336967,0.831206436302982,-0.012555105033985048,0.843761541336967,0.8489979871586536,0.005236445821686586,0.843761541336967,0.849684421449556,0.005922880112589013,0.843761541336967,0.8340854792496022,-0.009676062087364823,0.843761541336967,0.8433737983808146,-0.00038774295615240373
4.0,1.0,8.0,1.0,3.0,5.0,3.0,3.0,8.0,8.0,5.0,8.0,1.0,0.0,0.0,0.0,0.0,0.0,1.0,0.0,0.0,0.0,0.0,0.0,1.0,0.0,0.0,0.0,0.0,0.0,0.0,0.0,0.0,0.0,0.0,1.0,0.0,0.0,0.0,0.0,0.6876156566798549,0.6430746399587642,-0.044541016721090676,0.6876156566798549,0.6674581502734243,-0.02015750640643066,0.6876156566798549,0.6962011649849603,0.008585508305105405,0.6876156566798549,0.6973345719559815,0.00971891527612656,,,,0.6876156566798549,0.6869841588702177,-0.000631497809637227
5.0,1.0,6.0,2.0,2.0,2.0,1.0,3.0,8.0,7.0,3.0,10.0,0.0,0.0,0.0,0.0,1.0,0.0,1.0,0.0,0.0,0.0,0.0,0.0,1.0,0.0,0.0,0.0,0.0,0.0,0.0,1.0,0.0,0.0,0.0,0.0,0.0,0.0,0.0,0.0,0.7839648428313648,0.7481295682163769,-0.03583527461498792,0.7839648428313648,0.7679262069039609,-0.016038635927403955,0.7839648428313648,0.7907083021206925,0.006743459289327736,0.7839648428313648,0.7915946688384622,0.0076298260070973845,0.7839648428313648,0.7715879954599081,-0.012376847371456723,,,
6.0,1.0,2.0,1.0,2.0,4.0,2.0,3.0,3.0,6.0,2.0,8.0,1.0,0.0,0.0,0.0,0.0,0.0,1.0,0.0,0.0,0.0,1.0,0.0,0.0,0.0,0.0,0.0,0.0,0.0,0.0,0.0,0.0,0.0,0.0,0.0,0.0,0.0,0.0,0.0,0.7383993220302013,0.6979181707869467,-0.040481151243254576,0.7383993220302013,0.7201852686174681,-0.01821405341273319,0.7383993220302013,0.7461044616067,0.007705139576498654,0.7383993220302013,0.7471193157106815,0.008719993680480154,0.7383993220302013,0.7243299266573204,-0.014069395372880877,0.7383993220302013,0.7378313436139516,-0.0005679784162496704
3.0,5.0,5.0,3.0,1.0,4.0,1.0,3.0,8.0,7.0,3.0,8.0,1.0,0.0,0.0,0.0,0.0,0.0,1.0,0.0,0.0,0.0,0.0,0.0,1.0,0.0,0.0,0.0,0.0,0.0,0.0,1.0,0.0,0.0,0.0,0.0,0.0,0.0,0.0,0.0,0.7670812736601882,0.7294120372491365,-0.03766923641105169,0.7670812736601882,0.7501886007002486,-0.01689267295993957,0.7670812736601882,0.774199955062117,0.007118681401928839,0.7670812736601882,0.7751363535593258,0.008055079899137563,0.7670812736601882,0.7540406221379257,-0.013040651522262525,0.7670812736601882,0.7665558808888397,-0.000525392771348443
6.0,4.0,4.0,1.0,4.0,2.0,2.0,3.0,8.0,6.0,2.0,6.0,0.0,0.0,0.0,0.0,0.0,0.0,0.0,0.0,0.0,0.0,0.0,1.0,0.0,0.0,0.0,0.0,0.0,0.0,0.0,0.0,0.0,0.0,0.0,1.0,0.0,0.0,0.0,0.0,0.47796879068812814,0.42838495069652505,-0.049583839991603096,0.47796879068812814,0.455005374282203,-0.02296341640592514,0.47796879068812814,0.48802609332829944,0.010057302640171295,0.47796879068812814,0.48936651256800046,0.011397721879872313,0.47796879068812814,0.4601334893682311,-0.017835301319897023,0.47796879068812814,0.4772356872657173,-0.0007331034224108413
6.0,1.0,9.0,1.0,1.0,5.0,1.0,4.0,9.0,9.0,5.0,9.0,1.0,0.0,0.0,0.0,0.0,0.0,0.0,0.0,0.0,0.0,0.0,1.0,0.0,0.0,0.0,0.0,0.0,0.0,0.0,0.0,0.0,0.0,0.0,0.0,0.0,0.0,0.0,0.0,0.8898166161773241,0.8685966951876684,-0.02121992098965575,0.8898166161773241,0.8804380079322789,-0.009378608245045217,0.8898166161773241,0.8937039495885842,0.00388733341126013,0.8898166161773241,0.8942124794179599,0.004395863240635789,,,,0.8898166161773241,0.8895282052599984,-0.0002884109173256766
4.0,1.0,9.0,1.0,1.0,4.0,2.0,3.0,6.0,4.0,2.0,6.0,0.0,0.0,0.0,0.0,0.0,0.0,0.0,0.0,0.0,0.0,0.0,0.0,1.0,0.0,0.0,0.0,0.0,0.0,0.0,0.0,0.0,0.0,0.0,0.0,0.0,0.0,0.0,0.0,0.9064332960073578,0.8880107754025867,-0.01842252060477112,0.9064332960073578,0.8983074267871961,-0.008125869220161674,0.9064332960073578,0.9097938147284331,0.003360518721075345,0.9064332960073578,0.9102331008881495,0.0037998048807916796,0.9064332960073578,0.9001794016302009,-0.006253894377156843,0.9064332960073578,0.9061837943187799,-0.0002495016885778467
7.0,1.0,7.0,2.0,1.0,4.0,2.0,4.0,7.0,7.0,3.0,9.0,0.0,0.0,0.0,0.0,0.0,0.0,1.0,0.0,0.0,0.0,0.0,1.0,0.0,0.0,0.0,0.0,0.0,0.0,0.0,0.0,0.0,0.0,1.0,0.0,0.0,0.0,0.0,0.0,0.8380547436516984,0.8090058641514927,-0.029048879500205738,0.8380547436516984,0.8251360880632764,-0.012918655588421979,0.8380547436516984,0.843446968845037,0.005392225193338596,0.8380547436516984,0.8441540051988785,0.0060992615471801015,0.8380547436516984,0.8280972573517169,-0.0099574862999815,0.8380547436516984,0.8376555629152038,-0.0003991807364945865
4.0,1.0,4.0,1.0,2.0,5.0,5.0,1.0,5.0,5.0,1.0,6.0,0.0,0.0,0.0,0.0,0.0,0.0,1.0,0.0,0.0,0.0,0.0,0.0,0.0,0.0,0.0,0.0,0.0,0.0,0.0,0.0,0.0,0.0,0.0,0.0,0.0,0.0,0.0,0.0,,,,0.8125165968220328,0.7980516338506446,-0.014464962971388218,0.8125165968220328,0.8185750722574617,0.006058475435428923,0.8125165968220328,0.8193703810760866,0.006853784254053807,0.8125165968220328,0.8013610415230197,-0.011155555299013131,0.8125165968220328,0.8120685830092812,-0.0004480138127516131
6.0,3.0,2.0,2.0,1.0,2.0,2.0,4.0,10.0,10.0,4.0,10.0,0.0,1.0,0.0,0.0,0.0,0.0,0.0,0.0,0.0,0.0,0.0,0.0,0.0,0.0,0.0,0.0,0.0,1.0,0.0,0.0,0.0,0.0,0.0,0.0,0.0,0.0,0.0,0.0,0.5272670275978594,0.4772444292740402,-0.05002259832381917,0.5272670275978594,0.5042228139250269,-0.023044213672832492,,,,,,,0.5272670275978594,0.5093871707450379,-0.017879856852821452,,,
6.0,3.0,9.0,1.0,2.0,3.0,1.0,2.0,10.0,10.0,2.0,10.0,0.0,0.0,0.0,0.0,0.0,0.0,0.0,0.0,0.0,0.0,0.0,1.0,0.0,0.0,0.0,0.0,0.0,0.0,0.0,1.0,0.0,0.0,0.0,0.0,0.0,0.0,0.0,0.0,0.8788550386590146,0.8558660101460485,-0.022989028512966136,0.8788550386590146,0.8686810972109716,-0.010173941448042956,,,,,,,0.8788550386590146,0.8710201344707527,-0.007834904188261937,,,
3.0,1.0,2.0,1.0,1.0,5.0,2.0,3.0,5.0,5.0,3.0,5.0,0.0,0.0,0.0,0.0,0.0,0.0,1.0,0.0,0.0,0.0,0.0,1.0,0.0,0.0,0.0,0.0,0.0,0.0,0.0,0.0,0.0,0.0,0.0,0.0,0.0,0.0,0.0,0.0,0.8971630744217961,0.8771626730660241,-0.02000040135577197,0.8971630744217961,0.8883313082938872,-0.008831766127908924,0.8971630744217961,0.9008201098298769,0.003657035408080822,0.8971630744217961,0.9012983552062157,0.004135280784419604,0.8971630744217961,0.8903645123628192,-0.006798562058976887,0.8971630744217961,0.896891664987839,-0.0002714094339570927
7.0,1.0,10.0,1.0,2.0,4.0,2.0,2.0,8.0,8.0,4.0,8.0,0.0,0.0,0.0,0.0,0.0,1.0,1.0,0.0,0.0,0.0,0.0,1.0,0.0,0.0,0.0,0.0,0.0,0.0,0.0,0.0,0.0,0.0,1.0,0.0,0.0,0.0,0.0,0.0,0.7455735146248795,0.7057601452999656,-0.03981336932491397,0.7455735146248795,0.7276747470210521,-0.01789876760382747,0.7455735146248795,0.7531379912004715,0.007564476575592005,0.7455735146248795,0.7541339958275887,0.008560481202709136,0.7455735146248795,0.7317497902734416,-0.013823724351437972,0.7455735146248795,0.7450157337360437,-0.000557780888835846
3.0,2.0,2.0,3.0,2.0,4.0,2.0,2.0,2.0,1.0,2.0,2.0,1.0,0.0,0.0,0.0,0.0,0.0,1.0,0.0,0.0,1.0,0.0,0.0,0.0,0.0,0.0,0.0,0.0,0.0,0.0,1.0,0.0,0.0,0.0,0.0,0.0,0.0,0.0,0.0,0.6255254231028771,0.57757013020545,-0.04795529289742706,0.6255254231028771,0.603670669179568,-0.021854753923309045,0.6255254231028771,0.6349113559284774,0.009385932825600296,0.6255254231028771,0.6361539209138459,0.010628497810968862,0.6255254231028771,0.6086032267739557,-0.016922196328921335,0.6255254231028771,0.6248368899321902,-0.0006885331706868447
7.0,3.0,2.0,4.0,2.0,4.0,2.0,4.0,6.0,6.0,3.0,6.0,0.0,0.0,0.0,0.0,0.0,0.0,1.0,0.0,0.0,0.0,0.0,0.0,0.0,0.0,0.0,0.0,0.0,1.0,0.0,0.0,0.0,0.0,1.0,0.0,0.0,0.0,0.0,0.0,0.5841892922324948,0.5348765960427729,-0.049312696189721894,0.5841892922324948,0.5616128145946839,-0.0225764776378109,0.5841892922324948,0.5939387243283627,0.009749432095867872,0.5841892922324948,0.5952318368141309,0.011042544581636116,0.5841892922324948,0.5666930924995521,-0.017496199732942697,0.5841892922324948,0.5834753648165079,-0.0007139274159869702
2.0,2.0,8.0,4.0,2.0,3.0,2.0,4.0,5.0,5.0,2.0,4.0,0.0,1.0,0.0,0.0,0.0,0.0,1.0,0.0,0.0,0.0,0.0,0.0,0.0,0.0,0.0,0.0,1.0,0.0,0.0,0.0,0.0,0.0,0.0,0.0,0.0,1.0,0.0,0.0,0.6022446159158675,0.5534363651330536,-0.04880825078281392,0.6022446159158675,0.5799435660535128,-0.022301049862354705,0.6022446159158675,0.6118519843979223,0.00960736848205479,0.6022446159158675,0.6131252092926914,0.0108805933768239,0.6022446159158675,0.5849684003870963,-0.017276215528771233,0.6022446159158675,0.6015405442969692,-0.0007040716188982943
2.0,1.0,1.0,4.0,2.0,5.0,2.0,4.0,6.0,7.0,3.0,5.0,0.0,0.0,0.0,0.0,1.0,0.0,0.0,0.0,0.0,0.0,0.0,0.0,0.0,0.0,0.0,0.0,1.0,0.0,0.0,0.0,0.0,0.0,0.0,0.0,0.0,1.0,0.0,0.0,0.8407036325686157,0.8120233214058649,-0.028680311162750827,0.8407036325686157,0.8279529036448828,-0.012750728923732857,0.8407036325686157,0.8460238636205595,0.005320231051943791,0.8407036325686157,0.8467213769652043,0.006017744396588642,0.8407036325686157,0.8308761494850023,-0.009827483083613364,0.8407036325686157,0.8403097369636685,-0.0003938956049471809
7.0,2.0,6.0,1.0,3.0,3.0,2.0,4.0,7.0,7.0,3.0,7.0,0.0,0.0,0.0,0.0,0.0,0.0,1.0,0.0,0.0,0.0,0.0,1.0,0.0,0.0,0.0,0.0,0.0,0.0,0.0,0.0,0.0,0.0,1.0,0.0,0.0,0.0,0.0,0.0,0.6609250388844404,0.614710775928743,-0.046214262955697416,0.6609250388844404,0.6399470772169331,-0.020977961667507317,0.6609250388844404,0.6698919421062112,0.008966903221770739,0.6609250388844404,0.6710771298244465,0.01015209094000602,0.6609250388844404,0.6446938844069978,-0.01623115447744261,0.6609250388844404,0.6602662432971234,-0.0006587955873170737
3.0,1.0,6.0,3.0,1.0,5.0,2.0,3.0,5.0,3.0,5.0,6.0,0.0,0.0,0.0,0.0,0.0,0.0,0.0,0.0,0.0,0.0,0.0,0.0,0.0,0.0,0.0,0.0,0.0,0.0,0.0,0.0,0.0,0.0,0.0,0.0,0.0,0.0,0.0,0.0,0.880553456167753,0.8578345913769377,-0.022718864790815307,0.880553456167753,0.8705011331456131,-0.010052323022139986,0.880553456167753,0.8847252613941491,0.0041718052263960415,0.880553456167753,0.8852712317665197,0.004717775598766627,,,,0.880553456167753,0.8802440616894146,-0.0003093944783384428
7.0,1.0,3.0,2.0,3.0,3.0,2.0,4.0,7.0,5.0,3.0,5.0,0.0,0.0,0.0,0.0,0.0,0.0,1.0,0.0,0.0,0.0,0.0,0.0,0.0,0.0,0.0,0.0,0.0,0.0,0.0,0.0,0.0,0.0,1.0,0.0,0.0,0.0,0.0,0.0,0.6199516847458689,0.5717712606892358,-0.04818042405663314,0.6199516847458689,0.5979807017897621,-0.021970982956106777,0.6199516847458689,0.6293945501140886,0.0094428653682197,0.6199516847458689,0.6306449683967466,0.010693283650877627,0.6199516847458689,0.6029374960644515,-0.017014188681417464,0.6199516847458689,0.6192591411707636,-0.0006925435751052866
3.0,1.0,3.0,1.0,1.0,4.0,2.0,3.0,10.0,8.0,5.0,10.0,0.0,0.0,0.0,0.0,0.0,1.0,0.0,0.0,0.0,0.0,0.0,0.0,0.0,0.0,0.0,0.0,0.0,0.0,0.0,0.0,0.0,0.0,0.0,0.0,0.0,0.0,0.0,0.0,0.8461904109346812,0.8182844368085843,-0.027905974126096855,0.8461904109346812,0.8337920389277514,-0.012398372006929725,,,,0.8461904109346812,0.8520373610808254,0.005846950146144225,,,,,,
3.0,1.0,5.0,1.0,4.0,3.0,3.0,4.0,5.0,3.0,2.0,4.0,0.0,0.0,0.0,0.0,0.0,0.0,1.0,0.0,0.0,0.0,0.0,0.0,0.0,0.0,0.0,0.0,1.0,0.0,0.0,0.0,0.0,0.0,0.0,0.0,0.0,0.0,0.0,0.0,0.5869152150585711,0.5376699532735926,-0.04924526178497857,0.5869152150585711,0.5643763764957536,-0.022538838562817576,0.5869152150585711,0.596644862700192,0.009729647641620875,0.5869152150585711,0.5979351911872728,0.011019976128701647,0.5869152150585711,0.5694491806503436,-0.017466034408227582,0.5869152150585711,0.5862026527518521,-0.0007125623067190112
4.0,1.0,3.0,4.0,3.0,4.0,4.0,3.0,6.0,6.0,2.0,5.0,0.0,1.0,0.0,0.0,0.0,0.0,1.0,0.0,0.0,0.0,0.0,0.0,0.0,1.0,0.0,0.0,0.0,0.0,0.0,0.0,0.0,0.0,0.0,0.0,0.0,1.0,0.0,0.0,0.447924704897798,0.39907496240010093,-0.04884974249769708,0.447924704897798,0.42522894942212397,-0.02269575547567404,0.447924704897798,0.4579043498465256,0.009979644948727606,0.447924704897798,0.45923624690545156,0.011311542007653552,0.447924704897798,0.43028643014762424,-0.017638274750173766,0.447924704897798,0.44719820721424525,-0.0007264976835527626
4.0,1.0,6.0,1.0,2.0,5.0,2.0,2.0,4.0,3.0,4.0,5.0,0.0,0.0,0.0,0.0,1.0,0.0,1.0,0.0,0.0,0.0,0.0,0.0,0.0,0.0,0.0,0.0,0.0,0.0,0.0,0.0,0.0,0.0,0.0,0.0,0.0,0.0,0.0,0.0,0.8309590004544266,0.8009396474101949,-0.030019353044231756,0.8309590004544266,0.8175975035388025,-0.01336149691562416,0.8309590004544266,0.8365414075337041,0.005582407079277485,0.8309590004544266,0.8372736143010461,0.006314613846619466,0.8309590004544266,0.8206585857657995,-0.01030041468862708,0.8309590004544266,0.8305458658819821,-0.0004131345724445179
6.0,1.0,5.0,1.0,3.0,4.0,3.0,3.0,9.0,8.0,4.0,10.0,0.0,0.0,1.0,0.0,0.0,0.0,1.0,0.0,0.0,0.0,0.0,0.0,0.0,1.0,0.0,0.0,0.0,0.0,0.0,0.0,0.0,0.0,0.0,0.0,0.0,0.0,0.0,0.0,0.4742371844035625,0.42472550138095855,-0.04951168302260395,0.4742371844035625,0.4512980597757512,-0.02293912462781128,0.4742371844035625,0.4842888101491415,0.010051625745578996,0.4742371844035625,0.4856287011779178,0.011391516774355293,0.4742371844035625,0.4564193840640692,-0.017817800339493317,,,
5.0,1.0,3.0,1.0,2.0,3.0,2.0,3.0,6.0,8.0,2.0,8.0,0.0,0.0,0.0,0.0,1.0,0.0,1.0,0.0,0.0,0.0,0.0,0.0,1.0,0.0,0.0,0.0,0.0,0.0,0.0,0.0,0.0,0.0,0.0,0.0,0.0,0.0,0.0,0.0,0.7741557619658218,0.7372387410347737,-0.036917020931048095,0.7741557619658218,0.7576140467346489,-0.01654171523117287,0.7741557619658218,0.7811199219157239,0.006964159949902071,0.7741557619658218,0.7820357024201948,0.007879940454373013,0.7741557619658218,0.7613879882827014,-0.012767773683120431,0.7741557619658218,0.7736416180436783,-0.0005141439221435506
3.0,1.0,2.0,1.0,1.0,4.0,2.0,3.0,7.0,6.0,3.0,6.0,0.0,0.0,0.0,0.0,1.0,0.0,0.0,0.0,0.0,0.0,0.0,1.0,0.0,0.0,0.0,0.0,0.0,0.0,0.0,0.0,0.0,0.0,0.0,0.0,0.0,0.0,0.0,0.0,0.8944178660187329,0.8739585663650409,-0.020459299653691976,0.8944178660187329,0.8853804583206294,-0.009037407698103461,0.8944178660187329,0.898161443716417,0.003743577697684186,0.8944178660187329,0.8986510668246325,0.004233200805899617,0.8944178660187329,0.8874605833549858,-0.006957282663747066,0.8944178660187329,0.8941400662637894,-0.0002777997549434641
6.0,1.0,8.0,1.0,1.0,3.0,1.0,4.0,5.0,6.0,2.0,8.0,0.0,0.0,0.0,0.0,0.0,0.0,1.0,0.0,0.0,0.0,0.0,0.0,0.0,0.0,0.0,0.0,0.0,0.0,0.0,0.0,0.0,0.0,1.0,0.0,0.0,0.0,0.0,0.0,0.875485844443094,0.8519651551773265,-0.023520689265767447,0.875485844443094,0.8650723932154898,-0.010413451227604176,0.875485844443094,0.8798104835197946,0.004324639076700665,0.875485844443094,0.8803765841643025,0.00489073972120857,0.875485844443094,0.8674659014729228,-0.008019942970171168,0.875485844443094,0.8751651845622939,-0.00032065988080010044
5.0,1.0,5.0,1.0,2.0,5.0,2.0,2.0,7.0,7.0,3.0,7.0,0.0,0.0,0.0,1.0,0.0,0.0,1.0,0.0,0.0,0.0,0.0,0.0,0.0,0.0,0.0,0.0,0.0,1.0,0.0,0.0,0.0,0.0,0.0,0.0,0.0,0.0,0.0,0.0,0.7147965475275185,0.6722840085160063,-0.042512539011512196,0.7147965475275185,0.6956165652686038,-0.019179982258914707,0.7147965475275185,0.7229360274234198,0.008139479895901247,0.7147965475275185,0.7240092325527051,0.009212685025186573,0.7147965475275185,0.6999735328917016,-0.014823014635816922,0.7147965475275185,0.7141971585347462,-0.0005993889927723428
5.0,2.0,6.0,1.0,1.0,5.0,2.0,4.0,3.0,4.0,4.0,5.0,1.0,0.0,0.0,0.0,0.0,0.0,0.0,0.0,0.0,0.0,0.0,0.0,1.0,0.0,0.0,0.0,0.0,0.0,0.0,0.0,0.0,0.0,0.0,0.0,0.0,0.0,0.0,0.0,0.7767443275714411,0.740108389724672,-0.03663593784676911,0.7767443275714411,0.7603335128525063,-0.016410814718934796,0.7767443275714411,0.7836509734247882,0.006906645853347104,0.7767443275714411,0.7845590849336376,0.0078147573621965,0.7767443275714411,0.7640782977374253,-0.012666029834015768,0.7767443275714411,0.7762343732936509,-0.0005099542777902144
4.0,1.0,7.0,1.0,1.0,5.0,2.0,4.0,7.0,8.0,4.0,7.0,0.0,0.0,0.0,0.0,0.0,0.0,1.0,0.0,0.0,0.0,0.0,0.0,1.0,0.0,0.0,0.0,0.0,0.0,0.0,1.0,0.0,0.0,0.0,0.0,0.0,0.0,0.0,0.0,0.903874491350135,0.885012074813742,-0.01886241653639298,0.903874491350135,0.8955520073374166,-0.0083224840127184,0.903874491350135,0.9073175145841073,0.0034430232339722755,0.903874491350135,0.9077676373156146,0.0038931459654796274,0.903874491350135,0.8974689150881935,-0.006405576261941492,0.903874491350135,0.9036188919561366,-0.0002555993939983292
4.0,3.0,10.0,1.0,2.0,5.0,3.0,2.0,8.0,7.0,5.0,7.0,0.0,0.0,0.0,0.0,0.0,0.0,0.0,0.0,0.0,0.0,0.0,1.0,0.0,0.0,0.0,0.0,0.0,0.0,0.0,0.0,0.0,0.0,0.0,0.0,0.0,0.0,0.0,0.0,0.8546643442952906,0.8279832754804891,-0.02668106881480148,0.8546643442952906,0.842822165065552,-0.011842179229738625,0.8546643442952906,0.8595961806718768,0.004931836376586229,0.8546643442952906,0.8602423678382802,0.005578023542989641,,,,0.8546643442952906,0.8542989868747316,-0.0003653574205589871
3.0,1.0,2.0,1.0,2.0,2.0,2.0,3.0,8.0,9.0,4.0,7.0,0.0,0.0,0.0,0.0,0.0,0.0,1.0,0.0,0.0,0.0,0.0,0.0,0.0,0.0,0.0,0.0,0.0,0.0,0.0,0.0,0.0,0.0,0.0,0.0,0.0,0.0,0.0,0.0,0.823357306807615,0.7923253808921716,-0.031031925915443348,0.823357306807615,0.8095326751929952,-0.013824631614619776,0.823357306807615,0.8291391338920524,0.005781827084437419,0.823357306807615,0.8298977564849218,0.0065404496773068255,0.823357306807615,0.8126980957939276,-0.010659211013687386,0.823357306807615,0.8229295526856925,-0.00042775412192253004
2.0,3.0,2.0,4.0,1.0,4.0,4.0,2.0,7.0,6.0,4.0,10.0,0.0,0.0,0.0,0.0,1.0,0.0,0.0,0.0,0.0,0.0,0.0,0.0,0.0,0.0,0.0,0.0,1.0,0.0,0.0,0.0,0.0,0.0,0.0,0.0,0.0,1.0,0.0,0.0,0.7811074377598424,0.7449523846598416,-0.03615505310000078,0.7811074377598424,0.7649202767926985,-0.0161871609671439,0.7811074377598424,0.787915960793055,0.006808523033212666,0.7811074377598424,0.7888109947652664,0.007703557005424022,0.7811074377598424,0.7686152036161253,-0.01249223414371703,,,
7.0,2.0,9.0,2.0,3.0,5.0,3.0,3.0,7.0,7.0,5.0,7.0,0.0,0.0,0.0,0.0,0.0,0.0,0.0,0.0,0.0,0.0,0.0,1.0,0.0,0.0,0.0,0.0,0.0,0.0,0.0,0.0,0.0,0.0,1.0,0.0,0.0,0.0,0.0,0.0,0.7087358144905926,0.6657423209752856,-0.04299349351530701,0.7087358144905926,0.6893253971669427,-0.019410417323649898,0.7087358144905926,0.7169797768513988,0.008243962360806156,0.7087358144905926,0.718067055975935,0.009331241485342368,,,,0.7087358144905926,0.708128889157537,-0.000606925333055619
2.0,6.0,2.0,1.0,3.0,4.0,1.0,4.0,9.0,8.0,3.0,6.0,0.0,1.0,0.0,0.0,0.0,0.0,0.0,0.0,0.0,0.0,0.0,0.0,0.0,0.0,0.0,0.0,0.0,0.0,0.0,0.0,0.0,0.0,0.0,0.0,0.0,0.0,0.0,0.0,0.5306061722117031,0.48058883828965926,-0.05001733392204388,0.5306061722117031,0.5075727139133771,-0.023033458298326037,0.5306061722117031,0.5406240268513366,0.01001785463963345,0.5306061722117031,0.5419559858991819,0.011349813687478782,0.5306061722117031,0.5127358971015228,-0.017870275110180356,0.5306061722117031,0.5298742817584069,-0.0007318904532962467
6.0,1.0,3.0,2.0,3.0,5.0,4.0,3.0,7.0,3.0,3.0,8.0,0.0,0.0,0.0,0.0,0.0,1.0,0.0,0.0,0.0,0.0,0.0,0.0,0.0,0.0,0.0,0.0,0.0,0.0,0.0,0.0,0.0,0.0,0.0,0.0,0.0,0.0,0.0,0.0,0.4906832836407567,0.440894440324465,-0.04978884331629169,0.4906832836407567,0.4676562406580054,-0.023027042982751322,0.4906832836407567,0.5007514919022343,0.01006820826147764,0.4906832836407567,0.5020925857261612,0.011409302085404527,0.4906832836407567,0.4728032423817409,-0.017880041259015822,0.4906832836407567,0.4899489817328023,-0.0007343019079543711
3.0,1.0,9.0,1.0,2.0,5.0,2.0,2.0,0.0,9.0,5.0,10.0,1.0,0.0,0.0,0.0,0.0,0.0,1.0,0.0,0.0,0.0,0.0,0.0,1.0,0.0,0.0,0.0,0.0,0.0,0.0,1.0,0.0,0.0,0.0,0.0,0.0,0.0,0.0,0.0,0.8316267272198693,0.801697655214204,-0.029929072005665303,0.8316267272198693,0.8183064689655265,-0.013320258254342798,0.8316267272198693,0.8371914037218958,0.005564676502026522,0.8316267272198693,0.8379212629802246,0.006294535760355324,,,,,,
4.0,1.0,3.0,1.0,2.0,4.0,2.0,4.0,9.0,8.0,4.0,6.0,0.0,0.0,0.0,0.0,0.0,0.0,0.0,0.0,0.0,0.0,0.0,1.0,0.0,0.0,0.0,0.0,0.0,0.0,0.0,0.0,0.0,0.0,0.0,0.0,0.0,0.0,0.0,0.0,0.8585762651294279,0.8324725857193231,-0.02610367941010472,0.8585762651294279,0.8469957720376976,-0.01158049309173026,0.8585762651294279,0.8633965713665911,0.00482030623716323,0.8585762651294279,0.864028034517457,0.0054517693880291596,0.8585762651294279,0.8496542150094,-0.008922050120027891,0.8585762651294279,0.8582191104454447,-0.00035715468398311856
4.0,1.0,2.0,1.0,3.0,3.0,3.0,3.0,7.0,8.0,4.0,8.0,0.0,0.0,0.0,0.0,0.0,0.0,1.0,0.0,0.0,0.0,0.0,1.0,0.0,0.0,0.0,0.0,0.0,0.0,0.0,0.0,0.0,0.0,0.0,0.0,0.0,0.0,0.0,0.0,0.7101179423712239,0.6672326746909383,-0.042885267680285666,0.7101179423712239,0.6907594436823284,-0.019358498688895498,0.7101179423712239,0.7183383316675725,0.008220389296348607,0.7101179423712239,0.7194224340586066,0.009304491687382677,0.7101179423712239,0.6951554680330837,-0.014962474338140241,0.7101179423712239,0.7095127166371097,-0.0006052257341142564
3.0,1.0,4.0,1.0,2.0,4.0,3.0,4.0,8.0,10.0,2.0,10.0,0.0,1.0,0.0,0.0,0.0,0.0,1.0,0.0,0.0,0.0,0.0,1.0,0.0,0.0,0.0,0.0,0.0,0.0,0.0,0.0,0.0,0.0,0.0,0.0,0.0,0.0,0.0,0.0,0.697323354642167,0.6534689374007856,-0.043854417241381394,0.697323354642167,0.6774984669491222,-0.0198248876930448,0.697323354642167,0.7057562291986872,0.008432874556520198,,,,0.697323354642167,0.6819962183789342,-0.015327136263232788,,,
7.0,1.0,2.0,1.0,2.0,5.0,2.0,2.0,5.0,3.0,5.0,5.0,0.0,0.0,0.0,0.0,0.0,0.0,1.0,0.0,0.0,0.0,0.0,0.0,0.0,0.0,0.0,0.0,0.0,0.0,0.0,0.0,0.0,0.0,1.0,0.0,0.0,0.0,0.0,0.0,0.7560512555023476,0.717255691111866,-0.038795564390481596,0.7560512555023476,0.738631191835095,-0.017420063667252683,0.7560512555023476,0.7634030692679428,0.007351813765595128,0.7560512555023476,0.7643706153708326,0.008319359868484977,,,,0.7560512555023476,0.7555089124936815,-0.0005423430086661796
3.0,1.0,6.0,1.0,2.0,4.0,2.0,3.0,8.0,7.0,3.0,8.0,0.0,0.0,0.0,0.0,0.0,0.0,0.0,0.0,0.0,0.0,0.0,1.0,0.0,0.0,0.0,0.0,0.0,0.0,0.0,0.0,0.0,0.0,0.0,0.0,0.0,0.0,0.0,0.0,0.8965037513431218,0.8763927873995185,-0.020110963943603233,0.8965037513431218,0.8876224543004169,-0.008881297042704905,0.8965037513431218,0.9001816246094544,0.003677873266332621,0.8965037513431218,0.9006626092510912,0.004158857907969438,0.8965037513431218,0.8896669617927394,-0.006836789550382361,0.8965037513431218,0.8962308030758251,-0.00027294826729662436
4.0,1.0,2.0,1.0,3.0,5.0,1.0,4.0,8.0,7.0,4.0,8.0,0.0,0.0,0.0,0.0,0.0,0.0,0.0,0.0,0.0,0.0,0.0,0.0,1.0,0.0,0.0,0.0,0.0,0.0,0.0,0.0,0.0,0.0,0.0,0.0,0.0,0.0,0.0,0.0,0.826432590265488,0.7958069352605489,-0.03062565500493908,0.826432590265488,0.8127939167357504,-0.013638673529737577,0.826432590265488,0.8321342802997882,0.005701690034300211,0.826432590265488,0.8328822848161009,0.00644969455061295,0.826432590265488,0.8159174625875735,-0.010515127677914515,0.826432590265488,0.8260107094982488,-0.0004218807672391467
3.0,1.0,2.0,1.0,2.0,3.0,2.0,4.0,8.0,9.0,4.0,9.0,1.0,0.0,0.0,0.0,0.0,0.0,1.0,0.0,0.0,0.0,0.0,0.0,0.0,0.0,0.0,0.0,0.0,0.0,0.0,0.0,0.0,0.0,0.0,0.0,0.0,0.0,0.0,0.0,0.7721414654732538,0.7350078886172573,-0.0371335768559965,0.7721414654732538,0.7554988111724219,-0.016642654300831894,0.7721414654732538,0.7791500189834426,0.0070085535101888086,0.7721414654732538,0.7800717208751898,0.007930255401936037,0.7721414654732538,0.7592952232218717,-0.01284624225138209,0.7721414654732538,0.7716240886811524,-0.0005173767921013983
3.0,3.0,6.0,1.0,2.0,4.0,2.0,2.0,6.0,5.0,1.0,7.0,0.0,0.0,1.0,0.0,0.0,0.0,1.0,0.0,0.0,0.0,0.0,0.0,0.0,0.0,0.0,0.0,0.0,0.0,0.0,0.0,0.0,0.0,0.0,0.0,0.0,0.0,0.0,0.0,0.6757685177736383,0.630446142980675,-0.045322374792963305,0.6757685177736383,0.6552298457417548,-0.02053867203188353,0.6757685177736383,0.6845302471027314,0.008761729329093026,0.6757685177736383,0.6856875380623032,0.00991902028866487,0.6757685177736383,0.659882253943023,-0.01588626383061531,0.6757685177736383,0.6751243858202822,-0.0006441319533561085
4.0,1.0,10.0,1.0,2.0,3.0,2.0,4.0,8.0,8.0,4.0,8.0,0.0,0.0,0.0,0.0,0.0,0.0,1.0,0.0,0.0,0.0,0.0,0.0,1.0,0.0,0.0,0.0,0.0,0.0,0.0,0.0,0.0,0.0,0.0,0.0,0.0,0.0,0.0,0.0,0.8415031907907415,0.8129348035031488,-0.0285683872875927,0.8415031907907415,0.828803429148819,-0.012699761641922547,0.8415031907907415,0.8468015840977634,0.005298393307021865,0.8415031907907415,0.8474962094299706,0.005993018639229075,0.8415031907907415,0.8317151610171725,-0.009788029773569074,0.8415031907907415,0.8411108986109221,-0.0003922921798193979
4.0,1.0,5.0,1.0,2.0,3.0,4.0,2.0,4.0,5.0,2.0,5.0,0.0,1.0,0.0,0.0,0.0,0.0,1.0,0.0,0.0,0.0,0.0,0.0,1.0,0.0,0.0,0.0,0.0,0.0,0.0,1.0,0.0,0.0,0.0,0.0,0.0,0.0,0.0,0.0,0.5322088353497857,0.4821956216813232,-0.05001321366846251,0.5322088353497857,0.5091812741419337,-0.023027561207851988,0.5322088353497857,0.5422219953019711,0.010013159952185435,0.5322088353497857,0.5435532329263958,0.011344397576610099,0.5322088353497857,0.5143437290732709,-0.01786510627651483,0.5322088353497857,0.5314772372809031,-0.0007315980688825663
3.0,1.0,7.0,1.0,2.0,1.0,4.0,4.0,5.0,3.0,1.0,2.0,0.0,0.0,0.0,0.0,0.0,0.0,0.0,0.0,1.0,0.0,0.0,0.0,0.0,0.0,0.0,0.0,0.0,0.0,0.0,0.0,0.0,0.0,0.0,0.0,0.0,0.0,0.0,0.0,0.7895956729491993,0.7544018150841909,-0.03519385786500839,0.7895956729491993,0.7738544859391452,-0.015741187010054114,0.7895956729491993,0.7962090576884011,0.006613384739201811,0.7895956729491993,0.7970781068331593,0.007482433883959971,0.7895956729491993,0.7774498432529793,-0.012145829696220023,0.7895956729491993,0.789107103297473,-0.0004885696517262783
6.0,3.0,9.0,2.0,3.0,5.0,2.0,3.0,9.0,9.0,5.0,9.0,0.0,0.0,0.0,0.0,0.0,0.0,0.0,0.0,0.0,0.0,0.0,0.0,0.0,1.0,0.0,0.0,0.0,0.0,0.0,0.0,0.0,0.0,0.0,0.0,0.0,0.0,0.0,0.0,0.7534408255124961,0.7143869477546921,-0.039053877757804,0.7534408255124961,0.7358994694515815,-0.01754135606091467,0.7534408255124961,0.7608464242942908,0.007405598781794698,0.7534408255124961,0.7618211636254039,0.008380338112907726,,,,0.7534408255124961,0.7528945758238995,-0.0005462496885966228
3.0,1.0,8.0,1.0,3.0,4.0,3.0,4.0,9.0,8.0,4.0,8.0,1.0,0.0,0.0,0.0,0.0,0.0,1.0,0.0,0.0,0.0,0.0,1.0,0.0,0.0,0.0,0.0,0.0,0.0,0.0,0.0,0.0,0.0,0.0,0.0,0.0,0.0,0.0,0.0,0.7468692699348211,0.7071790295209653,-0.039690240413855715,0.7468692699348211,0.7290285283718161,-0.01784074156300497,0.7468692699348211,0.7544079118379268,0.007538641903105714,0.7468692699348211,0.7554004568090619,0.008531186874240815,0.7468692699348211,0.7330907443175895,-0.013778525617231585,0.7468692699348211,0.7463133631732273,-0.0005559067615937829
3.0,5.0,3.0,3.0,2.0,4.0,2.0,3.0,5.0,5.0,3.0,5.0,0.0,0.0,0.0,0.0,1.0,0.0,1.0,0.0,0.0,0.0,0.0,0.0,1.0,0.0,0.0,0.0,0.0,0.0,0.0,1.0,0.0,0.0,0.0,0.0,0.0,0.0,0.0,0.0,0.6422999068613094,0.5951022811052709,-0.047197625756038586,0.6422999068613094,0.6208307122199274,-0.021469194641382083,0.6422999068613094,0.6514996402497317,0.009199733388422282,0.6422999068613094,0.6527166287829634,0.010416721921653993,0.6422999068613094,0.6256821291998826,-0.016617777661426802,0.6422999068613094,0.6416245459979637,-0.000675360863345742
5.0,1.0,7.0,1.0,1.0,4.0,2.0,4.0,8.0,8.0,4.0,8.0,0.0,0.0,0.0,1.0,0.0,0.0,0.0,0.0,0.0,0.0,0.0,0.0,0.0,0.0,0.0,0.0,0.0,0.0,0.0,0.0,0.0,0.0,0.0,0.0,0.0,0.0,0.0,0.0,0.773911775919178,0.7369684231786797,-0.036943352740498314,0.773911775919178,0.7573577913110947,-0.016553984608083328,0.773911775919178,0.7808813299613236,0.006969554042145609,0.773911775919178,0.781797829862068,0.007886053942889992,0.773911775919178,0.761134464789558,-0.012777311129619995,0.773911775919178,0.7733972391364172,-0.0005145367827608105
7.0,1.0,3.0,1.0,1.0,4.0,2.0,4.0,7.0,7.0,3.0,10.0,0.0,0.0,0.0,0.0,0.0,1.0,0.0,0.0,0.0,0.0,0.0,1.0,0.0,0.0,0.0,0.0,0.0,0.0,0.0,0.0,0.0,0.0,0.0,0.0,0.0,0.0,0.0,1.0,0.7192150263961249,0.6770635509317346,-0.04215147546439024,0.7192150263961249,0.700207562829275,-0.019007463566849903,0.7192150263961249,0.7272765185640477,0.008061492167922846,0.7192150263961249,0.7283392286747973,0.009124202278672389,0.7192150263961249,0.7045267283452766,-0.014688298050848259,,,
5.0,1.0,5.0,1.0,1.0,5.0,1.0,2.0,10.0,8.0,5.0,10.0,1.0,0.0,0.0,0.0,0.0,0.0,1.0,0.0,0.0,0.0,0.0,0.0,0.0,0.0,0.0,0.0,0.0,0.0,0.0,0.0,0.0,0.0,1.0,0.0,0.0,0.0,0.0,0.0,0.8967648682795254,0.8766976649945901,-0.020067203284935275,0.8967648682795254,0.8879031766562738,-0.008861691623251566,,,,0.8967648682795254,0.9009143932465484,0.004149524967023033,,,,,,
6.0,1.0,6.0,1.0,2.0,4.0,1.0,2.0,6.0,8.0,5.0,7.0,0.0,0.0,0.0,0.0,0.0,0.0,0.0,0.0,0.0,0.0,0.0,1.0,0.0,0.0,0.0,0.0,0.0,0.0,0.0,0.0,0.0,0.0,1.0,0.0,0.0,0.0,0.0,0.0,0.8695953454660951,0.8451587407163125,-0.024436604749782598,0.8695953454660951,0.8587687272873065,-0.010826618178788605,0.8695953454660951,0.8740951516930356,0.0044998062269405725,0.8695953454660951,0.8746843376438881,0.005088992177793017,,,,0.8695953454660951,0.8692617811803491,-0.00033356428574593533
4.0,1.0,9.0,1.0,1.0,5.0,2.0,4.0,7.0,7.0,3.0,8.0,0.0,0.0,0.0,0.0,1.0,0.0,1.0,0.0,0.0,0.0,0.0,0.0,1.0,0.0,0.0,0.0,0.0,0.0,0.0,0.0,0.0,0.0,0.0,0.0,0.0,0.0,0.0,0.0,0.897779888703338,0.8778831208665364,-0.01989676783680161,0.897779888703338,0.8889945410785636,-0.008785347624774453,0.897779888703338,0.9014173995270278,0.0036375108236897935,0.897779888703338,0.90189307844333,0.004113189739991974,0.897779888703338,0.8910171508481346,-0.006762737855203427,0.897779888703338,0.8975099212098812,-0.00026996749345686855
4.0,1.0,2.0,1.0,3.0,3.0,5.0,2.0,0.0,6.0,1.0,5.0,0.0,0.0,0.0,0.0,0.0,0.0,1.0,0.0,0.0,0.0,0.0,0.0,0.0,0.0,0.0,0.0,0.0,0.0,0.0,0.0,0.0,0.0,0.0,0.0,1.0,0.0,0.0,0.0,,,,0.30303992478217395,0.2839100480810003,-0.019129876701173665,0.30303992478217395,0.3116135854751981,0.008573660693024121,0.30303992478217395,0.31276547193141047,0.009725547149236513,0.30303992478217395,0.28812931230136624,-0.014910612480807717,0.30303992478217395,0.3024196932582249,-0.0006202315239490774
3.0,1.0,2.0,1.0,3.0,4.0,3.0,3.0,7.0,7.0,4.0,7.0,0.0,0.0,0.0,1.0,0.0,0.0,0.0,0.0,0.0,0.0,0.0,1.0,0.0,0.0,0.0,0.0,0.0,0.0,0.0,0.0,0.0,0.0,0.0,0.0,0.0,0.0,0.0,0.0,0.5928431211633789,0.5437551955052501,-0.049087925658128806,0.5928431211633789,0.5703909716188807,-0.022452149544498146,0.5928431211633789,0.6025277014331468,0.009684580269767928,0.5928431211633789,0.6038117071991289,0.010968586035750016,0.5928431211633789,0.5754464236655972,-0.01739669749778172,0.5928431211633789,0.59213367832969,-0.0007094428336889003
7.0,1.0,5.0,1.0,2.0,3.0,2.0,4.0,9.0,9.0,3.0,10.0,0.0,0.0,0.0,0.0,0.0,0.0,0.0,0.0,0.0,0.0,0.0,1.0,0.0,0.0,0.0,0.0,0.0,0.0,0.0,0.0,0.0,0.0,1.0,0.0,0.0,0.0,0.0,0.0,0.811191173984911,0.7785966742168555,-0.03259449976805551,0.811191173984911,0.7966495433087211,-0.014541630676189965,0.811191173984911,0.8172828484205676,0.006091674435656613,0.811191173984911,0.818082563031537,0.006891389046626006,0.811191173984911,0.7999761687299681,-0.0112150052549429,,,
7.0,2.0,3.0,1.0,2.0,4.0,2.0,3.0,8.0,8.0,4.0,8.0,0.0,0.0,0.0,0.0,0.0,0.0,0.0,0.0,0.0,0.0,0.0,0.0,0.0,0.0,0.0,0.0,1.0,0.0,0.0,0.0,0.0,0.0,1.0,0.0,0.0,0.0,0.0,0.0,0.7481959106926889,0.7086325340754671,-0.03956337661722176,0.7481959106926889,0.7304149213194074,-0.01778098937328143,0.7481959106926889,0.7557079661794689,0.007512055486780023,0.7481959106926889,0.7566969515513541,0.00850104085866521,0.7481959106926889,0.7344639235810884,-0.013731987111600508,0.7481959106926889,0.7476419329743446,-0.0005539777183443118
5.0,1.0,2.0,1.0,1.0,5.0,3.0,3.0,7.0,8.0,2.0,8.0,0.0,0.0,0.0,1.0,0.0,0.0,1.0,0.0,0.0,0.0,0.0,1.0,0.0,0.0,0.0,0.0,0.0,0.0,0.0,0.0,0.0,0.0,0.0,0.0,0.0,0.0,0.0,0.0,0.7354793613088869,0.6947331645451795,-0.04074619676370739,0.7354793613088869,0.7171398843078293,-0.018339477001057647,0.7354793613088869,0.7432405992036424,0.007761237894755468,0.7354793613088869,0.744262976855317,0.008783615546430035,0.7354793613088869,0.7213121954725636,-0.01416716583632327,0.7354793613088869,0.7349073191959422,-0.000572042112944704
3.0,1.0,2.0,1.0,1.0,3.0,3.0,4.0,7.0,8.0,2.0,6.0,0.0,0.0,0.0,0.0,0.0,0.0,1.0,0.0,1.0,0.0,0.0,0.0,0.0,0.0,0.0,0.0,0.0,0.0,0.0,0.0,0.0,0.0,0.0,0.0,0.0,0.0,0.0,0.0,0.8885424869725914,0.8671138303513629,-0.021428656621228503,0.8885424869725914,0.8790701662016794,-0.00947232077091198,0.8885424869725914,0.8924693401329009,0.003926853160309496,0.8885424869725914,0.8929830691704942,0.004440582197902776,0.8885424869725914,0.881249451132398,-0.007293035840193363,0.8885424869725914,0.8882511597970297,-0.0002913271755616842
5.0,1.0,6.0,1.0,1.0,4.0,2.0,4.0,9.0,9.0,4.0,9.0,0.0,0.0,0.0,0.0,0.0,0.0,1.0,0.0,0.0,0.0,0.0,0.0,1.0,0.0,0.0,0.0,0.0,0.0,0.0,1.0,0.0,0.0,0.0,0.0,0.0,0.0,0.0,0.0,0.8813905401848183,0.8588053600671174,-0.022585180117700943,0.8813905401848183,0.8713983755510525,-0.009992164633765843,0.8813905401848183,0.8855369097073308,0.004146369522512461,0.8813905401848183,0.8860795308973147,0.004688990712496399,0.8813905401848183,0.8736960501713387,-0.00769449001347966,0.8813905401848183,0.8810830211329014,-0.00030751905191694906
2.0,1.0,6.0,1.0,3.0,2.0,2.0,3.0,2.0,2.0,4.0,4.0,0.0,1.0,0.0,0.0,0.0,0.0,1.0,0.0,0.0,0.0,0.0,0.0,0.0,0.0,0.0,0.0,1.0,0.0,0.0,0.0,0.0,0.0,0.0,0.0,0.0,0.0,0.0,0.0,0.43197650876719645,0.3836573560315198,-0.04831915273567666,0.43197650876719645,0.409489456572316,-0.022487052194880452,0.43197650876719645,0.44188523420172876,0.009908725434532306,0.43197650876719645,0.44320863167435626,0.011232122907159803,0.43197650876719645,0.41449473656406627,-0.017481772203130186,0.43197650876719645,0.43125567191151215,-0.0007208368556843037
5.0,1.0,7.0,1.0,2.0,5.0,2.0,4.0,6.0,6.0,3.0,6.0,0.0,1.0,0.0,0.0,0.0,0.0,1.0,0.0,0.0,0.0,0.0,1.0,0.0,0.0,0.0,0.0,0.0,0.0,0.0,0.0,0.0,0.0,0.0,0.0,0.0,0.0,0.0,0.0,0.6710202640353751,0.6254020838979926,-0.0456181801373825,0.6710202640353751,0.6503364441730078,-0.020683819862367225,0.6710202640353751,0.6798495167784109,0.00882925274303581,0.6710202640353751,0.6810159772899256,0.009995713254550509,0.6710202640353751,0.6550201187163763,-0.016000145318998737,0.6710202640353751,0.6703713003016323,-0.0006489637337427911
4.0,5.0,3.0,1.0,2.0,4.0,2.0,4.0,7.0,6.0,4.0,7.0,0.0,0.0,0.0,0.0,1.0,0.0,0.0,0.0,0.0,0.0,0.0,1.0,0.0,0.0,0.0,0.0,0.0,0.0,0.0,0.0,0.0,0.0,0.0,0.0,0.0,0.0,0.0,0.0,0.6970229558051786,0.653146663499432,-0.043876292305746634,0.6970229558051786,0.6771875009037767,-0.019835454901401928,0.6970229558051786,0.705460664654996,0.008437708849817427,0.6970229558051786,0.7065740861117845,0.009551130306605926,0.6970229558051786,0.6816875515917881,-0.015335404213390524,0.6970229558051786,0.696402078693754,-0.0006208771114245559
2.0,1.0,7.0,1.0,1.0,4.0,4.0,4.0,8.0,7.0,2.0,6.0,1.0,0.0,0.0,0.0,0.0,0.0,1.0,0.0,1.0,0.0,0.0,0.0,0.0,0.0,0.0,0.0,0.0,0.0,0.0,0.0,0.0,0.0,0.0,0.0,0.0,0.0,0.0,0.0,0.8831955522755877,0.8608998329784892,-0.022295719297098504,0.8831955522755877,0.8733335964076777,-0.009861955867909944,0.8831955522755877,0.8872868911615797,0.004091338885992002,0.8831955522755877,0.8878222673363021,0.004626715060714437,0.8831955522755877,0.8756016311461017,-0.007593921129485981,0.8831955522755877,0.8828920912832566,-0.0003034609923310283
3.0,6.0,8.0,2.0,2.0,4.0,2.0,3.0,8.0,8.0,4.0,10.0,0.0,1.0,0.0,0.0,0.0,0.0,0.0,0.0,0.0,0.0,0.0,0.0,0.0,0.0,0.0,0.0,0.0,1.0,0.0,0.0,0.0,0.0,0.0,0.0,0.0,0.0,0.0,1.0,0.536949689817147,0.48695472701713705,-0.04999496280000992,0.536949689817147,0.5139423659519045,-0.023007323865242513,0.536949689817147,0.5469477565886869,0.009998066771539915,0.536949689817147,0.54827670050774,0.011327010690593053,0.536949689817147,0.5191020392519192,-0.017847650565227746,,,
4.0,1.0,3.0,1.0,1.0,5.0,2.0,3.0,7.0,7.0,3.0,5.0,1.0,0.0,0.0,0.0,0.0,0.0,0.0,0.0,0.0,0.0,0.0,0.0,1.0,0.0,0.0,0.0,0.0,0.0,0.0,0.0,0.0,0.0,0.0,0.0,0.0,0.0,0.0,0.0,0.8685903593552012,0.8439992141616333,-0.024591145193567976,0.8685903593552012,0.857693958153035,-0.010896401202166284,0.8685903593552012,0.8731197842719605,0.004529424916759228,0.8685903593552012,0.8737128751198303,0.005122515764629076,0.8685903593552012,0.8601972014666823,-0.00839315788851891,0.8685903593552012,0.8682546138600427,-0.0003357454951585792
7.0,1.0,7.0,1.0,4.0,3.0,3.0,3.0,9.0,9.0,5.0,10.0,1.0,0.0,0.0,0.0,0.0,0.0,1.0,0.0,0.0,0.0,0.0,1.0,0.0,0.0,0.0,0.0,0.0,0.0,0.0,0.0,0.0,0.0,1.0,0.0,0.0,0.0,0.0,0.0,0.5102207840288238,0.460240920557146,-0.049979863471677766,0.5102207840288238,0.48715384369804715,-0.02306694033077661,0.5102207840288238,0.520280362762802,0.010059578733978225,0.5102207840288238,0.521619113032558,0.011398329003734275,,,,,,
4.0,1.0,9.0,1.0,1.0,3.0,3.0,4.0,8.0,8.0,4.0,5.0,0.0,0.0,0.0,0.0,0.0,0.0,0.0,0.0,0.0,0.0,0.0,0.0,1.0,0.0,0.0,0.0,0.0,0.0,0.0,1.0,0.0,0.0,0.0,0.0,0.0,0.0,0.0,0.0,0.8798462762803235,0.8570147463914669,-0.022831529888856616,0.8798462762803235,0.8697432425053568,-0.010103033774966685,0.8798462762803235,0.8840395279322613,0.004193251651937735,0.8798462762803235,0.8845883224382801,0.004742046157956592,0.8798462762803235,0.8720661471974,-0.00778012908292347,0.8798462762803235,0.8795353006360336,-0.00031097564428994584
3.0,1.0,3.0,1.0,2.0,1.0,2.0,4.0,8.0,8.0,4.0,8.0,0.0,0.0,0.0,0.0,0.0,0.0,1.0,0.0,1.0,0.0,0.0,0.0,0.0,0.0,0.0,0.0,0.0,0.0,0.0,1.0,0.0,0.0,0.0,0.0,0.0,0.0,0.0,0.0,0.8281995593372941,0.7978094047589999,-0.030390154578294193,0.8281995593372941,0.8146685948199798,-0.013530964517314281,0.8281995593372941,0.8338548737241144,0.00565531438682032,0.8281995593372941,0.8345967352801477,0.006397175942853606,0.8281995593372941,0.8177678744681826,-0.010431684869111502,0.8281995593372941,0.8277810784428733,-0.00041848089442075853
5.0,3.0,2.0,3.0,2.0,4.0,4.0,2.0,0.0,6.0,1.0,5.0,0.0,0.0,0.0,0.0,0.0,0.0,1.0,0.0,0.0,1.0,0.0,0.0,0.0,0.0,0.0,0.0,0.0,0.0,0.0,1.0,0.0,0.0,0.0,0.0,0.0,0.0,0.0,0.0,0.5604302644146495,0.5106600876597064,-0.04977017675494311,0.5604302644146495,0.5375848867784379,-0.02284537763621164,0.5604302644146495,0.5703270407346636,0.009896776320014067,0.5604302644146495,0.5716411154513813,0.011210851036731806,0.5604302644146495,0.5427168916383095,-0.017713372776339997,0.5604302644146495,0.5597062889686799,-0.0007239754459695824
5.0,1.0,10.0,2.0,1.0,5.0,3.0,3.0,7.0,7.0,3.0,7.0,0.0,0.0,0.0,0.0,0.0,0.0,1.0,0.0,0.0,0.0,0.0,0.0,0.0,1.0,0.0,0.0,0.0,0.0,0.0,1.0,0.0,0.0,0.0,0.0,0.0,0.0,0.0,0.0,0.8877473722156489,0.8661888692863718,-0.02155850292927708,0.8877473722156489,0.8782167394801351,-0.0095306327355138,0.8877473722156489,0.8916988242862776,0.003951452070628636,0.8877473722156489,0.8922157898975321,0.004468417681883219,0.8877473722156489,0.8804093117891182,-0.007338060426530735,0.8877473722156489,0.8874542300128418,-0.0002931422028070729
4.0,1.0,8.0,1.0,2.0,4.0,1.0,4.0,10.0,8.0,4.0,6.0,0.0,0.0,0.0,0.0,0.0,0.0,0.0,0.0,0.0,0.0,0.0,0.0,1.0,0.0,0.0,0.0,0.0,0.0,0.0,0.0,0.0,0.0,0.0,0.0,0.0,0.0,0.0,0.0,0.8972742249706972,0.8772924842469492,-0.01998174072374803,0.8972742249706972,0.8884508177181852,-0.008823407252511961,,,,0.8972742249706972,0.9014055273558088,0.004131302385111613,0.8972742249706972,0.8904821140867841,-0.006792110883913072,0.8972742249706972,0.8970030752101303,-0.0002711497605668578
2.0,3.0,4.0,4.0,1.0,5.0,1.0,1.0,7.0,6.0,2.0,5.0,0.0,1.0,0.0,0.0,0.0,0.0,0.0,0.0,0.0,0.0,0.0,0.0,0.0,0.0,0.0,0.0,1.0,0.0,0.0,0.0,0.0,0.0,0.0,0.0,0.0,1.0,0.0,0.0,0.8174249553006336,0.7856222070901275,-0.031802748210506104,0.8174249553006336,0.8032469861403334,-0.01417796916030023,0.8174249553006336,0.8233593006891362,0.005934345388502571,0.8174249553006336,0.8241381426982556,0.006713187397621945,0.8174249553006336,0.8064918994855593,-0.01093305581507431,0.8174249553006336,0.8169860286893013,-0.00043892661133237976
4.0,1.0,3.0,1.0,1.0,5.0,1.0,4.0,9.0,9.0,4.0,7.0,1.0,0.0,0.0,0.0,0.0,0.0,0.0,0.0,0.0,0.0,0.0,1.0,0.0,0.0,0.0,0.0,0.0,0.0,0.0,0.0,0.0,0.0,0.0,0.0,0.0,0.0,0.0,0.0,0.8995963079299514,0.8800058438849496,-0.019590464045001754,0.8995963079299514,0.8909481103888942,-0.008648197541057168,0.8995963079299514,0.9031761523531447,0.003579844423193368,0.8995963079299514,0.9036442520995254,0.0040479441695739915,0.8995963079299514,0.8929394112760932,-0.0066568966538581575,0.8995963079299514,0.8993305997525387,-0.0002657081774126713
4.0,1.0,6.0,1.0,1.0,5.0,1.0,4.0,7.0,8.0,5.0,10.0,0.0,0.0,0.0,1.0,0.0,0.0,0.0,0.0,0.0,0.0,0.0,0.0,1.0,0.0,0.0,0.0,0.0,0.0,0.0,0.0,0.0,0.0,0.0,0.0,0.0,0.0,0.0,0.0,0.8138735175214127,0.7816174156835924,-0.03225610183782024,0.8138735175214127,0.7994874098685173,-0.014386107652895386,0.8138735175214127,0.8198978638799557,0.006024346358542987,0.8138735175214127,0.820688644225241,0.006815126703828334,,,,,,
4.0,1.0,3.0,1.0,1.0,2.0,1.0,3.0,7.0,9.0,4.0,8.0,0.0,0.0,0.0,0.0,0.0,0.0,0.0,0.0,0.0,0.0,0.0,1.0,0.0,0.0,0.0,0.0,0.0,0.0,0.0,0.0,0.0,0.0,0.0,0.0,0.0,0.0,0.0,0.0,0.8906496273309021,0.8695666175377758,-0.021083009793126384,0.8906496273309021,0.8813324675371127,-0.009317159793789442,0.8906496273309021,0.8945110557462564,0.0038614284153543066,0.8906496273309021,0.8950161778924399,0.004366550561537785,0.8906496273309021,0.8834763874539372,-0.007173239876964943,0.8906496273309021,0.8903631282052499,-0.000286499125652262
4.0,1.0,9.0,1.0,1.0,3.0,2.0,3.0,9.0,9.0,4.0,10.0,0.0,0.0,1.0,0.0,0.0,0.0,0.0,0.0,0.0,0.0,0.0,0.0,1.0,0.0,0.0,0.0,0.0,0.0,0.0,0.0,0.0,0.0,0.0,0.0,0.0,0.0,0.0,0.0,0.7827784907955915,0.7468099826266391,-0.03596850816895236,0.7827784907955915,0.7666779920100361,-0.016100498785555417,0.7827784907955915,0.7895490407230608,0.006770549927469283,0.7827784907955915,0.790439015824866,0.007660525029274501,0.7827784907955915,0.7703535858425169,-0.012424904953074578,,,
6.0,3.0,2.0,2.0,1.0,4.0,2.0,4.0,5.0,5.0,1.0,5.0,0.0,1.0,0.0,0.0,0.0,0.0,0.0,0.0,1.0,0.0,0.0,0.0,0.0,0.0,0.0,0.0,0.0,0.0,0.0,1.0,0.0,0.0,0.0,0.0,0.0,0.0,0.0,0.0,0.6404744120495011,0.5931884755929825,-0.047285936456518574,0.6404744120495011,0.6189606504191852,-0.02151376163031582,0.6404744120495011,0.649695489394881,0.009221077345379913,0.6404744120495011,0.6509154023856079,0.010440990336106792,0.6404744120495011,0.6238214964365298,-0.01665291561297122,0.6404744120495011,0.6397975374202047,-0.0006768746292963312
5.0,1.0,8.0,1.0,1.0,1.0,1.0,3.0,10.0,10.0,5.0,10.0,0.0,0.0,0.0,0.0,0.0,0.0,0.0,0.0,0.0,0.0,0.0,1.0,0.0,0.0,0.0,0.0,0.0,0.0,0.0,1.0,0.0,0.0,0.0,0.0,0.0,0.0,0.0,0.0,0.8959576211902591,0.8757552427024894,-0.020202378487769734,0.8959576211902591,0.8870353644714696,-0.008922256718789545,,,,,,,,,,,,
2.0,3.0,4.0,4.0,2.0,4.0,1.0,4.0,5.0,6.0,2.0,0.0,0.0,0.0,1.0,0.0,0.0,0.0,0.0,0.0,0.0,0.0,0.0,0.0,0.0,0.0,0.0,0.0,1.0,0.0,0.0,0.0,0.0,0.0,0.0,0.0,0.0,1.0,0.0,0.0,0.6484116043145837,0.6015201004776525,-0.04689150383693119,0.6484116043145837,0.6270962648480722,-0.02131533946651143,0.6484116043145837,0.6575379595703712,0.009126355255787533,0.6484116043145837,0.6587449068182731,0.010333302503689468,0.6484116043145837,0.6319150451825081,-0.016496559132075594,0.6484116043145837,0.6477414542075038,-0.0006701501070798255
4.0,1.0,7.0,1.0,1.0,5.0,2.0,3.0,4.0,4.0,4.0,2.0,1.0,0.0,0.0,0.0,0.0,0.0,1.0,0.0,0.0,0.0,0.0,0.0,0.0,0.0,0.0,0.0,0.0,0.0,1.0,0.0,0.0,0.0,0.0,1.0,0.0,0.0,0.0,0.0,0.6663675311850112,0.6204690891965132,-0.04589844198849802,0.6663675311850112,0.6455457052150153,-0.020821825969995933,0.6663675311850112,0.6752612240803069,0.008893692895295624,0.6663675311850112,0.6764364455763328,0.010068914391321515,0.6663675311850112,0.6502590405820952,-0.01610849060291608,0.6663675311850112,0.6657139615882067,-0.0006535695968045152
7.0,1.0,4.0,1.0,2.0,4.0,1.0,1.0,9.0,9.0,5.0,8.0,0.0,0.0,0.0,0.0,0.0,0.0,0.0,0.0,0.0,0.0,0.0,0.0,0.0,0.0,0.0,0.0,0.0,0.0,0.0,0.0,0.0,0.0,1.0,0.0,0.0,0.0,0.0,0.0,0.8717240412767013,0.847616433258679,-0.024107608018022364,0.8717240412767013,0.8610459141622623,-0.010678127114439051,0.8717240412767013,0.8761608542572074,0.004436812980506022,0.8717240412767013,0.8767417366427307,0.005017695366029362,,,,0.8717240412767013,0.8713951167504489,-0.00032892452625243873
6.0,1.0,9.0,2.0,3.0,3.0,3.0,2.0,6.0,6.0,3.0,4.0,0.0,0.0,0.0,0.0,0.0,0.0,0.0,0.0,0.0,0.0,0.0,1.0,0.0,0.0,0.0,0.0,0.0,0.0,0.0,0.0,0.0,0.0,1.0,0.0,0.0,0.0,0.0,0.0,0.7384194479560249,0.6979401370739218,-0.0404793108821031,0.7384194479560249,0.7202062648486556,-0.018213183107369302,0.7384194479560249,0.7461241985580624,0.007704750602037569,0.7384194479560249,0.7471390005077205,0.008719552551695653,0.7384194479560249,0.7243507309234524,-0.014068717032572509,0.7384194479560249,0.7378514977231685,-0.0005679502328563846
4.0,1.0,4.0,1.0,2.0,4.0,3.0,3.0,8.0,7.0,4.0,7.0,0.0,1.0,0.0,0.0,0.0,0.0,0.0,0.0,0.0,0.0,0.0,0.0,0.0,0.0,0.0,0.0,1.0,0.0,0.0,1.0,0.0,0.0,0.0,0.0,0.0,0.0,0.0,0.0,0.6185075064554068,0.5702709056157664,-0.04823660083964032,0.6185075064554068,0.5965073727712206,-0.022000133684186185,0.6185075064554068,0.6279647212064131,0.00945721475100636,0.6185075064554068,0.6292171217130728,0.010709615257666005,0.6185075064554068,0.6014702260692937,-0.017037280386113074,0.6185075064554068,0.6178139535801195,-0.0006935528752872733
3.0,1.0,5.0,1.0,2.0,5.0,2.0,4.0,7.0,7.0,3.0,7.0,1.0,0.0,0.0,0.0,0.0,0.0,1.0,0.0,0.0,0.0,0.0,1.0,0.0,0.0,0.0,0.0,0.0,0.0,0.0,0.0,0.0,0.0,0.0,0.0,0.0,0.0,0.0,0.0,0.8354645435842231,0.8060585686061386,-0.029405974978084504,0.8354645435842231,0.8223830551804772,-0.0130814884037459,0.8354645435842231,0.8409266432562172,0.0054620996719941806,0.8354645435842231,0.8416429250310563,0.006178381446833248,0.8354645435842231,0.8253809787183713,-0.010083564865851713,0.8354645435842231,0.8350602348063573,-0.00040430877786579167
5.0,1.0,2.0,1.0,3.0,4.0,2.0,3.0,9.0,10.0,3.0,10.0,0.0,0.0,1.0,0.0,0.0,0.0,1.0,0.0,0.0,0.0,0.0,0.0,1.0,0.0,0.0,0.0,0.0,0.0,0.0,0.0,0.0,0.0,0.0,0.0,0.0,0.0,0.0,0.0,0.5561398275535335,0.5063117984545263,-0.04982802909900719,0.5561398275535335,0.5332571736981779,-0.022882653855355595,0.5561398275535335,0.5660584059337034,0.009918578380169851,,,,0.5561398275535335,0.5383959670079593,-0.017743860545574197,,,
6.0,1.0,3.0,2.0,5.0,3.0,3.0,3.0,8.0,8.0,5.0,5.0,0.0,1.0,0.0,0.0,0.0,0.0,1.0,0.0,0.0,0.0,0.0,0.0,0.0,0.0,0.0,0.0,0.0,1.0,0.0,0.0,0.0,0.0,1.0,0.0,0.0,0.0,0.0,0.0,0.22661957789283835,0.19344794969068838,-0.03317162820214997,0.22661957789283835,0.21085438401542655,-0.015765193877411793,0.22661957789283835,0.23375629525375083,0.007136717360912481,0.22661957789283835,0.2347185118447231,0.00809893395188474,,,,0.22661957789283835,0.22610501408809744,-0.0005145638047409085
4.0,1.0,9.0,1.0,2.0,4.0,4.0,4.0,5.0,5.0,3.0,7.0,1.0,0.0,0.0,0.0,0.0,0.0,1.0,0.0,0.0,0.0,0.0,0.0,1.0,0.0,0.0,0.0,0.0,0.0,0.0,0.0,0.0,0.0,0.0,0.0,0.0,0.0,0.0,0.0,0.6942481052623738,0.6501716490909665,-0.04407645617140732,0.6942481052623738,0.6743158682003638,-0.019932237062009972,0.6942481052623738,0.702730134051348,0.008482028788974194,0.6942481052623738,0.7038495443535918,0.009601439091218023,0.6942481052623738,0.6788369647574333,-0.015411140504940524,0.6942481052623738,0.693624041217968,-0.0006240640444058476
3.0,1.0,4.0,1.0,1.0,4.0,3.0,2.0,7.0,6.0,2.0,6.0,0.0,1.0,0.0,0.0,0.0,0.0,1.0,0.0,1.0,0.0,0.0,0.0,0.0,0.0,0.0,0.0,0.0,0.0,0.0,0.0,0.0,0.0,0.0,0.0,0.0,0.0,0.0,0.0,0.8047134821335749,0.7713159734730088,-0.03339750866056601,0.8047134821335749,0.7898022296455873,-0.014911252487987525,0.8047134821335749,0.8109654483260238,0.006251966192448943,0.8047134821335749,0.811786445317271,0.0070729631836961016,0.8047134821335749,0.7932117946011306,-0.011501687532444294,0.8047134821335749,0.804251314095813,-0.00046216803776188975
4.0,1.0,3.0,1.0,2.0,5.0,2.0,3.0,8.0,6.0,2.0,6.0,0.0,0.0,0.0,0.0,0.0,0.0,0.0,0.0,0.0,0.0,0.0,1.0,0.0,0.0,0.0,0.0,0.0,0.0,0.0,0.0,0.0,0.0,0.0,0.0,0.0,0.0,0.0,0.0,0.8879417428423895,0.8664149522433218,-0.021526790599067702,0.8879417428423895,0.8784253528337101,-0.00951639000867932,0.8879417428423895,0.8918871860469629,0.003945443204573462,0.8879417428423895,0.8924033610238383,0.0044616181814488565,0.8879417428423895,0.8806146798637947,-0.007327062978594756,0.8879417428423895,0.887649043989732,-0.0002926988526574803
4.0,3.0,5.0,3.0,3.0,2.0,2.0,4.0,6.0,7.0,4.0,7.0,1.0,0.0,0.0,0.0,0.0,0.0,1.0,0.0,0.0,0.0,0.0,0.0,1.0,0.0,0.0,0.0,0.0,0.0,0.0,0.0,0.0,1.0,0.0,0.0,0.0,0.0,0.0,0.0,0.3716746517135585,0.32622676862742955,-0.04544788308612896,0.3716746517135585,0.35039031220999933,-0.02128433950355918,0.3716746517135585,0.38112826307246495,0.009453611358906433,0.3716746517135585,0.3823943709722334,0.010719719258674876,0.3716746517135585,0.35510761968497334,-0.01656703202858517,0.3716746517135585,0.37098871957465024,-0.000685932138908274
4.0,1.0,8.0,1.0,2.0,4.0,2.0,3.0,7.0,7.0,4.0,7.0,0.0,0.0,0.0,0.0,0.0,0.0,0.0,0.0,0.0,0.0,0.0,0.0,1.0,0.0,0.0,0.0,0.0,0.0,0.0,0.0,0.0,0.0,0.0,0.0,0.0,0.0,0.0,0.0,0.8687453001535094,0.8441779480414201,-0.02456735211208927,0.8687453001535094,0.8578596440986206,-0.010885656054888782,0.8687453001535094,0.8732701637676838,0.004524863614174479,0.8687453001535094,0.8738626532306802,0.005117353077170872,0.8687453001535094,0.8603604474090639,-0.008384852744445448,0.8687453001535094,0.8684098905516857,-0.0003354096018236552
3.0,1.0,3.0,1.0,2.0,4.0,3.0,4.0,8.0,7.0,3.0,7.0,0.0,1.0,0.0,0.0,0.0,0.0,0.0,0.0,0.0,0.0,0.0,1.0,0.0,0.0,0.0,0.0,0.0,0.0,0.0,0.0,0.0,0.0,0.0,0.0,0.0,0.0,0.0,0.0,0.6745035797337688,0.6291014342420332,-0.0454021454917356,0.6745035797337688,0.6539258146156436,-0.020577765118125257,0.6745035797337688,0.683283471046723,0.008779891312954202,0.6745035797337688,0.6844432273404413,0.00993964760667243,0.6745035797337688,0.6585866506942348,-0.01591692903953401,0.6745035797337688,0.6738581476242831,-0.0006454321094857551
7.0,5.0,10.0,2.0,2.0,3.0,2.0,3.0,8.0,8.0,3.0,8.0,1.0,0.0,0.0,0.0,0.0,0.0,0.0,0.0,0.0,0.0,0.0,1.0,0.0,0.0,0.0,0.0,0.0,0.0,0.0,0.0,0.0,0.0,1.0,0.0,0.0,0.0,0.0,0.0,0.6271349360912409,0.5792471170369401,-0.04788781905430084,0.6271349360912409,0.6053148466468008,-0.02182008944444014,0.6271349360912409,0.6365039701647615,0.009369034073520521,0.6271349360912409,0.637744207419888,0.010609271328647085,0.6271349360912409,0.6102401532508678,-0.016894782840373157,0.6271349360912409,0.6264475950024357,-0.0006873410888051934
3.0,1.0,3.0,1.0,1.0,5.0,2.0,3.0,6.0,7.0,3.0,5.0,0.0,0.0,0.0,0.0,0.0,0.0,0.0,0.0,0.0,0.0,0.0,1.0,0.0,0.0,0.0,0.0,0.0,0.0,0.0,0.0,0.0,0.0,0.0,0.0,0.0,0.0,0.0,0.0,0.9228331206804313,0.9073093995776683,-0.01552372110276301,0.9228331206804313,0.9159995185443317,-0.006833602136099626,0.9228331206804313,0.9256529390141811,0.0028198183337497795,0.9228331206804313,0.9260212743189409,0.00318815363850955,0.9228331206804313,0.9175756969668781,-0.0052574237135532,0.9228331206804313,0.9226236171375586,-0.00020950354287274653
7.0,1.0,3.0,1.0,3.0,4.0,4.0,4.0,7.0,7.0,4.0,9.0,0.0,0.0,0.0,0.0,0.0,0.0,0.0,0.0,0.0,0.0,0.0,0.0,0.0,0.0,0.0,0.0,0.0,1.0,0.0,0.0,0.0,0.0,1.0,0.0,0.0,0.0,0.0,0.0,0.6158501520856637,0.5675124969349444,-0.048337655150719305,0.6158501520856637,0.5937974162042147,-0.02205273588144907,0.6158501520856637,0.6253333378087825,0.009483185723118792,0.6158501520856637,0.6265893290888984,0.010739177003234679,0.6158501520856637,0.5987711813149029,-0.017078970770760815,0.6158501520856637,0.615154774110275,-0.0006953779753887668
4.0,1.0,5.0,1.0,2.0,2.0,2.0,3.0,5.0,4.0,5.0,6.0,1.0,0.0,0.0,0.0,0.0,0.0,0.0,0.0,0.0,0.0,0.0,0.0,1.0,0.0,0.0,0.0,0.0,0.0,0.0,0.0,0.0,0.0,0.0,0.0,0.0,0.0,0.0,0.0,0.6815296462403149,0.6365794966971685,-0.044950149543146356,0.6815296462403149,0.6611729364291868,-0.020356709811128026,0.6815296462403149,0.6902070622159838,0.008677415975668956,0.6815296462403149,0.691352917816196,0.009823271575881143,,,,0.6815296462403149,0.6808915549381687,-0.0006380913021462042
3.0,1.0,3.0,1.0,3.0,5.0,3.0,3.0,0.0,0.0,1.0,0.0,0.0,1.0,0.0,0.0,0.0,0.0,0.0,0.0,0.0,0.0,0.0,0.0,0.0,0.0,0.0,0.0,0.0,1.0,0.0,0.0,0.0,0.0,0.0,0.0,0.0,0.0,0.0,0.0,0.5220644174665907,0.4720425400214351,-0.05002187744515563,0.5220644174665907,0.4990075659589612,-0.02305685150762954,0.5220644174665907,0.5321038172243117,0.010039399757720946,0.5220644174665907,0.5334391606584855,0.011374743191894798,0.5220644174665907,0.5041728273361975,-0.01789159013039321,0.5220644174665907,0.5213312233552899,-0.0007331941113007945
6.0,1.0,9.0,1.0,2.0,2.0,2.0,4.0,7.0,7.0,4.0,8.0,0.0,0.0,0.0,0.0,1.0,0.0,1.0,0.0,0.0,0.0,0.0,0.0,1.0,0.0,0.0,0.0,0.0,0.0,0.0,0.0,0.0,0.0,0.0,0.0,0.0,0.0,0.0,0.0,0.7212190986295971,0.6792342966940637,-0.041984801935533445,0.7212190986295971,0.7022911427018887,-0.01892795592770835,0.7212190986295971,0.729244713505705,0.008025614876107867,0.7212190986295971,0.7303025982864337,0.009083499656836636,0.7212190986295971,0.7065928683201066,-0.014626230309490507,0.7212190986295971,0.7206279319108858,-0.000591166718711289
4.0,1.0,1.0,4.0,1.0,5.0,2.0,3.0,10.0,7.0,4.0,10.0,0.0,0.0,1.0,0.0,0.0,0.0,1.0,0.0,0.0,1.0,0.0,0.0,0.0,0.0,0.0,0.0,0.0,0.0,0.0,1.0,0.0,0.0,0.0,0.0,0.0,0.0,0.0,0.0,0.6432847981973122,0.5961354140906324,-0.04714938410667979,0.6432847981973122,0.621839913336346,-0.021444884860966185,,,,0.6432847981973122,0.6536883029973087,0.010403504799996521,0.6432847981973122,0.6266861822417479,-0.016598615955564333,,,
4.0,3.0,5.0,3.0,4.0,3.0,3.0,3.0,6.0,5.0,2.0,8.0,0.0,0.0,0.0,0.0,0.0,1.0,1.0,0.0,0.0,0.0,0.0,0.0,1.0,0.0,0.0,0.0,0.0,0.0,0.0,0.0,1.0,0.0,0.0,0.0,0.0,0.0,0.0,0.0,0.4930711591315254,0.44325088675361274,-0.049820272377912644,0.4930711591315254,0.4700354735196571,-0.023035685611868306,0.4930711591315254,0.503139961596268,0.010068802464742566,0.4930711591315254,0.5044809883781165,0.011409829246591119,0.4930711591315254,0.4751852868397771,-0.01788587229174826,0.4930711591315254,0.49233673808996953,-0.000734421041555855
7.0,2.0,8.0,1.0,2.0,4.0,3.0,2.0,9.0,8.0,5.0,9.0,0.0,0.0,0.0,0.0,0.0,0.0,1.0,0.0,0.0,0.0,0.0,1.0,0.0,0.0,0.0,0.0,0.0,0.0,0.0,1.0,0.0,0.0,0.0,0.0,0.0,0.0,0.0,0.0,0.7746152358659728,0.7377478785520774,-0.036867357313895455,0.7746152358659728,0.758096658413691,-0.016518577452281802,0.7746152358659728,0.7815692250854595,0.006953989219486645,0.7746152358659728,0.7824836492121612,0.007868413346188374,,,,0.7746152358659728,0.7741018327299622,-0.0005134031360105595
3.0,1.0,9.0,1.0,3.0,4.0,2.0,4.0,5.0,5.0,2.0,6.0,0.0,0.0,0.0,0.0,0.0,0.0,1.0,0.0,0.0,0.0,0.0,1.0,0.0,0.0,0.0,0.0,0.0,0.0,0.0,0.0,0.0,0.0,0.0,0.0,0.0,0.0,0.0,0.0,0.8265568786745253,0.7959477393418286,-0.03060913933269671,0.8265568786745253,0.8129257607887922,-0.013631117885733124,0.8265568786745253,0.8322553145533107,0.0056984358787853795,0.8265568786745253,0.8330028879792716,0.0064460093047462586,0.8265568786745253,0.8160476046810462,-0.010509273993479118,0.8265568786745253,0.8261352364523294,-0.00042164222219587266
3.0,2.0,2.0,2.0,1.0,5.0,1.0,3.0,3.0,7.0,2.0,6.0,0.0,0.0,0.0,0.0,0.0,0.0,1.0,0.0,0.0,0.0,0.0,0.0,0.0,0.0,1.0,0.0,0.0,0.0,0.0,0.0,0.0,0.0,0.0,0.0,0.0,0.0,0.0,0.0,0.8903068939532123,0.8691675111871401,-0.02113938276607219,0.8903068939532123,0.8809644346021939,-0.009342459351018406,0.8903068939532123,0.8941789871524717,0.0038720931992594076,0.8903068939532123,0.8946855121664401,0.004378618213227825,0.8903068939532123,0.883114121794677,-0.00719277215853531,0.8903068939532123,0.8900196077462336,-0.00028728620697870966
6.0,1.0,5.0,2.0,3.0,5.0,3.0,2.0,8.0,9.0,4.0,7.0,0.0,0.0,1.0,0.0,0.0,0.0,0.0,0.0,0.0,0.0,0.0,0.0,0.0,1.0,0.0,0.0,0.0,0.0,0.0,0.0,0.0,0.0,0.0,0.0,0.0,0.0,0.0,0.0,0.5446064685021271,0.49466017254496913,-0.04994629595715799,0.5446064685021271,0.5216406569078931,-0.022965811594234053,0.5446064685021271,0.5545763550103334,0.009969886508206294,0.5446064685021271,0.555901091113706,0.011294622611578875,0.5446064685021271,0.5267938528923972,-0.01781261560972991,0.5446064685021271,0.543877642378932,-0.0007288261231951365
6.0,1.0,4.0,1.0,1.0,3.0,3.0,3.0,7.0,7.0,4.0,7.0,0.0,0.0,0.0,0.0,0.0,0.0,0.0,0.0,0.0,0.0,0.0,1.0,0.0,0.0,0.0,0.0,0.0,0.0,0.0,0.0,0.0,0.0,1.0,0.0,0.0,0.0,0.0,0.0,0.8299551652188298,0.7998004940680083,-0.030154671150821488,0.8299551652188298,0.8165318411097029,-0.013423324109126944,0.8299551652188298,0.8355641628613807,0.00560899764255085,0.8299551652188298,0.8362998905352228,0.006344725316392963,0.8299551652188298,0.8196068614200663,-0.010348303798763503,0.8299551652188298,0.829540080556881,-0.0004150846619488391
4.0,1.0,4.0,1.0,1.0,4.0,3.0,1.0,8.0,5.0,3.0,5.0,0.0,1.0,0.0,0.0,0.0,0.0,0.0,0.0,0.0,0.0,0.0,0.0,0.0,0.0,0.0,0.0,0.0,0.0,1.0,0.0,0.0,0.0,0.0,0.0,0.0,0.0,0.0,0.0,0.5866224148495256,0.5373697614399797,-0.04925265340954588,0.5866224148495256,0.5640794662093332,-0.02254294864019235,0.5866224148495256,0.5963542159866012,0.009731801137075613,0.5866224148495256,0.5976448472430985,0.011022432393572923,0.5866224148495256,0.5691530883957453,-0.0174693264537803,0.5866224148495256,0.5859097038171066,-0.0007127110324189889
4.0,1.0,3.0,1.0,3.0,4.0,3.0,4.0,8.0,8.0,3.0,8.0,1.0,0.0,0.0,0.0,0.0,0.0,0.0,0.0,0.0,0.0,0.0,0.0,1.0,0.0,0.0,0.0,0.0,0.0,0.0,0.0,0.0,0.0,0.0,0.0,0.0,0.0,0.0,0.0,0.6850028868050396,0.6402842191386535,-0.0447186676663861,0.6850028868050396,0.6647589816218277,-0.020243905183211952,0.6850028868050396,0.6936282090376624,0.0086253222326228,0.6850028868050396,0.6947670066294928,0.009764119824453132,0.6850028868050396,0.669347691725943,-0.01565519507909663,0.6850028868050396,0.6843685316517714,-0.0006343551532682623
3.0,1.0,8.0,1.0,2.0,5.0,2.0,4.0,8.0,7.0,4.0,10.0,0.0,0.0,0.0,0.0,0.0,0.0,0.0,0.0,0.0,0.0,0.0,0.0,1.0,0.0,0.0,0.0,0.0,0.0,0.0,0.0,0.0,0.0,0.0,0.0,0.0,0.0,0.0,0.0,0.8947073547721107,0.8742962672600824,-0.02041108751202836,0.8947073547721107,0.8856915593345638,-0.009015795437546936,0.8947073547721107,0.8984418336725003,0.0037344789003895817,0.8947073547721107,0.898930260409359,0.004222905637248253,0.8947073547721107,0.8877667541697756,-0.006940600602335145,,,
6.0,3.0,3.0,2.0,4.0,4.0,3.0,2.0,5.0,8.0,5.0,8.0,0.0,0.0,0.0,0.0,0.0,0.0,1.0,0.0,0.0,0.0,1.0,0.0,0.0,0.0,0.0,0.0,0.0,0.0,0.0,1.0,0.0,0.0,0.0,0.0,0.0,0.0,0.0,0.0,0.5434603930626694,0.49350530068568577,-0.04995509237698359,0.5434603930626694,0.5204876732310024,-0.022972719831666932,0.5434603930626694,0.5534347964937337,0.009974403431064371,0.5434603930626694,0.5547602019549056,0.011299808892236252,,,,0.5434603930626694,0.5427312727890768,-0.0007291202735925095
3.0,1.0,3.0,3.0,2.0,4.0,2.0,4.0,3.0,3.0,1.0,6.0,0.0,0.0,0.0,0.0,0.0,0.0,1.0,0.0,1.0,0.0,0.0,0.0,0.0,0.0,0.0,0.0,0.0,0.0,0.0,0.0,0.0,0.0,0.0,0.0,0.0,0.0,1.0,0.0,0.9278355184600438,0.9132235050874151,-0.01461201337262863,0.9278355184600438,0.9214071820563152,-0.0064283364037285295,0.9278355184600438,0.9304863094849378,0.0026507910248940725,0.9278355184600438,0.930832488276251,0.002996969816207229,0.9278355184600438,0.9228904332450181,-0.00494508521502568,0.9278355184600438,0.9276385311987877,-0.00019698726125605415
3.0,1.0,3.0,1.0,3.0,4.0,3.0,3.0,7.0,7.0,3.0,7.0,0.0,0.0,0.0,0.0,0.0,0.0,1.0,0.0,0.0,0.0,0.0,1.0,0.0,0.0,0.0,0.0,0.0,0.0,0.0,0.0,0.0,0.0,0.0,0.0,0.0,0.0,0.0,0.0,0.7825463565853725,0.746551855999988,-0.03599450058538456,0.7825463565853725,0.7664337858615763,-0.016112570723796238,0.7825463565853725,0.789322194542119,0.006775837956746522,0.7825463565853725,0.7902128740595672,0.007666517474194667,0.7825463565853725,0.7701120732120164,-0.01243428337335617,0.7825463565853725,0.7820459364003552,-0.0005004201850172807
4.0,1.0,9.0,1.0,1.0,4.0,2.0,4.0,9.0,9.0,4.0,9.0,0.0,0.0,0.0,0.0,0.0,0.0,1.0,0.0,0.0,0.0,0.0,0.0,1.0,0.0,0.0,0.0,0.0,0.0,0.0,0.0,0.0,0.0,0.0,1.0,0.0,0.0,0.0,0.0,0.8860594523218382,0.8642263578302574,-0.021833094491580884,0.8860594523218382,0.8764054614265397,-0.009653990895298503,0.8860594523218382,0.8900629634556096,0.004003511133771398,0.8860594523218382,0.8905867795622969,0.004527327240458678,0.8860594523218382,0.878626136915803,-0.007433315406035201,0.8860594523218382,0.8857624694214605,-0.000296982900377718
3.0,1.0,7.0,2.0,2.0,5.0,3.0,3.0,7.0,5.0,3.0,4.0,1.0,0.0,0.0,0.0,0.0,0.0,1.0,0.0,0.0,0.0,0.0,1.0,0.0,0.0,0.0,0.0,0.0,0.0,0.0,0.0,0.0,0.0,0.0,0.0,0.0,0.0,0.0,0.0,0.802000728382816,0.7682728842642281,-0.03372784411858787,0.802000728382816,0.7869371841664884,-0.015063544216327607,0.802000728382816,0.808318854779642,0.0063181263968260515,0.802000728382816,0.809148641123155,0.007147912740338991,0.802000728382816,0.7903808879899874,-0.011619840392828595,0.802000728382816,0.8015337236746756,-0.00046700470814042827
4.0,1.0,5.0,1.0,2.0,5.0,2.0,3.0,10.0,8.0,3.0,8.0,0.0,0.0,0.0,0.0,0.0,0.0,1.0,0.0,0.0,0.0,0.0,0.0,0.0,0.0,0.0,0.0,0.0,0.0,0.0,0.0,0.0,0.0,0.0,0.0,0.0,0.0,0.0,0.0,0.8925324213914163,0.8717601512896276,-0.020772270101788726,0.8925324213914163,0.8833546743752058,-0.009177747016210547,,,,0.8925324213914163,0.8968324974866237,0.004300076095207439,0.8925324213914163,0.8854668076869773,-0.007065613704439033,0.8925324213914163,0.8922502584246993,-0.00028216296671701446
2.0,1.0,9.0,2.0,5.0,5.0,5.0,3.0,8.0,8.0,3.0,10.0,0.0,0.0,0.0,0.0,0.0,0.0,1.0,0.0,0.0,0.0,0.0,0.0,0.0,0.0,0.0,0.0,1.0,0.0,0.0,0.0,0.0,0.0,0.0,0.0,0.0,0.0,0.0,0.0,,,,0.6138197068942596,0.5917276830955231,-0.022092023798736427,0.6138197068942596,0.6233223588124557,0.009502651918196103,0.6138197068942596,0.6245810442860145,0.010761337391754888,0.6138197068942596,0.5967095789366026,-0.017110127957656984,,,
2.0,2.0,4.0,4.0,3.0,4.0,2.0,3.0,8.0,8.0,2.0,8.0,0.0,0.0,0.0,0.0,0.0,0.0,1.0,0.0,0.0,0.0,0.0,0.0,0.0,0.0,0.0,0.0,1.0,0.0,0.0,0.0,0.0,0.0,0.0,0.0,0.0,1.0,0.0,0.0,0.7980496486366506,0.7638469445530739,-0.03420270408357673,0.7980496486366506,0.7827669309660023,-0.015282717670648371,0.7980496486366506,0.804463114049002,0.006413465412351327,0.7980496486366506,0.8053055715019155,0.0072559228652648855,0.7980496486366506,0.786259730588465,-0.011789918048185632,0.7980496486366506,0.797575676969859,-0.0004739716667916394
7.0,1.0,8.0,2.0,2.0,2.0,2.0,3.0,9.0,10.0,3.0,10.0,0.0,0.0,0.0,1.0,0.0,0.0,0.0,0.0,0.0,0.0,0.0,0.0,0.0,0.0,0.0,0.0,0.0,1.0,0.0,1.0,0.0,0.0,0.0,0.0,0.0,0.0,0.0,0.0,0.6111061632777659,0.5625955425856851,-0.048510620692080786,0.6111061632777659,0.5889628566490988,-0.022143306628667148,0.6111061632777659,0.6206343192011249,0.009528155923358983,,,,0.6111061632777659,0.5939553392459359,-0.017150824031829992,,,
6.0,2.0,2.0,3.0,2.0,4.0,2.0,2.0,6.0,5.0,2.0,8.0,0.0,0.0,1.0,0.0,0.0,0.0,1.0,0.0,0.0,0.0,0.0,0.0,0.0,0.0,0.0,0.0,0.0,0.0,0.0,1.0,0.0,0.0,0.0,0.0,0.0,0.0,0.0,0.0,0.5006481923573267,0.4507430654425422,-0.04990512691478449,0.5006481923573267,0.47759202076418805,-0.023056171593138663,0.5006481923573267,0.5107158389347616,0.010067646577434863,0.5006481923573267,0.5120562481514545,0.011408055794127736,0.5006481923573267,0.4827492100749399,-0.01789898228238679,0.5006481923573267,0.4999136151343562,-0.0007345772229704894
3.0,1.0,6.0,1.0,2.0,4.0,2.0,4.0,9.0,9.0,4.0,10.0,0.0,0.0,0.0,0.0,0.0,0.0,0.0,0.0,0.0,0.0,0.0,1.0,0.0,0.0,0.0,0.0,0.0,0.0,0.0,0.0,0.0,0.0,0.0,0.0,0.0,0.0,0.0,0.0,0.8929029710410498,0.872192067799187,-0.020710903241862755,0.8929029710410498,0.8837527474395209,-0.00915022360152884,0.8929029710410498,0.8966940577952934,0.0037910867542436666,0.8929029710410498,0.8971899282939305,0.004286957252880752,0.8929029710410498,0.885858604093672,-0.007044366947377756,,,
4.0,1.0,7.0,2.0,3.0,5.0,3.0,2.0,8.0,8.0,4.0,8.0,0.0,0.0,0.0,0.0,0.0,0.0,1.0,0.0,0.0,0.0,0.0,0.0,1.0,0.0,0.0,0.0,0.0,0.0,0.0,0.0,0.0,0.0,0.0,0.0,0.0,0.0,0.0,0.0,0.7942841241667209,0.7596357631395869,-0.03464836102713398,0.7942841241667209,0.7787954332873053,-0.015488690879415623,0.7942841241667209,0.8007873226048738,0.006503198438152946,0.7942841241667209,0.8016417120167499,0.007357587850029046,0.7942841241667209,0.7823343323715282,-0.011949791795192732,0.7942841241667209,0.7938035983349976,-0.00048052583172331076
3.0,1.0,3.0,1.0,1.0,5.0,2.0,3.0,7.0,8.0,4.0,8.0,0.0,0.0,0.0,0.0,1.0,0.0,1.0,0.0,0.0,0.0,0.0,1.0,0.0,0.0,0.0,0.0,0.0,0.0,0.0,0.0,0.0,0.0,0.0,0.0,0.0,0.0,0.0,0.0,0.9019510874775719,0.8827602021345413,-0.019190885343030595,0.9019510874775719,0.8934817010124522,-0.008469386465119744,0.9019510874775719,0.9054557971153169,0.0035047096377449627,0.9019510874775719,0.9059140238941117,0.003962936416539775,0.9019510874775719,0.8954321680488782,-0.006518919428693759,0.9019510874775719,0.9016909299784102,-0.00026015749916175057
3.0,1.0,4.0,1.0,2.0,5.0,2.0,4.0,10.0,10.0,4.0,7.0,0.0,1.0,0.0,0.0,0.0,0.0,1.0,0.0,0.0,0.0,0.0,0.0,0.0,0.0,0.0,0.0,0.0,0.0,0.0,0.0,0.0,0.0,0.0,0.0,0.0,0.0,0.0,0.0,0.7585539442446801,0.7200089913597741,-0.038544952884906,0.7585539442446801,0.7412514319103323,-0.017302512334347875,,,,,,,0.7585539442446801,0.7451944545419361,-0.013359489702744032,0.7585539442446801,0.7580153843591851,-0.0005385598854950047
3.0,1.0,2.0,4.0,1.0,5.0,4.0,4.0,9.0,8.0,3.0,9.0,0.0,0.0,0.0,0.0,0.0,0.0,0.0,1.0,0.0,0.0,0.0,0.0,0.0,0.0,0.0,0.0,0.0,0.0,0.0,0.0,0.0,0.0,0.0,0.0,0.0,1.0,0.0,0.0,0.918938245169333,0.9027135903454677,-0.01622465482386526,0.918938245169333,0.9117926959173456,-0.007145549251987404,0.918938245169333,0.921888342417095,0.0029500972477620735,0.918938245169333,0.9222737624516728,0.0033355172823398282,0.918938245169333,0.9134403515290995,-0.005497893640233453,0.918938245169333,0.9187190986321171,-0.00021914653721588628
2.0,1.0,5.0,1.0,2.0,5.0,3.0,4.0,8.0,9.0,4.0,9.0,0.0,0.0,0.0,0.0,0.0,0.0,1.0,0.0,0.0,0.0,0.0,0.0,0.0,0.0,0.0,0.0,1.0,0.0,0.0,0.0,0.0,0.0,0.0,0.0,0.0,0.0,0.0,0.0,0.8575252120947544,0.8312656582968857,-0.026259553797868707,0.8575252120947544,0.845874103362609,-0.011651108732145365,0.8575252120947544,0.8623756001686315,0.004850388073877054,0.8575252120947544,0.8630110340459205,0.005485821951166092,0.8575252120947544,0.8485485504644977,-0.008976661630256677,0.8575252120947544,0.8571658446402917,-0.00035936745446274454
7.0,3.0,9.0,2.0,3.0,5.0,1.0,3.0,10.0,10.0,5.0,10.0,0.0,0.0,0.0,0.0,0.0,0.0,1.0,0.0,0.0,0.0,0.0,0.0,0.0,0.0,0.0,0.0,0.0,0.0,0.0,0.0,0.0,0.0,1.0,0.0,0.0,0.0,0.0,0.0,0.774637886976683,0.7377729805315404,-0.03686490644514262,0.774637886976683,0.7581204512542304,-0.016517435722452567,,,,,,,,,,,,
4.0,5.0,9.0,2.0,1.0,4.0,2.0,4.0,9.0,8.0,2.0,7.0,1.0,0.0,0.0,0.0,0.0,0.0,0.0,1.0,0.0,0.0,0.0,0.0,0.0,0.0,0.0,0.0,0.0,0.0,0.0,0.0,1.0,0.0,0.0,0.0,0.0,0.0,0.0,0.0,0.924209356222434,0.9089351732128876,-0.015274183009546416,0.924209356222434,0.9174867310842457,-0.006722625138188332,0.924209356222434,0.9269828635001452,0.0027735072777111958,0.924209356222434,0.9273451271596825,0.003135770937248483,0.924209356222434,0.9190374700924339,-0.005171886130000192,0.924209356222434,0.9240032813800472,-0.000206074842386883
6.0,1.0,6.0,1.0,3.0,3.0,2.0,3.0,2.0,4.0,4.0,5.0,0.0,0.0,0.0,0.0,0.0,0.0,1.0,0.0,0.0,0.0,0.0,1.0,0.0,0.0,0.0,0.0,0.0,0.0,0.0,0.0,0.0,0.0,0.0,0.0,0.0,0.0,0.0,0.0,0.6467202078072143,0.5997423712318969,-0.0469778365753174,0.6467202078072143,0.6253615727900284,-0.021358635017185934,0.6467202078072143,0.655867166000309,0.009146958193094745,0.6467202078072143,0.6570769307038562,0.010356722896641912,0.6467202078072143,0.6301895500869433,-0.016530657720270958,0.6467202078072143,0.6460485936403569,-0.0006716141668573483
7.0,2.0,5.0,3.0,2.0,4.0,2.0,2.0,8.0,8.0,4.0,9.0,0.0,0.0,0.0,0.0,0.0,0.0,1.0,0.0,0.0,0.0,0.0,1.0,0.0,0.0,0.0,0.0,0.0,0.0,0.0,0.0,0.0,0.0,1.0,0.0,0.0,0.0,0.0,0.0,0.7490339291871909,0.7095511079162587,-0.03948282127093217,0.7490339291871909,0.7312908632822059,-0.017743065904984978,0.7490339291871909,0.7565291195660659,0.007495190378875027,0.7490339291871909,0.7575158472825689,0.008481918095378016,0.7490339291871909,0.7353314765984647,-0.013702452588726266,0.7490339291871909,0.7484811753575212,-0.0005527538296696832
2.0,2.0,5.0,4.0,4.0,2.0,3.0,2.0,7.0,6.0,2.0,9.0,0.0,1.0,0.0,0.0,0.0,0.0,1.0,0.0,0.0,0.0,0.0,0.0,0.0,0.0,0.0,0.0,1.0,0.0,0.0,0.0,0.0,0.0,0.0,0.0,0.0,1.0,0.0,0.0,0.3726917245339287,0.3271842356871481,-0.045507488846780575,0.3726917245339287,0.3513817132439562,-0.021310011289972508,0.3726917245339287,0.38215547120613474,0.009463746672206064,0.3726917245339287,0.3834228773428188,0.010731152808890143,0.3726917245339287,0.35610505122744907,-0.016586673306479616,0.3726917245339287,0.37200502667726754,-0.0006866978566611448
3.0,1.0,2.0,1.0,2.0,1.0,2.0,4.0,7.0,7.0,3.0,6.0,0.0,0.0,0.0,0.0,1.0,0.0,0.0,0.0,0.0,0.0,0.0,0.0,0.0,0.0,0.0,0.0,1.0,0.0,0.0,1.0,0.0,0.0,0.0,0.0,0.0,0.0,0.0,0.0,0.7451827842994807,0.7053324373312436,-0.03985034696823708,0.7451827842994807,0.7272665841120373,-0.017916200187443443,0.7451827842994807,0.7527550254729958,0.007572241173515071,0.7451827842994807,0.7537520700351901,0.008569285735709364,0.7451827842994807,0.7313454801280382,-0.013837304171442466,0.7451827842994807,0.7446244402147852,-0.0005583440846954613
2.0,1.0,4.0,1.0,1.0,2.0,2.0,3.0,8.0,7.0,3.0,7.0,0.0,1.0,0.0,0.0,0.0,0.0,0.0,0.0,1.0,0.0,0.0,0.0,0.0,0.0,0.0,0.0,0.0,0.0,0.0,0.0,0.0,0.0,0.0,0.0,0.0,0.0,0.0,0.0,0.81721831007493,0.7853890167850233,-0.03182929328990669,0.81721831007493,0.8030281605843348,-0.01419014949059516,0.81721831007493,0.823157919079588,0.005939609004658064,0.81721831007493,0.8239374591482014,0.006719149073271424,0.81721831007493,0.806275812479093,-0.010942497595836986,0.81721831007493,0.8167789980234712,-0.0004393120514587512
3.0,1.0,6.0,1.0,3.0,2.0,1.0,4.0,7.0,8.0,4.0,7.0,0.0,0.0,0.0,0.0,1.0,0.0,1.0,0.0,0.0,0.0,0.0,1.0,0.0,0.0,0.0,0.0,0.0,0.0,0.0,0.0,0.0,0.0,0.0,0.0,0.0,0.0,0.0,0.0,0.7762650442164555,0.7395768259595379,-0.03668821825691759,0.7762650442164555,0.7598298922365476,-0.016435151979907858,0.7762650442164555,0.7831823784064358,0.0069173341899803065,0.7762650442164555,0.7840919149023661,0.007826870685910592,0.7762650442164555,0.7635800993599366,-0.012684944856518832,0.7762650442164555,0.7757543112314375,-0.0005107329850180253
4.0,4.0,3.0,1.0,4.0,5.0,2.0,4.0,3.0,4.0,4.0,2.0,0.0,1.0,0.0,0.0,0.0,0.0,1.0,0.0,0.0,0.0,0.0,0.0,0.0,1.0,0.0,0.0,0.0,0.0,0.0,1.0,0.0,0.0,0.0,0.0,0.0,0.0,0.0,0.0,0.3043518610337242,0.2636814395871533,-0.040670421446570904,0.3043518610337242,0.28517305268835497,-0.019178808345369225,0.3043518610337242,0.312945972910371,0.008594111876646826,0.3043518610337242,0.31410053727035275,0.009748676236628562,0.3043518610337242,0.28940350103770196,-0.014948359996022231,0.3043518610337242,0.303730114534942,-0.0006217464987822163
5.0,3.0,6.0,1.0,1.0,4.0,2.0,3.0,8.0,8.0,3.0,8.0,0.0,0.0,0.0,0.0,0.0,0.0,1.0,0.0,0.0,0.0,0.0,0.0,1.0,0.0,0.0,0.0,0.0,0.0,0.0,0.0,0.0,0.0,0.0,1.0,0.0,0.0,0.0,0.0,0.8198658900929724,0.788378252538141,-0.031487637554831416,0.8198658900929724,0.8058324477180212,-0.014033442374951188,0.8198658900929724,0.8257378101893773,0.0058719200964049145,0.8198658900929724,0.826508374701662,0.006642484608689658,0.8198658900929724,0.8090448576351656,-0.010821032457806745,0.8198658900929724,0.8194315354199467,-0.0004343546730256609
5.0,1.0,4.0,1.0,5.0,3.0,5.0,3.0,6.0,3.0,3.0,4.0,0.0,0.0,0.0,0.0,0.0,0.0,1.0,0.0,0.0,0.0,0.0,0.0,0.0,1.0,0.0,0.0,0.0,0.0,0.0,1.0,0.0,0.0,0.0,0.0,0.0,0.0,0.0,0.0,,,,0.38139150955381096,0.3598694249946456,-0.021522084559165378,0.38139150955381096,0.3909384963676301,0.009546986813819158,0.38139150955381096,0.3922165398584565,0.010825030304645544,0.38139150955381096,0.3646427149093435,-0.016748794644467435,0.38139150955381096,0.38069851005530214,-0.0006929994985088173
5.0,2.0,3.0,1.0,2.0,4.0,3.0,3.0,6.0,5.0,2.0,7.0,1.0,0.0,0.0,0.0,0.0,0.0,0.0,0.0,0.0,0.0,0.0,0.0,0.0,0.0,0.0,0.0,0.0,0.0,0.0,0.0,0.0,0.0,0.0,0.0,0.0,0.0,0.0,0.0,0.7071408103435296,0.664023488052993,-0.04311732229053655,0.7071408103435296,0.687670941047015,-0.01946986929651462,0.7071408103435296,0.7154117900929642,0.008270979749434582,0.7071408103435296,0.716502711139354,0.00936190079582444,0.7071408103435296,0.6920912994414417,-0.015049510902087948,0.7071408103435296,0.7065319376164932,-0.0006088727270363581
6.0,1.0,5.0,1.0,1.0,4.0,2.0,2.0,7.0,5.0,3.0,5.0,1.0,0.0,0.0,0.0,0.0,0.0,0.0,0.0,0.0,0.0,0.0,0.0,0.0,1.0,0.0,0.0,0.0,0.0,0.0,0.0,1.0,0.0,0.0,0.0,0.0,0.0,0.0,0.0,0.9056075969637227,0.8870427624070943,-0.018564834556628385,0.9056075969637227,0.8974181346111268,-0.008189462352595878,0.9056075969637227,0.9089947938886935,0.0033871969249708034,0.9056075969637227,0.9094375837968612,0.00382998683313851,0.9056075969637227,0.8993046446862195,-0.006302952277503215,0.9056075969637227,0.9053561233906319,-0.0002514735730908546
7.0,3.0,9.0,2.0,2.0,2.0,2.0,4.0,8.0,8.0,4.0,6.0,0.0,0.0,0.0,0.0,0.0,0.0,0.0,0.0,0.0,0.0,0.0,0.0,0.0,0.0,0.0,0.0,0.0,1.0,0.0,0.0,0.0,0.0,1.0,0.0,0.0,0.0,0.0,0.0,0.6943686262402141,0.6503007926307053,-0.04406783360950883,0.6943686262402141,0.6744405616616115,-0.019928064578602633,0.6943686262402141,0.7028487426457746,0.008480116405560456,0.6943686262402141,0.7039678944614021,0.009599268221187951,0.6943686262402141,0.678960751354226,-0.01540787488598816,0.6943686262402141,0.6937446996733062,-0.0006239265669079064
4.0,3.0,3.0,2.0,3.0,4.0,2.0,3.0,8.0,6.0,4.0,8.0,0.0,0.0,0.0,1.0,0.0,0.0,1.0,0.0,0.0,0.0,0.0,0.0,1.0,0.0,0.0,0.0,0.0,0.0,0.0,0.0,0.0,0.0,0.0,0.0,0.0,0.0,0.0,0.0,0.44149269113116063,0.39284526494182304,-0.048647426189337595,0.44149269113116063,0.41887556626102707,-0.022617124870133565,0.44149269113116063,0.45144621553534897,0.00995352440418834,0.44149269113116063,0.45277501746472293,0.011282326333562298,0.44149269113116063,0.4239132139391189,-0.017579477192041726,0.44149269113116063,0.44076829674334134,-0.0007243943878192938
3.0,1.0,8.0,1.0,1.0,5.0,2.0,5.0,9.0,9.0,4.0,10.0,0.0,0.0,0.0,0.0,0.0,0.0,0.0,0.0,0.0,0.0,0.0,0.0,0.0,0.0,0.0,0.0,0.0,0.0,0.0,0.0,0.0,0.0,0.0,0.0,0.0,0.0,0.0,0.0,0.9339636353601043,0.9204861184782155,-0.013477516881888807,,,,0.9339636353601043,0.9364047533686739,0.0024411180085696094,0.9339636353601043,0.9367234625925395,0.0027598272324351747,0.9339636353601043,0.9294065305548066,-0.004557104805297696,,,
7.0,6.0,6.0,2.0,2.0,4.0,3.0,2.0,10.0,10.0,5.0,8.0,1.0,0.0,0.0,0.0,0.0,0.0,0.0,0.0,0.0,0.0,0.0,1.0,0.0,0.0,0.0,0.0,0.0,0.0,0.0,0.0,0.0,0.0,1.0,0.0,0.0,0.0,0.0,0.0,0.5637097465924447,0.5139888769703537,-0.04972086962209099,0.5637097465924447,0.5408951847096475,-0.02281456188279718,,,,,,,,,,0.5637097465924447,0.562986960622043,-0.0007227859704016515
4.0,5.0,2.0,1.0,2.0,4.0,2.0,3.0,4.0,4.0,2.0,5.0,0.0,0.0,0.0,0.0,0.0,0.0,1.0,0.0,0.0,0.0,0.0,1.0,0.0,0.0,0.0,0.0,0.0,0.0,0.0,0.0,0.0,0.0,0.0,0.0,0.0,0.0,0.0,0.0,0.6916181687722617,0.6473551648190438,-0.044263003953217916,0.6916181687722617,0.6715955848606169,-0.020022583911644798,0.6916181687722617,0.7001416439562053,0.008523475183943585,0.6916181687722617,0.7012666579504797,0.009648489178218034,0.6916181687722617,0.6761363071877077,-0.015481861584554002,0.6916181687722617,0.6909911260669207,-0.0006270427053409744
4.0,1.0,3.0,1.0,1.0,3.0,2.0,3.0,6.0,7.0,4.0,6.0,0.0,0.0,0.0,0.0,0.0,0.0,1.0,0.0,0.0,0.0,0.0,0.0,1.0,0.0,0.0,0.0,0.0,0.0,0.0,1.0,0.0,0.0,0.0,0.0,0.0,0.0,0.0,0.0,0.8513764047089948,0.8242158758215088,-0.02716052888748599,0.8513764047089948,0.8393166873954602,-0.012059717313534613,0.8513764047089948,0.8564010680786165,0.005024663369621707,0.8513764047089948,0.8570595149961222,0.005683110287127424,0.8513764047089948,0.8420836782675098,-0.009292726441484933,0.8513764047089948,0.8510042227265865,-0.0003721819824082928
5.0,1.0,3.0,1.0,4.0,2.0,2.0,4.0,7.0,8.0,5.0,9.0,0.0,1.0,0.0,0.0,0.0,0.0,1.0,0.0,0.0,0.0,0.0,0.0,1.0,0.0,0.0,0.0,0.0,0.0,0.0,0.0,0.0,0.0,0.0,1.0,0.0,0.0,0.0,0.0,0.2696576053583734,0.23207667786627242,-0.037580927492100985,0.2696576053583734,0.25187348192174086,-0.01778412343663255,0.2696576053583734,0.2776630718346833,0.008005466476309897,0.2696576053583734,0.2787402762441224,0.009082670885748989,,,,0.2696576053583734,0.269079319331812,-0.0005782860265614032
6.0,1.0,4.0,1.0,2.0,3.0,1.0,3.0,5.0,0.0,1.0,5.0,0.0,0.0,0.0,0.0,0.0,0.0,1.0,0.0,0.0,0.0,0.0,0.0,0.0,0.0,0.0,0.0,0.0,0.0,0.0,0.0,0.0,0.0,0.0,0.0,0.0,0.0,0.0,0.0,0.7749232747103183,0.7380892680259837,-0.036834006684334564,0.7749232747103183,0.7584202327012609,-0.01650304200905739,0.7749232747103183,0.7818704360967179,0.006947161386399614,0.7749232747103183,0.7827839497060897,0.007860674995771366,0.7749232747103183,0.7621855621131917,-0.012737712597126638,0.7749232747103183,0.7744103689058588,-0.000512905804459507
7.0,1.0,9.0,1.0,1.0,4.0,2.0,4.0,9.0,8.0,4.0,7.0,0.0,0.0,0.0,0.0,0.0,0.0,0.0,0.0,0.0,0.0,0.0,1.0,0.0,0.0,0.0,0.0,0.0,0.0,0.0,0.0,0.0,0.0,1.0,0.0,0.0,0.0,0.0,0.0,0.8868282429794807,0.8651200379938772,-0.021708204985603552,0.8868282429794807,0.8772303650579495,-0.009597877921531217,0.8868282429794807,0.8908080701194914,0.003979827140010661,0.8868282429794807,0.8913287694806002,0.0045005265011195394,0.8868282429794807,0.8794382580423222,-0.007389984937158478,0.8868282429794807,0.8865330073041269,-0.0002952356753538332
4.0,1.0,6.0,1.0,2.0,4.0,1.0,4.0,7.0,6.0,1.0,6.0,1.0,0.0,0.0,0.0,0.0,0.0,1.0,0.0,0.0,0.0,0.0,0.0,0.0,0.0,0.0,0.0,0.0,0.0,0.0,0.0,0.0,0.0,0.0,0.0,0.0,0.0,0.0,0.0,0.8404291755428254,0.8117105172570387,-0.02871865828578668,0.8404291755428254,0.8276609814008141,-0.012768194142011247,0.8404291755428254,0.8457568912468535,0.005327715704028124,0.8404291755428254,0.8464553944875272,0.006026218944701789,0.8404291755428254,0.8305881723809128,-0.00984100316191261,0.8404291755428254,0.8400347304135584,-0.00039444512926700703
3.0,1.0,3.0,1.0,1.0,5.0,1.0,2.0,8.0,9.0,5.0,7.0,0.0,0.0,0.0,0.0,0.0,0.0,0.0,0.0,0.0,0.0,0.0,1.0,0.0,0.0,0.0,0.0,0.0,0.0,0.0,0.0,0.0,0.0,0.0,0.0,0.0,0.0,0.0,0.0,0.9424993314603264,0.9306345012630125,-0.01186483019731388,0.9424993314603264,0.9372889454869197,-0.005210385973406728,0.9424993314603264,0.9446436183839376,0.0021442869236112383,0.9424993314603264,0.9449234668351574,0.0024241353748309935,,,,0.9424993314603264,0.9423398844671217,-0.0001594469932046927
4.0,1.0,6.0,1.0,2.0,5.0,2.0,4.0,7.0,8.0,4.0,1.0,0.0,0.0,0.0,0.0,0.0,0.0,1.0,0.0,0.0,0.0,0.0,1.0,0.0,0.0,0.0,0.0,0.0,0.0,0.0,1.0,0.0,0.0,0.0,0.0,0.0,0.0,0.0,0.0,0.8752935592856307,0.8517426983833697,-0.023550860902260995,0.8752935592856307,0.8648665089302394,-0.010427050355391265,0.8752935592856307,0.8796239585665754,0.004330399280944697,0.8752935592856307,0.880190818119212,0.004897258833581275,0.8752935592856307,0.8672631090129784,-0.008030450272652256,0.8752935592856307,0.8749724749327701,-0.0003210843528606011
3.0,1.0,5.0,1.0,2.0,4.0,2.0,4.0,6.0,6.0,4.0,8.0,0.0,0.0,0.0,0.0,0.0,0.0,1.0,0.0,0.0,0.0,0.0,1.0,0.0,0.0,0.0,0.0,0.0,0.0,0.0,1.0,0.0,0.0,0.0,0.0,0.0,0.0,0.0,0.0,0.8503445893710858,0.823034693181271,-0.02730989618981483,0.8503445893710858,0.8382170575097965,-0.012127531861289342,0.8503445893710858,0.855398211538025,0.0050536221669391646,0.8503445893710858,0.8560604839942585,0.005715894623172679,0.8503445893710858,0.84099939696762,-0.009345192403465763,0.8503445893710858,0.8499702788541517,-0.00037431051693415096
5.0,1.0,10.0,1.0,1.0,3.0,1.0,4.0,9.0,9.0,4.0,9.0,0.0,0.0,0.0,0.0,1.0,0.0,1.0,0.0,0.0,0.0,0.0,0.0,0.0,0.0,0.0,0.0,0.0,0.0,0.0,0.0,0.0,0.0,0.0,0.0,0.0,0.0,0.0,0.0,0.8952542079987604,0.8749343103260336,-0.020319897672726794,0.8952542079987604,0.8862792858317106,-0.00897492216704987,0.8952542079987604,0.8989714814289802,0.0037172734302197696,0.8952542079987604,0.8994576459713922,0.004203437972631785,0.8952542079987604,0.888345155966159,-0.006909052032601393,0.8952542079987604,0.8949783503809604,-0.0002758576178000238
5.0,3.0,4.0,1.0,1.0,4.0,2.0,3.0,7.0,7.0,3.0,7.0,0.0,0.0,0.0,0.0,0.0,0.0,1.0,0.0,0.0,0.0,0.0,0.0,0.0,1.0,0.0,0.0,0.0,0.0,0.0,1.0,0.0,0.0,0.0,0.0,0.0,0.0,0.0,0.0,0.8358967940952285,0.806550183856531,-0.029346610238697557,0.8358967940952285,0.822842384751074,-0.013054409344154583,0.8358967940952285,0.8413472692334778,0.0054504751382492556,0.8358967940952285,0.8420620127193544,0.00616521862412589,0.8358967940952285,0.8258341973633981,-0.010062596731830409,0.8358967940952285,0.835493338331877,-0.00040345576335154565
5.0,2.0,4.0,2.0,2.0,4.0,2.0,4.0,7.0,7.0,2.0,7.0,0.0,0.0,0.0,0.0,0.0,0.0,1.0,0.0,0.0,0.0,0.0,0.0,0.0,0.0,0.0,0.0,0.0,0.0,0.0,0.0,0.0,0.0,0.0,0.0,0.0,0.0,0.0,0.0,0.7832552251931143,0.7473401771899867,-0.035915048003127614,0.7832552251931143,0.767179552231232,-0.01607567296188228,0.7832552251931143,0.7900149019369491,0.006759676743834819,0.7832552251931143,0.7909034286969902,0.00764820350387585,0.7832552251931143,0.7708496064094007,-0.012405618783713601,0.7832552251931143,0.7827559834402512,-0.0004992417528630888
3.0,1.0,6.0,1.0,1.0,4.0,2.0,4.0,8.0,8.0,3.0,8.0,0.0,0.0,0.0,0.0,0.0,0.0,0.0,0.0,0.0,0.0,0.0,0.0,1.0,0.0,0.0,0.0,0.0,0.0,0.0,0.0,0.0,0.0,0.0,0.0,0.0,0.0,0.0,0.0,0.915085113609797,0.898174703650495,-0.016910409959302042,0.915085113609797,0.9076340525692405,-0.007451061040556595,0.915085113609797,0.9181629505318312,0.003077836922034116,0.915085113609797,0.9185651287038644,0.003480015094067368,0.915085113609797,0.9093516661150535,-0.005733447494743582,0.915085113609797,0.9148565154736573,-0.0002285981361397349
4.0,1.0,2.0,1.0,2.0,4.0,2.0,3.0,6.0,4.0,4.0,9.0,0.0,0.0,1.0,0.0,0.0,0.0,1.0,0.0,0.0,1.0,0.0,0.0,0.0,0.0,0.0,0.0,0.0,0.0,0.0,0.0,0.0,0.0,0.0,0.0,0.0,0.0,0.0,0.0,0.533661212652744,0.48365262677103255,-0.050008585881711476,0.533661212652744,0.5106394075182571,-0.023021805134486928,0.533661212652744,0.5436699402265647,0.010008727573820653,0.533661212652744,0.5450005005151068,0.011339287862362823,0.533661212652744,0.5158011099715051,-0.017860102681238943,0.533661212652744,0.5329298925917902,-0.0007313200609537773
2.0,1.0,5.0,1.0,2.0,5.0,1.0,4.0,8.0,8.0,3.0,6.0,0.0,0.0,0.0,0.0,0.0,0.0,1.0,0.0,0.0,0.0,0.0,1.0,0.0,0.0,0.0,0.0,0.0,0.0,0.0,0.0,0.0,0.0,0.0,0.0,0.0,0.0,0.0,0.0,0.9202172836415702,0.904221948381288,-0.015995335260282184,0.9202172836415702,0.9131738280371094,-0.0070434556044607355,0.9202172836415702,0.923124726651829,0.0029074430102588034,0.9202172836415702,0.9235045523038518,0.0032872686622815728,0.9202172836415702,0.9147980957303262,-0.005419187911243961,0.9202172836415702,0.9200012939006315,-0.0002159897409387268
2.0,2.0,4.0,3.0,1.0,5.0,1.0,2.0,7.0,8.0,3.0,6.0,0.0,0.0,0.0,0.0,0.0,1.0,0.0,0.0,0.0,0.0,0.0,0.0,0.0,0.0,0.0,0.0,1.0,0.0,0.0,0.0,0.0,0.0,0.0,0.0,0.0,0.0,1.0,0.0,0.9404312544967481,0.9281722133975899,-0.012259041099158208,0.9404312544967481,0.9350463858128412,-0.005384868683906974,0.9404312544967481,0.9426479702052067,0.0022167157084586053,0.9404312544967481,0.9429372980194237,0.002506043522675583,0.9404312544967481,0.9362900279246538,-0.00414122657209437,0.9404312544967481,0.9402664362634026,-0.0001648182333455761
4.0,6.0,3.0,3.0,4.0,4.0,4.0,3.0,9.0,4.0,1.0,5.0,0.0,0.0,1.0,0.0,0.0,0.0,0.0,0.0,0.0,0.0,0.0,0.0,1.0,0.0,0.0,0.0,0.0,0.0,0.0,0.0,0.0,1.0,0.0,0.0,0.0,0.0,0.0,0.0,0.1468689884044233,0.12350668416630566,-0.02336230423811765,0.1468689884044233,0.13567847076871883,-0.011190517635704472,0.1468689884044233,0.15198776731943245,0.005118778915009142,0.1468689884044233,0.15268046569858046,0.005811477294157152,0.1468689884044233,0.13811972343872933,-0.008749264965693976,0.1468689884044233,0.14650120443904147,-0.00036778396538184044
4.0,1.0,7.0,1.0,2.0,4.0,2.0,3.0,7.0,8.0,3.0,6.0,0.0,0.0,0.0,0.0,0.0,0.0,1.0,0.0,0.0,0.0,0.0,1.0,0.0,0.0,0.0,0.0,0.0,0.0,0.0,0.0,0.0,0.0,0.0,0.0,0.0,0.0,0.0,0.0,0.8730466723953778,0.8491446177984935,-0.023902054596884326,0.8730466723953778,0.8624612742057307,-0.0105853981896471,0.8730466723953778,0.8774441697759152,0.004397497380537407,0.8730466723953778,0.8780198706639866,0.004973198268608758,0.8730466723953778,0.8648938675529534,-0.008152804842424421,0.8730466723953778,0.872720644166399,-0.0003260282289787586
6.0,1.0,9.0,2.0,2.0,4.0,4.0,3.0,7.0,6.0,4.0,8.0,1.0,0.0,0.0,0.0,0.0,0.0,1.0,0.0,0.0,0.0,0.0,1.0,0.0,0.0,0.0,0.0,0.0,0.0,0.0,1.0,0.0,0.0,0.0,0.0,0.0,0.0,0.0,0.0,0.6672944824621174,0.6214511201839668,-0.04584336227815067,0.6672944824621174,0.6464998179967908,-0.02079466446532663,0.6672944824621174,0.6761754733605332,0.008880990898415764,0.6672944824621174,0.6773489671369879,0.010054484674870467,0.6672944824621174,0.651207321115994,-0.016087161346123424,0.6672944824621174,0.6666418203160144,-0.0006526621461030446
6.0,1.0,6.0,1.0,1.0,5.0,1.0,2.0,8.0,8.0,4.0,8.0,0.0,0.0,0.0,0.0,0.0,0.0,0.0,0.0,0.0,0.0,0.0,1.0,0.0,0.0,0.0,0.0,0.0,0.0,0.0,0.0,0.0,0.0,1.0,0.0,0.0,0.0,0.0,0.0,0.9292976672280431,0.914954575994252,-0.014343091233791072,0.9292976672280431,0.9229887669058673,-0.006308900322175792,0.9292976672280431,0.9318986917902469,0.002601024562203791,0.9292976672280431,0.9322383491250426,0.0029406818969994752,0.9292976672280431,0.924444617055953,-0.004853050172090034,0.9292976672280431,0.9291043662234626,-0.00019330100458048172
2.0,1.0,7.0,1.0,2.0,4.0,3.0,3.0,6.0,6.0,1.0,7.0,0.0,0.0,0.0,0.0,0.0,0.0,1.0,0.0,0.0,0.0,0.0,0.0,0.0,0.0,0.0,0.0,0.0,0.0,0.0,0.0,0.0,0.0,0.0,0.0,0.0,0.0,0.0,0.0,0.8843804809024819,0.8622756714437095,-0.022104809458772356,0.8843804809024819,0.8746043657931577,-0.00977611510932419,0.8843804809024819,0.8884355578413128,0.004055076938830893,0.8843804809024819,0.8889661607252679,0.004585679822786015,0.8843804809024819,0.8768528551544401,-0.007527625748041777,0.8843804809024819,0.8840796943325399,-0.00030078656994203534
5.0,1.0,8.0,3.0,2.0,4.0,2.0,3.0,5.0,4.0,3.0,2.0,0.0,0.0,0.0,0.0,0.0,1.0,0.0,0.0,0.0,0.0,0.0,0.0,1.0,0.0,0.0,0.0,0.0,0.0,0.0,1.0,0.0,0.0,0.0,0.0,0.0,0.0,0.0,0.0,0.678579216506779,0.6334366130765898,-0.045142603430189165,0.678579216506779,0.6581285168025174,-0.02045069970426161,0.678579216506779,0.6873001383582361,0.00872092185145712,0.678579216506779,0.6884518927203696,0.009872676213590559,0.678579216506779,0.6627619418084388,-0.015817274698340156,0.678579216506779,0.6779380072186745,-0.0006412092881045162
2.0,1.0,7.0,1.0,4.0,5.0,1.0,3.0,7.0,6.0,3.0,6.0,0.0,0.0,0.0,0.0,0.0,0.0,1.0,0.0,0.0,0.0,0.0,0.0,0.0,0.0,0.0,0.0,1.0,0.0,0.0,0.0,0.0,0.0,0.0,0.0,0.0,0.0,0.0,0.0,0.8244990227371977,0.7936173937569221,-0.030881628980275577,0.8244990227371977,0.8107432065340786,-0.013755816203119053,0.8244990227371977,0.8302511839697903,0.00575216123259259,0.8244990227371977,0.8310058754142061,0.006506852677008457,0.8244990227371977,0.8138931340688573,-0.010605888668340335,0.8244990227371977,0.8240734426254097,-0.00042558011178794874
3.0,3.0,3.0,1.0,1.0,4.0,1.0,4.0,10.0,10.0,3.0,0.0,0.0,1.0,0.0,0.0,0.0,0.0,1.0,0.0,0.0,1.0,0.0,0.0,0.0,0.0,0.0,0.0,0.0,0.0,0.0,1.0,0.0,0.0,0.0,0.0,0.0,0.0,0.0,0.0,0.744590745749397,0.7046845035278146,-0.039906242221582344,0.744590745749397,0.7266481888785199,-0.01794255687087709,,,,,,,0.744590745749397,0.7307329091682746,-0.013857836581122385,0.744590745749397,0.7440315500179379,-0.0005591957314591278
4.0,1.0,7.0,1.0,2.0,5.0,1.0,4.0,5.0,5.0,2.0,5.0,1.0,0.0,0.0,0.0,0.0,0.0,1.0,0.0,0.0,0.0,0.0,0.0,1.0,0.0,0.0,0.0,0.0,0.0,0.0,0.0,0.0,0.0,0.0,1.0,0.0,0.0,0.0,0.0,0.7998027968514245,0.7658098782718638,-0.03399291857956077,0.7998027968514245,0.7846169437203078,-0.015185853131116755,0.7998027968514245,0.8061741086643647,0.00637131181294015,0.7998027968514245,0.8070109628693488,0.007208166017924289,0.7998027968514245,0.7880880505343277,-0.011714746317096791,0.7998027968514245,0.7993319051674895,-0.00047089168393499303
4.0,1.0,6.0,1.0,1.0,3.0,2.0,3.0,6.0,7.0,2.0,9.0,0.0,0.0,0.0,1.0,0.0,0.0,1.0,0.0,0.0,0.0,0.0,0.0,0.0,0.0,0.0,0.0,0.0,0.0,0.0,0.0,0.0,0.0,0.0,0.0,0.0,0.0,0.0,0.0,0.7574901500599681,0.7188383177964225,-0.03865183226354563,0.7574901500599681,0.7401375199106978,-0.017352630149270354,0.7574901500599681,0.7648120895462973,0.007321939486329199,0.7574901500599681,0.7657756414633518,0.008285491403383638,0.7574901500599681,0.7440916569289642,-0.013398493131003941,0.7574901500599681,0.7569499776103195,-0.0005401724496486571
2.0,3.0,6.0,4.0,2.0,5.0,3.0,4.0,6.0,6.0,4.0,7.0,0.0,0.0,1.0,0.0,0.0,0.0,1.0,0.0,0.0,0.0,0.0,0.0,0.0,0.0,0.0,0.0,1.0,0.0,0.0,0.0,0.0,0.0,0.0,0.0,0.0,1.0,0.0,0.0,0.55024370145451,0.5003484415113668,-0.049895259943143144,0.55024370145451,0.5273154337523053,-0.022928267702204685,0.55024370145451,0.5601898396626916,0.009946138208181687,0.55024370145451,0.561511081045023,0.01126737959051305,0.55024370145451,0.5324622892782406,-0.017781412176269384,0.55024370145451,0.5495164345806717,-0.0007272668738382837
3.0,6.0,8.0,1.0,1.0,3.0,2.0,4.0,9.0,8.0,5.0,9.0,0.0,0.0,0.0,0.0,1.0,0.0,0.0,0.0,0.0,0.0,0.0,1.0,0.0,0.0,0.0,0.0,0.0,0.0,0.0,0.0,0.0,0.0,0.0,0.0,0.0,0.0,0.0,0.0,0.7922898024353233,0.7574081326108764,-0.03488166982444696,0.7922898024353233,0.7766931708928377,-0.015596631542485584,0.7922898024353233,0.7988400795432736,0.006550277107950309,0.7922898024353233,0.7997007314334391,0.0074109289981157955,,,,0.7922898024353233,0.791805839183962,-0.0004839632513613523
3.0,1.0,10.0,1.0,1.0,3.0,1.0,5.0,9.0,8.0,5.0,9.0,0.0,0.0,0.0,0.0,0.0,0.0,0.0,0.0,0.0,0.0,0.0,0.0,1.0,0.0,0.0,0.0,0.0,0.0,0.0,0.0,0.0,0.0,0.0,0.0,0.0,0.0,0.0,0.0,0.9166086357884637,0.8999684621695692,-0.016640173618894583,,,,0.9166086357884637,0.9196361005574959,0.003027464769032151,0.9166086357884637,0.9200316696555186,0.003423033867054892,,,,0.9166086357884637,0.916383764332651,-0.00022487145581273627
3.0,1.0,6.0,1.0,2.0,4.0,2.0,4.0,8.0,8.0,4.0,7.0,0.0,1.0,0.0,0.0,0.0,0.0,0.0,0.0,0.0,0.0,0.0,0.0,0.0,0.0,0.0,0.0,0.0,0.0,0.0,0.0,0.0,0.0,0.0,0.0,0.0,0.0,0.0,0.0,0.7387301488277592,0.6982792726635272,-0.04045087616423204,0.7387301488277592,0.7205304114690404,-0.018199737358718826,0.7387301488277592,0.7464288904825606,0.007698741654801333,0.7387301488277592,0.747442886764442,0.008712737936682813,0.7387301488277592,0.7246719116451757,-0.014058237182583477,0.7387301488277592,0.738162633988347,-0.0005675148394121976
4.0,1.0,8.0,1.0,2.0,3.0,2.0,4.0,8.0,9.0,3.0,8.0,0.0,0.0,0.0,0.0,0.0,0.0,1.0,0.0,0.0,0.0,0.0,0.0,1.0,0.0,0.0,0.0,0.0,0.0,0.0,1.0,0.0,0.0,0.0,0.0,0.0,0.0,0.0,0.0,0.8518187827459408,0.8247224535009123,-0.027096329245028472,0.8518187827459408,0.8397882063219987,-0.012030576423942119,0.8518187827459408,0.8568310052206393,0.005012222474698458,0.8518187827459408,0.8574878087962039,0.005669026050263093,0.8518187827459408,0.8425486007663865,-0.009270181979554315,0.8518187827459408,0.8514475152684877,-0.0003712674774530855
6.0,1.0,8.0,1.0,1.0,3.0,1.0,3.0,10.0,9.0,5.0,9.0,1.0,0.0,0.0,0.0,0.0,0.0,0.0,0.0,0.0,0.0,0.0,1.0,0.0,0.0,0.0,0.0,0.0,0.0,0.0,0.0,0.0,0.0,0.0,0.0,0.0,0.0,0.0,0.0,0.864315289863114,0.8390723571872091,-0.02524293267590494,0.864315289863114,0.8531243450643776,-0.01119094479873639,,,,0.864315289863114,0.8695794308216438,0.005264140958529784,,,,0.864315289863114,0.8639703323505092,-0.00034495751260477103
4.0,6.0,4.0,3.0,2.0,4.0,2.0,3.0,9.0,9.0,4.0,9.0,0.0,0.0,0.0,0.0,0.0,0.0,1.0,0.0,0.0,1.0,0.0,0.0,0.0,0.0,0.0,0.0,0.0,0.0,0.0,1.0,0.0,0.0,0.0,0.0,0.0,0.0,0.0,0.0,0.6370013348500221,0.589551342700136,-0.0474499921498861,0.6370013348500221,0.6154045434621686,-0.02159679138785353,0.6370013348500221,0.6462622915206052,0.009260956670583131,0.6370013348500221,0.6474876733650928,0.010486338515070748,0.6370013348500221,0.620282924008058,-0.016718410841964126,0.6370013348500221,0.6363216343586128,-0.0006797004914093074
3.0,3.0,2.0,2.0,1.0,2.0,1.0,4.0,9.0,9.0,3.0,9.0,0.0,0.0,0.0,0.0,0.0,0.0,0.0,0.0,0.0,0.0,0.0,0.0,0.0,0.0,0.0,0.0,1.0,0.0,0.0,0.0,0.0,0.0,0.0,0.0,0.0,0.0,0.0,0.0,0.8297156084335381,0.7995287169803917,-0.030186891453146347,0.8297156084335381,0.8162775598628328,-0.013438048570705297,0.8297156084335381,0.8353309401643488,0.0056153317308107464,0.8297156084335381,0.8360675066080058,0.006351898174467685,0.8297156084335381,0.8193558991861327,-0.010359709247405369,0.8297156084335381,0.829300059276993,-0.00041554915654506974
6.0,1.0,4.0,1.0,2.0,5.0,2.0,3.0,9.0,9.0,5.0,9.0,0.0,0.0,0.0,0.0,1.0,0.0,1.0,0.0,0.0,0.0,0.0,0.0,0.0,0.0,0.0,0.0,0.0,0.0,0.0,0.0,0.0,0.0,0.0,0.0,0.0,0.0,0.0,0.0,0.8183836074658865,0.7867042737726496,-0.03167933369323683,0.8183836074658865,0.8042622567210737,-0.0141213507448128,0.8183836074658865,0.8242934910160141,0.00590988355012767,0.8183836074658865,0.8250690891316558,0.006685481665769322,,,,0.8183836074658865,0.8179464722494919,-0.00043713521639454633
5.0,1.0,1.0,2.0,2.0,5.0,2.0,3.0,10.0,9.0,3.0,9.0,0.0,0.0,0.0,0.0,1.0,0.0,1.0,0.0,0.0,0.0,0.0,0.0,0.0,0.0,0.0,0.0,1.0,0.0,0.0,0.0,0.0,0.0,0.0,1.0,0.0,0.0,0.0,0.0,0.7639397280721882,0.7259439387763814,-0.037995789295806826,0.7639397280721882,0.7468943904540808,-0.017045337618107448,,,,0.7639397280721882,0.7720711702729214,0.008131442200733141,0.7639397280721882,0.7507803328483647,-0.013159395223823589,0.7639397280721882,0.7634094345857637,-0.0005302934864245268
6.0,5.0,2.0,1.0,3.0,5.0,5.0,3.0,0.0,0.0,1.0,6.0,0.0,0.0,1.0,0.0,0.0,0.0,1.0,0.0,0.0,0.0,0.0,0.0,0.0,0.0,0.0,0.0,0.0,0.0,0.0,0.0,0.0,0.0,0.0,0.0,1.0,0.0,0.0,0.0,,,,0.05412963640457684,0.04959451638593811,-0.004535120018638726,0.05412963640457684,0.056229232627765816,0.0020995962231889764,0.05412963640457684,0.05651458774401065,0.0023849513394338107,0.05412963640457684,0.05057750395662125,-0.003552132447955589,0.05412963640457684,0.05397939297749214,-0.00015024342708470223
3.0,3.0,5.0,1.0,1.0,4.0,2.0,3.0,10.0,10.0,4.0,10.0,0.0,0.0,0.0,0.0,0.0,0.0,1.0,0.0,0.0,1.0,0.0,0.0,0.0,0.0,0.0,0.0,0.0,0.0,0.0,0.0,0.0,0.0,0.0,0.0,0.0,0.0,0.0,0.0,0.8703915201984131,0.8460777027961593,-0.0243138174022538,0.8703915201984131,0.8596203322787831,-0.010771187919630054,,,,,,,0.8703915201984131,0.8620951379706026,-0.008296382227810595,,,
7.0,1.0,4.0,1.0,2.0,3.0,2.0,3.0,6.0,7.0,2.0,7.0,0.0,0.0,0.0,0.0,0.0,0.0,1.0,0.0,0.0,0.0,0.0,0.0,0.0,0.0,0.0,0.0,0.0,0.0,0.0,0.0,0.0,0.0,1.0,0.0,0.0,0.0,0.0,0.0,0.77485841303449,0.7380173802399578,-0.036841032794532214,0.77485841303449,0.7583520982635696,-0.01650631477092035,0.77485841303449,0.7818070127262828,0.006948599691792845,0.77485841303449,0.7827207181358679,0.007862305101377864,0.77485841303449,0.7621181565486429,-0.01274025648584709,0.77485841303449,0.7743454024637996,-0.0005130105706904198
6.0,1.0,10.0,1.0,1.0,1.0,3.0,4.0,9.0,7.0,3.0,7.0,0.0,0.0,0.0,0.0,0.0,0.0,0.0,0.0,0.0,0.0,1.0,0.0,0.0,0.0,0.0,0.0,0.0,0.0,0.0,0.0,0.0,0.0,0.0,0.0,0.0,0.0,0.0,0.0,0.8488382057197817,0.8213111819368402,-0.027527023782941584,0.8488382057197817,0.8366120572705436,-0.012226148449238194,0.8488382057197817,0.853933958273566,0.00509575255378425,0.8488382057197817,0.8546017970635919,0.005763591343810104,0.8488382057197817,0.8394167114273186,-0.009421494292463195,0.8488382057197817,0.8484607989494745,-0.000377406770307287
5.0,1.0,6.0,3.0,2.0,4.0,2.0,2.0,5.0,6.0,1.0,7.0,0.0,0.0,0.0,1.0,0.0,0.0,0.0,0.0,0.0,0.0,0.0,0.0,1.0,0.0,0.0,0.0,0.0,0.0,0.0,1.0,0.0,0.0,0.0,0.0,0.0,0.0,0.0,0.0,0.6696480605948822,0.6239462384640019,-0.045701822130880365,0.6696480605948822,0.6489231051566657,-0.020724955438216508,0.6696480605948822,0.6784964958586076,0.008848435263725363,0.6696480605948822,0.679665563272148,0.010017502677265755,0.6696480605948822,0.6536156277935488,-0.016032432801333485,0.6696480605948822,0.6689977252340839,-0.000650335360798393
6.0,1.0,3.0,1.0,3.0,4.0,2.0,4.0,8.0,8.0,4.0,7.0,0.0,0.0,0.0,0.0,0.0,0.0,0.0,0.0,0.0,0.0,0.0,1.0,0.0,0.0,0.0,0.0,0.0,0.0,0.0,0.0,0.0,0.0,0.0,0.0,0.0,0.0,0.0,0.0,0.7496688035674034,0.7102472255287522,-0.039421578038651206,0.7496688035674034,0.7319545603616092,-0.017714243205794178,0.7496688035674034,0.7571511805772513,0.007482377009847885,0.7496688035674034,0.7581361932210589,0.008467389653655455,0.7496688035674034,0.7359887966033285,-0.013680006964074898,0.7496688035674034,0.7491169796971309,-0.0005518238702725276
5.0,1.0,4.0,3.0,2.0,4.0,3.0,2.0,4.0,4.0,1.0,4.0,0.0,0.0,0.0,0.0,1.0,0.0,0.0,0.0,0.0,0.0,0.0,0.0,1.0,0.0,0.0,0.0,0.0,0.0,0.0,0.0,0.0,1.0,0.0,0.0,0.0,0.0,0.0,0.0,0.6659582669623897,0.620035625975615,-0.04592264098677468,0.6659582669623897,0.6451245014577839,-0.020833765504605806,0.6659582669623897,0.6748575464208549,0.008899279458465248,0.6659582669623897,0.6760335279283438,0.010075260965954125,0.6659582669623897,0.649840399676123,-0.01611786728626674,0.6659582669623897,0.6653042983204034,-0.0006539686419863022
3.0,1.0,4.0,1.0,2.0,4.0,2.0,4.0,6.0,6.0,4.0,6.0,0.0,0.0,0.0,0.0,0.0,0.0,0.0,0.0,0.0,0.0,0.0,1.0,0.0,0.0,0.0,0.0,0.0,0.0,0.0,0.0,0.0,0.0,0.0,0.0,0.0,0.0,0.0,0.0,0.8562749711700006,0.8298307127273319,-0.026444258442668733,0.8562749711700006,0.8445401570139032,-0.01173481415609745,0.8562749711700006,0.8611610310101045,0.004886059840103929,0.8562749711700006,0.8618011740675748,0.005526202897574217,0.8562749711700006,0.8472335708141415,-0.009041400355859097,0.8562749711700006,0.8559129800776618,-0.0003619910923388092
5.0,6.0,2.0,2.0,3.0,4.0,3.0,4.0,6.0,8.0,2.0,3.0,0.0,0.0,0.0,0.0,0.0,0.0,0.0,0.0,0.0,0.0,0.0,0.0,0.0,0.0,0.0,0.0,0.0,0.0,0.0,0.0,0.0,0.0,0.0,0.0,1.0,0.0,0.0,0.0,0.23947943828355986,0.20492421357474763,-0.03455522470881223,0.23947943828355986,0.22307767369671422,-0.01640176458684564,0.23947943828355986,0.2468918533154767,0.007412415031916836,0.23947943828355986,0.24789064764054708,0.00841120935698722,0.23947943828355986,0.22667906839843668,-0.012800369885123175,0.23947943828355986,0.23894469637419016,-0.0005347419093696959
4.0,1.0,4.0,1.0,1.0,4.0,3.0,4.0,7.0,7.0,3.0,8.0,0.0,0.0,0.0,0.0,0.0,0.0,1.0,0.0,0.0,0.0,0.0,0.0,0.0,0.0,0.0,0.0,0.0,0.0,0.0,0.0,0.0,0.0,0.0,0.0,0.0,0.0,0.0,0.0,0.860248123241367,0.8343935097219525,-0.025854613519414538,0.860248123241367,0.8487804183712747,-0.011467704870092299,0.860248123241367,0.865020404251651,0.004772281010284041,0.860248123241367,0.8656455291427618,0.005397405901394814,0.860248123241367,0.8514132928750463,-0.008834830366320712,0.860248123241367,0.859894501720502,-0.00035362152086504395
7.0,1.0,3.0,1.0,1.0,3.0,2.0,4.0,8.0,8.0,4.0,8.0,0.0,0.0,0.0,0.0,0.0,0.0,0.0,0.0,0.0,0.0,0.0,0.0,0.0,0.0,0.0,0.0,0.0,0.0,0.0,0.0,0.0,0.0,1.0,0.0,0.0,0.0,0.0,0.0,0.8298233482131495,0.7996509442794812,-0.030172403933668268,0.8298233482131495,0.8163919204808638,-0.013431427732285672,0.8298233482131495,0.8354358317606689,0.00561248354751942,0.8298233482131495,0.8361720210405432,0.006348672827393709,0.8298233482131495,0.8194687674332322,-0.010354580779917355,0.8298233482131495,0.8294080079194829,-0.00041534029366663283
7.0,1.0,9.0,1.0,1.0,5.0,2.0,4.0,9.0,9.0,4.0,8.0,0.0,0.0,0.0,0.0,0.0,0.0,0.0,0.0,0.0,0.0,0.0,1.0,0.0,0.0,0.0,0.0,0.0,0.0,0.0,0.0,0.0,0.0,1.0,0.0,0.0,0.0,0.0,0.0,0.9058384575205086,0.8873133781351581,-0.01852507938535053,0.9058384575205086,0.8976667612610203,-0.008171696259488326,0.9058384575205086,0.9092182006434124,0.003379743122903789,0.9058384575205086,0.9096600115865107,0.003821554066002042,0.9058384575205086,0.8995492108138055,-0.0062892467067031665,0.9058384575205086,0.9055875348696869,-0.0002509226508217166
3.0,1.0,4.0,1.0,3.0,4.0,3.0,2.0,5.0,5.0,1.0,6.0,0.0,0.0,0.0,0.0,0.0,0.0,1.0,0.0,0.0,0.0,0.0,0.0,0.0,0.0,0.0,0.0,1.0,0.0,0.0,0.0,0.0,0.0,0.0,0.0,0.0,0.0,0.0,0.0,0.7644309084248411,0.7264858728153606,-0.03794503560948048,0.7644309084248411,0.74740931087916,-0.01702159754568111,0.7644309084248411,0.7716064746736893,0.007175566248848186,0.7644309084248411,0.7725504686581433,0.008119560233302181,0.7644309084248411,0.7512899801782977,-0.013140928246543337,0.7644309084248411,0.7639013773306933,-0.0005295310941477727
3.0,1.0,2.0,1.0,1.0,5.0,2.0,2.0,1.0,6.0,2.0,6.0,1.0,0.0,0.0,0.0,0.0,0.0,1.0,0.0,0.0,0.0,0.0,1.0,0.0,0.0,0.0,0.0,0.0,0.0,0.0,0.0,0.0,0.0,0.0,0.0,0.0,0.0,0.0,0.0,0.8615874295453477,0.8359333366437055,-0.025654092901642223,0.8615874295453477,0.8502104887157509,-0.011376940829596838,0.8615874295453477,0.8663210826175761,0.004733653072228394,0.8615874295453477,0.8669411103226962,0.005353680777348435,0.8615874295453477,0.8528227817804843,-0.008764647764863409,0.8615874295453477,0.8612366502883106,-0.00035077925703708157
6.0,1.0,5.0,1.0,2.0,3.0,2.0,3.0,7.0,8.0,4.0,8.0,0.0,0.0,0.0,0.0,0.0,0.0,0.0,0.0,0.0,0.0,0.0,1.0,0.0,0.0,0.0,0.0,0.0,0.0,0.0,0.0,0.0,0.0,0.0,0.0,0.0,0.0,0.0,0.0,0.8085304181803562,0.7756036491986597,-0.03292676898169655,0.8085304181803562,0.7938359438329889,-0.014694474347367259,0.8085304181803562,0.8146883275217239,0.006157909341367729,0.8085304181803562,0.8154968342409972,0.0069664160606409675,0.8085304181803562,0.7971968798182854,-0.01133353836207085,0.8085304181803562,0.8080751289307838,-0.00045528924957238814
4.0,1.0,4.0,3.0,1.0,4.0,2.0,3.0,3.0,3.0,2.0,1.0,0.0,0.0,0.0,0.0,0.0,1.0,1.0,0.0,0.0,0.0,0.0,0.0,0.0,1.0,0.0,0.0,0.0,0.0,0.0,0.0,0.0,1.0,0.0,0.0,0.0,0.0,0.0,0.0,0.6313729202130978,0.583668057922804,-0.047704862290293804,0.6313729202130978,0.6096464684725662,-0.02172645174053156,0.6313729202130978,0.640696476118107,0.009323555905009218,0.6313729202130978,0.6419304558769087,0.010557535663810902,0.6313729202130978,0.6145521409442823,-0.016820779268815422,0.6313729202130978,0.6306887908749779,-0.0006841293381198987
4.0,1.0,5.0,1.0,1.0,4.0,1.0,4.0,8.0,8.0,5.0,8.0,0.0,1.0,0.0,0.0,0.0,0.0,0.0,0.0,0.0,0.0,0.0,0.0,0.0,0.0,0.0,0.0,0.0,0.0,0.0,0.0,0.0,0.0,0.0,0.0,0.0,0.0,0.0,0.0,0.7922783813715117,0.7573953808598911,-0.03488300051162063,0.7922783813715117,0.7766811339639625,-0.015597247407549197,0.7922783813715117,0.79882892719889,0.00655054582737824,0.7922783813715117,0.7996896148392244,0.0074112334677126634,,,,0.7922783813715117,0.7917943985022503,-0.0004839828692614345
4.0,1.0,9.0,1.0,2.0,5.0,3.0,4.0,6.0,7.0,4.0,8.0,0.0,0.0,0.0,0.0,0.0,1.0,1.0,0.0,0.0,0.0,0.0,0.0,1.0,0.0,0.0,0.0,0.0,0.0,0.0,0.0,0.0,0.0,0.0,0.0,0.0,0.0,0.0,0.0,0.722824793743554,0.6809748447682005,-0.041849948975353546,0.722824793743554,0.7039611080088127,-0.018863685734741287,0.722824793743554,0.7308214359480184,0.007996642204464388,0.722824793743554,0.731875425280187,0.009050631536632991,0.722824793743554,0.7082487278651289,-0.014576065878425082,0.722824793743554,0.7222357206175866,-0.0005890731259674542
4.0,1.0,2.0,2.0,1.0,3.0,1.0,3.0,3.0,4.0,2.0,4.0,1.0,0.0,0.0,0.0,0.0,0.0,1.0,0.0,0.0,0.0,0.0,1.0,0.0,0.0,0.0,0.0,0.0,0.0,0.0,0.0,0.0,0.0,0.0,0.0,0.0,0.0,0.0,0.0,0.7913323052998763,0.7563392902243515,-0.03499301507552477,0.7913323052998763,0.7756841325228632,-0.015648172777013136,0.7913323052998763,0.7979050755800056,0.006572770280129259,0.7913323052998763,0.7987687201252238,0.007436414825347515,0.7913323052998763,0.7792586988071187,-0.012073606492757571,0.7913323052998763,0.7908467000293874,-0.0004856052704889091
3.0,1.0,3.0,1.0,2.0,3.0,2.0,3.0,9.0,9.0,4.0,9.0,0.0,1.0,0.0,0.0,0.0,0.0,1.0,0.0,0.0,0.0,0.0,0.0,0.0,0.0,0.0,0.0,1.0,0.0,0.0,0.0,0.0,0.0,0.0,0.0,0.0,0.0,0.0,0.0,0.6362058677818001,0.5887190301939351,-0.04748683758786498,0.6362058677818001,0.6145903841082562,-0.021615483673543934,0.6362058677818001,0.6454758239035147,0.009269956121714551,0.6362058677818001,0.6467024407778528,0.010496572996052667,0.6362058677818001,0.6194727061511164,-0.016733161630683724,0.6362058677818001,0.6355255300493495,-0.0006803377324505755
4.0,1.0,3.0,1.0,1.0,5.0,2.0,2.0,7.0,7.0,2.0,9.0,0.0,0.0,0.0,0.0,0.0,0.0,1.0,0.0,0.0,0.0,0.0,0.0,1.0,0.0,0.0,0.0,0.0,0.0,0.0,0.0,0.0,0.0,0.0,0.0,0.0,0.0,0.0,0.0,0.9076242279658057,0.8894075830486062,-0.01821664491719943,0.9076242279658057,0.8995903289958919,-0.0080338989699138,0.9076242279658057,0.9109461757832198,0.003321947817414128,0.9076242279658057,0.9113803967954245,0.0037561688296188223,0.9076242279658057,0.9014412789901664,-0.006182948975639313,0.9076242279658057,0.9073775774710793,-0.0002466504947263859
7.0,1.0,3.0,2.0,1.0,4.0,1.0,3.0,5.0,7.0,4.0,9.0,0.0,0.0,0.0,0.0,0.0,0.0,1.0,0.0,1.0,0.0,0.0,0.0,0.0,0.0,0.0,0.0,0.0,0.0,0.0,0.0,0.0,0.0,0.0,0.0,0.0,0.0,0.0,0.0,0.8556027884649975,0.8290595435887923,-0.026543244876205185,0.8556027884649975,0.843823102169276,-0.011779686295721459,0.8556027884649975,0.860507977122725,0.004905188657727488,0.8556027884649975,0.8611506457242316,0.0055478572592341235,0.8556027884649975,0.846526681662268,-0.009076106802729522,0.8556027884649975,0.8552393906022181,-0.000363397862779391
2.0,3.0,4.0,4.0,2.0,2.0,3.0,2.0,7.0,7.0,4.0,4.0,0.0,0.0,1.0,0.0,0.0,0.0,0.0,0.0,0.0,0.0,0.0,0.0,0.0,0.0,0.0,0.0,1.0,0.0,0.0,0.0,0.0,0.0,0.0,0.0,0.0,1.0,0.0,0.0,0.5106244955925654,0.4606422795016479,-0.04998221609091752,0.5106244955925654,0.48755747246821995,-0.023067023124345443,0.5106244955925654,0.5206835720855177,0.010059076492952346,0.5106244955925654,0.5220222308655742,0.011397735273008802,0.5106244955925654,0.49272077700437505,-0.017903718588190343,0.5106244955925654,0.509890227287662,-0.0007342683049034182
3.0,1.0,3.0,1.0,2.0,4.0,3.0,4.0,9.0,8.0,3.0,8.0,0.0,0.0,0.0,0.0,0.0,0.0,0.0,0.0,0.0,0.0,0.0,0.0,1.0,0.0,0.0,0.0,0.0,0.0,0.0,0.0,0.0,0.0,0.0,0.0,0.0,0.0,0.0,0.0,0.8475332528291566,0.8198190355795937,-0.02771421724956291,0.8475332528291566,0.8352220470201324,-0.012311205809024228,0.8475332528291566,0.8526653605454877,0.005132107716331102,0.8475332528291566,0.8533380033959989,0.005804750566842265,0.8475332528291566,0.8380459425858275,-0.00948731024332905,0.8475332528291566,0.8471531746434541,-0.00038007818570251484
4.0,1.0,8.0,1.0,1.0,4.0,3.0,2.0,9.0,9.0,5.0,10.0,1.0,0.0,0.0,0.0,0.0,0.0,1.0,0.0,0.0,0.0,0.0,0.0,1.0,0.0,0.0,0.0,0.0,0.0,0.0,1.0,0.0,0.0,0.0,0.0,0.0,0.0,0.0,0.0,0.8545405926971636,0.8278413815725952,-0.02669921112456841,0.8545405926971636,0.8426901859594468,-0.011850406737716868,0.8545405926971636,0.8594759380081264,0.004935345310962735,0.8545405926971636,0.8601225885215205,0.005581995824356811,,,,,,
4.0,1.0,3.0,1.0,1.0,5.0,2.0,3.0,6.0,7.0,3.0,8.0,1.0,0.0,0.0,0.0,0.0,0.0,1.0,0.0,0.0,0.0,0.0,1.0,0.0,0.0,0.0,0.0,0.0,0.0,0.0,0.0,0.0,0.0,0.0,0.0,0.0,0.0,0.0,0.0,0.8584579871425531,0.8323367395093645,-0.02612124763318857,0.8584579871425531,0.8468695362429789,-0.011588450899574165,0.8584579871425531,0.8632816828288127,0.004823695686259621,0.8584579871425531,0.8639135933554416,0.005455606212888542,0.8584579871425531,0.8495297829061351,-0.008928204236417936,0.8584579871425531,0.8581005831240163,-0.0003574040185367888
6.0,1.0,8.0,1.0,1.0,4.0,1.0,4.0,9.0,9.0,5.0,9.0,1.0,0.0,0.0,0.0,0.0,0.0,1.0,0.0,0.0,0.0,0.0,0.0,0.0,0.0,0.0,0.0,0.0,0.0,0.0,0.0,0.0,0.0,1.0,0.0,0.0,0.0,0.0,0.0,0.8593531154895592,0.8333649959765338,-0.025988119513025376,0.8593531154895592,0.8478249601041842,-0.011528155385374994,0.8593531154895592,0.8641511329958905,0.0047980175063313535,0.8593531154895592,0.864779654386305,0.005426538896745825,,,,0.8593531154895592,0.8589976004857813,-0.00035551500377783984
3.0,1.0,4.0,1.0,1.0,3.0,1.0,3.0,3.0,4.0,2.0,6.0,0.0,0.0,0.0,0.0,0.0,0.0,1.0,0.0,1.0,0.0,0.0,0.0,0.0,0.0,0.0,0.0,0.0,0.0,0.0,0.0,0.0,0.0,0.0,0.0,0.0,0.0,0.0,0.0,0.9101217418472289,0.8923391894170248,-0.0177825524302041,0.9101217418472289,0.9022816655931521,-0.007840076254076789,0.9101217418472289,0.9133624491501839,0.0032407073029550038,0.9101217418472289,0.9137860035981906,0.0036642617509616837,0.9101217418472289,0.9040882930314569,-0.006033448815772058,0.9101217418472289,0.9098810977812686,-0.00024064406596036036
6.0,1.0,4.0,2.0,3.0,4.0,3.0,3.0,7.0,7.0,2.0,8.0,0.0,0.0,0.0,0.0,0.0,0.0,1.0,0.0,0.0,0.0,1.0,0.0,0.0,0.0,0.0,0.0,0.0,0.0,0.0,0.0,0.0,0.0,0.0,0.0,0.0,0.0,0.0,0.0,0.735890467551495,0.6951813513535169,-0.040709116197978124,0.735890467551495,0.717568547743932,-0.018321919807563036,0.735890467551495,0.7436438476235951,0.007753380072100136,0.735890467551495,0.7446651712180236,0.00877470366652855,0.735890467551495,0.7217369893606866,-0.014153478190808366,0.735890467551495,0.7353189945364178,-0.0005714730150772063
5.0,1.0,9.0,1.0,1.0,4.0,2.0,4.0,8.0,8.0,5.0,8.0,0.0,0.0,0.0,0.0,0.0,0.0,1.0,0.0,0.0,0.0,0.0,0.0,0.0,0.0,0.0,0.0,0.0,0.0,0.0,0.0,0.0,0.0,0.0,0.0,0.0,0.0,0.0,0.0,0.8846424613503033,0.8625799560390901,-0.022062505311213232,0.8846424613503033,0.8748853639738635,-0.009757097376439816,0.8846424613503033,0.8886895064225742,0.004047045072270827,0.8846424613503033,0.8892190521229283,0.0045765907726249555,,,,0.8846424613503033,0.8843422671963168,-0.0003001941539865216
5.0,1.0,2.0,1.0,1.0,5.0,2.0,4.0,8.0,8.0,4.0,8.0,1.0,0.0,0.0,0.0,0.0,0.0,0.0,0.0,0.0,0.0,0.0,0.0,1.0,0.0,0.0,0.0,0.0,0.0,0.0,0.0,0.0,0.0,0.0,0.0,0.0,0.0,0.0,0.0,0.8331972686161077,0.8034813973542346,-0.029715871261873028,0.8331972686161077,0.819974361770949,-0.0132229068451587,0.8331972686161077,0.8387201055416561,0.005522836925548447,0.8331972686161077,0.8394444260112153,0.0062471573951076165,0.8331972686161077,0.8230041906877118,-0.010193077928395855,0.8331972686161077,0.832788503575515,-0.000408765040592618
3.0,1.0,6.0,1.0,2.0,4.0,2.0,3.0,8.0,7.0,2.0,4.0,1.0,0.0,0.0,0.0,0.0,0.0,1.0,0.0,1.0,0.0,0.0,0.0,0.0,0.0,0.0,0.0,0.0,0.0,0.0,0.0,0.0,0.0,0.0,0.0,0.0,0.0,0.0,0.0,0.8766969767418077,0.8533667517298613,-0.02333022501194637,0.8766969767418077,0.8663693552078526,-0.010327621533955056,0.8766969767418077,0.8809852690381086,0.0042882922963009,0.8766969767418077,0.8815465813435561,0.004849604601748436,0.8766969767418077,0.8687433472350702,-0.007953629506737503,0.8766969767418077,0.8763789954626631,-0.00031798127914461904
5.0,1.0,2.0,1.0,1.0,1.0,1.0,3.0,4.0,7.0,3.0,5.0,0.0,0.0,0.0,0.0,0.0,0.0,0.0,0.0,0.0,0.0,0.0,0.0,1.0,0.0,0.0,0.0,0.0,0.0,0.0,0.0,0.0,0.0,0.0,0.0,0.0,0.0,0.0,0.0,0.8187863597168085,0.7871590072784962,-0.03162735243831227,0.8187863597168085,0.8046888508688234,-0.014097508847985107,0.8187863597168085,0.8246859450299768,0.005899585313168365,0.8187863597168085,0.8254601776052596,0.006673817888451117,0.8187863597168085,0.807915671074462,-0.010870688642346416,0.8187863597168085,0.8183499787230518,-0.0004363809937566465
5.0,1.0,9.0,1.0,1.0,5.0,3.0,3.0,7.0,8.0,4.0,7.0,1.0,0.0,0.0,0.0,0.0,0.0,1.0,0.0,0.0,0.0,0.0,0.0,1.0,0.0,0.0,0.0,0.0,0.0,0.0,0.0,0.0,0.0,0.0,1.0,0.0,0.0,0.0,0.0,0.8105963701191393,0.7779272984465739,-0.032669071672565386,0.8105963701191393,0.7960204483395543,-0.014575921779585,0.8105963701191393,0.816702898825767,0.006106528706627645,0.8105963701191393,0.8175045849599705,0.0069082148408311506,0.8105963701191393,0.7993547731638662,-0.011241596955273159,0.8105963701191393,0.8101448398858404,-0.0004515302332989135
6.0,1.0,2.0,1.0,2.0,4.0,1.0,1.0,3.0,7.0,1.0,7.0,0.0,0.0,0.0,0.0,0.0,0.0,1.0,0.0,0.0,0.0,0.0,0.0,0.0,0.0,0.0,0.0,0.0,1.0,0.0,0.0,0.0,0.0,0.0,1.0,0.0,0.0,0.0,0.0,0.815942749225785,0.7839500553839136,-0.03199269384187142,0.815942749225785,0.8016776042722324,-0.014265144953552578,0.815942749225785,0.8219147757335502,0.005972026507765182,0.815942749225785,0.8226986153910669,0.0067558661652818985,0.815942749225785,0.8049421150811814,-0.011000634144603616,0.815942749225785,0.8155010635354093,-0.000441685690375726
2.0,1.0,2.0,3.0,2.0,4.0,2.0,2.0,10.0,10.0,5.0,10.0,1.0,0.0,0.0,0.0,0.0,0.0,1.0,0.0,0.0,0.0,0.0,0.0,0.0,0.0,0.0,0.0,1.0,0.0,0.0,0.0,0.0,0.0,0.0,0.0,0.0,0.0,0.0,0.0,0.7857634027407913,0.7501313798000732,-0.0356320229407181,0.7857634027407913,0.7698190885237973,-0.015944314216993938,,,,,,,,,,,,
5.0,1.0,5.0,1.0,2.0,4.0,3.0,4.0,7.0,8.0,5.0,7.0,0.0,0.0,0.0,0.0,0.0,0.0,1.0,0.0,0.0,0.0,0.0,0.0,0.0,0.0,0.0,1.0,0.0,0.0,0.0,1.0,0.0,0.0,0.0,0.0,0.0,0.0,0.0,0.0,0.6884093416948152,0.6439228891143474,-0.044486452580467795,0.6884093416948152,0.6682783429023528,-0.020130998792462385,0.6884093416948152,0.696982649249462,0.008573307554646803,0.6884093416948152,0.6981144049082686,0.009705063213453435,,,,0.6884093416948152,0.6877787198219852,-0.0006306218728299173
4.0,1.0,4.0,1.0,1.0,3.0,4.0,2.0,7.0,7.0,2.0,8.0,0.0,0.0,0.0,0.0,0.0,0.0,0.0,0.0,0.0,0.0,0.0,0.0,0.0,0.0,0.0,0.0,0.0,0.0,0.0,0.0,0.0,0.0,0.0,0.0,0.0,0.0,0.0,0.0,0.864089750883968,0.8388126837754095,-0.025277067108558482,0.864089750883968,0.8528833704421963,-0.01120638044177169,0.864089750883968,0.8687508620959824,0.004661111212014402,0.864089750883968,0.8693613194797661,0.005271568595798137,0.864089750883968,0.8554569739398383,-0.008632776944129672,0.864089750883968,0.8637443103670115,-0.0003454405169565078
5.0,1.0,3.0,1.0,1.0,4.0,2.0,3.0,7.0,7.0,3.0,8.0,0.0,0.0,0.0,0.0,0.0,0.0,1.0,0.0,0.0,0.0,0.0,1.0,0.0,0.0,0.0,0.0,0.0,0.0,0.0,1.0,0.0,0.0,0.0,0.0,0.0,0.0,0.0,0.0,0.8773400675660162,0.8541112737271007,-0.023228793838915518,0.8773400675660162,0.8670581421557294,-0.01028192541028683,0.8773400675660162,0.8816090144519793,0.004268946885963021,0.8773400675660162,0.8821677784360011,0.0048277108699849025,0.8773400675660162,0.8694217419338629,-0.007918325632153334,0.8773400675660162,0.8770235120945594,-0.0003165554714568142
5.0,3.0,3.0,1.0,2.0,4.0,1.0,4.0,10.0,6.0,5.0,8.0,0.0,0.0,1.0,0.0,0.0,0.0,1.0,0.0,0.0,0.0,0.0,0.0,1.0,0.0,0.0,0.0,0.0,0.0,0.0,1.0,0.0,0.0,0.0,0.0,0.0,0.0,0.0,0.0,0.5460661723660495,0.49613185212557187,-0.049934320240477614,0.5460661723660495,0.5231095138692557,-0.022956658496793736,,,,0.5460661723660495,0.5573540170219594,0.011287844655909929,,,,0.5460661723660495,0.545337732069486,-0.0007284402965634929
3.0,1.0,3.0,2.0,2.0,5.0,2.0,4.0,6.0,6.0,2.0,7.0,0.0,0.0,0.0,0.0,0.0,0.0,1.0,0.0,0.0,0.0,0.0,1.0,0.0,0.0,0.0,0.0,0.0,0.0,0.0,0.0,0.0,0.0,0.0,0.0,0.0,0.0,0.0,0.0,0.8554440140494727,0.8288774203803237,-0.02656659366914893,0.8554440140494727,0.8436537420489036,-0.011790272000569035,0.8554440140494727,0.8603537159830593,0.004909701933586641,0.8554440140494727,0.8609969804918093,0.005552966442336604,0.8554440140494727,0.8463597195256667,-0.009084294523805991,0.8554440140494727,0.8550802842862252,-0.00036372976324750006
7.0,1.0,9.0,1.0,1.0,4.0,3.0,4.0,6.0,8.0,4.0,8.0,0.0,0.0,0.0,0.0,0.0,0.0,0.0,0.0,0.0,0.0,0.0,1.0,0.0,0.0,0.0,0.0,0.0,0.0,0.0,0.0,0.0,0.0,1.0,0.0,0.0,0.0,0.0,0.0,0.8500143104698721,0.8226567130685296,-0.02735759740134247,0.8500143104698721,0.8378651172010363,-0.01214919326883579,0.8500143104698721,0.8550771848383686,0.005062874368496506,0.8500143104698721,0.8557406796296801,0.005726369159808065,0.8500143104698721,0.8406523586908909,-0.009361951778981137,0.8500143104698721,0.8496393199456893,-0.00037499052418277223
6.0,1.0,8.0,1.0,2.0,5.0,1.0,4.0,10.0,10.0,4.0,10.0,0.0,0.0,0.0,0.0,0.0,0.0,1.0,0.0,0.0,0.0,0.0,1.0,0.0,0.0,0.0,0.0,0.0,0.0,0.0,0.0,0.0,0.0,1.0,0.0,0.0,0.0,0.0,0.0,0.8948876174867292,0.8745065727567329,-0.020381044729996245,0.8948876174867292,0.885885288568746,-0.009002328917983138,,,,,,,0.8948876174867292,0.8879574112909633,-0.006930206195765898,,,
4.0,1.0,6.0,1.0,2.0,2.0,1.0,4.0,8.0,7.0,3.0,7.0,0.0,0.0,0.0,0.0,0.0,0.0,0.0,0.0,0.0,0.0,0.0,1.0,0.0,0.0,0.0,0.0,0.0,0.0,0.0,0.0,0.0,0.0,0.0,0.0,0.0,0.0,0.0,0.0,0.8577608700999716,0.8315362176792412,-0.026224652420730354,0.8577608700999716,0.8461255746388102,-0.011635295461161377,0.8577608700999716,0.8626045208951904,0.004843650795218757,0.8577608700999716,0.8632390654287769,0.005478195328805335,0.8577608700999716,0.8487964381373376,-0.008964431962633967,0.8577608700999716,0.8574019982073419,-0.00035887189262973074
3.0,1.0,8.0,1.0,3.0,4.0,2.0,4.0,8.0,7.0,4.0,6.0,0.0,0.0,0.0,0.0,0.0,0.0,1.0,0.0,0.0,0.0,0.0,1.0,0.0,0.0,0.0,0.0,0.0,0.0,0.0,0.0,0.0,0.0,0.0,0.0,0.0,0.0,0.0,0.0,0.8299484364836008,0.7997928599405272,-0.03015557654307366,0.8299484364836008,0.8165246986316812,-0.013423737851919637,0.8299484364836008,0.835557612100339,0.005609175616738127,0.8299484364836008,0.8362933633414771,0.006344926857876243,0.8299484364836008,0.8195998122051945,-0.010348624278406326,0.8299484364836008,0.8295333387701865,-0.000415097713414303
5.0,1.0,4.0,1.0,5.0,5.0,3.0,5.0,10.0,9.0,2.0,9.0,0.0,0.0,1.0,0.0,0.0,0.0,1.0,0.0,0.0,0.0,0.0,0.0,0.0,0.0,0.0,0.0,0.0,0.0,0.0,0.0,0.0,0.0,0.0,0.0,0.0,0.0,0.0,0.0,0.3850323562665249,0.33883192089882835,-0.046200435367696524,,,,,,,0.3850323562665249,0.3958945907686338,0.010862234502108936,0.3850323562665249,0.36821884506265157,-0.01681351120387331,0.3850323562665249,0.3843368514195849,-0.000695504846939976
6.0,1.0,8.0,1.0,1.0,4.0,4.0,3.0,9.0,9.0,5.0,10.0,0.0,1.0,0.0,0.0,0.0,0.0,0.0,0.0,0.0,0.0,0.0,0.0,0.0,1.0,0.0,0.0,0.0,0.0,0.0,0.0,0.0,0.0,0.0,0.0,0.0,0.0,0.0,0.0,0.6666846745641926,0.6208050350240784,-0.0458796395401142,0.6666846745641926,0.6458721228780003,-0.020812551686192227,0.6666846745641926,0.6755740292798615,0.008889354715668984,0.6666846745641926,0.6767486606528244,0.010063986088631793,,,,,,
4.0,1.0,7.0,1.0,1.0,5.0,3.0,4.0,9.0,9.0,5.0,9.0,0.0,0.0,0.0,0.0,0.0,0.0,0.0,0.0,0.0,0.0,0.0,0.0,1.0,0.0,0.0,0.0,0.0,0.0,0.0,0.0,1.0,0.0,0.0,0.0,0.0,0.0,0.0,0.0,0.9462807928013656,0.9351425445196576,-0.011138248281707952,0.9462807928013656,0.9413917539166711,-0.0048890388846944965,0.9462807928013656,0.9482917998730256,0.0020110070716600204,0.9462807928013656,0.9485542097364612,0.00227341693509564,,,,0.9462807928013656,0.9461312323247675,-0.00014956047659808736
6.0,1.0,9.0,1.0,5.0,5.0,3.0,3.0,8.0,8.0,4.0,9.0,1.0,0.0,0.0,0.0,0.0,0.0,1.0,0.0,0.0,0.0,0.0,1.0,0.0,0.0,0.0,0.0,0.0,0.0,0.0,0.0,0.0,0.0,0.0,0.0,0.0,0.0,0.0,0.0,0.5398747235872543,0.48989555007893787,-0.04997917350831643,0.5398747235872543,0.5168819701727637,-0.022992753414490585,0.5398747235872543,0.5498625794064192,0.009987855819164948,0.5398747235872543,0.5511899892004191,0.01131526561316476,0.5398747235872543,0.5220394587715053,-0.01783526481574904,0.5398747235872543,0.5391447328912458,-0.0007299906960085423
2.0,2.0,7.0,1.0,3.0,3.0,2.0,4.0,9.0,8.0,5.0,8.0,0.0,0.0,0.0,1.0,0.0,0.0,1.0,0.0,0.0,0.0,0.0,0.0,0.0,0.0,0.0,0.0,0.0,0.0,0.0,0.0,0.0,0.0,0.0,0.0,0.0,0.0,0.0,0.0,0.6088072486900741,0.5602162335449373,-0.04859101514513675,0.6088072486900741,0.5866215889602812,-0.022185659729792917,0.6088072486900741,0.6183565539183891,0.009549305228314986,0.6088072486900741,0.6196217068053106,0.010814458115236514,,,,0.6088072486900741,0.608107234512845,-0.0007000141772290913
2.0,3.0,3.0,2.0,1.0,2.0,1.0,4.0,4.0,5.0,2.0,6.0,0.0,1.0,0.0,0.0,0.0,0.0,0.0,0.0,1.0,0.0,0.0,0.0,0.0,0.0,0.0,0.0,0.0,0.0,0.0,1.0,0.0,0.0,0.0,0.0,0.0,0.0,0.0,0.0,0.7263388787481221,0.6847881339997834,-0.04155074474833864,0.7263388787481221,0.7076176115255634,-0.018721267222558735,0.7263388787481221,0.734271408835176,0.007932530087053968,0.7263388787481221,0.7353167819854353,0.008977903237313178,0.7263388787481221,0.7118739485592684,-0.014464930188853642,0.7263388787481221,0.7257544404458419,-0.0005844383022801658
4.0,1.0,2.0,1.0,1.0,5.0,2.0,2.0,6.0,6.0,3.0,5.0,1.0,0.0,0.0,0.0,0.0,0.0,0.0,0.0,0.0,0.0,0.0,0.0,0.0,0.0,0.0,0.0,0.0,0.0,0.0,0.0,0.0,0.0,0.0,0.0,0.0,0.0,0.0,0.0,0.8757921071180196,0.8523195119196075,-0.02347259519841205,0.8757921071180196,0.8654003315536084,-0.010391775564411176,0.8757921071180196,0.8801075657388956,0.0043154586208760115,0.8757921071180196,0.8806724568884404,0.004880349770420844,0.8757921071180196,0.8677889115279924,-0.008003195590027157,0.8757921071180196,0.8754721237663039,-0.00031998335171568026
7.0,5.0,8.0,2.0,2.0,4.0,1.0,3.0,4.0,5.0,5.0,5.0,0.0,1.0,0.0,0.0,0.0,0.0,1.0,0.0,0.0,0.0,0.0,0.0,0.0,0.0,0.0,0.0,0.0,0.0,0.0,0.0,0.0,0.0,1.0,0.0,0.0,0.0,0.0,0.0,0.4013343182797059,0.3543047662614187,-0.04702955201828718,0.4013343182797059,0.3793770205105893,-0.02195729776911659,0.4013343182797059,0.41104880275888817,0.009714484479182273,0.4013343182797059,0.41234808009889456,0.011013761819188672,,,,0.4013343182797059,0.4006285500167104,-0.0007057682629955098
4.0,1.0,6.0,1.0,1.0,4.0,2.0,2.0,4.0,6.0,3.0,8.0,0.0,0.0,0.0,1.0,0.0,0.0,0.0,0.0,0.0,0.0,0.0,0.0,1.0,0.0,0.0,0.0,0.0,0.0,0.0,0.0,0.0,0.0,0.0,0.0,0.0,0.0,0.0,0.0,0.7745692260291327,0.7376968911524381,-0.03687233487669461,0.7745692260291327,0.7580483297637812,-0.01652089626535147,0.7745692260291327,0.7815242344449131,0.00695500841578045,0.7745692260291327,0.7824387944886381,0.007869568459505372,0.7745692260291327,0.7618176353377777,-0.012751590691355008,0.7745692260291327,0.7740557486577971,-0.0005134773713355578
6.0,1.0,4.0,1.0,1.0,4.0,1.0,3.0,10.0,9.0,5.0,9.0,1.0,0.0,0.0,0.0,0.0,0.0,1.0,0.0,0.0,0.0,0.0,0.0,0.0,0.0,0.0,0.0,0.0,0.0,0.0,0.0,0.0,0.0,0.0,0.0,0.0,0.0,0.0,0.0,0.8450774983335656,0.8170132705835278,-0.028064227750037807,0.8450774983335656,0.8326071624595974,-0.012470335873968175,,,,0.8450774983335656,0.8509593034721611,0.005881805138595486,,,,0.8450774983335656,0.8446924201051687,-0.00038507822839695116
4.0,1.0,6.0,1.0,1.0,5.0,3.0,1.0,8.0,8.0,4.0,8.0,0.0,0.0,0.0,0.0,0.0,0.0,0.0,0.0,0.0,0.0,0.0,0.0,0.0,0.0,0.0,0.0,0.0,0.0,0.0,0.0,0.0,0.0,0.0,0.0,0.0,0.0,0.0,0.0,0.9241244968753216,0.9088348989983875,-0.015289597876934069,0.9241244968753216,0.917395017476599,-0.006729479398722593,0.9241244968753216,0.9269008639081422,0.0027763670328205814,0.9241244968753216,0.9272635024742905,0.003139005598968847,0.9241244968753216,0.9189473278625842,-0.005177169012737459,0.9241244968753216,0.923918210294409,-0.00020628658091259577
5.0,1.0,7.0,1.0,2.0,5.0,2.0,4.0,8.0,8.0,4.0,5.0,0.0,0.0,0.0,0.0,0.0,0.0,0.0,0.0,0.0,0.0,0.0,0.0,0.0,1.0,0.0,0.0,0.0,0.0,0.0,0.0,0.0,0.0,0.0,0.0,0.0,0.0,0.0,0.0,0.8705958097259002,0.8463135490295917,-0.024282260696308566,0.8705958097259002,0.8598388654643305,-0.0107569442615697,0.8705958097259002,0.8750660532639281,0.004470243538027829,0.8705958097259002,0.8756513421209335,0.005055532395033313,0.8705958097259002,0.8623104356430331,-0.008285374082867114,0.8705958097259002,0.87026442275,-0.00033138697590018307
4.0,5.0,4.0,2.0,2.0,4.0,3.0,3.0,8.0,6.0,4.0,5.0,1.0,0.0,0.0,0.0,0.0,0.0,0.0,0.0,0.0,0.0,0.0,0.0,1.0,0.0,0.0,0.0,0.0,0.0,0.0,1.0,0.0,0.0,0.0,0.0,0.0,0.0,0.0,0.0,0.5955932006857805,0.5465832514489618,-0.04900994923681867,0.5955932006857805,0.5731835208616075,-0.022409679824172968,0.5955932006857805,0.6052559231340922,0.009662722448311678,0.5955932006857805,0.6065368708598582,0.010943670174077713,0.5955932006857805,0.5782304104969622,-0.017362790188818256,0.5955932006857805,0.5948852752206023,-0.0007079254651781719
7.0,2.0,9.0,2.0,3.0,3.0,2.0,4.0,6.0,7.0,3.0,6.0,0.0,0.0,0.0,0.0,0.0,0.0,1.0,0.0,0.0,0.0,0.0,1.0,0.0,0.0,0.0,0.0,0.0,0.0,0.0,0.0,0.0,0.0,0.0,1.0,0.0,0.0,0.0,0.0,0.5958059856332729,0.5468022016784019,-0.04900378395487104,0.5958059856332729,0.5733996514298562,-0.022406334203416756,0.5958059856332729,0.6054669917613545,0.009661006128081628,0.5958059856332729,0.6067476995796873,0.01094171394641441,0.5958059856332729,0.5784458650001312,-0.01736012063314174,0.5958059856332729,0.5950981794271376,-0.0007078062061353085
6.0,1.0,6.0,2.0,2.0,4.0,2.0,3.0,7.0,7.0,3.0,6.0,0.0,1.0,0.0,0.0,0.0,0.0,1.0,0.0,0.0,0.0,0.0,0.0,1.0,0.0,0.0,0.0,0.0,0.0,0.0,0.0,0.0,0.0,0.0,0.0,0.0,0.0,0.0,0.0,0.5763517933683884,0.5268624070908717,-0.049489386277516645,0.5763517933683884,0.5536748921111594,-0.022676901257228987,0.5763517933683884,0.5861548094048367,0.009803016036448287,0.5763517933683884,0.5874554923913362,0.011103699022947833,0.5763517933683884,0.5587748888665093,-0.017576904501879098,0.5763517933683884,0.5756341844688594,-0.0007176088995289875
6.0,2.0,6.0,1.0,3.0,4.0,3.0,4.0,5.0,7.0,3.0,9.0,0.0,0.0,0.0,0.0,0.0,0.0,0.0,0.0,0.0,0.0,0.0,0.0,0.0,0.0,0.0,0.0,0.0,0.0,0.0,0.0,0.0,0.0,0.0,0.0,0.0,0.0,0.0,0.0,0.6825908709401731,0.6377108835247367,-0.04487998741543642,0.6825908709401731,0.6622683799114192,-0.020322491028753942,0.6825908709401731,0.6912524708277762,0.008661599887603066,0.6825908709401731,0.692396182976284,0.009805312036110903,0.6825908709401731,0.6668740971592373,-0.015716773780935833,0.6825908709401731,0.681953913659256,-0.000636957280917172
4.0,2.0,7.0,2.0,2.0,5.0,2.0,2.0,5.0,5.0,3.0,8.0,1.0,0.0,0.0,0.0,0.0,0.0,1.0,0.0,0.0,1.0,0.0,0.0,0.0,0.0,0.0,0.0,0.0,0.0,0.0,1.0,0.0,0.0,0.0,0.0,0.0,0.0,0.0,0.0,0.7487761608365787,0.7092685268982869,-0.03950763393829182,0.7487761608365787,0.7310214151945426,-0.017754745642036163,0.7487761608365787,0.7562765446427886,0.007500383806209876,0.7487761608365787,0.7572639675486867,0.008487806712108026,0.7487761608365787,0.7350646123584076,-0.013711548478171132,0.7487761608365787,0.7482230301072704,-0.0005531307293082932
3.0,1.0,7.0,1.0,4.0,5.0,1.0,4.0,8.0,8.0,4.0,5.0,0.0,1.0,0.0,0.0,0.0,0.0,0.0,0.0,0.0,0.0,0.0,1.0,0.0,0.0,0.0,0.0,0.0,0.0,0.0,0.0,0.0,0.0,0.0,0.0,0.0,0.0,0.0,0.0,0.6720995461001963,0.6265477332941564,-0.045551812806039926,0.6720995461001963,0.6514483360543996,-0.02065121004579673,0.6720995461001963,0.680913606834823,0.00881406073462676,0.6720995461001963,0.6820780033777741,0.009978457277577846,0.6720995461001963,0.656124992221633,-0.01597455387856328,0.6720995461001963,0.6714516689811875,-0.0006478771190088217
7.0,3.0,4.0,2.0,1.0,4.0,2.0,4.0,8.0,8.0,4.0,7.0,0.0,0.0,0.0,0.0,0.0,0.0,0.0,0.0,0.0,0.0,0.0,1.0,0.0,0.0,0.0,0.0,0.0,0.0,0.0,0.0,0.0,0.0,1.0,0.0,0.0,0.0,0.0,0.0,0.7915782444189905,0.756613787666243,-0.03496445675274751,0.7915782444189905,0.7759432928529217,-0.015634951566068755,0.7915782444189905,0.7981452439894838,0.006566999570493337,0.7915782444189905,0.7990081207216995,0.007429876302708971,0.7915782444189905,0.7795149031967362,-0.012063341222254276,0.7915782444189905,0.791093060395842,-0.000485184023148455
6.0,3.0,7.0,2.0,3.0,4.0,2.0,4.0,10.0,10.0,5.0,10.0,0.0,0.0,0.0,0.0,0.0,0.0,0.0,0.0,0.0,0.0,0.0,1.0,0.0,0.0,0.0,0.0,0.0,0.0,0.0,0.0,0.0,0.0,0.0,0.0,0.0,0.0,0.0,0.0,0.7128915111136119,0.6702260151290501,-0.04266549598456182,0.7128915111136119,0.6936383244736833,-0.019253186639928588,,,,,,,,,,,,
2.0,2.0,2.0,3.0,2.0,4.0,2.0,4.0,7.0,7.0,4.0,6.0,0.0,0.0,1.0,0.0,0.0,0.0,0.0,0.0,0.0,0.0,0.0,0.0,0.0,0.0,0.0,0.0,1.0,0.0,0.0,0.0,0.0,1.0,0.0,0.0,0.0,0.0,0.0,0.0,0.48152750865645344,0.4318799143342295,-0.04964759432222393,0.48152750865645344,0.4585432988701638,-0.022984209786289622,0.48152750865645344,0.4915891779901356,0.010061669333682133,0.48152750865645344,0.49292996125621247,0.011402452599759028,0.48152750865645344,0.46367736345439026,-0.017850145202063183,0.48152750865645344,0.4807939740602553,-0.0007335345961981266
4.0,1.0,7.0,1.0,2.0,4.0,2.0,3.0,9.0,8.0,4.0,10.0,0.0,0.0,0.0,1.0,0.0,0.0,1.0,0.0,0.0,0.0,0.0,1.0,0.0,0.0,0.0,0.0,0.0,0.0,0.0,0.0,1.0,0.0,0.0,0.0,0.0,0.0,0.0,0.0,0.8443722794034733,0.8162080850185203,-0.02816419438495299,0.8443722794034733,0.8318564722283281,-0.01251580717514511,0.8443722794034733,0.849591904736422,0.00521962533294873,0.8443722794034733,0.8502761152914773,0.005903835888004028,0.8443722794034733,0.8347266323458983,-0.00964564705757498,,,
3.0,1.0,8.0,1.0,1.0,3.0,1.0,4.0,6.0,7.0,3.0,6.0,1.0,0.0,0.0,0.0,0.0,0.0,1.0,0.0,1.0,0.0,0.0,0.0,0.0,0.0,0.0,0.0,0.0,0.0,0.0,0.0,0.0,0.0,0.0,0.0,0.0,0.0,0.0,0.0,0.9007881326810876,0.8813995557083611,-0.019388576972726446,0.9007881326810876,0.8922302939998372,-0.008557838681250374,0.9007881326810876,0.9043300023084097,0.0035418696273220585,0.9007881326810876,0.904793111741806,0.004004979060718394,0.9007881326810876,0.8942009623029196,-0.006587170378168028,0.9007881326810876,0.9005252297818586,-0.00026290289922903387
4.0,1.0,10.0,1.0,4.0,5.0,3.0,3.0,1.0,3.0,1.0,3.0,0.0,0.0,0.0,0.0,0.0,0.0,1.0,0.0,0.0,0.0,0.0,1.0,0.0,0.0,0.0,0.0,0.0,0.0,0.0,0.0,0.0,0.0,0.0,0.0,0.0,0.0,0.0,0.0,0.7258616205494549,0.684269911263323,-0.04159170928613187,0.7258616205494549,0.7071208690173442,-0.018740751532110744,0.7258616205494549,0.7338029146777644,0.007941294128309462,0.7258616205494549,0.7348494653401152,0.008987844790660282,0.7258616205494549,0.7113814878925029,-0.014480132656952027,0.7258616205494549,0.7252765485110788,-0.0005850720383760999
5.0,1.0,3.0,1.0,3.0,5.0,2.0,3.0,6.0,6.0,4.0,6.0,0.0,0.0,0.0,0.0,0.0,0.0,0.0,0.0,0.0,0.0,0.0,0.0,0.0,0.0,0.0,0.0,0.0,0.0,0.0,0.0,0.0,0.0,0.0,0.0,0.0,0.0,0.0,0.0,0.7912201645562374,0.7562141372533404,-0.035006027302897036,0.7912201645562374,0.7755659673197923,-0.015654197236445122,0.7912201645562374,0.7977955645432317,0.006575399986994301,0.7912201645562374,0.798659558988331,0.007439394432093516,0.7912201645562374,0.7791418804715438,-0.012078284084693691,0.7912201645562374,0.7907343673280902,-0.00048579722814723336
4.0,1.0,4.0,2.0,1.0,3.0,2.0,4.0,6.0,7.0,3.0,7.0,1.0,0.0,0.0,0.0,0.0,0.0,0.0,0.0,1.0,0.0,0.0,0.0,0.0,0.0,0.0,0.0,0.0,0.0,0.0,1.0,0.0,0.0,0.0,0.0,0.0,0.0,0.0,0.0,0.8506736700913293,0.8234113553570305,-0.027262314734298854,0.8506736700913293,0.8385677430895767,-0.012105927001752614,0.8506736700913293,0.8557180652465194,0.005044395155190062,0.8506736700913293,0.8563791187405675,0.005705448649238165,0.8506736700913293,0.8413451930069389,-0.00932847708439044,0.8506736700913293,0.8503000377542564,-0.00037363233707288224
2.0,1.0,2.0,2.0,2.0,5.0,3.0,3.0,8.0,7.0,2.0,8.0,0.0,0.0,0.0,0.0,0.0,0.0,1.0,0.0,0.0,0.0,0.0,0.0,0.0,0.0,0.0,0.0,0.0,1.0,0.0,0.0,1.0,0.0,0.0,0.0,0.0,0.0,0.0,0.0,0.9268352266085701,0.9120398732646081,-0.014795353343961981,0.9268352266085701,0.9203254368243086,-0.006509789784261533,0.9268352266085701,0.9295199698916882,0.002684743283118074,0.9268352266085701,0.9298705983606236,0.003035371752053484,0.9268352266085701,0.9218273713150739,-0.005007855293496233,0.9268352266085701,0.9266357247535456,-0.00019950185502448647
4.0,1.0,7.0,2.0,2.0,5.0,2.0,3.0,6.0,6.0,4.0,5.0,1.0,0.0,0.0,0.0,0.0,0.0,1.0,0.0,0.0,0.0,0.0,1.0,0.0,0.0,0.0,0.0,0.0,0.0,0.0,0.0,0.0,0.0,0.0,0.0,0.0,0.0,0.0,0.0,0.7992552864292198,0.7651966946800521,-0.0340585917491677,0.7992552864292198,0.7840391163185568,-0.015216170110663008,0.7992552864292198,0.8056397885001856,0.006384502070965747,0.7992552864292198,0.8064783958788574,0.007223109449637555,0.7992552864292198,0.7875170135210123,-0.011738272908207503,0.7992552864292198,0.7987834309180203,-0.00047185551119954816
7.0,3.0,6.0,1.0,1.0,3.0,1.0,4.0,10.0,9.0,2.0,0.0,0.0,0.0,0.0,0.0,0.0,0.0,1.0,0.0,0.0,0.0,0.0,0.0,0.0,0.0,0.0,0.0,0.0,0.0,0.0,0.0,0.0,0.0,0.0,0.0,0.0,0.0,0.0,0.0,0.8422041087866822,0.8137340943475404,-0.028470014439141766,0.8422041087866822,0.8295491332065065,-0.012654975580175698,,,,0.8422041087866822,0.8481754062517928,0.005971297465110603,0.8422041087866822,0.8324507460255404,-0.009753362761141804,0.8422041087866822,0.8418132253195467,-0.00039088346713544997
5.0,2.0,7.0,2.0,2.0,5.0,2.0,2.0,8.0,8.0,4.0,8.0,0.0,0.0,0.0,0.0,0.0,0.0,0.0,0.0,0.0,0.0,0.0,0.0,1.0,0.0,0.0,0.0,0.0,0.0,0.0,0.0,0.0,0.0,0.0,0.0,0.0,0.0,0.0,0.0,0.8509458019074942,0.8237228746356122,-0.027222927271882025,0.8509458019074942,0.8388577575630527,-0.01208804434444155,0.8509458019074942,0.8559825605121433,0.005036758604649028,0.8509458019074942,0.8566426051906043,0.0056968032831100635,0.8509458019074942,0.8416311601061567,-0.009314641801337564,0.8509458019074942,0.8505727308704181,-0.00037307103707617806
4.0,1.0,7.0,1.0,1.0,3.0,2.0,4.0,8.0,9.0,5.0,9.0,1.0,0.0,0.0,0.0,0.0,0.0,0.0,0.0,0.0,0.0,0.0,1.0,0.0,0.0,0.0,0.0,0.0,0.0,0.0,0.0,0.0,0.0,0.0,0.0,0.0,0.0,0.0,0.0,0.8494132315157297,0.8219689595084989,-0.027444272007230763,0.8494132315157297,0.8372246732076765,-0.01218855830805321,0.8494132315157297,0.854492922479331,0.00507969096360128,0.8494132315157297,0.8551586390755378,0.0057454075598081245,,,,0.8494132315157297,0.8490370050873374,-0.00037622642839230114
4.0,1.0,6.0,1.0,3.0,2.0,3.0,3.0,2.0,2.0,1.0,3.0,0.0,1.0,0.0,0.0,0.0,0.0,1.0,0.0,1.0,0.0,0.0,0.0,0.0,0.0,0.0,0.0,0.0,0.0,0.0,0.0,0.0,0.0,0.0,0.0,0.0,0.0,0.0,0.0,0.4758574794516467,0.4263137988724028,-0.04954368057924391,0.4758574794516467,0.45290749440056083,-0.022949985051085864,0.4758574794516467,0.48591170826417024,0.010054228812523547,0.4758574794516467,0.48725184707771835,0.011394367626071655,0.4758574794516467,0.4580318366925688,-0.017825642759077887,0.4758574794516467,0.47512466700372785,-0.0007328124479188403
3.0,1.0,8.0,1.0,2.0,4.0,3.0,3.0,9.0,8.0,4.0,8.0,0.0,0.0,0.0,0.0,0.0,0.0,1.0,0.0,0.0,0.0,0.0,1.0,0.0,0.0,0.0,0.0,0.0,0.0,0.0,0.0,0.0,0.0,0.0,0.0,0.0,0.0,0.0,0.0,0.8726117803510098,0.848642041903103,-0.02396973844790684,0.8726117803510098,0.8619958526693656,-0.01061592768164421,0.8726117803510098,0.8770222198883303,0.004410439537320454,0.8726117803510098,0.8775996263735036,0.004987846022493803,0.8726117803510098,0.8644353838531067,-0.008176396497903138,0.8726117803510098,0.8722847986574225,-0.0003269816935873582
3.0,1.0,2.0,1.0,2.0,4.0,1.0,3.0,8.0,8.0,3.0,7.0,1.0,0.0,0.0,0.0,0.0,0.0,1.0,0.0,0.0,0.0,0.0,1.0,0.0,0.0,0.0,0.0,0.0,0.0,0.0,0.0,0.0,0.0,0.0,0.0,0.0,0.0,0.0,0.0,0.8462973002330841,0.8184065574520871,-0.027890742780997013,0.8462973002330841,0.8339058531940965,-0.012391447038987646,0.8462973002330841,0.8514637195509912,0.005166419317907067,0.8462973002330841,0.8521408970698859,0.005843596836801801,0.8462973002330841,0.8367478962794489,-0.009549403953635238,0.8462973002330841,0.8459147011408241,-0.0003825990922600164
2.0,3.0,3.0,2.0,2.0,5.0,2.0,3.0,10.0,7.0,4.0,7.0,1.0,0.0,0.0,0.0,0.0,0.0,0.0,0.0,0.0,0.0,0.0,0.0,0.0,0.0,0.0,0.0,1.0,0.0,0.0,1.0,0.0,0.0,0.0,0.0,0.0,0.0,0.0,0.0,0.7927630406933212,0.7579365629316318,-0.034826477761689345,0.7927630406933212,0.7771919507795735,-0.015571089913747671,,,,0.7927630406933212,0.8001613437677939,0.007398303074472756,0.7927630406933212,0.7807492808985329,-0.012013759794788248,0.7927630406933212,0.792279890996445,-0.0004831496968761284
7.0,1.0,7.0,1.0,2.0,3.0,3.0,1.0,8.0,8.0,5.0,9.0,0.0,0.0,0.0,0.0,0.0,0.0,0.0,0.0,0.0,0.0,0.0,0.0,0.0,0.0,0.0,0.0,0.0,0.0,0.0,0.0,0.0,0.0,1.0,0.0,0.0,0.0,0.0,0.0,0.8021176761421542,0.7684040005684214,-0.03371367557373284,0.8021176761421542,0.7870606668609187,-0.015057009281235545,0.8021176761421542,0.808432962133416,0.006315285991261743,0.8021176761421542,0.8092623710682375,0.007144694926083273,,,,0.8021176761421542,0.8016508790501815,-0.000466797091972726
7.0,2.0,4.0,4.0,2.0,2.0,2.0,3.0,10.0,10.0,1.0,6.0,0.0,0.0,1.0,0.0,0.0,0.0,0.0,0.0,0.0,1.0,0.0,0.0,0.0,0.0,0.0,0.0,0.0,0.0,0.0,0.0,0.0,0.0,1.0,0.0,0.0,0.0,0.0,0.0,0.44402113337011606,0.3952922891400114,-0.04872884423010465,0.44402113337011606,0.4213722041373931,-0.022648929232722936,,,,,,,0.44402113337011606,0.42641784533410093,-0.01760328803601513,0.44402113337011606,0.4432958831842606,-0.0007252501858554528
6.0,1.0,7.0,1.0,3.0,3.0,2.0,4.0,5.0,6.0,3.0,6.0,0.0,0.0,0.0,0.0,0.0,0.0,0.0,0.0,0.0,0.0,0.0,1.0,0.0,0.0,0.0,0.0,0.0,0.0,0.0,1.0,0.0,0.0,0.0,0.0,0.0,0.0,0.0,0.0,0.7367725282629062,0.6961432318441722,-0.04062929641873403,0.7367725282629062,0.7184883909229511,-0.018284137339955042,0.7367725282629062,0.7445090041273384,0.007736475864432268,0.7367725282629062,0.7455280604122205,0.008755532149314349,0.7367725282629062,0.7226485038262188,-0.014124024436687366,0.7367725282629062,0.7362022796505352,-0.0005702486123709827
3.0,1.0,5.0,1.0,1.0,4.0,2.0,3.0,7.0,7.0,3.0,7.0,0.0,0.0,0.0,1.0,0.0,0.0,0.0,0.0,0.0,0.0,0.0,0.0,0.0,0.0,0.0,0.0,0.0,0.0,0.0,0.0,0.0,0.0,0.0,0.0,0.0,0.0,0.0,0.0,0.8202347132736079,0.7887949381618642,-0.03143977511174367,0.8202347132736079,0.8062232130796633,-0.014011500193944593,0.8202347132736079,0.8260971608125869,0.005862447538979021,0.8202347132736079,0.8268664694915983,0.006631756217990392,0.8202347132736079,0.8094306868677617,-0.010804026405846212,0.8202347132736079,0.8198010524701465,-0.0004336608034614109
7.0,3.0,5.0,1.0,2.0,3.0,1.0,4.0,9.0,9.0,3.0,8.0,0.0,0.0,0.0,0.0,0.0,0.0,0.0,0.0,0.0,0.0,0.0,1.0,0.0,0.0,0.0,0.0,0.0,0.0,0.0,0.0,0.0,0.0,0.0,0.0,0.0,0.0,0.0,1.0,0.7703472950405149,0.7330224245128383,-0.037324870527676635,0.7703472950405149,0.7536154111134414,-0.016731883927073476,0.7703472950405149,0.7773951244852844,0.007047829444769449,0.7703472950405149,0.7783220665565473,0.00797477151603243,0.7703472950405149,0.7574316776959147,-0.012915617344600228,0.7703472950405149,0.7698270587982708,-0.0005202362422440654
4.0,1.0,7.0,1.0,2.0,4.0,3.0,4.0,8.0,9.0,4.0,10.0,0.0,0.0,0.0,0.0,0.0,0.0,1.0,0.0,0.0,0.0,0.0,0.0,1.0,0.0,0.0,0.0,0.0,0.0,0.0,0.0,0.0,0.0,0.0,0.0,0.0,0.0,0.0,0.0,0.8229239681911656,0.791835161814317,-0.031088806376848632,0.8229239681911656,0.8090732864517199,-0.013850681739445703,0.8229239681911656,0.8287170285295614,0.005793060338395772,0.8229239681911656,0.8294771398289235,0.006553171637757815,0.8229239681911656,0.8122445710225465,-0.010679397168619098,,,
3.0,2.0,4.0,1.0,2.0,2.0,2.0,3.0,5.0,6.0,3.0,5.0,0.0,0.0,0.0,0.0,1.0,0.0,1.0,0.0,0.0,0.0,0.0,0.0,0.0,0.0,0.0,0.0,0.0,0.0,0.0,0.0,0.0,0.0,0.0,0.0,0.0,0.0,0.0,0.0,0.7601244393727322,0.7217382325785948,-0.0383862067941374,0.7601244393727322,0.7428963260292046,-0.017228113343527585,0.7601244393727322,0.7673912670801245,0.007266827707392287,0.7601244393727322,0.7683474527921017,0.008223013419369485,0.7601244393727322,0.7468228438847622,-0.013301595487970053,0.7601244393727322,0.7595882723235348,-0.0005361670491974557
5.0,1.0,7.0,1.0,1.0,5.0,1.0,4.0,8.0,8.0,3.0,10.0,1.0,0.0,0.0,0.0,0.0,0.0,1.0,0.0,0.0,0.0,0.0,0.0,0.0,0.0,0.0,0.0,0.0,0.0,0.0,0.0,0.0,0.0,0.0,0.0,0.0,0.0,0.0,1.0,0.8817992600714128,0.8592794812537995,-0.022519778817613356,0.8817992600714128,0.871836520917355,-0.009962739154057876,0.8817992600714128,0.8859331906162177,0.00413393054480482,0.8817992600714128,0.8864741740422759,0.004674913970863059,0.8817992600714128,0.8741274981371427,-0.007671761934270105,,,
3.0,1.0,8.0,1.0,1.0,3.0,1.0,3.0,6.0,7.0,3.0,8.0,0.0,0.0,0.0,0.0,0.0,0.0,1.0,0.0,1.0,0.0,0.0,0.0,0.0,0.0,0.0,0.0,0.0,0.0,0.0,0.0,0.0,0.0,0.0,0.0,0.0,0.0,0.0,0.0,0.9355641066987536,0.9223860891254345,-0.013178017573319045,0.9355641066987536,0.9297721157028985,-0.005791990995855034,0.9355641066987536,0.9379499919127777,0.0023858852140241638,0.9355641066987536,0.9382614677071184,0.002697361008364818,0.9355641066987536,0.9311093021022095,-0.004454804596544015,0.9355641066987536,0.9353867470039365,-0.0001773596948170253
4.0,1.0,10.0,1.0,1.0,5.0,1.0,4.0,9.0,7.0,2.0,4.0,1.0,0.0,0.0,0.0,0.0,0.0,1.0,0.0,0.0,0.0,0.0,1.0,0.0,0.0,0.0,0.0,0.0,0.0,0.0,0.0,0.0,0.0,0.0,0.0,0.0,0.0,0.0,0.0,0.919079215575161,0.9028797942085849,-0.01619942136657615,0.919079215575161,0.9119449020504586,-0.007134313524702396,0.919079215575161,0.9220246177885925,0.002945402213431425,0.919079215575161,0.9224094220041154,0.0033302064289543187,0.919079215575161,0.913589983989677,-0.005489231585484089,0.919079215575161,0.9188604164940104,-0.0002187990811506335
6.0,3.0,9.0,1.0,3.0,3.0,3.0,5.0,8.0,10.0,4.0,9.0,0.0,0.0,0.0,0.0,0.0,0.0,0.0,0.0,0.0,0.0,0.0,0.0,0.0,1.0,0.0,0.0,0.0,0.0,0.0,0.0,0.0,0.0,0.0,0.0,0.0,0.0,0.0,0.0,0.6479461404274862,0.6010307549010705,-0.04691538552641572,,,,0.6479461404274862,0.6570781880746812,0.009132047647194996,,,,0.6479461404274862,0.6314401554114053,-0.016505985016080915,0.6479461404274862,0.6472755857395938,-0.0006705546878924551
6.0,1.0,9.0,1.0,3.0,4.0,1.0,4.0,9.0,8.0,5.0,7.0,0.0,0.0,0.0,0.0,0.0,0.0,0.0,0.0,0.0,0.0,0.0,1.0,0.0,0.0,0.0,0.0,0.0,0.0,0.0,0.0,0.0,0.0,1.0,0.0,0.0,0.0,0.0,0.0,0.8322695881427608,0.802427639611108,-0.029841948531652784,0.8322695881427608,0.8189891179440333,-0.013280470198727468,0.8322695881427608,0.8378171617533562,0.005547573610595435,0.8322695881427608,0.8385447567812617,0.006275168638500972,,,,0.8322695881427608,0.8318590085077834,-0.0004105796349773705
3.0,1.0,3.0,1.0,3.0,4.0,2.0,4.0,7.0,7.0,3.0,4.0,0.0,0.0,0.0,0.0,0.0,0.0,0.0,0.0,0.0,0.0,0.0,0.0,0.0,0.0,0.0,0.0,0.0,0.0,0.0,0.0,0.0,0.0,0.0,0.0,0.0,0.0,0.0,0.0,0.8231093161918505,0.7920448276854755,-0.031064488506375,0.8231093161918505,0.8092697720046549,-0.013839544187195574,0.8231093161918505,0.8288975736122218,0.005788257420371368,0.8231093161918505,0.8296570483870845,0.0065477321952340795,0.8231093161918505,0.812438549538834,-0.010670766653016472,0.8231093161918505,0.8226810908715793,-0.00042822532027120275
4.0,1.0,3.0,1.0,1.0,5.0,3.0,3.0,5.0,5.0,3.0,4.0,0.0,1.0,0.0,0.0,0.0,0.0,0.0,0.0,0.0,0.0,0.0,0.0,0.0,0.0,0.0,0.0,0.0,0.0,0.0,0.0,0.0,0.0,0.0,0.0,0.0,0.0,0.0,0.0,0.7310723981050875,0.6899335499722528,-0.04113884813283475,0.7310723981050875,0.7125467982555725,-0.018525599849514962,0.7310723981050875,0.7389170390151021,0.007844640910014578,0.7310723981050875,0.7399506088832642,0.008878210778176743,0.7310723981050875,0.7167601010623925,-0.014312297042694988,0.7310723981050875,0.7304943179135776,-0.0005780801915099554
3.0,1.0,6.0,1.0,2.0,3.0,2.0,3.0,5.0,5.0,3.0,5.0,0.0,1.0,0.0,0.0,0.0,0.0,1.0,0.0,0.0,0.0,0.0,1.0,0.0,0.0,0.0,0.0,0.0,0.0,0.0,1.0,0.0,0.0,0.0,0.0,0.0,0.0,0.0,0.0,0.6684263393614416,0.6226507422339647,-0.04577559712747692,0.6684263393614416,0.6476650652237594,-0.02076127413768214,0.6684263393614416,0.6772917285102007,0.008865389148759117,0.6684263393614416,0.678463100698485,0.010036761337043454,0.6684263393614416,0.6523653949270282,-0.016060944434413416,0.6684263393614416,0.6677747921181626,-0.0006515472432789826
6.0,1.0,1.0,2.0,1.0,3.0,2.0,3.0,8.0,8.0,4.0,7.0,0.0,0.0,0.0,0.0,0.0,0.0,1.0,0.0,0.0,0.0,0.0,1.0,0.0,0.0,0.0,0.0,0.0,0.0,0.0,1.0,0.0,0.0,0.0,0.0,0.0,0.0,0.0,0.0,0.8112842134299969,0.7787013935544876,-0.03258281987550926,0.8112842134299969,0.7967479530075778,-0.014536260422419067,0.8112842134299969,0.8173735618732076,0.00608934844321074,0.8112842134299969,0.8181729677815073,0.006888754351510373,0.8112842134299969,0.8000733725544745,-0.011210840875522377,0.8112842134299969,0.8108339403140841,-0.0004502731159128359
6.0,1.0,6.0,1.0,1.0,5.0,2.0,3.0,9.0,9.0,5.0,10.0,1.0,0.0,0.0,0.0,0.0,0.0,1.0,0.0,0.0,0.0,0.0,1.0,0.0,0.0,0.0,0.0,0.0,0.0,0.0,0.0,0.0,0.0,0.0,0.0,0.0,0.0,0.0,0.0,0.8460667677926385,0.8181431819404531,-0.02792358585218535,0.8460667677926385,0.8336603882884823,-0.012406379504156129,0.8460667677926385,0.8512395739267552,0.0051728061341167475,0.8460667677926385,0.8519175956059661,0.005850827813327686,,,,,,
5.0,1.0,3.0,1.0,3.0,5.0,3.0,1.0,7.0,7.0,2.0,7.0,0.0,0.0,0.0,0.0,0.0,0.0,1.0,0.0,0.0,0.0,0.0,0.0,0.0,1.0,0.0,0.0,0.0,0.0,0.0,1.0,0.0,0.0,0.0,0.0,0.0,0.0,0.0,0.0,0.8022988385970405,0.7686071242177098,-0.03369171437933072,0.8022988385970405,0.7872519579195859,-0.015046880677454633,0.8022988385970405,0.8086097224515004,0.006310883854459881,0.8022988385970405,0.8094385464792709,0.007139707882230395,0.8022988385970405,0.7906919273016891,-0.011606911295351408,0.8022988385970405,0.8018323632800419,-0.0004664753169986158
5.0,1.0,2.0,1.0,2.0,3.0,3.0,3.0,5.0,6.0,2.0,6.0,1.0,0.0,0.0,0.0,0.0,0.0,1.0,0.0,0.0,0.0,0.0,0.0,0.0,0.0,0.0,0.0,0.0,0.0,0.0,0.0,0.0,0.0,0.0,0.0,0.0,0.0,0.0,0.0,0.6704548485333015,0.6248021037674649,-0.045652744765836584,0.6704548485333015,0.6497540347638546,-0.02070081376944688,0.6704548485333015,0.6792920234115016,0.008837174878200127,0.6704548485333015,0.680459560432832,0.01000471189953045,0.6704548485333015,0.6544413653390998,-0.016013483194201705,0.6704548485333015,0.6698053182791742,-0.000649530254127284
7.0,2.0,9.0,2.0,2.0,4.0,2.0,4.0,5.0,5.0,3.0,5.0,0.0,0.0,0.0,0.0,0.0,0.0,1.0,0.0,0.0,0.0,0.0,1.0,0.0,0.0,0.0,0.0,0.0,0.0,0.0,1.0,0.0,0.0,0.0,0.0,0.0,0.0,0.0,0.0,0.7362601751226583,0.6955844713761251,-0.040675703746533176,0.7362601751226583,0.7179540728639386,-0.018306102258719648,0.7362601751226583,0.7440064773643931,0.0077463022417347815,0.7362601751226583,0.7450268515913439,0.008766676468685564,0.7362601751226583,0.72211902794477,-0.01414114717788828,0.7362601751226583,0.7356892147468895,-0.0005709603757687587
4.0,1.0,5.0,1.0,1.0,5.0,3.0,4.0,6.0,6.0,3.0,6.0,1.0,0.0,0.0,0.0,0.0,0.0,0.0,0.0,0.0,0.0,0.0,1.0,0.0,0.0,0.0,0.0,0.0,0.0,0.0,0.0,0.0,0.0,0.0,0.0,0.0,0.0,0.0,0.0,0.8454144763495485,0.8173981020781033,-0.02801637427144521,0.8454144763495485,0.832965903847048,-0.012448572502500421,0.8454144763495485,0.8506053317384826,0.005190855388934157,0.8454144763495485,0.851285739148646,0.005871262799097554,0.8454144763495485,0.8358208639241512,-0.009593612425397247,0.8454144763495485,0.8450300821214525,-0.00038439422809599666
4.0,1.0,9.0,1.0,2.0,4.0,4.0,4.0,8.0,7.0,4.0,5.0,0.0,0.0,0.0,0.0,0.0,0.0,0.0,0.0,0.0,0.0,0.0,1.0,0.0,0.0,0.0,0.0,0.0,0.0,0.0,0.0,0.0,0.0,0.0,0.0,0.0,0.0,0.0,0.0,0.8306388568742917,0.800576295040025,-0.0300625618342667,0.8306388568742917,0.8172576199005479,-0.013381236973743826,0.8306388568742917,0.8362297526962429,0.005590895821951158,0.8306388568742917,0.8369630834288992,0.006324226554607515,0.8306388568742917,0.8203231525535487,-0.010315704320743024,0.8306388568742917,0.8302250997334231,-0.00041375714086866466
4.0,1.0,4.0,1.0,1.0,5.0,2.0,4.0,8.0,7.0,5.0,10.0,0.0,0.0,0.0,0.0,0.0,0.0,0.0,0.0,0.0,0.0,0.0,0.0,1.0,0.0,0.0,0.0,0.0,0.0,0.0,0.0,0.0,0.0,0.0,0.0,0.0,0.0,0.0,0.0,0.8915516791741607,0.8706173224659183,-0.020934356708242396,0.8915516791741607,0.8823012215196179,-0.009250457654542799,0.8915516791741607,0.8953849954432056,0.0038333162690449285,0.8915516791741607,0.8958864198971432,0.004334740722982566,,,,,,
5.0,1.0,2.0,1.0,3.0,4.0,2.0,3.0,7.0,8.0,3.0,8.0,1.0,0.0,0.0,0.0,0.0,0.0,0.0,0.0,0.0,1.0,0.0,0.0,0.0,0.0,0.0,0.0,0.0,0.0,0.0,0.0,0.0,0.0,0.0,0.0,0.0,0.0,0.0,0.0,0.666712964476095,0.6208350042944643,-0.045877960181630706,0.666712964476095,0.6459012410191751,-0.02081172345691984,0.666712964476095,0.6756019318306843,0.008888967354589328,0.666712964476095,0.6767765105131995,0.010063546037104576,0.666712964476095,0.6506124074435505,-0.016100557032544427,0.666712964476095,0.666059732454487,-0.0006532320216079412
6.0,1.0,10.0,1.0,1.0,3.0,1.0,4.0,8.0,8.0,5.0,8.0,0.0,0.0,0.0,0.0,0.0,0.0,0.0,0.0,0.0,0.0,0.0,1.0,0.0,0.0,0.0,0.0,0.0,0.0,0.0,0.0,0.0,0.0,1.0,0.0,0.0,0.0,0.0,0.0,0.8979870249199815,0.878125102117406,-0.019861922802575482,0.8979870249199815,0.889217282947988,-0.008769741971993539,0.8979870249199815,0.9016179725216804,0.0036309476016989084,0.8979870249199815,0.902092788754382,0.004105763834400533,,,,0.8979870249199815,0.8977175421567193,-0.00026948276326221876
3.0,1.0,2.0,1.0,1.0,5.0,2.0,2.0,7.0,8.0,4.0,8.0,1.0,0.0,0.0,0.0,0.0,0.0,1.0,0.0,0.0,0.0,0.0,1.0,0.0,0.0,0.0,0.0,0.0,0.0,0.0,0.0,0.0,0.0,0.0,0.0,0.0,0.0,0.0,0.0,0.8820887475467784,0.859615341720265,-0.02247340582651336,0.8820887475467784,0.872146870536293,-0.009941877010485323,0.8820887475467784,0.8862138600596261,0.004125112512847751,0.8820887475467784,0.8867536825120381,0.0046649349652597705,0.8820887475467784,0.8744330991252931,-0.0076556484214852505,0.8820887475467784,0.8817827959384736,-0.0003059516083047109
6.0,1.0,7.0,1.0,1.0,5.0,2.0,3.0,8.0,7.0,3.0,8.0,0.0,1.0,0.0,0.0,0.0,0.0,0.0,0.0,0.0,0.0,0.0,0.0,0.0,0.0,1.0,0.0,0.0,0.0,0.0,0.0,0.0,0.0,1.0,0.0,0.0,0.0,0.0,0.0,0.7839969660518679,0.7481653082549411,-0.035831657796926764,0.7839969660518679,0.767960009104134,-0.016036956947733882,0.7839969660518679,0.7907396902767422,0.006742724224874319,0.7839969660518679,0.7916259590943779,0.007628993042510079,0.7839969660518679,0.7716214229266567,-0.012375543125211164,0.7839969660518679,0.7834989605478562,-0.0004980055040116893
7.0,1.0,6.0,1.0,1.0,2.0,1.0,4.0,8.0,7.0,2.0,8.0,1.0,0.0,0.0,0.0,0.0,0.0,0.0,0.0,0.0,0.0,0.0,0.0,0.0,0.0,0.0,0.0,0.0,0.0,0.0,1.0,0.0,0.0,0.0,0.0,0.0,0.0,0.0,0.0,0.8112633873888997,0.7786779527144917,-0.032585434674408,0.8112633873888997,0.7967259247325521,-0.014537462656347588,0.8112633873888997,0.8173532565428725,0.0060898691539728045,0.8112633873888997,0.8181527315589137,0.006889344170013967,0.8112633873888997,0.8000516142395303,-0.011211773149369386,0.8112633873888997,0.8108130761699325,-0.00045031121896721427
2.0,1.0,6.0,4.0,1.0,1.0,1.0,4.0,7.0,8.0,3.0,8.0,0.0,1.0,0.0,0.0,0.0,0.0,1.0,0.0,0.0,0.0,0.0,0.0,0.0,0.0,0.0,0.0,1.0,0.0,0.0,0.0,0.0,0.0,0.0,0.0,0.0,1.0,0.0,0.0,0.7043065809213317,0.6609720370344925,-0.043334543886839216,0.7043065809213317,0.6847322928156614,-0.0195742881056703,0.7043065809213317,0.7126250760656421,0.008318495144310378,0.7043065809213317,0.7137224048663081,0.00941582394497642,0.7043065809213317,0.6891754428918251,-0.015131138029506608,0.7043065809213317,0.7036942847418396,-0.0006122961794921
5.0,1.0,4.0,1.0,1.0,5.0,2.0,3.0,8.0,8.0,5.0,10.0,0.0,1.0,0.0,0.0,0.0,0.0,0.0,0.0,0.0,0.0,0.0,0.0,1.0,0.0,0.0,0.0,0.0,0.0,0.0,0.0,0.0,0.0,0.0,0.0,0.0,0.0,0.0,0.0,0.74851229680429,0.7089792951195578,-0.03953300168473217,0.74851229680429,0.7307456088032951,-0.0177666880009949,0.74851229680429,0.7560179914740133,0.007505694669723284,0.74851229680429,0.7570061253178748,0.008493828513584822,,,,,,
4.0,1.0,3.0,1.0,2.0,4.0,2.0,3.0,8.0,8.0,5.0,8.0,1.0,0.0,0.0,0.0,0.0,0.0,1.0,0.0,1.0,0.0,0.0,0.0,0.0,0.0,0.0,0.0,0.0,0.0,0.0,0.0,0.0,0.0,0.0,0.0,0.0,0.0,0.0,0.0,0.8171558050108809,0.7853184865369885,-0.03183731847389237,0.8171558050108809,0.8029619729643416,-0.014193832046539345,0.8171558050108809,0.8230970054771765,0.0059412004662955376,0.8171558050108809,0.8238767566084977,0.006720951597616764,,,,0.8171558050108809,0.8167163764228981,-0.00043942858798284856
7.0,1.0,8.0,1.0,2.0,4.0,2.0,3.0,10.0,9.0,5.0,7.0,0.0,0.0,0.0,0.0,0.0,0.0,0.0,0.0,0.0,0.0,0.0,1.0,0.0,0.0,0.0,0.0,0.0,0.0,0.0,0.0,0.0,0.0,1.0,0.0,0.0,0.0,0.0,0.0,0.8523780305504274,0.8253629992647051,-0.027015031285722246,0.8523780305504274,0.8403843505197621,-0.011993680030665255,,,,0.8523780305504274,0.8580292271591846,0.005651196608757236,,,,0.8523780305504274,0.8520079208277074,-0.0003701097227200023
7.0,6.0,7.0,2.0,2.0,4.0,2.0,3.0,6.0,9.0,3.0,8.0,0.0,0.0,0.0,0.0,0.0,0.0,0.0,0.0,0.0,0.0,0.0,1.0,0.0,0.0,0.0,0.0,0.0,0.0,0.0,0.0,0.0,0.0,1.0,0.0,0.0,0.0,0.0,0.0,0.6745393454281915,0.6291394457612506,-0.04539989966694091,0.6745393454281915,0.6539626814060002,-0.02057666402219127,0.6745393454281915,0.6833187249500398,0.008779379521848263,0.6745393454281915,0.6844784117622849,0.00993906633409336,0.6745393454281915,0.6586232801725821,-0.015916065255609402,0.6745393454281915,0.6738939499508062,-0.000645395477385291
4.0,1.0,10.0,1.0,1.0,5.0,1.0,4.0,9.0,8.0,3.0,7.0,0.0,0.0,0.0,0.0,0.0,0.0,1.0,0.0,0.0,0.0,0.0,0.0,1.0,0.0,0.0,0.0,0.0,0.0,0.0,0.0,0.0,0.0,0.0,0.0,0.0,0.0,0.0,0.0,0.935612539533458,0.9224436060151864,-0.013168933518271642,0.935612539533458,0.9298245754999812,-0.005787964033476811,0.935612539533458,0.9379967502627401,0.002384210729282077,0.935612539533458,0.9383080067796431,0.0026954672461850793,0.935612539533458,0.9311608369843712,-0.004451702549086778,0.935612539533458,0.9354353039499274,-0.00017723558353066604
6.0,1.0,6.0,1.0,1.0,5.0,1.0,4.0,9.0,8.0,4.0,5.0,0.0,0.0,0.0,0.0,0.0,0.0,1.0,0.0,0.0,0.0,0.0,0.0,0.0,0.0,0.0,0.0,0.0,0.0,0.0,1.0,0.0,0.0,0.0,0.0,0.0,0.0,0.0,0.0,0.9079998316497184,0.8898482670687347,-0.01815156458098377,0.9079998316497184,0.8999949995785443,-0.008004832071174084,0.9079998316497184,0.9113095921729426,0.003309760523224181,0.9079998316497184,0.9117422128703467,0.0037423812206283102,0.9079998316497184,0.9018393038626807,-0.006160527787037684,0.9079998316497184,0.9077540821177247,-0.00024574953199374416
7.0,2.0,5.0,1.0,3.0,2.0,3.0,4.0,8.0,7.0,4.0,9.0,0.0,0.0,0.0,0.0,0.0,0.0,1.0,0.0,0.0,0.0,0.0,0.0,0.0,0.0,0.0,0.0,0.0,0.0,0.0,1.0,0.0,0.0,0.0,0.0,0.0,0.0,0.0,0.0,0.5523793091011008,0.5025067621685634,-0.0498725469325374,0.5523793091011008,0.5294668130074335,-0.0229124960936673,0.5523793091011008,0.5623157862281196,0.009936477127018839,0.5523793091011008,0.5636356159054247,0.011256306804323879,0.5523793091011008,0.5346109175210115,-0.01776839158008925,0.5523793091011008,0.5516526817289702,-0.0007266273721305838
6.0,1.0,7.0,1.0,1.0,5.0,1.0,3.0,9.0,9.0,4.0,9.0,0.0,0.0,0.0,0.0,0.0,0.0,1.0,0.0,0.0,0.0,0.0,0.0,0.0,1.0,0.0,0.0,0.0,0.0,0.0,0.0,0.0,0.0,0.0,0.0,0.0,0.0,0.0,0.0,0.9131572886100946,0.895906632786363,-0.017250655823731642,0.9131572886100946,0.9055545250142103,-0.007602763595884299,0.9131572886100946,0.9162986102812565,0.0031413216711618785,0.9131572886100946,0.9167091193907986,0.0035518307807039795,0.9131572886100946,0.9073068596688741,-0.0058504289412204535,0.9131572886100946,0.9129239944523787,-0.0002332941577158909
6.0,1.0,5.0,1.0,2.0,4.0,4.0,2.0,7.0,7.0,3.0,8.0,0.0,0.0,0.0,0.0,0.0,0.0,0.0,0.0,0.0,0.0,0.0,1.0,0.0,0.0,0.0,0.0,0.0,0.0,0.0,1.0,0.0,0.0,0.0,0.0,0.0,0.0,0.0,0.0,0.7978485412455337,0.7636218655990652,-0.03422667564646853,0.7978485412455337,0.7825547513621589,-0.01529378988337482,0.7978485412455337,0.8042668269239212,0.006418285678387425,0.7978485412455337,0.8051099251889455,0.007261383943411803,0.7978485412455337,0.7860500300697235,-0.011798511175810211,0.7978485412455337,0.7973742174251461,-0.0004743238203875899
3.0,1.0,7.0,1.0,1.0,5.0,2.0,3.0,9.0,8.0,5.0,9.0,0.0,1.0,0.0,0.0,0.0,0.0,0.0,0.0,0.0,0.0,0.0,0.0,0.0,0.0,0.0,0.0,1.0,0.0,0.0,0.0,0.0,0.0,0.0,0.0,0.0,0.0,0.0,0.0,0.8103515098353159,0.7776517887070559,-0.03269972112826003,0.8103515098353159,0.795761492232712,-0.014590017602603922,0.8103515098353159,0.816464145560707,0.0061126357253911134,0.8103515098353159,0.8172666422870551,0.006915132451739248,,,,0.8103515098353159,0.8098995327629367,-0.00045197707237920604
5.0,3.0,2.0,1.0,2.0,4.0,2.0,4.0,7.0,7.0,3.0,8.0,1.0,0.0,0.0,0.0,0.0,0.0,1.0,0.0,0.0,0.0,0.0,0.0,1.0,0.0,0.0,0.0,0.0,0.0,0.0,0.0,0.0,0.0,0.0,0.0,0.0,0.0,0.0,0.0,0.6440031425945405,0.5968892079645982,-0.04711393462994229,0.6440031425945405,0.6225761055873124,-0.021427037007228145,0.6440031425945405,0.6531827236631933,0.009179581068652798,0.6440031425945405,0.6543969525759724,0.010393809981431912,0.6440031425945405,0.6274185927284402,-0.01658454986610025,0.6440031425945405,0.6433292117976427,-0.0006739307968978148
6.0,1.0,3.0,2.0,2.0,4.0,3.0,2.0,5.0,4.0,4.0,7.0,0.0,0.0,0.0,0.0,0.0,0.0,0.0,0.0,0.0,0.0,0.0,0.0,0.0,1.0,0.0,0.0,0.0,0.0,0.0,0.0,0.0,0.0,0.0,0.0,0.0,0.0,0.0,0.0,0.724098625365552,0.6823564888396382,-0.04174213652591385,0.724098625365552,0.7052862857501027,-0.01881233961544937,0.724098625365552,0.7320721391865751,0.00797351382102307,0.724098625365552,0.7331230196332293,0.009024394267677316,0.724098625365552,0.7095626312070142,-0.01453599415853779,0.724098625365552,0.7235112239296051,-0.0005874014359469326
4.0,1.0,6.0,1.0,2.0,4.0,2.0,3.0,7.0,6.0,5.0,6.0,0.0,1.0,0.0,0.0,0.0,0.0,0.0,0.0,0.0,0.0,0.0,0.0,1.0,0.0,0.0,0.0,0.0,0.0,0.0,0.0,0.0,0.0,0.0,0.0,0.0,0.0,0.0,0.0,0.6637108573155359,0.6176566361711597,-0.046054221144376184,0.6637108573155359,0.6428121031051908,-0.02089875421034515,0.6637108573155359,0.6726405788885899,0.00892972157305394,0.6637108573155359,0.6738207032430844,0.010109845927548489,,,,0.6637108573155359,0.6630547149492683,-0.0006561423662676535
4.0,1.0,4.0,1.0,2.0,3.0,2.0,4.0,7.0,7.0,3.0,7.0,0.0,1.0,0.0,0.0,0.0,0.0,0.0,0.0,0.0,0.0,0.0,1.0,0.0,0.0,0.0,0.0,0.0,0.0,0.0,0.0,0.0,0.0,0.0,0.0,0.0,0.0,0.0,0.0,0.6508936572968252,0.6041310836717441,-0.04676257362508118,0.6508936572968252,0.629642845776169,-0.02125081152065622,0.6508936572968252,0.6599893690187858,0.009095711721960553,0.6508936572968252,0.6611921283894976,0.010298471092672346,0.6508936572968252,0.6344479012260126,-0.016445756070812667,0.6508936572968252,0.6502256861126514,-0.0006679711841738323
4.0,3.0,4.0,1.0,1.0,5.0,2.0,3.0,10.0,8.0,5.0,7.0,1.0,0.0,0.0,0.0,0.0,0.0,0.0,0.0,0.0,0.0,0.0,0.0,1.0,0.0,0.0,0.0,0.0,0.0,0.0,0.0,0.0,0.0,0.0,0.0,0.0,0.0,0.0,0.0,0.8344736292600149,0.80493190639384,-0.029541722866174847,0.8344736292600149,0.8213302059598591,-0.013143423300155832,,,,0.8344736292600149,0.8406821244132955,0.006208495153280591,,,,0.8344736292600149,0.8340673691417536,-0.0004062601182612813
4.0,3.0,2.0,1.0,1.0,3.0,3.0,4.0,6.0,7.0,3.0,7.0,0.0,0.0,0.0,0.0,0.0,0.0,0.0,0.0,0.0,0.0,0.0,1.0,0.0,0.0,0.0,0.0,0.0,0.0,0.0,0.0,0.0,0.0,0.0,0.0,0.0,0.0,0.0,0.0,0.7911228596539673,0.7561055464172309,-0.0350173132367364,0.7911228596539673,0.7754634370087525,-0.015659422645214804,0.7911228596539673,0.7977005406542895,0.006577681000322189,0.7911228596539673,0.7985648386074673,0.007441978953499961,0.7911228596539673,0.7790405183592206,-0.012082341294746723,0.7911228596539673,0.7906368959235481,-0.00048596373041920327
7.0,3.0,5.0,2.0,3.0,5.0,3.0,3.0,5.0,4.0,4.0,8.0,0.0,0.0,0.0,0.0,0.0,0.0,0.0,0.0,0.0,0.0,0.0,0.0,0.0,1.0,0.0,0.0,0.0,0.0,0.0,0.0,0.0,0.0,0.0,0.0,0.0,0.0,0.0,0.0,0.5679930474337602,0.5183432305111345,-0.04964981692262571,0.5679930474337602,0.5452217681368506,-0.022771279296909586,0.5679930474337602,0.577847811173202,0.00985476373944183,0.5679930474337602,0.5791558573531379,0.01116280991937768,0.5679930474337602,0.5503399106930403,-0.017653136740719888,0.5679930474337602,0.5672719102623661,-0.0007211371713941039
7.0,1.0,10.0,1.0,1.0,5.0,2.0,4.0,7.0,8.0,5.0,10.0,0.0,0.0,0.0,0.0,0.0,0.0,1.0,0.0,0.0,0.0,0.0,0.0,0.0,0.0,0.0,0.0,0.0,0.0,0.0,1.0,0.0,0.0,0.0,0.0,0.0,0.0,0.0,0.0,0.8758994426508511,0.8524437140095844,-0.02345572864126666,0.8758994426508511,0.8655152682727045,-0.010384174378146538,0.8758994426508511,0.8802116820994105,0.004312239448559407,0.8758994426508511,0.8807761491428684,0.004876706492017324,,,,,,
4.0,1.0,10.0,1.0,1.0,4.0,2.0,3.0,5.0,5.0,1.0,5.0,0.0,0.0,0.0,0.0,0.0,0.0,0.0,0.0,0.0,0.0,0.0,0.0,0.0,0.0,0.0,0.0,0.0,0.0,0.0,0.0,0.0,0.0,0.0,0.0,0.0,0.0,0.0,0.0,0.9240768014952212,0.908778541287636,-0.01529826020758518,0.9240768014952212,0.9173434703002711,-0.006733331194950121,0.9240768014952212,0.9268547756177077,0.002777974122486482,0.9240768014952212,0.9272176248705843,0.0031408233753631443,0.9240768014952212,0.9188966637226427,-0.00518013777257853,0.9240768014952212,0.9238703959248574,-0.00020640557036377682
3.0,2.0,4.0,1.0,1.0,5.0,3.0,2.0,7.0,7.0,4.0,5.0,0.0,0.0,0.0,0.0,1.0,0.0,1.0,0.0,1.0,0.0,0.0,0.0,0.0,0.0,0.0,0.0,0.0,0.0,0.0,0.0,0.0,0.0,0.0,0.0,0.0,0.0,0.0,0.0,0.8996839496286294,0.88010830695083,-0.019575642677799432,0.8996839496286294,0.8910423867236433,-0.008641562904986078,0.8996839496286294,0.9032610052608772,0.00357705563224775,0.8996839496286294,0.9037287385083504,0.00404478887972104,0.8996839496286294,0.8930321727975367,-0.006651776831092748,0.8996839496286294,0.8994184474540337,-0.0002655021745957553
3.0,1.0,6.0,1.0,1.0,3.0,1.0,4.0,9.0,8.0,3.0,8.0,0.0,0.0,0.0,1.0,0.0,0.0,1.0,0.0,0.0,0.0,0.0,1.0,0.0,0.0,0.0,0.0,0.0,0.0,0.0,0.0,0.0,0.0,0.0,0.0,0.0,0.0,0.0,0.0,0.8163181502045863,0.7843734643684367,-0.03194468583614962,0.8163181502045863,0.8020750426304749,-0.014243107574111402,0.8163181502045863,0.8222806492502183,0.005962499045631953,0.8163181502045863,0.8230632251947922,0.006745074990205935,0.8163181502045863,0.8053345999207729,-0.01098355028381337,0.8163181502045863,0.8158771620868208,-0.00044098811776549507
4.0,1.0,4.0,1.0,1.0,5.0,3.0,3.0,4.0,3.0,3.0,5.0,1.0,0.0,0.0,0.0,0.0,0.0,0.0,0.0,0.0,0.0,0.0,0.0,1.0,0.0,0.0,0.0,0.0,0.0,0.0,0.0,0.0,0.0,0.0,0.0,0.0,0.0,0.0,0.0,0.8068885182978041,0.7737584021669242,-0.033130116130879905,0.8068885182978041,0.7921004361128645,-0.014788082184939544,0.8068885182978041,0.813087025860206,0.006198507562401923,0.8068885182978041,0.8139009230846644,0.007012404786860382,0.8068885182978041,0.795482375663536,-0.01140614263426809,0.8068885182978041,0.8064302595350187,-0.0004582587627853796
6.0,2.0,3.0,2.0,3.0,4.0,3.0,4.0,6.0,7.0,3.0,8.0,0.0,0.0,0.0,0.0,0.0,0.0,0.0,0.0,0.0,0.0,0.0,0.0,0.0,0.0,0.0,0.0,0.0,0.0,0.0,0.0,0.0,0.0,0.0,0.0,0.0,0.0,0.0,1.0,0.6209851895149167,0.5728455116628401,-0.04813967785207651,0.6209851895149167,0.5990353114755174,-0.021949878039399295,0.6209851895149167,0.6304176843562557,0.009432494841339012,0.6209851895149167,0.6316666707955202,0.010681481280603533,0.6209851895149167,0.6039877139554152,-0.016997475559501485,0.6209851895149167,0.6202933757625673,-0.0006918137523493906
4.0,1.0,4.0,2.0,1.0,4.0,2.0,3.0,10.0,10.0,5.0,10.0,1.0,0.0,0.0,0.0,0.0,0.0,1.0,0.0,0.0,0.0,0.0,0.0,1.0,0.0,0.0,0.0,0.0,0.0,0.0,0.0,0.0,0.0,0.0,0.0,0.0,0.0,0.0,0.0,0.8329351452327409,0.8031836074820102,-0.029751537750730694,0.8329351452327409,0.8196959557832559,-0.01323918944948499,,,,,,,,,,,,
3.0,3.0,5.0,2.0,3.0,4.0,2.0,3.0,4.0,5.0,3.0,5.0,1.0,0.0,0.0,0.0,0.0,0.0,0.0,0.0,0.0,0.0,0.0,1.0,0.0,0.0,0.0,0.0,0.0,0.0,0.0,0.0,0.0,0.0,0.0,0.0,0.0,0.0,0.0,1.0,0.6472593271389533,0.6003088741782826,-0.046950452960670686,0.6472593271389533,0.6259144326746388,-0.021344894464314534,0.6472593271389533,0.6563997428748043,0.009140415735851004,0.6472593271389533,0.6576086127387349,0.010349285599781655,0.6472593271389533,0.6307394922209356,-0.016519834918017673,0.6472593271389533,0.6465881778019416,-0.0006711493370117338
4.0,3.0,3.0,1.0,2.0,4.0,2.0,4.0,9.0,8.0,5.0,6.0,0.0,0.0,0.0,0.0,0.0,0.0,1.0,0.0,0.0,0.0,0.0,0.0,0.0,0.0,0.0,1.0,0.0,0.0,0.0,0.0,0.0,0.0,0.0,1.0,0.0,0.0,0.0,0.0,0.6372639404398757,0.5898261716459567,-0.04743776879391892,0.6372639404398757,0.6156733464524208,-0.021590593987454887,0.6372639404398757,0.6465219151414427,0.009257974701567084,0.6372639404398757,0.6477468878323467,0.01048294739247102,,,,0.6372639404398757,0.6365844511366962,-0.0006794893031795146
7.0,1.0,6.0,1.0,2.0,3.0,1.0,3.0,7.0,7.0,2.0,8.0,0.0,0.0,0.0,0.0,0.0,0.0,1.0,0.0,0.0,0.0,0.0,1.0,0.0,0.0,0.0,0.0,0.0,0.0,0.0,0.0,0.0,0.0,1.0,0.0,0.0,0.0,0.0,0.0,0.826669270025062,0.7960750718960403,-0.030594198129021644,0.826669270025062,0.8130449872296928,-0.013624282795369203,0.826669270025062,0.8323647622109372,0.005695492185875284,0.826669270025062,0.8331119456801795,0.00644267565511758,0.826669270025062,0.8161652914351115,-0.010503978589950447,0.826669270025062,0.8262478435924341,-0.0004214264326278805
7.0,3.0,5.0,2.0,2.0,4.0,2.0,4.0,10.0,9.0,3.0,10.0,0.0,0.0,0.0,0.0,0.0,0.0,1.0,0.0,0.0,0.0,0.0,0.0,0.0,0.0,0.0,0.0,0.0,0.0,0.0,1.0,0.0,0.0,0.0,0.0,0.0,0.0,0.0,0.0,0.7408806354534149,0.7006277788186956,-0.040252856634719225,0.7408806354534149,0.7227744823542628,-0.01810615309915209,,,,0.7408806354534149,0.7495459730167582,0.008665337563343312,0.7408806354534149,0.7268953321359052,-0.01398530331750969,,,
3.0,1.0,2.0,1.0,1.0,5.0,3.0,4.0,10.0,9.0,4.0,9.0,1.0,0.0,0.0,0.0,0.0,0.0,0.0,0.0,0.0,0.0,0.0,1.0,0.0,0.0,0.0,0.0,0.0,0.0,0.0,0.0,0.0,0.0,0.0,0.0,0.0,0.0,0.0,0.0,0.8732343123487087,0.8493614899614623,-0.023872822387246417,0.8732343123487087,0.8626620984536766,-0.010572213895032156,,,,0.8732343123487087,0.8782011855844498,0.004966873235741076,0.8732343123487087,0.8650916954982284,-0.008142616850480344,0.8732343123487087,0.8729086958490685,-0.00032561649964024664
2.0,2.0,6.0,1.0,1.0,2.0,2.0,4.0,8.0,8.0,3.0,8.0,0.0,1.0,0.0,0.0,0.0,0.0,0.0,0.0,0.0,0.0,0.0,0.0,0.0,0.0,0.0,0.0,1.0,0.0,0.0,1.0,0.0,0.0,0.0,0.0,0.0,0.0,0.0,0.0,0.7246396662309774,0.6829435439775767,-0.04169612225340069,0.7246396662309774,0.7058492313039715,-0.01879043492700594,0.7246396662309774,0.7326033181406817,0.007963651909704272,0.7246396662309774,0.7336528731720405,0.009013206941063112,0.7246396662309774,0.710120765629084,-0.014518900601893425,0.7246396662309774,0.724052977711159,-0.0005866885198184679
5.0,5.0,4.0,2.0,2.0,4.0,1.0,4.0,10.0,10.0,4.0,10.0,0.0,0.0,0.0,0.0,0.0,0.0,1.0,0.0,0.0,1.0,0.0,0.0,0.0,0.0,0.0,0.0,0.0,0.0,0.0,0.0,0.0,0.0,0.0,0.0,0.0,0.0,0.0,0.0,0.6995270719399563,0.6558343602017781,-0.043692711738178236,0.6995270719399563,0.6797802416624492,-0.01974683027750712,,,,,,,0.6995270719399563,0.6842610009545468,-0.015266070985409552,,,
7.0,1.0,7.0,1.0,1.0,4.0,2.0,4.0,8.0,8.0,3.0,7.0,0.0,0.0,0.0,0.0,0.0,0.0,0.0,0.0,0.0,0.0,0.0,1.0,0.0,0.0,0.0,0.0,0.0,0.0,0.0,0.0,0.0,0.0,1.0,0.0,0.0,0.0,0.0,0.0,0.8808013516004257,0.858122039818831,-0.02267931178159477,0.8808013516004257,0.870766829019274,-0.010034522581151673,0.8808013516004257,0.884965629872888,0.004164278272462241,0.8808013516004257,0.885510609121796,0.0047092575213703025,0.8808013516004257,0.873074143691024,-0.007727207909401734,0.8808013516004257,0.8804925120833371,-0.00030883951708859936
6.0,1.0,9.0,1.0,1.0,4.0,1.0,4.0,6.0,6.0,2.0,7.0,0.0,0.0,0.0,0.0,0.0,0.0,1.0,0.0,0.0,0.0,0.0,0.0,0.0,0.0,0.0,0.0,0.0,0.0,0.0,1.0,0.0,0.0,0.0,0.0,0.0,0.0,0.0,0.0,0.8991107904255592,0.8794382895235188,-0.019672500902040424,0.8991107904255592,0.8904258669861865,-0.00868492343937266,0.8991107904255592,0.9027060735150103,0.003595283089451118,0.8991107904255592,0.9031762022479316,0.004065411822372411,0.8991107904255592,0.8924255526830748,-0.006685237742484418,0.8991107904255592,0.8988439418542429,-0.0002668485713163138
5.0,1.0,6.0,1.0,1.0,4.0,1.0,3.0,5.0,7.0,2.0,7.0,1.0,0.0,0.0,0.0,0.0,0.0,1.0,0.0,0.0,0.0,0.0,0.0,1.0,0.0,0.0,0.0,0.0,0.0,0.0,0.0,0.0,0.0,0.0,0.0,0.0,0.0,0.0,0.0,0.8531616232125502,0.8262607617356437,-0.026900861476906512,0.8531616232125502,0.8412197476560294,-0.01194187555652082,0.8531616232125502,0.8581359887851412,0.004974365572591011,0.8531616232125502,0.8587877922670268,0.00562616905447666,0.8531616232125502,0.8439600600977127,-0.009201563114837441,0.8531616232125502,0.8527931387846829,-0.0003684844278672994
3.0,1.0,4.0,1.0,2.0,4.0,2.0,2.0,5.0,3.0,2.0,5.0,0.0,0.0,0.0,0.0,0.0,0.0,1.0,0.0,0.0,0.0,0.0,0.0,0.0,0.0,0.0,0.0,0.0,0.0,0.0,0.0,0.0,0.0,0.0,0.0,0.0,0.0,0.0,0.0,0.8582512755308668,0.8320993409201938,-0.026151934610673,0.8582512755308668,0.846648923798598,-0.011602351732268756,0.8582512755308668,0.8630808922858142,0.004829616754947419,0.8582512755308668,0.8637135843524198,0.005462308821553075,0.8582512755308668,0.8493123210852439,-0.008938954445622871,0.8582512755308668,0.8578934359543056,-0.0003578395765612141
5.0,1.0,6.0,1.0,1.0,3.0,1.0,4.0,8.0,9.0,4.0,8.0,0.0,0.0,0.0,0.0,0.0,0.0,1.0,0.0,0.0,0.0,0.0,0.0,0.0,0.0,0.0,0.0,0.0,0.0,0.0,0.0,0.0,0.0,0.0,0.0,0.0,0.0,0.0,0.0,0.8866728500930074,0.8649393776763169,-0.021733472416690547,0.8866728500930074,0.8770636204777377,-0.009609229615269776,0.8866728500930074,0.8906574680566725,0.003984617963665005,0.8866728500930074,0.8911787978563008,0.004505947763293383,0.8866728500930074,0.8792740995103443,-0.0073987505826631494,0.8866728500930074,0.8863772609763247,-0.00029558911668270405
3.0,3.0,2.0,1.0,3.0,3.0,4.0,2.0,3.0,2.0,2.0,5.0,0.0,0.0,0.0,0.0,0.0,0.0,1.0,0.0,0.0,0.0,0.0,0.0,0.0,0.0,0.0,1.0,0.0,0.0,0.0,1.0,0.0,0.0,0.0,0.0,0.0,0.0,0.0,0.0,0.4654703018624657,0.4161494419415671,-0.049320859920898574,0.4654703018624657,0.44259825442422246,-0.022872047438243226,0.4654703018624657,0.4755041649951624,0.010033863132696719,0.4654703018624657,0.4768422241917033,0.011371922329237616,0.4654703018624657,0.4477014061772676,-0.01776889568519807,0.4654703018624657,0.46473930231549426,-0.0007309995469714226
2.0,1.0,4.0,1.0,5.0,3.0,3.0,3.0,6.0,6.0,2.0,6.0,0.0,0.0,0.0,0.0,0.0,0.0,1.0,0.0,0.0,0.0,0.0,0.0,0.0,0.0,0.0,0.0,0.0,0.0,0.0,0.0,0.0,0.0,0.0,0.0,0.0,0.0,0.0,0.0,0.6382202810037929,0.5908272768728007,-0.04739300413099223,0.6382202810037929,0.6166523677807327,-0.021567913223060176,0.6382202810037929,0.6474673500018205,0.00924706899802763,0.6382202810037929,0.6486908266383693,0.01047054563457639,0.6382202810037929,0.6215246546015392,-0.01669562640225375,0.6382202810037929,0.6375415642220753,-0.0006787167817176032
5.0,1.0,9.0,1.0,1.0,4.0,2.0,4.0,8.0,8.0,4.0,9.0,0.0,0.0,0.0,0.0,1.0,0.0,0.0,0.0,0.0,0.0,0.0,0.0,0.0,1.0,0.0,0.0,0.0,0.0,0.0,0.0,0.0,0.0,0.0,0.0,0.0,0.0,0.0,0.0,0.8869533679168485,0.8652655175137284,-0.021687850403120157,0.8869533679168485,0.877364634169835,-0.009588733747013523,0.8869533679168485,0.8909293360570233,0.003975968140174757,0.8869533679168485,0.891449527608448,0.004496159691599444,0.8869533679168485,0.8795704439535561,-0.0073829239632924315,0.8869533679168485,0.8866584169418191,-0.0002949509750294066
2.0,1.0,3.0,1.0,3.0,4.0,2.0,3.0,0.0,6.0,4.0,10.0,1.0,0.0,0.0,0.0,0.0,0.0,1.0,0.0,0.0,0.0,0.0,0.0,0.0,0.0,0.0,0.0,1.0,0.0,0.0,0.0,0.0,0.0,0.0,0.0,0.0,0.0,0.0,0.0,0.6508818453456444,0.6041186518323004,-0.046763193513344015,0.6508818453456444,0.6296307239403861,-0.02125112140525831,0.6508818453456444,0.6599777040520127,0.00909585870636831,0.6508818453456444,0.661180483502904,0.01029863815725962,0.6508818453456444,0.6344358453509132,-0.016445999994731175,,,
6.0,6.0,3.0,3.0,5.0,2.0,3.0,3.0,5.0,4.0,2.0,5.0,0.0,1.0,0.0,0.0,0.0,0.0,0.0,0.0,0.0,0.0,0.0,0.0,0.0,1.0,0.0,0.0,0.0,0.0,0.0,0.0,0.0,0.0,0.0,0.0,1.0,0.0,0.0,0.0,0.025562977466295565,0.02102124374589516,-0.004541733720400405,0.025562977466295565,0.023362131040633508,-0.002200846425662057,0.025562977466295565,0.026585665857393147,0.0010226883910975822,0.025562977466295565,0.026724844147574346,0.001161866681278781,0.025562977466295565,0.02383822108904656,-0.0017247563772490038,0.025562977466295565,0.025489887533568366,-7.308993272719944e-05
7.0,1.0,2.0,2.0,1.0,5.0,2.0,3.0,2.0,4.0,3.0,5.0,0.0,0.0,1.0,0.0,0.0,0.0,0.0,0.0,0.0,0.0,0.0,0.0,0.0,1.0,0.0,0.0,0.0,0.0,0.0,0.0,0.0,0.0,0.0,0.0,0.0,0.0,0.0,0.0,0.5854086704718664,0.5361257572437448,-0.049282913228121616,0.5854086704718664,0.5628488566856997,-0.02255981378616667,0.5854086704718664,0.5951493256441666,0.009740655172300161,0.5854086704718664,0.5964412023948266,0.011032531922960165,0.5854086704718664,0.5679258307032905,-0.017482839768575897,0.5854086704718664,0.584695348303921,-0.000713322167945396
7.0,3.0,3.0,2.0,2.0,4.0,2.0,3.0,9.0,10.0,4.0,9.0,0.0,0.0,0.0,0.0,0.0,0.0,1.0,0.0,0.0,0.0,0.0,0.0,0.0,0.0,0.0,0.0,0.0,0.0,0.0,1.0,0.0,0.0,0.0,0.0,0.0,0.0,0.0,0.0,0.7289821798619178,0.6876601910764418,-0.041321988785475994,0.7289821798619178,0.7103696355692224,-0.018612544292695432,0.7289821798619178,0.7368658470808563,0.007883667218938517,,,,0.7289821798619178,0.7146020682571153,-0.01438011160480257,0.7289821798619178,0.7284012758011299,-0.0005809040607879234
6.0,1.0,9.0,1.0,3.0,4.0,1.0,3.0,5.0,5.0,3.0,5.0,0.0,1.0,0.0,0.0,0.0,0.0,1.0,0.0,0.0,0.0,0.0,0.0,0.0,0.0,0.0,0.0,0.0,0.0,0.0,0.0,0.0,0.0,0.0,0.0,0.0,0.0,0.0,1.0,0.5699718313940775,0.520357389025707,-0.049614442368370426,0.5699718313940775,0.5472217093932153,-0.022750122000862127,0.5699718313940775,0.5798148486336699,0.009843017239592466,0.5699718313940775,0.5811212180736564,0.011149386679578877,0.5699718313940775,0.5523358246136534,-0.017636006780424096,0.5699718313940775,0.5692514923599379,-0.0007203390341395943
6.0,1.0,4.0,1.0,1.0,4.0,2.0,3.0,8.0,8.0,4.0,8.0,0.0,1.0,0.0,0.0,0.0,0.0,0.0,0.0,0.0,0.0,0.0,0.0,0.0,0.0,0.0,0.0,1.0,0.0,0.0,0.0,0.0,0.0,0.0,0.0,0.0,0.0,0.0,0.0,0.6779378944584732,0.6327539659509993,-0.04518392850747388,0.6779378944584732,0.6574669874291775,-0.02047090702929566,0.6779378944584732,0.6866681822459783,0.008730287787505064,0.6779378944584732,0.6878212070196849,0.009883312561211666,0.6779378944584732,0.6621047750227432,-0.01583311943572996,0.6779378944584732,0.6772960142063549,-0.0006418802521183098
3.0,1.0,3.0,1.0,1.0,5.0,4.0,4.0,4.0,6.0,3.0,3.0,0.0,1.0,0.0,0.0,0.0,0.0,1.0,0.0,0.0,0.0,0.0,0.0,0.0,0.0,0.0,0.0,0.0,0.0,0.0,0.0,0.0,0.0,0.0,0.0,0.0,0.0,0.0,0.0,0.6737711252719932,0.6283231106316134,-0.04544801464037984,0.6737711252719932,0.6531708648983252,-0.020600260373668022,0.6737711252719932,0.682561475500162,0.008790350228168764,0.6737711252719932,0.6837226518415462,0.009951526569553004,0.6737711252719932,0.6578365483656939,-0.01593457690629929,0.6737711252719932,0.6731249446205899,-0.0006461806514033164
5.0,2.0,2.0,1.0,2.0,4.0,2.0,3.0,5.0,5.0,3.0,5.0,0.0,0.0,0.0,0.0,0.0,0.0,0.0,0.0,0.0,0.0,0.0,0.0,0.0,0.0,0.0,0.0,0.0,0.0,0.0,0.0,0.0,0.0,0.0,0.0,0.0,0.0,0.0,0.0,0.7881498146636386,0.7527898294056862,-0.035359985257952475,0.7881498146636386,0.7723316465865051,-0.015818168077133543,0.7881498146636386,0.7947968346582257,0.006647019994587056,0.7881498146636386,0.795670360615151,0.007520545951512303,0.7881498146636386,0.7759442048556949,-0.012205609807943718,0.7881498146636386,0.7876587905285782,-0.0004910241350604139
7.0,2.0,9.0,2.0,3.0,4.0,3.0,3.0,7.0,7.0,5.0,8.0,0.0,0.0,0.0,0.0,0.0,0.0,1.0,0.0,0.0,0.0,0.0,1.0,0.0,0.0,0.0,0.0,0.0,0.0,0.0,0.0,0.0,0.0,1.0,0.0,0.0,0.0,0.0,0.0,0.642243075570639,0.5950426788790233,-0.04720039669161569,0.642243075570639,0.6207724838481106,-0.02147059172252841,0.642243075570639,0.6514434774167801,0.009200401846141126,0.642243075570639,0.6526605575131067,0.010417481942467721,,,,0.642243075570639,0.6415676672850292,-0.0006754082856097465
3.0,1.0,4.0,1.0,1.0,4.0,2.0,2.0,8.0,8.0,2.0,7.0,0.0,0.0,0.0,0.0,0.0,0.0,1.0,0.0,1.0,0.0,0.0,0.0,0.0,0.0,0.0,0.0,0.0,0.0,0.0,0.0,0.0,0.0,0.0,0.0,0.0,0.0,0.0,0.0,0.9399449889995896,0.927593580951258,-0.01235140804833157,0.9399449889995896,0.9345192237784667,-0.0054257652211228136,0.9399449889995896,0.9421786874089597,0.002233698409370155,0.9399449889995896,0.9424702381633002,0.0025252491637106633,0.9399449889995896,0.9357722659538378,-0.0041727230457517805,0.9399449889995896,0.9397789114941423,-0.00016607750544728184
4.0,1.0,10.0,1.0,4.0,4.0,2.0,4.0,9.0,8.0,4.0,10.0,0.0,0.0,0.0,0.0,0.0,0.0,1.0,0.0,0.0,0.0,0.0,0.0,1.0,0.0,0.0,0.0,0.0,0.0,0.0,1.0,0.0,0.0,0.0,0.0,0.0,0.0,0.0,0.0,0.7657875300975804,0.7279832572267741,-0.03780427287080623,0.7657875300975804,0.7488317501746619,-0.016955779922918524,0.7657875300975804,0.7729340475780195,0.007146517480439152,0.7657875300975804,0.7738741624953515,0.008086632397771076,0.7657875300975804,0.7526977967740867,-0.013089733323493724,,,
6.0,4.0,3.0,2.0,2.0,4.0,2.0,2.0,7.0,7.0,3.0,10.0,0.0,0.0,1.0,0.0,0.0,0.0,1.0,0.0,0.0,0.0,0.0,0.0,0.0,0.0,0.0,0.0,0.0,0.0,0.0,0.0,0.0,0.0,1.0,0.0,0.0,0.0,0.0,0.0,0.47693154344455474,0.4273672158785643,-0.04956432756599044,0.47693154344455474,0.45397462374052394,-0.022956919704030798,0.47693154344455474,0.4869873809439841,0.010055837499429343,0.47693154344455474,0.4883276684165348,0.01139612497198006,0.47693154344455474,0.4591009079292284,-0.01783063551532632,,,
5.0,1.0,6.0,1.0,3.0,5.0,2.0,4.0,8.0,6.0,3.0,5.0,0.0,0.0,0.0,0.0,0.0,0.0,0.0,0.0,0.0,0.0,0.0,0.0,0.0,0.0,0.0,0.0,0.0,0.0,0.0,0.0,0.0,0.0,0.0,0.0,0.0,0.0,0.0,0.0,0.822035926352411,0.7908308378695735,-0.03120508848283743,0.822035926352411,0.8081319782617465,-0.01390394809066442,0.822035926352411,0.8278519615822492,0.005816035229838201,0.822035926352411,0.8286151179098706,0.006579191557459674,0.822035926352411,0.8113152516475629,-0.010720674704848054,0.822035926352411,0.8216056657008587,-0.0004302606515522722
6.0,1.0,9.0,1.0,1.0,4.0,2.0,3.0,9.0,9.0,5.0,10.0,0.0,0.0,0.0,0.0,0.0,0.0,1.0,0.0,0.0,0.0,0.0,0.0,0.0,1.0,0.0,0.0,0.0,0.0,0.0,1.0,0.0,0.0,0.0,0.0,0.0,0.0,0.0,0.0,0.8867437439067754,0.8650217975677325,-0.021721946339042897,0.8867437439067754,0.8771396925809208,-0.009604051325854512,0.8867437439067754,0.8907261764165711,0.003982432509795797,0.8867437439067754,0.8912472186246583,0.004503474717882927,,,,,,
2.0,6.0,3.0,4.0,1.0,4.0,3.0,3.0,8.0,8.0,4.0,8.0,0.0,0.0,0.0,0.0,1.0,0.0,0.0,0.0,0.0,0.0,0.0,0.0,0.0,0.0,0.0,0.0,1.0,0.0,0.0,0.0,0.0,0.0,0.0,0.0,0.0,1.0,0.0,0.0,0.7432035107019268,0.7031669278968249,-0.04003658280510192,0.7432035107019268,0.7251994667204564,-0.018004043981470375,0.7432035107019268,0.7508149006650822,0.007611389963155357,0.7432035107019268,0.7518171895140642,0.00861367881213737,0.7432035107019268,0.7292977706027437,-0.013905740099183106,0.7432035107019268,0.7426423275196179,-0.0005611831823089108
5.0,1.0,5.0,1.0,2.0,5.0,2.0,4.0,8.0,8.0,4.0,8.0,0.0,0.0,0.0,0.0,0.0,0.0,0.0,0.0,0.0,0.0,0.0,1.0,0.0,0.0,0.0,0.0,0.0,0.0,0.0,0.0,0.0,0.0,0.0,0.0,0.0,0.0,0.0,0.0,0.8654773142809813,0.8404106490921105,-0.025066665188870796,0.8654773142809813,0.8543660615831868,-0.01111125269779445,0.8654773142809813,0.8700979922693913,0.004620677988410038,0.8654773142809813,0.8707031164963235,0.00522580221534219,0.8654773142809813,0.8569180788011671,-0.008559235479814187,0.8654773142809813,0.8651348500616571,-0.0003424642193241567
2.0,1.0,8.0,1.0,2.0,3.0,2.0,1.0,5.0,6.0,3.0,2.0,0.0,0.0,0.0,0.0,0.0,0.0,1.0,0.0,0.0,0.0,0.0,0.0,0.0,0.0,0.0,0.0,0.0,0.0,0.0,0.0,0.0,0.0,0.0,0.0,0.0,0.0,0.0,0.0,0.8940889221282623,0.8735748907905919,-0.02051403133767038,0.8940889221282623,0.8850269775022794,-0.009061944625982865,0.8940889221282623,0.8978428309097948,0.003753908781532478,0.8940889221282623,0.8983338124618437,0.004244890333581441,0.8940889221282623,0.8871126996143147,-0.006976222513947583,0.8940889221282623,0.8938103596364071,-0.00027856249185520543
5.0,1.0,9.0,1.0,1.0,4.0,2.0,4.0,10.0,9.0,5.0,9.0,1.0,0.0,0.0,0.0,0.0,0.0,1.0,0.0,0.0,0.0,0.0,0.0,1.0,0.0,0.0,0.0,0.0,0.0,0.0,0.0,0.0,0.0,0.0,0.0,0.0,0.0,0.0,0.0,0.8421173882684365,0.8136351897156263,-0.0284821985528102,0.8421173882684365,0.8294568661725804,-0.012660522095856108,,,,0.8421173882684365,0.8480913754875155,0.005973987219078936,,,,0.8421173882684365,0.8417263303524742,-0.00039105791596227846
4.0,1.0,5.0,1.0,3.0,4.0,4.0,4.0,3.0,3.0,1.0,7.0,1.0,0.0,0.0,0.0,0.0,0.0,0.0,1.0,0.0,0.0,0.0,1.0,0.0,0.0,0.0,0.0,0.0,0.0,0.0,1.0,0.0,0.0,0.0,0.0,0.0,0.0,0.0,0.0,0.7187925345975528,0.6766061533426484,-0.04218638125490437,0.7187925345975528,0.6997684098149299,-0.01902412478262283,0.7187925345975528,0.7268615501026013,0.008069015505048571,0.7187925345975528,0.7279252722861833,0.009132737688630543,0.7187925345975528,0.7040912285077087,-0.014701306089844102,0.7187925345975528,0.718198232798478,-0.0005943017990747146
2.0,3.0,2.0,4.0,2.0,3.0,3.0,3.0,5.0,7.0,1.0,5.0,0.0,0.0,1.0,0.0,0.0,0.0,0.0,0.0,0.0,0.0,0.0,0.0,0.0,0.0,0.0,0.0,1.0,0.0,0.0,0.0,0.0,0.0,0.0,0.0,0.0,1.0,0.0,0.0,0.5384111739715504,0.48842366769732715,-0.049987506274223215,0.5384111739715504,0.515410931247124,-0.023000242724426356,0.5384111739715504,0.5484042245781136,0.009993050606563192,0.5384111739715504,0.5497324133164835,0.01132123934493312,0.5384111739715504,0.5205695577019925,-0.017841616269557825,0.5384111739715504,0.5376808497195846,-0.0007303242519657305
6.0,1.0,9.0,2.0,2.0,5.0,3.0,4.0,10.0,10.0,4.0,10.0,0.0,1.0,0.0,0.0,0.0,0.0,0.0,0.0,0.0,0.0,0.0,0.0,1.0,0.0,0.0,0.0,0.0,0.0,0.0,0.0,0.0,0.0,0.0,0.0,0.0,0.0,0.0,0.0,0.6515646666712309,0.6048374067035439,-0.04672725996768701,0.6515646666712309,0.6303315029476381,-0.02123316372359285,,,,,,,0.6515646666712309,0.6351328011958297,-0.01643186547540121,,,
2.0,1.0,2.0,3.0,2.0,4.0,2.0,3.0,6.0,6.0,3.0,8.0,1.0,0.0,0.0,0.0,0.0,0.0,1.0,0.0,1.0,0.0,0.0,0.0,0.0,0.0,0.0,0.0,0.0,0.0,0.0,0.0,1.0,0.0,0.0,0.0,0.0,0.0,0.0,0.0,0.8967508695619454,0.876681319352595,-0.020069550209350417,0.8967508695619454,0.8878881265182448,-0.008862743043700605,0.8967508695619454,0.9004209365849167,0.003670067022971346,0.8967508695619454,0.9009008950259744,0.0041500254640289835,0.8967508695619454,0.8899283999620772,-0.006822469599868208,0.8967508695619454,0.8964784977581997,-0.0002723718037457301
6.0,1.0,5.0,1.0,1.0,4.0,1.0,3.0,7.0,8.0,4.0,8.0,1.0,0.0,0.0,0.0,0.0,0.0,1.0,0.0,0.0,0.0,0.0,0.0,0.0,0.0,0.0,0.0,0.0,0.0,0.0,1.0,0.0,0.0,0.0,0.0,0.0,0.0,0.0,0.0,0.845780740100928,0.8178164411715659,-0.02796429892936203,0.845780740100928,0.8333558484784701,-0.012424891622457856,0.845780740100928,0.8509614648208539,0.005180724719925922,0.845780740100928,0.8516405331484844,0.005859793047556461,0.845780740100928,0.8362054541905738,-0.00957528591035417,0.845780740100928,0.8453970900766539,-0.0003836500242740959
5.0,1.0,2.0,1.0,3.0,4.0,2.0,3.0,8.0,7.0,4.0,9.0,0.0,0.0,1.0,0.0,0.0,0.0,1.0,0.0,0.0,0.0,0.0,0.0,0.0,0.0,0.0,0.0,0.0,0.0,0.0,0.0,0.0,0.0,0.0,0.0,0.0,0.0,0.0,0.0,0.5207136862446091,0.47069376982276473,-0.05001991642184439,0.5207136862446091,0.4976543734867756,-0.023059312757833517,0.5207136862446091,0.5307559566817809,0.010042270437171763,0.5207136862446091,0.5320917642005955,0.011378077955986332,0.5207136862446091,0.5028196859512005,-0.017894000293408596,0.5207136862446091,0.5199803252525952,-0.0007333609920139317
3.0,1.0,1.0,2.0,3.0,2.0,4.0,4.0,7.0,5.0,2.0,5.0,0.0,0.0,1.0,0.0,0.0,0.0,0.0,0.0,0.0,0.0,0.0,1.0,0.0,0.0,0.0,0.0,0.0,0.0,0.0,0.0,0.0,0.0,0.0,0.0,0.0,0.0,0.0,0.0,0.38984000680654574,0.3433848111218374,-0.04645519568470835,0.38984000680654574,0.36812487828599744,-0.0217151285205483,0.38984000680654574,0.3994619128987094,0.009621906092163679,0.38984000680654574,0.40074948663487103,0.010909479828325297,0.38984000680654574,0.3729438728157916,-0.016896133990754125,0.38984000680654574,0.3891413129330339,-0.0006986938735118464
6.0,6.0,3.0,1.0,2.0,4.0,1.0,3.0,10.0,10.0,5.0,10.0,0.0,0.0,0.0,0.0,0.0,0.0,1.0,0.0,0.0,0.0,0.0,0.0,0.0,0.0,0.0,0.0,0.0,0.0,0.0,0.0,0.0,0.0,0.0,0.0,0.0,0.0,0.0,0.0,0.7062363673929838,0.6630493354277794,-0.04318703196520435,0.7062363673929838,0.6867330064446582,-0.01950336094832561,,,,,,,,,,,,
5.0,1.0,2.0,1.0,2.0,5.0,3.0,3.0,8.0,7.0,1.0,5.0,0.0,0.0,1.0,0.0,0.0,0.0,1.0,0.0,0.0,0.0,0.0,0.0,0.0,0.0,0.0,0.0,0.0,1.0,0.0,0.0,0.0,0.0,0.0,0.0,0.0,0.0,0.0,0.0,0.6426793548548809,0.5955002655958751,-0.047179089259005824,0.6426793548548809,0.6212195040173449,-0.021459850837535988,0.6426793548548809,0.6518746185713319,0.009195263716450963,0.6426793548548809,0.6530909949067382,0.01041164005185724,0.6426793548548809,0.6260689426622994,-0.016610412192581525,0.6426793548548809,0.6420043111048968,-0.0006750437499841722
5.0,1.0,7.0,1.0,2.0,5.0,4.0,3.0,3.0,6.0,2.0,8.0,0.0,0.0,0.0,1.0,0.0,0.0,0.0,0.0,0.0,0.0,0.0,0.0,0.0,0.0,0.0,0.0,0.0,0.0,1.0,0.0,0.0,0.0,0.0,0.0,0.0,0.0,0.0,0.0,0.433695749173966,0.38531473943964806,-0.04838100973431797,0.433695749173966,0.4111839855321472,-0.02251176364181884,0.433695749173966,0.4436131120394977,0.009917362865531687,0.433695749173966,0.4449375588837213,0.011241809709755246,0.433695749173966,0.41619537975936044,-0.017500369414605588,0.433695749173966,0.4329742302319005,-0.0007215189420655133
4.0,1.0,10.0,1.0,2.0,2.0,2.0,4.0,9.0,8.0,4.0,8.0,0.0,0.0,0.0,0.0,0.0,0.0,0.0,0.0,0.0,0.0,0.0,1.0,0.0,0.0,0.0,0.0,0.0,0.0,0.0,0.0,0.0,0.0,0.0,0.0,0.0,0.0,0.0,0.0,0.856683304659819,0.8302992866737785,-0.02638401798604051,0.856683304659819,0.8449757940406984,-0.011707510619120565,0.856683304659819,0.8615577272231096,0.004874422563290626,0.856683304659819,0.8621963339231926,0.005513029263373603,0.856683304659819,0.8476630216556142,-0.009020283004204765,0.856683304659819,0.8563221694443811,-0.00036113521543790217
6.0,1.0,9.0,1.0,2.0,4.0,2.0,4.0,7.0,8.0,3.0,8.0,1.0,0.0,0.0,0.0,0.0,0.0,1.0,0.0,0.0,0.0,0.0,1.0,0.0,0.0,0.0,0.0,0.0,0.0,0.0,0.0,0.0,0.0,0.0,0.0,0.0,0.0,0.0,0.0,0.7756460985805627,0.7388905247324077,-0.036755573848154977,0.7756460985805627,0.7591795850936217,-0.016466513486940948,0.7756460985805627,0.7825772091985066,0.006931110617943936,0.7756460985805627,0.7834885825306245,0.007842483950061818,0.7756460985805627,0.7629367785027108,-0.01270932007785186,0.7756460985805627,0.7751343619766388,-0.0005117366039238957
4.0,1.0,3.0,1.0,2.0,5.0,5.0,1.0,9.0,8.0,4.0,9.0,1.0,0.0,0.0,0.0,0.0,0.0,1.0,0.0,0.0,0.0,0.0,0.0,0.0,0.0,0.0,0.0,0.0,0.0,0.0,0.0,0.0,0.0,0.0,0.0,0.0,0.0,0.0,0.0,,,,0.7526341940692919,0.7350556306007303,-0.01757856346856157,0.7526341940692919,0.7600563049785044,0.00742211090921252,0.7526341940692919,0.7610332532178418,0.008399059148549881,0.7526341940692919,0.7390598327464716,-0.013574361322820305,0.7526341940692919,0.7520867453207932,-0.0005474487484986579
3.0,1.0,7.0,1.0,2.0,3.0,1.0,5.0,8.0,9.0,5.0,7.0,0.0,0.0,0.0,0.0,0.0,0.0,0.0,0.0,0.0,0.0,0.0,1.0,0.0,0.0,0.0,0.0,0.0,0.0,0.0,0.0,0.0,0.0,0.0,0.0,0.0,0.0,0.0,0.0,0.8816613801060652,0.8591195290708364,-0.022541851035228766,,,,0.8816613801060652,0.885799508324656,0.004138128218590831,0.8816613801060652,0.8863410444248249,0.004679664318759658,,,,0.8816613801060652,0.8813544687361411,-0.00030691136992411217
4.0,1.0,2.0,1.0,2.0,5.0,2.0,4.0,8.0,8.0,4.0,9.0,0.0,0.0,0.0,0.0,0.0,0.0,1.0,0.0,0.0,0.0,0.0,0.0,1.0,0.0,0.0,0.0,0.0,0.0,0.0,1.0,0.0,0.0,0.0,0.0,0.0,0.0,0.0,0.0,0.8433524431339242,0.8150441146947168,-0.028308328439207386,0.8433524431339242,0.8307710570208752,-0.012581386113049042,0.8433524431339242,0.848600139914506,0.00524769678058179,0.8433524431339242,0.8492880617133498,0.0059356185794255945,0.8433524431339242,0.8336560399196266,-0.009696403214297655,0.8433524431339242,0.8429638738602967,-0.0003885692736275148
5.0,1.0,2.0,2.0,1.0,2.0,1.0,5.0,10.0,10.0,2.0,9.0,0.0,1.0,0.0,0.0,0.0,0.0,0.0,0.0,0.0,0.0,0.0,0.0,0.0,1.0,0.0,0.0,0.0,0.0,0.0,0.0,0.0,0.0,0.0,0.0,0.0,0.0,0.0,0.0,0.6986465546449144,0.65488897193729,-0.04375758270762442,,,,,,,,,,0.6986465546449144,0.6833559974559539,-0.015290557188960552,0.6986465546449144,0.6980275632665418,-0.0006189913783726242
4.0,1.0,5.0,1.0,1.0,5.0,2.0,3.0,8.0,7.0,3.0,7.0,0.0,1.0,0.0,0.0,0.0,0.0,0.0,0.0,0.0,0.0,0.0,0.0,0.0,0.0,0.0,0.0,1.0,0.0,0.0,0.0,0.0,0.0,0.0,0.0,0.0,0.0,0.0,0.0,0.7819703928320598,0.7459115101804764,-0.03605888265158341,0.7819703928320598,0.7658279159726259,-0.01614247685943393,0.7819703928320598,0.7887593331615831,0.006788940329523263,0.7819703928320598,0.7896517581347761,0.0076813653027162365,0.7819703928320598,0.769512875413592,-0.01245751741846779,0.7819703928320598,0.7814690173374206,-0.0005013754946392446
2.0,2.0,3.0,2.0,2.0,5.0,2.0,3.0,5.0,9.0,2.0,4.0,0.0,0.0,0.0,0.0,0.0,0.0,1.0,0.0,0.0,0.0,0.0,0.0,0.0,0.0,0.0,0.0,0.0,0.0,1.0,1.0,0.0,0.0,0.0,0.0,0.0,0.0,0.0,0.0,0.7642037183755305,0.7262351932656462,-0.037968525109884244,0.7642037183755305,0.7471711341783773,-0.017032584197153144,0.7642037183755305,0.7713841353179619,0.0071804169424314335,0.7642037183755305,0.772328777120585,0.008125058745054536,0.7642037183755305,0.7510542438913521,-0.013149474484178358,0.7642037183755305,0.7636738344686135,-0.0005298839069169947
5.0,1.0,10.0,1.0,1.0,2.0,1.0,4.0,10.0,10.0,5.0,10.0,0.0,0.0,0.0,0.0,0.0,0.0,1.0,0.0,0.0,0.0,0.0,0.0,1.0,0.0,0.0,0.0,0.0,0.0,0.0,1.0,0.0,0.0,0.0,0.0,0.0,0.0,0.0,0.0,0.8882095165013745,0.8667264453680422,-0.021483071133332254,0.8882095165013745,0.8787127606126469,-0.00949675588872756,,,,,,,,,,,,
3.0,1.0,6.0,1.0,2.0,2.0,2.0,4.0,7.0,7.0,3.0,7.0,0.0,0.0,0.0,0.0,0.0,0.0,0.0,0.0,0.0,0.0,0.0,0.0,0.0,0.0,0.0,0.0,0.0,0.0,0.0,0.0,0.0,0.0,0.0,0.0,0.0,0.0,0.0,0.0,0.8463088623256747,0.8184197674372728,-0.027889094888401855,0.8463088623256747,0.8339181644914299,-0.012390697834244846,0.8463088623256747,0.8514749612119774,0.005166098886302706,0.8463088623256747,0.8521520963792629,0.00584323405358822,0.8463088623256747,0.8367600381549608,-0.009548824170713899,0.8463088623256747,0.8459262867742745,-0.0003825755514001994
4.0,1.0,4.0,1.0,1.0,1.0,1.0,5.0,10.0,10.0,4.0,10.0,0.0,1.0,0.0,0.0,0.0,0.0,0.0,0.0,0.0,0.0,0.0,0.0,1.0,0.0,0.0,0.0,0.0,0.0,0.0,0.0,0.0,0.0,0.0,0.0,0.0,0.0,0.0,0.0,0.7002536093326543,0.6566146849251254,-0.04363892440752892,,,,,,,,,,0.7002536093326543,0.6850078297063478,-0.015245779626306577,,,
6.0,2.0,5.0,1.0,3.0,4.0,2.0,4.0,9.0,7.0,5.0,9.0,0.0,0.0,0.0,0.0,0.0,0.0,1.0,0.0,0.0,0.0,0.0,0.0,0.0,1.0,0.0,0.0,0.0,0.0,0.0,0.0,0.0,0.0,1.0,0.0,0.0,0.0,0.0,0.0,0.6921764527169965,0.6479527921186186,-0.0442236605983779,0.6921764527169965,0.6721729353572172,-0.020003517359779233,0.6921764527169965,0.7006911751350009,0.008514722418004439,0.6921764527169965,0.7018150054680677,0.009638552751071283,,,,0.6921764527169965,0.6915500389188302,-0.0006264137981663032
6.0,4.0,10.0,1.0,2.0,2.0,2.0,3.0,10.0,10.0,2.0,0.0,0.0,0.0,0.0,0.0,0.0,0.0,1.0,0.0,0.0,0.0,0.0,0.0,0.0,0.0,0.0,0.0,0.0,0.0,0.0,0.0,0.0,0.0,1.0,0.0,0.0,0.0,0.0,0.0,0.7876271374281402,0.7522073400853186,-0.035419797342821524,0.7876271374281402,0.7717812433839641,-0.015845894044176023,,,,,,,0.7876271374281402,0.7753999954527069,-0.012227141975433287,0.7876271374281402,0.7871352290292069,-0.0004919083989333162
3.0,1.0,2.0,2.0,1.0,5.0,2.0,2.0,7.0,8.0,4.0,8.0,0.0,1.0,0.0,0.0,0.0,0.0,0.0,0.0,0.0,0.0,0.0,0.0,0.0,0.0,0.0,0.0,1.0,0.0,0.0,0.0,0.0,0.0,0.0,0.0,0.0,0.0,0.0,0.0,0.766354843054134,0.7286096883974481,-0.03774515465668593,0.766354843054134,0.749426694984521,-0.01692814806961307,0.766354843054134,0.7734891703434303,0.007134327289296305,0.766354843054134,0.7744276576523159,0.008072814598181877,0.766354843054134,0.7532866011244719,-0.013068241929662161,0.766354843054134,0.765828311906155,-0.0005265311479790702
5.0,1.0,4.0,1.0,1.0,4.0,2.0,4.0,9.0,7.0,4.0,9.0,0.0,0.0,0.0,0.0,0.0,0.0,0.0,0.0,0.0,0.0,0.0,0.0,1.0,0.0,0.0,0.0,0.0,0.0,0.0,0.0,0.0,0.0,0.0,0.0,0.0,0.0,0.0,0.0,0.8711160762048024,0.8469142751438246,-0.0242018010609778,0.8711160762048024,0.8603954449350969,-0.01072063126970546,0.8711160762048024,0.8755709159384307,0.0044548397336283685,0.8711160762048024,0.8761541743585398,0.005038098153737458,0.8711160762048024,0.8628587659090078,-0.008257310295794573,0.8711160762048024,0.8707858238169172,-0.0003302523878851993
4.0,2.0,5.0,3.0,1.0,3.0,2.0,4.0,10.0,5.0,5.0,7.0,0.0,0.0,0.0,0.0,0.0,0.0,1.0,0.0,0.0,1.0,0.0,0.0,0.0,0.0,0.0,0.0,0.0,0.0,0.0,1.0,0.0,0.0,0.0,0.0,0.0,0.0,0.0,0.0,0.7646083377075488,0.72668166345476,-0.03792667425278873,0.7646083377075488,0.7475953275537758,-0.01701301015377299,,,,0.7646083377075488,0.7727236005932451,0.008115262885696306,,,,0.7646083377075488,0.7640790823620667,-0.0005292553454820936
5.0,6.0,2.0,3.0,3.0,5.0,5.0,1.0,0.0,1.0,2.0,10.0,0.0,0.0,0.0,0.0,0.0,0.0,1.0,0.0,0.0,1.0,0.0,0.0,0.0,0.0,0.0,0.0,0.0,0.0,0.0,0.0,0.0,1.0,0.0,0.0,0.0,0.0,0.0,0.0,,,,0.2166160407738423,0.20136556520056526,-0.01525047557327705,0.2166160407738423,0.22352877928380646,0.006912738509964156,0.2166160407738423,0.2244612286925725,0.007845187918730206,0.2166160407738423,0.20470879503734393,-0.011907245736498373,,,
7.0,2.0,5.0,2.0,2.0,5.0,2.0,3.0,6.0,6.0,2.0,7.0,0.0,0.0,0.0,0.0,0.0,0.0,0.0,0.0,0.0,0.0,0.0,1.0,0.0,0.0,0.0,0.0,0.0,0.0,0.0,0.0,0.0,0.0,1.0,0.0,0.0,0.0,0.0,0.0,0.8030218454745631,0.7694179324236792,-0.03360391305088395,0.8030218454745631,0.7880154528432229,-0.015006392631340182,0.8030218454745631,0.8093151353272535,0.006293289852690398,0.8030218454745631,0.8101416217935566,0.00711977631899352,0.8030218454745631,0.7914463474972517,-0.011575497977311389,0.8030218454745631,0.802556656265279,-0.00046518920928417806
6.0,1.0,3.0,2.0,3.0,5.0,3.0,3.0,10.0,9.0,5.0,10.0,0.0,0.0,0.0,0.0,0.0,0.0,0.0,0.0,0.0,0.0,0.0,0.0,0.0,0.0,0.0,0.0,0.0,0.0,0.0,1.0,0.0,0.0,0.0,0.0,0.0,0.0,0.0,0.0,0.7549286628037212,0.7160216269979801,-0.038907035805741064,0.7549286628037212,0.7374562733327858,-0.017472389470935323,,,,0.7549286628037212,0.7632743194180172,0.008345656614295982,,,,,,
2.0,3.0,5.0,4.0,3.0,2.0,2.0,4.0,6.0,6.0,2.0,3.0,0.0,0.0,0.0,0.0,0.0,0.0,1.0,0.0,0.0,0.0,0.0,0.0,0.0,0.0,0.0,0.0,1.0,0.0,0.0,0.0,0.0,0.0,0.0,0.0,0.0,1.0,0.0,0.0,0.6633620255798144,0.6172875790146422,-0.046074446565172233,0.6633620255798144,0.6424532713942245,-0.020908754185589906,0.6633620255798144,0.672296436483379,0.008934410903564616,0.6633620255798144,0.6734771992218269,0.010115173642012532,0.6633620255798144,0.6471852538129214,-0.016176771766893028,0.6633620255798144,0.6627055484838227,-0.0006564770959917032
6.0,1.0,10.0,1.0,3.0,4.0,2.0,3.0,8.0,9.0,4.0,9.0,0.0,1.0,0.0,0.0,0.0,0.0,1.0,0.0,0.0,0.0,1.0,0.0,0.0,0.0,0.0,0.0,0.0,0.0,0.0,0.0,0.0,0.0,0.0,0.0,0.0,0.0,0.0,0.0,0.6457632107732189,0.5987370745129064,-0.04702613626031249,0.6457632107732189,0.6243803219877041,-0.021382888785514753,0.6457632107732189,0.6549217259306878,0.009158515157468905,0.6457632107732189,0.6561330716923658,0.010369860919146934,0.6457632107732189,0.6292134470354523,-0.01654976373776651,0.6457632107732189,0.6450907756939027,-0.000672435079316136
4.0,1.0,2.0,1.0,2.0,5.0,3.0,2.0,9.0,9.0,5.0,10.0,1.0,0.0,0.0,0.0,0.0,0.0,0.0,0.0,0.0,0.0,0.0,1.0,0.0,0.0,0.0,0.0,0.0,0.0,0.0,0.0,0.0,0.0,0.0,0.0,0.0,0.0,0.0,0.0,0.815237111426493,0.783154360630753,-0.03208275079573997,0.815237111426493,0.8009306197180658,-0.014306491708427238,0.815237111426493,0.8212270170528755,0.0059899056263824635,0.815237111426493,0.8220132283350127,0.006776116908519647,,,,,,
2.0,2.0,3.0,2.0,3.0,4.0,2.0,2.0,5.0,7.0,5.0,5.0,0.0,0.0,0.0,0.0,0.0,0.0,1.0,0.0,0.0,0.0,0.0,0.0,0.0,0.0,0.0,0.0,1.0,0.0,0.0,0.0,0.0,0.0,0.0,0.0,0.0,0.0,0.0,0.0,0.7302925484726404,0.6890851389848979,-0.041207409487742486,0.7302925484726404,0.7117344098125414,-0.018558138660098922,0.7302925484726404,0.7381517899107825,0.007859241438142095,0.7302925484726404,0.7391873199373188,0.00889477146467843,,,,0.7302925484726404,0.729713411701364,-0.0005791367712764117
3.0,1.0,5.0,1.0,1.0,3.0,1.0,3.0,7.0,4.0,2.0,6.0,0.0,1.0,0.0,0.0,0.0,0.0,0.0,0.0,0.0,0.0,0.0,0.0,0.0,0.0,0.0,0.0,0.0,1.0,0.0,0.0,0.0,0.0,0.0,0.0,0.0,0.0,0.0,1.0,0.7872949272023039,0.7518371807053023,-0.03545774649700162,0.7872949272023039,0.7714314390455603,-0.015863488156743544,0.7872949272023039,0.7939617581121307,0.006666830909826782,0.7872949272023039,0.7948379212807416,0.007542994078437726,0.7872949272023039,0.7750541211370074,-0.012240806065296428,0.7872949272023039,0.7868024576076519,-0.0004924695946519897
4.0,1.0,10.0,1.0,2.0,4.0,3.0,3.0,6.0,6.0,3.0,6.0,0.0,0.0,0.0,1.0,0.0,0.0,1.0,0.0,0.0,0.0,0.0,0.0,1.0,0.0,0.0,0.0,0.0,0.0,0.0,0.0,0.0,0.0,0.0,0.0,0.0,0.0,0.0,0.0,0.6687539681533634,0.6229980910960631,-0.04575587705730033,0.6687539681533634,0.6480024053389901,-0.020751562814373292,0.6687539681533634,0.6776148223360047,0.008860854182641265,0.6687539681533634,0.6787855779548504,0.010031609801486985,0.6687539681533634,0.6527006479555655,-0.016053320197797927,0.6687539681533634,0.6681027450384184,-0.000651223114945032
2.0,6.0,4.0,4.0,2.0,4.0,3.0,2.0,9.0,9.0,4.0,10.0,0.0,1.0,0.0,0.0,0.0,0.0,1.0,0.0,0.0,0.0,0.0,0.0,0.0,0.0,0.0,0.0,1.0,0.0,0.0,0.0,0.0,0.0,0.0,0.0,0.0,1.0,0.0,0.0,0.4744525006261732,0.42493650665502386,-0.049515993971149364,0.4744525006261732,0.45151190514321254,-0.02294059548296068,0.4744525006261732,0.4845044845005527,0.0100519838743795,0.4744525006261732,0.4858444100870735,0.011391909460900296,0.4744525006261732,0.4566336366170285,-0.01781886400914473,,,
4.0,1.0,1.0,1.0,3.0,3.0,1.0,4.0,5.0,6.0,3.0,7.0,0.0,0.0,0.0,0.0,0.0,0.0,0.0,0.0,0.0,0.0,0.0,0.0,0.0,0.0,0.0,0.0,0.0,0.0,0.0,0.0,0.0,0.0,0.0,0.0,0.0,0.0,0.0,0.0,0.7688967936143776,0.7314183697412715,-0.03747842387310607,0.7688967936143776,0.7520932389716762,-0.016803554642701335,0.7688967936143776,0.7759761923837629,0.007079398769385348,0.7688967936143776,0.7769073473878941,0.00801055377351656,0.7688967936143776,0.7559254466501414,-0.012971346964236186,0.7688967936143776,0.7683742595045984,-0.0005225341097792047
4.0,2.0,6.0,1.0,3.0,5.0,3.0,3.0,9.0,8.0,3.0,10.0,1.0,0.0,0.0,0.0,0.0,0.0,1.0,0.0,0.0,0.0,0.0,0.0,1.0,0.0,0.0,0.0,0.0,0.0,0.0,0.0,0.0,0.0,0.0,0.0,0.0,0.0,0.0,0.0,0.7100431440246122,0.6671519973843357,-0.04289114664027649,0.7100431440246122,0.6906818260485658,-0.019361317976046455,0.7100431440246122,0.7182648128924113,0.00822166886779907,0.7100431440246122,0.7193490876987604,0.009305943674148165,0.7100431440246122,0.6950784667134273,-0.014964677311184893,,,
4.0,2.0,6.0,3.0,1.0,4.0,1.0,4.0,7.0,7.0,4.0,3.0,0.0,0.0,0.0,0.0,1.0,0.0,1.0,0.0,0.0,1.0,0.0,0.0,0.0,0.0,0.0,0.0,0.0,0.0,0.0,0.0,0.0,0.0,0.0,1.0,0.0,0.0,0.0,0.0,0.7811989866373329,0.7450541194362819,-0.036144867201051034,0.7811989866373329,0.7650165590700196,-0.01618242756731325,0.7811989866373329,0.7880054349358696,0.006806448298536716,0.7811989866373329,0.7889001924771757,0.007701205839842795,0.7811989866373329,0.7687104301420516,-0.012488556495281244,0.7811989866373329,0.7806963347283443,-0.0005026519089885717
4.0,1.0,10.0,1.0,1.0,4.0,3.0,4.0,7.0,7.0,2.0,7.0,0.0,0.0,0.0,0.0,0.0,0.0,0.0,0.0,0.0,0.0,0.0,0.0,1.0,0.0,0.0,0.0,0.0,0.0,0.0,0.0,0.0,0.0,0.0,0.0,0.0,0.0,0.0,0.0,0.9000324410868463,0.8805157714550348,-0.019516669631811534,0.9000324410868463,0.8914172752742675,-0.008615165812578818,0.9000324410868463,0.9035984017611581,0.0035659606743118077,0.9000324410868463,0.9040646769575093,0.004032235870662926,0.9000324410868463,0.8934010341670243,-0.006631406919822003,0.9000324410868463,0.8997677584935818,-0.00026468259326450916
3.0,1.0,5.0,1.0,2.0,5.0,1.0,3.0,6.0,6.0,2.0,6.0,0.0,0.0,0.0,0.0,0.0,0.0,0.0,0.0,0.0,0.0,0.0,1.0,0.0,0.0,0.0,0.0,0.0,0.0,0.0,0.0,0.0,0.0,0.0,0.0,0.0,0.0,0.0,0.0,0.9189308912600568,0.9027049203793325,-0.016225970880724305,0.9189308912600568,0.9117847559943383,-0.007146135265718501,0.9189308912600568,0.9218812333887887,0.0029503421287319087,0.9189308912600568,0.9222666855431466,0.0033357942830898324,0.9189308912600568,0.913432545837634,-0.005498345422422779,0.9189308912600568,0.9187117266005488,-0.00021916465950799768
7.0,6.0,7.0,2.0,3.0,3.0,2.0,3.0,9.0,9.0,4.0,9.0,0.0,0.0,0.0,0.0,0.0,0.0,0.0,0.0,0.0,0.0,0.0,0.0,0.0,1.0,0.0,0.0,0.0,0.0,0.0,0.0,0.0,0.0,1.0,0.0,0.0,0.0,0.0,0.0,0.5477431755479721,0.4978236825145348,-0.049919493033437345,0.5477431755479721,0.5247975230265002,-0.02294565252147196,0.5477431755479721,0.5577001618009844,0.009956986253012223,0.5477431755479721,0.5590229948343427,0.011279819286370563,0.5477431755479721,0.5299473557859642,-0.017795819762007947,0.5477431755479721,0.5470151939767971,-0.0007279815711750404
3.0,1.0,7.0,1.0,3.0,3.0,2.0,4.0,3.0,6.0,3.0,6.0,1.0,0.0,0.0,0.0,0.0,0.0,1.0,0.0,0.0,0.0,0.0,0.0,1.0,0.0,0.0,0.0,0.0,0.0,0.0,0.0,0.0,0.0,0.0,0.0,0.0,0.0,0.0,0.0,0.6720546581305836,0.6265000748812907,-0.04555458324929296,0.6720546581305836,0.6514020873411144,-0.02065257078946925,0.6720546581305836,0.6808693525405708,0.008814694409987167,0.6720546581305836,0.6820338351630284,0.009979177032444775,0.6720546581305836,0.6560790364436645,-0.015975621686919128,0.6720546581305836,0.6714067356819978,-0.0006479224485858026
3.0,1.0,6.0,1.0,1.0,5.0,2.0,3.0,8.0,6.0,3.0,8.0,0.0,0.0,0.0,0.0,0.0,0.0,0.0,0.0,0.0,0.0,0.0,0.0,0.0,0.0,0.0,0.0,0.0,0.0,0.0,0.0,0.0,0.0,0.0,0.0,0.0,0.0,0.0,0.0,0.9336432795234721,0.9201059734515964,-0.013537306071875754,0.9336432795234721,0.9276919743557188,-0.005951305167753329,0.9336432795234721,0.9360954296025236,0.0024521500790514184,0.9336432795234721,0.9364155837487547,0.002772304225282518,0.9336432795234721,0.9290657463293629,-0.004577533194109251,0.9336432795234721,0.933461008781016,-0.0001822707424561365
7.0,2.0,10.0,2.0,2.0,3.0,1.0,3.0,7.0,8.0,2.0,8.0,0.0,0.0,0.0,0.0,0.0,0.0,0.0,0.0,0.0,0.0,0.0,0.0,0.0,0.0,0.0,0.0,0.0,0.0,0.0,0.0,0.0,0.0,1.0,0.0,0.0,0.0,0.0,0.0,0.8369754576117484,0.8077773863052665,-0.029198071306481888,0.8369754576117484,0.8239887877900813,-0.012986669821667074,0.8369754576117484,0.842396861186944,0.005421403575195605,0.8369754576117484,0.8431077579333386,0.006132300321590178,0.8369754576117484,0.8269653113669322,-0.01001014624481622,0.8369754576117484,0.8365741353142848,-0.00040132229746359105
4.0,1.0,3.0,1.0,1.0,2.0,2.0,3.0,2.0,6.0,3.0,3.0,0.0,0.0,0.0,0.0,0.0,0.0,0.0,0.0,0.0,0.0,0.0,0.0,1.0,0.0,0.0,0.0,0.0,0.0,0.0,0.0,0.0,0.0,0.0,0.0,0.0,0.0,0.0,0.0,0.823937570359636,0.7929819524022692,-0.030955617957366788,0.823937570359636,0.8101478805240884,-0.013789689835547625,0.823937570359636,0.8297043327421096,0.005766762382473645,0.823937570359636,0.8304609589801573,0.006523388620521264,0.823937570359636,0.8133054348010623,-0.010632135558573674,0.823937570359636,0.8235109201925176,-0.0004266501671184031
2.0,1.0,6.0,1.0,3.0,4.0,4.0,3.0,6.0,6.0,2.0,7.0,0.0,0.0,0.0,0.0,0.0,0.0,1.0,0.0,0.0,0.0,0.0,1.0,0.0,0.0,0.0,0.0,0.0,0.0,0.0,0.0,0.0,0.0,0.0,0.0,0.0,0.0,0.0,0.0,0.7940233220394426,0.7593443435954027,-0.03467897844403989,0.7940233220394426,0.7785204703321709,-0.015502851707271725,0.7940233220394426,0.8005326946348189,0.006509372595376317,0.7940233220394426,0.801387905250002,0.007364583210559439,0.7940233220394426,0.7820625373624401,-0.011960784677002456,0.7940233220394426,0.7935423453564303,-0.0004809766830122797
6.0,1.0,6.0,1.0,1.0,1.0,1.0,3.0,8.0,9.0,2.0,5.0,0.0,1.0,0.0,0.0,0.0,0.0,1.0,0.0,0.0,0.0,0.0,0.0,0.0,1.0,0.0,0.0,0.0,0.0,0.0,1.0,0.0,0.0,0.0,0.0,0.0,0.0,0.0,0.0,0.6941327344677753,0.6500480302548032,-0.04408470421297217,0.6941327344677753,0.6741965058676909,-0.019936228600084482,0.6941327344677753,0.7026165928486755,0.008483858380900156,0.6941327344677753,0.703736250453108,0.0096035159853326,0.6941327344677753,0.6787184699218979,-0.015414264545877465,0.6941327344677753,0.693508538900755,-0.0006241955670203136
4.0,1.0,1.0,1.0,2.0,5.0,4.0,1.0,8.0,7.0,3.0,5.0,0.0,0.0,1.0,0.0,0.0,0.0,1.0,0.0,1.0,0.0,0.0,0.0,0.0,0.0,0.0,0.0,0.0,0.0,0.0,0.0,0.0,0.0,0.0,0.0,0.0,0.0,0.0,0.0,0.6947714384055962,0.6507324705294341,-0.04403896787616213,0.6947714384055962,0.674857339822961,-0.019914098582635154,0.6947714384055962,0.7032451548432358,0.008473716437639611,0.6947714384055962,0.7043634416564234,0.009592003250827208,0.6947714384055962,0.6793744937799167,-0.015396944625679532,0.6947714384055962,0.6941479719443853,-0.0006234664612109198
3.0,1.0,6.0,1.0,1.0,2.0,2.0,2.0,9.0,8.0,3.0,8.0,0.0,0.0,0.0,0.0,0.0,0.0,1.0,0.0,1.0,0.0,0.0,0.0,0.0,0.0,0.0,0.0,0.0,0.0,0.0,0.0,0.0,0.0,0.0,0.0,0.0,0.0,0.0,0.0,0.9228363653976666,0.9073132314775886,-0.01552313392007798,0.9228363653976666,0.9160030244473721,-0.00683334095029442,0.9228363653976666,0.9256560747154291,0.002819709317762542,0.9228363653976666,0.9260243957266052,0.0031880303289386624,0.9228363653976666,0.9175791430046621,-0.005257222393004413,0.9228363653976666,0.9226268699254189,-0.00020949547224768938
6.0,5.0,8.0,1.0,1.0,4.0,1.0,3.0,7.0,7.0,3.0,8.0,0.0,0.0,0.0,0.0,0.0,0.0,0.0,0.0,0.0,0.0,0.0,0.0,0.0,1.0,0.0,0.0,0.0,0.0,0.0,0.0,0.0,0.0,1.0,0.0,0.0,0.0,0.0,0.0,0.8424179898080586,0.8139780410677223,-0.028439948740336285,0.8424179898080586,0.8297767002546392,-0.012641289553419366,0.8424179898080586,0.8476913372859808,0.005273347477922186,0.8424179898080586,0.848382650665313,0.005964660857254445,0.8424179898080586,0.8326752205526716,-0.009742769255386974,0.8424179898080586,0.842027536777988,-0.00039045303007057
5.0,1.0,7.0,2.0,2.0,3.0,3.0,3.0,8.0,5.0,2.0,5.0,0.0,0.0,0.0,0.0,0.0,0.0,1.0,0.0,0.0,1.0,0.0,0.0,0.0,0.0,0.0,0.0,0.0,0.0,0.0,0.0,0.0,0.0,0.0,1.0,0.0,0.0,0.0,0.0,0.6983687781131681,0.6545908023727648,-0.04377797574040332,0.6983687781131681,0.6785808023700319,-0.019787975743136177,0.6983687781131681,0.7067847734506334,0.008415995337465287,0.6983687781131681,0.7078952620475053,0.009526483934337193,0.6983687781131681,0.6830705202851639,-0.015298257828004203,0.6983687781131681,0.6977494630101597,-0.0006193151030083888
7.0,3.0,9.0,3.0,1.0,5.0,1.0,2.0,10.0,10.0,5.0,10.0,0.0,0.0,0.0,0.0,0.0,0.0,1.0,0.0,0.0,0.0,0.0,1.0,0.0,0.0,0.0,0.0,0.0,0.0,0.0,0.0,0.0,0.0,1.0,0.0,0.0,0.0,0.0,0.0,0.8736696125831507,0.8498646727088363,-0.023804939874314424,0.8736696125831507,0.8631280122521648,-0.010541600330985834,,,,,,,,,,,,
6.0,1.0,7.0,1.0,2.0,4.0,2.0,3.0,8.0,8.0,3.0,8.0,0.0,0.0,0.0,0.0,0.0,0.0,1.0,0.0,0.0,0.0,1.0,0.0,0.0,0.0,0.0,0.0,0.0,0.0,0.0,0.0,0.0,0.0,0.0,0.0,0.0,0.0,0.0,0.0,0.8660985675319339,0.8411264149933775,-0.024972152538556447,0.8660985675319339,0.8550300336194445,-0.011068533912489409,0.8660985675319339,0.8707010942829811,0.00460252675104722,0.8660985675319339,0.8713038246158084,0.005205257083874426,0.8660985675319339,0.8575723553592057,-0.008526212172728198,0.8660985675319339,0.8657574395680416,-0.00034112796389229594
3.0,1.0,8.0,1.0,1.0,3.0,3.0,3.0,9.0,9.0,5.0,7.0,0.0,0.0,0.0,0.0,0.0,0.0,0.0,0.0,0.0,0.0,0.0,1.0,0.0,0.0,0.0,0.0,0.0,0.0,0.0,0.0,0.0,0.0,0.0,0.0,0.0,0.0,0.0,0.0,0.9041777257553788,0.8853672656223701,-0.01881046013300869,0.9041777257553788,0.8958784712779245,-0.008299254477454276,0.9041777257553788,0.9076109979163931,0.0034332721610143,0.9041777257553788,0.9080598397454197,0.003882113990040903,,,,0.9041777257553788,0.9039228469608395,-0.00025487879453933715
2.0,2.0,1.0,4.0,2.0,4.0,2.0,2.0,9.0,8.0,3.0,3.0,0.0,0.0,0.0,0.0,1.0,0.0,1.0,0.0,0.0,0.0,0.0,0.0,0.0,0.0,0.0,0.0,1.0,0.0,0.0,0.0,0.0,0.0,0.0,0.0,0.0,1.0,0.0,0.0,0.8252836071970783,0.7945056269813281,-0.030777980215750178,0.8252836071970783,0.8115752331262787,-0.013708374070799612,0.8252836071970783,0.8310153236107086,0.00573171641363035,0.8252836071970783,0.8317673061361291,0.006483698939050875,0.8252836071970783,0.8147144774721948,-0.010569129724883441,0.8252836071970783,0.8248595255133735,-0.00042408168370478005
5.0,1.0,5.0,1.0,4.0,2.0,2.0,3.0,6.0,7.0,5.0,8.0,0.0,0.0,0.0,0.0,0.0,0.0,1.0,0.0,0.0,1.0,0.0,0.0,0.0,0.0,0.0,0.0,0.0,0.0,0.0,0.0,0.0,0.0,0.0,0.0,0.0,0.0,0.0,0.0,0.5378766282467762,0.4878862945486544,-0.04999033369812178,0.5378766282467762,0.5148737494806606,-0.02300287876611562,0.5378766282467762,0.5478715333982701,0.009994905151493927,0.5378766282467762,0.5492000009754733,0.011323372728697101,,,,0.5378766282467762,0.537146185306485,-0.0007304429402912316
5.0,1.0,2.0,4.0,2.0,3.0,3.0,3.0,9.0,9.0,3.0,10.0,0.0,0.0,0.0,0.0,0.0,0.0,1.0,0.0,0.0,0.0,0.0,0.0,0.0,0.0,0.0,0.0,0.0,0.0,0.0,0.0,0.0,0.0,0.0,0.0,0.0,0.0,0.0,0.0,0.7172975327973817,0.6749882837255018,-0.04230924907187994,0.7172975327973817,0.6982147321335512,-0.0190828006638305,0.7172975327973817,0.7253930574845686,0.008095524687186884,0.7172975327973817,0.7264603464138379,0.009162813616456211,0.7172975327973817,0.7025504122066116,-0.014747120590770102,,,
4.0,2.0,5.0,1.0,4.0,4.0,3.0,2.0,6.0,6.0,3.0,4.0,0.0,0.0,0.0,0.0,0.0,0.0,0.0,0.0,0.0,0.0,0.0,1.0,0.0,0.0,0.0,0.0,0.0,0.0,0.0,0.0,0.0,0.0,0.0,0.0,0.0,0.0,0.0,0.0,0.6990506881098505,0.6553228364464369,-0.04372785166341364,0.6990506881098505,0.6792869038969845,-0.019763784212865954,0.6990506881098505,0.707455627152881,0.008404939043030524,0.6990506881098505,0.7085646226741348,0.009513934564284288,0.6990506881098505,0.6837713550503269,-0.015279333059523559,0.6990506881098505,0.6984321685254071,-0.0006185195844433666
2.0,1.0,6.0,1.0,2.0,4.0,2.0,3.0,6.0,6.0,3.0,7.0,0.0,0.0,0.0,0.0,0.0,0.0,0.0,0.0,1.0,0.0,0.0,0.0,0.0,0.0,0.0,0.0,0.0,0.0,0.0,0.0,0.0,0.0,0.0,0.0,0.0,0.0,0.0,0.0,0.9187142443275692,0.9024495147358411,-0.01626472959172809,0.9187142443275692,0.9115508500623717,-0.00716339426519752,0.9187142443275692,0.9216717988172078,0.0029575544896386363,0.9187142443275692,0.9220581969903864,0.0033439526628171734,0.9187142443275692,0.9132025931565777,-0.005511651170991505,0.9187142443275692,0.9184945459265657,-0.0002196984010035541
5.0,1.0,3.0,3.0,2.0,5.0,1.0,3.0,7.0,5.0,2.0,9.0,0.0,0.0,0.0,0.0,0.0,1.0,1.0,0.0,0.0,0.0,0.0,0.0,0.0,0.0,0.0,0.0,1.0,0.0,0.0,0.0,0.0,1.0,0.0,0.0,0.0,0.0,0.0,0.0,0.6007340293171348,0.5518783415347343,-0.04885568778240057,0.6007340293171348,0.5784075741052751,-0.02232645521185972,0.6007340293171348,0.6103542779836598,0.009620248666525,0.6007340293171348,0.6116292973195866,0.010895268002451775,0.6007340293171348,0.5834375847367524,-0.017296444580382375,0.6007340293171348,0.6000290596227571,-0.0007049696943777217
5.0,1.0,9.0,1.0,2.0,2.0,2.0,4.0,8.0,8.0,4.0,8.0,0.0,0.0,0.0,0.0,0.0,0.0,1.0,0.0,0.0,0.0,0.0,1.0,0.0,0.0,0.0,0.0,0.0,0.0,0.0,0.0,0.0,0.0,0.0,0.0,0.0,0.0,0.0,0.0,0.8046548616661869,0.7712501776258582,-0.0334046840403287,0.8046548616661869,0.7897403026825303,-0.014914558983656678,0.8046548616661869,0.8109082635672649,0.006253401901077926,0.8046548616661869,0.8117294512597991,0.007074589593612179,0.8046548616661869,0.7931506090604891,-0.011504252605697873,0.8046548616661869,0.8041925886534091,-0.00046227301277779187
4.0,1.0,5.0,1.0,1.0,3.0,1.0,3.0,8.0,8.0,4.0,8.0,1.0,0.0,0.0,0.0,0.0,0.0,1.0,0.0,0.0,0.0,0.0,1.0,0.0,0.0,0.0,0.0,0.0,0.0,0.0,0.0,0.0,0.0,0.0,0.0,0.0,0.0,0.0,0.0,0.8608805808037465,0.8351205481267373,-0.025760032677009215,0.8608805808037465,0.8494556916933699,-0.011424889110376646,0.8608805808037465,0.8656346378647345,0.004754057060987971,0.8608805808037465,0.8662573579043505,0.005376777100604024,0.8608805808037465,0.8520788580311484,-0.008801722772598164,0.8608805808037465,0.8605283001608877,-0.00035228064285885985
6.0,1.0,8.0,1.0,1.0,3.0,2.0,4.0,8.0,8.0,4.0,7.0,1.0,0.0,0.0,0.0,0.0,0.0,0.0,0.0,0.0,0.0,0.0,0.0,1.0,0.0,0.0,0.0,0.0,0.0,0.0,0.0,0.0,0.0,0.0,0.0,0.0,0.0,0.0,0.0,0.8035262126610129,0.7699836970234887,-0.033542515637524195,0.8035262126610129,0.7885481263766654,-0.014978086284347492,0.8035262126610129,0.8098072049670489,0.006280992306036071,0.8035262126610129,0.8106320576926482,0.0071058450316353605,0.8035262126610129,0.7919726757817034,-0.01155353687930949,0.8035262126610129,0.8030619224599946,-0.0004642902010182359
6.0,1.0,9.0,1.0,2.0,5.0,3.0,4.0,6.0,7.0,3.0,7.0,0.0,0.0,0.0,0.0,0.0,0.0,0.0,0.0,0.0,0.0,0.0,1.0,0.0,0.0,0.0,0.0,0.0,0.0,0.0,1.0,0.0,0.0,0.0,0.0,0.0,0.0,0.0,0.0,0.844717517395351,0.8166022309878219,-0.028115286407529028,0.844717517395351,0.8322239579704283,-0.012493559424922696,0.844717517395351,0.8499276216948306,0.0052101042994796565,0.844717517395351,0.8506105735994927,0.005893056204141711,0.844717517395351,0.83508908877748,-0.009628428617870943,0.844717517395351,0.8443317092146062,-0.00038580818074474
3.0,1.0,5.0,1.0,1.0,4.0,2.0,3.0,7.0,7.0,3.0,8.0,0.0,0.0,0.0,0.0,0.0,0.0,1.0,0.0,1.0,0.0,0.0,0.0,0.0,0.0,0.0,0.0,0.0,0.0,0.0,0.0,0.0,0.0,0.0,0.0,0.0,0.0,0.0,0.0,0.9270896936489511,0.9123409316720191,-0.014748761976931979,0.9270896936489511,0.9206006053145337,-0.006489088334417414,0.9270896936489511,0.929765806980994,0.002676113332042873,0.9270896936489511,0.9301153043942025,0.003025610745251428,0.9270896936489511,0.9220977917156724,-0.004991901933278697,0.9270896936489511,0.9268908309287055,-0.00019886272024560725
3.0,1.0,6.0,1.0,1.0,4.0,2.0,4.0,8.0,6.0,3.0,7.0,0.0,0.0,0.0,0.0,0.0,0.0,0.0,0.0,0.0,0.0,0.0,0.0,0.0,0.0,0.0,0.0,0.0,0.0,0.0,0.0,0.0,0.0,0.0,0.0,0.0,0.0,0.0,0.0,0.9162383859448324,0.899532429436663,-0.016705956508169417,0.9162383859448324,0.9088784446872278,-0.007359941257604641,0.9162383859448324,0.9192781086229709,0.0030397226781384568,0.9162383859448324,0.9196752859270798,0.003436899982247388,0.9162383859448324,0.9105751977470263,-0.0056631881978060905,0.9162383859448324,0.9160126075633817,-0.00022577838145076967
3.0,1.0,7.0,1.0,1.0,1.0,1.0,5.0,6.0,6.0,4.0,8.0,0.0,0.0,0.0,0.0,0.0,0.0,0.0,0.0,0.0,0.0,0.0,0.0,0.0,0.0,0.0,0.0,1.0,0.0,0.0,0.0,0.0,0.0,0.0,0.0,0.0,0.0,0.0,0.0,0.8437617961622175,0.8155112607022995,-0.028250535459917958,,,,0.8437617961622175,0.8489982349717078,0.005236438809490318,0.8437617961622175,0.8496846683355377,0.005922872173320215,0.8437617961622175,0.8340857467532775,-0.009676049408939957,0.8437617961622175,0.8433740537210815,-0.0003877424411359298
3.0,1.0,7.0,1.0,1.0,1.0,1.0,3.0,6.0,6.0,5.0,6.0,1.0,0.0,0.0,0.0,0.0,0.0,0.0,0.0,0.0,0.0,0.0,0.0,0.0,0.0,0.0,0.0,0.0,0.0,0.0,0.0,0.0,0.0,0.0,0.0,0.0,0.0,0.0,0.0,0.8373646061261207,0.8082202621554904,-0.02914434397063037,0.8373646061261207,0.8244024324150869,-0.012962173711033809,0.8373646061261207,0.8427754994952964,0.005410893369175662,0.8373646061261207,0.8434850056526695,0.006120399526548748,,,,0.8373646061261207,0.8369640552006617,-0.00040055092545898674
5.0,2.0,3.0,1.0,1.0,5.0,2.0,2.0,10.0,8.0,5.0,9.0,0.0,0.0,0.0,0.0,0.0,1.0,0.0,0.0,0.0,0.0,0.0,0.0,1.0,0.0,0.0,0.0,0.0,0.0,0.0,0.0,0.0,0.0,0.0,0.0,0.0,0.0,0.0,0.0,0.8015830254628585,0.767804628654771,-0.033778396808087585,0.8015830254628585,0.7864961627527002,-0.015086862710158355,,,,0.8015830254628585,0.808742421510912,0.00715939604805349,,,,0.8015830254628585,0.8011152798689186,-0.00046774559393991666
2.0,1.0,4.0,2.0,3.0,2.0,3.0,3.0,7.0,7.0,3.0,8.0,0.0,1.0,0.0,0.0,0.0,0.0,1.0,0.0,0.0,0.0,0.0,0.0,0.0,0.0,0.0,0.0,0.0,1.0,0.0,1.0,0.0,0.0,0.0,0.0,0.0,0.0,0.0,0.0,0.5042314204636702,0.4542940643301344,-0.04993735613353578,0.5042314204636702,0.48116924021122887,-0.023062180252441333,0.5042314204636702,0.514296910478619,0.01006549001494883,0.5042314204636702,0.5156368134811944,0.01140539301752419,0.5042314204636702,0.4863290972703541,-0.017902323193316083,0.5042314204636702,0.5034968868827828,-0.0007345335808873754
6.0,1.0,2.0,2.0,2.0,4.0,2.0,3.0,7.0,9.0,4.0,8.0,0.0,0.0,1.0,0.0,0.0,0.0,1.0,0.0,0.0,0.0,0.0,1.0,0.0,0.0,0.0,0.0,0.0,0.0,0.0,0.0,0.0,0.0,0.0,0.0,0.0,0.0,0.0,0.0,0.5568746945652457,0.5070560398119411,-0.0498186547533046,0.5568746945652457,0.5339981810570683,-0.022876513508177432,0.5568746945652457,0.5667896431343682,0.00991494856912245,0.5568746945652457,0.568106343778923,0.011231649213677253,0.5568746945652457,0.539135866809738,-0.017738827755507725,0.5568746945652457,0.5561495009521785,-0.000725193613067221
6.0,5.0,7.0,2.0,2.0,4.0,3.0,3.0,4.0,4.0,1.0,4.0,0.0,0.0,0.0,0.0,0.0,0.0,0.0,0.0,0.0,0.0,0.0,0.0,1.0,0.0,0.0,0.0,0.0,0.0,0.0,0.0,0.0,0.0,0.0,0.0,0.0,0.0,0.0,0.0,0.6275897201615227,0.5797211668586661,-0.047868553302856554,0.6275897201615227,0.6057795150079595,-0.021810205153563245,0.6275897201615227,0.6369539421035499,0.00936422194202724,0.6275897201615227,0.6381935167698598,0.010603796608337102,0.6275897201615227,0.6107027522646922,-0.01688696789683053,0.6275897201615227,0.626902718669023,-0.0006870014924996726
4.0,1.0,4.0,1.0,2.0,4.0,2.0,4.0,6.0,6.0,3.0,8.0,1.0,0.0,0.0,0.0,0.0,0.0,1.0,0.0,0.0,1.0,0.0,0.0,0.0,0.0,0.0,0.0,0.0,0.0,0.0,1.0,0.0,0.0,0.0,0.0,0.0,0.0,0.0,0.0,0.7287356865562592,0.68739223154878,-0.04134345500747916,0.7287356865562592,0.7101129456789034,-0.018622740877355826,0.7287356865562592,0.7366239334783306,0.007888246922071351,0.7287356865562592,0.7376633583323049,0.008927671776045698,0.7287356865562592,0.7143476210619842,-0.01438806549427496,0.7287356865562592,0.7281544511806953,-0.0005812353755638711
6.0,1.0,6.0,1.0,1.0,3.0,1.0,3.0,9.0,9.0,4.0,9.0,0.0,0.0,0.0,0.0,1.0,0.0,0.0,0.0,0.0,0.0,0.0,0.0,0.0,1.0,0.0,0.0,0.0,0.0,0.0,0.0,0.0,0.0,0.0,0.0,0.0,0.0,0.0,0.0,0.8800302323446647,0.8572279855074996,-0.02280224683716514,0.8800302323446647,0.8699403799104266,-0.0100898524342381,0.8800302323446647,0.8842179089199339,0.004187676575269195,0.8800302323446647,0.8847659692618587,0.004735736917193978,0.8800302323446647,0.8722602853358725,-0.0077699470087921885,0.8800302323446647,0.8797196677194095,-0.00031056462525524964
5.0,1.0,9.0,1.0,2.0,5.0,2.0,2.0,5.0,7.0,5.0,7.0,1.0,0.0,0.0,0.0,0.0,0.0,0.0,0.0,0.0,0.0,0.0,0.0,0.0,0.0,0.0,0.0,0.0,0.0,0.0,0.0,0.0,0.0,0.0,0.0,0.0,0.0,0.0,0.0,0.83332809005138,0.803630031830009,-0.02969805822137095,0.83332809005138,0.8201133147788644,-0.013214775272515578,0.83332809005138,0.838847433255323,0.0055193432039429835,0.83332809005138,0.8395712912664274,0.0062432012150474,,,,0.83332809005138,0.8329195813128372,-0.0004085087385428121
4.0,5.0,4.0,2.0,4.0,5.0,4.0,2.0,9.0,7.0,5.0,8.0,0.0,0.0,0.0,0.0,0.0,0.0,0.0,0.0,0.0,0.0,0.0,0.0,1.0,0.0,0.0,0.0,0.0,0.0,0.0,0.0,0.0,0.0,0.0,0.0,0.0,0.0,0.0,0.0,0.5109940023894148,0.4610096898252396,-0.04998431256417524,0.5109940023894148,0.48792692985551206,-0.023067072533902777,0.5109940023894148,0.5210526077074844,0.010058605318069569,0.5109940023894148,0.5223911812237203,0.011397178834305466,,,,0.5109940023894148,0.5102597567597713,-0.0007342456296435262
5.0,1.0,6.0,3.0,3.0,3.0,2.0,3.0,7.0,7.0,4.0,7.0,0.0,1.0,0.0,0.0,0.0,0.0,1.0,0.0,0.0,0.0,0.0,0.0,0.0,0.0,0.0,0.0,0.0,0.0,0.0,0.0,0.0,0.0,0.0,1.0,0.0,0.0,0.0,0.0,0.41198172222954155,0.3644640645990055,-0.04751765763053606,0.41198172222954155,0.3898212098423596,-0.022160512387181974,0.41198172222954155,0.4217723592266855,0.009790636997143942,0.41198172222954155,0.42308118288459856,0.011099460655057014,0.41198172222954155,0.3947467902735959,-0.017234931955945665,0.41198172222954155,0.4112700929282571,-0.0007116293012844332
3.0,1.0,6.0,1.0,2.0,3.0,3.0,4.0,5.0,6.0,3.0,5.0,0.0,0.0,0.0,0.0,0.0,0.0,0.0,0.0,1.0,0.0,0.0,0.0,0.0,0.0,0.0,0.0,0.0,0.0,0.0,0.0,0.0,0.0,0.0,0.0,0.0,0.0,0.0,0.0,0.856607233220975,0.8302119863659287,-0.02639524685504624,0.856607233220975,0.8448946334544979,-0.011712599766477094,0.856607233220975,0.8614838247527464,0.004876591531771446,0.856607233220975,0.8621227177955599,0.00551548457458495,0.856607233220975,0.847583014157547,-0.009024219063427985,0.856607233220975,0.8562459384834543,-0.00036129473752066765
3.0,1.0,4.0,1.0,3.0,5.0,2.0,4.0,8.0,8.0,5.0,9.0,0.0,0.0,0.0,0.0,1.0,0.0,0.0,0.0,0.0,0.0,0.0,0.0,0.0,0.0,0.0,0.0,1.0,0.0,0.0,0.0,0.0,0.0,0.0,0.0,0.0,0.0,0.0,0.0,0.7904107324110818,0.755310959209642,-0.035099773201439866,0.7904107324110818,0.7747131250940327,-0.015697607317049167,0.7904107324110818,0.7970050846311474,0.006594352220065547,0.7904107324110818,0.7978716009489125,0.007460868537830678,,,,0.7904107324110818,0.7899235518295767,-0.0004871805815050978
3.0,1.0,4.0,2.0,2.0,5.0,3.0,2.0,7.0,7.0,3.0,10.0,1.0,0.0,0.0,0.0,0.0,0.0,1.0,0.0,1.0,0.0,0.0,0.0,0.0,0.0,0.0,0.0,0.0,0.0,0.0,0.0,0.0,0.0,0.0,0.0,0.0,0.0,0.0,0.0,0.8416743989926972,0.8131300183812286,-0.02854438061146869,0.8416743989926972,0.8289855677329304,-0.01268883125976683,0.8416743989926972,0.8469681097940681,0.005293710801370866,0.8416743989926972,0.8476621159055422,0.0059877169128449426,0.8416743989926972,0.8318948300963517,-0.00977956889634557,,,
5.0,2.0,8.0,2.0,1.0,3.0,1.0,3.0,9.0,9.0,5.0,9.0,0.0,0.0,0.0,0.0,0.0,0.0,1.0,0.0,0.0,0.0,0.0,0.0,0.0,1.0,0.0,0.0,0.0,0.0,0.0,0.0,0.0,0.0,0.0,0.0,0.0,0.0,0.0,0.0,0.8649964358646074,0.8398567450171117,-0.025139690847495677,0.8649964358646074,0.8538521709298613,-0.011144264934746073,0.8649964358646074,0.8696311433206051,0.0046347074559977,0.8649964358646074,0.8702381179484282,0.005241682083820809,,,,0.8649964358646074,0.8646529388847961,-0.00034349697981128635
6.0,1.0,9.0,1.0,1.0,3.0,2.0,3.0,8.0,9.0,4.0,8.0,0.0,0.0,1.0,0.0,0.0,0.0,0.0,0.0,0.0,0.0,0.0,0.0,0.0,1.0,0.0,0.0,0.0,0.0,0.0,0.0,0.0,0.0,0.0,0.0,0.0,0.0,0.0,0.0,0.7308043840614417,0.6896419419474921,-0.04116244211394959,0.7308043840614417,0.7122675880036912,-0.018536796057750493,0.7308043840614417,0.7386540481644639,0.007849664103022236,0.7308043840614417,0.7396882923802024,0.008883908318760736,0.7308043840614417,0.7164833549274048,-0.014321029134036878,0.7308043840614417,0.7302259403470411,-0.0005784437144005228
4.0,1.0,7.0,2.0,4.0,4.0,5.0,3.0,9.0,8.0,4.0,9.0,0.0,0.0,0.0,0.0,1.0,0.0,1.0,0.0,0.0,0.0,0.0,0.0,1.0,0.0,0.0,0.0,0.0,0.0,0.0,1.0,0.0,0.0,0.0,0.0,0.0,0.0,0.0,0.0,,,,0.5718377525322641,0.5491082541968599,-0.022729498335404164,0.5718377525322641,0.5816694068883289,0.009831654356064812,0.5718377525322641,0.5829741574972511,0.011136404964987023,0.5718377525322641,0.5542184194044325,-0.017619333127831593,0.5718377525322641,0.571118187204592,-0.0007195653276721448
3.0,1.0,7.0,2.0,2.0,5.0,1.0,3.0,9.0,8.0,3.0,8.0,1.0,0.0,0.0,0.0,0.0,0.0,1.0,0.0,0.0,0.0,0.0,1.0,0.0,0.0,0.0,0.0,0.0,0.0,0.0,0.0,0.0,0.0,0.0,0.0,0.0,0.0,0.0,0.0,0.8813310036749342,0.8587363038109553,-0.022594699863978884,0.8813310036749342,0.8713345556115464,-0.009996448063387842,0.8813310036749342,0.885479184059028,0.004148180384093814,0.8813310036749342,0.8860220436799182,0.004691040004983993,0.8813310036749342,0.8736332051235867,-0.007697798551347557,0.8813310036749342,0.8810233510992778,-0.00030765257565645854
6.0,1.0,7.0,2.0,3.0,4.0,2.0,2.0,5.0,5.0,3.0,5.0,0.0,0.0,0.0,0.0,0.0,0.0,0.0,0.0,0.0,0.0,0.0,0.0,0.0,0.0,0.0,0.0,0.0,0.0,0.0,0.0,0.0,0.0,0.0,0.0,0.0,0.0,0.0,0.0,0.7607940631139224,0.7224758898421255,-0.038318173271796874,0.7607940631139224,0.7435978202799609,-0.017196242833961484,0.7607940631139224,0.7680467953451191,0.007252732231196712,0.7607940631139224,0.7690010975234131,0.008207034409490666,0.7607940631139224,0.7475172658839976,-0.013276797229924808,0.7607940631139224,0.7602589207338853,-0.0005351423800370458
3.0,1.0,3.0,2.0,1.0,4.0,3.0,4.0,4.0,3.0,2.0,7.0,0.0,0.0,0.0,0.0,0.0,0.0,0.0,0.0,0.0,0.0,0.0,0.0,0.0,0.0,0.0,0.0,0.0,0.0,0.0,0.0,0.0,0.0,0.0,0.0,0.0,0.0,0.0,1.0,0.838950850336698,0.810026272740928,-0.02892457759577005,0.838950850336698,0.8260888445509615,-0.012862005785736486,0.838950850336698,0.844318780956121,0.005367930619422978,0.838950850336698,0.8450226034264569,0.0060717530897588246,0.838950850336698,0.8290372226125535,-0.009913627724144503,0.838950850336698,0.838553452906434,-0.00039739743026401264
6.0,1.0,4.0,3.0,1.0,5.0,2.0,3.0,4.0,4.0,2.0,5.0,0.0,0.0,0.0,0.0,0.0,0.0,0.0,0.0,0.0,0.0,0.0,0.0,0.0,0.0,0.0,0.0,0.0,0.0,0.0,0.0,1.0,0.0,0.0,0.0,0.0,0.0,0.0,0.0,0.9151946808767766,0.8983036658297222,-0.01689101504705437,0.9151946808767766,0.9077522648887927,-0.007442415987983897,0.9151946808767766,0.9182689011141622,0.003074220237385572,0.9151946808767766,0.9186706047261152,0.0034759238493385913,0.9151946808767766,0.9094678994529299,-0.005726781423846639,0.9151946808767766,0.9149663502957225,-0.00022833058105409254
5.0,1.0,7.0,1.0,2.0,4.0,1.0,4.0,7.0,7.0,4.0,7.0,0.0,0.0,0.0,0.0,0.0,0.0,1.0,0.0,0.0,0.0,0.0,0.0,1.0,0.0,0.0,0.0,0.0,0.0,0.0,0.0,0.0,0.0,0.0,0.0,0.0,0.0,0.0,0.0,0.8410148239166333,0.8123780368810658,-0.02863678703556749,0.8410148239166333,0.8282839162760389,-0.012730907640594369,0.8410148239166333,0.8463265615009578,0.005311737584324461,0.8410148239166333,0.8470229515645287,0.006008127647895378,0.8410148239166333,0.8312026845205902,-0.009812139396043085,0.8410148239166333,0.8406215519234441,-0.0003932719931891704
5.0,1.0,9.0,1.0,1.0,4.0,1.0,4.0,5.0,8.0,3.0,8.0,0.0,0.0,0.0,0.0,0.0,0.0,0.0,0.0,0.0,0.0,0.0,0.0,0.0,0.0,0.0,0.0,0.0,0.0,0.0,0.0,0.0,0.0,0.0,0.0,0.0,0.0,0.0,0.0,0.9167222869694283,0.9001023200398673,-0.016619966929560914,0.9167222869694283,0.9094006606027277,-0.007321626366700529,0.9167222869694283,0.919745986968112,0.003023699998683793,0.9167222869694283,0.9201410621497971,0.003418775180368816,0.9167222869694283,0.9110886408623605,-0.005633646107067736,0.9167222869694283,0.9164976940639571,-0.00022459290547116595
6.0,1.0,9.0,1.0,2.0,4.0,4.0,3.0,8.0,8.0,3.0,9.0,0.0,0.0,0.0,0.0,0.0,0.0,1.0,0.0,0.0,0.0,0.0,1.0,0.0,0.0,0.0,0.0,0.0,0.0,0.0,0.0,0.0,0.0,0.0,0.0,0.0,0.0,0.0,0.0,0.7945593062798904,0.7599432857882495,-0.03461602049164081,0.7945593062798904,0.7790855717621273,-0.015473734517763016,0.7945593062798904,0.8010559844018198,0.0064966781219294445,0.7945593062798904,0.8019095065992213,0.0073502003193309795,0.7945593062798904,0.7826211247284859,-0.01193818155140447,0.7945593062798904,0.7940792565927899,-0.00048004968710047
5.0,1.0,1.0,2.0,3.0,5.0,3.0,4.0,8.0,7.0,4.0,6.0,0.0,0.0,0.0,1.0,0.0,0.0,1.0,0.0,0.0,0.0,0.0,0.0,0.0,0.0,0.0,0.0,0.0,0.0,0.0,0.0,0.0,0.0,0.0,0.0,0.0,0.0,0.0,0.0,0.47115398062235575,0.42170600574410955,-0.049447974878246204,0.47115398062235575,0.4482368467830594,-0.022917133839296333,0.47115398062235575,0.48120006744867544,0.010046086826319689,0.47115398062235575,0.48253940879862023,0.011385428176264478,0.47115398062235575,0.4533521344258433,-0.017801846196512428,0.47115398062235575,0.4704219105582958,-0.0007320700640599531
5.0,1.0,3.0,1.0,1.0,5.0,1.0,4.0,9.0,8.0,4.0,10.0,0.0,0.0,0.0,0.0,1.0,0.0,1.0,0.0,0.0,0.0,1.0,0.0,0.0,0.0,0.0,0.0,0.0,0.0,0.0,0.0,0.0,0.0,0.0,0.0,0.0,0.0,0.0,0.0,0.9093787643964083,0.8914667425874445,-0.017912021808963785,0.9093787643964083,0.9014808938124912,-0.00789787058391711,0.9093787643964083,0.912643689647291,0.003264925250882733,0.9093787643964083,0.9130704235387904,0.00369165914238212,0.9093787643964083,0.9033007393542166,-0.0060780250421916815,,,
5.0,1.0,4.0,1.0,3.0,4.0,3.0,3.0,6.0,6.0,3.0,7.0,1.0,0.0,0.0,0.0,0.0,0.0,1.0,0.0,0.0,0.0,0.0,0.0,0.0,0.0,0.0,0.0,0.0,0.0,0.0,0.0,0.0,0.0,0.0,0.0,0.0,0.0,0.0,0.0,0.6367961795456089,0.589336658754245,-0.04745952079136384,0.6367961795456089,0.6151945557383579,-0.021601623807250947,0.6367961795456089,0.646059462019357,0.009263282473748191,0.6367961795456089,0.6472851630108023,0.010488983465193447,0.6367961795456089,0.6200739554762148,-0.016722224069394054,0.6367961795456089,0.6361163143499785,-0.000679865195630347
5.0,1.0,4.0,1.0,1.0,3.0,2.0,4.0,10.0,8.0,2.0,8.0,1.0,0.0,0.0,0.0,0.0,0.0,0.0,0.0,0.0,0.0,0.0,0.0,0.0,0.0,0.0,0.0,0.0,0.0,0.0,0.0,0.0,0.0,0.0,0.0,0.0,0.0,0.0,0.0,0.8456373902278489,0.817652702003822,-0.027984688224026888,0.8456373902278489,0.8332032270406439,-0.012434163187205027,,,,0.8456373902278489,0.8515016737464157,0.005864283518566826,0.8456373902278489,0.8360549291445344,-0.009582461083314509,0.8456373902278489,0.8452534488397216,-0.0003839413881272513
3.0,1.0,2.0,3.0,1.0,5.0,1.0,4.0,5.0,7.0,1.0,5.0,0.0,0.0,0.0,0.0,0.0,1.0,1.0,0.0,0.0,0.0,0.0,0.0,0.0,0.0,0.0,0.0,0.0,0.0,0.0,0.0,0.0,0.0,0.0,0.0,0.0,0.0,0.0,0.0,0.8312480683239126,0.8012677725947206,-0.02998029572919203,0.8312480683239126,0.8179044131223976,-0.013343655201515037,0.8312480683239126,0.8368228038330974,0.005574735509184747,0.8312480683239126,0.8375539948704205,0.006305926546507856,0.8312480683239126,0.8209614726634766,-0.010286595660435993,0.8312480683239126,0.8308354964073515,-0.0004125719165610775
2.0,2.0,1.0,4.0,2.0,4.0,2.0,3.0,5.0,5.0,2.0,4.0,0.0,1.0,0.0,0.0,0.0,0.0,1.0,0.0,0.0,0.0,0.0,0.0,0.0,0.0,0.0,0.0,1.0,0.0,0.0,0.0,0.0,0.0,0.0,0.0,0.0,1.0,0.0,0.0,0.5876688668395875,0.5384427949542024,-0.04922607188538508,0.5876688668395875,0.5651406817437082,-0.022528185095879283,0.5876688668395875,0.5973929400850819,0.009724073245494402,0.5876688668395875,0.5986824851310356,0.01101361829144809,0.5876688668395875,0.570211363435007,-0.01745750340458052,0.5876688668395875,0.5869566896638173,-0.0007121771757702122
4.0,1.0,5.0,1.0,1.0,5.0,2.0,4.0,6.0,7.0,1.0,5.0,1.0,0.0,0.0,0.0,0.0,0.0,1.0,0.0,0.0,0.0,0.0,0.0,0.0,0.0,0.0,0.0,0.0,0.0,0.0,0.0,0.0,0.0,0.0,0.0,0.0,0.0,0.0,0.0,0.8758567511080848,0.8523943132877613,-0.023462437820323534,0.8758567511080848,0.865469553158322,-0.010387197949762839,0.8758567511080848,0.8801702710536795,0.0043135199455947015,0.8758567511080848,0.8807349067941407,0.004878155686055874,0.8758567511080848,0.8678570923097286,-0.00799965879835618,0.8758567511080848,0.8755369106245382,-0.0003198404835466073
5.0,2.0,6.0,1.0,2.0,4.0,3.0,5.0,7.0,8.0,4.0,8.0,0.0,1.0,0.0,0.0,0.0,0.0,0.0,0.0,0.0,0.0,0.0,1.0,0.0,0.0,0.0,0.0,0.0,0.0,0.0,0.0,0.0,0.0,0.0,0.0,0.0,0.0,0.0,0.0,0.5594825344373487,0.509698929931165,-0.0497836045061838,,,,0.5594825344373487,0.5693842533210404,0.009901718883691624,0.5594825344373487,0.5706990410078119,0.011216506570463136,0.5594825344373487,0.5417621977152565,-0.017720336722092278,0.5594825344373487,0.5587582270255254,-0.0007243074118233883
5.0,1.0,4.0,1.0,1.0,5.0,2.0,4.0,8.0,8.0,5.0,9.0,1.0,0.0,0.0,0.0,0.0,0.0,0.0,0.0,0.0,0.0,0.0,0.0,1.0,0.0,0.0,0.0,0.0,0.0,0.0,0.0,0.0,0.0,0.0,0.0,0.0,0.0,0.0,0.0,0.8353387625714571,0.8059155300644463,-0.029423232507010844,0.8353387625714571,0.8222494015026666,-0.01308936106879055,0.8353387625714571,0.8408042421642736,0.005465479592816513,0.8353387625714571,0.8415209712226925,0.006182208651235421,,,,0.8353387625714571,0.8349342057808861,-0.0004045567905710534
4.0,1.0,10.0,2.0,4.0,3.0,3.0,4.0,10.0,7.0,1.0,5.0,1.0,0.0,0.0,0.0,0.0,0.0,1.0,0.0,0.0,0.0,0.0,0.0,1.0,0.0,0.0,0.0,0.0,0.0,0.0,0.0,0.0,0.0,0.0,1.0,0.0,0.0,0.0,0.0,0.5743531880829177,0.5248228174960209,-0.0495303705868968,0.5743531880829177,0.5516525270493726,-0.022700661033545066,,,,0.5743531880829177,0.5854715947455423,0.011118406662624647,0.5743531880829177,0.5567571329281834,-0.01759605515473428,0.5743531880829177,0.5736346981873152,-0.0007184898956025254
3.0,1.0,4.0,1.0,2.0,5.0,4.0,4.0,7.0,6.0,2.0,6.0,0.0,0.0,1.0,0.0,0.0,0.0,1.0,0.0,0.0,0.0,0.0,0.0,0.0,0.0,0.0,0.0,1.0,0.0,0.0,0.0,0.0,0.0,0.0,0.0,0.0,0.0,0.0,0.0,0.5879859091204911,0.5387679806622102,-0.04921792845828088,0.5879859091204911,0.5654622376757938,-0.022523671444697246,0.5879859091204911,0.597707623836823,0.009721714716331875,0.5879859091204911,0.5989968375318093,0.011010928411318233,0.5879859091204911,0.5705320192272318,-0.017453889893259245,0.5879859091204911,0.5872738949577818,-0.0007120141627092735
6.0,1.0,4.0,1.0,1.0,5.0,3.0,4.0,1.0,6.0,4.0,7.0,1.0,0.0,0.0,0.0,0.0,0.0,1.0,0.0,0.0,0.0,0.0,1.0,0.0,0.0,0.0,0.0,0.0,0.0,0.0,0.0,0.0,0.0,0.0,0.0,0.0,0.0,0.0,0.0,0.7196606844493275,0.6775461161814548,-0.04211456826787274,0.7196606844493275,0.7006708335266085,-0.018989850922718987,0.7196606844493275,0.7277142255878226,0.008053541138495102,0.7196606844493275,0.7287758661735213,0.009115181724193788,0.7196606844493275,0.7049861367080328,-0.01467454774129473,0.7196606844493275,0.7190675003023665,-0.0005931841469609678
5.0,1.0,8.0,3.0,1.0,2.0,2.0,4.0,9.0,8.0,5.0,8.0,0.0,1.0,0.0,0.0,0.0,0.0,0.0,0.0,0.0,0.0,0.0,0.0,1.0,0.0,0.0,0.0,0.0,0.0,0.0,1.0,0.0,0.0,0.0,0.0,0.0,0.0,0.0,0.0,0.6314600470248735,0.583759026635755,-0.0477010203891185,0.6314600470248735,0.6097355562948442,-0.021724490730029244,0.6314600470248735,0.6407826530308466,0.009322606005973122,0.6314600470248735,0.6420165021933397,0.010556455168466261,,,,0.6314600470248735,0.6307759848242122,-0.0006840622006613062
5.0,1.0,4.0,1.0,2.0,4.0,1.0,3.0,7.0,7.0,4.0,9.0,0.0,0.0,1.0,0.0,0.0,0.0,1.0,0.0,0.0,1.0,0.0,0.0,0.0,0.0,0.0,0.0,0.0,0.0,0.0,0.0,0.0,0.0,0.0,0.0,0.0,0.0,0.0,0.0,0.6116131951902488,0.5631206063066527,-0.04849258888359609,0.6116131951902488,0.5894793646616932,-0.022133830528555665,0.6116131951902488,0.6211366300628216,0.009523434872572789,0.6116131951902488,0.622398194740282,0.010784999550033203,0.6116131951902488,0.5944698933621669,-0.01714330182808188,0.6116131951902488,0.6109149931441872,-0.0006982020460616356
5.0,1.0,7.0,1.0,3.0,4.0,3.0,4.0,10.0,9.0,4.0,9.0,0.0,0.0,0.0,0.0,0.0,0.0,0.0,0.0,0.0,0.0,0.0,0.0,1.0,0.0,0.0,0.0,0.0,0.0,0.0,0.0,0.0,0.0,0.0,0.0,0.0,0.0,0.0,0.0,0.7761532272919335,0.7394528274872288,-0.03670039980470463,0.7761532272919335,0.7597124039951734,-0.01644082329676011,,,,0.7761532272919335,0.7839829211159045,0.007829693823971029,0.7761532272919335,0.7634638745738905,-0.012689352718042946,0.7761532272919335,0.775642312829009,-0.0005109144629245055
4.0,1.0,1.0,1.0,2.0,4.0,2.0,3.0,3.0,4.0,2.0,5.0,0.0,0.0,0.0,0.0,0.0,0.0,1.0,0.0,0.0,0.0,0.0,0.0,0.0,0.0,0.0,0.0,0.0,0.0,0.0,0.0,0.0,0.0,0.0,0.0,0.0,0.0,0.0,0.0,0.800640777187764,0.7667486493658806,-0.033892127821883444,0.800640777187764,0.7855014412782936,-0.015139335909470475,0.800640777187764,0.8069918558503685,0.006351078662604426,0.800640777187764,0.8078260210189097,0.007185243831145605,0.800640777187764,0.7889621275890233,-0.011678649598740765,0.800640777187764,0.8001713640894257,-0.0004694130983383671
2.0,1.0,1.0,3.0,2.0,5.0,3.0,2.0,7.0,5.0,4.0,3.0,0.0,0.0,0.0,0.0,0.0,1.0,1.0,0.0,0.0,0.0,0.0,0.0,0.0,0.0,0.0,0.0,1.0,0.0,0.0,0.0,0.0,1.0,0.0,0.0,0.0,0.0,0.0,0.0,0.5816162099891162,0.5322426953328123,-0.04937351465630391,0.5816162099891162,0.5590054880918672,-0.022610721897248998,0.5816162099891162,0.5913837739141611,0.009767563925044853,0.5816162099891162,0.5926794428627691,0.01106323287365285,0.5816162099891162,0.5640925290338268,-0.017523680955289445,0.5816162099891162,0.5809010340974332,-0.0007151758916830175
3.0,1.0,6.0,1.0,1.0,4.0,4.0,2.0,6.0,7.0,4.0,8.0,0.0,0.0,0.0,0.0,0.0,0.0,1.0,0.0,0.0,0.0,0.0,1.0,0.0,0.0,0.0,0.0,0.0,0.0,0.0,0.0,0.0,0.0,0.0,0.0,0.0,0.0,0.0,0.0,0.8728810276588936,0.8489531820469948,-0.023927845611898868,0.8728810276588936,0.8622839966234955,-0.010597031035398108,0.8728810276588936,0.8772834562558723,0.0044024285969787025,0.8728810276588936,0.8778598070006649,0.004978779341771267,0.8728810276588936,0.8647192336024949,-0.008161794056398719,0.8728810276588936,0.8725546361361397,-0.0003263915227539327
3.0,1.0,4.0,1.0,3.0,4.0,3.0,2.0,6.0,4.0,3.0,3.0,1.0,0.0,0.0,0.0,0.0,0.0,1.0,0.0,0.0,0.0,0.0,1.0,0.0,0.0,0.0,0.0,0.0,0.0,0.0,0.0,0.0,0.0,0.0,0.0,0.0,0.0,0.0,0.0,0.7046146841106373,0.661303579558187,-0.04331110455245035,0.7046146841106373,0.6850516713060724,-0.01956301280456496,0.7046146841106373,0.7129280445215614,0.00831336041092412,0.7046146841106373,0.7140246807011174,0.00940999659048003,0.7046146841106373,0.6894923614182804,-0.015122322692356915,0.7046146841106373,0.7040027577964986,-0.0006119263141387554
5.0,1.0,3.0,1.0,1.0,4.0,1.0,3.0,10.0,10.0,5.0,10.0,1.0,0.0,0.0,0.0,0.0,0.0,1.0,0.0,0.0,0.0,0.0,1.0,0.0,0.0,0.0,0.0,0.0,0.0,0.0,0.0,0.0,0.0,0.0,0.0,0.0,0.0,0.0,0.0,0.8630725381255271,0.8376418330889122,-0.02543070503661493,0.8630725381255271,0.8517966696180258,-0.011275868507501285,,,,,,,,,,,,
3.0,1.0,2.0,1.0,4.0,5.0,3.0,1.0,5.0,5.0,4.0,5.0,0.0,0.0,0.0,0.0,0.0,0.0,1.0,0.0,0.0,0.0,0.0,1.0,0.0,0.0,0.0,0.0,0.0,0.0,0.0,0.0,0.0,0.0,0.0,0.0,0.0,0.0,0.0,0.0,0.7267121028051461,0.6851934650785558,-0.04151863772659026,0.7267121028051461,0.7080061037631545,-0.01870599904199155,0.7267121028051461,0.7346377668275645,0.007925664022418455,0.7267121028051461,0.7356822175399754,0.008970114734829338,0.7267121028051461,0.7122590850415632,-0.014453017763582876,0.7267121028051461,0.7261281610298493,-0.000583941775296748
5.0,1.0,5.0,1.0,2.0,4.0,3.0,3.0,5.0,4.0,3.0,5.0,0.0,0.0,0.0,0.0,0.0,0.0,0.0,0.0,0.0,0.0,0.0,0.0,0.0,0.0,0.0,0.0,0.0,0.0,0.0,0.0,0.0,0.0,0.0,0.0,0.0,0.0,0.0,0.0,0.7973169837025991,0.7630270400421095,-0.03428994366048954,0.7973169837025991,0.7819939672310493,-0.015323016471549766,0.7973169837025991,0.8037479949532378,0.0064310112506387185,0.7973169837025991,0.8045927850512908,0.007275801348691768,0.7973169837025991,0.785495789284069,-0.011821194418530023,0.7973169837025991,0.7968417302338255,-0.0004752534687735288
4.0,2.0,5.0,3.0,2.0,4.0,2.0,3.0,6.0,6.0,2.0,5.0,0.0,0.0,0.0,0.0,0.0,0.0,1.0,0.0,0.0,0.0,1.0,0.0,0.0,0.0,0.0,0.0,0.0,0.0,0.0,1.0,0.0,0.0,0.0,0.0,0.0,0.0,0.0,0.0,0.8342941630643695,0.8047279057397717,-0.029566257324597833,0.8342941630643695,0.8211395438641521,-0.013154619200217432,0.8342941630643695,0.8397876653065716,0.00549350224220202,0.8342941630643695,0.8405081030086327,0.006213939944263114,0.8342941630643695,0.8241539682075176,-0.010140194856851914,0.8342941630643695,0.8338875501544935,-0.0004066129098760918
3.0,1.0,4.0,4.0,1.0,4.0,2.0,3.0,6.0,7.0,4.0,8.0,0.0,0.0,0.0,0.0,0.0,0.0,1.0,0.0,0.0,0.0,0.0,1.0,0.0,0.0,0.0,0.0,0.0,0.0,0.0,0.0,0.0,0.0,0.0,0.0,0.0,1.0,0.0,0.0,0.8881534413763009,0.8666612118569248,-0.021492229519376127,0.8881534413763009,0.8786525726407277,-0.009500868735573209,0.8881534413763009,0.8920923367283827,0.003938895352081806,0.8881534413763009,0.8926076501702999,0.004454208793998937,0.8881534413763009,0.880838362943371,-0.007315078432929889,0.8881534413763009,0.8878612256513797,-0.0002922157249212187
7.0,1.0,10.0,1.0,4.0,4.0,4.0,4.0,8.0,8.0,4.0,8.0,0.0,0.0,0.0,0.0,0.0,0.0,0.0,0.0,0.0,0.0,0.0,1.0,0.0,0.0,0.0,0.0,0.0,0.0,0.0,0.0,0.0,0.0,1.0,0.0,0.0,0.0,0.0,0.0,0.636280814849074,0.5887974371602696,-0.047483377688804396,0.636280814849074,0.614667087157637,-0.02161372769143699,0.636280814849074,0.645549925201686,0.00926911035261202,0.636280814849074,0.6467764259935175,0.010495611144443528,0.636280814849074,0.6195490390270276,-0.016731775822046324,0.636280814849074,0.6356005369971386,-0.0006802778519353625
2.0,3.0,8.0,4.0,2.0,3.0,4.0,3.0,10.0,10.0,2.0,10.0,0.0,0.0,0.0,0.0,0.0,0.0,0.0,0.0,0.0,0.0,0.0,0.0,0.0,0.0,0.0,0.0,1.0,0.0,0.0,0.0,0.0,0.0,0.0,0.0,0.0,1.0,0.0,0.0,0.8170341507611562,0.7851812181757131,-0.03185293258544308,0.8170341507611562,0.8028331535717408,-0.014200997189415365,,,,,,,0.8170341507611562,0.8060832442964331,-0.010950906464723076,,,
5.0,1.0,9.0,1.0,2.0,5.0,2.0,3.0,4.0,5.0,3.0,7.0,0.0,0.0,0.0,0.0,0.0,0.0,1.0,0.0,0.0,0.0,0.0,0.0,0.0,1.0,0.0,0.0,0.0,0.0,0.0,1.0,0.0,0.0,0.0,0.0,0.0,0.0,0.0,0.0,0.8544270258757397,0.8277111721940272,-0.026715853681712476,0.8544270258757397,0.84256907149555,-0.011857954380189661,0.8544270258757397,0.8593655902954417,0.004938564419701974,0.8544270258757397,0.8600126658905898,0.0055856400148500684,0.8544270258757397,0.8452903794009544,-0.009136646474785293,0.8544270258757397,0.8540611737349281,-0.00036585214081163997
7.0,6.0,7.0,1.0,3.0,3.0,2.0,3.0,8.0,7.0,2.0,8.0,0.0,0.0,0.0,0.0,0.0,0.0,1.0,0.0,0.0,0.0,0.0,0.0,0.0,0.0,1.0,0.0,0.0,0.0,0.0,1.0,0.0,0.0,0.0,0.0,0.0,0.0,0.0,0.0,0.5433708530655167,0.4934150958927269,-0.04995575717278977,0.5433708530655167,0.5203976038161893,-0.02297324924932742,0.5433708530655167,0.5533456049621829,0.00997475189666619,0.5433708530655167,0.5546710621328461,0.011300209067329425,0.5433708530655167,0.5255520112777007,-0.01781884178781601,0.5433708530655167,0.5426417101359026,-0.0007291429296141239
4.0,1.0,10.0,1.0,1.0,2.0,3.0,4.0,6.0,7.0,1.0,5.0,1.0,0.0,0.0,0.0,0.0,0.0,1.0,0.0,0.0,0.0,0.0,1.0,0.0,0.0,0.0,0.0,0.0,0.0,0.0,0.0,0.0,0.0,0.0,0.0,0.0,0.0,0.0,0.0,0.8160825256918948,0.7841076991945862,-0.03197482649730854,0.8160825256918948,0.8018255828045163,-0.014256942887378443,0.8160825256918948,0.8220510060293239,0.005968480337429138,0.8160825256918948,0.8228343753196343,0.006751849627739559,0.8160825256918948,0.8050882500145328,-0.010994275677361998,0.8160825256918948,0.8156410996380411,-0.0004414260538536663
4.0,1.0,3.0,1.0,1.0,4.0,1.0,4.0,4.0,5.0,5.0,5.0,0.0,0.0,0.0,0.0,0.0,0.0,1.0,0.0,0.0,0.0,0.0,0.0,1.0,0.0,0.0,0.0,0.0,0.0,0.0,1.0,0.0,0.0,0.0,0.0,0.0,0.0,0.0,0.0,0.8551146771650013,0.8284996920128581,-0.026614985152143222,0.8551146771650013,0.8433024641775771,-0.011812212987424187,0.8551146771650013,0.8600337345330266,0.004919057368025226,0.8551146771650013,0.860678234313442,0.005563557148440701,,,,0.8551146771650013,0.854750259433011,-0.000364417731990363
7.0,1.0,10.0,1.0,3.0,5.0,2.0,3.0,2.0,5.0,2.0,9.0,0.0,0.0,0.0,0.0,0.0,0.0,1.0,0.0,0.0,0.0,0.0,0.0,1.0,0.0,0.0,0.0,0.0,0.0,0.0,1.0,0.0,0.0,0.0,0.0,0.0,0.0,0.0,0.0,0.7481583317463399,0.7085913503901278,-0.03956698135621217,0.7481583317463399,0.7303756450313043,-0.01778268671503569,0.7481583317463399,0.7556711422231881,0.007512810476848153,0.7481583317463399,0.7566602286690078,0.008501896922667895,0.7481583317463399,0.7344250227121243,-0.013733309034215657,0.7481583317463399,0.7476042992425126,-0.0005540325038273508
3.0,2.0,2.0,4.0,1.0,3.0,2.0,3.0,5.0,6.0,2.0,6.0,0.0,1.0,0.0,0.0,0.0,0.0,0.0,0.0,0.0,0.0,0.0,0.0,0.0,0.0,0.0,0.0,0.0,0.0,0.0,0.0,0.0,0.0,0.0,0.0,0.0,1.0,0.0,0.0,0.7007100183391588,0.6571050035716276,-0.0436050147675312,0.7007100183391588,0.6810054787151928,-0.01970453962396601,0.7007100183391588,0.7090879007941231,0.008377882454964292,0.7007100183391588,0.7101932433705158,0.009483225031357012,0.7007100183391588,0.6854770260070779,-0.015232992332080864,0.7007100183391588,0.7000934459701779,-0.0006165723689809388
4.0,1.0,5.0,3.0,1.0,5.0,2.0,4.0,8.0,7.0,5.0,7.0,0.0,0.0,0.0,0.0,0.0,0.0,0.0,0.0,0.0,0.0,0.0,1.0,0.0,0.0,0.0,0.0,0.0,0.0,0.0,0.0,0.0,0.0,0.0,0.0,0.0,0.0,0.0,0.0,0.8819647521967109,0.8594714784143093,-0.022493273782401624,0.8819647521967109,0.8720139372605723,-0.009950814936138586,0.8819647521967109,0.8860936425012765,0.004128890304565647,0.8819647521967109,0.8866339623298106,0.004669210133099733,,,,0.8819647521967109,0.8816585220146016,-0.00030623018210929054
5.0,3.0,5.0,2.0,2.0,4.0,2.0,4.0,8.0,7.0,3.0,10.0,0.0,0.0,0.0,0.0,0.0,0.0,1.0,0.0,0.0,0.0,0.0,0.0,1.0,0.0,0.0,0.0,0.0,0.0,0.0,1.0,0.0,0.0,0.0,0.0,0.0,0.0,0.0,0.0,0.7449699952889626,0.70509954005469,-0.03987045523427257,0.7449699952889626,0.7270443140953842,-0.017925681193578402,0.7449699952889626,0.75254645998887,0.00757646469990747,0.7449699952889626,0.7535440702469527,0.008574074957990119,0.7449699952889626,0.731125305325714,-0.013844689963248613,,,
3.0,1.0,9.0,1.0,2.0,5.0,3.0,4.0,5.0,5.0,2.0,6.0,1.0,0.0,0.0,0.0,0.0,0.0,1.0,0.0,1.0,0.0,0.0,0.0,0.0,0.0,0.0,0.0,0.0,0.0,0.0,0.0,0.0,0.0,0.0,0.0,0.0,0.0,0.0,0.0,0.8517578656676783,0.8246526901841739,-0.02710517548350444,0.8517578656676783,0.8397232740756686,-0.012034591592009702,0.8517578656676783,0.8567718021960307,0.0050139365283523585,0.8517578656676783,0.8574288321794474,0.005670966511769127,0.8517578656676783,0.8424845774394407,-0.009273288228237586,0.8517578656676783,0.8513864721910478,-0.0003713934766305105
6.0,1.0,3.0,1.0,3.0,4.0,3.0,4.0,5.0,4.0,4.0,4.0,0.0,0.0,0.0,0.0,0.0,0.0,0.0,0.0,0.0,0.0,0.0,0.0,0.0,0.0,0.0,0.0,0.0,0.0,0.0,0.0,0.0,0.0,0.0,0.0,0.0,0.0,0.0,0.0,0.646433908286249,0.5994415806879531,-0.04699232759829597,0.646433908286249,0.6250679989977285,-0.021365909288520557,0.646433908286249,0.6555843315074069,0.009150423221157888,0.646433908286249,0.6567945701975018,0.010360661911252733,0.646433908286249,0.6298975205538947,-0.01653638773235433,0.646433908286249,0.6457620479665999,-0.0006718603196491646
4.0,2.0,3.0,2.0,2.0,3.0,3.0,4.0,10.0,10.0,3.0,10.0,0.0,1.0,0.0,0.0,0.0,0.0,0.0,0.0,0.0,0.0,0.0,0.0,0.0,0.0,0.0,0.0,0.0,0.0,0.0,1.0,0.0,0.0,0.0,0.0,0.0,0.0,0.0,0.0,0.5958110997520013,0.5468074642081565,-0.04900363554384479,0.5958110997520013,0.573404846063258,-0.02240625368874327,,,,,,,0.5958110997520013,0.578451043360868,-0.01736005639113336,,,
5.0,1.0,2.0,1.0,2.0,4.0,2.0,3.0,7.0,6.0,4.0,7.0,1.0,0.0,0.0,0.0,0.0,0.0,1.0,0.0,0.0,0.0,0.0,1.0,0.0,0.0,0.0,0.0,0.0,0.0,0.0,0.0,0.0,0.0,0.0,0.0,0.0,0.0,0.0,0.0,0.7322124699552217,0.6911743509095113,-0.04103811904571042,0.7322124699552217,0.7137346538743652,-0.018477816080856524,0.7322124699552217,0.7400356804751601,0.007823210519938395,0.7322124699552217,0.741066373721506,0.008853903766284255,0.7322124699552217,0.7179374379577028,-0.014275031997518894,0.7322124699552217,0.7316359408353997,-0.000576529119821978
2.0,3.0,6.0,4.0,2.0,1.0,1.0,2.0,5.0,4.0,1.0,5.0,0.0,0.0,1.0,0.0,0.0,0.0,0.0,1.0,0.0,0.0,0.0,0.0,0.0,0.0,0.0,0.0,0.0,1.0,0.0,0.0,0.0,0.0,0.0,0.0,0.0,1.0,0.0,0.0,0.7173065509951435,0.6749980400646283,-0.04230851093051524,0.7173065509951435,0.6982241029672548,-0.01908244802788872,0.7173065509951435,0.725401916298301,0.008095365303157465,0.7173065509951435,0.7264691837799695,0.009162632784825986,0.7173065509951435,0.7025597057636398,-0.014746845231503714,0.7173065509951435,0.7167103464462441,-0.000596204548899415
3.0,1.0,3.0,2.0,2.0,4.0,1.0,3.0,5.0,5.0,2.0,10.0,0.0,0.0,0.0,0.0,0.0,0.0,1.0,0.0,0.0,0.0,0.0,1.0,0.0,0.0,0.0,0.0,0.0,0.0,0.0,0.0,0.0,0.0,0.0,0.0,0.0,0.0,0.0,0.0,0.8597681121632316,0.8338418474060544,-0.025926264757177186,0.8597681121632316,0.8482679661535006,-0.011500146009730927,0.8597681121632316,0.8645542038663325,0.004786091703100959,0.8597681121632316,0.8651811513420541,0.005413039178822521,0.8597681121632316,0.8509081956959144,-0.008859916467317208,,,
5.0,1.0,3.0,1.0,2.0,4.0,2.0,4.0,8.0,7.0,4.0,10.0,0.0,1.0,0.0,0.0,0.0,0.0,0.0,0.0,0.0,0.0,0.0,0.0,1.0,0.0,0.0,0.0,0.0,0.0,0.0,0.0,0.0,0.0,0.0,0.0,0.0,0.0,0.0,0.0,0.6106487129421283,0.5621219169870635,-0.048526795955064816,0.6106487129421283,0.5884968987362423,-0.022151814205885967,0.6106487129421283,0.6201811107302597,0.00953239778813142,0.6106487129421283,0.6214439180187737,0.010795205076645442,0.6106487129421283,0.5934911345984053,-0.017157578343723,,,
7.0,1.0,7.0,1.0,1.0,4.0,1.0,4.0,10.0,7.0,4.0,10.0,0.0,0.0,0.0,0.0,0.0,0.0,1.0,0.0,0.0,0.0,0.0,1.0,0.0,0.0,0.0,0.0,0.0,0.0,0.0,0.0,0.0,0.0,1.0,0.0,0.0,0.0,0.0,0.0,0.8824644077485856,0.860051241563894,-0.02241316618469158,0.8824644077485856,0.8725496285938249,-0.009914779154760689,,,,0.8824644077485856,0.8871163824029833,0.004651974654397706,0.8824644077485856,0.8748296888205426,-0.007634718928043016,,,
5.0,1.0,6.0,1.0,2.0,4.0,3.0,3.0,8.0,7.0,3.0,7.0,0.0,0.0,0.0,0.0,0.0,0.0,0.0,0.0,0.0,0.0,0.0,1.0,0.0,0.0,0.0,0.0,0.0,0.0,0.0,0.0,0.0,0.0,0.0,0.0,0.0,0.0,0.0,0.0,0.8409234906937751,0.8122739246259029,-0.02864956606787228,0.8409234906937751,0.8281867635644742,-0.012736727129300962,0.8409234906937751,0.8462377218475491,0.005314231153773941,0.8409234906937751,0.8469344416873984,0.006010950993623254,0.8409234906937751,0.8311068464500921,-0.009816644243683004,0.8409234906937751,0.8405300356142364,-0.00039345507953869596
4.0,1.0,4.0,1.0,1.0,4.0,1.0,3.0,10.0,8.0,5.0,10.0,0.0,1.0,0.0,0.0,0.0,0.0,0.0,0.0,0.0,0.0,0.0,0.0,0.0,0.0,0.0,0.0,0.0,0.0,0.0,0.0,0.0,0.0,0.0,0.0,0.0,0.0,0.0,0.0,0.8116322806161015,0.7790931928294358,-0.0325390877866657,0.8116322806161015,0.7971161261145139,-0.014516154501587608,,,,0.8116322806161015,0.818511171673174,0.0068788910570725115,,,,,,
2.0,2.0,4.0,4.0,4.0,5.0,4.0,2.0,9.0,6.0,2.0,6.0,0.0,0.0,1.0,0.0,0.0,0.0,1.0,0.0,0.0,0.0,0.0,0.0,0.0,0.0,0.0,0.0,1.0,0.0,0.0,0.0,0.0,0.0,0.0,0.0,0.0,1.0,0.0,0.0,0.4491041288898684,0.4002190060776035,-0.04888512281226487,0.4491041288898684,0.4263947690182822,-0.022709359871586177,0.4491041288898684,0.45908819976716714,0.009984070877298745,0.4491041288898684,0.4604206156332332,0.011316486743364829,0.4491041288898684,0.431455707071651,-0.017648421818217408,0.4491041288898684,0.4483772718946315,-0.0007268569952368908
3.0,3.0,2.0,3.0,2.0,3.0,2.0,4.0,7.0,6.0,2.0,3.0,0.0,0.0,1.0,0.0,0.0,0.0,1.0,0.0,0.0,0.0,0.0,1.0,0.0,0.0,0.0,0.0,0.0,0.0,0.0,0.0,0.0,1.0,0.0,0.0,0.0,0.0,0.0,0.0,0.4089037062263955,0.3615227952369097,-0.04738091098948577,0.4089037062263955,0.3867998503268434,-0.022103855899552105,0.4089037062263955,0.4186732770611376,0.009769570834742114,0.4089037062263955,0.4199794687791618,0.011075762552766322,0.4089037062263955,0.3917117621859509,-0.017191944040444607,0.4089037062263955,0.40819370286678747,-0.0007100033596080246
3.0,2.0,4.0,1.0,2.0,4.0,2.0,4.0,7.0,7.0,3.0,6.0,1.0,0.0,0.0,0.0,0.0,0.0,0.0,0.0,1.0,0.0,0.0,0.0,0.0,0.0,0.0,0.0,0.0,0.0,0.0,0.0,0.0,0.0,0.0,0.0,0.0,0.0,0.0,0.0,0.8366589016027471,0.8074171797600455,-0.029241721842701685,0.8366589016027471,0.8236523278213939,-0.013006573781353281,0.8366589016027471,0.8420888461536777,0.005429944550930599,0.8366589016027471,0.8428008729893536,0.006141971386606437,0.8366589016027471,0.8266333441241459,-0.010025557478601232,0.8366589016027471,0.8362569524848382,-0.0004019491179089174
3.0,1.0,5.0,1.0,3.0,5.0,2.0,3.0,7.0,7.0,4.0,6.0,0.0,0.0,0.0,1.0,0.0,0.0,1.0,0.0,0.0,0.0,0.0,0.0,0.0,0.0,0.0,0.0,0.0,0.0,0.0,0.0,0.0,0.0,0.0,0.0,0.0,0.0,0.0,0.0,0.6767785366442135,0.631520361973197,-0.04525817467101645,0.6767785366442135,0.6562713014519682,-0.020507235192245288,0.6767785366442135,0.6855256735586204,0.008747136914406872,0.6767785366442135,0.6866809842569899,0.009902447612776366,0.6767785366442135,0.6609169288047735,-0.015861607839440017,0.6767785366442135,0.6761354495923698,-0.0006430870518436826
3.0,3.0,3.0,1.0,1.0,3.0,2.0,3.0,7.0,7.0,4.0,9.0,1.0,0.0,0.0,0.0,0.0,0.0,0.0,0.0,0.0,0.0,0.0,1.0,0.0,0.0,0.0,0.0,0.0,0.0,0.0,0.0,0.0,0.0,0.0,0.0,0.0,0.0,0.0,0.0,0.8017489966286868,0.7679906766103924,-0.033758320018294374,0.8017489966286868,0.786671395165106,-0.015077601463580836,0.8017489966286868,0.8080732334368415,0.006324236808154637,0.8017489966286868,0.8089038316983365,0.0071548350696496454,0.8017489966286868,0.7901182491485382,-0.011630747480148584,0.8017489966286868,0.8012815452971496,-0.0004674513315372497
6.0,1.0,9.0,1.0,2.0,3.0,3.0,4.0,7.0,7.0,3.0,5.0,0.0,0.0,0.0,0.0,0.0,0.0,0.0,0.0,0.0,0.0,0.0,0.0,0.0,1.0,0.0,0.0,0.0,0.0,0.0,0.0,0.0,0.0,1.0,0.0,0.0,0.0,0.0,0.0,0.7981141830326666,0.7639191753803005,-0.03419500765236605,0.7981141830326666,0.7828350200970192,-0.01527916293564735,0.7981141830326666,0.8045261009789579,0.006411917946291368,0.7981141830326666,0.805368352713339,0.007254169680672384,0.7981141830326666,0.786327023785536,-0.011787159247130585,0.7981141830326666,0.7976403244207767,-0.0004738586118898658
7.0,1.0,7.0,1.0,3.0,4.0,2.0,3.0,7.0,7.0,3.0,7.0,0.0,0.0,0.0,0.0,0.0,0.0,1.0,0.0,0.0,0.0,0.0,0.0,0.0,0.0,0.0,0.0,0.0,0.0,0.0,0.0,0.0,0.0,1.0,0.0,0.0,0.0,0.0,0.0,0.756789296791813,0.7180673361430471,-0.038721960648765874,0.756789296791813,0.7394037701403139,-0.01738552665149906,0.756789296791813,0.7641258075591761,0.007336510767363191,0.756789296791813,0.7650913075468017,0.008302010754988709,0.756789296791813,0.7433652007698932,-0.01342409602191974,0.756789296791813,0.7562480655882398,-0.0005412312035731892
2.0,1.0,8.0,1.0,1.0,5.0,1.0,3.0,6.0,7.0,4.0,5.0,0.0,1.0,0.0,0.0,0.0,0.0,0.0,0.0,0.0,0.0,0.0,0.0,0.0,0.0,0.0,0.0,1.0,0.0,0.0,0.0,0.0,0.0,0.0,0.0,0.0,0.0,0.0,0.0,0.8535537770925326,0.8267101660568954,-0.02684361103563715,0.8535537770925326,0.8416378742699282,-0.011915902822604352,0.8535537770925326,0.8585170609422157,0.004963283849683142,0.8535537770925326,0.859167400904895,0.005613623812362412,0.8535537770925326,0.8443723054875978,-0.009181471604934766,0.8535537770925326,0.8531861074127026,-0.0003676696798299295
5.0,1.0,1.0,2.0,2.0,5.0,2.0,4.0,5.0,5.0,3.0,7.0,0.0,0.0,0.0,0.0,1.0,0.0,1.0,0.0,0.0,0.0,0.0,0.0,0.0,0.0,0.0,0.0,1.0,0.0,0.0,0.0,0.0,0.0,0.0,0.0,0.0,0.0,0.0,1.0,0.697448876063275,0.653603611218061,-0.043845264845214005,0.697448876063275,0.6776284090683755,-0.019820466994899477,0.697448876063275,0.7058797285124385,0.008430852449163528,0.697448876063275,0.7069922237836015,0.0095433477203265,0.697448876063275,0.6821251985458401,-0.015323677517434908,0.697448876063275,0.696828492136542,-0.0006203839267330258
4.0,1.0,2.0,1.0,1.0,3.0,2.0,3.0,8.0,8.0,2.0,8.0,0.0,0.0,0.0,0.0,0.0,0.0,0.0,0.0,0.0,0.0,0.0,1.0,0.0,0.0,0.0,0.0,0.0,0.0,0.0,0.0,0.0,0.0,0.0,0.0,0.0,0.0,0.0,0.0,0.895891965699484,0.8756786075635455,-0.020213358135938497,0.895891965699484,0.8869647889620327,-0.008927176737451359,0.895891965699484,0.8995891445554406,0.003697178855956551,0.895891965699484,0.9000726672011505,0.004180701501666495,0.895891965699484,0.8890197654937171,-0.006872200205766954,0.895891965699484,0.8956175918422583,-0.00027437385722572927
7.0,3.0,8.0,2.0,4.0,4.0,1.0,4.0,10.0,10.0,5.0,10.0,0.0,0.0,0.0,0.0,0.0,0.0,1.0,0.0,1.0,0.0,0.0,0.0,0.0,0.0,0.0,0.0,0.0,0.0,0.0,1.0,0.0,0.0,0.0,0.0,0.0,0.0,0.0,0.0,0.6887037210769799,0.6442375774472886,-0.04446614362969126,0.6887037210769799,0.6685825850776315,-0.020121135999348394,,,,,,,,,,,,
4.0,1.0,6.0,1.0,1.0,2.0,5.0,2.0,3.0,9.0,2.0,7.0,0.0,0.0,1.0,0.0,0.0,0.0,1.0,0.0,0.0,1.0,0.0,0.0,0.0,0.0,0.0,0.0,0.0,0.0,0.0,0.0,0.0,0.0,0.0,0.0,0.0,0.0,0.0,0.0,,,,0.5262435378660161,0.5031964416339858,-0.023047096232030273,0.5262435378660161,0.5362731281134909,0.010029590247474851,0.5262435378660161,0.5376069126736825,0.011363374807666471,0.5262435378660161,0.5083610652790909,-0.017882472586925213,0.5262435378660161,0.5255109279961351,-0.0007326098698809957
2.0,1.0,3.0,1.0,1.0,5.0,1.0,2.0,8.0,10.0,3.0,9.0,0.0,0.0,0.0,0.0,0.0,0.0,0.0,0.0,0.0,0.0,0.0,1.0,0.0,0.0,0.0,0.0,0.0,0.0,0.0,0.0,0.0,0.0,0.0,0.0,0.0,0.0,0.0,0.0,0.9580336356215504,0.9492014291177912,-0.008832206503759266,0.9580336356215504,0.9541624217734611,-0.0038712138480893055,0.9580336356215504,0.9596234418849163,0.0015898062633659116,,,,0.9580336356215504,0.9550576483185094,-0.00297598730304105,0.9580336356215504,0.9579153411788649,-0.00011829444268551814
4.0,1.0,9.0,1.0,2.0,2.0,2.0,4.0,8.0,8.0,4.0,8.0,0.0,0.0,0.0,0.0,0.0,0.0,0.0,0.0,0.0,0.0,0.0,0.0,1.0,0.0,0.0,0.0,0.0,0.0,0.0,0.0,0.0,0.0,0.0,0.0,0.0,0.0,0.0,0.0,0.8321341631771723,0.8022738445495237,-0.029860318627648597,0.8321341631771723,0.8188453042917301,-0.013288858885442179,0.8321341631771723,0.8376853423380481,0.005551179160875885,0.8321341631771723,0.8384134146860932,0.006279251508920947,0.8321341631771723,0.8218900077227989,-0.010244155454373405,0.8321341631771723,0.8317233190677344,-0.00041084410943781347
7.0,1.0,10.0,1.0,2.0,4.0,2.0,5.0,10.0,10.0,4.0,10.0,1.0,0.0,0.0,0.0,0.0,0.0,1.0,0.0,0.0,0.0,0.0,0.0,0.0,1.0,0.0,0.0,0.0,0.0,0.0,0.0,0.0,0.0,1.0,0.0,0.0,0.0,0.0,0.0,0.7669684528218295,0.7292874095423032,-0.03768104327952626,,,,,,,,,,0.7669684528218295,0.753923511030435,-0.013044941791394482,,,
5.0,1.0,3.0,1.0,2.0,5.0,2.0,3.0,8.0,8.0,3.0,7.0,0.0,0.0,0.0,0.0,0.0,0.0,1.0,0.0,0.0,1.0,0.0,0.0,0.0,0.0,0.0,0.0,0.0,0.0,0.0,0.0,0.0,0.0,0.0,0.0,0.0,0.0,0.0,0.0,0.8256606768166397,0.7949326158343037,-0.030728060982335936,0.8256606768166397,0.8119751474967369,-0.013685529319902745,0.8256606768166397,0.8313825505359178,0.0057218737192781255,0.8256606768166397,0.8321332290038583,0.00647255218721865,0.8256606768166397,0.8151092469739187,-0.01055142984272095,0.8256606768166397,0.8252373165650227,-0.00042336025161693325
4.0,3.0,5.0,1.0,2.0,4.0,2.0,3.0,7.0,7.0,4.0,7.0,0.0,0.0,0.0,0.0,0.0,0.0,1.0,0.0,0.0,0.0,0.0,0.0,0.0,1.0,0.0,0.0,0.0,0.0,0.0,0.0,0.0,0.0,0.0,1.0,0.0,0.0,0.0,0.0,0.7585698008387691,0.720026445030441,-0.03854335580832813,0.7585698008387691,0.7412680372389164,-0.017301763599852693,0.7585698008387691,0.7658692185266466,0.007299417687877452,0.7585698008387691,0.76682975984742,0.008259959008650841,0.7585698008387691,0.7452108938038586,-0.013358907034910494,0.7585698008387691,0.7580312650400841,-0.0005385357986850137
4.0,1.0,9.0,1.0,2.0,5.0,3.0,3.0,6.0,5.0,5.0,8.0,0.0,0.0,0.0,1.0,0.0,0.0,1.0,0.0,0.0,0.0,0.0,0.0,1.0,0.0,0.0,0.0,0.0,0.0,0.0,0.0,0.0,0.0,0.0,0.0,0.0,0.0,0.0,0.0,0.6513925827783692,0.6046562478364498,-0.04673633494191942,0.6513925827783692,0.6301548849431766,-0.02123769783519258,0.6513925827783692,0.6604820759470882,0.009089493168718987,0.6513925827783692,0.6616839858379716,0.01029140305960241,,,,0.6513925827783692,0.6507250539624099,-0.0006675288159593284
4.0,3.0,2.0,1.0,3.0,4.0,3.0,4.0,5.0,3.0,2.0,5.0,0.0,0.0,1.0,0.0,0.0,0.0,1.0,0.0,0.0,0.0,0.0,0.0,0.0,0.0,0.0,0.0,0.0,0.0,0.0,0.0,0.0,0.0,0.0,1.0,0.0,0.0,0.0,0.0,0.3254881487200783,0.2831428952019703,-0.04234525351810803,0.3254881487200783,0.30556247085503757,-0.019925677865040736,0.3254881487200783,0.3343922016600609,0.008904052939982587,0.3254881487200783,0.3355872416031145,0.010099092883036176,0.3254881487200783,0.30996423192525324,-0.015523916794825066,0.3254881487200783,0.32484338664986545,-0.0006447620702128565
4.0,2.0,9.0,1.0,2.0,4.0,4.0,2.0,7.0,6.0,2.0,6.0,0.0,0.0,0.0,0.0,0.0,0.0,0.0,0.0,0.0,0.0,0.0,0.0,1.0,0.0,0.0,0.0,0.0,0.0,0.0,0.0,0.0,0.0,0.0,0.0,0.0,0.0,0.0,0.0,0.8264411664849626,0.7958166508637984,-0.030624515621164194,0.8264411664849626,0.8128030142139763,-0.013638152270986303,0.8264411664849626,0.8321426320125866,0.005701465527624072,0.8264411664849626,0.8328906067874425,0.0064494403024799585,0.8264411664849626,0.8159264426501369,-0.010514723834825657,0.8264411664849626,0.8260193021750197,-0.0004218643099428432
5.0,3.0,1.0,3.0,3.0,4.0,3.0,1.0,7.0,7.0,4.0,8.0,0.0,0.0,1.0,0.0,0.0,0.0,0.0,0.0,0.0,0.0,0.0,0.0,0.0,0.0,0.0,1.0,0.0,0.0,0.0,0.0,0.0,0.0,1.0,0.0,0.0,0.0,0.0,0.0,0.2876012459482179,0.24837002562683363,-0.039231220321384264,0.2876012459482179,0.2690697079053584,-0.018531538042859508,0.2876012459482179,0.29592357186770735,0.008322325919489448,0.2876012459482179,0.29704248650411486,0.009441240555896957,0.2876012459482179,0.2731525532121192,-0.014448692736098723,0.2876012459482179,0.28699960094949656,-0.0006016449987213401
3.0,1.0,2.0,1.0,1.0,5.0,2.0,4.0,4.0,7.0,2.0,3.0,0.0,1.0,0.0,0.0,0.0,0.0,0.0,0.0,0.0,0.0,0.0,1.0,0.0,0.0,0.0,0.0,0.0,0.0,0.0,0.0,0.0,0.0,0.0,0.0,0.0,0.0,0.0,0.0,0.7917416264331557,0.7567961573342188,-0.03494546909893692,0.7917416264331557,0.776115464646337,-0.01562616178681875,0.7917416264331557,0.7983047898124935,0.006563163379337822,0.7917416264331557,0.7991671561398374,0.007425529706681644,0.7917416264331557,0.7796851097185404,-0.012056516714615273,0.7917416264331557,0.7912567224495998,-0.0004849039835559399
3.0,1.0,7.0,1.0,1.0,4.0,2.0,3.0,8.0,8.0,3.0,10.0,0.0,0.0,0.0,0.0,0.0,0.0,1.0,0.0,1.0,0.0,0.0,0.0,0.0,0.0,0.0,0.0,0.0,0.0,0.0,0.0,0.0,0.0,0.0,0.0,0.0,0.0,0.0,0.0,0.9377842993828752,0.925023953135044,-0.012760346247831178,0.9377842993828752,0.9321774088546865,-0.005606890528188746,0.9377842993828752,0.94009324090798,0.0023089415251047463,0.9377842993828752,0.9403946418113088,0.0026103424284336096,0.9377842993828752,0.9334720738567458,-0.004312225526129421,,,
4.0,1.0,10.0,2.0,1.0,4.0,1.0,5.0,8.0,8.0,4.0,10.0,0.0,0.0,0.0,0.0,0.0,1.0,1.0,0.0,0.0,0.0,0.0,0.0,1.0,0.0,0.0,0.0,0.0,0.0,0.0,1.0,0.0,0.0,0.0,0.0,0.0,0.0,0.0,0.0,0.8268220854327254,0.796248212248699,-0.03057387318402638,,,,0.8268220854327254,0.8325135735921255,0.0056914881594001265,0.8268220854327254,0.8332602266485395,0.006438141215814097,0.8268220854327254,0.8163253099673288,-0.010496775465396624,,,
4.0,1.0,6.0,1.0,5.0,5.0,2.0,4.0,6.0,7.0,2.0,6.0,0.0,0.0,0.0,0.0,0.0,0.0,0.0,0.0,0.0,0.0,0.0,0.0,1.0,0.0,0.0,0.0,0.0,0.0,0.0,0.0,0.0,0.0,0.0,0.0,0.0,0.0,0.0,0.0,0.7058081206282812,0.6625882096181049,-0.043219911010176304,0.7058081206282812,0.6862889572773299,-0.019519163350951385,0.7058081206282812,0.7141015212886477,0.008293400660366435,0.7058081206282812,0.7151954655015471,0.009387344873265868,0.7058081206282812,0.690720078048232,-0.015088042580049255,0.7058081206282812,0.705197632261101,-0.0006104883671802508
6.0,1.0,7.0,1.0,2.0,2.0,1.0,3.0,7.0,7.0,3.0,9.0,0.0,0.0,0.0,0.0,0.0,0.0,0.0,0.0,0.0,0.0,1.0,0.0,0.0,0.0,0.0,0.0,0.0,0.0,0.0,0.0,0.0,0.0,0.0,0.0,0.0,0.0,0.0,0.0,0.8572086064302812,0.830902205904218,-0.026306400526063145,0.8572086064302812,0.8455362704192957,-0.011672336010985496,0.8572086064302812,0.8620680392701054,0.0048594328398242626,0.8572086064302812,0.8627046671236052,0.005496060693323979,0.8572086064302812,0.8482155277996763,-0.008993078630604834,0.8572086064302812,0.8568485737057,-0.00036003272458118296
6.0,1.0,3.0,1.0,2.0,2.0,2.0,4.0,8.0,6.0,4.0,6.0,0.0,0.0,0.0,0.0,0.0,0.0,1.0,0.0,0.0,0.0,0.0,0.0,0.0,1.0,0.0,0.0,0.0,0.0,0.0,1.0,0.0,0.0,0.0,0.0,0.0,0.0,0.0,0.0,0.7129829144117048,0.6703247199438591,-0.04265819446784569,0.7129829144117048,0.6937332239116861,-0.01924969050001868,0.7129829144117048,0.7211539622341336,0.008171047822428834,0.7129829144117048,0.7222314179591197,0.00924850354741491,0.7129829144117048,0.6981054500454771,-0.014877464366227722,0.7129829144117048,0.7123812475452053,-0.0006016668664995395
7.0,1.0,3.0,1.0,3.0,4.0,2.0,4.0,9.0,10.0,4.0,9.0,0.0,1.0,0.0,0.0,0.0,0.0,0.0,0.0,0.0,0.0,0.0,1.0,0.0,0.0,0.0,0.0,0.0,0.0,0.0,0.0,0.0,0.0,1.0,0.0,0.0,0.0,0.0,0.0,0.5335728315497476,0.4835639397536599,-0.05000889179608764,0.5335728315497476,0.5105506649466648,-0.02302216660308276,0.5335728315497476,0.5435818336792915,0.01000900212954392,,,,0.5335728315497476,0.5157124157049391,-0.017860415844808464,0.5335728315497476,0.532841494216936,-0.0007313373328114992
4.0,1.0,5.0,2.0,1.0,5.0,1.0,3.0,7.0,7.0,4.0,8.0,0.0,1.0,0.0,0.0,0.0,0.0,1.0,0.0,0.0,0.0,0.0,0.0,1.0,0.0,0.0,0.0,0.0,0.0,0.0,1.0,0.0,0.0,0.0,0.0,0.0,0.0,0.0,0.0,0.779657770431554,0.743341949498121,-0.036315820933432996,0.779657770431554,0.7633958789816212,-0.01626189144993284,0.779657770431554,0.7864990597224469,0.0068412892908928935,0.779657770431554,0.7873984598222622,0.007740689390708155,0.779657770431554,0.7671074708733279,-0.012550299558226174,0.779657770431554,0.7791525788338314,-0.0005051915977226651
5.0,3.0,8.0,3.0,3.0,3.0,3.0,4.0,8.0,8.0,5.0,8.0,0.0,1.0,0.0,0.0,0.0,0.0,1.0,0.0,0.0,0.0,0.0,1.0,0.0,0.0,0.0,0.0,0.0,0.0,0.0,0.0,0.0,0.0,0.0,0.0,0.0,0.0,0.0,1.0,0.32072642895223413,0.27874465800951637,-0.04198177094271777,0.32072642895223413,0.300962187137435,-0.019764241814799133,0.32072642895223413,0.3295638656064055,0.00883743665417136,0.32072642895223413,0.3307502246346403,0.010023795682406189,,,,0.32072642895223413,0.32008662324582604,-0.000639805706408092
3.0,1.0,5.0,1.0,2.0,3.0,2.0,4.0,8.0,7.0,4.0,8.0,0.0,0.0,0.0,0.0,0.0,0.0,0.0,0.0,0.0,0.0,0.0,1.0,0.0,0.0,0.0,0.0,0.0,0.0,0.0,0.0,0.0,0.0,0.0,0.0,0.0,0.0,0.0,0.0,0.8566367977574034,0.8302459145704763,-0.026390883186927172,0.8566367977574034,0.8449261757061342,-0.01171062205126927,0.8566367977574034,0.8615125463905197,0.004875748633116239,0.8566367977574034,0.8621513281553111,0.005514530397907724,0.8566367977574034,0.8476141083046415,-0.009022689452761967,0.8566367977574034,0.8562755650127699,-0.00036123274463351063
4.0,1.0,5.0,1.0,4.0,2.0,3.0,3.0,7.0,6.0,3.0,7.0,0.0,0.0,0.0,0.0,0.0,0.0,1.0,0.0,0.0,0.0,0.0,0.0,0.0,0.0,0.0,0.0,0.0,0.0,0.0,0.0,0.0,0.0,0.0,0.0,0.0,0.0,0.0,0.0,0.6192540773472325,0.5710464065807388,-0.04820767076649368,0.6192540773472325,0.5972689636475783,-0.02198511369965417,0.6192540773472325,0.6287038948221413,0.009449817474908806,0.6192540773472325,0.6299552733183619,0.010701195971129396,0.6192540773472325,0.6022286960557655,-0.017025381291467023,0.6192540773472325,0.6185610446998017,-0.0006930326474308135
5.0,1.0,4.0,1.0,1.0,5.0,1.0,3.0,8.0,9.0,3.0,8.0,0.0,0.0,0.0,0.0,1.0,0.0,1.0,0.0,0.0,1.0,0.0,0.0,0.0,0.0,0.0,0.0,0.0,0.0,0.0,0.0,0.0,0.0,0.0,0.0,0.0,0.0,0.0,0.0,0.8890456321515553,0.8676993061508343,-0.02134632600072095,0.8890456321515553,0.8796102780023347,-0.009435354149220587,0.8890456321515553,0.8929568941288877,0.003911261977332381,0.8890456321515553,0.8934685719124054,0.004422939760850064,0.8890456321515553,0.8817811385040563,-0.007264493647499037,0.8890456321515553,0.8887554554433086,-0.0002901767082467144
3.0,1.0,7.0,3.0,2.0,1.0,4.0,3.0,4.0,6.0,2.0,6.0,0.0,1.0,0.0,0.0,0.0,0.0,1.0,0.0,0.0,0.0,0.0,0.0,0.0,0.0,0.0,0.0,1.0,0.0,0.0,1.0,0.0,0.0,0.0,0.0,0.0,0.0,0.0,0.0,0.4081752697501508,0.36082724024272145,-0.047348029507429334,0.4081752697501508,0.386085070937672,-0.022090198812478756,0.4081752697501508,0.4179397422681218,0.009764472517971023,0.4081752697501508,0.41924529592049425,0.011070026170343472,0.4081752697501508,0.3909936935935384,-0.017181576156612366,0.4081752697501508,0.40746565932303247,-0.0007096104271183123
4.0,1.0,7.0,1.0,2.0,3.0,2.0,4.0,6.0,7.0,4.0,7.0,0.0,0.0,0.0,0.0,0.0,0.0,1.0,0.0,0.0,0.0,0.0,0.0,1.0,0.0,0.0,0.0,0.0,0.0,0.0,0.0,0.0,0.0,0.0,0.0,0.0,0.0,0.0,0.0,0.803942937178919,0.7704512415637332,-0.033491695615185724,0.803942937178919,0.7889882769782558,-0.014954660200663161,0.803942937178919,0.8102137539546095,0.006270816775690524,0.803942937178919,0.8110372549301084,0.007094317751189405,0.803942937178919,0.7924075745853139,-0.011535362593605103,0.803942937178919,0.8034793908985354,-0.0004635462803835866
3.0,1.0,8.0,1.0,2.0,4.0,3.0,3.0,9.0,8.0,3.0,5.0,0.0,0.0,0.0,0.0,0.0,0.0,0.0,0.0,0.0,0.0,0.0,1.0,0.0,0.0,0.0,0.0,0.0,0.0,0.0,0.0,0.0,0.0,0.0,0.0,0.0,0.0,0.0,0.0,0.8950588069259439,0.8747063080251932,-0.020352498900750637,0.8950588069259439,0.8860692728971238,-0.008989534028820079,0.8950588069259439,0.898782230834999,0.0037234239090551124,0.8950588069259439,0.8992692040346759,0.004210397108732056,0.8950588069259439,0.8881384766369568,-0.006920330288987087,0.8950588069259439,0.8947824951822797,-0.00027631174366415934
5.0,3.0,4.0,3.0,4.0,5.0,2.0,4.0,8.0,7.0,5.0,8.0,0.0,0.0,0.0,0.0,0.0,0.0,1.0,0.0,0.0,0.0,0.0,1.0,0.0,0.0,0.0,0.0,0.0,0.0,0.0,1.0,0.0,0.0,0.0,0.0,0.0,0.0,0.0,0.0,0.5730680732767505,0.5235122218168624,-0.049555851459888056,0.5730680732767505,0.550352531028552,-0.022715542248198495,0.5730680732767505,0.5828920833311322,0.009824010054381715,0.5730680732767505,0.5841957465174439,0.011127673240693414,,,,0.5730680732767505,0.572349029303221,-0.0007190439735295096
3.0,2.0,7.0,1.0,2.0,5.0,3.0,3.0,6.0,7.0,3.0,8.0,0.0,0.0,0.0,0.0,0.0,0.0,1.0,0.0,0.0,0.0,0.0,0.0,0.0,0.0,0.0,0.0,0.0,0.0,0.0,0.0,0.0,0.0,0.0,0.0,0.0,0.0,0.0,0.0,0.8558879091324672,0.829386624265377,-0.026501284867090136,0.8558879091324672,0.8441272450891942,-0.011760664043272917,0.8558879091324672,0.8607849881500459,0.004897079017578743,0.8558879091324672,0.8614265860271474,0.005538676894680239,0.8558879091324672,0.8468265152851879,-0.00906139384727922,0.8558879091324672,0.8555251076561622,-0.0003628014763049636
4.0,1.0,3.0,1.0,1.0,5.0,1.0,3.0,10.0,10.0,4.0,10.0,0.0,1.0,0.0,0.0,0.0,0.0,1.0,0.0,1.0,0.0,0.0,0.0,0.0,0.0,0.0,0.0,0.0,0.0,0.0,0.0,0.0,0.0,0.0,0.0,0.0,0.0,0.0,0.0,0.8631575218957299,0.8377396330266026,-0.025417888869127325,0.8631575218957299,0.851887450743012,-0.011270071152717942,,,,,,,0.8631575218957299,0.8544755037917138,-0.008682018104016143,,,
7.0,1.0,3.0,4.0,1.0,4.0,1.0,3.0,9.0,9.0,4.0,9.0,0.0,1.0,0.0,0.0,0.0,0.0,0.0,0.0,0.0,0.0,0.0,0.0,0.0,0.0,0.0,0.0,0.0,0.0,0.0,1.0,0.0,0.0,0.0,0.0,0.0,0.0,0.0,0.0,0.6739632092073193,0.6285272008038856,-0.04543600840343376,0.6739632092073193,0.6533688381185183,-0.020594371088801022,0.6739632092073193,0.6827508207087707,0.008787611501451353,0.6739632092073193,0.683911625178397,0.009948415971077651,0.6739632092073193,0.6580332526938378,-0.015929956513481502,0.6739632092073193,0.6733172245532834,-0.0006459846540359804
4.0,1.0,3.0,1.0,2.0,2.0,2.0,3.0,8.0,8.0,4.0,8.0,1.0,0.0,0.0,0.0,0.0,0.0,0.0,0.0,0.0,0.0,0.0,0.0,1.0,0.0,0.0,0.0,0.0,0.0,0.0,0.0,0.0,0.0,0.0,0.0,0.0,0.0,0.0,0.0,0.7388316059274229,0.6983900244787578,-0.040441581448665165,0.7388316059274229,0.720636263293454,-0.018195342633968936,0.7388316059274229,0.7465283837686918,0.007696777841268876,0.7388316059274229,0.747542116755104,0.00871051082768104,0.7388316059274229,0.7247767940118477,-0.014054811915575227,0.7388316059274229,0.738264233385687,-0.0005673725417358888
3.0,1.0,4.0,1.0,3.0,3.0,2.0,3.0,8.0,8.0,2.0,8.0,1.0,0.0,0.0,0.0,0.0,0.0,1.0,0.0,0.0,0.0,0.0,1.0,0.0,0.0,0.0,0.0,0.0,0.0,0.0,0.0,0.0,0.0,0.0,0.0,0.0,0.0,0.0,0.0,0.756760169883473,0.7180352996750152,-0.03872487020845783,0.756760169883473,0.7393732781819141,-0.017386891701558937,0.756760169883473,0.7640972853918923,0.007337115508419201,0.756760169883473,0.7650628662332446,0.008302696349771543,0.756760169883473,0.7433350114329902,-0.013425158450482866,0.756760169883473,0.756218894741539,-0.0005412751419340278
6.0,2.0,10.0,2.0,1.0,3.0,2.0,4.0,9.0,9.0,5.0,8.0,0.0,0.0,0.0,0.0,0.0,0.0,0.0,0.0,0.0,0.0,0.0,0.0,0.0,0.0,0.0,0.0,0.0,0.0,1.0,0.0,0.0,0.0,1.0,0.0,0.0,0.0,0.0,0.0,0.7180329307872005,0.6757839947881006,-0.04224893599909996,0.7180329307872005,0.6989789384134076,-0.019053992373792905,0.7180329307872005,0.7261154373955706,0.008082506608370066,0.7180329307872005,0.7271809746544513,0.009148043867250766,,,,0.7180329307872005,0.7174376547177589,-0.0005952760694416526
5.0,1.0,7.0,2.0,3.0,5.0,3.0,3.0,7.0,8.0,3.0,9.0,0.0,0.0,0.0,0.0,0.0,0.0,0.0,0.0,0.0,0.0,0.0,0.0,1.0,0.0,0.0,0.0,0.0,0.0,0.0,0.0,0.0,0.0,0.0,1.0,0.0,0.0,0.0,0.0,0.748753391050737,0.7092435667736576,-0.039509824277079386,0.748753391050737,0.7309976143175754,-0.017755776733161643,0.748753391050737,0.7562542333651313,0.007500842314394296,0.748753391050737,0.7572417176480176,0.008488326597280604,0.748753391050737,0.7350410395756151,-0.013712351475121953,0.748753391050737,0.748200227047075,-0.00055316400366201
7.0,2.0,4.0,1.0,2.0,3.0,3.0,3.0,10.0,8.0,5.0,10.0,0.0,0.0,0.0,0.0,0.0,0.0,0.0,0.0,0.0,0.0,0.0,0.0,0.0,1.0,0.0,0.0,0.0,0.0,0.0,0.0,0.0,0.0,1.0,0.0,0.0,0.0,0.0,0.0,0.7181596655187307,0.6759211482374093,-0.04223851728132133,0.7181596655187307,0.6991106485042097,-0.019049017014520997,,,,0.7181596655187307,0.7273051592051502,0.009145493686419481,,,,,,
5.0,1.0,9.0,3.0,1.0,3.0,2.0,3.0,8.0,8.0,4.0,7.0,0.0,0.0,0.0,0.0,0.0,0.0,1.0,0.0,0.0,0.0,0.0,0.0,1.0,0.0,0.0,0.0,0.0,0.0,0.0,1.0,0.0,0.0,0.0,0.0,0.0,0.0,0.0,0.0,0.8506031878919376,0.8233306777289582,-0.02727251016297938,0.8506031878919376,0.8384926317306296,-0.012110556161307962,0.8506031878919376,0.8556495599833345,0.005046372091396911,0.8506031878919376,0.8563108746427177,0.00570768675078015,0.8506031878919376,0.8412711293297411,-0.009332058562196432,0.8506031878919376,0.850229410249218,-0.0003737776427195083
3.0,1.0,7.0,1.0,3.0,4.0,1.0,4.0,8.0,9.0,4.0,7.0,0.0,0.0,0.0,0.0,0.0,0.0,1.0,0.0,0.0,0.0,0.0,1.0,0.0,0.0,0.0,0.0,0.0,0.0,0.0,0.0,0.0,0.0,0.0,0.0,0.0,0.0,0.0,0.0,0.8616238671743163,0.8359752421040998,-0.02564862507021648,0.8616238671743163,0.8502494008089211,-0.011374466365395186,0.8616238671743163,0.86635646738914,0.00473260021482369,0.8616238671743163,0.8669763561739136,0.005352488999597282,0.8616238671743163,0.8528611326988076,-0.008762734475508682,0.8616238671743163,0.8612731653926523,-0.0003507017816639646
4.0,3.0,8.0,2.0,3.0,3.0,2.0,3.0,7.0,7.0,4.0,8.0,0.0,0.0,1.0,0.0,0.0,0.0,1.0,0.0,0.0,0.0,0.0,0.0,1.0,0.0,0.0,0.0,0.0,0.0,0.0,0.0,0.0,0.0,0.0,0.0,0.0,0.0,0.0,0.0,0.4352213417400937,0.38678638265943716,-0.04843495908065654,0.4352213417400937,0.41268809732142975,-0.022533244418663945,0.4352213417400937,0.4451461682712097,0.009924826531115982,0.4352213417400937,0.4464715193264155,0.011250177586321797,0.4352213417400937,0.4177048187768894,-0.017516522963204273,0.4352213417400937,0.43449923207587055,-0.0007221096642231473
6.0,1.0,4.0,1.0,2.0,4.0,2.0,5.0,7.0,7.0,3.0,8.0,0.0,0.0,0.0,0.0,0.0,0.0,0.0,0.0,0.0,0.0,0.0,0.0,0.0,0.0,0.0,0.0,0.0,0.0,0.0,0.0,0.0,0.0,0.0,0.0,0.0,0.0,0.0,0.0,0.8022911311344851,0.7685984821091484,-0.03369264902533675,,,,0.8022911311344851,0.8086022023274682,0.00631107119298302,0.8022911311344851,0.8094310512464272,0.0071399201119420885,0.8022911311344851,0.7906838853941045,-0.011607245740380634,0.8022911311344851,0.8018246421237988,-0.00046648901068635507
6.0,3.0,4.0,2.0,4.0,4.0,4.0,2.0,7.0,5.0,5.0,5.0,0.0,0.0,0.0,0.0,0.0,0.0,1.0,0.0,0.0,0.0,0.0,0.0,0.0,1.0,0.0,0.0,0.0,0.0,0.0,0.0,0.0,0.0,0.0,0.0,0.0,0.0,0.0,0.0,0.4168281446827427,0.3691023809490115,-0.04772576373373122,0.4168281446827427,0.3945818751142072,-0.02224626956853548,0.4168281446827427,0.4266503884822398,0.009822243799497088,0.4168281446827427,0.4279631458737945,0.011135001191051819,,,,0.4168281446827427,0.4161140680498041,-0.0007140766329385984
3.0,1.0,4.0,2.0,2.0,5.0,2.0,3.0,10.0,10.0,5.0,10.0,0.0,1.0,0.0,0.0,0.0,0.0,0.0,0.0,0.0,0.0,0.0,0.0,1.0,0.0,0.0,0.0,0.0,0.0,0.0,0.0,0.0,0.0,0.0,0.0,0.0,0.0,0.0,0.0,0.7439334543993126,0.7039653448658988,-0.03996810953341379,0.7439334543993126,0.7259617168062581,-0.017971737593054482,,,,,,,,,,,,
6.0,2.0,9.0,1.0,2.0,4.0,3.0,3.0,8.0,8.0,4.0,8.0,0.0,0.0,0.0,0.0,0.0,0.0,1.0,0.0,0.0,0.0,0.0,1.0,0.0,0.0,0.0,0.0,0.0,0.0,0.0,0.0,0.0,0.0,1.0,0.0,0.0,0.0,0.0,0.0,0.7995468306304577,0.7655231914902692,-0.03402363914018858,0.7995468306304577,0.7843467965597711,-0.015200034070686597,0.7995468306304577,0.8059243119097914,0.0063774812793336855,0.7995468306304577,0.8067619861096831,0.007215155479225355,0.7995468306304577,0.787821079718598,-0.011725750911859678,0.7995468306304577,0.799075488128449,-0.0004713425020087536
5.0,6.0,2.0,3.0,1.0,5.0,2.0,3.0,0.0,0.0,1.0,0.0,0.0,0.0,1.0,0.0,0.0,0.0,1.0,0.0,0.0,0.0,0.0,0.0,0.0,0.0,0.0,0.0,0.0,0.0,0.0,0.0,0.0,1.0,0.0,0.0,0.0,0.0,0.0,0.0,0.29841570663456773,0.2582440560847087,-0.04017165054985905,0.29841570663456773,0.27946069319368044,-0.01895501344088729,0.29841570663456773,0.3069161505900364,0.008500443955468673,0.29841570663456773,0.3080584434810162,0.009642736846448452,0.29841570663456773,0.28364002539638694,-0.014775681238180793,0.29841570663456773,0.2978008955004396,-0.0006148111341281459
3.0,1.0,6.0,1.0,2.0,5.0,2.0,4.0,9.0,8.0,4.0,7.0,0.0,1.0,0.0,0.0,0.0,0.0,0.0,0.0,1.0,0.0,0.0,0.0,0.0,0.0,0.0,0.0,0.0,0.0,0.0,0.0,0.0,0.0,0.0,0.0,0.0,0.0,0.0,0.0,0.8148276451774135,0.7826927459486103,-0.03213489922880319,0.8148276451774135,0.8004972067546983,-0.014330438422715197,0.8148276451774135,0.8208279079693259,0.0060002627919124585,0.8148276451774135,0.8216154931996554,0.006787848022241971,0.8148276451774135,0.8037763918178126,-0.011051253359600888,0.8148276451774135,0.8143838922905086,-0.00044375288690490233
6.0,1.0,3.0,1.0,2.0,4.0,2.0,3.0,4.0,5.0,3.0,3.0,0.0,0.0,0.0,0.0,0.0,0.0,1.0,0.0,0.0,0.0,0.0,0.0,0.0,0.0,0.0,0.0,0.0,0.0,0.0,0.0,0.0,0.0,0.0,0.0,0.0,0.0,0.0,0.0,0.7692352116365798,0.7317925256699453,-0.03744268596663447,0.7692352116365798,0.7524483412154891,-0.016786870421090727,0.7692352116365798,0.7763072596007631,0.007072047964183259,0.7692352116365798,0.7772374335609605,0.008002221924380715,0.7692352116365798,0.7562768384798888,-0.012958373156691017,0.7692352116365798,0.7687132125362477,-0.0005219991003321267
4.0,1.0,7.0,1.0,2.0,4.0,2.0,4.0,7.0,7.0,3.0,8.0,0.0,1.0,0.0,0.0,0.0,0.0,1.0,0.0,0.0,0.0,0.0,0.0,1.0,0.0,0.0,0.0,0.0,0.0,0.0,0.0,0.0,0.0,0.0,1.0,0.0,0.0,0.0,0.0,0.6203887613050333,0.5722255136954657,-0.04816324760956758,0.6203887613050333,0.5984266789626588,-0.02196208234237451,0.6203887613050333,0.6298272512459921,0.00943848994095886,0.6203887613050333,0.6310770653449977,0.010688304039964458,0.6203887613050333,0.6033816215925963,-0.017007139712436947,0.6203887613050333,0.6196965256104073,-0.0006922356946259534
3.0,1.0,9.0,1.0,2.0,4.0,4.0,2.0,9.0,8.0,5.0,8.0,0.0,0.0,0.0,0.0,0.0,0.0,1.0,0.0,0.0,0.0,0.0,0.0,0.0,0.0,0.0,0.0,0.0,0.0,0.0,0.0,0.0,0.0,0.0,0.0,0.0,0.0,0.0,0.0,0.8570589818558847,0.8307304592592406,-0.02632852259664409,0.8570589818558847,0.8453766211498915,-0.011682360705993156,0.8570589818558847,0.8619226864684977,0.004863704612612985,0.8570589818558847,0.8625598782421966,0.005500896386311904,,,,0.8570589818558847,0.8566986349371226,-0.0003603469187620778
3.0,1.0,6.0,1.0,2.0,3.0,2.0,4.0,5.0,7.0,2.0,7.0,0.0,1.0,0.0,0.0,0.0,0.0,1.0,0.0,1.0,0.0,0.0,0.0,0.0,0.0,0.0,0.0,0.0,0.0,0.0,0.0,0.0,0.0,0.0,0.0,0.0,0.0,0.0,0.0,0.7220361484358953,0.6801198198666865,-0.041916328569208794,0.7220361484358953,0.7031408329765181,-0.01889531545937717,0.7220361484358953,0.7300470459706584,0.00801089753476314,0.7220361484358953,0.7311029518304418,0.009066803394546574,0.7220361484358953,0.7074353957011214,-0.014600752734773903,0.7220361484358953,0.7214460451341801,-0.0005901033017151613
6.0,6.0,10.0,1.0,1.0,3.0,1.0,3.0,9.0,9.0,2.0,8.0,0.0,0.0,0.0,0.0,0.0,0.0,1.0,0.0,0.0,0.0,0.0,0.0,0.0,1.0,0.0,0.0,0.0,0.0,0.0,0.0,0.0,0.0,0.0,1.0,0.0,0.0,0.0,0.0,0.7842313884904886,0.7484261394981047,-0.03580524899238391,0.7842313884904886,0.7682066902927301,-0.016024698197758425,0.7842313884904886,0.7909687460775021,0.006737357587013548,0.7842313884904886,0.7918543001481029,0.007622911657614306,0.7842313884904886,0.7718653679854219,-0.012366020505066633,0.7842313884904886,0.7837337743690634,-0.0004976141214251273
3.0,1.0,3.0,1.0,3.0,5.0,3.0,3.0,7.0,8.0,3.0,8.0,0.0,0.0,0.0,0.0,0.0,0.0,1.0,0.0,0.0,0.0,0.0,1.0,0.0,0.0,0.0,0.0,0.0,0.0,0.0,0.0,0.0,0.0,0.0,0.0,0.0,0.0,0.0,0.0,0.8154277631836171,0.7833693207168065,-0.032058442466810555,0.8154277631836171,0.8011324328179746,-0.014295330365642456,0.8154277631836171,0.8214128419709343,0.005985078787317244,0.8154277631836171,0.8221984129636485,0.00677064978003139,0.8154277631836171,0.8044037280139483,-0.011024035169668767,0.8154277631836171,0.814985121893811,-0.0004426412898060894
2.0,2.0,7.0,4.0,3.0,3.0,3.0,3.0,7.0,7.0,1.0,5.0,0.0,0.0,0.0,0.0,0.0,0.0,0.0,0.0,0.0,0.0,0.0,0.0,0.0,0.0,0.0,0.0,1.0,0.0,0.0,0.0,0.0,0.0,0.0,0.0,0.0,1.0,0.0,0.0,0.7824294230625503,0.746421838855294,-0.03600758420725625,0.7824294230625503,0.7663107753781644,-0.016118647684385867,0.7824294230625503,0.7892079231826875,0.006778500120137254,0.7824294230625503,0.7900989573339177,0.007669534271367406,0.7824294230625503,0.7699904185780948,-0.012439004484455451,0.7824294230625503,0.7819288087702057,-0.0005006142923446033
7.0,1.0,5.0,1.0,1.0,4.0,2.0,3.0,9.0,8.0,4.0,8.0,0.0,0.0,0.0,0.0,0.0,0.0,0.0,0.0,0.0,0.0,0.0,1.0,0.0,0.0,0.0,0.0,0.0,0.0,0.0,1.0,0.0,0.0,0.0,0.0,0.0,0.0,0.0,0.0,0.8759226680054227,0.8524705897213979,-0.023452078284024847,0.8759226680054227,0.8655401386886692,-0.010382529316753542,0.8759226680054227,0.88023421077003,0.004311542764607212,0.8759226680054227,0.8807985860303125,0.004875918024889736,0.8759226680054227,0.8679266163096598,-0.007996051695762896,0.8759226680054227,0.8756029732286393,-0.00031969477678339686
3.0,2.0,7.0,1.0,1.0,4.0,2.0,3.0,9.0,10.0,4.0,8.0,0.0,0.0,0.0,0.0,0.0,0.0,0.0,0.0,0.0,0.0,0.0,1.0,0.0,0.0,0.0,0.0,0.0,0.0,0.0,0.0,0.0,0.0,0.0,0.0,0.0,0.0,0.0,0.0,0.9248306404254304,0.9096694279725513,-0.015161212452879047,0.9248306404254304,0.9181582431736536,-0.006672397251776818,0.9248306404254304,0.9275831936760318,0.0027525532506014194,,,,0.9248306404254304,0.9196974664913307,-0.005133173934099733,0.9248306404254304,0.9246261170868714,-0.00020452333855902616
6.0,5.0,2.0,1.0,1.0,4.0,3.0,2.0,8.0,6.0,5.0,4.0,0.0,0.0,1.0,0.0,0.0,0.0,0.0,0.0,0.0,0.0,0.0,0.0,1.0,0.0,0.0,0.0,0.0,0.0,0.0,1.0,0.0,0.0,0.0,0.0,0.0,0.0,0.0,0.0,0.4698397232874258,0.4204200278109155,-0.04941969547651032,0.4698397232874258,0.446932491022171,-0.022907232265254818,0.4698397232874258,0.47988321562667213,0.01004349233924634,0.4698397232874258,0.4812222914964333,0.011382568209007515,,,,0.4698397232874258,0.4691078838941631,-0.0007318393932627121
7.0,1.0,8.0,1.0,1.0,3.0,2.0,4.0,5.0,5.0,2.0,5.0,0.0,0.0,0.0,0.0,0.0,0.0,0.0,0.0,0.0,0.0,0.0,1.0,0.0,0.0,0.0,0.0,0.0,0.0,0.0,0.0,0.0,0.0,1.0,0.0,0.0,0.0,0.0,0.0,0.8458490214674268,0.8178944380414869,-0.027954583425939927,0.8458490214674268,0.8334285476039988,-0.012420473863428039,0.8458490214674268,0.8510278564135924,0.005178834946165556,0.8458490214674268,0.851706674955071,0.005857653487644221,0.8458490214674268,0.836277154397168,-0.00957186707025881,0.8458490214674268,0.8454655102701135,-0.00038351119731327987
5.0,2.0,2.0,2.0,2.0,1.0,2.0,2.0,8.0,8.0,5.0,9.0,0.0,0.0,0.0,0.0,0.0,0.0,1.0,0.0,0.0,1.0,0.0,0.0,0.0,0.0,0.0,0.0,0.0,0.0,0.0,1.0,0.0,0.0,0.0,0.0,0.0,0.0,0.0,0.0,0.6373153392729618,0.5898799663781686,-0.04743537289479316,0.6373153392729618,0.6157259598230894,-0.02158937944987238,0.6373153392729618,0.6465727296855741,0.00925739041261231,0.6373153392729618,0.6477976222109258,0.01048228293796405,,,,0.6373153392729618,0.6366358913523632,-0.000679447920598597
2.0,3.0,3.0,4.0,2.0,3.0,1.0,3.0,10.0,7.0,5.0,5.0,0.0,1.0,0.0,0.0,0.0,0.0,0.0,0.0,0.0,0.0,0.0,0.0,1.0,0.0,0.0,0.0,0.0,0.0,0.0,0.0,0.0,0.0,0.0,0.0,0.0,1.0,0.0,0.0,0.6553175268407487,0.6087913708401329,-0.046526156000615826,0.6553175268407487,0.6341846588813698,-0.021132867959378965,,,,0.6553175268407487,0.6655525515043493,0.0102350246636006,,,,0.6553175268407487,0.6546535291321643,-0.0006639977085843851
3.0,1.0,2.0,1.0,2.0,4.0,2.0,4.0,6.0,7.0,3.0,5.0,1.0,0.0,0.0,0.0,0.0,0.0,1.0,0.0,1.0,0.0,0.0,0.0,0.0,0.0,0.0,0.0,0.0,0.0,0.0,0.0,0.0,0.0,0.0,0.0,0.0,0.0,0.0,0.0,0.8225930627052965,0.7914608823738175,-0.03113218033147902,0.8225930627052965,0.8087225140841181,-0.013870548621178425,0.8225930627052965,0.8283946911736814,0.005801628468384834,0.8225930627052965,0.8291559380312934,0.006562875325996864,0.8225930627052965,0.8118982704072306,-0.010694792298065914,0.8225930627052965,0.8221638576323161,-0.00042920507298038757
7.0,1.0,3.0,1.0,2.0,4.0,2.0,4.0,8.0,8.0,4.0,6.0,0.0,0.0,0.0,0.0,0.0,0.0,0.0,0.0,0.0,0.0,0.0,1.0,0.0,0.0,0.0,0.0,0.0,0.0,0.0,0.0,0.0,0.0,1.0,0.0,0.0,0.0,0.0,0.0,0.7996856731882206,0.7656786937911769,-0.03400697939704367,0.7996856731882206,0.7844933295904168,-0.015192343597803748,0.7996856731882206,0.8060598086242916,0.006374135436071016,0.7996856731882206,0.8068970381187869,0.007211364930566289,0.7996856731882206,0.7879658902062304,-0.011719782981990168,0.7996856731882206,0.7992145751734387,-0.00047109801478184554
3.0,1.0,8.0,1.0,1.0,5.0,2.0,4.0,7.0,8.0,2.0,7.0,0.0,0.0,0.0,0.0,1.0,0.0,1.0,0.0,0.0,0.0,0.0,0.0,0.0,0.0,0.0,0.0,0.0,0.0,0.0,0.0,0.0,0.0,0.0,0.0,0.0,0.0,0.0,0.0,0.924108003162295,0.9088154096006658,-0.015292593561629264,0.924108003162295,0.9173771917065172,-0.006730811455777808,0.924108003162295,0.926884925968334,0.0027769228060390283,0.924108003162295,0.9272476373952969,0.003139634233001898,0.924108003162295,0.9189298074715465,-0.0051781956907485105,0.924108003162295,0.9239016754316892,-0.00020632773060580423
3.0,1.0,4.0,1.0,2.0,4.0,1.0,1.0,8.0,7.0,3.0,8.0,0.0,0.0,1.0,0.0,0.0,0.0,1.0,0.0,0.0,0.0,0.0,0.0,1.0,0.0,0.0,0.0,0.0,0.0,0.0,0.0,0.0,0.0,0.0,0.0,0.0,0.0,0.0,1.0,0.7573172854014393,0.7186481349267875,-0.0386691504746518,0.7573172854014393,0.7399565323412777,-0.017360753060161604,0.7573172854014393,0.7646428224398895,0.0073255370384501806,0.7573172854014393,0.7656068553036771,0.008289569902237837,0.7573172854014393,0.7439124704464894,-0.013404814954949829,0.7573172854014393,0.7567768515425543,-0.0005404338588850255
7.0,1.0,10.0,1.0,4.0,5.0,1.0,4.0,9.0,8.0,4.0,9.0,0.0,0.0,0.0,0.0,0.0,0.0,1.0,0.0,0.0,0.0,0.0,1.0,0.0,0.0,0.0,0.0,0.0,0.0,0.0,0.0,0.0,0.0,1.0,0.0,0.0,0.0,0.0,0.0,0.7722365417314231,0.7351131438186542,-0.03712339791276886,0.7722365417314231,0.7555986337022538,-0.016637908029169313,0.7722365417314231,0.7792430069418878,0.007006465210464663,0.7722365417314231,0.7801644302505272,0.007927888519104087,0.7722365417314231,0.7593939894110984,-0.012842552320324718,0.7722365417314231,0.7717193169956826,-0.0005172247357404514
5.0,1.0,2.0,1.0,1.0,4.0,2.0,3.0,7.0,6.0,4.0,8.0,0.0,0.0,1.0,0.0,0.0,0.0,1.0,0.0,0.0,1.0,0.0,0.0,0.0,0.0,0.0,0.0,0.0,0.0,0.0,0.0,0.0,0.0,0.0,0.0,0.0,0.0,0.0,0.0,0.6196369652867406,0.5714442235135283,-0.04819274177321231,0.6196369652867406,0.5976595959054037,-0.021977369381336875,0.6196369652867406,0.6290829718183496,0.009446006531608986,0.6196369652867406,0.63033382391857,0.010696858631829342,0.6196369652867406,0.6026177183162416,-0.017019246970499058,0.6196369652867406,0.6189442007164997,-0.0006927645702409224
6.0,2.0,3.0,1.0,4.0,5.0,2.0,3.0,6.0,7.0,5.0,7.0,0.0,0.0,0.0,0.0,0.0,0.0,1.0,0.0,0.0,0.0,0.0,0.0,0.0,0.0,0.0,0.0,0.0,0.0,0.0,1.0,0.0,0.0,0.0,0.0,0.0,0.0,0.0,0.0,0.630654904313672,0.5829185044471638,-0.04773639986650824,0.630654904313672,0.6089123469763196,-0.02174255733735242,0.630654904313672,0.6399862654716107,0.009331361157938756,0.630654904313672,0.6412213184878127,0.010566414174140726,,,,0.630654904313672,0.6299702233934059,-0.0006846809202660786
4.0,1.0,4.0,1.0,1.0,1.0,1.0,4.0,4.0,4.0,1.0,4.0,0.0,0.0,0.0,0.0,0.0,0.0,1.0,0.0,0.0,0.0,0.0,1.0,0.0,0.0,0.0,0.0,0.0,0.0,0.0,0.0,0.0,0.0,0.0,0.0,0.0,0.0,0.0,0.0,0.8356920070487905,0.8063172602819783,-0.029374746766812287,0.8356920070487905,0.8226247637653359,-0.013067243283454655,0.8356920070487905,0.8411479913360325,0.005455984287241922,0.8356920070487905,0.8418634638448209,0.006171456796030372,0.8356920070487905,0.8256194726748176,-0.01007253437397293,0.8356920070487905,0.8352881470160248,-0.0004038600327657127
3.0,1.0,3.0,1.0,1.0,3.0,2.0,2.0,9.0,9.0,4.0,8.0,1.0,0.0,0.0,0.0,0.0,0.0,0.0,0.0,0.0,0.0,0.0,0.0,1.0,0.0,0.0,0.0,0.0,0.0,0.0,0.0,0.0,0.0,0.0,0.0,0.0,0.0,0.0,0.0,0.8694038375487432,0.8449377451841779,-0.024466092364565317,0.8694038375487432,0.8585639057662259,-0.010839931782517298,0.8694038375487432,0.8739092938469925,0.004505456298249277,0.8694038375487432,0.874499224664747,0.00509538711600388,0.8694038375487432,0.8610543252633358,-0.008349512285407368,0.8694038375487432,0.8690698571573408,-0.00033398039140242197
7.0,1.0,9.0,2.0,3.0,4.0,3.0,4.0,9.0,7.0,5.0,9.0,0.0,0.0,0.0,0.0,0.0,0.0,0.0,0.0,0.0,0.0,0.0,1.0,0.0,0.0,0.0,0.0,0.0,0.0,0.0,0.0,0.0,0.0,1.0,0.0,0.0,0.0,0.0,0.0,0.7059660725839771,0.662758278913539,-0.043207793670438144,0.7059660725839771,0.68645273353447,-0.01951333904950714,0.7059660725839771,0.7142568231779031,0.008290750593925922,0.7059660725839771,0.7153504100236172,0.009384337439640067,,,,0.7059660725839771,0.7053557751581702,-0.0006102974258069827
2.0,1.0,2.0,1.0,3.0,5.0,3.0,3.0,3.0,6.0,2.0,7.0,0.0,0.0,0.0,0.0,0.0,0.0,1.0,0.0,0.0,0.0,0.0,0.0,0.0,0.0,0.0,0.0,1.0,0.0,0.0,0.0,0.0,0.0,0.0,0.0,0.0,0.0,0.0,0.0,0.7678094969568159,0.7302166128611078,-0.037592884095708046,0.7678094969568159,0.7509524917065752,-0.016857005250240698,0.7678094969568159,0.7749124525642149,0.007102955607399042,0.7678094969568159,0.7758467518003285,0.008037254843512587,0.7678094969568159,0.7547965841880903,-0.013012912768725626,0.7678094969568159,0.7672852484913122,-0.0005242484655036961
6.0,1.0,8.0,1.0,1.0,4.0,4.0,1.0,3.0,3.0,2.0,5.0,1.0,0.0,0.0,0.0,0.0,0.0,1.0,0.0,0.0,0.0,0.0,0.0,0.0,1.0,0.0,0.0,0.0,0.0,0.0,0.0,0.0,0.0,0.0,0.0,0.0,0.0,0.0,0.0,0.7456694175159482,0.7058651348991866,-0.03980428261676161,0.7456694175159482,0.7277749332565256,-0.017894484259422527,0.7456694175159482,0.7532319864840206,0.007562568968072392,0.7456694175159482,0.7542277356294769,0.008558318113528696,0.7456694175159482,0.7318490297856513,-0.013820387730296924,0.7456694175159482,0.745111774998271,-0.0005576425176772037
7.0,6.0,2.0,3.0,2.0,2.0,2.0,5.0,5.0,6.0,5.0,7.0,0.0,0.0,0.0,0.0,0.0,0.0,0.0,0.0,0.0,0.0,0.0,0.0,0.0,1.0,0.0,0.0,0.0,0.0,0.0,0.0,0.0,0.0,0.0,0.0,0.0,0.0,0.0,0.0,0.36149022010571924,0.3166600566053255,-0.04483016350039376,,,,0.36149022010571924,0.3708376757304414,0.009347455624722167,0.36149022010571924,0.37209015187352035,0.010599931767801107,,,,0.36149022010571924,0.3608122902775243,-0.0006779298281949231
6.0,1.0,3.0,1.0,2.0,5.0,3.0,2.0,5.0,6.0,3.0,7.0,0.0,0.0,0.0,0.0,0.0,0.0,1.0,0.0,0.0,0.0,0.0,0.0,0.0,0.0,0.0,0.0,0.0,0.0,0.0,0.0,0.0,0.0,0.0,0.0,0.0,0.0,0.0,0.0,0.791268338979035,0.7562679008562585,-0.035000438122776534,0.791268338979035,0.7756167294760008,-0.015651609503034236,0.791268338979035,0.7978426093928377,0.006574270413802652,0.791268338979035,0.7987064535401254,0.0074381145610903365,0.791268338979035,0.7791920641013739,-0.012076274877661164,0.791268338979035,0.7907826242046962,-0.00048571477433878574
4.0,1.0,6.0,1.0,3.0,4.0,2.0,3.0,6.0,7.0,5.0,9.0,0.0,0.0,0.0,0.0,0.0,0.0,1.0,0.0,0.0,0.0,0.0,0.0,0.0,0.0,0.0,0.0,0.0,0.0,0.0,0.0,1.0,0.0,0.0,0.0,0.0,0.0,0.0,0.0,0.8778691845652811,0.8547240004484955,-0.023145184116785567,0.8778691845652811,0.8676249201110424,-0.01024426445423865,0.8778691845652811,0.8821221907296297,0.004253006164348649,0.8778691845652811,0.8826788550134687,0.004809670448187586,,,,0.8778691845652811,0.8775538040367042,-0.0003153805285768252
4.0,5.0,4.0,1.0,5.0,5.0,3.0,3.0,3.0,3.0,1.0,2.0,0.0,0.0,0.0,0.0,0.0,0.0,1.0,0.0,0.0,1.0,0.0,0.0,0.0,0.0,0.0,0.0,0.0,0.0,0.0,0.0,0.0,0.0,0.0,0.0,1.0,0.0,0.0,0.0,0.146393107204288,0.12309557869830921,-0.023297528505978785,0.146393107204288,0.13523310121063706,-0.01116000599365094,0.146393107204288,0.1514982456613769,0.005105138457088904,0.146393107204288,0.15218911339531035,0.005796006191022357,0.146393107204288,0.13766761675564557,-0.008725490448642431,0.146393107204288,0.14602631094840618,-0.0003667962558818183
6.0,1.0,9.0,1.0,3.0,5.0,1.0,5.0,10.0,9.0,4.0,9.0,0.0,0.0,0.0,0.0,0.0,0.0,1.0,0.0,0.0,0.0,0.0,0.0,0.0,1.0,0.0,0.0,0.0,0.0,0.0,1.0,0.0,0.0,0.0,0.0,0.0,0.0,0.0,0.0,0.8343790905957243,0.8048244415892405,-0.029554649006483857,,,,,,,0.8343790905957243,0.8405904542896029,0.0062113636938785355,0.8343790905957243,0.8242429979506417,-0.01013609264508264,0.8343790905957243,0.8339726446112933,-0.0004064459844310697
2.0,1.0,7.0,2.0,2.0,3.0,3.0,3.0,7.0,6.0,3.0,7.0,0.0,1.0,0.0,0.0,0.0,0.0,1.0,0.0,0.0,0.0,0.0,0.0,0.0,0.0,0.0,0.0,1.0,0.0,0.0,1.0,0.0,0.0,0.0,0.0,0.0,0.0,0.0,0.0,0.6162602823292292,0.5679380281896194,-0.04832225413960989,0.6162602823292292,0.5942155773393061,-0.02204470498992317,0.6162602823292292,0.6257394963320613,0.009479214002832026,0.6162602823292292,0.6269949382086005,0.01073465587937128,0.6162602823292292,0.5991876783795024,-0.017072603949726872,0.6162602823292292,0.6155651833248948,-0.0006950990043343985
5.0,1.0,4.0,1.0,1.0,4.0,1.0,4.0,7.0,7.0,1.0,7.0,0.0,1.0,0.0,0.0,0.0,0.0,0.0,0.0,0.0,0.0,0.0,0.0,1.0,0.0,0.0,0.0,0.0,0.0,0.0,0.0,0.0,0.0,0.0,0.0,0.0,0.0,0.0,0.0,0.7765474627116202,0.7398900377446151,-0.03665742496700508,0.7765474627116202,0.7601266459736742,-0.016420816737946042,0.7765474627116202,0.7834585009468781,0.006911038235257849,0.7765474627116202,0.7843671980440717,0.007819735332451505,0.7765474627116202,0.7638736593417315,-0.01267380336988877,0.7765474627116202,0.7760371884173375,-0.0005102742942827421
6.0,5.0,4.0,3.0,2.0,3.0,3.0,1.0,4.0,3.0,3.0,5.0,0.0,1.0,0.0,0.0,0.0,0.0,0.0,0.0,0.0,0.0,0.0,0.0,0.0,0.0,1.0,0.0,0.0,0.0,0.0,0.0,0.0,0.0,0.0,0.0,0.0,0.0,0.0,0.0,0.2948629833614377,0.2549957625587353,-0.039867220802702386,0.2948629833614377,0.2760448448059592,-0.01881813855547848,0.2948629833614377,0.30330597757053385,0.008442994209096166,0.2948629833614377,0.3044407360220924,0.009577752660654693,0.2948629833614377,0.280192957830223,-0.014670025531214659,0.2948629833614377,0.2942524218459851,-0.000610561515452579
4.0,1.0,6.0,1.0,4.0,5.0,2.0,4.0,8.0,8.0,3.0,9.0,0.0,0.0,0.0,0.0,1.0,0.0,1.0,0.0,0.0,0.0,0.0,0.0,1.0,0.0,0.0,0.0,0.0,0.0,0.0,0.0,0.0,0.0,0.0,0.0,0.0,0.0,0.0,0.0,0.7349586715079511,0.6941656208341208,-0.04079305067383032,0.7349586715079511,0.7165970049940312,-0.018361666513919905,0.7349586715079511,0.742729842803169,0.007771171295217871,0.7349586715079511,0.74375355303436,0.008794881526408838,0.7349586715079511,0.7207742059837037,-0.014184465524247458,0.7349586715079511,0.7343859100282457,-0.0005727614797054192
4.0,6.0,5.0,3.0,3.0,3.0,3.0,3.0,10.0,10.0,5.0,7.0,1.0,0.0,0.0,0.0,0.0,0.0,0.0,0.0,0.0,0.0,0.0,0.0,1.0,0.0,0.0,0.0,0.0,0.0,0.0,0.0,0.0,0.0,0.0,0.0,0.0,0.0,0.0,0.0,0.4363325019829868,0.387858806102613,-0.04847369588037381,0.4363325019829868,0.4137838769423478,-0.02254862504063898,,,,,,,,,,0.4363325019829868,0.4356099706721299,-0.0007225313108568665
2.0,6.0,7.0,4.0,1.0,4.0,1.0,3.0,6.0,7.0,2.0,6.0,0.0,1.0,0.0,0.0,0.0,0.0,1.0,0.0,0.0,0.0,0.0,0.0,0.0,0.0,0.0,0.0,1.0,0.0,0.0,0.0,0.0,0.0,0.0,0.0,0.0,1.0,0.0,0.0,0.6572007131417377,0.6107777754364394,-0.04642293770529826,0.6572007131417377,0.6361191933573489,-0.02108151978438877,0.6572007131417377,0.6662163667127055,0.009015653570967785,0.6572007131417377,0.6674081990199165,0.010207485878178879,0.6572007131417377,0.640888146864931,-0.01631256627680666,0.6572007131417377,0.6565384418391802,-0.0006622713025574711
4.0,1.0,2.0,1.0,2.0,3.0,2.0,3.0,7.0,5.0,1.0,7.0,0.0,0.0,0.0,0.0,0.0,0.0,1.0,0.0,0.0,0.0,0.0,0.0,0.0,0.0,0.0,0.0,0.0,0.0,0.0,0.0,0.0,0.0,0.0,0.0,0.0,0.0,0.0,0.0,0.8242519489665537,0.7933377414995801,-0.030914207466973598,0.8242519489665537,0.8104812184407691,-0.013770730525784591,0.8242519489665537,0.8300105386156125,0.005758589649058732,0.8242519489665537,0.8307660818714409,0.0065141329048871155,0.8242519489665537,0.8136345040839552,-0.010617444882598526,0.8242519489665537,0.8238258977353548,-0.00042605123119898725
3.0,1.0,2.0,1.0,2.0,3.0,2.0,3.0,8.0,6.0,3.0,8.0,0.0,0.0,0.0,0.0,1.0,0.0,1.0,0.0,0.0,0.0,0.0,1.0,0.0,0.0,0.0,0.0,0.0,0.0,0.0,0.0,0.0,0.0,0.0,0.0,0.0,0.0,0.0,0.0,0.8180154323129972,0.7862886483604618,-0.031726783952535476,0.8180154323129972,0.8038723151089325,-0.014143117204064692,0.8180154323129972,0.8239347189780916,0.0059192866650943365,0.8180154323129972,0.8247115639996672,0.006696131686669937,0.8180154323129972,0.8071093919090027,-0.010906040403994566,0.8180154323129972,0.8175776084618509,-0.00043782385114632394
3.0,3.0,4.0,3.0,2.0,5.0,3.0,3.0,7.0,7.0,2.0,7.0,0.0,0.0,0.0,0.0,0.0,0.0,1.0,0.0,0.0,1.0,0.0,0.0,0.0,0.0,0.0,0.0,0.0,0.0,0.0,1.0,0.0,0.0,0.0,0.0,0.0,0.0,0.0,0.0,0.7595011841589084,0.7210518417183692,-0.038449342440539214,0.7595011841589084,0.74224348695489,-0.017257697204018485,0.7595011841589084,0.7667810998531228,0.007279915694214378,0.7595011841589084,0.7677390346375638,0.008237850478655329,0.7595011841589084,0.7461765685421068,-0.01332461561680165,0.7595011841589084,0.7589640657675288,-0.0005371183913795985
4.0,2.0,8.0,3.0,2.0,3.0,3.0,3.0,1.0,0.0,3.0,7.0,0.0,0.0,1.0,0.0,0.0,0.0,1.0,0.0,0.0,1.0,0.0,0.0,0.0,0.0,0.0,0.0,0.0,0.0,0.0,1.0,0.0,0.0,0.0,0.0,0.0,0.0,0.0,0.0,0.3475745959420476,0.30364948242837925,-0.043925113513668346,0.3475745959420476,0.32695222173954275,-0.020622374202504845,0.3475745959420476,0.35676327349022335,0.009188677548175761,0.3475745959420476,0.3579952620940572,0.010420666152009594,0.3475745959420476,0.3315150150764401,-0.016059580865607492,0.3475745959420476,0.3469085843676079,-0.0006660115744396844
4.0,1.0,2.0,1.0,1.0,5.0,1.0,5.0,8.0,8.0,2.0,8.0,0.0,1.0,0.0,0.0,0.0,0.0,0.0,0.0,0.0,0.0,0.0,0.0,1.0,0.0,0.0,0.0,0.0,0.0,0.0,0.0,0.0,0.0,0.0,0.0,0.0,0.0,0.0,0.0,0.7998482625303993,0.7658608039106305,-0.03398745861976882,,,,0.7998482625303993,0.806218477967422,0.006370215437022653,0.7998482625303993,0.8070551864539143,0.007206923923514963,0.7998482625303993,0.7881354719364427,-0.011712790593956579,0.7998482625303993,0.7993774509628347,-0.0004708115675645663
3.0,1.0,4.0,1.0,5.0,4.0,4.0,4.0,3.0,5.0,3.0,4.0,0.0,0.0,0.0,0.0,0.0,0.0,1.0,0.0,0.0,0.0,0.0,1.0,0.0,0.0,0.0,0.0,0.0,0.0,0.0,0.0,0.0,0.0,0.0,0.0,0.0,0.0,0.0,0.0,0.5139015603491592,0.46390264741704446,-0.04999891293211478,0.5139015603491592,0.4908349787232393,-0.023066581625919957,0.5139015603491592,0.5239560750927668,0.010054514743607523,0.5139015603491592,0.5252939268253203,0.011392366476161042,0.5139015603491592,0.4959993970018952,-0.017902163347264022,0.5139015603491592,0.5131675211453642,-0.0007340392037950005
2.0,6.0,1.0,3.0,3.0,3.0,3.0,3.0,4.0,4.0,2.0,7.0,0.0,0.0,0.0,0.0,0.0,0.0,1.0,0.0,0.0,0.0,0.0,0.0,0.0,0.0,0.0,0.0,1.0,0.0,0.0,0.0,0.0,0.0,0.0,0.0,1.0,0.0,0.0,0.0,0.170558481967182,0.144064242648139,-0.026494239319043017,0.170558481967182,0.15789703737631758,-0.012661444590864435,0.170558481967182,0.17633225269252614,0.0057737707253441295,0.170558481967182,0.17711273024512603,0.006554248277944014,0.170558481967182,0.16066375481882914,-0.009894727148352878,0.170558481967182,0.1701432065239641,-0.00041527544321789955
7.0,4.0,2.0,2.0,2.0,3.0,2.0,1.0,0.0,1.0,1.0,1.0,0.0,0.0,0.0,0.0,0.0,0.0,0.0,0.0,0.0,0.0,0.0,0.0,0.0,0.0,0.0,0.0,0.0,0.0,0.0,0.0,0.0,0.0,1.0,0.0,0.0,0.0,0.0,0.0,0.6028861492105612,0.5540983347035382,-0.048787814507022964,0.6028861492105612,0.5805960194890073,-0.022290129721553864,0.6028861492105612,0.6124879926878692,0.00960184347730808,0.6028861492105612,0.6137604482977821,0.010874299087220929,0.6028861492105612,0.5856186257001056,-0.017267523510455574,0.6028861492105612,0.6021824630571229,-0.0007036861534382988
4.0,1.0,3.0,1.0,2.0,4.0,3.0,4.0,6.0,5.0,2.0,8.0,0.0,0.0,0.0,0.0,0.0,0.0,1.0,0.0,0.0,0.0,0.0,0.0,0.0,0.0,0.0,0.0,0.0,0.0,0.0,0.0,0.0,0.0,0.0,0.0,0.0,0.0,0.0,0.0,0.793387368827952,0.7586338664150526,-0.03475350241289943,0.793387368827952,0.7778500436253384,-0.015537325202613639,0.793387368827952,0.7999117746420827,0.006524405814130718,0.793387368827952,0.8007689848905132,0.007381616062561158,0.793387368827952,0.7813998220099587,-0.0119875468179933,0.793387368827952,0.7929052944462037,-0.00048207438174829864
4.0,1.0,8.0,1.0,2.0,4.0,2.0,3.0,7.0,8.0,5.0,5.0,0.0,0.0,0.0,1.0,0.0,0.0,1.0,0.0,0.0,0.0,0.0,0.0,1.0,0.0,0.0,0.0,0.0,0.0,0.0,0.0,0.0,0.0,0.0,1.0,0.0,0.0,0.0,0.0,0.6498521183576268,0.6030351172741921,-0.04681700108343467,0.6498521183576268,0.6285740851560873,-0.021278033201539537,0.6498521183576268,0.6589607482823001,0.009108629924673317,0.6498521183576268,0.6601652727329995,0.010313154375372724,,,,0.6498521183576268,0.6491832284220738,-0.0006688899355530298
4.0,1.0,8.0,1.0,2.0,5.0,3.0,3.0,7.0,7.0,4.0,8.0,0.0,0.0,0.0,1.0,0.0,0.0,1.0,0.0,0.0,0.0,0.0,0.0,1.0,0.0,0.0,0.0,0.0,0.0,0.0,0.0,0.0,0.0,0.0,0.0,0.0,0.0,0.0,0.0,0.6863962063781003,0.6417718989778392,-0.04462430740026113,0.6863962063781003,0.6661982106270796,-0.02019799575102066,0.6863962063781003,0.6950003637993114,0.008604157421211123,0.6863962063781003,0.6961362953897272,0.009740089011626929,0.6863962063781003,0.6707769772552121,-0.015619229122888156,0.6863962063781003,0.6857633699683495,-0.0006328364097507588
5.0,1.0,4.0,3.0,3.0,3.0,2.0,3.0,8.0,7.0,4.0,7.0,0.0,0.0,1.0,0.0,0.0,0.0,0.0,0.0,0.0,0.0,0.0,0.0,0.0,0.0,0.0,0.0,0.0,0.0,0.0,0.0,0.0,0.0,0.0,0.0,0.0,0.0,0.0,0.0,0.4760148809153153,0.42646814646022063,-0.049546734455094665,0.4760148809153153,0.4530638664170296,-0.022951014498285682,0.4760148809153153,0.4860693513018819,0.010054470386566594,0.4760148809153153,0.4874095126783579,0.011394631763042617,0.4760148809153153,0.4581884962159181,-0.01782638469939718,0.4760148809153153,0.4752820458713223,-0.0007328350439930187
4.0,2.0,1.0,1.0,4.0,5.0,3.0,1.0,3.0,3.0,3.0,3.0,0.0,0.0,0.0,0.0,0.0,0.0,1.0,0.0,0.0,0.0,0.0,0.0,0.0,0.0,0.0,0.0,0.0,0.0,0.0,0.0,0.0,0.0,0.0,0.0,1.0,0.0,0.0,0.0,0.3214111901338719,0.27937665145287544,-0.04203453868099649,0.3214111901338719,0.30162348824335405,-0.019787701890517873,0.3214111901338719,0.33025832139895117,0.008847131265079244,0.3214111901338719,0.3314459444382433,0.010034754304371396,0.3214111901338719,0.3059935093976368,-0.015417680736235118,0.3214111901338719,0.3207706634852466,-0.0006405266486253502
3.0,1.0,2.0,1.0,1.0,5.0,1.0,1.0,3.0,7.0,3.0,10.0,0.0,0.0,0.0,0.0,1.0,0.0,1.0,0.0,0.0,0.0,0.0,0.0,0.0,0.0,0.0,0.0,0.0,0.0,0.0,0.0,0.0,0.0,0.0,0.0,0.0,0.0,0.0,0.0,0.9182868395222062,0.9019457167492251,-0.016341122772981165,0.9182868395222062,0.9110894249123639,-0.007197414609842356,0.9182868395222062,0.9212586121428049,0.002971772620598667,0.9182868395222062,0.9216468753151251,0.0033600357929188807,0.9182868395222062,0.9127489601044246,-0.00553787941778161,,,
4.0,1.0,8.0,1.0,1.0,4.0,3.0,4.0,7.0,7.0,3.0,8.0,0.0,1.0,0.0,0.0,0.0,0.0,0.0,0.0,0.0,0.0,0.0,0.0,1.0,0.0,0.0,0.0,0.0,0.0,0.0,0.0,0.0,0.0,0.0,0.0,0.0,0.0,0.0,0.0,0.7363950261593394,0.6957315251636726,-0.040663500995666735,0.7363950261593394,0.7180947000490202,-0.018300326110319176,0.7363950261593394,0.7441387440963232,0.007743717936983807,0.7363950261593394,0.7451587716981747,0.0087637455388353,0.7363950261593394,0.7222583818454027,-0.014136644313936686,0.7363950261593394,0.7358242529693755,-0.0005707731899639024
5.0,1.0,4.0,2.0,2.0,4.0,2.0,4.0,8.0,8.0,4.0,7.0,0.0,0.0,0.0,0.0,0.0,0.0,1.0,0.0,0.0,0.0,0.0,0.0,0.0,1.0,0.0,0.0,0.0,0.0,0.0,0.0,0.0,0.0,0.0,0.0,0.0,0.0,0.0,0.0,0.7922371838009263,0.7573493838047258,-0.03488779999620051,0.7922371838009263,0.7766377150879107,-0.015599468713015652,0.7922371838009263,0.7987886988572238,0.0065515150562974744,0.7922371838009263,0.7996495154432669,0.007412331642340564,0.7922371838009263,0.7802013915166341,-0.01203579228429219,0.7922371838009263,0.7917531301732047,-0.00048405362772163674
4.0,1.0,3.0,1.0,4.0,5.0,3.0,4.0,3.0,2.0,2.0,5.0,0.0,0.0,0.0,0.0,1.0,0.0,1.0,0.0,0.0,0.0,0.0,0.0,1.0,0.0,0.0,0.0,0.0,0.0,0.0,0.0,0.0,0.0,0.0,0.0,0.0,0.0,0.0,0.0,0.5726650895869289,0.5231013883964889,-0.04956370119043996,0.5726650895869289,0.5499449448068617,-0.02272014478006712,0.5726650895869289,0.5824916167877924,0.009826527200863522,0.5726650895869289,0.583795637904566,0.011130548317637157,0.5726650895869289,0.5550533112384651,-0.017611778348463725,0.5726650895869289,0.5719458738669186,-0.0007192157200102134
2.0,3.0,2.0,1.0,3.0,5.0,4.0,3.0,2.0,2.0,3.0,4.0,0.0,0.0,0.0,0.0,0.0,1.0,1.0,0.0,0.0,0.0,0.0,0.0,0.0,0.0,0.0,0.0,1.0,0.0,0.0,0.0,1.0,0.0,0.0,0.0,0.0,0.0,0.0,0.0,0.5999657555007002,0.5510863093511762,-0.048879446149524,0.5999657555007002,0.5776265450046608,-0.022339210496039374,0.5999657555007002,0.6095924853135182,0.00962672981281798,0.5999657555007002,0.6108684081560183,0.01090265265531809,0.5999657555007002,0.5826591505035658,-0.017306604997134434,0.5999657555007002,0.5992603342003203,-0.0007054213003798715
6.0,1.0,4.0,1.0,2.0,4.0,2.0,4.0,9.0,8.0,4.0,8.0,0.0,0.0,0.0,0.0,0.0,0.0,0.0,0.0,0.0,0.0,0.0,0.0,0.0,1.0,0.0,0.0,0.0,0.0,0.0,0.0,0.0,0.0,0.0,0.0,0.0,0.0,0.0,0.0,0.8163720713901933,0.7844342868062378,-0.031937784583955464,0.8163720713901933,0.8021321315105173,-0.014239939879675978,0.8163720713901933,0.8223332010497935,0.005961129659600162,0.8163720713901933,0.8231155953651413,0.00674352397494804,0.8163720713901933,0.8053909767408515,-0.010981094649341827,0.8163720713901933,0.815931183537346,-0.0004408878528473492
3.0,6.0,3.0,1.0,3.0,3.0,3.0,1.0,1.0,1.0,3.0,1.0,0.0,0.0,0.0,0.0,0.0,0.0,1.0,0.0,0.0,0.0,0.0,0.0,0.0,0.0,0.0,0.0,0.0,1.0,0.0,0.0,0.0,0.0,0.0,0.0,0.0,0.0,0.0,1.0,0.466809418760081,0.41745748183445747,-0.04935193692562351,0.466809418760081,0.44392621799070064,-0.02288320076938033,0.466809418760081,0.47684639699966447,0.010036978239583494,0.466809418760081,0.47818478969259126,0.011375370932510287,0.466809418760081,0.44903234656862656,-0.017777072191454413,0.466809418760081,0.46607814990151153,-0.0007312688585694449
3.0,1.0,5.0,1.0,4.0,4.0,4.0,4.0,4.0,3.0,1.0,6.0,0.0,0.0,0.0,0.0,0.0,0.0,0.0,0.0,1.0,0.0,0.0,0.0,0.0,0.0,0.0,0.0,0.0,0.0,0.0,0.0,0.0,0.0,0.0,0.0,0.0,0.0,0.0,0.0,0.717838340835511,0.6755734219382293,-0.04226491889728168,0.717838340835511,0.6987767153537443,-0.01906162548176671,0.717838340835511,0.7259242962188354,0.00808595538332435,0.717838340835511,0.7269902975111049,0.009151956675593875,0.717838340835511,0.7031077546890392,-0.014730586146471825,0.717838340835511,0.7172428157309764,-0.0005955251045346444
7.0,3.0,6.0,1.0,1.0,3.0,4.0,3.0,8.0,8.0,4.0,8.0,0.0,0.0,0.0,0.0,0.0,0.0,1.0,0.0,0.0,0.0,0.0,1.0,0.0,0.0,0.0,0.0,0.0,0.0,0.0,0.0,0.0,0.0,1.0,0.0,0.0,0.0,0.0,0.0,0.7186466426030026,0.6764482266539311,-0.04219841594907148,0.7186466426030026,0.6996167725948681,-0.019029870008134497,0.7186466426030026,0.7267182527643199,0.0080716101613173,0.7186466426030026,0.7277823240103638,0.009135681407361207,0.7186466426030026,0.7039408508823544,-0.014705791720648231,0.7186466426030026,0.7180521534187816,-0.0005944891842210032
3.0,2.0,5.0,1.0,2.0,3.0,3.0,3.0,4.0,7.0,3.0,6.0,1.0,0.0,0.0,0.0,0.0,0.0,1.0,0.0,0.0,0.0,0.0,1.0,0.0,0.0,0.0,0.0,0.0,0.0,0.0,0.0,0.0,0.0,0.0,0.0,0.0,0.0,0.0,0.0,0.7125008615634317,0.6698042019339154,-0.0426966596295163,0.7125008615634317,0.693232751123918,-0.019268110439513708,0.7125008615634317,0.7206802565330872,0.008179394969655474,0.7125008615634317,0.7217588364327624,0.009257974869330665,0.7125008615634317,0.6976090076509378,-0.014891853912493924,0.7125008615634317,0.7118985925094761,-0.0006022690539556619
5.0,1.0,6.0,1.0,1.0,5.0,2.0,4.0,9.0,8.0,2.0,8.0,0.0,0.0,0.0,0.0,0.0,0.0,1.0,0.0,0.0,0.0,0.0,0.0,0.0,0.0,0.0,0.0,0.0,0.0,0.0,1.0,0.0,0.0,0.0,0.0,0.0,0.0,0.0,0.0,0.9146583563909578,0.8976724631598963,-0.016985893231061477,0.9146583563909578,0.9071736471235355,-0.007484709267422285,0.9146583563909578,0.9177502712924431,0.0030919149014853042,0.9146583563909578,0.9181542967432641,0.0034959403523062704,0.9146583563909578,0.9088989629082884,-0.005759393482669406,0.9146583563909578,0.9144287168205371,-0.00022963957042076988
4.0,1.0,7.0,1.0,2.0,5.0,3.0,3.0,6.0,6.0,3.0,7.0,1.0,0.0,0.0,0.0,0.0,0.0,1.0,0.0,0.0,0.0,0.0,0.0,1.0,0.0,0.0,0.0,0.0,0.0,0.0,1.0,0.0,0.0,0.0,0.0,0.0,0.0,0.0,0.0,0.7897035361940278,0.754522111269392,-0.03518142492463583,0.7897035361940278,0.7739681088142704,-0.015735427379757416,0.7897035361940278,0.7963144051755251,0.00661086898149732,0.7897035361940278,0.7971831195103436,0.007479583316315819,0.7897035361940278,0.777562178944682,-0.01214135724934573,0.7897035361940278,0.7892151501442071,-0.0004883860498207104
5.0,1.0,10.0,1.0,2.0,4.0,3.0,4.0,9.0,7.0,4.0,7.0,0.0,0.0,0.0,0.0,0.0,0.0,0.0,0.0,0.0,0.0,0.0,1.0,0.0,0.0,0.0,0.0,0.0,0.0,0.0,0.0,0.0,0.0,0.0,0.0,0.0,0.0,0.0,0.0,0.848332853744066,0.8207332388919683,-0.02759961485209772,0.848332853744066,0.8360737252374283,-0.012259128506637684,0.848332853744066,0.8534427006851968,0.005109846941130813,0.848332853744066,0.8541124018584947,0.005779548114428712,0.848332853744066,0.8388858406068362,-0.009447013137229732,0.848332853744066,0.8479544112588258,-0.00037844248524021573
3.0,1.0,4.0,1.0,2.0,3.0,2.0,3.0,7.0,6.0,3.0,6.0,1.0,0.0,0.0,0.0,0.0,0.0,0.0,0.0,1.0,0.0,0.0,0.0,0.0,0.0,0.0,0.0,0.0,0.0,0.0,0.0,0.0,0.0,0.0,0.0,0.0,0.0,0.0,0.0,0.843492357187822,0.8152037727733249,-0.02828858441449711,0.843492357187822,0.8309199555451232,-0.012572401642698794,0.843492357187822,0.8487362075274748,0.0052438503396528,0.843492357187822,0.8494236207741964,0.005931263586374413,0.843492357187822,0.8338029078598718,-0.00968944932795024,0.843492357187822,0.843104070408757,-0.00038828677906499465
2.0,2.0,1.0,4.0,3.0,4.0,3.0,3.0,5.0,5.0,3.0,4.0,0.0,0.0,1.0,0.0,0.0,0.0,1.0,0.0,0.0,0.0,0.0,0.0,0.0,0.0,0.0,0.0,1.0,0.0,0.0,0.0,0.0,0.0,0.0,0.0,0.0,1.0,0.0,0.0,0.4257131843062371,0.3776288609818465,-0.04808432332439061,0.4257131843062371,0.4033206713381395,-0.022392512968097633,0.4257131843062371,0.43558841325012526,0.009875228943888148,0.4257131843062371,0.4369077152265612,0.011194530920324075,0.4257131843062371,0.4083026851677623,-0.01741049913847481,0.4257131843062371,0.4249949791608967,-0.0007182051453404337
6.0,6.0,7.0,2.0,2.0,4.0,3.0,2.0,7.0,7.0,4.0,7.0,0.0,0.0,0.0,0.0,0.0,0.0,0.0,0.0,0.0,0.0,0.0,0.0,0.0,1.0,0.0,0.0,0.0,0.0,0.0,0.0,0.0,0.0,0.0,0.0,0.0,0.0,0.0,0.0,0.6293251069663709,0.5815308805480109,-0.04779422641835995,0.6293251069663709,0.607552981209844,-0.021772125756526872,0.6293251069663709,0.6386708158867269,0.009345708920356022,0.6293251069663709,0.6399078425243123,0.010582735557941425,0.6293251069663709,0.6124682390765451,-0.016856867889825766,0.6293251069663709,0.6286394125021866,-0.0006856944641843166
6.0,1.0,9.0,1.0,2.0,4.0,2.0,3.0,8.0,7.0,2.0,8.0,0.0,1.0,0.0,0.0,0.0,0.0,0.0,0.0,0.0,0.0,0.0,0.0,0.0,0.0,0.0,0.0,0.0,0.0,0.0,0.0,0.0,0.0,1.0,0.0,0.0,0.0,0.0,0.0,0.7276037732117465,0.6861620985587157,-0.041441674653030836,0.7276037732117465,0.7089343620006423,-0.018669411211104214,0.7276037732117465,0.735512989323557,0.007909216111810502,0.7276037732117465,0.7365552305416685,0.008951457329921975,0.7276037732117465,0.7131793001540123,-0.0144244730577342,0.7276037732117465,0.7270210210108022,-0.0005827522009442809
5.0,1.0,9.0,1.0,1.0,5.0,1.0,4.0,7.0,8.0,5.0,6.0,0.0,0.0,0.0,0.0,0.0,0.0,0.0,0.0,0.0,0.0,0.0,0.0,1.0,0.0,0.0,0.0,0.0,0.0,0.0,0.0,0.0,0.0,0.0,0.0,0.0,0.0,0.0,0.0,0.9168982052820356,0.9003095289311329,-0.016588676350902665,0.9168982052820356,0.9095905199984704,-0.0073076852835651795,0.9168982052820356,0.9199160759197997,0.003017870637764153,0.9168982052820356,0.9203103863336315,0.0034121810515959083,,,,0.9168982052820356,0.9166740436891078,-0.00022416159292781845
4.0,1.0,9.0,1.0,2.0,5.0,3.0,3.0,6.0,6.0,4.0,8.0,0.0,0.0,0.0,0.0,0.0,0.0,1.0,0.0,0.0,0.0,0.0,0.0,0.0,0.0,0.0,0.0,0.0,0.0,0.0,0.0,0.0,0.0,0.0,0.0,0.0,0.0,0.0,0.0,0.8547927809287297,0.8281305492398274,-0.02666223168890225,0.8547927809287297,0.8429591439804568,-0.011833636948272885,0.8547927809287297,0.8597209742787912,0.0049281933500615605,0.8547927809287297,0.8603666803983602,0.005573899469630494,0.8547927809287297,0.8456749441909667,-0.009117836737763008,0.8547927809287297,0.8544276913890357,-0.0003650895396939413
2.0,3.0,3.0,1.0,1.0,5.0,3.0,2.0,0.0,0.0,1.0,0.0,0.0,1.0,0.0,0.0,0.0,0.0,1.0,0.0,0.0,0.0,0.0,0.0,0.0,0.0,0.0,0.0,1.0,0.0,0.0,0.0,1.0,0.0,0.0,0.0,0.0,0.0,0.0,0.0,0.7537113009690475,0.714684041701568,-0.03902725926747952,0.7537113009690475,0.7361824498813312,-0.01752885108771629,0.7537113009690475,0.7611113516142367,0.007400050645189227,0.7537113009690475,0.7620853488044199,0.008374047835372433,0.7537113009690475,0.7401756416961578,-0.013535659272889689,0.7537113009690475,0.7531654542009074,-0.000545846768140068
4.0,2.0,2.0,1.0,2.0,3.0,2.0,3.0,7.0,7.0,2.0,7.0,0.0,0.0,1.0,0.0,0.0,0.0,1.0,0.0,0.0,0.0,0.0,0.0,0.0,0.0,0.0,0.0,0.0,0.0,0.0,0.0,0.0,0.0,0.0,0.0,1.0,0.0,0.0,0.0,0.29017495663137866,0.2507162155249561,-0.03945874110642256,0.29017495663137866,0.27154079292828104,-0.018634163703097617,0.29017495663137866,0.29854054808815467,0.008365591456776011,0.29017495663137866,0.2996651462869122,0.009490189655533554,0.29017495663137866,0.2756469938638629,-0.014527962767515779,0.29017495663137866,0.28957011604661215,-0.0006048405847665084
7.0,3.0,7.0,2.0,2.0,4.0,2.0,4.0,8.0,7.0,4.0,8.0,1.0,0.0,0.0,0.0,0.0,0.0,1.0,0.0,0.0,0.0,0.0,1.0,0.0,0.0,0.0,0.0,0.0,0.0,0.0,0.0,0.0,0.0,1.0,0.0,0.0,0.0,0.0,0.0,0.6299910031908907,0.5822256388987004,-0.04776536429219036,0.6299910031908907,0.6082336416434315,-0.02175736154745922,0.6299910031908907,0.639329544986908,0.00933854179601723,0.6299910031908907,0.6405655856224345,0.010574582431543744,0.6299910031908907,0.6131458027215113,-0.01684520046937943,0.6299910031908907,0.6293058149584968,-0.0006851882323939407
2.0,2.0,3.0,4.0,2.0,2.0,2.0,2.0,4.0,6.0,2.0,6.0,0.0,0.0,0.0,0.0,0.0,0.0,0.0,1.0,1.0,0.0,0.0,0.0,0.0,0.0,0.0,0.0,0.0,0.0,0.0,0.0,0.0,0.0,0.0,0.0,0.0,1.0,0.0,0.0,0.9014139904074808,0.8821317181621539,-0.01928227224532697,0.9014139904074808,0.8929037186817237,-0.008510271725757135,0.9014139904074808,0.9049358748479225,0.0035218844404416583,0.9014139904074808,0.9053963582465514,0.0039823678390705775,0.9014139904074808,0.8948635238442333,-0.006550466563247537,0.9014139904074808,0.9011525639862077,-0.00026142642127313653
2.0,3.0,8.0,4.0,2.0,4.0,4.0,5.0,8.0,8.0,3.0,10.0,0.0,0.0,0.0,0.0,0.0,0.0,1.0,0.0,0.0,0.0,0.0,0.0,0.0,0.0,0.0,0.0,1.0,0.0,0.0,0.0,0.0,0.0,0.0,0.0,0.0,1.0,0.0,0.0,0.7487492529031144,0.7092390305826982,-0.03951022232041623,,,,0.7487492529031144,0.7562501785417661,0.007500925638651679,0.7487492529031144,0.7572376739786575,0.00848842107554304,0.7487492529031144,0.7350367555009019,-0.013712497402212587,,,
3.0,1.0,2.0,2.0,3.0,2.0,2.0,3.0,5.0,6.0,2.0,6.0,0.0,0.0,0.0,0.0,0.0,0.0,0.0,0.0,1.0,0.0,0.0,0.0,0.0,0.0,0.0,0.0,0.0,0.0,0.0,0.0,0.0,0.0,0.0,0.0,0.0,0.0,0.0,0.0,0.7881110663948979,0.7527466425892677,-0.03536442380563021,0.7881110663948979,0.7722908410041718,-0.01582022539072614,0.7881110663948979,0.7947589855604488,0.006647919165550853,0.7881110663948979,0.7956326312077372,0.0075215648128392765,0.7881110663948979,0.7759038588893228,-0.012207207505575135,0.7881110663948979,0.7876199766503881,-0.0004910897445098428
5.0,1.0,4.0,1.0,2.0,2.0,2.0,4.0,8.0,8.0,3.0,8.0,0.0,0.0,0.0,0.0,0.0,0.0,1.0,0.0,0.0,0.0,0.0,0.0,1.0,0.0,0.0,0.0,0.0,0.0,0.0,0.0,0.0,0.0,0.0,0.0,0.0,0.0,0.0,0.0,0.7613804629027001,0.7231220384884829,-0.03825842441421723,0.7613804629027001,0.7442122024759129,-0.017168260426787207,0.7613804629027001,0.768620822774467,0.007240359871766855,0.7613804629027001,0.769573471826084,0.008193008923383927,0.7613804629027001,0.7481254376138887,-0.013255025288811395,0.7613804629027001,0.7608462200103111,-0.0005342428923890141
6.0,6.0,8.0,2.0,2.0,5.0,2.0,3.0,3.0,3.0,2.0,5.0,0.0,1.0,0.0,0.0,0.0,0.0,1.0,0.0,0.0,0.0,0.0,0.0,0.0,1.0,0.0,0.0,0.0,0.0,0.0,0.0,0.0,0.0,0.0,1.0,0.0,0.0,0.0,0.0,0.33628079608838324,0.2931416628623465,-0.04313913322603674,0.33628079608838324,0.31600395012244237,-0.02027684596594087,0.33628079608838324,0.3453289371704825,0.009048141082099281,0.33628079608838324,0.3465427130269774,0.010261916938594184,0.33628079608838324,0.32048670835239235,-0.01579408773599089,0.33628079608838324,0.3356252927132056,-0.0006555033751776129
4.0,1.0,3.0,2.0,1.0,5.0,1.0,3.0,6.0,7.0,3.0,5.0,0.0,1.0,0.0,0.0,0.0,0.0,1.0,0.0,0.0,0.0,0.0,0.0,0.0,0.0,0.0,0.0,0.0,0.0,0.0,0.0,0.0,0.0,0.0,0.0,0.0,0.0,0.0,0.0,0.7798504767433172,0.7435559700176562,-0.036294506725661035,0.7798504767433172,0.7635984952097652,-0.016251981533552007,0.7798504767433172,0.7866874197976553,0.006836943054338129,0.7798504767433172,0.7875862407085927,0.007735763965275533,0.7798504767433172,0.7673078774972575,-0.012542599246059716,0.7798504767433172,0.7793456019306864,-0.00050487481263084
3.0,1.0,7.0,4.0,5.0,5.0,2.0,3.0,0.0,2.0,1.0,3.0,0.0,0.0,0.0,1.0,0.0,0.0,1.0,0.0,0.0,0.0,0.0,0.0,0.0,0.0,0.0,0.0,0.0,0.0,0.0,0.0,0.0,0.0,0.0,0.0,0.0,1.0,0.0,0.0,0.43435542318200987,0.38595097691589114,-0.04840444626611873,0.43435542318200987,0.41183431951904725,-0.022521103662962616,0.43435542318200987,0.4442760365525946,0.009920613370584752,0.43435542318200987,0.44560087749304206,0.011245454311032188,0.43435542318200987,0.41684802861739295,-0.017507394564616918,0.43435542318200987,0.43363364713121133,-0.0007217760507985393
6.0,1.0,9.0,1.0,1.0,5.0,2.0,4.0,7.0,10.0,4.0,8.0,0.0,0.0,0.0,0.0,0.0,0.0,1.0,0.0,0.0,0.0,0.0,0.0,0.0,0.0,0.0,0.0,0.0,1.0,0.0,0.0,0.0,0.0,1.0,0.0,0.0,0.0,0.0,0.0,0.8991868773301777,0.8795272247723889,-0.019659652557788787,0.8991868773301777,0.8905077061082445,-0.00867917122193318,0.8991868773301777,0.9027797421753707,0.0035928648451930556,,,,0.8991868773301777,0.8925060785748017,-0.006680798755375972,0.8991868773301777,0.8989202073815532,-0.0002666699486244539
4.0,1.0,4.0,1.0,2.0,5.0,2.0,3.0,5.0,7.0,2.0,7.0,1.0,0.0,0.0,0.0,0.0,0.0,1.0,0.0,0.0,0.0,0.0,0.0,1.0,0.0,0.0,0.0,0.0,0.0,0.0,0.0,0.0,0.0,0.0,0.0,0.0,0.0,0.0,0.0,0.8042458880635533,0.7707911896289945,-0.03345469843455884,0.8042458880635533,0.7893082800345586,-0.014937608028994798,0.8042458880635533,0.8105092989579044,0.006263410894351007,0.8042458880635533,0.8113318161570762,0.00708592809352282,0.8042458880635533,0.7927237544863082,-0.011522133577245186,0.8042458880635533,0.8037828832418218,-0.00046300482173156077
2.0,2.0,9.0,1.0,4.0,2.0,3.0,4.0,2.0,5.0,2.0,6.0,0.0,0.0,0.0,0.0,0.0,0.0,0.0,0.0,0.0,1.0,0.0,0.0,0.0,0.0,0.0,0.0,0.0,0.0,0.0,1.0,0.0,0.0,0.0,0.0,0.0,0.0,0.0,0.0,0.617024528376902,0.5687311631437146,-0.04829336523318739,0.617024528376902,0.5949948736427221,-0.02202965473417995,0.617024528376902,0.6264963057591547,0.009471777382252689,0.617024528376902,0.6277507192008587,0.01072619082395665,0.617024528376902,0.5999638543108374,-0.017060674066064596,0.617024528376902,0.6163299518534613,-0.0006945765234407375
5.0,1.0,7.0,1.0,2.0,1.0,3.0,4.0,5.0,7.0,1.0,5.0,0.0,1.0,0.0,0.0,0.0,0.0,1.0,0.0,0.0,0.0,1.0,0.0,0.0,0.0,0.0,0.0,0.0,0.0,0.0,0.0,0.0,0.0,0.0,0.0,0.0,0.0,0.0,0.0,0.5536277521818097,0.5037693443596314,-0.04985840782217832,0.5536277521818097,0.5307248703613817,-0.02290288182042799,0.5536277521818097,0.5635584125857319,0.009930660403922209,0.5536277521818097,0.5648773946822168,0.011249642500407053,0.5536277521818097,0.5358672777216631,-0.017760474460146614,0.5536277521818097,0.5529015110718744,-0.000726241109935355
7.0,1.0,9.0,1.0,3.0,4.0,2.0,3.0,8.0,8.0,5.0,8.0,0.0,0.0,0.0,0.0,0.0,0.0,0.0,0.0,0.0,0.0,0.0,1.0,0.0,0.0,0.0,0.0,0.0,0.0,0.0,0.0,0.0,0.0,1.0,0.0,0.0,0.0,0.0,0.0,0.7862288568974999,0.7506496822902137,-0.03557917460728621,0.7862288568974999,0.770309057499178,-0.015919799398321888,0.7862288568974999,0.792920312970557,0.0066914560730571004,0.7862288568974999,0.7937997546386203,0.007570897741120408,,,,0.7862288568974999,0.7857345908039225,-0.000494266093577389
5.0,1.0,3.0,1.0,1.0,4.0,1.0,3.0,5.0,5.0,1.0,5.0,1.0,0.0,0.0,0.0,0.0,0.0,1.0,0.0,0.0,0.0,0.0,0.0,0.0,0.0,0.0,0.0,0.0,0.0,0.0,0.0,0.0,0.0,0.0,0.0,0.0,0.0,0.0,0.0,0.8473591655706165,0.819620038915993,-0.027739126654623525,0.8473591655706165,0.8350366388128574,-0.012322526757759134,0.8473591655706165,0.852496113306619,0.005136947736002484,0.8473591655706165,0.853169395782495,0.005810230211878431,0.8473591655706165,0.8378630950068288,-0.009496070563787762,0.8473591655706165,0.8469787317635908,-0.00038043380702568186
4.0,1.0,5.0,1.0,2.0,3.0,2.0,4.0,6.0,7.0,4.0,7.0,0.0,1.0,0.0,0.0,0.0,0.0,1.0,0.0,0.0,0.0,0.0,0.0,1.0,0.0,0.0,0.0,0.0,0.0,0.0,0.0,0.0,0.0,0.0,0.0,0.0,0.0,0.0,0.0,0.5782062326242093,0.5287563527993429,-0.04944987982486648,0.5782062326242093,0.5555520488779438,-0.022654183746265488,0.5782062326242093,0.5879970124806613,0.009790779856451937,0.5782062326242093,0.5892959624055575,0.011089729781348145,0.5782062326242093,0.5606476167315915,-0.017558615892617868,0.5782062326242093,0.5774894621805756,-0.0007167704436337186
4.0,1.0,10.0,1.0,3.0,2.0,2.0,3.0,7.0,6.0,2.0,8.0,0.0,1.0,0.0,0.0,0.0,0.0,0.0,0.0,0.0,0.0,0.0,0.0,1.0,0.0,0.0,0.0,0.0,0.0,0.0,0.0,0.0,0.0,0.0,0.0,0.0,0.0,0.0,0.0,0.5932077799798263,0.5441300120180654,-0.04907776796176089,0.5932077799798263,0.5707611797301573,-0.022446600249669046,0.5932077799798263,0.6028894965387509,0.00968171655892458,0.5932077799798263,0.604173101356836,0.010965321377009674,0.5932077799798263,0.5758155151025658,-0.017392264877260533,0.5932077799798263,0.5924985357902071,-0.0007092441896192625
7.0,1.0,6.0,1.0,1.0,3.0,1.0,3.0,10.0,10.0,5.0,10.0,0.0,0.0,0.0,0.0,0.0,0.0,0.0,0.0,0.0,0.0,0.0,1.0,0.0,0.0,0.0,0.0,0.0,0.0,0.0,0.0,0.0,0.0,0.0,0.0,0.0,0.0,0.0,1.0,0.8791663454113654,0.8562267277350117,-0.022939617676353663,0.8791663454113654,0.8690146514576337,-0.010151693953731722,,,,,,,,,,,,
4.0,1.0,6.0,1.0,2.0,4.0,2.0,3.0,8.0,6.0,3.0,8.0,0.0,0.0,0.0,1.0,0.0,0.0,0.0,0.0,0.0,0.0,0.0,0.0,1.0,0.0,0.0,0.0,0.0,0.0,0.0,0.0,0.0,0.0,0.0,0.0,0.0,0.0,0.0,0.0,0.7183300930276195,0.6761055978353347,-0.04222449519228477,0.7183300930276195,0.6992877716193991,-0.019042321408220375,0.7183300930276195,0.7264073272119611,0.008077234184341586,0.7183300930276195,0.7274721550964186,0.009142062068799084,0.7183300930276195,0.7036145795705211,-0.014715513457098428,0.7183300930276195,0.7177351976948929,-0.0005948953327266082
5.0,1.0,5.0,1.0,2.0,3.0,2.0,3.0,7.0,7.0,4.0,7.0,0.0,0.0,0.0,1.0,0.0,0.0,1.0,0.0,0.0,0.0,0.0,0.0,1.0,0.0,0.0,0.0,0.0,0.0,0.0,1.0,0.0,0.0,0.0,0.0,0.0,0.0,0.0,0.0,0.6060289934448855,0.5573437978884056,-0.04868519555647988,0.6060289934448855,0.5837934875421305,-0.022235505902755026,0.6060289934448855,0.6156032973238232,0.009574303878937762,0.6060289934448855,0.6168719222355337,0.010842928790648187,0.6060289934448855,0.588804921402534,-0.017224072042351435,0.6060289934448855,0.6053272306495662,-0.0007017627953193051
6.0,1.0,2.0,1.0,2.0,4.0,2.0,3.0,8.0,7.0,4.0,8.0,0.0,0.0,0.0,0.0,0.0,0.0,1.0,0.0,0.0,0.0,0.0,0.0,0.0,0.0,0.0,0.0,0.0,0.0,0.0,0.0,0.0,0.0,0.0,0.0,0.0,0.0,0.0,0.0,0.790020602684435,0.7548757565082272,-0.03514484617620772,0.790020602684435,0.7743021193184051,-0.01571848336602988,0.790020602684435,0.7966240713001481,0.006603468615713148,0.790020602684435,0.797491800783964,0.007471198099529008,0.790020602684435,0.7778924025543151,-0.012128200130119837,0.790020602684435,0.7895327567335338,-0.00048784595090112237
6.0,2.0,2.0,2.0,3.0,4.0,3.0,2.0,7.0,7.0,4.0,7.0,0.0,0.0,0.0,0.0,0.0,0.0,1.0,0.0,0.0,0.0,1.0,0.0,0.0,0.0,0.0,0.0,0.0,0.0,0.0,0.0,0.0,0.0,0.0,0.0,0.0,0.0,0.0,0.0,0.6726104202791976,0.6270902004612504,-0.04552021981794718,0.6726104202791976,0.6519747243977888,-0.02063569588140879,0.6726104202791976,0.6814172579004124,0.008806837621214814,0.6726104202791976,0.6825806733102172,0.009970253031019616,0.6726104202791976,0.6566480402982319,-0.015962379980965724,0.6726104202791976,0.6719630598958682,-0.000647360383329354
3.0,1.0,3.0,1.0,1.0,4.0,2.0,3.0,8.0,8.0,3.0,7.0,0.0,0.0,0.0,0.0,0.0,0.0,0.0,0.0,0.0,0.0,0.0,1.0,0.0,0.0,0.0,0.0,0.0,0.0,0.0,0.0,0.0,0.0,0.0,0.0,0.0,0.0,0.0,0.0,0.9197825440586546,0.9037091697843284,-0.016073374274326202,0.9197825440586546,0.9127043492469783,-0.007078194811676264,0.9197825440586546,0.9227044991089378,0.0029219550502832536,0.9197825440586546,0.9230862280309162,0.0033036839722616618,0.9197825440586546,0.9143365756548756,-0.005445968403778978,0.9197825440586546,0.9195654802539638,-0.0002170638046907758
6.0,1.0,9.0,1.0,3.0,4.0,3.0,5.0,10.0,10.0,5.0,10.0,0.0,0.0,0.0,0.0,0.0,0.0,0.0,0.0,0.0,0.0,0.0,0.0,0.0,1.0,0.0,0.0,0.0,0.0,0.0,0.0,0.0,0.0,0.0,0.0,0.0,0.0,0.0,0.0,0.7524409915261134,0.713289009635078,-0.039151981891035414,,,,,,,,,,,,,,,
4.0,1.0,6.0,1.0,1.0,4.0,2.0,3.0,10.0,9.0,5.0,10.0,1.0,0.0,0.0,0.0,0.0,0.0,0.0,0.0,0.0,0.0,0.0,1.0,0.0,0.0,0.0,0.0,0.0,0.0,0.0,0.0,0.0,0.0,0.0,0.0,0.0,0.0,0.0,0.0,0.8825997950972094,0.8602083565343548,-0.022391438562854638,0.8825997950972094,0.8726947890582788,-0.00990500603893063,,,,0.8825997950972094,0.8872470958797387,0.0046473007825292845,,,,,,
5.0,2.0,3.0,1.0,2.0,3.0,3.0,2.0,5.0,4.0,1.0,6.0,0.0,1.0,0.0,0.0,0.0,0.0,0.0,0.0,0.0,0.0,0.0,0.0,0.0,0.0,0.0,0.0,0.0,0.0,0.0,0.0,1.0,0.0,0.0,0.0,0.0,0.0,0.0,0.0,0.7047938137430787,0.6614963562452034,-0.04329745749787528,0.7047938137430787,0.6852373648452762,-0.019556448897802503,0.7047938137430787,0.7131041854180621,0.008310371674983386,0.7047938137430787,0.7142004184678965,0.009406604724817802,0.7047938137430787,0.6896766227659279,-0.015117190977150807,0.7047938137430787,0.704182102723693,-0.00061171101938573
7.0,5.0,8.0,4.0,3.0,3.0,2.0,3.0,0.0,0.0,1.0,0.0,0.0,0.0,0.0,0.0,0.0,0.0,1.0,0.0,0.0,0.0,0.0,0.0,0.0,0.0,0.0,0.0,0.0,0.0,0.0,0.0,0.0,0.0,1.0,0.0,0.0,0.0,0.0,0.0,0.3862244686664208,0.33996006593667655,-0.04626440272974425,0.3862244686664208,0.36459039514700486,-0.02163407351941593,0.3862244686664208,0.39581502622595904,0.009590557559538249,0.3862244686664208,0.39709861784840633,0.010874149181985537,0.3862244686664208,0.3693901693691998,-0.016834299297221023,0.3862244686664208,0.38552816041170823,-0.0006963082547125632
3.0,1.0,7.0,2.0,2.0,2.0,2.0,3.0,8.0,8.0,2.0,7.0,0.0,0.0,0.0,1.0,0.0,0.0,1.0,0.0,0.0,0.0,0.0,0.0,0.0,0.0,0.0,0.0,0.0,1.0,0.0,0.0,0.0,0.0,0.0,0.0,0.0,0.0,0.0,0.0,0.6808773461966355,0.6358843170447624,-0.04499302915187309,0.6808773461966355,0.6604997114265124,-0.02037763477012311,0.6808773461966355,0.6895644397818359,0.008687093585200367,0.6808773461966355,0.6907116071805219,0.0098342609838864,0.6808773461966355,0.665117352008463,-0.015759994188172533,0.6808773461966355,0.6802385611383047,-0.0006387850583308152
3.0,1.0,7.0,1.0,2.0,4.0,2.0,4.0,9.0,9.0,3.0,6.0,0.0,0.0,0.0,0.0,0.0,0.0,0.0,0.0,0.0,0.0,0.0,0.0,1.0,0.0,0.0,0.0,0.0,0.0,0.0,0.0,0.0,0.0,0.0,0.0,0.0,0.0,0.0,0.0,0.8954128032270255,0.8751193801942102,-0.02029342303281534,0.8954128032270255,0.8864497463992357,-0.008963056827789861,0.8954128032270255,0.8991250825302533,0.0037122793032277057,0.8954128032270255,0.8996105904630058,0.004197787235980299,0.8954128032270255,0.8885129094479696,-0.006899893779055977,0.8954128032270255,0.8951373143612518,-0.0002754888657737764
4.0,1.0,5.0,1.0,1.0,3.0,1.0,3.0,5.0,6.0,2.0,6.0,0.0,0.0,0.0,0.0,1.0,0.0,0.0,0.0,0.0,0.0,0.0,0.0,0.0,0.0,0.0,0.0,0.0,0.0,0.0,0.0,0.0,0.0,0.0,0.0,0.0,0.0,0.0,0.0,0.8960254538655613,0.8758344214097993,-0.020191032455762037,0.8960254538655613,0.8871082812485158,-0.008917172617045499,0.8960254538655613,0.8997184228020905,0.0036929689365291507,0.8960254538655613,0.9002013919783427,0.0041759381127813855,0.8960254538655613,0.8891609750877947,-0.006864478777766636,0.8960254538655613,0.8957513908757339,-0.0002740629898274616
7.0,1.0,8.0,1.0,2.0,4.0,2.0,4.0,8.0,9.0,4.0,8.0,0.0,0.0,0.0,0.0,0.0,0.0,0.0,0.0,0.0,0.0,0.0,1.0,0.0,0.0,0.0,0.0,0.0,0.0,0.0,0.0,0.0,0.0,1.0,0.0,0.0,0.0,0.0,0.0,0.8387857836464493,0.8098382796921872,-0.028947503954262044,0.8387857836464493,0.8259133305111669,-0.012872453135282402,0.8387857836464493,0.8441581940946788,0.005372410448229559,0.8387857836464493,0.8448626091682343,0.006076825521785012,0.8387857836464493,0.8288640676975423,-0.009921715948907006,0.8387857836464493,0.8383880573679118,-0.0003977262785375135
5.0,2.0,3.0,1.0,3.0,5.0,3.0,3.0,2.0,5.0,3.0,5.0,1.0,0.0,0.0,0.0,0.0,0.0,1.0,0.0,0.0,0.0,0.0,0.0,1.0,0.0,0.0,0.0,0.0,0.0,0.0,0.0,0.0,0.0,0.0,0.0,0.0,0.0,0.0,0.0,0.5518333504325592,0.501954820121623,-0.04987853031093625,0.5518333504325592,0.5289167413829117,-0.02291660904964754,0.5518333504325592,0.5617723320928599,0.009938981660300716,0.5518333504325592,0.563092527252134,0.011259176819574779,0.5518333504325592,0.5340615674487748,-0.017771782983784457,0.5518333504325592,0.551106557023381,-0.0007267934091782502
3.0,1.0,6.0,2.0,4.0,4.0,3.0,3.0,3.0,6.0,3.0,5.0,1.0,0.0,0.0,0.0,0.0,0.0,1.0,0.0,0.0,0.0,0.0,0.0,0.0,0.0,0.0,0.0,0.0,0.0,0.0,0.0,0.0,0.0,0.0,0.0,0.0,0.0,0.0,0.0,0.5843275333677445,0.5350181825950814,-0.049309350772663074,0.5843275333677445,0.5617529308331219,-0.022574602534622512,0.5843275333677445,0.5940759763775386,0.009748443009794161,0.5843275333677445,0.5953689495507879,0.01104141618304344,0.5843275333677445,0.5668328373734028,-0.017494695994341614,0.5843275333677445,0.5836136741293597,-0.0007138592383847397
4.0,1.0,7.0,1.0,1.0,5.0,3.0,3.0,9.0,9.0,5.0,7.0,1.0,0.0,0.0,0.0,0.0,0.0,0.0,0.0,0.0,0.0,0.0,0.0,1.0,0.0,0.0,0.0,0.0,0.0,0.0,0.0,0.0,0.0,0.0,0.0,0.0,0.0,0.0,0.0,0.8688814713188466,0.8443350398308552,-0.024546431487991405,0.8688814713188466,0.8580052627836938,-0.01087620853515281,0.8688814713188466,0.8734023246629767,0.004520853344130105,0.8688814713188466,0.8739942854002638,0.005112814081417172,,,,0.8688814713188466,0.8685463570368691,-0.00033511428197752213
4.0,2.0,2.0,1.0,1.0,5.0,1.0,3.0,8.0,8.0,5.0,8.0,1.0,0.0,0.0,0.0,0.0,0.0,1.0,0.0,0.0,0.0,0.0,0.0,0.0,0.0,0.0,0.0,0.0,0.0,0.0,0.0,0.0,0.0,0.0,0.0,0.0,0.0,0.0,0.0,0.8551399478103046,0.8285286739354256,-0.026611273874878938,0.8551399478103046,0.8433294176151084,-0.011810530195196178,0.8551399478103046,0.8600582876144741,0.004918339804169558,0.8551399478103046,0.8607026926476885,0.005562744837383948,,,,0.8551399478103046,0.8547755828448151,-0.00036436496548941655
6.0,1.0,8.0,1.0,2.0,4.0,2.0,4.0,8.0,8.0,5.0,8.0,0.0,0.0,0.0,0.0,0.0,0.0,0.0,0.0,0.0,0.0,0.0,0.0,0.0,1.0,0.0,0.0,0.0,0.0,0.0,0.0,0.0,0.0,0.0,0.0,0.0,0.0,0.0,0.0,0.8263760933761859,0.795742933431206,-0.03063315994497995,0.8263760933761859,0.8127339863618039,-0.013642107014381954,0.8263760933761859,0.8320792622332218,0.005703168857035923,0.8263760933761859,0.8328274626569043,0.006451369280718433,,,,0.8263760933761859,0.8259541042053378,-0.00042198917084812493
7.0,6.0,7.0,2.0,4.0,5.0,3.0,2.0,7.0,5.0,2.0,1.0,0.0,0.0,0.0,0.0,0.0,0.0,0.0,0.0,0.0,0.0,0.0,0.0,0.0,0.0,0.0,0.0,0.0,0.0,0.0,0.0,0.0,0.0,0.0,0.0,0.0,0.0,0.0,1.0,0.4701075011158065,0.42068198935322837,-0.049425511762578145,0.4701075011158065,0.4471982258438195,-0.022909275271986995,0.4701075011158065,0.4801515333986465,0.01004403228284001,0.4701075011158065,0.481490664871542,0.011383163755735504,0.4701075011158065,0.4523113771020543,-0.01779612401375219,0.4701075011158065,0.46937561390057037,-0.0007318872152361489
3.0,1.0,3.0,1.0,1.0,5.0,2.0,2.0,7.0,8.0,3.0,5.0,0.0,0.0,0.0,0.0,1.0,0.0,0.0,0.0,0.0,0.0,0.0,0.0,0.0,0.0,0.0,0.0,1.0,0.0,0.0,0.0,0.0,0.0,0.0,0.0,0.0,0.0,0.0,0.0,0.9101541822218755,0.8923772891910033,-0.017776893030872154,0.9101541822218755,0.9023166320206896,-0.007837550201185928,0.9101541822218755,0.9133938311406286,0.0032396489187530575,0.9101541822218755,0.913817246644481,0.0036630644226055553,0.9101541822218755,0.9041226816895936,-0.006031500532281853,0.9101541822218755,0.909913616415846,-0.0002405658060294913
7.0,5.0,7.0,1.0,1.0,3.0,1.0,4.0,10.0,10.0,3.0,10.0,0.0,0.0,0.0,0.0,0.0,1.0,0.0,0.0,0.0,0.0,0.0,0.0,0.0,0.0,0.0,0.0,0.0,1.0,0.0,0.0,0.0,0.0,1.0,0.0,0.0,0.0,0.0,0.0,0.6942308481896683,0.6501531579059817,-0.04407769028368658,0.6942308481896683,0.6742980139120427,-0.0199328342776256,,,,,,,0.6942308481896683,0.678819240266886,-0.015411607922782289,,,
6.0,3.0,4.0,1.0,1.0,1.0,1.0,3.0,0.0,0.0,1.0,0.0,0.0,0.0,0.0,0.0,0.0,0.0,1.0,0.0,0.0,0.0,0.0,0.0,0.0,0.0,0.0,0.0,0.0,0.0,0.0,0.0,0.0,0.0,0.0,0.0,0.0,0.0,0.0,0.0,0.6810267034520012,0.6360434758738636,-0.04498322757813766,0.6810267034520012,0.6606538526024591,-0.0203728508495421,0.6810267034520012,0.6897115841119356,0.008684880659934335,0.6810267034520012,0.6908584515317622,0.009831748079760949,0.6810267034520012,0.6652704591444327,-0.0157562443075685,0.6810267034520012,0.6803880770220728,-0.0006386264299284017
5.0,6.0,4.0,2.0,1.0,1.0,1.0,5.0,10.0,10.0,4.0,5.0,0.0,1.0,0.0,0.0,0.0,0.0,0.0,0.0,0.0,0.0,0.0,0.0,0.0,1.0,0.0,0.0,0.0,0.0,0.0,0.0,0.0,0.0,0.0,0.0,0.0,0.0,0.0,0.0,0.45112551985364113,0.40218099999296064,-0.04894451986068049,,,,,,,,,,0.45112551985364113,0.43346016480593447,-0.017665355047706666,0.45112551985364113,0.4503980660439871,-0.000727453809654055
3.0,1.0,7.0,1.0,3.0,4.0,4.0,4.0,7.0,5.0,1.0,6.0,0.0,0.0,0.0,0.0,0.0,0.0,1.0,0.0,0.0,0.0,0.0,0.0,0.0,0.0,0.0,0.0,0.0,0.0,0.0,0.0,0.0,0.0,0.0,0.0,0.0,0.0,0.0,0.0,0.7728407151313532,0.7357820992515467,-0.03705861587980652,0.7728407151313532,0.756233009810826,-0.016607705320527244,0.7728407151313532,0.7798338935336719,0.006993178402318723,0.7728407151313532,0.780753544444119,0.007912829312765823,0.7728407151313532,0.7600216429625997,-0.012819072168753554,0.7728407151313532,0.7723244579001829,-0.0005162572311703251
6.0,1.0,7.0,2.0,5.0,5.0,4.0,2.0,7.0,5.0,5.0,9.0,0.0,0.0,0.0,0.0,0.0,0.0,0.0,0.0,0.0,0.0,0.0,0.0,0.0,0.0,0.0,0.0,0.0,0.0,0.0,0.0,0.0,0.0,0.0,0.0,1.0,0.0,0.0,0.0,0.23833663351416343,0.20390209683131896,-0.03443453668284446,0.23833663351416343,0.22199029237602946,-0.016346341138133963,0.23833663351416343,0.2457251050652771,0.007388471551113662,0.23833663351416343,0.24672072564535955,0.00838409213119612,,,,0.23833663351416343,0.23780364549995747,-0.000532988014205954
4.0,1.0,5.0,1.0,2.0,4.0,4.0,4.0,8.0,7.0,2.0,8.0,0.0,0.0,0.0,0.0,0.0,0.0,1.0,0.0,0.0,0.0,0.0,1.0,0.0,0.0,0.0,0.0,0.0,0.0,0.0,0.0,0.0,0.0,0.0,0.0,0.0,0.0,0.0,0.0,0.8030858214853077,0.7694896896209364,-0.03359613186437127,0.8030858214853077,0.7880830165246234,-0.01500280496068429,0.8030858214853077,0.8093775525601641,0.006291731074856366,0.8030858214853077,0.8102038319355839,0.007118010450276158,0.8030858214853077,0.7915131069924933,-0.011572714492814384,0.8030858214853077,0.8026207462269269,-0.0004650752583807982
2.0,2.0,2.0,1.0,1.0,3.0,1.0,2.0,4.0,2.0,2.0,8.0,1.0,0.0,0.0,0.0,0.0,0.0,0.0,0.0,0.0,0.0,0.0,0.0,0.0,0.0,0.0,0.0,1.0,0.0,0.0,0.0,0.0,0.0,0.0,0.0,0.0,0.0,0.0,0.0,0.8237151408276228,0.792730252904309,-0.030984887923313775,0.8237151408276228,0.8099120489127992,-0.01380309191482354,0.8237151408276228,0.8294876809690762,0.005772540141453453,0.8237151408276228,0.830245072851912,0.006529932024289198,0.8237151408276228,0.8130726204642841,-0.010642520363338681,0.8237151408276228,0.8232880672524816,-0.00042707357514115696
3.0,1.0,3.0,1.0,1.0,4.0,4.0,2.0,5.0,6.0,3.0,6.0,0.0,0.0,0.0,0.0,0.0,0.0,1.0,0.0,0.0,0.0,0.0,1.0,0.0,0.0,0.0,0.0,0.0,0.0,0.0,0.0,0.0,0.0,0.0,0.0,0.0,0.0,0.0,0.0,0.8560893109592949,0.8296176897041871,-0.026471621255107713,0.8560893109592949,0.8443420937070018,-0.011747217252293107,0.8560893109592949,0.8609806577582648,0.004891346798969964,0.8560893109592949,0.8616214988248159,0.00553218786552101,0.8560893109592949,0.8470383175313412,-0.00905099342795368,0.8560893109592949,0.8557269310437094,-0.00036237991558540905
6.0,1.0,7.0,1.0,3.0,4.0,2.0,2.0,3.0,4.0,4.0,4.0,0.0,0.0,0.0,0.0,0.0,0.0,1.0,0.0,0.0,0.0,0.0,0.0,0.0,0.0,0.0,0.0,0.0,0.0,0.0,0.0,0.0,0.0,0.0,0.0,1.0,0.0,0.0,0.0,0.41983181807201086,0.3719815094051001,-0.04785030866691076,0.41983181807201086,0.39753451896514747,-0.0222972991068634,0.41983181807201086,0.42967269199946334,0.009840873927452476,0.41983181807201086,0.43098775839410436,0.011155940322093494,0.41983181807201086,0.40249327217065073,-0.017338545901360136,0.41983181807201086,0.4191162938846693,-0.0007155241873415541
4.0,1.0,10.0,3.0,2.0,5.0,2.0,4.0,8.0,8.0,4.0,10.0,0.0,0.0,0.0,0.0,0.0,0.0,1.0,0.0,0.0,0.0,0.0,0.0,1.0,0.0,0.0,0.0,0.0,0.0,0.0,0.0,0.0,1.0,0.0,0.0,0.0,0.0,0.0,0.0,0.8002583275558212,0.7663201579458254,-0.03393816960999574,0.8002583275558212,0.7850977440003706,-0.01516058355545058,0.8002583275558212,0.8066186472821615,0.006360319726340324,0.8002583275558212,0.807454040575552,0.007195713019730876,0.8002583275558212,0.7885631903169017,-0.011695137238919462,,,
7.0,1.0,7.0,1.0,1.0,4.0,2.0,5.0,8.0,7.0,4.0,9.0,1.0,0.0,0.0,0.0,0.0,0.0,1.0,0.0,0.0,0.0,0.0,0.0,0.0,0.0,0.0,0.0,0.0,0.0,0.0,0.0,0.0,0.0,0.0,0.0,0.0,0.0,0.0,0.0,0.7682167245182161,0.7306666449053397,-0.037550079612876375,,,,0.7682167245182161,0.7753108681270123,0.007094143608796233,0.7682167245182161,0.7762439911309149,0.008027266612698813,0.7682167245182161,0.7552193584917846,-0.012997366026431534,0.7682167245182161,0.7676931173183887,-0.0005236071998273584
4.0,1.0,2.0,1.0,2.0,4.0,2.0,4.0,9.0,8.0,4.0,8.0,0.0,0.0,0.0,0.0,0.0,0.0,0.0,0.0,0.0,0.0,0.0,0.0,0.0,0.0,0.0,0.0,0.0,0.0,0.0,0.0,0.0,0.0,0.0,0.0,0.0,0.0,0.0,0.0,0.8524580540550823,0.8254546683813286,-0.02700338567375371,0.8524580540550823,0.8404696587757425,-0.011988395279339814,0.8524580540550823,0.8574522717663494,0.004994217711267068,0.8524580540550823,0.8581066972013124,0.005648643146230037,0.8524580540550823,0.8432205039826799,-0.009237550072402456,0.8524580540550823,0.852088110147793,-0.00036994390728939397
2.0,2.0,3.0,3.0,2.0,4.0,3.0,2.0,2.0,5.0,1.0,6.0,0.0,1.0,0.0,0.0,0.0,0.0,1.0,0.0,0.0,0.0,0.0,0.0,0.0,0.0,0.0,0.0,1.0,0.0,0.0,1.0,0.0,0.0,0.0,0.0,0.0,0.0,0.0,0.0,0.5387221248847441,0.4887363165165337,-0.04998580836821043,0.5387221248847441,0.5157234400257782,-0.022998684858965945,0.5387221248847441,0.5487140861482758,0.009991961263531635,0.5387221248847441,0.5500421112892427,0.011319986404498605,0.5387221248847441,0.5208818322255211,-0.017840292659223045,0.5387221248847441,0.5379918704477991,-0.000730254436945077
3.0,1.0,4.0,1.0,1.0,4.0,1.0,1.0,8.0,8.0,4.0,9.0,0.0,0.0,0.0,0.0,0.0,1.0,0.0,0.0,0.0,0.0,0.0,1.0,0.0,0.0,0.0,0.0,0.0,0.0,0.0,0.0,0.0,0.0,0.0,0.0,0.0,0.0,0.0,0.0,0.893546900535337,0.8729428036221653,-0.020604096913171777,0.893546900535337,0.8844445734101947,-0.009102327125142362,0.893546900535337,0.8973178143680833,0.003770913832746303,0.893546900535337,0.897811032030155,0.004264131494817969,0.893546900535337,0.8865395064157016,-0.007007394119635468,0.893546900535337,0.8932670826257193,-0.00027981790961773
3.0,1.0,5.0,1.0,1.0,4.0,2.0,4.0,3.0,4.0,3.0,7.0,0.0,0.0,0.0,0.0,1.0,0.0,1.0,0.0,0.0,0.0,0.0,0.0,0.0,0.0,0.0,0.0,1.0,0.0,0.0,0.0,0.0,0.0,0.0,0.0,0.0,0.0,0.0,0.0,0.827818865077436,0.7973778440967868,-0.03044102098064916,0.827818865077436,0.8142646413614574,-0.013554223715978586,0.827818865077436,0.8334841915436006,0.0056653264661646885,0.827818865077436,0.8342273792001155,0.0064085141226795095,0.827818865077436,0.8173691619006304,-0.010449703176805603,0.827818865077436,0.8273996501237637,-0.00041921495367225337
4.0,1.0,5.0,3.0,3.0,5.0,3.0,2.0,8.0,6.0,2.0,8.0,0.0,0.0,0.0,1.0,0.0,0.0,1.0,0.0,0.0,0.0,0.0,0.0,0.0,0.0,0.0,0.0,0.0,1.0,0.0,0.0,0.0,0.0,0.0,0.0,0.0,0.0,0.0,0.0,0.5773617580166546,0.5278937111563745,-0.04946804686028006,0.5773617580166546,0.5546971489810143,-0.02266460903564027,0.5773617580166546,0.5871581439998517,0.009796385983197098,0.5773617580166546,0.5884578876030804,0.011096129586425807,0.5773617580166546,0.5597947518502729,-0.017567006166381627,0.5773617580166546,0.5766446032491931,-0.0007171547674614809
4.0,1.0,5.0,1.0,2.0,4.0,3.0,2.0,4.0,5.0,1.0,2.0,0.0,0.0,0.0,0.0,0.0,0.0,0.0,0.0,0.0,0.0,0.0,1.0,0.0,0.0,0.0,0.0,0.0,0.0,0.0,0.0,0.0,0.0,0.0,0.0,0.0,0.0,0.0,0.0,0.8539826909323832,0.8272017835913942,-0.026780907340989035,0.8539826909323832,0.8420952312878093,-0.011887459644573939,0.8539826909323832,0.8589338406859478,0.004951149753564588,0.8539826909323832,0.8595825782197951,0.005599887287411898,0.8539826909323832,0.8448232213810835,-0.00915946955129976,0.8539826909323832,0.8536159134119452,-0.0003667775204380108
2.0,1.0,1.0,1.0,2.0,4.0,2.0,3.0,5.0,6.0,3.0,3.0,0.0,1.0,0.0,0.0,0.0,0.0,0.0,0.0,0.0,0.0,0.0,0.0,0.0,0.0,0.0,0.0,0.0,1.0,0.0,1.0,0.0,0.0,0.0,0.0,0.0,0.0,0.0,0.0,0.7164165264160327,0.6740353437482375,-0.042381182667795225,0.7164165264160327,0.6972993526865611,-0.019117173729471637,0.7164165264160327,0.7245275909068896,0.008111064490856856,0.7164165264160327,0.7255969711265304,0.009180444710497726,0.7164165264160327,0.70164256417095,-0.014773962245082761,0.7164165264160327,0.715819188447484,-0.0005973379685486613
3.0,1.0,3.0,1.0,1.0,4.0,1.0,2.0,3.0,5.0,3.0,6.0,0.0,0.0,1.0,0.0,0.0,0.0,1.0,0.0,1.0,0.0,0.0,0.0,0.0,0.0,0.0,0.0,0.0,0.0,0.0,0.0,0.0,0.0,0.0,0.0,0.0,0.0,0.0,0.0,0.8143084884044531,0.7821075866166307,-0.03220090178782242,0.8143084884044531,0.7999477367272768,-0.01436075167717632,0.8143084884044531,0.8203218642204243,0.006013375815971167,0.8143084884044531,0.8211111890811048,0.006802700676651674,0.8143084884044531,0.8032337333187054,-0.011074755085747734,0.8143084884044531,0.8138637755968751,-0.00044471280757807374
7.0,3.0,10.0,2.0,1.0,3.0,2.0,3.0,7.0,5.0,2.0,3.0,0.0,0.0,0.0,0.0,0.0,0.0,1.0,0.0,0.0,0.0,0.0,0.0,0.0,0.0,0.0,0.0,0.0,0.0,0.0,0.0,0.0,0.0,1.0,0.0,0.0,0.0,0.0,0.0,0.7981700025247879,0.7639816535519924,-0.034188348972795435,0.7981700025247879,0.7828939149550099,-0.01527608756977794,0.7981700025247879,0.8045805817182009,0.006410579193413035,0.7981700025247879,0.8054226554815406,0.007252652956752703,0.7981700025247879,0.7863852300350304,-0.011784772489757511,0.7981700025247879,0.7976962417203439,-0.00047376080444394564
5.0,1.0,9.0,1.0,1.0,4.0,2.0,4.0,8.0,9.0,4.0,8.0,0.0,0.0,0.0,0.0,0.0,0.0,1.0,0.0,0.0,0.0,0.0,0.0,1.0,0.0,0.0,0.0,0.0,0.0,0.0,0.0,0.0,0.0,0.0,0.0,0.0,0.0,0.0,0.0,0.8860620740856651,0.8642294049928176,-0.021832669092847423,0.8860620740856651,0.8764082743432056,-0.009653799742459501,0.8860620740856651,0.8900655045284377,0.004003430442772626,0.8860620740856651,0.8905893100159976,0.0045272359303325516,0.8860620740856651,0.878628906290874,-0.007433167794791085,0.8860620740856651,0.8857650971378288,-0.0002969769478362583
7.0,1.0,7.0,1.0,1.0,4.0,2.0,4.0,8.0,8.0,4.0,8.0,0.0,0.0,0.0,0.0,0.0,0.0,0.0,0.0,0.0,0.0,0.0,1.0,0.0,0.0,0.0,0.0,0.0,0.0,0.0,0.0,0.0,0.0,1.0,0.0,0.0,0.0,0.0,0.0,0.8727481757280185,0.84879965484935,-0.0239485208786685,0.8727481757280185,0.8621418188627571,-0.010606356865261457,0.8727481757280185,0.8771545577784818,0.004406382050463287,0.8727481757280185,0.8777314295345299,0.004983253806511323,0.8727481757280185,0.8645791751338994,-0.00816900059411918,0.8727481757280185,0.8724214929499197,-0.0003266827780988857
3.0,1.0,8.0,1.0,2.0,5.0,2.0,3.0,9.0,9.0,3.0,9.0,0.0,0.0,0.0,0.0,0.0,0.0,1.0,0.0,0.0,0.0,0.0,0.0,0.0,0.0,0.0,0.0,1.0,0.0,0.0,0.0,0.0,0.0,0.0,0.0,0.0,0.0,0.0,0.0,0.898998268856608,0.8793067724842983,-0.019691496372309714,0.898998268856608,0.8903048409019536,-0.008693427954654442,0.898998268856608,0.9025971273664667,0.003598858509858638,0.898998268856608,0.9030677260040174,0.004069457147409361,0.898998268856608,0.8923064681470864,-0.006691800709521689,0.898998268856608,0.8987311561906454,-0.0002671126659626877
4.0,1.0,3.0,1.0,1.0,4.0,2.0,2.0,9.0,8.0,3.0,8.0,1.0,0.0,0.0,0.0,0.0,0.0,1.0,0.0,0.0,0.0,0.0,0.0,1.0,0.0,0.0,0.0,0.0,0.0,0.0,0.0,0.0,0.0,0.0,1.0,0.0,0.0,0.0,0.0,0.8336040187309416,0.803943559056534,-0.029660459674407558,0.8336040187309416,0.820406405920611,-0.013197612810330606,0.8336040187309416,0.8391159886335524,0.005511969902610825,0.8336040187309416,0.8398388706754454,0.006234851944503794,0.8336040187309416,0.8234305293078082,-0.010173489423133342,0.8336040187309416,0.8331960509156429,-0.0004079678152987265
4.0,1.0,5.0,1.0,1.0,4.0,2.0,3.0,7.0,7.0,4.0,8.0,0.0,0.0,0.0,0.0,0.0,0.0,1.0,0.0,0.0,1.0,0.0,0.0,0.0,0.0,0.0,0.0,0.0,0.0,0.0,1.0,0.0,0.0,0.0,0.0,0.0,0.0,0.0,0.0,0.8687333291908467,0.8441641383635837,-0.024569190827262943,0.8687333291908467,0.857846842774753,-0.010886486416093688,0.8687333291908467,0.87325854528414,0.004525216093293372,0.8687333291908467,0.873851081219383,0.005117752028536371,0.8687333291908467,0.8603478346456902,-0.008385494545156469,0.8687333291908467,0.8683978936323457,-0.00033543555850101825
5.0,1.0,9.0,1.0,2.0,2.0,2.0,4.0,8.0,8.0,4.0,8.0,0.0,0.0,0.0,0.0,0.0,0.0,0.0,0.0,0.0,0.0,0.0,1.0,0.0,0.0,0.0,0.0,0.0,0.0,0.0,0.0,0.0,0.0,0.0,0.0,0.0,0.0,0.0,0.0,0.8255548086012648,0.7948127250701146,-0.030742083531150266,0.8255548086012648,0.8118628623638061,-0.01369194623745873,0.8255548086012648,0.8312794469230153,0.005724638321750408,0.8255548086012648,0.8320304916669259,0.006475683065661042,0.8255548086012648,0.8149984070353675,-0.010556401565897322,0.8255548086012648,0.8251312457116576,-0.00042356288960720967
3.0,1.0,3.0,1.0,2.0,4.0,2.0,4.0,8.0,8.0,5.0,7.0,0.0,1.0,0.0,0.0,0.0,0.0,0.0,0.0,0.0,0.0,0.0,0.0,0.0,0.0,0.0,0.0,1.0,0.0,0.0,0.0,0.0,0.0,0.0,0.0,0.0,0.0,0.0,0.0,0.6493503006448813,0.6025072438487674,-0.04684305679611389,0.6493503006448813,0.6280592262389355,-0.021291074405945798,0.6493503006448813,0.6584651239935838,0.009114823348702505,0.6493503006448813,0.6596704948773998,0.01032019423251851,,,,0.6493503006448813,0.6486809703298424,-0.0006693303150389074
4.0,1.0,3.0,1.0,2.0,5.0,2.0,3.0,8.0,8.0,3.0,10.0,0.0,0.0,0.0,0.0,0.0,0.0,1.0,0.0,0.0,0.0,0.0,0.0,0.0,0.0,0.0,0.0,0.0,0.0,0.0,0.0,0.0,0.0,0.0,0.0,0.0,0.0,0.0,0.0,0.8743952627998497,0.8507036938785807,-0.023691568921269,0.8743952627998497,0.8639047817394795,-0.010490481060370205,0.8743952627998497,0.8787525342620471,0.004357271462197443,0.8743952627998497,0.8793229344354994,0.004927671635649666,0.8743952627998497,0.8663158016829041,-0.008079461116945574,,,
6.0,1.0,9.0,1.0,1.0,4.0,2.0,3.0,6.0,7.0,3.0,8.0,0.0,0.0,0.0,0.0,0.0,0.0,1.0,0.0,0.0,0.0,0.0,0.0,0.0,0.0,0.0,0.0,0.0,0.0,0.0,0.0,0.0,0.0,0.0,0.0,0.0,0.0,0.0,0.0,0.8806099146865705,0.8579000554397703,-0.022709859246800135,0.8806099146865705,0.8705616446316894,-0.01004827005488107,0.8806099146865705,0.8847800060547448,0.004170091368174367,0.8806099146865705,0.8853257507498733,0.004715836063302836,0.8806099146865705,0.872872087812177,-0.007737826874393505,0.8806099146865705,0.8803006465695398,-0.0003092681170306921
7.0,3.0,10.0,2.0,1.0,3.0,1.0,3.0,6.0,9.0,3.0,9.0,0.0,0.0,0.0,0.0,0.0,0.0,1.0,0.0,0.0,0.0,0.0,0.0,0.0,0.0,0.0,0.0,0.0,0.0,0.0,0.0,0.0,0.0,1.0,0.0,0.0,0.0,0.0,0.0,0.8359220075620455,0.806578862915575,-0.029343144646470476,0.8359220075620455,0.8228691789243389,-0.013052828637706626,0.8359220075620455,0.8413718041873424,0.005449796625296877,0.8359220075620455,0.8420864578871375,0.006164450325092052,0.8359220075620455,0.8258606348029206,-0.010061372759124887,0.8359220075620455,0.8355186015896032,-0.0004034059724422612
2.0,3.0,2.0,4.0,3.0,4.0,3.0,3.0,8.0,7.0,2.0,7.0,0.0,0.0,0.0,1.0,0.0,0.0,1.0,0.0,0.0,0.0,0.0,0.0,0.0,0.0,0.0,0.0,1.0,0.0,0.0,0.0,0.0,0.0,0.0,0.0,0.0,1.0,0.0,0.0,0.4868825980140184,0.43714839981556064,-0.04973419819845776,0.4868825980140184,0.4638714697655191,-0.023011128248499324,0.4868825980140184,0.49694891254779067,0.01006631453377227,0.4868825980140184,0.4982899868193129,0.011407388805294516,0.4868825980140184,0.46901351600427527,-0.01786908200974313,0.4868825980140184,0.4861485548314147,-0.000734043182603672
5.0,1.0,7.0,1.0,2.0,4.0,1.0,3.0,7.0,8.0,1.0,10.0,0.0,0.0,0.0,0.0,0.0,1.0,0.0,0.0,0.0,0.0,0.0,0.0,0.0,0.0,0.0,0.0,0.0,0.0,0.0,0.0,0.0,0.0,0.0,0.0,0.0,0.0,0.0,0.0,0.8302781805313457,0.8001669988777068,-0.030111181653638908,0.8302781805313457,0.8168747290452174,-0.013403451486128315,0.8302781805313457,0.835878630338979,0.005600449807633301,0.8302781805313457,0.8366132261326549,0.006335045601309153,0.8302781805313457,0.8199452696532619,-0.010332910878083856,,,
3.0,1.0,5.0,3.0,3.0,4.0,2.0,3.0,10.0,10.0,5.0,5.0,1.0,0.0,0.0,0.0,0.0,0.0,0.0,0.0,0.0,0.0,0.0,0.0,0.0,0.0,0.0,0.0,1.0,0.0,0.0,0.0,0.0,0.0,0.0,0.0,0.0,0.0,0.0,0.0,0.7272406885815097,0.6857676312821545,-0.04147305729935524,0.7272406885815097,0.7085563601322415,-0.01868432844926815,,,,,,,,,,0.7272406885815097,0.7266574514255839,-0.0005832371559257865
7.0,1.0,9.0,1.0,1.0,5.0,1.0,4.0,9.0,9.0,4.0,8.0,0.0,0.0,0.0,0.0,0.0,0.0,0.0,0.0,0.0,0.0,0.0,1.0,0.0,0.0,0.0,0.0,0.0,0.0,0.0,0.0,0.0,0.0,0.0,0.0,0.0,0.0,0.0,1.0,0.9124348322775209,0.8950571585744442,-0.017377673703076635,0.9124348322775209,0.9047754158400799,-0.007659416437440947,0.9124348322775209,0.9155998716361411,0.0031650393586202252,0.9124348322775209,0.9160134935661698,0.003578661288648921,0.9124348322775209,0.9065407141231071,-0.005894118154413763,0.9124348322775209,0.9121997839227483,-0.00023504835477261565
4.0,1.0,3.0,1.0,2.0,5.0,2.0,2.0,8.0,7.0,4.0,7.0,1.0,0.0,0.0,0.0,0.0,0.0,1.0,0.0,0.0,0.0,0.0,0.0,1.0,0.0,0.0,0.0,0.0,0.0,0.0,0.0,0.0,0.0,0.0,0.0,0.0,0.0,0.0,0.0,0.8081277222498086,0.7751509606313272,-0.0329767616184814,0.8081277222498086,0.7934102393751248,-0.014717482874683774,0.8081277222498086,0.814295608158368,0.006167885908559434,0.8081277222498086,0.8151054394327655,0.006977717182956922,0.8081277222498086,0.7967763386585706,-0.011351383591237996,0.8081277222498086,0.8076717032207128,-0.00045601902909575553
4.0,1.0,2.0,1.0,2.0,5.0,2.0,3.0,8.0,6.0,2.0,7.0,1.0,0.0,0.0,0.0,0.0,0.0,1.0,0.0,0.0,0.0,0.0,0.0,0.0,0.0,0.0,0.0,0.0,0.0,0.0,0.0,0.0,0.0,0.0,0.0,0.0,0.0,0.0,0.0,0.817792775189125,0.7860373269286838,-0.03175544826044119,0.817792775189125,0.8036365077665197,-0.014156267422605229,0.817792775189125,0.8237177433724047,0.0059249681832797,0.817792775189125,0.824495341822245,0.006702566633120077,0.817792775189125,0.8068765415372517,-0.01091623365187322,0.817792775189125,0.817354535267755,-0.00043823992136993173
7.0,1.0,3.0,1.0,2.0,4.0,3.0,2.0,3.0,6.0,3.0,5.0,0.0,0.0,0.0,0.0,0.0,0.0,0.0,0.0,0.0,0.0,0.0,0.0,0.0,0.0,0.0,0.0,0.0,0.0,0.0,0.0,0.0,0.0,1.0,0.0,0.0,0.0,0.0,0.0,0.7598632459646592,0.7214505583984524,-0.03841268756620675,0.7598632459646592,0.7426227252759848,-0.01724052068867432,0.7598632459646592,0.7671355622672751,0.007272316302615933,0.7598632459646592,0.7680924814530077,0.00822923548834853,0.7598632459646592,0.7465519960618442,-0.013311249902814959,0.7598632459646592,0.7593266799490632,-0.0005365660155959295
6.0,1.0,3.0,1.0,1.0,4.0,3.0,2.0,8.0,9.0,4.0,9.0,1.0,0.0,0.0,0.0,0.0,0.0,1.0,0.0,0.0,0.0,0.0,1.0,0.0,0.0,0.0,0.0,0.0,0.0,0.0,1.0,0.0,0.0,0.0,0.0,0.0,0.0,0.0,0.0,0.799821366722456,0.7658306780743874,-0.033990688648068534,0.799821366722456,0.784636542902306,-0.015184823820149962,0.799821366722456,0.8061922307541673,0.006370864031711387,0.799821366722456,0.8070290254447855,0.007207658722329535,0.799821366722456,0.7881074191571751,-0.01171394756528088,0.799821366722456,0.7993505077595494,-0.0004708589629065507
5.0,2.0,3.0,3.0,2.0,4.0,2.0,2.0,3.0,4.0,1.0,3.0,0.0,0.0,0.0,0.0,1.0,0.0,0.0,0.0,0.0,0.0,0.0,0.0,0.0,0.0,0.0,1.0,0.0,0.0,0.0,0.0,0.0,1.0,0.0,0.0,0.0,0.0,0.0,0.0,0.5578431157582073,0.5080371520155949,-0.04980596374261248,0.5578431157582073,0.5349748483213329,-0.022868267436874423,0.5578431157582073,0.5677532149494623,0.009910099191254962,0.5578431157582073,0.5690692135920077,0.011226097833800353,0.5578431157582073,0.5401110397009563,-0.017732076057251023,0.5578431157582073,0.5571182465685461,-0.0007248691896611925
4.0,1.0,10.0,1.0,1.0,1.0,1.0,4.0,8.0,8.0,4.0,8.0,0.0,0.0,0.0,0.0,0.0,0.0,0.0,0.0,0.0,0.0,0.0,1.0,0.0,0.0,0.0,0.0,0.0,0.0,0.0,0.0,0.0,0.0,0.0,0.0,0.0,0.0,0.0,0.0,0.8959039470154094,0.8756925923669365,-0.0202113546484729,0.8959039470154094,0.8869776680544147,-0.008926278960994738,0.8959039470154094,0.8996007480632366,0.003696801047827214,0.8959039470154094,0.9000842210389794,0.004180274023570019,0.8959039470154094,0.8890324397378924,-0.006871507277517064,0.8959039470154094,0.8956296010559938,-0.0002743459594156672
5.0,1.0,6.0,1.0,2.0,5.0,2.0,4.0,5.0,8.0,1.0,9.0,0.0,0.0,1.0,0.0,0.0,0.0,1.0,0.0,0.0,1.0,0.0,0.0,0.0,0.0,0.0,0.0,0.0,0.0,0.0,0.0,0.0,0.0,0.0,0.0,0.0,0.0,0.0,0.0,0.6442733532232106,0.5971728107849293,-0.04710054243828121,0.6442733532232106,0.62285305540583,-0.02142029781738053,0.6442733532232106,0.6534497161196123,0.00917636289640178,0.6442733532232106,0.6546635044795716,0.010390151256361002,0.6442733532232106,0.6276941141237558,-0.0165792390994548,0.6442733532232106,0.6435996508686948,-0.0006737023545158038
6.0,1.0,7.0,1.0,2.0,4.0,2.0,4.0,8.0,5.0,3.0,8.0,1.0,0.0,0.0,0.0,0.0,0.0,0.0,0.0,0.0,0.0,0.0,1.0,0.0,0.0,0.0,0.0,0.0,0.0,0.0,0.0,0.0,0.0,0.0,0.0,0.0,0.0,0.0,0.0,0.7672010082235527,0.7295443086977744,-0.037656699525778325,0.7672010082235527,0.7503141925268234,-0.01688681569672934,0.7672010082235527,0.7743171068285827,0.00711609860502993,0.7672010082235527,0.7752531605291524,0.008052152305599636,0.7672010082235527,0.7541649119902074,-0.01303609623334534,0.7672010082235527,0.7666758033845293,-0.0005252048390234076
4.0,1.0,3.0,1.0,1.0,3.0,2.0,4.0,8.0,8.0,5.0,8.0,0.0,0.0,0.0,1.0,0.0,0.0,0.0,0.0,0.0,0.0,0.0,0.0,1.0,0.0,0.0,0.0,0.0,0.0,0.0,0.0,0.0,0.0,0.0,0.0,0.0,0.0,0.0,0.0,0.7029516138099747,0.6595144935285046,-0.043437120281470176,0.7029516138099747,0.6833279590389392,-0.01962365477103556,0.7029516138099747,0.7112926018205329,0.008340988010558159,0.7029516138099747,0.7123929651621113,0.009441351352136529,,,,0.7029516138099747,0.7023376976806537,-0.000613916129321046
4.0,1.0,5.0,1.0,2.0,2.0,2.0,4.0,8.0,8.0,4.0,8.0,0.0,1.0,0.0,0.0,0.0,0.0,0.0,0.0,0.0,0.0,0.0,0.0,1.0,0.0,0.0,0.0,0.0,0.0,0.0,0.0,0.0,0.0,0.0,0.0,0.0,0.0,0.0,0.0,0.6023029507079075,0.5534965510483149,-0.04880639965959266,0.6023029507079075,0.5800028905956762,-0.02230006011223129,0.6023029507079075,0.6119098181525222,0.009606867444614697,0.6023029507079075,0.6131829732734306,0.010880022565523118,0.6023029507079075,0.5850275230598057,-0.01727542764810186,0.6023029507079075,0.6015989140394317,-0.0007040366684758492
7.0,1.0,6.0,1.0,1.0,4.0,1.0,3.0,10.0,10.0,4.0,10.0,0.0,0.0,0.0,0.0,0.0,0.0,1.0,0.0,0.0,0.0,0.0,0.0,0.0,0.0,0.0,0.0,0.0,0.0,0.0,0.0,0.0,0.0,1.0,0.0,0.0,0.0,0.0,0.0,0.9003895058744957,0.8809333239996273,-0.019456181874868417,0.9003895058744957,0.8918014125068443,-0.008588093367651428,,,,,,,0.9003895058744957,0.8937789896453922,-0.00661051622910358,,,
6.0,1.0,4.0,1.0,2.0,4.0,2.0,4.0,9.0,8.0,2.0,9.0,1.0,0.0,0.0,0.0,0.0,0.0,1.0,0.0,0.0,0.0,0.0,1.0,0.0,0.0,0.0,0.0,0.0,0.0,0.0,1.0,0.0,0.0,0.0,0.0,0.0,0.0,0.0,0.0,0.7715093158037937,0.7343081678795139,-0.037201147924279754,0.7715093158037937,0.7548351498143937,-0.01667416598939997,0.7715093158037937,0.7785317362360729,0.007022420432279186,0.7715093158037937,0.7794552880958042,0.00794597229201055,0.7715093158037937,0.7586385745483207,-0.01287074125547294,0.7715093158037937,0.7709909293627601,-0.0005183864410335248
2.0,1.0,3.0,3.0,3.0,3.0,5.0,3.0,4.0,6.0,2.0,5.0,0.0,0.0,0.0,0.0,0.0,0.0,1.0,0.0,0.0,0.0,0.0,0.0,0.0,0.0,0.0,0.0,1.0,0.0,0.0,0.0,0.0,0.0,0.0,0.0,0.0,0.0,0.0,1.0,,,,0.5636782251601451,0.540863357498795,-0.022814867661350102,0.5636782251601451,0.5735575183028051,0.009879293142660006,0.5636782251601451,0.57486907777733,0.011190852617184888,0.5636782251601451,0.5459897057834583,-0.017688519376686807,0.5636782251601451,0.5629554274558584,-0.0007227977042867373
4.0,1.0,3.0,2.0,2.0,5.0,3.0,4.0,8.0,8.0,5.0,8.0,0.0,0.0,0.0,0.0,0.0,0.0,0.0,0.0,0.0,0.0,0.0,0.0,1.0,0.0,0.0,0.0,0.0,0.0,0.0,0.0,0.0,0.0,0.0,0.0,0.0,0.0,0.0,0.0,0.8053973544926387,0.7720836756830947,-0.033313678809544056,0.8053973544926387,0.7905247268218282,-0.014872627670810545,0.8053973544926387,0.8116325518560056,0.006235197363366862,0.8053973544926387,0.8124513215932809,0.007053967100642211,,,,0.8053973544926387,0.8049364126001329,-0.000460941892505784
4.0,1.0,3.0,1.0,2.0,3.0,2.0,2.0,6.0,7.0,2.0,7.0,0.0,1.0,0.0,0.0,0.0,0.0,0.0,0.0,0.0,0.0,0.0,0.0,1.0,0.0,0.0,0.0,0.0,0.0,0.0,0.0,0.0,0.0,0.0,0.0,0.0,0.0,0.0,0.0,0.6664071747266316,0.6205110806750456,-0.04589609405158601,0.6664071747266316,0.6455865069997659,-0.020820667726865638,0.6664071747266316,0.6753003257750666,0.008893151048435022,0.6664071747266316,0.6764754735609877,0.010068298834356115,0.6664071747266316,0.6502995937188654,-0.016107581007766214,0.6664071747266316,0.6657536438358648,-0.0006535308907668069
3.0,1.0,5.0,1.0,3.0,5.0,3.0,3.0,8.0,8.0,5.0,8.0,0.0,0.0,0.0,0.0,0.0,0.0,0.0,0.0,0.0,0.0,0.0,1.0,0.0,0.0,0.0,0.0,0.0,0.0,0.0,0.0,0.0,0.0,0.0,0.0,0.0,0.0,0.0,0.0,0.8336267666312508,0.803969408278194,-0.02965735835305683,0.8336267666312508,0.8204305694021088,-0.013196197229142004,0.8336267666312508,0.8391381284070408,0.005511361775790036,0.8336267666312508,0.8398609299554474,0.006234163324196573,,,,0.8336267666312508,0.8332188434303531,-0.0004079232008976641
6.0,1.0,9.0,1.0,2.0,4.0,4.0,4.0,6.0,8.0,4.0,8.0,1.0,0.0,0.0,0.0,0.0,0.0,1.0,0.0,0.0,0.0,0.0,1.0,0.0,0.0,0.0,0.0,0.0,0.0,0.0,0.0,0.0,0.0,0.0,0.0,0.0,0.0,0.0,0.0,0.6743767507797994,0.6289666458868194,-0.04541010489298003,0.6743767507797994,0.6537950830507623,-0.020581667729037134,0.6743767507797994,0.6831584561455352,0.008781705365735748,0.6743767507797994,0.6843184587223801,0.009941707942580646,0.6743767507797994,0.6584567602017924,-0.01591999057800697,0.6743767507797994,0.6737311888296783,-0.0006455619501211096
5.0,3.0,10.0,1.0,2.0,5.0,3.0,3.0,9.0,7.0,4.0,8.0,0.0,0.0,0.0,0.0,0.0,0.0,0.0,0.0,0.0,0.0,0.0,1.0,0.0,0.0,0.0,0.0,0.0,0.0,0.0,0.0,0.0,0.0,0.0,0.0,0.0,0.0,0.0,0.0,0.8375452901333685,0.8084259171664686,-0.029119372966899926,0.8375452901333685,0.8245945005313632,-0.012950789602005353,0.8375452901333685,0.8429512995700973,0.005406009436728754,0.8375452901333685,0.8436601595632071,0.006114869429838521,0.8375452901333685,0.8275629245134599,-0.009982365619908617,0.8375452901333685,0.8371450976640211,-0.0004001924693474157
4.0,1.0,10.0,1.0,1.0,4.0,2.0,4.0,6.0,7.0,2.0,6.0,0.0,0.0,0.0,0.0,0.0,0.0,0.0,0.0,0.0,0.0,0.0,0.0,1.0,0.0,0.0,0.0,0.0,0.0,0.0,0.0,0.0,0.0,0.0,0.0,0.0,0.0,0.0,0.0,0.9137658335222568,0.8966223755665442,-0.017143457955712593,0.9137658335222568,0.9062108739269408,-0.0075549595953160464,0.9137658335222568,0.9168871460994467,0.0031213125771898387,0.9137658335222568,0.9172950292956238,0.0035291957733669665,0.9137658335222568,0.9079522685835734,-0.005813564938683458,0.9137658335222568,0.913534019361782,-0.00023181416047479697
2.0,2.0,5.0,4.0,4.0,4.0,2.0,4.0,10.0,10.0,4.0,10.0,0.0,1.0,0.0,0.0,0.0,0.0,1.0,0.0,0.0,0.0,0.0,0.0,0.0,0.0,0.0,0.0,1.0,0.0,0.0,0.0,0.0,0.0,0.0,0.0,0.0,1.0,0.0,0.0,0.49425544330085414,0.4444204157610854,-0.04983502753976876,0.49425544330085414,0.4712158598259997,-0.023039583474854408,,,,,,,0.49425544330085414,0.47636698107194064,-0.017888462228913493,,,
4.0,1.0,8.0,1.0,2.0,4.0,1.0,4.0,7.0,5.0,4.0,6.0,0.0,0.0,0.0,1.0,0.0,0.0,1.0,0.0,0.0,0.0,0.0,0.0,1.0,0.0,0.0,0.0,0.0,0.0,0.0,0.0,0.0,0.0,0.0,0.0,0.0,0.0,0.0,0.0,0.6992555590852532,0.6555428070870599,-0.043712751998193244,0.6992555590852532,0.6794990605756434,-0.01975649850960981,0.6992555590852532,0.7076571692681829,0.00840161018292973,0.6992555590852532,0.7087657152901612,0.009510156204908027,0.6992555590852532,0.6839819252869689,-0.01527363379828428,0.6992555590852532,0.6986372790387547,-0.0006182800464984428
6.0,1.0,8.0,1.0,1.0,5.0,1.0,4.0,9.0,9.0,3.0,10.0,0.0,0.0,0.0,0.0,0.0,0.0,0.0,0.0,0.0,0.0,0.0,0.0,0.0,0.0,0.0,0.0,0.0,0.0,0.0,0.0,0.0,0.0,0.0,0.0,0.0,0.0,0.0,0.0,0.9288137850183849,0.9143815746030061,-0.014432210415378788,0.9288137850183849,0.9224653094623783,-0.006348475556006594,0.9288137850183849,0.9314312973511804,0.002617512332795502,0.9288137850183849,0.9317731151603766,0.0029593301419917895,0.9288137850183849,0.9239302396875936,-0.004883545330791272,,,
5.0,1.0,3.0,1.0,3.0,5.0,2.0,3.0,5.0,7.0,2.0,6.0,0.0,0.0,0.0,0.0,0.0,0.0,1.0,0.0,0.0,1.0,0.0,0.0,0.0,0.0,0.0,0.0,0.0,0.0,0.0,0.0,0.0,0.0,0.0,0.0,0.0,0.0,0.0,0.0,0.7495745655334786,0.7101438850771509,-0.039430680456327694,0.7495745655334786,0.7318560389822085,-0.017718526551270042,0.7495745655334786,0.7570588464953153,0.007484280961836731,0.7495745655334786,0.7580441139729802,0.00846954843950165,0.7495745655334786,0.7358912229918073,-0.01368334254167125,0.7495745655334786,0.7490226034739843,-0.0005519620594942598
5.0,1.0,3.0,1.0,2.0,2.0,2.0,4.0,8.0,8.0,4.0,8.0,0.0,0.0,0.0,0.0,0.0,0.0,0.0,0.0,0.0,0.0,0.0,0.0,1.0,0.0,0.0,0.0,0.0,0.0,0.0,0.0,0.0,0.0,0.0,0.0,0.0,0.0,0.0,0.0,0.7653815570184905,0.7275350706990721,-0.03784648631941845,0.7653815570184905,0.7484060427219457,-0.01697551429654487,0.7653815570184905,0.7725367824781956,0.007155225459705039,0.7653815570184905,0.7734780601478476,0.008096503129357058,0.7653815570184905,0.7522764742333401,-0.013105082785150435,0.7653815570184905,0.7648535055233682,-0.0005280514951223614
2.0,2.0,3.0,4.0,2.0,4.0,3.0,3.0,3.0,5.0,2.0,4.0,0.0,0.0,1.0,0.0,0.0,0.0,1.0,0.0,1.0,0.0,0.0,0.0,0.0,0.0,0.0,0.0,0.0,0.0,0.0,0.0,0.0,0.0,0.0,0.0,0.0,1.0,0.0,0.0,0.6467556471648396,0.5997796068123993,-0.046976040352440296,0.6467556471648396,0.6253979136805371,-0.021357733484302477,0.6467556471648396,0.6559021759912377,0.009146528826398104,0.6467556471648396,0.6571118819639504,0.010356234799110853,0.6467556471648396,0.6302256995710346,-0.016529947593804994,0.6467556471648396,0.6460840635013555,-0.0006715836634840766
3.0,6.0,5.0,3.0,2.0,3.0,3.0,2.0,7.0,7.0,2.0,5.0,0.0,0.0,0.0,0.0,1.0,0.0,0.0,0.0,0.0,0.0,0.0,0.0,0.0,0.0,1.0,0.0,0.0,0.0,0.0,0.0,0.0,0.0,0.0,0.0,1.0,0.0,0.0,0.0,0.3403343759614087,0.29690785617014187,-0.04342651979126683,0.3403343759614087,0.31993092706753873,-0.02040344889386997,0.3403343759614087,0.349434162885067,0.009099786923658315,0.3403343759614087,0.3506546393843095,0.010320263422900822,0.3403343759614087,0.3244429686353255,-0.015891407326083185,0.3403343759614087,0.3396750148595523,-0.0006593611018563816
3.0,1.0,3.0,1.0,2.0,4.0,2.0,4.0,5.0,4.0,3.0,6.0,0.0,0.0,1.0,0.0,0.0,0.0,1.0,0.0,0.0,0.0,0.0,0.0,0.0,0.0,0.0,0.0,0.0,0.0,0.0,0.0,0.0,0.0,0.0,0.0,0.0,0.0,0.0,0.0,0.6275632821494377,0.5796936064508993,-0.047869675698538394,0.6275632821494377,0.6057525013115637,-0.021810780837874022,0.6275632821494377,0.636927784284561,0.009364502135123298,0.6275632821494377,0.6381673975278969,0.010604115378459178,0.6275632821494377,0.6106758591133463,-0.016887423036091365,0.6275632821494377,0.6268762608818365,-0.0006870212676012288
7.0,2.0,9.0,1.0,3.0,3.0,3.0,4.0,4.0,4.0,3.0,5.0,0.0,0.0,0.0,0.0,0.0,0.0,0.0,0.0,0.0,0.0,0.0,1.0,0.0,0.0,0.0,0.0,0.0,0.0,0.0,0.0,0.0,0.0,0.0,0.0,1.0,0.0,0.0,0.0,0.29960595699562276,0.2593333055386937,-0.04027265145692904,0.29960595699562276,0.2806055785436848,-0.01900037845193797,0.29960595699562276,0.3081254151373616,0.008519458141738823,0.29960595699562276,0.3092702004050729,0.009664243409450157,0.29960595699562276,0.28479526507489655,-0.014810691920726204,0.29960595699562276,0.29898973869201606,-0.000616218303606697
7.0,1.0,7.0,3.0,1.0,3.0,2.0,4.0,5.0,6.0,4.0,3.0,0.0,0.0,0.0,0.0,0.0,1.0,1.0,0.0,0.0,0.0,0.0,1.0,0.0,0.0,0.0,0.0,0.0,0.0,0.0,0.0,0.0,0.0,0.0,1.0,0.0,0.0,0.0,0.0,0.5645971788435974,0.5148904107530818,-0.04970676809051555,0.5645971788435974,0.5417913020255866,-0.02280587681801083,0.5645971788435974,0.5744713724465967,0.009874193602999348,0.5645971788435974,0.5757822001036671,0.011185021260069705,0.5645971788435974,0.5469159688258091,-0.01768121001778833,0.5645971788435974,0.5638747256183106,-0.0007224532252867455
4.0,1.0,2.0,1.0,2.0,4.0,2.0,3.0,5.0,6.0,3.0,4.0,0.0,0.0,0.0,0.0,0.0,0.0,0.0,0.0,0.0,0.0,0.0,0.0,1.0,0.0,0.0,0.0,0.0,0.0,0.0,0.0,0.0,0.0,0.0,0.0,0.0,0.0,0.0,0.0,0.828353402311914,0.7979838233496849,-0.030369578962229138,0.828353402311914,0.8148318454053342,-0.013521556906579857,0.828353402311914,0.8340046675185622,0.0056512652066481595,0.828353402311914,0.8347459927773755,0.0063925904654614785,0.828353402311914,0.8179290051648451,-0.010424397147068887,0.828353402311914,0.8279352183016983,-0.0004181840102157608
2.0,2.0,3.0,1.0,2.0,3.0,2.0,3.0,1.0,2.0,2.0,3.0,0.0,0.0,0.0,0.0,1.0,0.0,0.0,0.0,0.0,0.0,0.0,0.0,0.0,0.0,0.0,0.0,1.0,0.0,0.0,0.0,0.0,0.0,0.0,0.0,0.0,0.0,0.0,0.0,0.7455714753635727,0.7057579128664718,-0.039813562497100885,0.7455714753635727,0.727672616699191,-0.01789885866438168,0.7455714753635727,0.7531359924943715,0.0075645171307987535,0.7455714753635727,0.7541320025529994,0.008560527189426681,0.7455714753635727,0.7317476800779027,-0.013823795285670015,0.7455714753635727,0.7450136915330264,-0.0005577838305462768
2.0,1.0,1.0,1.0,2.0,5.0,1.0,3.0,6.0,8.0,3.0,6.0,1.0,0.0,0.0,0.0,0.0,0.0,1.0,0.0,0.0,0.0,0.0,0.0,0.0,0.0,0.0,0.0,1.0,0.0,0.0,0.0,0.0,0.0,0.0,0.0,0.0,0.0,0.0,0.0,0.8427425663735937,0.8143482867429875,-0.028394279630606145,0.8427425663735937,0.8301220638493186,-0.012620502524275046,0.8427425663735937,0.8480070118883967,0.0052644455148029845,0.8427425663735937,0.8486971481935419,0.005954581819948235,0.8427425663735937,0.8330158868256576,-0.009726679547936046,0.8427425663735937,0.8423527670712337,-0.00038979930235993887
5.0,1.0,9.0,1.0,3.0,4.0,3.0,3.0,7.0,7.0,2.0,7.0,0.0,1.0,0.0,0.0,0.0,0.0,1.0,0.0,0.0,0.0,0.0,0.0,0.0,0.0,0.0,0.0,0.0,0.0,0.0,0.0,0.0,0.0,0.0,0.0,0.0,0.0,0.0,0.0,0.5797026635907071,0.53028570199422,-0.04941696159648712,0.5797026635907071,0.5570672831825911,-0.022635380408115968,0.5797026635907071,0.5894833695577242,0.009780705967017078,0.5797026635907071,0.5907808946825474,0.011078231091840252,0.5797026635907071,0.5621591702162497,-0.017543493374457375,0.5797026635907071,0.5789865844788918,-0.0007160791118152599
4.0,1.0,3.0,1.0,1.0,4.0,3.0,4.0,7.0,8.0,3.0,7.0,0.0,0.0,0.0,0.0,0.0,0.0,0.0,0.0,0.0,0.0,0.0,0.0,1.0,0.0,0.0,0.0,0.0,0.0,0.0,0.0,0.0,0.0,0.0,0.0,0.0,0.0,0.0,0.0,0.8648800303595326,0.8397226795424256,-0.025157350817107016,0.8648800303595326,0.8537277812934196,-0.011152249066113007,0.8648800303595326,0.8695181312284361,0.004638100868903483,0.8648800303595326,0.8701255534411491,0.00524552308161641,0.8648800303595326,0.8562891020329281,-0.008590928326604574,0.8648800303595326,0.8645362835859155,-0.00034374677361714845
7.0,1.0,7.0,1.0,2.0,4.0,2.0,3.0,10.0,9.0,5.0,10.0,0.0,0.0,0.0,0.0,0.0,0.0,1.0,0.0,0.0,0.0,0.0,1.0,0.0,0.0,0.0,0.0,0.0,0.0,0.0,0.0,0.0,0.0,1.0,0.0,0.0,0.0,0.0,0.0,0.8264589134815395,0.7958367557301874,-0.03062215775135213,0.8264589134815395,0.8128218399121185,-0.01363707356942101,,,,0.8264589134815395,0.8329078276412868,0.006448914159747243,,,,,,
5.0,1.0,5.0,1.0,2.0,4.0,1.0,2.0,8.0,7.0,5.0,8.0,0.0,0.0,0.0,1.0,0.0,0.0,1.0,0.0,0.0,0.0,0.0,0.0,0.0,0.0,0.0,0.0,1.0,0.0,0.0,0.0,0.0,0.0,0.0,0.0,0.0,0.0,0.0,0.0,0.6650384327638063,0.6190616710144975,-0.04597676174930876,0.6650384327638063,0.6441779506051364,-0.02086048215866987,0.6650384327638063,0.673950219957024,0.008911787193217724,0.6650384327638063,0.6751279033419186,0.01008947057811238,,,,0.6650384327638063,0.6643835708527133,-0.0006548619110929854
4.0,1.0,5.0,1.0,5.0,5.0,3.0,5.0,10.0,10.0,5.0,8.0,1.0,0.0,0.0,0.0,0.0,0.0,1.0,0.0,0.0,0.0,0.0,1.0,0.0,0.0,0.0,0.0,0.0,0.0,0.0,0.0,0.0,0.0,0.0,0.0,0.0,0.0,0.0,0.0,0.5485587823432957,0.49864691385792903,-0.04991186848536666,,,,,,,,,,,,,0.5485587823432957,0.5478310298482375,-0.0007277524950581871
3.0,1.0,6.0,1.0,2.0,5.0,2.0,4.0,5.0,7.0,3.0,7.0,0.0,0.0,0.0,0.0,0.0,0.0,0.0,0.0,0.0,0.0,0.0,0.0,0.0,0.0,0.0,0.0,0.0,1.0,0.0,0.0,0.0,0.0,0.0,0.0,0.0,0.0,0.0,0.0,0.8870555687056924,0.8653843495634764,-0.021671219142215925,0.8870555687056924,0.8774743062125412,-0.009581262493151166,0.8870555687056924,0.8910283839608069,0.0039728152551145035,0.8870555687056924,0.8915481606258079,0.0044925919201155295,0.8870555687056924,0.8796784138819966,-0.00737715482369572,0.8870555687056924,0.8867608503395196,-0.0002947183661727859
7.0,3.0,4.0,1.0,2.0,4.0,2.0,2.0,5.0,7.0,2.0,6.0,0.0,0.0,0.0,0.0,0.0,0.0,1.0,0.0,0.0,0.0,0.0,1.0,0.0,0.0,0.0,0.0,0.0,0.0,0.0,0.0,0.0,0.0,1.0,0.0,0.0,0.0,0.0,0.0,0.7537369829714922,0.7147122529213463,-0.03902473005014584,0.7537369829714922,0.7362093199989493,-0.017527662972542823,0.7537369829714922,0.7611365065167849,0.007399523545292719,0.7537369829714922,0.762110433201557,0.00837345023006486,0.7537369829714922,0.7402022486304324,-0.013534734341059784,0.7537369829714922,0.7531911744835811,-0.0005458084879110814
4.0,1.0,3.0,1.0,4.0,5.0,3.0,1.0,7.0,6.0,2.0,8.0,0.0,0.0,0.0,0.0,1.0,0.0,0.0,0.0,0.0,1.0,0.0,0.0,0.0,0.0,0.0,0.0,0.0,0.0,0.0,0.0,0.0,0.0,0.0,0.0,0.0,0.0,0.0,0.0,0.7111062321107805,0.6682988776269846,-0.04280735448379591,0.7111062321107805,0.6917850864158516,-0.019321145694928932,0.7111062321107805,0.7193096735489874,0.008203441438206949,0.7111062321107805,0.7203914925358718,0.009285260425091257,0.7111062321107805,0.6961729436641685,-0.014933288446612014,0.7111062321107805,0.7105022285701014,-0.0006040035406791322
5.0,1.0,8.0,1.0,4.0,3.0,3.0,3.0,7.0,7.0,3.0,6.0,0.0,0.0,0.0,0.0,0.0,0.0,1.0,0.0,0.0,0.0,0.0,0.0,0.0,1.0,0.0,0.0,0.0,0.0,0.0,0.0,0.0,0.0,0.0,0.0,0.0,0.0,0.0,0.0,0.6521721457441296,0.605477024268267,-0.04669512147586263,0.6521721457441296,0.6309550334994649,-0.021217112244664715,0.6521721457441296,0.6612518831287598,0.009079737384630193,0.6521721457441296,0.6624524605889816,0.010280314844851923,0.6521721457441296,0.6357529130994903,-0.016419232644639292,0.6521721457441296,0.6515053110537329,-0.0006668346903967448
7.0,1.0,7.0,1.0,1.0,5.0,2.0,4.0,7.0,8.0,3.0,7.0,0.0,0.0,0.0,0.0,0.0,0.0,1.0,0.0,0.0,0.0,0.0,0.0,0.0,1.0,0.0,0.0,0.0,0.0,0.0,0.0,0.0,0.0,1.0,0.0,0.0,0.0,0.0,0.0,0.873159610870729,0.8492751487244146,-0.023884462146314456,0.873159610870729,0.8625821473042333,-0.010577463566495693,0.873159610870729,0.8775537448803741,0.0043941340096450565,0.873159610870729,0.8781290025356844,0.004969391664955358,0.873159610870729,0.8650129374171047,-0.008146673453624298,0.873159610870729,0.872833830432352,-0.0003257804383770546
6.0,1.0,8.0,1.0,2.0,4.0,2.0,4.0,9.0,8.0,4.0,7.0,0.0,1.0,0.0,0.0,0.0,0.0,1.0,0.0,0.0,0.0,0.0,1.0,0.0,0.0,0.0,0.0,0.0,0.0,0.0,0.0,0.0,0.0,0.0,0.0,0.0,0.0,0.0,0.0,0.6421517939888612,0.5949469495740809,-0.047204844414780345,0.6421517939888612,0.6206789595896011,-0.021472834399260177,0.6421517939888612,0.6513532689669366,0.00920147497807533,0.6421517939888612,0.6525704960607708,0.010418702071909536,0.6421517939888612,0.6255311470683417,-0.016620646920519566,0.6421517939888612,0.6414763095740853,-0.0006754844147759398
6.0,3.0,4.0,2.0,1.0,5.0,2.0,3.0,8.0,9.0,5.0,8.0,0.0,0.0,0.0,0.0,0.0,0.0,1.0,0.0,0.0,0.0,0.0,1.0,0.0,0.0,0.0,0.0,0.0,0.0,0.0,1.0,0.0,0.0,0.0,0.0,0.0,0.0,0.0,0.0,0.8257897860578274,0.7950788332990613,-0.03071095275876612,0.8257897860578274,0.8121120854070606,-0.013677700650766789,0.8257897860578274,0.8315082870928487,0.005718501035021362,0.8257897860578274,0.8322585187276693,0.006468732669841937,,,,0.8257897860578274,0.8253666730182891,-0.00042311303953823654
2.0,1.0,10.0,4.0,2.0,4.0,2.0,3.0,5.0,5.0,2.0,4.0,0.0,0.0,0.0,0.0,0.0,1.0,0.0,0.0,1.0,0.0,0.0,0.0,0.0,0.0,0.0,0.0,0.0,0.0,0.0,0.0,0.0,0.0,0.0,0.0,0.0,1.0,0.0,0.0,0.8655902341786548,0.8405407335081271,-0.02504950067052769,0.8655902341786548,0.8544867402547675,-0.01110349392388732,0.8655902341786548,0.8702076151832028,0.004617381004548005,0.8655902341786548,0.8708123045721418,0.005222070393486988,0.8655902341786548,0.8570369966190807,-0.008553237559574045,0.8655902341786548,0.8652480126698622,-0.00034222150879259505
3.0,1.0,2.0,1.0,3.0,3.0,2.0,4.0,6.0,6.0,2.0,5.0,0.0,1.0,0.0,0.0,0.0,0.0,1.0,0.0,0.0,0.0,0.0,0.0,1.0,0.0,0.0,0.0,0.0,0.0,0.0,1.0,0.0,0.0,0.0,0.0,0.0,0.0,0.0,0.0,0.529323349813294,0.4793034629838168,-0.05001988682947717,0.529323349813294,0.5062855148376652,-0.023037834975628835,0.529323349813294,0.539344813773261,0.010021463959967059,0.529323349813294,0.5406773306075314,0.01135398079423744,0.529323349813294,0.5114492038238895,-0.01787414598940451,0.529323349813294,0.5285912362055031,-0.0007321136077909074
4.0,1.0,9.0,2.0,1.0,4.0,1.0,4.0,9.0,9.0,5.0,7.0,0.0,0.0,0.0,0.0,0.0,0.0,0.0,0.0,0.0,0.0,0.0,1.0,0.0,0.0,0.0,0.0,0.0,0.0,0.0,0.0,0.0,0.0,0.0,0.0,0.0,0.0,0.0,0.0,0.9231765528406725,0.9077150112755811,-0.015461541565091386,0.9231765528406725,0.9163706076329884,-0.006805945207684072,0.9231765528406725,0.925984828072365,0.0028082752316925808,0.9231765528406725,0.9263516499335747,0.0031750970929022015,,,,0.9231765528406725,0.9229679038654128,-0.00020864897525962878
5.0,1.0,9.0,1.0,2.0,1.0,2.0,3.0,10.0,9.0,5.0,10.0,0.0,0.0,0.0,0.0,0.0,0.0,0.0,0.0,0.0,0.0,0.0,0.0,0.0,0.0,0.0,0.0,0.0,0.0,0.0,0.0,0.0,0.0,0.0,0.0,0.0,0.0,0.0,0.0,0.8226525043707077,0.7915281115549584,-0.031124392815749302,0.8226525043707077,0.808785522878525,-0.013866981492182684,,,,0.8226525043707077,0.8292136372949401,0.006561132924232438,,,,,,
2.0,1.0,3.0,1.0,1.0,2.0,1.0,4.0,5.0,1.0,2.0,5.0,0.0,1.0,0.0,0.0,0.0,0.0,0.0,0.0,0.0,1.0,0.0,0.0,0.0,0.0,0.0,0.0,0.0,0.0,0.0,0.0,0.0,0.0,0.0,1.0,0.0,0.0,0.0,0.0,0.6393076422877695,0.5919660132647419,-0.04734162902302763,0.6393076422877695,0.6177657296669539,-0.021541912620815618,0.6393076422877695,0.6485422234979876,0.00923458121021814,0.6393076422877695,0.6497639876351989,0.010456345347429452,0.6393076422877695,0.6226325254897159,-0.016675116798053558,0.6393076422877695,0.6386298104022037,-0.000677831885565805
5.0,1.0,8.0,1.0,2.0,5.0,2.0,4.0,8.0,8.0,4.0,8.0,0.0,0.0,0.0,0.0,0.0,0.0,1.0,0.0,0.0,0.0,0.0,0.0,0.0,0.0,0.0,0.0,0.0,1.0,0.0,0.0,0.0,0.0,0.0,0.0,0.0,0.0,0.0,0.0,0.8590770466457881,0.8330478265358335,-0.026029220109954565,0.8590770466457881,0.8475302779669454,-0.011546768678842745,0.8590770466457881,0.8638829902156914,0.00480594356990327,0.8590770466457881,0.8645125576925529,0.005435511046764763,0.8590770466457881,0.85018107663098,-0.00889597001480813,0.8590770466457881,0.858720948542336,-0.0003560981034520516
5.0,1.0,8.0,1.0,4.0,4.0,3.0,3.0,7.0,5.0,2.0,6.0,0.0,0.0,0.0,0.0,0.0,0.0,1.0,0.0,0.0,0.0,0.0,0.0,0.0,0.0,0.0,0.0,0.0,0.0,0.0,0.0,0.0,0.0,0.0,0.0,0.0,0.0,0.0,0.0,0.6957026259805293,0.6517306640054525,-0.0439719619750768,0.6957026259805293,0.6758209335282269,-0.019881692452302424,0.6957026259805293,0.704161498660113,0.008458872679583673,0.6957026259805293,0.7052777795074608,0.009575153526931501,0.6957026259805293,0.6803310416631726,-0.015371584317356746,0.6957026259805293,0.6950802268095523,-0.0006223991709770615
4.0,6.0,7.0,1.0,2.0,4.0,2.0,3.0,5.0,5.0,4.0,5.0,0.0,0.0,0.0,0.0,0.0,0.0,1.0,0.0,0.0,1.0,0.0,0.0,0.0,0.0,0.0,0.0,0.0,0.0,0.0,0.0,0.0,0.0,0.0,0.0,0.0,0.0,0.0,0.0,0.6374930972502951,0.5900660190943259,-0.04742707815596925,0.6374930972502951,0.6159079220578273,-0.02158517519246783,0.6374930972502951,0.6467484653422434,0.009255368091948268,0.6374930972502951,0.6479730804121309,0.010479983161835738,0.6374930972502951,0.6207838520505561,-0.016709245199739042,0.6374930972502951,0.6368137925672535,-0.0006793046830416705
7.0,6.0,3.0,2.0,2.0,3.0,2.0,4.0,7.0,7.0,5.0,4.0,0.0,0.0,0.0,0.0,0.0,0.0,0.0,0.0,0.0,0.0,0.0,0.0,0.0,0.0,0.0,0.0,0.0,0.0,0.0,1.0,0.0,0.0,0.0,0.0,0.0,0.0,0.0,0.0,0.5248003763860887,0.474776766332365,-0.05002361005372369,0.5248003763860887,0.5017495455895998,-0.02305083079648884,0.5248003763860887,0.5348335125969919,0.010033136210903182,0.5248003763860887,0.5361678564873599,0.011367480101271199,,,,0.5248003763860887,0.5240675531579254,-0.0007328232281632596
4.0,1.0,9.0,1.0,2.0,5.0,1.0,4.0,8.0,8.0,5.0,9.0,1.0,0.0,0.0,0.0,0.0,0.0,1.0,0.0,0.0,0.0,0.0,0.0,1.0,0.0,0.0,0.0,0.0,0.0,0.0,0.0,0.0,0.0,0.0,0.0,0.0,0.0,0.0,0.0,0.8444705016552683,0.8163202159424439,-0.028150285712824408,0.8444705016552683,0.8319610216369305,-0.012509480018337737,0.8444705016552683,0.849687419134993,0.0052169174797247475,0.8444705016552683,0.8503712717154329,0.005900770060164651,,,,0.8444705016552683,0.8440841930295743,-0.0003863086256939985
4.0,1.0,2.0,1.0,1.0,4.0,2.0,2.0,7.0,7.0,3.0,6.0,1.0,0.0,0.0,0.0,0.0,0.0,0.0,0.0,0.0,0.0,0.0,1.0,0.0,0.0,0.0,0.0,0.0,0.0,0.0,0.0,0.0,0.0,0.0,0.0,0.0,0.0,0.0,0.0,0.8667303003239674,0.8418544511131769,-0.024875849210790446,0.8667303003239674,0.8557052865404919,-0.011025013783475424,0.8667303003239674,0.8713143391601095,0.0045840388361421125,0.8667303003239674,0.8719146313611358,0.0051843310371684215,0.8667303003239674,0.8582377297992076,-0.008492570524759713,0.8667303003239674,0.866390533489324,-0.00033976683464331803
5.0,1.0,9.0,1.0,1.0,5.0,1.0,4.0,7.0,9.0,5.0,10.0,0.0,0.0,0.0,0.0,0.0,0.0,1.0,0.0,0.0,0.0,0.0,0.0,1.0,0.0,0.0,0.0,0.0,0.0,0.0,0.0,0.0,0.0,0.0,0.0,0.0,0.0,0.0,0.0,0.9085467925284157,0.8904901277697262,-0.0180566647586895,0.9085467925284157,0.9005843402994931,-0.007962452228922667,0.9085467925284157,0.9118387863496469,0.0032919938212311317,0.9085467925284157,0.9122690742076358,0.003722281679220063,,,,,,
5.0,1.0,8.0,1.0,2.0,5.0,2.0,4.0,5.0,5.0,1.0,3.0,0.0,0.0,0.0,0.0,0.0,0.0,0.0,0.0,0.0,0.0,0.0,0.0,1.0,0.0,0.0,0.0,0.0,0.0,0.0,0.0,0.0,0.0,0.0,0.0,0.0,0.0,0.0,0.0,0.8660583817364043,0.8410801098496837,-0.024978271886720527,0.8660583817364043,0.8549870821754345,-0.01107129956096975,0.8660583817364043,0.870662083500721,0.004603701764316792,0.8660583817364043,0.8712649687964746,0.005206587060070378,0.8660583817364043,0.8575300316415341,-0.008528350094870185,0.8660583817364043,0.8657171672679339,-0.0003412144684703522
7.0,1.0,7.0,1.0,2.0,5.0,3.0,4.0,8.0,7.0,5.0,8.0,0.0,0.0,0.0,0.0,0.0,0.0,0.0,0.0,0.0,0.0,1.0,0.0,0.0,0.0,0.0,0.0,0.0,0.0,0.0,0.0,0.0,0.0,0.0,0.0,0.0,0.0,0.0,0.0,0.8232315300795552,0.7921830852476125,-0.03104844483194269,0.8232315300795552,0.8093993335064298,-0.0138321965731254,0.8232315300795552,0.8290166191189916,0.00578508903943642,0.8232315300795552,0.8297756740001627,0.006544143920607537,,,,0.8232315300795552,0.8228035369283483,-0.00042799315120689574
5.0,3.0,2.0,1.0,1.0,3.0,1.0,2.0,2.0,5.0,1.0,2.0,0.0,0.0,0.0,0.0,0.0,0.0,0.0,0.0,0.0,0.0,0.0,0.0,1.0,0.0,0.0,0.0,0.0,0.0,0.0,0.0,0.0,0.0,0.0,0.0,0.0,0.0,0.0,0.0,0.828097220820649,0.7976933854007596,-0.030403835419889336,0.828097220820649,0.8145600008736119,-0.013537219947037049,0.828097220820649,0.8337552277646154,0.005658006943966454,0.828097220820649,0.8344974459441352,0.006400225123486258,0.828097220820649,0.8176606900692076,-0.010436530751441353,0.828097220820649,0.8276785425119246,-0.00041867830872432954
4.0,1.0,5.0,3.0,1.0,3.0,2.0,4.0,8.0,8.0,4.0,5.0,0.0,1.0,0.0,0.0,0.0,0.0,1.0,0.0,0.0,0.0,0.0,0.0,1.0,0.0,0.0,0.0,0.0,0.0,0.0,0.0,0.0,0.0,0.0,1.0,0.0,0.0,0.0,0.0,0.5932797634238154,0.5442040071561239,-0.04907575626769145,0.5932797634238154,0.5708342615699944,-0.022445501853820993,0.5932797634238154,0.6029609134367,0.00968115001288461,0.5932797634238154,0.6042444389435915,0.01096467551977609,0.5932797634238154,0.5758883758362341,-0.017391387587581297,0.5932797634238154,0.5925705585388527,-0.000709204884962733
3.0,1.0,4.0,1.0,1.0,2.0,2.0,4.0,10.0,10.0,5.0,10.0,0.0,1.0,0.0,0.0,0.0,0.0,1.0,0.0,0.0,0.0,0.0,0.0,1.0,0.0,0.0,0.0,0.0,0.0,0.0,0.0,0.0,0.0,0.0,0.0,0.0,0.0,0.0,0.0,0.6986276710324042,0.6548687008890332,-0.043758970143371045,0.6986276710324042,0.6788488691561784,-0.019778801876225827,,,,,,,,,,,,
5.0,1.0,8.0,1.0,1.0,5.0,2.0,3.0,5.0,5.0,4.0,6.0,0.0,0.0,0.0,0.0,0.0,0.0,0.0,0.0,0.0,0.0,0.0,0.0,1.0,0.0,0.0,0.0,0.0,0.0,0.0,0.0,0.0,0.0,0.0,0.0,0.0,0.0,0.0,0.0,0.8911044548732241,0.8700963468139471,-0.021008108059276998,0.8911044548732241,0.8818209063603557,-0.00928354851286839,0.8911044548732241,0.8949517165524877,0.003847261679263636,0.8911044548732241,0.895454975253612,0.004350520380387857,0.8911044548732241,0.8839571637349154,-0.007147291138308698,0.8911044548732241,0.8908190013207817,-0.0002854535524423607
5.0,3.0,5.0,2.0,3.0,3.0,3.0,3.0,5.0,5.0,2.0,5.0,0.0,0.0,0.0,0.0,0.0,0.0,0.0,0.0,0.0,0.0,0.0,1.0,0.0,0.0,0.0,0.0,0.0,0.0,0.0,0.0,1.0,0.0,0.0,0.0,0.0,0.0,0.0,0.0,0.7667481953101959,0.729044118839522,-0.037704076470673864,0.7667481953101959,0.7498392435362288,-0.016908951773967118,0.7667481953101959,0.7738740556728502,0.007125860362654279,0.7667481953101959,0.7748114125736355,0.008063217263439615,0.7667481953101959,0.7536948832837997,-0.013053312026396147,0.7667481953101959,0.7662222801917469,-0.0005259151184490163
3.0,1.0,10.0,1.0,1.0,1.0,1.0,4.0,8.0,8.0,4.0,8.0,0.0,0.0,0.0,0.0,0.0,0.0,0.0,0.0,0.0,0.0,0.0,1.0,0.0,0.0,0.0,0.0,0.0,0.0,0.0,0.0,0.0,0.0,0.0,0.0,0.0,0.0,0.0,0.0,0.9089418940018822,0.8909538758024449,-0.017988018199437295,0.9089418940018822,0.9010100936178417,-0.00793180038404051,0.9089418940018822,0.9122210396391445,0.003279145637262282,0.9089418940018822,0.9126496405585756,0.00370774655669337,0.9089418940018822,0.9028376984548763,-0.0061041955470059195,0.9089418940018822,0.9086984078608492,-0.00024348614103297805
6.0,1.0,3.0,1.0,1.0,4.0,2.0,3.0,7.0,8.0,4.0,9.0,0.0,0.0,1.0,0.0,0.0,0.0,0.0,0.0,0.0,0.0,0.0,1.0,0.0,0.0,0.0,0.0,0.0,0.0,0.0,1.0,0.0,0.0,0.0,0.0,0.0,0.0,0.0,0.0,0.7127023940173851,0.6700218028429547,-0.04268059117443046,0.7127023940173851,0.6934419789046178,-0.019260415112767326,0.7127023940173851,0.7208783015027637,0.008175907485378553,0.7127023940173851,0.7219564117038365,0.009254017686451399,0.7127023940173851,0.6978165517283027,-0.014885842289082407,0.7127023940173851,0.7121003765542877,-0.000602017463097404
7.0,1.0,9.0,1.0,3.0,4.0,3.0,4.0,7.0,7.0,4.0,9.0,0.0,0.0,0.0,0.0,0.0,0.0,1.0,0.0,0.0,0.0,0.0,0.0,0.0,1.0,0.0,0.0,0.0,0.0,0.0,0.0,0.0,0.0,1.0,0.0,0.0,0.0,0.0,0.0,0.6898858944373639,0.64550169492089,-0.04438419951647388,0.6898858944373639,0.6698045349289811,-0.020081359508382857,0.6898858944373639,0.6984363720938742,0.008550477656510291,0.6898858944373639,0.6995650385937812,0.009679144156417241,0.6898858944373639,0.6743580138188688,-0.015527880618495082,0.6898858944373639,0.6892569120025106,-0.0006289824348533202
3.0,1.0,4.0,2.0,2.0,5.0,1.0,3.0,6.0,1.0,4.0,9.0,0.0,0.0,1.0,0.0,0.0,0.0,1.0,0.0,0.0,1.0,0.0,0.0,0.0,0.0,0.0,0.0,0.0,0.0,0.0,1.0,0.0,0.0,0.0,0.0,0.0,0.0,0.0,0.0,0.6284442273981613,0.5806121119762403,-0.047832115421921007,0.6284442273981613,0.6066527008119132,-0.021791526586248056,0.6284442273981613,0.637799363334252,0.00935513593609072,0.6284442273981613,0.6390376872462843,0.010593459848122988,0.6284442273981613,0.6115720254602421,-0.016872201937919162,0.6284442273981613,0.6277578672742746,-0.0006863601238866757
2.0,3.0,2.0,1.0,2.0,5.0,2.0,3.0,9.0,8.0,4.0,9.0,0.0,0.0,0.0,0.0,0.0,0.0,1.0,0.0,0.0,0.0,0.0,0.0,0.0,0.0,0.0,0.0,1.0,0.0,0.0,0.0,0.0,0.0,0.0,0.0,0.0,0.0,0.0,0.0,0.8339294218626182,0.8043133497612179,-0.02961607210140027,0.8339294218626182,0.8207520685477349,-0.013177353314883344,0.8339294218626182,0.839432688851382,0.0055032669887638,0.8339294218626182,0.8401544189698482,0.0062249971072300125,0.8339294218626182,0.8237716217059929,-0.010157800156625263,0.8339294218626182,0.8335220925356108,-0.00040732932700737745
4.0,1.0,9.0,2.0,1.0,4.0,2.0,2.0,6.0,4.0,2.0,7.0,0.0,0.0,0.0,0.0,0.0,0.0,0.0,0.0,0.0,0.0,0.0,1.0,0.0,0.0,0.0,0.0,0.0,0.0,0.0,0.0,0.0,0.0,0.0,0.0,0.0,0.0,0.0,0.0,0.9118510931182362,0.8943709849162066,-0.01748010820202961,0.9118510931182362,0.9041459804434162,-0.007705112674819992,0.9118510931182362,0.9150352669722085,0.003184173853972294,0.9118510931182362,0.9154514003665215,0.003600307248285306,0.9118510931182362,0.9059217340633219,-0.005929359054914318,0.9118510931182362,0.9116146296342904,-0.00023646348394579242
6.0,2.0,7.0,2.0,1.0,2.0,1.0,4.0,10.0,10.0,5.0,9.0,0.0,0.0,0.0,0.0,0.0,0.0,0.0,0.0,0.0,0.0,0.0,0.0,0.0,1.0,0.0,0.0,0.0,0.0,0.0,1.0,0.0,0.0,0.0,0.0,0.0,0.0,0.0,0.0,0.8437547516603761,0.8155032209556812,-0.028251530704694883,0.8437547516603761,0.831199210170574,-0.012555541489802091,,,,,,,,,,0.8437547516603761,0.8433669949820369,-0.00038775667833912397
7.0,1.0,9.0,1.0,3.0,4.0,3.0,3.0,6.0,7.0,3.0,8.0,0.0,0.0,0.0,0.0,0.0,0.0,0.0,0.0,0.0,0.0,0.0,1.0,0.0,0.0,0.0,0.0,0.0,0.0,0.0,1.0,0.0,0.0,0.0,0.0,0.0,0.0,0.0,0.0,0.7512916558831372,0.7120274706804882,-0.03926418520264896,0.7512916558831372,0.7336514502520285,-0.017640205631108685,0.7512916558831372,0.7587411365057081,0.007449480622570892,0.7512916558831372,0.7597217467233951,0.00843009084025792,0.7512916558831372,0.7376693005069835,-0.013622355376153639,0.7512916558831372,0.7507422199447628,-0.0005494359383744207
5.0,2.0,4.0,1.0,3.0,4.0,2.0,4.0,7.0,6.0,2.0,5.0,0.0,1.0,0.0,0.0,0.0,0.0,1.0,0.0,0.0,0.0,1.0,0.0,0.0,0.0,0.0,0.0,0.0,0.0,0.0,0.0,0.0,0.0,0.0,0.0,0.0,0.0,0.0,0.0,0.5492067368966453,0.4993011186382558,-0.04990561825838952,0.5492067368966453,0.5262711181612867,-0.022935618735358654,0.5492067368966453,0.5591574345069825,0.009950697610337178,0.5492067368966453,0.5604793439689303,0.011272607072284946,0.5492067368966453,0.5314192402490562,-0.017787496647589163,0.5492067368966453,0.5484791691775559,-0.0007275677190894392
3.0,2.0,4.0,3.0,3.0,4.0,4.0,1.0,9.0,9.0,5.0,7.0,1.0,0.0,0.0,0.0,0.0,0.0,0.0,0.0,0.0,0.0,0.0,1.0,0.0,0.0,0.0,0.0,0.0,0.0,0.0,0.0,0.0,0.0,0.0,0.0,0.0,0.0,0.0,0.0,0.6629264429623062,0.6168268156975737,-0.04609962726473249,0.6629264429623062,0.6420052348169452,-0.020921208145361025,0.6629264429623062,0.6718666958984133,0.008940252936107118,0.6629264429623062,0.6730482540263004,0.010121811063994235,,,,0.6629264429623062,0.662269548898132,-0.0006568940641741294
7.0,1.0,7.0,1.0,2.0,4.0,2.0,5.0,8.0,8.0,4.0,10.0,1.0,0.0,0.0,0.0,0.0,0.0,1.0,0.0,0.0,0.0,0.0,1.0,0.0,0.0,0.0,0.0,0.0,0.0,0.0,0.0,0.0,0.0,1.0,0.0,0.0,0.0,0.0,0.0,0.718803739845905,0.6766182833145185,-0.0421854565313865,,,,0.718803739845905,0.726872555999113,0.008068816153208092,0.718803739845905,0.7279362513640111,0.009132511518106123,0.718803739845905,0.704102778407324,-0.014700961438580906,,,
5.0,1.0,7.0,1.0,1.0,4.0,2.0,4.0,10.0,9.0,5.0,9.0,0.0,1.0,0.0,0.0,0.0,0.0,1.0,0.0,0.0,0.0,0.0,0.0,0.0,1.0,0.0,0.0,0.0,0.0,0.0,1.0,0.0,0.0,0.0,0.0,0.0,0.0,0.0,0.0,0.7429559904065347,0.702896244166216,-0.04005974624031872,0.7429559904065347,0.7249410153218562,-0.01801497508467853,,,,0.7429559904065347,0.7515751965265405,0.008619206120005773,,,,0.7429559904065347,0.7423944538006755,-0.0005615366058592253
5.0,1.0,7.0,1.0,2.0,5.0,4.0,4.0,4.0,5.0,2.0,5.0,0.0,0.0,0.0,0.0,0.0,0.0,1.0,0.0,0.0,0.0,0.0,0.0,0.0,0.0,0.0,0.0,0.0,0.0,0.0,0.0,0.0,0.0,0.0,0.0,1.0,0.0,0.0,0.0,0.4988150553568598,0.44892838000562896,-0.04988667535123087,0.4988150553568598,0.47576287172736864,-0.023052183629491185,0.4988150553568598,0.5088834055723509,0.010068350215491073,0.4988150553568598,0.5102240206144002,0.011408965257540371,0.4988150553568598,0.48091849236170847,-0.017896562995151355,0.4988150553568598,0.49808048498165497,-0.0007345703752048571
7.0,1.0,7.0,2.0,2.0,4.0,2.0,3.0,8.0,9.0,3.0,8.0,0.0,0.0,0.0,0.0,0.0,0.0,0.0,0.0,0.0,0.0,0.0,1.0,0.0,0.0,0.0,0.0,0.0,0.0,0.0,0.0,0.0,0.0,1.0,0.0,0.0,0.0,0.0,0.0,0.83787259827044,0.8087985006512843,-0.029074097619155692,0.83787259827044,0.8249424477461696,-0.012930150524270378,0.83787259827044,0.8432697540614813,0.005397155791041275,0.83787259827044,0.843977442715327,0.006104844444887014,0.83787259827044,0.8279062122569038,-0.009966386013536277,0.83787259827044,0.8374730556324782,-0.000399542637961825
2.0,1.0,8.0,1.0,3.0,4.0,2.0,4.0,7.0,8.0,3.0,6.0,0.0,0.0,0.0,0.0,0.0,0.0,1.0,0.0,0.0,0.0,0.0,0.0,0.0,0.0,0.0,0.0,1.0,0.0,0.0,0.0,0.0,0.0,0.0,0.0,0.0,0.0,0.0,0.0,0.8313767829150815,0.8014138914640005,-0.029962891451080997,0.8313767829150815,0.8180410776074911,-0.013335705307590429,0.8313767829150815,0.836948100388301,0.005571317473219484,0.8313767829150815,0.8376788388824392,0.006302055967357667,0.8313767829150815,0.8210963446493814,-0.010280438265700131,0.8313767829150815,0.8309644616933843,-0.0004123212216972094
7.0,3.0,3.0,1.0,1.0,5.0,1.0,4.0,10.0,8.0,5.0,10.0,0.0,0.0,0.0,0.0,0.0,0.0,1.0,0.0,0.0,0.0,0.0,0.0,0.0,0.0,0.0,0.0,0.0,0.0,0.0,1.0,0.0,0.0,0.0,0.0,0.0,0.0,0.0,0.0,0.8357335814678979,0.8063645451291418,-0.029369036338756094,0.8357335814678979,0.8226689429539001,-0.01306463851399775,,,,0.8357335814678979,0.8419037721300315,0.0061701906621336455,,,,,,
4.0,1.0,2.0,3.0,3.0,3.0,2.0,3.0,1.0,0.0,2.0,2.0,0.0,1.0,0.0,0.0,0.0,0.0,1.0,0.0,0.0,0.0,0.0,0.0,0.0,0.0,0.0,0.0,0.0,0.0,0.0,0.0,0.0,0.0,0.0,0.0,0.0,0.0,0.0,0.0,0.3531544933318886,0.30885803948831,-0.04429645384357861,0.3531544933318886,0.33236970958627976,-0.020784783745608826,0.3531544933318886,0.3624087436125584,0.00925425028066984,0.3531544933318886,0.36364920592671374,0.01049471259482515,0.3531544933318886,0.3369702547545833,-0.016184238577305277,0.3531544933318886,0.35248356627502286,-0.0006709270568657222
4.0,1.0,2.0,1.0,1.0,3.0,1.0,5.0,10.0,10.0,2.0,10.0,0.0,1.0,0.0,0.0,0.0,0.0,1.0,0.0,0.0,0.0,0.0,0.0,0.0,0.0,0.0,0.0,0.0,0.0,0.0,0.0,0.0,0.0,0.0,0.0,0.0,0.0,0.0,0.0,0.7669170176764469,0.7292305936000638,-0.03768642407638312,,,,,,,,,,0.7669170176764469,0.753870120586681,-0.013046897089765919,,,
2.0,6.0,2.0,4.0,2.0,1.0,3.0,1.0,5.0,5.0,3.0,6.0,0.0,1.0,0.0,0.0,0.0,0.0,0.0,0.0,0.0,0.0,0.0,0.0,0.0,0.0,0.0,0.0,1.0,0.0,0.0,0.0,0.0,0.0,0.0,0.0,0.0,1.0,0.0,0.0,0.3298758079303092,0.2872027834123166,-0.0426730245179926,0.3298758079303092,0.3098048970771178,-0.020070910853191404,0.3298758079303092,0.3388395934548947,0.008963785524585544,0.3298758079303092,0.34004240752261355,0.01016659959230437,0.3298758079303092,0.3142401174374979,-0.01563569049281127,0.3298758079303092,0.32922659662210446,-0.0006492113082047224
3.0,1.0,6.0,1.0,1.0,5.0,1.0,4.0,7.0,7.0,3.0,8.0,0.0,0.0,0.0,1.0,0.0,0.0,1.0,0.0,0.0,0.0,0.0,0.0,0.0,0.0,0.0,0.0,0.0,0.0,0.0,0.0,0.0,0.0,0.0,0.0,0.0,0.0,0.0,0.0,0.8444349563028232,0.8162796366777617,-0.02815531962506146,0.8444349563028232,0.8319231863430596,-0.012511769959763552,0.8444349563028232,0.8496528538053818,0.005217897502558633,0.8444349563028232,0.8503368359430836,0.0059018796402604545,0.8444349563028232,0.8347924338354044,-0.009642522467418813,0.8444349563028232,0.8440485756931329,-0.00038638060969031773
6.0,1.0,9.0,1.0,2.0,5.0,2.0,4.0,8.0,7.0,5.0,8.0,0.0,0.0,0.0,0.0,0.0,0.0,0.0,0.0,0.0,0.0,0.0,1.0,0.0,0.0,0.0,0.0,0.0,0.0,0.0,0.0,0.0,0.0,0.0,0.0,0.0,0.0,0.0,0.0,0.8552170465082026,0.828617097385056,-0.02659994912314667,0.8552170465082026,0.8434116511787916,-0.01180539532941105,0.8552170465082026,0.8601331967785355,0.004916150270332875,0.8552170465082026,0.8607773127071291,0.005560266198926467,,,,0.8552170465082026,0.8548528425523099,-0.0003642039558927612
6.0,2.0,5.0,1.0,3.0,4.0,3.0,3.0,8.0,8.0,4.0,10.0,0.0,0.0,0.0,0.0,0.0,0.0,0.0,0.0,0.0,0.0,0.0,1.0,0.0,0.0,0.0,0.0,0.0,0.0,0.0,0.0,0.0,0.0,0.0,0.0,0.0,0.0,0.0,1.0,0.7003542368982159,0.6567227807807797,-0.04363145611743613,0.7003542368982159,0.6806369493529655,-0.019717287545250373,0.7003542368982159,0.7087379388542808,0.00838370195606497,0.7003542368982159,0.7098440670268418,0.00948983012862592,0.7003542368982159,0.685111273899455,-0.015242962998760823,,,
3.0,1.0,6.0,1.0,1.0,2.0,1.0,4.0,8.0,8.0,3.0,8.0,1.0,0.0,0.0,0.0,0.0,0.0,1.0,0.0,0.0,0.0,0.0,1.0,0.0,0.0,0.0,0.0,0.0,0.0,0.0,0.0,0.0,0.0,0.0,0.0,0.0,0.0,0.0,0.0,0.8621008624138354,0.8365238758565883,-0.02557698655724716,0.8621008624138354,0.8507588135483438,-0.011342048865491616,0.8621008624138354,0.8668196705143189,0.004718808100483418,0.8621008624138354,0.8674377395355081,0.005336877121672634,0.8621008624138354,0.8533631932419203,-0.008737669171915097,0.8621008624138354,0.8617511755634294,-0.0003496868504060391
6.0,1.0,9.0,1.0,4.0,4.0,2.0,4.0,8.0,8.0,3.0,7.0,0.0,0.0,0.0,0.0,0.0,0.0,1.0,0.0,0.0,0.0,0.0,1.0,0.0,0.0,0.0,0.0,0.0,0.0,0.0,1.0,0.0,0.0,0.0,0.0,0.0,0.0,0.0,0.0,0.7281317313422253,0.6867357967945067,-0.041395934547718616,0.7281317313422253,0.7094840572904557,-0.01864767405176959,0.7281317313422253,0.736031179287307,0.007899447945081683,0.7281317313422253,0.7370721084790312,0.008940377136805844,0.7281317313422253,0.7137242159037691,-0.014407515438456198,0.7281317313422253,0.727549685695058,-0.0005820456471673507
7.0,5.0,6.0,2.0,3.0,4.0,1.0,5.0,10.0,10.0,5.0,10.0,0.0,0.0,0.0,0.0,0.0,0.0,1.0,0.0,0.0,0.0,0.0,0.0,0.0,1.0,0.0,0.0,0.0,0.0,0.0,0.0,0.0,0.0,1.0,0.0,0.0,0.0,0.0,0.0,0.5899624677565524,0.5407962534921622,-0.04916621426439016,,,,,,,,,,,,,,,
5.0,1.0,9.0,1.0,1.0,4.0,1.0,4.0,8.0,9.0,5.0,7.0,1.0,0.0,0.0,0.0,0.0,0.0,0.0,0.0,0.0,0.0,0.0,0.0,1.0,0.0,0.0,0.0,0.0,0.0,0.0,0.0,0.0,0.0,0.0,0.0,0.0,0.0,0.0,0.0,0.8741818845796152,0.8504569515467643,-0.023724933032850948,0.8741818845796152,0.8636763606671456,-0.010505523912469616,0.8741818845796152,0.8785455300368038,0.004363645457188592,0.8741818845796152,0.8791167700838285,0.004934885504213282,,,,0.8741818845796152,0.8738583504633635,-0.00032353411625174466
7.0,1.0,10.0,1.0,2.0,4.0,1.0,3.0,9.0,8.0,4.0,9.0,0.0,0.0,0.0,0.0,0.0,0.0,0.0,0.0,0.0,0.0,0.0,0.0,0.0,0.0,0.0,0.0,0.0,0.0,0.0,0.0,0.0,0.0,1.0,0.0,0.0,0.0,0.0,0.0,0.8833881141192311,0.8611233714779584,-0.02226474264127276,0.8833881141192311,0.8735400885755696,-0.009848025543661487,0.8833881141192311,0.8874735674506263,0.004085453331395206,0.8833881141192311,0.8880081688483444,0.00462005472911331,0.8833881141192311,0.8758049517474813,-0.00758316237174983,0.8833881141192311,0.8830850871818453,-0.00030302693738581965
4.0,3.0,6.0,1.0,1.0,3.0,3.0,3.0,6.0,6.0,3.0,5.0,1.0,0.0,0.0,0.0,0.0,0.0,0.0,0.0,0.0,0.0,0.0,1.0,0.0,0.0,0.0,0.0,0.0,0.0,0.0,0.0,0.0,0.0,0.0,0.0,0.0,0.0,0.0,0.0,0.7651758854261321,0.7273080424567638,-0.03786784296936829,0.7651758854261321,0.7481903858920782,-0.016985499534053927,0.7651758854261321,0.7723355175638552,0.007159632137723082,0.7651758854261321,0.7732773836709337,0.008101498244801553,0.7651758854261321,0.7520630359184349,-0.0131128495076972,0.7651758854261321,0.7646475133704146,-0.0005283720557175409
2.0,3.0,10.0,4.0,1.0,5.0,4.0,3.0,7.0,9.0,3.0,10.0,0.0,0.0,0.0,0.0,0.0,0.0,1.0,0.0,0.0,0.0,0.0,0.0,0.0,0.0,0.0,0.0,1.0,0.0,0.0,0.0,0.0,0.0,0.0,0.0,0.0,1.0,0.0,0.0,0.8700343397497318,0.8456653984004658,-0.024368941349265927,0.8700343397497318,0.8592382686564629,-0.010796071093268855,0.8700343397497318,0.8745211836390324,0.004486843889300651,0.8700343397497318,0.8751086607815184,0.005074321031786622,0.8700343397497318,0.8617187263899463,-0.008315613359785479,,,
3.0,1.0,3.0,1.0,1.0,5.0,1.0,5.0,10.0,10.0,4.0,10.0,0.0,0.0,1.0,0.0,0.0,0.0,0.0,0.0,0.0,0.0,0.0,0.0,0.0,0.0,0.0,0.0,0.0,0.0,0.0,0.0,0.0,0.0,0.0,0.0,0.0,0.0,0.0,0.0,0.8441896964183595,0.8159996600809215,-0.028190036337437996,,,,,,,,,,0.8441896964183595,0.834534950622358,-0.009654745796001452,,,
5.0,1.0,2.0,3.0,2.0,5.0,2.0,5.0,6.0,5.0,3.0,6.0,1.0,0.0,0.0,0.0,0.0,0.0,1.0,0.0,0.0,0.0,0.0,1.0,0.0,0.0,0.0,0.0,0.0,0.0,0.0,0.0,0.0,1.0,0.0,0.0,0.0,0.0,0.0,0.0,0.5919131794718671,0.5427996015712878,-0.04911357790057924,,,,0.5919131794718671,0.6016050147638117,0.009691835291944617,0.5919131794718671,0.6028900367206391,0.010976857248772065,0.5919131794718671,0.574505265857894,-0.01740791361397309,0.5919131794718671,0.5912032336025063,-0.0007099458693607952
6.0,2.0,10.0,1.0,1.0,3.0,2.0,4.0,8.0,7.0,4.0,8.0,0.0,0.0,0.0,0.0,0.0,0.0,1.0,0.0,0.0,0.0,0.0,1.0,0.0,0.0,0.0,0.0,0.0,0.0,0.0,0.0,0.0,0.0,0.0,0.0,0.0,0.0,0.0,0.0,0.8360959562428518,0.8067767292816934,-0.029319226961158407,0.8360959562428518,0.8230540364636826,-0.013041919779169242,0.8360959562428518,0.8415410704416021,0.005445114198750267,0.8360959562428518,0.8422551045336487,0.00615914829079689,0.8360959562428518,0.8260430303834501,-0.010052925859401762,0.8360959562428518,0.8356928938819125,-0.00040306236093934356
5.0,1.0,7.0,1.0,2.0,4.0,2.0,4.0,8.0,8.0,4.0,8.0,0.0,0.0,0.0,0.0,0.0,0.0,0.0,0.0,0.0,0.0,0.0,0.0,0.0,0.0,0.0,0.0,0.0,0.0,0.0,0.0,0.0,0.0,0.0,0.0,0.0,0.0,0.0,0.0,0.8570002778416281,0.8306630788430273,-0.026337198998600875,0.8570002778416281,0.8453139852704569,-0.011686292571171264,0.8570002778416281,0.8618656579787222,0.004865380137094033,0.8570002778416281,0.8625030709423117,0.005502793100683578,0.8570002778416281,0.8479964051691745,-0.009003872672453617,0.8570002778416281,0.8566398076873207,-0.0003604701543074018
7.0,1.0,3.0,1.0,3.0,3.0,4.0,3.0,7.0,8.0,3.0,8.0,0.0,0.0,0.0,0.0,0.0,0.0,0.0,0.0,0.0,0.0,0.0,1.0,0.0,0.0,0.0,0.0,0.0,0.0,0.0,0.0,0.0,0.0,1.0,0.0,0.0,0.0,0.0,0.0,0.6392790672135292,0.5919360815846592,-0.04734298562887007,0.6392790672135292,0.6177364684215726,-0.021542598791956635,0.6392790672135292,0.6485139777915552,0.009234910578025946,0.6392790672135292,0.6497357870883198,0.010456719874790577,0.6392790672135292,0.6226034092086824,-0.016675658004846827,0.6392790672135292,0.6386012119845208,-0.0006778552290084283
4.0,1.0,2.0,2.0,1.0,3.0,1.0,3.0,8.0,8.0,5.0,7.0,0.0,1.0,0.0,0.0,0.0,0.0,0.0,0.0,0.0,0.0,0.0,0.0,1.0,0.0,0.0,0.0,0.0,0.0,0.0,0.0,0.0,0.0,0.0,0.0,0.0,0.0,0.0,1.0,0.7012106186149515,0.6576429037730722,-0.04356771484187927,0.7012106186149515,0.6815240576076291,-0.019686561007322356,0.7012106186149515,0.7095802959278393,0.008369677312887847,0.7012106186149515,0.7106845309558552,0.009473912340903667,,,,0.7012106186149515,0.7005946368805016,-0.0006159817344498775
6.0,6.0,2.0,4.0,3.0,3.0,3.0,3.0,2.0,3.0,1.0,4.0,0.0,0.0,1.0,0.0,0.0,0.0,0.0,0.0,0.0,0.0,0.0,0.0,0.0,0.0,0.0,0.0,0.0,0.0,0.0,0.0,0.0,0.0,1.0,0.0,0.0,0.0,0.0,0.0,0.1641031193522449,0.13844427013084393,-0.025658849221400964,0.1641031193522449,0.15183316736250616,-0.012269951989738737,0.1641031193522449,0.16970307282651972,0.0055999534742748325,0.1641031193522449,0.17046028085276235,0.006357161500517461,0.1641031193522449,0.1545131277178958,-0.009589991634349093,0.1641031193522449,0.16370045937054414,-0.0004026599817007481
6.0,1.0,6.0,1.0,2.0,2.0,2.0,4.0,9.0,2.0,4.0,9.0,0.0,1.0,0.0,0.0,0.0,0.0,1.0,0.0,0.0,0.0,1.0,0.0,0.0,0.0,0.0,0.0,0.0,0.0,0.0,0.0,0.0,0.0,0.0,0.0,0.0,0.0,0.0,0.0,0.5227319071945261,0.4727093303882671,-0.05002257680625899,0.5227319071945261,0.4996763966812023,-0.02305551051332383,0.5227319071945261,0.5327698342640816,0.01003792706955553,0.5227319071945261,0.5341049411891404,0.011373033994614312,0.5227319071945261,0.5048416048675306,-0.01789030232699551,0.5227319071945261,0.5219987995096002,-0.0007331076849259599
6.0,1.0,6.0,3.0,3.0,4.0,1.0,4.0,6.0,8.0,5.0,9.0,0.0,0.0,0.0,0.0,0.0,0.0,1.0,0.0,0.0,0.0,0.0,0.0,0.0,0.0,0.0,0.0,0.0,0.0,0.0,0.0,0.0,0.0,1.0,0.0,0.0,0.0,0.0,0.0,0.7213910820472866,0.6794206681804101,-0.0419704138668765,0.7213910820472866,0.7024699858544381,-0.01892109619284854,0.7213910820472866,0.7294136033718347,0.00802252132454806,0.7213910820472866,0.7304710721642376,0.009079990116950931,,,,0.7213910820472866,0.7208001388439931,-0.0005909432032935591
7.0,3.0,6.0,2.0,4.0,4.0,2.0,1.0,7.0,7.0,4.0,6.0,0.0,0.0,0.0,0.0,0.0,0.0,0.0,0.0,0.0,0.0,0.0,0.0,0.0,0.0,0.0,0.0,0.0,0.0,0.0,0.0,0.0,0.0,1.0,0.0,0.0,0.0,0.0,0.0,0.6269172278394913,0.5790202173896408,-0.04789701044985051,0.6269172278394913,0.6050924206756391,-0.021824807163852267,0.6269172278394913,0.6362885597093297,0.009371331869838406,0.6269172278394913,0.6375291133916218,0.01061188555213044,0.6269172278394913,0.6100187146916433,-0.01689851314784807,0.6269172278394913,0.6262297246142778,-0.0006875032252134927
6.0,3.0,2.0,3.0,2.0,5.0,2.0,2.0,2.0,6.0,5.0,5.0,0.0,0.0,1.0,0.0,0.0,0.0,1.0,0.0,0.0,0.0,0.0,0.0,0.0,0.0,0.0,0.0,0.0,0.0,0.0,0.0,1.0,0.0,0.0,0.0,0.0,0.0,0.0,0.0,0.5786765387827114,0.5292369046584362,-0.04943963412427521,0.5786765387827114,0.5560282192550497,-0.022648319527661664,0.5786765387827114,0.5884641718074825,0.009787633024771036,0.5786765387827114,0.5897626764707914,0.011086137688079978,,,,0.5786765387827114,0.5779599841954713,-0.0007165545872400703
4.0,1.0,2.0,1.0,4.0,4.0,3.0,4.0,8.0,8.0,3.0,6.0,0.0,0.0,0.0,0.0,0.0,1.0,0.0,0.0,0.0,0.0,0.0,1.0,0.0,0.0,0.0,0.0,0.0,0.0,0.0,0.0,0.0,0.0,0.0,0.0,0.0,0.0,0.0,0.0,0.5477211781661411,0.49780148324191337,-0.04991969492422771,0.5477211781661411,0.5247753778841413,-0.022945800281999773,0.5477211781661411,0.557678257629841,0.009957079463699947,0.5477211781661411,0.5590011043716974,0.01127992620555629,0.5477211781661411,0.5299252356683187,-0.017795942497822348,0.5477211781661411,0.5469931904708135,-0.0007279876953275588
3.0,1.0,2.0,1.0,1.0,4.0,3.0,3.0,7.0,6.0,3.0,5.0,0.0,0.0,0.0,0.0,0.0,0.0,1.0,0.0,1.0,0.0,0.0,0.0,0.0,0.0,0.0,0.0,0.0,0.0,0.0,0.0,0.0,0.0,0.0,0.0,0.0,0.0,0.0,0.0,0.8975833600320363,0.8776535516843144,-0.019929808347721956,0.8975833600320363,0.8887832140939949,-0.00880014593804146,0.8975833600320363,0.9012270949271185,0.0036437348950821846,0.8975833600320363,0.9017035919652088,0.004120231933172458,0.8975833600320363,0.8908092014692058,-0.006774158562830479,0.8975833600320363,0.8973129328655715,-0.0002704271664648594
6.0,3.0,8.0,1.0,2.0,4.0,2.0,2.0,7.0,7.0,3.0,8.0,0.0,0.0,0.0,0.0,0.0,0.0,0.0,0.0,0.0,0.0,0.0,1.0,0.0,0.0,0.0,0.0,0.0,0.0,0.0,1.0,0.0,0.0,0.0,0.0,0.0,0.0,0.0,0.0,0.828529858301914,0.7981838934313636,-0.0303459648705503,0.828529858301914,0.8150190976902579,-0.013510760611656014,0.828529858301914,0.8341764768934176,0.005646618591503616,0.828529858301914,0.8349171867392072,0.006387328437293283,0.828529858301914,0.8181138245575198,-0.010416033744394149,0.828529858301914,0.8281120149859618,-0.00041784331595218216
6.0,1.0,10.0,2.0,3.0,4.0,2.0,4.0,8.0,7.0,4.0,7.0,0.0,0.0,0.0,0.0,0.0,0.0,1.0,0.0,0.0,0.0,0.0,0.0,0.0,0.0,0.0,0.0,0.0,0.0,0.0,0.0,0.0,0.0,1.0,0.0,0.0,0.0,0.0,0.0,0.7630084207184509,0.7249167072988877,-0.03809171341956319,0.7630084207184509,0.7459182017598811,-0.01709021895856977,0.7630084207184509,0.7702142919350906,0.0072058712166397365,0.7630084207184509,0.771162333548574,0.008153912830123122,0.7630084207184509,0.7498141112987251,-0.01319430941972577,0.7630084207184509,0.7624766855922772,-0.0005317351261736603
5.0,1.0,3.0,2.0,1.0,5.0,3.0,4.0,8.0,7.0,4.0,8.0,0.0,0.0,0.0,0.0,0.0,0.0,0.0,0.0,0.0,0.0,0.0,0.0,1.0,0.0,0.0,0.0,0.0,0.0,0.0,0.0,0.0,0.0,0.0,0.0,0.0,0.0,0.0,0.0,0.8409104534509279,0.8122590635887995,-0.02865138986212834,0.8409104534509279,0.8281728957640444,-0.01273755768688345,0.8409104534509279,0.8462250404934701,0.005314587042542285,0.8409104534509279,0.8469218074001352,0.006011353949207376,0.8409104534509279,0.8310931662733695,-0.009817287177558365,0.8409104534509279,0.8405169722409752,-0.0003934812099526397
7.0,5.0,8.0,3.0,3.0,3.0,3.0,4.0,10.0,10.0,3.0,10.0,0.0,0.0,0.0,0.0,0.0,0.0,1.0,0.0,0.0,0.0,0.0,0.0,0.0,0.0,0.0,1.0,0.0,0.0,0.0,0.0,0.0,0.0,0.0,0.0,0.0,0.0,0.0,1.0,0.3598413799994514,0.3151147827026826,-0.04472659729676881,0.3598413799994514,0.33886921702235295,-0.020972162977098474,,,,,,,0.3598413799994514,0.3435134372885985,-0.016327942710852916,,,
7.0,1.0,4.0,1.0,2.0,4.0,2.0,3.0,8.0,8.0,3.0,7.0,0.0,0.0,0.0,0.0,0.0,0.0,1.0,0.0,0.0,0.0,0.0,0.0,0.0,0.0,0.0,0.0,0.0,0.0,0.0,0.0,0.0,0.0,1.0,0.0,0.0,0.0,0.0,0.0,0.8104481209324372,0.7777604893021862,-0.03268763163025101,0.8104481209324372,0.7958636634835347,-0.014584457448902577,0.8104481209324372,0.8165583476523208,0.0061102267198835936,0.8104481209324372,0.817360524625455,0.006912403693017821,0.8104481209324372,0.7991999046759484,-0.011248216256488863,0.8104481209324372,0.8099963201209045,-0.0004518008115327321
3.0,1.0,6.0,1.0,1.0,2.0,2.0,3.0,2.0,5.0,3.0,6.0,0.0,1.0,0.0,0.0,0.0,0.0,0.0,0.0,1.0,0.0,0.0,0.0,0.0,0.0,0.0,0.0,0.0,0.0,0.0,1.0,0.0,0.0,0.0,0.0,0.0,0.0,0.0,0.0,0.7616341751611515,0.7234016512018868,-0.038232523959264686,0.7616341751611515,0.7444780427311464,-0.017156132430005133,0.7616341751611515,0.7688691736817301,0.007234998520578628,0.7616341751611515,0.7698211064231335,0.008186931261982,0.7616341751611515,0.7483885858683307,-0.013245589292820825,0.7616341751611515,0.7611003220696289,-0.0005338530915226514
4.0,1.0,5.0,1.0,2.0,2.0,2.0,4.0,8.0,8.0,4.0,8.0,0.0,0.0,0.0,0.0,0.0,0.0,1.0,0.0,0.0,0.0,0.0,0.0,1.0,0.0,0.0,0.0,0.0,0.0,0.0,0.0,0.0,0.0,0.0,0.0,0.0,0.0,0.0,0.0,0.7827779118780835,0.7468093388553361,-0.035968573022747474,0.7827779118780835,0.7666773829730721,-0.016100528905011458,0.7827779118780835,0.7895484749985395,0.006770563120455986,0.7827779118780835,0.7904384518577481,0.007660539979664538,0.7827779118780835,0.7703529835260561,-0.012424928352027464,0.7827779118780835,0.7822778763079533,-0.0005000355701302306
4.0,1.0,3.0,1.0,3.0,3.0,3.0,4.0,6.0,6.0,4.0,10.0,0.0,1.0,0.0,0.0,0.0,0.0,1.0,0.0,0.0,1.0,0.0,0.0,0.0,0.0,0.0,0.0,0.0,0.0,0.0,1.0,0.0,0.0,0.0,0.0,0.0,0.0,0.0,0.0,0.3807196441877198,0.33475500391226903,-0.045964640275450774,0.3807196441877198,0.35921345758658385,-0.021506186601135957,0.3807196441877198,0.3902604228970129,0.009540778709293096,0.3807196441877198,0.39153767468967743,0.01081803050195762,0.3807196441877198,0.3639829940758121,-0.016736650111907725,,,
4.0,1.0,6.0,1.0,1.0,4.0,3.0,4.0,5.0,7.0,3.0,9.0,1.0,0.0,0.0,0.0,0.0,0.0,1.0,0.0,0.0,0.0,0.0,0.0,0.0,0.0,0.0,0.0,0.0,0.0,0.0,0.0,0.0,0.0,0.0,0.0,0.0,0.0,0.0,0.0,0.8085864959767899,0.7756666949175791,-0.032919801059210774,0.8085864959767899,0.7938952282848494,-0.014691267691940513,0.8085864959767899,0.8147430150240118,0.00615651904722192,0.8085864959767899,0.8155513371639043,0.006964841187114379,0.8085864959767899,0.7972554446356515,-0.011331051341138432,0.8085864959767899,0.8081313084291437,-0.0004551875476461742
3.0,1.0,3.0,1.0,2.0,4.0,4.0,3.0,8.0,8.0,4.0,8.0,0.0,0.0,0.0,0.0,0.0,0.0,1.0,0.0,0.0,0.0,0.0,0.0,1.0,0.0,0.0,0.0,0.0,0.0,0.0,1.0,0.0,0.0,0.0,0.0,0.0,0.0,0.0,0.0,0.8036041337984801,0.7700711144378112,-0.03353301936066888,0.8036041337984801,0.7886304251894504,-0.01497370860902969,0.8036041337984801,0.809883224460013,0.006279090661532982,0.8036041337984801,0.8107078245596445,0.007103690761164461,0.8036041337984801,0.7920539932174748,-0.01155014058100523,0.8036041337984801,0.8031399826215103,-0.0004641511769697404
5.0,1.0,7.0,1.0,3.0,5.0,1.0,3.0,9.0,8.0,4.0,8.0,1.0,0.0,0.0,0.0,0.0,0.0,1.0,0.0,0.0,0.0,0.0,0.0,0.0,1.0,0.0,0.0,0.0,0.0,0.0,0.0,0.0,0.0,0.0,0.0,0.0,0.0,0.0,0.0,0.7927305088625315,0.7579002336377219,-0.03483027522480964,0.7927305088625315,0.7771576617077177,-0.015572847154813774,0.7927305088625315,0.799270409106408,0.0065399002438765175,0.7927305088625315,0.8001296805096254,0.007399171647093916,0.7927305088625315,0.7807153848178545,-0.012015124044676972,0.7927305088625315,0.7922473031972215,-0.00048320566531001585
6.0,1.0,2.0,1.0,2.0,3.0,3.0,2.0,7.0,7.0,3.0,7.0,1.0,0.0,0.0,0.0,0.0,0.0,1.0,0.0,0.0,0.0,0.0,1.0,0.0,0.0,0.0,0.0,0.0,0.0,0.0,0.0,0.0,0.0,1.0,0.0,0.0,0.0,0.0,0.0,0.683604236302333,0.638791711200127,-0.04481252510220601,0.683604236302333,0.6633146244226058,-0.02028961187972722,0.683604236302333,0.692250650589214,0.008646414286880955,0.683604236302333,0.6933923052126052,0.009788068910272174,0.683604236302333,0.6679132282643717,-0.015691008037961307,0.683604236302333,0.68296836808751,-0.0006358682148229766
5.0,1.0,7.0,1.0,2.0,5.0,2.0,3.0,7.0,7.0,3.0,7.0,0.0,0.0,0.0,0.0,0.0,0.0,0.0,0.0,0.0,0.0,0.0,0.0,0.0,0.0,0.0,0.0,0.0,0.0,0.0,0.0,0.0,0.0,0.0,0.0,0.0,0.0,0.0,0.0,0.8843131671530216,0.8621974935524979,-0.02211567360052369,0.8843131671530216,0.874532167864693,-0.00978099928832854,0.8843131671530216,0.8883703069626591,0.004057139809637511,0.8843131671530216,0.8889011813738722,0.004588014220850645,0.8843131671530216,0.8767817694305926,-0.007531397722428945,0.8843131671530216,0.8840122284319601,-0.0003009387210614056
4.0,1.0,3.0,1.0,2.0,5.0,3.0,3.0,7.0,7.0,4.0,8.0,0.0,1.0,0.0,0.0,0.0,0.0,1.0,0.0,0.0,0.0,0.0,0.0,0.0,0.0,0.0,0.0,0.0,1.0,0.0,1.0,0.0,0.0,0.0,0.0,0.0,0.0,0.0,0.0,0.6418718994488466,0.594653439466525,-0.04721845998232155,0.6418718994488466,0.6203921983295375,-0.02147970111930908,0.6418718994488466,0.6510766608346521,0.009204761385805504,0.6418718994488466,0.6522943381271724,0.010422438678325818,0.6418718994488466,0.6252458392125122,-0.016626060236334395,0.6418718994488466,0.6411961819066655,-0.0006757175421810979
6.0,1.0,4.0,1.0,2.0,4.0,2.0,4.0,9.0,9.0,4.0,5.0,0.0,0.0,0.0,0.0,0.0,0.0,0.0,0.0,0.0,0.0,0.0,0.0,1.0,0.0,0.0,0.0,0.0,0.0,0.0,0.0,0.0,0.0,0.0,0.0,0.0,0.0,0.0,0.0,0.8173821266928704,0.7855738751496495,-0.03180825154322087,0.8173821266928704,0.8032016323716863,-0.014180494321184067,0.8173821266928704,0.8233175632729687,0.005935436580098319,0.8173821266928704,0.8240965499942116,0.006714423301341199,0.8173821266928704,0.8064471134680035,-0.010935013224866896,0.8173821266928704,0.816943120175816,-0.0004390065170543078
3.0,3.0,8.0,1.0,2.0,2.0,2.0,4.0,7.0,7.0,2.0,8.0,0.0,0.0,1.0,0.0,0.0,0.0,1.0,0.0,0.0,1.0,0.0,0.0,0.0,0.0,0.0,0.0,0.0,0.0,0.0,0.0,0.0,0.0,0.0,1.0,0.0,0.0,0.0,0.0,0.48517380505788305,0.43546602198916373,-0.04970778306871931,0.48517380505788305,0.46217069548187467,-0.023003109576008374,0.48517380505788305,0.49523888861349163,0.01006508355560859,0.48517380505788305,0.4965799035221387,0.011406098464255665,0.48517380505788305,0.46731032169792963,-0.017863483359953414,0.48517380505788305,0.4844399058583025,-0.0007338991995805566
4.0,3.0,4.0,1.0,2.0,2.0,2.0,3.0,8.0,7.0,2.0,9.0,0.0,0.0,0.0,0.0,0.0,0.0,1.0,0.0,0.0,0.0,0.0,0.0,0.0,0.0,0.0,0.0,0.0,0.0,0.0,0.0,0.0,0.0,0.0,0.0,1.0,0.0,0.0,0.0,0.4803690345205855,0.4307416513014927,-0.04962738321909277,0.4803690345205855,0.4573913391627441,-0.022977695357841388,0.4803690345205855,0.49042939456522866,0.010060360044643168,0.4803690345205855,0.49177007429534547,0.01140103977475998,0.4803690345205855,0.4625235235033708,-0.01784551101721471,0.4803690345205855,0.4796356321160982,-0.0007334024044872711
3.0,1.0,9.0,4.0,1.0,4.0,1.0,3.0,10.0,8.0,4.0,9.0,0.0,0.0,0.0,0.0,0.0,0.0,1.0,0.0,0.0,0.0,0.0,0.0,0.0,0.0,0.0,0.0,1.0,0.0,0.0,0.0,0.0,0.0,0.0,0.0,0.0,1.0,0.0,0.0,0.9231628952896066,0.9076988798196935,-0.01546401546991305,0.9231628952896066,0.9163558497589301,-0.006807045530676459,,,,0.9231628952896066,0.9263385118069389,0.003175616517332336,0.9231628952896066,0.9179259410951858,-0.005236954194420829,0.9231628952896066,0.9229542123167657,-0.0002086829728409345
5.0,1.0,2.0,1.0,1.0,5.0,1.0,4.0,10.0,9.0,4.0,10.0,0.0,0.0,0.0,0.0,0.0,0.0,0.0,0.0,0.0,0.0,0.0,0.0,1.0,0.0,0.0,0.0,0.0,0.0,0.0,0.0,0.0,0.0,0.0,0.0,0.0,0.0,0.0,0.0,0.9098740211610787,0.8920482702317458,-0.017825750929332917,0.9098740211610787,0.9020146626706039,-0.00785935849047481,,,,0.9098740211610787,0.9135474229381194,0.0036734017770406746,0.9098740211610787,0.9038257003193999,-0.006048320841678834,,,
4.0,1.0,4.0,1.0,1.0,4.0,2.0,3.0,7.0,6.0,3.0,6.0,0.0,1.0,0.0,0.0,0.0,0.0,1.0,0.0,0.0,0.0,0.0,0.0,0.0,0.0,0.0,0.0,0.0,0.0,0.0,0.0,0.0,0.0,0.0,0.0,0.0,0.0,0.0,0.0,0.7435448917437587,0.7035403021705523,-0.040004589573206406,0.7435448917437587,0.725555943789507,-0.017988947954251655,0.7435448917437587,0.7511495512621171,0.007604659518358425,0.7435448917437587,0.7521509383987035,0.008606046654944799,0.7435448917437587,0.7296509131829376,-0.013893978560821085,0.7435448917437587,0.742984196596694,-0.0005606951470646937
3.0,1.0,6.0,4.0,2.0,4.0,3.0,3.0,9.0,8.0,3.0,8.0,0.0,1.0,0.0,0.0,0.0,0.0,1.0,0.0,0.0,0.0,0.0,0.0,0.0,0.0,0.0,0.0,0.0,0.0,0.0,0.0,0.0,0.0,0.0,0.0,0.0,1.0,0.0,0.0,0.6960836028680522,0.6521391663403375,-0.043944436527714625,0.6960836028680522,0.6762152173235703,-0.019868385544481892,0.6960836028680522,0.704536382863202,0.008452779995149817,0.6960836028680522,0.7056518404643497,0.009568237596297546,0.6960836028680522,0.6807224315044408,-0.01536117136361137,0.6960836028680522,0.6954616418290644,-0.0006219610389877062
6.0,1.0,5.0,1.0,4.0,5.0,2.0,3.0,9.0,7.0,5.0,9.0,0.0,0.0,0.0,0.0,0.0,0.0,0.0,0.0,1.0,0.0,0.0,0.0,0.0,0.0,0.0,0.0,0.0,0.0,0.0,1.0,0.0,0.0,0.0,0.0,0.0,0.0,0.0,0.0,0.7833153707419901,0.7474070749535396,-0.03590829578845045,0.7833153707419901,0.7672428330613863,-0.016072537680603793,0.7833153707419901,0.7900736744517453,0.006758303709755165,0.7833153707419901,0.7909620183260196,0.007646647584029553,,,,0.7833153707419901,0.7828162291120937,-0.0004991416298963935
4.0,1.0,4.0,2.0,1.0,5.0,1.0,4.0,6.0,7.0,4.0,2.0,1.0,0.0,0.0,0.0,0.0,0.0,1.0,0.0,0.0,0.0,0.0,0.0,0.0,0.0,0.0,0.0,0.0,0.0,0.0,0.0,0.0,0.0,0.0,0.0,0.0,0.0,0.0,0.0,0.8553665107287282,0.828788524213359,-0.026577986515369134,0.8553665107287282,0.8435710733394017,-0.011795437389326424,0.8553665107287282,0.8602784150430185,0.0049119043142903385,0.8553665107287282,0.8609219703453782,0.005555459616650049,0.8553665107287282,0.8462782209077943,-0.009088289820933904,0.8553665107287282,0.8550026190072814,-0.00036389172144679627
5.0,1.0,3.0,1.0,2.0,4.0,3.0,2.0,9.0,6.0,3.0,7.0,1.0,0.0,0.0,0.0,0.0,0.0,1.0,0.0,0.0,0.0,0.0,0.0,1.0,0.0,0.0,0.0,0.0,0.0,0.0,0.0,0.0,0.0,0.0,1.0,0.0,0.0,0.0,0.0,0.6915963663985168,0.6473318287993101,-0.04426453759920679,0.6915963663985168,0.6715730391185458,-0.020023327279971026,0.6915963663985168,0.7001201829021928,0.008523816503675952,0.6915963663985168,0.7012452430569228,0.00964887665840597,0.6915963663985168,0.6761139228403207,-0.015482443558196168,0.6915963663985168,0.6909692991700142,-0.0006270672285026979
5.0,6.0,4.0,1.0,2.0,4.0,2.0,4.0,4.0,5.0,2.0,3.0,0.0,0.0,0.0,0.0,0.0,0.0,0.0,0.0,0.0,0.0,0.0,0.0,0.0,0.0,0.0,0.0,1.0,0.0,0.0,0.0,0.0,0.0,0.0,0.0,1.0,0.0,0.0,0.0,0.3086040930581149,0.2675840173174208,-0.041020075740694106,0.3086040930581149,0.2892687521647903,-0.019335340893324615,0.3086040930581149,0.3172635158615571,0.008659422803442174,0.3086040930581149,0.3184266266009815,0.009822533542866552,0.3086040930581149,0.2935350091871585,-0.015069083870956401,0.3086040930581149,0.30797750564255383,-0.0006265874155610973
5.0,6.0,2.0,3.0,2.0,4.0,1.0,3.0,10.0,10.0,5.0,10.0,0.0,0.0,0.0,0.0,0.0,1.0,1.0,0.0,0.0,0.0,0.0,0.0,1.0,0.0,0.0,0.0,0.0,0.0,0.0,0.0,0.0,0.0,0.0,1.0,0.0,0.0,0.0,0.0,0.4442344916206074,0.395498888825689,-0.0487356027949184,0.4442344916206074,0.4215829316273114,-0.02265155999329599,,,,,,,,,,,,
7.0,1.0,8.0,1.0,2.0,5.0,2.0,2.0,6.0,6.0,1.0,7.0,0.0,0.0,0.0,0.0,0.0,0.0,1.0,0.0,0.0,0.0,0.0,0.0,0.0,0.0,0.0,0.0,0.0,0.0,0.0,0.0,0.0,0.0,1.0,0.0,0.0,0.0,0.0,0.0,0.8651943535653878,0.8400847043909786,-0.025109649174409165,0.8651943535653878,0.8540636699420505,-0.011130683623337245,0.8651943535653878,0.8698232889962039,0.004628935430816106,0.8651943535653878,0.870429502317556,0.005235148752168239,0.8651943535653878,0.8566200968488689,-0.008574256716518902,0.8651943535653878,0.8648512814792473,-0.00034307208614048346
4.0,1.0,3.0,2.0,2.0,2.0,2.0,3.0,7.0,7.0,4.0,5.0,0.0,1.0,0.0,0.0,0.0,0.0,1.0,0.0,0.0,0.0,0.0,0.0,1.0,0.0,0.0,0.0,0.0,0.0,0.0,0.0,0.0,0.0,0.0,1.0,0.0,0.0,0.0,0.0,0.4725654684550212,0.4230878693250271,-0.049477599129994054,0.4725654684550212,0.4496380517490368,-0.02292741670598436,0.4725654684550212,0.4826141862948328,0.01004871783981165,0.4725654684550212,0.483953792011192,0.01138832355617081,0.4725654684550212,0.4547561507395357,-0.017809317715485495,0.4725654684550212,0.47183316195665614,-0.0007323064983650318
4.0,1.0,4.0,1.0,1.0,5.0,2.0,4.0,8.0,7.0,5.0,8.0,0.0,1.0,0.0,0.0,0.0,0.0,0.0,0.0,0.0,0.0,0.0,0.0,1.0,0.0,0.0,0.0,0.0,0.0,0.0,0.0,0.0,0.0,0.0,0.0,0.0,0.0,0.0,0.0,0.7515522201035679,0.7123134189342523,-0.03923880116931566,0.7515522201035679,0.7339239503474821,-0.01762826975608578,0.7515522201035679,0.7589963997328275,0.007444179629259584,0.7515522201035679,0.7599763006363892,0.008424080532821288,,,,0.7515522201035679,0.7510031690153125,-0.0005490510882554256
5.0,1.0,4.0,1.0,1.0,5.0,2.0,2.0,10.0,7.0,4.0,10.0,0.0,0.0,0.0,0.0,1.0,0.0,1.0,0.0,0.0,1.0,0.0,0.0,0.0,0.0,0.0,0.0,0.0,0.0,0.0,1.0,0.0,0.0,0.0,0.0,0.0,0.0,0.0,0.0,0.8740322830188395,0.8502839716248234,-0.02374831139401612,0.8740322830188395,0.8635162179676589,-0.010516065051180634,,,,0.8740322830188395,0.8789722238829233,0.0049399408640837805,0.8740322830188395,0.8659330533264319,-0.008099229692407617,,,
6.0,1.0,9.0,1.0,2.0,4.0,2.0,2.0,8.0,8.0,4.0,5.0,0.0,0.0,0.0,0.0,0.0,0.0,0.0,0.0,0.0,0.0,0.0,1.0,0.0,0.0,0.0,0.0,0.0,0.0,0.0,0.0,0.0,0.0,1.0,0.0,0.0,0.0,0.0,0.0,0.879769954418105,0.8569262802043426,-0.022843674213762433,0.879769954418105,0.8696614538474327,-0.010108500570672363,0.879769954418105,0.8839655183595608,0.0041955639414558155,0.879769954418105,0.8845146173677991,0.004744662949694112,0.879769954418105,0.8719856024189903,-0.007784351999114758,0.879769954418105,0.8794588083039536,-0.0003111461141513949
6.0,1.0,3.0,2.0,1.0,3.0,3.0,2.0,5.0,6.0,2.0,8.0,0.0,0.0,1.0,0.0,0.0,0.0,0.0,0.0,0.0,0.0,0.0,0.0,0.0,0.0,0.0,0.0,0.0,0.0,0.0,0.0,0.0,0.0,0.0,0.0,0.0,0.0,0.0,0.0,0.6073113513806191,0.5586692221093493,-0.04864212927126976,0.6073113513806191,0.585098671076039,-0.022212680304580124,0.6073113513806191,0.6168741928721236,0.009562841491504548,0.6073113513806191,0.6181412251939777,0.010829873813358648,0.6073113513806191,0.5901054236810568,-0.017205927699562307,0.6073113513806191,0.6066103900522978,-0.0007009613283213145
3.0,1.0,5.0,1.0,2.0,4.0,3.0,3.0,5.0,7.0,2.0,7.0,1.0,0.0,0.0,0.0,0.0,0.0,0.0,0.0,0.0,0.0,0.0,1.0,0.0,0.0,0.0,0.0,0.0,0.0,0.0,0.0,0.0,0.0,0.0,0.0,0.0,0.0,0.0,0.0,0.815229076225736,0.783145301315613,-0.03208377491012304,0.815229076225736,0.8009221142723482,-0.014306961953387876,0.815229076225736,0.8212191852219899,0.005990108996253851,0.815229076225736,0.8220054234818568,0.006776347256120752,0.815229076225736,0.804196023555828,-0.011033052669908061,0.815229076225736,0.8147860666735606,-0.0004430095521754662
3.0,1.0,2.0,1.0,2.0,3.0,2.0,3.0,9.0,8.0,5.0,8.0,0.0,0.0,0.0,0.0,0.0,0.0,0.0,0.0,0.0,0.0,0.0,1.0,0.0,0.0,0.0,0.0,0.0,0.0,0.0,0.0,0.0,0.0,0.0,0.0,0.0,0.0,0.0,0.0,0.8531016240666274,0.8261920100060326,-0.026909614060594778,0.8531016240666274,0.8411557774654392,-0.011945846601188137,0.8531016240666274,0.8580776840848199,0.004976060018192507,0.8531016240666274,0.8587297113510463,0.005628087284418881,,,,0.8531016240666274,0.8527330150630982,-0.0003686090035291967
3.0,1.0,8.0,1.0,3.0,5.0,1.0,5.0,8.0,7.0,2.0,6.0,0.0,0.0,0.0,1.0,0.0,0.0,0.0,0.0,0.0,0.0,0.0,1.0,0.0,0.0,0.0,0.0,0.0,0.0,0.0,0.0,0.0,0.0,0.0,0.0,0.0,0.0,0.0,0.0,0.7704225663684191,0.7331056910287682,-0.03731687533965089,,,,0.7704225663684191,0.777468753100593,0.007046186732173942,0.7704225663684191,0.7783954759751921,0.007972909606772993,0.7704225663684191,0.7575098497252183,-0.012912716643200817,0.7704225663684191,0.7699024497083987,-0.0005201166600203866
5.0,1.0,5.0,2.0,1.0,5.0,1.0,1.0,10.0,9.0,4.0,10.0,0.0,1.0,0.0,0.0,0.0,0.0,0.0,0.0,0.0,0.0,0.0,0.0,1.0,0.0,0.0,0.0,0.0,0.0,0.0,0.0,0.0,0.0,0.0,0.0,0.0,0.0,0.0,0.0,0.8310024094975773,0.8009889190657357,-0.03001349043184165,0.8310024094975773,0.8176435907779703,-0.01335881871960698,,,,0.8310024094975773,0.8373157192456987,0.006313309748121387,0.8310024094975773,0.8207040691797194,-0.010298340317857924,,,
3.0,1.0,5.0,1.0,1.0,5.0,2.0,3.0,10.0,8.0,4.0,9.0,1.0,0.0,0.0,0.0,0.0,0.0,1.0,0.0,1.0,0.0,0.0,0.0,0.0,0.0,0.0,0.0,0.0,0.0,0.0,0.0,0.0,0.0,0.0,0.0,0.0,0.0,0.0,0.0,0.9178942876092997,0.9014830837858961,-0.016411203823403553,0.9178942876092997,0.9106656601874932,-0.007228627421806522,,,,0.9178942876092997,0.9212690811560535,0.0033747935467538515,0.9178942876092997,0.912332343949779,-0.005561943659520674,0.9178942876092997,0.9176725716313558,-0.00022171597794384823
4.0,1.0,3.0,1.0,2.0,4.0,3.0,4.0,8.0,7.0,4.0,5.0,1.0,0.0,0.0,0.0,0.0,0.0,1.0,0.0,1.0,0.0,0.0,0.0,0.0,0.0,0.0,0.0,0.0,0.0,0.0,0.0,0.0,0.0,0.0,0.0,0.0,0.0,0.0,0.0,0.7754675112923639,0.7386925363752347,-0.03677497491712922,0.7754675112923639,0.7589919630826293,-0.016475548209734625,0.7754675112923639,0.7824025913410346,0.0069350800486707165,0.7754675112923639,0.7833144939538262,0.007846982661462332,0.7754675112923639,0.762751168929234,-0.012716342363129907,0.7754675112923639,0.7749554855290878,-0.000512025763276136
6.0,3.0,7.0,3.0,2.0,4.0,2.0,4.0,8.0,8.0,3.0,9.0,1.0,0.0,0.0,0.0,0.0,0.0,1.0,0.0,0.0,0.0,0.0,0.0,0.0,0.0,0.0,1.0,0.0,0.0,0.0,0.0,0.0,0.0,1.0,0.0,0.0,0.0,0.0,0.0,0.5395298352070317,0.48954862000510363,-0.04998121520192805,0.5395298352070317,0.5165352810293964,-0.022994554177635296,0.5395298352070317,0.549518930645789,0.009989095438757367,0.5395298352070317,0.5508465260446109,0.011316690837579246,0.5395298352070317,0.5216930458385237,-0.017836789368507966,0.5395298352070317,0.5387997647738694,-0.0007300704331623109
3.0,1.0,2.0,1.0,2.0,3.0,2.0,3.0,8.0,6.0,2.0,7.0,0.0,0.0,0.0,0.0,0.0,1.0,1.0,0.0,1.0,0.0,0.0,0.0,0.0,0.0,0.0,0.0,0.0,0.0,0.0,0.0,0.0,0.0,0.0,0.0,0.0,0.0,0.0,0.0,0.7830209413554816,0.7470796078067361,-0.03594133354874551,0.7830209413554816,0.7669330624630256,-0.016087878892455998,0.7830209413554816,0.7897859637694874,0.0067650224140057835,0.7830209413554816,0.7906752025777086,0.00765426122222701,0.7830209413554816,0.7706058403597806,-0.012415100995700978,0.7830209413554816,0.7825213097986802,-0.0004996315568014387
3.0,5.0,2.0,1.0,2.0,2.0,2.0,3.0,4.0,4.0,2.0,5.0,0.0,1.0,0.0,0.0,0.0,0.0,1.0,0.0,0.0,0.0,0.0,0.0,0.0,0.0,0.0,0.0,0.0,0.0,0.0,0.0,1.0,0.0,0.0,0.0,0.0,0.0,0.0,0.0,0.5792423599489334,0.5298151738219163,-0.04942718612701702,0.5792423599489334,0.5566011507524886,-0.022641209196444745,0.5792423599489334,0.5890261836712056,0.009783823722272267,0.5792423599489334,0.5903241495681598,0.011081789619226456,0.5792423599489334,0.5616941801861782,-0.017548179762755134,0.5792423599489334,0.578526066780418,-0.0007162931685154028
3.0,1.0,2.0,2.0,1.0,5.0,2.0,3.0,9.0,8.0,5.0,8.0,0.0,1.0,0.0,0.0,0.0,0.0,0.0,0.0,0.0,0.0,0.0,1.0,0.0,0.0,0.0,0.0,0.0,0.0,0.0,0.0,0.0,0.0,0.0,0.0,0.0,0.0,0.0,0.0,0.7891127224220363,0.7538632642962325,-0.03524945812580382,0.7891127224220363,0.7733457755268272,-0.01576694689520919,0.7891127224220363,0.7957373602058538,0.0066246377838175,0.7891127224220363,0.7966079070219799,0.007495184599943583,,,,0.7891127224220363,0.7886233315454914,-0.0004893908765449817
4.0,1.0,8.0,1.0,1.0,4.0,2.0,4.0,4.0,6.0,1.0,6.0,0.0,0.0,0.0,0.0,1.0,0.0,1.0,0.0,0.0,0.0,0.0,1.0,0.0,0.0,0.0,0.0,0.0,0.0,0.0,1.0,0.0,0.0,0.0,0.0,0.0,0.0,0.0,0.0,0.8911138021399312,0.8701072344976372,-0.021006567642294027,0.8911138021399312,0.8818309448260863,-0.009282857313844928,0.8911138021399312,0.8949607725086414,0.0038469703687101786,0.8911138021399312,0.8954639928926685,0.0043501907527373485,0.8911138021399312,0.8839670446179962,-0.007146757521934943,0.8911138021399312,0.8908283700881,-0.00028543205183118037
6.0,1.0,8.0,1.0,1.0,5.0,1.0,4.0,9.0,8.0,3.0,9.0,1.0,0.0,0.0,0.0,0.0,0.0,0.0,0.0,0.0,0.0,0.0,0.0,0.0,1.0,0.0,0.0,0.0,0.0,0.0,1.0,0.0,0.0,0.0,0.0,0.0,0.0,0.0,0.0,0.8946873425042815,0.8742729207388152,-0.020414421765466262,0.8946873425042815,0.8856700524632183,-0.00901729004106322,0.8946873425042815,0.8984224506087705,0.00373510810448896,0.8946873425042815,0.8989109600764926,0.004223617572211125,0.8946873425042815,0.8877455882559993,-0.00694175424828225,0.8946873425042815,0.8944101680720006,-0.0002771744322809244
3.0,1.0,6.0,1.0,2.0,4.0,2.0,4.0,9.0,9.0,5.0,9.0,0.0,0.0,0.0,1.0,0.0,0.0,1.0,0.0,0.0,0.0,0.0,0.0,0.0,0.0,0.0,0.0,0.0,0.0,0.0,0.0,0.0,0.0,0.0,0.0,0.0,0.0,0.0,0.0,0.7286272691080035,0.6872743811601668,-0.04135288794783665,0.7286272691080035,0.7100000471466106,-0.01862722196139288,0.7286272691080035,0.736517528856662,0.007890259748658535,0.7286272691080035,0.7375572240291239,0.008929954921120475,,,,0.7286272691080035,0.7280458881204633,-0.0005813809875401255
3.0,1.0,2.0,1.0,2.0,4.0,2.0,4.0,8.0,8.0,4.0,8.0,0.0,1.0,0.0,0.0,0.0,0.0,0.0,0.0,0.0,0.0,0.0,1.0,0.0,0.0,0.0,0.0,0.0,0.0,0.0,0.0,0.0,0.0,0.0,0.0,0.0,0.0,0.0,0.0,0.7016028108019954,0.6580643965991638,-0.043538414202831555,0.7016028108019954,0.6819303691141807,-0.01967244168781468,0.7016028108019954,0.7099660460889573,0.008363235286961923,0.7016028108019954,0.7110694116349622,0.009466600832966798,0.7016028108019954,0.6863949219508296,-0.015207888851165752,0.7016028108019954,0.7009872928271744,-0.000615517974820956
3.0,1.0,4.0,1.0,4.0,4.0,4.0,3.0,5.0,6.0,2.0,5.0,0.0,0.0,0.0,0.0,0.0,0.0,0.0,0.0,1.0,0.0,0.0,0.0,0.0,0.0,0.0,0.0,0.0,0.0,0.0,0.0,0.0,0.0,0.0,0.0,0.0,0.0,0.0,0.0,0.7482952329896196,0.7087413869364545,-0.03955384605316514,0.7482952329896196,0.7305187310834504,-0.017776501906169195,0.7482952329896196,0.7558052924834362,0.007510059493816557,0.7482952329896196,0.7567940106455483,0.008498777655928658,0.7482952329896196,0.7345667407856061,-0.01372849220401351,0.7482952329896196,0.7477414001110115,-0.000553832878608107
2.0,3.0,6.0,2.0,3.0,5.0,2.0,2.0,7.0,8.0,4.0,10.0,0.0,0.0,0.0,0.0,0.0,0.0,1.0,0.0,0.0,0.0,0.0,0.0,0.0,0.0,0.0,0.0,0.0,1.0,0.0,0.0,0.0,0.0,0.0,0.0,0.0,0.0,0.0,0.0,0.8138164753188141,0.7815531412655273,-0.03226333405328674,0.8138164753188141,0.7994270452968968,-0.014389430021917282,0.8138164753188141,0.8198422592693719,0.006025783950557861,0.8138164753188141,0.8206332303487239,0.00681675502990986,0.8138164753188141,0.8027194853615359,-0.011096989957278147,,,
6.0,3.0,8.0,1.0,2.0,4.0,2.0,3.0,9.0,9.0,5.0,9.0,0.0,0.0,0.0,0.0,0.0,0.0,0.0,0.0,0.0,0.0,0.0,1.0,0.0,0.0,0.0,0.0,0.0,0.0,0.0,0.0,0.0,0.0,1.0,0.0,0.0,0.0,0.0,0.0,0.8208665444668227,0.789508914856993,-0.031357629609829685,0.8208665444668227,0.8068926970927306,-0.01397384737409213,0.8208665444668227,0.826712740071311,0.005846195604488291,0.8208665444668227,0.827479894264674,0.006613349797851331,,,,0.8208665444668227,0.8204340741946738,-0.0004324702721488771
5.0,1.0,9.0,1.0,1.0,4.0,2.0,2.0,10.0,9.0,5.0,10.0,0.0,0.0,0.0,0.0,0.0,0.0,0.0,0.0,0.0,0.0,0.0,0.0,1.0,0.0,0.0,0.0,0.0,0.0,0.0,0.0,0.0,0.0,0.0,0.0,0.0,0.0,0.0,0.0,0.9150997973623188,0.8981919862721623,-0.016907811090156488,0.9150997973623188,0.9076498947518576,-0.00744990261046119,,,,0.9150997973623188,0.9185792642247348,0.0034794668624159586,,,,,,
7.0,6.0,8.0,1.0,2.0,4.0,2.0,3.0,7.0,6.0,5.0,8.0,0.0,0.0,0.0,0.0,0.0,0.0,0.0,0.0,0.0,0.0,0.0,0.0,0.0,0.0,0.0,0.0,0.0,1.0,0.0,1.0,0.0,0.0,0.0,0.0,0.0,0.0,0.0,0.0,0.6446818371873291,0.5976015998545733,-0.04708023733275579,0.6446818371873291,0.6232717537252721,-0.021410083462056972,0.6446818371873291,0.6538533241267638,0.009171486939434703,0.6446818371873291,0.6550664450620949,0.010384607874765805,,,,0.6446818371873291,0.6440084809903451,-0.000673356196983943
3.0,2.0,4.0,2.0,2.0,4.0,2.0,4.0,6.0,6.0,3.0,5.0,0.0,0.0,0.0,0.0,0.0,0.0,1.0,0.0,0.0,0.0,0.0,0.0,1.0,0.0,0.0,0.0,0.0,0.0,0.0,0.0,1.0,0.0,0.0,0.0,0.0,0.0,0.0,0.0,0.8827867773735599,0.8604253617549498,-0.02236141561861016,0.8827867773735599,0.8728952750770363,-0.00989150229652358,0.8827867773735599,0.8868906008050826,0.004103823431522713,0.8827867773735599,0.8874276205026368,0.004640843129076866,0.8827867773735599,0.8751700364001301,-0.007616740973429792,0.8827867773735599,0.8824823956836897,-0.0003043816898702367
7.0,1.0,4.0,1.0,3.0,3.0,2.0,3.0,7.0,7.0,4.0,9.0,0.0,0.0,0.0,0.0,0.0,0.0,1.0,0.0,0.0,0.0,0.0,0.0,0.0,0.0,0.0,0.0,0.0,1.0,0.0,0.0,0.0,0.0,0.0,0.0,0.0,0.0,0.0,1.0,0.642957990969496,0.595792552938679,-0.047165438030816964,0.642957990969496,0.6215050190284138,-0.0214529719410822,0.642957990969496,0.6521499652623225,0.009191974292826477,0.642957990969496,0.6533658911024602,0.01040790013296422,0.642957990969496,0.6263530009062326,-0.016604990063263436,0.642957990969496,0.6422831806215445,-0.0006748103479514711
5.0,1.0,5.0,1.0,1.0,5.0,2.0,3.0,7.0,7.0,4.0,8.0,1.0,0.0,0.0,0.0,0.0,0.0,0.0,0.0,0.0,0.0,0.0,0.0,1.0,0.0,0.0,0.0,0.0,0.0,0.0,0.0,0.0,0.0,0.0,0.0,0.0,0.0,0.0,0.0,0.8519401707405763,0.824861474622457,-0.027078696118119305,0.8519401707405763,0.8399175974935971,-0.012022573246979196,0.8519401707405763,0.8569489768078241,0.005008806067247851,0.8519401707405763,0.8576053291176987,0.005665158377122448,0.8519401707405763,0.8426761802161049,-0.009263990524471355,0.8519401707405763,0.8515691544038752,-0.0003710163367011132
5.0,6.0,3.0,1.0,3.0,5.0,2.0,3.0,5.0,5.0,3.0,5.0,0.0,0.0,1.0,0.0,0.0,0.0,0.0,0.0,0.0,0.0,0.0,0.0,0.0,0.0,0.0,0.0,0.0,0.0,0.0,0.0,0.0,0.0,0.0,0.0,1.0,0.0,0.0,0.0,0.14122011253980588,0.11863142071904698,-0.0225886918207589,0.14122011253980588,0.130394219984597,-0.010825892555208882,0.14122011253980588,0.1461757461782872,0.004955633638481338,0.14122011253980588,0.14684654268419392,0.005626430144388045,0.14122011253980588,0.13275499714974176,-0.008465115390064115,0.14122011253980588,0.14086413862440583,-0.00035597391540004297
3.0,3.0,5.0,1.0,2.0,5.0,2.0,1.0,6.0,7.0,2.0,8.0,0.0,1.0,0.0,0.0,0.0,0.0,1.0,0.0,0.0,0.0,0.0,0.0,0.0,0.0,0.0,1.0,0.0,0.0,0.0,0.0,0.0,0.0,0.0,1.0,0.0,0.0,0.0,0.0,0.569041214144937,0.5194099342674228,-0.049631279877514256,0.569041214144937,0.5462810504205953,-0.022760163724341753,0.569041214144937,0.5788897946758835,0.009848580530946505,0.569041214144937,0.5801969578134787,0.011155743668541662,0.569041214144937,0.5513970803971506,-0.017644133747786395,0.569041214144937,0.5683204968809147,-0.0007207172640223414
6.0,1.0,7.0,2.0,2.0,4.0,2.0,4.0,9.0,8.0,4.0,8.0,1.0,0.0,0.0,0.0,0.0,0.0,0.0,0.0,0.0,0.0,0.0,0.0,1.0,0.0,0.0,0.0,0.0,0.0,0.0,1.0,0.0,0.0,0.0,0.0,0.0,0.0,0.0,0.0,0.7545296418759191,0.7155831243658997,-0.03894651751001943,0.7545296418759191,0.7370387134245915,-0.017490928451327603,0.7545296418759191,0.7619128714862725,0.007383229610353426,0.7545296418759191,0.7628846188126299,0.008354976936710834,0.7545296418759191,0.7410235039811384,-0.013506137894780723,0.7545296418759191,0.7539850167935233,-0.0005446250823958332
5.0,1.0,8.0,1.0,1.0,5.0,2.0,3.0,6.0,6.0,3.0,7.0,0.0,0.0,0.0,0.0,1.0,0.0,1.0,0.0,0.0,0.0,0.0,1.0,0.0,0.0,0.0,0.0,0.0,0.0,0.0,0.0,0.0,0.0,0.0,0.0,0.0,0.0,0.0,0.0,0.8899952129567016,0.8688046161393009,-0.021190596817400653,0.8899952129567016,0.8806297671946166,-0.009365445762084978,0.8899952129567016,0.8938769968520073,0.0038817838953056905,0.8899952129567016,0.894384796643345,0.004389583686643439,0.8899952129567016,0.8827846940615136,-0.007210518895187978,0.8899952129567016,0.8897072115810455,-0.0002880013756560995
4.0,1.0,6.0,1.0,3.0,2.0,2.0,4.0,8.0,9.0,5.0,8.0,0.0,0.0,0.0,0.0,0.0,0.0,0.0,0.0,0.0,0.0,0.0,0.0,1.0,0.0,0.0,0.0,0.0,0.0,0.0,0.0,0.0,0.0,0.0,0.0,0.0,0.0,0.0,0.0,0.745138002069601,0.7052834215146597,-0.03985458055494129,0.745138002069601,0.7272198058280369,-0.0179181962415641,0.745138002069601,0.752711132393855,0.007573130324253996,0.745138002069601,0.7537082960466482,0.008570293977047228,,,,0.745138002069601,0.7445795934935544,-0.0005584085760466095
3.0,1.0,8.0,1.0,1.0,4.0,1.0,3.0,10.0,8.0,3.0,8.0,0.0,0.0,0.0,0.0,0.0,0.0,1.0,0.0,0.0,0.0,0.0,1.0,0.0,0.0,0.0,0.0,0.0,0.0,0.0,0.0,0.0,0.0,0.0,0.0,0.0,0.0,0.0,0.0,0.9428700306856651,0.9310760977842536,-0.011793932901411508,0.9428700306856651,0.937691014691443,-0.005179015994222103,,,,0.9428700306856651,0.9452794453300172,0.0024094146443520703,0.9428700306856651,0.9388873305445912,-0.003982700141073936,0.9428700306856651,0.9427115491447368,-0.00015848154092834577
4.0,1.0,1.0,1.0,2.0,4.0,4.0,2.0,9.0,9.0,4.0,4.0,0.0,0.0,1.0,0.0,0.0,0.0,1.0,0.0,0.0,0.0,0.0,0.0,0.0,0.0,0.0,0.0,0.0,0.0,0.0,0.0,0.0,0.0,0.0,0.0,0.0,0.0,0.0,0.0,0.5965424289979264,0.5475601293202355,-0.048982299677690966,0.5965424289979264,0.5741477399720073,-0.022394689025919123,0.5965424289979264,0.6061974671679248,0.009655038169998353,0.5965424289979264,0.6074773410210541,0.010934912023127685,0.5965424289979264,0.5791915986576768,-0.017350830340249646,0.5965424289979264,0.5958350376001135,-0.0007073913978129509
4.0,5.0,5.0,3.0,2.0,2.0,2.0,4.0,9.0,9.0,5.0,9.0,0.0,1.0,0.0,0.0,0.0,0.0,1.0,0.0,0.0,1.0,0.0,0.0,0.0,0.0,0.0,0.0,0.0,0.0,0.0,0.0,0.0,0.0,0.0,0.0,0.0,0.0,0.0,0.0,0.3159146394687985,0.2743083647882729,-0.04160627468052558,0.3159146394687985,0.2963175668270957,-0.019597072641702795,0.3159146394687985,0.32468286421597087,0.00876822474717237,0.3159146394687985,0.3258601927187525,0.009945553249953998,,,,0.3159146394687985,0.3152799773838747,-0.0006346620849237983
5.0,1.0,3.0,1.0,2.0,5.0,2.0,3.0,5.0,7.0,5.0,5.0,1.0,0.0,0.0,0.0,0.0,0.0,1.0,0.0,0.0,0.0,0.0,0.0,0.0,0.0,0.0,0.0,0.0,0.0,0.0,0.0,0.0,0.0,0.0,0.0,0.0,0.0,0.0,0.0,0.7528818932376626,0.7137731159243952,-0.03910877731326745,0.7528818932376626,0.7353147416884508,-0.017567151549211846,0.7528818932376626,0.7602989390339722,0.007417045796309529,0.7528818932376626,0.7612752096596028,0.008393316421940189,,,,0.7528818932376626,0.7523348122869646,-0.0005470809506979979
3.0,1.0,4.0,2.0,2.0,3.0,2.0,3.0,9.0,8.0,4.0,8.0,0.0,0.0,0.0,0.0,0.0,0.0,0.0,0.0,0.0,0.0,0.0,1.0,0.0,0.0,0.0,0.0,0.0,0.0,0.0,0.0,0.0,0.0,0.0,0.0,0.0,0.0,0.0,0.0,0.8575624559560072,0.8313084162178721,-0.026254039738135115,0.8575624559560072,0.8459138456327543,-0.011648610323252928,0.8575624559560072,0.8624117795419094,0.004849323585902177,0.8575624559560072,0.8630470729016283,0.005484616945621079,0.8575624559560072,0.8485877265556931,-0.008974729400314074,0.8575624559560072,0.8572031667993433,-0.00035928915666394445
7.0,6.0,5.0,3.0,2.0,2.0,1.0,3.0,7.0,7.0,5.0,7.0,0.0,0.0,0.0,0.0,0.0,0.0,0.0,0.0,0.0,0.0,0.0,1.0,0.0,0.0,0.0,0.0,0.0,0.0,0.0,0.0,0.0,0.0,1.0,0.0,0.0,0.0,0.0,0.0,0.5491563079405397,0.49925019710747764,-0.04990611083306207,0.5491563079405397,0.5262203368307198,-0.02293597110981993,0.5491563079405397,0.5591072250863355,0.009950917145795768,0.5491563079405397,0.5604291667479829,0.01127285880744322,,,,0.5491563079405397,0.5484287257521437,-0.0007275821883959699
3.0,1.0,5.0,1.0,2.0,5.0,2.0,4.0,7.0,8.0,4.0,8.0,1.0,0.0,0.0,0.0,0.0,0.0,1.0,0.0,0.0,0.0,0.0,1.0,0.0,0.0,0.0,0.0,0.0,0.0,0.0,0.0,0.0,0.0,0.0,0.0,0.0,0.0,0.0,0.0,0.8314504247099538,0.8014974944269357,-0.029952930283018042,0.8314504247099538,0.8181192692998074,-0.0133311554101464,0.8314504247099538,0.8370197860373767,0.005569361327422917,0.8314504247099538,0.8377502655436142,0.0062998408336604195,0.8314504247099538,0.8211735104346874,-0.010276914275266336,0.8314504247099538,0.8310382469628386,-0.0004121777471152166
7.0,1.0,9.0,1.0,1.0,5.0,3.0,5.0,10.0,10.0,5.0,9.0,0.0,0.0,0.0,0.0,0.0,0.0,1.0,0.0,0.0,0.0,0.0,1.0,0.0,0.0,0.0,0.0,0.0,0.0,0.0,0.0,0.0,0.0,1.0,0.0,0.0,0.0,0.0,0.0,0.8634046166718102,0.8380240118045191,-0.0253806048672911,,,,,,,,,,,,,0.8634046166718102,0.8630577107407756,-0.0003469059310345912
2.0,1.0,2.0,4.0,1.0,3.0,3.0,3.0,4.0,7.0,1.0,6.0,0.0,0.0,1.0,0.0,0.0,0.0,1.0,0.0,0.0,0.0,0.0,0.0,0.0,0.0,0.0,0.0,1.0,0.0,0.0,0.0,0.0,0.0,0.0,0.0,0.0,1.0,0.0,0.0,0.6619763021751479,0.6158220352672948,-0.04615426690785307,0.6619763021751479,0.641028054865181,-0.020948247309966916,0.6619763021751479,0.6709292464233071,0.008952944248159178,0.6619763021751479,0.6721125327820515,0.010136230606903607,0.6619763021751479,0.6457684993497391,-0.01620780282540879,0.6619763021751479,0.6613185024482621,-0.0006577997268858438
5.0,1.0,5.0,1.0,1.0,4.0,1.0,3.0,7.0,7.0,3.0,8.0,1.0,0.0,0.0,0.0,0.0,0.0,0.0,0.0,0.0,0.0,0.0,0.0,0.0,0.0,0.0,0.0,0.0,0.0,0.0,0.0,0.0,0.0,0.0,0.0,0.0,0.0,0.0,0.0,0.8768208108430742,0.8535101014347366,-0.02331070940833757,0.8768208108430742,0.8665019820126377,-0.010318828830436444,0.8768208108430742,0.8811053804452477,0.004284569602173494,0.8768208108430742,0.8816662023562243,0.00484539151315011,0.8768208108430742,0.8688739744887436,-0.007946836354330578,0.8768208108430742,0.8765031039290708,-0.00031770691400334616
7.0,1.0,6.0,1.0,2.0,4.0,1.0,4.0,7.0,8.0,3.0,8.0,0.0,0.0,0.0,0.0,0.0,0.0,1.0,0.0,0.0,0.0,0.0,0.0,0.0,0.0,0.0,0.0,0.0,0.0,0.0,0.0,0.0,0.0,1.0,0.0,0.0,0.0,0.0,0.0,0.8330968420805323,0.8033673020807202,-0.029729539999812093,0.8330968420805323,0.8198676952896948,-0.01322914679083742,0.8330968420805323,0.8386223601022614,0.005525518021729181,0.8330968420805323,0.8393470354691053,0.006250193388573022,0.8330968420805323,0.8228989316689388,-0.010197910411593458,0.8330968420805323,0.8326878803552473,-0.0004089617252849287
6.0,1.0,4.0,1.0,3.0,5.0,3.0,4.0,5.0,8.0,5.0,8.0,0.0,0.0,1.0,0.0,0.0,0.0,0.0,0.0,0.0,0.0,0.0,1.0,0.0,0.0,0.0,0.0,0.0,0.0,0.0,0.0,0.0,0.0,0.0,0.0,0.0,0.0,0.0,0.0,0.47204651167558026,0.4225797143833754,-0.04946679729220488,0.47204651167558026,0.4491228333407117,-0.02292367833486858,0.47204651167558026,0.4820942808889744,0.01004776921339412,0.47204651167558026,0.48343379190481295,0.011387280229232688,,,,0.47204651167558026,0.4713142907455459,-0.000732220930034333
5.0,2.0,2.0,2.0,4.0,2.0,2.0,4.0,9.0,9.0,5.0,10.0,0.0,0.0,0.0,0.0,0.0,0.0,0.0,0.0,0.0,0.0,0.0,0.0,0.0,1.0,0.0,0.0,0.0,0.0,0.0,0.0,0.0,0.0,0.0,0.0,0.0,0.0,0.0,0.0,0.5417560710951621,0.49178888290000383,-0.049967188195158274,0.5417560710951621,0.518773530508401,-0.02298254058676108,0.5417560710951621,0.5517369970737922,0.009980925978630095,0.5417560710951621,0.5530633722093758,0.011307301114213741,,,,,,
5.0,1.0,7.0,1.0,1.0,2.0,3.0,4.0,6.0,8.0,3.0,7.0,0.0,0.0,0.0,1.0,0.0,0.0,0.0,0.0,0.0,0.0,0.0,1.0,0.0,0.0,0.0,0.0,0.0,0.0,0.0,0.0,0.0,0.0,0.0,0.0,0.0,0.0,0.0,0.0,0.6677614208810281,0.6219459466132262,-0.04581547426780186,0.6677614208810281,0.6469805013858577,-0.020780919495170358,0.6677614208810281,0.6766359876519761,0.008874566770948,0.6677614208810281,0.6778086077764174,0.010047186895389304,0.6677614208810281,0.6516850520908584,-0.016076368790169715,0.6677614208810281,0.6671092177654541,-0.0006522031155740127
4.0,1.0,4.0,1.0,1.0,3.0,4.0,2.0,4.0,6.0,1.0,9.0,0.0,1.0,0.0,0.0,0.0,0.0,1.0,0.0,0.0,0.0,0.0,0.0,1.0,0.0,0.0,0.0,0.0,0.0,0.0,1.0,0.0,0.0,0.0,0.0,0.0,0.0,0.0,0.0,0.6356249408862392,0.5881113668316194,-0.04751357405461987,0.6356249408862392,0.6139958827257157,-0.021629058160523518,0.6356249408862392,0.6449014376131371,0.009276496726897898,0.6356249408862392,0.6461289522920137,0.010504011405774505,0.6356249408862392,0.618881065682323,-0.01674387520391618,0.6356249408862392,0.6349441401310673,-0.0006808007551719619
4.0,2.0,4.0,3.0,2.0,5.0,3.0,3.0,6.0,6.0,2.0,5.0,0.0,1.0,0.0,0.0,0.0,0.0,0.0,0.0,0.0,0.0,0.0,0.0,0.0,0.0,0.0,0.0,1.0,0.0,0.0,0.0,0.0,1.0,0.0,0.0,0.0,0.0,0.0,0.0,0.462366161009251,0.4131200081393409,-0.049246152869910076,0.462366161009251,0.4395212245366707,-0.02284493647258029,0.462366161009251,0.47239224558169135,0.010026084572440364,0.462366161009251,0.47372945719281195,0.011363296183560967,0.462366161009251,0.4446171976562425,-0.017748963353008462,0.462366161009251,0.46163582625419614,-0.0007303347550548511
3.0,1.0,2.0,1.0,2.0,4.0,2.0,4.0,8.0,8.0,3.0,9.0,0.0,0.0,0.0,0.0,0.0,0.0,1.0,0.0,1.0,0.0,0.0,0.0,0.0,0.0,0.0,0.0,0.0,0.0,0.0,0.0,0.0,0.0,0.0,0.0,0.0,0.0,0.0,0.0,0.8840665810619054,0.861911128988181,-0.02215545207372438,0.8840665810619054,0.8742676978146446,-0.009798883247260748,0.8840665810619054,0.888131274676717,0.004064693614811654,0.8840665810619054,0.8886631433807597,0.0045965623188543026,0.8840665810619054,0.8765213717279258,-0.007545209333979619,0.8840665810619054,0.883765085203727,-0.0003014958581784022
6.0,5.0,4.0,1.0,3.0,3.0,2.0,3.0,7.0,7.0,4.0,7.0,0.0,1.0,0.0,0.0,0.0,0.0,0.0,0.0,0.0,0.0,0.0,0.0,0.0,0.0,0.0,0.0,0.0,1.0,0.0,0.0,0.0,0.0,0.0,0.0,0.0,0.0,0.0,0.0,0.3237671142940509,0.28155230275408605,-0.04221481153996487,0.3237671142940509,0.30389932568803973,-0.019867788606011183,0.3237671142940509,0.3326473052478604,0.008880190953809486,0.3237671142940509,0.33383923696370155,0.01007212266965063,0.3237671142940509,0.30828776445849265,-0.015479349835558265,0.3237671142940509,0.32312412825612896,-0.0006429860379219554
2.0,1.0,5.0,2.0,2.0,5.0,2.0,4.0,9.0,9.0,4.0,9.0,1.0,0.0,0.0,0.0,0.0,0.0,1.0,0.0,0.0,0.0,0.0,0.0,0.0,0.0,0.0,0.0,1.0,0.0,0.0,0.0,0.0,0.0,0.0,0.0,0.0,0.0,0.0,0.0,0.8215296143327212,0.7902583985555686,-0.03127121577715264,0.8215296143327212,0.8075953678525893,-0.013934246480131862,0.8215296143327212,0.8273587212252979,0.005829106892576652,0.8215296143327212,0.8281236101796848,0.0065939958469636295,0.8215296143327212,0.8107854596130437,-0.01074415471967749,0.8215296143327212,0.8210983959835257,-0.0004312183491954613
5.0,2.0,6.0,2.0,2.0,4.0,4.0,3.0,5.0,6.0,1.0,6.0,1.0,0.0,0.0,0.0,0.0,0.0,1.0,0.0,0.0,0.0,0.0,0.0,1.0,0.0,0.0,0.0,0.0,0.0,0.0,1.0,0.0,0.0,0.0,0.0,0.0,0.0,0.0,0.0,0.6412620787263876,0.5940140706586865,-0.04724800806770113,0.6412620787263876,0.6197674686679562,-0.02149461005843145,0.6412620787263876,0.6504739789074409,0.009211900181053223,0.6412620787263876,0.651692634270231,0.010430555543843423,0.6412620787263876,0.6246242642183074,-0.016637814508080218,0.6412620787263876,0.6405858548536805,-0.0006762238727071601
6.0,1.0,2.0,1.0,2.0,5.0,4.0,3.0,6.0,5.0,2.0,4.0,1.0,0.0,0.0,0.0,0.0,0.0,0.0,0.0,0.0,0.0,0.0,0.0,1.0,0.0,0.0,0.0,0.0,0.0,0.0,0.0,0.0,0.0,0.0,0.0,0.0,0.0,0.0,0.0,0.6731688220415042,0.6276832654422828,-0.04548555659922138,0.6731688220415042,0.6525501412920066,-0.020618680749497575,0.6731688220415042,0.6819677410280099,0.008798918986505755,0.6731688220415042,0.683130080970089,0.009961258928584793,0.6731688220415042,0.6572197928336949,-0.015949029207809273,0.6731688220415042,0.6725220282238339,-0.0006467938176702992
4.0,1.0,4.0,2.0,1.0,1.0,1.0,2.0,4.0,5.0,3.0,4.0,0.0,1.0,0.0,0.0,0.0,0.0,0.0,0.0,0.0,0.0,0.0,0.0,1.0,0.0,0.0,0.0,0.0,0.0,0.0,1.0,0.0,0.0,0.0,0.0,0.0,0.0,0.0,0.0,0.661814237952766,0.6156506905506893,-0.04616354740207662,0.661814237952766,0.6408613959636708,-0.020952841989095194,0.661814237952766,0.670769339825177,0.008955101872410998,0.661814237952766,0.6719529200403056,0.010138682087539652,0.661814237952766,0.6456028245341319,-0.01621141341863408,0.661814237952766,0.6611562842786056,-0.0006579536741603276
4.0,1.0,5.0,1.0,4.0,4.0,5.0,3.0,4.0,3.0,2.0,5.0,0.0,0.0,0.0,0.0,0.0,0.0,0.0,0.0,0.0,0.0,0.0,0.0,0.0,0.0,0.0,0.0,0.0,0.0,0.0,0.0,0.0,0.0,0.0,0.0,0.0,0.0,0.0,0.0,,,,0.5912670657834848,0.568791220978988,-0.022475844804496714,0.5912670657834848,0.6009639012482135,0.00969683546472877,0.5912670657834848,0.6022496239189985,0.010982558135513742,0.5912670657834848,0.5738514335983964,-0.017415632185088348,0.5912670657834848,0.5905567734047729,-0.0007102923787118964
4.0,1.0,7.0,1.0,2.0,2.0,3.0,2.0,0.0,7.0,5.0,7.0,0.0,1.0,0.0,0.0,0.0,0.0,1.0,0.0,0.0,0.0,0.0,0.0,1.0,0.0,0.0,0.0,0.0,0.0,0.0,1.0,0.0,0.0,0.0,0.0,0.0,0.0,0.0,0.0,0.4915889252474401,0.441787897974063,-0.049801027273377096,0.4915889252474401,0.46855848115439336,-0.02303044409304672,0.4915889252474401,0.5016574129618278,0.010068487714387675,0.4915889252474401,0.5029984885619313,0.011409563314491222,,,,0.4915889252474401,0.49085457421206974,-0.0007343510353703397
3.0,1.0,7.0,1.0,4.0,4.0,3.0,4.0,5.0,4.0,3.0,3.0,0.0,0.0,0.0,0.0,0.0,0.0,1.0,0.0,0.0,0.0,0.0,1.0,0.0,0.0,0.0,0.0,0.0,0.0,0.0,0.0,0.0,0.0,0.0,0.0,0.0,0.0,0.0,0.0,0.689060961985604,0.6446195156790085,-0.04444144630659541,0.689060961985604,0.6689518174521799,-0.02010914453342405,0.689060961985604,0.6976242155866172,0.008563253601013288,0.689060961985604,0.698754610704148,0.009693648718544057,0.689060961985604,0.673511323647068,-0.015549638338535954,0.689060961985604,0.6884310620341575,-0.0006298999514464665
7.0,1.0,7.0,1.0,4.0,5.0,3.0,5.0,10.0,9.0,5.0,8.0,0.0,0.0,0.0,0.0,0.0,0.0,0.0,0.0,0.0,0.0,0.0,1.0,0.0,0.0,0.0,0.0,0.0,0.0,0.0,0.0,0.0,0.0,1.0,0.0,0.0,0.0,0.0,0.0,0.6789898095046707,0.6338737587504524,-0.04511605075421832,,,,,,,0.6789898095046707,0.6888556567939952,0.009865847289324492,,,,0.6789898095046707,0.6783490310582889,-0.0006407784463817734
2.0,2.0,7.0,4.0,1.0,5.0,2.0,3.0,8.0,7.0,3.0,7.0,0.0,0.0,0.0,1.0,0.0,0.0,0.0,0.0,1.0,0.0,0.0,0.0,0.0,0.0,0.0,0.0,0.0,0.0,0.0,0.0,0.0,0.0,0.0,0.0,0.0,1.0,0.0,0.0,0.876434196068942,0.853062583584329,-0.023371612484613058,0.876434196068942,0.8660879264788033,-0.010346269590138735,0.876434196068942,0.8807303841546299,0.00429618808568788,0.876434196068942,0.8812927366021555,0.00485854053321344,0.876434196068942,0.8684661591193756,-0.007968036949566382,0.876434196068942,0.876115632876042,-0.0003185631929000232
5.0,1.0,6.0,1.0,2.0,5.0,2.0,3.0,8.0,6.0,4.0,10.0,1.0,0.0,0.0,0.0,0.0,0.0,1.0,0.0,0.0,0.0,0.0,0.0,1.0,0.0,0.0,0.0,0.0,0.0,0.0,1.0,0.0,0.0,0.0,0.0,0.0,0.0,0.0,0.0,0.7908783015359994,0.7558326429342686,-0.03504565860173081,0.7908783015359994,0.7752057541272531,-0.01567254740874624,0.7908783015359994,0.7974617121972029,0.006583410661203493,0.7908783015359994,0.7983267725472613,0.007448471011261892,0.7908783015359994,0.778785769551763,-0.012092531984236321,,,
4.0,2.0,2.0,3.0,2.0,4.0,2.0,4.0,7.0,6.0,3.0,7.0,0.0,0.0,1.0,0.0,0.0,0.0,0.0,0.0,0.0,0.0,0.0,0.0,0.0,0.0,0.0,0.0,1.0,0.0,0.0,1.0,0.0,0.0,0.0,0.0,0.0,0.0,0.0,0.0,0.513518988685248,0.4635218044880879,-0.04999718419716015,0.513518988685248,0.4904522532574256,-0.02306673542782245,0.513518988685248,0.5235740804859967,0.010055091800748706,0.513518988685248,0.5249120323450026,0.011393043659754576,0.513518988685248,0.4956165643830313,-0.017902424302216724,0.513518988685248,0.5127849194815962,-0.0007340692036518215
7.0,6.0,10.0,3.0,1.0,4.0,2.0,4.0,9.0,8.0,4.0,5.0,1.0,0.0,0.0,0.0,0.0,0.0,0.0,0.0,0.0,0.0,0.0,1.0,0.0,0.0,0.0,0.0,0.0,0.0,0.0,0.0,0.0,0.0,1.0,0.0,0.0,0.0,0.0,0.0,0.6552519075821004,0.6087221827441426,-0.04652972483795781,0.6552519075821004,0.6341172626960491,-0.021134644886051324,0.6552519075821004,0.6642926337765882,0.009040726194487814,0.6552519075821004,0.665487886119493,0.010235978537392665,0.6552519075821004,0.6388975593522218,-0.01635434822987858,0.6552519075821004,0.6545878500935,-0.0006640574886004336
5.0,1.0,5.0,1.0,1.0,4.0,3.0,4.0,3.0,7.0,1.0,7.0,1.0,0.0,0.0,0.0,0.0,0.0,1.0,0.0,0.0,0.0,0.0,0.0,1.0,0.0,0.0,0.0,0.0,0.0,0.0,0.0,0.0,0.0,0.0,0.0,0.0,0.0,0.0,0.0,0.7708032632403268,0.7335268653695948,-0.037276397870732,0.7708032632403268,0.7540939954357895,-0.016709267804537298,0.7708032632403268,0.7778411349245433,0.007037871684216546,0.7708032632403268,0.7787667483098457,0.007963485069518939,0.7708032632403268,0.7579052305234977,-0.0128980327168291,0.7708032632403268,0.7702837518979403,-0.0005195113423864806
6.0,1.0,9.0,4.0,1.0,4.0,2.0,3.0,6.0,6.0,3.0,6.0,1.0,0.0,0.0,0.0,0.0,0.0,1.0,0.0,0.0,0.0,0.0,1.0,0.0,0.0,0.0,0.0,0.0,0.0,0.0,0.0,0.0,0.0,0.0,0.0,0.0,0.0,0.0,0.0,0.7680147011508035,0.7304433768069848,-0.03757132434381871,0.7680147011508035,0.7511677656126576,-0.01684693553814587,0.7680147011508035,0.7751132179598802,0.007098516809076694,0.7680147011508035,0.7760469246933085,0.00803222354250499,0.7680147011508035,0.7550096193289559,-0.013005081821847564,0.7680147011508035,0.7674907757004805,-0.0005239254503229818
7.0,1.0,10.0,1.0,2.0,3.0,2.0,3.0,8.0,8.0,4.0,8.0,0.0,0.0,0.0,0.0,0.0,0.0,0.0,0.0,0.0,0.0,0.0,1.0,0.0,0.0,0.0,0.0,0.0,0.0,0.0,0.0,0.0,0.0,1.0,0.0,0.0,0.0,0.0,0.0,0.8352791143671852,0.8058477006397715,-0.029431413727413647,0.8352791143671852,0.8221860210207883,-0.013093093346396856,0.8352791143671852,0.8407461963673042,0.005467082000119028,0.8352791143671852,0.8414631374834068,0.006184023116221682,0.8352791143671852,0.8251865632842855,-0.010092551082899637,0.8352791143671852,0.8348744399959691,-0.00040467437121605165
6.0,1.0,6.0,1.0,1.0,3.0,2.0,4.0,8.0,8.0,4.0,8.0,0.0,0.0,0.0,0.0,0.0,0.0,0.0,0.0,0.0,0.0,0.0,0.0,0.0,1.0,0.0,0.0,0.0,0.0,0.0,0.0,0.0,0.0,0.0,0.0,0.0,0.0,0.0,0.0,0.8514798049413089,0.8243342732870801,-0.02714553165422884,0.8514798049413089,0.8394268953789392,-0.012052909562369707,0.8514798049413089,0.8565015617628763,0.005021756821567358,0.8514798049413089,0.8571596247415444,0.005679819800235464,0.8514798049413089,0.8421923452753804,-0.009287459665928477,0.8514798049413089,0.851107836609479,-0.0003719683318299527
5.0,1.0,1.0,1.0,4.0,5.0,3.0,3.0,4.0,7.0,3.0,8.0,0.0,0.0,1.0,0.0,0.0,0.0,1.0,0.0,0.0,0.0,0.0,0.0,0.0,0.0,0.0,0.0,0.0,0.0,0.0,0.0,0.0,0.0,0.0,0.0,0.0,0.0,0.0,0.0,0.38853970328944437,0.3421525681967855,-0.04638713509265885,0.38853970328944437,0.366853457002932,-0.02168624628651239,0.38853970328944437,0.3981504579375326,0.009610754648088249,0.38853970328944437,0.3994366161250329,0.010896912835588524,0.38853970328944437,0.3716655975552363,-0.016874105734208056,0.38853970328944437,0.3878418585503177,-0.0006978447391266518
6.0,3.0,7.0,2.0,3.0,5.0,3.0,3.0,5.0,8.0,5.0,8.0,0.0,0.0,0.0,0.0,0.0,0.0,1.0,0.0,0.0,0.0,0.0,0.0,0.0,1.0,0.0,0.0,0.0,0.0,0.0,0.0,0.0,0.0,0.0,0.0,0.0,0.0,0.0,0.0,0.6187215211735252,0.5704931893296376,-0.04822833184388764,0.6187215211735252,0.5967256823317157,-0.021995838841809445,0.6187215211735252,0.6281766199174096,0.009455098743884394,0.6187215211735252,0.6294287280427181,0.010707206869192909,,,,0.6187215211735252,0.6180281170933976,-0.0006934040801276353
3.0,1.0,2.0,1.0,1.0,4.0,1.0,3.0,8.0,8.0,3.0,9.0,0.0,0.0,0.0,0.0,0.0,0.0,1.0,0.0,0.0,0.0,0.0,0.0,0.0,0.0,0.0,0.0,0.0,0.0,0.0,0.0,0.0,0.0,0.0,0.0,0.0,0.0,0.0,0.0,0.9206604675380784,0.9047447871042312,-0.015915680433847168,0.9206604675380784,0.9136524662215809,-0.007008001316497481,0.9206604675380784,0.9235531017350967,0.002892634197018351,0.9206604675380784,0.9239309852789631,0.0032705177408847153,0.9206604675380784,0.9152686107890307,-0.005391856749047741,0.9206604675380784,0.9204455738708219,-0.00021489366725646608
6.0,4.0,2.0,3.0,1.0,4.0,2.0,4.0,8.0,6.0,4.0,8.0,0.0,1.0,0.0,0.0,0.0,0.0,1.0,0.0,0.0,0.0,0.0,1.0,0.0,0.0,0.0,0.0,0.0,0.0,0.0,0.0,0.0,0.0,1.0,0.0,0.0,0.0,0.0,0.0,0.46549266437004866,0.4161712797788542,-0.04932138459119445,0.46549266437004866,0.4426204279930523,-0.02287223637699637,0.46549266437004866,0.47552658071354864,0.010033916343499982,0.46549266437004866,0.47686464563835373,0.011371981268305076,0.46549266437004866,0.44772363005166355,-0.017769034318385113,0.46549266437004866,0.46476166023922827,-0.0007310041308203896
4.0,1.0,2.0,1.0,2.0,3.0,3.0,3.0,9.0,9.0,4.0,8.0,0.0,1.0,0.0,0.0,0.0,0.0,0.0,0.0,0.0,0.0,0.0,0.0,0.0,0.0,0.0,1.0,0.0,0.0,0.0,0.0,0.0,0.0,0.0,0.0,0.0,0.0,0.0,0.0,0.5028800270417729,0.45295422904429705,-0.049925797997475874,0.5028800270417729,0.4798198351710265,-0.023060191870746427,0.5028800270417729,0.5129464517673644,0.010066424725591494,0.5028800270417729,0.5142865618245359,0.01140653478276299,0.5028800270417729,0.4849787480803447,-0.017901278961428235,0.5028800270417729,0.5021454681391552,-0.0007345589026177546
2.0,1.0,3.0,2.0,2.0,5.0,2.0,4.0,4.0,6.0,4.0,8.0,0.0,0.0,0.0,1.0,0.0,0.0,1.0,0.0,0.0,0.0,0.0,1.0,0.0,0.0,0.0,0.0,0.0,0.0,0.0,0.0,0.0,0.0,0.0,0.0,0.0,0.0,0.0,0.0,0.6840595747567,0.6392775104915895,-0.044782064265110444,0.6840595747567,0.6637848013350034,-0.02027477342169659,0.6840595747567,0.6926991393194886,0.008639564562788582,0.6840595747567,0.6938398660135703,0.0097802912568703,0.6840595747567,0.6683801938673034,-0.015679380889396577,0.6840595747567,0.6834241978633565,-0.0006353768933434756
4.0,1.0,10.0,1.0,1.0,1.0,1.0,4.0,8.0,8.0,4.0,8.0,0.0,0.0,0.0,0.0,0.0,0.0,0.0,0.0,0.0,0.0,0.0,1.0,0.0,0.0,0.0,0.0,0.0,0.0,0.0,0.0,0.0,0.0,0.0,0.0,0.0,0.0,0.0,0.0,0.8959039470154094,0.8756925923669365,-0.0202113546484729,0.8959039470154094,0.8869776680544147,-0.008926278960994738,0.8959039470154094,0.8996007480632366,0.003696801047827214,0.8959039470154094,0.9000842210389794,0.004180274023570019,0.8959039470154094,0.8890324397378924,-0.006871507277517064,0.8959039470154094,0.8956296010559938,-0.0002743459594156672
6.0,3.0,3.0,2.0,3.0,3.0,4.0,2.0,4.0,4.0,4.0,4.0,1.0,0.0,0.0,0.0,0.0,0.0,0.0,0.0,0.0,0.0,0.0,1.0,0.0,0.0,0.0,0.0,0.0,0.0,0.0,0.0,0.0,0.0,0.0,0.0,0.0,0.0,0.0,0.0,0.38738835066410277,0.34106200193848585,-0.04632634872561692,0.38738835066410277,0.36572793003810206,-0.02166042062600071,0.38738835066410277,0.3969891161026917,0.009600765438588954,0.38738835066410277,0.3982740053390759,0.010885654674973155,0.38738835066410277,0.3705339469045298,-0.016854403759572978,0.38738835066410277,0.3866912660761493,-0.0006970845879534782
3.0,1.0,6.0,1.0,2.0,4.0,2.0,4.0,5.0,5.0,3.0,6.0,0.0,0.0,1.0,0.0,0.0,0.0,1.0,0.0,0.0,0.0,0.0,0.0,0.0,0.0,0.0,0.0,0.0,1.0,0.0,0.0,0.0,0.0,0.0,0.0,0.0,0.0,0.0,0.0,0.6572171228602006,0.6107950913543835,-0.04642203150581714,0.6572171228602006,0.6361360535102748,-0.02108106934992582,0.6572171228602006,0.6662325640357663,0.00901544117556563,0.6572171228602006,0.6674243673790713,0.010207244518870673,0.6572171228602006,0.6409049107891813,-0.016312212071019294,0.6572171228602006,0.6565548666929276,-0.000662256167273001
6.0,2.0,6.0,1.0,4.0,5.0,3.0,3.0,8.0,8.0,3.0,5.0,0.0,0.0,0.0,0.0,0.0,0.0,1.0,0.0,0.0,0.0,1.0,0.0,0.0,0.0,0.0,0.0,0.0,0.0,0.0,0.0,0.0,0.0,1.0,0.0,0.0,0.0,0.0,0.0,0.722767888932478,0.6809131408984989,-0.04185474803397915,0.722767888932478,0.7039019168728374,-0.01886597205964058,0.722767888932478,0.7307655613642127,0.00799767243173466,0.722767888932478,0.7318196891942222,0.009051800261744236,0.722767888932478,0.7081900386462913,-0.014577850286186744,0.722767888932478,0.7221787413514471,-0.0005891475810309021
3.0,1.0,3.0,1.0,2.0,5.0,2.0,3.0,7.0,8.0,3.0,8.0,0.0,0.0,0.0,0.0,0.0,0.0,1.0,0.0,0.0,0.0,0.0,0.0,0.0,0.0,0.0,0.0,0.0,0.0,0.0,0.0,0.0,0.0,0.0,0.0,0.0,0.0,0.0,0.0,0.8863769794840616,0.8645954310346955,-0.021781548449366084,0.8863769794840616,0.8767461497577509,-0.009630829726310686,0.8863769794840616,0.8903707141233912,0.003993734639329616,0.8863769794840616,0.890893243641246,0.004516264157184424,0.8863769794840616,0.8789615493535625,-0.007415430130499057,0.8863769794840616,0.8860807178029302,-0.0002962616811313934
6.0,1.0,8.0,1.0,1.0,4.0,3.0,4.0,8.0,8.0,3.0,6.0,0.0,0.0,0.0,0.0,0.0,0.0,0.0,0.0,0.0,0.0,0.0,0.0,0.0,0.0,0.0,0.0,0.0,0.0,0.0,0.0,0.0,0.0,0.0,0.0,0.0,0.0,0.0,0.0,0.8734174712469884,0.8495731999001147,-0.023844271346873724,0.8734174712469884,0.8628581337328706,-0.010559337514117861,0.8734174712469884,0.8778039223500347,0.004386451103046252,0.8734174712469884,0.8783781675542576,0.004960696307269141,0.8734174712469884,0.8652848043546751,-0.00813266689231329,0.8734174712469884,0.8730922568443361,-0.0003252144026523185
4.0,1.0,7.0,1.0,1.0,4.0,2.0,4.0,8.0,8.0,5.0,8.0,0.0,0.0,0.0,0.0,0.0,0.0,1.0,0.0,0.0,0.0,0.0,0.0,1.0,0.0,0.0,0.0,0.0,0.0,0.0,1.0,0.0,0.0,0.0,0.0,0.0,0.0,0.0,0.0,0.8853754825849903,0.863431527442185,-0.021943955142805338,0.8853754825849903,0.8756716716227728,-0.009703810962217507,0.8853754825849903,0.8894000264595814,0.004024543874591058,0.8853754825849903,0.8899266106240156,0.004551128039025243,,,,0.8853754825849903,0.8850769481610736,-0.0002985344239166965
5.0,1.0,3.0,1.0,2.0,4.0,2.0,4.0,10.0,8.0,4.0,8.0,1.0,0.0,0.0,0.0,0.0,0.0,1.0,0.0,0.0,0.0,0.0,0.0,1.0,0.0,0.0,0.0,0.0,0.0,0.0,0.0,0.0,0.0,0.0,0.0,0.0,0.0,0.0,0.0,0.7438188710597756,0.7038399967133391,-0.039978874346436544,0.7438188710597756,0.7258420552061086,-0.01797681585366706,,,,0.7438188710597756,0.7524187849995339,0.00859991393975823,0.7438188710597756,0.7299343445659584,-0.013884526493817217,0.7438188710597756,0.7432585680875096,-0.000560302972266058
4.0,1.0,5.0,1.0,1.0,4.0,3.0,4.0,8.0,8.0,5.0,7.0,0.0,0.0,0.0,0.0,0.0,0.0,1.0,0.0,0.0,0.0,0.0,0.0,1.0,0.0,0.0,0.0,0.0,0.0,0.0,0.0,0.0,0.0,0.0,0.0,0.0,0.0,0.0,0.0,0.8461487395392505,0.8182368289039065,-0.02791191063534404,0.8461487395392505,0.8337476684224749,-0.012401071116775575,0.8461487395392505,0.8513192751466475,0.005170535607396998,0.8461487395392505,0.8519969967225541,0.005848257183303618,,,,0.8461487395392505,0.8457658380418838,-0.00038290149736674994
3.0,1.0,6.0,1.0,2.0,4.0,3.0,2.0,5.0,7.0,4.0,7.0,0.0,0.0,0.0,0.0,0.0,0.0,1.0,0.0,0.0,0.0,0.0,0.0,0.0,0.0,0.0,0.0,0.0,0.0,0.0,0.0,0.0,0.0,0.0,0.0,0.0,0.0,0.0,0.0,0.8486526582531384,0.8210989670253029,-0.027553691227835464,0.8486526582531384,0.8364143946641254,-0.012238263589013032,0.8486526582531384,0.8537535880609654,0.005100929807826948,0.8486526582531384,0.8544221109430232,0.005769452689884824,0.8486526582531384,0.8392217897616526,-0.009430868491485778,0.8486526582531384,0.8482748710298528,-0.0003777872232856305
5.0,1.0,7.0,3.0,1.0,5.0,2.0,3.0,7.0,8.0,3.0,8.0,0.0,1.0,0.0,0.0,0.0,0.0,0.0,0.0,0.0,0.0,0.0,0.0,0.0,0.0,0.0,0.0,0.0,0.0,0.0,0.0,0.0,0.0,0.0,0.0,0.0,0.0,0.0,0.0,0.7661418011433311,0.7283744283734467,-0.0377673727698844,0.7661418011433311,0.7492032690557027,-0.01693853208762841,0.7661418011433311,0.7732807091335997,0.007138907990268617,0.7661418011433311,0.7742198080323925,0.008078006889061462,0.7661418011433311,0.7530654828760551,-0.013076318267275955,0.7661418011433311,0.7656149367305956,-0.0005268644127355282
2.0,1.0,4.0,1.0,1.0,5.0,2.0,4.0,8.0,8.0,3.0,8.0,0.0,0.0,0.0,0.0,0.0,0.0,0.0,0.0,0.0,0.0,0.0,1.0,0.0,0.0,0.0,0.0,0.0,0.0,0.0,0.0,0.0,0.0,0.0,0.0,0.0,0.0,0.0,0.0,0.9370185902038352,0.9241139064039671,-0.012904683799868089,0.9370185902038352,0.9313477455244652,-0.005670844679369957,0.9370185902038352,0.9393541109325162,0.0023355207286810398,0.9370185902038352,0.9396589918337891,0.002640401629953937,0.9370185902038352,0.9326571038271553,-0.0043614863766798795,0.9370185902038352,0.9368449637197035,-0.00017362648413166148
2.0,2.0,3.0,2.0,3.0,3.0,3.0,2.0,5.0,5.0,2.0,5.0,1.0,0.0,0.0,0.0,0.0,0.0,1.0,0.0,0.0,0.0,0.0,0.0,0.0,0.0,0.0,0.0,1.0,0.0,0.0,1.0,0.0,0.0,0.0,0.0,0.0,0.0,0.0,0.0,0.6049756687760881,0.5562556171151987,-0.04872005166088944,0.6049756687760881,0.5827216471773778,-0.02225402159871026,0.6049756687760881,0.6145592900442927,0.009583621268204556,0.6049756687760881,0.6158292102863259,0.010853541510237763,0.6049756687760881,0.5877368730086687,-0.01723879576741938,0.6049756687760881,0.6042732548940342,-0.0007024138820539427
4.0,1.0,3.0,1.0,2.0,4.0,2.0,3.0,8.0,8.0,4.0,8.0,0.0,0.0,0.0,0.0,0.0,0.0,1.0,0.0,0.0,0.0,0.0,1.0,0.0,0.0,0.0,0.0,0.0,0.0,0.0,0.0,0.0,0.0,0.0,0.0,0.0,0.0,0.0,0.0,0.8469460300022132,0.819147849006016,-0.02779818099619724,0.8469460300022132,0.8345966615246673,-0.012349368477545974,0.8469460300022132,0.8520944544742547,0.005148424472041446,0.8469460300022132,0.8527692536907525,0.00582322368853927,0.8469460300022132,0.8374291885715263,-0.009516841430686984,0.8469460300022132,0.8465647529666728,-0.00038127703554047265
2.0,1.0,1.0,3.0,2.0,3.0,1.0,2.0,4.0,4.0,1.0,2.0,1.0,0.0,0.0,0.0,0.0,0.0,0.0,0.0,0.0,0.0,0.0,0.0,0.0,0.0,0.0,0.0,1.0,0.0,0.0,1.0,0.0,0.0,0.0,0.0,0.0,0.0,0.0,0.0,0.7821031534404763,0.7460590971268407,-0.03604405631363561,0.7821031534404763,0.765967564134939,-0.016135589305537268,0.7821031534404763,0.7888890759408282,0.006785922500351926,0.7821031534404763,0.7897810988765002,0.0076779454360238475,0.7821031534404763,0.76965098703549,-0.012452166404986365,0.7821031534404763,0.7816019979729825,-0.0005011554674938523
5.0,2.0,7.0,1.0,4.0,4.0,3.0,3.0,0.0,0.0,2.0,3.0,1.0,0.0,0.0,0.0,0.0,0.0,1.0,0.0,0.0,0.0,0.0,0.0,0.0,0.0,0.0,0.0,0.0,0.0,0.0,1.0,0.0,0.0,0.0,0.0,0.0,0.0,0.0,0.0,0.4459965161044811,0.3972057630761706,-0.048790753028310485,0.4459965161044811,0.4233235453652018,-0.02267297073927932,0.4459965161044811,0.45596868255170414,0.009972166447223041,0.4459965161044811,0.4572996989150901,0.011303182810608992,0.4459965161044811,0.42837525401232557,-0.017621262092155532,0.4459965161044811,0.4452706234422891,-0.0007258926621919737
7.0,6.0,7.0,2.0,4.0,3.0,3.0,2.0,6.0,7.0,2.0,5.0,0.0,0.0,0.0,0.0,0.0,0.0,1.0,0.0,0.0,0.0,0.0,0.0,0.0,0.0,0.0,0.0,0.0,0.0,0.0,0.0,0.0,0.0,1.0,0.0,0.0,0.0,0.0,0.0,0.39563540781885786,0.34888448828707724,-0.04675091953178062,0.39563540781885786,0.37379522503439244,-0.021840182784465423,0.39563540781885786,0.4053053381298176,0.009669930310959751,0.39563540781885786,0.40659899446274367,0.010963586643885803,0.39563540781885786,0.37864396749481194,-0.016991440324045926,0.39563540781885786,0.3949330501017135,-0.0007023577171443862
5.0,1.0,4.0,2.0,1.0,5.0,1.0,4.0,6.0,3.0,3.0,8.0,0.0,0.0,0.0,0.0,0.0,0.0,0.0,0.0,0.0,0.0,0.0,0.0,1.0,0.0,0.0,0.0,0.0,0.0,0.0,0.0,0.0,0.0,0.0,0.0,0.0,0.0,0.0,0.0,0.8720345832000949,0.84797515898648,-0.024059424213614844,0.8720345832000949,0.861378195887292,-0.010656387312802829,0.8720345832000949,0.8764621773300846,0.00442759412998972,0.8720345832000949,0.877041844675345,0.005007261475250102,0.8720345832000949,0.8638269206977095,-0.00820766250238536,0.8720345832000949,0.8717063377719302,-0.00032824542816467517
4.0,5.0,5.0,2.0,1.0,5.0,2.0,4.0,6.0,8.0,4.0,7.0,0.0,0.0,0.0,0.0,0.0,0.0,0.0,0.0,0.0,0.0,0.0,0.0,1.0,0.0,0.0,0.0,0.0,0.0,0.0,0.0,0.0,0.0,0.0,0.0,0.0,0.0,0.0,0.0,0.8029930131546404,0.7693855939634954,-0.03360741919114507,0.8029930131546404,0.7879850039217783,-0.015008009232862163,0.8029930131546404,0.8092870054039879,0.006293992249347458,0.8029930131546404,0.8101135851875011,0.00712057203286065,0.8029930131546404,0.7914162609377845,-0.011576752216855946,0.8029930131546404,0.8025277725985389,-0.0004652405561015316
6.0,1.0,3.0,1.0,2.0,4.0,3.0,3.0,6.0,7.0,3.0,7.0,0.0,0.0,0.0,1.0,0.0,0.0,0.0,0.0,0.0,0.0,0.0,0.0,0.0,0.0,0.0,0.0,0.0,0.0,0.0,0.0,1.0,0.0,0.0,0.0,0.0,0.0,0.0,0.0,0.7442924178226465,0.7043580710072935,-0.03993434681535302,0.7442924178226465,0.7263366060078853,-0.017955811814761247,0.7442924178226465,0.7518823077856616,0.007589889963015017,0.7442924178226465,0.7528817163389427,0.008589298516296195,0.7442924178226465,0.7304242549969497,-0.013868162825696806,0.7442924178226465,0.7437327937289737,-0.0005596240936728281
5.0,1.0,2.0,1.0,1.0,4.0,2.0,2.0,6.0,8.0,4.0,8.0,0.0,0.0,0.0,0.0,0.0,0.0,0.0,0.0,0.0,0.0,0.0,1.0,0.0,0.0,0.0,0.0,0.0,0.0,0.0,0.0,0.0,0.0,0.0,0.0,0.0,0.0,0.0,0.0,0.8844243300574572,0.862326598882392,-0.022097731175065194,0.8844243300574572,0.8746513970731907,-0.009772932984266514,0.8844243300574572,0.8884780630248723,0.004053732967415069,0.8844243300574572,0.8890084890083866,0.00458415895092934,0.8844243300574572,0.8768991618073224,-0.007525168250134828,0.8844243300574572,0.8841236426153372,-0.00030068744212008447
4.0,2.0,6.0,1.0,2.0,4.0,2.0,3.0,5.0,5.0,3.0,5.0,0.0,1.0,0.0,0.0,0.0,0.0,1.0,0.0,0.0,1.0,0.0,0.0,0.0,0.0,0.0,0.0,0.0,0.0,0.0,1.0,0.0,0.0,0.0,0.0,0.0,0.0,0.0,0.0,0.5754738987656531,0.5259663065152183,-0.049507592250434884,0.5754738987656531,0.5527864684871413,-0.022687430278511833,0.5754738987656531,0.585282611758297,0.009808712992643853,0.5754738987656531,0.5865841025865658,0.011110203820912656,0.5754738987656531,0.5578885107713092,-0.01758538799434395,0.5754738987656531,0.5747558999925942,-0.0007179987730588921
6.0,2.0,5.0,2.0,1.0,4.0,1.0,2.0,8.0,8.0,3.0,8.0,0.0,0.0,0.0,0.0,0.0,0.0,1.0,0.0,0.0,0.0,0.0,0.0,0.0,1.0,0.0,0.0,0.0,0.0,0.0,0.0,0.0,0.0,0.0,0.0,0.0,0.0,0.0,0.0,0.868645688844358,0.8440630388103901,-0.024582650033967868,0.868645688844358,0.8577531241806686,-0.010892564663689375,0.868645688844358,0.8731734851284044,0.004527796284046426,0.868645688844358,0.8737663612480658,0.005120672403707838,0.868645688844358,0.8602554963027613,-0.008390192541596675,0.868645688844358,0.8683100632807441,-0.00033562556361388385
3.0,1.0,6.0,1.0,1.0,4.0,2.0,5.0,9.0,7.0,4.0,9.0,0.0,1.0,0.0,0.0,0.0,0.0,0.0,0.0,0.0,0.0,0.0,0.0,0.0,0.0,0.0,0.0,0.0,0.0,0.0,0.0,0.0,0.0,0.0,0.0,0.0,0.0,0.0,0.0,0.7863020580015754,0.7507312040475638,-0.035570853954011605,,,,0.7863020580015754,0.79299182602868,0.006689768027104637,0.7863020580015754,0.7938710429419034,0.007568984940327983,0.7863020580015754,0.7740205144952007,-0.01228154350637467,0.7863020580015754,0.7858079150494693,-0.0004941429521060359
6.0,1.0,9.0,1.0,2.0,4.0,2.0,4.0,8.0,9.0,5.0,9.0,0.0,0.0,0.0,0.0,0.0,0.0,1.0,0.0,0.0,0.0,0.0,0.0,0.0,1.0,0.0,0.0,0.0,0.0,0.0,0.0,0.0,0.0,1.0,0.0,0.0,0.0,0.0,0.0,0.8284914034806771,0.7981402911370358,-0.030351112343641296,0.8284914034806771,0.8149782895111464,-0.013513113969530699,0.8284914034806771,0.8341390349082621,0.005647631427585065,0.8284914034806771,0.8348798788963084,0.006388475415631367,,,,0.8284914034806771,0.828073485902035,-0.0004179175786420686
4.0,1.0,3.0,1.0,3.0,5.0,2.0,2.0,9.0,9.0,4.0,9.0,0.0,0.0,1.0,0.0,0.0,0.0,1.0,0.0,0.0,0.0,0.0,0.0,0.0,0.0,0.0,0.0,0.0,0.0,1.0,0.0,0.0,0.0,0.0,1.0,0.0,0.0,0.0,0.0,0.4113643251774987,0.36387381185791284,-0.04749051331958587,0.4113643251774987,0.3892150407029943,-0.022149284474504427,0.4113643251774987,0.4211507984842232,0.009786473306724497,0.4113643251774987,0.4224591025441077,0.011094777366608966,0.4113643251774987,0.39413790929084636,-0.017226415886652358,0.4113643251774987,0.4106530175518435,-0.0007113076256551887
3.0,1.0,3.0,1.0,1.0,4.0,2.0,4.0,9.0,8.0,3.0,6.0,1.0,0.0,0.0,0.0,0.0,0.0,1.0,0.0,1.0,0.0,0.0,0.0,0.0,0.0,0.0,0.0,0.0,0.0,0.0,0.0,0.0,0.0,0.0,0.0,0.0,0.0,0.0,0.0,0.8918230688684861,0.8709335159791527,-0.020889552889333363,0.8918230688684861,0.8825927118216863,-0.009230357046799753,0.8918230688684861,0.895647915135557,0.003824846267070914,0.8918230688684861,0.8961482255669438,0.004325156698457788,0.8918230688684861,0.8847168416225355,-0.007106227245950558,0.8918230688684861,0.8915392697769227,-0.000283799091563397
2.0,2.0,2.0,4.0,2.0,4.0,2.0,4.0,5.0,6.0,2.0,5.0,1.0,0.0,0.0,0.0,0.0,0.0,0.0,1.0,0.0,0.0,0.0,0.0,0.0,0.0,0.0,0.0,1.0,0.0,0.0,0.0,0.0,0.0,0.0,0.0,0.0,1.0,0.0,0.0,0.8193977034645197,0.7878494033860951,-0.031548300078424574,0.8193977034645197,0.8053364469878738,-0.014061256476645911,0.8193977034645197,0.8252816329081325,0.005883929443612823,0.8193977034645197,0.826053789651425,0.0066560861869052745,0.8193977034645197,0.8085551134458265,-0.010842590018693143,0.8193977034645197,0.8189624691435025,-0.00043523432101721937
4.0,1.0,6.0,1.0,1.0,3.0,1.0,3.0,9.0,8.0,4.0,7.0,0.0,0.0,0.0,0.0,1.0,0.0,0.0,0.0,0.0,0.0,0.0,0.0,1.0,0.0,0.0,0.0,0.0,0.0,0.0,0.0,0.0,0.0,0.0,0.0,0.0,0.0,0.0,0.0,0.9004088508115482,0.880955947869424,-0.019452902942124206,0.9004088508115482,0.8918222249159127,-0.008586625895635525,0.9004088508115482,0.9039628172213791,0.0035539664098308554,0.9004088508115482,0.9044275162417305,0.0040186654301822555,0.9004088508115482,0.8937994669594199,-0.006609383852128281,0.9004088508115482,0.9001450542623025,-0.0002637965492456873
3.0,1.0,3.0,1.0,3.0,4.0,1.0,1.0,10.0,10.0,5.0,10.0,0.0,0.0,1.0,0.0,0.0,0.0,1.0,0.0,0.0,0.0,0.0,0.0,0.0,0.0,0.0,0.0,0.0,0.0,0.0,0.0,0.0,0.0,0.0,0.0,0.0,0.0,0.0,0.0,0.7215582440609786,0.6796018277353778,-0.041956416325600765,0.7215582440609786,0.7026438208463978,-0.01891442321458081,,,,,,,,,,,,
4.0,2.0,5.0,1.0,2.0,2.0,2.0,3.0,8.0,8.0,3.0,7.0,0.0,1.0,0.0,0.0,0.0,0.0,1.0,0.0,0.0,0.0,0.0,1.0,0.0,0.0,0.0,0.0,0.0,0.0,0.0,0.0,0.0,0.0,0.0,0.0,0.0,0.0,0.0,0.0,0.5934797495830689,0.5444095936244567,-0.049070155958612194,0.5934797495830689,0.5710373044560163,-0.022442445127052624,0.5934797495830689,0.6031593234389365,0.009679573855867596,0.5934797495830689,0.6044426283172272,0.010962878734158243,0.5934797495830689,0.5760908032710174,-0.017388946312051567,0.5934797495830689,0.5927706540552076,-0.0007090955278613587
4.0,1.0,10.0,2.0,1.0,4.0,2.0,3.0,8.0,7.0,4.0,9.0,0.0,0.0,0.0,1.0,0.0,0.0,1.0,0.0,0.0,0.0,0.0,0.0,1.0,0.0,0.0,0.0,0.0,0.0,0.0,0.0,0.0,0.0,0.0,1.0,0.0,0.0,0.0,0.0,0.7318931047787943,0.6908267090720254,-0.041066395706768954,0.7318931047787943,0.7134018774283107,-0.018491227350483586,0.7318931047787943,0.7397223287958548,0.007829224017060432,0.7318931047787943,0.7407538291843666,0.008860724405572284,0.7318931047787943,0.71760761412184,-0.01428549065695428,0.7318931047787943,0.731316140389828,-0.0005769643889663723
6.0,3.0,2.0,1.0,2.0,5.0,3.0,2.0,3.0,3.0,1.0,1.0,0.0,0.0,0.0,0.0,0.0,0.0,1.0,0.0,0.0,0.0,1.0,0.0,0.0,0.0,0.0,0.0,0.0,0.0,0.0,1.0,0.0,0.0,0.0,0.0,0.0,0.0,0.0,0.0,0.7594061193777193,0.7209471627211691,-0.03845895665655019,0.7594061193777193,0.7421439165213926,-0.017262202856326736,0.7594061193777193,0.7666880287110482,0.007281909333328951,0.7594061193777193,0.7676462299386048,0.008240110560885472,0.7594061193777193,0.7460779976784461,-0.013328121699273221,0.7594061193777193,0.7588688560797379,-0.0005372632979814274
3.0,1.0,5.0,1.0,2.0,4.0,3.0,3.0,7.0,8.0,3.0,5.0,1.0,0.0,0.0,0.0,0.0,0.0,1.0,0.0,0.0,0.0,0.0,1.0,0.0,0.0,0.0,0.0,0.0,0.0,0.0,0.0,0.0,0.0,0.0,0.0,0.0,0.0,0.0,0.0,0.8031345813703943,0.7695443813163377,-0.03359020005405655,0.8031345813703943,0.7881345113355337,-0.015000070034860591,0.8031345813703943,0.8094251241954983,0.006290542825103995,0.8031345813703943,0.8102512457075405,0.007116664337146195,0.8031345813703943,0.7915639887548006,-0.011570592615593678,0.8031345813703943,0.8026695929769023,-0.00046498839349196075
2.0,2.0,3.0,4.0,1.0,5.0,2.0,2.0,0.0,2.0,2.0,7.0,1.0,0.0,0.0,0.0,0.0,0.0,1.0,0.0,1.0,0.0,0.0,0.0,0.0,0.0,0.0,0.0,0.0,0.0,0.0,0.0,0.0,0.0,0.0,0.0,0.0,1.0,0.0,0.0,0.857856541339152,0.8316460658247875,-0.026210475514364506,0.857856541339152,0.8462276688952151,-0.011628872443936955,0.857856541339152,0.8626974557457777,0.004840914406625707,0.857856541339152,0.8633316390733532,0.005475097734201184,0.857856541339152,0.8488970767647539,-0.008959464574398113,0.857856541339152,0.8574978707256309,-0.00035867061352112817
2.0,1.0,5.0,1.0,1.0,4.0,2.0,4.0,8.0,7.0,2.0,7.0,0.0,1.0,0.0,0.0,0.0,0.0,0.0,0.0,0.0,0.0,0.0,1.0,0.0,0.0,0.0,0.0,0.0,0.0,0.0,0.0,0.0,0.0,0.0,0.0,0.0,0.0,0.0,0.0,0.832820384598794,0.8030532421540371,-0.029767142444756978,0.832820384598794,0.8195740708082702,-0.013246313790523878,0.832820384598794,0.8383532792006103,0.005532894601816274,0.832820384598794,0.8390789310284243,0.006258546429630307,0.832820384598794,0.8226091791771591,-0.010211205421634895,0.832820384598794,0.832410881740446,-0.0004095028583480653
4.0,1.0,4.0,1.0,2.0,5.0,2.0,4.0,8.0,8.0,5.0,7.0,1.0,0.0,0.0,0.0,0.0,0.0,0.0,0.0,0.0,0.0,0.0,0.0,1.0,0.0,0.0,0.0,0.0,0.0,0.0,0.0,0.0,0.0,0.0,0.0,0.0,0.0,0.0,0.0,0.8039493963414651,0.7704584890800383,-0.03349090726142678,0.8039493963414651,0.7889950995152273,-0.014954296826237834,0.8039493963414651,0.8102200552919904,0.006270658950525254,0.8039493963414651,0.8110435353020483,0.007094138960583196,,,,0.8039493963414651,0.803485861599784,-0.0004635347416811486
6.0,1.0,3.0,2.0,2.0,5.0,2.0,2.0,10.0,10.0,3.0,10.0,0.0,0.0,1.0,0.0,0.0,0.0,1.0,0.0,0.0,0.0,0.0,0.0,0.0,0.0,0.0,0.0,0.0,0.0,0.0,0.0,0.0,0.0,0.0,0.0,0.0,0.0,0.0,0.0,0.6817480315455997,0.6368122797525126,-0.044935751793087064,0.6817480315455997,0.6613983456644233,-0.02034968588117636,,,,,,,0.6817480315455997,0.6660099441682522,-0.0157380873773475,,,
5.0,1.0,9.0,1.0,1.0,3.0,2.0,4.0,8.0,8.0,3.0,6.0,1.0,0.0,0.0,0.0,0.0,0.0,0.0,0.0,0.0,0.0,0.0,0.0,1.0,0.0,0.0,0.0,0.0,0.0,0.0,0.0,0.0,0.0,0.0,0.0,0.0,0.0,0.0,0.0,0.8424181761970793,0.8139782536675837,-0.028439922529495565,0.8424181761970793,0.8297768985745443,-0.012641277622534974,0.8424181761970793,0.8476915185653595,0.005273342368280254,0.8424181761970793,0.84838283126905,0.005964655071970748,0.8424181761970793,0.8326754161765954,-0.00974276002048391,0.8424181761970793,0.8420277235422354,-0.0003904526548438314
5.0,1.0,1.0,1.0,1.0,5.0,2.0,4.0,5.0,4.0,4.0,5.0,0.0,0.0,0.0,0.0,0.0,0.0,0.0,0.0,0.0,1.0,0.0,0.0,0.0,0.0,0.0,0.0,0.0,0.0,0.0,0.0,1.0,0.0,0.0,0.0,0.0,0.0,0.0,0.0,0.9004461602921728,0.8809995817775401,-0.019446578514632717,0.9004461602921728,0.8918623648441673,-0.008583795448005582,0.9004461602921728,0.9039989372462549,0.003552776954082071,0.9004461602921728,0.904463479962549,0.004017319670376218,0.9004461602921728,0.8938389605560735,-0.006607199736099356,0.9004461602921728,0.9001824516125337,-0.0002637086796390964
4.0,3.0,6.0,2.0,2.0,2.0,2.0,4.0,5.0,5.0,5.0,5.0,0.0,1.0,0.0,0.0,0.0,0.0,1.0,0.0,0.0,1.0,0.0,0.0,0.0,0.0,0.0,0.0,0.0,0.0,0.0,0.0,0.0,0.0,0.0,1.0,0.0,0.0,0.0,0.0,0.31297247282022955,0.27159984220692035,-0.0413726306133092,0.31297247282022955,0.2934796120158675,-0.019492860804362078,0.31297247282022955,0.321697438952734,0.008724966132504453,0.31297247282022955,0.3228691176721406,0.009896644851911052,,,,0.31297247282022955,0.31234102272495007,-0.0006314500952794844
6.0,1.0,2.0,2.0,2.0,3.0,2.0,4.0,8.0,8.0,3.0,9.0,0.0,0.0,0.0,0.0,0.0,0.0,1.0,0.0,0.0,0.0,0.0,0.0,0.0,0.0,0.0,0.0,0.0,0.0,0.0,1.0,0.0,0.0,0.0,0.0,0.0,0.0,0.0,0.0,0.7523783316339551,0.7132202168938969,-0.03915811474005815,0.7523783316339551,0.7347879928758912,-0.017590338758063817,0.7523783316339551,0.7598056695523706,0.007427337918415544,0.7523783316339551,0.7607833170907247,0.008404985456769598,0.7523783316339551,0.7387948025539656,-0.013583529079989498,0.7523783316339551,0.7518305033457962,-0.0005478282881589136
6.0,2.0,2.0,2.0,1.0,4.0,2.0,4.0,10.0,8.0,4.0,10.0,0.0,1.0,0.0,0.0,0.0,0.0,0.0,0.0,0.0,0.0,0.0,0.0,0.0,1.0,0.0,0.0,0.0,0.0,0.0,0.0,0.0,0.0,0.0,0.0,0.0,0.0,0.0,0.0,0.6237101903504099,0.5756801250195583,-0.048030065330851524,0.6237101903504099,0.6018169337175059,-0.02189325663290398,,,,0.6237101903504099,0.6343600933460509,0.010649902995641058,0.6237101903504099,0.6067575333769026,-0.01695265697350723,,,
5.0,1.0,3.0,3.0,2.0,4.0,3.0,3.0,6.0,7.0,4.0,7.0,0.0,1.0,0.0,0.0,0.0,0.0,0.0,0.0,0.0,0.0,0.0,0.0,0.0,1.0,0.0,0.0,0.0,0.0,0.0,0.0,0.0,0.0,0.0,0.0,0.0,0.0,0.0,0.0,0.5166904024949207,0.46668065079017024,-0.05000975170475047,0.5166904024949207,0.4936257592688409,-0.023064643226079817,0.5166904024949207,0.5267403552409073,0.010049952745986634,0.5166904024949207,0.5280774298999765,0.011387027405055816,0.5166904024949207,0.498790775834474,-0.0178996266604467,0.5166904024949207,0.515956607973219,-0.0007337945217017472
5.0,1.0,5.0,1.0,1.0,3.0,1.0,4.0,9.0,7.0,5.0,10.0,0.0,0.0,1.0,0.0,0.0,0.0,0.0,0.0,0.0,0.0,0.0,0.0,1.0,0.0,0.0,0.0,0.0,0.0,0.0,0.0,0.0,0.0,0.0,0.0,0.0,0.0,0.0,0.0,0.7106695341052438,0.6678276977813641,-0.04284183632387972,0.7106695341052438,0.6913318596414405,-0.0193376744638033,0.7106695341052438,0.7188804737890463,0.008210939683802487,0.7106695341052438,0.7199633029709204,0.009293768865676566,,,,,,
5.0,1.0,10.0,3.0,2.0,4.0,2.0,3.0,6.0,6.0,4.0,8.0,0.0,0.0,0.0,0.0,0.0,0.0,1.0,0.0,0.0,0.0,0.0,0.0,1.0,0.0,0.0,0.0,0.0,0.0,0.0,1.0,0.0,0.0,0.0,0.0,0.0,0.0,0.0,0.0,0.8029865459213369,0.7693783403398231,-0.033608205581513784,0.8029865459213369,0.7879781740995547,-0.015008371821782163,0.8029865459213369,0.8092806957128996,0.006294149791562731,0.8029865459213369,0.8101072964267984,0.0071207505054614595,0.8029865459213369,0.7914095123897223,-0.011577033531614545,0.8029865459213369,0.8025212938485605,-0.0004652520727763676
4.0,1.0,8.0,2.0,2.0,4.0,2.0,3.0,10.0,10.0,5.0,10.0,0.0,0.0,0.0,0.0,0.0,0.0,1.0,0.0,0.0,1.0,0.0,0.0,0.0,0.0,0.0,0.0,0.0,0.0,0.0,0.0,0.0,0.0,0.0,1.0,0.0,0.0,0.0,0.0,0.8137699331096857,0.7815006992613578,-0.032269233848327916,0.8137699331096857,0.7993777927654219,-0.014392140344263837,,,,,,,,,,,,
3.0,3.0,4.0,4.0,3.0,3.0,2.0,3.0,0.0,0.0,1.0,0.0,0.0,0.0,1.0,0.0,0.0,0.0,1.0,0.0,0.0,0.0,0.0,0.0,0.0,0.0,0.0,0.0,0.0,1.0,0.0,0.0,0.0,0.0,0.0,0.0,0.0,1.0,0.0,0.0,0.3656336491078661,0.3205476025208261,-0.04508604658704002,0.3656336491078661,0.344505575542935,-0.021128073564931127,0.3656336491078661,0.3750253171456155,0.009391668037749379,0.3656336491078661,0.376283477953889,0.01064982884602289,0.3656336491078661,0.3491862434404915,-0.016447405667374626,0.3656336491078661,0.36495239016319886,-0.0006812589446672512
5.0,1.0,10.0,1.0,1.0,4.0,1.0,3.0,6.0,6.0,5.0,6.0,0.0,0.0,0.0,0.0,0.0,0.0,0.0,0.0,0.0,0.0,0.0,0.0,1.0,0.0,0.0,0.0,0.0,0.0,0.0,0.0,0.0,0.0,0.0,0.0,0.0,0.0,0.0,0.0,0.9041558682510997,0.8853416614733767,-0.018814206777723053,0.9041558682510997,0.8958549387262713,-0.008300929524828415,0.9041558682510997,0.9075898435171731,0.0034339752660733636,0.9041558682510997,0.9080387777048792,0.0038829094537794484,,,,0.9041558682510997,0.9039009374967404,-0.0002549307543593393
3.0,1.0,3.0,1.0,1.0,5.0,2.0,4.0,8.0,8.0,4.0,10.0,1.0,0.0,0.0,0.0,0.0,0.0,1.0,0.0,0.0,0.0,0.0,0.0,0.0,0.0,0.0,0.0,1.0,0.0,0.0,0.0,0.0,0.0,0.0,0.0,0.0,0.0,0.0,0.0,0.8445026322712624,0.8163568974097392,-0.028145734861523275,0.8445026322712624,0.8319952224269289,-0.012507409844333517,0.8445026322712624,0.8497186637920467,0.005216031520784314,0.8445026322712624,0.8504023992507526,0.005899766979490129,0.8445026322712624,0.8348634842891225,-0.00963914798213994,,,
6.0,2.0,7.0,2.0,5.0,5.0,3.0,4.0,4.0,4.0,1.0,4.0,0.0,0.0,0.0,0.0,0.0,0.0,1.0,0.0,0.0,0.0,0.0,0.0,0.0,0.0,0.0,0.0,0.0,0.0,0.0,1.0,0.0,0.0,0.0,0.0,0.0,0.0,0.0,0.0,0.5019663445926934,0.45204877079857486,-0.04991757379411854,0.5019663445926934,0.4789076876818823,-0.023058656910811104,0.5019663445926934,0.5120333179993835,0.01006697340669005,0.5019663445926934,0.5133735569741388,0.011407212381445375,0.5019663445926934,0.48406591971238866,-0.017900424880304744,0.5019663445926934,0.5012317746511075,-0.0007345699415859386
4.0,1.0,4.0,1.0,1.0,2.0,1.0,2.0,0.0,7.0,4.0,10.0,0.0,0.0,0.0,0.0,0.0,0.0,0.0,0.0,0.0,0.0,0.0,0.0,1.0,0.0,0.0,0.0,0.0,0.0,0.0,0.0,0.0,0.0,0.0,0.0,0.0,0.0,0.0,0.0,0.8524218122092982,0.825413151963987,-0.027008660245311233,0.8524218122092982,0.8404310233576501,-0.011990788851648171,0.8524218122092982,0.8574170514977836,0.004995239288485331,0.8524218122092982,0.8580716118621847,0.005649799652886478,0.8524218122092982,0.843182410467603,-0.009239401741695241,,,
7.0,1.0,10.0,2.0,2.0,4.0,2.0,4.0,9.0,9.0,4.0,8.0,0.0,0.0,0.0,0.0,0.0,0.0,0.0,0.0,0.0,0.0,0.0,1.0,0.0,0.0,0.0,0.0,0.0,0.0,0.0,0.0,0.0,0.0,1.0,0.0,0.0,0.0,0.0,0.0,0.8394212106745073,0.8105620350043828,-0.028859175670124415,0.8394212106745073,0.8265890050427114,-0.012832205631795879,0.8394212106745073,0.8447763643938182,0.0053551537193109455,0.8394212106745073,0.8454784967648326,0.006057286090325298,0.8394212106745073,0.8295306534893305,-0.00989055718517673,0.8394212106745073,0.8390247511838135,-0.00039645949069377906
5.0,1.0,8.0,1.0,1.0,5.0,2.0,3.0,8.0,8.0,4.0,9.0,1.0,0.0,0.0,0.0,0.0,0.0,1.0,0.0,0.0,0.0,0.0,0.0,1.0,0.0,0.0,0.0,0.0,0.0,0.0,0.0,0.0,0.0,0.0,0.0,0.0,0.0,0.0,0.0,0.8616611479640741,0.8360181179299496,-0.025643030034124492,0.8616611479640741,0.8502892136015726,-0.011371934362501501,0.8616611479640741,0.866392670852607,0.004731522888532846,0.8616611479640741,0.8670124174890349,0.005351269524960789,0.8616611479640741,0.8529003712637163,-0.008760776700357797,0.8616611479640741,0.8613105254586516,-0.0003506225054225043
4.0,1.0,2.0,1.0,1.0,4.0,2.0,3.0,8.0,9.0,5.0,9.0,0.0,0.0,0.0,0.0,0.0,0.0,0.0,0.0,0.0,0.0,0.0,1.0,0.0,0.0,0.0,0.0,0.0,0.0,0.0,0.0,0.0,0.0,0.0,0.0,0.0,0.0,0.0,0.0,0.8949776110840396,0.8746115709339801,-0.020366040150059495,0.8949776110840396,0.8859820076360543,-0.008995603447985334,0.8949776110840396,0.898703589865561,0.0037259787815213663,0.8949776110840396,0.8991908989814371,0.0042132878973975,,,,0.8949776110840396,0.8947011107017367,-0.0002765003823028689
6.0,3.0,4.0,2.0,1.0,2.0,2.0,4.0,8.0,7.0,4.0,7.0,0.0,0.0,0.0,0.0,0.0,0.0,0.0,0.0,0.0,0.0,0.0,0.0,0.0,0.0,0.0,0.0,0.0,0.0,0.0,1.0,0.0,0.0,0.0,0.0,0.0,0.0,0.0,0.0,0.7502723807849785,0.7109091990854671,-0.03936318169951136,0.7502723807849785,0.7325856131827702,-0.01768676760220833,0.7502723807849785,0.7577425468803421,0.007470166095363662,0.7502723807849785,0.7587259252457762,0.008453544460797713,0.7502723807849785,0.7366137693706226,-0.01365861141435587,0.7502723807849785,0.7497214432314707,-0.0005509375535077687
2.0,1.0,2.0,4.0,2.0,4.0,2.0,2.0,7.0,7.0,3.0,8.0,0.0,0.0,0.0,0.0,0.0,0.0,1.0,0.0,1.0,0.0,0.0,0.0,0.0,0.0,0.0,0.0,0.0,0.0,0.0,0.0,0.0,0.0,0.0,0.0,0.0,1.0,0.0,0.0,0.9010121912588078,0.8816616487854132,-0.019350542473394627,0.9010121912588078,0.8924713723862934,-0.008540818872514455,0.9010121912588078,0.9045469095949262,0.003534718336118403,0.9010121912588078,0.905009079336217,0.003996888077409166,0.9010121912588078,0.8944381539101207,-0.006574037348687112,0.9010121912588078,0.9007498166767908,-0.0002623745820170553
5.0,3.0,5.0,3.0,5.0,5.0,2.0,4.0,9.0,9.0,4.0,8.0,0.0,1.0,0.0,0.0,0.0,0.0,1.0,0.0,0.0,0.0,0.0,0.0,0.0,1.0,0.0,0.0,0.0,0.0,0.0,1.0,0.0,0.0,0.0,0.0,0.0,0.0,0.0,0.0,0.29231432383901523,0.2526682202983612,-0.03964610354065401,0.29231432383901523,0.2735957297370255,-0.018718594101989727,0.29231432383901523,0.30071546290442724,0.008401139065412011,0.29231432383901523,0.3018447285053039,0.009530404666288683,0.29231432383901523,0.2777211581615773,-0.014593165677437958,0.29231432383901523,0.2917068565324889,-0.0006074673065263325
4.0,1.0,5.0,1.0,2.0,4.0,2.0,4.0,7.0,7.0,2.0,6.0,0.0,0.0,0.0,0.0,0.0,0.0,0.0,0.0,0.0,0.0,0.0,0.0,0.0,0.0,0.0,0.0,0.0,0.0,0.0,0.0,0.0,0.0,0.0,0.0,0.0,0.0,0.0,1.0,0.8650079179327328,0.8398699694027904,-0.025137948529942444,0.8650079179327328,0.853864440690728,-0.011143477242004818,0.8650079179327328,0.8696422906108835,0.0046343726781507,0.8650079179327328,0.8702492210824337,0.005241303149700949,0.8650079179327328,0.8564237708795317,-0.008584147053201097,0.8650079179327328,0.8646644455965444,-0.00034347233618836626
7.0,2.0,3.0,1.0,3.0,5.0,3.0,4.0,6.0,7.0,5.0,10.0,0.0,0.0,0.0,0.0,0.0,0.0,1.0,0.0,0.0,0.0,0.0,0.0,0.0,0.0,0.0,0.0,0.0,0.0,0.0,0.0,0.0,0.0,1.0,0.0,0.0,0.0,0.0,0.0,0.6144233718795449,0.5660326944146753,-0.04839067746486958,0.6144233718795449,0.5923429468137448,-0.022080425065800102,0.6144233718795449,0.6239202705630674,0.009496898683522548,0.6144233718795449,0.6251781595122705,0.010754787632725638,,,,,,
5.0,2.0,5.0,1.0,1.0,5.0,4.0,2.0,6.0,8.0,5.0,7.0,0.0,0.0,0.0,0.0,0.0,0.0,0.0,0.0,0.0,0.0,0.0,0.0,0.0,0.0,0.0,0.0,0.0,1.0,0.0,0.0,0.0,0.0,0.0,0.0,0.0,0.0,0.0,0.0,0.8384137647808098,0.8094146392815558,-0.028999125499253986,0.8384137647808098,0.8255177861666736,-0.012895978614136161,0.8384137647808098,0.8437962639152272,0.005382499134417462,0.8384137647808098,0.8445020135872305,0.006088248806420782,,,,0.8384137647808098,0.8380152979496956,-0.0003984668311141082
3.0,1.0,4.0,1.0,1.0,3.0,1.0,2.0,6.0,8.0,3.0,5.0,0.0,0.0,0.0,0.0,0.0,0.0,0.0,0.0,0.0,0.0,0.0,1.0,0.0,0.0,0.0,0.0,0.0,0.0,0.0,0.0,0.0,0.0,0.0,0.0,0.0,0.0,0.0,0.0,0.9268912873540185,0.9121061955203247,-0.014785091833693809,0.9268912873540185,0.9203860570792746,-0.006505230274743923,0.9268912873540185,0.9295741298281675,0.002682842474148961,0.9268912873540185,0.9299245091715115,0.0030332218174929926,0.9268912873540185,0.9218869458167129,-0.005004341537305557,0.9268912873540185,0.9266919262717406,-0.0001993610822779157
3.0,1.0,4.0,1.0,2.0,4.0,3.0,3.0,8.0,9.0,2.0,8.0,0.0,0.0,0.0,0.0,1.0,0.0,1.0,0.0,0.0,0.0,0.0,1.0,0.0,0.0,0.0,0.0,0.0,0.0,0.0,0.0,0.0,0.0,0.0,0.0,0.0,0.0,0.0,0.0,0.8536720893491245,0.8268457655520238,-0.026826323797100704,0.8536720893491245,0.8417640286012774,-0.011908060747847116,0.8536720893491245,0.85863202752882,0.004959938179695422,0.8536720893491245,0.8592819256546668,0.005609836305542237,0.8536720893491245,0.8444966839869786,-0.009175405362145894,0.8536720893491245,0.8533046656556064,-0.0003674236935181652
2.0,1.0,9.0,4.0,2.0,3.0,3.0,3.0,5.0,7.0,2.0,6.0,0.0,1.0,0.0,0.0,0.0,0.0,1.0,0.0,0.0,0.0,0.0,0.0,0.0,0.0,0.0,0.0,1.0,0.0,0.0,0.0,0.0,0.0,0.0,0.0,0.0,1.0,0.0,0.0,0.6465502083594957,0.599563763007484,-0.046986445352011685,0.6465502083594957,0.6251872521171093,-0.021362956242386377,0.6465502083594957,0.6556992248051835,0.009149016445687774,0.6465502083594957,0.6569092710552586,0.010359062695762922,0.6465502083594957,0.6300161468031857,-0.016534061556309987,0.6465502083594957,0.6458784479734201,-0.0006717603860756372
3.0,1.0,4.0,1.0,1.0,2.0,1.0,3.0,8.0,8.0,3.0,8.0,0.0,0.0,0.0,0.0,0.0,0.0,1.0,0.0,0.0,0.0,0.0,1.0,0.0,0.0,0.0,0.0,0.0,0.0,0.0,0.0,0.0,0.0,0.0,0.0,0.0,0.0,0.0,0.0,0.9018669327068892,0.8826617187764879,-0.01920521393040131,0.9018669327068892,0.8933911362279928,-0.008475796478896402,0.9018669327068892,0.9053743348318165,0.0035074021249272835,0.9018669327068892,0.9058329153719109,0.003965982665021683,0.9018669327068892,0.895343067357292,-0.006523865349597258,0.9018669327068892,0.9016065762749392,-0.0002603564319499929
4.0,1.0,3.0,1.0,1.0,5.0,2.0,3.0,8.0,8.0,3.0,8.0,0.0,0.0,0.0,0.0,1.0,0.0,0.0,0.0,0.0,0.0,0.0,1.0,0.0,0.0,0.0,0.0,0.0,0.0,0.0,0.0,0.0,0.0,0.0,0.0,0.0,0.0,0.0,0.0,0.9106444890793212,0.8929531981857983,-0.017691290893522837,0.9106444890793212,0.9028451443575536,-0.007799344721767576,0.9106444890793212,0.9138681316575232,0.0032236425782020683,0.9106444890793212,0.9142894459118271,0.0036449568325059856,0.9106444890793212,0.9046424551268931,-0.006002033952428043,0.9106444890793212,0.9104051068570459,-0.00023938222227526396
4.0,1.0,10.0,3.0,1.0,4.0,2.0,2.0,4.0,3.0,4.0,6.0,0.0,1.0,0.0,0.0,0.0,0.0,0.0,0.0,0.0,0.0,0.0,0.0,1.0,0.0,0.0,0.0,0.0,0.0,0.0,1.0,0.0,0.0,0.0,0.0,0.0,0.0,0.0,0.0,0.7179019261725019,0.6756422280583914,-0.04225969811411057,0.7179019261725019,0.6988427941145134,-0.01905913205798848,0.7179019261725019,0.7259867549408449,0.008084828768342933,0.7179019261725019,0.7270526046450487,0.009150678472546803,0.7179019261725019,0.7031732869385812,-0.01472863923392076,0.7179019261725019,0.7173064824195902,-0.0005954437529117618
5.0,1.0,5.0,1.0,2.0,4.0,3.0,4.0,8.0,8.0,4.0,8.0,1.0,0.0,0.0,0.0,0.0,0.0,1.0,0.0,0.0,0.0,0.0,0.0,1.0,0.0,0.0,0.0,0.0,0.0,0.0,0.0,0.0,0.0,0.0,0.0,0.0,0.0,0.0,0.0,0.705815563795298,0.6625962235392269,-0.043219340256071104,0.705815563795298,0.6862966747936016,-0.019518889001696405,0.705815563795298,0.714108839620627,0.008293275825329016,0.705815563795298,0.7152027669990079,0.009387203203709893,0.705815563795298,0.6907277356799383,-0.015087828115359692,0.705815563795298,0.7052050844225469,-0.0006104793727510494
7.0,3.0,2.0,2.0,3.0,3.0,4.0,3.0,7.0,7.0,3.0,5.0,1.0,0.0,0.0,0.0,0.0,0.0,0.0,0.0,0.0,0.0,0.0,0.0,0.0,1.0,0.0,0.0,0.0,0.0,0.0,0.0,0.0,0.0,0.0,0.0,0.0,0.0,0.0,0.0,0.3842345994574555,0.3380772638606683,-0.0461573355967872,0.3842345994574555,0.36264613078868235,-0.02158846866877312,0.3842345994574555,0.3938074486423248,0.009572849184869336,0.3842345994574555,0.3950887871509755,0.010854187693520034,0.3842345994574555,0.3674351103106675,-0.01679948914678797,0.3842345994574555,0.38353963690739123,-0.0006949625500642376
6.0,1.0,4.0,1.0,2.0,4.0,1.0,3.0,3.0,3.0,2.0,5.0,0.0,1.0,0.0,0.0,0.0,0.0,0.0,0.0,0.0,0.0,0.0,0.0,0.0,1.0,0.0,0.0,0.0,0.0,0.0,0.0,0.0,0.0,0.0,1.0,0.0,0.0,0.0,0.0,0.5684202270233035,0.51877791023049,-0.0496423167928135,0.5684202270233035,0.5456534529902917,-0.02276677403301186,0.5684202270233035,0.5782724813913641,0.009852254368060587,0.5684202270233035,0.5795801690835763,0.01115994206027282,0.5684202270233035,0.550770740196848,-0.017649486826455507,0.5684202270233035,0.567699260204934,-0.0007209668183695284
4.0,1.0,2.0,1.0,1.0,4.0,1.0,2.0,6.0,8.0,3.0,9.0,0.0,0.0,1.0,0.0,0.0,0.0,1.0,0.0,0.0,1.0,0.0,0.0,0.0,0.0,0.0,0.0,0.0,0.0,0.0,0.0,0.0,0.0,0.0,0.0,0.0,0.0,0.0,0.0,0.7404885255601437,0.7001994050846883,-0.04028912047545541,0.7404885255601437,0.7223652408802765,-0.018123284679867124,0.7404885255601437,0.7481531179466944,0.007664592386550706,0.7404885255601437,0.7491625363265426,0.008674010766398954,0.7404885255601437,0.7264898718856173,-0.013998653674526351,0.7404885255601437,0.7399234854938475,-0.0005650400662962074
4.0,1.0,8.0,1.0,3.0,4.0,2.0,4.0,7.0,8.0,5.0,8.0,0.0,0.0,0.0,0.0,0.0,0.0,1.0,0.0,0.0,0.0,0.0,0.0,0.0,0.0,0.0,1.0,0.0,0.0,0.0,0.0,0.0,0.0,0.0,0.0,0.0,0.0,0.0,0.0,0.7014398882182128,0.6578892937372884,-0.043550594480924354,0.7014398882182128,0.681761577514646,-0.019678310703566737,0.7014398882182128,0.7098058010881273,0.008365912869914505,0.7014398882182128,0.7109095280200352,0.00946963980182236,,,,0.7014398882182128,0.700824177480657,-0.0006157107375558413
3.0,1.0,10.0,1.0,1.0,4.0,1.0,4.0,6.0,7.0,4.0,8.0,0.0,0.0,0.0,0.0,0.0,1.0,0.0,0.0,1.0,0.0,0.0,0.0,0.0,0.0,0.0,0.0,0.0,0.0,0.0,0.0,0.0,0.0,0.0,0.0,0.0,0.0,0.0,0.0,0.9036594736874399,0.8847602442038045,-0.018899229483635427,0.9036594736874399,0.8953205295510214,-0.008338944136418558,0.9036594736874399,0.9071094069451705,0.0034499332577305752,0.9036594736874399,0.9075604374022471,0.003900963714807193,0.9036594736874399,0.8972411980957854,-0.006418275591654532,0.9036594736874399,0.9034033636588699,-0.0002561100285700668
4.0,1.0,10.0,1.0,1.0,4.0,2.0,4.0,6.0,7.0,2.0,7.0,0.0,0.0,0.0,0.0,0.0,0.0,0.0,0.0,0.0,0.0,0.0,0.0,1.0,0.0,0.0,0.0,0.0,0.0,0.0,0.0,0.0,0.0,0.0,0.0,0.0,0.0,0.0,0.0,0.913534019361782,0.8963497039742533,-0.017184315387528737,0.913534019361782,0.9059608406677216,-0.0075731786940603785,0.913534019361782,0.9166629573864877,0.0031289380247057075,0.913534019361782,0.9170718412971158,0.003537821935333807,0.913534019361782,0.9077064049157669,-0.005827614446015095,0.913534019361782,0.9133016411656245,-0.0002323781961575122
7.0,1.0,3.0,1.0,2.0,4.0,2.0,3.0,6.0,7.0,3.0,6.0,0.0,1.0,0.0,0.0,0.0,0.0,0.0,0.0,0.0,0.0,0.0,0.0,0.0,0.0,0.0,0.0,0.0,0.0,0.0,0.0,0.0,0.0,1.0,0.0,0.0,0.0,0.0,0.0,0.6029526723759384,0.5541669868928395,-0.04878568548309892,0.6029526723759384,0.5806636794676798,-0.022288992908258587,0.6029526723759384,0.6125539410705184,0.00960126869458,0.6029526723759384,0.6138263166645742,0.010873644288635798,0.6029526723759384,0.5856860536190313,-0.01726661875690716,0.6029526723759384,0.6022490263314884,-0.000703646044450057
5.0,1.0,4.0,1.0,4.0,4.0,3.0,3.0,6.0,6.0,2.0,6.0,0.0,0.0,0.0,0.0,0.0,0.0,0.0,0.0,0.0,0.0,0.0,1.0,0.0,0.0,0.0,0.0,0.0,0.0,0.0,0.0,0.0,0.0,0.0,0.0,0.0,0.0,0.0,1.0,0.6759213817509062,0.630608694668089,-0.045312687082817216,0.6759213817509062,0.6553874549457777,-0.020533926805128555,0.6759213817509062,0.6846809077163091,0.008759525965402859,0.6759213817509062,0.6858378996384504,0.009916517887544218,0.6759213817509062,0.6600388398142566,-0.01588254193664962,0.6759213817509062,0.6752774075553346,-0.0006439741955716061
6.0,2.0,6.0,1.0,1.0,4.0,3.0,4.0,8.0,8.0,4.0,8.0,0.0,0.0,0.0,0.0,0.0,0.0,1.0,0.0,0.0,0.0,0.0,0.0,0.0,1.0,0.0,0.0,0.0,0.0,0.0,0.0,0.0,0.0,0.0,0.0,0.0,0.0,0.0,0.0,0.802654234745139,0.7690056482425423,-0.03364858650259672,0.802654234745139,0.7876272429971152,-0.015026991748023799,0.802654234745139,0.8089564752880496,0.00630224054291062,0.802654234745139,0.8097841509276702,0.007129916182531226,0.802654234745139,0.7910627547823176,-0.011591479962821394,0.802654234745139,0.8021883912332464,-0.0004658435118926052
2.0,3.0,4.0,4.0,1.0,4.0,2.0,3.0,8.0,9.0,4.0,8.0,0.0,1.0,0.0,0.0,0.0,0.0,0.0,0.0,0.0,0.0,0.0,0.0,0.0,0.0,0.0,0.0,1.0,0.0,0.0,0.0,0.0,0.0,0.0,0.0,0.0,1.0,0.0,0.0,0.7264938122805801,0.6849563881864242,-0.04153742409415584,0.7264938122805801,0.7077788799005538,-0.018714932380026306,0.7264938122805801,0.7344234934377352,0.007929681157155088,0.7264938122805801,0.7354684838345303,0.008974671553950264,0.7264938122805801,0.7120338246622543,-0.014459987618325787,0.7264938122805801,0.7259095799980213,-0.000584232282558772
6.0,1.0,10.0,1.0,1.0,5.0,1.0,3.0,8.0,10.0,5.0,9.0,1.0,0.0,0.0,0.0,0.0,0.0,1.0,0.0,0.0,0.0,0.0,1.0,0.0,0.0,0.0,0.0,0.0,0.0,0.0,0.0,0.0,0.0,1.0,0.0,0.0,0.0,0.0,0.0,0.8964724501616937,0.8763562427609224,-0.020116207400771358,0.8964724501616937,0.8875888038770997,-0.008883646284594038,0.8964724501616937,0.9001513118697988,0.0036788617081050523,,,,,,,0.8964724501616937,0.8961994289024494,-0.0002730212592443326
5.0,1.0,6.0,1.0,1.0,4.0,4.0,4.0,9.0,9.0,3.0,9.0,0.0,0.0,0.0,0.0,0.0,0.0,1.0,0.0,0.0,0.0,0.0,1.0,0.0,0.0,0.0,0.0,0.0,0.0,0.0,0.0,0.0,0.0,0.0,0.0,0.0,0.0,0.0,0.0,0.8489484781682407,0.8214373110803789,-0.027511167087861832,0.8489484781682407,0.8367295331615694,-0.012218945006671311,0.8489484781682407,0.8540411525762677,0.005092674408026965,0.8489484781682407,0.8547085846448962,0.00576010647665548,0.8489484781682407,0.8395325575587994,-0.009415920609441297,0.8489484781682407,0.8485712976005418,-0.0003771805676988649
4.0,1.0,5.0,1.0,2.0,4.0,2.0,4.0,4.0,5.0,3.0,7.0,1.0,0.0,0.0,0.0,0.0,0.0,0.0,0.0,0.0,0.0,0.0,0.0,1.0,0.0,0.0,0.0,0.0,0.0,0.0,0.0,0.0,0.0,0.0,0.0,0.0,0.0,0.0,0.0,0.7574961291289412,0.7188448961178375,-0.038651233011103625,0.7574961291289412,0.7401437800418992,-0.017352349087041974,0.7574961291289412,0.7648179441408587,0.007321815011917532,0.7574961291289412,0.7657814794174967,0.008285350288555593,0.7574961291289412,0.7440978547389862,-0.013398274389955,0.7574961291289412,0.7569559657241037,-0.0005401634048374238
7.0,1.0,3.0,1.0,2.0,4.0,2.0,3.0,8.0,7.0,4.0,8.0,0.0,0.0,0.0,0.0,0.0,0.0,1.0,0.0,0.0,0.0,0.0,1.0,0.0,0.0,0.0,0.0,0.0,0.0,0.0,0.0,0.0,0.0,1.0,0.0,0.0,0.0,0.0,0.0,0.7835199292445792,0.7476346108720713,-0.03588531837250797,0.7835199292445792,0.7674580602323697,-0.016061869012209518,0.7835199292445792,0.7902735610789623,0.006753631834383045,0.7835199292445792,0.7911612826786247,0.007641353434045484,0.7835199292445792,0.771125033918487,-0.012394895326092281,0.7835199292445792,0.7830211282982037,-0.0004988009463755549
5.0,1.0,10.0,1.0,3.0,5.0,2.0,3.0,0.0,2.0,1.0,3.0,0.0,1.0,0.0,0.0,0.0,0.0,0.0,0.0,0.0,0.0,0.0,0.0,0.0,0.0,0.0,0.0,0.0,0.0,0.0,0.0,0.0,0.0,0.0,0.0,0.0,0.0,0.0,0.0,0.6085613759835361,0.559961894634445,-0.04859948134909109,0.6085613759835361,0.5863712458780805,-0.022190130105455563,0.6085613759835361,0.6181129183076283,0.009551542324092166,0.6085613759835361,0.6193783817077074,0.010817005724171325,0.6085613759835361,0.5913733667725039,-0.01718800921103225,0.6085613759835361,0.6078612052241655,-0.0007001707593705664
2.0,1.0,5.0,2.0,3.0,2.0,2.0,3.0,8.0,8.0,1.0,6.0,0.0,0.0,1.0,0.0,0.0,0.0,0.0,0.0,0.0,0.0,0.0,0.0,0.0,0.0,0.0,0.0,1.0,0.0,0.0,0.0,0.0,0.0,0.0,0.0,0.0,0.0,0.0,1.0,0.586492826958568,0.537236913552042,-0.04925591340652602,0.586492826958568,0.5639480644348394,-0.022544762523728612,0.586492826958568,0.596225579011896,0.00973275205332802,0.586492826958568,0.5975163439818593,0.011023517023291296,0.586492826958568,0.5690220474945349,-0.01747077946403308,0.586492826958568,0.5857800502638932,-0.0007127766946747327
2.0,1.0,6.0,1.0,3.0,2.0,4.0,2.0,3.0,3.0,1.0,0.0,0.0,1.0,0.0,0.0,0.0,0.0,0.0,0.0,0.0,0.0,0.0,0.0,0.0,0.0,0.0,0.0,1.0,0.0,0.0,0.0,0.0,0.0,0.0,0.0,0.0,0.0,0.0,0.0,0.46737428183963037,0.41800944441014637,-0.049364837429484,0.46737428183963037,0.4444864744585295,-0.022887807381100855,0.46737428183963037,0.4774125306165297,0.01003824877689935,0.46737428183963037,0.47875105817550606,0.011376776335875693,0.46737428183963037,0.44959383700255745,-0.017780444837072917,0.46737428183963037,0.4666429025398649,-0.0007313792997654667
6.0,2.0,8.0,1.0,2.0,2.0,2.0,4.0,8.0,8.0,5.0,8.0,0.0,1.0,0.0,0.0,0.0,0.0,1.0,0.0,0.0,0.0,0.0,1.0,0.0,0.0,0.0,0.0,0.0,0.0,0.0,0.0,0.0,0.0,0.0,0.0,0.0,0.0,0.0,1.0,0.4809978714336286,0.43135945225886624,-0.04963841917476236,0.4809978714336286,0.45801660945956607,-0.022981261974062528,0.4809978714336286,0.4910589556178998,0.010061084184271207,0.4809978714336286,0.4923996933409932,0.011401821907364607,,,,0.4809978714336286,0.48026439629507023,-0.0007334751385583704
4.0,1.0,6.0,2.0,2.0,5.0,3.0,3.0,6.0,7.0,2.0,6.0,0.0,0.0,0.0,0.0,0.0,0.0,1.0,0.0,0.0,0.0,0.0,0.0,0.0,0.0,0.0,0.0,0.0,0.0,0.0,1.0,0.0,0.0,0.0,0.0,0.0,0.0,0.0,0.0,0.8530886190110044,0.8261771080263832,-0.02691151098462119,0.8530886190110044,0.8411419117664427,-0.011946707244561705,0.8530886190110044,0.8580650462704456,0.004976427259441141,0.8530886190110044,0.8587171220381845,0.005628503027180098,0.8530886190110044,0.8438833182399111,-0.009205300771093272,0.8530886190110044,0.8527199830079989,-0.000368636003005518
4.0,1.0,7.0,1.0,4.0,4.0,5.0,3.0,5.0,5.0,2.0,7.0,1.0,0.0,0.0,0.0,0.0,0.0,1.0,0.0,0.0,0.0,0.0,1.0,0.0,0.0,0.0,0.0,0.0,0.0,0.0,0.0,0.0,0.0,0.0,0.0,0.0,0.0,0.0,0.0,,,,0.515416011492567,0.4923503041332693,-0.023065707359297694,0.515416011492567,0.5254681264409813,0.010052114948414292,0.515416011492567,0.5268055664854705,0.011389554992903506,0.515416011492567,0.4975150872135109,-0.017900924279056096,0.515416011492567,0.5146820994890892,-0.0007339120034778324
4.0,1.0,3.0,1.0,2.0,4.0,2.0,3.0,7.0,7.0,5.0,7.0,0.0,0.0,0.0,0.0,0.0,0.0,0.0,0.0,0.0,0.0,0.0,1.0,0.0,0.0,0.0,0.0,0.0,0.0,0.0,0.0,0.0,0.0,0.0,0.0,0.0,0.0,0.0,0.0,0.8448861045417023,0.8167947221511879,-0.028091382390514452,0.8448861045417023,0.8324034179548885,-0.01248268658681384,0.8448861045417023,0.8500915561696663,0.005205451627963931,0.8448861045417023,0.8507738930238482,0.005887788482145884,,,,0.8448861045417023,0.8445006381189145,-0.00038546642278780574
7.0,3.0,7.0,1.0,1.0,3.0,3.0,4.0,10.0,9.0,5.0,9.0,0.0,0.0,0.0,0.0,0.0,0.0,0.0,0.0,0.0,0.0,0.0,0.0,0.0,0.0,0.0,0.0,0.0,0.0,0.0,0.0,0.0,0.0,1.0,0.0,0.0,0.0,0.0,0.0,0.782890736352716,0.7469348055801787,-0.03595593077253734,0.782890736352716,0.7667960786505758,-0.016094657702140247,,,,0.782890736352716,0.790548362114614,0.00765762576189799,,,,0.782890736352716,0.7823908882992424,-0.0004998480534735839
6.0,1.0,9.0,1.0,2.0,3.0,2.0,4.0,9.0,8.0,3.0,9.0,0.0,0.0,0.0,0.0,0.0,0.0,0.0,0.0,0.0,0.0,0.0,0.0,1.0,0.0,0.0,0.0,0.0,0.0,0.0,0.0,0.0,0.0,0.0,0.0,0.0,0.0,0.0,0.0,0.8285894994483481,0.7982515194201776,-0.030337980028170564,0.8285894994483481,0.8150823893455887,-0.013507110102759401,0.8285894994483481,0.8342345469647648,0.005645047516416701,0.8285894994483481,0.8349750487350901,0.006385549286741954,0.8285894994483481,0.8181762935690184,-0.010413205879329701,0.8285894994483481,0.8281717713266629,-0.00041772812168527906
2.0,1.0,4.0,4.0,2.0,4.0,3.0,5.0,5.0,3.0,2.0,6.0,0.0,0.0,0.0,0.0,1.0,0.0,1.0,0.0,0.0,0.0,0.0,0.0,0.0,0.0,0.0,0.0,0.0,1.0,0.0,0.0,0.0,0.0,0.0,0.0,0.0,1.0,0.0,0.0,0.7712814634211513,0.7340560059132811,-0.03722545750787021,,,,0.7712814634211513,0.7783088744197681,0.007027410998616812,0.7712814634211513,0.7792330921047419,0.007951628683590561,0.7712814634211513,0.7584019065920213,-0.012879556829130001,0.7712814634211513,0.7707627136388399,-0.0005187497823114784
6.0,1.0,6.0,1.0,1.0,4.0,2.0,4.0,8.0,9.0,4.0,9.0,1.0,0.0,0.0,0.0,0.0,0.0,0.0,0.0,0.0,0.0,0.0,1.0,0.0,0.0,0.0,0.0,0.0,0.0,0.0,0.0,0.0,0.0,0.0,0.0,0.0,0.0,0.0,0.0,0.8351365101497942,0.8056855441478482,-0.029450966001945966,0.8351365101497942,0.8220344967599807,-0.013102013389813427,0.8351365101497942,0.8406074219972431,0.005470911847448967,0.8351365101497942,0.8413248699495786,0.006188359799784382,0.8351365101497942,0.8250370518202369,-0.010099458329557276,0.8351365101497942,0.8347315547571105,-0.0004049553926837035
4.0,1.0,3.0,1.0,3.0,4.0,2.0,2.0,7.0,8.0,4.0,8.0,0.0,0.0,0.0,0.0,0.0,0.0,1.0,0.0,0.0,0.0,0.0,0.0,1.0,0.0,0.0,0.0,0.0,0.0,0.0,0.0,0.0,0.0,0.0,0.0,0.0,0.0,0.0,1.0,0.7754869570903554,0.7387140939688874,-0.03677286312146799,0.7754869570903554,0.7590123923350192,-0.016474564755336263,0.7754869570903554,0.7824216050409432,0.006934647950587736,0.7754869570903554,0.7833334500374907,0.007846492947135242,0.7754869570903554,0.762771379126487,-0.012715577963868463,0.7754869570903554,0.7749749628036002,-0.0005119942867551908
2.0,2.0,2.0,4.0,2.0,4.0,2.0,3.0,3.0,6.0,2.0,7.0,0.0,0.0,0.0,0.0,1.0,0.0,0.0,0.0,1.0,0.0,0.0,0.0,0.0,0.0,0.0,0.0,0.0,0.0,0.0,0.0,0.0,0.0,0.0,0.0,0.0,1.0,0.0,0.0,0.861422457693177,0.8357436173317649,-0.025678840361412103,0.861422457693177,0.8500343170789072,-0.011388140614269848,0.861422457693177,0.8661608763105817,0.004738418617404649,0.861422457693177,0.8667815328173492,0.005359075124172108,0.861422457693177,0.8526491500554052,-0.008773307637771843,0.861422457693177,0.8610713277632954,-0.00035112992988162173
5.0,1.0,2.0,1.0,2.0,4.0,2.0,4.0,9.0,8.0,5.0,9.0,0.0,0.0,0.0,0.0,0.0,0.0,1.0,0.0,0.0,0.0,0.0,0.0,0.0,1.0,0.0,0.0,0.0,0.0,0.0,0.0,0.0,0.0,0.0,0.0,0.0,0.0,0.0,0.0,0.7919651019207772,0.7570456247699189,-0.0349194771508583,0.7919651019207772,0.7763509715124516,-0.0156141304083256,0.7919651019207772,0.7985230147606628,0.006557912839885605,0.7919651019207772,0.7993846825219559,0.007419580601178755,,,,0.7919651019207772,0.7914805812327443,-0.0004845206880328412
5.0,1.0,1.0,1.0,1.0,5.0,2.0,3.0,10.0,9.0,3.0,9.0,0.0,0.0,1.0,0.0,0.0,0.0,0.0,0.0,0.0,0.0,0.0,0.0,1.0,0.0,0.0,0.0,0.0,0.0,0.0,0.0,1.0,0.0,0.0,0.0,0.0,0.0,0.0,0.0,0.8705550546915798,0.846266496886227,-0.024288557805352773,0.8705550546915798,0.8597952681901301,-0.010759786501449708,,,,0.8705550546915798,0.875611951804899,0.0050568971133192475,0.8705550546915798,0.8622674840063687,-0.008287570685211132,0.8705550546915798,0.8702235789052182,-0.00033147578636161246
3.0,1.0,5.0,1.0,1.0,4.0,2.0,2.0,4.0,8.0,3.0,5.0,0.0,0.0,0.0,0.0,0.0,0.0,1.0,0.0,1.0,0.0,0.0,0.0,0.0,0.0,0.0,0.0,0.0,0.0,0.0,0.0,0.0,0.0,0.0,0.0,0.0,0.0,0.0,0.0,0.9288217884309476,0.9143910510625254,-0.014430737368422264,0.9288217884309476,0.9224739670537732,-0.00634782137717449,0.9288217884309476,0.931439028201629,0.002617239770681401,0.9288217884309476,0.9317808102948331,0.0029590218638854138,0.9288217884309476,0.9239387471910956,-0.0048830412398520595,0.9288217884309476,0.9286272862931545,-0.00019450213779315106
4.0,1.0,3.0,1.0,1.0,3.0,1.0,4.0,7.0,8.0,2.0,9.0,0.0,1.0,0.0,0.0,0.0,0.0,1.0,0.0,0.0,0.0,0.0,0.0,1.0,0.0,0.0,0.0,0.0,0.0,0.0,0.0,0.0,0.0,0.0,0.0,0.0,0.0,0.0,0.0,0.7341612417295154,0.6932966747767421,-0.040864566952773296,0.7341612417295154,0.7157656955539513,-0.018395546175564048,0.7341612417295154,0.7419475847661857,0.007786343036670362,0.7341612417295154,0.7429733305284312,0.008812088798915818,0.7341612417295154,0.7199503610317644,-0.014210880697751005,0.7341612417295154,0.7335873816436805,-0.0005738600858348208
5.0,1.0,8.0,1.0,2.0,4.0,3.0,4.0,7.0,5.0,2.0,7.0,1.0,0.0,0.0,0.0,0.0,0.0,1.0,0.0,0.0,0.0,0.0,0.0,0.0,0.0,0.0,0.0,0.0,0.0,0.0,0.0,0.0,0.0,0.0,0.0,0.0,0.0,0.0,0.0,0.7469638297320483,0.7072826050692392,-0.0396812246628091,0.7469638297320483,0.7291273356733486,-0.017836494058699692,0.7469638297320483,0.7545005811712087,0.007536751439160327,0.7469638297320483,0.7554928730078635,0.008529043275815162,0.7469638297320483,0.733188612479857,-0.01377521725219133,0.7469638297320483,0.746408060124993,-0.0005557696070553897
3.0,1.0,3.0,1.0,2.0,5.0,2.0,4.0,5.0,5.0,1.0,6.0,0.0,0.0,0.0,1.0,0.0,0.0,1.0,0.0,0.0,0.0,0.0,0.0,0.0,0.0,0.0,0.0,0.0,0.0,0.0,0.0,0.0,0.0,0.0,0.0,0.0,0.0,0.0,0.0,0.7244469489710842,0.682734421341344,-0.041712527629740204,0.7244469489710842,0.7056487050773725,-0.018798243893711652,0.7244469489710842,0.7324141162966318,0.007967167325547586,0.7244469489710842,0.7334641437764845,0.009017194805400308,0.7244469489710842,0.7099219546529144,-0.014524994318169782,0.7244469489710842,0.7238600063148797,-0.0005869426562045144
3.0,2.0,5.0,4.0,1.0,5.0,5.0,5.0,7.0,6.0,3.0,6.0,1.0,0.0,0.0,0.0,0.0,0.0,0.0,0.0,1.0,0.0,0.0,0.0,0.0,0.0,0.0,0.0,0.0,0.0,0.0,0.0,0.0,0.0,0.0,0.0,0.0,1.0,0.0,0.0,,,,,,,0.8016068640004219,0.807934548691936,0.006327684691514124,0.8016068640004219,0.8087656051007532,0.007158741100331323,0.8016068640004219,0.7899699624411018,-0.011636901559320068,0.8016068640004219,0.8011391606615843,-0.0004677033388376106
5.0,1.0,9.0,1.0,1.0,4.0,1.0,4.0,8.0,8.0,4.0,8.0,0.0,0.0,0.0,0.0,0.0,0.0,0.0,0.0,0.0,0.0,0.0,0.0,0.0,1.0,0.0,0.0,0.0,0.0,0.0,0.0,0.0,0.0,0.0,0.0,0.0,0.0,0.0,0.0,0.916234960098811,0.8995283952432052,-0.016706564855605843,0.916234960098811,0.9088747477582786,-0.007360212340532413,0.916234960098811,0.9192747961478478,0.0030398360490367926,0.916234960098811,0.9196719883262017,0.0034370282273906705,0.916234960098811,0.9105715628842946,-0.005663397214516364,0.916234960098811,0.9160091733295379,-0.00022578676927309527
3.0,1.0,2.0,1.0,2.0,4.0,2.0,4.0,4.0,7.0,1.0,7.0,0.0,1.0,0.0,0.0,0.0,0.0,0.0,0.0,1.0,0.0,0.0,0.0,0.0,0.0,0.0,0.0,0.0,0.0,0.0,0.0,0.0,0.0,0.0,0.0,0.0,0.0,0.0,0.0,0.7515751322040473,0.7123385646177465,-0.039236567586300786,0.7515751322040473,0.7339479126422778,-0.01762721956176949,0.7515751322040473,0.7590188454492817,0.007443713245234407,0.7515751322040473,0.7599986839483834,0.008423551744336177,0.7515751322040473,0.7379628880800237,-0.01361224412402351,0.7515751322040473,0.7510261149758066,-0.0005490172282406336
6.0,1.0,3.0,1.0,5.0,4.0,3.0,2.0,8.0,8.0,4.0,5.0,1.0,0.0,0.0,0.0,0.0,0.0,1.0,0.0,0.0,0.0,0.0,1.0,0.0,0.0,0.0,0.0,0.0,0.0,0.0,0.0,0.0,0.0,0.0,0.0,0.0,0.0,0.0,0.0,0.4579308593887728,0.4087979100108272,-0.0491329493779456,0.4579308593887728,0.43512770502257453,-0.022803154366198286,0.4579308593887728,0.46794447735126876,0.010013617962495946,0.4579308593887728,0.4692802970836464,0.011349437694873565,0.4579308593887728,0.44021274755143985,-0.01771811183733296,0.4579308593887728,0.45720157273389705,-0.0007292866548757604
6.0,1.0,7.0,1.0,4.0,4.0,4.0,3.0,8.0,8.0,4.0,8.0,0.0,0.0,0.0,0.0,0.0,0.0,1.0,0.0,0.0,0.0,0.0,1.0,0.0,0.0,0.0,0.0,0.0,0.0,0.0,0.0,0.0,0.0,0.0,0.0,0.0,0.0,0.0,1.0,0.6000214953089629,0.5511437645378502,-0.04887773077111268,0.6000214953089629,0.5776832064763034,-0.022338288832659425,0.6000214953089629,0.6096477564811975,0.00962626117223464,0.6000214953089629,0.6109236139797182,0.0109021186707553,0.6000214953089629,0.582715624568672,-0.017305870740290885,0.6000214953089629,0.5993161066567033,-0.0007053886522595532
4.0,1.0,9.0,1.0,2.0,5.0,4.0,4.0,6.0,5.0,2.0,7.0,0.0,0.0,0.0,0.0,0.0,0.0,0.0,0.0,0.0,0.0,0.0,0.0,1.0,0.0,0.0,0.0,0.0,0.0,0.0,0.0,0.0,0.0,0.0,0.0,0.0,0.0,0.0,0.0,0.8342724556944277,0.8047032318610644,-0.029569223833363245,0.8342724556944277,0.8211164827333057,-0.01315597296112192,0.8342724556944277,0.8397665393680681,0.00549408367364046,0.8342724556944277,0.8404870540241532,0.006214598329725596,0.8342724556944277,0.8241312124954038,-0.010141243199023875,0.8342724556944277,0.8338658001254401,-0.0004066555689875573
6.0,1.0,7.0,1.0,1.0,5.0,2.0,3.0,6.0,6.0,4.0,8.0,0.0,0.0,0.0,0.0,0.0,0.0,1.0,0.0,0.0,0.0,0.0,1.0,0.0,0.0,0.0,0.0,0.0,0.0,0.0,0.0,0.0,0.0,0.0,0.0,0.0,0.0,0.0,0.0,0.8756543717290521,0.8521601414100811,-0.02349423031897102,0.8756543717290521,0.8652528456030308,-0.010401526126021299,0.8756543717290521,0.8799739599658735,0.004319588236821326,0.8756543717290521,0.8805393951739142,0.00488502344486208,0.8756543717290521,0.8676436425453878,-0.0080107291836643,0.8756543717290521,0.8753340840537541,-0.0003202876752980144
3.0,1.0,6.0,2.0,2.0,4.0,2.0,3.0,7.0,5.0,2.0,5.0,0.0,0.0,0.0,0.0,0.0,1.0,1.0,0.0,0.0,1.0,0.0,0.0,0.0,0.0,0.0,0.0,0.0,0.0,0.0,0.0,0.0,0.0,0.0,1.0,0.0,0.0,0.0,0.0,0.6789984767909351,0.6338829873430548,-0.04511548944788024,0.6789984767909351,0.6585610305074775,-0.02043744628345756,0.6789984767909351,0.6877132582007796,0.008714781409844496,0.6789984767909351,0.6888641797654421,0.009865702974507062,0.6789984767909351,0.6631915935351184,-0.015806883255816695,0.6789984767909351,0.6783577074499679,-0.0006407693409671289
3.0,1.0,8.0,1.0,2.0,5.0,2.0,3.0,5.0,8.0,3.0,8.0,1.0,0.0,0.0,0.0,0.0,0.0,0.0,0.0,0.0,0.0,0.0,1.0,0.0,0.0,0.0,0.0,0.0,0.0,0.0,0.0,0.0,0.0,0.0,0.0,0.0,0.0,0.0,0.0,0.8757919240463334,0.8523193000852046,-0.023472623961128813,0.8757919240463334,0.8654001355193384,-0.010391788526995072,0.8757919240463334,0.8801073881570785,0.004315464110745015,0.8757919240463334,0.8806722800298836,0.004880355983550189,0.8757919240463334,0.8677887184410384,-0.008003205605294994,0.8757919240463334,0.8754719402900503,-0.0003199837562831709
4.0,1.0,8.0,1.0,4.0,4.0,2.0,4.0,7.0,8.0,3.0,8.0,0.0,0.0,0.0,0.0,0.0,0.0,1.0,0.0,0.0,0.0,0.0,0.0,1.0,0.0,0.0,0.0,0.0,0.0,0.0,0.0,0.0,0.0,0.0,0.0,0.0,0.0,0.0,0.0,0.738715649273213,0.6982634451564778,-0.040452204116735224,0.738715649273213,0.7205152840159078,-0.018200365257305173,0.738715649273213,0.7464146715170419,0.007699022243828901,0.738715649273213,0.7474287054188453,0.008713056145632336,0.738715649273213,0.7246569227015008,-0.014058726571712143,0.738715649273213,0.7381481141025411,-0.0005675351706718734
4.0,1.0,3.0,1.0,1.0,4.0,1.0,4.0,8.0,8.0,4.0,9.0,0.0,0.0,0.0,0.0,1.0,0.0,0.0,0.0,0.0,0.0,0.0,0.0,1.0,0.0,0.0,0.0,0.0,0.0,0.0,0.0,0.0,0.0,0.0,0.0,0.0,0.0,0.0,0.0,0.8899923593742645,0.868801293894931,-0.02119106547933347,0.8899923593742645,0.8806267032532381,-0.009365656121026356,0.8899923593742645,0.8938742319578556,0.003881872583591184,0.8899923593742645,0.8943820434160185,0.004389684041753994,0.8899923593742645,0.8827816780694329,-0.007210681304831601,0.8899923593742645,0.8897043514535578,-0.0002880079207067121
