Age9,Educ6,Eth7,Gend3,HHLiv12,IMD10,NSSEC5,WorkStat10,MEMS7_ALL,Motiva_POP,motivd_POP,inclus_a,comm1,happy,lifesat,lone,worthw,LOG_MEMS7_ALL,active,labels_2d,labels_6d,labels_10d
6.0,1.0,1.0,1.0,1.0,4.0,3.0,4.0,0.0,1.0,5.0,1.0,3.0,7.0,7.0,4.0,7.0,0.0,False,0,0,0
7.0,5.0,1.0,2.0,1.0,8.0,4.0,5.0,0.0,3.0,3.0,2.0,3.0,0.0,0.0,1.0,0.0,0.0,False,3,3,3
4.0,1.0,1.0,2.0,1.0,3.0,1.0,1.0,6870.0,2.0,5.0,2.0,3.0,8.0,8.0,3.0,10.0,8.835064935031076,True,1,1,1
4.0,1.0,7.0,2.0,6.0,2.0,1.0,1.0,690.0,2.0,4.0,3.0,4.0,6.0,7.0,4.0,8.0,6.53813982376767,True,2,2,2
4.0,1.0,4.0,2.0,3.0,5.0,4.0,8.0,240.0,1.0,5.0,4.0,3.0,9.0,2.0,2.0,10.0,5.484796933490655,True,3,3,3
5.0,1.0,3.0,2.0,6.0,4.0,2.0,1.0,0.0,2.0,4.0,2.0,3.0,8.0,7.0,3.0,8.0,0.0,False,2,2,2
3.0,1.0,2.0,2.0,1.0,5.0,1.0,1.0,1080.0,1.0,5.0,3.0,3.0,5.0,6.0,2.0,9.0,6.985641817639208,True,2,2,2
4.0,1.0,3.0,2.0,6.0,5.0,1.0,2.0,318.75,2.0,4.0,2.0,2.0,9.0,9.0,5.0,10.0,5.767539440458952,True,3,3,3
5.0,1.0,3.0,1.0,6.0,5.0,1.0,1.0,1890.0,3.0,5.0,2.0,3.0,9.0,9.0,5.0,9.0,7.544861068658458,True,0,0,0
3.0,1.0,4.0,2.0,1.0,4.0,1.0,1.0,0.0,2.0,5.0,2.0,3.0,8.0,6.0,3.0,6.0,0.0,False,2,2,2
5.0,1.0,1.0,1.0,1.0,5.0,1.0,1.0,255.0,1.0,5.0,2.0,4.0,3.0,3.0,3.0,5.0,5.545177444479562,True,0,0,0
5.0,1.0,1.0,2.0,3.0,5.0,1.0,1.0,840.0,1.0,5.0,1.0,3.0,5.0,5.0,2.0,7.0,6.734591659972948,True,1,1,1
6.0,1.0,1.0,1.0,7.0,5.0,1.0,1.0,0.0,2.0,3.0,3.0,4.0,8.0,7.0,4.0,7.0,0.0,False,0,0,0
4.0,1.0,3.0,2.0,1.0,2.0,2.0,2.0,0.0,3.0,4.0,3.0,3.0,1.0,2.0,1.0,4.0,0.0,False,3,3,3
4.0,1.0,3.0,2.0,1.0,2.0,3.0,1.0,45.0,3.0,3.0,2.0,3.0,1.0,0.0,2.0,2.0,3.828641396489095,False,3,3,3
4.0,1.0,3.0,2.0,1.0,9.0,1.0,9.0,900.0,2.0,4.0,2.0,4.0,9.0,9.0,4.0,10.0,6.803505257608338,True,2,2,2
4.0,1.0,7.0,2.0,6.0,4.0,2.0,2.0,0.0,3.0,3.0,2.0,2.0,10.0,9.0,3.0,9.0,0.0,False,3,3,3
3.0,1.0,1.0,2.0,6.0,1.0,4.0,8.0,420.0,2.0,3.0,2.0,2.0,6.0,5.0,3.0,7.0,6.042632833682381,True,3,3,3
7.0,1.0,1.0,2.0,1.0,7.0,1.0,5.0,22.5,4.0,4.0,3.0,4.0,8.0,8.0,3.0,9.0,3.1570004211501135,False,3,3,3
4.0,1.0,1.0,1.0,1.0,4.0,1.0,1.0,720.0,1.0,3.0,4.0,2.0,7.0,7.0,2.0,8.0,6.580639137284949,True,0,0,0
2.0,1.0,2.0,2.0,1.0,2.0,4.0,8.0,0.0,2.0,3.0,2.0,3.0,7.0,8.0,2.0,7.0,0.0,False,3,3,3
7.0,3.0,1.0,2.0,1.0,8.0,1.0,5.0,0.0,3.0,4.0,3.0,4.0,7.0,5.0,3.0,4.0,0.0,False,3,3,3
3.0,1.0,1.0,1.0,1.0,5.0,1.0,1.0,660.0,2.0,4.0,3.0,3.0,6.0,6.0,4.0,5.0,6.493753839851686,True,0,0,0
3.0,1.0,5.0,1.0,6.0,10.0,1.0,1.0,577.5,1.0,5.0,2.0,4.0,8.0,8.0,3.0,7.0,6.360438546633731,True,0,0,0
2.0,1.0,1.0,2.0,10.0,9.0,2.0,1.0,420.0,5.0,5.0,5.0,3.0,8.0,8.0,3.0,10.0,6.042632833682381,True,1,1,1
5.0,2.0,1.0,2.0,3.0,5.0,2.0,2.0,2130.0,1.0,3.0,1.0,2.0,10.0,8.0,5.0,8.0,7.664346632098617,True,3,3,3
6.0,1.0,2.0,1.0,1.0,9.0,1.0,5.0,520.0,2.0,5.0,3.0,3.0,8.0,8.0,5.0,8.0,6.255750041753367,True,0,0,0
6.0,2.0,1.0,1.0,6.0,4.0,1.0,1.0,975.0,1.0,5.0,2.0,4.0,6.0,7.0,4.0,8.0,6.883462586413092,True,0,0,0
5.0,1.0,1.0,1.0,5.0,10.0,1.0,1.0,480.0,2.0,4.0,3.0,4.0,9.0,7.0,4.0,7.0,6.175867270105761,True,0,0,0
5.0,1.0,3.0,2.0,4.0,4.0,1.0,1.0,450.0,4.0,4.0,3.0,2.0,6.0,6.0,4.0,6.0,6.111467339502679,True,2,2,2
4.0,1.0,3.0,1.0,6.0,4.0,1.0,1.0,1020.0,1.0,3.0,2.0,3.0,5.0,5.0,4.0,6.0,6.928537818164665,True,0,0,0
4.0,1.0,3.0,2.0,6.0,4.0,1.0,1.0,0.0,2.0,3.0,3.0,3.0,5.0,5.0,5.0,8.0,0.0,False,2,2,2
2.0,1.0,3.0,2.0,10.0,6.0,4.0,8.0,4080.0,1.0,1.0,1.0,4.0,7.0,8.0,3.0,8.0,8.314097335405807,True,3,3,3
6.0,1.0,3.0,2.0,7.0,6.0,1.0,2.0,2850.0,1.0,1.0,1.0,3.0,8.0,9.0,2.0,5.0,7.955425088912672,True,3,3,3
4.0,1.0,1.0,1.0,6.0,9.0,1.0,1.0,655.0,2.0,4.0,1.0,4.0,7.0,8.0,4.0,9.0,6.486160788944089,True,0,0,0
5.0,1.0,1.0,1.0,5.0,5.0,1.0,1.0,3090.0,1.0,3.0,2.0,4.0,6.0,6.0,2.0,6.0,8.036249942132116,True,0,0,0
4.0,1.0,2.0,1.0,5.0,4.0,1.0,1.0,0.0,1.0,3.0,2.0,3.0,7.0,6.0,4.0,5.0,0.0,False,0,0,0
7.0,1.0,3.0,2.0,5.0,8.0,3.0,5.0,482.5,1.0,3.0,1.0,4.0,10.0,10.0,2.0,10.0,6.181051314893349,True,3,3,3
2.0,3.0,1.0,2.0,3.0,4.0,1.0,6.0,1200.0,3.0,3.0,3.0,2.0,0.0,0.0,1.0,2.0,7.0909098220799835,True,3,3,3
4.0,6.0,2.0,1.0,5.0,4.0,1.0,10.0,600.0,2.0,4.0,2.0,4.0,8.0,10.0,4.0,9.0,6.398594934535208,True,0,0,0
4.0,6.0,4.0,2.0,5.0,4.0,1.0,2.0,3600.0,2.0,4.0,2.0,4.0,9.0,9.0,5.0,9.0,8.188966863648876,True,3,3,3
2.0,1.0,1.0,2.0,2.0,10.0,1.0,1.0,3097.5,1.0,5.0,1.0,4.0,8.0,8.0,3.0,7.0,8.038673402402162,True,1,1,1
4.0,1.0,2.0,1.0,5.0,4.0,1.0,1.0,1955.0,1.0,4.0,2.0,4.0,8.0,7.0,4.0,7.0,7.578656850594762,True,0,0,0
5.0,1.0,2.0,1.0,12.0,8.0,1.0,1.0,800.0,1.0,4.0,1.0,3.0,8.0,10.0,5.0,10.0,6.68586094706836,True,0,0,0
4.0,1.0,6.0,2.0,5.0,3.0,1.0,1.0,720.0,1.0,1.0,1.0,3.0,8.0,8.0,4.0,8.0,6.580639137284949,True,2,2,2
6.0,1.0,1.0,1.0,7.0,6.0,1.0,7.0,1110.0,2.0,5.0,3.0,4.0,5.0,7.0,2.0,9.0,7.01301578963963,True,0,0,0
3.0,1.0,1.0,2.0,10.0,6.0,1.0,1.0,840.0,2.0,5.0,2.0,4.0,6.0,8.0,3.0,9.0,6.734591659972948,True,1,1,1
5.0,1.0,3.0,1.0,10.0,6.0,1.0,2.0,90.0,2.0,5.0,2.0,4.0,6.0,6.0,4.0,8.0,4.51085950651685,False,0,0,0
5.0,2.0,1.0,2.0,6.0,7.0,1.0,1.0,157.5,2.0,3.0,2.0,3.0,8.0,8.0,5.0,8.0,5.065754593317335,True,1,1,1
3.0,1.0,3.0,1.0,5.0,7.0,1.0,3.0,4680.0,1.0,3.0,1.0,2.0,7.0,6.0,3.0,6.0,8.45126704130007,True,0,0,0
5.0,1.0,1.0,2.0,6.0,10.0,1.0,1.0,0.0,2.0,2.0,2.0,4.0,8.0,8.0,2.0,8.0,0.0,False,1,1,1
7.0,1.0,1.0,2.0,5.0,10.0,2.0,5.0,0.0,2.0,4.0,2.0,4.0,8.0,8.0,3.0,8.0,0.0,False,3,3,3
6.0,1.0,1.0,1.0,5.0,9.0,1.0,1.0,0.0,2.0,2.0,2.0,4.0,8.0,8.0,4.0,8.0,0.0,False,0,0,0
4.0,1.0,1.0,1.0,5.0,10.0,1.0,1.0,225.0,2.0,2.0,2.0,4.0,9.0,8.0,4.0,8.0,5.420534999272286,True,0,0,0
4.0,1.0,1.0,1.0,5.0,10.0,1.0,1.0,225.0,1.0,1.0,1.0,4.0,8.0,8.0,4.0,8.0,5.420534999272286,True,0,0,0
4.0,1.0,3.0,1.0,6.0,5.0,1.0,1.0,290.0,1.0,4.0,2.0,3.0,7.0,7.0,5.0,7.0,5.673323267171493,True,0,0,0
3.0,1.0,3.0,2.0,6.0,5.0,1.0,1.0,0.0,4.0,4.0,4.0,3.0,7.0,7.0,3.0,7.0,0.0,False,2,2,2
3.0,1.0,3.0,1.0,6.0,3.0,1.0,1.0,195.0,3.0,2.0,2.0,3.0,6.0,6.0,4.0,6.0,5.278114659230517,True,0,0,0
7.0,2.0,1.0,1.0,5.0,3.0,1.0,5.0,0.0,3.0,3.0,3.0,2.0,7.0,7.0,5.0,6.0,0.0,False,0,0,0
6.0,1.0,1.0,2.0,5.0,3.0,1.0,5.0,0.0,3.0,3.0,2.0,2.0,8.0,8.0,5.0,7.0,0.0,False,3,3,3
3.0,3.0,1.0,2.0,9.0,2.0,1.0,2.0,0.0,3.0,3.0,4.0,2.0,3.0,2.0,2.0,5.0,0.0,False,3,3,3
5.0,1.0,1.0,1.0,6.0,6.0,3.0,1.0,1680.0,2.0,3.0,2.0,3.0,9.0,9.0,3.0,9.0,7.427144133408616,True,0,0,0
3.0,1.0,3.0,2.0,11.0,3.0,1.0,1.0,90.0,2.0,4.0,4.0,3.0,5.0,5.0,4.0,5.0,4.51085950651685,False,2,2,2
7.0,1.0,1.0,2.0,5.0,9.0,1.0,5.0,2175.0,1.0,3.0,1.0,4.0,8.0,7.0,3.0,6.0,7.685243607975833,True,3,3,3
7.0,3.0,1.0,1.0,5.0,8.0,2.0,5.0,525.0,3.0,4.0,3.0,4.0,8.0,8.0,2.0,7.0,6.26530121273771,True,0,0,0
5.0,1.0,2.0,2.0,6.0,10.0,1.0,2.0,105.0,1.0,5.0,1.0,4.0,9.0,9.0,4.0,9.0,4.663439094112067,False,3,3,3
4.0,3.0,7.0,2.0,6.0,5.0,3.0,3.0,510.0,4.0,3.0,3.0,3.0,6.0,5.0,2.0,8.0,6.236369590203704,True,3,3,3
4.0,1.0,3.0,2.0,3.0,10.0,3.0,6.0,0.0,2.0,2.0,3.0,3.0,9.0,5.0,4.0,5.0,0.0,False,3,3,3
4.0,1.0,4.0,2.0,10.0,10.0,1.0,1.0,185.0,2.0,2.0,2.0,1.0,9.0,10.0,2.0,5.0,5.225746673713202,True,2,2,2
4.0,1.0,3.0,2.0,1.0,4.0,1.0,1.0,970.0,1.0,4.0,2.0,3.0,7.0,6.0,3.0,6.0,6.878326468291325,True,2,2,2
4.0,1.0,1.0,1.0,6.0,9.0,1.0,1.0,420.0,1.0,4.0,2.0,3.0,6.0,4.0,2.0,6.0,6.042632833682381,True,0,0,0
3.0,2.0,1.0,2.0,6.0,8.0,2.0,1.0,60.0,2.0,4.0,1.0,3.0,7.0,7.0,2.0,7.0,4.110873864173311,False,1,1,1
6.0,2.0,1.0,1.0,1.0,9.0,3.0,1.0,1027.5,2.0,3.0,2.0,3.0,7.0,7.0,3.0,7.0,6.935856709093012,True,0,0,0
7.0,1.0,1.0,1.0,1.0,7.0,1.0,5.0,30.0,2.0,4.0,3.0,4.0,10.0,10.0,5.0,10.0,3.4339872044851463,False,0,0,0
3.0,1.0,2.0,2.0,1.0,6.0,2.0,1.0,0.0,4.0,4.0,3.0,3.0,3.0,6.0,3.0,5.0,0.0,False,2,2,2
4.0,1.0,1.0,2.0,6.0,8.0,1.0,2.0,945.0,3.0,4.0,2.0,4.0,6.0,6.0,3.0,6.0,6.852242569051878,True,3,3,3
4.0,1.0,1.0,1.0,6.0,8.0,1.0,1.0,0.0,2.0,4.0,4.0,2.0,6.0,6.0,4.0,7.0,0.0,False,0,0,0
5.0,1.0,3.0,2.0,1.0,9.0,1.0,1.0,112.5,3.0,4.0,3.0,3.0,7.0,7.0,2.0,7.0,4.7318028369214575,False,2,2,2
7.0,1.0,3.0,1.0,5.0,9.0,2.0,5.0,0.0,2.0,5.0,3.0,3.0,5.0,5.0,4.0,7.0,0.0,False,0,0,0
5.0,1.0,1.0,2.0,7.0,9.0,1.0,2.0,755.0,2.0,5.0,2.0,3.0,4.0,5.0,3.0,7.0,6.628041376179533,True,3,3,3
7.0,2.0,1.0,1.0,5.0,9.0,2.0,1.0,180.0,2.0,4.0,2.0,4.0,10.0,10.0,5.0,10.0,5.198497031265826,True,0,0,0
7.0,2.0,1.0,2.0,1.0,10.0,1.0,5.0,15.0,2.0,4.0,2.0,3.0,9.0,10.0,3.0,9.0,2.772588722239781,False,3,3,3
7.0,1.0,1.0,2.0,5.0,4.0,2.0,2.0,60.0,2.0,3.0,2.0,4.0,7.0,7.0,4.0,6.0,4.110873864173311,False,3,3,3
4.0,1.0,3.0,2.0,10.0,5.0,1.0,1.0,0.0,2.0,3.0,3.0,3.0,6.0,6.0,3.0,7.0,0.0,False,2,2,2
5.0,2.0,7.0,1.0,6.0,3.0,1.0,1.0,45.0,1.0,5.0,2.0,2.0,10.0,8.0,5.0,9.0,3.828641396489095,False,0,0,0
2.0,2.0,2.0,2.0,10.0,3.0,2.0,2.0,0.0,3.0,3.0,3.0,2.0,5.0,5.0,2.0,5.0,0.0,False,3,3,3
4.0,5.0,2.0,2.0,3.0,3.0,4.0,5.0,0.0,2.0,1.0,2.0,4.0,7.0,5.0,5.0,2.0,0.0,False,3,3,3
3.0,1.0,2.0,2.0,5.0,6.0,1.0,1.0,2175.0,2.0,5.0,2.0,3.0,3.0,4.0,3.0,2.0,7.685243607975833,True,2,2,2
2.0,3.0,3.0,1.0,2.0,3.0,2.0,2.0,2100.0,1.0,2.0,1.0,4.0,4.0,5.0,2.0,6.0,7.650168700845001,True,0,0,0
3.0,1.0,4.0,2.0,1.0,1.0,2.0,1.0,0.0,2.0,5.0,3.0,3.0,9.0,8.0,5.0,9.0,0.0,False,2,2,2
5.0,1.0,1.0,1.0,6.0,2.0,1.0,1.0,0.0,1.0,1.0,1.0,3.0,4.0,7.0,3.0,5.0,0.0,False,0,0,0
5.0,2.0,1.0,1.0,1.0,8.0,2.0,2.0,1200.0,2.0,4.0,2.0,2.0,3.0,3.0,3.0,4.0,7.0909098220799835,True,0,0,0
6.0,1.0,1.0,1.0,6.0,9.0,1.0,1.0,1200.0,2.0,3.0,2.0,4.0,9.0,8.0,3.0,9.0,7.0909098220799835,True,0,0,0
2.0,1.0,2.0,1.0,10.0,8.0,1.0,1.0,230.0,1.0,4.0,1.0,3.0,6.0,3.0,3.0,6.0,5.442417710521793,True,0,0,0
5.0,1.0,4.0,1.0,6.0,4.0,1.0,1.0,0.0,3.0,2.0,2.0,4.0,8.0,8.0,5.0,9.0,0.0,False,0,0,0
5.0,1.0,1.0,1.0,6.0,9.0,1.0,1.0,380.0,1.0,1.0,1.0,3.0,9.0,8.0,5.0,10.0,5.942799375126701,True,0,0,0
6.0,1.0,1.0,1.0,7.0,10.0,1.0,1.0,830.0,1.0,5.0,2.0,4.0,8.0,9.0,5.0,8.0,6.7226297948554485,True,0,0,0
4.0,1.0,1.0,1.0,6.0,5.0,1.0,1.0,1440.0,1.0,4.0,1.0,3.0,8.0,7.0,4.0,8.0,7.273092595999522,True,0,0,0
4.0,5.0,3.0,2.0,6.0,5.0,3.0,6.0,30.0,4.0,3.0,3.0,4.0,8.0,8.0,4.0,8.0,3.4339872044851463,False,3,3,3
5.0,1.0,1.0,2.0,5.0,7.0,2.0,2.0,270.0,3.0,4.0,3.0,3.0,6.0,6.0,3.0,5.0,5.602118820879701,True,3,3,3
3.0,1.0,1.0,1.0,3.0,6.0,1.0,1.0,6390.0,2.0,3.0,3.0,2.0,5.0,7.0,3.0,6.0,8.762646029650282,True,0,0,0
5.0,1.0,6.0,2.0,12.0,5.0,4.0,8.0,0.0,2.0,4.0,3.0,3.0,5.0,5.0,4.0,6.0,0.0,False,3,3,3
4.0,1.0,6.0,1.0,1.0,4.0,2.0,2.0,780.0,1.0,5.0,2.0,3.0,6.0,6.0,2.0,7.0,6.660575149839686,True,0,0,0
4.0,1.0,1.0,1.0,2.0,5.0,1.0,1.0,150.0,2.0,3.0,2.0,4.0,7.0,6.0,3.0,6.0,5.017279836814924,True,0,0,0
4.0,1.0,2.0,2.0,1.0,2.0,1.0,1.0,480.0,1.0,3.0,3.0,4.0,6.0,5.0,2.0,7.0,6.175867270105761,True,2,2,2
5.0,1.0,1.0,2.0,1.0,2.0,1.0,1.0,60.0,3.0,4.0,4.0,2.0,5.0,5.0,1.0,5.0,4.110873864173311,False,1,1,1
3.0,1.0,1.0,2.0,2.0,2.0,1.0,1.0,0.0,2.0,5.0,4.0,3.0,7.0,5.0,3.0,8.0,0.0,False,1,1,1
5.0,6.0,4.0,2.0,1.0,2.0,3.0,4.0,0.0,1.0,5.0,2.0,3.0,0.0,0.0,1.0,0.0,0.0,False,3,3,3
6.0,1.0,2.0,1.0,5.0,3.0,1.0,1.0,300.0,2.0,3.0,3.0,4.0,8.0,8.0,4.0,8.0,5.707110264748875,True,0,0,0
4.0,1.0,2.0,1.0,1.0,4.0,1.0,1.0,270.0,2.0,4.0,2.0,4.0,8.0,9.0,4.0,8.0,5.602118820879701,True,0,0,0
6.0,1.0,3.0,2.0,5.0,8.0,1.0,1.0,130.0,2.0,4.0,2.0,4.0,9.0,8.0,4.0,7.0,4.875197323201151,False,2,2,2
6.0,1.0,6.0,1.0,7.0,9.0,1.0,10.0,0.0,2.0,3.0,4.0,2.0,5.0,4.0,2.0,7.0,0.0,False,0,0,0
3.0,1.0,2.0,2.0,1.0,6.0,1.0,1.0,960.0,1.0,3.0,2.0,2.0,3.0,4.0,2.0,6.0,6.8679744089702925,True,2,2,2
2.0,2.0,3.0,2.0,10.0,3.0,4.0,8.0,0.0,1.0,4.0,1.0,4.0,7.0,8.0,4.0,8.0,0.0,False,3,3,3
4.0,1.0,1.0,2.0,5.0,7.0,1.0,1.0,1380.0,1.0,4.0,1.0,4.0,10.0,10.0,4.0,9.0,7.2305631534092925,True,1,1,1
4.0,1.0,6.0,1.0,5.0,3.0,1.0,1.0,0.0,1.0,5.0,2.0,3.0,8.0,8.0,3.0,8.0,0.0,False,0,0,0
6.0,3.0,1.0,1.0,10.0,5.0,3.0,1.0,0.0,4.0,4.0,3.0,2.0,9.0,7.0,5.0,8.0,0.0,False,0,0,0
5.0,1.0,5.0,2.0,10.0,5.0,1.0,1.0,2340.0,2.0,4.0,1.0,2.0,8.0,7.0,5.0,8.0,7.75833346749091,True,2,2,2
2.0,3.0,4.0,2.0,10.0,7.0,4.0,8.0,180.0,2.0,5.0,2.0,2.0,3.0,4.0,3.0,4.0,5.198497031265826,True,3,3,3
5.0,1.0,2.0,2.0,5.0,6.0,1.0,1.0,900.0,2.0,4.0,2.0,4.0,10.0,8.0,4.0,8.0,6.803505257608338,True,2,2,2
4.0,1.0,1.0,1.0,10.0,4.0,1.0,1.0,2632.5,1.0,5.0,2.0,5.0,10.0,10.0,3.0,10.0,7.876069038923444,True,0,0,0
4.0,1.0,1.0,1.0,6.0,6.0,1.0,1.0,105.0,1.0,5.0,2.0,4.0,5.0,7.0,4.0,8.0,4.663439094112067,False,0,0,0
3.0,1.0,1.0,2.0,5.0,9.0,1.0,1.0,1050.0,1.0,4.0,1.0,2.0,9.0,8.0,3.0,8.0,6.957497370876951,True,1,1,1
7.0,5.0,1.0,2.0,1.0,4.0,1.0,5.0,300.0,3.0,4.0,2.0,3.0,6.0,7.0,2.0,5.0,5.707110264748875,True,3,3,3
3.0,1.0,1.0,1.0,2.0,3.0,1.0,1.0,0.0,3.0,3.0,3.0,3.0,4.0,5.0,5.0,4.0,0.0,False,0,0,0
5.0,1.0,5.0,2.0,5.0,4.0,2.0,1.0,0.0,3.0,4.0,2.0,3.0,7.0,8.0,4.0,8.0,0.0,False,2,2,2
7.0,5.0,3.0,2.0,5.0,4.0,2.0,5.0,232.5,2.0,3.0,2.0,3.0,10.0,10.0,5.0,10.0,5.453182077108952,True,3,3,3
4.0,1.0,1.0,1.0,5.0,4.0,1.0,1.0,230.0,1.0,5.0,1.0,4.0,5.0,8.0,5.0,10.0,5.442417710521793,True,0,0,0
5.0,1.0,2.0,1.0,7.0,8.0,1.0,1.0,1095.0,1.0,5.0,3.0,4.0,8.0,8.0,4.0,8.0,6.999422467507961,True,0,0,0
5.0,1.0,1.0,2.0,7.0,8.0,1.0,1.0,210.0,2.0,5.0,3.0,4.0,7.0,6.0,3.0,6.0,5.351858133476067,True,1,1,1
5.0,1.0,2.0,2.0,4.0,2.0,3.0,1.0,731.25,2.0,5.0,2.0,4.0,1.0,3.0,2.0,3.0,6.596121985707843,True,2,2,2
2.0,3.0,3.0,2.0,10.0,1.0,4.0,8.0,0.0,2.0,4.0,1.0,3.0,10.0,9.0,4.0,10.0,0.0,False,3,3,3
7.0,1.0,1.0,1.0,5.0,7.0,1.0,5.0,1052.5,4.0,5.0,3.0,5.0,10.0,9.0,5.0,8.0,6.9598732332442435,True,0,0,0
7.0,1.0,1.0,1.0,5.0,9.0,1.0,5.0,0.0,2.0,5.0,1.0,4.0,9.0,8.0,5.0,8.0,0.0,False,0,0,0
7.0,1.0,1.0,1.0,1.0,7.0,2.0,5.0,825.0,3.0,3.0,2.0,4.0,5.0,4.0,2.0,6.0,6.716594773520978,True,0,0,0
5.0,1.0,1.0,2.0,6.0,8.0,1.0,2.0,360.0,3.0,4.0,3.0,4.0,7.0,7.0,4.0,9.0,5.8888779583328805,True,3,3,3
4.0,3.0,1.0,2.0,1.0,4.0,2.0,1.0,2940.0,3.0,3.0,1.0,3.0,8.0,4.0,4.0,6.0,7.9865049385539955,True,1,1,1
7.0,1.0,1.0,1.0,1.0,3.0,1.0,5.0,266.25,2.0,4.0,3.0,3.0,8.0,7.0,5.0,8.0,5.588184549905154,True,0,0,0
2.0,6.0,4.0,2.0,10.0,8.0,4.0,8.0,995.0,1.0,3.0,2.0,3.0,9.0,9.0,4.0,8.0,6.903747257584598,True,3,3,3
4.0,1.0,2.0,2.0,1.0,7.0,2.0,1.0,240.0,3.0,4.0,1.0,3.0,8.0,8.0,4.0,9.0,5.484796933490655,True,2,2,2
5.0,2.0,1.0,2.0,6.0,6.0,1.0,2.0,622.5,1.0,5.0,1.0,2.0,8.0,9.0,5.0,8.0,6.435348765120091,True,3,3,3
2.0,3.0,1.0,1.0,10.0,6.0,4.0,8.0,120.0,2.0,4.0,3.0,2.0,4.0,3.0,3.0,1.0,4.795790545596741,False,0,0,0
4.0,1.0,1.0,1.0,5.0,3.0,1.0,1.0,280.0,2.0,4.0,2.0,3.0,7.0,7.0,5.0,7.0,5.638354669333745,True,0,0,0
6.0,1.0,1.0,2.0,10.0,8.0,2.0,7.0,75.0,2.0,4.0,1.0,2.0,2.0,5.0,1.0,5.0,4.330733340286331,False,3,3,3
2.0,2.0,1.0,2.0,10.0,4.0,4.0,8.0,720.0,4.0,5.0,4.0,2.0,5.0,6.0,2.0,4.0,6.580639137284949,True,3,3,3
6.0,1.0,2.0,2.0,1.0,5.0,1.0,2.0,522.5,1.0,4.0,1.0,3.0,7.0,8.0,4.0,8.0,6.260537030310592,True,3,3,3
6.0,1.0,2.0,1.0,1.0,8.0,1.0,1.0,785.0,1.0,5.0,2.0,4.0,7.0,7.0,2.0,8.0,6.666956792429207,True,0,0,0
4.0,1.0,2.0,2.0,1.0,3.0,1.0,1.0,780.0,1.0,4.0,2.0,2.0,5.0,5.0,1.0,5.0,6.660575149839686,True,2,2,2
3.0,1.0,2.0,2.0,5.0,5.0,1.0,1.0,555.0,2.0,3.0,2.0,4.0,7.0,7.0,3.0,5.0,6.320768294250582,True,2,2,2
3.0,1.0,3.0,1.0,1.0,8.0,2.0,1.0,2400.0,1.0,4.0,1.0,3.0,5.0,5.0,5.0,5.0,7.783640596221253,True,0,0,0
7.0,1.0,1.0,2.0,4.0,7.0,1.0,1.0,1340.0,4.0,4.0,2.0,4.0,8.0,8.0,3.0,10.0,7.201170883281678,True,1,1,1
5.0,1.0,2.0,2.0,1.0,6.0,1.0,1.0,0.0,4.0,3.0,2.0,3.0,0.0,2.0,4.0,5.0,0.0,False,2,2,2
4.0,1.0,1.0,2.0,1.0,2.0,1.0,1.0,105.0,3.0,4.0,2.0,3.0,9.0,7.0,3.0,7.0,4.663439094112067,False,1,1,1
5.0,2.0,1.0,2.0,1.0,6.0,2.0,6.0,1421.25,1.0,5.0,3.0,3.0,9.0,8.0,4.0,8.0,7.259995403630756,True,3,3,3
4.0,1.0,5.0,2.0,5.0,6.0,1.0,1.0,922.5,1.0,4.0,1.0,4.0,7.0,7.0,2.0,7.0,6.828170799639294,True,2,2,2
4.0,1.0,2.0,1.0,5.0,8.0,1.0,1.0,237.0,1.0,5.0,3.0,3.0,8.0,9.0,3.0,9.0,5.472270673671475,True,0,0,0
4.0,2.0,1.0,2.0,8.0,2.0,1.0,1.0,1200.0,2.0,4.0,2.0,3.0,8.0,8.0,4.0,8.0,7.0909098220799835,True,1,1,1
4.0,1.0,3.0,1.0,5.0,6.0,1.0,1.0,805.0,2.0,3.0,2.0,3.0,8.0,8.0,4.0,8.0,6.692083742506628,True,0,0,0
3.0,1.0,2.0,2.0,1.0,4.0,1.0,1.0,3540.0,2.0,4.0,3.0,3.0,6.0,7.0,3.0,9.0,8.172164452111904,True,2,2,2
4.0,3.0,2.0,2.0,6.0,2.0,3.0,9.0,300.0,3.0,4.0,2.0,2.0,4.0,5.0,4.0,8.0,5.707110264748875,True,3,3,3
3.0,1.0,3.0,2.0,6.0,3.0,1.0,6.0,1782.5,1.0,4.0,1.0,3.0,5.0,5.0,2.0,7.0,7.486333004798946,True,3,3,3
6.0,3.0,4.0,1.0,5.0,2.0,2.0,10.0,360.0,3.0,5.0,2.0,3.0,9.0,9.0,5.0,9.0,5.8888779583328805,True,0,0,0
3.0,1.0,4.0,1.0,1.0,4.0,1.0,1.0,2820.0,2.0,4.0,2.0,4.0,8.0,10.0,2.0,7.0,7.944846711001996,True,0,0,0
2.0,1.0,1.0,2.0,1.0,2.0,4.0,8.0,855.0,1.0,2.0,4.0,4.0,4.0,6.0,1.0,6.0,6.752270376141742,True,3,3,3
5.0,1.0,1.0,2.0,6.0,2.0,1.0,1.0,610.0,2.0,3.0,2.0,4.0,8.0,7.0,3.0,6.0,6.415096959171596,True,1,1,1
4.0,1.0,1.0,1.0,5.0,3.0,1.0,1.0,1000.0,1.0,4.0,2.0,4.0,10.0,9.0,4.0,7.0,6.90875477931522,True,0,0,0
2.0,3.0,4.0,1.0,11.0,2.0,4.0,8.0,1185.0,3.0,5.0,3.0,1.0,5.0,7.0,2.0,8.0,7.078341579557671,True,0,0,0
4.0,1.0,1.0,2.0,6.0,4.0,1.0,2.0,2085.0,1.0,3.0,1.0,4.0,9.0,9.0,4.0,9.0,7.643003635560718,True,3,3,3
7.0,1.0,2.0,1.0,5.0,4.0,1.0,5.0,410.0,3.0,4.0,3.0,4.0,7.0,7.0,3.0,7.0,6.018593214496234,True,0,0,0
7.0,1.0,2.0,2.0,5.0,4.0,1.0,5.0,1050.0,2.0,5.0,2.0,3.0,8.0,8.0,4.0,9.0,6.957497370876951,True,3,3,3
4.0,1.0,2.0,2.0,7.0,5.0,1.0,1.0,2625.0,1.0,2.0,1.0,3.0,5.0,6.0,2.0,4.0,7.873217054862741,True,2,2,2
2.0,1.0,1.0,1.0,1.0,3.0,1.0,1.0,1020.0,5.0,5.0,5.0,2.0,5.0,6.0,4.0,6.0,6.928537818164665,True,0,0,0
7.0,1.0,1.0,1.0,1.0,4.0,1.0,1.0,157.5,1.0,3.0,1.0,5.0,4.0,4.0,1.0,4.0,5.065754593317335,True,0,0,0
6.0,1.0,1.0,1.0,1.0,9.0,1.0,5.0,682.5,1.0,4.0,2.0,4.0,9.0,9.0,4.0,7.0,6.527226656164005,True,0,0,0
6.0,1.0,1.0,1.0,5.0,9.0,1.0,5.0,880.0,3.0,4.0,1.0,4.0,9.0,8.0,5.0,7.0,6.78105762593618,True,0,0,0
6.0,3.0,2.0,2.0,2.0,5.0,2.0,1.0,948.75,2.0,5.0,2.0,4.0,7.0,5.0,1.0,4.0,6.856198792067735,True,2,2,2
3.0,2.0,2.0,2.0,10.0,5.0,2.0,1.0,682.5,2.0,5.0,3.0,4.0,3.0,4.0,3.0,5.0,6.527226656164005,True,2,2,2
4.0,1.0,1.0,1.0,2.0,7.0,1.0,1.0,262.5,1.0,4.0,1.0,3.0,7.0,6.0,2.0,8.0,5.574053367981417,True,0,0,0
3.0,1.0,2.0,1.0,2.0,7.0,1.0,1.0,75.0,4.0,4.0,2.0,4.0,6.0,7.0,2.0,6.0,4.330733340286331,False,0,0,0
4.0,1.0,1.0,1.0,1.0,2.0,1.0,1.0,0.0,2.0,5.0,2.0,4.0,7.0,6.0,4.0,7.0,0.0,False,0,0,0
4.0,6.0,3.0,2.0,7.0,3.0,3.0,6.0,45.0,2.0,5.0,1.0,3.0,7.0,6.0,3.0,4.0,3.828641396489095,False,3,3,3
4.0,1.0,1.0,1.0,5.0,3.0,1.0,1.0,0.0,2.0,5.0,2.0,3.0,8.0,6.0,2.0,6.0,0.0,False,0,0,0
5.0,1.0,1.0,1.0,7.0,8.0,1.0,1.0,787.5,2.0,4.0,2.0,3.0,6.0,7.0,2.0,8.0,6.670132406403093,True,0,0,0
6.0,1.0,1.0,1.0,1.0,8.0,1.0,1.0,510.0,1.0,3.0,1.0,4.0,5.0,5.0,1.0,5.0,6.236369590203704,True,0,0,0
4.0,1.0,6.0,2.0,6.0,3.0,1.0,6.0,0.0,3.0,4.0,2.0,4.0,7.0,8.0,4.0,9.0,0.0,False,3,3,3
7.0,1.0,2.0,1.0,1.0,7.0,2.0,5.0,2520.0,1.0,4.0,1.0,4.0,5.0,5.0,2.0,10.0,7.83241092718792,True,0,0,0
4.0,3.0,1.0,1.0,3.0,6.0,3.0,4.0,390.0,1.0,4.0,2.0,3.0,7.0,8.0,3.0,7.0,5.968707559985366,True,0,0,0
7.0,1.0,1.0,2.0,1.0,6.0,1.0,5.0,780.0,2.0,4.0,1.0,4.0,7.0,8.0,3.0,8.0,6.660575149839686,True,3,3,3
3.0,1.0,1.0,2.0,5.0,6.0,1.0,1.0,1500.0,1.0,4.0,1.0,4.0,8.0,9.0,4.0,10.0,7.313886831633462,True,1,1,1
6.0,1.0,2.0,2.0,1.0,5.0,1.0,10.0,0.0,3.0,3.0,2.0,3.0,5.0,0.0,3.0,1.0,0.0,False,3,3,3
3.0,1.0,1.0,3.0,1.0,2.0,4.0,8.0,540.0,1.0,5.0,4.0,4.0,9.0,8.0,3.0,9.0,6.293419278846481,True,3,3,3
4.0,2.0,3.0,2.0,12.0,3.0,1.0,1.0,0.0,4.0,4.0,3.0,3.0,10.0,10.0,5.0,10.0,0.0,False,2,2,2
5.0,2.0,1.0,1.0,1.0,2.0,1.0,1.0,1080.0,1.0,5.0,1.0,3.0,2.0,3.0,2.0,6.0,6.985641817639208,True,0,0,0
2.0,3.0,6.0,2.0,10.0,8.0,4.0,8.0,985.0,2.0,5.0,2.0,2.0,8.0,7.0,4.0,7.0,6.893656354602635,True,3,3,3
6.0,1.0,1.0,2.0,5.0,8.0,1.0,1.0,0.0,3.0,4.0,1.0,5.0,10.0,10.0,5.0,10.0,0.0,False,1,1,1
6.0,1.0,1.0,1.0,5.0,8.0,1.0,1.0,375.0,1.0,3.0,1.0,5.0,8.0,9.0,4.0,10.0,5.929589143389895,True,0,0,0
7.0,1.0,1.0,2.0,5.0,3.0,1.0,5.0,900.0,1.0,5.0,3.0,4.0,9.0,8.0,4.0,9.0,6.803505257608338,True,3,3,3
7.0,2.0,1.0,1.0,5.0,3.0,1.0,5.0,180.0,1.0,4.0,1.0,4.0,9.0,9.0,4.0,9.0,5.198497031265826,True,0,0,0
7.0,1.0,1.0,1.0,5.0,6.0,1.0,10.0,120.0,1.0,3.0,1.0,3.0,10.0,10.0,5.0,10.0,4.795790545596741,False,0,0,0
6.0,2.0,3.0,1.0,8.0,8.0,1.0,1.0,1605.0,2.0,3.0,1.0,4.0,9.0,9.0,4.0,10.0,7.381501894506707,True,0,0,0
4.0,1.0,1.0,1.0,1.0,8.0,4.0,1.0,0.0,2.0,2.0,2.0,4.0,7.0,8.0,5.0,8.0,0.0,False,0,0,0
4.0,1.0,1.0,1.0,6.0,8.0,1.0,1.0,320.0,2.0,4.0,2.0,3.0,7.0,7.0,4.0,7.0,5.771441123130016,True,0,0,0
4.0,1.0,3.0,1.0,6.0,8.0,1.0,1.0,0.0,1.0,4.0,3.0,4.0,7.0,7.0,3.0,8.0,0.0,False,0,0,0
6.0,1.0,3.0,1.0,7.0,8.0,3.0,4.0,0.0,2.0,3.0,2.0,2.0,2.0,2.0,2.0,7.0,0.0,False,0,0,0
3.0,1.0,4.0,2.0,12.0,7.0,2.0,1.0,60.0,1.0,5.0,1.0,3.0,9.0,10.0,4.0,10.0,4.110873864173311,False,2,2,2
7.0,1.0,3.0,1.0,1.0,3.0,1.0,5.0,240.0,2.0,5.0,2.0,4.0,9.0,9.0,4.0,9.0,5.484796933490655,True,0,0,0
7.0,1.0,1.0,1.0,5.0,7.0,1.0,5.0,1278.75,1.0,4.0,1.0,4.0,8.0,8.0,5.0,8.0,7.154420025337693,True,0,0,0
3.0,1.0,1.0,2.0,1.0,6.0,1.0,1.0,1820.0,1.0,4.0,3.0,3.0,8.0,8.0,2.0,6.0,7.507141079727608,True,1,1,1
4.0,1.0,1.0,2.0,5.0,6.0,1.0,1.0,690.0,3.0,3.0,3.0,4.0,3.0,4.0,1.0,3.0,6.53813982376767,True,1,1,1
5.0,3.0,1.0,2.0,7.0,9.0,2.0,2.0,90.0,1.0,5.0,3.0,3.0,9.0,8.0,3.0,9.0,4.51085950651685,False,3,3,3
3.0,1.0,2.0,2.0,6.0,9.0,1.0,2.0,0.0,2.0,5.0,2.0,2.0,0.0,9.0,5.0,10.0,0.0,False,3,3,3
6.0,1.0,1.0,2.0,1.0,8.0,1.0,1.0,2690.0,1.0,5.0,2.0,4.0,8.0,8.0,2.0,7.0,7.897668150726906,True,1,1,1
6.0,2.0,7.0,1.0,5.0,7.0,2.0,1.0,0.0,3.0,3.0,2.0,4.0,9.0,9.0,5.0,8.0,0.0,False,0,0,0
6.0,1.0,3.0,2.0,1.0,4.0,1.0,2.0,0.0,2.0,1.0,2.0,2.0,9.0,9.0,5.0,9.0,0.0,False,3,3,3
3.0,1.0,2.0,2.0,5.0,4.0,1.0,1.0,2257.5,1.0,5.0,2.0,2.0,9.0,9.0,4.0,8.0,7.722456155094659,True,2,2,2
7.0,3.0,1.0,1.0,5.0,7.0,2.0,5.0,0.0,3.0,4.0,2.0,3.0,7.0,7.0,4.0,7.0,0.0,False,0,0,0
7.0,1.0,1.0,1.0,5.0,9.0,1.0,5.0,60.0,2.0,4.0,3.0,2.0,8.0,8.0,4.0,4.0,4.110873864173311,False,0,0,0
7.0,5.0,3.0,2.0,4.0,6.0,4.0,5.0,1425.0,1.0,4.0,1.0,3.0,8.0,8.0,5.0,9.0,7.262628600974241,True,3,3,3
2.0,6.0,3.0,2.0,11.0,5.0,4.0,8.0,1010.0,4.0,5.0,4.0,3.0,4.0,5.0,3.0,2.0,6.918695219020472,True,3,3,3
3.0,1.0,2.0,2.0,11.0,5.0,1.0,1.0,1065.0,2.0,3.0,3.0,3.0,8.0,7.0,3.0,9.0,6.97166860472579,True,2,2,2
4.0,1.0,3.0,1.0,1.0,5.0,1.0,1.0,45.0,1.0,4.0,1.0,4.0,8.0,8.0,5.0,8.0,3.828641396489095,False,0,0,0
4.0,1.0,1.0,2.0,6.0,2.0,1.0,1.0,0.0,2.0,4.0,2.0,3.0,4.0,5.0,2.0,5.0,0.0,False,1,1,1
2.0,3.0,1.0,1.0,11.0,4.0,2.0,2.0,540.0,2.0,4.0,2.0,4.0,9.0,8.0,3.0,7.0,6.293419278846481,True,0,0,0
5.0,6.0,6.0,2.0,3.0,3.0,1.0,6.0,45.0,2.0,2.0,2.0,2.0,6.0,4.0,1.0,4.0,3.828641396489095,False,3,3,3
5.0,4.0,1.0,1.0,1.0,4.0,3.0,7.0,720.0,1.0,3.0,2.0,3.0,9.0,7.0,2.0,9.0,6.580639137284949,True,0,0,0
4.0,1.0,1.0,2.0,6.0,7.0,1.0,6.0,3337.0,1.0,4.0,2.0,3.0,3.0,5.0,1.0,7.0,8.11312710422178,True,3,3,3
3.0,1.0,3.0,1.0,2.0,6.0,1.0,2.0,465.0,1.0,5.0,1.0,4.0,8.0,7.0,2.0,5.0,6.144185634125646,True,0,0,0
4.0,1.0,1.0,1.0,2.0,7.0,1.0,1.0,472.5,2.0,5.0,2.0,4.0,7.0,8.0,4.0,7.0,6.160151912626133,True,0,0,0
6.0,1.0,7.0,1.0,1.0,3.0,2.0,1.0,60.0,3.0,5.0,4.0,3.0,7.0,3.0,3.0,8.0,4.110873864173311,False,0,0,0
2.0,1.0,1.0,2.0,2.0,3.0,1.0,1.0,570.0,1.0,4.0,4.0,2.0,6.0,6.0,3.0,6.0,6.3473892096560105,True,1,1,1
3.0,1.0,3.0,1.0,1.0,3.0,1.0,1.0,0.0,2.0,4.0,2.0,3.0,6.0,8.0,4.0,8.0,0.0,False,0,0,0
5.0,1.0,1.0,1.0,1.0,4.0,1.0,1.0,3300.0,1.0,3.0,1.0,5.0,7.0,7.0,3.0,9.0,8.101980731853192,True,0,0,0
4.0,1.0,1.0,2.0,6.0,3.0,1.0,2.0,885.0,2.0,3.0,3.0,3.0,7.0,7.0,5.0,6.0,6.786716950605081,True,3,3,3
2.0,1.0,1.0,1.0,7.0,2.0,3.0,6.0,990.0,3.0,4.0,5.0,3.0,6.0,7.0,5.0,7.0,6.898714534329988,True,0,0,0
7.0,1.0,1.0,1.0,2.0,3.0,1.0,5.0,1027.5,4.0,2.0,3.0,2.0,7.0,7.0,4.0,7.0,6.935856709093012,True,0,0,0
7.0,4.0,4.0,2.0,4.0,3.0,1.0,5.0,0.0,2.0,3.0,1.0,1.0,5.0,5.0,3.0,5.0,0.0,False,3,3,3
5.0,1.0,3.0,1.0,6.0,4.0,1.0,1.0,607.5,1.0,4.0,1.0,4.0,3.0,5.0,2.0,5.0,6.410996912427582,True,0,0,0
6.0,1.0,1.0,1.0,5.0,8.0,1.0,1.0,760.0,1.0,2.0,3.0,3.0,8.0,8.0,4.0,7.0,6.634633357861686,True,0,0,0
4.0,1.0,7.0,2.0,1.0,8.0,1.0,7.0,0.0,3.0,5.0,2.0,4.0,4.0,2.0,1.0,1.0,0.0,False,3,3,3
5.0,1.0,6.0,1.0,5.0,9.0,1.0,10.0,3840.0,1.0,4.0,2.0,4.0,10.0,10.0,5.0,9.0,8.253488028345904,True,0,0,0
7.0,1.0,1.0,1.0,5.0,5.0,1.0,2.0,900.0,1.0,5.0,3.0,3.0,7.0,8.0,4.0,10.0,6.803505257608338,True,0,0,0
7.0,1.0,1.0,2.0,5.0,5.0,1.0,5.0,420.0,3.0,2.0,1.0,5.0,8.0,8.0,4.0,9.0,6.042632833682381,True,3,3,3
5.0,3.0,2.0,2.0,5.0,4.0,2.0,1.0,0.0,4.0,5.0,2.0,2.0,7.0,2.0,2.0,2.0,0.0,False,2,2,2
5.0,1.0,1.0,1.0,6.0,4.0,2.0,1.0,288.75,1.0,5.0,1.0,4.0,6.0,3.0,3.0,8.0,5.669018482219861,True,0,0,0
3.0,1.0,1.0,1.0,5.0,5.0,1.0,1.0,120.0,2.0,4.0,3.0,4.0,7.0,6.0,3.0,7.0,4.795790545596741,False,0,0,0
5.0,1.0,2.0,1.0,5.0,7.0,1.0,1.0,416.25,1.0,5.0,2.0,4.0,9.0,8.0,4.0,8.0,6.033685562541945,True,0,0,0
6.0,1.0,2.0,1.0,2.0,7.0,1.0,5.0,2400.0,1.0,3.0,1.0,3.0,9.0,9.0,5.0,9.0,7.783640596221253,True,0,0,0
5.0,3.0,4.0,1.0,9.0,1.0,3.0,5.0,225.0,3.0,4.0,3.0,1.0,7.0,7.0,4.0,8.0,5.420534999272286,True,0,0,0
5.0,1.0,2.0,2.0,6.0,5.0,1.0,1.0,0.0,1.0,4.0,3.0,4.0,3.0,7.0,1.0,7.0,0.0,False,2,2,2
3.0,5.0,2.0,2.0,5.0,7.0,1.0,2.0,1920.0,1.0,5.0,1.0,2.0,8.0,8.0,4.0,8.0,7.560601162768557,True,3,3,3
4.0,1.0,3.0,2.0,6.0,8.0,1.0,2.0,90.0,3.0,3.0,2.0,4.0,6.0,7.0,2.0,5.0,4.51085950651685,False,3,3,3
4.0,1.0,2.0,2.0,3.0,8.0,1.0,2.0,240.0,1.0,5.0,1.0,3.0,5.0,3.0,3.0,3.0,5.484796933490655,True,3,3,3
6.0,1.0,1.0,2.0,7.0,9.0,1.0,5.0,90.0,2.0,5.0,2.0,3.0,7.0,5.0,5.0,9.0,4.51085950651685,False,3,3,3
7.0,3.0,1.0,1.0,5.0,9.0,1.0,5.0,360.0,1.0,4.0,2.0,3.0,7.0,7.0,4.0,5.0,5.8888779583328805,True,0,0,0
7.0,5.0,1.0,1.0,1.0,7.0,1.0,5.0,0.0,2.0,4.0,2.0,4.0,9.0,9.0,5.0,9.0,0.0,False,0,0,0
4.0,1.0,1.0,2.0,5.0,9.0,1.0,1.0,607.5,1.0,4.0,2.0,5.0,9.0,8.0,3.0,9.0,6.410996912427582,True,1,1,1
6.0,1.0,1.0,1.0,1.0,8.0,1.0,1.0,106.25,1.0,5.0,1.0,4.0,9.0,9.0,3.0,10.0,4.675162557808126,False,0,0,0
3.0,1.0,3.0,2.0,10.0,7.0,3.0,2.0,272.5,2.0,1.0,4.0,3.0,4.0,6.0,2.0,6.0,5.611301621862036,True,3,3,3
5.0,1.0,2.0,2.0,6.0,6.0,1.0,1.0,405.0,3.0,3.0,3.0,4.0,8.0,9.0,5.0,8.0,6.0063531596017325,True,2,2,2
7.0,3.0,4.0,2.0,1.0,3.0,3.0,5.0,0.0,3.0,4.0,3.0,4.0,8.0,9.0,4.0,8.0,0.0,False,3,3,3
3.0,1.0,1.0,2.0,2.0,3.0,1.0,1.0,1125.0,1.0,4.0,2.0,2.0,8.0,8.0,2.0,7.0,7.026426808699636,True,1,1,1
5.0,1.0,1.0,1.0,6.0,6.0,1.0,1.0,315.0,1.0,5.0,1.0,5.0,9.0,9.0,5.0,9.0,5.755742213586912,True,0,0,0
5.0,1.0,2.0,1.0,6.0,2.0,1.0,1.0,585.0,1.0,5.0,2.0,4.0,8.0,8.0,4.0,8.0,6.373319789577012,True,0,0,0
5.0,1.0,4.0,1.0,6.0,5.0,1.0,1.0,480.0,1.0,3.0,1.0,4.0,9.0,7.0,5.0,10.0,6.175867270105761,True,0,0,0
6.0,1.0,1.0,2.0,2.0,5.0,1.0,1.0,2505.0,1.0,2.0,2.0,4.0,9.0,8.0,5.0,8.0,7.826443135456014,True,1,1,1
4.0,1.0,2.0,1.0,2.0,2.0,1.0,1.0,1410.0,1.0,5.0,2.0,3.0,7.0,7.0,3.0,9.0,7.252053951852814,True,0,0,0
3.0,1.0,4.0,2.0,10.0,2.0,1.0,1.0,690.0,2.0,5.0,2.0,3.0,5.0,4.0,2.0,6.0,6.53813982376767,True,2,2,2
2.0,1.0,2.0,1.0,11.0,3.0,4.0,8.0,6015.0,1.0,5.0,2.0,1.0,6.0,6.0,2.0,7.0,8.702177865629675,True,0,0,0
4.0,1.0,1.0,1.0,5.0,4.0,1.0,1.0,1320.0,1.0,3.0,4.0,3.0,8.0,8.0,4.0,8.0,7.186144304522325,True,0,0,0
6.0,1.0,1.0,2.0,1.0,2.0,1.0,1.0,5190.0,1.0,4.0,3.0,2.0,9.0,9.0,4.0,9.0,8.55468163582723,True,1,1,1
5.0,3.0,1.0,2.0,1.0,3.0,1.0,1.0,150.0,2.0,5.0,2.0,2.0,6.0,6.0,1.0,6.0,5.017279836814924,True,1,1,1
3.0,1.0,4.0,1.0,5.0,1.0,1.0,1.0,870.0,1.0,5.0,1.0,2.0,8.0,10.0,5.0,10.0,6.769641976852503,True,0,0,0
3.0,1.0,5.0,2.0,1.0,3.0,1.0,10.0,1530.0,1.0,4.0,2.0,1.0,7.0,8.0,3.0,6.0,7.333676395657684,True,2,2,2
4.0,1.0,2.0,1.0,1.0,3.0,1.0,1.0,180.0,1.0,3.0,2.0,3.0,8.0,7.0,3.0,6.0,5.198497031265826,True,0,0,0
3.0,1.0,1.0,2.0,10.0,7.0,1.0,1.0,56.25,3.0,3.0,4.0,3.0,6.0,5.0,4.0,7.0,4.047427642434349,False,1,1,1
5.0,3.0,1.0,2.0,7.0,7.0,3.0,2.0,960.0,3.0,1.0,5.0,3.0,3.0,3.0,2.0,3.0,6.8679744089702925,True,3,3,3
3.0,1.0,2.0,2.0,1.0,6.0,1.0,1.0,120.0,1.0,5.0,1.0,3.0,8.0,5.0,2.0,6.0,4.795790545596741,False,2,2,2
5.0,1.0,1.0,1.0,6.0,3.0,1.0,1.0,1485.0,1.0,5.0,1.0,5.0,3.0,3.0,3.0,7.0,7.303843225277705,True,0,0,0
4.0,1.0,3.0,2.0,6.0,7.0,1.0,2.0,2520.0,4.0,5.0,5.0,3.0,9.0,7.0,2.0,10.0,7.83241092718792,True,3,3,3
5.0,2.0,3.0,2.0,6.0,5.0,3.0,1.0,225.0,2.0,4.0,3.0,3.0,6.0,6.0,4.0,7.0,5.420534999272286,True,2,2,2
2.0,2.0,3.0,2.0,10.0,5.0,4.0,8.0,0.0,4.0,4.0,2.0,4.0,10.0,10.0,4.0,10.0,0.0,False,3,3,3
3.0,2.0,6.0,2.0,1.0,9.0,1.0,1.0,720.0,1.0,4.0,3.0,2.0,4.0,4.0,4.0,4.0,6.580639137284949,True,2,2,2
4.0,3.0,1.0,2.0,3.0,5.0,3.0,2.0,1800.0,2.0,4.0,2.0,2.0,7.0,7.0,3.0,5.0,7.496097345175956,True,3,3,3
3.0,1.0,1.0,2.0,5.0,9.0,1.0,1.0,735.0,1.0,5.0,1.0,2.0,9.0,8.0,4.0,7.0,6.601230118728877,True,1,1,1
3.0,1.0,1.0,1.0,5.0,7.0,1.0,1.0,600.0,1.0,5.0,2.0,4.0,10.0,9.0,4.0,10.0,6.398594934535208,True,0,0,0
3.0,1.0,2.0,2.0,5.0,10.0,1.0,1.0,600.0,1.0,2.0,2.0,3.0,8.0,8.0,4.0,7.0,6.398594934535208,True,2,2,2
5.0,1.0,3.0,1.0,6.0,10.0,1.0,1.0,1200.0,1.0,4.0,1.0,5.0,10.0,10.0,4.0,10.0,7.0909098220799835,True,0,0,0
4.0,1.0,1.0,2.0,6.0,10.0,1.0,2.0,1076.25,1.0,5.0,2.0,4.0,9.0,8.0,4.0,10.0,6.982166776495947,True,3,3,3
2.0,2.0,3.0,2.0,10.0,3.0,3.0,2.0,300.0,3.0,5.0,2.0,3.0,7.0,8.0,1.0,7.0,5.707110264748875,True,3,3,3
5.0,1.0,4.0,2.0,1.0,3.0,2.0,2.0,30.0,2.0,5.0,2.0,4.0,10.0,8.0,3.0,8.0,3.4339872044851463,False,3,3,3
6.0,1.0,1.0,1.0,5.0,3.0,1.0,1.0,1225.0,2.0,5.0,3.0,2.0,9.0,9.0,5.0,7.0,7.111512116496157,True,0,0,0
5.0,1.0,4.0,2.0,3.0,2.0,1.0,1.0,285.0,1.0,4.0,2.0,3.0,7.0,6.0,4.0,8.0,5.655991810819852,True,2,2,2
5.0,1.0,3.0,1.0,6.0,3.0,2.0,1.0,0.0,3.0,4.0,3.0,3.0,10.0,10.0,3.0,10.0,0.0,False,0,0,0
4.0,1.0,1.0,2.0,6.0,4.0,1.0,1.0,1695.0,2.0,5.0,2.0,4.0,9.0,8.0,3.0,9.0,7.4360278163518485,True,1,1,1
7.0,2.0,1.0,2.0,1.0,3.0,1.0,5.0,0.0,3.0,5.0,3.0,4.0,6.0,7.0,5.0,10.0,0.0,False,3,3,3
6.0,5.0,3.0,1.0,8.0,4.0,3.0,1.0,0.0,2.0,3.0,3.0,1.0,4.0,3.0,3.0,5.0,0.0,False,0,0,0
4.0,1.0,2.0,2.0,5.0,2.0,1.0,1.0,2190.0,1.0,5.0,1.0,4.0,9.0,9.0,4.0,9.0,7.692113339595466,True,2,2,2
4.0,1.0,7.0,1.0,5.0,2.0,1.0,1.0,705.0,4.0,4.0,3.0,4.0,8.0,8.0,3.0,6.0,6.559615237493242,True,0,0,0
2.0,2.0,3.0,2.0,10.0,3.0,4.0,8.0,0.0,3.0,4.0,2.0,3.0,8.0,7.0,4.0,8.0,0.0,False,3,3,3
5.0,1.0,7.0,1.0,2.0,3.0,2.0,1.0,65.0,1.0,4.0,1.0,3.0,6.0,7.0,2.0,5.0,4.189654742026425,False,0,0,0
4.0,1.0,5.0,2.0,6.0,4.0,1.0,10.0,540.0,2.0,5.0,2.0,3.0,9.0,8.0,5.0,8.0,6.293419278846481,True,3,3,3
3.0,2.0,3.0,2.0,6.0,3.0,1.0,2.0,0.0,3.0,4.0,3.0,2.0,6.0,5.0,4.0,5.0,0.0,False,3,3,3
3.0,6.0,4.0,3.0,2.0,2.0,4.0,10.0,0.0,2.0,2.0,4.0,2.0,5.0,5.0,1.0,5.0,0.0,False,3,3,3
4.0,2.0,1.0,2.0,3.0,5.0,2.0,1.0,2160.0,3.0,4.0,2.0,2.0,1.0,3.0,1.0,0.0,7.6783263565068856,True,3,3,3
3.0,1.0,3.0,1.0,1.0,4.0,1.0,1.0,1350.0,2.0,5.0,1.0,3.0,8.0,7.0,3.0,6.0,7.208600337960199,True,0,0,0
3.0,1.0,1.0,2.0,5.0,9.0,1.0,1.0,1030.0,1.0,3.0,2.0,4.0,7.0,6.0,2.0,10.0,6.93828448401696,True,1,1,1
3.0,1.0,1.0,2.0,10.0,8.0,1.0,1.0,435.0,2.0,5.0,2.0,3.0,9.0,9.0,3.0,9.0,6.077642243349034,True,1,1,1
2.0,1.0,1.0,2.0,1.0,8.0,1.0,1.0,1125.0,2.0,3.0,2.0,1.0,5.0,6.0,3.0,2.0,7.026426808699636,True,1,1,1
4.0,1.0,3.0,1.0,6.0,6.0,1.0,1.0,400.0,1.0,4.0,1.0,3.0,8.0,8.0,5.0,8.0,5.993961427306569,True,0,0,0
4.0,1.0,7.0,1.0,6.0,5.0,1.0,1.0,0.0,1.0,5.0,3.0,1.0,0.0,5.0,2.0,2.0,0.0,False,0,0,0
4.0,1.0,3.0,2.0,3.0,7.0,1.0,1.0,0.0,2.0,5.0,3.0,3.0,3.0,6.0,2.0,7.0,0.0,False,2,2,2
2.0,2.0,7.0,2.0,10.0,6.0,4.0,8.0,1913.25,1.0,1.0,1.0,1.0,10.0,10.0,2.0,10.0,7.557081179993233,True,3,3,3
5.0,5.0,7.0,2.0,6.0,6.0,3.0,6.0,172.5,2.0,4.0,2.0,3.0,8.0,7.0,4.0,10.0,5.156177599386914,True,3,3,3
4.0,1.0,3.0,2.0,6.0,7.0,1.0,2.0,625.0,2.0,2.0,3.0,2.0,0.0,7.0,5.0,7.0,6.439350371100098,True,3,3,3
6.0,1.0,4.0,2.0,1.0,3.0,2.0,1.0,0.0,2.0,5.0,2.0,2.0,10.0,10.0,3.0,10.0,0.0,False,2,2,2
4.0,3.0,3.0,2.0,1.0,6.0,1.0,1.0,0.0,3.0,5.0,3.0,4.0,4.0,6.0,3.0,6.0,0.0,False,2,2,2
6.0,1.0,4.0,1.0,7.0,3.0,1.0,1.0,120.0,2.0,5.0,2.0,2.0,6.0,5.0,5.0,7.0,4.795790545596741,False,0,0,0
3.0,1.0,3.0,1.0,1.0,8.0,1.0,1.0,3820.0,2.0,4.0,1.0,4.0,3.0,6.0,5.0,2.0,8.2482674474469,True,0,0,0
2.0,2.0,3.0,1.0,10.0,8.0,1.0,1.0,0.0,1.0,4.0,1.0,5.0,10.0,9.0,5.0,10.0,0.0,False,0,0,0
4.0,1.0,1.0,2.0,6.0,9.0,1.0,1.0,127.5,1.0,3.0,2.0,4.0,8.0,7.0,5.0,8.0,4.855928904335275,False,1,1,1
3.0,1.0,2.0,2.0,5.0,9.0,1.0,1.0,232.5,2.0,4.0,1.0,5.0,8.0,8.0,3.0,8.0,5.453182077108952,True,2,2,2
6.0,1.0,1.0,2.0,2.0,9.0,2.0,2.0,360.0,1.0,4.0,1.0,5.0,8.0,7.0,3.0,7.0,5.8888779583328805,True,3,3,3
5.0,1.0,2.0,2.0,6.0,9.0,1.0,2.0,60.0,2.0,4.0,2.0,4.0,8.0,9.0,4.0,9.0,4.110873864173311,False,3,3,3
7.0,3.0,3.0,1.0,5.0,8.0,3.0,5.0,800.0,2.0,2.0,1.0,3.0,7.0,7.0,1.0,7.0,6.68586094706836,True,0,0,0
7.0,3.0,3.0,2.0,5.0,8.0,3.0,5.0,0.0,1.0,1.0,1.0,3.0,10.0,10.0,5.0,9.0,0.0,False,3,3,3
6.0,1.0,1.0,1.0,7.0,9.0,1.0,1.0,825.0,2.0,3.0,2.0,4.0,7.0,7.0,2.0,5.0,6.716594773520978,True,0,0,0
3.0,1.0,3.0,1.0,5.0,3.0,1.0,1.0,450.0,1.0,4.0,4.0,1.0,6.0,4.0,4.0,7.0,6.111467339502679,True,0,0,0
3.0,1.0,1.0,2.0,5.0,5.0,1.0,1.0,240.0,2.0,5.0,2.0,3.0,4.0,7.0,4.0,7.0,5.484796933490655,True,1,1,1
7.0,1.0,4.0,2.0,10.0,3.0,1.0,1.0,15.0,1.0,5.0,4.0,2.0,7.0,7.0,2.0,10.0,2.772588722239781,False,2,2,2
3.0,1.0,5.0,1.0,1.0,3.0,1.0,1.0,727.5,1.0,3.0,3.0,3.0,3.0,4.0,2.0,7.0,6.590987625635259,True,0,0,0
6.0,1.0,5.0,2.0,4.0,3.0,1.0,1.0,0.0,2.0,4.0,3.0,4.0,5.0,5.0,3.0,5.0,0.0,False,2,2,2
4.0,1.0,2.0,1.0,1.0,3.0,1.0,1.0,675.0,3.0,5.0,3.0,3.0,8.0,8.0,4.0,7.0,6.516193076042964,True,0,0,0
3.0,1.0,1.0,1.0,5.0,3.0,1.0,1.0,330.0,2.0,4.0,3.0,3.0,6.0,6.0,2.0,7.0,5.802118375377063,True,0,0,0
4.0,1.0,5.0,2.0,6.0,3.0,1.0,1.0,150.0,1.0,5.0,4.0,2.0,4.0,4.0,4.0,10.0,5.017279836814924,True,2,2,2
4.0,4.0,3.0,1.0,10.0,2.0,3.0,4.0,480.0,2.0,2.0,3.0,2.0,6.0,2.0,1.0,4.0,6.175867270105761,True,0,0,0
5.0,3.0,1.0,2.0,3.0,4.0,3.0,4.0,180.0,3.0,5.0,2.0,4.0,8.0,7.0,4.0,8.0,5.198497031265826,True,3,3,3
4.0,1.0,1.0,1.0,5.0,2.0,1.0,1.0,805.0,1.0,4.0,2.0,3.0,8.0,9.0,5.0,9.0,6.692083742506628,True,0,0,0
3.0,1.0,4.0,2.0,10.0,3.0,2.0,1.0,390.0,2.0,4.0,2.0,3.0,8.0,8.0,4.0,9.0,5.968707559985366,True,2,2,2
6.0,3.0,1.0,1.0,5.0,8.0,1.0,2.0,0.0,2.0,4.0,2.0,2.0,7.0,7.0,3.0,8.0,0.0,False,0,0,0
3.0,1.0,2.0,2.0,2.0,4.0,2.0,1.0,1560.0,2.0,5.0,3.0,2.0,7.0,7.0,3.0,10.0,7.353081920515432,True,2,2,2
4.0,1.0,2.0,2.0,5.0,6.0,1.0,1.0,1800.0,1.0,1.0,1.0,5.0,8.0,7.0,3.0,8.0,7.496097345175956,True,2,2,2
6.0,2.0,1.0,1.0,7.0,7.0,2.0,2.0,1400.0,1.0,2.0,1.0,4.0,10.0,10.0,5.0,9.0,7.244941546337007,True,0,0,0
5.0,1.0,7.0,2.0,7.0,7.0,2.0,2.0,360.0,3.0,5.0,2.0,2.0,10.0,8.0,5.0,8.0,5.8888779583328805,True,3,3,3
7.0,6.0,1.0,1.0,1.0,7.0,2.0,10.0,0.0,4.0,5.0,3.0,2.0,7.0,5.0,2.0,1.0,0.0,False,0,0,0
3.0,1.0,3.0,1.0,11.0,5.0,1.0,10.0,2735.0,1.0,3.0,1.0,3.0,7.0,4.0,2.0,6.0,7.914252278742441,True,0,0,0
7.0,1.0,2.0,2.0,1.0,10.0,1.0,5.0,1740.0,2.0,3.0,2.0,3.0,8.0,9.0,3.0,8.0,7.462214939768189,True,3,3,3
5.0,1.0,1.0,1.0,6.0,8.0,1.0,1.0,940.0,1.0,5.0,2.0,3.0,5.0,5.0,4.0,6.0,6.846943139585379,True,0,0,0
4.0,1.0,1.0,2.0,6.0,8.0,2.0,3.0,367.5,2.0,4.0,1.0,4.0,8.0,7.0,5.0,7.0,5.909440711629391,True,3,3,3
4.0,1.0,1.0,2.0,9.0,8.0,1.0,1.0,60.0,3.0,4.0,2.0,4.0,7.0,8.0,5.0,8.0,4.110873864173311,False,1,1,1
4.0,1.0,1.0,1.0,1.0,10.0,1.0,1.0,1815.0,1.0,5.0,2.0,4.0,7.0,8.0,3.0,7.0,7.504391559161238,True,0,0,0
4.0,1.0,3.0,1.0,6.0,10.0,1.0,1.0,150.0,3.0,4.0,2.0,4.0,8.0,8.0,3.0,9.0,5.017279836814924,True,0,0,0
5.0,2.0,1.0,2.0,7.0,9.0,1.0,1.0,1110.0,2.0,5.0,2.0,4.0,8.0,8.0,5.0,8.0,7.01301578963963,True,1,1,1
2.0,1.0,1.0,2.0,5.0,3.0,1.0,1.0,450.0,1.0,4.0,2.0,2.0,6.0,8.0,4.0,5.0,6.111467339502679,True,1,1,1
2.0,1.0,5.0,2.0,5.0,5.0,1.0,2.0,180.0,2.0,4.0,2.0,2.0,6.0,7.0,3.0,7.0,5.198497031265826,True,3,3,3
4.0,1.0,3.0,2.0,3.0,2.0,1.0,1.0,700.0,4.0,4.0,3.0,3.0,8.0,7.0,2.0,7.0,6.55250788703459,True,2,2,2
4.0,1.0,1.0,2.0,1.0,3.0,1.0,3.0,150.0,4.0,5.0,2.0,3.0,7.0,6.0,3.0,5.0,5.017279836814924,True,3,3,3
3.0,1.0,5.0,2.0,2.0,3.0,1.0,1.0,1375.0,2.0,4.0,3.0,3.0,5.0,6.0,3.0,5.0,7.226936018493289,True,2,2,2
5.0,2.0,1.0,1.0,5.0,4.0,1.0,1.0,552.5,1.0,5.0,2.0,3.0,10.0,9.0,5.0,10.0,6.316261752148692,True,0,0,0
7.0,1.0,2.0,2.0,1.0,3.0,1.0,5.0,720.0,1.0,3.0,3.0,3.0,2.0,5.0,2.0,5.0,6.580639137284949,True,3,3,3
2.0,2.0,2.0,3.0,10.0,2.0,4.0,8.0,2571.5,2.0,4.0,2.0,4.0,5.0,6.0,2.0,5.0,7.852633467708205,True,3,3,3
5.0,3.0,2.0,2.0,4.0,3.0,1.0,1.0,1245.0,1.0,5.0,1.0,3.0,10.0,10.0,3.0,10.0,7.1276936993473985,True,2,2,2
3.0,1.0,3.0,2.0,1.0,7.0,1.0,1.0,90.0,2.0,5.0,2.0,3.0,10.0,8.0,1.0,7.0,4.51085950651685,False,2,2,2
2.0,1.0,5.0,1.0,2.0,4.0,1.0,1.0,795.0,1.0,3.0,2.0,3.0,9.0,8.0,3.0,8.0,6.679599185844383,True,0,0,0
2.0,1.0,3.0,1.0,2.0,4.0,1.0,1.0,450.0,1.0,2.0,2.0,3.0,8.0,7.0,3.0,7.0,6.111467339502679,True,0,0,0
3.0,1.0,5.0,2.0,1.0,4.0,1.0,1.0,240.0,1.0,5.0,2.0,3.0,7.0,5.0,3.0,9.0,5.484796933490655,True,2,2,2
3.0,1.0,1.0,2.0,1.0,9.0,1.0,1.0,2297.5,2.0,4.0,2.0,3.0,8.0,8.0,2.0,6.0,7.740012015246283,True,1,1,1
4.0,1.0,1.0,2.0,6.0,4.0,1.0,2.0,180.0,2.0,5.0,3.0,3.0,7.0,5.0,2.0,8.0,5.198497031265826,True,3,3,3
5.0,1.0,1.0,2.0,6.0,7.0,1.0,2.0,150.0,2.0,5.0,2.0,4.0,8.0,8.0,4.0,9.0,5.017279836814924,True,3,3,3
5.0,1.0,2.0,1.0,6.0,3.0,2.0,1.0,937.5,2.0,4.0,3.0,4.0,7.0,8.0,5.0,7.0,6.844282856026563,True,0,0,0
4.0,1.0,2.0,1.0,6.0,4.0,1.0,1.0,405.0,1.0,5.0,3.0,3.0,4.0,3.0,3.0,5.0,6.0063531596017325,True,0,0,0
4.0,1.0,2.0,2.0,6.0,4.0,1.0,1.0,90.0,1.0,5.0,2.0,4.0,7.0,7.0,5.0,8.0,4.51085950651685,False,2,2,2
4.0,1.0,1.0,2.0,5.0,5.0,1.0,1.0,195.0,2.0,4.0,4.0,4.0,8.0,7.0,2.0,8.0,5.278114659230517,True,1,1,1
5.0,1.0,1.0,2.0,3.0,6.0,1.0,1.0,870.0,1.0,5.0,3.0,4.0,9.0,7.0,4.0,10.0,6.769641976852503,True,1,1,1
5.0,1.0,1.0,1.0,3.0,6.0,2.0,1.0,60.0,2.0,5.0,2.0,4.0,8.0,8.0,3.0,8.0,4.110873864173311,False,0,0,0
3.0,2.0,2.0,2.0,2.0,2.0,3.0,1.0,60.0,4.0,4.0,3.0,3.0,6.0,5.0,3.0,5.0,4.110873864173311,False,2,2,2
3.0,3.0,2.0,1.0,2.0,2.0,3.0,1.0,0.0,2.0,4.0,2.0,3.0,8.0,9.0,4.0,9.0,0.0,False,0,0,0
5.0,1.0,6.0,1.0,1.0,2.0,3.0,4.0,720.0,2.0,3.0,4.0,2.0,0.0,0.0,1.0,0.0,6.580639137284949,True,0,0,0
6.0,1.0,1.0,1.0,1.0,6.0,1.0,2.0,465.0,2.0,4.0,2.0,3.0,5.0,3.0,1.0,9.0,6.144185634125646,True,0,0,0
3.0,6.0,6.0,1.0,5.0,8.0,1.0,1.0,37.5,1.0,3.0,2.0,4.0,9.0,8.0,5.0,9.0,3.6506582412937387,False,0,0,0
6.0,1.0,2.0,2.0,1.0,9.0,2.0,1.0,1200.0,2.0,3.0,3.0,4.0,8.0,8.0,4.0,7.0,7.0909098220799835,True,2,2,2
3.0,1.0,6.0,2.0,2.0,4.0,1.0,1.0,240.0,2.0,3.0,1.0,4.0,6.0,7.0,4.0,8.0,5.484796933490655,True,2,2,2
6.0,1.0,1.0,2.0,1.0,6.0,1.0,2.0,1050.0,1.0,5.0,1.0,4.0,9.0,8.0,4.0,5.0,6.957497370876951,True,3,3,3
5.0,1.0,1.0,2.0,1.0,9.0,1.0,1.0,322.5,2.0,2.0,2.0,3.0,6.0,7.0,2.0,7.0,5.7791991139409555,True,1,1,1
4.0,1.0,2.0,2.0,1.0,9.0,1.0,1.0,465.0,2.0,5.0,2.0,3.0,8.0,8.0,1.0,9.0,6.144185634125646,True,2,2,2
7.0,1.0,1.0,1.0,1.0,8.0,2.0,5.0,105.25,2.0,5.0,2.0,4.0,8.0,8.0,5.0,8.0,4.665794807804526,False,0,0,0
4.0,1.0,1.0,1.0,1.0,6.0,3.0,4.0,915.0,3.0,3.0,3.0,3.0,3.0,3.0,2.0,4.0,6.82001636467413,True,0,0,0
4.0,1.0,1.0,1.0,1.0,6.0,1.0,1.0,0.0,3.0,3.0,3.0,3.0,5.0,5.0,3.0,4.0,0.0,False,0,0,0
4.0,1.0,1.0,2.0,1.0,2.0,1.0,1.0,521.25,3.0,5.0,4.0,2.0,2.0,2.0,1.0,4.0,6.258146400436675,True,1,1,1
6.0,2.0,6.0,2.0,1.0,2.0,1.0,7.0,0.0,2.0,5.0,2.0,2.0,5.0,5.0,1.0,7.0,0.0,False,3,3,3
3.0,1.0,1.0,1.0,1.0,1.0,3.0,4.0,879.5,1.0,3.0,1.0,4.0,4.0,2.0,1.0,2.0,6.7804899279362605,True,0,0,0
6.0,1.0,2.0,1.0,5.0,8.0,1.0,10.0,450.0,2.0,3.0,2.0,2.0,8.0,6.0,4.0,3.0,6.111467339502679,True,0,0,0
2.0,1.0,1.0,2.0,2.0,9.0,4.0,8.0,2130.0,1.0,4.0,4.0,3.0,6.0,8.0,2.0,9.0,7.664346632098617,True,3,3,3
4.0,1.0,1.0,2.0,5.0,4.0,1.0,1.0,1328.5,1.0,1.0,1.0,4.0,4.0,4.0,1.0,4.0,7.1925582106830745,True,1,1,1
4.0,1.0,1.0,2.0,12.0,6.0,1.0,1.0,1110.0,2.0,4.0,2.0,4.0,8.0,8.0,4.0,8.0,7.01301578963963,True,1,1,1
7.0,2.0,2.0,2.0,1.0,5.0,2.0,1.0,0.0,5.0,5.0,5.0,4.0,5.0,6.0,4.0,6.0,0.0,False,2,2,2
3.0,1.0,1.0,1.0,1.0,7.0,1.0,1.0,0.0,2.0,4.0,2.0,3.0,9.0,9.0,3.0,9.0,0.0,False,0,0,0
7.0,1.0,1.0,1.0,5.0,10.0,1.0,5.0,0.0,1.0,2.0,2.0,4.0,8.0,8.0,3.0,8.0,0.0,False,0,0,0
4.0,1.0,1.0,2.0,6.0,9.0,1.0,1.0,120.0,2.0,2.0,2.0,4.0,7.0,7.0,4.0,7.0,4.795790545596741,False,1,1,1
5.0,1.0,1.0,1.0,6.0,9.0,1.0,1.0,120.0,2.0,2.0,2.0,4.0,8.0,8.0,4.0,8.0,4.795790545596741,False,0,0,0
6.0,1.0,6.0,2.0,6.0,9.0,1.0,1.0,120.0,2.0,2.0,2.0,4.0,7.0,7.0,4.0,8.0,4.795790545596741,False,2,2,2
3.0,1.0,1.0,1.0,6.0,5.0,1.0,1.0,120.0,2.0,2.0,2.0,4.0,8.0,8.0,4.0,8.0,4.795790545596741,False,0,0,0
3.0,1.0,1.0,1.0,5.0,10.0,1.0,1.0,720.0,1.0,1.0,1.0,4.0,8.0,8.0,4.0,8.0,6.580639137284949,True,0,0,0
3.0,1.0,1.0,1.0,5.0,10.0,1.0,1.0,720.0,1.0,1.0,2.0,4.0,8.0,8.0,4.0,8.0,6.580639137284949,True,0,0,0
3.0,1.0,1.0,1.0,5.0,10.0,1.0,1.0,1080.0,1.0,1.0,1.0,5.0,7.0,8.0,4.0,8.0,6.985641817639208,True,0,0,0
7.0,3.0,4.0,2.0,7.0,2.0,2.0,10.0,670.0,3.0,4.0,4.0,2.0,6.0,5.0,2.0,8.0,6.508769136971682,True,3,3,3
3.0,2.0,1.0,1.0,1.0,2.0,1.0,1.0,0.0,1.0,5.0,2.0,4.0,9.0,8.0,3.0,5.0,0.0,False,0,0,0
2.0,1.0,1.0,1.0,1.0,3.0,2.0,1.0,2762.5,1.0,5.0,1.0,2.0,7.0,8.0,4.0,7.0,7.924253271273318,True,0,0,0
4.0,3.0,1.0,2.0,6.0,2.0,1.0,1.0,0.0,2.0,3.0,3.0,3.0,8.0,8.0,4.0,8.0,0.0,False,1,1,1
6.0,1.0,4.0,1.0,6.0,2.0,1.0,1.0,0.0,3.0,3.0,2.0,3.0,7.0,7.0,4.0,7.0,0.0,False,0,0,0
4.0,1.0,7.0,2.0,6.0,2.0,1.0,2.0,180.0,2.0,4.0,2.0,3.0,6.0,7.0,4.0,10.0,5.198497031265826,True,3,3,3
4.0,1.0,1.0,2.0,1.0,9.0,1.0,1.0,340.0,2.0,5.0,3.0,3.0,6.0,6.0,4.0,8.0,5.831882477283517,True,1,1,1
6.0,1.0,1.0,2.0,1.0,9.0,1.0,1.0,295.0,1.0,4.0,2.0,3.0,6.0,7.0,3.0,8.0,5.69035945432406,True,1,1,1
2.0,2.0,6.0,2.0,10.0,3.0,4.0,8.0,720.0,2.0,4.0,3.0,4.0,7.0,7.0,1.0,8.0,6.580639137284949,True,3,3,3
2.0,1.0,1.0,2.0,10.0,7.0,1.0,1.0,645.0,4.0,5.0,1.0,3.0,7.0,6.0,3.0,6.0,6.470799503782602,True,1,1,1
3.0,1.0,2.0,1.0,5.0,6.0,1.0,1.0,400.0,2.0,2.0,3.0,3.0,3.0,5.0,3.0,3.0,5.993961427306569,True,0,0,0
4.0,1.0,2.0,2.0,6.0,7.0,1.0,1.0,930.0,2.0,4.0,2.0,3.0,10.0,9.0,5.0,9.0,6.836259277277067,True,2,2,2
6.0,1.0,4.0,1.0,5.0,6.0,2.0,1.0,810.0,2.0,4.0,2.0,3.0,9.0,10.0,4.0,10.0,6.698268054115413,True,0,0,0
4.0,1.0,6.0,1.0,5.0,5.0,1.0,1.0,200.0,3.0,2.0,2.0,3.0,7.0,7.0,4.0,6.0,5.303304908059076,True,0,0,0
3.0,1.0,1.0,1.0,2.0,5.0,1.0,1.0,450.0,1.0,3.0,2.0,3.0,7.0,5.0,2.0,5.0,6.111467339502679,True,0,0,0
3.0,3.0,1.0,2.0,3.0,4.0,3.0,2.0,195.0,2.0,4.0,3.0,2.0,5.0,4.0,2.0,7.0,5.278114659230517,True,3,3,3
3.0,3.0,1.0,2.0,3.0,4.0,3.0,2.0,150.0,2.0,5.0,3.0,3.0,7.0,7.0,2.0,7.0,5.017279836814924,True,3,3,3
4.0,1.0,1.0,1.0,6.0,7.0,1.0,1.0,0.0,1.0,4.0,2.0,3.0,8.0,8.0,2.0,7.0,0.0,False,0,0,0
6.0,3.0,1.0,1.0,7.0,7.0,1.0,5.0,2520.0,3.0,4.0,3.0,2.0,8.0,8.0,4.0,9.0,7.83241092718792,True,0,0,0
4.0,1.0,3.0,1.0,6.0,8.0,1.0,1.0,330.0,1.0,4.0,2.0,4.0,10.0,9.0,4.0,10.0,5.802118375377063,True,0,0,0
4.0,1.0,3.0,2.0,6.0,8.0,1.0,1.0,300.0,1.0,4.0,1.0,4.0,10.0,9.0,5.0,9.0,5.707110264748875,True,2,2,2
5.0,1.0,1.0,1.0,6.0,7.0,1.0,1.0,60.0,3.0,4.0,3.0,4.0,10.0,9.0,4.0,9.0,4.110873864173311,False,0,0,0
5.0,2.0,1.0,2.0,6.0,7.0,1.0,1.0,0.0,3.0,5.0,4.0,4.0,8.0,7.0,4.0,7.0,0.0,False,1,1,1
3.0,1.0,2.0,2.0,5.0,10.0,1.0,1.0,600.0,2.0,5.0,2.0,3.0,5.0,7.0,3.0,8.0,6.398594934535208,True,2,2,2
7.0,1.0,1.0,1.0,5.0,9.0,2.0,5.0,0.0,2.0,3.0,3.0,3.0,10.0,10.0,4.0,9.0,0.0,False,0,0,0
5.0,1.0,1.0,2.0,4.0,5.0,2.0,1.0,240.0,3.0,4.0,3.0,3.0,4.0,6.0,3.0,6.0,5.484796933490655,True,1,1,1
7.0,1.0,3.0,1.0,4.0,4.0,2.0,1.0,390.0,2.0,5.0,2.0,3.0,6.0,6.0,4.0,6.0,5.968707559985366,True,0,0,0
6.0,3.0,5.0,2.0,8.0,7.0,1.0,2.0,90.0,2.0,3.0,2.0,3.0,9.0,9.0,5.0,9.0,4.51085950651685,False,3,3,3
4.0,1.0,2.0,1.0,12.0,4.0,1.0,1.0,60.0,2.0,5.0,2.0,4.0,8.0,7.0,5.0,8.0,4.110873864173311,False,0,0,0
5.0,1.0,3.0,1.0,7.0,6.0,3.0,1.0,1750.0,1.0,3.0,1.0,3.0,10.0,10.0,5.0,8.0,7.467942332285852,True,0,0,0
6.0,1.0,6.0,2.0,7.0,8.0,1.0,1.0,142.5,2.0,4.0,3.0,3.0,5.0,7.0,3.0,9.0,4.966335035199676,False,2,2,2
6.0,4.0,4.0,1.0,7.0,8.0,2.0,1.0,840.0,2.0,3.0,2.0,4.0,8.0,7.0,4.0,7.0,6.734591659972948,True,0,0,0
3.0,1.0,6.0,1.0,6.0,7.0,1.0,1.0,345.0,1.0,5.0,1.0,2.0,6.0,6.0,4.0,5.0,5.846438775057725,True,0,0,0
3.0,1.0,2.0,2.0,5.0,4.0,1.0,1.0,135.0,3.0,4.0,3.0,2.0,6.0,4.0,3.0,3.0,4.912654885736052,False,2,2,2
2.0,1.0,1.0,1.0,10.0,3.0,4.0,8.0,202.5,1.0,5.0,2.0,3.0,7.0,8.0,5.0,5.0,5.31566600488265,True,0,0,0
6.0,1.0,2.0,2.0,5.0,4.0,1.0,1.0,275.0,1.0,5.0,3.0,4.0,1.0,6.0,4.0,7.0,5.62040086571715,True,2,2,2
3.0,1.0,6.0,1.0,10.0,2.0,1.0,2.0,4057.5,2.0,1.0,2.0,4.0,7.0,7.0,3.0,6.0,8.30856872620123,True,0,0,0
5.0,3.0,4.0,2.0,4.0,1.0,2.0,1.0,1042.5,2.0,4.0,3.0,3.0,8.0,8.0,3.0,9.0,6.950335726517255,True,2,2,2
2.0,3.0,4.0,2.0,10.0,1.0,3.0,2.0,1860.0,1.0,4.0,2.0,4.0,10.0,10.0,4.0,10.0,7.528869256642251,True,3,3,3
4.0,1.0,1.0,2.0,6.0,8.0,2.0,2.0,477.5,1.0,4.0,2.0,4.0,9.0,10.0,4.0,8.0,6.170656210893009,True,3,3,3
6.0,3.0,1.0,1.0,5.0,5.0,2.0,1.0,0.0,2.0,5.0,2.0,3.0,8.0,8.0,5.0,6.0,0.0,False,0,0,0
6.0,3.0,1.0,2.0,5.0,5.0,2.0,1.0,750.0,1.0,4.0,2.0,3.0,10.0,8.0,4.0,9.0,6.621405651764134,True,1,1,1
5.0,1.0,4.0,2.0,6.0,8.0,1.0,1.0,405.0,3.0,5.0,2.0,3.0,6.0,8.0,3.0,9.0,6.0063531596017325,True,2,2,2
5.0,1.0,1.0,1.0,1.0,8.0,1.0,1.0,135.0,3.0,3.0,2.0,4.0,8.0,8.0,4.0,8.0,4.912654885736052,False,0,0,0
6.0,3.0,1.0,2.0,5.0,10.0,2.0,2.0,1725.0,1.0,4.0,2.0,3.0,9.0,9.0,4.0,7.0,7.453561871643373,True,3,3,3
3.0,1.0,1.0,2.0,10.0,5.0,2.0,1.0,45.0,2.0,5.0,2.0,2.0,9.0,9.0,5.0,10.0,3.828641396489095,False,1,1,1
7.0,2.0,1.0,1.0,1.0,10.0,2.0,5.0,267.5,2.0,3.0,1.0,3.0,7.0,8.0,2.0,8.0,5.5928509139489195,True,0,0,0
6.0,1.0,1.0,1.0,5.0,6.0,1.0,5.0,450.0,2.0,4.0,1.0,2.0,6.0,8.0,5.0,7.0,6.111467339502679,True,0,0,0
6.0,1.0,1.0,2.0,5.0,6.0,1.0,5.0,1680.0,2.0,4.0,1.0,3.0,7.0,8.0,5.0,10.0,7.427144133408616,True,3,3,3
4.0,1.0,1.0,2.0,6.0,9.0,1.0,2.0,480.0,2.0,3.0,3.0,3.0,8.0,9.0,4.0,9.0,6.175867270105761,True,3,3,3
3.0,1.0,1.0,2.0,1.0,9.0,1.0,1.0,3870.0,2.0,4.0,3.0,4.0,9.0,9.0,4.0,7.0,8.261268150577648,True,1,1,1
7.0,6.0,1.0,1.0,11.0,8.0,1.0,2.0,420.0,2.0,4.0,2.0,3.0,7.0,6.0,5.0,8.0,6.042632833682381,True,0,0,0
3.0,1.0,2.0,2.0,5.0,8.0,1.0,1.0,427.5,2.0,4.0,1.0,4.0,8.0,8.0,3.0,9.0,6.060290738037835,True,2,2,2
5.0,1.0,5.0,2.0,1.0,5.0,1.0,1.0,0.0,2.0,4.0,2.0,3.0,5.0,4.0,2.0,7.0,0.0,False,2,2,2
4.0,1.0,7.0,2.0,7.0,5.0,2.0,1.0,225.0,2.0,4.0,2.0,3.0,0.0,5.0,3.0,4.0,5.420534999272286,True,2,2,2
4.0,1.0,6.0,2.0,3.0,2.0,1.0,1.0,180.0,2.0,5.0,2.0,3.0,8.0,5.0,2.0,5.0,5.198497031265826,True,2,2,2
6.0,1.0,1.0,2.0,1.0,8.0,1.0,5.0,1080.0,2.0,4.0,2.0,4.0,9.0,7.0,2.0,8.0,6.985641817639208,True,3,3,3
7.0,3.0,1.0,1.0,5.0,9.0,1.0,5.0,0.0,2.0,3.0,2.0,4.0,6.0,4.0,5.0,7.0,0.0,False,0,0,0
7.0,1.0,1.0,2.0,5.0,6.0,1.0,5.0,210.0,3.0,3.0,2.0,4.0,7.0,7.0,3.0,8.0,5.351858133476067,True,3,3,3
5.0,1.0,1.0,2.0,1.0,5.0,1.0,1.0,262.5,2.0,4.0,2.0,4.0,6.0,6.0,2.0,6.0,5.574053367981417,True,1,1,1
6.0,1.0,1.0,1.0,11.0,5.0,1.0,5.0,2220.0,1.0,4.0,1.0,5.0,6.0,6.0,4.0,7.0,7.7057128238944275,True,0,0,0
6.0,1.0,3.0,2.0,5.0,5.0,2.0,2.0,127.5,1.0,3.0,3.0,4.0,9.0,9.0,3.0,5.0,4.855928904335275,False,3,3,3
3.0,1.0,1.0,2.0,5.0,3.0,1.0,1.0,570.0,1.0,5.0,2.0,4.0,7.0,8.0,4.0,9.0,6.3473892096560105,True,1,1,1
2.0,2.0,3.0,1.0,10.0,6.0,1.0,2.0,1312.5,1.0,2.0,2.0,4.0,8.0,8.0,3.0,8.0,7.180450609125595,True,0,0,0
2.0,2.0,4.0,1.0,6.0,3.0,3.0,9.0,517.5,2.0,3.0,4.0,1.0,9.0,10.0,5.0,9.0,6.250940027669582,True,0,0,0
6.0,2.0,1.0,2.0,4.0,2.0,1.0,7.0,0.0,4.0,4.0,3.0,3.0,6.0,5.0,3.0,5.0,0.0,False,3,3,3
2.0,2.0,7.0,2.0,10.0,5.0,4.0,8.0,0.0,2.0,4.0,2.0,3.0,3.0,5.0,3.0,6.0,0.0,False,3,3,3
2.0,3.0,7.0,2.0,3.0,5.0,4.0,8.0,0.0,3.0,3.0,2.0,3.0,9.0,9.0,3.0,8.0,0.0,False,3,3,3
4.0,1.0,2.0,2.0,6.0,10.0,1.0,1.0,1860.0,2.0,4.0,2.0,4.0,7.0,7.0,3.0,7.0,7.528869256642251,True,2,2,2
5.0,1.0,1.0,2.0,6.0,8.0,2.0,1.0,1305.0,1.0,2.0,2.0,4.0,9.0,8.0,4.0,8.0,7.174724309836376,True,1,1,1
6.0,1.0,2.0,2.0,5.0,9.0,1.0,1.0,3360.0,2.0,4.0,4.0,4.0,6.0,8.0,4.0,8.0,8.119993827725105,True,2,2,2
7.0,1.0,1.0,1.0,5.0,8.0,1.0,5.0,170.0,2.0,4.0,2.0,4.0,8.0,9.0,4.0,8.0,5.14166355650266,True,0,0,0
3.0,1.0,1.0,1.0,5.0,4.0,1.0,1.0,367.5,2.0,4.0,2.0,4.0,7.0,6.0,3.0,5.0,5.909440711629391,True,0,0,0
2.0,2.0,1.0,2.0,10.0,4.0,4.0,8.0,3060.0,3.0,4.0,2.0,3.0,8.0,8.0,2.0,8.0,8.026496938945412,True,3,3,3
4.0,6.0,1.0,2.0,3.0,4.0,3.0,2.0,2160.0,2.0,4.0,2.0,3.0,9.0,9.0,4.0,9.0,7.6783263565068856,True,3,3,3
6.0,1.0,1.0,2.0,5.0,4.0,1.0,5.0,4187.5,2.0,2.0,2.0,4.0,8.0,9.0,3.0,9.0,8.340097953593864,True,3,3,3
6.0,1.0,1.0,1.0,5.0,4.0,1.0,2.0,455.0,1.0,4.0,2.0,3.0,8.0,8.0,3.0,8.0,6.1224928095143865,True,0,0,0
3.0,2.0,1.0,1.0,6.0,4.0,1.0,1.0,1500.0,2.0,4.0,3.0,4.0,9.0,9.0,5.0,9.0,7.313886831633462,True,0,0,0
6.0,1.0,2.0,2.0,7.0,8.0,1.0,2.0,67.5,2.0,3.0,2.0,3.0,6.0,7.0,2.0,8.0,4.22683374526818,False,3,3,3
7.0,1.0,2.0,1.0,7.0,8.0,3.0,10.0,0.0,2.0,3.0,2.0,3.0,8.0,6.0,4.0,9.0,0.0,False,0,0,0
2.0,1.0,1.0,2.0,10.0,7.0,1.0,1.0,360.0,2.0,2.0,2.0,2.0,7.0,6.0,2.0,7.0,5.8888779583328805,True,1,1,1
6.0,3.0,4.0,1.0,3.0,2.0,3.0,1.0,2880.0,2.0,2.0,2.0,2.0,7.0,8.0,1.0,5.0,7.9658927350845286,True,0,0,0
7.0,3.0,1.0,2.0,1.0,4.0,1.0,5.0,0.0,3.0,4.0,3.0,2.0,8.0,6.0,5.0,6.0,0.0,False,3,3,3
7.0,1.0,1.0,2.0,5.0,9.0,2.0,5.0,0.0,3.0,3.0,3.0,2.0,5.0,5.0,5.0,5.0,0.0,False,3,3,3
6.0,1.0,7.0,2.0,5.0,6.0,2.0,3.0,105.0,1.0,4.0,1.0,3.0,5.0,8.0,3.0,5.0,4.663439094112067,False,3,3,3
7.0,1.0,1.0,1.0,1.0,9.0,1.0,5.0,60.0,3.0,5.0,2.0,4.0,7.0,7.0,3.0,6.0,4.110873864173311,False,0,0,0
3.0,1.0,1.0,2.0,5.0,8.0,1.0,1.0,150.0,3.0,4.0,2.0,4.0,8.0,7.0,4.0,6.0,5.017279836814924,True,1,1,1
4.0,1.0,1.0,1.0,1.0,7.0,1.0,1.0,1080.0,2.0,4.0,2.0,3.0,5.0,5.0,2.0,4.0,6.985641817639208,True,0,0,0
2.0,1.0,7.0,1.0,10.0,4.0,4.0,8.0,0.0,2.0,2.0,2.0,4.0,9.0,9.0,2.0,8.0,0.0,False,0,0,0
3.0,1.0,5.0,2.0,5.0,2.0,1.0,1.0,225.0,2.0,3.0,3.0,3.0,7.0,5.0,3.0,5.0,5.420534999272286,True,2,2,2
6.0,4.0,1.0,2.0,4.0,4.0,2.0,1.0,202.5,2.0,4.0,2.0,3.0,9.0,9.0,4.0,9.0,5.31566600488265,True,1,1,1
3.0,2.0,6.0,2.0,10.0,4.0,2.0,1.0,345.0,2.0,5.0,2.0,2.0,6.0,6.0,5.0,6.0,5.846438775057725,True,2,2,2
4.0,2.0,1.0,2.0,6.0,3.0,1.0,7.0,0.0,3.0,5.0,3.0,4.0,8.0,8.0,4.0,5.0,0.0,False,3,3,3
7.0,2.0,1.0,2.0,3.0,2.0,4.0,5.0,1560.0,1.0,5.0,1.0,4.0,8.0,8.0,5.0,10.0,7.353081920515432,True,3,3,3
3.0,1.0,1.0,2.0,10.0,4.0,1.0,1.0,480.0,3.0,4.0,3.0,2.0,5.0,5.0,1.0,6.0,6.175867270105761,True,1,1,1
6.0,2.0,1.0,2.0,7.0,4.0,2.0,5.0,450.0,3.0,4.0,3.0,3.0,5.0,7.0,3.0,6.0,6.111467339502679,True,3,3,3
5.0,1.0,2.0,1.0,6.0,9.0,1.0,1.0,405.0,1.0,4.0,1.0,4.0,8.0,9.0,5.0,7.0,6.0063531596017325,True,0,0,0
5.0,1.0,1.0,1.0,1.0,5.0,1.0,1.0,60.0,2.0,4.0,3.0,3.0,5.0,4.0,3.0,5.0,4.110873864173311,False,0,0,0
6.0,1.0,2.0,1.0,1.0,4.0,1.0,1.0,60.0,1.0,4.0,2.0,4.0,10.0,9.0,5.0,10.0,4.110873864173311,False,0,0,0
4.0,1.0,2.0,1.0,5.0,6.0,1.0,1.0,980.0,1.0,4.0,2.0,3.0,10.0,9.0,5.0,10.0,6.8885724595653635,True,0,0,0
3.0,1.0,1.0,2.0,1.0,6.0,1.0,1.0,0.0,5.0,5.0,3.0,3.0,3.0,6.0,1.0,6.0,0.0,False,1,1,1
4.0,2.0,6.0,2.0,3.0,6.0,3.0,6.0,0.0,1.0,4.0,1.0,4.0,7.0,7.0,4.0,3.0,0.0,False,3,3,3
4.0,1.0,5.0,1.0,6.0,2.0,1.0,2.0,960.0,1.0,5.0,2.0,4.0,6.0,7.0,4.0,7.0,6.8679744089702925,True,0,0,0
5.0,1.0,1.0,2.0,7.0,4.0,2.0,1.0,380.0,1.0,4.0,2.0,3.0,5.0,5.0,4.0,6.0,5.942799375126701,True,1,1,1
4.0,1.0,1.0,1.0,6.0,3.0,1.0,2.0,135.0,3.0,4.0,3.0,1.0,5.0,2.0,4.0,7.0,4.912654885736052,False,0,0,0
4.0,1.0,1.0,2.0,6.0,3.0,1.0,1.0,442.5,2.0,5.0,4.0,1.0,2.0,4.0,3.0,9.0,6.094697801749634,True,1,1,1
4.0,6.0,7.0,2.0,6.0,3.0,3.0,10.0,600.0,4.0,3.0,2.0,3.0,6.0,6.0,4.0,6.0,6.398594934535208,True,3,3,3
4.0,6.0,7.0,1.0,6.0,3.0,2.0,2.0,150.0,2.0,4.0,2.0,3.0,7.0,7.0,5.0,7.0,5.017279836814924,True,0,0,0
4.0,5.0,2.0,2.0,6.0,3.0,1.0,6.0,0.0,2.0,4.0,2.0,3.0,10.0,8.0,5.0,0.0,0.0,False,3,3,3
5.0,2.0,2.0,1.0,6.0,3.0,2.0,1.0,0.0,2.0,4.0,3.0,3.0,10.0,9.0,5.0,0.0,0.0,False,0,0,0
4.0,1.0,2.0,1.0,6.0,4.0,2.0,1.0,600.0,1.0,2.0,1.0,4.0,9.0,9.0,4.0,10.0,6.398594934535208,True,0,0,0
5.0,6.0,7.0,2.0,6.0,2.0,3.0,6.0,0.0,2.0,4.0,1.0,3.0,10.0,10.0,5.0,10.0,0.0,False,3,3,3
4.0,1.0,2.0,2.0,1.0,2.0,1.0,10.0,117.5,2.0,3.0,3.0,4.0,6.0,4.0,2.0,3.0,4.774912960575186,False,3,3,3
5.0,1.0,4.0,1.0,6.0,1.0,1.0,3.0,2100.0,1.0,5.0,2.0,3.0,10.0,9.0,3.0,9.0,7.650168700845001,True,0,0,0
3.0,1.0,3.0,2.0,5.0,3.0,1.0,1.0,71.25,2.0,2.0,4.0,4.0,8.0,7.0,4.0,8.0,4.2801323269925415,False,2,2,2
3.0,1.0,1.0,2.0,5.0,3.0,1.0,1.0,0.0,2.0,3.0,2.0,3.0,6.0,8.0,4.0,8.0,0.0,False,1,1,1
3.0,1.0,1.0,1.0,5.0,3.0,1.0,1.0,555.0,2.0,4.0,2.0,5.0,10.0,9.0,4.0,10.0,6.320768294250582,True,0,0,0
3.0,1.0,1.0,1.0,2.0,5.0,1.0,1.0,512.0,1.0,2.0,2.0,2.0,7.0,7.0,3.0,6.0,6.240275845170769,True,0,0,0
2.0,1.0,2.0,2.0,1.0,5.0,2.0,1.0,2015.0,1.0,4.0,1.0,3.0,8.0,8.0,3.0,10.0,7.60887062919126,True,2,2,2
4.0,1.0,2.0,2.0,1.0,5.0,1.0,1.0,1820.0,1.0,4.0,1.0,4.0,7.0,7.0,3.0,8.0,7.507141079727608,True,2,2,2
4.0,1.0,7.0,1.0,1.0,2.0,3.0,4.0,6485.0,2.0,5.0,2.0,1.0,3.0,2.0,1.0,6.0,8.777401286867264,True,0,0,0
6.0,1.0,4.0,2.0,4.0,3.0,1.0,1.0,0.0,2.0,5.0,5.0,3.0,8.0,8.0,3.0,8.0,0.0,False,2,2,2
7.0,1.0,1.0,1.0,1.0,6.0,1.0,10.0,1130.0,1.0,5.0,1.0,2.0,6.0,5.0,3.0,4.0,7.030857476116121,True,0,0,0
6.0,1.0,1.0,2.0,1.0,7.0,1.0,2.0,1335.0,2.0,4.0,2.0,3.0,6.0,7.0,3.0,6.0,7.197435354096591,True,3,3,3
3.0,1.0,1.0,1.0,1.0,4.0,1.0,1.0,45.0,3.0,5.0,2.0,3.0,5.0,7.0,3.0,7.0,3.828641396489095,False,0,0,0
4.0,2.0,4.0,2.0,3.0,4.0,2.0,2.0,0.0,5.0,3.0,2.0,3.0,9.0,8.0,3.0,9.0,0.0,False,3,3,3
3.0,1.0,7.0,2.0,3.0,2.0,1.0,6.0,150.0,2.0,4.0,2.0,3.0,9.0,8.0,5.0,9.0,5.017279836814924,True,3,3,3
4.0,2.0,3.0,1.0,1.0,2.0,2.0,1.0,0.0,5.0,5.0,4.0,3.0,5.0,5.0,2.0,5.0,0.0,False,0,0,0
5.0,1.0,1.0,1.0,2.0,3.0,1.0,5.0,600.0,1.0,4.0,2.0,3.0,8.0,4.0,5.0,7.0,6.398594934535208,True,0,0,0
3.0,1.0,2.0,2.0,2.0,2.0,4.0,8.0,840.0,1.0,4.0,2.0,4.0,7.0,5.0,3.0,7.0,6.734591659972948,True,3,3,3
2.0,2.0,1.0,1.0,10.0,7.0,3.0,2.0,2760.0,1.0,4.0,2.0,3.0,7.0,6.0,3.0,8.0,7.923348211930154,True,0,0,0
5.0,1.0,1.0,1.0,7.0,7.0,1.0,1.0,390.0,2.0,5.0,2.0,4.0,8.0,8.0,4.0,5.0,5.968707559985366,True,0,0,0
5.0,1.0,2.0,2.0,1.0,7.0,1.0,10.0,900.0,1.0,5.0,1.0,4.0,8.0,8.0,3.0,10.0,6.803505257608338,True,3,3,3
3.0,1.0,1.0,2.0,1.0,7.0,1.0,3.0,598.75,1.0,5.0,2.0,4.0,7.0,4.0,2.0,3.0,6.396512901719804,True,3,3,3
6.0,1.0,3.0,2.0,7.0,4.0,3.0,4.0,2265.0,1.0,3.0,1.0,1.0,9.0,8.0,2.0,5.0,7.725771441587952,True,3,3,3
3.0,1.0,1.0,2.0,2.0,8.0,1.0,1.0,1837.5,1.0,1.0,2.0,4.0,6.0,7.0,2.0,8.0,7.516705300741327,True,1,1,1
7.0,1.0,1.0,2.0,1.0,7.0,2.0,2.0,180.0,3.0,5.0,2.0,3.0,7.0,7.0,3.0,8.0,5.198497031265826,True,3,3,3
4.0,1.0,1.0,1.0,5.0,3.0,1.0,1.0,480.0,2.0,5.0,3.0,4.0,4.0,6.0,3.0,6.0,6.175867270105761,True,0,0,0
3.0,3.0,4.0,2.0,11.0,4.0,4.0,8.0,450.0,3.0,3.0,2.0,3.0,0.0,0.0,1.0,0.0,6.111467339502679,True,3,3,3
4.0,1.0,1.0,2.0,1.0,5.0,1.0,1.0,60.0,2.0,5.0,2.0,3.0,10.0,8.0,3.0,8.0,4.110873864173311,False,1,1,1
6.0,1.0,1.0,1.0,7.0,5.0,1.0,1.0,1085.5,1.0,4.0,2.0,3.0,7.0,7.0,3.0,7.0,6.990716799696484,True,0,0,0
4.0,1.0,1.0,2.0,1.0,4.0,1.0,1.0,225.0,2.0,5.0,1.0,4.0,3.0,6.0,1.0,7.0,5.420534999272286,True,1,1,1
7.0,1.0,1.0,2.0,1.0,8.0,1.0,2.0,112.5,1.0,5.0,2.0,4.0,9.0,9.0,4.0,10.0,4.7318028369214575,False,3,3,3
5.0,1.0,2.0,1.0,6.0,8.0,1.0,2.0,555.0,1.0,4.0,1.0,4.0,7.0,6.0,3.0,7.0,6.320768294250582,True,0,0,0
5.0,1.0,6.0,2.0,6.0,8.0,1.0,1.0,710.0,1.0,3.0,1.0,3.0,7.0,8.0,5.0,10.0,6.566672429803241,True,2,2,2
5.0,3.0,1.0,1.0,6.0,6.0,2.0,2.0,210.0,1.0,4.0,2.0,3.0,8.0,8.0,3.0,8.0,5.351858133476067,True,0,0,0
5.0,3.0,1.0,2.0,6.0,6.0,1.0,6.0,352.5,1.0,4.0,2.0,3.0,8.0,8.0,3.0,8.0,5.867883485336628,True,3,3,3
5.0,1.0,1.0,1.0,5.0,2.0,1.0,1.0,1800.0,2.0,5.0,3.0,2.0,6.0,7.0,2.0,6.0,7.496097345175956,True,0,0,0
4.0,1.0,2.0,2.0,1.0,3.0,1.0,1.0,660.0,1.0,4.0,3.0,3.0,7.0,7.0,3.0,6.0,6.493753839851686,True,2,2,2
3.0,1.0,2.0,2.0,5.0,3.0,1.0,1.0,350.0,1.0,5.0,3.0,4.0,7.0,8.0,4.0,9.0,5.860786223465865,True,2,2,2
4.0,1.0,4.0,1.0,5.0,3.0,1.0,1.0,170.0,3.0,5.0,2.0,3.0,7.0,8.0,5.0,8.0,5.14166355650266,True,0,0,0
5.0,2.0,4.0,1.0,6.0,2.0,1.0,10.0,225.0,1.0,4.0,1.0,3.0,9.0,8.0,5.0,8.0,5.420534999272286,True,0,0,0
4.0,3.0,3.0,1.0,6.0,7.0,1.0,1.0,270.0,1.0,5.0,1.0,5.0,9.0,9.0,4.0,9.0,5.602118820879701,True,0,0,0
2.0,6.0,3.0,2.0,10.0,5.0,4.0,8.0,1508.0,2.0,4.0,3.0,3.0,4.0,5.0,5.0,5.0,7.319202458767849,True,3,3,3
5.0,1.0,3.0,1.0,6.0,7.0,1.0,1.0,0.0,1.0,2.0,2.0,3.0,8.0,7.0,3.0,8.0,0.0,False,0,0,0
5.0,1.0,3.0,2.0,6.0,7.0,3.0,6.0,0.0,2.0,2.0,2.0,4.0,8.0,7.0,2.0,7.0,0.0,False,3,3,3
2.0,3.0,2.0,1.0,10.0,5.0,4.0,8.0,420.0,2.0,4.0,2.0,4.0,7.0,8.0,5.0,9.0,6.042632833682381,True,0,0,0
5.0,5.0,3.0,2.0,1.0,7.0,1.0,7.0,0.0,3.0,4.0,3.0,3.0,3.0,3.0,1.0,5.0,0.0,False,3,3,3
6.0,1.0,2.0,2.0,5.0,7.0,2.0,2.0,60.0,2.0,4.0,1.0,3.0,8.0,6.0,3.0,7.0,4.110873864173311,False,3,3,3
7.0,1.0,3.0,2.0,4.0,5.0,1.0,5.0,450.0,2.0,4.0,2.0,4.0,10.0,7.0,5.0,7.0,6.111467339502679,True,3,3,3
4.0,1.0,3.0,2.0,1.0,6.0,1.0,1.0,0.0,1.0,3.0,1.0,3.0,6.0,6.0,4.0,7.0,0.0,False,2,2,2
6.0,1.0,1.0,2.0,1.0,8.0,2.0,2.0,270.0,1.0,4.0,1.0,4.0,9.0,8.0,5.0,7.0,5.602118820879701,True,3,3,3
2.0,2.0,1.0,1.0,10.0,7.0,4.0,8.0,4605.0,1.0,4.0,2.0,2.0,8.0,7.0,2.0,6.0,8.43511508038063,True,0,0,0
7.0,6.0,1.0,2.0,8.0,7.0,1.0,2.0,0.0,3.0,3.0,2.0,3.0,8.0,7.0,2.0,8.0,0.0,False,3,3,3
4.0,1.0,3.0,2.0,5.0,10.0,1.0,1.0,12.5,3.0,5.0,2.0,3.0,4.0,3.0,4.0,7.0,2.6026896854443837,False,2,2,2
6.0,5.0,1.0,1.0,7.0,8.0,1.0,5.0,4150.0,1.0,4.0,1.0,3.0,7.0,7.0,3.0,8.0,8.33110454805304,True,0,0,0
7.0,5.0,1.0,2.0,9.0,8.0,3.0,10.0,0.0,3.0,3.0,3.0,4.0,10.0,10.0,3.0,10.0,0.0,False,3,3,3
7.0,5.0,1.0,2.0,5.0,6.0,2.0,5.0,0.0,3.0,3.0,3.0,3.0,7.0,7.0,4.0,6.0,0.0,False,3,3,3
7.0,5.0,1.0,1.0,5.0,6.0,3.0,5.0,195.0,2.0,4.0,2.0,4.0,6.0,5.0,4.0,5.0,5.278114659230517,True,0,0,0
7.0,5.0,1.0,1.0,5.0,10.0,3.0,1.0,100.0,3.0,3.0,3.0,3.0,7.0,7.0,5.0,7.0,4.61512051684126,False,0,0,0
6.0,3.0,2.0,1.0,1.0,7.0,1.0,1.0,0.0,2.0,4.0,2.0,4.0,8.0,8.0,2.0,9.0,0.0,False,0,0,0
4.0,1.0,1.0,2.0,6.0,8.0,1.0,2.0,135.0,1.0,4.0,1.0,4.0,9.0,8.0,4.0,10.0,4.912654885736052,False,3,3,3
4.0,1.0,1.0,1.0,1.0,9.0,1.0,1.0,270.0,2.0,4.0,2.0,3.0,8.0,8.0,2.0,8.0,5.602118820879701,True,0,0,0
3.0,1.0,7.0,1.0,1.0,7.0,1.0,1.0,1050.0,1.0,2.0,2.0,3.0,4.0,4.0,1.0,7.0,6.957497370876951,True,0,0,0
3.0,3.0,1.0,1.0,5.0,7.0,2.0,1.0,828.75,2.0,3.0,2.0,4.0,7.0,6.0,2.0,6.0,6.721124450600084,True,0,0,0
2.0,1.0,3.0,2.0,10.0,7.0,2.0,2.0,0.0,2.0,3.0,3.0,3.0,7.0,6.0,3.0,7.0,0.0,False,3,3,3
3.0,1.0,3.0,2.0,10.0,7.0,1.0,1.0,0.0,2.0,4.0,2.0,3.0,8.0,7.0,3.0,9.0,0.0,False,2,2,2
4.0,1.0,3.0,1.0,6.0,5.0,1.0,1.0,0.0,2.0,4.0,5.0,2.0,8.0,10.0,5.0,9.0,0.0,False,0,0,0
4.0,1.0,3.0,2.0,6.0,5.0,1.0,1.0,0.0,1.0,4.0,3.0,3.0,10.0,10.0,4.0,10.0,0.0,False,2,2,2
4.0,1.0,1.0,2.0,3.0,3.0,1.0,2.0,195.0,2.0,4.0,2.0,4.0,7.0,7.0,4.0,10.0,5.278114659230517,True,3,3,3
5.0,1.0,3.0,2.0,8.0,4.0,1.0,2.0,420.0,2.0,5.0,2.0,2.0,9.0,8.0,4.0,8.0,6.042632833682381,True,3,3,3
5.0,1.0,3.0,1.0,8.0,4.0,2.0,1.0,900.0,2.0,4.0,2.0,3.0,9.0,8.0,4.0,8.0,6.803505257608338,True,0,0,0
7.0,1.0,7.0,2.0,5.0,7.0,3.0,6.0,2285.0,1.0,3.0,2.0,4.0,5.0,6.0,4.0,3.0,7.734558844354756,True,3,3,3
5.0,1.0,6.0,2.0,10.0,1.0,2.0,6.0,675.0,2.0,5.0,2.0,3.0,10.0,9.0,3.0,9.0,6.516193076042964,True,3,3,3
5.0,1.0,6.0,2.0,10.0,1.0,2.0,10.0,375.0,2.0,5.0,2.0,4.0,5.0,5.0,3.0,7.0,5.929589143389895,True,3,3,3
5.0,1.0,2.0,2.0,1.0,4.0,1.0,1.0,80.0,2.0,4.0,3.0,3.0,6.0,6.0,3.0,6.0,4.394449154672439,False,2,2,2
7.0,3.0,2.0,1.0,7.0,2.0,2.0,1.0,300.0,3.0,3.0,4.0,3.0,7.0,7.0,3.0,5.0,5.707110264748875,True,0,0,0
4.0,1.0,3.0,2.0,5.0,2.0,2.0,1.0,180.0,2.0,3.0,2.0,4.0,6.0,7.0,2.0,8.0,5.198497031265826,True,2,2,2
4.0,1.0,3.0,2.0,6.0,4.0,1.0,1.0,210.0,2.0,2.0,2.0,3.0,7.0,7.0,2.0,6.0,5.351858133476067,True,2,2,2
5.0,4.0,7.0,1.0,6.0,4.0,4.0,2.0,0.0,1.0,5.0,2.0,3.0,9.0,10.0,5.0,10.0,0.0,False,0,0,0
5.0,1.0,6.0,1.0,6.0,4.0,3.0,4.0,270.0,2.0,4.0,3.0,2.0,4.0,4.0,1.0,4.0,5.602118820879701,True,0,0,0
2.0,2.0,1.0,2.0,12.0,3.0,2.0,2.0,885.0,2.0,5.0,2.0,3.0,5.0,9.0,2.0,4.0,6.786716950605081,True,3,3,3
6.0,3.0,1.0,2.0,9.0,3.0,3.0,4.0,495.0,1.0,5.0,2.0,2.0,3.0,2.0,4.0,2.0,6.206575926724928,True,3,3,3
2.0,3.0,4.0,2.0,10.0,3.0,4.0,8.0,2257.0,1.0,3.0,1.0,5.0,8.0,8.0,2.0,8.0,7.722234744709607,True,3,3,3
5.0,1.0,1.0,1.0,6.0,10.0,1.0,1.0,325.0,2.0,5.0,1.0,2.0,9.0,8.0,5.0,10.0,5.786897381366708,True,0,0,0
6.0,1.0,1.0,2.0,1.0,7.0,1.0,5.0,1020.0,2.0,5.0,2.0,4.0,8.0,8.0,4.0,8.0,6.928537818164665,True,3,3,3
2.0,3.0,5.0,2.0,10.0,2.0,4.0,8.0,480.0,3.0,4.0,3.0,3.0,8.0,7.0,2.0,7.0,6.175867270105761,True,3,3,3
3.0,1.0,1.0,2.0,5.0,2.0,1.0,1.0,225.0,2.0,3.0,3.0,4.0,9.0,9.0,4.0,8.0,5.420534999272286,True,1,1,1
6.0,3.0,1.0,1.0,1.0,2.0,3.0,1.0,0.0,3.0,4.0,5.0,3.0,5.0,2.0,2.0,7.0,0.0,False,0,0,0
6.0,1.0,1.0,1.0,5.0,4.0,1.0,5.0,555.0,1.0,5.0,2.0,3.0,9.0,8.0,4.0,7.0,6.320768294250582,True,0,0,0
6.0,2.0,3.0,1.0,10.0,7.0,2.0,2.0,420.0,1.0,1.0,1.0,4.0,4.0,5.0,1.0,5.0,6.042632833682381,True,0,0,0
3.0,1.0,1.0,1.0,5.0,2.0,1.0,1.0,847.5,3.0,3.0,4.0,3.0,5.0,5.0,3.0,7.0,6.743470084674281,True,0,0,0
3.0,1.0,2.0,2.0,5.0,2.0,1.0,1.0,165.0,2.0,4.0,3.0,3.0,5.0,5.0,3.0,4.0,5.111987788356544,True,2,2,2
3.0,1.0,3.0,2.0,10.0,1.0,3.0,1.0,120.0,1.0,3.0,2.0,3.0,9.0,8.0,2.0,10.0,4.795790545596741,False,2,2,2
5.0,6.0,1.0,1.0,1.0,2.0,2.0,7.0,0.0,3.0,4.0,3.0,4.0,6.0,8.0,2.0,3.0,0.0,False,0,0,0
3.0,1.0,6.0,1.0,10.0,3.0,1.0,1.0,570.0,1.0,5.0,2.0,2.0,7.0,8.0,3.0,5.0,6.3473892096560105,True,0,0,0
3.0,1.0,1.0,2.0,2.0,3.0,3.0,9.0,390.0,2.0,4.0,2.0,4.0,3.0,3.0,1.0,6.0,5.968707559985366,True,3,3,3
3.0,5.0,2.0,2.0,5.0,1.0,1.0,1.0,217.5,3.0,3.0,2.0,3.0,5.0,7.0,3.0,6.0,5.3867860145356445,True,2,2,2
4.0,1.0,2.0,1.0,1.0,9.0,1.0,1.0,1260.0,2.0,3.0,3.0,3.0,4.0,6.0,2.0,4.0,7.13966033596492,True,0,0,0
7.0,1.0,1.0,1.0,5.0,7.0,2.0,2.0,0.0,3.0,4.0,3.0,4.0,6.0,4.0,3.0,5.0,0.0,False,0,0,0
6.0,1.0,2.0,2.0,5.0,8.0,2.0,5.0,120.0,3.0,5.0,3.0,3.0,4.0,4.0,5.0,10.0,4.795790545596741,False,3,3,3
7.0,1.0,2.0,1.0,1.0,8.0,1.0,5.0,180.0,3.0,5.0,3.0,3.0,3.0,3.0,5.0,3.0,5.198497031265826,True,0,0,0
3.0,1.0,4.0,1.0,5.0,1.0,2.0,1.0,0.0,3.0,2.0,4.0,4.0,7.0,5.0,2.0,5.0,0.0,False,0,0,0
6.0,3.0,1.0,1.0,11.0,1.0,1.0,1.0,765.0,2.0,4.0,2.0,2.0,6.0,7.0,3.0,7.0,6.641182169740591,True,0,0,0
5.0,6.0,1.0,2.0,11.0,1.0,3.0,4.0,0.0,2.0,3.0,3.0,2.0,5.0,5.0,3.0,3.0,0.0,False,3,3,3
7.0,1.0,1.0,1.0,1.0,7.0,2.0,1.0,1110.0,3.0,1.0,3.0,3.0,8.0,9.0,3.0,8.0,7.01301578963963,True,0,0,0
2.0,1.0,2.0,1.0,10.0,7.0,4.0,8.0,300.0,2.0,4.0,3.0,3.0,10.0,8.0,3.0,8.0,5.707110264748875,True,0,0,0
6.0,1.0,1.0,1.0,1.0,8.0,1.0,5.0,480.0,2.0,4.0,2.0,4.0,7.0,8.0,3.0,8.0,6.175867270105761,True,0,0,0
7.0,1.0,1.0,2.0,1.0,9.0,1.0,2.0,390.0,3.0,4.0,4.0,4.0,6.0,7.0,1.0,8.0,5.968707559985366,True,3,3,3
4.0,1.0,3.0,2.0,6.0,7.0,1.0,6.0,435.0,2.0,4.0,2.0,4.0,7.0,7.0,3.0,8.0,6.077642243349034,True,3,3,3
5.0,1.0,7.0,2.0,4.0,3.0,3.0,1.0,200.0,1.0,4.0,3.0,3.0,10.0,9.0,4.0,10.0,5.303304908059076,True,2,2,2
4.0,1.0,3.0,2.0,3.0,7.0,1.0,2.0,0.0,2.0,4.0,3.0,4.0,9.0,9.0,2.0,9.0,0.0,False,3,3,3
7.0,1.0,1.0,1.0,5.0,10.0,1.0,5.0,150.0,1.0,3.0,1.0,5.0,10.0,10.0,5.0,10.0,5.017279836814924,True,0,0,0
7.0,1.0,1.0,2.0,5.0,9.0,1.0,5.0,960.0,1.0,5.0,3.0,5.0,10.0,10.0,5.0,9.0,6.8679744089702925,True,3,3,3
6.0,2.0,1.0,2.0,1.0,6.0,2.0,1.0,480.0,2.0,4.0,2.0,4.0,7.0,7.0,2.0,7.0,6.175867270105761,True,1,1,1
5.0,1.0,1.0,2.0,3.0,9.0,1.0,1.0,855.0,1.0,3.0,3.0,3.0,7.0,8.0,3.0,7.0,6.752270376141742,True,1,1,1
4.0,1.0,1.0,1.0,1.0,3.0,1.0,1.0,735.0,3.0,4.0,3.0,3.0,3.0,3.0,2.0,4.0,6.601230118728877,True,0,0,0
4.0,1.0,1.0,2.0,1.0,5.0,1.0,1.0,960.0,1.0,5.0,2.0,4.0,9.0,7.0,3.0,9.0,6.8679744089702925,True,1,1,1
7.0,1.0,1.0,1.0,11.0,4.0,1.0,5.0,817.5,2.0,3.0,2.0,5.0,7.0,8.0,5.0,9.0,6.7074733968111895,True,0,0,0
7.0,6.0,1.0,1.0,1.0,3.0,2.0,2.0,530.0,2.0,3.0,2.0,4.0,7.0,7.0,5.0,4.0,6.274762021241939,True,0,0,0
3.0,1.0,1.0,2.0,2.0,3.0,1.0,1.0,320.0,2.0,4.0,2.0,4.0,6.0,7.0,3.0,5.0,5.771441123130016,True,1,1,1
5.0,1.0,3.0,2.0,6.0,5.0,1.0,1.0,315.0,1.0,5.0,3.0,3.0,8.0,8.0,4.0,8.0,5.755742213586912,True,2,2,2
3.0,1.0,6.0,1.0,10.0,3.0,1.0,1.0,360.0,1.0,4.0,4.0,2.0,4.0,5.0,1.0,4.0,5.8888779583328805,True,0,0,0
3.0,1.0,1.0,2.0,6.0,2.0,1.0,1.0,2640.0,1.0,4.0,3.0,4.0,7.0,8.0,2.0,9.0,7.878912912297133,True,1,1,1
7.0,2.0,2.0,2.0,1.0,5.0,1.0,5.0,0.0,2.0,4.0,2.0,2.0,6.0,6.0,3.0,6.0,0.0,False,3,3,3
3.0,1.0,1.0,2.0,1.0,3.0,3.0,4.0,6.25,4.0,4.0,2.0,1.0,2.0,0.0,1.0,0.0,1.9810014688665833,False,3,3,3
5.0,1.0,1.0,1.0,6.0,5.0,1.0,1.0,897.5,1.0,3.0,1.0,4.0,8.0,8.0,4.0,9.0,6.800726706223614,True,0,0,0
3.0,1.0,1.0,1.0,2.0,5.0,1.0,1.0,281.25,4.0,4.0,4.0,4.0,4.0,3.0,1.0,6.0,5.642793203029772,True,0,0,0
3.0,1.0,1.0,1.0,2.0,5.0,1.0,1.0,572.0,2.0,4.0,2.0,4.0,6.0,6.0,2.0,6.0,6.35088571671474,True,0,0,0
7.0,1.0,1.0,1.0,5.0,4.0,1.0,5.0,361.25,2.0,4.0,2.0,5.0,8.0,8.0,4.0,7.0,5.8923345812007915,True,0,0,0
4.0,1.0,2.0,2.0,6.0,3.0,1.0,1.0,540.0,2.0,5.0,2.0,2.0,8.0,7.0,4.0,7.0,6.293419278846481,True,2,2,2
3.0,1.0,2.0,1.0,5.0,4.0,2.0,1.0,225.0,3.0,4.0,3.0,4.0,5.0,7.0,3.0,7.0,5.420534999272286,True,0,0,0
4.0,1.0,4.0,2.0,3.0,3.0,3.0,2.0,0.0,1.0,1.0,1.0,5.0,10.0,10.0,5.0,10.0,0.0,False,3,3,3
7.0,1.0,2.0,2.0,1.0,4.0,2.0,10.0,1290.0,3.0,4.0,4.0,3.0,4.0,4.0,2.0,6.0,7.1631723908466425,True,3,3,3
3.0,1.0,2.0,2.0,2.0,3.0,1.0,1.0,1155.0,1.0,4.0,2.0,4.0,9.0,8.0,3.0,6.0,7.052721049232323,True,2,2,2
4.0,1.0,1.0,1.0,5.0,3.0,1.0,1.0,4170.0,1.0,2.0,1.0,3.0,7.0,9.0,4.0,8.0,8.335911094196945,True,0,0,0
3.0,1.0,1.0,2.0,2.0,2.0,1.0,1.0,105.0,2.0,4.0,3.0,3.0,7.0,7.0,2.0,7.0,4.663439094112067,False,1,1,1
6.0,3.0,4.0,1.0,1.0,2.0,2.0,3.0,0.0,1.0,5.0,1.0,3.0,7.0,6.0,4.0,8.0,0.0,False,0,0,0
4.0,1.0,2.0,1.0,6.0,7.0,1.0,2.0,285.0,2.0,5.0,2.0,3.0,7.0,7.0,4.0,6.0,5.655991810819852,True,0,0,0
6.0,1.0,1.0,1.0,2.0,1.0,1.0,1.0,1710.0,1.0,3.0,3.0,4.0,10.0,10.0,4.0,10.0,7.444833273892193,True,0,0,0
6.0,1.0,1.0,2.0,5.0,1.0,2.0,2.0,0.0,1.0,3.0,2.0,3.0,8.0,8.0,4.0,7.0,0.0,False,3,3,3
5.0,1.0,1.0,1.0,5.0,4.0,1.0,1.0,1567.5,2.0,5.0,2.0,3.0,8.0,7.0,3.0,7.0,7.357875027630733,True,0,0,0
5.0,1.0,1.0,1.0,5.0,4.0,1.0,10.0,732.5,4.0,4.0,3.0,3.0,6.0,6.0,2.0,6.0,6.597827597583036,True,0,0,0
5.0,3.0,4.0,2.0,6.0,3.0,1.0,2.0,3172.5,2.0,4.0,1.0,4.0,10.0,6.0,5.0,8.0,8.062590358746524,True,3,3,3
3.0,1.0,1.0,1.0,1.0,3.0,1.0,1.0,1140.0,1.0,4.0,1.0,4.0,8.0,8.0,4.0,6.0,7.039660349862076,True,0,0,0
2.0,2.0,4.0,2.0,11.0,3.0,4.0,8.0,0.0,2.0,5.0,1.0,1.0,10.0,8.0,5.0,8.0,0.0,False,3,3,3
4.0,1.0,3.0,1.0,3.0,4.0,1.0,1.0,0.0,1.0,4.0,4.0,2.0,5.0,6.0,1.0,4.0,0.0,False,0,0,0
4.0,2.0,1.0,2.0,6.0,3.0,1.0,1.0,600.0,1.0,4.0,2.0,3.0,10.0,9.0,2.0,10.0,6.398594934535208,True,1,1,1
5.0,1.0,1.0,2.0,1.0,8.0,1.0,1.0,575.0,2.0,4.0,2.0,4.0,7.0,7.0,4.0,7.0,6.3561076606958915,True,1,1,1
3.0,1.0,1.0,1.0,5.0,7.0,1.0,1.0,180.0,1.0,4.0,3.0,3.0,7.0,7.0,3.0,7.0,5.198497031265826,True,0,0,0
5.0,1.0,1.0,1.0,6.0,9.0,1.0,1.0,825.0,1.0,5.0,2.0,3.0,6.0,6.0,3.0,8.0,6.716594773520978,True,0,0,0
3.0,1.0,5.0,2.0,11.0,7.0,2.0,1.0,0.0,2.0,2.0,2.0,3.0,8.0,8.0,2.0,7.0,0.0,False,2,2,2
5.0,1.0,1.0,1.0,1.0,6.0,1.0,1.0,92.5,1.0,4.0,2.0,4.0,6.0,8.0,4.0,8.0,4.537961436294641,False,0,0,0
3.0,1.0,2.0,2.0,6.0,7.0,1.0,10.0,307.5,2.0,5.0,2.0,2.0,8.0,7.0,4.0,9.0,5.731721843345443,True,3,3,3
6.0,1.0,1.0,2.0,2.0,9.0,1.0,7.0,0.0,2.0,5.0,1.0,3.0,4.0,2.0,3.0,1.0,0.0,False,3,3,3
5.0,2.0,2.0,2.0,6.0,6.0,1.0,1.0,0.0,4.0,4.0,2.0,3.0,9.0,7.0,4.0,10.0,0.0,False,2,2,2
3.0,1.0,1.0,1.0,5.0,10.0,1.0,1.0,172.5,4.0,5.0,4.0,4.0,6.0,8.0,3.0,7.0,5.156177599386914,True,0,0,0
5.0,2.0,1.0,2.0,10.0,10.0,2.0,1.0,560.0,1.0,5.0,2.0,3.0,6.0,6.0,3.0,7.0,6.329720905522696,True,1,1,1
4.0,1.0,2.0,2.0,1.0,10.0,1.0,2.0,925.0,3.0,3.0,2.0,3.0,6.0,6.0,1.0,7.0,6.8308742346461795,True,3,3,3
3.0,1.0,3.0,1.0,10.0,3.0,1.0,1.0,0.0,2.0,4.0,2.0,4.0,8.0,8.0,5.0,7.0,0.0,False,0,0,0
4.0,1.0,2.0,1.0,12.0,3.0,1.0,1.0,0.0,5.0,4.0,4.0,3.0,6.0,6.0,3.0,8.0,0.0,False,0,0,0
5.0,5.0,3.0,1.0,6.0,3.0,3.0,1.0,0.0,1.0,1.0,1.0,5.0,9.0,9.0,5.0,9.0,0.0,False,0,0,0
5.0,4.0,3.0,2.0,3.0,3.0,1.0,1.0,11.25,1.0,4.0,1.0,3.0,9.0,9.0,5.0,9.0,2.505525936990736,False,2,2,2
4.0,1.0,3.0,1.0,6.0,3.0,1.0,1.0,600.0,1.0,5.0,1.0,2.0,7.0,7.0,5.0,7.0,6.398594934535208,True,0,0,0
5.0,2.0,3.0,2.0,4.0,4.0,1.0,1.0,135.0,2.0,4.0,2.0,2.0,10.0,9.0,4.0,10.0,4.912654885736052,False,2,2,2
5.0,1.0,2.0,1.0,5.0,2.0,1.0,1.0,420.0,2.0,3.0,1.0,4.0,5.0,5.0,2.0,7.0,6.042632833682381,True,0,0,0
3.0,5.0,3.0,1.0,5.0,3.0,3.0,4.0,870.0,1.0,4.0,2.0,4.0,10.0,10.0,5.0,10.0,6.769641976852503,True,0,0,0
2.0,1.0,1.0,1.0,11.0,3.0,3.0,2.0,0.0,3.0,4.0,4.0,4.0,6.0,7.0,2.0,6.0,0.0,False,0,0,0
2.0,3.0,3.0,2.0,10.0,2.0,4.0,8.0,0.0,1.0,5.0,2.0,4.0,5.0,7.0,4.0,6.0,0.0,False,3,3,3
2.0,3.0,6.0,2.0,10.0,3.0,4.0,8.0,120.0,2.0,4.0,4.0,2.0,6.0,5.0,3.0,4.0,4.795790545596741,False,3,3,3
4.0,1.0,3.0,2.0,10.0,3.0,3.0,4.0,0.0,3.0,1.0,2.0,2.0,5.0,5.0,3.0,5.0,0.0,False,3,3,3
2.0,2.0,3.0,2.0,10.0,2.0,3.0,10.0,170.0,2.0,4.0,2.0,3.0,10.0,10.0,5.0,10.0,5.14166355650266,True,3,3,3
3.0,1.0,4.0,1.0,6.0,2.0,1.0,1.0,60.0,2.0,5.0,2.0,3.0,10.0,10.0,5.0,10.0,4.110873864173311,False,0,0,0
3.0,1.0,5.0,2.0,11.0,8.0,1.0,1.0,0.0,4.0,5.0,2.0,2.0,7.0,4.0,1.0,6.0,0.0,False,2,2,2
3.0,1.0,2.0,2.0,1.0,4.0,1.0,1.0,690.0,4.0,5.0,2.0,3.0,7.0,8.0,5.0,8.0,6.53813982376767,True,2,2,2
4.0,1.0,1.0,1.0,5.0,4.0,1.0,1.0,1772.5,2.0,4.0,3.0,3.0,9.0,9.0,5.0,9.0,7.480710274213677,True,0,0,0
4.0,1.0,1.0,2.0,3.0,1.0,1.0,2.0,0.0,2.0,4.0,2.0,4.0,8.0,8.0,2.0,8.0,0.0,False,3,3,3
4.0,1.0,1.0,2.0,6.0,8.0,1.0,2.0,45.0,1.0,5.0,2.0,3.0,9.0,10.0,5.0,8.0,3.828641396489095,False,3,3,3
5.0,1.0,1.0,2.0,3.0,7.0,2.0,6.0,133.75,2.0,3.0,3.0,3.0,8.0,5.0,2.0,5.0,4.903421209789107,False,3,3,3
5.0,1.0,1.0,2.0,6.0,9.0,1.0,2.0,273.75,3.0,5.0,2.0,4.0,6.0,8.0,3.0,9.0,5.61586159328373,True,3,3,3
6.0,1.0,1.0,1.0,1.0,8.0,1.0,1.0,1170.0,1.0,4.0,3.0,4.0,8.0,8.0,3.0,6.0,7.065613363597717,True,0,0,0
4.0,3.0,3.0,2.0,6.0,6.0,2.0,2.0,0.0,2.0,4.0,5.0,1.0,3.0,3.0,1.0,2.0,0.0,False,3,3,3
2.0,2.0,3.0,1.0,10.0,8.0,1.0,2.0,850.0,1.0,5.0,1.0,5.0,10.0,10.0,5.0,8.0,6.7464121285733745,True,0,0,0
4.0,1.0,3.0,2.0,10.0,8.0,1.0,2.0,210.0,4.0,5.0,2.0,3.0,6.0,6.0,3.0,5.0,5.351858133476067,True,3,3,3
6.0,1.0,1.0,1.0,7.0,6.0,2.0,1.0,210.0,3.0,4.0,2.0,4.0,5.0,7.0,3.0,7.0,5.351858133476067,True,0,0,0
5.0,1.0,3.0,2.0,1.0,9.0,1.0,1.0,0.0,1.0,5.0,1.0,4.0,10.0,10.0,5.0,7.0,0.0,False,2,2,2
6.0,1.0,1.0,2.0,1.0,9.0,1.0,2.0,23962.5,1.0,4.0,1.0,4.0,6.0,6.0,2.0,7.0,10.084287118355867,True,3,3,3
3.0,1.0,2.0,1.0,5.0,5.0,1.0,1.0,630.0,1.0,5.0,2.0,3.0,9.0,3.0,3.0,7.0,6.447305862541213,True,0,0,0
7.0,3.0,1.0,2.0,1.0,10.0,2.0,5.0,50.0,1.0,3.0,2.0,3.0,7.0,5.0,2.0,3.0,3.9318256327243257,False,3,3,3
3.0,2.0,1.0,2.0,6.0,9.0,1.0,1.0,1400.0,2.0,5.0,2.0,3.0,7.0,8.0,4.0,10.0,7.244941546337007,True,1,1,1
4.0,1.0,6.0,1.0,1.0,6.0,1.0,1.0,1245.0,2.0,3.0,3.0,3.0,5.0,3.0,1.0,4.0,7.1276936993473985,True,0,0,0
3.0,2.0,7.0,2.0,9.0,4.0,1.0,2.0,2540.0,2.0,5.0,1.0,3.0,0.0,5.0,3.0,4.0,7.840312983320164,True,3,3,3
3.0,1.0,1.0,1.0,2.0,4.0,4.0,8.0,225.0,1.0,4.0,3.0,2.0,7.0,7.0,3.0,8.0,5.420534999272286,True,0,0,0
4.0,1.0,4.0,1.0,6.0,3.0,1.0,1.0,0.0,1.0,5.0,1.0,3.0,6.0,7.0,5.0,7.0,0.0,False,0,0,0
7.0,1.0,1.0,1.0,5.0,4.0,1.0,2.0,1860.0,3.0,4.0,3.0,4.0,5.0,2.0,5.0,5.0,7.528869256642251,True,0,0,0
5.0,2.0,7.0,1.0,4.0,1.0,2.0,1.0,0.0,1.0,3.0,2.0,4.0,9.0,8.0,4.0,9.0,0.0,False,0,0,0
5.0,1.0,1.0,2.0,3.0,5.0,1.0,2.0,412.5,2.0,5.0,3.0,4.0,1.0,2.0,1.0,5.0,6.024657514463746,True,3,3,3
2.0,3.0,4.0,1.0,10.0,2.0,4.0,8.0,6.25,2.0,3.0,3.0,3.0,5.0,7.0,1.0,5.0,1.9810014688665833,False,0,0,0
4.0,1.0,2.0,2.0,1.0,4.0,1.0,1.0,435.0,1.0,5.0,1.0,4.0,6.0,8.0,2.0,7.0,6.077642243349034,True,2,2,2
5.0,1.0,2.0,2.0,6.0,4.0,1.0,2.0,390.0,2.0,4.0,3.0,3.0,8.0,8.0,2.0,8.0,5.968707559985366,True,3,3,3
3.0,1.0,2.0,1.0,5.0,4.0,1.0,1.0,1080.0,1.0,5.0,3.0,3.0,8.0,7.0,5.0,7.0,6.985641817639208,True,0,0,0
3.0,1.0,2.0,2.0,5.0,4.0,1.0,1.0,675.0,2.0,4.0,2.0,2.0,7.0,6.0,3.0,5.0,6.516193076042964,True,2,2,2
4.0,1.0,4.0,2.0,1.0,1.0,1.0,1.0,1710.0,2.0,4.0,4.0,2.0,9.0,9.0,4.0,4.0,7.444833273892193,True,2,2,2
4.0,1.0,4.0,2.0,3.0,2.0,1.0,1.0,0.0,1.0,4.0,1.0,2.0,6.0,8.0,3.0,9.0,0.0,False,2,2,2
2.0,2.0,4.0,2.0,10.0,2.0,4.0,8.0,1800.0,3.0,5.0,2.0,3.0,8.0,5.0,3.0,5.0,7.496097345175956,True,3,3,3
6.0,2.0,1.0,2.0,7.0,6.0,3.0,5.0,420.0,2.0,4.0,2.0,2.0,8.0,8.0,5.0,10.0,6.042632833682381,True,3,3,3
3.0,1.0,1.0,1.0,11.0,6.0,1.0,1.0,926.25,2.0,5.0,2.0,4.0,5.0,7.0,3.0,7.0,6.8322232163697,True,0,0,0
5.0,1.0,1.0,2.0,5.0,6.0,1.0,1.0,415.0,1.0,4.0,4.0,4.0,9.0,9.0,3.0,9.0,6.030685260261263,True,1,1,1
3.0,2.0,1.0,2.0,6.0,9.0,2.0,2.0,115.0,2.0,4.0,2.0,4.0,8.0,8.0,3.0,8.0,4.7535901911063645,False,3,3,3
6.0,3.0,1.0,2.0,7.0,4.0,1.0,5.0,420.0,1.0,4.0,4.0,2.0,9.0,7.0,5.0,6.0,6.042632833682381,True,3,3,3
5.0,1.0,1.0,2.0,6.0,3.0,2.0,2.0,380.0,2.0,3.0,2.0,3.0,7.0,7.0,4.0,8.0,5.942799375126701,True,3,3,3
7.0,1.0,1.0,2.0,5.0,10.0,1.0,5.0,0.0,3.0,4.0,2.0,4.0,10.0,8.0,4.0,9.0,0.0,False,3,3,3
3.0,1.0,1.0,2.0,1.0,4.0,1.0,1.0,1980.0,2.0,4.0,2.0,2.0,5.0,3.0,2.0,5.0,7.591357046698551,True,1,1,1
3.0,1.0,1.0,2.0,5.0,8.0,1.0,1.0,2220.0,1.0,4.0,1.0,3.0,10.0,8.0,3.0,8.0,7.7057128238944275,True,1,1,1
6.0,1.0,1.0,2.0,7.0,9.0,1.0,2.0,240.0,2.0,4.0,2.0,4.0,7.0,7.0,3.0,6.0,5.484796933490655,True,3,3,3
7.0,1.0,1.0,2.0,1.0,10.0,1.0,2.0,700.0,1.0,5.0,2.0,4.0,7.0,8.0,5.0,10.0,6.55250788703459,True,3,3,3
3.0,1.0,3.0,2.0,5.0,4.0,1.0,1.0,2355.0,3.0,3.0,2.0,3.0,9.0,8.0,2.0,9.0,7.764720544771477,True,2,2,2
3.0,1.0,2.0,1.0,2.0,3.0,1.0,1.0,1024.25,2.0,3.0,3.0,4.0,6.0,7.0,2.0,6.0,6.932691764272168,True,0,0,0
3.0,1.0,3.0,1.0,5.0,2.0,1.0,1.0,127.5,1.0,4.0,1.0,3.0,8.0,8.0,5.0,8.0,4.855928904335275,False,0,0,0
3.0,1.0,3.0,2.0,5.0,2.0,1.0,1.0,0.0,4.0,5.0,3.0,1.0,9.0,8.0,3.0,9.0,0.0,False,2,2,2
4.0,1.0,1.0,1.0,1.0,2.0,2.0,2.0,1612.5,1.0,3.0,3.0,4.0,8.0,7.0,4.0,9.0,7.386161011492017,True,0,0,0
3.0,1.0,1.0,2.0,5.0,3.0,1.0,1.0,210.0,2.0,2.0,4.0,1.0,8.0,6.0,4.0,3.0,5.351858133476067,True,1,1,1
2.0,3.0,3.0,2.0,10.0,4.0,4.0,8.0,600.0,4.0,2.0,3.0,3.0,6.0,7.0,3.0,4.0,6.398594934535208,True,3,3,3
4.0,1.0,3.0,2.0,6.0,4.0,1.0,2.0,180.0,5.0,2.0,2.0,3.0,3.0,2.0,1.0,3.0,5.198497031265826,True,3,3,3
3.0,1.0,2.0,2.0,2.0,4.0,2.0,1.0,877.5,1.0,5.0,2.0,2.0,8.0,7.0,4.0,7.0,6.7782159076271515,True,2,2,2
3.0,1.0,1.0,2.0,2.0,4.0,1.0,2.0,0.0,2.0,4.0,4.0,2.0,7.0,4.0,4.0,7.0,0.0,False,3,3,3
5.0,1.0,3.0,1.0,1.0,2.0,1.0,10.0,390.0,2.0,4.0,3.0,3.0,1.0,1.0,1.0,0.0,5.968707559985366,True,0,0,0
6.0,1.0,2.0,2.0,5.0,4.0,1.0,5.0,130.0,1.0,5.0,1.0,4.0,10.0,8.0,4.0,9.0,4.875197323201151,False,3,3,3
4.0,2.0,1.0,2.0,6.0,2.0,1.0,1.0,0.0,1.0,4.0,1.0,2.0,7.0,5.0,2.0,7.0,0.0,False,1,1,1
3.0,1.0,3.0,1.0,11.0,3.0,1.0,1.0,0.0,3.0,5.0,3.0,3.0,0.0,0.0,1.0,0.0,0.0,False,0,0,0
3.0,1.0,2.0,2.0,1.0,4.0,2.0,1.0,1845.0,1.0,5.0,1.0,2.0,6.0,5.0,4.0,6.0,7.520776415062797,True,2,2,2
4.0,1.0,1.0,1.0,5.0,6.0,1.0,1.0,487.5,2.0,2.0,1.0,4.0,9.0,8.0,4.0,10.0,6.191339471482838,True,0,0,0
6.0,3.0,1.0,2.0,7.0,8.0,1.0,6.0,0.0,1.0,4.0,1.0,3.0,9.0,9.0,4.0,8.0,0.0,False,3,3,3
7.0,1.0,1.0,2.0,1.0,7.0,1.0,5.0,0.0,3.0,4.0,2.0,3.0,7.0,7.0,3.0,7.0,0.0,False,3,3,3
2.0,1.0,1.0,2.0,5.0,6.0,1.0,1.0,1710.0,3.0,4.0,4.0,3.0,6.0,6.0,2.0,7.0,7.444833273892193,True,1,1,1
4.0,1.0,1.0,2.0,6.0,4.0,1.0,6.0,487.5,1.0,4.0,3.0,5.0,8.0,7.0,3.0,6.0,6.191339471482838,True,3,3,3
5.0,2.0,2.0,2.0,4.0,3.0,1.0,1.0,1650.0,1.0,5.0,1.0,4.0,6.0,6.0,3.0,8.0,7.409136443920128,True,2,2,2
7.0,3.0,1.0,2.0,1.0,6.0,1.0,1.0,1470.0,1.0,3.0,1.0,4.0,10.0,9.0,2.0,0.0,7.293697720601438,True,3,3,3
5.0,1.0,4.0,1.0,1.0,6.0,3.0,4.0,0.0,2.0,2.0,2.0,4.0,5.0,5.0,2.0,6.0,0.0,False,0,0,0
6.0,2.0,3.0,1.0,6.0,4.0,1.0,1.0,150.0,1.0,4.0,1.0,3.0,10.0,10.0,5.0,10.0,5.017279836814924,True,0,0,0
6.0,1.0,1.0,2.0,2.0,3.0,1.0,1.0,810.0,1.0,4.0,2.0,4.0,9.0,9.0,5.0,8.0,6.698268054115413,True,1,1,1
3.0,1.0,2.0,1.0,5.0,5.0,1.0,1.0,1175.0,1.0,3.0,2.0,3.0,7.0,7.0,3.0,7.0,7.069874128458572,True,0,0,0
3.0,1.0,2.0,1.0,1.0,3.0,1.0,1.0,300.0,1.0,5.0,1.0,4.0,8.0,9.0,4.0,7.0,5.707110264748875,True,0,0,0
5.0,1.0,2.0,1.0,2.0,6.0,1.0,1.0,3225.0,1.0,5.0,1.0,2.0,5.0,1.0,4.0,7.0,8.078998258685154,True,0,0,0
3.0,1.0,6.0,2.0,5.0,4.0,1.0,1.0,450.0,2.0,4.0,3.0,3.0,8.0,9.0,2.0,8.0,6.111467339502679,True,2,2,2
4.0,5.0,1.0,1.0,5.0,4.0,1.0,1.0,50.0,1.0,5.0,2.0,4.0,8.0,9.0,5.0,9.0,3.9318256327243257,False,0,0,0
3.0,3.0,1.0,2.0,10.0,2.0,1.0,1.0,0.0,1.0,5.0,5.0,3.0,10.0,10.0,3.0,10.0,0.0,False,1,1,1
5.0,1.0,1.0,1.0,7.0,6.0,1.0,1.0,1020.0,1.0,3.0,1.0,4.0,7.0,8.0,5.0,8.0,6.928537818164665,True,0,0,0
2.0,1.0,1.0,2.0,2.0,5.0,1.0,1.0,1915.0,1.0,4.0,1.0,3.0,8.0,8.0,2.0,6.0,7.557994958530806,True,1,1,1
4.0,1.0,2.0,1.0,5.0,8.0,1.0,1.0,420.0,2.0,5.0,2.0,4.0,8.0,8.0,4.0,7.0,6.042632833682381,True,0,0,0
3.0,1.0,6.0,1.0,5.0,9.0,1.0,1.0,1222.5,2.0,5.0,2.0,4.0,7.0,8.0,3.0,5.0,7.109470882882726,True,0,0,0
2.0,2.0,5.0,2.0,10.0,6.0,4.0,8.0,780.0,2.0,4.0,2.0,4.0,9.0,6.0,2.0,6.0,6.660575149839686,True,3,3,3
6.0,1.0,1.0,1.0,5.0,3.0,1.0,1.0,0.0,3.0,2.0,2.0,4.0,5.0,5.0,3.0,4.0,0.0,False,0,0,0
6.0,1.0,1.0,1.0,5.0,3.0,1.0,1.0,0.0,3.0,4.0,2.0,3.0,4.0,5.0,2.0,3.0,0.0,False,0,0,0
3.0,1.0,2.0,2.0,1.0,6.0,1.0,1.0,197.5,3.0,5.0,3.0,4.0,4.0,8.0,4.0,8.0,5.290789100127245,True,2,2,2
2.0,1.0,1.0,1.0,1.0,2.0,1.0,1.0,1255.0,1.0,1.0,2.0,5.0,9.0,7.0,4.0,7.0,7.135687347028144,True,0,0,0
4.0,1.0,7.0,2.0,5.0,5.0,1.0,1.0,720.0,1.0,5.0,2.0,2.0,4.0,5.0,2.0,6.0,6.580639137284949,True,2,2,2
4.0,1.0,6.0,1.0,1.0,5.0,1.0,1.0,195.0,2.0,5.0,3.0,3.0,6.0,5.0,2.0,5.0,5.278114659230517,True,0,0,0
6.0,1.0,1.0,1.0,7.0,4.0,1.0,1.0,75.0,2.0,4.0,2.0,4.0,9.0,8.0,4.0,8.0,4.330733340286331,False,0,0,0
4.0,1.0,2.0,2.0,6.0,9.0,1.0,1.0,0.0,2.0,5.0,1.0,4.0,8.0,8.0,5.0,9.0,0.0,False,2,2,2
2.0,1.0,1.0,2.0,1.0,4.0,1.0,1.0,240.0,5.0,3.0,3.0,3.0,6.0,6.0,2.0,6.0,5.484796933490655,True,1,1,1
3.0,1.0,6.0,2.0,10.0,3.0,1.0,3.0,990.0,1.0,3.0,3.0,4.0,7.0,8.0,3.0,10.0,6.898714534329988,True,3,3,3
7.0,1.0,2.0,1.0,5.0,4.0,1.0,2.0,670.0,2.0,4.0,2.0,4.0,7.0,7.0,4.0,8.0,6.508769136971682,True,0,0,0
3.0,1.0,1.0,1.0,6.0,10.0,1.0,1.0,60.0,2.0,2.0,2.0,4.0,7.0,7.0,2.0,8.0,4.110873864173311,False,0,0,0
3.0,1.0,1.0,2.0,6.0,10.0,1.0,1.0,0.0,2.0,2.0,2.0,4.0,8.0,8.0,4.0,8.0,0.0,False,1,1,1
7.0,1.0,1.0,1.0,5.0,10.0,1.0,5.0,0.0,4.0,4.0,4.0,4.0,8.0,8.0,4.0,8.0,0.0,False,0,0,0
4.0,1.0,1.0,2.0,5.0,10.0,1.0,1.0,0.0,2.0,2.0,1.0,4.0,7.0,8.0,4.0,7.0,0.0,False,1,1,1
7.0,1.0,1.0,2.0,5.0,9.0,1.0,5.0,0.0,2.0,2.0,2.0,4.0,8.0,8.0,3.0,8.0,0.0,False,3,3,3
6.0,1.0,1.0,2.0,5.0,9.0,1.0,1.0,0.0,2.0,2.0,2.0,4.0,8.0,8.0,3.0,8.0,0.0,False,1,1,1
3.0,1.0,1.0,1.0,6.0,10.0,1.0,1.0,0.0,2.0,2.0,2.0,5.0,8.0,8.0,3.0,8.0,0.0,False,0,0,0
3.0,1.0,1.0,2.0,6.0,10.0,1.0,6.0,0.0,2.0,2.0,2.0,4.0,8.0,8.0,4.0,8.0,0.0,False,3,3,3
5.0,1.0,1.0,1.0,7.0,9.0,1.0,1.0,45.0,1.0,4.0,1.0,4.0,8.0,8.0,4.0,8.0,3.828641396489095,False,0,0,0
4.0,1.0,1.0,1.0,1.0,9.0,1.0,1.0,1920.0,2.0,5.0,2.0,4.0,5.0,6.0,2.0,6.0,7.560601162768557,True,0,0,0
4.0,1.0,5.0,1.0,6.0,5.0,1.0,1.0,160.0,1.0,2.0,2.0,5.0,8.0,8.0,4.0,8.0,5.081404364984463,True,0,0,0
2.0,1.0,1.0,1.0,5.0,10.0,1.0,1.0,180.0,1.0,1.0,1.0,5.0,8.0,8.0,3.0,8.0,5.198497031265826,True,0,0,0
3.0,1.0,1.0,1.0,5.0,10.0,1.0,1.0,180.0,1.0,1.0,1.0,5.0,8.0,8.0,4.0,8.0,5.198497031265826,True,0,0,0
4.0,1.0,1.0,1.0,5.0,10.0,1.0,1.0,240.0,1.0,1.0,1.0,4.0,8.0,8.0,4.0,8.0,5.484796933490655,True,0,0,0
6.0,1.0,1.0,1.0,1.0,6.0,1.0,1.0,735.0,3.0,5.0,4.0,4.0,7.0,8.0,3.0,8.0,6.601230118728877,True,0,0,0
3.0,1.0,2.0,1.0,1.0,7.0,1.0,1.0,900.0,1.0,1.0,1.0,3.0,6.0,6.0,5.0,6.0,6.803505257608338,True,0,0,0
3.0,1.0,4.0,1.0,1.0,3.0,2.0,1.0,880.0,1.0,5.0,2.0,4.0,8.0,8.0,1.0,7.0,6.78105762593618,True,0,0,0
5.0,1.0,2.0,1.0,1.0,3.0,1.0,1.0,0.0,2.0,4.0,3.0,3.0,9.0,7.0,4.0,8.0,0.0,False,0,0,0
3.0,1.0,3.0,1.0,5.0,3.0,1.0,3.0,119.0,1.0,1.0,1.0,5.0,5.0,5.0,2.0,5.0,4.787491742782046,False,0,0,0
3.0,1.0,3.0,1.0,9.0,6.0,2.0,1.0,0.0,2.0,2.0,5.0,3.0,5.0,7.0,4.0,5.0,0.0,False,0,0,0
5.0,1.0,2.0,2.0,6.0,5.0,1.0,1.0,225.0,2.0,4.0,3.0,4.0,8.0,8.0,4.0,8.0,5.420534999272286,True,2,2,2
6.0,1.0,1.0,1.0,6.0,5.0,1.0,6.0,142.5,2.0,3.0,3.0,4.0,8.0,7.0,3.0,7.0,4.966335035199676,False,0,0,0
5.0,1.0,3.0,1.0,5.0,2.0,2.0,1.0,347.0,1.0,2.0,1.0,2.0,9.0,8.0,3.0,9.0,5.8522024797744745,True,0,0,0
4.0,1.0,3.0,2.0,1.0,2.0,1.0,1.0,120.0,1.0,3.0,1.0,5.0,10.0,10.0,2.0,10.0,4.795790545596741,False,2,2,2
2.0,3.0,4.0,1.0,10.0,2.0,4.0,8.0,0.0,2.0,3.0,3.0,2.0,6.0,6.0,3.0,5.0,0.0,False,0,0,0
2.0,1.0,2.0,2.0,7.0,2.0,1.0,2.0,93.75,1.0,5.0,2.0,3.0,4.0,5.0,4.0,6.0,4.5512418439625355,False,3,3,3
4.0,2.0,4.0,1.0,10.0,2.0,2.0,3.0,14842.5,2.0,3.0,2.0,2.0,4.0,5.0,2.0,7.0,9.605317337969959,True,0,0,0
5.0,3.0,1.0,2.0,4.0,3.0,3.0,1.0,240.0,2.0,4.0,2.0,3.0,9.0,8.0,4.0,8.0,5.484796933490655,True,1,1,1
2.0,2.0,6.0,2.0,10.0,3.0,4.0,8.0,0.0,2.0,4.0,2.0,3.0,4.0,5.0,1.0,7.0,0.0,False,3,3,3
2.0,3.0,1.0,2.0,10.0,2.0,3.0,9.0,0.0,3.0,4.0,2.0,4.0,4.0,4.0,2.0,4.0,0.0,False,3,3,3
7.0,1.0,1.0,1.0,1.0,3.0,1.0,5.0,900.0,1.0,3.0,2.0,4.0,8.0,8.0,4.0,8.0,6.803505257608338,True,0,0,0
2.0,2.0,4.0,2.0,10.0,3.0,4.0,8.0,1197.5,2.0,4.0,3.0,3.0,5.0,5.0,3.0,6.0,7.088826053874439,True,3,3,3
6.0,1.0,6.0,1.0,1.0,4.0,2.0,1.0,0.0,1.0,3.0,1.0,2.0,1.0,0.0,1.0,8.0,0.0,False,0,0,0
3.0,1.0,1.0,2.0,10.0,3.0,1.0,1.0,840.0,3.0,4.0,5.0,2.0,5.0,5.0,3.0,5.0,6.734591659972948,True,1,1,1
4.0,1.0,2.0,2.0,6.0,9.0,1.0,2.0,405.0,2.0,4.0,1.0,4.0,9.0,9.0,5.0,8.0,6.0063531596017325,True,3,3,3
6.0,1.0,1.0,1.0,7.0,7.0,1.0,1.0,525.0,2.0,2.0,2.0,3.0,10.0,9.0,5.0,10.0,6.26530121273771,True,0,0,0
7.0,4.0,1.0,2.0,1.0,7.0,1.0,2.0,90.0,1.0,5.0,1.0,3.0,8.0,6.0,3.0,7.0,4.51085950651685,False,3,3,3
2.0,1.0,2.0,2.0,2.0,5.0,2.0,10.0,3540.0,3.0,5.0,4.0,3.0,10.0,0.0,2.0,5.0,8.172164452111904,True,3,3,3
3.0,2.0,3.0,2.0,4.0,5.0,2.0,1.0,375.0,2.0,5.0,4.0,3.0,6.0,7.0,3.0,7.0,5.929589143389895,True,2,2,2
4.0,1.0,2.0,2.0,6.0,8.0,1.0,2.0,180.0,1.0,4.0,3.0,2.0,9.0,9.0,5.0,10.0,5.198497031265826,True,3,3,3
5.0,1.0,1.0,2.0,6.0,7.0,3.0,2.0,220.0,4.0,4.0,1.0,4.0,10.0,8.0,4.0,9.0,5.3981627015177525,True,3,3,3
5.0,1.0,1.0,1.0,6.0,7.0,2.0,1.0,435.0,1.0,5.0,3.0,3.0,8.0,8.0,5.0,8.0,6.077642243349034,True,0,0,0
6.0,3.0,1.0,1.0,7.0,7.0,1.0,2.0,525.0,1.0,4.0,1.0,4.0,9.0,8.0,5.0,9.0,6.26530121273771,True,0,0,0
5.0,3.0,1.0,1.0,6.0,9.0,1.0,1.0,807.5,1.0,5.0,1.0,4.0,7.0,7.0,4.0,9.0,6.695180679017161,True,0,0,0
2.0,3.0,6.0,1.0,10.0,8.0,2.0,9.0,2475.0,1.0,3.0,1.0,3.0,9.0,7.0,1.0,6.0,7.814399633804487,True,0,0,0
3.0,2.0,1.0,1.0,5.0,5.0,1.0,1.0,75.0,2.0,4.0,3.0,4.0,7.0,7.0,4.0,7.0,4.330733340286331,False,0,0,0
3.0,1.0,1.0,2.0,5.0,5.0,1.0,2.0,390.0,3.0,4.0,2.0,2.0,4.0,7.0,2.0,7.0,5.968707559985366,True,3,3,3
6.0,3.0,3.0,1.0,5.0,8.0,1.0,1.0,0.0,1.0,1.0,1.0,4.0,8.0,8.0,5.0,8.0,0.0,False,0,0,0
6.0,2.0,3.0,2.0,5.0,8.0,1.0,10.0,0.0,2.0,2.0,2.0,4.0,8.0,8.0,5.0,8.0,0.0,False,3,3,3
6.0,5.0,1.0,1.0,7.0,8.0,2.0,1.0,815.0,1.0,5.0,1.0,4.0,6.0,7.0,3.0,8.0,6.704414354964107,True,0,0,0
7.0,1.0,1.0,1.0,5.0,8.0,1.0,5.0,450.0,1.0,4.0,2.0,4.0,9.0,8.0,5.0,9.0,6.111467339502679,True,0,0,0
6.0,1.0,3.0,2.0,7.0,4.0,2.0,5.0,600.0,1.0,2.0,2.0,3.0,5.0,5.0,4.0,5.0,6.398594934535208,True,3,3,3
5.0,1.0,1.0,2.0,5.0,3.0,1.0,1.0,0.0,4.0,4.0,3.0,4.0,7.0,7.0,3.0,3.0,0.0,False,1,1,1
4.0,1.0,1.0,1.0,1.0,4.0,1.0,1.0,0.0,3.0,4.0,5.0,2.0,5.0,5.0,3.0,5.0,0.0,False,0,0,0
2.0,2.0,4.0,2.0,10.0,1.0,4.0,8.0,0.0,3.0,4.0,3.0,3.0,5.0,5.0,3.0,4.0,0.0,False,3,3,3
4.0,1.0,1.0,2.0,1.0,1.0,1.0,1.0,540.0,3.0,4.0,2.0,3.0,3.0,2.0,1.0,6.0,6.293419278846481,True,1,1,1
4.0,1.0,1.0,2.0,1.0,8.0,1.0,1.0,1050.0,2.0,4.0,2.0,4.0,8.0,9.0,4.0,10.0,6.957497370876951,True,1,1,1
4.0,1.0,3.0,1.0,6.0,9.0,1.0,1.0,270.0,1.0,4.0,3.0,4.0,7.0,7.0,5.0,8.0,5.602118820879701,True,0,0,0
5.0,2.0,2.0,2.0,1.0,7.0,1.0,2.0,0.0,4.0,4.0,3.0,3.0,0.0,0.0,2.0,3.0,0.0,False,3,3,3
7.0,3.0,1.0,1.0,5.0,10.0,2.0,5.0,870.0,1.0,5.0,1.0,3.0,9.0,8.0,5.0,10.0,6.769641976852503,True,0,0,0
5.0,1.0,1.0,2.0,6.0,8.0,1.0,6.0,1150.0,2.0,5.0,3.0,4.0,4.0,3.0,3.0,3.0,7.048386408721883,True,3,3,3
6.0,2.0,1.0,1.0,6.0,9.0,1.0,1.0,165.0,2.0,3.0,3.0,3.0,9.0,9.0,5.0,7.0,5.111987788356544,True,0,0,0
5.0,1.0,1.0,2.0,6.0,9.0,1.0,2.0,375.0,2.0,4.0,2.0,5.0,9.0,9.0,5.0,9.0,5.929589143389895,True,3,3,3
4.0,1.0,1.0,1.0,6.0,7.0,1.0,1.0,0.0,1.0,3.0,1.0,3.0,8.0,6.0,3.0,7.0,0.0,False,0,0,0
2.0,1.0,1.0,2.0,8.0,10.0,1.0,1.0,0.0,3.0,4.0,2.0,3.0,8.0,7.0,4.0,7.0,0.0,False,1,1,1
5.0,3.0,1.0,2.0,3.0,3.0,1.0,1.0,555.0,1.0,3.0,1.0,4.0,5.0,8.0,4.0,8.0,6.320768294250582,True,1,1,1
4.0,3.0,1.0,2.0,6.0,2.0,1.0,1.0,0.0,2.0,4.0,2.0,3.0,5.0,6.0,5.0,7.0,0.0,False,1,1,1
5.0,3.0,1.0,2.0,7.0,7.0,2.0,1.0,120.0,1.0,5.0,1.0,4.0,6.0,6.0,4.0,10.0,4.795790545596741,False,1,1,1
5.0,3.0,1.0,1.0,7.0,4.0,2.0,1.0,140.0,2.0,4.0,2.0,3.0,7.0,7.0,4.0,6.0,4.948759890378168,False,0,0,0
6.0,1.0,1.0,2.0,7.0,8.0,1.0,2.0,315.0,3.0,4.0,2.0,4.0,1.0,1.0,2.0,2.0,5.755742213586912,True,3,3,3
4.0,1.0,1.0,2.0,5.0,4.0,4.0,2.0,600.0,2.0,5.0,2.0,3.0,6.0,5.0,3.0,8.0,6.398594934535208,True,3,3,3
3.0,1.0,1.0,2.0,5.0,5.0,2.0,1.0,80.0,3.0,4.0,1.0,4.0,8.0,7.0,4.0,4.0,4.394449154672439,False,1,1,1
3.0,1.0,1.0,2.0,12.0,4.0,1.0,1.0,1275.0,1.0,5.0,1.0,3.0,9.0,9.0,4.0,9.0,7.151485463904735,True,1,1,1
7.0,1.0,3.0,1.0,5.0,3.0,1.0,5.0,0.0,3.0,4.0,2.0,4.0,9.0,10.0,4.0,9.0,0.0,False,0,0,0
7.0,1.0,1.0,1.0,5.0,3.0,1.0,5.0,135.0,2.0,4.0,1.0,4.0,8.0,8.0,5.0,8.0,4.912654885736052,False,0,0,0
5.0,1.0,2.0,1.0,6.0,7.0,1.0,1.0,120.0,2.0,4.0,3.0,4.0,9.0,8.0,4.0,9.0,4.795790545596741,False,0,0,0
4.0,1.0,3.0,2.0,12.0,7.0,1.0,2.0,2625.0,2.0,4.0,2.0,3.0,9.0,9.0,5.0,9.0,7.873217054862741,True,3,3,3
4.0,1.0,2.0,1.0,1.0,6.0,1.0,1.0,1605.0,1.0,3.0,3.0,3.0,9.0,9.0,4.0,9.0,7.381501894506707,True,0,0,0
4.0,1.0,7.0,2.0,6.0,9.0,1.0,1.0,450.0,2.0,5.0,3.0,4.0,6.0,7.0,4.0,8.0,6.111467339502679,True,2,2,2
5.0,3.0,3.0,1.0,7.0,3.0,3.0,1.0,262.5,1.0,4.0,2.0,3.0,9.0,8.0,3.0,9.0,5.574053367981417,True,0,0,0
5.0,2.0,3.0,2.0,7.0,3.0,1.0,2.0,600.0,2.0,3.0,4.0,3.0,8.0,10.0,2.0,10.0,6.398594934535208,True,3,3,3
2.0,1.0,1.0,2.0,5.0,5.0,1.0,1.0,160.0,2.0,5.0,1.0,4.0,8.0,8.0,3.0,6.0,5.081404364984463,True,1,1,1
2.0,1.0,3.0,1.0,5.0,5.0,1.0,1.0,202.5,1.0,4.0,2.0,4.0,8.0,7.0,2.0,7.0,5.31566600488265,True,0,0,0
2.0,2.0,6.0,1.0,2.0,2.0,4.0,8.0,431.25,2.0,4.0,2.0,3.0,3.0,6.0,2.0,7.0,6.0690041245634,True,0,0,0
5.0,1.0,7.0,1.0,6.0,10.0,1.0,1.0,1142.5,1.0,5.0,1.0,5.0,7.0,8.0,5.0,8.0,7.041849013462836,True,0,0,0
2.0,1.0,1.0,1.0,5.0,6.0,4.0,8.0,240.0,2.0,4.0,3.0,2.0,7.0,6.0,3.0,5.0,5.484796933490655,True,0,0,0
2.0,1.0,2.0,2.0,5.0,6.0,4.0,8.0,0.0,2.0,4.0,3.0,3.0,10.0,10.0,4.0,10.0,0.0,False,3,3,3
3.0,1.0,2.0,2.0,5.0,5.0,2.0,2.0,375.0,2.0,5.0,3.0,3.0,6.0,6.0,3.0,4.0,5.929589143389895,True,3,3,3
5.0,3.0,1.0,1.0,1.0,3.0,1.0,3.0,0.0,1.0,2.0,1.0,5.0,7.0,10.0,1.0,6.0,0.0,False,0,0,0
4.0,1.0,1.0,2.0,1.0,2.0,1.0,7.0,0.0,3.0,3.0,5.0,2.0,0.0,6.0,1.0,5.0,0.0,False,3,3,3
4.0,1.0,2.0,1.0,6.0,8.0,1.0,1.0,577.5,1.0,5.0,1.0,5.0,9.0,7.0,4.0,9.0,6.360438546633731,True,0,0,0
5.0,1.0,2.0,1.0,6.0,7.0,1.0,1.0,220.0,1.0,4.0,3.0,4.0,8.0,8.0,5.0,8.0,5.3981627015177525,True,0,0,0
7.0,5.0,2.0,1.0,5.0,10.0,2.0,5.0,130.0,2.0,3.0,2.0,3.0,8.0,8.0,3.0,8.0,4.875197323201151,False,0,0,0
4.0,1.0,2.0,2.0,6.0,9.0,1.0,1.0,0.0,2.0,4.0,4.0,4.0,5.0,5.0,3.0,7.0,0.0,False,2,2,2
5.0,1.0,1.0,2.0,5.0,5.0,1.0,1.0,0.0,4.0,2.0,3.0,2.0,5.0,5.0,4.0,4.0,0.0,False,1,1,1
7.0,1.0,1.0,1.0,5.0,9.0,1.0,5.0,1440.0,1.0,5.0,2.0,4.0,9.0,9.0,4.0,8.0,7.273092595999522,True,0,0,0
2.0,2.0,7.0,1.0,10.0,4.0,3.0,9.0,1770.0,1.0,5.0,1.0,2.0,7.0,8.0,3.0,6.0,7.479299637782834,True,0,0,0
6.0,2.0,1.0,1.0,1.0,7.0,3.0,4.0,0.0,3.0,4.0,3.0,4.0,7.0,7.0,4.0,7.0,0.0,False,0,0,0
7.0,1.0,2.0,2.0,5.0,7.0,1.0,5.0,87.5,4.0,3.0,3.0,3.0,9.0,9.0,5.0,10.0,4.483002552013883,False,3,3,3
4.0,1.0,5.0,2.0,1.0,2.0,1.0,1.0,0.0,2.0,5.0,2.0,3.0,8.0,7.0,4.0,7.0,0.0,False,2,2,2
7.0,1.0,2.0,1.0,5.0,5.0,1.0,5.0,840.0,1.0,4.0,3.0,3.0,7.0,7.0,5.0,6.0,6.734591659972948,True,0,0,0
2.0,1.0,3.0,1.0,10.0,7.0,4.0,8.0,645.0,1.0,3.0,1.0,4.0,8.0,8.0,3.0,8.0,6.470799503782602,True,0,0,0
5.0,1.0,4.0,2.0,1.0,5.0,2.0,3.0,175.0,3.0,5.0,2.0,3.0,0.0,0.0,1.0,7.0,5.170483995038151,True,3,3,3
6.0,1.0,3.0,2.0,4.0,4.0,1.0,1.0,487.5,1.0,1.0,2.0,4.0,2.0,1.0,3.0,2.0,6.191339471482838,True,2,2,2
7.0,3.0,1.0,2.0,2.0,8.0,2.0,2.0,180.0,4.0,4.0,1.0,4.0,10.0,10.0,5.0,10.0,5.198497031265826,True,3,3,3
5.0,1.0,1.0,2.0,2.0,6.0,1.0,2.0,123.75,3.0,3.0,2.0,3.0,10.0,7.0,5.0,9.0,4.826311734631628,False,3,3,3
2.0,1.0,3.0,2.0,12.0,1.0,1.0,1.0,3660.0,4.0,1.0,2.0,4.0,7.0,5.0,2.0,5.0,8.205491613120236,True,2,2,2
5.0,1.0,2.0,1.0,6.0,9.0,1.0,1.0,5.0,2.0,5.0,3.0,3.0,6.0,4.0,3.0,7.0,1.791759469228055,False,0,0,0
3.0,1.0,1.0,1.0,5.0,4.0,1.0,1.0,45.0,3.0,3.0,2.0,3.0,8.0,8.0,3.0,7.0,3.828641396489095,False,0,0,0
7.0,3.0,7.0,2.0,4.0,4.0,3.0,5.0,0.0,3.0,3.0,2.0,2.0,6.0,6.0,3.0,5.0,0.0,False,3,3,3
6.0,1.0,4.0,2.0,5.0,8.0,2.0,1.0,727.5,2.0,4.0,3.0,4.0,10.0,9.0,4.0,10.0,6.590987625635259,True,2,2,2
4.0,1.0,4.0,2.0,2.0,1.0,1.0,1.0,150.0,2.0,5.0,4.0,1.0,8.0,7.0,3.0,5.0,5.017279836814924,True,2,2,2
4.0,2.0,7.0,1.0,9.0,2.0,1.0,5.0,0.0,5.0,1.0,3.0,2.0,6.0,2.0,4.0,6.0,0.0,False,0,0,0
4.0,3.0,1.0,2.0,6.0,5.0,4.0,1.0,722.5,1.0,4.0,1.0,3.0,9.0,8.0,4.0,10.0,6.5841005460715385,True,1,1,1
5.0,6.0,1.0,2.0,3.0,1.0,3.0,7.0,0.0,4.0,4.0,3.0,3.0,3.0,1.0,1.0,3.0,0.0,False,3,3,3
2.0,6.0,1.0,2.0,10.0,1.0,3.0,7.0,0.0,3.0,3.0,3.0,3.0,4.0,4.0,2.0,7.0,0.0,False,3,3,3
6.0,1.0,3.0,3.0,5.0,3.0,1.0,1.0,1357.5,1.0,2.0,1.0,3.0,9.0,9.0,4.0,9.0,7.214136428866403,True,0,0,0
3.0,1.0,4.0,2.0,1.0,3.0,1.0,1.0,0.0,2.0,4.0,2.0,4.0,5.0,4.0,3.0,6.0,0.0,False,2,2,2
6.0,1.0,6.0,2.0,1.0,8.0,1.0,1.0,1995.0,2.0,2.0,3.0,3.0,8.0,8.0,5.0,9.0,7.59890045687141,True,2,2,2
6.0,3.0,3.0,1.0,2.0,2.0,2.0,2.0,1440.0,1.0,4.0,2.0,4.0,5.0,5.0,1.0,5.0,7.273092595999522,True,0,0,0
4.0,1.0,5.0,2.0,6.0,2.0,1.0,1.0,30.0,1.0,4.0,3.0,3.0,9.0,8.0,5.0,7.0,3.4339872044851463,False,2,2,2
4.0,1.0,1.0,1.0,6.0,2.0,1.0,1.0,0.0,3.0,5.0,1.0,4.0,8.0,7.0,4.0,8.0,0.0,False,0,0,0
5.0,1.0,1.0,1.0,6.0,5.0,1.0,1.0,537.5,2.0,5.0,2.0,3.0,7.0,6.0,4.0,8.0,6.288787496596443,True,0,0,0
5.0,1.0,1.0,1.0,1.0,8.0,1.0,2.0,785.0,2.0,4.0,3.0,4.0,7.0,7.0,3.0,9.0,6.666956792429207,True,0,0,0
3.0,1.0,2.0,1.0,5.0,2.0,1.0,1.0,1470.0,1.0,5.0,3.0,4.0,10.0,9.0,4.0,9.0,7.293697720601438,True,0,0,0
3.0,1.0,2.0,2.0,5.0,4.0,1.0,1.0,0.0,5.0,2.0,3.0,4.0,4.0,7.0,3.0,6.0,0.0,False,2,2,2
4.0,3.0,2.0,1.0,5.0,6.0,1.0,1.0,450.0,1.0,3.0,3.0,3.0,6.0,6.0,3.0,5.0,6.111467339502679,True,0,0,0
5.0,1.0,1.0,1.0,6.0,7.0,2.0,6.0,210.0,3.0,5.0,3.0,3.0,7.0,8.0,3.0,9.0,5.351858133476067,True,0,0,0
4.0,1.0,1.0,2.0,6.0,7.0,1.0,2.0,500.0,2.0,5.0,2.0,4.0,8.0,7.0,3.0,8.0,6.2166061010848646,True,3,3,3
6.0,1.0,2.0,2.0,5.0,9.0,1.0,1.0,0.0,5.0,5.0,3.0,3.0,8.0,8.0,4.0,9.0,0.0,False,2,2,2
6.0,3.0,1.0,2.0,12.0,9.0,1.0,2.0,2940.0,2.0,5.0,1.0,4.0,10.0,9.0,5.0,10.0,7.9865049385539955,True,3,3,3
2.0,3.0,7.0,2.0,10.0,8.0,3.0,2.0,1845.0,1.0,4.0,4.0,3.0,7.0,6.0,3.0,5.0,7.520776415062797,True,3,3,3
7.0,3.0,1.0,2.0,5.0,4.0,4.0,5.0,45.0,2.0,4.0,3.0,3.0,9.0,7.0,4.0,9.0,3.828641396489095,False,3,3,3
3.0,1.0,1.0,1.0,5.0,4.0,2.0,1.0,345.0,2.0,3.0,2.0,3.0,9.0,8.0,4.0,8.0,5.846438775057725,True,0,0,0
4.0,1.0,2.0,2.0,3.0,4.0,1.0,2.0,160.0,2.0,4.0,2.0,4.0,6.0,6.0,3.0,8.0,5.081404364984463,True,3,3,3
4.0,1.0,1.0,2.0,1.0,6.0,1.0,1.0,45.0,3.0,5.0,3.0,4.0,8.0,6.0,1.0,7.0,3.828641396489095,False,1,1,1
3.0,1.0,1.0,2.0,1.0,3.0,1.0,1.0,1475.0,2.0,5.0,2.0,3.0,7.0,7.0,3.0,7.0,7.297091005160418,True,1,1,1
6.0,2.0,1.0,2.0,1.0,3.0,3.0,2.0,0.0,2.0,4.0,2.0,3.0,8.0,8.0,4.0,9.0,0.0,False,3,3,3
2.0,2.0,4.0,2.0,10.0,3.0,4.0,3.0,655.0,2.0,4.0,1.0,3.0,10.0,5.0,2.0,5.0,6.486160788944089,True,3,3,3
4.0,6.0,4.0,1.0,6.0,3.0,3.0,4.0,45.0,4.0,4.0,4.0,3.0,9.0,4.0,1.0,5.0,3.828641396489095,False,0,0,0
3.0,1.0,2.0,2.0,6.0,7.0,1.0,1.0,240.0,3.0,3.0,2.0,4.0,3.0,6.0,3.0,6.0,5.484796933490655,True,2,2,2
5.0,1.0,5.0,2.0,7.0,2.0,1.0,1.0,0.0,3.0,4.0,4.0,3.0,5.0,5.0,2.0,5.0,0.0,False,2,2,2
5.0,1.0,1.0,1.0,6.0,3.0,1.0,1.0,330.0,2.0,4.0,2.0,4.0,6.0,6.0,4.0,9.0,5.802118375377063,True,0,0,0
3.0,1.0,1.0,2.0,5.0,7.0,1.0,1.0,1050.0,4.0,5.0,1.0,3.0,8.0,8.0,4.0,9.0,6.957497370876951,True,1,1,1
3.0,1.0,3.0,2.0,1.0,2.0,1.0,1.0,360.0,2.0,3.0,1.0,2.0,7.0,6.0,4.0,7.0,5.8888779583328805,True,2,2,2
4.0,1.0,2.0,2.0,1.0,2.0,1.0,2.0,0.0,3.0,3.0,4.0,2.0,2.0,2.0,1.0,2.0,0.0,False,3,3,3
3.0,1.0,1.0,2.0,1.0,5.0,1.0,1.0,210.0,1.0,5.0,3.0,2.0,4.0,7.0,3.0,8.0,5.351858133476067,True,1,1,1
3.0,1.0,1.0,1.0,2.0,5.0,1.0,1.0,627.5,1.0,3.0,3.0,3.0,4.0,3.0,3.0,4.0,6.443336028030302,True,0,0,0
4.0,1.0,1.0,2.0,1.0,5.0,1.0,1.0,540.0,3.0,5.0,2.0,3.0,7.0,6.0,2.0,10.0,6.293419278846481,True,1,1,1
4.0,1.0,1.0,1.0,1.0,1.0,1.0,1.0,1695.0,3.0,3.0,1.0,4.0,5.0,6.0,3.0,7.0,7.4360278163518485,True,0,0,0
7.0,1.0,2.0,2.0,1.0,3.0,1.0,2.0,420.0,2.0,4.0,1.0,4.0,8.0,8.0,4.0,10.0,6.042632833682381,True,3,3,3
2.0,2.0,6.0,1.0,10.0,3.0,1.0,1.0,210.0,2.0,3.0,2.0,3.0,1.0,2.0,2.0,3.0,5.351858133476067,True,0,0,0
5.0,1.0,3.0,1.0,6.0,4.0,1.0,2.0,75.0,2.0,5.0,2.0,4.0,5.0,3.0,4.0,5.0,4.330733340286331,False,0,0,0
6.0,1.0,1.0,2.0,6.0,4.0,1.0,6.0,52.5,2.0,4.0,2.0,3.0,5.0,5.0,2.0,7.0,3.979681653901961,False,3,3,3
5.0,1.0,6.0,1.0,1.0,4.0,1.0,1.0,1080.0,3.0,4.0,2.0,2.0,6.0,5.0,2.0,7.0,6.985641817639208,True,0,0,0
7.0,3.0,1.0,1.0,1.0,4.0,3.0,4.0,0.0,1.0,4.0,3.0,3.0,9.0,9.0,5.0,9.0,0.0,False,0,0,0
2.0,1.0,1.0,2.0,2.0,6.0,2.0,1.0,285.0,3.0,4.0,3.0,3.0,8.0,7.0,3.0,7.0,5.655991810819852,True,1,1,1
3.0,1.0,1.0,2.0,2.0,5.0,1.0,1.0,1515.0,1.0,4.0,2.0,3.0,7.0,7.0,3.0,8.0,7.323830566202317,True,1,1,1
5.0,1.0,2.0,2.0,7.0,8.0,2.0,2.0,1072.5,1.0,4.0,2.0,5.0,9.0,8.0,5.0,6.0,6.978679617318836,True,3,3,3
5.0,1.0,1.0,1.0,6.0,5.0,1.0,1.0,840.0,2.0,5.0,5.0,4.0,7.0,7.0,4.0,6.0,6.734591659972948,True,0,0,0
7.0,1.0,1.0,1.0,4.0,7.0,1.0,1.0,665.0,2.0,5.0,3.0,4.0,8.0,7.0,5.0,8.0,6.501289670540389,True,0,0,0
2.0,2.0,1.0,1.0,2.0,5.0,4.0,8.0,285.0,1.0,5.0,2.0,3.0,8.0,9.0,5.0,9.0,5.655991810819852,True,0,0,0
7.0,2.0,1.0,2.0,1.0,5.0,1.0,2.0,157.5,3.0,2.0,3.0,4.0,8.0,7.0,4.0,9.0,5.065754593317335,True,3,3,3
3.0,1.0,7.0,2.0,6.0,2.0,3.0,6.0,341.5,2.0,4.0,2.0,2.0,6.0,7.0,2.0,5.0,5.83627165770228,True,3,3,3
5.0,3.0,2.0,2.0,7.0,3.0,2.0,2.0,502.5,3.0,4.0,2.0,3.0,7.0,7.0,4.0,8.0,6.221583712158617,True,3,3,3
4.0,1.0,3.0,1.0,6.0,3.0,1.0,1.0,355.0,2.0,3.0,2.0,2.0,7.0,8.0,3.0,8.0,5.87493073085203,True,0,0,0
4.0,1.0,3.0,2.0,6.0,3.0,2.0,6.0,0.0,2.0,2.0,2.0,3.0,7.0,7.0,4.0,5.0,0.0,False,3,3,3
6.0,2.0,1.0,2.0,1.0,3.0,1.0,2.0,2340.0,4.0,5.0,2.0,3.0,6.0,7.0,5.0,7.0,7.75833346749091,True,3,3,3
4.0,5.0,2.0,1.0,5.0,3.0,3.0,1.0,0.0,3.0,2.0,3.0,4.0,7.0,6.0,3.0,7.0,0.0,False,0,0,0
7.0,1.0,2.0,2.0,1.0,2.0,1.0,5.0,660.0,3.0,4.0,2.0,3.0,8.0,8.0,4.0,7.0,6.493753839851686,True,3,3,3
6.0,1.0,1.0,1.0,7.0,3.0,1.0,1.0,4650.0,2.0,3.0,2.0,4.0,9.0,8.0,5.0,7.0,8.444837529224097,True,0,0,0
3.0,1.0,1.0,2.0,1.0,3.0,1.0,1.0,120.0,2.0,5.0,2.0,3.0,7.0,8.0,3.0,8.0,4.795790545596741,False,1,1,1
3.0,1.0,1.0,2.0,5.0,3.0,1.0,1.0,1215.0,3.0,4.0,3.0,3.0,7.0,7.0,3.0,7.0,7.103322062526113,True,1,1,1
5.0,1.0,1.0,1.0,5.0,5.0,1.0,1.0,1080.0,2.0,5.0,2.0,4.0,8.0,8.0,4.0,8.0,6.985641817639208,True,0,0,0
4.0,1.0,1.0,2.0,6.0,5.0,1.0,1.0,202.5,2.0,4.0,4.0,2.0,7.0,7.0,3.0,7.0,5.31566600488265,True,1,1,1
5.0,1.0,1.0,2.0,6.0,3.0,1.0,2.0,65.0,4.0,5.0,2.0,2.0,6.0,6.0,4.0,8.0,4.189654742026425,False,3,3,3
2.0,1.0,1.0,2.0,10.0,3.0,4.0,8.0,75.0,1.0,4.0,1.0,3.0,6.0,7.0,3.0,8.0,4.330733340286331,False,3,3,3
7.0,1.0,2.0,2.0,5.0,8.0,1.0,5.0,1695.0,2.0,5.0,2.0,4.0,7.0,8.0,4.0,7.0,7.4360278163518485,True,3,3,3
7.0,1.0,1.0,1.0,2.0,8.0,2.0,5.0,930.0,1.0,4.0,2.0,4.0,3.0,3.0,4.0,10.0,6.836259277277067,True,0,0,0
5.0,1.0,2.0,1.0,6.0,6.0,1.0,1.0,0.0,1.0,5.0,1.0,4.0,8.0,8.0,3.0,9.0,0.0,False,0,0,0
4.0,1.0,4.0,2.0,3.0,6.0,1.0,1.0,0.0,1.0,2.0,5.0,2.0,3.0,9.0,2.0,7.0,0.0,False,2,2,2
5.0,1.0,1.0,2.0,6.0,9.0,1.0,2.0,897.5,2.0,5.0,1.0,4.0,8.0,7.0,3.0,9.0,6.800726706223614,True,3,3,3
6.0,1.0,4.0,2.0,1.0,2.0,1.0,5.0,5100.0,1.0,4.0,2.0,3.0,10.0,10.0,5.0,10.0,8.537191877922927,True,3,3,3
7.0,1.0,1.0,2.0,1.0,4.0,1.0,10.0,605.0,1.0,5.0,1.0,3.0,7.0,8.0,5.0,7.0,6.406879986069314,True,3,3,3
5.0,1.0,6.0,2.0,3.0,5.0,2.0,1.0,0.0,2.0,4.0,4.0,4.0,5.0,6.0,2.0,7.0,0.0,False,2,2,2
3.0,1.0,3.0,1.0,5.0,3.0,1.0,1.0,120.0,1.0,4.0,2.0,3.0,9.0,7.0,4.0,5.0,4.795790545596741,False,0,0,0
7.0,1.0,1.0,2.0,5.0,5.0,1.0,5.0,1582.5,3.0,4.0,3.0,3.0,9.0,8.0,3.0,8.0,7.367392865978695,True,3,3,3
6.0,2.0,1.0,1.0,7.0,5.0,2.0,1.0,600.0,2.0,4.0,2.0,3.0,7.0,8.0,4.0,7.0,6.398594934535208,True,0,0,0
5.0,1.0,3.0,2.0,5.0,7.0,1.0,1.0,315.0,2.0,5.0,2.0,4.0,6.0,6.0,3.0,6.0,5.755742213586912,True,2,2,2
3.0,1.0,3.0,2.0,5.0,8.0,4.0,8.0,0.0,2.0,3.0,2.0,4.0,6.0,6.0,4.0,5.0,0.0,False,3,3,3
4.0,1.0,3.0,1.0,6.0,10.0,1.0,1.0,180.0,2.0,5.0,2.0,4.0,8.0,8.0,5.0,10.0,5.198497031265826,True,0,0,0
4.0,1.0,3.0,2.0,6.0,10.0,1.0,2.0,75.0,2.0,2.0,2.0,4.0,6.0,7.0,4.0,10.0,4.330733340286331,False,3,3,3
6.0,5.0,1.0,1.0,7.0,6.0,2.0,1.0,315.0,3.0,4.0,2.0,3.0,8.0,8.0,3.0,8.0,5.755742213586912,True,0,0,0
4.0,1.0,3.0,2.0,6.0,7.0,1.0,1.0,152.5,2.0,4.0,2.0,2.0,8.0,7.0,5.0,7.0,5.033700567027251,True,2,2,2
5.0,1.0,3.0,2.0,3.0,5.0,1.0,1.0,387.5,2.0,4.0,2.0,3.0,5.0,5.0,2.0,7.0,5.962293169807702,True,2,2,2
4.0,1.0,3.0,2.0,6.0,7.0,1.0,1.0,485.0,2.0,5.0,4.0,2.0,2.0,6.0,2.0,7.0,6.186208623900494,True,2,2,2
3.0,2.0,1.0,1.0,6.0,6.0,2.0,1.0,360.0,2.0,4.0,2.0,2.0,8.0,8.0,5.0,8.0,5.8888779583328805,True,0,0,0
4.0,1.0,1.0,2.0,5.0,10.0,1.0,1.0,240.0,4.0,5.0,3.0,3.0,1.0,3.0,1.0,3.0,5.484796933490655,True,1,1,1
4.0,1.0,3.0,2.0,6.0,8.0,1.0,6.0,0.0,2.0,3.0,3.0,3.0,10.0,10.0,5.0,10.0,0.0,False,3,3,3
4.0,2.0,1.0,2.0,6.0,9.0,1.0,7.0,135.0,2.0,5.0,3.0,4.0,6.0,6.0,3.0,8.0,4.912654885736052,False,3,3,3
7.0,1.0,1.0,2.0,5.0,7.0,1.0,5.0,1050.0,1.0,5.0,1.0,4.0,10.0,10.0,5.0,10.0,6.957497370876951,True,3,3,3
7.0,3.0,1.0,2.0,5.0,8.0,1.0,5.0,363.75,1.0,4.0,1.0,4.0,10.0,10.0,4.0,10.0,5.899212187402895,True,3,3,3
6.0,2.0,1.0,2.0,5.0,5.0,3.0,7.0,0.0,3.0,4.0,4.0,3.0,7.0,5.0,4.0,8.0,0.0,False,3,3,3
7.0,1.0,1.0,1.0,7.0,5.0,2.0,2.0,0.0,2.0,4.0,3.0,3.0,10.0,9.0,4.0,9.0,0.0,False,0,0,0
6.0,3.0,1.0,2.0,7.0,5.0,1.0,5.0,120.0,1.0,4.0,2.0,3.0,10.0,10.0,5.0,10.0,4.795790545596741,False,3,3,3
2.0,2.0,6.0,2.0,10.0,9.0,4.0,8.0,60.0,3.0,5.0,2.0,2.0,5.0,5.0,2.0,6.0,4.110873864173311,False,3,3,3
7.0,1.0,1.0,2.0,5.0,6.0,1.0,5.0,630.0,3.0,5.0,2.0,3.0,9.0,8.0,4.0,5.0,6.447305862541213,True,3,3,3
4.0,1.0,2.0,1.0,5.0,9.0,1.0,1.0,705.0,2.0,4.0,2.0,3.0,8.0,8.0,4.0,7.0,6.559615237493242,True,0,0,0
4.0,1.0,3.0,2.0,6.0,8.0,1.0,1.0,0.0,4.0,5.0,2.0,4.0,5.0,7.0,5.0,7.0,0.0,False,2,2,2
5.0,1.0,1.0,2.0,6.0,6.0,1.0,2.0,150.0,1.0,4.0,2.0,4.0,9.0,9.0,4.0,9.0,5.017279836814924,True,3,3,3
4.0,1.0,2.0,2.0,5.0,9.0,1.0,1.0,750.0,2.0,4.0,2.0,3.0,7.0,6.0,4.0,8.0,6.621405651764134,True,2,2,2
5.0,5.0,1.0,2.0,7.0,8.0,1.0,2.0,690.0,2.0,5.0,3.0,3.0,9.0,8.0,4.0,10.0,6.53813982376767,True,3,3,3
7.0,1.0,2.0,2.0,5.0,8.0,2.0,10.0,1140.0,3.0,3.0,2.0,4.0,9.0,10.0,5.0,8.0,7.039660349862076,True,3,3,3
6.0,1.0,1.0,2.0,5.0,6.0,1.0,2.0,0.0,5.0,5.0,3.0,2.0,5.0,3.0,3.0,9.0,0.0,False,3,3,3
3.0,1.0,3.0,2.0,6.0,4.0,3.0,6.0,0.0,2.0,4.0,2.0,3.0,5.0,5.0,1.0,6.0,0.0,False,3,3,3
4.0,1.0,3.0,1.0,6.0,4.0,1.0,1.0,150.0,1.0,4.0,3.0,3.0,8.0,7.0,3.0,8.0,5.017279836814924,True,0,0,0
4.0,1.0,3.0,2.0,6.0,4.0,3.0,6.0,840.0,2.0,4.0,2.0,3.0,10.0,8.0,4.0,10.0,6.734591659972948,True,3,3,3
7.0,1.0,1.0,1.0,5.0,7.0,1.0,5.0,540.0,3.0,4.0,1.0,2.0,9.0,9.0,4.0,10.0,6.293419278846481,True,0,0,0
6.0,3.0,1.0,2.0,5.0,7.0,1.0,5.0,900.0,1.0,5.0,1.0,2.0,8.0,8.0,5.0,6.0,6.803505257608338,True,3,3,3
2.0,2.0,3.0,1.0,11.0,3.0,4.0,8.0,0.0,2.0,2.0,3.0,3.0,6.0,6.0,4.0,7.0,0.0,False,0,0,0
6.0,3.0,1.0,1.0,1.0,3.0,3.0,4.0,562.5,2.0,2.0,2.0,4.0,6.0,6.0,1.0,8.0,6.334167333479831,True,0,0,0
4.0,1.0,1.0,1.0,5.0,5.0,1.0,1.0,0.0,2.0,4.0,3.0,2.0,4.0,5.0,1.0,2.0,0.0,False,0,0,0
5.0,1.0,5.0,2.0,5.0,5.0,2.0,6.0,0.0,2.0,1.0,5.0,1.0,2.0,3.0,2.0,0.0,0.0,False,3,3,3
7.0,1.0,1.0,1.0,1.0,4.0,1.0,5.0,680.0,3.0,5.0,1.0,1.0,8.0,7.0,5.0,9.0,6.523562306149512,True,0,0,0
6.0,1.0,2.0,2.0,1.0,4.0,1.0,1.0,3840.0,1.0,4.0,1.0,3.0,10.0,9.0,5.0,9.0,8.253488028345904,True,2,2,2
5.0,1.0,3.0,2.0,6.0,10.0,1.0,1.0,67.5,3.0,5.0,3.0,4.0,8.0,7.0,4.0,9.0,4.22683374526818,False,2,2,2
5.0,1.0,2.0,1.0,6.0,10.0,1.0,1.0,465.0,2.0,5.0,1.0,4.0,8.0,9.0,5.0,8.0,6.144185634125646,True,0,0,0
4.0,1.0,1.0,2.0,6.0,9.0,1.0,1.0,1297.5,1.0,4.0,2.0,4.0,9.0,8.0,5.0,9.0,7.168965031102803,True,1,1,1
2.0,2.0,4.0,2.0,10.0,4.0,4.0,8.0,0.0,2.0,5.0,2.0,3.0,8.0,8.0,4.0,8.0,0.0,False,3,3,3
2.0,1.0,3.0,1.0,10.0,6.0,1.0,1.0,240.0,1.0,5.0,2.0,3.0,6.0,7.0,4.0,7.0,5.484796933490655,True,0,0,0
2.0,1.0,3.0,1.0,10.0,6.0,1.0,1.0,1035.0,1.0,4.0,1.0,1.0,7.0,6.0,4.0,6.0,6.943122422819428,True,0,0,0
3.0,1.0,3.0,2.0,1.0,4.0,4.0,3.0,67.5,4.0,4.0,2.0,3.0,6.0,6.0,3.0,5.0,4.22683374526818,False,3,3,3
4.0,6.0,3.0,2.0,7.0,5.0,3.0,4.0,0.0,1.0,2.0,1.0,3.0,2.0,4.0,1.0,6.0,0.0,False,3,3,3
7.0,1.0,1.0,1.0,1.0,5.0,1.0,5.0,0.0,2.0,4.0,2.0,4.0,3.0,3.0,1.0,3.0,0.0,False,0,0,0
3.0,1.0,1.0,2.0,5.0,6.0,1.0,1.0,925.0,4.0,4.0,2.0,3.0,6.0,6.0,3.0,6.0,6.8308742346461795,True,1,1,1
6.0,1.0,1.0,2.0,1.0,5.0,1.0,2.0,1335.0,2.0,3.0,3.0,4.0,5.0,4.0,3.0,4.0,7.197435354096591,True,3,3,3
5.0,1.0,1.0,1.0,1.0,3.0,1.0,1.0,25.0,4.0,5.0,3.0,2.0,7.0,7.0,2.0,8.0,3.258096538021482,False,0,0,0
4.0,2.0,2.0,2.0,6.0,2.0,1.0,2.0,0.0,3.0,4.0,3.0,3.0,7.0,5.0,4.0,6.0,0.0,False,3,3,3
5.0,6.0,1.0,2.0,3.0,2.0,3.0,4.0,0.0,3.0,5.0,5.0,1.0,0.0,1.0,2.0,10.0,0.0,False,3,3,3
6.0,1.0,3.0,1.0,5.0,6.0,1.0,2.0,350.0,2.0,5.0,2.0,3.0,7.0,7.0,3.0,9.0,5.860786223465865,True,0,0,0
3.0,1.0,2.0,2.0,6.0,8.0,1.0,1.0,345.0,3.0,3.0,2.0,4.0,8.0,8.0,3.0,9.0,5.846438775057725,True,2,2,2
6.0,1.0,1.0,1.0,5.0,4.0,1.0,1.0,132.5,2.0,5.0,2.0,4.0,8.0,9.0,5.0,8.0,4.894101477840304,False,0,0,0
3.0,1.0,2.0,1.0,10.0,7.0,1.0,1.0,480.0,1.0,5.0,2.0,3.0,9.0,8.0,5.0,9.0,6.175867270105761,True,0,0,0
3.0,1.0,2.0,2.0,10.0,7.0,1.0,1.0,960.0,1.0,2.0,4.0,3.0,4.0,4.0,2.0,6.0,6.8679744089702925,True,2,2,2
3.0,1.0,6.0,2.0,11.0,4.0,1.0,1.0,1710.0,2.0,5.0,1.0,3.0,8.0,9.0,2.0,7.0,7.444833273892193,True,2,2,2
4.0,1.0,2.0,1.0,1.0,3.0,1.0,1.0,1222.5,2.0,3.0,2.0,4.0,6.0,7.0,3.0,7.0,7.109470882882726,True,0,0,0
4.0,5.0,7.0,2.0,1.0,6.0,1.0,1.0,420.0,1.0,5.0,2.0,4.0,10.0,9.0,4.0,8.0,6.042632833682381,True,2,2,2
5.0,1.0,3.0,1.0,1.0,7.0,2.0,2.0,810.0,3.0,4.0,3.0,4.0,8.0,7.0,3.0,8.0,6.698268054115413,True,0,0,0
5.0,1.0,1.0,2.0,1.0,3.0,1.0,1.0,57.5,1.0,3.0,2.0,3.0,5.0,5.0,2.0,7.0,4.069026754237811,False,1,1,1
3.0,1.0,1.0,2.0,5.0,6.0,1.0,1.0,5790.0,1.0,5.0,2.0,2.0,8.0,8.0,2.0,8.0,8.66406026722579,True,1,1,1
7.0,1.0,1.0,2.0,7.0,6.0,1.0,5.0,2830.0,1.0,4.0,2.0,4.0,9.0,8.0,4.0,8.0,7.9483852851118995,True,3,3,3
7.0,1.0,1.0,1.0,11.0,3.0,1.0,5.0,0.0,3.0,4.0,4.0,4.0,7.0,7.0,4.0,9.0,0.0,False,0,0,0
2.0,1.0,2.0,1.0,10.0,1.0,3.0,2.0,0.0,2.0,3.0,1.0,2.0,4.0,4.0,1.0,2.0,0.0,False,0,0,0
5.0,1.0,1.0,2.0,10.0,1.0,1.0,1.0,0.0,3.0,3.0,3.0,3.0,6.0,4.0,5.0,5.0,0.0,False,1,1,1
7.0,1.0,7.0,1.0,1.0,3.0,1.0,2.0,735.0,1.0,4.0,2.0,3.0,8.0,8.0,2.0,8.0,6.601230118728877,True,0,0,0
6.0,1.0,3.0,1.0,7.0,6.0,2.0,5.0,600.0,1.0,4.0,2.0,2.0,10.0,10.0,5.0,10.0,6.398594934535208,True,0,0,0
5.0,1.0,7.0,2.0,7.0,4.0,1.0,2.0,1440.0,2.0,5.0,1.0,4.0,9.0,9.0,5.0,10.0,7.273092595999522,True,3,3,3
6.0,1.0,1.0,1.0,10.0,2.0,2.0,5.0,120.0,2.0,5.0,3.0,3.0,7.0,7.0,3.0,10.0,4.795790545596741,False,0,0,0
7.0,1.0,1.0,1.0,7.0,7.0,1.0,5.0,22.5,2.0,4.0,1.0,4.0,7.0,6.0,5.0,7.0,3.1570004211501135,False,0,0,0
3.0,1.0,1.0,1.0,2.0,6.0,1.0,1.0,595.0,3.0,3.0,2.0,2.0,7.0,8.0,4.0,10.0,6.39024066706535,True,0,0,0
6.0,1.0,1.0,2.0,1.0,8.0,1.0,5.0,570.0,1.0,3.0,1.0,4.0,5.0,6.0,2.0,8.0,6.3473892096560105,True,3,3,3
6.0,1.0,2.0,1.0,1.0,9.0,2.0,1.0,840.0,1.0,3.0,2.0,4.0,6.0,7.0,3.0,7.0,6.734591659972948,True,0,0,0
5.0,1.0,1.0,2.0,1.0,2.0,2.0,1.0,1449.75,1.0,4.0,2.0,3.0,6.0,5.0,2.0,6.0,7.279835943070718,True,1,1,1
3.0,1.0,1.0,2.0,5.0,8.0,1.0,1.0,1190.0,1.0,5.0,3.0,3.0,8.0,9.0,4.0,10.0,7.0825485693553,True,1,1,1
4.0,1.0,2.0,2.0,5.0,5.0,1.0,1.0,1650.0,1.0,3.0,1.0,3.0,8.0,8.0,4.0,8.0,7.409136443920128,True,2,2,2
3.0,1.0,5.0,2.0,1.0,7.0,4.0,8.0,60.0,5.0,5.0,2.0,3.0,0.0,2.0,1.0,3.0,4.110873864173311,False,3,3,3
5.0,1.0,1.0,1.0,3.0,9.0,1.0,1.0,840.0,2.0,4.0,2.0,3.0,5.0,5.0,2.0,5.0,6.734591659972948,True,0,0,0
4.0,1.0,1.0,2.0,6.0,10.0,1.0,1.0,521.25,1.0,5.0,1.0,4.0,9.0,8.0,3.0,7.0,6.258146400436675,True,1,1,1
6.0,1.0,1.0,2.0,1.0,8.0,2.0,2.0,1560.0,3.0,5.0,2.0,4.0,4.0,4.0,2.0,8.0,7.353081920515432,True,3,3,3
2.0,2.0,1.0,2.0,10.0,9.0,3.0,10.0,90.0,2.0,4.0,3.0,3.0,5.0,5.0,3.0,8.0,4.51085950651685,False,3,3,3
6.0,1.0,1.0,1.0,5.0,9.0,1.0,5.0,90.0,2.0,4.0,2.0,2.0,8.0,8.0,4.0,5.0,4.51085950651685,False,0,0,0
6.0,1.0,1.0,1.0,5.0,9.0,1.0,5.0,390.0,1.0,4.0,2.0,3.0,8.0,9.0,5.0,6.0,5.968707559985366,True,0,0,0
6.0,3.0,1.0,2.0,5.0,9.0,1.0,2.0,120.0,2.0,4.0,2.0,3.0,8.0,8.0,4.0,9.0,4.795790545596741,False,3,3,3
5.0,1.0,5.0,1.0,5.0,9.0,1.0,1.0,462.5,2.0,4.0,2.0,4.0,4.0,3.0,2.0,6.0,6.13880638500591,True,0,0,0
6.0,1.0,1.0,1.0,7.0,9.0,1.0,5.0,885.0,3.0,3.0,3.0,4.0,8.0,8.0,4.0,8.0,6.786716950605081,True,0,0,0
3.0,1.0,1.0,2.0,3.0,7.0,1.0,1.0,1542.5,1.0,5.0,2.0,2.0,5.0,6.0,3.0,6.0,7.341807843942214,True,1,1,1
5.0,2.0,1.0,2.0,1.0,7.0,2.0,1.0,222.5,4.0,5.0,1.0,4.0,6.0,7.0,5.0,8.0,5.409411414053624,True,1,1,1
4.0,1.0,2.0,2.0,3.0,4.0,2.0,2.0,187.5,2.0,5.0,3.0,1.0,2.0,5.0,2.0,5.0,5.2390980068880655,True,3,3,3
7.0,1.0,2.0,2.0,5.0,8.0,1.0,5.0,702.5,1.0,5.0,2.0,4.0,6.0,9.0,5.0,9.0,6.556067876554444,True,3,3,3
4.0,1.0,1.0,1.0,6.0,6.0,1.0,1.0,1676.25,5.0,5.0,2.0,4.0,6.0,7.0,2.0,6.0,7.424910826442997,True,0,0,0
5.0,1.0,4.0,1.0,1.0,2.0,3.0,4.0,340.0,5.0,4.0,3.0,3.0,4.0,2.0,3.0,3.0,5.831882477283517,True,0,0,0
6.0,1.0,1.0,1.0,6.0,4.0,1.0,1.0,1350.0,2.0,4.0,2.0,4.0,7.0,8.0,4.0,7.0,7.208600337960199,True,0,0,0
5.0,2.0,1.0,2.0,1.0,4.0,2.0,1.0,190.0,2.0,4.0,2.0,4.0,7.0,7.0,2.0,7.0,5.25227342804663,True,1,1,1
2.0,1.0,2.0,2.0,10.0,5.0,2.0,1.0,185.0,2.0,5.0,2.0,4.0,9.0,9.0,4.0,9.0,5.225746673713202,True,2,2,2
4.0,2.0,4.0,1.0,10.0,2.0,3.0,2.0,60.0,2.0,4.0,2.0,4.0,7.0,6.0,3.0,7.0,4.110873864173311,False,0,0,0
7.0,1.0,4.0,2.0,4.0,2.0,3.0,4.0,0.0,4.0,5.0,4.0,4.0,8.0,8.0,3.0,8.0,0.0,False,3,3,3
4.0,2.0,4.0,2.0,4.0,3.0,2.0,2.0,150.0,5.0,4.0,2.0,2.0,5.0,5.0,2.0,7.0,5.017279836814924,True,3,3,3
4.0,1.0,2.0,2.0,6.0,4.0,1.0,1.0,305.0,4.0,1.0,4.0,2.0,2.0,5.0,2.0,2.0,5.723585101952381,True,2,2,2
5.0,1.0,4.0,2.0,1.0,2.0,1.0,1.0,30.0,3.0,4.0,2.0,3.0,8.0,7.0,4.0,9.0,3.4339872044851463,False,2,2,2
6.0,2.0,2.0,2.0,1.0,5.0,2.0,1.0,1320.0,1.0,5.0,1.0,5.0,5.0,2.0,1.0,5.0,7.186144304522325,True,2,2,2
5.0,2.0,4.0,2.0,1.0,3.0,3.0,1.0,0.0,2.0,4.0,2.0,3.0,3.0,3.0,1.0,5.0,0.0,False,2,2,2
4.0,1.0,1.0,2.0,6.0,8.0,1.0,1.0,450.0,4.0,4.0,2.0,4.0,7.0,8.0,3.0,8.0,6.111467339502679,True,1,1,1
6.0,2.0,1.0,1.0,7.0,7.0,1.0,2.0,375.0,2.0,4.0,3.0,3.0,9.0,9.0,5.0,10.0,5.929589143389895,True,0,0,0
5.0,1.0,1.0,2.0,7.0,4.0,1.0,1.0,1025.0,1.0,4.0,2.0,3.0,6.0,7.0,4.0,8.0,6.933423025730715,True,1,1,1
2.0,1.0,6.0,2.0,2.0,5.0,4.0,1.0,750.0,4.0,5.0,2.0,3.0,9.0,8.0,4.0,10.0,6.621405651764134,True,2,2,2
3.0,1.0,1.0,2.0,1.0,5.0,1.0,1.0,300.0,5.0,3.0,3.0,4.0,9.0,8.0,4.0,7.0,5.707110264748875,True,1,1,1
3.0,1.0,1.0,2.0,2.0,2.0,1.0,1.0,1605.0,1.0,3.0,3.0,4.0,7.0,8.0,2.0,6.0,7.381501894506707,True,1,1,1
3.0,1.0,5.0,2.0,2.0,6.0,4.0,8.0,2090.0,2.0,4.0,3.0,2.0,7.0,6.0,2.0,8.0,7.645397699428633,True,3,3,3
3.0,1.0,6.0,1.0,1.0,4.0,1.0,1.0,960.0,2.0,4.0,4.0,2.0,8.0,8.0,3.0,7.0,6.8679744089702925,True,0,0,0
3.0,1.0,6.0,1.0,1.0,4.0,1.0,1.0,0.0,2.0,5.0,5.0,1.0,8.0,8.0,4.0,8.0,0.0,False,0,0,0
3.0,1.0,7.0,2.0,3.0,6.0,2.0,6.0,346.5,2.0,4.0,2.0,3.0,7.0,5.0,2.0,5.0,5.850764665004847,True,3,3,3
2.0,3.0,6.0,2.0,1.0,2.0,2.0,7.0,0.0,3.0,2.0,5.0,3.0,3.0,2.0,1.0,3.0,0.0,False,3,3,3
4.0,2.0,1.0,1.0,6.0,9.0,1.0,1.0,80.0,2.0,4.0,4.0,2.0,7.0,6.0,2.0,6.0,4.394449154672439,False,0,0,0
6.0,1.0,1.0,1.0,6.0,4.0,1.0,6.0,1395.0,1.0,4.0,2.0,2.0,7.0,6.0,2.0,7.0,7.241366283322318,True,0,0,0
6.0,1.0,4.0,1.0,10.0,7.0,1.0,5.0,750.0,1.0,5.0,1.0,4.0,7.0,8.0,4.0,8.0,6.621405651764134,True,0,0,0
4.0,1.0,1.0,1.0,12.0,9.0,1.0,2.0,195.0,2.0,4.0,2.0,4.0,7.0,7.0,5.0,7.0,5.278114659230517,True,0,0,0
6.0,1.0,1.0,2.0,1.0,7.0,1.0,1.0,135.0,4.0,5.0,3.0,4.0,7.0,7.0,3.0,8.0,4.912654885736052,False,1,1,1
5.0,1.0,1.0,2.0,6.0,9.0,1.0,6.0,0.0,3.0,5.0,3.0,4.0,7.0,7.0,4.0,8.0,0.0,False,3,3,3
6.0,1.0,1.0,1.0,5.0,8.0,1.0,1.0,150.0,2.0,5.0,1.0,4.0,7.0,7.0,5.0,8.0,5.017279836814924,True,0,0,0
5.0,1.0,1.0,1.0,6.0,10.0,1.0,1.0,245.0,1.0,3.0,1.0,4.0,8.0,7.0,5.0,9.0,5.5053315359323625,True,0,0,0
3.0,1.0,1.0,1.0,1.0,8.0,1.0,1.0,2040.0,1.0,5.0,2.0,5.0,9.0,9.0,4.0,10.0,7.621195162809845,True,0,0,0
3.0,1.0,1.0,2.0,5.0,8.0,1.0,1.0,440.0,1.0,3.0,1.0,4.0,8.0,8.0,3.0,7.0,6.089044875446846,True,1,1,1
5.0,2.0,1.0,2.0,5.0,8.0,1.0,1.0,1800.0,2.0,4.0,2.0,4.0,6.0,8.0,5.0,9.0,7.496097345175956,True,1,1,1
5.0,2.0,3.0,2.0,5.0,10.0,1.0,1.0,0.0,1.0,5.0,1.0,5.0,8.0,7.0,5.0,10.0,0.0,False,2,2,2
3.0,1.0,3.0,1.0,1.0,6.0,1.0,1.0,735.0,1.0,4.0,2.0,5.0,9.0,7.0,4.0,9.0,6.601230118728877,True,0,0,0
3.0,1.0,3.0,1.0,1.0,6.0,3.0,1.0,1110.0,1.0,5.0,1.0,5.0,7.0,10.0,5.0,10.0,7.01301578963963,True,0,0,0
3.0,1.0,3.0,1.0,5.0,6.0,1.0,1.0,232.5,3.0,5.0,3.0,4.0,7.0,8.0,5.0,8.0,5.453182077108952,True,0,0,0
2.0,3.0,7.0,1.0,6.0,3.0,4.0,8.0,370.0,2.0,3.0,1.0,3.0,9.0,10.0,4.0,5.0,5.916202062607435,True,0,0,0
2.0,3.0,3.0,1.0,6.0,3.0,4.0,8.0,160.0,2.0,3.0,1.0,3.0,10.0,7.0,5.0,5.0,5.081404364984463,True,0,0,0
5.0,1.0,4.0,2.0,4.0,4.0,2.0,2.0,0.0,3.0,4.0,2.0,3.0,7.0,7.0,3.0,8.0,0.0,False,3,3,3
5.0,1.0,2.0,1.0,6.0,4.0,1.0,1.0,125.0,3.0,3.0,3.0,1.0,6.0,4.0,4.0,7.0,4.836281906951478,False,0,0,0
2.0,6.0,3.0,2.0,10.0,3.0,4.0,10.0,45.0,1.0,5.0,3.0,4.0,10.0,8.0,5.0,10.0,3.828641396489095,False,3,3,3
3.0,1.0,1.0,2.0,2.0,3.0,1.0,1.0,775.0,1.0,4.0,2.0,4.0,8.0,8.0,2.0,8.0,6.654152520183219,True,1,1,1
3.0,1.0,3.0,2.0,5.0,3.0,1.0,1.0,0.0,1.0,3.0,1.0,4.0,9.0,9.0,3.0,9.0,0.0,False,2,2,2
4.0,2.0,3.0,1.0,1.0,3.0,2.0,2.0,1330.0,2.0,3.0,3.0,4.0,10.0,10.0,3.0,10.0,7.193685818395112,True,0,0,0
3.0,2.0,6.0,2.0,2.0,4.0,1.0,1.0,210.0,1.0,5.0,3.0,2.0,7.0,7.0,4.0,5.0,5.351858133476067,True,2,2,2
3.0,1.0,2.0,2.0,1.0,5.0,1.0,1.0,510.0,1.0,5.0,2.0,3.0,7.0,7.0,2.0,7.0,6.236369590203704,True,2,2,2
3.0,1.0,1.0,1.0,1.0,4.0,1.0,1.0,722.5,1.0,3.0,2.0,4.0,7.0,7.0,3.0,3.0,6.5841005460715385,True,0,0,0
4.0,1.0,1.0,1.0,6.0,6.0,2.0,1.0,425.0,2.0,4.0,2.0,4.0,8.0,7.0,4.0,7.0,6.054439346269371,True,0,0,0
6.0,1.0,1.0,1.0,1.0,8.0,1.0,5.0,240.0,1.0,5.0,1.0,4.0,6.0,6.0,2.0,5.0,5.484796933490655,True,0,0,0
4.0,1.0,1.0,2.0,6.0,9.0,1.0,1.0,200.0,2.0,4.0,2.0,4.0,8.0,8.0,5.0,10.0,5.303304908059076,True,1,1,1
4.0,1.0,1.0,2.0,12.0,9.0,1.0,10.0,455.0,2.0,5.0,2.0,3.0,9.0,8.0,2.0,8.0,6.1224928095143865,True,3,3,3
6.0,1.0,4.0,1.0,5.0,4.0,3.0,4.0,1330.0,2.0,5.0,2.0,4.0,8.0,8.0,3.0,9.0,7.193685818395112,True,0,0,0
7.0,1.0,2.0,2.0,5.0,4.0,1.0,2.0,0.0,1.0,3.0,3.0,3.0,9.0,9.0,4.0,9.0,0.0,False,3,3,3
4.0,1.0,3.0,1.0,6.0,2.0,1.0,1.0,0.0,2.0,1.0,2.0,5.0,9.0,9.0,4.0,10.0,0.0,False,0,0,0
5.0,3.0,3.0,1.0,7.0,5.0,2.0,2.0,0.0,3.0,5.0,2.0,4.0,6.0,6.0,2.0,5.0,0.0,False,0,0,0
2.0,3.0,3.0,1.0,10.0,5.0,2.0,2.0,1920.0,1.0,3.0,2.0,3.0,4.0,5.0,3.0,5.0,7.560601162768557,True,0,0,0
2.0,2.0,3.0,1.0,10.0,9.0,1.0,2.0,540.0,1.0,5.0,2.0,3.0,5.0,6.0,4.0,7.0,6.293419278846481,True,0,0,0
5.0,1.0,3.0,1.0,6.0,5.0,1.0,1.0,0.0,2.0,3.0,2.0,3.0,9.0,9.0,5.0,8.0,0.0,False,0,0,0
4.0,5.0,2.0,2.0,6.0,5.0,1.0,1.0,270.0,2.0,5.0,2.0,3.0,10.0,10.0,5.0,0.0,5.602118820879701,True,3,3,3
6.0,3.0,1.0,1.0,7.0,8.0,2.0,1.0,1355.0,1.0,3.0,2.0,4.0,8.0,8.0,5.0,7.0,7.212294468500341,True,0,0,0
4.0,1.0,3.0,1.0,6.0,10.0,1.0,1.0,0.0,3.0,2.0,2.0,3.0,7.0,6.0,2.0,8.0,0.0,False,0,0,0
4.0,3.0,2.0,2.0,6.0,5.0,3.0,4.0,375.0,3.0,2.0,2.0,4.0,6.0,7.0,4.0,7.0,5.929589143389895,True,3,3,3
4.0,1.0,1.0,2.0,6.0,7.0,2.0,1.0,130.0,3.0,5.0,3.0,2.0,8.0,8.0,4.0,8.0,4.875197323201151,False,1,1,1
3.0,1.0,6.0,1.0,1.0,10.0,1.0,1.0,1560.0,2.0,2.0,2.0,4.0,8.0,7.0,4.0,7.0,7.353081920515432,True,0,0,0
5.0,1.0,1.0,2.0,6.0,9.0,1.0,1.0,1380.0,1.0,4.0,1.0,4.0,8.0,9.0,4.0,10.0,7.2305631534092925,True,1,1,1
7.0,1.0,1.0,1.0,1.0,10.0,1.0,5.0,30.0,2.0,4.0,1.0,3.0,9.0,8.0,4.0,9.0,3.4339872044851463,False,0,0,0
3.0,1.0,1.0,2.0,5.0,9.0,1.0,1.0,75.0,3.0,4.0,2.0,4.0,5.0,5.0,2.0,6.0,4.330733340286331,False,1,1,1
2.0,3.0,1.0,2.0,10.0,10.0,4.0,8.0,367.5,1.0,5.0,4.0,3.0,7.0,9.0,3.0,10.0,5.909440711629391,True,3,3,3
7.0,1.0,1.0,2.0,1.0,7.0,1.0,5.0,420.0,2.0,3.0,2.0,4.0,10.0,9.0,5.0,10.0,6.042632833682381,True,3,3,3
5.0,1.0,1.0,1.0,5.0,9.0,1.0,2.0,285.0,3.0,3.0,3.0,3.0,6.0,6.0,2.0,6.0,5.655991810819852,True,0,0,0
4.0,1.0,1.0,1.0,6.0,10.0,1.0,1.0,0.0,1.0,4.0,3.0,4.0,7.0,7.0,2.0,7.0,0.0,False,0,0,0
3.0,1.0,1.0,1.0,2.0,7.0,1.0,1.0,8070.0,2.0,2.0,1.0,3.0,7.0,7.0,3.0,8.0,8.996032669324372,True,0,0,0
4.0,1.0,1.0,1.0,6.0,8.0,1.0,1.0,1005.0,2.0,2.0,2.0,3.0,7.0,8.0,4.0,6.0,6.913737350659685,True,0,0,0
7.0,1.0,1.0,1.0,7.0,8.0,1.0,5.0,165.0,1.0,4.0,2.0,3.0,8.0,8.0,5.0,7.0,5.111987788356544,True,0,0,0
3.0,1.0,1.0,2.0,2.0,2.0,1.0,1.0,1155.0,3.0,5.0,2.0,4.0,9.0,7.0,3.0,8.0,7.052721049232323,True,1,1,1
5.0,3.0,1.0,1.0,1.0,2.0,1.0,1.0,195.0,2.0,5.0,2.0,2.0,8.0,8.0,5.0,8.0,5.278114659230517,True,0,0,0
5.0,3.0,5.0,2.0,1.0,4.0,1.0,1.0,540.0,1.0,3.0,1.0,3.0,9.0,8.0,5.0,9.0,6.293419278846481,True,2,2,2
2.0,2.0,1.0,2.0,5.0,1.0,4.0,8.0,105.0,2.0,5.0,3.0,3.0,5.0,7.0,4.0,5.0,4.663439094112067,False,3,3,3
2.0,3.0,2.0,1.0,10.0,5.0,4.0,10.0,1260.0,1.0,5.0,3.0,2.0,3.0,1.0,1.0,2.0,7.13966033596492,True,0,0,0
4.0,1.0,2.0,2.0,6.0,5.0,1.0,9.0,590.0,2.0,5.0,2.0,4.0,6.0,8.0,4.0,8.0,6.3818160174060985,True,3,3,3
3.0,1.0,1.0,2.0,5.0,3.0,2.0,1.0,580.0,2.0,5.0,2.0,4.0,6.0,6.0,2.0,7.0,6.364750756851911,True,1,1,1
3.0,1.0,1.0,1.0,5.0,3.0,1.0,1.0,230.0,2.0,3.0,2.0,4.0,9.0,8.0,4.0,9.0,5.442417710521793,True,0,0,0
2.0,3.0,4.0,1.0,10.0,4.0,4.0,8.0,810.0,2.0,2.0,3.0,2.0,7.0,7.0,4.0,4.0,6.698268054115413,True,0,0,0
6.0,1.0,1.0,1.0,1.0,4.0,3.0,3.0,1005.0,1.0,5.0,2.0,3.0,4.0,4.0,2.0,5.0,6.913737350659685,True,0,0,0
2.0,3.0,4.0,2.0,10.0,4.0,4.0,8.0,0.0,3.0,2.0,1.0,2.0,4.0,5.0,4.0,4.0,0.0,False,3,3,3
7.0,2.0,1.0,2.0,1.0,8.0,2.0,2.0,630.0,3.0,4.0,2.0,4.0,8.0,8.0,4.0,8.0,6.447305862541213,True,3,3,3
3.0,1.0,2.0,2.0,2.0,2.0,1.0,2.0,195.0,1.0,5.0,2.0,3.0,9.0,7.0,4.0,5.0,5.278114659230517,True,3,3,3
7.0,1.0,2.0,1.0,4.0,10.0,2.0,2.0,465.0,2.0,4.0,2.0,4.0,8.0,8.0,4.0,8.0,6.144185634125646,True,0,0,0
5.0,1.0,1.0,1.0,1.0,9.0,1.0,1.0,1830.0,2.0,1.0,2.0,3.0,10.0,9.0,5.0,10.0,7.5126175446745105,True,0,0,0
2.0,6.0,3.0,2.0,10.0,7.0,4.0,8.0,5040.0,1.0,4.0,1.0,3.0,6.0,7.0,2.0,6.0,8.525359754082631,True,3,3,3
5.0,1.0,3.0,2.0,4.0,7.0,1.0,1.0,1627.5,2.0,1.0,3.0,4.0,5.0,7.0,1.0,5.0,7.395414624716288,True,2,2,2
4.0,1.0,2.0,2.0,1.0,8.0,1.0,1.0,75.0,3.0,4.0,3.0,2.0,7.0,6.0,4.0,7.0,4.330733340286331,False,2,2,2
4.0,1.0,1.0,2.0,1.0,4.0,1.0,1.0,15.0,4.0,4.0,2.0,4.0,2.0,7.0,2.0,8.0,2.772588722239781,False,1,1,1
7.0,2.0,1.0,2.0,4.0,10.0,2.0,5.0,227.5,3.0,4.0,2.0,4.0,7.0,8.0,2.0,9.0,5.43153621033426,True,3,3,3
5.0,1.0,1.0,1.0,5.0,7.0,1.0,1.0,1050.0,2.0,4.0,2.0,4.0,8.0,7.0,2.0,8.0,6.957497370876951,True,0,0,0
7.0,1.0,1.0,1.0,5.0,7.0,2.0,2.0,45.0,2.0,4.0,2.0,3.0,9.0,9.0,4.0,9.0,3.828641396489095,False,0,0,0
7.0,1.0,1.0,2.0,5.0,7.0,1.0,2.0,60.0,2.0,4.0,2.0,3.0,8.0,8.0,3.0,6.0,4.110873864173311,False,3,3,3
4.0,1.0,2.0,2.0,1.0,4.0,1.0,1.0,1200.0,1.0,3.0,1.0,3.0,3.0,3.0,2.0,5.0,7.0909098220799835,True,2,2,2
2.0,1.0,3.0,2.0,10.0,3.0,4.0,8.0,0.0,2.0,5.0,2.0,3.0,1.0,5.0,3.0,1.0,0.0,False,3,3,3
7.0,3.0,3.0,2.0,1.0,2.0,1.0,5.0,0.0,3.0,4.0,4.0,3.0,7.0,5.0,3.0,7.0,0.0,False,3,3,3
2.0,1.0,5.0,2.0,5.0,2.0,1.0,1.0,150.0,1.0,5.0,2.0,2.0,8.0,7.0,2.0,4.0,5.017279836814924,True,2,2,2
3.0,1.0,5.0,1.0,5.0,2.0,1.0,1.0,0.0,3.0,4.0,3.0,3.0,7.0,7.0,4.0,7.0,0.0,False,0,0,0
4.0,2.0,6.0,1.0,1.0,4.0,1.0,3.0,630.0,1.0,4.0,2.0,3.0,3.0,6.0,3.0,6.0,6.447305862541213,True,0,0,0
7.0,1.0,1.0,1.0,1.0,2.0,1.0,2.0,45.0,2.0,4.0,2.0,4.0,8.0,9.0,4.0,6.0,3.828641396489095,False,0,0,0
3.0,1.0,5.0,1.0,2.0,3.0,2.0,2.0,123.75,2.0,5.0,2.0,4.0,7.0,7.0,4.0,8.0,4.826311734631628,False,0,0,0
4.0,1.0,1.0,2.0,2.0,4.0,1.0,1.0,855.0,2.0,5.0,2.0,4.0,9.0,7.0,3.0,7.0,6.752270376141742,True,1,1,1
4.0,1.0,2.0,2.0,5.0,6.0,2.0,1.0,120.0,1.0,5.0,2.0,4.0,10.0,10.0,5.0,10.0,4.795790545596741,False,2,2,2
3.0,1.0,2.0,2.0,2.0,5.0,1.0,1.0,585.0,2.0,5.0,2.0,3.0,7.0,7.0,4.0,7.0,6.373319789577012,True,2,2,2
4.0,1.0,3.0,2.0,6.0,7.0,3.0,4.0,1800.0,1.0,1.0,2.0,4.0,9.0,10.0,5.0,7.0,7.496097345175956,True,3,3,3
4.0,1.0,2.0,1.0,1.0,2.0,1.0,1.0,660.0,1.0,5.0,2.0,2.0,6.0,6.0,3.0,5.0,6.493753839851686,True,0,0,0
3.0,1.0,2.0,1.0,5.0,5.0,1.0,1.0,461.25,2.0,4.0,3.0,3.0,5.0,7.0,2.0,7.0,6.136105870267234,True,0,0,0
3.0,1.0,5.0,2.0,1.0,4.0,1.0,1.0,1590.0,1.0,1.0,1.0,5.0,10.0,10.0,3.0,8.0,7.372118028337787,True,2,2,2
5.0,1.0,2.0,2.0,6.0,3.0,1.0,2.0,1200.0,3.0,4.0,2.0,4.0,8.0,8.0,3.0,8.0,7.0909098220799835,True,3,3,3
3.0,1.0,2.0,2.0,12.0,7.0,2.0,2.0,0.0,2.0,4.0,2.0,3.0,5.0,5.0,3.0,5.0,0.0,False,3,3,3
7.0,2.0,1.0,1.0,7.0,4.0,1.0,5.0,225.0,2.0,3.0,3.0,3.0,10.0,8.0,5.0,10.0,5.420534999272286,True,0,0,0
6.0,1.0,1.0,2.0,4.0,6.0,1.0,3.0,1110.0,3.0,4.0,1.0,4.0,6.0,6.0,2.0,6.0,7.01301578963963,True,3,3,3
6.0,2.0,1.0,1.0,1.0,6.0,1.0,1.0,157.5,3.0,4.0,3.0,4.0,5.0,7.0,3.0,9.0,5.065754593317335,True,0,0,0
7.0,3.0,1.0,2.0,5.0,7.0,1.0,5.0,1440.0,3.0,3.0,2.0,3.0,8.0,7.0,3.0,8.0,7.273092595999522,True,3,3,3
7.0,6.0,1.0,1.0,5.0,7.0,2.0,5.0,3495.0,2.0,4.0,2.0,3.0,6.0,9.0,3.0,8.0,8.159374736775426,True,0,0,0
7.0,1.0,1.0,1.0,5.0,9.0,1.0,5.0,967.5,2.0,3.0,2.0,4.0,8.0,8.0,5.0,8.0,6.875748482847051,True,0,0,0
7.0,1.0,1.0,2.0,5.0,9.0,1.0,5.0,285.0,2.0,3.0,2.0,3.0,8.0,8.0,4.0,7.0,5.655991810819852,True,3,3,3
4.0,1.0,1.0,2.0,6.0,4.0,1.0,2.0,270.0,2.0,4.0,2.0,3.0,9.0,8.0,4.0,9.0,5.602118820879701,True,3,3,3
3.0,1.0,1.0,2.0,6.0,3.0,1.0,1.0,0.0,2.0,4.0,3.0,1.0,4.0,4.0,1.0,3.0,0.0,False,1,1,1
3.0,1.0,1.0,1.0,1.0,2.0,1.0,1.0,890.0,2.0,3.0,3.0,2.0,7.0,7.0,3.0,8.0,6.792344427470809,True,0,0,0
6.0,1.0,1.0,2.0,1.0,5.0,1.0,1.0,720.0,2.0,4.0,2.0,2.0,5.0,5.0,1.0,4.0,6.580639137284949,True,1,1,1
4.0,2.0,3.0,2.0,3.0,6.0,1.0,2.0,45.0,2.0,4.0,2.0,3.0,5.0,5.0,3.0,5.0,3.828641396489095,False,3,3,3
4.0,1.0,1.0,1.0,5.0,7.0,1.0,1.0,1332.5,2.0,3.0,2.0,4.0,5.0,7.0,3.0,6.0,7.195562343622069,True,0,0,0
3.0,1.0,1.0,2.0,1.0,9.0,1.0,1.0,1020.0,2.0,4.0,4.0,2.0,9.0,8.0,5.0,8.0,6.928537818164665,True,1,1,1
3.0,1.0,1.0,2.0,1.0,9.0,1.0,1.0,150.0,1.0,5.0,2.0,4.0,4.0,5.0,3.0,7.0,5.017279836814924,True,1,1,1
4.0,1.0,1.0,2.0,6.0,7.0,1.0,2.0,480.0,1.0,2.0,2.0,4.0,9.0,9.0,4.0,9.0,6.175867270105761,True,3,3,3
2.0,1.0,2.0,1.0,5.0,6.0,1.0,1.0,15.0,1.0,3.0,2.0,4.0,7.0,8.0,3.0,6.0,2.772588722239781,False,0,0,0
3.0,1.0,1.0,2.0,5.0,6.0,1.0,1.0,57.5,1.0,4.0,4.0,2.0,6.0,7.0,4.0,8.0,4.069026754237811,False,1,1,1
2.0,1.0,1.0,2.0,2.0,8.0,1.0,1.0,278.5,3.0,4.0,4.0,4.0,7.0,8.0,4.0,8.0,5.633002292595154,True,1,1,1
6.0,1.0,1.0,2.0,1.0,7.0,1.0,1.0,550.0,4.0,3.0,2.0,3.0,9.0,8.0,3.0,7.0,6.311734809152915,True,1,1,1
5.0,1.0,6.0,1.0,7.0,9.0,1.0,1.0,525.0,1.0,4.0,2.0,4.0,8.0,8.0,4.0,9.0,6.26530121273771,True,0,0,0
5.0,1.0,1.0,2.0,11.0,8.0,1.0,1.0,270.0,2.0,5.0,2.0,4.0,8.0,8.0,4.0,8.0,5.602118820879701,True,1,1,1
4.0,1.0,2.0,2.0,5.0,5.0,1.0,1.0,2775.0,2.0,4.0,2.0,3.0,5.0,6.0,3.0,4.0,7.9287663216266955,True,2,2,2
3.0,1.0,1.0,1.0,5.0,6.0,1.0,1.0,477.5,2.0,4.0,3.0,2.0,7.0,6.0,3.0,5.0,6.170656210893009,True,0,0,0
3.0,1.0,1.0,2.0,5.0,5.0,1.0,2.0,1070.0,2.0,4.0,2.0,4.0,6.0,6.0,4.0,8.0,6.976348070447749,True,3,3,3
7.0,1.0,1.0,2.0,1.0,9.0,1.0,5.0,2647.5,1.0,4.0,2.0,4.0,9.0,9.0,5.0,8.0,7.881748720984581,True,3,3,3
5.0,1.0,1.0,2.0,6.0,7.0,1.0,6.0,712.5,1.0,5.0,1.0,4.0,3.0,7.0,3.0,3.0,6.570182436916891,True,3,3,3
4.0,1.0,2.0,2.0,1.0,4.0,1.0,10.0,0.0,2.0,5.0,1.0,3.0,8.0,8.0,3.0,8.0,0.0,False,2,2,2
6.0,1.0,1.0,1.0,7.0,5.0,1.0,1.0,327.5,2.0,4.0,2.0,3.0,9.0,8.0,4.0,8.0,5.794536837924666,True,0,0,0
4.0,1.0,2.0,1.0,1.0,6.0,1.0,3.0,2430.0,1.0,5.0,1.0,4.0,7.0,7.0,3.0,7.0,7.796057974316123,True,0,0,0
4.0,3.0,1.0,1.0,5.0,2.0,1.0,1.0,2460.0,1.0,3.0,3.0,4.0,6.0,7.0,3.0,7.0,7.8083230503910555,True,0,0,0
7.0,1.0,1.0,2.0,1.0,8.0,1.0,5.0,0.0,1.0,3.0,1.0,4.0,9.0,9.0,4.0,9.0,0.0,False,3,3,3
3.0,1.0,3.0,2.0,5.0,3.0,1.0,1.0,2100.0,2.0,3.0,2.0,3.0,4.0,6.0,4.0,7.0,7.650168700845001,True,2,2,2
5.0,1.0,5.0,2.0,11.0,5.0,1.0,1.0,270.0,2.0,5.0,2.0,2.0,7.0,7.0,3.0,7.0,5.602118820879701,True,2,2,2
2.0,1.0,2.0,1.0,11.0,5.0,1.0,9.0,762.5,1.0,5.0,1.0,3.0,8.0,7.0,4.0,8.0,6.637913124658687,True,0,0,0
2.0,2.0,1.0,2.0,10.0,8.0,4.0,8.0,2910.0,1.0,5.0,3.0,3.0,9.0,8.0,3.0,10.0,7.976251943745623,True,3,3,3
6.0,1.0,1.0,1.0,7.0,8.0,1.0,1.0,588.0,2.0,5.0,2.0,4.0,9.0,9.0,4.0,8.0,6.3784261836515865,True,0,0,0
6.0,1.0,1.0,2.0,1.0,6.0,1.0,1.0,90.0,2.0,4.0,2.0,5.0,8.0,8.0,4.0,8.0,4.51085950651685,False,1,1,1
2.0,1.0,2.0,2.0,5.0,7.0,1.0,1.0,652.5,2.0,4.0,2.0,3.0,7.0,7.0,4.0,6.0,6.482342533064276,True,2,2,2
6.0,6.0,3.0,3.0,1.0,10.0,3.0,4.0,0.0,5.0,5.0,5.0,1.0,0.0,0.0,1.0,1.0,0.0,False,3,3,3
2.0,2.0,3.0,2.0,6.0,2.0,4.0,8.0,450.0,2.0,3.0,2.0,4.0,7.0,9.0,5.0,7.0,6.111467339502679,True,3,3,3
7.0,1.0,1.0,2.0,1.0,7.0,1.0,5.0,347.5,1.0,2.0,5.0,4.0,9.0,9.0,5.0,10.0,5.853638230200579,True,3,3,3
4.0,1.0,1.0,2.0,6.0,9.0,3.0,6.0,0.0,2.0,2.0,3.0,4.0,8.0,8.0,4.0,8.0,0.0,False,3,3,3
4.0,1.0,2.0,2.0,5.0,9.0,1.0,1.0,210.0,2.0,3.0,3.0,3.0,7.0,7.0,3.0,7.0,5.351858133476067,True,2,2,2
6.0,1.0,1.0,1.0,5.0,9.0,1.0,1.0,0.0,3.0,3.0,3.0,4.0,8.0,8.0,4.0,8.0,0.0,False,0,0,0
3.0,1.0,1.0,1.0,1.0,6.0,1.0,1.0,960.0,1.0,4.0,2.0,4.0,8.0,8.0,4.0,8.0,6.8679744089702925,True,0,0,0
3.0,2.0,3.0,3.0,10.0,6.0,1.0,1.0,122.0,3.0,5.0,3.0,3.0,7.0,2.0,3.0,4.0,4.812184355372417,False,0,0,0
3.0,1.0,1.0,1.0,1.0,2.0,1.0,3.0,1050.0,1.0,4.0,1.0,1.0,8.0,8.0,3.0,2.0,6.957497370876951,True,0,0,0
5.0,4.0,3.0,2.0,7.0,5.0,3.0,2.0,0.0,3.0,5.0,2.0,3.0,7.0,6.0,4.0,5.0,0.0,False,3,3,3
6.0,3.0,3.0,1.0,7.0,5.0,3.0,1.0,0.0,4.0,5.0,2.0,2.0,5.0,5.0,5.0,5.0,0.0,False,0,0,0
4.0,1.0,3.0,2.0,1.0,2.0,1.0,2.0,150.0,1.0,4.0,2.0,1.0,3.0,5.0,1.0,6.0,5.017279836814924,True,3,3,3
3.0,2.0,1.0,2.0,10.0,5.0,2.0,7.0,75.0,2.0,4.0,2.0,4.0,3.0,4.0,5.0,6.0,4.330733340286331,False,3,3,3
2.0,2.0,3.0,1.0,6.0,3.0,1.0,3.0,2132.5,3.0,2.0,1.0,2.0,4.0,1.0,2.0,4.0,7.665519102628054,True,0,0,0
6.0,3.0,1.0,1.0,1.0,4.0,3.0,2.0,510.0,1.0,4.0,2.0,3.0,6.0,6.0,2.0,7.0,6.236369590203704,True,0,0,0
3.0,1.0,3.0,2.0,6.0,2.0,1.0,2.0,170.0,3.0,3.0,2.0,4.0,6.0,6.0,2.0,5.0,5.14166355650266,True,3,3,3
4.0,1.0,3.0,2.0,6.0,2.0,1.0,1.0,0.0,1.0,4.0,2.0,3.0,6.0,5.0,5.0,10.0,0.0,False,2,2,2
5.0,3.0,1.0,2.0,3.0,2.0,3.0,2.0,0.0,2.0,4.0,4.0,2.0,0.0,6.0,1.0,5.0,0.0,False,3,3,3
6.0,5.0,1.0,2.0,1.0,2.0,2.0,2.0,600.0,2.0,4.0,2.0,4.0,9.0,9.0,2.0,8.0,6.398594934535208,True,3,3,3
7.0,2.0,1.0,1.0,1.0,2.0,3.0,5.0,975.0,2.0,1.0,1.0,3.0,7.0,5.0,4.0,5.0,6.883462586413092,True,0,0,0
2.0,1.0,4.0,2.0,10.0,2.0,4.0,8.0,585.0,1.0,3.0,3.0,3.0,4.0,7.0,1.0,6.0,6.373319789577012,True,3,3,3
2.0,1.0,7.0,1.0,10.0,6.0,2.0,2.0,525.0,1.0,5.0,3.0,4.0,6.0,7.0,3.0,8.0,6.26530121273771,True,0,0,0
7.0,6.0,1.0,2.0,5.0,3.0,1.0,5.0,780.0,1.0,4.0,1.0,4.0,6.0,7.0,3.0,10.0,6.660575149839686,True,3,3,3
4.0,1.0,1.0,2.0,3.0,9.0,1.0,2.0,1092.5,1.0,4.0,2.0,3.0,8.0,8.0,4.0,9.0,6.997138840116823,True,3,3,3
6.0,1.0,2.0,2.0,1.0,8.0,1.0,2.0,1080.0,1.0,5.0,1.0,4.0,7.0,8.0,2.0,10.0,6.985641817639208,True,3,3,3
4.0,1.0,2.0,2.0,12.0,7.0,1.0,6.0,2197.5,1.0,5.0,2.0,3.0,4.0,4.0,4.0,2.0,7.695530588620865,True,3,3,3
4.0,1.0,1.0,2.0,1.0,4.0,1.0,1.0,657.5,2.0,5.0,5.0,1.0,5.0,5.0,1.0,6.0,6.489964521183336,True,1,1,1
5.0,2.0,1.0,2.0,7.0,8.0,2.0,1.0,285.0,1.0,3.0,1.0,3.0,9.0,9.0,5.0,9.0,5.655991810819852,True,1,1,1
5.0,1.0,5.0,1.0,6.0,7.0,1.0,1.0,750.0,1.0,5.0,3.0,3.0,5.0,5.0,3.0,8.0,6.621405651764134,True,0,0,0
7.0,1.0,1.0,1.0,7.0,10.0,1.0,5.0,662.5,4.0,4.0,3.0,4.0,8.0,7.0,4.0,7.0,6.497528853772263,True,0,0,0
4.0,1.0,1.0,2.0,6.0,7.0,1.0,2.0,180.0,1.0,4.0,2.0,4.0,8.0,8.0,5.0,8.0,5.198497031265826,True,3,3,3
7.0,5.0,1.0,1.0,5.0,7.0,2.0,7.0,1625.0,2.0,2.0,1.0,3.0,8.0,8.0,4.0,5.0,7.3938782901077555,True,0,0,0
7.0,5.0,1.0,2.0,1.0,4.0,2.0,5.0,1380.0,2.0,4.0,2.0,3.0,5.0,6.0,3.0,6.0,7.2305631534092925,True,3,3,3
3.0,5.0,2.0,2.0,3.0,3.0,3.0,7.0,3740.0,2.0,5.0,2.0,2.0,2.0,2.0,2.0,2.0,8.227108234348146,True,3,3,3
3.0,1.0,1.0,1.0,5.0,3.0,1.0,1.0,150.0,1.0,4.0,2.0,2.0,6.0,7.0,3.0,7.0,5.017279836814924,True,0,0,0
5.0,1.0,1.0,2.0,3.0,9.0,1.0,1.0,1290.0,2.0,4.0,2.0,3.0,9.0,8.0,4.0,9.0,7.1631723908466425,True,1,1,1
2.0,3.0,3.0,1.0,10.0,5.0,4.0,8.0,398.0,1.0,4.0,2.0,4.0,7.0,6.0,2.0,7.0,5.988961416889864,True,0,0,0
7.0,1.0,1.0,1.0,10.0,7.0,1.0,1.0,1170.0,2.0,3.0,2.0,3.0,9.0,7.0,5.0,8.0,7.065613363597717,True,0,0,0
2.0,2.0,2.0,1.0,6.0,3.0,4.0,8.0,0.0,2.0,4.0,2.0,4.0,10.0,10.0,5.0,10.0,0.0,False,0,0,0
2.0,3.0,2.0,2.0,10.0,3.0,4.0,8.0,360.0,2.0,4.0,2.0,4.0,6.0,9.0,3.0,8.0,5.8888779583328805,True,3,3,3
3.0,3.0,1.0,2.0,6.0,3.0,1.0,2.0,0.0,5.0,5.0,2.0,1.0,8.0,2.0,4.0,5.0,0.0,False,3,3,3
7.0,6.0,1.0,2.0,1.0,6.0,3.0,10.0,105.0,2.0,5.0,1.0,3.0,6.0,8.0,3.0,8.0,4.663439094112067,False,3,3,3
7.0,3.0,1.0,1.0,5.0,5.0,1.0,10.0,1020.0,2.0,3.0,1.0,4.0,9.0,9.0,3.0,8.0,6.928537818164665,True,0,0,0
3.0,1.0,3.0,2.0,5.0,4.0,1.0,1.0,25.0,2.0,4.0,3.0,4.0,8.0,10.0,2.0,10.0,3.258096538021482,False,2,2,2
5.0,1.0,3.0,1.0,6.0,5.0,4.0,1.0,180.0,1.0,4.0,2.0,3.0,7.0,6.0,2.0,4.0,5.198497031265826,True,0,0,0
7.0,2.0,3.0,2.0,1.0,8.0,1.0,1.0,1200.0,1.0,3.0,2.0,4.0,8.0,9.0,2.0,9.0,7.0909098220799835,True,2,2,2
3.0,1.0,1.0,1.0,10.0,8.0,1.0,1.0,150.0,5.0,5.0,2.0,3.0,10.0,9.0,5.0,9.0,5.017279836814924,True,0,0,0
3.0,1.0,2.0,2.0,12.0,5.0,3.0,4.0,0.0,3.0,3.0,2.0,3.0,4.0,6.0,2.0,7.0,0.0,False,3,3,3
3.0,1.0,6.0,1.0,5.0,4.0,1.0,1.0,855.0,2.0,4.0,2.0,3.0,7.0,8.0,3.0,6.0,6.752270376141742,True,0,0,0
4.0,1.0,7.0,1.0,1.0,4.0,1.0,1.0,225.0,2.0,3.0,2.0,4.0,6.0,7.0,3.0,8.0,5.420534999272286,True,0,0,0
5.0,5.0,3.0,1.0,6.0,5.0,3.0,2.0,300.0,1.0,5.0,3.0,3.0,0.0,0.0,1.0,5.0,5.707110264748875,True,0,0,0
4.0,1.0,3.0,1.0,1.0,3.0,1.0,1.0,0.0,1.0,4.0,2.0,5.0,10.0,7.0,5.0,5.0,0.0,False,0,0,0
4.0,1.0,3.0,1.0,6.0,3.0,3.0,1.0,4200.0,1.0,5.0,1.0,4.0,9.0,9.0,5.0,9.0,8.343077871169383,True,0,0,0
6.0,1.0,7.0,1.0,5.0,6.0,2.0,5.0,900.0,1.0,3.0,1.0,4.0,10.0,10.0,5.0,10.0,6.803505257608338,True,0,0,0
6.0,1.0,6.0,2.0,1.0,4.0,1.0,1.0,562.5,2.0,5.0,2.0,3.0,9.0,9.0,5.0,9.0,6.334167333479831,True,2,2,2
2.0,2.0,5.0,2.0,11.0,5.0,4.0,8.0,5190.0,1.0,5.0,1.0,4.0,2.0,7.0,2.0,0.0,8.55468163582723,True,3,3,3
2.0,2.0,5.0,2.0,10.0,5.0,4.0,8.0,45.0,1.0,5.0,1.0,5.0,7.0,7.0,3.0,5.0,3.828641396489095,False,3,3,3
4.0,1.0,3.0,1.0,6.0,4.0,1.0,1.0,0.0,2.0,5.0,4.0,4.0,7.0,5.0,5.0,8.0,0.0,False,0,0,0
4.0,1.0,3.0,1.0,6.0,6.0,1.0,1.0,240.0,1.0,3.0,3.0,3.0,7.0,7.0,3.0,7.0,5.484796933490655,True,0,0,0
5.0,1.0,6.0,2.0,3.0,3.0,1.0,1.0,0.0,2.0,4.0,2.0,4.0,9.0,8.0,2.0,7.0,0.0,False,2,2,2
2.0,2.0,7.0,2.0,10.0,2.0,4.0,8.0,55.0,3.0,3.0,2.0,3.0,8.0,7.0,2.0,5.0,4.02535169073515,False,3,3,3
6.0,1.0,4.0,1.0,9.0,2.0,2.0,6.0,90.0,3.0,3.0,2.0,3.0,7.0,7.0,3.0,8.0,4.51085950651685,False,0,0,0
2.0,1.0,7.0,2.0,10.0,1.0,3.0,4.0,18.75,2.0,5.0,3.0,2.0,7.0,5.0,4.0,3.0,2.9831534913471307,False,3,3,3
4.0,1.0,1.0,2.0,6.0,7.0,1.0,1.0,200.0,2.0,3.0,2.0,4.0,6.0,7.0,4.0,7.0,5.303304908059076,True,1,1,1
7.0,4.0,1.0,2.0,1.0,9.0,4.0,5.0,0.0,2.0,2.0,2.0,4.0,5.0,5.0,2.0,5.0,0.0,False,3,3,3
2.0,6.0,6.0,1.0,10.0,10.0,4.0,8.0,1615.0,4.0,4.0,2.0,4.0,9.0,8.0,5.0,7.0,7.38770923908104,True,0,0,0
5.0,1.0,1.0,1.0,6.0,10.0,1.0,1.0,1672.5,1.0,4.0,2.0,2.0,8.0,6.0,2.0,7.0,7.422672520651381,True,0,0,0
6.0,1.0,2.0,2.0,5.0,9.0,2.0,2.0,120.0,2.0,4.0,4.0,3.0,7.0,6.0,4.0,8.0,4.795790545596741,False,3,3,3
6.0,2.0,1.0,1.0,5.0,10.0,1.0,5.0,1320.0,3.0,3.0,2.0,4.0,5.0,2.0,2.0,2.0,7.186144304522325,True,0,0,0
5.0,1.0,5.0,2.0,5.0,10.0,1.0,5.0,700.0,1.0,5.0,1.0,4.0,10.0,10.0,5.0,10.0,6.55250788703459,True,3,3,3
7.0,1.0,2.0,1.0,5.0,10.0,1.0,5.0,1732.5,1.0,3.0,1.0,4.0,10.0,10.0,5.0,10.0,7.457897765125078,True,0,0,0
7.0,1.0,2.0,2.0,5.0,10.0,1.0,5.0,315.0,2.0,4.0,2.0,4.0,7.0,7.0,4.0,8.0,5.755742213586912,True,3,3,3
4.0,3.0,1.0,1.0,5.0,10.0,1.0,1.0,0.0,2.0,5.0,3.0,2.0,8.0,7.0,5.0,7.0,0.0,False,0,0,0
5.0,1.0,1.0,1.0,1.0,9.0,1.0,1.0,90.5,1.0,4.0,2.0,4.0,5.0,4.0,1.0,3.0,4.516338972281476,False,0,0,0
6.0,1.0,1.0,1.0,1.0,5.0,2.0,1.0,762.5,3.0,3.0,2.0,4.0,8.0,4.0,4.0,7.0,6.637913124658687,True,0,0,0
3.0,1.0,1.0,1.0,5.0,8.0,1.0,1.0,2040.0,1.0,4.0,3.0,5.0,7.0,7.0,3.0,8.0,7.621195162809845,True,0,0,0
6.0,5.0,4.0,2.0,1.0,2.0,1.0,7.0,0.0,3.0,5.0,5.0,3.0,0.0,0.0,1.0,6.0,0.0,False,3,3,3
3.0,1.0,7.0,2.0,10.0,2.0,1.0,1.0,150.0,2.0,5.0,3.0,2.0,8.0,7.0,3.0,7.0,5.017279836814924,True,2,2,2
7.0,6.0,1.0,2.0,1.0,4.0,1.0,7.0,0.0,4.0,4.0,2.0,2.0,6.0,5.0,1.0,5.0,0.0,False,3,3,3
7.0,1.0,1.0,2.0,5.0,9.0,1.0,5.0,405.0,4.0,4.0,2.0,4.0,9.0,9.0,4.0,10.0,6.0063531596017325,True,3,3,3
6.0,1.0,2.0,1.0,6.0,9.0,1.0,1.0,1140.0,1.0,4.0,2.0,4.0,8.0,7.0,4.0,8.0,7.039660349862076,True,0,0,0
3.0,1.0,1.0,2.0,5.0,7.0,1.0,1.0,705.0,3.0,3.0,3.0,3.0,7.0,7.0,2.0,7.0,6.559615237493242,True,1,1,1
3.0,1.0,4.0,1.0,5.0,7.0,1.0,1.0,1140.0,2.0,4.0,2.0,3.0,7.0,6.0,2.0,4.0,7.039660349862076,True,0,0,0
6.0,1.0,1.0,2.0,6.0,9.0,1.0,5.0,1425.0,1.0,4.0,2.0,4.0,9.0,9.0,5.0,8.0,7.262628600974241,True,3,3,3
5.0,1.0,1.0,1.0,1.0,10.0,1.0,1.0,1120.0,1.0,2.0,2.0,4.0,8.0,7.0,5.0,6.0,7.02197642307216,True,0,0,0
7.0,2.0,1.0,1.0,5.0,9.0,1.0,7.0,930.0,3.0,3.0,3.0,4.0,4.0,4.0,3.0,5.0,6.836259277277067,True,0,0,0
3.0,1.0,1.0,2.0,5.0,6.0,1.0,1.0,1552.5,2.0,4.0,2.0,4.0,7.0,7.0,3.0,6.0,7.348265728833102,True,1,1,1
3.0,1.0,1.0,2.0,1.0,3.0,1.0,1.0,695.0,1.0,4.0,1.0,3.0,8.0,7.0,4.0,9.0,6.54534966033442,True,1,1,1
5.0,1.0,1.0,1.0,6.0,9.0,1.0,1.0,800.0,1.0,4.0,2.0,2.0,10.0,9.0,5.0,10.0,6.68586094706836,True,0,0,0
5.0,1.0,2.0,2.0,6.0,9.0,1.0,2.0,30.0,3.0,4.0,2.0,3.0,6.0,9.0,5.0,9.0,3.4339872044851463,False,3,3,3
3.0,1.0,2.0,2.0,5.0,2.0,1.0,1.0,1245.0,1.0,5.0,1.0,4.0,7.0,7.0,2.0,7.0,7.1276936993473985,True,2,2,2
4.0,1.0,3.0,1.0,6.0,4.0,1.0,1.0,825.0,1.0,5.0,2.0,4.0,8.0,7.0,5.0,8.0,6.716594773520978,True,0,0,0
4.0,1.0,2.0,3.0,1.0,8.0,1.0,2.0,0.0,3.0,3.0,3.0,3.0,6.0,6.0,3.0,7.0,0.0,False,3,3,3
2.0,6.0,3.0,2.0,10.0,8.0,4.0,8.0,300.0,2.0,3.0,1.0,3.0,7.0,7.0,3.0,7.0,5.707110264748875,True,3,3,3
4.0,1.0,2.0,2.0,1.0,6.0,1.0,10.0,326.25,2.0,4.0,3.0,3.0,7.0,7.0,3.0,7.0,5.7907244047900095,True,2,2,2
4.0,1.0,1.0,2.0,6.0,9.0,1.0,6.0,345.0,2.0,4.0,2.0,4.0,8.0,8.0,5.0,8.0,5.846438775057725,True,3,3,3
3.0,1.0,6.0,1.0,10.0,6.0,1.0,2.0,820.0,2.0,4.0,3.0,2.0,8.0,8.0,3.0,10.0,6.710523109452428,True,0,0,0
3.0,1.0,4.0,2.0,6.0,4.0,1.0,1.0,30.0,2.0,5.0,1.0,4.0,8.0,7.0,4.0,7.0,3.4339872044851463,False,2,2,2
5.0,5.0,3.0,2.0,7.0,3.0,2.0,1.0,0.0,2.0,4.0,2.0,3.0,6.0,5.0,2.0,9.0,0.0,False,2,2,2
6.0,2.0,2.0,1.0,7.0,7.0,1.0,1.0,757.5,2.0,2.0,2.0,3.0,6.0,7.0,3.0,7.0,6.631342798788587,True,0,0,0
2.0,3.0,1.0,2.0,1.0,2.0,2.0,1.0,1080.0,1.0,5.0,2.0,3.0,2.0,10.0,2.0,6.0,6.985641817639208,True,1,1,1
2.0,1.0,6.0,1.0,10.0,1.0,4.0,8.0,1035.0,2.0,5.0,2.0,4.0,6.0,7.0,3.0,5.0,6.943122422819428,True,0,0,0
4.0,1.0,2.0,1.0,6.0,7.0,1.0,1.0,240.0,1.0,5.0,3.0,3.0,9.0,9.0,5.0,7.0,5.484796933490655,True,0,0,0
7.0,2.0,1.0,1.0,5.0,4.0,1.0,5.0,1065.0,1.0,3.0,1.0,3.0,10.0,8.0,5.0,8.0,6.97166860472579,True,0,0,0
5.0,1.0,1.0,1.0,6.0,8.0,1.0,1.0,1115.0,1.0,5.0,2.0,4.0,9.0,8.0,5.0,10.0,7.017506142941256,True,0,0,0
2.0,3.0,1.0,1.0,10.0,8.0,4.0,8.0,2790.0,1.0,4.0,2.0,3.0,7.0,7.0,4.0,8.0,7.934155233536322,True,0,0,0
4.0,1.0,1.0,2.0,6.0,8.0,1.0,10.0,480.0,2.0,3.0,2.0,5.0,8.0,8.0,4.0,8.0,6.175867270105761,True,3,3,3
3.0,1.0,1.0,1.0,6.0,8.0,1.0,1.0,180.0,1.0,5.0,2.0,4.0,7.0,7.0,5.0,5.0,5.198497031265826,True,0,0,0
6.0,1.0,1.0,1.0,7.0,7.0,1.0,2.0,1035.0,1.0,5.0,2.0,4.0,7.0,7.0,4.0,8.0,6.943122422819428,True,0,0,0
7.0,1.0,1.0,1.0,1.0,9.0,1.0,5.0,1470.0,1.0,5.0,2.0,5.0,7.0,9.0,4.0,6.0,7.293697720601438,True,0,0,0
5.0,1.0,1.0,1.0,7.0,7.0,1.0,1.0,770.0,1.0,4.0,2.0,3.0,3.0,7.0,4.0,5.0,6.647688373563329,True,0,0,0
2.0,1.0,1.0,2.0,10.0,3.0,3.0,2.0,0.0,3.0,5.0,3.0,3.0,7.0,5.0,2.0,6.0,0.0,False,3,3,3
2.0,2.0,6.0,2.0,11.0,3.0,4.0,8.0,600.0,4.0,3.0,3.0,1.0,0.0,0.0,1.0,3.0,6.398594934535208,True,3,3,3
5.0,3.0,6.0,2.0,7.0,3.0,1.0,1.0,225.0,2.0,4.0,5.0,1.0,0.0,0.0,1.0,1.0,5.420534999272286,True,3,3,3
4.0,1.0,5.0,1.0,1.0,3.0,1.0,1.0,165.0,4.0,5.0,1.0,3.0,10.0,8.0,5.0,6.0,5.111987788356544,True,0,0,0
4.0,1.0,1.0,1.0,2.0,8.0,2.0,1.0,960.0,2.0,2.0,4.0,2.0,8.0,8.0,3.0,8.0,6.8679744089702925,True,0,0,0
3.0,2.0,2.0,1.0,10.0,4.0,1.0,1.0,735.0,1.0,5.0,1.0,2.0,7.0,6.0,2.0,8.0,6.601230118728877,True,0,0,0
6.0,1.0,2.0,2.0,4.0,4.0,1.0,6.0,315.0,1.0,5.0,1.0,2.0,8.0,6.0,3.0,7.0,5.755742213586912,True,3,3,3
7.0,1.0,1.0,2.0,1.0,8.0,1.0,5.0,420.0,3.0,5.0,1.0,3.0,7.0,9.0,2.0,10.0,6.042632833682381,True,3,3,3
6.0,1.0,2.0,1.0,5.0,7.0,1.0,1.0,30.0,2.0,4.0,2.0,4.0,8.0,5.0,3.0,8.0,3.4339872044851463,False,0,0,0
5.0,1.0,1.0,2.0,5.0,7.0,1.0,1.0,30.0,1.0,4.0,2.0,4.0,10.0,8.0,4.0,10.0,3.4339872044851463,False,1,1,1
6.0,1.0,1.0,2.0,2.0,8.0,2.0,1.0,960.0,2.0,4.0,3.0,3.0,6.0,6.0,3.0,6.0,6.8679744089702925,True,1,1,1
6.0,1.0,2.0,1.0,7.0,5.0,1.0,1.0,1410.0,2.0,5.0,2.0,3.0,9.0,9.0,5.0,9.0,7.252053951852814,True,0,0,0
4.0,1.0,4.0,2.0,4.0,3.0,1.0,1.0,200.0,2.0,4.0,2.0,3.0,8.0,6.0,3.0,8.0,5.303304908059076,True,2,2,2
4.0,1.0,1.0,1.0,5.0,8.0,1.0,1.0,1290.0,2.0,4.0,3.0,2.0,7.0,7.0,2.0,7.0,7.1631723908466425,True,0,0,0
4.0,1.0,3.0,2.0,11.0,2.0,1.0,1.0,0.0,4.0,4.0,4.0,1.0,6.0,7.0,2.0,5.0,0.0,False,2,2,2
4.0,1.0,1.0,2.0,3.0,6.0,1.0,1.0,330.0,2.0,4.0,1.0,4.0,6.0,8.0,3.0,10.0,5.802118375377063,True,1,1,1
3.0,1.0,4.0,1.0,2.0,4.0,3.0,2.0,2010.0,1.0,4.0,2.0,4.0,9.0,7.0,3.0,8.0,7.606387389772652,True,0,0,0
4.0,1.0,1.0,2.0,5.0,7.0,1.0,1.0,0.0,2.0,4.0,2.0,3.0,7.0,8.0,3.0,6.0,0.0,False,1,1,1
4.0,1.0,3.0,1.0,1.0,4.0,2.0,1.0,60.0,2.0,3.0,2.0,3.0,9.0,9.0,3.0,5.0,4.110873864173311,False,0,0,0
2.0,1.0,1.0,2.0,5.0,7.0,2.0,9.0,2385.0,1.0,5.0,2.0,3.0,9.0,6.0,3.0,7.0,7.777373602657861,True,3,3,3
3.0,1.0,1.0,2.0,1.0,3.0,1.0,1.0,165.0,2.0,5.0,3.0,2.0,7.0,8.0,3.0,7.0,5.111987788356544,True,1,1,1
7.0,1.0,1.0,2.0,5.0,7.0,2.0,5.0,65.0,1.0,4.0,2.0,4.0,7.0,7.0,3.0,9.0,4.189654742026425,False,3,3,3
7.0,1.0,1.0,1.0,5.0,7.0,1.0,5.0,405.0,2.0,3.0,2.0,3.0,6.0,3.0,4.0,7.0,6.0063531596017325,True,0,0,0
3.0,1.0,3.0,1.0,2.0,6.0,1.0,1.0,462.5,2.0,5.0,2.0,4.0,9.0,8.0,4.0,7.0,6.13880638500591,True,0,0,0
5.0,1.0,1.0,2.0,6.0,5.0,1.0,1.0,850.0,1.0,3.0,1.0,3.0,9.0,8.0,4.0,7.0,6.7464121285733745,True,1,1,1
5.0,1.0,3.0,1.0,1.0,3.0,1.0,1.0,255.0,3.0,5.0,2.0,4.0,4.0,7.0,1.0,5.0,5.545177444479562,True,0,0,0
5.0,3.0,1.0,2.0,5.0,4.0,1.0,1.0,0.0,4.0,4.0,3.0,3.0,5.0,5.0,3.0,5.0,0.0,False,1,1,1
4.0,3.0,4.0,2.0,3.0,2.0,2.0,1.0,465.0,2.0,2.0,1.0,2.0,10.0,10.0,5.0,0.0,6.144185634125646,True,3,3,3
6.0,1.0,1.0,1.0,2.0,4.0,1.0,10.0,2300.0,3.0,5.0,2.0,2.0,6.0,6.0,3.0,4.0,7.741099090035366,True,0,0,0
7.0,3.0,1.0,2.0,1.0,3.0,2.0,2.0,512.5,2.0,4.0,2.0,3.0,9.0,10.0,4.0,9.0,6.241250029368613,True,3,3,3
3.0,2.0,2.0,2.0,2.0,3.0,1.0,3.0,2820.0,3.0,5.0,3.0,3.0,1.0,2.0,2.0,4.0,7.944846711001996,True,3,3,3
3.0,1.0,1.0,2.0,2.0,4.0,1.0,1.0,690.0,1.0,3.0,1.0,3.0,3.0,4.0,2.0,6.0,6.53813982376767,True,1,1,1
6.0,1.0,2.0,1.0,1.0,2.0,1.0,2.0,195.0,2.0,4.0,2.0,3.0,7.0,7.0,3.0,7.0,5.278114659230517,True,0,0,0
6.0,3.0,4.0,2.0,5.0,2.0,2.0,1.0,0.0,2.0,4.0,3.0,3.0,9.0,9.0,5.0,9.0,0.0,False,2,2,2
3.0,1.0,2.0,1.0,1.0,6.0,1.0,1.0,585.0,1.0,5.0,1.0,2.0,7.0,7.0,3.0,6.0,6.373319789577012,True,0,0,0
7.0,1.0,1.0,2.0,4.0,3.0,1.0,7.0,0.0,4.0,3.0,3.0,4.0,8.0,8.0,3.0,8.0,0.0,False,3,3,3
3.0,1.0,1.0,2.0,10.0,3.0,1.0,1.0,0.0,2.0,2.0,2.0,4.0,8.0,8.0,2.0,8.0,0.0,False,1,1,1
5.0,1.0,1.0,1.0,1.0,1.0,1.0,1.0,1792.5,1.0,5.0,2.0,4.0,6.0,6.0,3.0,5.0,7.491924296972337,True,0,0,0
3.0,1.0,2.0,2.0,6.0,3.0,1.0,6.0,225.0,1.0,5.0,1.0,2.0,10.0,10.0,5.0,10.0,5.420534999272286,True,3,3,3
3.0,1.0,2.0,1.0,6.0,3.0,1.0,1.0,0.0,1.0,3.0,2.0,2.0,9.0,9.0,4.0,8.0,0.0,False,0,0,0
6.0,1.0,1.0,1.0,7.0,9.0,1.0,1.0,1155.0,1.0,3.0,1.0,3.0,8.0,8.0,4.0,8.0,7.052721049232323,True,0,0,0
3.0,1.0,1.0,1.0,1.0,4.0,2.0,1.0,360.0,2.0,4.0,2.0,4.0,6.0,6.0,3.0,6.0,5.8888779583328805,True,0,0,0
3.0,1.0,2.0,1.0,2.0,4.0,1.0,1.0,1065.0,2.0,3.0,2.0,3.0,7.0,6.0,3.0,6.0,6.97166860472579,True,0,0,0
4.0,2.0,1.0,1.0,10.0,2.0,1.0,1.0,420.0,2.0,3.0,2.0,4.0,7.0,7.0,4.0,8.0,6.042632833682381,True,0,0,0
7.0,3.0,2.0,1.0,7.0,2.0,3.0,5.0,0.0,3.0,5.0,2.0,4.0,8.0,8.0,5.0,8.0,0.0,False,0,0,0
5.0,2.0,1.0,2.0,3.0,2.0,2.0,2.0,1560.0,2.0,1.0,2.0,2.0,8.0,8.0,5.0,9.0,7.353081920515432,True,3,3,3
3.0,1.0,1.0,1.0,5.0,3.0,1.0,1.0,0.0,4.0,3.0,4.0,2.0,5.0,6.0,3.0,7.0,0.0,False,0,0,0
2.0,1.0,1.0,2.0,10.0,7.0,2.0,1.0,90.0,2.0,2.0,2.0,4.0,5.0,6.0,2.0,6.0,4.51085950651685,False,1,1,1
3.0,1.0,1.0,2.0,5.0,5.0,1.0,1.0,5.0,2.0,4.0,3.0,3.0,9.0,9.0,4.0,9.0,1.791759469228055,False,1,1,1
5.0,1.0,1.0,2.0,7.0,7.0,1.0,2.0,195.0,1.0,5.0,3.0,2.0,8.0,8.0,2.0,7.0,5.278114659230517,True,3,3,3
6.0,1.0,1.0,1.0,1.0,7.0,1.0,5.0,70.0,4.0,5.0,2.0,3.0,8.0,9.0,5.0,9.0,4.2626798770413155,False,0,0,0
2.0,1.0,2.0,1.0,1.0,8.0,1.0,1.0,975.0,1.0,4.0,2.0,5.0,6.0,7.0,3.0,5.0,6.883462586413092,True,0,0,0
4.0,1.0,2.0,1.0,2.0,4.0,1.0,10.0,0.0,2.0,5.0,2.0,4.0,7.0,5.0,2.0,7.0,0.0,False,0,0,0
7.0,1.0,1.0,2.0,11.0,4.0,1.0,10.0,440.0,3.0,3.0,2.0,3.0,7.0,7.0,4.0,9.0,6.089044875446846,True,3,3,3
5.0,1.0,1.0,1.0,6.0,8.0,1.0,1.0,985.0,2.0,5.0,2.0,4.0,7.0,7.0,4.0,8.0,6.893656354602635,True,0,0,0
4.0,1.0,2.0,1.0,5.0,3.0,1.0,1.0,420.0,1.0,3.0,3.0,3.0,8.0,9.0,4.0,9.0,6.042632833682381,True,0,0,0
7.0,3.0,1.0,2.0,1.0,3.0,1.0,5.0,1050.0,2.0,3.0,2.0,4.0,8.0,8.0,4.0,8.0,6.957497370876951,True,3,3,3
5.0,1.0,1.0,1.0,1.0,5.0,1.0,1.0,0.0,4.0,4.0,2.0,4.0,1.0,3.0,5.0,0.0,0.0,False,0,0,0
5.0,1.0,1.0,1.0,1.0,5.0,1.0,1.0,390.0,1.0,4.0,3.0,2.0,6.0,5.0,2.0,4.0,5.968707559985366,True,0,0,0
7.0,1.0,1.0,2.0,5.0,3.0,2.0,10.0,180.0,3.0,3.0,1.0,4.0,7.0,7.0,4.0,7.0,5.198497031265826,True,3,3,3
3.0,1.0,6.0,2.0,2.0,3.0,1.0,1.0,0.0,4.0,4.0,1.0,4.0,3.0,4.0,1.0,2.0,0.0,False,2,2,2
4.0,2.0,1.0,2.0,3.0,3.0,1.0,1.0,890.0,1.0,4.0,2.0,3.0,9.0,8.0,4.0,9.0,6.792344427470809,True,1,1,1
5.0,1.0,1.0,1.0,6.0,3.0,2.0,1.0,660.0,1.0,5.0,3.0,4.0,8.0,7.0,4.0,8.0,6.493753839851686,True,0,0,0
5.0,6.0,3.0,2.0,4.0,1.0,3.0,7.0,148.75,3.0,1.0,2.0,2.0,7.0,8.0,5.0,6.0,5.0089672369955585,False,3,3,3
5.0,1.0,1.0,1.0,2.0,2.0,1.0,2.0,390.0,2.0,5.0,2.0,3.0,7.0,4.0,3.0,9.0,5.968707559985366,True,0,0,0
5.0,1.0,1.0,2.0,1.0,2.0,4.0,1.0,0.0,2.0,3.0,3.0,3.0,9.0,9.0,3.0,10.0,0.0,False,1,1,1
3.0,1.0,1.0,2.0,5.0,4.0,1.0,1.0,1320.0,2.0,3.0,1.0,3.0,6.0,8.0,2.0,8.0,7.186144304522325,True,1,1,1
3.0,1.0,1.0,1.0,5.0,4.0,1.0,1.0,562.5,1.0,3.0,1.0,2.0,6.0,8.0,3.0,5.0,6.334167333479831,True,0,0,0
5.0,1.0,3.0,2.0,5.0,10.0,1.0,1.0,735.0,2.0,3.0,2.0,3.0,8.0,8.0,3.0,7.0,6.601230118728877,True,2,2,2
6.0,1.0,3.0,1.0,7.0,7.0,1.0,1.0,30.0,2.0,4.0,1.0,3.0,7.0,7.0,3.0,4.0,3.4339872044851463,False,0,0,0
2.0,1.0,3.0,2.0,10.0,7.0,1.0,2.0,240.0,3.0,4.0,3.0,3.0,4.0,4.0,1.0,4.0,5.484796933490655,True,3,3,3
3.0,1.0,3.0,2.0,6.0,9.0,1.0,3.0,202.5,2.0,3.0,2.0,2.0,3.0,3.0,2.0,4.0,5.31566600488265,True,3,3,3
6.0,3.0,2.0,2.0,9.0,7.0,3.0,5.0,1995.0,2.0,4.0,2.0,4.0,8.0,8.0,3.0,9.0,7.59890045687141,True,3,3,3
5.0,1.0,3.0,1.0,6.0,8.0,1.0,1.0,570.0,1.0,5.0,1.0,5.0,8.0,8.0,5.0,7.0,6.3473892096560105,True,0,0,0
5.0,1.0,3.0,1.0,6.0,8.0,1.0,1.0,1284.0,1.0,5.0,1.0,5.0,7.0,7.0,4.0,7.0,7.158513997329321,True,0,0,0
3.0,2.0,3.0,1.0,10.0,6.0,2.0,1.0,0.0,1.0,1.0,1.0,3.0,7.0,5.0,5.0,8.0,0.0,False,0,0,0
7.0,2.0,3.0,2.0,7.0,6.0,3.0,5.0,110.0,1.0,1.0,1.0,5.0,7.0,7.0,5.0,10.0,4.709530201312334,False,3,3,3
6.0,1.0,3.0,1.0,7.0,6.0,1.0,1.0,270.0,2.0,4.0,3.0,3.0,9.0,8.0,5.0,8.0,5.602118820879701,True,0,0,0
6.0,2.0,1.0,2.0,2.0,7.0,3.0,2.0,810.0,1.0,4.0,3.0,3.0,7.0,7.0,3.0,8.0,6.698268054115413,True,3,3,3
3.0,1.0,1.0,1.0,2.0,7.0,1.0,1.0,0.0,2.0,4.0,2.0,4.0,6.0,4.0,2.0,5.0,0.0,False,0,0,0
7.0,1.0,2.0,2.0,5.0,9.0,1.0,5.0,105.0,2.0,4.0,2.0,4.0,8.0,7.0,4.0,5.0,4.663439094112067,False,3,3,3
5.0,3.0,3.0,1.0,6.0,9.0,2.0,10.0,255.0,1.0,5.0,3.0,2.0,9.0,9.0,4.0,9.0,5.545177444479562,True,0,0,0
2.0,3.0,3.0,1.0,10.0,4.0,4.0,8.0,2110.0,1.0,5.0,1.0,1.0,7.0,6.0,2.0,5.0,7.65491704784832,True,0,0,0
3.0,1.0,6.0,1.0,5.0,3.0,1.0,1.0,0.0,4.0,4.0,4.0,1.0,8.0,6.0,4.0,6.0,0.0,False,0,0,0
3.0,1.0,4.0,2.0,3.0,2.0,3.0,2.0,0.0,1.0,4.0,1.0,3.0,5.0,8.0,1.0,5.0,0.0,False,3,3,3
2.0,5.0,1.0,2.0,10.0,8.0,4.0,8.0,645.0,2.0,4.0,2.0,3.0,7.0,8.0,3.0,9.0,6.470799503782602,True,3,3,3
6.0,1.0,1.0,2.0,7.0,8.0,1.0,5.0,150.0,4.0,4.0,3.0,3.0,5.0,7.0,4.0,8.0,5.017279836814924,True,3,3,3
7.0,6.0,1.0,1.0,7.0,8.0,2.0,5.0,0.0,5.0,5.0,5.0,4.0,2.0,9.0,4.0,8.0,0.0,False,0,0,0
5.0,1.0,1.0,2.0,6.0,9.0,1.0,1.0,0.0,4.0,5.0,3.0,3.0,4.0,5.0,3.0,6.0,0.0,False,1,1,1
7.0,6.0,2.0,1.0,1.0,2.0,1.0,1.0,0.0,2.0,4.0,3.0,4.0,7.0,7.0,3.0,8.0,0.0,False,0,0,0
6.0,2.0,1.0,2.0,8.0,3.0,1.0,2.0,120.0,2.0,3.0,2.0,3.0,7.0,6.0,3.0,7.0,4.795790545596741,False,3,3,3
4.0,1.0,1.0,2.0,3.0,4.0,2.0,1.0,285.0,2.0,4.0,2.0,4.0,8.0,8.0,3.0,8.0,5.655991810819852,True,1,1,1
6.0,3.0,1.0,2.0,7.0,5.0,3.0,6.0,300.0,3.0,4.0,3.0,4.0,9.0,10.0,4.0,5.0,5.707110264748875,True,3,3,3
4.0,2.0,1.0,1.0,6.0,3.0,1.0,1.0,0.0,2.0,3.0,2.0,4.0,5.0,6.0,3.0,4.0,0.0,False,0,0,0
6.0,1.0,1.0,1.0,5.0,5.0,1.0,2.0,0.0,4.0,4.0,2.0,4.0,9.0,9.0,5.0,10.0,0.0,False,0,0,0
6.0,1.0,1.0,2.0,5.0,8.0,1.0,1.0,0.0,2.0,3.0,2.0,3.0,5.0,5.0,4.0,8.0,0.0,False,1,1,1
3.0,3.0,1.0,2.0,1.0,5.0,1.0,7.0,0.0,4.0,3.0,2.0,3.0,4.0,5.0,2.0,4.0,0.0,False,3,3,3
6.0,1.0,4.0,1.0,7.0,3.0,4.0,7.0,240.0,3.0,5.0,3.0,3.0,8.0,5.0,3.0,7.0,5.484796933490655,True,0,0,0
7.0,3.0,1.0,1.0,11.0,9.0,2.0,5.0,262.5,2.0,2.0,2.0,4.0,8.0,8.0,4.0,6.0,5.574053367981417,True,0,0,0
7.0,6.0,1.0,2.0,11.0,9.0,2.0,5.0,360.0,2.0,4.0,2.0,4.0,9.0,9.0,3.0,7.0,5.8888779583328805,True,3,3,3
3.0,1.0,3.0,2.0,5.0,5.0,1.0,1.0,360.0,2.0,4.0,4.0,2.0,8.0,8.0,4.0,9.0,5.8888779583328805,True,2,2,2
4.0,1.0,3.0,2.0,3.0,3.0,1.0,3.0,275.0,2.0,5.0,2.0,4.0,9.0,7.0,4.0,9.0,5.62040086571715,True,3,3,3
7.0,1.0,1.0,1.0,5.0,10.0,1.0,5.0,450.0,1.0,3.0,3.0,4.0,8.0,8.0,5.0,5.0,6.111467339502679,True,0,0,0
7.0,6.0,2.0,1.0,5.0,10.0,3.0,5.0,1680.0,1.0,4.0,2.0,4.0,9.0,8.0,4.0,5.0,7.427144133408616,True,0,0,0
4.0,2.0,1.0,2.0,6.0,7.0,2.0,2.0,90.0,3.0,4.0,3.0,3.0,7.0,7.0,3.0,7.0,4.51085950651685,False,3,3,3
5.0,1.0,1.0,2.0,6.0,10.0,1.0,2.0,450.0,2.0,3.0,2.0,4.0,8.0,7.0,3.0,7.0,6.111467339502679,True,3,3,3
6.0,3.0,1.0,1.0,5.0,9.0,1.0,2.0,450.0,1.0,3.0,2.0,3.0,10.0,10.0,5.0,10.0,6.111467339502679,True,0,0,0
4.0,1.0,3.0,2.0,6.0,6.0,2.0,2.0,0.0,2.0,2.0,2.0,3.0,8.0,8.0,3.0,7.0,0.0,False,3,3,3
5.0,1.0,2.0,2.0,1.0,2.0,1.0,7.0,290.0,2.0,5.0,5.0,2.0,6.0,4.0,3.0,4.0,5.673323267171493,True,3,3,3
4.0,2.0,3.0,2.0,10.0,4.0,1.0,3.0,1020.0,3.0,5.0,5.0,2.0,6.0,6.0,3.0,6.0,6.928537818164665,True,3,3,3
5.0,2.0,1.0,1.0,1.0,3.0,2.0,1.0,915.0,1.0,4.0,3.0,2.0,9.0,8.0,5.0,8.0,6.82001636467413,True,0,0,0
4.0,2.0,2.0,2.0,3.0,3.0,2.0,2.0,600.0,1.0,4.0,1.0,3.0,6.0,7.0,4.0,6.0,6.398594934535208,True,3,3,3
5.0,1.0,5.0,1.0,1.0,3.0,2.0,1.0,0.0,3.0,3.0,3.0,3.0,5.0,5.0,3.0,5.0,0.0,False,0,0,0
5.0,1.0,4.0,2.0,3.0,4.0,1.0,1.0,135.0,2.0,4.0,2.0,2.0,7.0,5.0,3.0,9.0,4.912654885736052,False,2,2,2
2.0,2.0,3.0,1.0,11.0,6.0,4.0,8.0,3567.5,2.0,5.0,2.0,3.0,5.0,7.0,3.0,5.0,8.179900618411121,True,0,0,0
2.0,2.0,3.0,2.0,11.0,6.0,4.0,8.0,1935.0,1.0,5.0,2.0,3.0,6.0,8.0,4.0,7.0,7.568379267836522,True,3,3,3
7.0,1.0,7.0,2.0,1.0,3.0,1.0,5.0,67.5,3.0,3.0,3.0,3.0,5.0,5.0,3.0,5.0,4.22683374526818,False,3,3,3
6.0,3.0,1.0,2.0,7.0,5.0,1.0,1.0,0.0,3.0,4.0,3.0,2.0,5.0,5.0,3.0,4.0,0.0,False,1,1,1
7.0,3.0,1.0,2.0,5.0,9.0,1.0,5.0,0.0,1.0,4.0,2.0,4.0,8.0,8.0,3.0,6.0,0.0,False,3,3,3
7.0,3.0,1.0,1.0,5.0,9.0,2.0,5.0,0.0,2.0,3.0,1.0,3.0,9.0,9.0,3.0,8.0,0.0,False,0,0,0
3.0,2.0,3.0,1.0,10.0,4.0,1.0,1.0,600.0,2.0,2.0,2.0,2.0,7.0,7.0,3.0,6.0,6.398594934535208,True,0,0,0
2.0,2.0,3.0,1.0,10.0,5.0,2.0,1.0,0.0,2.0,3.0,2.0,2.0,7.0,7.0,2.0,6.0,0.0,False,0,0,0
5.0,2.0,3.0,1.0,5.0,6.0,1.0,1.0,25.0,2.0,4.0,3.0,5.0,7.0,8.0,4.0,8.0,3.258096538021482,False,0,0,0
6.0,2.0,2.0,1.0,1.0,7.0,3.0,2.0,1050.0,2.0,3.0,2.0,3.0,9.0,9.0,5.0,8.0,6.957497370876951,True,0,0,0
7.0,1.0,1.0,2.0,1.0,4.0,1.0,5.0,380.0,2.0,3.0,2.0,3.0,6.0,7.0,2.0,7.0,5.942799375126701,True,3,3,3
5.0,1.0,1.0,2.0,6.0,6.0,1.0,2.0,250.0,1.0,5.0,2.0,4.0,8.0,8.0,5.0,8.0,5.5254529391317835,True,3,3,3
6.0,1.0,1.0,2.0,5.0,8.0,1.0,7.0,512.5,4.0,5.0,2.0,2.0,6.0,6.0,2.0,5.0,6.241250029368613,True,3,3,3
6.0,1.0,1.0,1.0,5.0,8.0,1.0,1.0,0.0,2.0,4.0,2.0,4.0,9.0,7.0,3.0,6.0,0.0,False,0,0,0
7.0,3.0,1.0,2.0,1.0,6.0,1.0,5.0,120.0,2.0,4.0,3.0,4.0,7.0,8.0,4.0,8.0,4.795790545596741,False,3,3,3
6.0,1.0,1.0,1.0,7.0,2.0,1.0,1.0,585.0,1.0,4.0,1.0,4.0,7.0,8.0,5.0,9.0,6.373319789577012,True,0,0,0
3.0,1.0,6.0,1.0,10.0,2.0,1.0,1.0,1140.0,1.0,4.0,4.0,2.0,2.0,1.0,1.0,5.0,7.039660349862076,True,0,0,0
3.0,1.0,1.0,2.0,6.0,6.0,2.0,2.0,220.0,3.0,5.0,2.0,4.0,9.0,9.0,4.0,9.0,5.3981627015177525,True,3,3,3
4.0,5.0,3.0,1.0,6.0,4.0,3.0,1.0,0.0,1.0,5.0,2.0,3.0,8.0,7.0,4.0,7.0,0.0,False,0,0,0
2.0,3.0,1.0,2.0,10.0,2.0,1.0,1.0,630.0,2.0,5.0,2.0,3.0,9.0,8.0,4.0,9.0,6.447305862541213,True,1,1,1
3.0,1.0,1.0,2.0,5.0,2.0,1.0,1.0,1847.5,1.0,5.0,2.0,3.0,5.0,5.0,3.0,5.0,7.522129778376686,True,1,1,1
2.0,3.0,2.0,3.0,12.0,7.0,4.0,8.0,2495.0,3.0,4.0,2.0,4.0,8.0,5.0,1.0,4.0,7.822444729489319,True,3,3,3
3.0,1.0,1.0,1.0,2.0,4.0,1.0,1.0,3657.5,1.0,4.0,3.0,3.0,7.0,7.0,5.0,8.0,8.204808506324085,True,0,0,0
4.0,1.0,1.0,1.0,6.0,6.0,1.0,1.0,2650.0,2.0,4.0,2.0,4.0,7.0,9.0,4.0,9.0,7.8826922062890254,True,0,0,0
3.0,1.0,6.0,2.0,10.0,6.0,1.0,1.0,2880.0,1.0,3.0,4.0,2.0,5.0,6.0,2.0,5.0,7.9658927350845286,True,2,2,2
3.0,1.0,2.0,2.0,1.0,4.0,1.0,1.0,995.0,2.0,5.0,3.0,4.0,6.0,8.0,4.0,8.0,6.903747257584598,True,2,2,2
6.0,1.0,2.0,1.0,6.0,2.0,1.0,1.0,0.0,2.0,5.0,4.0,3.0,6.0,5.0,2.0,4.0,0.0,False,0,0,0
3.0,1.0,1.0,2.0,1.0,1.0,1.0,1.0,160.0,2.0,3.0,2.0,4.0,7.0,8.0,2.0,7.0,5.081404364984463,True,1,1,1
6.0,5.0,1.0,1.0,5.0,2.0,2.0,1.0,555.0,3.0,3.0,1.0,5.0,5.0,5.0,3.0,5.0,6.320768294250582,True,0,0,0
3.0,1.0,1.0,1.0,1.0,4.0,1.0,7.0,645.0,4.0,4.0,3.0,3.0,1.0,2.0,1.0,1.0,6.470799503782602,True,0,0,0
3.0,1.0,6.0,1.0,5.0,4.0,1.0,1.0,1515.0,1.0,5.0,2.0,3.0,10.0,8.0,4.0,9.0,7.323830566202317,True,0,0,0
4.0,1.0,1.0,2.0,3.0,8.0,2.0,6.0,0.0,2.0,4.0,2.0,3.0,10.0,10.0,5.0,10.0,0.0,False,3,3,3
4.0,1.0,2.0,1.0,6.0,3.0,1.0,1.0,960.0,3.0,4.0,3.0,4.0,8.0,8.0,3.0,8.0,6.8679744089702925,True,0,0,0
2.0,5.0,3.0,2.0,10.0,1.0,4.0,8.0,502.5,1.0,4.0,2.0,3.0,8.0,6.0,3.0,7.0,6.221583712158617,True,3,3,3
5.0,1.0,2.0,2.0,6.0,3.0,1.0,1.0,620.0,2.0,3.0,2.0,2.0,10.0,7.0,2.0,7.0,6.431331081933479,True,2,2,2
4.0,1.0,2.0,1.0,2.0,4.0,2.0,2.0,2452.5,1.0,3.0,2.0,4.0,6.0,7.0,3.0,7.0,7.805270855529958,True,0,0,0
3.0,1.0,1.0,2.0,1.0,6.0,1.0,1.0,810.0,2.0,2.0,3.0,4.0,5.0,6.0,1.0,6.0,6.698268054115413,True,1,1,1
2.0,1.0,2.0,2.0,1.0,6.0,4.0,8.0,100.0,1.0,5.0,1.0,3.0,9.0,8.0,4.0,8.0,4.61512051684126,False,3,3,3
6.0,1.0,1.0,1.0,7.0,6.0,1.0,1.0,510.0,1.0,3.0,2.0,4.0,8.0,8.0,4.0,8.0,6.236369590203704,True,0,0,0
5.0,1.0,2.0,2.0,5.0,3.0,1.0,1.0,408.75,1.0,4.0,1.0,3.0,10.0,10.0,5.0,10.0,6.015547217623939,True,2,2,2
7.0,1.0,2.0,1.0,5.0,6.0,1.0,10.0,930.0,4.0,4.0,2.0,3.0,8.0,8.0,3.0,9.0,6.836259277277067,True,0,0,0
3.0,1.0,2.0,2.0,1.0,7.0,1.0,1.0,820.0,1.0,5.0,2.0,3.0,8.0,9.0,4.0,9.0,6.710523109452428,True,2,2,2
2.0,3.0,7.0,2.0,10.0,2.0,1.0,3.0,0.0,3.0,5.0,4.0,3.0,2.0,2.0,3.0,4.0,0.0,False,3,3,3
2.0,1.0,2.0,2.0,1.0,8.0,1.0,1.0,867.5,1.0,5.0,1.0,2.0,9.0,9.0,3.0,10.0,6.766767585681159,True,2,2,2
7.0,3.0,1.0,2.0,5.0,8.0,1.0,2.0,1070.0,3.0,3.0,1.0,4.0,9.0,8.0,5.0,8.0,6.976348070447749,True,3,3,3
3.0,1.0,2.0,2.0,5.0,1.0,1.0,1.0,7.5,2.0,4.0,2.0,4.0,9.0,7.0,5.0,10.0,2.1400661634962708,False,2,2,2
7.0,1.0,2.0,2.0,1.0,3.0,1.0,2.0,742.5,3.0,3.0,3.0,3.0,3.0,4.0,3.0,4.0,6.61136876590021,True,3,3,3
5.0,1.0,1.0,1.0,6.0,2.0,1.0,2.0,30.0,1.0,5.0,1.0,4.0,5.0,6.0,4.0,7.0,3.4339872044851463,False,0,0,0
5.0,1.0,2.0,2.0,7.0,2.0,2.0,1.0,1090.0,1.0,2.0,3.0,4.0,10.0,8.0,5.0,10.0,6.994849985833071,True,2,2,2
6.0,2.0,1.0,2.0,7.0,5.0,1.0,5.0,300.0,3.0,4.0,2.0,4.0,9.0,7.0,5.0,9.0,5.707110264748875,True,3,3,3
6.0,2.0,1.0,1.0,7.0,5.0,1.0,5.0,630.0,1.0,3.0,1.0,3.0,7.0,7.0,5.0,5.0,6.447305862541213,True,0,0,0
5.0,1.0,3.0,2.0,5.0,5.0,1.0,1.0,0.0,1.0,3.0,1.0,4.0,7.0,7.0,4.0,7.0,0.0,False,2,2,2
3.0,1.0,1.0,2.0,5.0,7.0,1.0,1.0,312.5,4.0,4.0,2.0,4.0,7.0,7.0,3.0,6.0,5.7477993600729755,True,1,1,1
4.0,2.0,1.0,1.0,5.0,7.0,1.0,1.0,930.0,2.0,5.0,2.0,4.0,8.0,7.0,5.0,9.0,6.836259277277067,True,0,0,0
5.0,1.0,7.0,1.0,1.0,7.0,1.0,1.0,530.0,2.0,4.0,1.0,3.0,7.0,8.0,1.0,10.0,6.274762021241939,True,0,0,0
4.0,1.0,3.0,1.0,6.0,10.0,3.0,2.0,240.0,1.0,4.0,2.0,2.0,4.0,3.0,4.0,6.0,5.484796933490655,True,0,0,0
7.0,1.0,1.0,2.0,1.0,10.0,2.0,5.0,930.0,1.0,3.0,1.0,3.0,10.0,10.0,2.0,10.0,6.836259277277067,True,3,3,3
4.0,1.0,1.0,1.0,1.0,9.0,1.0,1.0,2400.0,1.0,5.0,1.0,3.0,5.0,5.0,4.0,6.0,7.783640596221253,True,0,0,0
5.0,1.0,1.0,2.0,6.0,9.0,1.0,1.0,410.0,1.0,4.0,2.0,3.0,7.0,8.0,4.0,9.0,6.018593214496234,True,1,1,1
3.0,1.0,1.0,2.0,12.0,9.0,2.0,2.0,190.0,2.0,4.0,3.0,3.0,7.0,7.0,3.0,8.0,5.25227342804663,True,3,3,3
4.0,1.0,6.0,2.0,5.0,8.0,1.0,2.0,1545.0,1.0,4.0,2.0,4.0,4.0,6.0,1.0,6.0,7.343426229147367,True,3,3,3
4.0,1.0,2.0,2.0,6.0,6.0,1.0,1.0,1177.5,5.0,2.0,2.0,4.0,7.0,6.0,2.0,8.0,7.071997722376186,True,2,2,2
2.0,2.0,1.0,1.0,10.0,8.0,1.0,1.0,330.0,2.0,5.0,2.0,2.0,5.0,7.0,2.0,7.0,5.802118375377063,True,0,0,0
6.0,1.0,1.0,2.0,7.0,5.0,3.0,2.0,0.0,3.0,5.0,4.0,3.0,5.0,5.0,4.0,5.0,0.0,False,3,3,3
5.0,1.0,1.0,2.0,6.0,8.0,1.0,1.0,637.5,4.0,5.0,1.0,4.0,7.0,6.0,4.0,8.0,6.459121675472594,True,1,1,1
4.0,1.0,1.0,2.0,6.0,5.0,1.0,10.0,457.5,1.0,4.0,1.0,3.0,6.0,8.0,4.0,7.0,6.127960291696519,True,3,3,3
5.0,1.0,1.0,2.0,3.0,3.0,1.0,1.0,100.0,1.0,5.0,2.0,4.0,9.0,9.0,5.0,10.0,4.61512051684126,False,1,1,1
3.0,1.0,6.0,2.0,10.0,3.0,2.0,1.0,547.5,2.0,4.0,3.0,3.0,5.0,5.0,1.0,4.0,6.307187279715285,True,2,2,2
7.0,5.0,2.0,2.0,7.0,3.0,4.0,2.0,56.25,3.0,4.0,3.0,3.0,4.0,5.0,2.0,5.0,4.047427642434349,False,3,3,3
7.0,1.0,1.0,1.0,1.0,5.0,1.0,2.0,720.0,1.0,5.0,2.0,3.0,8.0,7.0,5.0,10.0,6.580639137284949,True,0,0,0
3.0,1.0,2.0,2.0,5.0,7.0,2.0,1.0,0.0,2.0,5.0,3.0,3.0,7.0,5.0,3.0,4.0,0.0,False,2,2,2
5.0,1.0,1.0,2.0,1.0,6.0,1.0,1.0,877.5,1.0,4.0,2.0,4.0,7.0,6.0,2.0,6.0,6.7782159076271515,True,1,1,1
4.0,1.0,1.0,2.0,5.0,4.0,1.0,1.0,855.0,1.0,5.0,2.0,2.0,7.0,7.0,4.0,9.0,6.752270376141742,True,1,1,1
4.0,1.0,1.0,1.0,5.0,4.0,1.0,1.0,520.0,2.0,3.0,3.0,3.0,7.0,7.0,2.0,8.0,6.255750041753367,True,0,0,0
4.0,1.0,1.0,2.0,1.0,2.0,1.0,1.0,423.75,1.0,3.0,2.0,4.0,7.0,7.0,2.0,7.0,6.051500760552042,True,1,1,1
7.0,1.0,3.0,1.0,1.0,3.0,4.0,2.0,420.0,1.0,4.0,1.0,3.0,9.0,9.0,4.0,9.0,6.042632833682381,True,0,0,0
4.0,1.0,1.0,1.0,5.0,6.0,1.0,1.0,420.0,2.0,2.0,1.0,4.0,8.0,7.0,3.0,7.0,6.042632833682381,True,0,0,0
6.0,1.0,1.0,2.0,4.0,4.0,2.0,7.0,90.0,1.0,5.0,2.0,4.0,10.0,8.0,3.0,9.0,4.51085950651685,False,3,3,3
3.0,1.0,1.0,2.0,11.0,4.0,1.0,1.0,1132.5,1.0,5.0,2.0,2.0,9.0,9.0,5.0,10.0,7.033065469947584,True,1,1,1
4.0,1.0,2.0,1.0,1.0,3.0,1.0,1.0,690.0,2.0,4.0,2.0,2.0,6.0,8.0,2.0,8.0,6.53813982376767,True,0,0,0
3.0,1.0,5.0,2.0,1.0,2.0,4.0,8.0,0.0,4.0,5.0,3.0,3.0,7.0,8.0,3.0,7.0,0.0,False,3,3,3
4.0,1.0,1.0,1.0,1.0,2.0,1.0,1.0,1950.0,1.0,4.0,3.0,3.0,6.0,6.0,2.0,6.0,7.576097340623111,True,0,0,0
5.0,3.0,3.0,2.0,3.0,3.0,1.0,6.0,0.0,3.0,5.0,3.0,3.0,8.0,6.0,4.0,7.0,0.0,False,3,3,3
2.0,1.0,1.0,2.0,2.0,9.0,4.0,1.0,1470.0,1.0,4.0,1.0,3.0,6.0,7.0,2.0,7.0,7.293697720601438,True,1,1,1
3.0,1.0,1.0,1.0,5.0,5.0,1.0,1.0,480.0,4.0,3.0,2.0,2.0,6.0,6.0,3.0,7.0,6.175867270105761,True,0,0,0
4.0,1.0,1.0,2.0,5.0,4.0,1.0,1.0,382.5,2.0,4.0,3.0,4.0,6.0,8.0,4.0,8.0,5.949339620807311,True,1,1,1
5.0,1.0,1.0,2.0,7.0,3.0,1.0,2.0,1575.0,3.0,5.0,3.0,1.0,7.0,7.0,2.0,7.0,7.362645270417825,True,3,3,3
4.0,1.0,2.0,2.0,6.0,3.0,2.0,2.0,648.75,2.0,4.0,2.0,3.0,6.0,7.0,2.0,7.0,6.4765876735216,True,3,3,3
4.0,1.0,1.0,1.0,6.0,3.0,1.0,1.0,465.0,1.0,2.0,2.0,3.0,2.0,6.0,3.0,3.0,6.144185634125646,True,0,0,0
6.0,1.0,2.0,2.0,1.0,2.0,1.0,1.0,292.5,2.0,4.0,2.0,4.0,9.0,8.0,2.0,6.0,5.681877639268151,True,2,2,2
4.0,1.0,2.0,1.0,6.0,3.0,1.0,1.0,435.0,1.0,4.0,3.0,3.0,5.0,7.0,3.0,8.0,6.077642243349034,True,0,0,0
3.0,1.0,3.0,2.0,5.0,2.0,1.0,1.0,0.0,1.0,5.0,3.0,2.0,7.0,7.0,2.0,5.0,0.0,False,2,2,2
6.0,1.0,2.0,1.0,1.0,4.0,3.0,4.0,0.0,2.0,4.0,2.0,4.0,8.0,8.0,2.0,8.0,0.0,False,0,0,0
7.0,1.0,1.0,1.0,5.0,5.0,1.0,2.0,180.0,5.0,5.0,2.0,3.0,5.0,2.0,5.0,3.0,5.198497031265826,True,0,0,0
4.0,1.0,6.0,2.0,1.0,6.0,1.0,1.0,1053.75,4.0,4.0,1.0,4.0,6.0,6.0,4.0,7.0,6.961059051004448,True,2,2,2
7.0,1.0,1.0,1.0,7.0,3.0,1.0,5.0,2550.0,1.0,5.0,1.0,3.0,9.0,9.0,4.0,9.0,7.844240718141811,True,0,0,0
2.0,2.0,4.0,2.0,10.0,3.0,4.0,8.0,2463.0,2.0,3.0,3.0,4.0,7.0,4.0,3.0,7.0,7.80954132465341,True,3,3,3
3.0,6.0,4.0,1.0,10.0,3.0,2.0,5.0,0.0,2.0,4.0,2.0,4.0,10.0,5.0,3.0,10.0,0.0,False,0,0,0
4.0,1.0,1.0,2.0,10.0,9.0,1.0,2.0,1080.0,2.0,4.0,2.0,3.0,8.0,7.0,3.0,7.0,6.985641817639208,True,3,3,3
2.0,4.0,1.0,2.0,10.0,9.0,4.0,8.0,1981.5,1.0,5.0,1.0,4.0,7.0,7.0,3.0,8.0,7.592113953509003,True,3,3,3
4.0,1.0,1.0,2.0,6.0,10.0,1.0,6.0,600.0,2.0,5.0,2.0,3.0,5.0,6.0,3.0,7.0,6.398594934535208,True,3,3,3
2.0,3.0,1.0,2.0,10.0,9.0,4.0,8.0,2520.0,2.0,2.0,2.0,4.0,6.0,6.0,1.0,6.0,7.83241092718792,True,3,3,3
5.0,1.0,1.0,2.0,6.0,9.0,1.0,1.0,357.5,1.0,4.0,2.0,4.0,8.0,9.0,4.0,8.0,5.881928660039675,True,1,1,1
4.0,1.0,2.0,1.0,6.0,3.0,2.0,1.0,300.0,1.0,5.0,2.0,4.0,8.0,8.0,4.0,8.0,5.707110264748875,True,0,0,0
4.0,1.0,2.0,2.0,6.0,3.0,1.0,6.0,345.0,1.0,4.0,2.0,2.0,9.0,8.0,3.0,8.0,5.846438775057725,True,3,3,3
5.0,1.0,1.0,2.0,3.0,3.0,1.0,1.0,540.0,3.0,5.0,2.0,3.0,5.0,7.0,2.0,6.0,6.293419278846481,True,1,1,1
3.0,2.0,3.0,1.0,11.0,4.0,3.0,7.0,300.0,1.0,3.0,1.0,3.0,5.0,4.0,1.0,4.0,5.707110264748875,True,0,0,0
2.0,1.0,3.0,1.0,3.0,3.0,1.0,6.0,122.0,1.0,2.0,1.0,4.0,5.0,1.0,2.0,5.0,4.812184355372417,False,0,0,0
3.0,2.0,7.0,2.0,10.0,2.0,3.0,3.0,330.0,2.0,4.0,2.0,3.0,6.0,6.0,4.0,6.0,5.802118375377063,True,3,3,3
2.0,3.0,1.0,2.0,10.0,2.0,4.0,8.0,15539.0,2.0,5.0,2.0,1.0,2.0,0.0,1.0,2.0,9.651172623921639,True,3,3,3
3.0,1.0,2.0,2.0,5.0,3.0,1.0,1.0,570.0,3.0,5.0,3.0,3.0,7.0,6.0,4.0,5.0,6.3473892096560105,True,2,2,2
3.0,1.0,5.0,2.0,2.0,3.0,1.0,1.0,1815.0,1.0,5.0,2.0,3.0,5.0,7.0,2.0,7.0,7.504391559161238,True,2,2,2
4.0,1.0,5.0,2.0,1.0,4.0,1.0,1.0,0.0,3.0,4.0,3.0,3.0,5.0,5.0,3.0,5.0,0.0,False,2,2,2
3.0,1.0,1.0,1.0,5.0,2.0,1.0,1.0,390.0,1.0,4.0,1.0,1.0,6.0,7.0,4.0,7.0,5.968707559985366,True,0,0,0
3.0,1.0,2.0,2.0,5.0,2.0,1.0,1.0,75.0,1.0,5.0,2.0,2.0,7.0,8.0,4.0,8.0,4.330733340286331,False,2,2,2
3.0,5.0,3.0,2.0,1.0,4.0,3.0,6.0,225.0,3.0,3.0,4.0,3.0,5.0,5.0,2.0,5.0,5.420534999272286,True,3,3,3
6.0,3.0,3.0,1.0,8.0,3.0,1.0,2.0,75.0,3.0,4.0,3.0,3.0,5.0,5.0,2.0,5.0,4.330733340286331,False,0,0,0
2.0,1.0,4.0,1.0,10.0,2.0,4.0,8.0,890.0,3.0,4.0,1.0,3.0,10.0,5.0,3.0,6.0,6.792344427470809,True,0,0,0
3.0,1.0,3.0,1.0,2.0,3.0,1.0,1.0,300.0,2.0,2.0,3.0,4.0,7.0,4.0,2.0,6.0,5.707110264748875,True,0,0,0
5.0,1.0,1.0,1.0,6.0,8.0,4.0,8.0,727.5,2.0,5.0,5.0,4.0,10.0,7.0,4.0,9.0,6.590987625635259,True,0,0,0
4.0,1.0,1.0,2.0,6.0,7.0,1.0,1.0,597.5,2.0,4.0,3.0,4.0,6.0,7.0,4.0,7.0,6.394426524998027,True,1,1,1
3.0,3.0,3.0,2.0,9.0,5.0,1.0,6.0,0.0,2.0,5.0,2.0,1.0,6.0,7.0,2.0,8.0,0.0,False,3,3,3
7.0,1.0,1.0,1.0,5.0,6.0,1.0,5.0,780.0,1.0,4.0,2.0,4.0,8.0,9.0,5.0,8.0,6.660575149839686,True,0,0,0
7.0,2.0,3.0,2.0,5.0,6.0,1.0,5.0,120.0,2.0,5.0,2.0,3.0,6.0,6.0,3.0,7.0,4.795790545596741,False,3,3,3
4.0,1.0,4.0,1.0,5.0,7.0,3.0,1.0,0.0,2.0,5.0,1.0,1.0,5.0,5.0,3.0,6.0,0.0,False,0,0,0
4.0,1.0,3.0,1.0,6.0,6.0,1.0,1.0,480.0,2.0,4.0,4.0,3.0,7.0,8.0,3.0,5.0,6.175867270105761,True,0,0,0
2.0,3.0,1.0,2.0,10.0,5.0,4.0,8.0,930.0,2.0,4.0,3.0,2.0,4.0,7.0,3.0,7.0,6.836259277277067,True,3,3,3
5.0,3.0,3.0,1.0,1.0,5.0,3.0,1.0,90.0,1.0,4.0,1.0,1.0,0.0,0.0,2.0,3.0,4.51085950651685,False,0,0,0
5.0,3.0,3.0,2.0,5.0,5.0,3.0,2.0,0.0,1.0,4.0,1.0,2.0,7.0,8.0,3.0,10.0,0.0,False,3,3,3
3.0,1.0,3.0,2.0,5.0,6.0,1.0,2.0,150.0,2.0,3.0,2.0,3.0,5.0,5.0,3.0,5.0,5.017279836814924,True,3,3,3
4.0,2.0,3.0,2.0,5.0,5.0,1.0,1.0,0.0,2.0,2.0,2.0,3.0,8.0,8.0,3.0,7.0,0.0,False,2,2,2
3.0,1.0,1.0,1.0,5.0,7.0,1.0,1.0,450.0,1.0,2.0,4.0,2.0,7.0,7.0,4.0,5.0,6.111467339502679,True,0,0,0
5.0,1.0,1.0,2.0,6.0,9.0,1.0,6.0,375.0,2.0,3.0,2.0,3.0,8.0,7.0,4.0,6.0,5.929589143389895,True,3,3,3
7.0,1.0,1.0,1.0,1.0,9.0,1.0,5.0,0.0,1.0,3.0,2.0,3.0,9.0,6.0,3.0,6.0,0.0,False,0,0,0
4.0,1.0,2.0,1.0,6.0,10.0,1.0,1.0,720.0,1.0,4.0,1.0,4.0,4.0,5.0,4.0,6.0,6.580639137284949,True,0,0,0
4.0,3.0,1.0,2.0,6.0,9.0,2.0,1.0,990.0,1.0,3.0,1.0,4.0,9.0,7.0,3.0,5.0,6.898714534329988,True,1,1,1
4.0,1.0,1.0,2.0,1.0,7.0,1.0,1.0,480.0,1.0,2.0,2.0,4.0,6.0,7.0,2.0,8.0,6.175867270105761,True,1,1,1
4.0,1.0,2.0,2.0,5.0,10.0,1.0,1.0,60.0,1.0,2.0,3.0,4.0,6.0,7.0,1.0,5.0,4.110873864173311,False,2,2,2
3.0,1.0,2.0,2.0,2.0,9.0,1.0,1.0,0.0,2.0,5.0,3.0,4.0,5.0,5.0,2.0,6.0,0.0,False,2,2,2
5.0,1.0,2.0,1.0,6.0,9.0,1.0,1.0,515.0,1.0,3.0,2.0,4.0,8.0,8.0,3.0,6.0,6.246106765481563,True,0,0,0
4.0,1.0,1.0,1.0,6.0,7.0,1.0,3.0,255.0,1.0,5.0,3.0,4.0,9.0,9.0,5.0,9.0,5.545177444479562,True,0,0,0
5.0,1.0,3.0,2.0,6.0,9.0,1.0,2.0,960.0,2.0,5.0,2.0,2.0,5.0,7.0,4.0,9.0,6.8679744089702925,True,3,3,3
6.0,1.0,1.0,1.0,5.0,10.0,1.0,5.0,3510.0,1.0,3.0,1.0,4.0,8.0,8.0,5.0,8.0,8.163656176168432,True,0,0,0
7.0,1.0,1.0,1.0,5.0,10.0,2.0,5.0,90.0,2.0,4.0,2.0,4.0,9.0,9.0,4.0,8.0,4.51085950651685,False,0,0,0
7.0,1.0,1.0,2.0,1.0,9.0,1.0,5.0,255.0,3.0,4.0,3.0,5.0,5.0,6.0,4.0,3.0,5.545177444479562,True,3,3,3
2.0,2.0,6.0,2.0,10.0,5.0,4.0,8.0,0.0,2.0,4.0,3.0,3.0,7.0,5.0,3.0,5.0,0.0,False,3,3,3
3.0,1.0,1.0,1.0,5.0,4.0,4.0,8.0,470.0,1.0,5.0,2.0,5.0,6.0,7.0,2.0,7.0,6.154858094016418,True,0,0,0
4.0,1.0,3.0,2.0,6.0,2.0,4.0,1.0,420.0,1.0,4.0,3.0,2.0,5.0,3.0,5.0,10.0,6.042632833682381,True,3,3,3
5.0,1.0,4.0,2.0,7.0,3.0,1.0,1.0,90.0,2.0,5.0,1.0,3.0,10.0,10.0,5.0,10.0,4.51085950651685,False,2,2,2
3.0,1.0,1.0,1.0,5.0,5.0,1.0,1.0,380.0,3.0,5.0,3.0,3.0,8.0,8.0,5.0,8.0,5.942799375126701,True,0,0,0
4.0,1.0,1.0,2.0,1.0,2.0,1.0,1.0,0.0,1.0,5.0,1.0,3.0,6.0,5.0,2.0,8.0,0.0,False,1,1,1
4.0,1.0,3.0,2.0,5.0,4.0,1.0,2.0,0.0,3.0,3.0,2.0,3.0,9.0,7.0,5.0,2.0,0.0,False,3,3,3
3.0,1.0,2.0,2.0,5.0,2.0,1.0,1.0,240.0,1.0,2.0,1.0,3.0,6.0,7.0,2.0,8.0,5.484796933490655,True,2,2,2
3.0,1.0,1.0,1.0,5.0,6.0,2.0,1.0,660.0,1.0,5.0,2.0,4.0,7.0,9.0,3.0,8.0,6.493753839851686,True,0,0,0
5.0,2.0,2.0,1.0,3.0,6.0,2.0,1.0,360.0,1.0,4.0,2.0,2.0,4.0,5.0,3.0,5.0,5.8888779583328805,True,0,0,0
7.0,1.0,1.0,1.0,5.0,10.0,1.0,5.0,1167.5,2.0,2.0,3.0,4.0,7.0,8.0,4.0,8.0,7.063476153978913,True,0,0,0
7.0,1.0,1.0,2.0,5.0,10.0,1.0,5.0,1215.0,1.0,5.0,1.0,4.0,8.0,8.0,5.0,7.0,7.103322062526113,True,3,3,3
3.0,1.0,1.0,2.0,6.0,9.0,1.0,1.0,120.0,4.0,5.0,2.0,4.0,8.0,8.0,4.0,10.0,4.795790545596741,False,1,1,1
3.0,2.0,1.0,1.0,6.0,9.0,1.0,1.0,150.0,1.0,5.0,2.0,3.0,9.0,9.0,4.0,9.0,5.017279836814924,True,0,0,0
5.0,6.0,1.0,2.0,1.0,8.0,3.0,4.0,0.0,2.0,4.0,2.0,4.0,6.0,5.0,2.0,5.0,0.0,False,3,3,3
3.0,1.0,1.0,2.0,5.0,8.0,2.0,1.0,270.0,2.0,4.0,2.0,4.0,6.0,7.0,4.0,4.0,5.602118820879701,True,1,1,1
2.0,3.0,6.0,2.0,10.0,3.0,4.0,8.0,892.5,1.0,5.0,1.0,3.0,10.0,8.0,3.0,10.0,6.795146334599483,True,3,3,3
5.0,2.0,1.0,1.0,7.0,6.0,1.0,1.0,1680.0,1.0,5.0,1.0,4.0,7.0,8.0,5.0,8.0,7.427144133408616,True,0,0,0
6.0,1.0,1.0,2.0,5.0,7.0,1.0,6.0,35.0,4.0,4.0,2.0,3.0,9.0,8.0,4.0,9.0,3.58351893845611,False,3,3,3
4.0,1.0,2.0,2.0,5.0,6.0,1.0,1.0,2700.0,2.0,5.0,2.0,4.0,9.0,9.0,4.0,9.0,7.901377353792616,True,2,2,2
7.0,2.0,1.0,1.0,7.0,6.0,1.0,1.0,360.0,2.0,5.0,2.0,4.0,7.0,7.0,4.0,8.0,5.8888779583328805,True,0,0,0
3.0,1.0,1.0,1.0,5.0,2.0,1.0,1.0,307.5,2.0,2.0,3.0,3.0,5.0,7.0,3.0,6.0,5.731721843345443,True,0,0,0
4.0,2.0,1.0,2.0,5.0,2.0,1.0,2.0,590.0,3.0,5.0,2.0,3.0,8.0,7.0,3.0,7.0,6.3818160174060985,True,3,3,3
4.0,1.0,1.0,1.0,5.0,2.0,1.0,1.0,2550.0,1.0,3.0,2.0,3.0,8.0,8.0,2.0,8.0,7.844240718141811,True,0,0,0
4.0,1.0,3.0,1.0,6.0,2.0,1.0,1.0,540.0,1.0,5.0,1.0,5.0,8.0,8.0,2.0,8.0,6.293419278846481,True,0,0,0
3.0,1.0,5.0,2.0,1.0,3.0,1.0,1.0,540.0,2.0,5.0,2.0,4.0,5.0,5.0,1.0,6.0,6.293419278846481,True,2,2,2
5.0,2.0,2.0,1.0,1.0,3.0,1.0,1.0,1072.5,2.0,4.0,3.0,3.0,6.0,5.0,2.0,7.0,6.978679617318836,True,0,0,0
4.0,1.0,1.0,1.0,1.0,4.0,1.0,1.0,1015.0,1.0,5.0,4.0,1.0,6.0,7.0,3.0,6.0,6.923628628138427,True,0,0,0
4.0,1.0,2.0,1.0,6.0,3.0,1.0,1.0,855.0,1.0,5.0,1.0,4.0,9.0,9.0,4.0,9.0,6.752270376141742,True,0,0,0
4.0,1.0,2.0,1.0,5.0,10.0,1.0,1.0,180.0,1.0,4.0,2.0,3.0,8.0,8.0,5.0,8.0,5.198497031265826,True,0,0,0
4.0,1.0,5.0,2.0,1.0,6.0,1.0,1.0,120.0,1.0,3.0,2.0,3.0,6.0,7.0,2.0,9.0,4.795790545596741,False,2,2,2
2.0,1.0,1.0,1.0,5.0,4.0,1.0,1.0,975.0,1.0,5.0,2.0,4.0,8.0,8.0,3.0,8.0,6.883462586413092,True,0,0,0
3.0,1.0,1.0,2.0,2.0,7.0,1.0,1.0,1040.0,1.0,4.0,2.0,3.0,8.0,8.0,3.0,10.0,6.947937068614969,True,1,1,1
3.0,1.0,4.0,2.0,2.0,7.0,2.0,1.0,835.0,1.0,5.0,1.0,5.0,5.0,6.0,2.0,4.0,6.728628613084702,True,2,2,2
5.0,6.0,3.0,1.0,3.0,4.0,4.0,1.0,15.0,2.0,3.0,2.0,4.0,8.0,7.0,3.0,8.0,2.772588722239781,False,0,0,0
5.0,1.0,1.0,2.0,3.0,5.0,1.0,10.0,770.0,2.0,5.0,2.0,4.0,4.0,5.0,2.0,5.0,6.647688373563329,True,3,3,3
6.0,1.0,1.0,1.0,1.0,4.0,2.0,2.0,76.0,3.0,3.0,3.0,3.0,5.0,5.0,4.0,5.0,4.343805421853684,False,0,0,0
2.0,1.0,6.0,2.0,10.0,3.0,1.0,2.0,1955.0,1.0,1.0,1.0,5.0,10.0,10.0,3.0,10.0,7.578656850594762,True,3,3,3
7.0,1.0,1.0,2.0,5.0,2.0,1.0,5.0,960.0,2.0,4.0,2.0,4.0,4.0,4.0,3.0,8.0,6.8679744089702925,True,3,3,3
6.0,1.0,1.0,2.0,3.0,5.0,1.0,2.0,690.0,5.0,5.0,3.0,4.0,3.0,4.0,2.0,6.0,6.53813982376767,True,3,3,3
4.0,1.0,1.0,1.0,5.0,3.0,1.0,1.0,835.0,2.0,5.0,2.0,4.0,8.0,8.0,4.0,7.0,6.728628613084702,True,0,0,0
6.0,3.0,1.0,2.0,4.0,1.0,3.0,7.0,0.0,3.0,4.0,3.0,3.0,4.0,5.0,3.0,6.0,0.0,False,3,3,3
4.0,1.0,2.0,1.0,1.0,2.0,1.0,1.0,225.0,2.0,4.0,2.0,4.0,9.0,8.0,5.0,10.0,5.420534999272286,True,0,0,0
3.0,1.0,1.0,2.0,5.0,5.0,1.0,1.0,5205.0,1.0,3.0,4.0,3.0,8.0,8.0,2.0,8.0,8.55756708555451,True,1,1,1
3.0,1.0,4.0,2.0,2.0,7.0,1.0,1.0,487.5,2.0,3.0,3.0,3.0,7.0,4.0,1.0,5.0,6.191339471482838,True,2,2,2
5.0,1.0,1.0,1.0,1.0,7.0,1.0,1.0,420.0,2.0,4.0,2.0,4.0,8.0,8.0,4.0,8.0,6.042632833682381,True,0,0,0
3.0,1.0,1.0,1.0,5.0,9.0,1.0,1.0,4590.0,1.0,5.0,2.0,2.0,10.0,9.0,2.0,8.0,8.431853144249223,True,0,0,0
3.0,1.0,1.0,2.0,5.0,9.0,1.0,1.0,1305.0,2.0,4.0,2.0,4.0,8.0,9.0,3.0,8.0,7.174724309836376,True,1,1,1
7.0,1.0,1.0,1.0,5.0,9.0,1.0,5.0,1030.0,1.0,3.0,1.0,4.0,6.0,6.0,3.0,7.0,6.93828448401696,True,0,0,0
5.0,1.0,6.0,2.0,1.0,10.0,1.0,1.0,225.0,1.0,3.0,1.0,4.0,9.0,9.0,4.0,9.0,5.420534999272286,True,2,2,2
3.0,1.0,2.0,2.0,5.0,4.0,1.0,10.0,277.5,3.0,4.0,3.0,4.0,3.0,8.0,3.0,7.0,5.629418059367339,True,3,3,3
6.0,1.0,1.0,1.0,7.0,9.0,1.0,2.0,560.0,1.0,4.0,2.0,4.0,10.0,10.0,5.0,9.0,6.329720905522696,True,0,0,0
6.0,1.0,1.0,2.0,7.0,9.0,1.0,5.0,2870.0,2.0,4.0,2.0,4.0,8.0,9.0,5.0,9.0,7.962415680121064,True,3,3,3
5.0,2.0,4.0,2.0,10.0,7.0,2.0,1.0,0.0,3.0,4.0,2.0,2.0,7.0,10.0,3.0,6.0,0.0,False,2,2,2
6.0,1.0,1.0,2.0,11.0,9.0,1.0,5.0,3360.0,1.0,5.0,2.0,4.0,7.0,10.0,4.0,8.0,8.119993827725105,True,3,3,3
3.0,1.0,1.0,2.0,5.0,7.0,1.0,1.0,623.75,2.0,4.0,4.0,4.0,7.0,5.0,2.0,5.0,6.437351569715061,True,1,1,1
7.0,1.0,1.0,1.0,1.0,8.0,1.0,5.0,390.0,2.0,4.0,3.0,4.0,8.0,7.0,3.0,6.0,5.968707559985366,True,0,0,0
4.0,1.0,2.0,2.0,1.0,6.0,1.0,1.0,810.0,1.0,4.0,3.0,4.0,5.0,7.0,3.0,9.0,6.698268054115413,True,2,2,2
6.0,1.0,1.0,1.0,5.0,8.0,1.0,5.0,120.0,1.0,4.0,2.0,4.0,9.0,10.0,4.0,9.0,4.795790545596741,False,0,0,0
4.0,1.0,3.0,2.0,1.0,8.0,2.0,3.0,877.5,2.0,4.0,2.0,3.0,8.0,8.0,3.0,10.0,6.7782159076271515,True,3,3,3
4.0,1.0,6.0,2.0,1.0,9.0,1.0,1.0,330.0,2.0,4.0,2.0,2.0,6.0,6.0,2.0,6.0,5.802118375377063,True,2,2,2
4.0,1.0,3.0,2.0,10.0,9.0,2.0,2.0,360.0,2.0,3.0,3.0,4.0,5.0,7.0,3.0,8.0,5.8888779583328805,True,3,3,3
3.0,1.0,1.0,1.0,2.0,4.0,1.0,1.0,1846.25,1.0,4.0,2.0,4.0,8.0,8.0,4.0,7.0,7.521453325668757,True,0,0,0
5.0,1.0,5.0,2.0,5.0,2.0,1.0,1.0,0.0,1.0,5.0,3.0,3.0,7.0,8.0,2.0,8.0,0.0,False,2,2,2
6.0,1.0,2.0,1.0,5.0,2.0,2.0,2.0,360.0,1.0,3.0,1.0,2.0,7.0,5.0,3.0,6.0,5.8888779583328805,True,0,0,0
3.0,1.0,2.0,1.0,1.0,6.0,1.0,1.0,155.0,4.0,4.0,2.0,2.0,7.0,6.0,3.0,7.0,5.049856007249537,True,0,0,0
4.0,1.0,2.0,2.0,6.0,7.0,1.0,1.0,0.0,2.0,4.0,2.0,4.0,8.0,7.0,4.0,10.0,0.0,False,2,2,2
5.0,1.0,1.0,2.0,5.0,5.0,1.0,1.0,835.0,1.0,4.0,3.0,3.0,5.0,6.0,3.0,8.0,6.728628613084702,True,1,1,1
2.0,2.0,1.0,1.0,1.0,3.0,2.0,1.0,120.0,1.0,2.0,2.0,5.0,7.0,7.0,4.0,0.0,4.795790545596741,False,0,0,0
3.0,6.0,1.0,1.0,10.0,2.0,3.0,7.0,0.0,4.0,4.0,4.0,2.0,0.0,0.0,1.0,0.0,0.0,False,3,0,0
4.0,1.0,2.0,2.0,1.0,2.0,1.0,1.0,360.0,2.0,5.0,2.0,4.0,7.0,8.0,3.0,6.0,5.8888779583328805,True,2,2,2
6.0,1.0,1.0,2.0,1.0,10.0,2.0,5.0,1200.0,3.0,4.0,2.0,4.0,8.0,7.0,4.0,7.0,7.0909098220799835,True,3,3,3
6.0,1.0,1.0,1.0,5.0,9.0,1.0,1.0,750.0,3.0,5.0,3.0,3.0,8.0,9.0,4.0,10.0,6.621405651764134,True,0,0,0
7.0,1.0,1.0,1.0,5.0,9.0,1.0,5.0,1350.0,1.0,4.0,2.0,4.0,9.0,8.0,4.0,7.0,7.208600337960199,True,0,0,0
3.0,1.0,1.0,1.0,5.0,9.0,1.0,1.0,720.0,1.0,1.0,2.0,5.0,8.0,8.0,3.0,8.0,6.580639137284949,True,0,0,0
5.0,1.0,1.0,1.0,10.0,10.0,1.0,1.0,0.0,2.0,2.0,2.0,4.0,8.0,8.0,4.0,8.0,0.0,False,0,0,0
6.0,1.0,1.0,2.0,5.0,9.0,1.0,2.0,517.5,4.0,4.0,2.0,4.0,8.0,8.0,3.0,7.0,6.250940027669582,True,3,3,3
2.0,3.0,4.0,2.0,10.0,1.0,4.0,8.0,281.25,2.0,3.0,2.0,3.0,6.0,7.0,3.0,5.0,5.642793203029772,True,3,3,3
5.0,2.0,4.0,2.0,3.0,2.0,3.0,2.0,300.0,2.0,3.0,2.0,4.0,10.0,8.0,5.0,8.0,5.707110264748875,True,3,3,3
3.0,1.0,1.0,2.0,2.0,3.0,1.0,1.0,605.0,1.0,5.0,2.0,1.0,7.0,9.0,4.0,8.0,6.406879986069314,True,1,1,1
3.0,1.0,4.0,2.0,1.0,3.0,1.0,1.0,0.0,3.0,4.0,1.0,1.0,10.0,10.0,5.0,10.0,0.0,False,2,2,2
5.0,1.0,3.0,1.0,6.0,5.0,1.0,1.0,25.0,1.0,3.0,3.0,5.0,10.0,8.0,2.0,10.0,3.258096538021482,False,0,0,0
4.0,2.0,3.0,2.0,6.0,5.0,1.0,10.0,0.0,3.0,3.0,3.0,4.0,6.0,7.0,2.0,7.0,0.0,False,3,3,3
5.0,1.0,4.0,1.0,6.0,2.0,3.0,1.0,0.0,2.0,5.0,2.0,3.0,7.0,7.0,4.0,7.0,0.0,False,0,0,0
2.0,2.0,3.0,2.0,10.0,2.0,4.0,8.0,1030.0,2.0,5.0,2.0,4.0,7.0,7.0,3.0,7.0,6.93828448401696,True,3,3,3
2.0,3.0,1.0,2.0,11.0,3.0,4.0,8.0,0.0,3.0,5.0,2.0,1.0,4.0,5.0,2.0,3.0,0.0,False,3,3,3
5.0,3.0,1.0,2.0,4.0,2.0,1.0,1.0,135.0,4.0,4.0,4.0,2.0,4.0,5.0,1.0,3.0,4.912654885736052,False,3,3,3
3.0,1.0,6.0,2.0,6.0,2.0,2.0,1.0,70.0,2.0,5.0,2.0,4.0,6.0,6.0,1.0,3.0,4.2626798770413155,False,2,2,2
7.0,1.0,2.0,1.0,5.0,2.0,4.0,5.0,600.0,2.0,4.0,2.0,3.0,7.0,7.0,3.0,6.0,6.398594934535208,True,0,0,0
5.0,1.0,1.0,1.0,6.0,8.0,1.0,1.0,1050.0,2.0,5.0,2.0,4.0,5.0,5.0,1.0,3.0,6.957497370876951,True,0,0,0
6.0,1.0,1.0,2.0,5.0,9.0,1.0,2.0,0.0,2.0,4.0,1.0,4.0,7.0,8.0,4.0,9.0,0.0,False,3,3,3
6.0,1.0,6.0,2.0,5.0,9.0,1.0,1.0,720.0,2.0,4.0,3.0,3.0,8.0,8.0,4.0,8.0,6.580639137284949,True,2,2,2
6.0,1.0,1.0,1.0,5.0,9.0,1.0,2.0,1000.0,2.0,5.0,3.0,4.0,6.0,7.0,3.0,7.0,6.90875477931522,True,0,0,0
7.0,3.0,2.0,1.0,5.0,8.0,1.0,5.0,525.0,2.0,4.0,2.0,4.0,9.0,9.0,4.0,8.0,6.26530121273771,True,0,0,0
6.0,3.0,1.0,2.0,1.0,8.0,2.0,1.0,300.0,2.0,4.0,2.0,4.0,8.0,9.0,2.0,9.0,5.707110264748875,True,1,1,1
6.0,2.0,3.0,2.0,1.0,3.0,2.0,10.0,1202.5,3.0,4.0,3.0,4.0,8.0,7.0,2.0,10.0,7.092989257223127,True,3,3,3
7.0,1.0,1.0,2.0,1.0,9.0,1.0,5.0,140.0,2.0,5.0,2.0,2.0,1.0,1.0,1.0,2.0,4.948759890378168,False,3,3,3
2.0,2.0,5.0,2.0,10.0,5.0,4.0,8.0,440.0,2.0,4.0,2.0,3.0,6.0,6.0,2.0,6.0,6.089044875446846,True,3,3,3
4.0,1.0,1.0,2.0,3.0,9.0,2.0,1.0,855.0,3.0,5.0,2.0,2.0,6.0,8.0,4.0,7.0,6.752270376141742,True,1,1,1
5.0,1.0,5.0,2.0,6.0,6.0,1.0,1.0,180.0,1.0,4.0,2.0,4.0,8.0,7.0,5.0,5.0,5.198497031265826,True,2,2,2
6.0,2.0,1.0,1.0,5.0,5.0,1.0,10.0,540.0,3.0,4.0,3.0,3.0,8.0,8.0,4.0,10.0,6.293419278846481,True,0,0,0
4.0,1.0,1.0,2.0,6.0,2.0,1.0,1.0,162.5,2.0,5.0,2.0,3.0,7.0,7.0,4.0,6.0,5.096812990337308,True,1,1,1
2.0,2.0,4.0,2.0,10.0,6.0,4.0,8.0,2813.5,2.0,5.0,2.0,3.0,5.0,4.0,3.0,5.0,7.9425399049040815,True,3,3,3
3.0,1.0,4.0,2.0,10.0,6.0,1.0,1.0,1545.0,1.0,4.0,2.0,3.0,8.0,6.0,2.0,6.0,7.343426229147367,True,2,2,2
7.0,3.0,2.0,2.0,5.0,7.0,2.0,5.0,825.0,2.0,4.0,2.0,4.0,8.0,7.0,4.0,8.0,6.716594773520978,True,3,3,3
6.0,3.0,1.0,1.0,5.0,7.0,2.0,1.0,525.0,3.0,4.0,2.0,4.0,10.0,10.0,5.0,10.0,6.26530121273771,True,0,0,0
7.0,2.0,1.0,1.0,5.0,10.0,1.0,5.0,1020.0,2.0,3.0,2.0,4.0,10.0,10.0,5.0,5.0,6.928537818164665,True,0,0,0
4.0,1.0,2.0,1.0,5.0,5.0,1.0,1.0,315.0,2.0,4.0,2.0,3.0,7.0,8.0,4.0,7.0,5.755742213586912,True,0,0,0
6.0,1.0,3.0,1.0,7.0,4.0,1.0,6.0,0.0,2.0,4.0,1.0,3.0,3.0,3.0,2.0,5.0,0.0,False,0,0,0
4.0,1.0,1.0,2.0,5.0,8.0,1.0,1.0,660.0,3.0,4.0,3.0,3.0,4.0,7.0,3.0,4.0,6.493753839851686,True,1,1,1
4.0,1.0,5.0,2.0,6.0,8.0,1.0,6.0,0.0,2.0,4.0,2.0,3.0,7.0,8.0,5.0,5.0,0.0,False,3,3,3
6.0,3.0,3.0,2.0,1.0,4.0,3.0,5.0,0.0,2.0,5.0,2.0,4.0,9.0,9.0,5.0,9.0,0.0,False,3,3,3
4.0,1.0,3.0,2.0,5.0,4.0,1.0,1.0,1207.5,1.0,5.0,2.0,2.0,6.0,7.0,4.0,6.0,7.097135200143538,True,2,2,2
4.0,1.0,1.0,2.0,5.0,4.0,1.0,1.0,1250.0,1.0,4.0,2.0,2.0,7.0,5.0,2.0,8.0,7.1316985104669115,True,1,1,1
3.0,1.0,6.0,1.0,1.0,3.0,4.0,8.0,900.0,1.0,1.0,1.0,5.0,7.0,7.0,2.0,7.0,6.803505257608338,True,0,0,0
3.0,1.0,6.0,2.0,5.0,3.0,1.0,1.0,840.0,2.0,4.0,2.0,3.0,7.0,6.0,1.0,10.0,6.734591659972948,True,2,2,2
3.0,1.0,1.0,1.0,5.0,3.0,1.0,1.0,1020.0,1.0,5.0,2.0,3.0,6.0,7.0,3.0,5.0,6.928537818164665,True,0,0,0
2.0,2.0,2.0,1.0,10.0,2.0,1.0,1.0,1770.0,1.0,3.0,1.0,2.0,4.0,2.0,2.0,8.0,7.479299637782834,True,0,0,0
2.0,2.0,3.0,2.0,10.0,5.0,4.0,8.0,320.0,4.0,2.0,3.0,2.0,7.0,6.0,2.0,9.0,5.771441123130016,True,3,3,3
7.0,3.0,1.0,2.0,5.0,6.0,2.0,5.0,225.0,4.0,3.0,3.0,2.0,8.0,5.0,5.0,8.0,5.420534999272286,True,3,3,3
5.0,1.0,1.0,1.0,5.0,1.0,1.0,1.0,1075.0,1.0,4.0,1.0,3.0,6.0,6.0,3.0,9.0,6.98100574072173,True,0,0,0
5.0,2.0,1.0,1.0,7.0,8.0,1.0,1.0,1080.0,1.0,4.0,3.0,2.0,7.0,7.0,3.0,3.0,6.985641817639208,True,0,0,0
5.0,1.0,1.0,2.0,7.0,8.0,1.0,1.0,0.0,4.0,3.0,3.0,3.0,7.0,7.0,3.0,6.0,0.0,False,1,1,1
5.0,1.0,2.0,1.0,6.0,5.0,1.0,1.0,1062.5,1.0,5.0,2.0,3.0,7.0,7.0,4.0,8.0,6.969320634640292,True,0,0,0
7.0,1.0,1.0,2.0,1.0,9.0,1.0,5.0,532.5,1.0,4.0,2.0,4.0,8.0,8.0,3.0,9.0,6.279459070741808,True,3,3,3
2.0,6.0,1.0,1.0,10.0,9.0,4.0,8.0,0.0,2.0,5.0,2.0,4.0,9.0,9.0,5.0,9.0,0.0,False,0,0,0
4.0,5.0,1.0,1.0,6.0,5.0,2.0,1.0,3708.0,1.0,5.0,2.0,4.0,6.0,8.0,4.0,7.0,8.21851757748959,True,0,0,0
4.0,1.0,4.0,2.0,6.0,8.0,1.0,1.0,341.25,2.0,5.0,2.0,3.0,8.0,8.0,3.0,9.0,5.835541464168558,True,2,2,2
6.0,1.0,1.0,2.0,7.0,7.0,1.0,1.0,4770.0,1.0,5.0,1.0,3.0,9.0,9.0,4.0,9.0,8.470311205516108,True,1,1,1
6.0,1.0,1.0,2.0,5.0,10.0,1.0,2.0,1695.0,2.0,4.0,2.0,5.0,10.0,8.0,4.0,9.0,7.4360278163518485,True,3,3,3
2.0,3.0,6.0,1.0,10.0,10.0,4.0,8.0,3990.0,2.0,5.0,2.0,4.0,7.0,5.0,2.0,7.0,8.291797105048733,True,0,0,0
5.0,1.0,1.0,2.0,7.0,6.0,3.0,2.0,450.0,1.0,1.0,1.0,4.0,4.0,4.0,2.0,6.0,6.111467339502679,True,3,3,3
6.0,3.0,1.0,1.0,7.0,9.0,2.0,1.0,0.0,3.0,5.0,2.0,3.0,9.0,9.0,5.0,9.0,0.0,False,0,0,0
7.0,1.0,1.0,2.0,6.0,10.0,1.0,2.0,0.0,3.0,5.0,2.0,3.0,2.0,5.0,2.0,9.0,0.0,False,3,3,3
4.0,5.0,2.0,2.0,5.0,8.0,2.0,2.0,1200.0,1.0,5.0,2.0,3.0,7.0,5.0,3.0,7.0,7.0909098220799835,True,3,3,3
4.0,1.0,2.0,2.0,1.0,2.0,1.0,1.0,212.5,4.0,4.0,2.0,2.0,4.0,6.0,1.0,4.0,5.363636832668679,True,2,2,2
6.0,3.0,1.0,2.0,4.0,6.0,3.0,10.0,1680.0,3.0,4.0,4.0,1.0,6.0,7.0,3.0,7.0,7.427144133408616,True,3,3,3
5.0,1.0,1.0,1.0,3.0,7.0,1.0,1.0,1015.0,1.0,3.0,2.0,4.0,8.0,8.0,2.0,8.0,6.923628628138427,True,0,0,0
2.0,3.0,6.0,1.0,10.0,9.0,4.0,8.0,382.5,1.0,4.0,1.0,4.0,10.0,9.0,3.0,10.0,5.949339620807311,True,0,0,0
5.0,1.0,5.0,1.0,7.0,8.0,1.0,1.0,365.0,2.0,3.0,3.0,4.0,8.0,8.0,4.0,8.0,5.902633333401366,True,0,0,0
4.0,1.0,1.0,2.0,6.0,9.0,1.0,1.0,0.0,3.0,3.0,3.0,4.0,7.0,9.0,5.0,7.0,0.0,False,1,1,1
2.0,6.0,1.0,2.0,10.0,5.0,4.0,8.0,3815.0,1.0,2.0,3.0,2.0,3.0,5.0,1.0,4.0,8.246958032568177,True,3,3,3
3.0,1.0,1.0,1.0,2.0,2.0,1.0,1.0,1470.0,1.0,4.0,1.0,3.0,5.0,5.0,2.0,7.0,7.293697720601438,True,0,0,0
4.0,1.0,2.0,2.0,2.0,6.0,1.0,1.0,90.0,2.0,2.0,2.0,4.0,5.0,7.0,1.0,5.0,4.51085950651685,False,2,2,2
3.0,1.0,1.0,2.0,5.0,5.0,1.0,1.0,4560.0,1.0,1.0,1.0,5.0,8.0,8.0,2.0,8.0,8.4252971767117,True,1,1,1
4.0,2.0,6.0,2.0,1.0,6.0,3.0,4.0,690.0,2.0,3.0,3.0,2.0,7.0,7.0,1.0,7.0,6.53813982376767,True,3,3,3
3.0,1.0,3.0,2.0,10.0,3.0,1.0,1.0,2965.0,2.0,5.0,3.0,3.0,7.0,4.0,2.0,4.0,7.994969522697877,True,2,2,2
5.0,1.0,3.0,2.0,1.0,4.0,2.0,1.0,240.0,3.0,4.0,2.0,3.0,9.0,8.0,3.0,8.0,5.484796933490655,True,2,2,2
4.0,2.0,1.0,2.0,6.0,8.0,2.0,6.0,1007.5,1.0,5.0,1.0,3.0,10.0,10.0,5.0,10.0,6.916219357394266,True,3,3,3
7.0,1.0,5.0,1.0,11.0,8.0,2.0,2.0,367.5,2.0,2.0,2.0,3.0,9.0,10.0,3.0,10.0,5.909440711629391,True,0,0,0
7.0,5.0,5.0,2.0,7.0,8.0,1.0,2.0,122.0,2.0,2.0,2.0,3.0,9.0,8.0,4.0,9.0,4.812184355372417,False,3,3,3
6.0,6.0,3.0,2.0,7.0,8.0,2.0,6.0,180.0,2.0,5.0,2.0,3.0,3.0,3.0,2.0,5.0,5.198497031265826,True,3,3,3
6.0,2.0,1.0,2.0,5.0,9.0,1.0,5.0,405.0,2.0,4.0,3.0,3.0,8.0,8.0,4.0,8.0,6.0063531596017325,True,3,3,3
6.0,3.0,1.0,1.0,5.0,9.0,1.0,2.0,1440.0,2.0,3.0,1.0,2.0,10.0,10.0,2.0,10.0,7.273092595999522,True,0,0,0
6.0,1.0,3.0,1.0,1.0,9.0,1.0,5.0,985.0,2.0,4.0,2.0,3.0,8.0,7.0,2.0,8.0,6.893656354602635,True,0,0,0
5.0,2.0,1.0,1.0,11.0,5.0,1.0,1.0,990.0,1.0,5.0,4.0,2.0,6.0,8.0,5.0,7.0,6.898714534329988,True,0,0,0
5.0,1.0,1.0,1.0,11.0,5.0,1.0,1.0,270.0,3.0,5.0,3.0,3.0,7.0,7.0,5.0,7.0,5.602118820879701,True,0,0,0
5.0,4.0,1.0,1.0,7.0,7.0,2.0,1.0,0.0,2.0,4.0,2.0,4.0,7.0,7.0,3.0,8.0,0.0,False,0,0,0
4.0,1.0,3.0,1.0,5.0,9.0,1.0,1.0,415.0,3.0,5.0,4.0,3.0,7.0,5.0,3.0,7.0,6.030685260261263,True,0,0,0
4.0,1.0,2.0,2.0,6.0,4.0,1.0,2.0,595.0,4.0,3.0,3.0,2.0,3.0,2.0,2.0,5.0,6.39024066706535,True,3,3,3
7.0,4.0,1.0,1.0,5.0,4.0,2.0,5.0,315.0,2.0,4.0,2.0,3.0,8.0,7.0,5.0,8.0,5.755742213586912,True,0,0,0
5.0,1.0,1.0,1.0,6.0,5.0,1.0,1.0,675.0,1.0,5.0,2.0,4.0,8.0,7.0,3.0,7.0,6.516193076042964,True,0,0,0
4.0,1.0,1.0,2.0,1.0,3.0,1.0,1.0,0.0,2.0,4.0,3.0,4.0,6.0,5.0,2.0,8.0,0.0,False,1,1,1
6.0,2.0,3.0,1.0,5.0,2.0,2.0,10.0,7.5,3.0,4.0,2.0,3.0,8.0,8.0,5.0,8.0,2.1400661634962708,False,0,0,0
5.0,1.0,3.0,2.0,2.0,3.0,1.0,6.0,420.0,5.0,5.0,3.0,3.0,8.0,8.0,5.0,5.0,6.042632833682381,True,3,3,3
6.0,1.0,3.0,2.0,11.0,3.0,2.0,5.0,0.0,5.0,3.0,3.0,3.0,8.0,8.0,5.0,5.0,0.0,False,3,3,3
4.0,1.0,3.0,1.0,6.0,3.0,1.0,1.0,0.0,1.0,3.0,3.0,5.0,6.0,7.0,3.0,7.0,0.0,False,0,0,0
4.0,1.0,1.0,2.0,5.0,6.0,1.0,1.0,1215.0,2.0,3.0,4.0,2.0,6.0,5.0,3.0,7.0,7.103322062526113,True,1,1,1
5.0,1.0,7.0,1.0,6.0,8.0,3.0,2.0,0.0,2.0,4.0,2.0,3.0,5.0,4.0,3.0,2.0,0.0,False,0,0,0
5.0,1.0,2.0,1.0,1.0,4.0,2.0,1.0,182.5,3.0,4.0,3.0,4.0,7.0,6.0,4.0,4.0,5.212214667494625,True,0,0,0
4.0,1.0,2.0,1.0,6.0,5.0,1.0,1.0,0.0,2.0,4.0,2.0,4.0,4.0,5.0,3.0,7.0,0.0,False,0,0,0
3.0,1.0,5.0,2.0,1.0,6.0,4.0,8.0,3120.0,3.0,5.0,2.0,3.0,9.0,8.0,4.0,9.0,8.045908742270779,True,3,3,3
5.0,1.0,2.0,2.0,7.0,4.0,1.0,1.0,490.0,3.0,2.0,3.0,4.0,8.0,7.0,5.0,7.0,6.19644412779452,True,2,2,2
4.0,1.0,1.0,2.0,5.0,8.0,1.0,1.0,1020.0,3.0,4.0,2.0,4.0,7.0,8.0,5.0,8.0,6.928537818164665,True,1,1,1
2.0,2.0,1.0,2.0,10.0,6.0,1.0,7.0,3150.0,3.0,3.0,2.0,3.0,2.0,3.0,1.0,4.0,8.055475141757274,True,3,3,3
6.0,1.0,1.0,2.0,5.0,3.0,1.0,2.0,450.0,1.0,3.0,2.0,4.0,4.0,5.0,2.0,2.0,6.111467339502679,True,3,3,3
6.0,1.0,4.0,1.0,5.0,3.0,1.0,2.0,2910.0,1.0,4.0,2.0,3.0,7.0,8.0,4.0,9.0,7.976251943745623,True,0,0,0
2.0,1.0,3.0,1.0,10.0,5.0,2.0,3.0,742.5,1.0,5.0,2.0,2.0,8.0,8.0,3.0,7.0,6.61136876590021,True,0,0,0
5.0,1.0,3.0,2.0,3.0,4.0,1.0,5.0,420.0,1.0,4.0,1.0,3.0,10.0,10.0,5.0,10.0,6.042632833682381,True,3,3,3
6.0,1.0,1.0,2.0,7.0,8.0,1.0,1.0,830.0,1.0,4.0,1.0,4.0,10.0,10.0,5.0,10.0,6.7226297948554485,True,1,1,1
6.0,1.0,1.0,1.0,5.0,5.0,1.0,1.0,15.0,2.0,3.0,2.0,3.0,7.0,8.0,4.0,8.0,2.772588722239781,False,0,0,0
5.0,1.0,3.0,1.0,6.0,3.0,1.0,2.0,2025.0,1.0,3.0,1.0,3.0,5.0,8.0,2.0,5.0,7.613818684808629,True,0,0,0
7.0,3.0,1.0,1.0,5.0,6.0,1.0,1.0,0.0,3.0,3.0,2.0,4.0,9.0,9.0,4.0,9.0,0.0,False,0,0,0
7.0,3.0,1.0,2.0,5.0,6.0,1.0,5.0,705.0,1.0,3.0,4.0,3.0,8.0,8.0,4.0,8.0,6.559615237493242,True,3,3,3
3.0,1.0,1.0,2.0,5.0,8.0,2.0,1.0,1170.0,2.0,3.0,2.0,3.0,8.0,9.0,3.0,9.0,7.065613363597717,True,1,1,1
3.0,1.0,1.0,1.0,10.0,7.0,1.0,1.0,630.0,1.0,1.0,1.0,5.0,6.0,6.0,4.0,8.0,6.447305862541213,True,0,0,0
5.0,1.0,1.0,2.0,9.0,7.0,1.0,1.0,120.0,3.0,3.0,3.0,3.0,6.0,6.0,3.0,7.0,4.795790545596741,False,1,1,1
4.0,1.0,7.0,2.0,1.0,2.0,1.0,1.0,1275.0,1.0,5.0,2.0,3.0,10.0,10.0,5.0,10.0,7.151485463904735,True,2,2,2
5.0,1.0,1.0,2.0,7.0,6.0,2.0,6.0,1807.5,3.0,5.0,1.0,4.0,7.0,7.0,4.0,6.0,7.500253051392153,True,3,3,3
4.0,1.0,1.0,2.0,4.0,2.0,2.0,1.0,570.0,2.0,4.0,3.0,4.0,10.0,8.0,5.0,8.0,6.3473892096560105,True,1,1,1
2.0,3.0,1.0,2.0,10.0,2.0,1.0,2.0,157.5,1.0,3.0,2.0,4.0,8.0,7.0,4.0,8.0,5.065754593317335,True,3,3,3
3.0,1.0,4.0,1.0,5.0,5.0,1.0,1.0,180.0,2.0,5.0,1.0,3.0,9.0,8.0,4.0,10.0,5.198497031265826,True,0,0,0
7.0,1.0,1.0,2.0,5.0,4.0,1.0,2.0,0.0,3.0,3.0,3.0,2.0,4.0,6.0,2.0,2.0,0.0,False,3,3,3
7.0,2.0,1.0,1.0,5.0,9.0,2.0,5.0,1740.0,3.0,5.0,3.0,3.0,7.0,7.0,5.0,7.0,7.462214939768189,True,0,0,0
7.0,2.0,1.0,2.0,5.0,9.0,1.0,5.0,600.0,1.0,4.0,2.0,4.0,9.0,9.0,5.0,9.0,6.398594934535208,True,3,3,3
4.0,1.0,7.0,1.0,5.0,4.0,1.0,1.0,0.0,2.0,4.0,4.0,3.0,7.0,6.0,4.0,6.0,0.0,False,0,0,0
4.0,1.0,2.0,1.0,1.0,4.0,1.0,1.0,495.0,1.0,4.0,2.0,3.0,6.0,7.0,2.0,9.0,6.206575926724928,True,0,0,0
4.0,1.0,2.0,1.0,5.0,6.0,4.0,1.0,1655.0,1.0,2.0,1.0,3.0,9.0,8.0,4.0,9.0,7.412160334945205,True,0,0,0
4.0,1.0,4.0,2.0,1.0,5.0,2.0,2.0,90.0,2.0,2.0,2.0,3.0,5.0,5.0,3.0,0.0,4.51085950651685,False,3,3,3
4.0,2.0,1.0,2.0,1.0,3.0,1.0,1.0,2250.0,2.0,4.0,4.0,3.0,8.0,8.0,4.0,7.0,7.719129840906732,True,1,1,1
5.0,1.0,2.0,2.0,6.0,3.0,1.0,1.0,0.0,3.0,3.0,3.0,1.0,7.0,5.0,4.0,6.0,0.0,False,2,2,2
6.0,1.0,1.0,1.0,7.0,6.0,1.0,1.0,568.75,1.0,4.0,1.0,4.0,8.0,8.0,5.0,8.0,6.3451976681257936,True,0,0,0
5.0,1.0,2.0,2.0,1.0,6.0,1.0,1.0,520.0,2.0,5.0,2.0,3.0,8.0,6.0,2.0,7.0,6.255750041753367,True,2,2,2
6.0,1.0,1.0,1.0,1.0,4.0,1.0,1.0,0.0,2.0,4.0,3.0,3.0,7.0,7.0,5.0,7.0,0.0,False,0,0,0
3.0,1.0,2.0,2.0,5.0,6.0,1.0,1.0,5700.0,1.0,2.0,1.0,4.0,8.0,8.0,3.0,8.0,8.648396877031582,True,2,2,2
4.0,1.0,2.0,2.0,3.0,4.0,2.0,2.0,5850.0,1.0,4.0,1.0,3.0,6.0,7.0,4.0,9.0,8.674367865788236,True,3,3,3
3.0,2.0,1.0,2.0,2.0,3.0,1.0,1.0,0.0,2.0,4.0,2.0,1.0,5.0,5.0,2.0,7.0,0.0,False,1,1,1
4.0,1.0,1.0,2.0,1.0,5.0,1.0,1.0,42.5,3.0,4.0,2.0,4.0,7.0,6.0,2.0,8.0,3.7727609380946383,False,1,1,1
5.0,1.0,1.0,2.0,1.0,5.0,2.0,1.0,0.0,3.0,3.0,3.0,3.0,3.0,3.0,4.0,3.0,0.0,False,1,1,1
4.0,1.0,1.0,2.0,5.0,3.0,1.0,1.0,537.5,2.0,4.0,2.0,3.0,8.0,8.0,4.0,8.0,6.288787496596443,True,1,1,1
3.0,1.0,3.0,2.0,10.0,2.0,2.0,1.0,0.0,2.0,4.0,2.0,2.0,9.0,8.0,2.0,5.0,0.0,False,2,2,2
5.0,3.0,4.0,2.0,3.0,3.0,3.0,2.0,360.0,1.0,5.0,2.0,3.0,6.0,5.0,5.0,7.0,5.8888779583328805,True,3,3,3
5.0,1.0,1.0,2.0,1.0,3.0,1.0,1.0,635.0,3.0,4.0,3.0,2.0,7.0,6.0,2.0,6.0,6.455198563340122,True,1,1,1
6.0,1.0,1.0,1.0,7.0,2.0,2.0,2.0,1050.0,3.0,5.0,2.0,3.0,8.0,7.0,4.0,9.0,6.957497370876951,True,0,0,0
5.0,1.0,1.0,2.0,7.0,2.0,1.0,1.0,525.0,2.0,2.0,1.0,5.0,9.0,9.0,5.0,9.0,6.26530121273771,True,1,1,1
2.0,1.0,1.0,2.0,2.0,2.0,2.0,1.0,650.0,1.0,4.0,1.0,4.0,9.0,8.0,2.0,9.0,6.478509642208569,True,1,1,1
7.0,4.0,1.0,1.0,7.0,3.0,1.0,5.0,0.0,3.0,3.0,3.0,2.0,2.0,2.0,5.0,8.0,0.0,False,0,0,0
6.0,1.0,1.0,1.0,5.0,5.0,1.0,2.0,0.0,2.0,4.0,4.0,2.0,7.0,7.0,3.0,8.0,0.0,False,0,0,0
3.0,1.0,1.0,2.0,2.0,2.0,1.0,1.0,780.0,2.0,5.0,2.0,4.0,9.0,7.0,4.0,9.0,6.660575149839686,True,1,1,1
2.0,1.0,1.0,2.0,2.0,2.0,1.0,1.0,885.0,1.0,4.0,1.0,4.0,8.0,7.0,3.0,7.0,6.786716950605081,True,1,1,1
5.0,1.0,1.0,2.0,1.0,1.0,1.0,2.0,295.0,2.0,5.0,2.0,3.0,7.0,7.0,3.0,9.0,5.69035945432406,True,3,3,3
7.0,1.0,1.0,2.0,7.0,6.0,1.0,5.0,0.0,2.0,3.0,2.0,4.0,10.0,10.0,4.0,10.0,0.0,False,3,3,3
2.0,3.0,4.0,1.0,10.0,3.0,4.0,8.0,96.25,1.0,3.0,1.0,3.0,7.0,7.0,5.0,7.0,4.577284982498556,False,0,0,0
6.0,1.0,1.0,1.0,4.0,3.0,2.0,1.0,1620.0,1.0,3.0,3.0,3.0,5.0,5.0,1.0,5.0,7.390798521735676,True,0,0,0
5.0,1.0,2.0,2.0,3.0,6.0,1.0,1.0,0.0,2.0,4.0,3.0,4.0,6.0,5.0,3.0,5.0,0.0,False,2,2,2
2.0,1.0,1.0,2.0,2.0,7.0,1.0,1.0,1018.75,2.0,5.0,2.0,3.0,5.0,5.0,3.0,5.0,6.927312778197668,True,1,1,1
4.0,1.0,5.0,1.0,6.0,5.0,1.0,1.0,465.0,1.0,3.0,2.0,4.0,7.0,9.0,4.0,9.0,6.144185634125646,True,0,0,0
3.0,1.0,6.0,2.0,2.0,2.0,1.0,1.0,420.0,1.0,4.0,2.0,3.0,10.0,7.0,3.0,9.0,6.042632833682381,True,2,2,2
3.0,1.0,1.0,1.0,1.0,3.0,2.0,1.0,2630.0,2.0,4.0,2.0,3.0,8.0,8.0,3.0,9.0,7.875119281040293,True,0,0,0
3.0,1.0,1.0,2.0,2.0,2.0,1.0,1.0,330.0,2.0,4.0,2.0,4.0,8.0,8.0,3.0,9.0,5.802118375377063,True,1,1,1
4.0,3.0,5.0,1.0,10.0,2.0,1.0,1.0,330.0,3.0,5.0,3.0,3.0,4.0,3.0,3.0,4.0,5.802118375377063,True,0,0,0
2.0,2.0,3.0,2.0,8.0,2.0,4.0,8.0,600.0,2.0,2.0,2.0,4.0,8.0,7.0,3.0,3.0,6.398594934535208,True,3,3,3
4.0,1.0,2.0,1.0,11.0,2.0,2.0,7.0,0.0,2.0,2.0,2.0,4.0,3.0,3.0,3.0,6.0,0.0,False,0,0,0
2.0,2.0,1.0,1.0,10.0,7.0,4.0,8.0,120.0,3.0,3.0,3.0,3.0,7.0,7.0,1.0,5.0,4.795790545596741,False,0,0,0
6.0,1.0,2.0,2.0,4.0,7.0,1.0,1.0,1680.0,1.0,3.0,1.0,3.0,6.0,6.0,3.0,7.0,7.427144133408616,True,2,2,2
6.0,3.0,1.0,2.0,4.0,4.0,2.0,7.0,0.0,3.0,3.0,3.0,3.0,7.0,5.0,3.0,8.0,0.0,False,3,3,3
3.0,3.0,2.0,2.0,3.0,4.0,1.0,1.0,180.0,2.0,2.0,2.0,2.0,5.0,2.0,2.0,6.0,5.198497031265826,True,2,2,2
3.0,2.0,6.0,2.0,1.0,4.0,1.0,1.0,140.0,2.0,2.0,2.0,3.0,5.0,6.0,3.0,5.0,4.948759890378168,False,2,2,2
6.0,2.0,7.0,2.0,4.0,2.0,1.0,2.0,0.0,2.0,3.0,1.0,3.0,9.0,9.0,2.0,6.0,0.0,False,3,3,3
2.0,1.0,5.0,2.0,5.0,3.0,2.0,1.0,150.0,2.0,5.0,2.0,4.0,4.0,6.0,4.0,8.0,5.017279836814924,True,2,2,2
4.0,1.0,6.0,1.0,1.0,2.0,1.0,1.0,382.5,4.0,5.0,3.0,4.0,2.0,4.0,2.0,3.0,5.949339620807311,True,0,0,0
5.0,1.0,2.0,1.0,6.0,3.0,2.0,1.0,540.0,1.0,3.0,2.0,2.0,5.0,7.0,2.0,7.0,6.293419278846481,True,0,0,0
6.0,1.0,2.0,2.0,1.0,4.0,1.0,1.0,150.0,1.0,4.0,2.0,4.0,9.0,8.0,4.0,10.0,5.017279836814924,True,2,2,2
6.0,1.0,1.0,2.0,1.0,8.0,1.0,2.0,225.0,2.0,3.0,3.0,3.0,9.0,9.0,3.0,10.0,5.420534999272286,True,3,3,3
4.0,1.0,5.0,1.0,6.0,6.0,1.0,1.0,0.0,2.0,4.0,3.0,4.0,7.0,8.0,4.0,8.0,0.0,False,0,0,0
4.0,1.0,5.0,2.0,6.0,6.0,1.0,1.0,0.0,4.0,2.0,2.0,3.0,7.0,7.0,3.0,7.0,0.0,False,2,2,2
6.0,1.0,3.0,2.0,1.0,7.0,3.0,4.0,0.0,2.0,4.0,2.0,2.0,6.0,6.0,1.0,7.0,0.0,False,3,3,3
4.0,5.0,3.0,2.0,3.0,5.0,3.0,1.0,0.0,2.0,2.0,2.0,4.0,9.0,9.0,5.0,9.0,0.0,False,3,3,3
7.0,1.0,1.0,2.0,5.0,6.0,1.0,5.0,1980.0,2.0,3.0,1.0,3.0,7.0,7.0,2.0,8.0,7.591357046698551,True,3,3,3
2.0,1.0,3.0,2.0,11.0,4.0,2.0,2.0,0.0,3.0,2.0,3.0,3.0,7.0,7.0,3.0,8.0,0.0,False,3,3,3
4.0,1.0,3.0,2.0,6.0,7.0,1.0,1.0,165.0,2.0,5.0,2.0,3.0,7.0,7.0,4.0,7.0,5.111987788356544,True,2,2,2
2.0,6.0,1.0,2.0,10.0,8.0,4.0,8.0,225.0,2.0,4.0,2.0,3.0,3.0,5.0,2.0,5.0,5.420534999272286,True,3,3,3
5.0,1.0,3.0,2.0,6.0,10.0,1.0,1.0,490.0,2.0,4.0,3.0,3.0,3.0,4.0,2.0,3.0,6.19644412779452,True,2,2,2
7.0,5.0,3.0,2.0,1.0,8.0,2.0,5.0,952.5,2.0,4.0,1.0,3.0,4.0,5.0,5.0,5.0,6.860139425040474,True,3,3,3
7.0,3.0,3.0,1.0,5.0,8.0,2.0,5.0,360.0,2.0,4.0,2.0,3.0,7.0,5.0,2.0,5.0,5.8888779583328805,True,0,0,0
7.0,1.0,3.0,2.0,4.0,8.0,2.0,5.0,540.0,2.0,3.0,2.0,3.0,5.0,3.0,3.0,4.0,6.293419278846481,True,3,3,3
4.0,1.0,3.0,1.0,6.0,4.0,1.0,1.0,505.0,2.0,3.0,2.0,3.0,6.0,6.0,3.0,5.0,6.226536669287466,True,0,0,0
4.0,1.0,3.0,2.0,1.0,7.0,2.0,1.0,180.0,1.0,3.0,2.0,2.0,4.0,4.0,1.0,4.0,5.198497031265826,True,2,2,2
2.0,3.0,3.0,1.0,10.0,9.0,4.0,8.0,240.0,2.0,5.0,1.0,3.0,10.0,8.0,5.0,10.0,5.484796933490655,True,0,0,0
5.0,1.0,1.0,2.0,1.0,6.0,2.0,1.0,217.5,5.0,5.0,4.0,2.0,5.0,5.0,2.0,6.0,5.3867860145356445,True,1,1,1
4.0,3.0,1.0,2.0,6.0,3.0,2.0,6.0,1020.0,3.0,4.0,4.0,2.0,3.0,6.0,1.0,7.0,6.928537818164665,True,3,3,3
5.0,1.0,1.0,1.0,1.0,3.0,1.0,1.0,360.0,3.0,4.0,3.0,2.0,9.0,8.0,4.0,8.0,5.8888779583328805,True,0,0,0
7.0,3.0,1.0,1.0,1.0,6.0,2.0,5.0,300.0,4.0,4.0,2.0,1.0,7.0,7.0,4.0,6.0,5.707110264748875,True,0,0,0
3.0,1.0,1.0,2.0,6.0,3.0,1.0,2.0,0.0,2.0,4.0,4.0,3.0,8.0,8.0,4.0,8.0,0.0,False,3,3,3
6.0,1.0,1.0,2.0,7.0,10.0,1.0,2.0,220.0,3.0,5.0,1.0,4.0,10.0,9.0,5.0,10.0,5.3981627015177525,True,3,3,3
6.0,1.0,1.0,2.0,5.0,9.0,1.0,1.0,360.0,2.0,4.0,4.0,3.0,8.0,8.0,3.0,9.0,5.8888779583328805,True,1,1,1
5.0,1.0,3.0,1.0,6.0,8.0,1.0,1.0,240.0,1.0,4.0,4.0,4.0,6.0,8.0,3.0,7.0,5.484796933490655,True,0,0,0
6.0,1.0,1.0,1.0,6.0,9.0,1.0,1.0,105.0,1.0,3.0,3.0,4.0,5.0,7.0,4.0,7.0,4.663439094112067,False,0,0,0
6.0,1.0,4.0,1.0,7.0,5.0,1.0,1.0,0.0,4.0,4.0,2.0,3.0,5.0,5.0,4.0,5.0,0.0,False,0,0,0
2.0,1.0,7.0,2.0,3.0,6.0,1.0,7.0,240.0,2.0,5.0,2.0,4.0,4.0,6.0,1.0,8.0,5.484796933490655,True,3,3,3
3.0,2.0,1.0,1.0,5.0,3.0,2.0,1.0,860.0,1.0,3.0,2.0,3.0,7.0,8.0,4.0,8.0,6.7580945044277305,True,0,0,0
6.0,1.0,1.0,2.0,5.0,9.0,1.0,5.0,450.0,2.0,4.0,2.0,4.0,9.0,8.0,5.0,10.0,6.111467339502679,True,3,3,3
6.0,1.0,3.0,2.0,9.0,6.0,1.0,1.0,1840.0,2.0,4.0,2.0,4.0,10.0,10.0,3.0,10.0,7.518064181233078,True,2,2,2
6.0,1.0,4.0,2.0,1.0,6.0,1.0,1.0,180.0,1.0,4.0,1.0,3.0,5.0,4.0,4.0,8.0,5.198497031265826,True,2,2,2
7.0,1.0,1.0,2.0,1.0,6.0,1.0,5.0,1355.0,2.0,3.0,2.0,4.0,9.0,8.0,4.0,8.0,7.212294468500341,True,3,3,3
7.0,1.0,1.0,1.0,1.0,6.0,1.0,5.0,480.0,2.0,4.0,2.0,4.0,7.0,8.0,4.0,8.0,6.175867270105761,True,0,0,0
6.0,3.0,1.0,2.0,4.0,7.0,1.0,5.0,0.0,3.0,4.0,3.0,3.0,9.0,9.0,5.0,8.0,0.0,False,3,3,3
5.0,1.0,3.0,2.0,7.0,5.0,1.0,1.0,160.0,2.0,4.0,2.0,3.0,8.0,8.0,4.0,9.0,5.081404364984463,True,2,2,2
6.0,2.0,1.0,1.0,5.0,1.0,1.0,1.0,1215.0,1.0,5.0,2.0,3.0,3.0,7.0,3.0,8.0,7.103322062526113,True,0,0,0
6.0,1.0,1.0,1.0,1.0,5.0,3.0,5.0,960.0,3.0,4.0,3.0,2.0,7.0,2.0,5.0,4.0,6.8679744089702925,True,0,0,0
3.0,1.0,3.0,2.0,10.0,2.0,1.0,1.0,175.0,2.0,5.0,5.0,3.0,2.0,2.0,2.0,2.0,5.170483995038151,True,2,2,2
6.0,6.0,1.0,2.0,1.0,3.0,1.0,1.0,0.0,2.0,4.0,1.0,3.0,10.0,10.0,5.0,10.0,0.0,False,1,1,1
2.0,2.0,1.0,2.0,3.0,4.0,1.0,6.0,240.0,3.0,3.0,3.0,3.0,5.0,5.0,2.0,5.0,5.484796933490655,True,3,3,3
3.0,1.0,6.0,2.0,5.0,8.0,1.0,1.0,240.0,2.0,3.0,2.0,4.0,8.0,8.0,5.0,7.0,5.484796933490655,True,2,2,2
4.0,1.0,5.0,2.0,1.0,5.0,1.0,1.0,1710.0,2.0,4.0,1.0,2.0,6.0,6.0,4.0,6.0,7.444833273892193,True,2,2,2
4.0,1.0,5.0,1.0,5.0,3.0,1.0,1.0,120.0,3.0,4.0,2.0,3.0,7.0,7.0,3.0,6.0,4.795790545596741,False,0,0,0
2.0,1.0,6.0,1.0,11.0,2.0,4.0,8.0,1860.0,1.0,2.0,2.0,4.0,9.0,8.0,4.0,9.0,7.528869256642251,True,0,0,0
7.0,1.0,2.0,2.0,1.0,7.0,1.0,1.0,605.0,1.0,4.0,2.0,5.0,8.0,7.0,4.0,9.0,6.406879986069314,True,2,2,2
3.0,1.0,7.0,2.0,2.0,3.0,1.0,1.0,427.5,4.0,4.0,2.0,4.0,6.0,7.0,4.0,5.0,6.060290738037835,True,2,2,2
5.0,1.0,1.0,2.0,6.0,4.0,1.0,2.0,397.5,1.0,5.0,2.0,4.0,6.0,7.0,3.0,8.0,5.98770749823027,True,3,3,3
3.0,1.0,1.0,2.0,1.0,4.0,1.0,1.0,205.0,3.0,4.0,2.0,4.0,8.0,7.0,3.0,8.0,5.327876168789581,True,1,1,1
7.0,1.0,1.0,2.0,1.0,6.0,1.0,5.0,780.0,2.0,4.0,2.0,4.0,8.0,8.0,5.0,8.0,6.660575149839686,True,3,3,3
2.0,1.0,2.0,2.0,2.0,3.0,1.0,1.0,1260.0,1.0,5.0,3.0,3.0,8.0,8.0,3.0,7.0,7.13966033596492,True,2,2,2
4.0,1.0,2.0,2.0,3.0,3.0,2.0,1.0,60.0,2.0,4.0,2.0,2.0,7.0,7.0,3.0,7.0,4.110873864173311,False,2,2,2
4.0,1.0,3.0,1.0,1.0,5.0,1.0,3.0,1710.0,1.0,4.0,1.0,4.0,7.0,7.0,3.0,8.0,7.444833273892193,True,0,0,0
5.0,2.0,2.0,2.0,1.0,8.0,2.0,10.0,0.0,2.0,4.0,1.0,3.0,5.0,5.0,2.0,5.0,0.0,False,3,3,3
4.0,1.0,1.0,2.0,5.0,6.0,1.0,2.0,52.5,2.0,5.0,2.0,4.0,7.0,8.0,4.0,1.0,3.979681653901961,False,3,3,3
7.0,1.0,1.0,2.0,1.0,6.0,1.0,5.0,1665.0,1.0,4.0,1.0,3.0,10.0,10.0,4.0,10.0,7.418180822726788,True,3,3,3
5.0,1.0,1.0,2.0,6.0,8.0,1.0,2.0,0.0,3.0,5.0,3.0,3.0,8.0,9.0,5.0,9.0,0.0,False,3,3,3
5.0,1.0,2.0,2.0,1.0,5.0,1.0,5.0,0.0,1.0,5.0,1.0,2.0,10.0,8.0,5.0,10.0,0.0,False,3,3,3
7.0,3.0,1.0,1.0,5.0,4.0,3.0,1.0,1600.0,1.0,3.0,3.0,3.0,7.0,7.0,5.0,7.0,7.3783837129967145,True,0,0,0
6.0,3.0,1.0,2.0,5.0,6.0,1.0,1.0,120.0,3.0,5.0,3.0,3.0,3.0,3.0,4.0,4.0,4.795790545596741,False,1,1,1
6.0,1.0,1.0,2.0,5.0,9.0,1.0,2.0,0.0,3.0,5.0,2.0,3.0,8.0,8.0,5.0,9.0,0.0,False,3,3,3
6.0,1.0,1.0,2.0,7.0,8.0,1.0,5.0,2032.5,1.0,4.0,2.0,4.0,9.0,9.0,5.0,10.0,7.617513725347279,True,3,3,3
2.0,1.0,1.0,2.0,10.0,8.0,1.0,1.0,906.0,3.0,4.0,2.0,4.0,7.0,8.0,3.0,6.0,6.810142450115136,True,1,1,1
5.0,1.0,1.0,2.0,7.0,10.0,2.0,2.0,3270.0,1.0,5.0,3.0,3.0,7.0,7.0,3.0,7.0,8.092851027538384,True,3,3,3
3.0,1.0,3.0,2.0,5.0,8.0,1.0,1.0,487.5,2.0,2.0,2.0,4.0,9.0,8.0,4.0,7.0,6.191339471482838,True,2,2,2
3.0,5.0,2.0,2.0,6.0,5.0,3.0,2.0,1600.0,1.0,4.0,1.0,3.0,8.0,7.0,3.0,8.0,7.3783837129967145,True,3,3,3
6.0,3.0,1.0,2.0,1.0,9.0,1.0,1.0,0.0,1.0,5.0,2.0,2.0,10.0,10.0,5.0,10.0,0.0,False,1,1,1
2.0,1.0,1.0,2.0,5.0,9.0,1.0,1.0,1150.0,1.0,4.0,2.0,3.0,9.0,8.0,4.0,10.0,7.048386408721883,True,1,1,1
4.0,1.0,5.0,1.0,6.0,9.0,1.0,1.0,1140.0,2.0,4.0,2.0,4.0,4.0,6.0,3.0,5.0,7.039660349862076,True,0,0,0
5.0,3.0,2.0,2.0,1.0,8.0,3.0,1.0,330.0,1.0,4.0,2.0,3.0,5.0,5.0,3.0,5.0,5.802118375377063,True,2,2,2
4.0,1.0,2.0,2.0,5.0,2.0,1.0,1.0,0.0,2.0,5.0,4.0,4.0,8.0,8.0,4.0,9.0,0.0,False,2,2,2
2.0,1.0,6.0,2.0,11.0,4.0,4.0,8.0,6900.0,2.0,4.0,3.0,5.0,5.0,3.0,2.0,6.0,8.839421607620602,True,3,3,3
5.0,1.0,3.0,2.0,6.0,7.0,1.0,1.0,275.0,1.0,4.0,1.0,4.0,9.0,9.0,4.0,10.0,5.62040086571715,True,2,2,2
5.0,6.0,4.0,1.0,1.0,3.0,1.0,7.0,3360.0,3.0,5.0,2.0,3.0,5.0,5.0,3.0,5.0,8.119993827725105,True,0,0,0
4.0,1.0,6.0,1.0,1.0,5.0,1.0,1.0,1740.0,1.0,3.0,1.0,3.0,5.0,6.0,2.0,6.0,7.462214939768189,True,0,0,0
3.0,1.0,1.0,2.0,1.0,4.0,1.0,1.0,4440.0,2.0,2.0,2.0,4.0,8.0,8.0,2.0,6.0,8.398634855292102,True,1,1,1
2.0,1.0,1.0,1.0,10.0,2.0,1.0,1.0,180.0,5.0,3.0,2.0,2.0,6.0,3.0,3.0,2.0,5.198497031265826,True,0,0,0
5.0,1.0,4.0,2.0,1.0,5.0,3.0,4.0,0.0,3.0,5.0,4.0,1.0,0.0,0.0,1.0,0.0,0.0,False,3,3,3
5.0,1.0,1.0,1.0,6.0,4.0,1.0,1.0,1125.0,1.0,4.0,1.0,4.0,7.0,9.0,4.0,9.0,7.026426808699636,True,0,0,0
5.0,1.0,2.0,2.0,6.0,4.0,1.0,1.0,878.75,2.0,3.0,2.0,4.0,6.0,8.0,4.0,9.0,6.779637776201694,True,2,2,2
2.0,2.0,6.0,1.0,2.0,2.0,2.0,1.0,3120.0,2.0,4.0,2.0,3.0,8.0,7.0,2.0,7.0,8.045908742270779,True,0,0,0
5.0,1.0,2.0,2.0,4.0,2.0,1.0,1.0,910.0,2.0,4.0,2.0,4.0,8.0,8.0,3.0,9.0,6.814542897259958,True,2,2,2
5.0,1.0,2.0,2.0,1.0,4.0,2.0,2.0,120.0,4.0,3.0,1.0,3.0,7.0,5.0,3.0,5.0,4.795790545596741,False,3,3,3
3.0,1.0,1.0,2.0,2.0,6.0,1.0,1.0,930.0,1.0,4.0,3.0,3.0,7.0,8.0,3.0,9.0,6.836259277277067,True,1,1,1
3.0,1.0,3.0,2.0,2.0,6.0,1.0,1.0,660.0,2.0,3.0,2.0,4.0,5.0,7.0,2.0,7.0,6.493753839851686,True,2,2,2
4.0,1.0,2.0,1.0,5.0,3.0,1.0,1.0,4940.0,2.0,5.0,3.0,4.0,8.0,7.0,4.0,8.0,8.50532301884575,True,0,0,0
4.0,1.0,1.0,2.0,5.0,3.0,1.0,2.0,2670.0,2.0,3.0,2.0,3.0,6.0,7.0,4.0,7.0,7.890208213109961,True,3,3,3
7.0,1.0,1.0,2.0,5.0,8.0,1.0,10.0,945.0,1.0,1.0,2.0,4.0,8.0,8.0,5.0,9.0,6.852242569051878,True,3,3,3
7.0,1.0,1.0,2.0,5.0,8.0,2.0,5.0,0.0,1.0,2.0,2.0,4.0,8.0,8.0,4.0,9.0,0.0,False,3,3,3
6.0,3.0,1.0,1.0,5.0,3.0,1.0,1.0,480.0,2.0,4.0,2.0,4.0,10.0,10.0,5.0,10.0,6.175867270105761,True,0,0,0
5.0,1.0,3.0,2.0,6.0,3.0,1.0,2.0,930.0,2.0,4.0,2.0,3.0,8.0,6.0,4.0,9.0,6.836259277277067,True,3,3,3
5.0,4.0,1.0,2.0,1.0,3.0,2.0,2.0,360.0,3.0,4.0,3.0,1.0,2.0,5.0,2.0,3.0,5.8888779583328805,True,3,3,3
6.0,1.0,7.0,1.0,6.0,2.0,1.0,1.0,0.0,1.0,3.0,2.0,4.0,5.0,8.0,1.0,7.0,0.0,False,0,0,0
5.0,1.0,3.0,1.0,6.0,1.0,1.0,1.0,180.0,2.0,4.0,2.0,2.0,8.0,9.0,2.0,9.0,5.198497031265826,True,0,0,0
6.0,3.0,4.0,2.0,1.0,2.0,2.0,2.0,855.0,1.0,5.0,3.0,3.0,9.0,5.0,3.0,8.0,6.752270376141742,True,3,3,3
4.0,1.0,6.0,1.0,6.0,5.0,1.0,1.0,907.5,1.0,3.0,2.0,5.0,10.0,9.0,5.0,10.0,6.811794887836226,True,0,0,0
3.0,1.0,1.0,1.0,1.0,6.0,1.0,1.0,1200.0,1.0,4.0,2.0,4.0,8.0,6.0,3.0,7.0,7.0909098220799835,True,0,0,0
6.0,1.0,1.0,1.0,1.0,7.0,2.0,1.0,1260.0,3.0,4.0,2.0,2.0,5.0,5.0,3.0,5.0,7.13966033596492,True,0,0,0
4.0,1.0,2.0,2.0,1.0,4.0,1.0,1.0,120.0,4.0,3.0,2.0,4.0,9.0,8.0,3.0,9.0,4.795790545596741,False,2,2,2
7.0,2.0,1.0,1.0,4.0,8.0,1.0,5.0,247.5,2.0,5.0,2.0,4.0,10.0,10.0,3.0,10.0,5.5154428455366835,True,0,0,0
5.0,1.0,2.0,1.0,7.0,9.0,1.0,1.0,150.0,2.0,4.0,2.0,4.0,8.0,8.0,5.0,9.0,5.017279836814924,True,0,0,0
6.0,2.0,1.0,2.0,1.0,8.0,2.0,1.0,435.0,2.0,4.0,2.0,3.0,8.0,8.0,3.0,8.0,6.077642243349034,True,1,1,1
4.0,1.0,1.0,1.0,6.0,4.0,1.0,1.0,434.0,1.0,4.0,2.0,3.0,5.0,6.0,3.0,7.0,6.075346031088684,True,0,0,0
4.0,1.0,2.0,2.0,6.0,6.0,1.0,1.0,2190.0,1.0,5.0,2.0,3.0,8.0,8.0,4.0,10.0,7.692113339595466,True,2,2,2
5.0,1.0,2.0,1.0,1.0,6.0,1.0,1.0,930.0,1.0,4.0,2.0,3.0,6.0,6.0,2.0,7.0,6.836259277277067,True,0,0,0
6.0,1.0,1.0,2.0,7.0,8.0,1.0,10.0,900.0,1.0,4.0,2.0,4.0,8.0,8.0,4.0,8.0,6.803505257608338,True,3,3,3
5.0,1.0,1.0,1.0,6.0,8.0,1.0,1.0,416.25,3.0,3.0,3.0,3.0,6.0,8.0,2.0,3.0,6.033685562541945,True,0,0,0
5.0,1.0,3.0,1.0,6.0,3.0,1.0,1.0,712.5,2.0,4.0,2.0,4.0,8.0,7.0,4.0,10.0,6.570182436916891,True,0,0,0
5.0,1.0,3.0,2.0,6.0,3.0,1.0,1.0,510.0,1.0,4.0,2.0,4.0,7.0,7.0,3.0,9.0,6.236369590203704,True,2,2,2
2.0,2.0,2.0,2.0,2.0,4.0,4.0,8.0,60.0,2.0,3.0,2.0,3.0,8.0,8.0,4.0,8.0,4.110873864173311,False,3,3,3
5.0,1.0,2.0,2.0,6.0,3.0,1.0,6.0,75.0,2.0,4.0,3.0,2.0,9.0,6.0,3.0,7.0,4.330733340286331,False,3,3,3
2.0,2.0,3.0,2.0,10.0,3.0,3.0,2.0,90.0,2.0,4.0,3.0,2.0,2.0,5.0,1.0,6.0,4.51085950651685,False,3,3,3
3.0,1.0,3.0,1.0,5.0,3.0,2.0,1.0,5820.0,1.0,4.0,2.0,3.0,10.0,6.0,4.0,8.0,8.669227347271736,True,0,0,0
2.0,3.0,3.0,1.0,10.0,4.0,4.0,8.0,315.0,2.0,5.0,1.0,2.0,9.0,7.0,3.0,10.0,5.755742213586912,True,0,0,0
5.0,4.0,3.0,1.0,6.0,3.0,1.0,6.0,90.0,3.0,4.0,3.0,4.0,7.0,7.0,2.0,7.0,4.51085950651685,False,0,0,0
3.0,1.0,3.0,2.0,10.0,2.0,2.0,1.0,2220.0,4.0,4.0,2.0,2.0,7.0,7.0,3.0,7.0,7.7057128238944275,True,2,2,2
3.0,1.0,4.0,2.0,2.0,5.0,1.0,1.0,0.0,4.0,4.0,4.0,3.0,6.0,4.0,1.0,6.0,0.0,False,2,2,2
6.0,2.0,1.0,2.0,5.0,3.0,2.0,5.0,420.0,2.0,5.0,2.0,3.0,8.0,5.0,5.0,9.0,6.042632833682381,True,3,3,3
3.0,1.0,3.0,1.0,5.0,2.0,1.0,1.0,0.0,2.0,4.0,2.0,4.0,8.0,8.0,4.0,8.0,0.0,False,0,0,0
6.0,2.0,1.0,2.0,4.0,2.0,2.0,1.0,275.0,3.0,4.0,3.0,2.0,7.0,7.0,4.0,7.0,5.62040086571715,True,1,1,1
3.0,3.0,6.0,1.0,10.0,2.0,3.0,1.0,900.0,2.0,3.0,2.0,2.0,7.0,7.0,3.0,7.0,6.803505257608338,True,0,0,0
4.0,1.0,2.0,2.0,6.0,7.0,1.0,2.0,825.0,2.0,5.0,3.0,3.0,6.0,6.0,3.0,7.0,6.716594773520978,True,3,3,3
5.0,1.0,1.0,2.0,3.0,6.0,1.0,10.0,1965.0,1.0,5.0,1.0,3.0,6.0,5.0,2.0,8.0,7.583756300707112,True,3,3,3
4.0,1.0,3.0,2.0,6.0,6.0,2.0,6.0,0.0,3.0,5.0,2.0,3.0,10.0,10.0,5.0,10.0,0.0,False,3,3,3
2.0,2.0,1.0,1.0,10.0,8.0,4.0,10.0,0.0,2.0,4.0,3.0,3.0,6.0,6.0,2.0,7.0,0.0,False,0,0,0
2.0,3.0,2.0,1.0,10.0,3.0,2.0,2.0,0.0,2.0,5.0,2.0,3.0,10.0,7.0,4.0,7.0,0.0,False,0,0,0
6.0,1.0,3.0,1.0,7.0,5.0,1.0,1.0,135.0,1.0,4.0,3.0,4.0,10.0,10.0,4.0,7.0,4.912654885736052,False,0,0,0
7.0,3.0,2.0,2.0,5.0,6.0,2.0,1.0,390.0,4.0,4.0,2.0,3.0,8.0,8.0,5.0,8.0,5.968707559985366,True,2,2,2
6.0,1.0,1.0,2.0,1.0,7.0,1.0,7.0,270.0,3.0,4.0,2.0,2.0,3.0,4.0,4.0,4.0,5.602118820879701,True,3,3,3
5.0,2.0,1.0,2.0,10.0,8.0,1.0,7.0,270.0,2.0,5.0,3.0,3.0,5.0,5.0,2.0,4.0,5.602118820879701,True,3,3,3
5.0,1.0,4.0,2.0,1.0,5.0,1.0,1.0,655.5,1.0,3.0,1.0,5.0,8.0,8.0,3.0,8.0,6.486922693742851,True,2,2,2
4.0,1.0,2.0,1.0,6.0,5.0,1.0,1.0,2280.0,2.0,2.0,2.0,3.0,5.0,4.0,5.0,6.0,7.732369222284388,True,0,0,0
6.0,1.0,2.0,2.0,4.0,8.0,1.0,2.0,210.0,3.0,3.0,1.0,4.0,7.0,7.0,4.0,5.0,5.351858133476067,True,3,3,3
4.0,1.0,2.0,2.0,6.0,10.0,1.0,1.0,600.0,3.0,5.0,2.0,3.0,7.0,7.0,5.0,8.0,6.398594934535208,True,2,2,2
7.0,1.0,1.0,2.0,1.0,9.0,1.0,5.0,387.5,1.0,4.0,1.0,4.0,8.0,8.0,3.0,8.0,5.962293169807702,True,3,3,3
7.0,5.0,7.0,1.0,11.0,7.0,1.0,5.0,740.0,1.0,3.0,1.0,4.0,10.0,10.0,3.0,10.0,6.608000625296087,True,0,0,0
7.0,1.0,1.0,2.0,5.0,10.0,2.0,2.0,2580.0,2.0,4.0,2.0,4.0,8.0,8.0,3.0,8.0,7.855932199718614,True,3,3,3
7.0,1.0,1.0,2.0,1.0,9.0,1.0,5.0,3170.0,1.0,5.0,2.0,3.0,8.0,8.0,4.0,8.0,8.061802274538348,True,3,3,3
4.0,1.0,2.0,2.0,1.0,9.0,1.0,1.0,1200.0,1.0,3.0,3.0,3.0,8.0,8.0,4.0,8.0,7.0909098220799835,True,2,2,2
4.0,1.0,1.0,2.0,1.0,9.0,1.0,1.0,427.5,3.0,4.0,3.0,4.0,7.0,7.0,3.0,7.0,6.060290738037835,True,1,1,1
7.0,1.0,1.0,2.0,5.0,9.0,1.0,5.0,5305.0,4.0,4.0,1.0,4.0,9.0,10.0,5.0,9.0,8.576593534697684,True,3,3,3
5.0,1.0,1.0,1.0,6.0,7.0,1.0,1.0,795.0,4.0,5.0,4.0,3.0,6.0,4.0,5.0,5.0,6.679599185844383,True,0,0,0
5.0,3.0,1.0,2.0,7.0,7.0,1.0,1.0,0.0,4.0,4.0,3.0,3.0,8.0,8.0,2.0,9.0,0.0,False,1,1,1
6.0,6.0,1.0,1.0,7.0,7.0,2.0,1.0,622.5,3.0,4.0,2.0,3.0,9.0,9.0,4.0,9.0,6.435348765120091,True,0,0,0
6.0,1.0,1.0,2.0,1.0,9.0,2.0,5.0,187.5,2.0,4.0,2.0,3.0,8.0,8.0,4.0,8.0,5.2390980068880655,True,3,3,3
6.0,1.0,2.0,2.0,5.0,7.0,1.0,1.0,840.0,1.0,5.0,1.0,5.0,10.0,10.0,5.0,10.0,6.734591659972948,True,2,2,2
5.0,1.0,2.0,2.0,7.0,9.0,1.0,2.0,1255.0,2.0,4.0,2.0,4.0,7.0,6.0,4.0,8.0,7.135687347028144,True,3,3,3
3.0,1.0,2.0,2.0,5.0,10.0,1.0,1.0,610.0,1.0,4.0,1.0,4.0,9.0,8.0,4.0,10.0,6.415096959171596,True,2,2,2
5.0,1.0,3.0,2.0,3.0,8.0,1.0,2.0,320.0,1.0,5.0,2.0,4.0,9.0,9.0,5.0,10.0,5.771441123130016,True,3,3,3
6.0,1.0,1.0,2.0,7.0,9.0,1.0,2.0,547.5,3.0,4.0,2.0,3.0,8.0,8.0,4.0,8.0,6.307187279715285,True,3,3,3
6.0,1.0,1.0,1.0,7.0,9.0,1.0,1.0,1080.0,1.0,4.0,1.0,4.0,9.0,9.0,5.0,10.0,6.985641817639208,True,0,0,0
5.0,1.0,1.0,2.0,3.0,8.0,2.0,6.0,1192.5,2.0,4.0,2.0,4.0,8.0,8.0,4.0,10.0,7.084645445778885,True,3,3,3
5.0,1.0,1.0,1.0,6.0,10.0,1.0,1.0,200.0,2.0,3.0,2.0,3.0,8.0,9.0,5.0,10.0,5.303304908059076,True,0,0,0
3.0,1.0,5.0,2.0,5.0,6.0,1.0,1.0,840.0,1.0,3.0,1.0,4.0,9.0,8.0,3.0,8.0,6.734591659972948,True,2,2,2
3.0,1.0,5.0,2.0,1.0,3.0,1.0,10.0,570.0,2.0,4.0,2.0,3.0,8.0,8.0,4.0,8.0,6.3473892096560105,True,2,2,2
5.0,5.0,7.0,2.0,6.0,4.0,2.0,2.0,157.5,2.0,4.0,2.0,2.0,7.0,7.0,5.0,10.0,5.065754593317335,True,3,3,3
7.0,1.0,4.0,2.0,4.0,4.0,3.0,5.0,0.0,1.0,2.0,2.0,4.0,6.0,8.0,3.0,6.0,0.0,False,3,3,3
4.0,1.0,2.0,2.0,6.0,4.0,1.0,2.0,513.75,2.0,3.0,2.0,4.0,7.0,7.0,2.0,4.0,6.243681345907899,True,3,3,3
3.0,1.0,1.0,1.0,5.0,3.0,1.0,1.0,2340.0,1.0,5.0,2.0,4.0,9.0,9.0,4.0,8.0,7.75833346749091,True,0,0,0
3.0,1.0,1.0,2.0,1.0,3.0,1.0,1.0,1070.0,1.0,3.0,1.0,3.0,8.0,8.0,3.0,7.0,6.976348070447749,True,1,1,1
5.0,1.0,1.0,1.0,1.0,4.0,1.0,1.0,542.5,2.0,5.0,1.0,4.0,6.0,7.0,2.0,6.0,6.298029706561264,True,0,0,0
6.0,2.0,4.0,1.0,5.0,2.0,2.0,1.0,0.0,1.0,3.0,1.0,4.0,8.0,8.0,5.0,8.0,0.0,False,0,0,0
5.0,2.0,1.0,1.0,6.0,4.0,1.0,1.0,90.0,2.0,3.0,4.0,3.0,6.0,5.0,4.0,5.0,4.51085950651685,False,0,0,0
5.0,2.0,1.0,1.0,6.0,4.0,3.0,1.0,180.0,1.0,3.0,2.0,3.0,8.0,7.0,4.0,3.0,5.198497031265826,True,0,0,0
7.0,1.0,1.0,1.0,5.0,3.0,1.0,1.0,1237.5,4.0,4.0,3.0,3.0,7.0,7.0,4.0,8.0,7.121656248929415,True,0,0,0
3.0,1.0,2.0,2.0,1.0,3.0,1.0,1.0,1162.5,1.0,5.0,1.0,4.0,9.0,7.0,2.0,6.0,7.059187982742347,True,2,2,2
6.0,1.0,1.0,2.0,6.0,9.0,1.0,1.0,570.0,2.0,4.0,2.0,4.0,8.0,8.0,4.0,9.0,6.3473892096560105,True,1,1,1
6.0,3.0,1.0,2.0,4.0,5.0,2.0,1.0,420.0,3.0,4.0,3.0,3.0,5.0,5.0,5.0,7.0,6.042632833682381,True,1,1,1
3.0,3.0,1.0,2.0,10.0,5.0,1.0,1.0,360.0,2.0,4.0,3.0,3.0,4.0,7.0,2.0,2.0,5.8888779583328805,True,1,1,1
5.0,2.0,6.0,2.0,3.0,7.0,1.0,1.0,15.0,5.0,2.0,3.0,4.0,5.0,3.0,5.0,8.0,2.772588722239781,False,2,2,2
5.0,1.0,2.0,1.0,12.0,3.0,1.0,1.0,360.0,1.0,4.0,2.0,4.0,2.0,3.0,5.0,2.0,5.8888779583328805,True,0,0,0
6.0,3.0,1.0,2.0,1.0,6.0,2.0,1.0,150.0,2.0,4.0,3.0,3.0,4.0,4.0,2.0,4.0,5.017279836814924,True,1,1,1
4.0,1.0,1.0,2.0,1.0,6.0,3.0,1.0,1470.0,2.0,3.0,2.0,4.0,4.0,2.0,2.0,4.0,7.293697720601438,True,1,1,1
4.0,1.0,1.0,2.0,6.0,5.0,1.0,1.0,727.5,1.0,4.0,1.0,3.0,7.0,6.0,5.0,10.0,6.590987625635259,True,1,1,1
6.0,4.0,1.0,1.0,5.0,9.0,3.0,1.0,0.0,2.0,5.0,2.0,3.0,9.0,9.0,5.0,9.0,0.0,False,0,0,0
3.0,1.0,2.0,1.0,5.0,3.0,1.0,1.0,60.0,2.0,5.0,2.0,4.0,8.0,8.0,3.0,8.0,4.110873864173311,False,0,0,0
3.0,1.0,1.0,2.0,5.0,6.0,1.0,1.0,960.0,3.0,5.0,4.0,3.0,6.0,7.0,3.0,7.0,6.8679744089702925,True,1,1,1
3.0,1.0,1.0,2.0,2.0,2.0,1.0,1.0,225.0,3.0,4.0,3.0,4.0,4.0,4.0,3.0,4.0,5.420534999272286,True,1,1,1
4.0,5.0,1.0,2.0,5.0,2.0,1.0,1.0,1440.0,2.0,4.0,2.0,3.0,4.0,4.0,2.0,5.0,7.273092595999522,True,1,1,1
5.0,1.0,1.0,2.0,1.0,3.0,1.0,7.0,0.0,5.0,5.0,5.0,3.0,4.0,7.0,3.0,5.0,0.0,False,3,3,3
3.0,1.0,1.0,1.0,2.0,4.0,1.0,1.0,217.5,1.0,4.0,2.0,4.0,6.0,6.0,3.0,5.0,5.3867860145356445,True,0,0,0
3.0,1.0,1.0,2.0,2.0,4.0,2.0,1.0,3945.0,4.0,2.0,3.0,3.0,7.0,6.0,4.0,4.0,8.28045768658256,True,1,1,1
3.0,1.0,2.0,2.0,5.0,2.0,1.0,1.0,565.0,1.0,5.0,2.0,3.0,7.0,8.0,4.0,7.0,6.338594078203183,True,2,2,2
3.0,1.0,3.0,2.0,1.0,7.0,1.0,1.0,1050.0,2.0,4.0,4.0,3.0,4.0,2.0,1.0,5.0,6.957497370876951,True,2,2,2
3.0,1.0,2.0,1.0,5.0,3.0,1.0,1.0,510.0,1.0,5.0,2.0,3.0,10.0,9.0,5.0,10.0,6.236369590203704,True,0,0,0
4.0,1.0,7.0,1.0,6.0,3.0,1.0,1.0,1770.0,1.0,2.0,1.0,4.0,8.0,8.0,4.0,6.0,7.479299637782834,True,0,0,0
3.0,1.0,3.0,1.0,2.0,2.0,1.0,1.0,660.0,2.0,4.0,2.0,4.0,4.0,7.0,1.0,7.0,6.493753839851686,True,0,0,0
3.0,1.0,1.0,1.0,2.0,3.0,1.0,1.0,1717.5,1.0,4.0,2.0,2.0,8.0,8.0,4.0,9.0,7.449207096289888,True,0,0,0
3.0,1.0,1.0,2.0,1.0,2.0,1.0,1.0,675.0,2.0,2.0,2.0,3.0,8.0,9.0,4.0,7.0,6.516193076042964,True,1,1,1
4.0,1.0,2.0,1.0,1.0,3.0,1.0,1.0,747.5,1.0,4.0,4.0,3.0,7.0,6.0,3.0,6.0,6.618071203859683,True,0,0,0
6.0,1.0,2.0,2.0,4.0,2.0,1.0,1.0,982.5,2.0,4.0,2.0,3.0,3.0,6.0,2.0,8.0,6.8911176378291135,True,2,2,2
2.0,3.0,1.0,2.0,1.0,2.0,4.0,8.0,600.0,1.0,4.0,2.0,3.0,5.0,7.0,3.0,8.0,6.398594934535208,True,3,3,3
6.0,1.0,1.0,2.0,7.0,4.0,1.0,1.0,600.0,2.0,4.0,2.0,5.0,5.0,5.0,2.0,5.0,6.398594934535208,True,1,1,1
4.0,1.0,2.0,2.0,1.0,6.0,1.0,1.0,326.25,2.0,4.0,1.0,4.0,7.0,6.0,1.0,6.0,5.7907244047900095,True,2,2,2
3.0,1.0,5.0,2.0,1.0,5.0,1.0,1.0,937.5,3.0,5.0,2.0,3.0,7.0,7.0,4.0,6.0,6.844282856026563,True,2,2,2
5.0,1.0,3.0,1.0,6.0,8.0,3.0,2.0,300.0,1.0,2.0,2.0,4.0,9.0,8.0,5.0,8.0,5.707110264748875,True,0,0,0
3.0,1.0,1.0,2.0,5.0,9.0,1.0,1.0,125.0,2.0,4.0,2.0,4.0,8.0,10.0,4.0,10.0,4.836281906951478,False,1,1,1
7.0,1.0,1.0,1.0,5.0,6.0,1.0,5.0,540.0,3.0,4.0,3.0,3.0,8.0,7.0,5.0,8.0,6.293419278846481,True,0,0,0
2.0,2.0,3.0,2.0,10.0,2.0,3.0,2.0,0.0,2.0,4.0,2.0,3.0,7.0,6.0,3.0,8.0,0.0,False,3,3,3
4.0,1.0,1.0,1.0,6.0,6.0,1.0,1.0,7.5,3.0,2.0,2.0,4.0,8.0,9.0,5.0,8.0,2.1400661634962708,False,0,0,0
7.0,1.0,7.0,1.0,5.0,3.0,1.0,10.0,150.0,1.0,4.0,2.0,4.0,7.0,7.0,3.0,10.0,5.017279836814924,True,0,0,0
7.0,1.0,6.0,1.0,5.0,3.0,1.0,10.0,4620.0,1.0,5.0,2.0,4.0,6.0,7.0,3.0,8.0,8.438366410870266,True,0,0,0
3.0,1.0,3.0,2.0,10.0,4.0,1.0,1.0,0.0,3.0,3.0,2.0,3.0,7.0,6.0,2.0,4.0,0.0,False,2,2,2
2.0,6.0,3.0,1.0,1.0,2.0,1.0,1.0,0.0,3.0,4.0,1.0,4.0,9.0,8.0,3.0,6.0,0.0,False,0,0,0
7.0,3.0,4.0,2.0,1.0,3.0,1.0,5.0,90.0,2.0,4.0,2.0,3.0,8.0,8.0,3.0,10.0,4.51085950651685,False,3,3,3
4.0,1.0,2.0,2.0,6.0,5.0,1.0,10.0,315.0,3.0,2.0,2.0,4.0,9.0,9.0,4.0,9.0,5.755742213586912,True,3,3,3
5.0,2.0,1.0,2.0,4.0,3.0,1.0,2.0,12.5,2.0,4.0,2.0,3.0,6.0,5.0,4.0,8.0,2.6026896854443837,False,3,3,3
3.0,1.0,2.0,2.0,5.0,5.0,1.0,1.0,190.0,2.0,5.0,2.0,4.0,7.0,8.0,4.0,8.0,5.25227342804663,True,2,2,2
3.0,1.0,1.0,1.0,5.0,4.0,1.0,1.0,0.0,3.0,4.0,2.0,4.0,4.0,4.0,2.0,5.0,0.0,False,0,0,0
5.0,1.0,1.0,1.0,1.0,3.0,1.0,7.0,1050.0,2.0,5.0,2.0,4.0,3.0,2.0,4.0,8.0,6.957497370876951,True,0,0,0
2.0,1.0,1.0,2.0,5.0,7.0,4.0,8.0,1980.0,1.0,5.0,1.0,1.0,5.0,5.0,4.0,5.0,7.591357046698551,True,3,3,3
3.0,2.0,1.0,1.0,5.0,7.0,2.0,1.0,150.0,3.0,5.0,2.0,2.0,4.0,4.0,4.0,8.0,5.017279836814924,True,0,0,0
3.0,1.0,2.0,2.0,2.0,4.0,1.0,1.0,375.0,3.0,3.0,2.0,3.0,4.0,4.0,2.0,5.0,5.929589143389895,True,2,2,2
3.0,1.0,2.0,2.0,2.0,5.0,1.0,1.0,105.0,1.0,4.0,2.0,4.0,8.0,7.0,3.0,10.0,4.663439094112067,False,2,2,2
4.0,1.0,1.0,1.0,1.0,7.0,1.0,2.0,2422.5,1.0,5.0,1.0,4.0,9.0,8.0,4.0,7.0,7.792968055285431,True,0,0,0
3.0,1.0,1.0,2.0,1.0,8.0,1.0,1.0,100.0,3.0,3.0,2.0,3.0,8.0,5.0,3.0,7.0,4.61512051684126,False,1,1,1
3.0,1.0,3.0,1.0,5.0,4.0,1.0,1.0,1230.0,1.0,5.0,1.0,4.0,7.0,9.0,4.0,10.0,7.115582126184454,True,0,0,0
6.0,1.0,1.0,1.0,1.0,6.0,1.0,1.0,1620.0,1.0,3.0,2.0,3.0,3.0,3.0,1.0,5.0,7.390798521735676,True,0,0,0
4.0,1.0,1.0,2.0,6.0,4.0,1.0,1.0,330.0,2.0,5.0,3.0,2.0,6.0,5.0,2.0,4.0,5.802118375377063,True,1,1,1
5.0,1.0,1.0,1.0,6.0,9.0,1.0,1.0,885.0,1.0,5.0,1.0,4.0,7.0,8.0,5.0,6.0,6.786716950605081,True,0,0,0
3.0,1.0,2.0,1.0,5.0,5.0,2.0,1.0,2100.0,2.0,4.0,1.0,3.0,7.0,7.0,3.0,8.0,7.650168700845001,True,0,0,0
4.0,1.0,2.0,1.0,1.0,3.0,1.0,1.0,112.5,1.0,5.0,2.0,4.0,8.0,8.0,4.0,8.0,4.7318028369214575,False,0,0,0
2.0,6.0,1.0,1.0,10.0,9.0,2.0,10.0,800.0,2.0,2.0,1.0,4.0,6.0,7.0,3.0,7.0,6.68586094706836,True,0,0,0
2.0,6.0,1.0,1.0,10.0,9.0,3.0,4.0,437.0,2.0,2.0,3.0,4.0,7.0,6.0,4.0,6.0,6.082218910376446,True,0,0,0
5.0,1.0,2.0,1.0,1.0,4.0,1.0,1.0,1000.0,1.0,3.0,2.0,4.0,10.0,8.0,2.0,8.0,6.90875477931522,True,0,0,0
2.0,1.0,5.0,2.0,2.0,2.0,4.0,8.0,2430.0,2.0,3.0,2.0,3.0,5.0,5.0,4.0,6.0,7.796057974316123,True,3,3,3
2.0,1.0,5.0,2.0,2.0,2.0,4.0,8.0,0.0,3.0,4.0,1.0,3.0,6.0,5.0,3.0,7.0,0.0,False,3,3,3
3.0,1.0,7.0,1.0,2.0,8.0,1.0,1.0,615.0,2.0,4.0,2.0,4.0,7.0,6.0,2.0,7.0,6.423246963533519,True,0,0,0
4.0,1.0,4.0,2.0,5.0,8.0,1.0,1.0,720.0,1.0,5.0,1.0,1.0,4.0,5.0,1.0,6.0,6.580639137284949,True,2,2,2
4.0,1.0,4.0,2.0,5.0,8.0,1.0,1.0,240.0,1.0,5.0,1.0,1.0,6.0,6.0,1.0,5.0,5.484796933490655,True,2,2,2
4.0,1.0,5.0,2.0,1.0,4.0,1.0,1.0,487.5,2.0,2.0,2.0,4.0,8.0,6.0,4.0,4.0,6.191339471482838,True,2,2,2
6.0,1.0,2.0,1.0,5.0,6.0,1.0,1.0,2520.0,2.0,5.0,3.0,4.0,9.0,9.0,4.0,9.0,7.83241092718792,True,0,0,0
2.0,1.0,5.0,2.0,2.0,8.0,4.0,8.0,150.0,1.0,4.0,2.0,4.0,10.0,8.0,4.0,10.0,5.017279836814924,True,3,3,3
3.0,1.0,2.0,2.0,1.0,3.0,1.0,1.0,1140.0,2.0,4.0,2.0,2.0,7.0,6.0,2.0,7.0,7.039660349862076,True,2,2,2
3.0,2.0,3.0,1.0,1.0,2.0,4.0,8.0,0.0,1.0,3.0,2.0,3.0,5.0,6.0,2.0,6.0,0.0,False,0,0,0
5.0,1.0,3.0,2.0,1.0,2.0,2.0,3.0,180.0,1.0,3.0,2.0,3.0,5.0,4.0,1.0,4.0,5.198497031265826,True,3,3,3
6.0,3.0,2.0,2.0,5.0,5.0,1.0,1.0,483.75,1.0,4.0,2.0,3.0,7.0,7.0,3.0,7.0,6.183633294122761,True,2,2,2
6.0,1.0,2.0,2.0,7.0,8.0,1.0,1.0,620.0,1.0,4.0,4.0,1.0,3.0,3.0,2.0,5.0,6.431331081933479,True,2,2,2
6.0,1.0,2.0,1.0,7.0,8.0,1.0,2.0,1029.0,1.0,5.0,1.0,4.0,9.0,8.0,3.0,9.0,6.937314081223682,True,0,0,0
6.0,1.0,2.0,1.0,5.0,8.0,1.0,5.0,750.0,3.0,4.0,1.0,4.0,8.0,8.0,4.0,8.0,6.621405651764134,True,0,0,0
6.0,1.0,2.0,2.0,5.0,10.0,1.0,5.0,1830.0,1.0,5.0,1.0,3.0,8.0,10.0,5.0,9.0,7.5126175446745105,True,3,3,3
5.0,1.0,2.0,2.0,6.0,3.0,1.0,1.0,740.0,2.0,4.0,2.0,4.0,10.0,8.0,4.0,8.0,6.608000625296087,True,2,2,2
6.0,1.0,1.0,2.0,5.0,8.0,1.0,5.0,850.0,2.0,4.0,3.0,5.0,8.0,7.0,3.0,7.0,6.7464121285733745,True,3,3,3
2.0,1.0,5.0,2.0,2.0,6.0,4.0,8.0,195.0,3.0,4.0,2.0,3.0,8.0,6.0,4.0,7.0,5.278114659230517,True,3,3,3
4.0,1.0,1.0,1.0,6.0,10.0,1.0,1.0,180.0,2.0,2.0,2.0,4.0,8.0,8.0,4.0,8.0,5.198497031265826,True,0,0,0
4.0,1.0,1.0,2.0,6.0,10.0,1.0,1.0,0.0,2.0,3.0,2.0,4.0,8.0,8.0,4.0,8.0,0.0,False,1,1,1
6.0,1.0,1.0,1.0,5.0,9.0,1.0,1.0,120.0,2.0,2.0,2.0,4.0,7.0,7.0,3.0,7.0,4.795790545596741,False,0,0,0
3.0,1.0,1.0,1.0,5.0,10.0,1.0,1.0,180.0,1.0,1.0,1.0,5.0,8.0,8.0,4.0,8.0,5.198497031265826,True,0,0,0
3.0,1.0,1.0,1.0,5.0,10.0,1.0,1.0,180.0,1.0,1.0,1.0,5.0,8.0,8.0,4.0,8.0,5.198497031265826,True,0,0,0
5.0,1.0,2.0,1.0,2.0,2.0,1.0,1.0,1367.5,1.0,4.0,2.0,3.0,9.0,7.0,4.0,8.0,7.221470528480734,True,0,0,0
4.0,2.0,4.0,1.0,6.0,2.0,1.0,1.0,225.0,2.0,4.0,2.0,3.0,9.0,9.0,4.0,8.0,5.420534999272286,True,0,0,0
2.0,2.0,3.0,1.0,6.0,2.0,4.0,8.0,0.0,1.0,4.0,1.0,3.0,10.0,10.0,4.0,10.0,0.0,False,0,0,0
4.0,1.0,3.0,2.0,3.0,3.0,1.0,2.0,120.0,3.0,3.0,3.0,4.0,6.0,6.0,4.0,10.0,4.795790545596741,False,3,3,3
6.0,3.0,4.0,2.0,7.0,3.0,3.0,1.0,0.0,2.0,4.0,2.0,3.0,8.0,7.0,3.0,10.0,0.0,False,2,2,2
4.0,2.0,1.0,2.0,1.0,3.0,3.0,7.0,510.0,3.0,1.0,1.0,2.0,5.0,5.0,1.0,6.0,6.236369590203704,True,3,3,3
3.0,2.0,1.0,2.0,6.0,2.0,1.0,1.0,0.0,2.0,5.0,4.0,4.0,9.0,9.0,5.0,10.0,0.0,False,1,1,1
5.0,2.0,1.0,2.0,3.0,7.0,1.0,1.0,477.5,2.0,5.0,2.0,4.0,9.0,8.0,3.0,7.0,6.170656210893009,True,1,1,1
5.0,1.0,6.0,2.0,3.0,4.0,1.0,2.0,483.75,1.0,5.0,2.0,2.0,10.0,7.0,4.0,10.0,6.183633294122761,True,3,3,3
5.0,3.0,4.0,1.0,7.0,4.0,2.0,1.0,1110.0,1.0,3.0,2.0,2.0,10.0,8.0,5.0,8.0,7.01301578963963,True,0,0,0
5.0,1.0,3.0,1.0,6.0,4.0,1.0,1.0,285.0,1.0,5.0,2.0,3.0,8.0,8.0,5.0,10.0,5.655991810819852,True,0,0,0
4.0,1.0,3.0,2.0,6.0,4.0,1.0,2.0,480.0,1.0,3.0,4.0,2.0,4.0,6.0,1.0,9.0,6.175867270105761,True,3,3,3
7.0,1.0,6.0,1.0,1.0,3.0,1.0,5.0,0.0,3.0,4.0,3.0,3.0,8.0,8.0,3.0,7.0,0.0,False,0,0,0
3.0,1.0,3.0,1.0,10.0,5.0,1.0,1.0,640.0,1.0,4.0,2.0,2.0,5.0,6.0,3.0,7.0,6.46302945692067,True,0,0,0
4.0,2.0,1.0,1.0,6.0,7.0,2.0,1.0,3360.0,1.0,5.0,1.0,5.0,10.0,10.0,5.0,10.0,8.119993827725105,True,0,0,0
2.0,3.0,6.0,1.0,10.0,7.0,4.0,8.0,3897.5,1.0,3.0,3.0,2.0,7.0,9.0,5.0,7.0,8.268347142749654,True,0,0,0
6.0,1.0,1.0,2.0,7.0,8.0,2.0,1.0,640.0,2.0,5.0,2.0,4.0,8.0,9.0,5.0,8.0,6.46302945692067,True,1,1,1
5.0,1.0,3.0,1.0,6.0,5.0,1.0,1.0,390.0,1.0,4.0,2.0,3.0,7.0,7.0,4.0,7.0,5.968707559985366,True,0,0,0
4.0,1.0,2.0,2.0,6.0,3.0,1.0,1.0,416.25,2.0,5.0,2.0,3.0,8.0,7.0,4.0,7.0,6.033685562541945,True,2,2,2
6.0,1.0,4.0,2.0,1.0,8.0,1.0,2.0,0.0,3.0,4.0,2.0,3.0,10.0,8.0,3.0,8.0,0.0,False,3,3,3
2.0,3.0,1.0,1.0,10.0,5.0,4.0,8.0,5070.0,1.0,5.0,2.0,1.0,4.0,2.0,1.0,6.0,8.531293315795018,True,0,0,0
4.0,1.0,5.0,2.0,6.0,3.0,3.0,2.0,0.0,2.0,4.0,2.0,3.0,6.0,5.0,4.0,7.0,0.0,False,3,3,3
6.0,2.0,1.0,1.0,5.0,3.0,2.0,5.0,277.5,3.0,4.0,3.0,2.0,8.0,7.0,3.0,7.0,5.629418059367339,True,0,0,0
2.0,3.0,1.0,2.0,10.0,7.0,4.0,8.0,1100.0,1.0,4.0,2.0,4.0,8.0,7.0,4.0,6.0,7.00397413672268,True,3,3,3
3.0,1.0,1.0,1.0,5.0,8.0,1.0,1.0,575.0,1.0,5.0,1.0,4.0,9.0,8.0,4.0,10.0,6.3561076606958915,True,0,0,0
3.0,1.0,1.0,2.0,5.0,8.0,1.0,1.0,1890.0,2.0,4.0,1.0,4.0,9.0,9.0,4.0,10.0,7.544861068658458,True,1,1,1
4.0,2.0,1.0,2.0,6.0,8.0,4.0,10.0,397.5,2.0,4.0,2.0,3.0,9.0,5.0,3.0,7.0,5.98770749823027,True,3,3,3
2.0,1.0,4.0,1.0,10.0,5.0,2.0,10.0,320.0,3.0,2.0,2.0,3.0,8.0,8.0,1.0,6.0,5.771441123130016,True,0,0,0
4.0,1.0,3.0,2.0,6.0,4.0,2.0,2.0,1200.0,2.0,4.0,4.0,2.0,7.0,8.0,2.0,1.0,7.0909098220799835,True,3,3,3
5.0,5.0,1.0,2.0,3.0,4.0,2.0,1.0,0.0,2.0,4.0,1.0,4.0,10.0,10.0,4.0,10.0,0.0,False,1,1,1
7.0,1.0,1.0,2.0,5.0,8.0,1.0,5.0,75.0,4.0,4.0,2.0,3.0,9.0,9.0,4.0,9.0,4.330733340286331,False,3,3,3
7.0,1.0,1.0,1.0,5.0,8.0,1.0,5.0,490.0,2.0,4.0,2.0,4.0,7.0,6.0,2.0,7.0,6.19644412779452,True,0,0,0
4.0,1.0,3.0,1.0,6.0,5.0,2.0,1.0,3975.0,2.0,4.0,3.0,3.0,8.0,8.0,5.0,8.0,8.288031567776464,True,0,0,0
5.0,1.0,3.0,1.0,6.0,4.0,2.0,2.0,900.0,2.0,3.0,2.0,4.0,7.0,7.0,3.0,8.0,6.803505257608338,True,0,0,0
5.0,1.0,3.0,2.0,6.0,4.0,1.0,1.0,175.0,2.0,4.0,2.0,3.0,3.0,0.0,1.0,0.0,5.170483995038151,True,2,2,2
3.0,1.0,6.0,1.0,10.0,6.0,1.0,1.0,1230.0,1.0,5.0,2.0,3.0,7.0,8.0,3.0,7.0,7.115582126184454,True,0,0,0
2.0,3.0,6.0,1.0,10.0,6.0,3.0,9.0,0.0,1.0,4.0,2.0,3.0,5.0,5.0,3.0,5.0,0.0,False,0,0,0
7.0,2.0,1.0,1.0,5.0,6.0,1.0,5.0,0.0,1.0,3.0,2.0,4.0,8.0,7.0,3.0,6.0,0.0,False,0,0,0
6.0,1.0,6.0,2.0,10.0,4.0,1.0,1.0,3020.0,3.0,3.0,2.0,2.0,6.0,6.0,4.0,5.0,8.013343181386672,True,2,2,2
7.0,3.0,1.0,2.0,1.0,10.0,2.0,5.0,2677.5,1.0,3.0,1.0,3.0,6.0,9.0,3.0,9.0,7.893012215321015,True,3,3,3
3.0,1.0,1.0,1.0,11.0,8.0,2.0,1.0,795.0,2.0,2.0,2.0,3.0,9.0,8.0,4.0,8.0,6.679599185844383,True,0,0,0
4.0,2.0,1.0,1.0,5.0,9.0,2.0,1.0,300.0,1.0,4.0,3.0,3.0,3.0,8.0,2.0,7.0,5.707110264748875,True,0,0,0
5.0,1.0,1.0,2.0,1.0,8.0,1.0,1.0,405.0,4.0,4.0,3.0,3.0,7.0,5.0,2.0,6.0,6.0063531596017325,True,1,1,1
4.0,1.0,6.0,2.0,6.0,10.0,1.0,2.0,803.5,1.0,4.0,2.0,2.0,4.0,6.0,1.0,8.0,6.690220966432438,True,3,3,3
5.0,3.0,1.0,1.0,10.0,5.0,2.0,10.0,121.0,2.0,3.0,3.0,3.0,4.0,3.0,4.0,5.0,4.804021044733257,False,0,0,0
5.0,1.0,1.0,2.0,5.0,9.0,1.0,2.0,705.0,2.0,4.0,2.0,4.0,7.0,7.0,4.0,6.0,6.559615237493242,True,3,3,3
4.0,1.0,1.0,2.0,5.0,6.0,1.0,10.0,127.5,3.0,3.0,1.0,4.0,5.0,8.0,5.0,8.0,4.855928904335275,False,3,3,3
7.0,1.0,2.0,1.0,7.0,5.0,1.0,5.0,0.0,5.0,5.0,3.0,4.0,3.0,3.0,1.0,3.0,0.0,False,0,0,0
6.0,1.0,1.0,2.0,1.0,3.0,1.0,1.0,1320.0,2.0,4.0,2.0,3.0,4.0,5.0,3.0,3.0,7.186144304522325,True,1,1,1
6.0,2.0,7.0,1.0,6.0,4.0,2.0,2.0,190.0,2.0,3.0,3.0,2.0,8.0,6.0,4.0,9.0,5.25227342804663,True,0,0,0
3.0,1.0,2.0,2.0,1.0,2.0,1.0,1.0,1110.0,2.0,3.0,2.0,4.0,8.0,9.0,4.0,9.0,7.01301578963963,True,2,2,2
4.0,1.0,6.0,2.0,6.0,2.0,1.0,1.0,0.0,2.0,5.0,2.0,2.0,6.0,6.0,4.0,6.0,0.0,False,2,2,2
6.0,1.0,2.0,2.0,7.0,4.0,1.0,1.0,1980.0,2.0,2.0,1.0,4.0,6.0,7.0,4.0,9.0,7.591357046698551,True,2,2,2
6.0,1.0,2.0,1.0,7.0,4.0,1.0,1.0,606.25,1.0,4.0,3.0,3.0,10.0,10.0,5.0,6.0,6.408940567882282,True,0,0,0
7.0,1.0,1.0,2.0,1.0,7.0,1.0,5.0,420.0,2.0,5.0,3.0,3.0,7.0,6.0,4.0,8.0,6.042632833682381,True,3,3,3
3.0,2.0,2.0,2.0,6.0,8.0,2.0,2.0,652.5,2.0,5.0,1.0,3.0,9.0,9.0,3.0,10.0,6.482342533064276,True,3,3,3
3.0,1.0,1.0,2.0,1.0,6.0,1.0,1.0,7665.0,2.0,3.0,2.0,4.0,6.0,6.0,3.0,6.0,8.9445502459405,True,1,1,1
4.0,1.0,6.0,2.0,3.0,6.0,1.0,2.0,1707.5,2.0,4.0,2.0,4.0,6.0,7.0,3.0,7.0,7.4433710715553465,True,3,3,3
3.0,1.0,3.0,1.0,10.0,4.0,1.0,1.0,0.0,3.0,2.0,2.0,2.0,1.0,2.0,3.0,6.0,0.0,False,0,0,0
3.0,1.0,3.0,2.0,10.0,4.0,1.0,1.0,0.0,4.0,4.0,3.0,4.0,6.0,4.0,1.0,6.0,0.0,False,2,2,2
3.0,1.0,2.0,2.0,5.0,9.0,2.0,1.0,467.5,1.0,4.0,1.0,3.0,10.0,9.0,5.0,8.0,6.149536101678477,True,2,2,2
7.0,1.0,1.0,2.0,5.0,6.0,1.0,2.0,410.0,1.0,5.0,2.0,3.0,8.0,8.0,4.0,8.0,6.018593214496234,True,3,3,3
3.0,1.0,4.0,1.0,5.0,4.0,1.0,1.0,65.0,2.0,5.0,4.0,3.0,10.0,8.0,5.0,8.0,4.189654742026425,False,0,0,0
3.0,2.0,4.0,2.0,5.0,4.0,1.0,1.0,1275.0,1.0,4.0,3.0,3.0,5.0,5.0,3.0,5.0,7.151485463904735,True,2,2,2
5.0,1.0,1.0,2.0,6.0,7.0,1.0,2.0,910.0,3.0,1.0,2.0,4.0,8.0,7.0,3.0,8.0,6.814542897259958,True,3,3,3
3.0,1.0,1.0,2.0,5.0,9.0,2.0,1.0,2160.0,1.0,2.0,2.0,2.0,8.0,8.0,3.0,9.0,7.6783263565068856,True,1,1,1
3.0,2.0,1.0,1.0,5.0,9.0,2.0,1.0,4080.0,2.0,3.0,4.0,3.0,3.0,5.0,3.0,5.0,8.314097335405807,True,0,0,0
5.0,1.0,2.0,2.0,6.0,4.0,1.0,1.0,250.0,1.0,3.0,2.0,4.0,10.0,5.0,1.0,8.0,5.5254529391317835,True,2,2,2
4.0,1.0,2.0,2.0,6.0,4.0,1.0,1.0,585.0,2.0,4.0,2.0,3.0,10.0,10.0,5.0,10.0,6.373319789577012,True,2,2,2
6.0,2.0,1.0,1.0,1.0,7.0,2.0,5.0,47.5,2.0,3.0,3.0,2.0,6.0,7.0,2.0,8.0,3.8815637979434374,False,0,0,0
3.0,1.0,1.0,2.0,1.0,4.0,1.0,1.0,180.0,2.0,5.0,2.0,4.0,7.0,7.0,4.0,7.0,5.198497031265826,True,1,1,1
2.0,1.0,6.0,2.0,1.0,3.0,1.0,1.0,225.0,1.0,3.0,2.0,3.0,9.0,8.0,3.0,7.0,5.420534999272286,True,2,2,2
5.0,1.0,3.0,1.0,6.0,3.0,2.0,1.0,810.0,1.0,1.0,1.0,2.0,9.0,9.0,3.0,10.0,6.698268054115413,True,0,0,0
3.0,1.0,4.0,2.0,5.0,2.0,1.0,1.0,0.0,1.0,5.0,1.0,3.0,10.0,10.0,4.0,10.0,0.0,False,2,2,2
2.0,3.0,2.0,1.0,1.0,5.0,4.0,8.0,4587.5,1.0,2.0,1.0,2.0,7.0,8.0,4.0,8.0,8.431308452259067,True,0,0,0
5.0,1.0,1.0,2.0,5.0,8.0,1.0,1.0,2130.0,1.0,5.0,2.0,4.0,8.0,9.0,5.0,9.0,7.664346632098617,True,1,1,1
6.0,1.0,1.0,1.0,6.0,8.0,1.0,1.0,195.0,2.0,4.0,2.0,4.0,8.0,7.0,3.0,9.0,5.278114659230517,True,0,0,0
4.0,1.0,2.0,2.0,1.0,5.0,1.0,1.0,990.0,4.0,5.0,2.0,3.0,8.0,8.0,5.0,8.0,6.898714534329988,True,2,2,2
4.0,1.0,1.0,1.0,5.0,7.0,1.0,1.0,780.0,1.0,4.0,1.0,3.0,10.0,8.0,5.0,9.0,6.660575149839686,True,0,0,0
3.0,3.0,1.0,2.0,3.0,5.0,1.0,1.0,0.0,1.0,4.0,2.0,3.0,10.0,10.0,4.0,10.0,0.0,False,1,1,1
4.0,1.0,1.0,1.0,5.0,4.0,1.0,1.0,60.0,3.0,5.0,2.0,4.0,7.0,8.0,4.0,6.0,4.110873864173311,False,0,0,0
3.0,1.0,1.0,2.0,5.0,4.0,1.0,1.0,60.0,3.0,4.0,3.0,4.0,4.0,7.0,3.0,6.0,4.110873864173311,False,1,1,1
5.0,3.0,1.0,2.0,6.0,2.0,4.0,6.0,0.0,1.0,5.0,2.0,2.0,6.0,7.0,3.0,6.0,0.0,False,3,3,3
6.0,3.0,3.0,1.0,11.0,2.0,2.0,1.0,0.0,1.0,2.0,2.0,4.0,10.0,10.0,4.0,10.0,0.0,False,0,0,0
4.0,1.0,1.0,2.0,6.0,7.0,1.0,2.0,850.0,1.0,5.0,2.0,4.0,7.0,8.0,4.0,7.0,6.7464121285733745,True,3,3,3
5.0,3.0,2.0,2.0,1.0,5.0,3.0,1.0,0.0,3.0,5.0,3.0,4.0,5.0,5.0,3.0,4.0,0.0,False,2,2,2
5.0,1.0,2.0,1.0,6.0,8.0,1.0,1.0,1260.0,4.0,3.0,2.0,2.0,10.0,10.0,4.0,10.0,7.13966033596492,True,0,0,0
4.0,1.0,1.0,1.0,1.0,8.0,1.0,1.0,675.0,1.0,5.0,1.0,4.0,7.0,6.0,2.0,6.0,6.516193076042964,True,0,0,0
4.0,3.0,1.0,2.0,1.0,4.0,1.0,7.0,960.0,2.0,2.0,2.0,3.0,8.0,7.0,2.0,9.0,6.8679744089702925,True,3,3,3
3.0,1.0,4.0,2.0,1.0,2.0,1.0,1.0,655.0,2.0,4.0,2.0,4.0,8.0,8.0,4.0,5.0,6.486160788944089,True,2,2,2
6.0,1.0,1.0,1.0,1.0,5.0,1.0,5.0,2310.0,4.0,4.0,3.0,3.0,9.0,7.0,4.0,9.0,7.745435610274381,True,0,0,0
6.0,6.0,1.0,1.0,1.0,2.0,3.0,4.0,0.0,2.0,1.0,1.0,5.0,7.0,6.0,3.0,7.0,0.0,False,0,0,0
4.0,3.0,2.0,1.0,5.0,6.0,2.0,1.0,0.0,3.0,4.0,2.0,3.0,7.0,7.0,5.0,7.0,0.0,False,0,0,0
4.0,1.0,6.0,1.0,5.0,4.0,1.0,1.0,0.0,2.0,4.0,4.0,3.0,5.0,7.0,3.0,5.0,0.0,False,0,0,0
7.0,1.0,2.0,2.0,5.0,7.0,1.0,5.0,1515.0,2.0,4.0,2.0,5.0,8.0,8.0,4.0,10.0,7.323830566202317,True,3,3,3
3.0,1.0,1.0,2.0,6.0,4.0,1.0,2.0,315.0,2.0,5.0,2.0,4.0,8.0,8.0,3.0,8.0,5.755742213586912,True,3,3,3
4.0,1.0,5.0,1.0,5.0,6.0,1.0,1.0,1920.0,2.0,2.0,2.0,4.0,6.0,7.0,3.0,5.0,7.560601162768557,True,0,0,0
3.0,1.0,5.0,2.0,5.0,6.0,3.0,1.0,375.0,2.0,2.0,2.0,4.0,7.0,7.0,2.0,5.0,5.929589143389895,True,2,2,2
4.0,1.0,5.0,2.0,5.0,6.0,1.0,1.0,0.0,2.0,3.0,3.0,3.0,6.0,6.0,4.0,3.0,0.0,False,2,2,2
4.0,1.0,1.0,2.0,6.0,3.0,1.0,1.0,540.0,1.0,5.0,2.0,2.0,7.0,7.0,2.0,9.0,6.293419278846481,True,1,1,1
5.0,1.0,1.0,2.0,1.0,6.0,1.0,1.0,217.5,2.0,4.0,2.0,4.0,8.0,7.0,2.0,7.0,5.3867860145356445,True,1,1,1
3.0,1.0,1.0,2.0,5.0,4.0,1.0,1.0,1135.0,1.0,4.0,2.0,3.0,9.0,9.0,4.0,9.0,7.035268599281097,True,1,1,1
4.0,1.0,2.0,2.0,3.0,4.0,2.0,6.0,607.5,4.0,4.0,3.0,4.0,8.0,7.0,3.0,8.0,6.410996912427582,True,3,3,3
6.0,1.0,2.0,2.0,1.0,4.0,1.0,1.0,1322.5,4.0,5.0,2.0,5.0,8.0,7.0,4.0,8.0,7.188035021667156,True,2,2,2
2.0,2.0,1.0,2.0,10.0,6.0,4.0,8.0,0.0,1.0,4.0,3.0,3.0,3.0,2.0,3.0,5.0,0.0,False,3,3,3
4.0,1.0,2.0,2.0,6.0,5.0,1.0,1.0,0.0,2.0,4.0,2.0,4.0,10.0,10.0,3.0,2.0,0.0,False,2,2,2
2.0,3.0,4.0,1.0,10.0,2.0,3.0,9.0,0.0,2.0,4.0,1.0,3.0,10.0,10.0,4.0,7.0,0.0,False,0,0,0
3.0,1.0,2.0,1.0,5.0,6.0,1.0,1.0,454.0,1.0,5.0,3.0,2.0,8.0,6.0,3.0,7.0,6.12029741895095,True,0,0,0
7.0,6.0,1.0,1.0,1.0,5.0,3.0,7.0,0.0,1.0,2.0,3.0,4.0,10.0,10.0,3.0,10.0,0.0,False,0,0,0
4.0,1.0,1.0,2.0,6.0,4.0,1.0,1.0,260.0,1.0,4.0,1.0,2.0,8.0,8.0,3.0,7.0,5.564520407322694,True,1,1,1
4.0,1.0,6.0,1.0,3.0,3.0,1.0,1.0,690.0,4.0,5.0,3.0,1.0,7.0,6.0,2.0,8.0,6.53813982376767,True,0,0,0
4.0,1.0,2.0,2.0,5.0,7.0,1.0,1.0,90.0,4.0,4.0,5.0,3.0,5.0,5.0,2.0,7.0,4.51085950651685,False,2,2,2
2.0,1.0,5.0,2.0,10.0,2.0,1.0,3.0,0.0,1.0,4.0,2.0,2.0,8.0,3.0,1.0,6.0,0.0,False,3,3,3
3.0,1.0,7.0,1.0,5.0,7.0,1.0,1.0,150.0,1.0,4.0,2.0,2.0,7.0,7.0,5.0,8.0,5.017279836814924,True,0,0,0
4.0,1.0,4.0,1.0,1.0,2.0,1.0,7.0,255.0,1.0,5.0,1.0,4.0,6.0,6.0,2.0,4.0,5.545177444479562,True,0,0,0
4.0,3.0,2.0,1.0,4.0,2.0,1.0,1.0,75.0,2.0,4.0,2.0,4.0,7.0,8.0,3.0,7.0,4.330733340286331,False,0,0,0
3.0,1.0,3.0,2.0,1.0,3.0,1.0,1.0,210.0,1.0,5.0,4.0,4.0,4.0,6.0,3.0,3.0,5.351858133476067,True,2,2,2
5.0,2.0,3.0,1.0,1.0,3.0,1.0,3.0,330.0,2.0,3.0,3.0,2.0,5.0,4.0,1.0,6.0,5.802118375377063,True,0,0,0
6.0,1.0,1.0,2.0,5.0,4.0,1.0,1.0,810.0,1.0,4.0,1.0,4.0,7.0,7.0,2.0,10.0,6.698268054115413,True,1,1,1
5.0,1.0,2.0,2.0,1.0,4.0,1.0,1.0,1477.5,1.0,5.0,1.0,4.0,9.0,9.0,5.0,10.0,7.298783339292532,True,2,2,2
4.0,1.0,1.0,2.0,1.0,1.0,1.0,1.0,0.0,2.0,4.0,2.0,3.0,3.0,4.0,2.0,5.0,0.0,False,1,1,1
5.0,1.0,2.0,1.0,5.0,2.0,2.0,1.0,540.0,1.0,4.0,1.0,4.0,9.0,8.0,5.0,9.0,6.293419278846481,True,0,0,0
6.0,1.0,1.0,1.0,1.0,3.0,1.0,1.0,480.0,2.0,5.0,3.0,3.0,2.0,2.0,1.0,3.0,6.175867270105761,True,0,0,0
3.0,1.0,2.0,2.0,2.0,2.0,1.0,1.0,720.0,2.0,5.0,3.0,4.0,8.0,9.0,4.0,9.0,6.580639137284949,True,2,2,2
4.0,1.0,1.0,1.0,1.0,3.0,1.0,1.0,90.0,1.0,4.0,3.0,3.0,9.0,9.0,4.0,8.0,4.51085950651685,False,0,0,0
4.0,2.0,1.0,1.0,1.0,3.0,1.0,1.0,700.0,1.0,5.0,2.0,3.0,7.0,6.0,4.0,6.0,6.55250788703459,True,0,0,0
5.0,2.0,2.0,3.0,2.0,3.0,3.0,4.0,0.0,4.0,5.0,3.0,4.0,3.0,0.0,1.0,2.0,0.0,False,3,3,3
3.0,1.0,5.0,2.0,2.0,2.0,1.0,1.0,1912.5,1.0,5.0,1.0,4.0,7.0,7.0,4.0,9.0,7.556689304865757,True,2,2,2
4.0,1.0,1.0,2.0,1.0,2.0,1.0,1.0,890.0,2.0,3.0,2.0,3.0,7.0,5.0,1.0,7.0,6.792344427470809,True,1,1,1
4.0,1.0,1.0,2.0,5.0,3.0,1.0,3.0,350.0,2.0,4.0,2.0,3.0,5.0,7.0,4.0,8.0,5.860786223465865,True,3,3,3
6.0,1.0,1.0,1.0,5.0,3.0,1.0,1.0,240.0,3.0,4.0,2.0,4.0,8.0,8.0,4.0,7.0,5.484796933490655,True,0,0,0
5.0,1.0,1.0,2.0,5.0,3.0,1.0,2.0,1000.0,2.0,5.0,1.0,4.0,9.0,8.0,4.0,9.0,6.90875477931522,True,3,3,3
7.0,1.0,2.0,2.0,1.0,4.0,1.0,5.0,1140.0,2.0,4.0,2.0,2.0,8.0,8.0,4.0,6.0,7.039660349862076,True,3,3,3
4.0,1.0,5.0,1.0,6.0,6.0,1.0,1.0,555.0,1.0,4.0,2.0,2.0,4.0,6.0,3.0,8.0,6.320768294250582,True,0,0,0
3.0,1.0,1.0,1.0,1.0,6.0,3.0,1.0,0.0,1.0,5.0,2.0,3.0,5.0,3.0,5.0,6.0,0.0,False,0,0,0
4.0,1.0,1.0,1.0,6.0,7.0,1.0,3.0,830.0,1.0,4.0,2.0,4.0,8.0,7.0,2.0,7.0,6.7226297948554485,True,0,0,0
3.0,1.0,1.0,2.0,1.0,7.0,1.0,1.0,3900.0,3.0,4.0,4.0,4.0,7.0,5.0,1.0,6.0,8.268988209506656,True,1,1,1
3.0,1.0,4.0,2.0,3.0,3.0,3.0,2.0,1765.0,2.0,4.0,2.0,3.0,8.0,8.0,3.0,8.0,7.476472381163905,True,3,3,3
5.0,1.0,1.0,1.0,5.0,5.0,1.0,1.0,942.5,1.0,4.0,2.0,3.0,10.0,7.0,3.0,10.0,6.849596364808605,True,0,0,0
5.0,2.0,1.0,2.0,5.0,5.0,2.0,3.0,11.25,2.0,4.0,1.0,3.0,8.0,6.0,2.0,7.0,2.505525936990736,False,3,3,3
3.0,1.0,1.0,2.0,2.0,4.0,1.0,1.0,1065.0,1.0,4.0,1.0,2.0,6.0,7.0,3.0,8.0,6.97166860472579,True,1,1,1
7.0,1.0,2.0,1.0,10.0,4.0,1.0,5.0,75.0,3.0,4.0,2.0,3.0,6.0,6.0,4.0,7.0,4.330733340286331,False,0,0,0
6.0,1.0,1.0,1.0,6.0,5.0,1.0,1.0,1975.0,1.0,4.0,2.0,4.0,8.0,8.0,5.0,8.0,7.588829878307813,True,0,0,0
4.0,1.0,1.0,2.0,1.0,5.0,1.0,1.0,607.5,2.0,4.0,2.0,4.0,7.0,7.0,2.0,7.0,6.410996912427582,True,1,1,1
7.0,3.0,2.0,1.0,5.0,4.0,1.0,5.0,0.0,2.0,2.0,3.0,2.0,8.0,8.0,3.0,10.0,0.0,False,0,0,0
3.0,1.0,3.0,1.0,5.0,4.0,1.0,1.0,60.0,2.0,3.0,2.0,4.0,7.0,8.0,2.0,9.0,4.110873864173311,False,0,0,0
6.0,1.0,2.0,2.0,1.0,8.0,1.0,5.0,1490.0,1.0,4.0,1.0,4.0,9.0,9.0,5.0,9.0,7.307202314764738,True,3,3,3
4.0,1.0,2.0,1.0,6.0,6.0,1.0,1.0,960.0,1.0,5.0,1.0,5.0,9.0,9.0,4.0,9.0,6.8679744089702925,True,0,0,0
2.0,3.0,7.0,2.0,10.0,1.0,4.0,8.0,0.0,4.0,4.0,4.0,3.0,6.0,5.0,3.0,6.0,0.0,False,3,3,3
2.0,2.0,6.0,2.0,10.0,1.0,4.0,8.0,240.0,2.0,4.0,2.0,2.0,9.0,8.0,3.0,3.0,5.484796933490655,True,3,3,3
4.0,1.0,1.0,1.0,5.0,2.0,1.0,1.0,3060.0,1.0,4.0,2.0,2.0,3.0,5.0,2.0,3.0,8.026496938945412,True,0,0,0
2.0,1.0,2.0,2.0,2.0,2.0,3.0,3.0,1155.0,2.0,4.0,2.0,3.0,6.0,6.0,3.0,8.0,7.052721049232323,True,3,3,3
5.0,1.0,3.0,1.0,1.0,6.0,1.0,1.0,300.0,2.0,4.0,2.0,3.0,6.0,6.0,2.0,6.0,5.707110264748875,True,0,0,0
5.0,1.0,3.0,2.0,1.0,6.0,3.0,6.0,0.0,3.0,3.0,2.0,3.0,7.0,7.0,4.0,7.0,0.0,False,3,3,3
6.0,2.0,3.0,1.0,1.0,7.0,3.0,1.0,0.0,1.0,5.0,2.0,4.0,6.0,7.0,2.0,6.0,0.0,False,0,0,0
7.0,1.0,3.0,1.0,1.0,5.0,1.0,1.0,0.0,2.0,3.0,3.0,3.0,7.0,8.0,5.0,7.0,0.0,False,0,0,0
4.0,1.0,3.0,1.0,6.0,5.0,1.0,1.0,120.0,1.0,5.0,3.0,2.0,7.0,6.0,2.0,7.0,4.795790545596741,False,0,0,0
4.0,1.0,3.0,2.0,6.0,5.0,2.0,2.0,120.0,1.0,5.0,1.0,3.0,7.0,7.0,4.0,8.0,4.795790545596741,False,3,3,3
7.0,5.0,1.0,2.0,7.0,6.0,2.0,5.0,570.0,3.0,4.0,1.0,5.0,10.0,10.0,5.0,10.0,6.3473892096560105,True,3,3,3
3.0,1.0,3.0,1.0,6.0,5.0,1.0,1.0,0.0,3.0,3.0,3.0,1.0,6.0,5.0,5.0,0.0,0.0,False,0,0,0
5.0,2.0,1.0,2.0,6.0,5.0,1.0,2.0,3510.0,1.0,4.0,1.0,3.0,9.0,8.0,4.0,9.0,8.163656176168432,True,3,3,3
7.0,1.0,1.0,1.0,5.0,8.0,2.0,5.0,1248.75,1.0,3.0,3.0,3.0,7.0,7.0,5.0,8.0,7.13069881029368,True,0,0,0
6.0,3.0,2.0,2.0,7.0,7.0,1.0,2.0,1042.5,1.0,5.0,1.0,5.0,6.0,9.0,4.0,10.0,6.950335726517255,True,3,3,3
2.0,2.0,6.0,2.0,1.0,6.0,4.0,8.0,2715.0,1.0,4.0,1.0,4.0,8.0,4.0,1.0,7.0,7.906915488678587,True,3,3,3
4.0,3.0,3.0,2.0,6.0,5.0,2.0,1.0,0.0,1.0,5.0,2.0,3.0,4.0,5.0,2.0,6.0,0.0,False,2,2,2
4.0,1.0,1.0,2.0,5.0,7.0,1.0,1.0,1560.0,2.0,4.0,1.0,4.0,9.0,8.0,2.0,9.0,7.353081920515432,True,1,1,1
4.0,1.0,3.0,1.0,5.0,7.0,1.0,1.0,930.0,1.0,5.0,2.0,4.0,7.0,6.0,3.0,5.0,6.836259277277067,True,0,0,0
6.0,2.0,1.0,2.0,4.0,7.0,1.0,1.0,375.0,3.0,4.0,3.0,3.0,8.0,7.0,3.0,8.0,5.929589143389895,True,1,1,1
4.0,1.0,1.0,2.0,6.0,10.0,1.0,1.0,1380.0,1.0,3.0,1.0,5.0,8.0,8.0,5.0,8.0,7.2305631534092925,True,1,1,1
3.0,1.0,1.0,1.0,6.0,10.0,1.0,1.0,360.0,1.0,3.0,1.0,5.0,9.0,8.0,5.0,9.0,5.8888779583328805,True,0,0,0
2.0,3.0,2.0,2.0,1.0,9.0,4.0,8.0,0.0,2.0,4.0,2.0,4.0,10.0,10.0,5.0,5.0,0.0,False,3,3,3
7.0,1.0,5.0,2.0,11.0,8.0,1.0,5.0,600.0,1.0,1.0,1.0,5.0,10.0,10.0,4.0,10.0,6.398594934535208,True,3,3,3
6.0,4.0,1.0,2.0,5.0,7.0,1.0,5.0,315.0,2.0,3.0,3.0,4.0,10.0,9.0,5.0,10.0,5.755742213586912,True,3,3,3
3.0,4.0,3.0,1.0,1.0,10.0,1.0,1.0,0.0,2.0,4.0,4.0,2.0,4.0,4.0,3.0,5.0,0.0,False,0,0,0
6.0,2.0,1.0,1.0,12.0,10.0,2.0,5.0,1950.0,1.0,3.0,2.0,4.0,9.0,9.0,5.0,8.0,7.576097340623111,True,0,0,0
6.0,1.0,3.0,1.0,7.0,6.0,4.0,5.0,2520.0,2.0,5.0,2.0,3.0,9.0,9.0,5.0,9.0,7.83241092718792,True,0,0,0
7.0,1.0,1.0,1.0,5.0,7.0,1.0,5.0,1560.0,1.0,4.0,2.0,4.0,8.0,8.0,3.0,7.0,7.353081920515432,True,0,0,0
6.0,6.0,1.0,1.0,7.0,7.0,2.0,1.0,285.0,2.0,4.0,3.0,2.0,7.0,7.0,4.0,7.0,5.655991810819852,True,0,0,0
6.0,5.0,1.0,1.0,6.0,7.0,2.0,1.0,1755.0,2.0,4.0,3.0,3.0,4.0,4.0,1.0,4.0,7.470793774195062,True,0,0,0
2.0,2.0,3.0,2.0,10.0,3.0,4.0,8.0,762.5,1.0,4.0,1.0,3.0,7.0,3.0,3.0,8.0,6.637913124658687,True,3,3,3
5.0,1.0,3.0,2.0,6.0,3.0,1.0,6.0,937.5,4.0,2.0,2.0,4.0,7.0,8.0,5.0,9.0,6.844282856026563,True,3,3,3
4.0,1.0,3.0,2.0,6.0,7.0,1.0,6.0,757.5,1.0,4.0,3.0,3.0,6.0,5.0,2.0,5.0,6.631342798788587,True,3,3,3
5.0,1.0,2.0,2.0,1.0,4.0,1.0,1.0,245.0,3.0,4.0,3.0,3.0,6.0,6.0,3.0,7.0,5.5053315359323625,True,2,2,2
6.0,2.0,3.0,1.0,4.0,8.0,2.0,5.0,0.0,3.0,3.0,3.0,3.0,4.0,2.0,2.0,3.0,0.0,False,0,0,0
5.0,1.0,3.0,1.0,6.0,5.0,2.0,3.0,865.0,2.0,4.0,2.0,2.0,8.0,8.0,3.0,8.0,6.763884908562435,True,0,0,0
5.0,1.0,3.0,1.0,6.0,5.0,1.0,1.0,425.0,2.0,2.0,2.0,2.0,9.0,9.0,2.0,9.0,6.054439346269371,True,0,0,0
5.0,1.0,3.0,1.0,7.0,2.0,2.0,1.0,990.0,1.0,2.0,1.0,5.0,10.0,10.0,2.0,9.0,6.898714534329988,True,0,0,0
5.0,1.0,3.0,2.0,7.0,2.0,3.0,1.0,0.0,1.0,3.0,1.0,5.0,9.0,9.0,3.0,9.0,0.0,False,2,2,2
7.0,1.0,1.0,2.0,5.0,5.0,1.0,2.0,1305.0,1.0,5.0,2.0,5.0,9.0,9.0,4.0,10.0,7.174724309836376,True,3,3,3
7.0,1.0,1.0,1.0,5.0,5.0,1.0,2.0,30.0,2.0,3.0,2.0,5.0,9.0,9.0,4.0,9.0,3.4339872044851463,False,0,0,0
3.0,5.0,2.0,2.0,1.0,5.0,1.0,1.0,1155.0,2.0,4.0,2.0,3.0,6.0,7.0,2.0,5.0,7.052721049232323,True,2,2,2
3.0,1.0,2.0,2.0,1.0,5.0,1.0,1.0,127.5,3.0,4.0,2.0,2.0,4.0,5.0,2.0,3.0,4.855928904335275,False,2,2,2
6.0,1.0,1.0,1.0,1.0,5.0,1.0,2.0,1400.0,2.0,5.0,3.0,4.0,8.0,9.0,3.0,8.0,7.244941546337007,True,0,0,0
5.0,1.0,2.0,2.0,6.0,3.0,1.0,1.0,25.0,1.0,5.0,1.0,3.0,6.0,6.0,2.0,8.0,3.258096538021482,False,2,2,2
4.0,2.0,1.0,2.0,3.0,2.0,3.0,4.0,420.0,2.0,4.0,3.0,3.0,3.0,3.0,2.0,3.0,6.042632833682381,True,3,3,3
5.0,2.0,3.0,2.0,3.0,4.0,3.0,4.0,2990.0,4.0,5.0,3.0,2.0,7.0,6.0,3.0,3.0,8.003363058629947,True,3,3,3
6.0,1.0,1.0,2.0,5.0,5.0,1.0,2.0,885.0,1.0,4.0,2.0,4.0,8.0,9.0,3.0,8.0,6.786716950605081,True,3,3,3
6.0,1.0,1.0,2.0,1.0,7.0,2.0,1.0,950.0,4.0,4.0,1.0,3.0,7.0,6.0,4.0,7.0,6.85751406254539,True,1,1,1
2.0,2.0,1.0,3.0,5.0,3.0,4.0,8.0,292.5,2.0,4.0,3.0,4.0,7.0,8.0,3.0,7.0,5.681877639268151,True,3,3,3
2.0,2.0,3.0,3.0,5.0,3.0,4.0,8.0,210.0,2.0,4.0,2.0,4.0,9.0,8.0,2.0,5.0,5.351858133476067,True,0,0,3
3.0,1.0,2.0,1.0,5.0,4.0,1.0,1.0,307.0,2.0,2.0,2.0,4.0,5.0,4.0,5.0,4.0,5.730099782973574,True,0,0,0
5.0,1.0,2.0,1.0,1.0,7.0,1.0,1.0,266.25,1.0,5.0,3.0,4.0,6.0,5.0,3.0,5.0,5.588184549905154,True,0,0,0
5.0,3.0,1.0,2.0,5.0,4.0,3.0,2.0,0.0,4.0,5.0,2.0,4.0,8.0,7.0,5.0,8.0,0.0,False,3,3,3
3.0,1.0,2.0,2.0,1.0,6.0,1.0,1.0,120.0,1.0,2.0,3.0,4.0,5.0,5.0,2.0,4.0,4.795790545596741,False,2,2,2
4.0,3.0,2.0,2.0,4.0,2.0,1.0,1.0,0.0,3.0,4.0,4.0,1.0,5.0,7.0,3.0,10.0,0.0,False,2,2,2
6.0,3.0,1.0,1.0,1.0,4.0,2.0,2.0,420.0,1.0,2.0,2.0,4.0,8.0,7.0,4.0,7.0,6.042632833682381,True,0,0,0
6.0,1.0,7.0,2.0,4.0,6.0,2.0,1.0,1860.0,1.0,5.0,1.0,3.0,0.0,0.0,1.0,10.0,7.528869256642251,True,2,2,2
7.0,3.0,1.0,2.0,7.0,6.0,1.0,5.0,690.0,3.0,3.0,1.0,3.0,8.0,8.0,4.0,8.0,6.53813982376767,True,3,3,3
3.0,1.0,1.0,2.0,2.0,6.0,1.0,1.0,2160.0,1.0,2.0,2.0,2.0,9.0,8.0,3.0,8.0,7.6783263565068856,True,1,1,1
3.0,1.0,2.0,2.0,2.0,6.0,1.0,1.0,330.0,2.0,4.0,2.0,3.0,8.0,7.0,2.0,4.0,5.802118375377063,True,2,2,2
5.0,1.0,2.0,2.0,6.0,4.0,1.0,1.0,0.0,3.0,4.0,3.0,3.0,7.0,8.0,4.0,7.0,0.0,False,2,2,2
5.0,5.0,7.0,2.0,9.0,5.0,2.0,5.0,180.0,2.0,3.0,3.0,3.0,9.0,10.0,4.0,10.0,5.198497031265826,True,3,3,3
5.0,1.0,1.0,2.0,5.0,3.0,1.0,1.0,122.0,3.0,4.0,5.0,1.0,8.0,7.0,4.0,9.0,4.812184355372417,False,1,1,1
4.0,1.0,2.0,2.0,1.0,3.0,1.0,1.0,900.0,2.0,5.0,5.0,1.0,9.0,8.0,4.0,9.0,6.803505257608338,True,2,2,2
4.0,1.0,1.0,2.0,1.0,4.0,1.0,1.0,0.0,4.0,4.0,3.0,3.0,6.0,6.0,2.0,6.0,0.0,False,1,1,1
5.0,1.0,3.0,2.0,4.0,3.0,1.0,1.0,0.0,2.0,3.0,3.0,2.0,5.0,5.0,2.0,5.0,0.0,False,2,2,2
6.0,1.0,1.0,2.0,7.0,7.0,1.0,6.0,1615.0,1.0,4.0,2.0,4.0,9.0,9.0,4.0,8.0,7.38770923908104,True,3,3,3
6.0,1.0,1.0,2.0,6.0,7.0,1.0,1.0,3825.0,1.0,4.0,2.0,4.0,9.0,9.0,4.0,9.0,8.249575150000199,True,1,1,1
6.0,1.0,1.0,2.0,5.0,8.0,1.0,5.0,1072.5,1.0,4.0,2.0,4.0,9.0,8.0,4.0,7.0,6.978679617318836,True,3,3,3
4.0,1.0,6.0,2.0,1.0,6.0,1.0,1.0,90.0,1.0,4.0,3.0,5.0,10.0,10.0,4.0,10.0,4.51085950651685,False,2,2,2
2.0,1.0,2.0,1.0,1.0,8.0,4.0,8.0,210.0,1.0,1.0,1.0,4.0,10.0,10.0,1.0,10.0,5.351858133476067,True,0,0,0
6.0,2.0,1.0,2.0,7.0,1.0,1.0,7.0,0.0,3.0,3.0,3.0,3.0,6.0,6.0,3.0,6.0,0.0,False,3,3,3
4.0,1.0,2.0,1.0,1.0,3.0,1.0,1.0,720.0,1.0,5.0,1.0,3.0,8.0,9.0,5.0,8.0,6.580639137284949,True,0,0,0
5.0,1.0,1.0,1.0,1.0,7.0,1.0,1.0,360.0,2.0,5.0,2.0,3.0,7.0,7.0,3.0,7.0,5.8888779583328805,True,0,0,0
5.0,1.0,6.0,2.0,5.0,9.0,1.0,1.0,360.0,1.0,3.0,2.0,3.0,7.0,5.0,3.0,9.0,5.8888779583328805,True,2,2,2
5.0,1.0,1.0,1.0,6.0,10.0,1.0,1.0,240.0,1.0,4.0,1.0,3.0,6.0,6.0,5.0,6.0,5.484796933490655,True,0,0,0
2.0,1.0,1.0,1.0,2.0,6.0,1.0,1.0,930.0,2.0,4.0,2.0,3.0,6.0,6.0,3.0,7.0,6.836259277277067,True,0,0,0
3.0,1.0,1.0,1.0,1.0,9.0,1.0,1.0,1200.0,3.0,3.0,4.0,5.0,7.0,7.0,3.0,5.0,7.0909098220799835,True,0,0,0
6.0,1.0,7.0,1.0,10.0,7.0,1.0,5.0,0.0,3.0,3.0,2.0,4.0,7.0,7.0,4.0,7.0,0.0,False,0,0,0
6.0,1.0,1.0,1.0,5.0,9.0,2.0,5.0,322.5,3.0,3.0,3.0,2.0,6.0,6.0,3.0,4.0,5.7791991139409555,True,0,0,0
4.0,1.0,1.0,2.0,6.0,8.0,1.0,2.0,390.0,2.0,4.0,2.0,4.0,10.0,8.0,3.0,10.0,5.968707559985366,True,3,3,3
4.0,1.0,1.0,1.0,6.0,8.0,1.0,1.0,1275.0,1.0,5.0,2.0,4.0,6.0,7.0,3.0,5.0,7.151485463904735,True,0,0,0
4.0,1.0,1.0,1.0,1.0,5.0,1.0,1.0,3450.0,4.0,4.0,5.0,3.0,4.0,3.0,2.0,5.0,8.146419323098003,True,0,0,0
2.0,3.0,1.0,2.0,10.0,6.0,2.0,10.0,1950.0,1.0,3.0,2.0,3.0,3.0,6.0,4.0,8.0,7.576097340623111,True,3,3,3
7.0,6.0,5.0,1.0,7.0,7.0,2.0,5.0,0.0,2.0,3.0,3.0,3.0,7.0,7.0,4.0,7.0,0.0,False,0,0,0
5.0,1.0,1.0,2.0,6.0,9.0,1.0,1.0,405.0,1.0,4.0,2.0,4.0,7.0,7.0,3.0,8.0,6.0063531596017325,True,1,1,1
5.0,4.0,3.0,2.0,6.0,9.0,3.0,2.0,450.0,2.0,4.0,3.0,3.0,5.0,5.0,3.0,5.0,6.111467339502679,True,3,3,3
5.0,1.0,4.0,2.0,1.0,4.0,1.0,1.0,60.0,5.0,5.0,3.0,5.0,10.0,9.0,2.0,9.0,4.110873864173311,False,2,2,2
3.0,1.0,4.0,2.0,3.0,2.0,1.0,1.0,210.0,1.0,1.0,1.0,3.0,4.0,4.0,2.0,4.0,5.351858133476067,True,2,2,2
6.0,1.0,1.0,1.0,2.0,3.0,1.0,2.0,665.0,1.0,4.0,4.0,3.0,4.0,4.0,2.0,6.0,6.501289670540389,True,0,0,0
6.0,1.0,1.0,2.0,1.0,6.0,3.0,5.0,120.0,3.0,4.0,1.0,4.0,6.0,8.0,5.0,9.0,4.795790545596741,False,3,3,3
5.0,1.0,5.0,2.0,6.0,5.0,1.0,2.0,195.0,2.0,3.0,2.0,3.0,7.0,7.0,4.0,7.0,5.278114659230517,True,3,3,3
3.0,1.0,1.0,2.0,5.0,5.0,1.0,1.0,1400.0,1.0,4.0,2.0,4.0,9.0,9.0,5.0,8.0,7.244941546337007,True,1,1,1
3.0,1.0,1.0,2.0,1.0,6.0,1.0,1.0,0.0,5.0,5.0,2.0,3.0,8.0,8.0,4.0,7.0,0.0,False,1,1,1
2.0,1.0,2.0,2.0,2.0,4.0,1.0,1.0,795.0,1.0,5.0,2.0,3.0,5.0,7.0,3.0,7.0,6.679599185844383,True,2,2,2
7.0,2.0,1.0,1.0,5.0,4.0,1.0,5.0,607.5,2.0,4.0,3.0,4.0,6.0,6.0,4.0,6.0,6.410996912427582,True,0,0,0
6.0,1.0,7.0,2.0,5.0,4.0,1.0,5.0,240.0,4.0,4.0,3.0,3.0,4.0,6.0,3.0,4.0,5.484796933490655,True,3,3,3
6.0,1.0,1.0,1.0,5.0,4.0,1.0,5.0,2220.0,1.0,3.0,3.0,3.0,7.0,7.0,4.0,7.0,7.7057128238944275,True,0,0,0
2.0,1.0,6.0,2.0,5.0,2.0,4.0,8.0,0.0,1.0,4.0,2.0,3.0,7.0,7.0,2.0,5.0,0.0,False,3,3,3
5.0,1.0,1.0,1.0,6.0,6.0,1.0,1.0,1800.0,2.0,3.0,2.0,5.0,6.0,6.0,2.0,6.0,7.496097345175956,True,0,0,0
4.0,1.0,1.0,1.0,1.0,3.0,1.0,1.0,1950.0,2.0,4.0,3.0,4.0,2.0,1.0,1.0,1.0,7.576097340623111,True,0,0,0
4.0,1.0,2.0,2.0,6.0,7.0,4.0,8.0,0.0,2.0,4.0,3.0,2.0,10.0,10.0,4.0,10.0,0.0,False,3,3,3
3.0,1.0,1.0,1.0,5.0,4.0,2.0,2.0,660.0,3.0,5.0,3.0,3.0,6.0,7.0,2.0,5.0,6.493753839851686,True,0,0,0
5.0,5.0,1.0,2.0,5.0,2.0,2.0,2.0,17.5,2.0,5.0,3.0,2.0,7.0,7.0,4.0,9.0,2.917770732084279,False,3,3,3
6.0,1.0,1.0,1.0,1.0,2.0,1.0,7.0,1620.0,2.0,4.0,2.0,2.0,8.0,8.0,2.0,5.0,7.390798521735676,True,0,0,0
3.0,1.0,1.0,2.0,5.0,4.0,2.0,1.0,0.0,3.0,4.0,2.0,3.0,8.0,7.0,4.0,7.0,0.0,False,1,1,1
4.0,1.0,4.0,2.0,5.0,4.0,1.0,1.0,337.5,1.0,4.0,2.0,4.0,7.0,7.0,3.0,4.0,5.82452409235233,True,2,2,2
2.0,3.0,4.0,2.0,10.0,4.0,4.0,8.0,1800.0,2.0,4.0,4.0,3.0,8.0,5.0,2.0,7.0,7.496097345175956,True,3,3,3
3.0,1.0,6.0,1.0,2.0,4.0,1.0,1.0,450.0,2.0,4.0,1.0,3.0,8.0,8.0,3.0,9.0,6.111467339502679,True,0,0,0
4.0,1.0,1.0,1.0,6.0,5.0,1.0,1.0,150.0,1.0,3.0,3.0,4.0,7.0,7.0,4.0,5.0,5.017279836814924,True,0,0,0
4.0,1.0,4.0,2.0,3.0,3.0,4.0,8.0,4800.0,1.0,3.0,2.0,2.0,8.0,9.0,3.0,10.0,8.476579508530941,True,3,3,3
6.0,1.0,1.0,1.0,4.0,3.0,1.0,2.0,4084.0,2.0,5.0,1.0,4.0,7.0,7.0,2.0,7.0,8.315077007294104,True,0,0,0
5.0,2.0,4.0,1.0,7.0,5.0,1.0,1.0,210.0,2.0,4.0,2.0,2.0,8.0,6.0,4.0,8.0,5.351858133476067,True,0,0,0
2.0,2.0,2.0,1.0,10.0,7.0,2.0,10.0,480.0,2.0,4.0,1.0,3.0,9.0,8.0,4.0,9.0,6.175867270105761,True,0,0,0
6.0,2.0,1.0,2.0,7.0,5.0,2.0,1.0,570.0,1.0,4.0,1.0,2.0,8.0,8.0,3.0,8.0,6.3473892096560105,True,1,1,1
3.0,2.0,1.0,2.0,1.0,5.0,1.0,1.0,225.0,2.0,5.0,3.0,2.0,7.0,5.0,4.0,8.0,5.420534999272286,True,1,1,1
5.0,2.0,1.0,2.0,6.0,8.0,4.0,6.0,180.0,5.0,4.0,5.0,2.0,2.0,2.0,1.0,4.0,5.198497031265826,True,3,3,3
4.0,1.0,1.0,2.0,1.0,6.0,1.0,3.0,205.0,3.0,4.0,2.0,3.0,6.0,7.0,5.0,9.0,5.327876168789581,True,3,3,3
4.0,2.0,2.0,2.0,6.0,6.0,1.0,1.0,40.0,3.0,5.0,3.0,3.0,9.0,8.0,3.0,10.0,3.713572066704308,False,2,2,2
5.0,1.0,1.0,2.0,5.0,9.0,1.0,2.0,480.0,3.0,4.0,2.0,4.0,9.0,9.0,5.0,9.0,6.175867270105761,True,3,3,3
7.0,1.0,1.0,1.0,1.0,8.0,1.0,5.0,540.0,2.0,4.0,2.0,4.0,8.0,8.0,3.0,8.0,6.293419278846481,True,0,0,0
4.0,1.0,1.0,2.0,6.0,8.0,1.0,6.0,940.0,2.0,4.0,2.0,4.0,9.0,9.0,4.0,7.0,6.846943139585379,True,3,3,3
3.0,1.0,1.0,1.0,2.0,10.0,1.0,1.0,612.5,1.0,2.0,2.0,3.0,9.0,7.0,3.0,8.0,6.419180264150966,True,0,0,0
3.0,1.0,1.0,2.0,2.0,10.0,1.0,1.0,375.0,1.0,5.0,1.0,4.0,9.0,9.0,5.0,8.0,5.929589143389895,True,1,1,1
6.0,1.0,2.0,1.0,6.0,10.0,1.0,1.0,267.5,2.0,4.0,2.0,4.0,8.0,7.0,4.0,8.0,5.5928509139489195,True,0,0,0
6.0,1.0,2.0,2.0,6.0,10.0,1.0,1.0,1020.0,3.0,3.0,2.0,4.0,5.0,6.0,2.0,7.0,6.928537818164665,True,2,2,2
4.0,1.0,1.0,2.0,6.0,9.0,1.0,6.0,820.0,1.0,4.0,2.0,4.0,9.0,9.0,4.0,9.0,6.710523109452428,True,3,3,3
2.0,2.0,3.0,2.0,10.0,3.0,1.0,1.0,180.0,2.0,5.0,2.0,3.0,6.0,7.0,2.0,5.0,5.198497031265826,True,2,2,2
4.0,1.0,3.0,1.0,6.0,3.0,1.0,1.0,480.0,1.0,4.0,3.0,3.0,8.0,8.0,4.0,9.0,6.175867270105761,True,0,0,0
4.0,1.0,3.0,1.0,12.0,4.0,1.0,1.0,1515.0,1.0,4.0,3.0,1.0,8.0,5.0,3.0,5.0,7.323830566202317,True,0,0,0
4.0,2.0,4.0,2.0,1.0,2.0,1.0,7.0,0.0,2.0,3.0,2.0,3.0,7.0,7.0,2.0,7.0,0.0,False,3,3,3
3.0,3.0,3.0,2.0,1.0,8.0,1.0,1.0,750.0,1.0,3.0,4.0,2.0,4.0,3.0,3.0,3.0,6.621405651764134,True,2,2,2
3.0,1.0,3.0,1.0,1.0,4.0,1.0,3.0,240.0,2.0,4.0,2.0,3.0,2.0,2.0,2.0,7.0,5.484796933490655,True,0,0,0
4.0,3.0,3.0,2.0,3.0,3.0,3.0,6.0,0.0,2.0,5.0,2.0,4.0,8.0,8.0,4.0,9.0,0.0,False,3,3,3
4.0,2.0,3.0,2.0,3.0,3.0,3.0,4.0,225.0,2.0,4.0,2.0,4.0,9.0,9.0,5.0,8.0,5.420534999272286,True,3,3,3
4.0,1.0,7.0,2.0,6.0,3.0,1.0,6.0,150.0,2.0,2.0,2.0,3.0,5.0,5.0,4.0,4.0,5.017279836814924,True,3,3,3
7.0,5.0,1.0,1.0,1.0,9.0,2.0,1.0,123.75,1.0,3.0,2.0,3.0,9.0,8.0,4.0,8.0,4.826311734631628,False,0,0,0
5.0,1.0,3.0,1.0,1.0,4.0,1.0,1.0,180.0,1.0,4.0,2.0,3.0,6.0,6.0,2.0,7.0,5.198497031265826,True,0,0,0
5.0,1.0,1.0,1.0,5.0,7.0,1.0,1.0,180.0,4.0,4.0,3.0,2.0,6.0,7.0,4.0,5.0,5.198497031265826,True,0,0,0
7.0,3.0,2.0,2.0,1.0,8.0,2.0,5.0,420.0,3.0,4.0,2.0,3.0,6.0,6.0,4.0,6.0,6.042632833682381,True,3,3,3
5.0,3.0,1.0,2.0,1.0,5.0,2.0,1.0,0.0,2.0,4.0,3.0,2.0,6.0,1.0,1.0,7.0,0.0,False,1,1,1
4.0,1.0,2.0,2.0,5.0,2.0,2.0,1.0,1450.0,1.0,3.0,1.0,3.0,3.0,4.0,2.0,4.0,7.280008252884188,True,2,2,2
3.0,1.0,3.0,1.0,5.0,6.0,1.0,1.0,67.5,1.0,4.0,4.0,3.0,7.0,7.0,4.0,7.0,4.22683374526818,False,0,0,0
6.0,2.0,3.0,2.0,7.0,7.0,2.0,2.0,750.0,3.0,4.0,4.0,3.0,10.0,10.0,2.0,10.0,6.621405651764134,True,3,3,3
6.0,1.0,3.0,2.0,7.0,7.0,1.0,2.0,900.0,2.0,5.0,2.0,3.0,10.0,10.0,3.0,10.0,6.803505257608338,True,3,3,3
4.0,1.0,1.0,1.0,1.0,5.0,3.0,1.0,0.0,4.0,3.0,3.0,1.0,5.0,3.0,1.0,4.0,0.0,False,0,0,0
6.0,2.0,1.0,2.0,4.0,3.0,3.0,2.0,120.0,2.0,4.0,2.0,2.0,9.0,9.0,5.0,8.0,4.795790545596741,False,3,3,3
6.0,1.0,2.0,1.0,7.0,9.0,1.0,1.0,1320.0,1.0,5.0,1.0,4.0,9.0,9.0,5.0,8.0,7.186144304522325,True,0,0,0
2.0,3.0,2.0,1.0,10.0,2.0,4.0,8.0,0.0,2.0,4.0,3.0,4.0,8.0,7.0,5.0,7.0,0.0,False,0,0,0
5.0,1.0,2.0,2.0,7.0,2.0,2.0,10.0,0.0,3.0,3.0,2.0,2.0,7.0,7.0,4.0,7.0,0.0,False,3,3,3
4.0,1.0,2.0,2.0,6.0,7.0,1.0,1.0,1165.0,1.0,5.0,2.0,3.0,10.0,9.0,4.0,9.0,7.061334366910438,True,2,2,2
5.0,1.0,6.0,2.0,6.0,6.0,2.0,2.0,1190.0,2.0,2.0,1.0,3.0,8.0,7.0,3.0,10.0,7.0825485693553,True,3,3,3
6.0,2.0,2.0,1.0,6.0,8.0,2.0,1.0,1190.0,2.0,5.0,1.0,3.0,5.0,5.0,3.0,5.0,7.0825485693553,True,0,0,0
2.0,3.0,5.0,2.0,10.0,10.0,4.0,8.0,360.0,1.0,2.0,2.0,5.0,3.0,4.0,2.0,2.0,5.8888779583328805,True,3,3,3
4.0,1.0,2.0,2.0,5.0,10.0,1.0,1.0,2242.5,1.0,5.0,1.0,4.0,9.0,7.0,2.0,4.0,7.715792425416038,True,2,2,2
4.0,1.0,1.0,2.0,6.0,10.0,3.0,4.0,0.0,2.0,5.0,2.0,4.0,8.0,8.0,4.0,10.0,0.0,False,3,3,3
5.0,1.0,1.0,2.0,6.0,10.0,3.0,2.0,60.0,2.0,4.0,2.0,3.0,6.0,6.0,4.0,8.0,4.110873864173311,False,3,3,3
5.0,1.0,2.0,2.0,6.0,9.0,1.0,1.0,6742.5,1.0,4.0,2.0,4.0,10.0,9.0,5.0,9.0,8.816334356956911,True,2,2,2
6.0,1.0,1.0,2.0,1.0,9.0,1.0,1.0,1845.0,1.0,3.0,2.0,4.0,7.0,7.0,3.0,8.0,7.520776415062797,True,1,1,1
7.0,1.0,1.0,2.0,1.0,5.0,1.0,2.0,450.0,2.0,3.0,2.0,4.0,5.0,5.0,2.0,5.0,6.111467339502679,True,3,3,3
7.0,1.0,1.0,2.0,1.0,10.0,1.0,5.0,2827.5,2.0,5.0,3.0,3.0,8.0,7.0,2.0,7.0,7.947501814783211,True,3,3,3
4.0,2.0,2.0,1.0,5.0,6.0,1.0,1.0,120.0,1.0,5.0,1.0,3.0,9.0,8.0,3.0,7.0,4.795790545596741,False,0,0,0
4.0,1.0,1.0,2.0,1.0,5.0,1.0,1.0,0.0,4.0,2.0,3.0,3.0,7.0,6.0,3.0,7.0,0.0,False,1,1,1
2.0,4.0,4.0,2.0,1.0,2.0,1.0,1.0,0.0,2.0,4.0,2.0,2.0,5.0,5.0,3.0,4.0,0.0,False,2,2,2
3.0,1.0,3.0,2.0,1.0,3.0,1.0,1.0,0.0,2.0,4.0,2.0,3.0,2.0,6.0,1.0,6.0,0.0,False,2,2,2
3.0,3.0,1.0,1.0,10.0,4.0,3.0,7.0,1065.0,3.0,1.0,3.0,3.0,7.0,7.0,2.0,7.0,6.97166860472579,True,0,0,0
3.0,1.0,1.0,2.0,1.0,2.0,1.0,1.0,6202.5,1.0,4.0,1.0,3.0,8.0,8.0,3.0,9.0,8.732868927882926,True,1,1,1
4.0,1.0,1.0,1.0,5.0,6.0,1.0,1.0,712.5,2.0,5.0,2.0,4.0,9.0,8.0,5.0,8.0,6.570182436916891,True,0,0,0
4.0,1.0,2.0,2.0,6.0,4.0,1.0,1.0,360.0,2.0,5.0,2.0,3.0,5.0,7.0,2.0,7.0,5.8888779583328805,True,2,2,2
4.0,1.0,3.0,1.0,6.0,10.0,1.0,1.0,630.0,3.0,2.0,3.0,4.0,8.0,8.0,4.0,8.0,6.447305862541213,True,0,0,0
6.0,1.0,1.0,2.0,5.0,4.0,2.0,2.0,58.75,3.0,5.0,2.0,3.0,7.0,8.0,2.0,6.0,4.09016919081162,False,3,3,3
4.0,1.0,2.0,2.0,11.0,8.0,1.0,1.0,1470.0,2.0,4.0,2.0,2.0,7.0,3.0,2.0,7.0,7.293697720601438,True,2,2,2
5.0,1.0,1.0,1.0,7.0,9.0,1.0,1.0,1717.5,2.0,3.0,3.0,1.0,9.0,7.0,4.0,7.0,7.449207096289888,True,0,0,0
6.0,3.0,1.0,2.0,7.0,4.0,2.0,1.0,312.5,4.0,4.0,4.0,2.0,7.0,5.0,5.0,5.0,5.7477993600729755,True,3,3,1
5.0,1.0,1.0,2.0,3.0,3.0,1.0,1.0,885.0,2.0,5.0,2.0,3.0,8.0,8.0,3.0,7.0,6.786716950605081,True,1,1,1
4.0,1.0,1.0,2.0,6.0,6.0,1.0,1.0,2562.5,2.0,4.0,2.0,2.0,2.0,6.0,2.0,8.0,7.849128791223755,True,1,1,1
4.0,3.0,6.0,1.0,6.0,6.0,1.0,1.0,840.0,1.0,5.0,1.0,3.0,9.0,8.0,5.0,7.0,6.734591659972948,True,0,0,0
2.0,2.0,1.0,1.0,10.0,5.0,1.0,1.0,1000.0,1.0,1.0,1.0,4.0,8.0,7.0,2.0,9.0,6.90875477931522,True,0,0,0
4.0,1.0,1.0,1.0,5.0,7.0,3.0,1.0,7000.0,1.0,4.0,4.0,2.0,8.0,8.0,4.0,8.0,8.853808274977197,True,0,0,0
4.0,1.0,3.0,1.0,6.0,8.0,1.0,1.0,240.0,1.0,2.0,2.0,5.0,8.0,8.0,5.0,9.0,5.484796933490655,True,0,0,0
4.0,1.0,3.0,1.0,9.0,2.0,1.0,1.0,210.0,2.0,3.0,3.0,3.0,9.0,9.0,4.0,8.0,5.351858133476067,True,0,0,0
3.0,1.0,5.0,1.0,1.0,5.0,4.0,8.0,120.0,2.0,4.0,2.0,5.0,8.0,7.0,2.0,8.0,4.795790545596741,False,0,0,0
3.0,1.0,1.0,1.0,1.0,3.0,1.0,1.0,495.0,1.0,4.0,2.0,2.0,6.0,6.0,1.0,6.0,6.206575926724928,True,0,0,0
6.0,1.0,6.0,2.0,1.0,3.0,1.0,1.0,52.5,4.0,4.0,2.0,4.0,8.0,8.0,4.0,7.0,3.979681653901961,False,2,2,2
3.0,1.0,5.0,1.0,1.0,5.0,1.0,1.0,330.0,1.0,4.0,2.0,3.0,7.0,7.0,3.0,7.0,5.802118375377063,True,0,0,0
3.0,1.0,5.0,2.0,11.0,2.0,1.0,1.0,45.0,1.0,4.0,3.0,2.0,3.0,3.0,1.0,2.0,3.828641396489095,False,2,2,2
2.0,1.0,1.0,2.0,2.0,2.0,1.0,1.0,1060.0,2.0,5.0,3.0,1.0,6.0,7.0,4.0,5.0,6.966967138613983,True,1,1,1
5.0,3.0,3.0,2.0,10.0,7.0,3.0,4.0,0.0,4.0,4.0,2.0,2.0,3.0,2.0,2.0,3.0,0.0,False,3,3,3
5.0,2.0,1.0,1.0,1.0,8.0,2.0,1.0,3939.0,1.0,5.0,1.0,4.0,8.0,9.0,5.0,10.0,8.27893600229198,True,0,0,0
5.0,2.0,1.0,1.0,7.0,2.0,2.0,1.0,22.5,4.0,2.0,2.0,4.0,9.0,9.0,5.0,10.0,3.1570004211501135,False,0,0,0
5.0,1.0,1.0,2.0,7.0,2.0,1.0,1.0,30.0,2.0,4.0,2.0,4.0,9.0,8.0,5.0,9.0,3.4339872044851463,False,1,1,1
4.0,1.0,4.0,2.0,3.0,7.0,1.0,1.0,33.75,2.0,4.0,3.0,2.0,6.0,5.0,3.0,5.0,3.548179572010801,False,2,2,2
7.0,1.0,4.0,1.0,7.0,6.0,1.0,1.0,397.5,2.0,3.0,2.0,3.0,8.0,8.0,5.0,9.0,5.98770749823027,True,0,0,0
6.0,2.0,4.0,2.0,7.0,4.0,2.0,1.0,0.0,2.0,3.0,3.0,3.0,5.0,8.0,4.0,9.0,0.0,False,2,2,2
3.0,3.0,4.0,1.0,10.0,4.0,3.0,2.0,720.0,2.0,3.0,2.0,3.0,9.0,9.0,4.0,7.0,6.580639137284949,True,0,0,0
5.0,1.0,3.0,1.0,6.0,9.0,1.0,1.0,1230.0,1.0,4.0,2.0,5.0,7.0,8.0,2.0,9.0,7.115582126184454,True,0,0,0
4.0,1.0,1.0,2.0,6.0,5.0,2.0,2.0,780.0,1.0,5.0,2.0,3.0,8.0,8.0,3.0,9.0,6.660575149839686,True,3,3,3
5.0,1.0,1.0,1.0,6.0,6.0,1.0,1.0,1577.5,1.0,5.0,1.0,4.0,7.0,7.0,5.0,7.0,7.364230307998047,True,0,0,0
4.0,1.0,5.0,2.0,11.0,5.0,3.0,4.0,0.0,4.0,4.0,2.0,3.0,6.0,4.0,3.0,6.0,0.0,False,3,3,3
4.0,1.0,5.0,2.0,11.0,5.0,3.0,1.0,0.0,3.0,5.0,3.0,2.0,8.0,6.0,2.0,8.0,0.0,False,2,2,2
4.0,1.0,1.0,1.0,6.0,5.0,1.0,1.0,395.0,2.0,5.0,1.0,4.0,9.0,8.0,5.0,6.0,5.981414211254481,True,0,0,0
3.0,1.0,1.0,3.0,5.0,6.0,1.0,10.0,720.0,1.0,5.0,4.0,4.0,5.0,8.0,4.0,6.0,6.580639137284949,True,0,0,0
5.0,1.0,7.0,2.0,6.0,3.0,1.0,1.0,2250.0,1.0,5.0,2.0,4.0,8.0,7.0,2.0,9.0,7.719129840906732,True,2,2,2
4.0,1.0,1.0,1.0,1.0,4.0,1.0,1.0,1045.0,1.0,3.0,2.0,4.0,7.0,7.0,4.0,8.0,6.952728644624869,True,0,0,0
3.0,5.0,2.0,2.0,1.0,4.0,1.0,1.0,1080.0,2.0,5.0,3.0,1.0,8.0,7.0,3.0,7.0,6.985641817639208,True,2,2,2
6.0,1.0,1.0,2.0,7.0,3.0,1.0,5.0,480.0,4.0,4.0,1.0,4.0,6.0,6.0,3.0,7.0,6.175867270105761,True,3,3,3
4.0,1.0,1.0,2.0,1.0,3.0,4.0,8.0,1925.0,1.0,5.0,2.0,3.0,9.0,9.0,3.0,10.0,7.563200592358071,True,3,3,3
5.0,1.0,2.0,2.0,2.0,8.0,2.0,1.0,742.5,2.0,3.0,2.0,3.0,9.0,9.0,3.0,7.0,6.61136876590021,True,2,2,2
5.0,1.0,2.0,1.0,1.0,7.0,4.0,8.0,840.0,3.0,4.0,2.0,4.0,8.0,7.0,3.0,5.0,6.734591659972948,True,0,0,0
3.0,1.0,1.0,1.0,6.0,7.0,1.0,1.0,240.0,2.0,4.0,2.0,4.0,9.0,9.0,3.0,6.0,5.484796933490655,True,0,0,0
6.0,5.0,2.0,2.0,2.0,3.0,1.0,1.0,320.0,2.0,4.0,3.0,2.0,5.0,6.0,1.0,8.0,5.771441123130016,True,2,2,2
4.0,1.0,2.0,2.0,2.0,3.0,1.0,1.0,2880.0,2.0,4.0,2.0,3.0,8.0,8.0,5.0,8.0,7.9658927350845286,True,2,2,2
3.0,1.0,1.0,1.0,1.0,6.0,1.0,1.0,705.0,1.0,5.0,2.0,4.0,7.0,7.0,4.0,8.0,6.559615237493242,True,0,0,0
3.0,1.0,1.0,2.0,5.0,6.0,1.0,1.0,160.0,1.0,4.0,2.0,5.0,9.0,8.0,4.0,10.0,5.081404364984463,True,1,1,1
3.0,1.0,1.0,2.0,2.0,6.0,1.0,1.0,525.0,2.0,5.0,3.0,4.0,7.0,7.0,2.0,5.0,6.26530121273771,True,1,1,1
3.0,1.0,1.0,2.0,2.0,6.0,1.0,1.0,1470.0,1.0,2.0,2.0,4.0,8.0,9.0,4.0,9.0,7.293697720601438,True,1,1,1
3.0,1.0,1.0,1.0,11.0,7.0,1.0,1.0,352.5,1.0,2.0,2.0,1.0,7.0,6.0,2.0,6.0,5.867883485336628,True,0,0,0
6.0,4.0,7.0,2.0,1.0,2.0,4.0,7.0,0.0,4.0,4.0,4.0,3.0,0.0,0.0,1.0,5.0,0.0,False,3,3,3
6.0,1.0,2.0,1.0,6.0,7.0,2.0,2.0,560.0,2.0,4.0,2.0,4.0,9.0,8.0,4.0,8.0,6.329720905522696,True,0,0,0
3.0,1.0,1.0,1.0,2.0,4.0,1.0,1.0,240.0,4.0,4.0,4.0,3.0,5.0,6.0,2.0,5.0,5.484796933490655,True,0,0,0
3.0,1.0,1.0,2.0,1.0,4.0,1.0,1.0,3307.5,1.0,4.0,3.0,4.0,9.0,6.0,2.0,7.0,8.104250193452113,True,1,1,1
6.0,1.0,4.0,2.0,1.0,8.0,1.0,3.0,805.0,2.0,4.0,2.0,3.0,4.0,5.0,3.0,5.0,6.692083742506628,True,3,3,3
6.0,1.0,1.0,2.0,3.0,8.0,1.0,2.0,660.0,1.0,5.0,3.0,4.0,4.0,3.0,4.0,4.0,6.493753839851686,True,3,3,3
5.0,5.0,1.0,1.0,5.0,5.0,1.0,2.0,120.0,2.0,5.0,1.0,4.0,9.0,8.0,5.0,9.0,4.795790545596741,False,0,0,0
5.0,5.0,1.0,1.0,1.0,6.0,1.0,1.0,1600.0,2.0,5.0,1.0,4.0,7.0,8.0,4.0,8.0,7.3783837129967145,True,0,0,0
4.0,1.0,3.0,2.0,6.0,3.0,1.0,1.0,560.0,1.0,3.0,1.0,4.0,7.0,8.0,2.0,9.0,6.329720905522696,True,2,2,2
4.0,1.0,2.0,2.0,3.0,3.0,1.0,1.0,2760.0,4.0,4.0,3.0,1.0,3.0,2.0,1.0,3.0,7.923348211930154,True,2,2,2
3.0,1.0,3.0,2.0,5.0,3.0,1.0,3.0,0.0,3.0,4.0,2.0,3.0,8.0,8.0,3.0,5.0,0.0,False,3,3,3
3.0,4.0,3.0,1.0,5.0,3.0,1.0,1.0,0.0,2.0,3.0,2.0,3.0,2.0,2.0,4.0,8.0,0.0,False,0,0,0
4.0,1.0,3.0,1.0,6.0,2.0,1.0,1.0,180.0,1.0,5.0,2.0,3.0,9.0,9.0,5.0,10.0,5.198497031265826,True,0,0,0
2.0,2.0,3.0,2.0,10.0,3.0,2.0,10.0,600.0,1.0,3.0,1.0,3.0,9.0,10.0,5.0,10.0,6.398594934535208,True,3,3,3
3.0,3.0,1.0,1.0,5.0,2.0,1.0,3.0,240.0,2.0,4.0,2.0,2.0,5.0,5.0,3.0,7.0,5.484796933490655,True,0,0,0
6.0,3.0,2.0,1.0,5.0,3.0,2.0,1.0,2400.0,3.0,3.0,4.0,2.0,4.0,4.0,4.0,4.0,7.783640596221253,True,0,0,0
7.0,1.0,1.0,1.0,5.0,7.0,1.0,5.0,360.0,1.0,4.0,2.0,4.0,8.0,8.0,4.0,8.0,5.8888779583328805,True,0,0,0
7.0,1.0,1.0,1.0,5.0,9.0,1.0,2.0,887.5,1.0,5.0,2.0,3.0,7.0,8.0,5.0,7.0,6.789534647594706,True,0,0,0
7.0,1.0,1.0,1.0,5.0,7.0,2.0,2.0,30.0,4.0,4.0,3.0,4.0,8.0,8.0,5.0,10.0,3.4339872044851463,False,0,0,0
7.0,3.0,1.0,2.0,1.0,9.0,2.0,5.0,1225.0,2.0,4.0,1.0,4.0,6.0,7.0,3.0,7.0,7.111512116496157,True,3,3,3
3.0,1.0,6.0,2.0,6.0,7.0,1.0,2.0,131.25,2.0,5.0,2.0,4.0,7.0,7.0,4.0,8.0,4.8846940707384086,False,3,3,3
6.0,1.0,1.0,1.0,7.0,8.0,1.0,1.0,1260.0,2.0,4.0,2.0,4.0,8.0,8.0,5.0,8.0,7.13966033596492,True,0,0,0
5.0,1.0,1.0,2.0,7.0,8.0,2.0,1.0,600.0,2.0,4.0,2.0,3.0,8.0,8.0,5.0,8.0,6.398594934535208,True,1,1,1
3.0,1.0,1.0,2.0,5.0,5.0,1.0,1.0,156.25,4.0,4.0,4.0,3.0,8.0,7.0,4.0,7.0,5.05783689558055,True,1,1,1
2.0,3.0,1.0,1.0,10.0,9.0,4.0,8.0,2535.0,1.0,3.0,3.0,4.0,10.0,7.0,3.0,10.0,7.8383433155571165,True,0,0,0
5.0,1.0,1.0,2.0,5.0,9.0,1.0,1.0,1920.0,1.0,5.0,2.0,4.0,10.0,10.0,3.0,10.0,7.560601162768557,True,1,1,1
7.0,3.0,1.0,2.0,5.0,5.0,2.0,5.0,480.0,2.0,5.0,3.0,3.0,10.0,9.0,5.0,10.0,6.175867270105761,True,3,3,3
3.0,1.0,7.0,1.0,5.0,9.0,1.0,1.0,1597.5,3.0,5.0,2.0,3.0,7.0,7.0,2.0,7.0,7.376820968499896,True,0,0,0
4.0,1.0,1.0,1.0,1.0,10.0,1.0,1.0,570.0,1.0,4.0,2.0,3.0,5.0,5.0,1.0,5.0,6.3473892096560105,True,0,0,0
2.0,1.0,1.0,2.0,10.0,7.0,1.0,1.0,2220.0,2.0,3.0,1.0,4.0,5.0,5.0,2.0,7.0,7.7057128238944275,True,1,1,1
4.0,1.0,4.0,2.0,6.0,3.0,1.0,1.0,840.0,1.0,4.0,1.0,4.0,8.0,7.0,3.0,7.0,6.734591659972948,True,2,2,2
7.0,2.0,1.0,2.0,3.0,6.0,1.0,5.0,0.0,2.0,4.0,3.0,3.0,6.0,7.0,3.0,8.0,0.0,False,3,3,3
4.0,1.0,2.0,2.0,6.0,9.0,1.0,2.0,270.0,2.0,4.0,2.0,3.0,4.0,4.0,1.0,8.0,5.602118820879701,True,3,3,3
7.0,3.0,1.0,2.0,1.0,9.0,1.0,5.0,450.0,1.0,4.0,1.0,4.0,7.0,6.0,2.0,10.0,6.111467339502679,True,3,3,3
3.0,5.0,2.0,1.0,2.0,9.0,1.0,1.0,0.0,2.0,4.0,3.0,4.0,7.0,7.0,3.0,8.0,0.0,False,0,0,0
6.0,1.0,4.0,2.0,7.0,9.0,2.0,2.0,160.0,2.0,4.0,3.0,3.0,5.0,3.0,4.0,5.0,5.081404364984463,True,3,3,3
6.0,3.0,1.0,2.0,1.0,4.0,1.0,2.0,600.0,3.0,5.0,3.0,3.0,6.0,8.0,2.0,8.0,6.398594934535208,True,3,3,3
5.0,1.0,3.0,1.0,6.0,10.0,2.0,1.0,4905.0,1.0,1.0,1.0,5.0,10.0,10.0,2.0,10.0,8.498214224818435,True,0,0,0
6.0,1.0,3.0,1.0,7.0,8.0,1.0,1.0,0.0,1.0,4.0,4.0,3.0,9.0,9.0,5.0,10.0,0.0,False,0,0,0
6.0,1.0,3.0,1.0,7.0,5.0,1.0,1.0,2160.0,2.0,4.0,2.0,3.0,5.0,5.0,4.0,8.0,7.6783263565068856,True,0,0,0
5.0,1.0,2.0,1.0,7.0,4.0,1.0,1.0,420.0,3.0,5.0,2.0,4.0,10.0,7.0,5.0,9.0,6.042632833682381,True,0,0,0
2.0,2.0,2.0,2.0,10.0,2.0,3.0,2.0,0.0,2.0,4.0,3.0,2.0,8.0,6.0,2.0,6.0,0.0,False,3,3,3
5.0,3.0,1.0,2.0,1.0,5.0,2.0,1.0,240.0,3.0,4.0,2.0,3.0,5.0,7.0,4.0,6.0,5.484796933490655,True,1,1,1
7.0,5.0,4.0,2.0,1.0,6.0,2.0,5.0,678.75,1.0,5.0,1.0,3.0,9.0,10.0,4.0,8.0,6.52172508351258,True,3,3,3
4.0,5.0,2.0,1.0,6.0,4.0,2.0,2.0,82.75,2.0,4.0,3.0,3.0,8.0,6.0,4.0,5.0,4.427836170705175,False,0,0,0
7.0,5.0,1.0,2.0,5.0,7.0,3.0,5.0,2700.0,2.0,4.0,3.0,3.0,7.0,8.0,4.0,8.0,7.901377353792616,True,3,3,3
2.0,1.0,1.0,2.0,1.0,7.0,1.0,1.0,630.0,2.0,4.0,3.0,3.0,6.0,6.0,1.0,7.0,6.447305862541213,True,1,1,1
7.0,2.0,1.0,1.0,1.0,9.0,1.0,1.0,361.25,2.0,3.0,2.0,3.0,7.0,8.0,5.0,7.0,5.8923345812007915,True,0,0,0
6.0,3.0,1.0,2.0,7.0,7.0,2.0,2.0,60.0,2.0,4.0,2.0,4.0,8.0,8.0,5.0,8.0,4.110873864173311,False,3,3,3
7.0,1.0,1.0,1.0,5.0,9.0,2.0,5.0,1320.0,1.0,5.0,3.0,4.0,8.0,8.0,5.0,8.0,7.186144304522325,True,0,0,0
6.0,3.0,1.0,2.0,1.0,8.0,1.0,1.0,1290.0,1.0,5.0,1.0,4.0,10.0,9.0,5.0,9.0,7.1631723908466425,True,1,1,1
3.0,1.0,2.0,2.0,1.0,8.0,1.0,1.0,6420.0,3.0,4.0,2.0,3.0,6.0,6.0,2.0,7.0,8.76732914779405,True,2,2,2
3.0,1.0,1.0,1.0,1.0,10.0,1.0,1.0,572.5,1.0,4.0,1.0,3.0,7.0,8.0,4.0,10.0,6.351757936569426,True,0,0,0
4.0,2.0,1.0,1.0,6.0,4.0,1.0,1.0,1095.0,1.0,4.0,2.0,2.0,7.0,8.0,3.0,5.0,6.999422467507961,True,0,0,0
5.0,6.0,1.0,2.0,4.0,2.0,3.0,7.0,0.0,5.0,5.0,4.0,3.0,4.0,0.0,5.0,1.0,0.0,False,3,3,3
6.0,1.0,1.0,2.0,7.0,10.0,1.0,6.0,600.0,1.0,4.0,1.0,4.0,7.0,7.0,4.0,8.0,6.398594934535208,True,3,3,3
4.0,1.0,1.0,1.0,6.0,4.0,1.0,1.0,2685.0,1.0,5.0,2.0,4.0,8.0,7.0,5.0,10.0,7.895808377083183,True,0,0,0
2.0,2.0,4.0,2.0,2.0,4.0,4.0,8.0,222.5,2.0,5.0,3.0,2.0,4.0,7.0,3.0,7.0,5.409411414053624,True,3,3,3
3.0,1.0,1.0,1.0,2.0,5.0,1.0,3.0,1625.0,1.0,4.0,2.0,2.0,7.0,7.0,2.0,7.0,7.3938782901077555,True,0,0,0
3.0,1.0,2.0,1.0,1.0,7.0,1.0,1.0,825.0,2.0,4.0,2.0,2.0,8.0,6.0,2.0,8.0,6.716594773520978,True,0,0,0
4.0,1.0,6.0,1.0,6.0,6.0,1.0,1.0,2201.25,1.0,3.0,1.0,3.0,9.0,8.0,4.0,7.0,7.697234843989905,True,0,0,0
3.0,1.0,7.0,1.0,2.0,10.0,1.0,1.0,1485.0,1.0,4.0,1.0,4.0,6.0,7.0,4.0,8.0,7.303843225277705,True,0,0,0
5.0,6.0,2.0,1.0,8.0,10.0,1.0,1.0,0.0,1.0,1.0,1.0,5.0,10.0,10.0,5.0,10.0,0.0,False,0,0,0
5.0,1.0,1.0,2.0,1.0,5.0,1.0,1.0,1125.0,1.0,5.0,2.0,4.0,8.0,8.0,3.0,8.0,7.026426808699636,True,1,1,1
5.0,2.0,1.0,2.0,1.0,4.0,2.0,1.0,142.5,3.0,4.0,2.0,3.0,6.0,6.0,3.0,4.0,4.966335035199676,False,1,1,1
5.0,1.0,7.0,1.0,1.0,2.0,2.0,1.0,4620.0,2.0,5.0,1.0,3.0,10.0,10.0,5.0,10.0,8.438366410870266,True,0,0,0
4.0,3.0,1.0,1.0,6.0,3.0,3.0,2.0,0.0,3.0,4.0,2.0,2.0,6.0,8.0,3.0,6.0,0.0,False,0,0,0
5.0,1.0,1.0,2.0,6.0,3.0,1.0,1.0,525.0,2.0,4.0,4.0,2.0,7.0,7.0,3.0,7.0,6.26530121273771,True,1,1,1
2.0,3.0,3.0,2.0,10.0,2.0,4.0,8.0,0.0,3.0,5.0,2.0,3.0,8.0,8.0,4.0,10.0,0.0,False,3,3,3
4.0,1.0,1.0,2.0,5.0,3.0,1.0,1.0,360.0,2.0,5.0,2.0,3.0,8.0,8.0,4.0,9.0,5.8888779583328805,True,1,1,1
5.0,3.0,1.0,2.0,1.0,7.0,2.0,1.0,0.0,3.0,4.0,3.0,2.0,3.0,3.0,2.0,3.0,0.0,False,1,1,1
7.0,1.0,1.0,1.0,5.0,9.0,1.0,10.0,1500.0,1.0,5.0,1.0,4.0,9.0,9.0,4.0,8.0,7.313886831633462,True,0,0,0
7.0,1.0,2.0,2.0,5.0,9.0,1.0,5.0,2185.0,2.0,4.0,3.0,4.0,5.0,7.0,1.0,7.0,7.689828668736484,True,3,3,3
5.0,1.0,1.0,1.0,1.0,3.0,1.0,1.0,840.0,3.0,5.0,2.0,3.0,6.0,6.0,4.0,6.0,6.734591659972948,True,0,0,0
7.0,1.0,1.0,1.0,5.0,9.0,2.0,5.0,1380.0,3.0,4.0,3.0,4.0,9.0,7.0,5.0,9.0,7.2305631534092925,True,0,0,0
2.0,1.0,1.0,3.0,10.0,6.0,1.0,1.0,412.5,3.0,4.0,2.0,3.0,7.0,6.0,2.0,5.0,6.024657514463746,True,1,1,1
5.0,1.0,1.0,2.0,1.0,5.0,1.0,1.0,1035.0,2.0,5.0,3.0,3.0,5.0,5.0,1.0,5.0,6.943122422819428,True,1,1,1
3.0,1.0,1.0,1.0,2.0,3.0,1.0,1.0,195.0,2.0,5.0,3.0,4.0,6.0,8.0,2.0,7.0,5.278114659230517,True,0,0,0
2.0,2.0,3.0,1.0,9.0,2.0,1.0,1.0,6145.75,1.0,5.0,2.0,3.0,4.0,4.0,3.0,4.0,8.723678765834304,True,0,0,0
5.0,1.0,6.0,2.0,3.0,2.0,1.0,1.0,0.0,2.0,5.0,5.0,3.0,7.0,6.0,5.0,10.0,0.0,False,2,2,2
2.0,3.0,6.0,1.0,10.0,2.0,4.0,8.0,630.0,1.0,4.0,4.0,2.0,7.0,6.0,4.0,10.0,6.447305862541213,True,0,0,0
4.0,3.0,1.0,2.0,5.0,3.0,1.0,7.0,0.0,1.0,5.0,1.0,2.0,3.0,0.0,2.0,3.0,0.0,False,3,3,3
5.0,2.0,2.0,2.0,6.0,3.0,1.0,1.0,735.0,2.0,3.0,2.0,3.0,8.0,5.0,5.0,8.0,6.601230118728877,True,2,2,2
4.0,1.0,7.0,2.0,10.0,6.0,1.0,1.0,90.0,5.0,4.0,2.0,3.0,10.0,9.0,4.0,9.0,4.51085950651685,False,2,2,2
5.0,1.0,7.0,2.0,7.0,5.0,4.0,8.0,1365.0,1.0,4.0,1.0,3.0,7.0,7.0,3.0,8.0,7.2196420401307355,True,3,3,3
3.0,1.0,3.0,2.0,6.0,9.0,1.0,6.0,0.0,1.0,4.0,2.0,3.0,5.0,7.0,3.0,7.0,0.0,False,3,3,3
4.0,1.0,2.0,2.0,5.0,4.0,1.0,1.0,0.0,2.0,4.0,2.0,2.0,3.0,3.0,3.0,6.0,0.0,False,2,2,2
5.0,1.0,1.0,1.0,1.0,4.0,1.0,1.0,750.0,2.0,3.0,3.0,4.0,7.0,7.0,4.0,7.0,6.621405651764134,True,0,0,0
6.0,1.0,1.0,2.0,5.0,6.0,1.0,1.0,1100.0,1.0,5.0,2.0,4.0,8.0,9.0,5.0,9.0,7.00397413672268,True,1,1,1
5.0,1.0,1.0,2.0,5.0,6.0,1.0,1.0,627.5,3.0,2.0,2.0,4.0,8.0,8.0,5.0,9.0,6.443336028030302,True,1,1,1
2.0,1.0,2.0,2.0,10.0,4.0,1.0,1.0,545.75,1.0,5.0,1.0,4.0,10.0,9.0,4.0,10.0,6.3039916595568775,True,2,2,2
6.0,1.0,2.0,1.0,7.0,4.0,1.0,1.0,495.0,2.0,2.0,4.0,3.0,7.0,5.0,3.0,6.0,6.206575926724928,True,0,0,0
3.0,1.0,6.0,1.0,10.0,4.0,1.0,1.0,975.0,3.0,5.0,2.0,4.0,8.0,8.0,5.0,9.0,6.883462586413092,True,0,0,0
3.0,1.0,1.0,2.0,2.0,6.0,2.0,1.0,750.0,2.0,4.0,2.0,4.0,9.0,8.0,3.0,7.0,6.621405651764134,True,1,1,1
4.0,1.0,1.0,1.0,6.0,7.0,1.0,1.0,360.0,4.0,5.0,2.0,4.0,7.0,5.0,3.0,5.0,5.8888779583328805,True,0,0,0
4.0,1.0,2.0,2.0,6.0,2.0,2.0,6.0,532.5,1.0,4.0,2.0,1.0,10.0,8.0,4.0,10.0,6.279459070741808,True,3,3,3
4.0,1.0,2.0,1.0,6.0,2.0,3.0,1.0,0.0,1.0,5.0,2.0,4.0,10.0,8.0,5.0,10.0,0.0,False,0,0,0
4.0,1.0,1.0,2.0,6.0,9.0,1.0,1.0,690.0,1.0,5.0,2.0,3.0,8.0,8.0,4.0,7.0,6.53813982376767,True,1,1,1
6.0,2.0,1.0,2.0,7.0,6.0,1.0,1.0,1045.0,1.0,4.0,3.0,4.0,8.0,8.0,4.0,8.0,6.952728644624869,True,1,1,1
4.0,1.0,1.0,2.0,6.0,9.0,1.0,2.0,525.0,1.0,5.0,3.0,3.0,9.0,10.0,3.0,8.0,6.26530121273771,True,3,3,3
4.0,1.0,1.0,1.0,6.0,8.0,1.0,1.0,960.0,2.0,3.0,2.0,3.0,7.0,7.0,5.0,8.0,6.8679744089702925,True,0,0,0
5.0,1.0,2.0,2.0,1.0,3.0,1.0,1.0,967.5,1.0,4.0,1.0,3.0,5.0,5.0,1.0,5.0,6.875748482847051,True,2,2,2
5.0,1.0,5.0,1.0,12.0,7.0,1.0,1.0,0.0,2.0,5.0,4.0,3.0,3.0,6.0,2.0,8.0,0.0,False,0,0,0
3.0,1.0,6.0,2.0,5.0,6.0,1.0,1.0,2238.75,1.0,4.0,4.0,2.0,6.0,6.0,2.0,7.0,7.714119531477688,True,2,2,2
4.0,1.0,4.0,2.0,3.0,2.0,1.0,1.0,100.0,2.0,4.0,2.0,3.0,6.0,4.0,4.0,9.0,4.61512051684126,False,2,2,2
3.0,3.0,4.0,2.0,11.0,2.0,1.0,3.0,0.0,1.0,4.0,2.0,3.0,5.0,3.0,1.0,6.0,0.0,False,3,3,3
6.0,1.0,1.0,1.0,7.0,9.0,1.0,5.0,660.0,2.0,3.0,3.0,4.0,7.0,7.0,3.0,5.0,6.493753839851686,True,0,0,0
4.0,1.0,3.0,2.0,6.0,6.0,1.0,6.0,0.0,2.0,2.0,2.0,5.0,9.0,8.0,5.0,9.0,0.0,False,3,3,3
4.0,1.0,2.0,2.0,2.0,3.0,1.0,1.0,2415.0,2.0,4.0,3.0,4.0,8.0,7.0,4.0,5.0,7.789868559054706,True,2,2,2
4.0,1.0,1.0,2.0,6.0,3.0,1.0,2.0,770.0,1.0,5.0,2.0,4.0,8.0,8.0,5.0,7.0,6.647688373563329,True,3,3,3
5.0,1.0,5.0,1.0,6.0,3.0,2.0,1.0,250.0,3.0,4.0,3.0,3.0,7.0,7.0,5.0,7.0,5.5254529391317835,True,0,0,0
2.0,1.0,2.0,2.0,1.0,4.0,1.0,1.0,960.0,1.0,4.0,1.0,3.0,8.0,8.0,4.0,8.0,6.8679744089702925,True,2,2,2
4.0,2.0,1.0,1.0,1.0,9.0,1.0,1.0,1447.5,2.0,4.0,3.0,4.0,8.0,7.0,4.0,7.0,7.278283817209405,True,0,0,0
7.0,6.0,1.0,1.0,7.0,5.0,3.0,5.0,2280.0,3.0,3.0,3.0,3.0,9.0,9.0,5.0,7.0,7.732369222284388,True,0,0,0
5.0,1.0,4.0,2.0,7.0,2.0,1.0,1.0,720.0,2.0,4.0,2.0,3.0,7.0,7.0,2.0,8.0,6.580639137284949,True,2,2,2
4.0,1.0,5.0,1.0,6.0,6.0,1.0,1.0,60.0,1.0,5.0,1.0,4.0,7.0,8.0,5.0,10.0,4.110873864173311,False,0,0,0
4.0,1.0,5.0,2.0,6.0,6.0,1.0,2.0,1380.0,2.0,2.0,3.0,2.0,10.0,8.0,5.0,10.0,7.2305631534092925,True,3,3,3
4.0,1.0,3.0,1.0,1.0,2.0,1.0,1.0,450.0,2.0,4.0,2.0,4.0,5.0,6.0,1.0,5.0,6.111467339502679,True,0,0,0
4.0,1.0,3.0,1.0,1.0,2.0,1.0,1.0,600.0,2.0,2.0,4.0,3.0,4.0,4.0,1.0,4.0,6.398594934535208,True,0,0,0
5.0,1.0,1.0,2.0,5.0,3.0,1.0,2.0,1072.5,1.0,4.0,2.0,3.0,7.0,7.0,3.0,8.0,6.978679617318836,True,3,3,3
4.0,1.0,1.0,1.0,5.0,3.0,1.0,1.0,4980.0,1.0,5.0,2.0,2.0,5.0,7.0,2.0,3.0,8.513385953073284,True,0,0,0
2.0,1.0,1.0,2.0,10.0,3.0,3.0,10.0,3045.0,3.0,3.0,5.0,3.0,4.0,6.0,2.0,5.0,8.021584533455107,True,3,3,3
4.0,1.0,1.0,1.0,6.0,4.0,1.0,1.0,120.0,3.0,5.0,4.0,4.0,6.0,6.0,4.0,7.0,4.795790545596741,False,0,0,0
6.0,2.0,4.0,2.0,4.0,4.0,1.0,1.0,2790.0,2.0,4.0,3.0,3.0,8.0,7.0,3.0,9.0,7.934155233536322,True,2,2,2
4.0,6.0,2.0,1.0,6.0,5.0,3.0,1.0,0.0,3.0,3.0,3.0,3.0,10.0,10.0,5.0,7.0,0.0,False,0,0,0
6.0,1.0,1.0,1.0,1.0,5.0,1.0,5.0,4920.0,5.0,3.0,1.0,3.0,8.0,8.0,3.0,8.0,8.501267040865978,True,0,0,0
5.0,1.0,3.0,1.0,6.0,4.0,1.0,1.0,1110.0,1.0,4.0,1.0,4.0,7.0,7.0,1.0,7.0,7.01301578963963,True,0,0,0
7.0,1.0,1.0,1.0,1.0,7.0,2.0,2.0,225.0,2.0,3.0,3.0,2.0,4.0,5.0,2.0,5.0,5.420534999272286,True,0,0,0
3.0,1.0,2.0,2.0,5.0,6.0,1.0,1.0,135.0,1.0,2.0,2.0,2.0,7.0,7.0,3.0,5.0,4.912654885736052,False,2,2,2
4.0,1.0,1.0,2.0,6.0,2.0,2.0,2.0,660.0,4.0,4.0,3.0,3.0,9.0,7.0,3.0,9.0,6.493753839851686,True,3,3,3
5.0,3.0,1.0,1.0,5.0,5.0,2.0,1.0,2610.0,1.0,3.0,1.0,3.0,7.0,6.0,4.0,3.0,7.8674885686991285,True,0,0,0
4.0,5.0,2.0,2.0,6.0,3.0,1.0,2.0,150.0,2.0,4.0,2.0,3.0,9.0,7.0,4.0,8.0,5.017279836814924,True,3,3,3
4.0,1.0,1.0,1.0,2.0,3.0,1.0,3.0,150.0,2.0,4.0,2.0,3.0,5.0,3.0,2.0,4.0,5.017279836814924,True,0,0,0
5.0,1.0,1.0,2.0,11.0,4.0,2.0,1.0,705.0,3.0,4.0,2.0,4.0,8.0,8.0,4.0,7.0,6.559615237493242,True,1,1,1
3.0,2.0,4.0,2.0,12.0,2.0,1.0,6.0,570.0,1.0,5.0,1.0,2.0,6.0,5.0,2.0,10.0,6.3473892096560105,True,3,3,3
2.0,1.0,1.0,2.0,2.0,2.0,1.0,1.0,1297.5,1.0,4.0,3.0,2.0,5.0,5.0,3.0,6.0,7.168965031102803,True,1,1,1
2.0,2.0,3.0,1.0,10.0,1.0,4.0,8.0,300.0,2.0,4.0,2.0,4.0,7.0,7.0,4.0,8.0,5.707110264748875,True,0,0,0
2.0,2.0,3.0,2.0,10.0,1.0,4.0,8.0,165.0,2.0,4.0,2.0,3.0,5.0,5.0,2.0,4.0,5.111987788356544,True,3,3,3
2.0,1.0,2.0,2.0,10.0,2.0,3.0,1.0,780.0,2.0,4.0,2.0,2.0,10.0,10.0,5.0,10.0,6.660575149839686,True,2,2,2
2.0,1.0,2.0,2.0,10.0,2.0,3.0,1.0,150.0,2.0,4.0,2.0,2.0,10.0,10.0,5.0,10.0,5.017279836814924,True,2,2,2
7.0,1.0,1.0,2.0,5.0,3.0,1.0,5.0,465.0,2.0,5.0,2.0,3.0,9.0,9.0,5.0,10.0,6.144185634125646,True,3,3,3
3.0,1.0,7.0,2.0,1.0,2.0,3.0,1.0,482.5,1.0,5.0,1.0,4.0,5.0,7.0,1.0,5.0,6.181051314893349,True,2,2,2
4.0,1.0,1.0,1.0,5.0,3.0,1.0,1.0,5882.5,1.0,3.0,2.0,3.0,8.0,7.0,4.0,7.0,8.679907101903984,True,0,0,0
5.0,1.0,1.0,1.0,6.0,4.0,1.0,1.0,1980.0,2.0,5.0,2.0,4.0,8.0,8.0,3.0,9.0,7.591357046698551,True,0,0,0
3.0,1.0,2.0,1.0,1.0,3.0,1.0,1.0,1952.5,1.0,2.0,1.0,3.0,7.0,7.0,2.0,7.0,7.577377914495125,True,0,0,0
2.0,1.0,3.0,2.0,1.0,4.0,4.0,8.0,7327.5,1.0,4.0,4.0,3.0,6.0,8.0,4.0,8.0,8.899526135467354,True,3,3,3
5.0,1.0,1.0,2.0,1.0,5.0,2.0,2.0,1830.0,4.0,5.0,2.0,2.0,9.0,9.0,4.0,5.0,7.5126175446745105,True,3,3,3
5.0,2.0,1.0,2.0,5.0,4.0,1.0,1.0,3157.5,2.0,5.0,2.0,4.0,5.0,4.0,3.0,7.0,8.057852510338755,True,1,1,1
3.0,1.0,1.0,2.0,5.0,4.0,1.0,1.0,390.0,2.0,3.0,2.0,4.0,8.0,8.0,4.0,8.0,5.968707559985366,True,1,1,1
5.0,1.0,6.0,2.0,1.0,5.0,1.0,1.0,4800.0,3.0,5.0,3.0,4.0,9.0,8.0,3.0,9.0,8.476579508530941,True,2,2,2
3.0,1.0,1.0,2.0,5.0,9.0,1.0,1.0,2565.0,1.0,4.0,1.0,4.0,8.0,9.0,5.0,10.0,7.850103545175582,True,1,1,1
7.0,5.0,3.0,2.0,5.0,8.0,3.0,5.0,4605.0,2.0,4.0,2.0,3.0,8.0,8.0,4.0,8.0,8.43511508038063,True,3,3,3
6.0,1.0,1.0,1.0,5.0,8.0,1.0,1.0,2557.5,2.0,2.0,2.0,2.0,7.0,7.0,4.0,8.0,7.847176428245146,True,0,0,0
6.0,1.0,1.0,2.0,1.0,4.0,1.0,1.0,315.0,2.0,3.0,1.0,3.0,5.0,0.0,1.0,5.0,5.755742213586912,True,1,1,1
4.0,1.0,1.0,2.0,1.0,1.0,1.0,1.0,2760.0,2.0,3.0,2.0,2.0,9.0,7.0,2.0,6.0,7.923348211930154,True,1,1,1
4.0,1.0,1.0,2.0,1.0,1.0,1.0,1.0,0.0,1.0,4.0,2.0,2.0,9.0,7.0,2.0,6.0,0.0,False,1,1,1
3.0,1.0,1.0,2.0,1.0,7.0,1.0,1.0,870.0,2.0,4.0,3.0,3.0,6.0,6.0,3.0,6.0,6.769641976852503,True,1,1,1
6.0,1.0,1.0,1.0,5.0,5.0,1.0,1.0,2220.0,1.0,4.0,1.0,4.0,7.0,7.0,4.0,8.0,7.7057128238944275,True,0,0,0
5.0,1.0,7.0,1.0,6.0,8.0,2.0,1.0,532.5,3.0,5.0,2.0,4.0,10.0,10.0,5.0,10.0,6.279459070741808,True,0,0,0
7.0,1.0,2.0,1.0,2.0,8.0,1.0,5.0,0.0,1.0,4.0,3.0,2.0,6.0,7.0,3.0,6.0,0.0,False,0,0,0
2.0,1.0,3.0,1.0,2.0,2.0,1.0,2.0,0.0,2.0,4.0,2.0,4.0,5.0,4.0,1.0,4.0,0.0,False,0,0,0
2.0,2.0,3.0,1.0,2.0,2.0,4.0,8.0,375.0,3.0,4.0,1.0,4.0,6.0,6.0,1.0,5.0,5.929589143389895,True,0,0,0
7.0,3.0,1.0,1.0,5.0,2.0,1.0,5.0,1117.5,2.0,3.0,1.0,3.0,10.0,8.0,4.0,8.0,7.019743780930185,True,0,0,0
5.0,2.0,1.0,2.0,3.0,3.0,2.0,6.0,402.5,3.0,5.0,2.0,4.0,8.0,7.0,2.0,6.0,6.000176487710004,True,3,3,3
4.0,2.0,1.0,1.0,6.0,5.0,2.0,1.0,1487.5,1.0,3.0,3.0,2.0,8.0,6.0,4.0,6.0,7.305524180455831,True,0,0,0
4.0,1.0,2.0,2.0,1.0,5.0,1.0,1.0,1530.0,1.0,5.0,2.0,4.0,6.0,7.0,1.0,5.0,7.333676395657684,True,2,2,2
3.0,2.0,2.0,1.0,2.0,5.0,4.0,8.0,1275.0,1.0,5.0,5.0,5.0,7.0,6.0,3.0,6.0,7.151485463904735,True,0,0,0
6.0,1.0,7.0,1.0,5.0,2.0,2.0,1.0,1310.0,2.0,4.0,3.0,3.0,9.0,9.0,5.0,7.0,7.1785454837637,True,0,0,0
4.0,1.0,1.0,2.0,6.0,4.0,1.0,1.0,0.0,2.0,5.0,3.0,5.0,9.0,10.0,4.0,9.0,0.0,False,1,1,1
4.0,1.0,1.0,1.0,6.0,4.0,1.0,1.0,296.25,2.0,2.0,3.0,4.0,8.0,9.0,3.0,7.0,5.694573535570891,True,0,0,0
3.0,1.0,4.0,1.0,6.0,8.0,2.0,1.0,1100.0,1.0,4.0,3.0,2.0,5.0,5.0,2.0,7.0,7.00397413672268,True,0,0,0
5.0,1.0,2.0,2.0,4.0,7.0,1.0,2.0,170.0,2.0,4.0,2.0,4.0,8.0,8.0,3.0,10.0,5.14166355650266,True,3,3,3
2.0,3.0,2.0,1.0,10.0,9.0,2.0,2.0,210.0,1.0,1.0,1.0,3.0,10.0,0.0,5.0,2.0,5.351858133476067,True,0,0,0
2.0,1.0,3.0,1.0,10.0,8.0,1.0,1.0,1895.0,1.0,5.0,1.0,3.0,6.0,7.0,4.0,5.0,7.547501682814967,True,0,0,0
6.0,2.0,1.0,2.0,5.0,10.0,1.0,1.0,517.5,1.0,3.0,2.0,4.0,8.0,7.0,4.0,8.0,6.250940027669582,True,1,1,1
5.0,3.0,1.0,2.0,3.0,5.0,2.0,2.0,35.0,1.0,4.0,1.0,4.0,9.0,9.0,1.0,6.0,3.58351893845611,False,3,3,3
4.0,1.0,3.0,1.0,6.0,5.0,1.0,1.0,1410.0,1.0,5.0,1.0,4.0,9.0,8.0,3.0,8.0,7.252053951852814,True,0,0,0
4.0,1.0,3.0,2.0,6.0,5.0,1.0,2.0,530.0,1.0,4.0,1.0,2.0,7.0,7.0,4.0,8.0,6.274762021241939,True,3,3,3
2.0,3.0,6.0,1.0,10.0,6.0,4.0,8.0,327.5,1.0,5.0,2.0,4.0,8.0,6.0,2.0,5.0,5.794536837924666,True,0,0,0
6.0,2.0,3.0,1.0,6.0,6.0,1.0,1.0,270.0,3.0,5.0,2.0,3.0,7.0,6.0,3.0,9.0,5.602118820879701,True,0,0,0
5.0,1.0,3.0,2.0,3.0,10.0,1.0,2.0,210.0,3.0,4.0,3.0,4.0,8.0,6.0,4.0,10.0,5.351858133476067,True,3,3,3
3.0,1.0,3.0,1.0,10.0,8.0,3.0,4.0,915.0,2.0,5.0,2.0,3.0,6.0,7.0,3.0,5.0,6.82001636467413,True,0,0,0
7.0,1.0,1.0,2.0,1.0,6.0,1.0,5.0,1125.0,2.0,3.0,2.0,2.0,7.0,7.0,3.0,9.0,7.026426808699636,True,3,3,3
7.0,2.0,1.0,2.0,5.0,7.0,1.0,5.0,370.0,1.0,4.0,1.0,5.0,10.0,8.0,3.0,10.0,5.916202062607435,True,3,3,3
4.0,2.0,1.0,2.0,7.0,4.0,1.0,2.0,210.0,2.0,3.0,2.0,4.0,7.0,9.0,3.0,8.0,5.351858133476067,True,3,3,3
7.0,3.0,1.0,2.0,1.0,6.0,2.0,5.0,746.25,1.0,3.0,2.0,3.0,8.0,8.0,4.0,7.0,6.6163998011640475,True,3,3,3
3.0,1.0,4.0,2.0,1.0,5.0,2.0,1.0,350.0,2.0,4.0,2.0,3.0,5.0,6.0,2.0,7.0,5.860786223465865,True,2,2,2
6.0,1.0,1.0,2.0,4.0,3.0,1.0,2.0,60.0,5.0,5.0,2.0,2.0,5.0,3.0,4.0,8.0,4.110873864173311,False,3,3,3
5.0,1.0,4.0,1.0,2.0,3.0,2.0,1.0,1680.0,3.0,5.0,4.0,2.0,7.0,7.0,4.0,8.0,7.427144133408616,True,0,0,0
3.0,1.0,1.0,2.0,5.0,7.0,1.0,1.0,56.25,4.0,4.0,3.0,4.0,5.0,4.0,3.0,3.0,4.047427642434349,False,1,1,1
3.0,1.0,3.0,1.0,5.0,7.0,1.0,1.0,575.0,4.0,5.0,1.0,4.0,8.0,8.0,4.0,5.0,6.3561076606958915,True,0,0,0
4.0,2.0,1.0,1.0,6.0,9.0,1.0,1.0,1085.0,1.0,4.0,1.0,4.0,8.0,7.0,4.0,9.0,6.990256500493881,True,0,0,0
6.0,4.0,1.0,1.0,1.0,5.0,2.0,2.0,975.0,2.0,4.0,2.0,3.0,5.0,5.0,1.0,7.0,6.883462586413092,True,0,0,0
6.0,5.0,1.0,2.0,5.0,8.0,2.0,2.0,2070.0,2.0,4.0,1.0,4.0,8.0,8.0,3.0,7.0,7.635786861395585,True,3,3,3
7.0,5.0,1.0,1.0,5.0,8.0,1.0,5.0,5850.0,3.0,4.0,2.0,3.0,10.0,10.0,5.0,10.0,8.674367865788236,True,0,0,0
6.0,1.0,1.0,1.0,4.0,10.0,1.0,1.0,5625.0,1.0,1.0,3.0,4.0,9.0,7.0,3.0,7.0,8.635153989049803,True,0,0,0
6.0,1.0,3.0,2.0,5.0,10.0,1.0,2.0,0.0,1.0,4.0,1.0,4.0,7.0,9.0,2.0,9.0,0.0,False,3,3,3
5.0,1.0,3.0,1.0,6.0,8.0,1.0,2.0,15.0,2.0,2.0,3.0,3.0,4.0,5.0,3.0,6.0,2.772588722239781,False,0,0,0
5.0,1.0,3.0,2.0,11.0,5.0,2.0,3.0,5160.0,2.0,4.0,3.0,2.0,6.0,7.0,3.0,5.0,8.548885638148727,True,3,3,3
4.0,1.0,1.0,2.0,6.0,7.0,2.0,1.0,303.75,1.0,5.0,1.0,4.0,10.0,10.0,4.0,10.0,5.719491768361381,True,1,1,1
5.0,3.0,1.0,2.0,3.0,4.0,1.0,6.0,262.5,2.0,4.0,2.0,4.0,5.0,7.0,2.0,6.0,5.574053367981417,True,3,3,3
6.0,5.0,1.0,1.0,1.0,4.0,3.0,1.0,6360.0,4.0,5.0,2.0,3.0,7.0,6.0,3.0,5.0,8.757940876678804,True,0,0,0
4.0,1.0,3.0,2.0,9.0,3.0,4.0,6.0,250.0,2.0,5.0,3.0,2.0,8.0,8.0,2.0,8.0,5.5254529391317835,True,3,3,3
4.0,3.0,3.0,1.0,9.0,3.0,2.0,1.0,700.0,2.0,4.0,2.0,4.0,8.0,9.0,2.0,9.0,6.55250788703459,True,0,0,0
2.0,2.0,3.0,2.0,10.0,6.0,4.0,8.0,255.0,2.0,4.0,2.0,3.0,8.0,7.0,3.0,8.0,5.545177444479562,True,3,3,3
3.0,1.0,3.0,1.0,2.0,6.0,1.0,2.0,3900.0,1.0,2.0,2.0,3.0,2.0,5.0,3.0,6.0,8.268988209506656,True,0,0,0
3.0,2.0,3.0,1.0,4.0,6.0,2.0,2.0,3750.0,2.0,2.0,2.0,4.0,6.0,6.0,3.0,8.0,8.229777750081887,True,0,0,0
6.0,1.0,2.0,1.0,5.0,5.0,1.0,1.0,2425.0,1.0,4.0,2.0,2.0,7.0,7.0,3.0,8.0,7.793999089503996,True,0,0,0
6.0,1.0,1.0,2.0,1.0,7.0,1.0,1.0,735.0,2.0,4.0,3.0,4.0,6.0,7.0,5.0,10.0,6.601230118728877,True,1,1,1
3.0,1.0,6.0,1.0,6.0,4.0,1.0,1.0,0.0,1.0,5.0,1.0,2.0,6.0,8.0,4.0,8.0,0.0,False,0,0,0
6.0,5.0,1.0,2.0,7.0,8.0,1.0,2.0,1200.0,1.0,4.0,2.0,4.0,8.0,8.0,3.0,8.0,7.0909098220799835,True,3,3,3
5.0,1.0,2.0,2.0,6.0,8.0,1.0,1.0,90.0,1.0,5.0,2.0,3.0,8.0,8.0,4.0,9.0,4.51085950651685,False,2,2,2
4.0,1.0,2.0,1.0,6.0,8.0,1.0,1.0,0.0,4.0,4.0,2.0,4.0,8.0,9.0,5.0,10.0,0.0,False,0,0,0
7.0,5.0,2.0,2.0,1.0,6.0,1.0,10.0,0.0,2.0,3.0,2.0,4.0,4.0,5.0,2.0,7.0,0.0,False,3,3,3
4.0,1.0,6.0,2.0,6.0,6.0,1.0,1.0,1095.0,4.0,5.0,2.0,4.0,8.0,8.0,3.0,9.0,6.999422467507961,True,2,2,2
2.0,2.0,2.0,2.0,2.0,3.0,4.0,8.0,397.5,1.0,5.0,2.0,2.0,0.0,2.0,2.0,7.0,5.98770749823027,True,3,3,3
2.0,2.0,2.0,2.0,2.0,3.0,4.0,8.0,0.0,3.0,4.0,3.0,2.0,6.0,3.0,1.0,4.0,0.0,False,3,3,3
6.0,1.0,2.0,2.0,1.0,6.0,1.0,7.0,0.0,5.0,3.0,3.0,3.0,3.0,2.0,1.0,5.0,0.0,False,3,3,3
4.0,6.0,4.0,1.0,1.0,2.0,4.0,7.0,0.0,5.0,5.0,5.0,4.0,5.0,5.0,4.0,4.0,0.0,False,0,0,0
2.0,2.0,4.0,2.0,2.0,3.0,4.0,8.0,1200.0,2.0,4.0,3.0,3.0,3.0,5.0,2.0,4.0,7.0909098220799835,True,3,3,3
2.0,2.0,1.0,3.0,2.0,3.0,4.0,8.0,105.0,2.0,2.0,2.0,2.0,4.0,6.0,2.0,6.0,4.663439094112067,False,3,3,3
4.0,1.0,1.0,1.0,1.0,5.0,1.0,10.0,180.0,2.0,4.0,2.0,4.0,7.0,7.0,2.0,6.0,5.198497031265826,True,0,0,0
5.0,1.0,1.0,2.0,6.0,5.0,1.0,3.0,480.0,1.0,5.0,1.0,4.0,8.0,8.0,5.0,8.0,6.175867270105761,True,3,3,3
7.0,1.0,2.0,1.0,1.0,6.0,1.0,2.0,1110.0,1.0,2.0,1.0,4.0,8.0,7.0,2.0,8.0,7.01301578963963,True,0,0,0
3.0,1.0,6.0,2.0,1.0,8.0,1.0,1.0,630.0,1.0,5.0,2.0,4.0,7.0,8.0,2.0,7.0,6.447305862541213,True,2,2,2
2.0,2.0,5.0,2.0,11.0,7.0,4.0,8.0,3930.0,1.0,4.0,2.0,4.0,8.0,8.0,4.0,9.0,8.27664912542186,True,3,3,3
5.0,1.0,1.0,1.0,1.0,7.0,1.0,1.0,45.0,3.0,4.0,2.0,3.0,7.0,6.0,3.0,7.0,3.828641396489095,False,0,0,0
3.0,1.0,2.0,2.0,10.0,3.0,1.0,1.0,1305.0,1.0,5.0,2.0,4.0,8.0,8.0,4.0,10.0,7.174724309836376,True,2,2,2
4.0,1.0,3.0,1.0,5.0,6.0,1.0,1.0,780.0,1.0,5.0,2.0,3.0,8.0,9.0,3.0,6.0,6.660575149839686,True,0,0,0
4.0,1.0,1.0,2.0,1.0,5.0,2.0,9.0,405.0,4.0,2.0,4.0,1.0,1.0,3.0,2.0,6.0,6.0063531596017325,True,3,3,3
5.0,1.0,2.0,1.0,7.0,10.0,1.0,1.0,1290.0,1.0,5.0,1.0,4.0,10.0,8.0,5.0,8.0,7.1631723908466425,True,0,0,0
2.0,3.0,2.0,1.0,10.0,10.0,4.0,8.0,2970.0,1.0,3.0,2.0,3.0,8.0,7.0,3.0,7.0,7.9966538754626075,True,0,0,0
5.0,1.0,2.0,2.0,6.0,8.0,1.0,1.0,232.5,2.0,4.0,3.0,4.0,6.0,7.0,2.0,3.0,5.453182077108952,True,2,2,2
4.0,1.0,5.0,2.0,5.0,7.0,1.0,3.0,1005.0,2.0,4.0,2.0,3.0,9.0,8.0,4.0,10.0,6.913737350659685,True,3,3,3
5.0,1.0,5.0,1.0,5.0,7.0,1.0,1.0,60.0,1.0,2.0,3.0,4.0,6.0,8.0,3.0,7.0,4.110873864173311,False,0,0,0
6.0,1.0,1.0,2.0,1.0,9.0,1.0,2.0,450.0,2.0,5.0,1.0,3.0,8.0,8.0,5.0,10.0,6.111467339502679,True,3,3,3
7.0,3.0,6.0,2.0,1.0,7.0,1.0,1.0,480.0,3.0,3.0,3.0,3.0,7.0,7.0,3.0,9.0,6.175867270105761,True,2,2,2
7.0,1.0,1.0,1.0,5.0,9.0,1.0,2.0,122.5,3.0,4.0,3.0,3.0,6.0,7.0,3.0,8.0,4.816241156068032,False,0,0,0
3.0,1.0,1.0,2.0,1.0,6.0,1.0,1.0,1452.5,2.0,2.0,1.0,3.0,10.0,6.0,1.0,7.0,7.281729719998931,True,1,1,1
7.0,5.0,1.0,1.0,1.0,9.0,2.0,5.0,900.0,1.0,4.0,1.0,4.0,10.0,9.0,5.0,10.0,6.803505257608338,True,0,0,0
5.0,1.0,2.0,2.0,1.0,3.0,1.0,1.0,180.0,1.0,5.0,2.0,4.0,7.0,8.0,5.0,9.0,5.198497031265826,True,2,2,2
4.0,1.0,2.0,2.0,1.0,3.0,1.0,1.0,465.0,1.0,4.0,3.0,4.0,7.0,7.0,3.0,8.0,6.144185634125646,True,2,2,2
4.0,1.0,6.0,2.0,12.0,3.0,1.0,6.0,315.0,1.0,4.0,1.0,4.0,10.0,10.0,4.0,10.0,5.755742213586912,True,3,3,3
4.0,1.0,2.0,1.0,1.0,2.0,1.0,1.0,3540.0,1.0,4.0,3.0,4.0,4.0,6.0,2.0,3.0,8.172164452111904,True,0,0,0
6.0,1.0,1.0,1.0,6.0,4.0,1.0,1.0,1650.0,2.0,4.0,2.0,4.0,9.0,9.0,4.0,5.0,7.409136443920128,True,0,0,0
6.0,1.0,1.0,2.0,6.0,4.0,1.0,2.0,1162.5,1.0,4.0,1.0,4.0,9.0,9.0,4.0,9.0,7.059187982742347,True,3,3,3
6.0,1.0,1.0,2.0,5.0,6.0,1.0,1.0,1807.5,3.0,3.0,2.0,3.0,2.0,4.0,4.0,5.0,7.500253051392153,True,1,1,1
6.0,1.0,2.0,1.0,5.0,6.0,1.0,1.0,550.0,1.0,4.0,2.0,4.0,8.0,9.0,4.0,9.0,6.311734809152915,True,0,0,0
5.0,1.0,1.0,1.0,1.0,3.0,1.0,1.0,0.0,2.0,4.0,3.0,3.0,8.0,7.0,2.0,8.0,0.0,False,0,0,0
3.0,1.0,1.0,1.0,1.0,3.0,2.0,10.0,482.5,1.0,4.0,3.0,4.0,4.0,3.0,2.0,7.0,6.181051314893349,True,0,0,0
3.0,1.0,1.0,1.0,1.0,5.0,1.0,1.0,1770.0,1.0,4.0,1.0,4.0,6.0,7.0,2.0,8.0,7.479299637782834,True,0,0,0
6.0,3.0,1.0,2.0,5.0,4.0,2.0,2.0,560.0,1.0,5.0,2.0,3.0,8.0,9.0,5.0,8.0,6.329720905522696,True,3,3,3
4.0,1.0,2.0,2.0,6.0,4.0,2.0,1.0,3360.0,1.0,4.0,2.0,3.0,10.0,10.0,5.0,10.0,8.119993827725105,True,2,2,2
7.0,3.0,2.0,1.0,10.0,5.0,1.0,5.0,2220.0,2.0,3.0,2.0,3.0,7.0,7.0,4.0,5.0,7.7057128238944275,True,0,0,0
3.0,1.0,2.0,2.0,5.0,2.0,1.0,1.0,157.5,2.0,4.0,1.0,3.0,8.0,8.0,3.0,7.0,5.065754593317335,True,2,2,2
6.0,1.0,1.0,1.0,1.0,3.0,1.0,1.0,0.0,3.0,4.0,3.0,4.0,5.0,4.0,4.0,4.0,0.0,False,0,0,0
6.0,3.0,4.0,2.0,1.0,2.0,3.0,2.0,0.0,1.0,4.0,2.0,3.0,3.0,2.0,4.0,4.0,0.0,False,3,3,3
3.0,1.0,1.0,1.0,5.0,4.0,1.0,1.0,180.0,1.0,3.0,1.0,3.0,8.0,7.0,5.0,9.0,5.198497031265826,True,0,0,0
3.0,1.0,1.0,2.0,5.0,4.0,2.0,1.0,525.0,1.0,5.0,1.0,2.0,9.0,9.0,3.0,9.0,6.26530121273771,True,1,1,1
3.0,1.0,1.0,1.0,5.0,4.0,1.0,3.0,630.0,1.0,5.0,2.0,2.0,7.0,5.0,2.0,5.0,6.447305862541213,True,0,0,0
3.0,1.0,5.0,2.0,1.0,4.0,1.0,1.0,75.0,1.0,4.0,2.0,3.0,8.0,8.0,4.0,9.0,4.330733340286331,False,2,2,2
3.0,1.0,1.0,1.0,5.0,5.0,1.0,1.0,270.0,2.0,3.0,2.0,4.0,8.0,7.0,4.0,8.0,5.602118820879701,True,0,0,0
3.0,5.0,6.0,2.0,6.0,4.0,2.0,6.0,840.0,2.0,4.0,2.0,3.0,10.0,10.0,2.0,7.0,6.734591659972948,True,3,3,3
4.0,2.0,3.0,2.0,6.0,6.0,1.0,1.0,0.0,2.0,4.0,2.0,3.0,9.0,8.0,2.0,9.0,0.0,False,2,2,2
4.0,1.0,3.0,1.0,6.0,2.0,2.0,10.0,1200.0,1.0,3.0,1.0,3.0,8.0,8.0,5.0,7.0,7.0909098220799835,True,0,0,0
3.0,1.0,2.0,1.0,1.0,3.0,1.0,1.0,840.0,1.0,2.0,2.0,3.0,3.0,1.0,5.0,3.0,6.734591659972948,True,0,0,0
6.0,1.0,3.0,1.0,6.0,8.0,1.0,1.0,0.0,3.0,4.0,1.0,4.0,6.0,7.0,3.0,5.0,0.0,False,0,0,0
2.0,2.0,3.0,2.0,10.0,9.0,4.0,8.0,0.0,2.0,5.0,2.0,3.0,2.0,5.0,3.0,3.0,0.0,False,3,3,3
5.0,1.0,1.0,1.0,5.0,9.0,1.0,1.0,1881.75,1.0,3.0,4.0,3.0,9.0,7.0,5.0,10.0,7.540488752981461,True,0,0,0
3.0,1.0,2.0,1.0,5.0,4.0,1.0,1.0,2465.0,1.0,3.0,3.0,2.0,5.0,5.0,2.0,5.0,7.81035268372429,True,0,0,0
3.0,1.0,2.0,1.0,6.0,7.0,1.0,1.0,2010.0,1.0,3.0,1.0,3.0,3.0,5.0,2.0,3.0,7.606387389772652,True,0,0,0
5.0,1.0,3.0,2.0,7.0,7.0,1.0,2.0,67.5,1.0,4.0,2.0,4.0,10.0,9.0,5.0,9.0,4.22683374526818,False,3,3,3
2.0,1.0,7.0,1.0,2.0,10.0,4.0,8.0,210.0,2.0,4.0,2.0,3.0,5.0,5.0,2.0,4.0,5.351858133476067,True,0,0,0
4.0,1.0,5.0,2.0,6.0,8.0,1.0,1.0,40.0,2.0,4.0,1.0,4.0,7.0,5.0,4.0,6.0,3.713572066704308,False,2,2,2
7.0,3.0,1.0,2.0,5.0,7.0,1.0,5.0,1440.0,2.0,4.0,2.0,3.0,10.0,10.0,5.0,10.0,7.273092595999522,True,3,3,3
4.0,1.0,1.0,1.0,5.0,10.0,1.0,1.0,1665.0,2.0,3.0,2.0,4.0,7.0,8.0,2.0,8.0,7.418180822726788,True,0,0,0
7.0,3.0,1.0,2.0,1.0,9.0,2.0,5.0,2145.0,3.0,5.0,1.0,3.0,10.0,10.0,5.0,10.0,7.671360923190644,True,3,3,3
4.0,1.0,2.0,2.0,6.0,8.0,1.0,6.0,241.25,3.0,5.0,3.0,3.0,8.0,8.0,5.0,8.0,5.489970250770876,True,3,3,3
3.0,3.0,3.0,2.0,3.0,2.0,1.0,3.0,720.0,1.0,1.0,1.0,5.0,10.0,10.0,1.0,7.0,6.580639137284949,True,3,3,3
3.0,1.0,4.0,2.0,10.0,3.0,1.0,1.0,410.0,3.0,5.0,4.0,2.0,7.0,7.0,3.0,8.0,6.018593214496234,True,2,2,2
7.0,4.0,4.0,2.0,7.0,3.0,3.0,5.0,0.0,4.0,5.0,2.0,2.0,5.0,7.0,2.0,8.0,0.0,False,3,3,3
3.0,1.0,3.0,1.0,1.0,3.0,1.0,1.0,180.0,2.0,4.0,2.0,3.0,7.0,7.0,4.0,8.0,5.198497031265826,True,0,0,0
3.0,1.0,2.0,2.0,6.0,3.0,4.0,8.0,120.0,1.0,5.0,2.0,3.0,7.0,8.0,5.0,10.0,4.795790545596741,False,3,3,3
3.0,3.0,1.0,1.0,10.0,2.0,2.0,1.0,2130.0,1.0,2.0,1.0,4.0,9.0,9.0,3.0,9.0,7.664346632098617,True,0,0,0
2.0,4.0,6.0,1.0,1.0,4.0,2.0,10.0,2625.0,1.0,5.0,1.0,3.0,7.0,5.0,3.0,0.0,7.873217054862741,True,0,0,0
5.0,1.0,1.0,1.0,7.0,2.0,1.0,1.0,622.5,2.0,5.0,3.0,3.0,7.0,8.0,3.0,7.0,6.435348765120091,True,0,0,0
6.0,1.0,4.0,2.0,4.0,4.0,1.0,1.0,780.0,2.0,4.0,2.0,4.0,9.0,8.0,3.0,8.0,6.660575149839686,True,2,2,2
3.0,1.0,2.0,2.0,1.0,3.0,2.0,1.0,1391.25,1.0,4.0,1.0,3.0,9.0,9.0,3.0,9.0,7.238676422469778,True,2,2,2
6.0,1.0,1.0,1.0,5.0,6.0,1.0,1.0,420.0,2.0,3.0,2.0,4.0,9.0,9.0,5.0,9.0,6.042632833682381,True,0,0,0
4.0,3.0,4.0,2.0,6.0,8.0,2.0,1.0,0.0,3.0,3.0,2.0,3.0,7.0,7.0,4.0,8.0,0.0,False,2,2,2
4.0,2.0,3.0,1.0,6.0,6.0,3.0,1.0,0.0,1.0,4.0,2.0,1.0,10.0,10.0,5.0,5.0,0.0,False,0,0,0
3.0,1.0,3.0,2.0,10.0,7.0,1.0,1.0,140.0,2.0,5.0,2.0,3.0,7.0,7.0,4.0,2.0,4.948759890378168,False,2,2,2
3.0,1.0,3.0,2.0,10.0,7.0,1.0,1.0,690.0,1.0,4.0,3.0,3.0,7.0,7.0,5.0,1.0,6.53813982376767,True,2,2,2
2.0,1.0,7.0,1.0,12.0,4.0,2.0,1.0,140.0,3.0,3.0,2.0,4.0,10.0,4.0,1.0,10.0,4.948759890378168,False,0,0,0
3.0,5.0,7.0,1.0,1.0,4.0,1.0,1.0,75.0,2.0,2.0,2.0,4.0,4.0,5.0,1.0,5.0,4.330733340286331,False,0,0,0
2.0,3.0,3.0,2.0,3.0,8.0,4.0,8.0,4365.0,2.0,5.0,2.0,4.0,7.0,6.0,2.0,8.0,8.38160253710989,True,3,3,3
4.0,1.0,3.0,2.0,5.0,8.0,1.0,2.0,1155.0,2.0,4.0,2.0,2.0,5.0,7.0,1.0,7.0,7.052721049232323,True,3,3,3
4.0,1.0,1.0,2.0,3.0,9.0,1.0,1.0,275.0,2.0,4.0,1.0,3.0,8.0,7.0,3.0,9.0,5.62040086571715,True,1,1,1
4.0,1.0,3.0,2.0,1.0,9.0,1.0,1.0,22.5,2.0,4.0,2.0,3.0,8.0,8.0,3.0,8.0,3.1570004211501135,False,2,2,2
7.0,1.0,2.0,2.0,5.0,10.0,1.0,2.0,877.75,2.0,4.0,2.0,3.0,8.0,8.0,4.0,7.0,6.778500443124875,True,3,3,3
7.0,1.0,1.0,1.0,5.0,8.0,1.0,5.0,495.0,3.0,3.0,2.0,2.0,8.0,8.0,4.0,8.0,6.206575926724928,True,0,0,0
7.0,5.0,1.0,2.0,5.0,8.0,2.0,5.0,742.5,3.0,4.0,2.0,3.0,9.0,9.0,5.0,9.0,6.61136876590021,True,3,3,3
6.0,1.0,1.0,2.0,5.0,10.0,1.0,1.0,2932.5,1.0,4.0,2.0,2.0,8.0,8.0,5.0,7.0,7.983951528365915,True,1,1,1
5.0,1.0,3.0,1.0,1.0,7.0,3.0,1.0,2085.0,1.0,5.0,2.0,3.0,7.0,8.0,3.0,8.0,7.643003635560718,True,0,0,0
6.0,1.0,2.0,2.0,5.0,9.0,4.0,1.0,2350.0,1.0,4.0,2.0,3.0,6.0,6.0,3.0,6.0,7.762596048540069,True,3,3,3
5.0,1.0,1.0,2.0,6.0,7.0,1.0,2.0,915.0,1.0,3.0,2.0,4.0,7.0,8.0,4.0,7.0,6.82001636467413,True,3,3,3
3.0,1.0,5.0,2.0,5.0,7.0,1.0,1.0,510.0,2.0,3.0,1.0,4.0,6.0,7.0,2.0,8.0,6.236369590203704,True,2,2,2
7.0,1.0,1.0,2.0,5.0,10.0,1.0,5.0,200.0,4.0,5.0,1.0,4.0,9.0,8.0,4.0,9.0,5.303304908059076,True,3,3,3
5.0,1.0,1.0,1.0,6.0,9.0,2.0,2.0,450.0,1.0,4.0,2.0,4.0,6.0,6.0,5.0,7.0,6.111467339502679,True,0,0,0
6.0,2.0,1.0,1.0,1.0,3.0,2.0,10.0,112.5,3.0,4.0,3.0,4.0,6.0,7.0,3.0,8.0,4.7318028369214575,False,0,0,0
4.0,1.0,2.0,2.0,1.0,4.0,2.0,1.0,885.0,1.0,5.0,1.0,4.0,6.0,7.0,4.0,2.0,6.786716950605081,True,2,2,2
6.0,3.0,1.0,2.0,1.0,5.0,1.0,5.0,735.0,1.0,2.0,2.0,4.0,7.0,7.0,2.0,7.0,6.601230118728877,True,3,3,3
4.0,1.0,2.0,2.0,6.0,2.0,1.0,2.0,630.0,2.0,5.0,3.0,3.0,3.0,0.0,3.0,4.0,6.447305862541213,True,3,3,3
6.0,1.0,2.0,2.0,1.0,3.0,1.0,3.0,2715.0,3.0,3.0,3.0,3.0,5.0,6.0,2.0,8.0,7.906915488678587,True,3,3,3
6.0,1.0,4.0,1.0,7.0,8.0,1.0,1.0,1587.5,1.0,4.0,2.0,3.0,8.0,8.0,4.0,7.0,7.370545453709571,True,0,0,0
5.0,1.0,2.0,2.0,3.0,3.0,1.0,1.0,435.0,2.0,4.0,1.0,3.0,9.0,8.0,4.0,10.0,6.077642243349034,True,2,2,2
5.0,1.0,6.0,2.0,3.0,2.0,1.0,2.0,120.0,1.0,5.0,2.0,4.0,5.0,5.0,3.0,4.0,4.795790545596741,False,3,3,3
3.0,3.0,1.0,2.0,6.0,3.0,1.0,1.0,1120.0,4.0,4.0,2.0,4.0,7.0,7.0,4.0,9.0,7.02197642307216,True,1,1,1
5.0,3.0,1.0,2.0,6.0,5.0,2.0,2.0,1020.0,2.0,4.0,2.0,4.0,8.0,7.0,3.0,10.0,6.928537818164665,True,3,3,3
5.0,1.0,2.0,2.0,6.0,2.0,1.0,2.0,2527.5,4.0,4.0,2.0,3.0,3.0,3.0,3.0,5.0,7.835381520520038,True,3,3,3
4.0,1.0,1.0,2.0,5.0,4.0,1.0,1.0,255.0,1.0,4.0,2.0,4.0,8.0,7.0,5.0,6.0,5.545177444479562,True,1,1,1
2.0,1.0,1.0,2.0,2.0,2.0,4.0,8.0,1620.0,2.0,4.0,2.0,2.0,7.0,7.0,3.0,8.0,7.390798521735676,True,3,3,3
7.0,1.0,1.0,2.0,1.0,6.0,2.0,2.0,1410.0,2.0,4.0,2.0,4.0,7.0,7.0,3.0,6.0,7.252053951852814,True,3,3,3
5.0,1.0,3.0,1.0,6.0,7.0,1.0,1.0,0.0,2.0,2.0,2.0,4.0,9.0,9.0,3.0,9.0,0.0,False,0,0,0
7.0,3.0,2.0,2.0,5.0,8.0,1.0,2.0,150.0,4.0,3.0,2.0,4.0,10.0,7.0,4.0,10.0,5.017279836814924,True,3,3,3
7.0,3.0,1.0,1.0,5.0,8.0,2.0,5.0,0.0,4.0,5.0,3.0,2.0,5.0,5.0,3.0,5.0,0.0,False,0,0,0
5.0,1.0,3.0,2.0,6.0,4.0,2.0,2.0,1010.0,1.0,4.0,1.0,2.0,9.0,7.0,5.0,7.0,6.918695219020472,True,3,3,3
5.0,1.0,1.0,1.0,6.0,10.0,1.0,1.0,915.0,2.0,2.0,3.0,1.0,10.0,10.0,2.0,10.0,6.82001636467413,True,0,0,0
5.0,1.0,5.0,1.0,6.0,2.0,2.0,1.0,480.0,2.0,4.0,3.0,2.0,5.0,3.0,3.0,6.0,6.175867270105761,True,0,0,0
5.0,1.0,3.0,2.0,6.0,8.0,2.0,2.0,900.0,1.0,2.0,2.0,4.0,9.0,9.0,3.0,9.0,6.803505257608338,True,3,3,3
2.0,3.0,6.0,1.0,10.0,7.0,4.0,8.0,540.0,2.0,4.0,3.0,3.0,1.0,3.0,1.0,5.0,6.293419278846481,True,0,0,0
2.0,3.0,3.0,1.0,10.0,7.0,4.0,8.0,180.0,2.0,5.0,4.0,3.0,8.0,7.0,2.0,4.0,5.198497031265826,True,0,0,0
4.0,1.0,2.0,1.0,6.0,7.0,1.0,1.0,810.0,2.0,5.0,4.0,3.0,7.0,7.0,4.0,8.0,6.698268054115413,True,0,0,0
3.0,1.0,2.0,2.0,2.0,4.0,1.0,1.0,1925.0,2.0,5.0,1.0,1.0,7.0,7.0,2.0,7.0,7.563200592358071,True,2,2,2
7.0,4.0,7.0,2.0,1.0,4.0,3.0,5.0,3420.0,2.0,3.0,2.0,3.0,10.0,10.0,4.0,9.0,8.137688184977605,True,3,3,3
4.0,2.0,3.0,1.0,3.0,2.0,2.0,1.0,0.0,4.0,4.0,3.0,3.0,5.0,5.0,4.0,5.0,0.0,False,0,0,0
6.0,1.0,7.0,1.0,1.0,3.0,1.0,7.0,0.0,4.0,3.0,5.0,2.0,3.0,2.0,1.0,1.0,0.0,False,0,0,0
3.0,1.0,2.0,2.0,1.0,2.0,1.0,1.0,182.5,3.0,4.0,2.0,2.0,9.0,6.0,3.0,8.0,5.212214667494625,True,2,2,2
5.0,1.0,2.0,2.0,1.0,5.0,1.0,1.0,1800.0,1.0,4.0,1.0,3.0,7.0,7.0,3.0,7.0,7.496097345175956,True,2,2,2
3.0,1.0,2.0,1.0,2.0,2.0,1.0,1.0,615.0,1.0,5.0,1.0,3.0,5.0,7.0,3.0,7.0,6.423246963533519,True,0,0,0
4.0,1.0,2.0,2.0,2.0,2.0,1.0,1.0,300.0,3.0,3.0,2.0,4.0,7.0,7.0,3.0,6.0,5.707110264748875,True,2,2,2
3.0,1.0,2.0,2.0,6.0,3.0,2.0,2.0,0.0,2.0,5.0,3.0,4.0,9.0,7.0,5.0,7.0,0.0,False,3,3,3
7.0,1.0,1.0,2.0,5.0,8.0,1.0,5.0,600.0,2.0,4.0,2.0,4.0,7.0,7.0,3.0,5.0,6.398594934535208,True,3,3,3
3.0,1.0,6.0,2.0,5.0,6.0,1.0,1.0,302.5,3.0,2.0,1.0,4.0,7.0,8.0,4.0,7.0,5.715381610499553,True,2,2,2
2.0,2.0,3.0,2.0,10.0,4.0,4.0,8.0,1920.0,2.0,5.0,2.0,3.0,4.0,6.0,3.0,5.0,7.560601162768557,True,3,3,3
5.0,1.0,1.0,1.0,6.0,4.0,1.0,1.0,5110.0,1.0,4.0,2.0,4.0,9.0,7.0,4.0,9.0,8.53915035876828,True,0,0,0
3.0,1.0,2.0,2.0,11.0,5.0,2.0,1.0,0.0,2.0,3.0,2.0,3.0,8.0,8.0,4.0,0.0,0.0,False,2,2,2
5.0,1.0,2.0,2.0,1.0,7.0,1.0,1.0,1860.0,2.0,4.0,2.0,4.0,10.0,8.0,5.0,10.0,7.528869256642251,True,2,2,2
3.0,1.0,1.0,1.0,2.0,4.0,1.0,1.0,1780.0,1.0,4.0,2.0,2.0,9.0,7.0,3.0,4.0,7.484930283289661,True,0,0,0
3.0,1.0,3.0,1.0,5.0,2.0,1.0,1.0,30.0,1.0,4.0,2.0,4.0,4.0,8.0,4.0,8.0,3.4339872044851463,False,0,0,0
5.0,1.0,1.0,1.0,1.0,3.0,1.0,1.0,3930.0,1.0,4.0,1.0,4.0,8.0,8.0,4.0,8.0,8.27664912542186,True,0,0,0
4.0,1.0,2.0,2.0,5.0,2.0,1.0,1.0,600.0,1.0,5.0,2.0,4.0,7.0,7.0,3.0,9.0,6.398594934535208,True,2,2,2
6.0,5.0,1.0,2.0,5.0,3.0,3.0,10.0,3467.5,1.0,5.0,1.0,3.0,5.0,4.0,4.0,10.0,8.151477502825356,True,3,3,3
6.0,3.0,4.0,2.0,5.0,3.0,2.0,3.0,195.0,2.0,5.0,1.0,3.0,8.0,9.0,2.0,7.0,5.278114659230517,True,3,3,3
3.0,1.0,1.0,1.0,2.0,3.0,1.0,1.0,610.0,3.0,2.0,1.0,3.0,7.0,7.0,4.0,9.0,6.415096959171596,True,0,0,0
3.0,1.0,1.0,2.0,5.0,9.0,1.0,1.0,1100.0,2.0,5.0,2.0,3.0,9.0,7.0,4.0,7.0,7.00397413672268,True,1,1,1
7.0,1.0,2.0,1.0,5.0,7.0,1.0,5.0,67.5,2.0,4.0,2.0,4.0,6.0,6.0,4.0,6.0,4.22683374526818,False,0,0,0
2.0,1.0,1.0,2.0,2.0,6.0,1.0,1.0,1520.0,2.0,3.0,2.0,4.0,6.0,7.0,1.0,8.0,7.327123292259293,True,1,1,1
3.0,1.0,2.0,2.0,2.0,8.0,1.0,1.0,1165.0,1.0,3.0,2.0,4.0,8.0,7.0,5.0,8.0,7.061334366910438,True,2,2,2
2.0,3.0,4.0,1.0,10.0,4.0,4.0,8.0,1080.0,2.0,4.0,1.0,4.0,5.0,6.0,2.0,0.0,6.985641817639208,True,0,0,0
6.0,1.0,2.0,1.0,5.0,4.0,1.0,1.0,795.0,2.0,4.0,2.0,2.0,7.0,8.0,2.0,8.0,6.679599185844383,True,0,0,0
7.0,1.0,1.0,2.0,1.0,5.0,1.0,2.0,0.0,2.0,2.0,2.0,4.0,9.0,9.0,3.0,9.0,0.0,False,3,3,3
6.0,1.0,1.0,2.0,6.0,8.0,1.0,1.0,405.0,1.0,4.0,2.0,4.0,7.0,7.0,4.0,8.0,6.0063531596017325,True,1,1,1
6.0,1.0,2.0,1.0,6.0,8.0,1.0,1.0,1260.0,1.0,3.0,2.0,4.0,8.0,8.0,4.0,7.0,7.13966033596492,True,0,0,0
4.0,1.0,1.0,2.0,5.0,2.0,1.0,1.0,470.0,3.0,3.0,3.0,3.0,7.0,8.0,4.0,8.0,6.154858094016418,True,1,1,1
7.0,1.0,2.0,2.0,1.0,2.0,1.0,5.0,80.0,1.0,4.0,2.0,4.0,8.0,7.0,3.0,8.0,4.394449154672439,False,3,3,3
6.0,1.0,1.0,2.0,7.0,7.0,1.0,1.0,3960.0,1.0,3.0,3.0,3.0,5.0,6.0,2.0,10.0,8.284251797621916,True,1,1,1
5.0,1.0,4.0,2.0,11.0,2.0,1.0,1.0,365.0,2.0,5.0,3.0,3.0,8.0,7.0,1.0,5.0,5.902633333401366,True,2,2,2
6.0,2.0,1.0,2.0,1.0,7.0,2.0,2.0,360.0,5.0,5.0,3.0,4.0,4.0,4.0,1.0,4.0,5.8888779583328805,True,3,3,3
3.0,1.0,1.0,2.0,2.0,4.0,1.0,1.0,975.0,1.0,4.0,2.0,2.0,7.0,8.0,4.0,6.0,6.883462586413092,True,1,1,1
7.0,1.0,1.0,2.0,2.0,3.0,2.0,1.0,3060.0,1.0,4.0,1.0,3.0,5.0,7.0,4.0,9.0,8.026496938945412,True,1,1,1
5.0,1.0,2.0,1.0,6.0,6.0,1.0,1.0,405.0,1.0,5.0,2.0,3.0,7.0,7.0,4.0,8.0,6.0063531596017325,True,0,0,0
6.0,2.0,1.0,1.0,1.0,8.0,1.0,1.0,446.25,4.0,4.0,2.0,3.0,8.0,6.0,3.0,3.0,6.103117722388829,True,0,0,0
6.0,1.0,2.0,1.0,5.0,9.0,1.0,1.0,975.0,1.0,5.0,2.0,3.0,9.0,7.0,5.0,7.0,6.883462586413092,True,0,0,0
4.0,1.0,3.0,2.0,1.0,8.0,1.0,1.0,150.0,1.0,3.0,1.0,4.0,7.0,6.0,3.0,7.0,5.017279836814924,True,2,2,2
3.0,1.0,1.0,2.0,5.0,4.0,1.0,1.0,600.0,1.0,2.0,1.0,3.0,8.0,8.0,3.0,8.0,6.398594934535208,True,1,1,1
7.0,1.0,1.0,1.0,1.0,8.0,1.0,5.0,2910.0,2.0,4.0,2.0,4.0,8.0,7.0,4.0,7.0,7.976251943745623,True,0,0,0
3.0,1.0,2.0,2.0,2.0,5.0,1.0,1.0,1665.0,1.0,5.0,2.0,3.0,10.0,8.0,4.0,9.0,7.418180822726788,True,2,2,2
7.0,1.0,1.0,2.0,7.0,9.0,1.0,5.0,127.5,3.0,4.0,3.0,4.0,7.0,7.0,4.0,9.0,4.855928904335275,False,3,3,3
5.0,1.0,4.0,2.0,10.0,7.0,1.0,1.0,435.0,1.0,5.0,2.0,4.0,4.0,6.0,4.0,8.0,6.077642243349034,True,2,2,2
4.0,1.0,2.0,2.0,6.0,4.0,1.0,10.0,2497.5,1.0,5.0,1.0,4.0,10.0,10.0,4.0,8.0,7.82344583078426,True,3,3,3
3.0,1.0,3.0,1.0,1.0,7.0,1.0,1.0,3240.0,1.0,2.0,1.0,5.0,7.0,8.0,2.0,6.0,8.083637203141548,True,0,0,0
5.0,3.0,1.0,2.0,1.0,3.0,2.0,7.0,465.0,3.0,4.0,2.0,4.0,5.0,5.0,3.0,6.0,6.144185634125646,True,3,3,3
4.0,1.0,1.0,1.0,5.0,5.0,3.0,1.0,0.0,1.0,5.0,2.0,4.0,8.0,7.0,5.0,7.0,0.0,False,0,0,0
5.0,1.0,1.0,1.0,5.0,9.0,1.0,1.0,0.0,2.0,2.0,2.0,4.0,8.0,8.0,4.0,8.0,0.0,False,0,0,0
5.0,1.0,1.0,2.0,5.0,9.0,1.0,1.0,0.0,2.0,2.0,2.0,4.0,8.0,8.0,4.0,8.0,0.0,False,1,1,1
5.0,1.0,5.0,2.0,5.0,9.0,1.0,1.0,0.0,2.0,2.0,2.0,4.0,8.0,8.0,2.0,8.0,0.0,False,2,2,2
7.0,2.0,1.0,1.0,5.0,4.0,1.0,5.0,840.0,2.0,3.0,2.0,3.0,7.0,8.0,4.0,5.0,6.734591659972948,True,0,0,0
2.0,1.0,1.0,2.0,11.0,2.0,2.0,3.0,585.0,2.0,5.0,3.0,3.0,8.0,7.0,2.0,8.0,6.373319789577012,True,3,3,3
5.0,1.0,4.0,2.0,3.0,4.0,1.0,1.0,60.0,2.0,4.0,1.0,3.0,7.0,7.0,4.0,9.0,4.110873864173311,False,2,2,2
5.0,1.0,2.0,2.0,1.0,7.0,1.0,1.0,1135.0,3.0,4.0,2.0,4.0,7.0,10.0,4.0,10.0,7.035268599281097,True,2,2,2
2.0,3.0,2.0,1.0,1.0,7.0,4.0,8.0,1522.5,2.0,4.0,2.0,5.0,6.0,7.0,3.0,10.0,7.328765598425764,True,0,0,0
6.0,1.0,1.0,1.0,7.0,8.0,1.0,5.0,3645.0,2.0,4.0,2.0,4.0,7.0,6.0,3.0,7.0,8.201385955238608,True,0,0,0
3.0,1.0,1.0,2.0,5.0,7.0,1.0,1.0,555.0,2.0,4.0,2.0,4.0,8.0,8.0,3.0,4.0,6.320768294250582,True,1,1,1
4.0,1.0,4.0,2.0,3.0,3.0,1.0,6.0,834.0,2.0,4.0,2.0,3.0,5.0,5.0,2.0,10.0,6.727431724850855,True,3,3,3
7.0,1.0,7.0,2.0,1.0,9.0,1.0,5.0,195.0,3.0,2.0,3.0,3.0,10.0,10.0,3.0,10.0,5.278114659230517,True,3,3,3
4.0,1.0,2.0,2.0,1.0,7.0,1.0,1.0,270.0,1.0,5.0,2.0,4.0,8.0,8.0,4.0,7.0,5.602118820879701,True,2,2,2
3.0,1.0,1.0,1.0,5.0,6.0,1.0,1.0,3270.0,2.0,4.0,2.0,3.0,8.0,7.0,3.0,8.0,8.092851027538384,True,0,0,0
5.0,1.0,1.0,2.0,7.0,4.0,1.0,2.0,240.0,5.0,3.0,5.0,3.0,6.0,3.0,3.0,4.0,5.484796933490655,True,3,3,3
6.0,2.0,2.0,1.0,1.0,3.0,4.0,1.0,300.0,1.0,4.0,2.0,3.0,9.0,9.0,3.0,9.0,5.707110264748875,True,0,0,0
2.0,1.0,2.0,2.0,10.0,7.0,3.0,3.0,843.75,1.0,3.0,1.0,4.0,6.0,6.0,2.0,5.0,6.739040725594399,True,3,3,3
6.0,3.0,2.0,2.0,7.0,7.0,2.0,1.0,0.0,1.0,5.0,3.0,3.0,5.0,2.0,5.0,10.0,0.0,False,2,2,2
6.0,1.0,1.0,2.0,5.0,10.0,1.0,1.0,150.0,1.0,4.0,2.0,5.0,9.0,9.0,5.0,8.0,5.017279836814924,True,1,1,1
3.0,1.0,1.0,1.0,5.0,9.0,1.0,1.0,0.0,3.0,2.0,2.0,4.0,7.0,7.0,3.0,7.0,0.0,False,0,0,0
2.0,1.0,1.0,1.0,5.0,9.0,1.0,1.0,1342.0,2.0,1.0,2.0,4.0,6.0,6.0,4.0,5.0,7.202661196523238,True,0,0,0
6.0,1.0,1.0,2.0,1.0,5.0,1.0,1.0,2340.0,1.0,5.0,1.0,3.0,8.0,9.0,5.0,10.0,7.75833346749091,True,1,1,1
5.0,2.0,1.0,1.0,6.0,7.0,2.0,1.0,180.0,2.0,5.0,2.0,2.0,8.0,8.0,4.0,8.0,5.198497031265826,True,0,0,0
5.0,1.0,1.0,2.0,1.0,4.0,1.0,2.0,283.75,1.0,5.0,1.0,4.0,9.0,7.0,4.0,10.0,5.651611602327291,True,3,3,3
6.0,1.0,1.0,1.0,1.0,10.0,1.0,5.0,120.0,2.0,2.0,2.0,3.0,5.0,6.0,2.0,3.0,4.795790545596741,False,0,0,0
2.0,3.0,1.0,2.0,11.0,6.0,2.0,1.0,630.0,3.0,5.0,2.0,2.0,7.0,8.0,4.0,10.0,6.447305862541213,True,1,1,1
3.0,1.0,1.0,1.0,9.0,8.0,2.0,1.0,2630.0,1.0,4.0,2.0,3.0,7.0,6.0,3.0,7.0,7.875119281040293,True,0,0,0
4.0,1.0,1.0,1.0,6.0,9.0,1.0,1.0,732.5,1.0,4.0,2.0,4.0,7.0,7.0,2.0,8.0,6.597827597583036,True,0,0,0
4.0,1.0,2.0,2.0,6.0,9.0,1.0,6.0,232.5,1.0,5.0,1.0,4.0,5.0,3.0,3.0,4.0,5.453182077108952,True,3,3,3
6.0,2.0,1.0,2.0,3.0,8.0,1.0,10.0,2025.0,2.0,3.0,2.0,3.0,9.0,7.0,4.0,6.0,7.613818684808629,True,3,3,3
3.0,1.0,3.0,1.0,5.0,3.0,1.0,1.0,937.5,2.0,4.0,3.0,4.0,8.0,7.0,3.0,7.0,6.844282856026563,True,0,0,0
4.0,1.0,4.0,1.0,5.0,4.0,2.0,1.0,0.0,1.0,5.0,1.0,4.0,6.0,6.0,3.0,4.0,0.0,False,0,0,0
3.0,5.0,3.0,2.0,11.0,5.0,1.0,2.0,0.0,2.0,5.0,3.0,3.0,8.0,8.0,5.0,7.0,0.0,False,3,3,3
4.0,1.0,3.0,1.0,10.0,5.0,1.0,1.0,2110.0,1.0,5.0,2.0,3.0,8.0,7.0,3.0,7.0,7.65491704784832,True,0,0,0
3.0,1.0,3.0,1.0,5.0,4.0,1.0,1.0,660.0,1.0,2.0,3.0,3.0,8.0,7.0,3.0,6.0,6.493753839851686,True,0,0,0
5.0,1.0,2.0,2.0,6.0,5.0,1.0,1.0,750.0,2.0,4.0,3.0,3.0,8.0,7.0,4.0,7.0,6.621405651764134,True,2,2,2
6.0,4.0,3.0,2.0,9.0,5.0,4.0,6.0,210.0,2.0,3.0,2.0,3.0,8.0,8.0,4.0,7.0,5.351858133476067,True,3,3,3
4.0,5.0,2.0,1.0,9.0,2.0,2.0,1.0,0.0,2.0,4.0,1.0,3.0,9.0,9.0,4.0,8.0,0.0,False,0,0,0
6.0,1.0,6.0,1.0,7.0,6.0,1.0,1.0,1095.0,1.0,3.0,1.0,3.0,9.0,9.0,4.0,9.0,6.999422467507961,True,0,0,0
3.0,1.0,1.0,1.0,2.0,2.0,3.0,4.0,0.0,2.0,4.0,2.0,1.0,0.0,0.0,1.0,0.0,0.0,False,0,0,0
6.0,6.0,1.0,2.0,1.0,8.0,3.0,4.0,0.0,3.0,3.0,3.0,3.0,1.0,1.0,1.0,1.0,0.0,False,3,3,3
4.0,1.0,2.0,2.0,6.0,9.0,1.0,1.0,30.0,2.0,4.0,2.0,3.0,9.0,8.0,5.0,8.0,3.4339872044851463,False,2,2,2
5.0,1.0,3.0,1.0,6.0,5.0,1.0,1.0,0.0,3.0,3.0,3.0,3.0,5.0,5.0,2.0,5.0,0.0,False,0,0,0
6.0,3.0,1.0,1.0,7.0,9.0,1.0,1.0,0.0,3.0,3.0,3.0,5.0,8.0,10.0,4.0,9.0,0.0,False,0,0,0
6.0,3.0,1.0,2.0,7.0,9.0,1.0,1.0,0.0,4.0,4.0,2.0,4.0,7.0,8.0,5.0,8.0,0.0,False,1,1,1
2.0,3.0,1.0,1.0,10.0,10.0,4.0,8.0,1245.0,1.0,2.0,2.0,4.0,8.0,7.0,2.0,8.0,7.1276936993473985,True,0,0,0
6.0,1.0,2.0,1.0,7.0,5.0,1.0,3.0,0.0,1.0,4.0,2.0,2.0,7.0,5.0,3.0,5.0,0.0,False,0,0,0
3.0,2.0,1.0,2.0,1.0,7.0,1.0,1.0,1022.5,2.0,5.0,3.0,3.0,6.0,7.0,3.0,8.0,6.930983405101344,True,1,1,1
4.0,1.0,1.0,2.0,5.0,6.0,1.0,1.0,328.0,2.0,4.0,2.0,4.0,7.0,7.0,4.0,6.0,5.796057750765372,True,1,1,1
5.0,1.0,2.0,1.0,3.0,2.0,1.0,1.0,555.0,3.0,4.0,2.0,3.0,7.0,8.0,3.0,8.0,6.320768294250582,True,0,0,0
4.0,1.0,2.0,2.0,3.0,7.0,1.0,1.0,210.0,3.0,3.0,2.0,3.0,8.0,8.0,3.0,8.0,5.351858133476067,True,2,2,2
3.0,1.0,1.0,1.0,5.0,8.0,1.0,1.0,1285.0,2.0,4.0,3.0,3.0,9.0,8.0,3.0,5.0,7.1592919047975645,True,0,0,0
5.0,1.0,2.0,1.0,6.0,10.0,2.0,2.0,1050.0,1.0,4.0,3.0,3.0,9.0,8.0,5.0,8.0,6.957497370876951,True,0,0,0
6.0,2.0,5.0,2.0,7.0,5.0,2.0,5.0,1890.0,2.0,2.0,2.0,3.0,8.0,8.0,4.0,8.0,7.544861068658458,True,3,3,3
4.0,1.0,2.0,2.0,1.0,6.0,1.0,1.0,1105.0,2.0,5.0,1.0,3.0,3.0,4.0,1.0,3.0,7.00850518208228,True,2,2,2
6.0,1.0,1.0,2.0,1.0,5.0,2.0,2.0,770.0,2.0,4.0,1.0,2.0,5.0,5.0,2.0,6.0,6.647688373563329,True,3,3,3
6.0,1.0,1.0,1.0,1.0,2.0,1.0,1.0,330.0,2.0,5.0,3.0,2.0,7.0,3.0,2.0,6.0,5.802118375377063,True,0,0,0
4.0,1.0,2.0,2.0,6.0,5.0,4.0,2.0,320.0,2.0,5.0,3.0,2.0,5.0,6.0,2.0,8.0,5.771441123130016,True,3,3,3
5.0,1.0,6.0,2.0,1.0,4.0,1.0,10.0,4605.0,3.0,4.0,3.0,3.0,6.0,6.0,5.0,7.0,8.43511508038063,True,3,3,3
4.0,1.0,1.0,1.0,6.0,5.0,1.0,1.0,4890.0,1.0,4.0,1.0,5.0,8.0,8.0,2.0,7.0,8.495152060539358,True,0,0,0
3.0,1.0,4.0,2.0,6.0,5.0,2.0,1.0,0.0,2.0,5.0,3.0,3.0,4.0,3.0,3.0,10.0,0.0,False,2,2,2
3.0,1.0,2.0,2.0,5.0,3.0,1.0,1.0,410.0,2.0,5.0,3.0,4.0,7.0,8.0,3.0,9.0,6.018593214496234,True,2,2,2
5.0,2.0,6.0,2.0,2.0,5.0,2.0,1.0,1080.0,3.0,5.0,3.0,2.0,10.0,5.0,4.0,7.0,6.985641817639208,True,2,2,2
4.0,5.0,1.0,2.0,2.0,5.0,1.0,1.0,0.0,3.0,4.0,2.0,3.0,9.0,8.0,5.0,9.0,0.0,False,1,1,1
3.0,1.0,3.0,1.0,10.0,7.0,1.0,1.0,802.5,1.0,5.0,2.0,3.0,7.0,7.0,4.0,6.0,6.688977185177567,True,0,0,0
3.0,1.0,2.0,1.0,10.0,5.0,3.0,1.0,0.0,3.0,4.0,2.0,3.0,10.0,10.0,5.0,5.0,0.0,False,0,0,0
3.0,3.0,3.0,2.0,5.0,3.0,1.0,1.0,0.0,2.0,4.0,2.0,3.0,7.0,7.0,4.0,10.0,0.0,False,2,2,2
4.0,1.0,1.0,2.0,6.0,5.0,1.0,2.0,50.0,2.0,4.0,2.0,4.0,9.0,9.0,3.0,7.0,3.9318256327243257,False,3,3,3
6.0,1.0,1.0,1.0,5.0,4.0,1.0,10.0,1500.0,1.0,3.0,2.0,3.0,6.0,6.0,4.0,7.0,7.313886831633462,True,0,0,0
4.0,3.0,1.0,2.0,1.0,1.0,1.0,1.0,840.0,2.0,2.0,2.0,2.0,9.0,9.0,4.0,9.0,6.734591659972948,True,1,1,1
4.0,1.0,1.0,1.0,6.0,8.0,1.0,1.0,740.0,3.0,5.0,3.0,4.0,7.0,8.0,4.0,8.0,6.608000625296087,True,0,0,0
3.0,1.0,1.0,1.0,2.0,2.0,2.0,2.0,0.0,2.0,4.0,2.0,3.0,5.0,6.0,1.0,5.0,0.0,False,0,0,0
5.0,1.0,1.0,1.0,7.0,9.0,1.0,1.0,860.0,1.0,3.0,2.0,3.0,8.0,8.0,4.0,7.0,6.7580945044277305,True,0,0,0
6.0,1.0,1.0,2.0,4.0,4.0,2.0,1.0,465.0,3.0,4.0,3.0,3.0,7.0,7.0,2.0,8.0,6.144185634125646,True,1,1,1
2.0,2.0,7.0,1.0,5.0,4.0,3.0,1.0,6435.0,1.0,5.0,2.0,3.0,10.0,8.0,3.0,8.0,8.769662508112274,True,0,0,0
4.0,3.0,1.0,2.0,3.0,3.0,1.0,2.0,390.0,3.0,3.0,2.0,3.0,8.0,6.0,4.0,9.0,5.968707559985366,True,3,3,3
5.0,1.0,4.0,2.0,6.0,1.0,4.0,6.0,759.0,1.0,4.0,2.0,2.0,1.0,5.0,3.0,7.0,6.633318433280377,True,3,3,3
3.0,2.0,1.0,1.0,5.0,8.0,1.0,1.0,300.0,1.0,1.0,1.0,5.0,10.0,10.0,5.0,10.0,5.707110264748875,True,0,0,0
5.0,3.0,7.0,1.0,5.0,5.0,2.0,1.0,0.0,3.0,3.0,4.0,3.0,5.0,5.0,3.0,5.0,0.0,False,0,0,0
7.0,1.0,1.0,1.0,5.0,9.0,1.0,5.0,780.0,2.0,3.0,2.0,3.0,7.0,7.0,4.0,7.0,6.660575149839686,True,0,0,0
6.0,2.0,1.0,2.0,1.0,8.0,1.0,2.0,375.0,2.0,3.0,3.0,4.0,7.0,6.0,3.0,8.0,5.929589143389895,True,3,3,3
7.0,3.0,1.0,2.0,5.0,4.0,1.0,5.0,1035.0,2.0,4.0,2.0,2.0,5.0,7.0,2.0,6.0,6.943122422819428,True,3,3,3
5.0,1.0,2.0,2.0,6.0,5.0,2.0,1.0,1425.0,1.0,4.0,2.0,3.0,8.0,6.0,2.0,8.0,7.262628600974241,True,2,2,2
6.0,1.0,1.0,2.0,1.0,4.0,1.0,1.0,510.0,2.0,4.0,2.0,3.0,9.0,8.0,5.0,9.0,6.236369590203704,True,1,1,1
2.0,3.0,6.0,1.0,10.0,4.0,1.0,5.0,120.0,1.0,3.0,2.0,4.0,5.0,5.0,4.0,5.0,4.795790545596741,False,0,0,0
5.0,1.0,1.0,1.0,6.0,6.0,1.0,1.0,960.0,2.0,5.0,1.0,5.0,8.0,7.0,4.0,9.0,6.8679744089702925,True,0,0,0
5.0,1.0,7.0,1.0,5.0,4.0,2.0,10.0,1350.0,1.0,1.0,2.0,2.0,8.0,8.0,2.0,7.0,7.208600337960199,True,0,0,0
4.0,1.0,1.0,2.0,1.0,2.0,1.0,7.0,1260.0,3.0,5.0,3.0,2.0,5.0,5.0,1.0,4.0,7.13966033596492,True,3,3,3
4.0,1.0,2.0,2.0,6.0,5.0,1.0,2.0,0.0,2.0,4.0,2.0,3.0,8.0,8.0,3.0,8.0,0.0,False,3,3,3
3.0,1.0,1.0,1.0,5.0,7.0,1.0,1.0,878.0,2.0,3.0,1.0,5.0,8.0,9.0,5.0,7.0,6.778784897685177,True,0,0,0
7.0,3.0,1.0,2.0,7.0,8.0,3.0,5.0,840.0,2.0,4.0,3.0,3.0,6.0,6.0,4.0,4.0,6.734591659972948,True,3,3,3
6.0,1.0,1.0,2.0,4.0,6.0,1.0,2.0,20.0,2.0,5.0,2.0,3.0,7.0,7.0,4.0,8.0,3.044522437723423,False,3,3,3
3.0,1.0,7.0,2.0,1.0,6.0,1.0,1.0,1080.0,4.0,3.0,2.0,3.0,7.0,6.0,3.0,7.0,6.985641817639208,True,2,2,2
4.0,1.0,3.0,1.0,6.0,4.0,1.0,1.0,750.0,1.0,3.0,2.0,3.0,7.0,7.0,3.0,10.0,6.621405651764134,True,0,0,0
4.0,1.0,3.0,1.0,6.0,6.0,1.0,1.0,600.0,2.0,4.0,2.0,3.0,7.0,6.0,5.0,6.0,6.398594934535208,True,0,0,0
4.0,1.0,2.0,2.0,6.0,6.0,1.0,1.0,30.0,4.0,4.0,4.0,4.0,3.0,7.0,2.0,3.0,3.4339872044851463,False,2,2,2
6.0,1.0,1.0,2.0,6.0,4.0,1.0,2.0,815.0,2.0,4.0,1.0,5.0,10.0,9.0,2.0,8.0,6.704414354964107,True,3,3,3
5.0,1.0,3.0,2.0,6.0,6.0,1.0,1.0,330.0,2.0,4.0,3.0,3.0,5.0,5.0,1.0,5.0,5.802118375377063,True,2,2,2
6.0,2.0,4.0,2.0,5.0,5.0,1.0,1.0,990.0,2.0,4.0,2.0,3.0,7.0,9.0,3.0,8.0,6.898714534329988,True,2,2,2
6.0,2.0,2.0,1.0,7.0,4.0,2.0,1.0,120.0,1.0,5.0,1.0,3.0,5.0,8.0,5.0,8.0,4.795790545596741,False,0,0,0
5.0,1.0,3.0,1.0,6.0,4.0,1.0,1.0,0.0,4.0,3.0,3.0,3.0,5.0,5.0,2.0,5.0,0.0,False,0,0,0
7.0,1.0,1.0,1.0,5.0,8.0,1.0,5.0,1367.5,1.0,3.0,2.0,4.0,5.0,5.0,2.0,5.0,7.221470528480734,True,0,0,0
3.0,1.0,3.0,1.0,11.0,3.0,1.0,2.0,2877.0,1.0,1.0,1.0,5.0,10.0,10.0,3.0,4.0,7.964850887447313,True,0,0,0
4.0,1.0,2.0,1.0,5.0,2.0,1.0,1.0,240.0,2.0,5.0,3.0,2.0,9.0,9.0,5.0,10.0,5.484796933490655,True,0,0,0
4.0,2.0,6.0,2.0,3.0,2.0,3.0,4.0,0.0,4.0,4.0,4.0,2.0,0.0,5.0,3.0,9.0,0.0,False,3,3,3
4.0,1.0,1.0,1.0,6.0,1.0,1.0,1.0,501.25,1.0,5.0,2.0,3.0,7.0,8.0,5.0,7.0,6.219098003695044,True,0,0,0
6.0,4.0,4.0,2.0,1.0,3.0,2.0,5.0,0.0,2.0,4.0,2.0,2.0,7.0,7.0,3.0,10.0,0.0,False,3,3,3
7.0,1.0,1.0,2.0,5.0,4.0,1.0,2.0,2320.0,1.0,4.0,2.0,4.0,6.0,7.0,3.0,9.0,7.749753406274437,True,3,3,3
4.0,1.0,1.0,2.0,6.0,3.0,1.0,2.0,397.5,2.0,5.0,1.0,3.0,10.0,8.0,4.0,9.0,5.98770749823027,True,3,3,3
5.0,1.0,2.0,2.0,6.0,3.0,1.0,1.0,840.0,2.0,1.0,2.0,3.0,10.0,8.0,3.0,10.0,6.734591659972948,True,2,2,2
5.0,1.0,1.0,1.0,6.0,3.0,1.0,1.0,425.0,1.0,5.0,1.0,4.0,10.0,9.0,3.0,10.0,6.054439346269371,True,0,0,0
5.0,1.0,7.0,2.0,1.0,1.0,1.0,1.0,240.0,1.0,5.0,2.0,2.0,7.0,7.0,4.0,8.0,5.484796933490655,True,2,2,2
3.0,1.0,2.0,2.0,2.0,2.0,1.0,1.0,0.0,2.0,4.0,2.0,4.0,6.0,7.0,3.0,5.0,0.0,False,2,2,2
7.0,1.0,1.0,1.0,5.0,3.0,1.0,5.0,0.0,3.0,3.0,4.0,3.0,7.0,8.0,3.0,8.0,0.0,False,0,0,0
3.0,1.0,2.0,2.0,5.0,3.0,1.0,1.0,504.25,1.0,4.0,1.0,3.0,8.0,9.0,4.0,8.0,6.2250533562837305,True,2,2,2
6.0,1.0,1.0,1.0,2.0,5.0,1.0,5.0,690.0,1.0,4.0,2.0,4.0,8.0,9.0,3.0,9.0,6.53813982376767,True,0,0,0
4.0,1.0,2.0,2.0,1.0,6.0,1.0,1.0,1015.0,4.0,4.0,2.0,3.0,6.0,6.0,2.0,8.0,6.923628628138427,True,2,2,2
3.0,1.0,1.0,1.0,1.0,6.0,1.0,1.0,0.0,2.0,2.0,2.0,4.0,7.0,7.0,3.0,7.0,0.0,False,0,0,0
3.0,1.0,1.0,1.0,2.0,4.0,1.0,1.0,6352.5,1.0,5.0,3.0,3.0,4.0,6.0,4.0,8.0,8.756761121144589,True,0,0,0
5.0,1.0,2.0,2.0,5.0,3.0,1.0,1.0,1015.5,2.0,3.0,2.0,4.0,10.0,8.0,3.0,8.0,6.9241206330684015,True,2,2,2
4.0,4.0,3.0,2.0,7.0,3.0,1.0,2.0,210.0,4.0,5.0,2.0,4.0,3.0,4.0,4.0,2.0,5.351858133476067,True,3,3,3
4.0,1.0,1.0,2.0,1.0,5.0,4.0,8.0,0.0,2.0,4.0,2.0,2.0,5.0,6.0,3.0,5.0,0.0,False,3,3,3
6.0,1.0,1.0,1.0,5.0,6.0,1.0,10.0,360.0,3.0,5.0,2.0,4.0,8.0,8.0,3.0,8.0,5.8888779583328805,True,0,0,0
6.0,1.0,2.0,2.0,4.0,6.0,1.0,1.0,2392.5,3.0,5.0,3.0,3.0,0.0,0.0,2.0,0.0,7.780512008832564,True,2,2,2
5.0,1.0,2.0,2.0,6.0,9.0,1.0,6.0,6280.0,1.0,5.0,3.0,3.0,7.0,8.0,4.0,7.0,8.74528448245438,True,3,3,3
5.0,1.0,1.0,2.0,6.0,5.0,1.0,2.0,675.0,2.0,4.0,2.0,3.0,7.0,7.0,5.0,8.0,6.516193076042964,True,3,3,3
3.0,1.0,6.0,2.0,1.0,2.0,1.0,1.0,3127.5,1.0,5.0,1.0,1.0,3.0,7.0,3.0,10.0,8.048308935438419,True,2,2,2
3.0,1.0,2.0,2.0,2.0,2.0,4.0,8.0,2310.0,1.0,4.0,3.0,1.0,6.0,6.0,1.0,8.0,7.745435610274381,True,3,3,3
6.0,1.0,7.0,2.0,4.0,5.0,3.0,4.0,0.0,3.0,5.0,3.0,3.0,2.0,6.0,2.0,5.0,0.0,False,3,3,3
4.0,3.0,2.0,2.0,6.0,2.0,3.0,3.0,300.0,3.0,5.0,3.0,4.0,9.0,9.0,5.0,8.0,5.707110264748875,True,3,3,3
3.0,1.0,1.0,1.0,2.0,8.0,1.0,1.0,765.0,3.0,4.0,2.0,4.0,8.0,7.0,3.0,7.0,6.641182169740591,True,0,0,0
3.0,1.0,1.0,1.0,2.0,4.0,1.0,1.0,1820.0,2.0,4.0,2.0,4.0,8.0,7.0,2.0,8.0,7.507141079727608,True,0,0,0
3.0,1.0,2.0,1.0,2.0,7.0,1.0,1.0,6877.5,1.0,2.0,2.0,3.0,7.0,6.0,3.0,7.0,8.83615588390105,True,0,0,0
3.0,1.0,2.0,2.0,2.0,7.0,1.0,2.0,1552.5,2.0,4.0,2.0,4.0,6.0,5.0,3.0,4.0,7.348265728833102,True,3,3,3
3.0,1.0,1.0,2.0,1.0,6.0,1.0,1.0,1815.0,2.0,5.0,2.0,4.0,4.0,6.0,3.0,7.0,7.504391559161238,True,1,1,1
5.0,1.0,1.0,2.0,1.0,3.0,1.0,1.0,785.0,1.0,3.0,2.0,3.0,8.0,8.0,3.0,7.0,6.666956792429207,True,1,1,1
7.0,1.0,2.0,2.0,12.0,5.0,1.0,1.0,95.0,2.0,5.0,2.0,4.0,8.0,9.0,5.0,9.0,4.564348191467836,False,2,2,2
6.0,1.0,1.0,1.0,5.0,9.0,1.0,1.0,2130.0,1.0,4.0,1.0,4.0,8.0,8.0,2.0,8.0,7.664346632098617,True,0,0,0
3.0,1.0,1.0,1.0,6.0,5.0,1.0,1.0,360.0,3.0,4.0,2.0,3.0,6.0,7.0,4.0,8.0,5.8888779583328805,True,0,0,0
4.0,1.0,1.0,2.0,3.0,2.0,1.0,1.0,1040.0,2.0,3.0,4.0,3.0,8.0,8.0,1.0,8.0,6.947937068614969,True,1,1,1
6.0,1.0,1.0,2.0,4.0,3.0,2.0,1.0,1800.0,1.0,5.0,2.0,4.0,3.0,3.0,2.0,8.0,7.496097345175956,True,1,1,1
2.0,3.0,1.0,2.0,10.0,3.0,4.0,8.0,1587.5,2.0,2.0,2.0,3.0,5.0,5.0,2.0,5.0,7.370545453709571,True,3,3,3
3.0,2.0,2.0,2.0,3.0,6.0,2.0,3.0,200.0,1.0,4.0,1.0,3.0,8.0,7.0,3.0,10.0,5.303304908059076,True,3,3,3
7.0,1.0,1.0,2.0,5.0,5.0,1.0,2.0,1240.0,3.0,4.0,3.0,4.0,7.0,8.0,5.0,8.0,7.123672785204607,True,3,3,3
4.0,1.0,4.0,2.0,1.0,6.0,1.0,1.0,60.0,5.0,5.0,3.0,3.0,2.0,5.0,1.0,7.0,4.110873864173311,False,2,2,2
3.0,3.0,2.0,1.0,5.0,5.0,2.0,10.0,1200.0,3.0,4.0,2.0,3.0,4.0,5.0,3.0,5.0,7.0909098220799835,True,0,0,0
5.0,1.0,3.0,1.0,10.0,6.0,1.0,1.0,750.0,2.0,5.0,1.0,4.0,8.0,6.0,2.0,7.0,6.621405651764134,True,0,0,0
5.0,6.0,3.0,2.0,1.0,3.0,2.0,7.0,0.0,4.0,4.0,5.0,3.0,0.0,0.0,1.0,10.0,0.0,False,3,3,3
6.0,2.0,5.0,2.0,5.0,6.0,1.0,5.0,0.0,2.0,2.0,1.0,4.0,10.0,8.0,3.0,9.0,0.0,False,3,3,3
6.0,5.0,3.0,2.0,7.0,8.0,1.0,7.0,0.0,1.0,3.0,3.0,3.0,10.0,9.0,4.0,10.0,0.0,False,3,3,3
6.0,1.0,3.0,2.0,6.0,6.0,2.0,1.0,960.0,2.0,4.0,2.0,3.0,7.0,7.0,3.0,6.0,6.8679744089702925,True,2,2,2
7.0,2.0,3.0,1.0,6.0,6.0,1.0,5.0,3780.0,2.0,2.0,2.0,4.0,7.0,6.0,3.0,6.0,8.237743803890933,True,0,0,0
6.0,2.0,1.0,1.0,7.0,6.0,2.0,5.0,60.0,1.0,4.0,3.0,3.0,8.0,7.0,3.0,7.0,4.110873864173311,False,0,0,0
4.0,1.0,3.0,2.0,6.0,5.0,1.0,2.0,450.0,2.0,3.0,4.0,2.0,4.0,5.0,2.0,5.0,6.111467339502679,True,3,3,3
6.0,1.0,3.0,1.0,7.0,8.0,3.0,2.0,585.0,2.0,4.0,2.0,4.0,9.0,8.0,4.0,9.0,6.373319789577012,True,0,0,0
4.0,1.0,3.0,2.0,6.0,7.0,1.0,2.0,1132.5,1.0,3.0,3.0,4.0,6.0,8.0,4.0,5.0,7.033065469947584,True,3,3,3
7.0,1.0,1.0,2.0,5.0,10.0,1.0,5.0,1115.25,1.0,5.0,2.0,3.0,8.0,8.0,3.0,8.0,7.017730132190708,True,3,3,3
3.0,1.0,3.0,1.0,6.0,8.0,1.0,1.0,120.0,4.0,4.0,3.0,3.0,9.0,9.0,5.0,4.0,4.795790545596741,False,0,0,0
6.0,1.0,3.0,2.0,10.0,6.0,1.0,6.0,2685.0,2.0,3.0,3.0,3.0,9.0,8.0,5.0,9.0,7.895808377083183,True,3,3,3
7.0,1.0,1.0,1.0,5.0,9.0,1.0,2.0,720.0,2.0,4.0,3.0,4.0,5.0,4.0,4.0,5.0,6.580639137284949,True,0,0,0
7.0,2.0,1.0,2.0,5.0,9.0,2.0,2.0,1035.0,2.0,4.0,2.0,4.0,5.0,5.0,3.0,5.0,6.943122422819428,True,3,3,3
7.0,3.0,1.0,2.0,1.0,5.0,1.0,5.0,525.0,2.0,5.0,2.0,3.0,7.0,7.0,3.0,7.0,6.26530121273771,True,3,3,3
6.0,3.0,1.0,1.0,11.0,5.0,3.0,1.0,175.0,3.0,3.0,3.0,3.0,8.0,5.0,4.0,8.0,5.170483995038151,True,0,0,0
7.0,3.0,1.0,1.0,1.0,7.0,3.0,5.0,0.0,2.0,4.0,3.0,4.0,4.0,5.0,2.0,6.0,0.0,False,0,0,0
4.0,1.0,1.0,2.0,6.0,5.0,1.0,2.0,25.0,2.0,4.0,2.0,4.0,9.0,8.0,5.0,9.0,3.258096538021482,False,3,3,3
3.0,2.0,3.0,1.0,6.0,6.0,1.0,1.0,180.0,2.0,4.0,3.0,3.0,8.0,7.0,4.0,8.0,5.198497031265826,True,0,0,0
6.0,2.0,1.0,2.0,1.0,5.0,1.0,1.0,3300.0,3.0,3.0,3.0,3.0,6.0,8.0,3.0,8.0,8.101980731853192,True,1,1,1
4.0,1.0,1.0,1.0,6.0,10.0,1.0,1.0,1020.0,1.0,4.0,2.0,4.0,6.0,7.0,2.0,6.0,6.928537818164665,True,0,0,0
3.0,1.0,3.0,2.0,5.0,9.0,1.0,2.0,0.0,1.0,4.0,1.0,4.0,6.0,6.0,5.0,10.0,0.0,False,3,3,3
2.0,2.0,2.0,2.0,10.0,8.0,4.0,8.0,350.0,2.0,4.0,3.0,3.0,7.0,7.0,5.0,6.0,5.860786223465865,True,3,3,3
6.0,2.0,1.0,2.0,1.0,7.0,2.0,1.0,295.0,2.0,3.0,2.0,3.0,2.0,2.0,2.0,3.0,5.69035945432406,True,1,1,1
4.0,1.0,7.0,1.0,6.0,10.0,2.0,1.0,921.25,2.0,3.0,1.0,4.0,8.0,9.0,5.0,10.0,6.826816336476785,True,0,0,0
4.0,1.0,7.0,2.0,6.0,10.0,2.0,2.0,87.5,1.0,4.0,1.0,5.0,8.0,8.0,4.0,10.0,4.483002552013883,False,3,3,3
4.0,1.0,1.0,1.0,3.0,10.0,1.0,1.0,390.0,1.0,4.0,3.0,4.0,8.0,7.0,3.0,6.0,5.968707559985366,True,0,0,0
6.0,4.0,1.0,1.0,6.0,3.0,2.0,6.0,960.0,3.0,3.0,3.0,3.0,6.0,5.0,2.0,5.0,6.8679744089702925,True,0,0,0
6.0,2.0,1.0,2.0,1.0,3.0,1.0,5.0,1560.0,2.0,4.0,2.0,1.0,2.0,4.0,2.0,3.0,7.353081920515432,True,3,3,3
6.0,1.0,1.0,2.0,7.0,9.0,1.0,2.0,52.5,2.0,4.0,2.0,2.0,4.0,4.0,4.0,8.0,3.979681653901961,False,3,3,3
4.0,3.0,2.0,1.0,1.0,3.0,2.0,1.0,0.0,3.0,5.0,3.0,4.0,8.0,7.0,3.0,9.0,0.0,False,0,0,0
3.0,1.0,3.0,1.0,1.0,5.0,1.0,1.0,3510.0,2.0,4.0,1.0,5.0,7.0,8.0,3.0,8.0,8.163656176168432,True,0,0,0
5.0,5.0,2.0,2.0,6.0,6.0,1.0,2.0,390.0,1.0,2.0,1.0,4.0,9.0,8.0,5.0,9.0,5.968707559985366,True,3,3,3
6.0,2.0,1.0,2.0,7.0,4.0,1.0,1.0,190.0,3.0,3.0,3.0,3.0,9.0,8.0,5.0,9.0,5.25227342804663,True,1,1,1
3.0,1.0,1.0,1.0,6.0,6.0,1.0,1.0,375.0,1.0,4.0,2.0,4.0,8.0,8.0,3.0,8.0,5.929589143389895,True,0,0,0
3.0,1.0,2.0,2.0,6.0,6.0,1.0,2.0,1365.0,1.0,5.0,2.0,4.0,7.0,9.0,2.0,10.0,7.2196420401307355,True,3,3,3
4.0,6.0,1.0,2.0,3.0,4.0,2.0,2.0,2190.0,2.0,4.0,2.0,4.0,8.0,8.0,2.0,10.0,7.692113339595466,True,3,3,3
5.0,3.0,1.0,1.0,5.0,5.0,1.0,1.0,400.0,1.0,4.0,2.0,4.0,8.0,8.0,4.0,8.0,5.993961427306569,True,0,0,0
4.0,1.0,1.0,1.0,5.0,4.0,1.0,1.0,2100.0,3.0,2.0,2.0,2.0,8.0,7.0,5.0,8.0,7.650168700845001,True,0,0,0
3.0,1.0,2.0,2.0,5.0,4.0,1.0,1.0,1220.0,2.0,5.0,2.0,2.0,8.0,8.0,3.0,9.0,7.107425474110705,True,2,2,2
5.0,1.0,1.0,1.0,5.0,6.0,1.0,1.0,320.0,2.0,4.0,3.0,3.0,8.0,7.0,3.0,7.0,5.771441123130016,True,0,0,0
5.0,1.0,2.0,2.0,6.0,6.0,1.0,1.0,525.0,2.0,4.0,1.0,4.0,7.0,5.0,3.0,6.0,6.26530121273771,True,2,2,2
3.0,1.0,1.0,1.0,5.0,3.0,1.0,1.0,445.0,1.0,3.0,1.0,4.0,10.0,9.0,4.0,10.0,6.100318952020064,True,0,0,0
4.0,1.0,1.0,2.0,1.0,2.0,1.0,1.0,1440.0,1.0,4.0,1.0,3.0,7.0,8.0,4.0,8.0,7.273092595999522,True,1,1,1
3.0,1.0,3.0,2.0,2.0,3.0,1.0,1.0,1770.0,2.0,2.0,3.0,3.0,6.0,4.0,2.0,5.0,7.479299637782834,True,2,2,2
4.0,1.0,5.0,1.0,1.0,3.0,3.0,2.0,495.0,1.0,3.0,1.0,4.0,8.0,9.0,4.0,8.0,6.206575926724928,True,0,0,0
3.0,1.0,2.0,2.0,5.0,8.0,1.0,2.0,570.0,2.0,3.0,2.0,2.0,7.0,6.0,2.0,8.0,6.3473892096560105,True,3,3,3
3.0,1.0,5.0,2.0,5.0,4.0,4.0,8.0,0.0,4.0,3.0,2.0,4.0,2.0,4.0,3.0,2.0,0.0,False,3,3,3
4.0,1.0,2.0,2.0,1.0,8.0,1.0,1.0,120.0,2.0,5.0,3.0,3.0,5.0,5.0,2.0,5.0,4.795790545596741,False,2,2,2
5.0,1.0,1.0,1.0,1.0,3.0,1.0,7.0,0.0,2.0,4.0,2.0,4.0,4.0,3.0,2.0,9.0,0.0,False,0,0,0
3.0,1.0,1.0,1.0,5.0,6.0,1.0,1.0,430.0,1.0,4.0,1.0,3.0,7.0,7.0,3.0,9.0,6.066108090103747,True,0,0,0
7.0,1.0,2.0,2.0,1.0,4.0,1.0,2.0,285.0,1.0,4.0,2.0,4.0,7.0,7.0,4.0,6.0,5.655991810819852,True,3,3,3
6.0,1.0,2.0,2.0,1.0,8.0,1.0,1.0,2002.5,2.0,4.0,3.0,4.0,7.0,7.0,3.0,5.0,7.602650930076199,True,2,2,2
4.0,1.0,5.0,2.0,6.0,8.0,1.0,1.0,0.0,2.0,5.0,3.0,3.0,7.0,7.0,4.0,8.0,0.0,False,2,2,2
7.0,1.0,2.0,2.0,1.0,1.0,1.0,10.0,420.0,1.0,4.0,2.0,5.0,7.0,7.0,4.0,8.0,6.042632833682381,True,3,3,3
5.0,1.0,7.0,2.0,1.0,3.0,1.0,1.0,985.0,2.0,4.0,2.0,3.0,9.0,9.0,3.0,8.0,6.893656354602635,True,2,2,2
2.0,3.0,6.0,1.0,10.0,2.0,4.0,8.0,440.0,2.0,5.0,2.0,2.0,7.0,7.0,5.0,8.0,6.089044875446846,True,0,0,0
5.0,1.0,3.0,2.0,12.0,10.0,1.0,1.0,0.0,1.0,4.0,3.0,3.0,10.0,8.0,4.0,8.0,0.0,False,2,2,2
2.0,2.0,1.0,1.0,10.0,10.0,4.0,8.0,1680.0,2.0,3.0,3.0,3.0,10.0,8.0,3.0,8.0,7.427144133408616,True,0,0,0
2.0,2.0,3.0,2.0,10.0,8.0,4.0,8.0,0.0,2.0,3.0,2.0,4.0,5.0,5.0,2.0,4.0,0.0,False,3,3,3
5.0,5.0,1.0,1.0,6.0,6.0,2.0,1.0,0.0,1.0,5.0,1.0,4.0,6.0,6.0,5.0,6.0,0.0,False,0,0,0
7.0,3.0,1.0,1.0,5.0,8.0,1.0,5.0,600.0,2.0,2.0,1.0,4.0,10.0,9.0,5.0,9.0,6.398594934535208,True,0,0,0
7.0,1.0,1.0,1.0,5.0,6.0,2.0,5.0,450.0,3.0,3.0,2.0,4.0,7.0,7.0,4.0,7.0,6.111467339502679,True,0,0,0
7.0,2.0,1.0,2.0,5.0,6.0,1.0,5.0,240.0,3.0,3.0,2.0,4.0,7.0,7.0,3.0,7.0,5.484796933490655,True,3,3,3
4.0,1.0,2.0,1.0,10.0,5.0,1.0,3.0,480.0,2.0,5.0,2.0,4.0,5.0,7.0,3.0,5.0,6.175867270105761,True,0,0,0
4.0,3.0,1.0,1.0,5.0,6.0,2.0,1.0,0.0,1.0,4.0,2.0,1.0,9.0,9.0,3.0,9.0,0.0,False,0,0,0
3.0,1.0,1.0,2.0,5.0,6.0,1.0,10.0,4652.5,2.0,5.0,3.0,4.0,6.0,7.0,3.0,7.0,8.445374903625765,True,3,3,3
3.0,1.0,2.0,2.0,2.0,8.0,1.0,1.0,500.0,2.0,5.0,2.0,3.0,7.0,7.0,4.0,7.0,6.2166061010848646,True,2,2,2
2.0,1.0,7.0,2.0,10.0,3.0,2.0,10.0,0.0,3.0,4.0,3.0,3.0,3.0,3.0,2.0,5.0,0.0,False,3,3,3
5.0,1.0,1.0,2.0,1.0,4.0,1.0,1.0,450.0,1.0,3.0,2.0,3.0,7.0,7.0,3.0,7.0,6.111467339502679,True,1,1,1
7.0,1.0,1.0,2.0,1.0,3.0,1.0,2.0,442.5,2.0,4.0,2.0,3.0,8.0,7.0,2.0,7.0,6.094697801749634,True,3,3,3
7.0,1.0,2.0,1.0,1.0,2.0,1.0,5.0,240.0,2.0,4.0,2.0,2.0,8.0,8.0,2.0,8.0,5.484796933490655,True,0,0,0
7.0,1.0,2.0,1.0,1.0,2.0,1.0,5.0,150.0,4.0,4.0,2.0,2.0,8.0,8.0,2.0,8.0,5.017279836814924,True,0,0,0
3.0,1.0,1.0,1.0,1.0,6.0,1.0,1.0,870.0,1.0,5.0,3.0,4.0,5.0,7.0,3.0,7.0,6.769641976852503,True,0,0,0
6.0,1.0,1.0,1.0,5.0,4.0,1.0,1.0,1410.0,1.0,5.0,2.0,3.0,8.0,8.0,4.0,8.0,7.252053951852814,True,0,0,0
4.0,1.0,2.0,2.0,5.0,3.0,1.0,1.0,880.0,1.0,5.0,2.0,3.0,6.0,7.0,3.0,8.0,6.78105762593618,True,2,2,2
4.0,3.0,4.0,2.0,3.0,2.0,4.0,6.0,0.0,3.0,5.0,3.0,3.0,2.0,0.0,1.0,0.0,0.0,False,3,3,3
3.0,1.0,1.0,2.0,2.0,9.0,3.0,1.0,495.0,3.0,4.0,2.0,4.0,6.0,6.0,2.0,8.0,6.206575926724928,True,1,1,1
3.0,1.0,1.0,1.0,2.0,7.0,1.0,1.0,1800.0,2.0,1.0,4.0,4.0,5.0,3.0,1.0,2.0,7.496097345175956,True,0,0,0
5.0,1.0,4.0,2.0,1.0,6.0,1.0,1.0,0.0,1.0,4.0,1.0,5.0,8.0,9.0,3.0,10.0,0.0,False,2,2,2
5.0,6.0,1.0,2.0,2.0,2.0,3.0,4.0,1260.0,4.0,5.0,2.0,3.0,3.0,3.0,3.0,6.0,7.13966033596492,True,3,3,3
2.0,3.0,1.0,1.0,10.0,4.0,4.0,8.0,1230.0,1.0,4.0,3.0,3.0,7.0,8.0,3.0,6.0,7.115582126184454,True,0,0,0
6.0,6.0,6.0,2.0,1.0,1.0,1.0,7.0,970.0,2.0,4.0,2.0,3.0,10.0,10.0,3.0,10.0,6.878326468291325,True,3,3,3
3.0,2.0,1.0,2.0,8.0,2.0,2.0,1.0,1530.0,1.0,5.0,1.0,3.0,3.0,7.0,2.0,6.0,7.333676395657684,True,1,1,1
5.0,1.0,1.0,1.0,1.0,3.0,1.0,1.0,1777.5,2.0,4.0,3.0,2.0,6.0,7.0,2.0,3.0,7.48352559138851,True,0,0,0
4.0,1.0,2.0,1.0,5.0,3.0,3.0,2.0,960.0,1.0,4.0,3.0,5.0,2.0,3.0,5.0,1.0,6.8679744089702925,True,0,0,0
3.0,1.0,1.0,1.0,5.0,3.0,1.0,1.0,1402.5,1.0,5.0,1.0,2.0,8.0,9.0,5.0,7.0,7.246724395801937,True,0,0,0
6.0,1.0,1.0,1.0,4.0,7.0,1.0,1.0,945.0,2.0,2.0,1.0,3.0,7.0,7.0,3.0,9.0,6.852242569051878,True,0,0,0
4.0,1.0,2.0,2.0,6.0,4.0,2.0,6.0,1055.0,1.0,4.0,2.0,4.0,6.0,7.0,2.0,7.0,6.962243464266207,True,3,3,3
6.0,1.0,4.0,1.0,1.0,3.0,2.0,1.0,90.0,1.0,3.0,3.0,2.0,5.0,6.0,2.0,8.0,4.51085950651685,False,0,0,0
5.0,1.0,2.0,1.0,6.0,7.0,2.0,1.0,180.0,2.0,2.0,2.0,2.0,6.0,6.0,2.0,6.0,5.198497031265826,True,0,0,0
4.0,1.0,1.0,1.0,6.0,7.0,1.0,1.0,271.25,2.0,5.0,1.0,3.0,8.0,7.0,4.0,5.0,5.60672076181307,True,0,0,0
4.0,1.0,2.0,2.0,1.0,3.0,2.0,1.0,75.0,4.0,5.0,3.0,3.0,7.0,7.0,2.0,5.0,4.330733340286331,False,2,2,2
4.0,5.0,1.0,2.0,11.0,4.0,2.0,1.0,270.0,2.0,2.0,2.0,3.0,8.0,7.0,3.0,0.0,5.602118820879701,True,1,1,1
5.0,3.0,1.0,1.0,5.0,7.0,3.0,4.0,0.0,4.0,4.0,3.0,2.0,1.0,1.0,2.0,1.0,0.0,False,0,0,0
5.0,3.0,1.0,1.0,5.0,7.0,3.0,7.0,0.0,4.0,4.0,4.0,2.0,0.0,0.0,1.0,0.0,0.0,False,0,0,0
7.0,1.0,3.0,1.0,7.0,5.0,1.0,5.0,450.0,2.0,4.0,2.0,3.0,9.0,8.0,4.0,9.0,6.111467339502679,True,0,0,0
7.0,1.0,3.0,2.0,7.0,5.0,2.0,5.0,412.5,2.0,4.0,2.0,3.0,7.0,7.0,4.0,8.0,6.024657514463746,True,3,3,3
4.0,1.0,2.0,2.0,5.0,8.0,2.0,2.0,667.5,1.0,4.0,2.0,3.0,8.0,6.0,3.0,6.0,6.505036396541998,True,3,3,3
4.0,1.0,1.0,1.0,5.0,8.0,1.0,1.0,1057.5,1.0,3.0,1.0,4.0,8.0,8.0,5.0,9.0,6.96460809057492,True,0,0,0
3.0,3.0,1.0,2.0,3.0,4.0,1.0,2.0,945.0,3.0,2.0,1.0,3.0,7.0,7.0,2.0,5.0,6.852242569051878,True,3,3,3
4.0,1.0,2.0,2.0,6.0,6.0,2.0,2.0,900.0,4.0,5.0,2.0,3.0,9.0,8.0,4.0,8.0,6.803505257608338,True,3,3,3
4.0,1.0,1.0,1.0,6.0,6.0,1.0,1.0,952.5,1.0,5.0,2.0,4.0,7.0,6.0,4.0,7.0,6.860139425040474,True,0,0,0
6.0,1.0,2.0,2.0,6.0,9.0,1.0,10.0,315.0,1.0,5.0,2.0,2.0,10.0,9.0,3.0,8.0,5.755742213586912,True,3,3,3
3.0,1.0,2.0,1.0,5.0,9.0,1.0,1.0,1620.0,1.0,4.0,2.0,3.0,9.0,9.0,5.0,9.0,7.390798521735676,True,0,0,0
3.0,1.0,2.0,2.0,5.0,9.0,1.0,1.0,2955.0,1.0,3.0,2.0,4.0,9.0,7.0,4.0,9.0,7.991592282068092,True,2,2,2
2.0,3.0,3.0,1.0,11.0,10.0,4.0,8.0,285.0,2.0,4.0,2.0,3.0,7.0,8.0,3.0,5.0,5.655991810819852,True,0,0,0
7.0,1.0,1.0,1.0,5.0,10.0,1.0,5.0,615.0,1.0,4.0,1.0,5.0,9.0,10.0,5.0,10.0,6.423246963533519,True,0,0,0
4.0,1.0,2.0,1.0,5.0,10.0,1.0,1.0,120.0,4.0,5.0,3.0,4.0,8.0,5.0,3.0,7.0,4.795790545596741,False,0,0,0
4.0,1.0,2.0,1.0,5.0,10.0,1.0,1.0,87.5,3.0,5.0,2.0,4.0,9.0,8.0,5.0,10.0,4.483002552013883,False,0,0,0
6.0,1.0,2.0,2.0,7.0,10.0,1.0,6.0,0.0,3.0,4.0,3.0,4.0,4.0,3.0,1.0,2.0,0.0,False,3,3,3
2.0,2.0,2.0,2.0,10.0,10.0,4.0,8.0,0.0,5.0,5.0,4.0,2.0,4.0,5.0,1.0,3.0,0.0,False,3,3,3
6.0,3.0,1.0,2.0,1.0,9.0,2.0,5.0,840.0,3.0,3.0,1.0,3.0,10.0,10.0,5.0,10.0,6.734591659972948,True,3,3,3
2.0,1.0,1.0,2.0,2.0,8.0,4.0,8.0,1132.5,2.0,4.0,3.0,4.0,7.0,7.0,3.0,7.0,7.033065469947584,True,3,3,3
3.0,1.0,3.0,2.0,10.0,3.0,1.0,1.0,600.0,2.0,3.0,2.0,3.0,9.0,9.0,4.0,9.0,6.398594934535208,True,2,2,2
3.0,1.0,1.0,1.0,5.0,3.0,1.0,1.0,0.0,1.0,1.0,1.0,5.0,0.0,0.0,1.0,0.0,0.0,False,0,0,0
2.0,1.0,2.0,2.0,3.0,3.0,2.0,3.0,0.0,2.0,5.0,3.0,3.0,5.0,6.0,2.0,6.0,0.0,False,3,3,3
6.0,2.0,1.0,2.0,1.0,2.0,2.0,2.0,0.0,4.0,4.0,2.0,2.0,0.0,0.0,1.0,1.0,0.0,False,3,3,3
2.0,2.0,7.0,2.0,6.0,3.0,4.0,8.0,153.75,3.0,3.0,3.0,3.0,4.0,6.0,3.0,5.0,5.041810911564705,True,3,3,3
3.0,2.0,1.0,2.0,5.0,2.0,1.0,1.0,290.0,3.0,5.0,4.0,2.0,7.0,7.0,4.0,7.0,5.673323267171493,True,1,1,1
4.0,1.0,1.0,2.0,5.0,2.0,2.0,1.0,300.0,2.0,4.0,4.0,2.0,8.0,7.0,4.0,6.0,5.707110264748875,True,1,1,1
5.0,3.0,7.0,1.0,1.0,2.0,2.0,1.0,15.0,2.0,3.0,3.0,3.0,9.0,9.0,4.0,9.0,2.772588722239781,False,0,0,0
4.0,3.0,1.0,2.0,9.0,3.0,1.0,6.0,0.0,2.0,4.0,2.0,4.0,9.0,8.0,5.0,6.0,0.0,False,3,3,3
7.0,2.0,4.0,1.0,3.0,4.0,4.0,5.0,810.0,2.0,2.0,2.0,3.0,10.0,10.0,1.0,6.0,6.698268054115413,True,0,0,0
3.0,1.0,4.0,1.0,2.0,5.0,4.0,1.0,540.0,1.0,4.0,2.0,3.0,7.0,8.0,2.0,7.0,6.293419278846481,True,0,0,0
3.0,1.0,4.0,1.0,1.0,5.0,1.0,1.0,600.0,2.0,3.0,1.0,3.0,9.0,8.0,4.0,8.0,6.398594934535208,True,0,0,0
3.0,2.0,7.0,2.0,3.0,2.0,1.0,2.0,330.0,1.0,4.0,1.0,4.0,10.0,10.0,3.0,9.0,5.802118375377063,True,3,3,3
3.0,1.0,1.0,2.0,5.0,3.0,1.0,1.0,670.0,1.0,5.0,2.0,1.0,8.0,9.0,5.0,10.0,6.508769136971682,True,1,1,1
6.0,1.0,1.0,1.0,2.0,9.0,1.0,1.0,240.0,4.0,5.0,4.0,5.0,8.0,6.0,3.0,9.0,5.484796933490655,True,0,0,0
3.0,1.0,2.0,2.0,5.0,9.0,1.0,1.0,0.0,3.0,2.0,2.0,3.0,2.0,5.0,2.0,4.0,0.0,False,2,2,2
4.0,1.0,1.0,1.0,6.0,8.0,1.0,1.0,210.0,1.0,5.0,1.0,4.0,6.0,9.0,5.0,8.0,5.351858133476067,True,0,0,0
6.0,1.0,1.0,2.0,5.0,7.0,1.0,1.0,360.0,3.0,4.0,3.0,3.0,10.0,10.0,5.0,10.0,5.8888779583328805,True,1,1,1
6.0,1.0,1.0,1.0,5.0,7.0,1.0,1.0,67.5,3.0,5.0,3.0,4.0,8.0,7.0,5.0,8.0,4.22683374526818,False,0,0,0
7.0,1.0,1.0,2.0,5.0,7.0,1.0,5.0,240.0,1.0,4.0,1.0,4.0,10.0,7.0,4.0,10.0,5.484796933490655,True,3,3,3
7.0,3.0,1.0,2.0,5.0,9.0,2.0,5.0,1450.0,3.0,3.0,2.0,3.0,9.0,9.0,5.0,9.0,7.280008252884188,True,3,3,3
3.0,1.0,3.0,1.0,9.0,4.0,1.0,3.0,550.0,2.0,5.0,3.0,3.0,3.0,2.0,2.0,5.0,6.311734809152915,True,0,0,0
6.0,2.0,1.0,2.0,7.0,5.0,3.0,2.0,0.0,3.0,3.0,3.0,3.0,5.0,5.0,3.0,5.0,0.0,False,3,3,3
5.0,1.0,3.0,2.0,5.0,5.0,1.0,1.0,720.0,1.0,5.0,1.0,4.0,7.0,7.0,3.0,9.0,6.580639137284949,True,2,2,2
5.0,1.0,7.0,1.0,1.0,9.0,2.0,1.0,315.0,2.0,3.0,3.0,3.0,8.0,8.0,4.0,8.0,5.755742213586912,True,0,0,0
5.0,1.0,4.0,2.0,4.0,3.0,1.0,1.0,210.0,4.0,5.0,3.0,1.0,5.0,0.0,2.0,0.0,5.351858133476067,True,2,2,2
6.0,1.0,4.0,2.0,8.0,7.0,1.0,1.0,525.0,2.0,4.0,2.0,2.0,7.0,6.0,4.0,7.0,6.26530121273771,True,2,2,2
2.0,3.0,4.0,1.0,8.0,7.0,4.0,8.0,1980.0,3.0,4.0,4.0,2.0,7.0,9.0,3.0,9.0,7.591357046698551,True,0,0,0
4.0,1.0,2.0,2.0,6.0,6.0,1.0,1.0,105.0,2.0,3.0,3.0,4.0,9.0,8.0,5.0,8.0,4.663439094112067,False,2,2,2
2.0,2.0,3.0,2.0,10.0,6.0,4.0,8.0,765.0,2.0,5.0,2.0,4.0,4.0,8.0,2.0,2.0,6.641182169740591,True,3,3,3
2.0,3.0,3.0,1.0,10.0,6.0,4.0,8.0,232.5,1.0,4.0,2.0,2.0,5.0,6.0,2.0,2.0,5.453182077108952,True,0,0,0
4.0,6.0,1.0,1.0,10.0,5.0,1.0,3.0,375.0,2.0,3.0,2.0,2.0,5.0,5.0,4.0,3.0,5.929589143389895,True,0,0,0
4.0,1.0,5.0,2.0,6.0,10.0,2.0,6.0,577.5,1.0,4.0,2.0,3.0,8.0,7.0,4.0,9.0,6.360438546633731,True,3,3,3
4.0,1.0,2.0,2.0,6.0,9.0,1.0,1.0,8092.5,1.0,4.0,1.0,4.0,8.0,7.0,4.0,9.0,8.998816549374014,True,2,2,2
4.0,5.0,2.0,3.0,1.0,9.0,2.0,3.0,330.0,1.0,4.0,2.0,4.0,9.0,8.0,2.0,7.0,5.802118375377063,True,3,0,3
4.0,1.0,1.0,2.0,6.0,8.0,2.0,2.0,827.5,1.0,4.0,1.0,5.0,10.0,10.0,5.0,10.0,6.719616836866618,True,3,3,3
6.0,4.0,1.0,2.0,1.0,10.0,1.0,5.0,1560.0,2.0,2.0,2.0,3.0,10.0,10.0,2.0,0.0,7.353081920515432,True,3,3,3
7.0,1.0,1.0,1.0,5.0,7.0,1.0,5.0,2940.0,2.0,4.0,2.0,4.0,8.0,8.0,4.0,8.0,7.9865049385539955,True,0,0,0
6.0,1.0,1.0,1.0,5.0,9.0,1.0,5.0,2605.0,1.0,2.0,1.0,4.0,8.0,8.0,5.0,7.0,7.8655717576847906,True,0,0,0
6.0,1.0,1.0,2.0,7.0,9.0,1.0,2.0,300.0,3.0,5.0,1.0,5.0,10.0,9.0,4.0,9.0,5.707110264748875,True,3,3,3
6.0,1.0,1.0,1.0,7.0,9.0,1.0,1.0,225.0,3.0,4.0,3.0,5.0,10.0,10.0,5.0,10.0,5.420534999272286,True,0,0,0
7.0,1.0,1.0,2.0,5.0,10.0,1.0,5.0,300.0,2.0,3.0,2.0,4.0,9.0,9.0,2.0,8.0,5.707110264748875,True,3,3,3
2.0,2.0,1.0,2.0,8.0,9.0,3.0,2.0,515.0,1.0,3.0,2.0,4.0,8.0,8.0,2.0,8.0,6.246106765481563,True,3,3,3
7.0,2.0,1.0,2.0,5.0,10.0,2.0,5.0,525.0,3.0,3.0,3.0,3.0,8.0,8.0,2.0,6.0,6.26530121273771,True,3,3,3
3.0,1.0,2.0,1.0,5.0,4.0,1.0,1.0,660.0,3.0,5.0,3.0,3.0,8.0,8.0,3.0,6.0,6.493753839851686,True,0,0,0
4.0,5.0,6.0,1.0,5.0,3.0,1.0,1.0,2100.0,2.0,4.0,2.0,4.0,7.0,6.0,4.0,7.0,7.650168700845001,True,0,0,0
6.0,1.0,1.0,1.0,1.0,2.0,1.0,1.0,5505.0,1.0,5.0,1.0,3.0,9.0,9.0,3.0,7.0,8.613593685702552,True,0,0,0
6.0,1.0,4.0,2.0,8.0,4.0,1.0,1.0,0.0,2.0,4.0,1.0,3.0,9.0,8.0,4.0,9.0,0.0,False,2,2,2
3.0,1.0,2.0,2.0,5.0,5.0,1.0,1.0,1227.5,2.0,5.0,2.0,4.0,7.0,7.0,3.0,7.0,7.1135491919612335,True,2,2,2
4.0,2.0,2.0,1.0,5.0,5.0,2.0,1.0,3000.0,2.0,5.0,2.0,2.0,7.0,7.0,4.0,7.0,8.006700845440367,True,0,0,0
4.0,1.0,6.0,2.0,6.0,4.0,1.0,1.0,480.0,4.0,4.0,3.0,2.0,8.0,7.0,2.0,10.0,6.175867270105761,True,2,2,2
4.0,1.0,5.0,2.0,1.0,3.0,1.0,1.0,0.0,2.0,3.0,2.0,2.0,7.0,6.0,3.0,5.0,0.0,False,2,2,2
5.0,1.0,1.0,2.0,6.0,5.0,1.0,6.0,232.5,2.0,4.0,2.0,4.0,8.0,6.0,3.0,10.0,5.453182077108952,True,3,3,3
4.0,1.0,2.0,2.0,6.0,10.0,1.0,1.0,90.0,1.0,5.0,2.0,3.0,7.0,8.0,4.0,6.0,4.51085950651685,False,2,2,2
3.0,1.0,1.0,1.0,1.0,6.0,1.0,1.0,1030.0,1.0,5.0,1.0,4.0,8.0,8.0,3.0,7.0,6.93828448401696,True,0,0,0
6.0,4.0,1.0,2.0,5.0,6.0,3.0,2.0,350.0,3.0,3.0,2.0,3.0,7.0,5.0,3.0,5.0,5.860786223465865,True,3,3,3
7.0,5.0,1.0,1.0,5.0,6.0,2.0,3.0,1500.0,2.0,4.0,3.0,2.0,5.0,7.0,3.0,8.0,7.313886831633462,True,0,0,0
4.0,1.0,3.0,2.0,6.0,7.0,1.0,1.0,210.0,1.0,3.0,1.0,4.0,9.0,9.0,3.0,9.0,5.351858133476067,True,2,2,2
4.0,1.0,2.0,1.0,5.0,7.0,1.0,1.0,1245.0,1.0,3.0,2.0,4.0,8.0,9.0,5.0,9.0,7.1276936993473985,True,0,0,0
4.0,1.0,2.0,2.0,5.0,7.0,1.0,1.0,4640.0,1.0,5.0,2.0,3.0,10.0,9.0,4.0,9.0,8.442685139241176,True,2,2,2
7.0,1.0,7.0,2.0,5.0,10.0,1.0,5.0,56.25,2.0,4.0,2.0,2.0,8.0,8.0,4.0,8.0,4.047427642434349,False,3,3,3
4.0,3.0,1.0,2.0,3.0,3.0,4.0,6.0,852.5,2.0,4.0,2.0,3.0,7.0,7.0,5.0,7.0,6.7493455422344955,True,3,3,3
3.0,1.0,1.0,2.0,5.0,2.0,1.0,1.0,0.0,4.0,5.0,3.0,1.0,5.0,5.0,4.0,5.0,0.0,False,1,1,1
3.0,1.0,6.0,1.0,5.0,2.0,1.0,1.0,656.25,2.0,5.0,2.0,3.0,5.0,5.0,5.0,5.0,6.488064463609991,True,0,0,0
2.0,1.0,5.0,2.0,10.0,3.0,1.0,2.0,0.0,2.0,2.0,2.0,3.0,5.0,3.0,2.0,5.0,0.0,False,3,3,3
6.0,1.0,1.0,2.0,7.0,4.0,1.0,2.0,1115.0,3.0,3.0,2.0,4.0,7.0,7.0,4.0,8.0,7.017506142941256,True,3,3,3
4.0,1.0,6.0,2.0,5.0,2.0,1.0,1.0,1005.0,2.0,5.0,2.0,2.0,8.0,9.0,4.0,9.0,6.913737350659685,True,2,2,2
5.0,6.0,3.0,1.0,6.0,3.0,3.0,2.0,0.0,3.0,5.0,1.0,4.0,8.0,8.0,4.0,7.0,0.0,False,0,0,0
4.0,5.0,3.0,2.0,6.0,3.0,3.0,6.0,3360.0,3.0,4.0,1.0,4.0,7.0,9.0,4.0,8.0,8.119993827725105,True,3,3,3
3.0,1.0,1.0,1.0,5.0,3.0,1.0,3.0,392.5,2.0,5.0,4.0,3.0,8.0,6.0,4.0,7.0,5.975081067857458,True,0,0,0
4.0,1.0,2.0,2.0,5.0,3.0,1.0,1.0,345.0,2.0,4.0,3.0,3.0,8.0,8.0,4.0,8.0,5.846438775057725,True,2,2,2
3.0,1.0,5.0,2.0,1.0,6.0,1.0,1.0,2767.5,1.0,5.0,1.0,4.0,7.0,7.0,3.0,8.0,7.926060936263021,True,2,2,2
7.0,2.0,1.0,1.0,5.0,4.0,1.0,5.0,0.0,2.0,4.0,1.0,3.0,3.0,6.0,4.0,7.0,0.0,False,0,0,0
6.0,4.0,1.0,1.0,5.0,4.0,1.0,6.0,90.0,4.0,2.0,2.0,3.0,8.0,6.0,2.0,6.0,4.51085950651685,False,0,0,0
3.0,1.0,2.0,2.0,6.0,4.0,3.0,4.0,0.0,1.0,2.0,2.0,3.0,2.0,6.0,4.0,6.0,0.0,False,3,3,3
6.0,1.0,4.0,2.0,5.0,2.0,2.0,1.0,2782.5,2.0,4.0,2.0,3.0,7.0,9.0,4.0,8.0,7.9314644076235625,True,2,2,2
7.0,3.0,4.0,1.0,5.0,2.0,1.0,5.0,0.0,2.0,2.0,2.0,4.0,8.0,8.0,3.0,8.0,0.0,False,0,0,0
2.0,3.0,4.0,3.0,11.0,6.0,4.0,8.0,63.75,2.0,1.0,1.0,2.0,5.0,4.0,1.0,5.0,4.1705337005796475,False,3,3,3
3.0,1.0,2.0,2.0,1.0,5.0,1.0,1.0,1600.0,2.0,3.0,2.0,4.0,7.0,7.0,4.0,8.0,7.3783837129967145,True,2,2,2
3.0,1.0,1.0,1.0,1.0,2.0,1.0,2.0,280.0,3.0,5.0,3.0,2.0,5.0,6.0,3.0,5.0,5.638354669333745,True,0,0,0
5.0,1.0,2.0,1.0,6.0,2.0,2.0,6.0,420.0,1.0,5.0,2.0,3.0,9.0,8.0,4.0,9.0,6.042632833682381,True,0,0,0
3.0,1.0,6.0,2.0,1.0,3.0,1.0,1.0,795.0,1.0,2.0,2.0,3.0,6.0,5.0,2.0,6.0,6.679599185844383,True,2,2,2
3.0,1.0,6.0,2.0,5.0,5.0,1.0,1.0,330.0,2.0,4.0,3.0,3.0,7.0,6.0,2.0,6.0,5.802118375377063,True,2,2,2
3.0,1.0,1.0,1.0,5.0,5.0,1.0,1.0,195.0,3.0,4.0,4.0,3.0,7.0,8.0,5.0,7.0,5.278114659230517,True,0,0,0
4.0,1.0,1.0,2.0,12.0,2.0,1.0,6.0,360.0,2.0,5.0,2.0,4.0,4.0,3.0,2.0,6.0,5.8888779583328805,True,3,3,3
6.0,2.0,3.0,2.0,7.0,4.0,1.0,5.0,0.0,2.0,5.0,1.0,3.0,6.0,6.0,2.0,5.0,0.0,False,3,3,3
4.0,1.0,3.0,1.0,1.0,4.0,1.0,1.0,1725.0,2.0,5.0,2.0,3.0,8.0,6.0,4.0,6.0,7.453561871643373,True,0,0,0
6.0,1.0,1.0,2.0,5.0,4.0,1.0,1.0,555.0,3.0,3.0,2.0,2.0,6.0,6.0,2.0,7.0,6.320768294250582,True,1,1,1
6.0,1.0,1.0,2.0,7.0,9.0,1.0,6.0,1727.5,4.0,4.0,2.0,2.0,4.0,3.0,2.0,4.0,7.455009259361679,True,3,3,3
3.0,1.0,1.0,2.0,5.0,6.0,1.0,1.0,473.75,2.0,4.0,2.0,2.0,5.0,6.0,4.0,8.0,6.162788349692395,True,1,1,1
6.0,2.0,1.0,1.0,7.0,7.0,1.0,1.0,3945.0,1.0,3.0,2.0,4.0,9.0,8.0,2.0,9.0,8.28045768658256,True,0,0,0
6.0,1.0,2.0,2.0,7.0,7.0,1.0,1.0,690.0,2.0,4.0,1.0,4.0,8.0,8.0,4.0,7.0,6.53813982376767,True,2,2,2
4.0,1.0,2.0,2.0,6.0,6.0,1.0,1.0,240.0,1.0,5.0,3.0,4.0,9.0,9.0,5.0,7.0,5.484796933490655,True,2,2,2
2.0,3.0,4.0,2.0,10.0,6.0,4.0,8.0,65.0,2.0,5.0,3.0,4.0,6.0,6.0,4.0,7.0,4.189654742026425,False,3,3,3
2.0,2.0,4.0,1.0,10.0,6.0,1.0,2.0,115.0,1.0,5.0,1.0,1.0,10.0,8.0,3.0,7.0,4.7535901911063645,False,0,0,0
3.0,1.0,1.0,2.0,2.0,10.0,1.0,1.0,105.0,1.0,3.0,2.0,4.0,4.0,6.0,4.0,6.0,4.663439094112067,False,1,1,1
3.0,1.0,1.0,1.0,1.0,7.0,1.0,1.0,1920.0,2.0,4.0,2.0,3.0,7.0,7.0,3.0,5.0,7.560601162768557,True,0,0,0
3.0,1.0,2.0,3.0,2.0,8.0,1.0,1.0,1200.0,1.0,4.0,2.0,3.0,7.0,7.0,3.0,9.0,7.0909098220799835,True,2,2,2
5.0,1.0,1.0,1.0,1.0,9.0,1.0,1.0,2070.0,1.0,4.0,1.0,4.0,5.0,8.0,3.0,8.0,7.635786861395585,True,0,0,0
3.0,1.0,2.0,2.0,6.0,5.0,1.0,1.0,420.0,3.0,5.0,1.0,4.0,9.0,10.0,4.0,10.0,6.042632833682381,True,2,2,2
4.0,1.0,2.0,1.0,5.0,7.0,1.0,1.0,1072.5,1.0,3.0,2.0,4.0,8.0,7.0,3.0,7.0,6.978679617318836,True,0,0,0
6.0,1.0,2.0,1.0,5.0,8.0,1.0,1.0,4590.0,1.0,3.0,1.0,3.0,10.0,9.0,5.0,9.0,8.431853144249223,True,0,0,0
7.0,1.0,6.0,1.0,1.0,9.0,1.0,7.0,0.0,3.0,5.0,3.0,4.0,6.0,7.0,2.0,7.0,0.0,False,0,0,0
5.0,1.0,5.0,2.0,1.0,1.0,2.0,1.0,1260.0,3.0,5.0,3.0,4.0,8.0,7.0,4.0,6.0,7.13966033596492,True,2,2,2
3.0,3.0,3.0,1.0,10.0,4.0,4.0,1.0,2250.0,1.0,1.0,1.0,5.0,10.0,10.0,5.0,10.0,7.719129840906732,True,0,0,0
3.0,1.0,5.0,2.0,2.0,4.0,1.0,1.0,350.0,2.0,4.0,2.0,3.0,6.0,6.0,3.0,6.0,5.860786223465865,True,2,2,2
6.0,1.0,1.0,2.0,5.0,3.0,1.0,6.0,1830.0,3.0,4.0,2.0,4.0,10.0,8.0,5.0,8.0,7.5126175446745105,True,3,3,3
5.0,1.0,2.0,2.0,5.0,10.0,1.0,10.0,6238.75,1.0,5.0,2.0,3.0,8.0,9.0,2.0,7.0,8.738695396458322,True,3,3,3
6.0,2.0,1.0,2.0,4.0,6.0,1.0,5.0,120.0,4.0,5.0,3.0,3.0,8.0,8.0,3.0,5.0,4.795790545596741,False,3,3,3
3.0,1.0,2.0,2.0,5.0,4.0,1.0,1.0,647.5,1.0,5.0,2.0,3.0,8.0,9.0,4.0,8.0,6.474662003756499,True,2,2,2
3.0,1.0,2.0,1.0,5.0,9.0,1.0,1.0,1370.0,1.0,5.0,2.0,4.0,7.0,6.0,2.0,7.0,7.223295679562314,True,0,0,0
4.0,1.0,1.0,1.0,1.0,4.0,1.0,1.0,930.0,1.0,5.0,1.0,3.0,10.0,10.0,5.0,10.0,6.836259277277067,True,0,0,0
5.0,1.0,2.0,1.0,1.0,3.0,1.0,1.0,472.5,2.0,4.0,2.0,3.0,6.0,6.0,2.0,5.0,6.160151912626133,True,0,0,0
5.0,1.0,1.0,1.0,5.0,10.0,1.0,1.0,0.0,2.0,2.0,2.0,4.0,8.0,8.0,4.0,8.0,0.0,False,0,0,0
4.0,1.0,1.0,2.0,5.0,10.0,1.0,1.0,0.0,2.0,2.0,2.0,4.0,8.0,8.0,4.0,8.0,0.0,False,1,1,1
7.0,1.0,1.0,2.0,1.0,5.0,1.0,5.0,750.0,2.0,4.0,2.0,4.0,10.0,9.0,4.0,9.0,6.621405651764134,True,3,3,3
2.0,3.0,3.0,1.0,6.0,2.0,3.0,9.0,0.0,1.0,3.0,1.0,4.0,8.0,8.0,2.0,8.0,0.0,False,0,0,0
5.0,5.0,3.0,1.0,6.0,2.0,3.0,1.0,1350.0,2.0,2.0,2.0,4.0,10.0,10.0,5.0,6.0,7.208600337960199,True,0,0,0
4.0,1.0,3.0,1.0,6.0,2.0,1.0,1.0,22.5,2.0,3.0,2.0,4.0,9.0,10.0,4.0,10.0,3.1570004211501135,False,0,0,0
6.0,1.0,4.0,1.0,7.0,3.0,2.0,10.0,60.0,4.0,4.0,2.0,3.0,4.0,3.0,2.0,3.0,4.110873864173311,False,0,0,0
5.0,1.0,3.0,1.0,6.0,2.0,1.0,1.0,1560.0,1.0,1.0,2.0,4.0,9.0,9.0,5.0,9.0,7.353081920515432,True,0,0,0
4.0,4.0,2.0,2.0,6.0,2.0,3.0,1.0,480.0,5.0,5.0,2.0,2.0,7.0,5.0,4.0,6.0,6.175867270105761,True,3,3,3
3.0,3.0,4.0,2.0,5.0,2.0,3.0,4.0,0.0,2.0,3.0,2.0,4.0,7.0,6.0,2.0,3.0,0.0,False,3,3,3
2.0,6.0,3.0,1.0,10.0,5.0,4.0,3.0,540.0,2.0,2.0,2.0,3.0,4.0,7.0,1.0,4.0,6.293419278846481,True,0,0,0
7.0,6.0,3.0,2.0,3.0,5.0,2.0,5.0,300.0,3.0,5.0,2.0,4.0,9.0,8.0,3.0,10.0,5.707110264748875,True,3,3,3
3.0,2.0,3.0,3.0,9.0,5.0,1.0,1.0,37.5,1.0,5.0,1.0,3.0,0.0,5.0,4.0,6.0,3.6506582412937387,False,0,0,0
2.0,1.0,1.0,2.0,10.0,2.0,3.0,2.0,1265.0,3.0,5.0,2.0,3.0,4.0,5.0,1.0,5.0,7.143617602704121,True,3,3,3
5.0,1.0,3.0,1.0,6.0,4.0,3.0,6.0,0.0,3.0,3.0,2.0,3.0,5.0,6.0,2.0,4.0,0.0,False,0,0,0
2.0,2.0,4.0,2.0,10.0,2.0,3.0,3.0,6020.0,2.0,5.0,3.0,2.0,5.0,4.0,3.0,5.0,8.703008637464448,True,3,3,3
6.0,1.0,4.0,1.0,5.0,4.0,1.0,1.0,0.0,3.0,5.0,3.0,4.0,5.0,8.0,5.0,8.0,0.0,False,0,0,0
7.0,2.0,4.0,1.0,5.0,2.0,3.0,4.0,0.0,3.0,3.0,3.0,3.0,7.0,7.0,3.0,7.0,0.0,False,0,0,0
3.0,1.0,3.0,1.0,10.0,2.0,2.0,1.0,990.0,1.0,5.0,2.0,2.0,7.0,8.0,4.0,8.0,6.898714534329988,True,0,0,0
3.0,1.0,4.0,2.0,11.0,2.0,1.0,1.0,0.0,2.0,4.0,2.0,3.0,2.0,0.0,1.0,0.0,0.0,False,2,2,2
3.0,6.0,1.0,2.0,11.0,3.0,1.0,10.0,1050.0,3.0,3.0,3.0,1.0,1.0,1.0,3.0,1.0,6.957497370876951,True,3,3,3
3.0,1.0,4.0,2.0,10.0,2.0,1.0,1.0,112.5,3.0,5.0,1.0,3.0,10.0,9.0,2.0,10.0,4.7318028369214575,False,2,2,2
3.0,1.0,4.0,2.0,3.0,4.0,2.0,2.0,390.0,2.0,5.0,1.0,3.0,6.0,1.0,4.0,9.0,5.968707559985366,True,3,3,3
4.0,6.0,1.0,2.0,3.0,2.0,3.0,6.0,840.0,3.0,4.0,3.0,3.0,4.0,5.0,3.0,7.0,6.734591659972948,True,3,3,3
2.0,3.0,1.0,2.0,10.0,2.0,4.0,8.0,37.5,1.0,3.0,1.0,3.0,9.0,9.0,4.0,10.0,3.6506582412937387,False,3,3,3
5.0,2.0,2.0,2.0,7.0,6.0,1.0,1.0,12351.25,1.0,4.0,1.0,4.0,9.0,8.0,3.0,10.0,9.421593511697045,True,2,2,2
7.0,1.0,3.0,1.0,7.0,9.0,1.0,2.0,3840.0,1.0,3.0,2.0,3.0,8.0,8.0,5.0,7.0,8.253488028345904,True,0,0,0
3.0,1.0,7.0,2.0,1.0,5.0,1.0,1.0,720.0,1.0,2.0,2.0,3.0,8.0,7.0,2.0,6.0,6.580639137284949,True,2,2,2
3.0,1.0,2.0,2.0,2.0,1.0,2.0,1.0,0.0,2.0,5.0,1.0,3.0,8.0,8.0,3.0,7.0,0.0,False,2,2,2
5.0,1.0,3.0,2.0,10.0,8.0,2.0,2.0,1890.0,2.0,3.0,2.0,3.0,9.0,8.0,4.0,9.0,7.544861068658458,True,3,3,3
3.0,1.0,3.0,2.0,6.0,3.0,2.0,2.0,1800.0,2.0,4.0,2.0,4.0,7.0,7.0,5.0,8.0,7.496097345175956,True,3,3,3
2.0,2.0,7.0,2.0,10.0,4.0,4.0,8.0,175.0,4.0,5.0,2.0,3.0,7.0,6.0,2.0,6.0,5.170483995038151,True,3,3,3
4.0,1.0,7.0,2.0,7.0,4.0,3.0,4.0,2055.0,1.0,4.0,2.0,3.0,3.0,3.0,2.0,1.0,7.628517626575055,True,3,3,3
6.0,1.0,7.0,1.0,5.0,6.0,1.0,1.0,450.0,2.0,4.0,2.0,4.0,9.0,9.0,5.0,9.0,6.111467339502679,True,0,0,0
6.0,1.0,1.0,1.0,1.0,6.0,1.0,1.0,1770.0,1.0,5.0,2.0,3.0,6.0,7.0,5.0,8.0,7.479299637782834,True,0,0,0
2.0,1.0,1.0,2.0,11.0,9.0,2.0,1.0,195.0,4.0,3.0,3.0,3.0,6.0,5.0,1.0,6.0,5.278114659230517,True,1,1,1
5.0,1.0,5.0,1.0,1.0,7.0,1.0,1.0,300.0,1.0,4.0,2.0,4.0,8.0,8.0,4.0,8.0,5.707110264748875,True,0,0,0
4.0,6.0,1.0,2.0,3.0,7.0,1.0,1.0,0.0,2.0,4.0,2.0,3.0,5.0,5.0,4.0,5.0,0.0,False,1,1,1
6.0,3.0,1.0,2.0,5.0,7.0,1.0,5.0,600.0,5.0,5.0,3.0,3.0,9.0,9.0,5.0,7.0,6.398594934535208,True,3,3,3
6.0,1.0,1.0,1.0,7.0,9.0,1.0,1.0,120.0,2.0,4.0,2.0,3.0,7.0,8.0,4.0,8.0,4.795790545596741,False,0,0,0
5.0,3.0,1.0,2.0,7.0,9.0,2.0,2.0,45.0,2.0,3.0,2.0,4.0,7.0,7.0,2.0,6.0,3.828641396489095,False,3,3,3
4.0,5.0,1.0,2.0,3.0,4.0,1.0,7.0,0.0,5.0,5.0,3.0,3.0,3.0,3.0,1.0,2.0,0.0,False,3,3,3
2.0,3.0,1.0,2.0,10.0,4.0,4.0,8.0,3405.0,2.0,4.0,1.0,4.0,4.0,5.0,2.0,7.0,8.133293861222633,True,3,3,3
7.0,2.0,1.0,1.0,5.0,5.0,2.0,5.0,720.0,2.0,5.0,2.0,3.0,6.0,6.0,2.0,7.0,6.580639137284949,True,0,0,0
7.0,3.0,1.0,1.0,5.0,4.0,2.0,5.0,855.0,1.0,4.0,2.0,4.0,8.0,8.0,4.0,7.0,6.752270376141742,True,0,0,0
4.0,1.0,3.0,1.0,1.0,4.0,1.0,1.0,600.0,1.0,4.0,1.0,3.0,10.0,8.0,5.0,10.0,6.398594934535208,True,0,0,0
3.0,1.0,3.0,2.0,1.0,4.0,1.0,1.0,337.5,2.0,5.0,2.0,4.0,10.0,10.0,4.0,7.0,5.82452409235233,True,2,2,2
7.0,6.0,1.0,1.0,5.0,6.0,2.0,5.0,0.0,4.0,5.0,4.0,2.0,5.0,6.0,4.0,6.0,0.0,False,0,0,0
2.0,1.0,3.0,1.0,10.0,5.0,1.0,1.0,960.0,1.0,5.0,1.0,2.0,8.0,8.0,4.0,9.0,6.8679744089702925,True,0,0,0
5.0,3.0,3.0,2.0,7.0,5.0,3.0,2.0,0.0,5.0,5.0,2.0,4.0,9.0,9.0,4.0,8.0,0.0,False,3,3,3
4.0,1.0,3.0,2.0,6.0,8.0,1.0,1.0,510.0,3.0,4.0,4.0,3.0,5.0,6.0,3.0,4.0,6.236369590203704,True,2,2,2
5.0,2.0,7.0,2.0,6.0,4.0,2.0,6.0,450.0,1.0,4.0,2.0,2.0,5.0,6.0,1.0,6.0,6.111467339502679,True,3,3,3
4.0,1.0,3.0,1.0,6.0,5.0,1.0,1.0,120.0,3.0,3.0,2.0,3.0,6.0,7.0,3.0,7.0,4.795790545596741,False,0,0,0
2.0,2.0,2.0,2.0,10.0,3.0,4.0,8.0,0.0,2.0,5.0,2.0,4.0,7.0,4.0,3.0,8.0,0.0,False,3,3,3
3.0,3.0,2.0,2.0,10.0,3.0,1.0,2.0,45.0,3.0,4.0,3.0,3.0,4.0,7.0,1.0,8.0,3.828641396489095,False,3,3,3
6.0,2.0,1.0,2.0,1.0,3.0,1.0,10.0,0.0,3.0,3.0,2.0,4.0,5.0,6.0,2.0,5.0,0.0,False,3,3,3
5.0,1.0,3.0,1.0,5.0,5.0,1.0,1.0,720.0,1.0,1.0,2.0,4.0,7.0,6.0,5.0,10.0,6.580639137284949,True,0,0,0
2.0,1.0,4.0,2.0,10.0,7.0,4.0,8.0,517.5,2.0,4.0,2.0,4.0,4.0,6.0,2.0,5.0,6.250940027669582,True,3,3,3
6.0,1.0,1.0,1.0,5.0,6.0,1.0,5.0,0.0,1.0,5.0,1.0,2.0,8.0,8.0,4.0,8.0,0.0,False,0,0,0
6.0,1.0,1.0,2.0,5.0,6.0,1.0,5.0,50.0,2.0,4.0,3.0,4.0,7.0,8.0,3.0,9.0,3.9318256327243257,False,3,3,3
7.0,1.0,1.0,2.0,1.0,9.0,1.0,5.0,930.0,2.0,2.0,2.0,3.0,9.0,9.0,4.0,9.0,6.836259277277067,True,3,3,3
5.0,1.0,1.0,2.0,7.0,6.0,3.0,2.0,2162.5,1.0,5.0,2.0,4.0,6.0,8.0,5.0,8.0,7.679482559664939,True,3,3,3
5.0,1.0,1.0,2.0,4.0,8.0,1.0,1.0,290.0,4.0,5.0,2.0,3.0,7.0,6.0,4.0,10.0,5.673323267171493,True,1,1,1
5.0,1.0,2.0,2.0,5.0,10.0,1.0,1.0,120.0,3.0,5.0,3.0,3.0,6.0,5.0,3.0,7.0,4.795790545596741,False,2,2,2
6.0,1.0,1.0,1.0,1.0,8.0,1.0,1.0,930.0,3.0,5.0,3.0,4.0,8.0,9.0,3.0,10.0,6.836259277277067,True,0,0,0
5.0,3.0,1.0,2.0,10.0,10.0,3.0,1.0,3960.0,1.0,5.0,3.0,3.0,9.0,8.0,5.0,8.0,8.284251797621916,True,1,1,1
3.0,1.0,2.0,2.0,6.0,3.0,2.0,2.0,6720.0,2.0,2.0,2.0,4.0,9.0,9.0,3.0,7.0,8.812992231969966,True,3,3,3
4.0,1.0,7.0,1.0,10.0,6.0,1.0,1.0,1510.0,2.0,4.0,2.0,4.0,8.0,7.0,4.0,7.0,7.32052696227274,True,0,0,0
6.0,2.0,1.0,2.0,7.0,3.0,2.0,1.0,2370.0,1.0,5.0,1.0,2.0,10.0,8.0,2.0,9.0,7.771067086065406,True,1,1,1
7.0,6.0,1.0,2.0,1.0,2.0,2.0,5.0,225.0,1.0,4.0,2.0,3.0,8.0,8.0,4.0,8.0,5.420534999272286,True,3,3,3
5.0,1.0,1.0,2.0,3.0,2.0,2.0,3.0,1260.0,2.0,4.0,2.0,4.0,5.0,5.0,4.0,7.0,7.13966033596492,True,3,3,3
3.0,1.0,1.0,1.0,1.0,4.0,1.0,1.0,315.0,1.0,4.0,2.0,3.0,5.0,3.0,2.0,5.0,5.755742213586912,True,0,0,0
6.0,1.0,2.0,2.0,1.0,8.0,2.0,7.0,1852.5,1.0,5.0,1.0,4.0,8.0,6.0,2.0,8.0,7.524831022590787,True,3,3,3
6.0,1.0,2.0,1.0,5.0,9.0,1.0,1.0,708.75,1.0,5.0,1.0,4.0,9.0,9.0,5.0,9.0,6.564912795353081,True,0,0,0
5.0,1.0,4.0,1.0,6.0,4.0,1.0,1.0,2070.0,1.0,3.0,2.0,4.0,9.0,8.0,5.0,10.0,7.635786861395585,True,0,0,0
6.0,4.0,2.0,1.0,5.0,6.0,2.0,1.0,235.0,1.0,4.0,2.0,3.0,10.0,9.0,4.0,8.0,5.4638318050256105,True,0,0,0
4.0,1.0,3.0,1.0,3.0,4.0,1.0,1.0,3030.0,2.0,4.0,2.0,1.0,0.0,0.0,1.0,0.0,8.016647877057803,True,0,0,0
6.0,1.0,1.0,1.0,5.0,6.0,1.0,1.0,492.5,1.0,4.0,2.0,4.0,8.0,8.0,4.0,8.0,6.2015228588735365,True,0,0,0
6.0,1.0,1.0,1.0,1.0,5.0,2.0,7.0,0.0,2.0,4.0,1.0,3.0,0.0,2.0,1.0,4.0,0.0,False,0,0,0
5.0,1.0,1.0,2.0,5.0,4.0,1.0,1.0,570.0,2.0,3.0,2.0,3.0,7.0,7.0,4.0,7.0,6.3473892096560105,True,1,1,1
4.0,2.0,1.0,2.0,6.0,8.0,1.0,2.0,120.0,2.0,4.0,3.0,2.0,9.0,6.0,5.0,8.0,4.795790545596741,False,3,3,3
4.0,1.0,1.0,1.0,6.0,9.0,1.0,1.0,1345.0,2.0,5.0,4.0,4.0,6.0,5.0,2.0,7.0,7.204892510204673,True,0,0,0
6.0,1.0,1.0,2.0,7.0,7.0,1.0,1.0,300.0,1.0,2.0,1.0,3.0,7.0,8.0,4.0,8.0,5.707110264748875,True,1,1,1
6.0,2.0,1.0,2.0,5.0,9.0,2.0,1.0,147.5,1.0,4.0,2.0,4.0,5.0,7.0,3.0,8.0,5.000584958242754,False,1,1,1
7.0,1.0,5.0,1.0,1.0,10.0,1.0,5.0,685.0,2.0,3.0,3.0,4.0,5.0,5.0,2.0,4.0,6.530877627725885,True,0,0,0
6.0,3.0,1.0,2.0,9.0,4.0,1.0,2.0,480.0,4.0,3.0,5.0,2.0,7.0,6.0,4.0,9.0,6.175867270105761,True,3,3,3
3.0,1.0,1.0,1.0,5.0,4.0,1.0,1.0,1800.0,2.0,4.0,2.0,4.0,6.0,6.0,4.0,6.0,7.496097345175956,True,0,0,0
3.0,1.0,2.0,2.0,8.0,6.0,2.0,1.0,0.0,2.0,4.0,4.0,3.0,3.0,3.0,2.0,4.0,0.0,False,2,2,2
5.0,1.0,2.0,2.0,6.0,5.0,1.0,1.0,840.0,2.0,4.0,2.0,4.0,10.0,9.0,4.0,10.0,6.734591659972948,True,2,2,2
4.0,2.0,3.0,2.0,9.0,3.0,1.0,1.0,0.0,2.0,3.0,2.0,3.0,8.0,7.0,2.0,7.0,0.0,False,2,2,2
3.0,1.0,1.0,1.0,5.0,5.0,1.0,1.0,450.0,2.0,3.0,2.0,4.0,8.0,7.0,3.0,6.0,6.111467339502679,True,0,0,0
3.0,1.0,4.0,2.0,1.0,5.0,1.0,1.0,0.0,2.0,4.0,3.0,3.0,5.0,5.0,2.0,5.0,0.0,False,2,2,2
2.0,1.0,2.0,2.0,10.0,3.0,1.0,1.0,80.0,3.0,4.0,2.0,3.0,0.0,6.0,4.0,10.0,4.394449154672439,False,2,2,2
2.0,1.0,2.0,1.0,5.0,6.0,2.0,1.0,720.0,2.0,2.0,2.0,2.0,6.0,5.0,3.0,6.0,6.580639137284949,True,0,0,0
3.0,1.0,2.0,1.0,5.0,6.0,2.0,1.0,742.5,1.0,4.0,2.0,4.0,8.0,8.0,4.0,8.0,6.61136876590021,True,0,0,0
6.0,1.0,2.0,1.0,6.0,5.0,2.0,1.0,405.0,1.0,5.0,2.0,3.0,7.0,7.0,5.0,8.0,6.0063531596017325,True,0,0,0
4.0,1.0,3.0,1.0,6.0,7.0,1.0,1.0,255.0,3.0,2.0,2.0,3.0,7.0,7.0,4.0,7.0,5.545177444479562,True,0,0,0
4.0,1.0,1.0,2.0,6.0,4.0,1.0,1.0,157.5,1.0,1.0,1.0,3.0,7.0,8.0,2.0,8.0,5.065754593317335,True,1,1,1
3.0,1.0,2.0,2.0,5.0,6.0,1.0,1.0,1492.5,1.0,4.0,3.0,3.0,8.0,9.0,5.0,7.0,7.308877637656164,True,2,2,2
4.0,1.0,3.0,2.0,6.0,7.0,1.0,2.0,3165.0,1.0,5.0,2.0,3.0,9.0,9.0,3.0,10.0,8.060224240440958,True,3,3,3
7.0,1.0,2.0,2.0,5.0,7.0,1.0,2.0,712.5,2.0,3.0,2.0,3.0,10.0,9.0,5.0,10.0,6.570182436916891,True,3,3,3
4.0,1.0,1.0,1.0,6.0,9.0,1.0,2.0,1235.0,1.0,3.0,3.0,4.0,8.0,8.0,4.0,5.0,7.119635638017636,True,0,0,0
6.0,1.0,1.0,2.0,1.0,3.0,1.0,5.0,240.0,2.0,4.0,2.0,2.0,10.0,8.0,3.0,8.0,5.484796933490655,True,3,3,3
4.0,1.0,2.0,2.0,6.0,4.0,1.0,1.0,187.5,3.0,4.0,3.0,3.0,7.0,7.0,3.0,8.0,5.2390980068880655,True,2,2,2
4.0,1.0,1.0,1.0,6.0,4.0,1.0,1.0,1395.0,1.0,2.0,1.0,2.0,0.0,7.0,4.0,10.0,7.241366283322318,True,0,0,0
4.0,1.0,1.0,2.0,10.0,4.0,1.0,1.0,210.0,1.0,3.0,1.0,2.0,7.0,4.0,2.0,3.0,5.351858133476067,True,1,1,1
4.0,2.0,1.0,2.0,4.0,1.0,2.0,2.0,15.0,5.0,2.0,4.0,2.0,0.0,2.0,3.0,8.0,2.772588722239781,False,3,3,3
5.0,1.0,1.0,1.0,6.0,7.0,1.0,1.0,900.0,2.0,5.0,2.0,3.0,3.0,5.0,3.0,6.0,6.803505257608338,True,0,0,0
4.0,1.0,6.0,2.0,1.0,6.0,1.0,1.0,1140.0,2.0,5.0,2.0,2.0,4.0,3.0,4.0,5.0,7.039660349862076,True,2,2,2
2.0,2.0,1.0,2.0,5.0,8.0,1.0,1.0,420.0,5.0,5.0,1.0,4.0,7.0,6.0,3.0,5.0,6.042632833682381,True,1,1,1
3.0,3.0,6.0,1.0,1.0,8.0,1.0,1.0,2100.0,1.0,1.0,1.0,4.0,10.0,10.0,4.0,10.0,7.650168700845001,True,0,0,0
7.0,6.0,1.0,1.0,10.0,4.0,2.0,5.0,0.0,3.0,3.0,3.0,3.0,9.0,9.0,2.0,9.0,0.0,False,0,0,0
6.0,1.0,1.0,2.0,7.0,8.0,1.0,1.0,1005.0,2.0,3.0,2.0,4.0,6.0,6.0,4.0,6.0,6.913737350659685,True,1,1,1
3.0,1.0,2.0,1.0,5.0,6.0,1.0,1.0,945.0,1.0,2.0,1.0,3.0,10.0,10.0,4.0,9.0,6.852242569051878,True,0,0,0
5.0,1.0,1.0,1.0,1.0,8.0,1.0,1.0,300.0,3.0,5.0,2.0,4.0,7.0,7.0,4.0,5.0,5.707110264748875,True,0,0,0
4.0,5.0,1.0,1.0,6.0,4.0,2.0,1.0,90.0,4.0,5.0,4.0,2.0,9.0,7.0,5.0,8.0,4.51085950651685,False,0,0,0
6.0,4.0,3.0,2.0,5.0,2.0,3.0,5.0,5430.0,1.0,4.0,2.0,4.0,8.0,6.0,4.0,8.0,8.599878558034845,True,3,3,3
4.0,2.0,6.0,2.0,4.0,2.0,1.0,1.0,3780.0,3.0,5.0,2.0,3.0,5.0,5.0,3.0,10.0,8.237743803890933,True,2,2,2
4.0,1.0,1.0,2.0,1.0,4.0,1.0,1.0,480.0,1.0,4.0,3.0,4.0,7.0,7.0,3.0,8.0,6.175867270105761,True,1,1,1
4.0,1.0,3.0,1.0,6.0,5.0,2.0,1.0,0.0,1.0,1.0,1.0,5.0,8.0,8.0,2.0,9.0,0.0,False,0,0,0
3.0,1.0,1.0,1.0,6.0,9.0,1.0,1.0,0.0,2.0,3.0,3.0,4.0,8.0,7.0,5.0,4.0,0.0,False,0,0,0
5.0,1.0,1.0,2.0,6.0,5.0,1.0,6.0,900.0,2.0,4.0,4.0,2.0,10.0,10.0,5.0,10.0,6.803505257608338,True,3,3,3
5.0,1.0,1.0,1.0,6.0,5.0,1.0,1.0,1320.0,1.0,3.0,1.0,3.0,8.0,8.0,4.0,8.0,7.186144304522325,True,0,0,0
6.0,3.0,1.0,2.0,7.0,5.0,2.0,5.0,0.0,5.0,4.0,4.0,3.0,5.0,5.0,5.0,7.0,0.0,False,3,3,3
2.0,1.0,6.0,2.0,10.0,2.0,1.0,1.0,495.0,1.0,5.0,1.0,2.0,9.0,9.0,5.0,10.0,6.206575926724928,True,2,2,2
5.0,1.0,2.0,2.0,6.0,2.0,1.0,1.0,840.0,3.0,2.0,2.0,3.0,10.0,9.0,5.0,6.0,6.734591659972948,True,2,2,2
4.0,1.0,1.0,1.0,5.0,4.0,1.0,1.0,510.0,3.0,4.0,2.0,3.0,8.0,8.0,4.0,7.0,6.236369590203704,True,0,0,0
3.0,1.0,2.0,2.0,5.0,6.0,4.0,8.0,3240.0,1.0,4.0,2.0,2.0,7.0,5.0,2.0,6.0,8.083637203141548,True,3,3,3
6.0,1.0,2.0,1.0,4.0,6.0,1.0,1.0,2092.5,1.0,4.0,3.0,4.0,6.0,7.0,2.0,6.0,7.646592585459198,True,0,0,0
3.0,1.0,1.0,2.0,2.0,6.0,1.0,1.0,1170.0,4.0,4.0,2.0,4.0,7.0,7.0,4.0,7.0,7.065613363597717,True,1,1,1
3.0,1.0,2.0,2.0,11.0,3.0,1.0,1.0,500.0,1.0,2.0,2.0,4.0,10.0,8.0,3.0,5.0,6.2166061010848646,True,2,2,2
4.0,1.0,3.0,1.0,1.0,5.0,1.0,1.0,330.0,1.0,4.0,1.0,4.0,7.0,8.0,3.0,7.0,5.802118375377063,True,0,0,0
5.0,1.0,4.0,2.0,9.0,5.0,1.0,2.0,2130.0,1.0,4.0,1.0,3.0,9.0,8.0,5.0,10.0,7.664346632098617,True,3,3,3
5.0,3.0,6.0,2.0,4.0,2.0,1.0,2.0,270.0,2.0,5.0,2.0,2.0,7.0,7.0,5.0,9.0,5.602118820879701,True,3,3,3
3.0,1.0,1.0,2.0,1.0,2.0,2.0,1.0,1590.0,1.0,5.0,4.0,1.0,9.0,8.0,3.0,6.0,7.372118028337787,True,1,1,1
4.0,1.0,2.0,2.0,1.0,7.0,1.0,1.0,1830.0,1.0,5.0,3.0,3.0,10.0,10.0,3.0,10.0,7.5126175446745105,True,2,2,2
3.0,1.0,3.0,1.0,5.0,2.0,2.0,1.0,895.0,1.0,5.0,2.0,3.0,9.0,8.0,5.0,8.0,6.79794041297493,True,0,0,0
5.0,1.0,1.0,1.0,1.0,7.0,1.0,1.0,772.5,2.0,4.0,3.0,3.0,4.0,4.0,2.0,5.0,6.6509256700131205,True,0,0,0
5.0,2.0,3.0,1.0,1.0,5.0,2.0,1.0,1755.0,2.0,5.0,2.0,3.0,6.0,6.0,5.0,6.0,7.470793774195062,True,0,0,0
6.0,1.0,1.0,3.0,1.0,2.0,1.0,1.0,975.0,5.0,5.0,3.0,3.0,8.0,9.0,4.0,10.0,6.883462586413092,True,1,1,1
3.0,1.0,1.0,1.0,1.0,2.0,3.0,4.0,0.0,2.0,2.0,2.0,5.0,0.0,0.0,5.0,0.0,0.0,False,0,0,0
7.0,1.0,1.0,1.0,1.0,3.0,1.0,1.0,210.0,3.0,3.0,1.0,3.0,6.0,7.0,3.0,7.0,5.351858133476067,True,0,0,0
6.0,1.0,1.0,2.0,7.0,3.0,1.0,2.0,510.0,2.0,2.0,2.0,4.0,8.0,6.0,4.0,6.0,6.236369590203704,True,3,3,3
3.0,1.0,2.0,2.0,5.0,2.0,1.0,1.0,810.0,1.0,5.0,2.0,2.0,1.0,6.0,2.0,6.0,6.698268054115413,True,2,2,2
3.0,1.0,6.0,1.0,5.0,2.0,1.0,1.0,1380.0,1.0,4.0,2.0,3.0,7.0,6.0,3.0,6.0,7.2305631534092925,True,0,0,0
6.0,1.0,1.0,2.0,4.0,2.0,1.0,7.0,30.0,3.0,4.0,3.0,3.0,4.0,4.0,1.0,4.0,3.4339872044851463,False,3,3,3
3.0,3.0,1.0,1.0,10.0,2.0,2.0,2.0,1380.0,2.0,2.0,2.0,3.0,5.0,5.0,3.0,6.0,7.2305631534092925,True,0,0,0
4.0,1.0,6.0,1.0,6.0,3.0,1.0,1.0,0.0,2.0,2.0,2.0,4.0,8.0,8.0,3.0,8.0,0.0,False,0,0,0
4.0,1.0,2.0,1.0,1.0,4.0,1.0,1.0,2520.0,1.0,4.0,2.0,3.0,7.0,7.0,2.0,6.0,7.83241092718792,True,0,0,0
4.0,1.0,6.0,1.0,2.0,3.0,1.0,1.0,3240.0,1.0,3.0,2.0,4.0,9.0,8.0,4.0,9.0,8.083637203141548,True,0,0,0
5.0,1.0,7.0,1.0,1.0,5.0,1.0,1.0,7590.0,2.0,3.0,1.0,4.0,6.0,8.0,2.0,9.0,8.934718614016768,True,0,0,0
2.0,2.0,2.0,1.0,8.0,4.0,4.0,8.0,2220.0,1.0,4.0,2.0,4.0,7.0,7.0,4.0,6.0,7.7057128238944275,True,0,0,0
3.0,3.0,1.0,2.0,11.0,4.0,3.0,2.0,210.0,1.0,4.0,2.0,3.0,5.0,5.0,2.0,7.0,5.351858133476067,True,3,3,3
4.0,1.0,6.0,2.0,6.0,3.0,1.0,1.0,3030.0,2.0,3.0,2.0,3.0,9.0,9.0,5.0,10.0,8.016647877057803,True,2,2,2
3.0,1.0,1.0,2.0,5.0,2.0,4.0,8.0,4072.5,1.0,3.0,4.0,4.0,7.0,8.0,4.0,10.0,8.312257859750696,True,3,3,3
3.0,6.0,1.0,2.0,11.0,3.0,1.0,1.0,0.0,4.0,4.0,4.0,2.0,7.0,7.0,2.0,6.0,0.0,False,3,3,3
4.0,1.0,7.0,1.0,10.0,6.0,1.0,1.0,855.0,1.0,5.0,2.0,4.0,9.0,9.0,3.0,8.0,6.752270376141742,True,0,0,0
5.0,3.0,1.0,1.0,1.0,4.0,2.0,1.0,3960.0,4.0,5.0,3.0,4.0,7.0,7.0,2.0,9.0,8.284251797621916,True,0,0,0
7.0,1.0,1.0,1.0,7.0,5.0,1.0,1.0,2210.0,2.0,3.0,1.0,4.0,9.0,8.0,4.0,9.0,7.701200180857446,True,0,0,0
3.0,1.0,1.0,1.0,2.0,4.0,1.0,1.0,1110.0,2.0,2.0,4.0,4.0,7.0,6.0,2.0,7.0,7.01301578963963,True,0,0,0
3.0,1.0,3.0,2.0,2.0,4.0,1.0,1.0,952.5,1.0,4.0,3.0,2.0,7.0,6.0,2.0,6.0,6.860139425040474,True,2,2,2
3.0,1.0,3.0,2.0,5.0,4.0,1.0,1.0,5550.0,1.0,4.0,2.0,3.0,8.0,8.0,4.0,8.0,8.621733370690162,True,2,2,2
4.0,1.0,3.0,1.0,5.0,4.0,1.0,1.0,300.0,2.0,3.0,2.0,4.0,7.0,7.0,3.0,7.0,5.707110264748875,True,0,0,0
7.0,1.0,1.0,1.0,1.0,3.0,1.0,5.0,0.0,4.0,2.0,5.0,3.0,6.0,6.0,2.0,6.0,0.0,False,0,0,0
3.0,5.0,1.0,1.0,2.0,3.0,1.0,1.0,1282.5,1.0,2.0,1.0,3.0,4.0,6.0,1.0,6.0,7.157346000311195,True,0,0,0
3.0,2.0,1.0,1.0,1.0,6.0,1.0,2.0,2455.0,1.0,4.0,4.0,3.0,7.0,8.0,1.0,8.0,7.806289289267033,True,0,0,0
4.0,1.0,1.0,1.0,1.0,6.0,1.0,1.0,6780.0,1.0,5.0,3.0,1.0,8.0,8.0,4.0,8.0,8.821879862683842,True,0,0,0
3.0,1.0,1.0,2.0,11.0,8.0,1.0,1.0,590.0,1.0,4.0,2.0,4.0,10.0,10.0,4.0,10.0,6.3818160174060985,True,1,1,1
3.0,1.0,1.0,2.0,2.0,3.0,1.0,1.0,1230.0,1.0,5.0,1.0,1.0,10.0,10.0,4.0,8.0,7.115582126184454,True,1,1,1
7.0,2.0,1.0,1.0,1.0,5.0,1.0,1.0,2335.0,1.0,2.0,1.0,4.0,7.0,7.0,4.0,8.0,7.756195343948118,True,0,0,0
6.0,2.0,4.0,1.0,1.0,4.0,2.0,1.0,0.0,2.0,4.0,3.0,2.0,7.0,5.0,2.0,6.0,0.0,False,0,0,0
2.0,2.0,4.0,1.0,10.0,3.0,3.0,9.0,3030.0,1.0,5.0,2.0,2.0,8.0,8.0,4.0,8.0,8.016647877057803,True,0,0,0
4.0,1.0,4.0,2.0,3.0,1.0,4.0,2.0,710.0,1.0,5.0,2.0,3.0,10.0,7.0,4.0,10.0,6.566672429803241,True,3,3,3
5.0,1.0,2.0,2.0,1.0,2.0,1.0,1.0,885.0,2.0,3.0,3.0,3.0,5.0,6.0,2.0,6.0,6.786716950605081,True,2,2,2
6.0,1.0,1.0,1.0,1.0,8.0,1.0,2.0,0.0,2.0,4.0,3.0,3.0,7.0,8.0,3.0,8.0,0.0,False,0,0,0
6.0,1.0,3.0,1.0,7.0,8.0,1.0,1.0,465.0,2.0,5.0,1.0,4.0,9.0,8.0,5.0,9.0,6.144185634125646,True,0,0,0
2.0,1.0,6.0,1.0,10.0,5.0,2.0,2.0,150.0,1.0,3.0,2.0,4.0,7.0,5.0,4.0,5.0,5.017279836814924,True,0,0,0
4.0,3.0,5.0,2.0,6.0,3.0,2.0,1.0,75.0,3.0,4.0,2.0,3.0,8.0,6.0,4.0,8.0,4.330733340286331,False,2,2,2
4.0,1.0,5.0,1.0,6.0,3.0,1.0,1.0,2910.0,1.0,3.0,2.0,4.0,8.0,8.0,5.0,8.0,7.976251943745623,True,0,0,0
6.0,1.0,1.0,2.0,5.0,3.0,1.0,5.0,1305.0,3.0,3.0,2.0,3.0,7.0,7.0,3.0,7.0,7.174724309836376,True,3,3,3
7.0,3.0,3.0,1.0,5.0,7.0,1.0,5.0,1035.0,1.0,3.0,3.0,3.0,8.0,8.0,3.0,6.0,6.943122422819428,True,0,0,0
4.0,1.0,3.0,1.0,6.0,5.0,1.0,1.0,135.0,2.0,5.0,3.0,4.0,9.0,9.0,5.0,9.0,4.912654885736052,False,0,0,0
6.0,1.0,1.0,1.0,7.0,10.0,1.0,5.0,937.5,1.0,4.0,2.0,4.0,9.0,8.0,5.0,8.0,6.844282856026563,True,0,0,0
3.0,1.0,3.0,1.0,10.0,10.0,1.0,1.0,1980.0,1.0,5.0,1.0,3.0,8.0,10.0,5.0,9.0,7.591357046698551,True,0,0,0
5.0,1.0,3.0,1.0,7.0,8.0,1.0,1.0,42.5,2.0,4.0,3.0,3.0,4.0,4.0,3.0,4.0,3.7727609380946383,False,0,0,0
2.0,2.0,3.0,2.0,10.0,8.0,4.0,8.0,565.0,1.0,4.0,2.0,2.0,4.0,6.0,2.0,5.0,6.338594078203183,True,3,3,3
2.0,2.0,7.0,2.0,6.0,6.0,1.0,1.0,802.5,1.0,5.0,3.0,2.0,8.0,6.0,3.0,7.0,6.688977185177567,True,2,2,2
5.0,1.0,3.0,1.0,6.0,5.0,2.0,1.0,705.0,1.0,5.0,1.0,1.0,10.0,9.0,4.0,10.0,6.559615237493242,True,0,0,0
2.0,2.0,3.0,1.0,10.0,2.0,3.0,4.0,2065.5,2.0,3.0,2.0,3.0,5.0,5.0,2.0,5.0,7.633611633951787,True,0,0,0
2.0,3.0,3.0,2.0,10.0,2.0,4.0,8.0,1602.5,3.0,4.0,3.0,3.0,4.0,0.0,1.0,5.0,7.37994401913321,True,3,3,3
6.0,3.0,1.0,2.0,1.0,4.0,1.0,1.0,0.0,1.0,1.0,1.0,3.0,0.0,0.0,1.0,0.0,0.0,False,3,3,3
4.0,1.0,3.0,2.0,1.0,3.0,2.0,1.0,795.0,1.0,5.0,1.0,3.0,6.0,7.0,3.0,5.0,6.679599185844383,True,2,2,2
4.0,1.0,3.0,1.0,1.0,3.0,1.0,1.0,1140.0,1.0,5.0,3.0,3.0,5.0,5.0,3.0,4.0,7.039660349862076,True,0,0,0
7.0,1.0,7.0,1.0,5.0,9.0,3.0,1.0,329.25,1.0,5.0,2.0,4.0,10.0,10.0,4.0,9.0,5.799849943402434,True,0,0,0
5.0,3.0,1.0,1.0,10.0,2.0,2.0,10.0,0.0,4.0,4.0,4.0,3.0,8.0,5.0,2.0,7.0,0.0,False,0,0,0
6.0,2.0,1.0,1.0,1.0,5.0,2.0,5.0,1660.0,2.0,4.0,2.0,4.0,7.0,7.0,3.0,6.0,7.415175109613295,True,0,0,0
6.0,1.0,1.0,1.0,7.0,9.0,1.0,2.0,975.0,1.0,5.0,3.0,4.0,8.0,8.0,5.0,8.0,6.883462586413092,True,0,0,0
5.0,1.0,3.0,1.0,6.0,6.0,1.0,1.0,147.5,2.0,4.0,2.0,3.0,7.0,7.0,2.0,8.0,5.000584958242754,False,0,0,0
6.0,1.0,3.0,2.0,4.0,6.0,1.0,1.0,0.0,2.0,2.0,2.0,4.0,9.0,2.0,4.0,9.0,0.0,False,2,2,2
7.0,2.0,1.0,2.0,5.0,6.0,2.0,5.0,232.5,3.0,4.0,3.0,3.0,10.0,9.0,4.0,9.0,5.453182077108952,True,3,3,3
6.0,1.0,5.0,1.0,1.0,3.0,1.0,3.0,0.0,2.0,4.0,3.0,3.0,6.0,7.0,3.0,7.0,0.0,False,0,0,0
4.0,1.0,1.0,1.0,6.0,5.0,1.0,1.0,900.0,1.0,3.0,1.0,4.0,9.0,10.0,4.0,9.0,6.803505257608338,True,0,0,0
5.0,2.0,1.0,1.0,1.0,7.0,2.0,10.0,5367.5,1.0,4.0,2.0,3.0,8.0,7.0,2.0,7.0,8.58830381887419,True,0,0,0
5.0,1.0,1.0,1.0,1.0,5.0,3.0,2.0,3180.0,1.0,3.0,1.0,4.0,8.0,8.0,3.0,7.0,8.064950891749143,True,0,0,0
4.0,1.0,6.0,2.0,6.0,3.0,1.0,1.0,172.5,4.0,5.0,3.0,4.0,3.0,2.0,2.0,5.0,5.156177599386914,True,2,2,2
2.0,1.0,1.0,2.0,10.0,4.0,1.0,1.0,60.0,2.0,4.0,2.0,2.0,5.0,8.0,3.0,4.0,4.110873864173311,False,1,1,1
5.0,1.0,3.0,2.0,10.0,1.0,1.0,10.0,225.0,2.0,4.0,2.0,3.0,6.0,6.0,2.0,8.0,5.420534999272286,True,3,3,3
4.0,1.0,4.0,1.0,5.0,5.0,2.0,1.0,67.5,1.0,5.0,3.0,4.0,7.0,7.0,3.0,10.0,4.22683374526818,False,0,0,0
7.0,1.0,1.0,2.0,1.0,6.0,1.0,2.0,2040.0,1.0,3.0,1.0,4.0,7.0,5.0,3.0,5.0,7.621195162809845,True,3,3,3
2.0,2.0,7.0,1.0,4.0,5.0,4.0,8.0,360.0,1.0,3.0,1.0,3.0,4.0,4.0,2.0,4.0,5.8888779583328805,True,0,0,0
7.0,1.0,7.0,2.0,1.0,8.0,4.0,5.0,0.0,1.0,4.0,1.0,3.0,9.0,9.0,3.0,7.0,0.0,False,3,3,3
3.0,1.0,2.0,2.0,10.0,8.0,2.0,1.0,558.75,4.0,2.0,4.0,3.0,6.0,7.0,2.0,8.0,6.327490255478864,True,2,2,2
6.0,1.0,2.0,2.0,4.0,8.0,2.0,6.0,0.0,1.0,5.0,2.0,3.0,8.0,8.0,4.0,7.0,0.0,False,3,3,3
2.0,2.0,5.0,2.0,2.0,4.0,4.0,8.0,1975.0,1.0,5.0,2.0,4.0,7.0,5.0,4.0,5.0,7.588829878307813,True,3,3,3
6.0,1.0,1.0,2.0,1.0,2.0,1.0,1.0,597.5,2.0,4.0,2.0,3.0,8.0,7.0,4.0,8.0,6.394426524998027,True,1,1,1
4.0,1.0,2.0,1.0,1.0,8.0,1.0,1.0,487.5,1.0,5.0,1.0,5.0,5.0,7.0,3.0,7.0,6.191339471482838,True,0,0,0
3.0,1.0,1.0,1.0,10.0,8.0,1.0,1.0,1905.0,2.0,5.0,1.0,4.0,8.0,7.0,3.0,7.0,7.552762084214147,True,0,0,0
5.0,1.0,1.0,1.0,5.0,8.0,1.0,2.0,1440.0,1.0,1.0,1.0,3.0,10.0,10.0,5.0,10.0,7.273092595999522,True,0,0,0
7.0,1.0,1.0,2.0,1.0,8.0,2.0,2.0,406.0,1.0,3.0,1.0,5.0,10.0,10.0,4.0,10.0,6.008813185442595,True,3,3,3
7.0,1.0,1.0,2.0,1.0,2.0,1.0,5.0,420.0,2.0,5.0,2.0,2.0,5.0,3.0,5.0,5.0,6.042632833682381,True,3,3,3
4.0,1.0,1.0,2.0,6.0,3.0,1.0,10.0,100.0,3.0,4.0,2.0,2.0,7.0,8.0,4.0,8.0,4.61512051684126,False,3,3,3
4.0,1.0,2.0,2.0,1.0,6.0,1.0,1.0,1080.0,1.0,5.0,1.0,3.0,9.0,7.0,2.0,5.0,6.985641817639208,True,2,2,2
3.0,1.0,3.0,1.0,1.0,2.0,1.0,1.0,690.0,3.0,4.0,2.0,3.0,9.0,7.0,4.0,9.0,6.53813982376767,True,0,0,0
7.0,1.0,1.0,2.0,5.0,7.0,1.0,5.0,675.0,2.0,4.0,2.0,3.0,10.0,9.0,5.0,10.0,6.516193076042964,True,3,3,3
5.0,1.0,2.0,2.0,6.0,9.0,3.0,4.0,0.0,1.0,1.0,1.0,2.0,9.0,8.0,4.0,6.0,0.0,False,3,3,3
4.0,1.0,1.0,2.0,10.0,9.0,1.0,2.0,855.0,2.0,5.0,2.0,3.0,8.0,8.0,3.0,8.0,6.752270376141742,True,3,3,3
7.0,1.0,1.0,2.0,7.0,9.0,1.0,1.0,640.0,2.0,3.0,2.0,3.0,8.0,8.0,3.0,8.0,6.46302945692067,True,1,1,1
7.0,2.0,1.0,2.0,5.0,9.0,2.0,6.0,435.0,3.0,3.0,2.0,4.0,6.0,7.0,3.0,6.0,6.077642243349034,True,3,3,3
5.0,1.0,1.0,1.0,3.0,6.0,1.0,1.0,2452.5,2.0,3.0,1.0,4.0,10.0,10.0,5.0,10.0,7.805270855529958,True,0,0,0
7.0,3.0,2.0,2.0,5.0,9.0,4.0,5.0,0.0,5.0,5.0,5.0,5.0,3.0,2.0,2.0,5.0,0.0,False,3,3,3
6.0,1.0,1.0,2.0,1.0,8.0,1.0,1.0,971.25,2.0,5.0,3.0,3.0,8.0,7.0,3.0,7.0,6.879612973035857,True,1,1,1
4.0,1.0,2.0,2.0,6.0,5.0,2.0,1.0,915.0,1.0,4.0,2.0,4.0,8.0,7.0,4.0,7.0,6.82001636467413,True,2,2,2
7.0,2.0,1.0,1.0,1.0,8.0,1.0,5.0,0.0,3.0,4.0,3.0,3.0,6.0,5.0,3.0,6.0,0.0,False,0,0,0
5.0,1.0,6.0,1.0,1.0,3.0,1.0,1.0,837.5,3.0,4.0,2.0,3.0,5.0,7.0,4.0,6.0,6.731614581263264,True,0,0,0
3.0,1.0,1.0,1.0,5.0,6.0,1.0,1.0,327.5,2.0,4.0,2.0,4.0,8.0,9.0,4.0,7.0,5.794536837924666,True,0,0,0
3.0,1.0,3.0,2.0,10.0,2.0,2.0,1.0,450.0,3.0,2.0,2.0,4.0,6.0,3.0,2.0,3.0,6.111467339502679,True,2,2,2
6.0,1.0,1.0,1.0,7.0,4.0,1.0,1.0,190.0,1.0,5.0,2.0,3.0,9.0,8.0,5.0,8.0,5.25227342804663,True,0,0,0
5.0,1.0,1.0,2.0,7.0,4.0,1.0,1.0,120.0,2.0,4.0,2.0,4.0,8.0,7.0,2.0,8.0,4.795790545596741,False,1,1,1
3.0,1.0,1.0,1.0,2.0,4.0,1.0,1.0,975.0,2.0,2.0,2.0,2.0,6.0,6.0,3.0,5.0,6.883462586413092,True,0,0,0
4.0,1.0,1.0,2.0,2.0,2.0,1.0,1.0,385.0,1.0,4.0,2.0,4.0,8.0,8.0,3.0,7.0,5.955837369464831,True,1,1,1
5.0,1.0,7.0,2.0,10.0,3.0,3.0,4.0,1406.25,2.0,5.0,1.0,3.0,7.0,5.0,2.0,9.0,7.249392724344136,True,3,3,3
3.0,1.0,6.0,1.0,5.0,2.0,1.0,1.0,1860.0,1.0,3.0,1.0,4.0,10.0,10.0,5.0,8.0,7.528869256642251,True,0,0,0
2.0,1.0,3.0,1.0,2.0,2.0,1.0,1.0,1735.0,2.0,4.0,4.0,3.0,9.0,9.0,4.0,8.0,7.459338895220296,True,0,0,0
4.0,2.0,3.0,1.0,10.0,4.0,3.0,4.0,180.0,2.0,5.0,3.0,3.0,6.0,6.0,2.0,5.0,5.198497031265826,True,0,0,0
3.0,1.0,1.0,1.0,2.0,7.0,1.0,1.0,3605.0,1.0,5.0,3.0,4.0,6.0,7.0,3.0,7.0,8.190354403763262,True,0,0,0
4.0,1.0,1.0,2.0,5.0,3.0,2.0,1.0,810.0,2.0,4.0,2.0,3.0,6.0,9.0,3.0,9.0,6.698268054115413,True,1,1,1
4.0,1.0,7.0,2.0,5.0,4.0,1.0,1.0,105.0,2.0,4.0,3.0,3.0,2.0,1.0,1.0,1.0,4.663439094112067,False,2,2,2
2.0,1.0,4.0,2.0,10.0,1.0,2.0,2.0,105.0,2.0,4.0,1.0,4.0,8.0,7.0,4.0,9.0,4.663439094112067,False,3,3,3
7.0,1.0,2.0,2.0,7.0,6.0,1.0,5.0,442.0,1.0,4.0,1.0,2.0,9.0,9.0,3.0,9.0,6.093569770045136,True,3,3,3
2.0,3.0,1.0,2.0,10.0,4.0,3.0,2.0,720.0,2.0,4.0,2.0,2.0,10.0,10.0,4.0,10.0,6.580639137284949,True,3,3,3
4.0,1.0,3.0,1.0,6.0,3.0,1.0,1.0,525.0,2.0,3.0,2.0,2.0,6.0,7.0,2.0,7.0,6.26530121273771,True,0,0,0
2.0,3.0,4.0,2.0,10.0,2.0,4.0,8.0,1842.5,4.0,4.0,2.0,4.0,5.0,6.0,2.0,6.0,7.519421217674199,True,3,3,3
2.0,3.0,4.0,2.0,10.0,2.0,4.0,8.0,10.0,2.0,5.0,2.0,4.0,6.0,6.0,3.0,7.0,2.3978952727983707,False,3,3,3
6.0,6.0,4.0,1.0,1.0,2.0,4.0,5.0,75.0,3.0,3.0,3.0,3.0,2.0,3.0,1.0,4.0,4.330733340286331,False,0,0,0
4.0,1.0,1.0,2.0,6.0,3.0,1.0,2.0,1560.0,1.0,3.0,2.0,3.0,6.0,7.0,4.0,6.0,7.353081920515432,True,3,3,3
3.0,1.0,1.0,1.0,1.0,5.0,2.0,2.0,95.0,2.0,4.0,4.0,4.0,5.0,5.0,2.0,5.0,4.564348191467836,False,0,0,0
3.0,1.0,1.0,2.0,2.0,4.0,1.0,1.0,240.0,1.0,4.0,2.0,2.0,8.0,8.0,2.0,7.0,5.484796933490655,True,1,1,1
4.0,1.0,5.0,2.0,5.0,3.0,1.0,1.0,300.0,3.0,3.0,2.0,3.0,5.0,6.0,3.0,6.0,5.707110264748875,True,2,2,2
4.0,1.0,1.0,1.0,6.0,3.0,1.0,1.0,470.0,1.0,5.0,2.0,4.0,9.0,8.0,3.0,7.0,6.154858094016418,True,0,0,0
3.0,1.0,1.0,2.0,1.0,4.0,1.0,1.0,1230.0,2.0,3.0,3.0,3.0,5.0,6.0,3.0,6.0,7.115582126184454,True,1,1,1
2.0,1.0,1.0,2.0,11.0,7.0,2.0,1.0,1170.0,1.0,2.0,2.0,4.0,8.0,8.0,2.0,9.0,7.065613363597717,True,1,1,1
2.0,1.0,1.0,2.0,1.0,7.0,1.0,1.0,466.5,2.0,2.0,2.0,4.0,6.0,7.0,3.0,7.0,6.147399348728742,True,1,1,1
4.0,1.0,1.0,1.0,1.0,4.0,1.0,1.0,847.5,1.0,4.0,2.0,2.0,3.0,2.0,1.0,4.0,6.743470084674281,True,0,0,0
2.0,1.0,1.0,2.0,10.0,9.0,1.0,1.0,1710.0,1.0,4.0,2.0,4.0,5.0,6.0,3.0,6.0,7.444833273892193,True,1,1,1
3.0,1.0,1.0,2.0,5.0,7.0,1.0,1.0,2660.0,2.0,3.0,2.0,3.0,7.0,8.0,3.0,8.0,7.886457270977689,True,1,1,1
4.0,1.0,1.0,2.0,10.0,10.0,1.0,1.0,510.0,2.0,3.0,2.0,4.0,8.0,9.0,3.0,8.0,6.236369590203704,True,1,1,1
7.0,1.0,1.0,1.0,5.0,10.0,1.0,5.0,120.0,1.0,3.0,1.0,4.0,8.0,8.0,4.0,9.0,4.795790545596741,False,0,0,0
5.0,2.0,1.0,1.0,6.0,6.0,1.0,1.0,1020.0,1.0,5.0,2.0,2.0,7.0,9.0,4.0,9.0,6.928537818164665,True,0,0,0
3.0,2.0,1.0,2.0,6.0,4.0,2.0,3.0,1087.5,2.0,4.0,2.0,4.0,6.0,6.0,3.0,5.0,6.992555880674602,True,3,3,3
7.0,1.0,1.0,1.0,5.0,10.0,1.0,5.0,4380.0,2.0,5.0,2.0,4.0,7.0,7.0,4.0,7.0,8.385032287813898,True,0,0,0
3.0,1.0,2.0,2.0,5.0,4.0,3.0,1.0,150.0,1.0,5.0,1.0,1.0,10.0,10.0,4.0,10.0,5.017279836814924,True,2,2,2
3.0,2.0,2.0,1.0,5.0,4.0,3.0,1.0,75.0,3.0,4.0,4.0,1.0,9.0,9.0,5.0,7.0,4.330733340286331,False,0,0,0
3.0,1.0,3.0,2.0,11.0,4.0,1.0,1.0,0.0,4.0,3.0,3.0,3.0,0.0,0.0,3.0,5.0,0.0,False,2,2,2
2.0,1.0,1.0,2.0,11.0,2.0,1.0,1.0,572.0,3.0,4.0,3.0,2.0,8.0,4.0,2.0,6.0,6.35088571671474,True,1,1,1
5.0,2.0,4.0,2.0,3.0,4.0,1.0,2.0,0.0,1.0,4.0,2.0,3.0,6.0,7.0,3.0,6.0,0.0,False,3,3,3
3.0,1.0,7.0,1.0,5.0,4.0,1.0,1.0,1020.0,1.0,4.0,1.0,1.0,8.0,8.0,4.0,9.0,6.928537818164665,True,0,0,0
3.0,1.0,2.0,2.0,5.0,3.0,1.0,1.0,180.0,4.0,3.0,3.0,4.0,5.0,7.0,5.0,10.0,5.198497031265826,True,2,2,2
7.0,1.0,1.0,2.0,5.0,3.0,1.0,2.0,300.0,2.0,4.0,2.0,3.0,4.0,4.0,4.0,7.0,5.707110264748875,True,3,3,3
4.0,1.0,2.0,2.0,1.0,2.0,1.0,1.0,1012.5,2.0,5.0,2.0,3.0,8.0,6.0,2.0,7.0,6.921164965892054,True,2,2,2
4.0,1.0,2.0,1.0,6.0,2.0,1.0,1.0,375.0,2.0,5.0,2.0,2.0,7.0,10.0,5.0,10.0,5.929589143389895,True,0,0,0
4.0,1.0,4.0,2.0,6.0,9.0,1.0,1.0,465.0,2.0,4.0,2.0,3.0,7.0,7.0,4.0,10.0,6.144185634125646,True,2,2,2
4.0,1.0,4.0,1.0,6.0,9.0,1.0,1.0,1050.0,1.0,3.0,2.0,3.0,9.0,9.0,4.0,10.0,6.957497370876951,True,0,0,0
5.0,1.0,1.0,2.0,6.0,9.0,1.0,6.0,390.0,3.0,3.0,3.0,4.0,6.0,7.0,3.0,7.0,5.968707559985366,True,3,3,3
6.0,1.0,1.0,1.0,5.0,8.0,2.0,5.0,128.75,2.0,3.0,3.0,3.0,8.0,7.0,5.0,8.0,4.865609522045998,False,0,0,0
5.0,3.0,3.0,2.0,5.0,8.0,3.0,10.0,0.0,3.0,3.0,3.0,4.0,8.0,8.0,5.0,8.0,0.0,False,3,3,3
4.0,1.0,3.0,2.0,6.0,5.0,1.0,1.0,21.25,1.0,4.0,1.0,4.0,10.0,10.0,4.0,10.0,3.1023420086122493,False,2,2,2
3.0,1.0,3.0,1.0,1.0,6.0,1.0,1.0,1760.0,2.0,4.0,2.0,4.0,8.0,8.0,4.0,7.0,7.473637108496206,True,0,0,0
7.0,2.0,1.0,2.0,5.0,5.0,3.0,5.0,1902.5,2.0,4.0,2.0,2.0,8.0,8.0,4.0,9.0,7.551449575822552,True,3,3,3
3.0,1.0,4.0,2.0,1.0,5.0,1.0,1.0,90.0,2.0,4.0,3.0,3.0,4.0,5.0,3.0,6.0,4.51085950651685,False,2,2,2
2.0,2.0,4.0,2.0,10.0,3.0,4.0,8.0,1280.0,1.0,5.0,2.0,3.0,8.0,7.0,4.0,8.0,7.155396301896734,True,3,3,3
6.0,1.0,1.0,1.0,1.0,9.0,1.0,2.0,630.0,2.0,4.0,2.0,4.0,8.0,7.0,3.0,8.0,6.447305862541213,True,0,0,0
6.0,1.0,2.0,2.0,5.0,10.0,1.0,10.0,75.0,1.0,4.0,2.0,3.0,6.0,6.0,3.0,8.0,4.330733340286331,False,3,3,3
5.0,1.0,1.0,2.0,1.0,9.0,1.0,1.0,360.0,1.0,4.0,2.0,4.0,8.0,8.0,5.0,8.0,5.8888779583328805,True,1,1,1
6.0,1.0,1.0,1.0,1.0,5.0,3.0,1.0,480.0,2.0,4.0,2.0,3.0,8.0,7.0,3.0,7.0,6.175867270105761,True,0,0,0
6.0,1.0,3.0,2.0,6.0,9.0,1.0,1.0,1237.5,1.0,5.0,3.0,4.0,8.0,8.0,4.0,8.0,7.121656248929415,True,2,2,2
3.0,1.0,2.0,1.0,5.0,10.0,1.0,1.0,11010.0,5.0,5.0,1.0,3.0,9.0,9.0,4.0,10.0,9.306650052113591,True,0,0,0
7.0,1.0,1.0,2.0,5.0,9.0,1.0,5.0,1605.0,2.0,5.0,1.0,4.0,8.0,8.0,3.0,8.0,7.381501894506707,True,3,3,3
3.0,1.0,1.0,2.0,5.0,3.0,1.0,1.0,407.5,2.0,5.0,2.0,4.0,7.0,8.0,4.0,8.0,6.012491914300058,True,1,1,1
3.0,1.0,1.0,1.0,5.0,3.0,1.0,1.0,150.0,2.0,4.0,2.0,4.0,7.0,7.0,4.0,8.0,5.017279836814924,True,0,0,0
2.0,1.0,2.0,1.0,2.0,2.0,4.0,8.0,545.0,4.0,4.0,3.0,4.0,5.0,6.0,3.0,3.0,6.302618975744905,True,0,0,0
2.0,1.0,1.0,2.0,2.0,1.0,3.0,1.0,4440.0,1.0,4.0,2.0,4.0,7.0,8.0,2.0,8.0,8.398634855292102,True,1,1,1
3.0,1.0,1.0,2.0,2.0,3.0,1.0,1.0,195.0,1.0,4.0,5.0,4.0,6.0,7.0,3.0,5.0,5.278114659230517,True,1,1,1
2.0,1.0,1.0,3.0,10.0,4.0,4.0,8.0,915.0,2.0,5.0,3.0,3.0,9.0,9.0,4.0,9.0,6.82001636467413,True,3,3,3
5.0,1.0,2.0,2.0,5.0,2.0,1.0,1.0,1020.0,2.0,4.0,2.0,3.0,7.0,6.0,4.0,7.0,6.928537818164665,True,2,2,2
4.0,1.0,3.0,1.0,1.0,3.0,1.0,1.0,1472.5,1.0,4.0,2.0,3.0,9.0,8.0,5.0,8.0,7.295395802177749,True,0,0,0
3.0,1.0,4.0,1.0,1.0,3.0,1.0,1.0,0.0,1.0,5.0,1.0,5.0,10.0,10.0,4.0,10.0,0.0,False,0,0,0
5.0,1.0,1.0,2.0,6.0,6.0,1.0,2.0,980.0,1.0,5.0,2.0,4.0,7.0,8.0,3.0,7.0,6.8885724595653635,True,3,3,3
5.0,1.0,1.0,1.0,6.0,6.0,1.0,1.0,1247.5,2.0,4.0,2.0,4.0,9.0,9.0,4.0,10.0,7.129698109719828,True,0,0,0
3.0,1.0,2.0,2.0,6.0,2.0,1.0,1.0,480.0,2.0,4.0,2.0,4.0,8.0,10.0,5.0,10.0,6.175867270105761,True,2,2,2
3.0,1.0,2.0,1.0,5.0,5.0,1.0,1.0,255.0,1.0,4.0,2.0,2.0,10.0,10.0,5.0,8.0,5.545177444479562,True,0,0,0
4.0,1.0,3.0,2.0,5.0,9.0,1.0,1.0,75.0,3.0,3.0,4.0,2.0,6.0,6.0,4.0,6.0,4.330733340286331,False,2,2,2
5.0,1.0,2.0,1.0,7.0,4.0,1.0,1.0,45.0,3.0,3.0,3.0,3.0,8.0,8.0,3.0,8.0,3.828641396489095,False,0,0,0
4.0,1.0,3.0,2.0,6.0,8.0,2.0,1.0,1340.0,2.0,4.0,3.0,2.0,7.0,7.0,3.0,10.0,7.201170883281678,True,2,2,2
5.0,1.0,5.0,1.0,5.0,8.0,1.0,1.0,180.0,2.0,3.0,2.0,3.0,8.0,8.0,4.0,8.0,5.198497031265826,True,0,0,0
4.0,1.0,5.0,2.0,6.0,6.0,1.0,6.0,60.0,2.0,5.0,2.0,4.0,10.0,9.0,3.0,10.0,4.110873864173311,False,3,3,3
2.0,1.0,3.0,2.0,10.0,9.0,4.0,8.0,810.0,2.0,3.0,3.0,3.0,5.0,7.0,2.0,6.0,6.698268054115413,True,3,3,3
7.0,1.0,1.0,2.0,5.0,9.0,1.0,2.0,1080.0,4.0,4.0,3.0,4.0,7.0,8.0,3.0,7.0,6.985641817639208,True,3,3,3
7.0,6.0,1.0,2.0,5.0,7.0,2.0,5.0,780.0,2.0,3.0,2.0,3.0,7.0,8.0,3.0,8.0,6.660575149839686,True,3,3,3
7.0,6.0,1.0,2.0,7.0,7.0,2.0,5.0,675.0,2.0,4.0,1.0,3.0,8.0,8.0,5.0,9.0,6.516193076042964,True,3,3,3
7.0,6.0,1.0,1.0,7.0,7.0,2.0,5.0,37.5,3.0,3.0,2.0,3.0,9.0,9.0,4.0,9.0,3.6506582412937387,False,0,0,0
4.0,1.0,6.0,1.0,11.0,4.0,1.0,1.0,810.0,1.0,5.0,2.0,2.0,7.0,6.0,3.0,7.0,6.698268054115413,True,0,0,0
3.0,1.0,1.0,1.0,5.0,3.0,1.0,1.0,1642.5,1.0,4.0,2.0,4.0,8.0,7.0,4.0,7.0,7.404583393104274,True,0,0,0
2.0,2.0,4.0,1.0,10.0,2.0,3.0,4.0,0.0,2.0,4.0,2.0,4.0,7.0,7.0,4.0,6.0,0.0,False,0,0,0
2.0,1.0,3.0,2.0,1.0,2.0,4.0,8.0,502.5,1.0,5.0,2.0,2.0,4.0,5.0,3.0,3.0,6.221583712158617,True,3,3,3
4.0,1.0,1.0,1.0,5.0,2.0,1.0,1.0,1030.0,2.0,1.0,2.0,1.0,6.0,6.0,3.0,7.0,6.93828448401696,True,0,0,0
4.0,1.0,2.0,2.0,1.0,4.0,1.0,1.0,450.0,2.0,4.0,3.0,4.0,8.0,7.0,3.0,8.0,6.111467339502679,True,2,2,2
3.0,1.0,3.0,1.0,1.0,3.0,1.0,1.0,1285.0,1.0,3.0,1.0,4.0,9.0,9.0,3.0,6.0,7.1592919047975645,True,0,0,0
3.0,1.0,1.0,2.0,5.0,3.0,1.0,1.0,435.0,2.0,2.0,2.0,4.0,8.0,8.0,3.0,8.0,6.077642243349034,True,1,1,1
4.0,1.0,1.0,1.0,2.0,2.0,1.0,1.0,1330.0,2.0,3.0,2.0,4.0,7.0,6.0,3.0,5.0,7.193685818395112,True,0,0,0
5.0,1.0,1.0,2.0,5.0,4.0,2.0,1.0,0.0,1.0,3.0,1.0,4.0,7.0,7.0,1.0,7.0,0.0,False,1,1,1
3.0,3.0,4.0,2.0,3.0,8.0,1.0,6.0,110.0,2.0,2.0,2.0,4.0,7.0,7.0,2.0,8.0,4.709530201312334,False,3,3,3
5.0,1.0,1.0,1.0,1.0,9.0,1.0,1.0,565.0,2.0,3.0,3.0,2.0,5.0,4.0,3.0,6.0,6.338594078203183,True,0,0,0
4.0,1.0,1.0,1.0,6.0,8.0,1.0,1.0,470.0,2.0,4.0,1.0,4.0,10.0,8.0,4.0,6.0,6.154858094016418,True,0,0,0
7.0,3.0,1.0,2.0,5.0,6.0,1.0,10.0,1740.0,2.0,4.0,2.0,4.0,8.0,8.0,4.0,8.0,7.462214939768189,True,3,3,3
5.0,1.0,1.0,2.0,6.0,4.0,1.0,2.0,652.5,1.0,4.0,1.0,3.0,8.0,9.0,5.0,9.0,6.482342533064276,True,3,3,3
5.0,1.0,1.0,2.0,6.0,4.0,1.0,2.0,45.0,4.0,3.0,2.0,2.0,10.0,10.0,5.0,10.0,3.828641396489095,False,3,3,3
7.0,3.0,1.0,1.0,5.0,5.0,1.0,5.0,330.0,2.0,3.0,2.0,4.0,9.0,8.0,5.0,9.0,5.802118375377063,True,0,0,0
7.0,1.0,1.0,2.0,5.0,5.0,1.0,6.0,420.0,3.0,3.0,4.0,3.0,5.0,7.0,4.0,8.0,6.042632833682381,True,3,3,3
3.0,1.0,1.0,1.0,3.0,4.0,1.0,2.0,0.0,1.0,4.0,1.0,3.0,10.0,9.0,5.0,10.0,0.0,False,0,0,0
2.0,2.0,3.0,1.0,10.0,6.0,4.0,8.0,1680.0,2.0,5.0,3.0,4.0,6.0,6.0,4.0,6.0,7.427144133408616,True,0,0,0
4.0,1.0,1.0,2.0,5.0,3.0,1.0,1.0,2080.0,2.0,4.0,1.0,4.0,6.0,7.0,3.0,7.0,7.640603826393634,True,1,1,1
4.0,1.0,1.0,2.0,6.0,5.0,1.0,2.0,952.5,2.0,3.0,2.0,4.0,7.0,8.0,2.0,6.0,6.860139425040474,True,3,3,3
5.0,1.0,1.0,1.0,6.0,5.0,1.0,1.0,870.0,1.0,4.0,1.0,4.0,8.0,8.0,4.0,9.0,6.769641976852503,True,0,0,0
3.0,1.0,1.0,1.0,5.0,4.0,1.0,1.0,915.0,1.0,3.0,2.0,4.0,8.0,7.0,4.0,8.0,6.82001636467413,True,0,0,0
3.0,1.0,1.0,2.0,5.0,4.0,1.0,1.0,420.0,2.0,4.0,2.0,3.0,9.0,8.0,4.0,8.0,6.042632833682381,True,1,1,1
5.0,1.0,2.0,1.0,7.0,8.0,1.0,1.0,960.0,2.0,4.0,2.0,4.0,8.0,9.0,4.0,8.0,6.8679744089702925,True,0,0,0
4.0,1.0,1.0,1.0,1.0,7.0,1.0,1.0,922.5,2.0,5.0,2.0,3.0,9.0,9.0,5.0,9.0,6.828170799639294,True,0,0,0
2.0,3.0,1.0,2.0,10.0,9.0,4.0,8.0,3540.0,1.0,2.0,1.0,4.0,10.0,8.0,4.0,9.0,8.172164452111904,True,3,3,3
7.0,1.0,1.0,1.0,5.0,10.0,2.0,2.0,210.0,2.0,4.0,2.0,2.0,9.0,8.0,4.0,7.0,5.351858133476067,True,0,0,0
7.0,1.0,1.0,1.0,5.0,9.0,1.0,5.0,970.0,1.0,4.0,3.0,4.0,6.0,8.0,4.0,8.0,6.878326468291325,True,0,0,0
5.0,1.0,1.0,2.0,6.0,5.0,1.0,1.0,825.0,1.0,4.0,1.0,2.0,5.0,7.0,1.0,6.0,6.716594773520978,True,1,1,1
5.0,1.0,6.0,1.0,6.0,5.0,3.0,4.0,1012.5,2.0,5.0,2.0,2.0,5.0,5.0,4.0,1.0,6.921164965892054,True,0,0,0
7.0,2.0,1.0,2.0,1.0,3.0,2.0,5.0,1800.0,1.0,5.0,1.0,4.0,10.0,10.0,4.0,9.0,7.496097345175956,True,3,3,3
7.0,3.0,1.0,2.0,1.0,5.0,2.0,2.0,0.0,2.0,4.0,2.0,4.0,10.0,9.0,3.0,10.0,0.0,False,3,3,3
3.0,1.0,4.0,1.0,1.0,2.0,2.0,3.0,906.25,2.0,2.0,2.0,4.0,0.0,0.0,3.0,0.0,6.810418046093179,True,0,0,0
6.0,1.0,1.0,1.0,7.0,8.0,1.0,1.0,1468.75,1.0,4.0,2.0,4.0,6.0,8.0,4.0,8.0,7.292847597282364,True,0,0,0
4.0,1.0,3.0,2.0,2.0,6.0,1.0,1.0,0.0,3.0,2.0,3.0,3.0,2.0,2.0,1.0,3.0,0.0,False,2,2,2
3.0,1.0,2.0,1.0,5.0,8.0,1.0,1.0,645.0,2.0,5.0,2.0,3.0,5.0,8.0,3.0,8.0,6.470799503782602,True,0,0,0
5.0,1.0,2.0,1.0,6.0,8.0,1.0,1.0,0.0,2.0,4.0,2.0,3.0,6.0,7.0,3.0,8.0,0.0,False,0,0,0
4.0,1.0,1.0,1.0,6.0,7.0,1.0,1.0,2890.0,1.0,5.0,1.0,4.0,8.0,7.0,5.0,10.0,7.969357742016346,True,0,0,0
3.0,1.0,1.0,1.0,2.0,2.0,2.0,1.0,500.0,3.0,2.0,2.0,3.0,5.0,6.0,2.0,6.0,6.2166061010848646,True,0,0,0
3.0,3.0,1.0,1.0,2.0,2.0,3.0,1.0,300.0,4.0,4.0,2.0,4.0,5.0,6.0,3.0,5.0,5.707110264748875,True,0,0,0
3.0,5.0,3.0,2.0,1.0,2.0,1.0,3.0,75.0,2.0,2.0,2.0,3.0,4.0,4.0,2.0,5.0,4.330733340286331,False,3,3,3
4.0,1.0,3.0,1.0,10.0,4.0,1.0,2.0,715.0,2.0,4.0,3.0,3.0,8.0,7.0,4.0,7.0,6.573680166960646,True,0,0,0
6.0,1.0,2.0,2.0,5.0,3.0,1.0,2.0,415.0,1.0,4.0,3.0,2.0,8.0,9.0,4.0,9.0,6.030685260261263,True,3,3,3
2.0,1.0,6.0,1.0,2.0,6.0,4.0,8.0,105.0,3.0,4.0,2.0,3.0,4.0,8.0,4.0,7.0,4.663439094112067,False,0,0,0
5.0,1.0,6.0,2.0,3.0,4.0,1.0,1.0,1850.0,1.0,5.0,1.0,3.0,8.0,9.0,3.0,8.0,7.523481312573497,True,2,2,2
3.0,2.0,1.0,1.0,5.0,4.0,1.0,1.0,2450.0,2.0,4.0,1.0,3.0,7.0,6.0,4.0,7.0,7.804251383528112,True,0,0,0
3.0,1.0,2.0,2.0,5.0,4.0,1.0,1.0,600.0,3.0,3.0,2.0,3.0,8.0,8.0,2.0,8.0,6.398594934535208,True,2,2,2
5.0,1.0,5.0,2.0,7.0,8.0,1.0,6.0,360.0,2.0,3.0,1.0,4.0,10.0,9.0,3.0,9.0,5.8888779583328805,True,3,3,3
7.0,1.0,1.0,2.0,1.0,8.0,1.0,5.0,180.0,2.0,5.0,2.0,2.0,6.0,6.0,1.0,7.0,5.198497031265826,True,3,3,3
2.0,1.0,1.0,1.0,2.0,3.0,1.0,1.0,375.0,2.0,5.0,1.0,3.0,9.0,8.0,3.0,6.0,5.929589143389895,True,0,0,0
4.0,1.0,2.0,1.0,5.0,5.0,1.0,1.0,1045.0,1.0,5.0,3.0,4.0,6.0,6.0,3.0,6.0,6.952728644624869,True,0,0,0
5.0,1.0,1.0,1.0,5.0,10.0,1.0,1.0,0.0,2.0,2.0,2.0,4.0,8.0,8.0,2.0,8.0,0.0,False,0,0,0
6.0,1.0,1.0,1.0,5.0,5.0,1.0,1.0,0.0,2.0,2.0,2.0,4.0,8.0,8.0,4.0,8.0,0.0,False,0,0,0
4.0,1.0,3.0,1.0,6.0,5.0,1.0,1.0,120.0,2.0,2.0,2.0,4.0,8.0,8.0,4.0,8.0,4.795790545596741,False,0,0,0
4.0,1.0,3.0,2.0,11.0,3.0,1.0,2.0,315.0,2.0,5.0,3.0,3.0,7.0,7.0,4.0,8.0,5.755742213586912,True,3,3,3
5.0,1.0,2.0,1.0,6.0,2.0,2.0,1.0,510.5,2.0,4.0,2.0,2.0,7.0,6.0,2.0,7.0,6.2373475853916815,True,0,0,0
5.0,2.0,3.0,1.0,1.0,5.0,2.0,7.0,15.0,3.0,3.0,3.0,2.0,5.0,5.0,1.0,5.0,2.772588722239781,False,0,0,0
6.0,1.0,1.0,1.0,1.0,5.0,1.0,1.0,310.0,2.0,4.0,3.0,3.0,9.0,9.0,5.0,8.0,5.739792912179234,True,0,0,0
6.0,1.0,4.0,2.0,7.0,3.0,1.0,1.0,420.0,2.0,4.0,3.0,3.0,10.0,10.0,5.0,10.0,6.042632833682381,True,2,2,2
2.0,1.0,7.0,1.0,10.0,4.0,4.0,8.0,0.0,1.0,5.0,3.0,2.0,8.0,7.0,2.0,6.0,0.0,False,0,0,0
5.0,1.0,4.0,2.0,4.0,4.0,1.0,1.0,1880.0,2.0,1.0,4.0,2.0,10.0,10.0,5.0,9.0,7.53955882930103,True,2,2,2
6.0,3.0,1.0,2.0,1.0,3.0,3.0,4.0,510.0,2.0,4.0,3.0,2.0,10.0,8.0,5.0,10.0,6.236369590203704,True,3,3,3
6.0,1.0,4.0,2.0,1.0,2.0,2.0,1.0,1920.0,2.0,4.0,2.0,4.0,7.0,7.0,4.0,7.0,7.560601162768557,True,2,2,2
7.0,6.0,1.0,1.0,7.0,2.0,3.0,1.0,0.0,2.0,2.0,2.0,5.0,5.0,6.0,5.0,7.0,0.0,False,0,0,0
6.0,1.0,1.0,2.0,1.0,6.0,1.0,2.0,0.0,1.0,5.0,1.0,2.0,8.0,8.0,5.0,10.0,0.0,False,3,3,3
4.0,1.0,1.0,1.0,6.0,3.0,1.0,1.0,2070.0,1.0,4.0,2.0,3.0,9.0,9.0,5.0,9.0,7.635786861395585,True,0,0,0
5.0,1.0,2.0,1.0,7.0,7.0,1.0,1.0,690.0,2.0,5.0,2.0,4.0,9.0,9.0,5.0,9.0,6.53813982376767,True,0,0,0
4.0,1.0,2.0,1.0,3.0,7.0,1.0,1.0,495.0,1.0,4.0,3.0,3.0,9.0,8.0,4.0,9.0,6.206575926724928,True,0,0,0
7.0,1.0,1.0,1.0,5.0,10.0,1.0,5.0,4650.0,1.0,5.0,1.0,4.0,9.0,9.0,4.0,9.0,8.444837529224097,True,0,0,0
5.0,1.0,5.0,1.0,6.0,6.0,3.0,2.0,952.5,2.0,4.0,2.0,2.0,5.0,6.0,1.0,7.0,6.860139425040474,True,0,0,0
3.0,1.0,1.0,1.0,5.0,6.0,1.0,2.0,2190.0,1.0,4.0,3.0,2.0,8.0,6.0,4.0,8.0,7.692113339595466,True,0,0,0
5.0,1.0,3.0,1.0,7.0,6.0,2.0,1.0,60.0,1.0,3.0,3.0,3.0,10.0,10.0,5.0,10.0,4.110873864173311,False,0,0,0
2.0,1.0,1.0,1.0,2.0,1.0,1.0,1.0,600.0,3.0,5.0,1.0,5.0,10.0,9.0,2.0,10.0,6.398594934535208,True,0,0,0
5.0,2.0,2.0,2.0,6.0,6.0,2.0,2.0,3245.0,2.0,4.0,4.0,3.0,5.0,6.0,1.0,6.0,8.085178748074537,True,3,3,3
3.0,3.0,1.0,1.0,6.0,7.0,2.0,1.0,1200.0,2.0,5.0,2.0,3.0,9.0,9.0,3.0,7.0,7.0909098220799835,True,0,0,0
7.0,1.0,1.0,2.0,5.0,10.0,2.0,5.0,120.0,2.0,4.0,3.0,4.0,7.0,7.0,3.0,8.0,4.795790545596741,False,3,3,3
5.0,1.0,5.0,2.0,6.0,8.0,1.0,6.0,405.0,1.0,3.0,1.0,3.0,8.0,8.0,4.0,7.0,6.0063531596017325,True,3,3,3
5.0,1.0,3.0,1.0,1.0,10.0,1.0,1.0,0.0,3.0,5.0,2.0,3.0,0.0,2.0,1.0,3.0,0.0,False,0,0,0
4.0,1.0,1.0,2.0,6.0,10.0,1.0,2.0,600.0,3.0,5.0,3.0,4.0,8.0,8.0,5.0,9.0,6.398594934535208,True,3,3,3
2.0,3.0,1.0,2.0,9.0,2.0,4.0,8.0,1680.0,1.0,4.0,2.0,2.0,4.0,4.0,3.0,0.0,7.427144133408616,True,3,3,3
3.0,6.0,1.0,1.0,1.0,2.0,3.0,3.0,0.0,1.0,1.0,1.0,5.0,3.0,1.0,3.0,3.0,0.0,False,0,0,0
5.0,1.0,5.0,1.0,6.0,7.0,1.0,1.0,60.0,2.0,4.0,2.0,4.0,8.0,8.0,4.0,8.0,4.110873864173311,False,0,0,0
4.0,1.0,3.0,2.0,6.0,7.0,4.0,6.0,0.0,1.0,4.0,1.0,3.0,10.0,8.0,3.0,6.0,0.0,False,3,3,3
4.0,1.0,3.0,1.0,6.0,7.0,1.0,1.0,1220.0,2.0,3.0,2.0,3.0,7.0,7.0,2.0,6.0,7.107425474110705,True,0,0,0
5.0,1.0,2.0,2.0,6.0,6.0,1.0,2.0,1051.25,2.0,5.0,2.0,3.0,8.0,6.0,4.0,10.0,6.95868600765068,True,3,3,3
7.0,1.0,1.0,1.0,5.0,9.0,1.0,5.0,240.0,3.0,5.0,3.0,3.0,10.0,10.0,5.0,9.0,5.484796933490655,True,0,0,0
7.0,2.0,1.0,2.0,5.0,9.0,1.0,5.0,0.0,3.0,5.0,2.0,3.0,9.0,9.0,5.0,10.0,0.0,False,3,3,3
4.0,1.0,5.0,1.0,6.0,5.0,1.0,1.0,120.0,1.0,5.0,1.0,3.0,7.0,8.0,4.0,7.0,4.795790545596741,False,0,0,0
7.0,2.0,1.0,2.0,1.0,8.0,1.0,2.0,592.5,1.0,4.0,1.0,4.0,9.0,8.0,3.0,9.0,6.386037214049723,True,3,3,3
4.0,3.0,7.0,1.0,12.0,4.0,1.0,2.0,0.0,1.0,1.0,5.0,4.0,0.0,10.0,5.0,5.0,0.0,False,0,0,0
2.0,1.0,3.0,1.0,1.0,4.0,4.0,8.0,0.0,3.0,3.0,2.0,4.0,6.0,6.0,4.0,6.0,0.0,False,0,0,0
7.0,2.0,3.0,1.0,5.0,5.0,1.0,5.0,660.0,2.0,4.0,2.0,3.0,8.0,8.0,3.0,8.0,6.493753839851686,True,0,0,0
4.0,2.0,3.0,2.0,6.0,8.0,3.0,4.0,3270.0,3.0,3.0,3.0,4.0,4.0,5.0,2.0,6.0,8.092851027538384,True,3,3,3
6.0,1.0,3.0,2.0,7.0,6.0,2.0,2.0,1875.0,1.0,4.0,2.0,3.0,10.0,10.0,5.0,10.0,7.53689712956617,True,3,3,3
3.0,1.0,3.0,2.0,6.0,5.0,1.0,10.0,0.0,2.0,1.0,3.0,3.0,9.0,10.0,4.0,9.0,0.0,False,3,3,3
2.0,5.0,3.0,1.0,1.0,3.0,2.0,2.0,135.0,2.0,4.0,2.0,4.0,8.0,9.0,2.0,10.0,4.912654885736052,False,0,0,0
7.0,1.0,2.0,2.0,10.0,3.0,1.0,10.0,60.0,3.0,5.0,4.0,4.0,6.0,7.0,3.0,10.0,4.110873864173311,False,3,3,3
4.0,1.0,3.0,2.0,6.0,7.0,1.0,1.0,0.0,4.0,4.0,4.0,2.0,8.0,8.0,3.0,7.0,0.0,False,2,2,2
3.0,1.0,1.0,1.0,6.0,6.0,1.0,1.0,150.0,1.0,4.0,2.0,4.0,9.0,8.0,4.0,10.0,5.017279836814924,True,0,0,0
7.0,1.0,1.0,1.0,5.0,7.0,1.0,5.0,0.0,2.0,4.0,2.0,3.0,7.0,8.0,5.0,7.0,0.0,False,0,0,0
6.0,6.0,4.0,1.0,5.0,5.0,2.0,1.0,225.0,2.0,4.0,2.0,3.0,8.0,8.0,5.0,8.0,5.420534999272286,True,0,0,0
5.0,1.0,1.0,1.0,3.0,9.0,1.0,1.0,1388.0,1.0,3.0,2.0,4.0,7.0,8.0,4.0,7.0,7.236339342754344,True,0,0,0
6.0,1.0,1.0,2.0,7.0,9.0,1.0,2.0,1125.0,1.0,4.0,2.0,3.0,9.0,9.0,5.0,10.0,7.026426808699636,True,3,3,3
3.0,1.0,1.0,2.0,10.0,9.0,4.0,8.0,270.0,1.0,4.0,1.0,3.0,10.0,8.0,4.0,9.0,5.602118820879701,True,3,3,3
4.0,1.0,1.0,1.0,6.0,10.0,1.0,1.0,1267.5,1.0,4.0,2.0,3.0,6.0,6.0,3.0,7.0,7.145590379039336,True,0,0,0
5.0,1.0,1.0,2.0,5.0,8.0,1.0,1.0,930.0,3.0,1.0,1.0,5.0,8.0,5.0,1.0,0.0,6.836259277277067,True,1,1,1
5.0,2.0,1.0,1.0,5.0,8.0,2.0,1.0,45.0,1.0,3.0,1.0,5.0,5.0,7.0,3.0,5.0,3.828641396489095,False,0,0,0
6.0,2.0,1.0,2.0,1.0,8.0,1.0,5.0,375.0,1.0,3.0,2.0,4.0,10.0,8.0,3.0,8.0,5.929589143389895,True,3,3,3
5.0,1.0,1.0,1.0,5.0,8.0,2.0,1.0,4417.5,3.0,4.0,2.0,4.0,10.0,10.0,5.0,10.0,8.393555550958059,True,0,0,0
4.0,1.0,1.0,2.0,6.0,8.0,1.0,1.0,1860.0,2.0,3.0,2.0,3.0,4.0,5.0,3.0,5.0,7.528869256642251,True,1,1,1
6.0,1.0,1.0,2.0,1.0,10.0,1.0,2.0,465.0,1.0,5.0,2.0,3.0,8.0,8.0,3.0,7.0,6.144185634125646,True,3,3,3
7.0,3.0,1.0,2.0,8.0,10.0,1.0,5.0,1033.0,1.0,3.0,2.0,3.0,8.0,8.0,4.0,9.0,6.9411900550683745,True,3,3,3
7.0,3.0,1.0,1.0,1.0,8.0,2.0,5.0,7440.0,1.0,4.0,1.0,4.0,10.0,9.0,2.0,9.0,8.914760527397261,True,0,0,0
5.0,1.0,3.0,1.0,6.0,9.0,1.0,1.0,480.0,2.0,4.0,2.0,4.0,8.0,9.0,4.0,8.0,6.175867270105761,True,0,0,0
7.0,2.0,1.0,2.0,5.0,8.0,1.0,2.0,15.0,2.0,4.0,3.0,2.0,9.0,8.0,5.0,9.0,2.772588722239781,False,3,3,3
4.0,1.0,1.0,2.0,6.0,1.0,3.0,1.0,630.0,3.0,4.0,2.0,4.0,8.0,7.0,5.0,6.0,6.447305862541213,True,1,1,1
3.0,2.0,2.0,1.0,2.0,4.0,1.0,1.0,555.0,2.0,4.0,2.0,4.0,7.0,7.0,3.0,6.0,6.320768294250582,True,0,0,0
4.0,1.0,2.0,1.0,5.0,3.0,1.0,1.0,940.0,1.0,5.0,2.0,3.0,9.0,7.0,3.0,7.0,6.846943139585379,True,0,0,0
4.0,3.0,1.0,2.0,1.0,5.0,1.0,2.0,480.0,2.0,4.0,2.0,4.0,8.0,8.0,4.0,7.0,6.175867270105761,True,3,3,3
4.0,1.0,3.0,2.0,1.0,3.0,2.0,1.0,240.0,1.0,5.0,3.0,4.0,7.0,7.0,4.0,8.0,5.484796933490655,True,2,2,2
5.0,1.0,2.0,2.0,1.0,9.0,1.0,1.0,900.0,1.0,5.0,3.0,4.0,7.0,9.0,4.0,8.0,6.803505257608338,True,2,2,2
2.0,2.0,1.0,2.0,10.0,7.0,4.0,8.0,2335.0,1.0,4.0,2.0,3.0,8.0,8.0,3.0,8.0,7.756195343948118,True,3,3,3
5.0,1.0,3.0,2.0,6.0,6.0,2.0,2.0,872.5,1.0,2.0,1.0,3.0,7.0,7.0,3.0,7.0,6.772508129574112,True,3,3,3
6.0,1.0,1.0,2.0,6.0,6.0,1.0,2.0,600.0,3.0,3.0,2.0,3.0,4.0,5.0,2.0,5.0,6.398594934535208,True,3,3,3
5.0,1.0,1.0,2.0,1.0,6.0,1.0,1.0,2445.0,1.0,4.0,1.0,3.0,8.0,8.0,3.0,8.0,7.802209316247118,True,1,1,1
3.0,1.0,2.0,2.0,1.0,2.0,1.0,1.0,550.0,1.0,5.0,2.0,3.0,5.0,7.0,4.0,7.0,6.311734809152915,True,2,2,2
3.0,1.0,3.0,1.0,5.0,2.0,1.0,1.0,270.0,2.0,4.0,5.0,4.0,8.0,7.0,4.0,8.0,5.602118820879701,True,0,0,0
5.0,1.0,1.0,1.0,7.0,7.0,1.0,1.0,1740.0,1.0,5.0,2.0,3.0,9.0,8.0,3.0,9.0,7.462214939768189,True,0,0,0
3.0,1.0,5.0,2.0,5.0,5.0,1.0,1.0,360.0,1.0,3.0,2.0,3.0,6.0,6.0,1.0,6.0,5.8888779583328805,True,2,2,2
7.0,1.0,1.0,1.0,7.0,8.0,2.0,5.0,367.5,3.0,3.0,3.0,3.0,9.0,9.0,4.0,9.0,5.909440711629391,True,0,0,0
7.0,5.0,1.0,1.0,11.0,8.0,1.0,5.0,962.0,3.0,2.0,3.0,3.0,6.0,6.0,3.0,8.0,6.870053411798126,True,0,0,0
5.0,1.0,3.0,1.0,6.0,8.0,1.0,1.0,0.0,1.0,5.0,1.0,5.0,3.0,3.0,5.0,3.0,0.0,False,0,0,0
3.0,1.0,3.0,1.0,7.0,2.0,1.0,1.0,120.0,1.0,4.0,2.0,4.0,3.0,6.0,2.0,2.0,4.795790545596741,False,0,0,0
6.0,2.0,1.0,2.0,4.0,8.0,1.0,3.0,1652.5,1.0,4.0,1.0,3.0,9.0,8.0,3.0,9.0,7.410649532421847,True,3,3,3
3.0,1.0,6.0,1.0,5.0,8.0,1.0,1.0,135.0,2.0,4.0,4.0,4.0,9.0,7.0,4.0,7.0,4.912654885736052,False,0,0,0
5.0,3.0,3.0,2.0,12.0,10.0,1.0,2.0,120.0,2.0,3.0,2.0,3.0,5.0,5.0,4.0,7.0,4.795790545596741,False,3,3,3
7.0,2.0,1.0,2.0,5.0,6.0,1.0,5.0,780.0,2.0,4.0,2.0,4.0,5.0,7.0,2.0,7.0,6.660575149839686,True,3,3,3
7.0,1.0,1.0,1.0,1.0,6.0,1.0,5.0,600.0,1.0,3.0,1.0,3.0,9.0,8.0,3.0,10.0,6.398594934535208,True,0,0,0
4.0,1.0,3.0,1.0,6.0,4.0,1.0,1.0,3100.0,1.0,1.0,1.0,5.0,10.0,10.0,4.0,10.0,8.03947991910045,True,0,0,0
4.0,2.0,3.0,1.0,6.0,4.0,1.0,2.0,0.0,3.0,1.0,2.0,4.0,2.0,0.0,1.0,4.0,0.0,False,0,0,0
4.0,1.0,5.0,2.0,6.0,9.0,1.0,1.0,370.0,2.0,5.0,3.0,3.0,6.0,5.0,5.0,8.0,5.916202062607435,True,2,2,2
3.0,2.0,1.0,1.0,5.0,5.0,1.0,1.0,555.0,1.0,4.0,2.0,3.0,7.0,7.0,3.0,7.0,6.320768294250582,True,0,0,0
4.0,1.0,2.0,2.0,6.0,3.0,1.0,10.0,0.0,2.0,2.0,2.0,3.0,5.0,3.0,2.0,6.0,0.0,False,3,3,3
4.0,3.0,1.0,1.0,1.0,5.0,1.0,3.0,1967.5,1.0,4.0,1.0,4.0,8.0,7.0,4.0,8.0,7.585027110383792,True,0,0,0
3.0,3.0,2.0,1.0,5.0,3.0,1.0,1.0,840.0,1.0,3.0,2.0,3.0,7.0,7.0,4.0,9.0,6.734591659972948,True,0,0,0
2.0,1.0,4.0,1.0,10.0,5.0,1.0,1.0,1620.0,1.0,4.0,1.0,2.0,5.0,5.0,4.0,5.0,7.390798521735676,True,0,0,0
6.0,1.0,1.0,2.0,5.0,5.0,1.0,1.0,960.0,2.0,4.0,3.0,2.0,8.0,8.0,3.0,9.0,6.8679744089702925,True,1,1,1
4.0,1.0,2.0,2.0,5.0,3.0,1.0,1.0,600.0,1.0,5.0,2.0,4.0,10.0,9.0,3.0,9.0,6.398594934535208,True,2,2,2
7.0,2.0,3.0,2.0,4.0,3.0,1.0,5.0,196.0,1.0,3.0,4.0,1.0,3.0,3.0,1.0,3.0,5.2832037287379885,True,3,3,3
5.0,3.0,1.0,1.0,5.0,10.0,1.0,1.0,510.0,2.0,5.0,3.0,3.0,9.0,7.0,4.0,8.0,6.236369590203704,True,0,0,0
6.0,1.0,2.0,1.0,4.0,6.0,1.0,5.0,420.0,2.0,4.0,2.0,3.0,8.0,8.0,5.0,8.0,6.042632833682381,True,0,0,0
5.0,1.0,3.0,1.0,6.0,7.0,2.0,1.0,450.0,1.0,5.0,1.0,4.0,8.0,8.0,4.0,7.0,6.111467339502679,True,0,0,0
4.0,1.0,1.0,2.0,6.0,8.0,1.0,2.0,267.5,2.0,3.0,2.0,4.0,8.0,9.0,3.0,8.0,5.5928509139489195,True,3,3,3
5.0,2.0,3.0,1.0,6.0,6.0,1.0,1.0,195.0,1.0,3.0,2.0,3.0,6.0,6.0,4.0,8.0,5.278114659230517,True,0,0,0
2.0,3.0,1.0,2.0,10.0,9.0,4.0,8.0,982.5,3.0,2.0,2.0,4.0,7.0,7.0,2.0,9.0,6.8911176378291135,True,3,3,3
5.0,3.0,2.0,2.0,3.0,5.0,3.0,1.0,0.0,4.0,5.0,3.0,3.0,5.0,4.0,3.0,6.0,0.0,False,2,2,2
6.0,4.0,1.0,1.0,11.0,4.0,3.0,3.0,0.0,2.0,3.0,3.0,4.0,2.0,1.0,2.0,10.0,0.0,False,0,0,0
6.0,1.0,1.0,2.0,1.0,3.0,1.0,7.0,140.0,4.0,4.0,2.0,2.0,6.0,6.0,5.0,9.0,4.948759890378168,False,3,3,3
7.0,3.0,1.0,2.0,5.0,4.0,1.0,5.0,2790.0,1.0,3.0,1.0,2.0,9.0,9.0,4.0,9.0,7.934155233536322,True,3,3,3
3.0,1.0,1.0,2.0,5.0,7.0,1.0,1.0,2337.5,1.0,3.0,1.0,2.0,6.0,7.0,5.0,8.0,7.757264977165941,True,1,1,1
3.0,1.0,2.0,2.0,5.0,5.0,1.0,1.0,2310.0,1.0,5.0,4.0,3.0,10.0,9.0,4.0,8.0,7.745435610274381,True,2,2,2
6.0,1.0,1.0,1.0,1.0,8.0,1.0,5.0,1455.0,1.0,5.0,1.0,4.0,8.0,8.0,2.0,7.0,7.283448228756631,True,0,0,0
6.0,1.0,1.0,2.0,1.0,5.0,1.0,5.0,277.5,4.0,3.0,3.0,4.0,8.0,8.0,4.0,6.0,5.629418059367339,True,3,3,3
4.0,1.0,1.0,2.0,5.0,8.0,1.0,1.0,1040.0,1.0,5.0,2.0,4.0,6.0,7.0,3.0,6.0,6.947937068614969,True,1,1,1
4.0,1.0,6.0,2.0,5.0,7.0,1.0,1.0,2025.0,1.0,5.0,3.0,3.0,7.0,7.0,2.0,6.0,7.613818684808629,True,2,2,2
5.0,1.0,1.0,1.0,5.0,2.0,1.0,1.0,2739.0,1.0,4.0,2.0,2.0,6.0,8.0,4.0,8.0,7.9157131993821155,True,0,0,0
3.0,1.0,3.0,2.0,11.0,2.0,1.0,1.0,0.0,2.0,2.0,2.0,4.0,3.0,5.0,3.0,5.0,0.0,False,2,2,2
6.0,1.0,1.0,1.0,5.0,6.0,1.0,5.0,870.0,2.0,4.0,2.0,4.0,6.0,6.0,4.0,6.0,6.769641976852503,True,0,0,0
6.0,1.0,1.0,2.0,7.0,5.0,1.0,1.0,315.0,1.0,4.0,3.0,4.0,7.0,8.0,5.0,8.0,5.755742213586912,True,1,1,1
4.0,1.0,5.0,1.0,6.0,6.0,1.0,1.0,195.0,2.0,4.0,2.0,3.0,8.0,6.0,3.0,8.0,5.278114659230517,True,0,0,0
4.0,5.0,2.0,2.0,5.0,2.0,2.0,10.0,300.0,2.0,4.0,3.0,3.0,10.0,10.0,2.0,10.0,5.707110264748875,True,3,3,3
5.0,5.0,4.0,1.0,2.0,6.0,1.0,1.0,0.0,2.0,2.0,2.0,4.0,7.0,7.0,3.0,8.0,0.0,False,0,0,0
3.0,1.0,1.0,2.0,5.0,3.0,1.0,1.0,933.75,1.0,4.0,4.0,2.0,5.0,6.0,3.0,6.0,6.840279113857223,True,1,1,1
5.0,1.0,6.0,2.0,3.0,3.0,2.0,1.0,0.0,2.0,5.0,3.0,2.0,3.0,3.0,1.0,5.0,0.0,False,2,2,2
6.0,1.0,1.0,2.0,6.0,5.0,1.0,2.0,1185.0,1.0,3.0,2.0,3.0,8.0,8.0,4.0,10.0,7.078341579557671,True,3,3,3
3.0,1.0,6.0,2.0,5.0,2.0,1.0,1.0,265.0,2.0,3.0,2.0,3.0,8.0,6.0,3.0,8.0,5.583496308781699,True,2,2,2
3.0,1.0,1.0,1.0,5.0,2.0,1.0,1.0,450.0,2.0,3.0,2.0,3.0,9.0,8.0,5.0,8.0,6.111467339502679,True,0,0,0
6.0,5.0,4.0,1.0,6.0,2.0,1.0,2.0,80.0,1.0,4.0,3.0,2.0,8.0,6.0,5.0,4.0,4.394449154672439,False,0,0,0
3.0,1.0,6.0,1.0,5.0,8.0,1.0,1.0,330.0,2.0,5.0,2.0,4.0,9.0,8.0,3.0,8.0,5.802118375377063,True,0,0,0
2.0,3.0,6.0,2.0,11.0,2.0,1.0,3.0,0.0,2.0,1.0,1.0,1.0,8.0,6.0,2.0,8.0,0.0,False,3,3,3
3.0,1.0,1.0,2.0,3.0,3.0,2.0,9.0,1980.0,1.0,5.0,2.0,3.0,7.0,6.0,3.0,8.0,7.591357046698551,True,3,3,3
3.0,1.0,1.0,1.0,1.0,3.0,1.0,1.0,810.0,2.0,3.0,2.0,4.0,8.0,8.0,2.0,7.0,6.698268054115413,True,0,0,0
6.0,2.0,1.0,1.0,5.0,5.0,2.0,1.0,1335.0,2.0,5.0,2.0,1.0,8.0,8.0,3.0,9.0,7.197435354096591,True,0,0,0
7.0,2.0,1.0,1.0,7.0,4.0,1.0,1.0,450.0,3.0,3.0,3.0,4.0,5.0,3.0,1.0,5.0,6.111467339502679,True,0,0,0
3.0,1.0,2.0,2.0,2.0,2.0,1.0,1.0,955.0,1.0,3.0,3.0,4.0,7.0,7.0,3.0,7.0,6.862757913051401,True,2,2,2
4.0,1.0,1.0,2.0,6.0,2.0,1.0,2.0,342.5,2.0,5.0,2.0,4.0,8.0,8.0,4.0,9.0,5.839187111662404,True,3,3,3
4.0,1.0,5.0,1.0,1.0,4.0,1.0,1.0,240.0,2.0,3.0,2.0,2.0,6.0,6.0,2.0,6.0,5.484796933490655,True,0,0,0
4.0,1.0,2.0,2.0,1.0,3.0,1.0,1.0,1740.0,1.0,4.0,2.0,3.0,4.0,4.0,1.0,5.0,7.462214939768189,True,2,2,2
6.0,1.0,1.0,1.0,7.0,4.0,1.0,1.0,445.0,2.0,3.0,2.0,4.0,7.0,8.0,3.0,8.0,6.100318952020064,True,0,0,0
5.0,1.0,1.0,1.0,6.0,2.0,1.0,1.0,5850.0,1.0,5.0,1.0,4.0,10.0,9.0,4.0,10.0,8.674367865788236,True,0,0,0
5.0,1.0,1.0,1.0,6.0,3.0,1.0,1.0,0.0,2.0,2.0,2.0,4.0,8.0,8.0,4.0,8.0,0.0,False,0,0,0
3.0,1.0,2.0,1.0,2.0,1.0,1.0,1.0,1485.0,2.0,2.0,2.0,3.0,7.0,8.0,4.0,8.0,7.303843225277705,True,0,0,0
4.0,1.0,1.0,1.0,6.0,5.0,1.0,1.0,2092.5,1.0,4.0,2.0,4.0,9.0,8.0,4.0,7.0,7.646592585459198,True,0,0,0
3.0,1.0,1.0,1.0,5.0,6.0,1.0,1.0,2070.0,1.0,5.0,1.0,3.0,9.0,9.0,5.0,8.0,7.635786861395585,True,0,0,0
3.0,1.0,1.0,2.0,5.0,7.0,1.0,1.0,2010.0,1.0,4.0,2.0,4.0,8.0,7.0,4.0,10.0,7.606387389772652,True,1,1,1
3.0,1.0,2.0,2.0,5.0,7.0,2.0,1.0,0.0,2.0,5.0,1.0,3.0,9.0,8.0,3.0,8.0,0.0,False,2,2,2
4.0,1.0,2.0,1.0,6.0,2.0,1.0,1.0,765.0,1.0,5.0,1.0,3.0,8.0,8.0,5.0,10.0,6.641182169740591,True,0,0,0
6.0,1.0,1.0,1.0,1.0,3.0,2.0,2.0,16740.0,3.0,5.0,3.0,3.0,10.0,9.0,5.0,10.0,9.725616079415785,True,0,0,0
5.0,1.0,3.0,2.0,8.0,7.0,1.0,1.0,292.5,4.0,5.0,2.0,3.0,7.0,7.0,4.0,7.0,5.681877639268151,True,2,2,2
2.0,1.0,2.0,2.0,2.0,7.0,1.0,1.0,1885.0,1.0,4.0,4.0,4.0,8.0,7.0,2.0,6.0,7.542213463193403,True,2,2,2
2.0,1.0,2.0,2.0,2.0,7.0,4.0,3.0,150.0,3.0,3.0,2.0,3.0,10.0,9.0,3.0,9.0,5.017279836814924,True,3,3,3
2.0,2.0,5.0,1.0,2.0,7.0,4.0,8.0,3180.0,1.0,5.0,2.0,3.0,8.0,7.0,3.0,7.0,8.064950891749143,True,0,0,0
2.0,1.0,1.0,2.0,1.0,4.0,1.0,1.0,1085.0,2.0,4.0,1.0,3.0,7.0,8.0,2.0,10.0,6.990256500493881,True,1,1,1
5.0,1.0,2.0,1.0,6.0,5.0,1.0,1.0,450.0,2.0,2.0,1.0,4.0,7.0,8.0,4.0,7.0,6.111467339502679,True,0,0,0
5.0,1.0,2.0,2.0,6.0,5.0,1.0,1.0,1820.0,1.0,5.0,1.0,4.0,9.0,10.0,5.0,9.0,7.507141079727608,True,2,2,2
7.0,1.0,1.0,2.0,5.0,7.0,1.0,5.0,600.0,2.0,4.0,3.0,3.0,8.0,8.0,5.0,9.0,6.398594934535208,True,3,3,3
4.0,1.0,2.0,2.0,3.0,3.0,3.0,1.0,245.0,1.0,2.0,1.0,4.0,8.0,9.0,5.0,8.0,5.5053315359323625,True,2,2,2
5.0,1.0,2.0,2.0,1.0,8.0,1.0,1.0,915.0,2.0,4.0,3.0,4.0,7.0,5.0,2.0,7.0,6.82001636467413,True,2,2,2
4.0,1.0,7.0,2.0,1.0,6.0,1.0,1.0,1290.0,1.0,5.0,2.0,4.0,5.0,7.0,3.0,8.0,7.1631723908466425,True,2,2,2
5.0,1.0,1.0,2.0,6.0,6.0,1.0,1.0,1365.0,1.0,3.0,1.0,2.0,10.0,10.0,5.0,10.0,7.2196420401307355,True,1,1,1
6.0,1.0,6.0,2.0,1.0,3.0,2.0,10.0,397.5,1.0,5.0,4.0,4.0,8.0,5.0,3.0,10.0,5.98770749823027,True,3,3,3
3.0,6.0,2.0,1.0,10.0,3.0,2.0,2.0,1620.0,2.0,4.0,2.0,3.0,4.0,7.0,3.0,8.0,7.390798521735676,True,0,0,0
6.0,1.0,4.0,2.0,1.0,1.0,1.0,1.0,0.0,2.0,1.0,1.0,3.0,7.0,2.0,3.0,7.0,0.0,False,2,2,2
7.0,1.0,2.0,2.0,1.0,6.0,1.0,1.0,1710.0,2.0,5.0,1.0,5.0,8.0,8.0,4.0,10.0,7.444833273892193,True,2,2,2
7.0,1.0,1.0,1.0,5.0,8.0,2.0,1.0,1410.0,1.0,3.0,2.0,4.0,7.0,7.0,5.0,7.0,7.252053951852814,True,0,0,0
4.0,1.0,3.0,1.0,5.0,6.0,1.0,1.0,375.0,2.0,4.0,2.0,3.0,8.0,7.0,4.0,8.0,5.929589143389895,True,0,0,0
6.0,1.0,2.0,2.0,6.0,5.0,1.0,5.0,1410.0,2.0,4.0,2.0,4.0,9.0,9.0,5.0,9.0,7.252053951852814,True,3,3,3
5.0,1.0,1.0,1.0,1.0,8.0,1.0,1.0,755.0,2.0,4.0,2.0,3.0,6.0,6.0,2.0,5.0,6.628041376179533,True,0,0,0
3.0,1.0,7.0,2.0,10.0,6.0,1.0,1.0,1335.0,1.0,5.0,4.0,2.0,5.0,5.0,3.0,5.0,7.197435354096591,True,2,2,2
7.0,1.0,3.0,1.0,1.0,6.0,3.0,1.0,45.0,1.0,5.0,1.0,3.0,9.0,9.0,3.0,9.0,3.828641396489095,False,0,0,0
6.0,3.0,1.0,2.0,1.0,4.0,1.0,2.0,240.0,2.0,4.0,2.0,3.0,8.0,7.0,4.0,8.0,5.484796933490655,True,3,3,3
4.0,1.0,3.0,1.0,6.0,5.0,2.0,1.0,60.0,2.0,3.0,3.0,3.0,6.0,5.0,2.0,6.0,4.110873864173311,False,0,0,0
2.0,1.0,3.0,2.0,10.0,6.0,1.0,1.0,1500.0,3.0,2.0,2.0,3.0,2.0,2.0,4.0,4.0,7.313886831633462,True,2,2,2
6.0,3.0,1.0,1.0,7.0,10.0,1.0,1.0,240.0,3.0,4.0,3.0,4.0,10.0,10.0,5.0,10.0,5.484796933490655,True,0,0,0
3.0,1.0,3.0,2.0,6.0,10.0,3.0,4.0,56.25,1.0,4.0,1.0,4.0,8.0,5.0,2.0,8.0,4.047427642434349,False,3,3,3
4.0,1.0,3.0,1.0,6.0,10.0,1.0,1.0,930.0,3.0,4.0,2.0,4.0,4.0,5.0,2.0,6.0,6.836259277277067,True,0,0,0
7.0,1.0,3.0,2.0,5.0,9.0,1.0,2.0,450.0,3.0,4.0,1.0,3.0,8.0,8.0,2.0,10.0,6.111467339502679,True,3,3,3
4.0,1.0,3.0,2.0,6.0,5.0,1.0,1.0,90.0,2.0,3.0,2.0,4.0,6.0,7.0,4.0,7.0,4.51085950651685,False,2,2,2
4.0,1.0,3.0,1.0,6.0,5.0,1.0,1.0,630.0,2.0,2.0,2.0,4.0,9.0,9.0,5.0,9.0,6.447305862541213,True,0,0,0
6.0,5.0,1.0,2.0,7.0,6.0,1.0,7.0,0.0,1.0,3.0,2.0,3.0,7.0,6.0,2.0,10.0,0.0,False,3,3,3
5.0,1.0,2.0,1.0,1.0,5.0,1.0,1.0,631.5,1.0,4.0,1.0,3.0,7.0,7.0,3.0,8.0,6.4496802206016755,True,0,0,0
7.0,3.0,1.0,2.0,11.0,7.0,1.0,5.0,326.25,1.0,4.0,1.0,4.0,9.0,9.0,4.0,9.0,5.7907244047900095,True,3,3,3
4.0,1.0,3.0,2.0,6.0,9.0,1.0,2.0,280.0,2.0,5.0,2.0,3.0,9.0,9.0,3.0,9.0,5.638354669333745,True,3,3,3
4.0,1.0,3.0,1.0,6.0,9.0,1.0,1.0,240.0,2.0,2.0,2.0,3.0,9.0,9.0,5.0,10.0,5.484796933490655,True,0,0,0
7.0,3.0,1.0,1.0,5.0,9.0,1.0,5.0,0.0,2.0,2.0,1.0,4.0,8.0,8.0,5.0,8.0,0.0,False,0,0,0
7.0,3.0,1.0,1.0,5.0,6.0,2.0,5.0,570.0,2.0,3.0,2.0,4.0,7.0,8.0,3.0,8.0,6.3473892096560105,True,0,0,0
4.0,2.0,1.0,2.0,6.0,8.0,1.0,1.0,330.0,2.0,3.0,2.0,4.0,10.0,8.0,5.0,8.0,5.802118375377063,True,1,1,1
5.0,1.0,3.0,1.0,6.0,9.0,1.0,1.0,1894.5,1.0,3.0,2.0,1.0,7.0,6.0,2.0,4.0,7.54723793495639,True,0,0,0
6.0,1.0,1.0,2.0,5.0,8.0,1.0,5.0,3490.0,2.0,5.0,1.0,4.0,10.0,10.0,4.0,10.0,8.157943507105037,True,3,3,3
6.0,2.0,1.0,1.0,5.0,8.0,2.0,1.0,450.0,3.0,4.0,2.0,4.0,10.0,9.0,5.0,10.0,6.111467339502679,True,0,0,0
7.0,3.0,1.0,2.0,5.0,9.0,3.0,5.0,181.0,1.0,5.0,1.0,2.0,10.0,10.0,5.0,10.0,5.204006687076795,True,3,3,3
4.0,1.0,3.0,1.0,1.0,7.0,3.0,1.0,2100.0,2.0,5.0,2.0,3.0,9.0,7.0,4.0,8.0,7.650168700845001,True,0,0,0
4.0,2.0,3.0,2.0,6.0,6.0,2.0,1.0,1024.0,2.0,5.0,3.0,3.0,10.0,10.0,5.0,10.0,6.932447891572509,True,2,2,2
7.0,1.0,1.0,1.0,7.0,9.0,2.0,1.0,0.0,3.0,3.0,2.0,4.0,7.0,8.0,4.0,7.0,0.0,False,0,0,0
7.0,5.0,1.0,1.0,5.0,6.0,1.0,2.0,375.0,2.0,5.0,2.0,5.0,9.0,8.0,5.0,8.0,5.929589143389895,True,0,0,0
7.0,3.0,1.0,2.0,11.0,10.0,2.0,5.0,22.5,2.0,5.0,3.0,4.0,10.0,10.0,5.0,10.0,3.1570004211501135,False,3,3,3
4.0,1.0,6.0,2.0,6.0,7.0,2.0,2.0,877.5,4.0,4.0,5.0,3.0,9.0,8.0,4.0,9.0,6.7782159076271515,True,3,3,3
2.0,2.0,1.0,2.0,11.0,8.0,1.0,1.0,3920.0,2.0,5.0,1.0,4.0,7.0,7.0,3.0,7.0,8.27410200229233,True,1,1,1
6.0,1.0,2.0,2.0,5.0,6.0,1.0,1.0,1260.0,1.0,5.0,2.0,3.0,9.0,9.0,5.0,10.0,7.13966033596492,True,2,2,2
6.0,3.0,1.0,1.0,5.0,6.0,1.0,1.0,180.0,2.0,5.0,3.0,1.0,9.0,9.0,5.0,10.0,5.198497031265826,True,0,0,0
6.0,2.0,1.0,2.0,1.0,8.0,1.0,5.0,307.5,2.0,3.0,2.0,3.0,10.0,10.0,4.0,10.0,5.731721843345443,True,3,3,3
6.0,3.0,1.0,2.0,1.0,3.0,2.0,1.0,0.0,3.0,4.0,3.0,3.0,10.0,10.0,5.0,10.0,0.0,False,1,1,1
5.0,1.0,1.0,2.0,5.0,6.0,1.0,1.0,315.0,3.0,4.0,2.0,4.0,1.0,5.0,2.0,4.0,5.755742213586912,True,1,1,1
6.0,3.0,1.0,1.0,1.0,4.0,2.0,1.0,45.0,1.0,3.0,2.0,3.0,10.0,9.0,5.0,9.0,3.828641396489095,False,0,0,0
6.0,1.0,1.0,1.0,2.0,9.0,2.0,2.0,750.0,3.0,4.0,2.0,4.0,8.0,8.0,4.0,9.0,6.621405651764134,True,0,0,0
5.0,3.0,1.0,2.0,4.0,5.0,3.0,7.0,0.0,5.0,5.0,2.0,5.0,3.0,4.0,2.0,3.0,0.0,False,3,3,3
6.0,1.0,5.0,2.0,4.0,6.0,1.0,1.0,1000.0,1.0,4.0,2.0,4.0,8.0,8.0,3.0,8.0,6.90875477931522,True,2,2,2
5.0,6.0,1.0,1.0,10.0,4.0,1.0,7.0,75.0,2.0,4.0,2.0,4.0,4.0,5.0,2.0,3.0,4.330733340286331,False,0,0,0
6.0,6.0,1.0,2.0,2.0,3.0,2.0,1.0,580.0,2.0,5.0,1.0,4.0,5.0,7.0,3.0,7.0,6.364750756851911,True,1,1,1
6.0,6.0,1.0,1.0,2.0,3.0,2.0,1.0,260.0,2.0,4.0,1.0,4.0,8.0,8.0,4.0,10.0,5.564520407322694,True,0,0,0
7.0,1.0,1.0,1.0,5.0,7.0,2.0,5.0,345.0,2.0,4.0,2.0,3.0,8.0,9.0,3.0,8.0,5.846438775057725,True,0,0,0
3.0,1.0,2.0,2.0,5.0,3.0,1.0,1.0,835.0,3.0,5.0,2.0,2.0,9.0,8.0,3.0,8.0,6.728628613084702,True,2,2,2
5.0,1.0,1.0,2.0,6.0,4.0,1.0,1.0,0.0,2.0,2.0,2.0,4.0,8.0,8.0,3.0,8.0,0.0,False,1,1,1
6.0,1.0,6.0,2.0,7.0,3.0,1.0,1.0,180.0,1.0,5.0,2.0,3.0,9.0,7.0,5.0,8.0,5.198497031265826,True,2,2,2
3.0,1.0,2.0,2.0,2.0,4.0,1.0,1.0,1352.5,1.0,5.0,2.0,3.0,8.0,8.0,2.0,7.0,7.210449109054355,True,2,2,2
3.0,1.0,1.0,1.0,1.0,4.0,1.0,1.0,2025.0,2.0,3.0,2.0,4.0,6.0,7.0,3.0,7.0,7.613818684808629,True,0,0,0
6.0,1.0,4.0,2.0,1.0,2.0,2.0,10.0,1395.0,2.0,5.0,2.0,3.0,7.0,7.0,3.0,7.0,7.241366283322318,True,3,3,3
5.0,1.0,4.0,1.0,1.0,4.0,3.0,1.0,0.0,3.0,3.0,2.0,3.0,8.0,7.0,4.0,7.0,0.0,False,0,0,0
5.0,1.0,1.0,2.0,1.0,6.0,1.0,1.0,300.0,1.0,3.0,1.0,4.0,8.0,9.0,4.0,8.0,5.707110264748875,True,1,1,1
4.0,1.0,2.0,3.0,5.0,5.0,1.0,2.0,375.0,3.0,4.0,4.0,4.0,3.0,3.0,1.0,7.0,5.929589143389895,True,3,3,3
3.0,1.0,2.0,2.0,1.0,3.0,1.0,1.0,990.0,1.0,5.0,3.0,1.0,9.0,7.0,4.0,7.0,6.898714534329988,True,2,2,2
3.0,1.0,1.0,2.0,5.0,3.0,2.0,1.0,932.5,2.0,4.0,1.0,3.0,5.0,5.0,2.0,10.0,6.838940962981777,True,1,1,1
3.0,1.0,1.0,1.0,5.0,3.0,1.0,1.0,15.0,5.0,5.0,3.0,3.0,8.0,7.0,4.0,10.0,2.772588722239781,False,0,0,0
5.0,1.0,1.0,1.0,3.0,1.0,1.0,3.0,3600.0,1.0,5.0,2.0,4.0,5.0,4.0,4.0,5.0,8.188966863648876,True,0,0,0
3.0,1.0,3.0,2.0,5.0,2.0,1.0,1.0,495.0,3.0,4.0,3.0,2.0,4.0,5.0,2.0,4.0,6.206575926724928,True,2,2,2
3.0,1.0,1.0,1.0,5.0,2.0,1.0,1.0,156.25,4.0,3.0,3.0,4.0,5.0,8.0,4.0,7.0,5.05783689558055,True,0,0,0
4.0,2.0,1.0,2.0,1.0,1.0,1.0,7.0,720.0,4.0,5.0,3.0,1.0,3.0,3.0,3.0,3.0,6.580639137284949,True,3,3,3
2.0,1.0,6.0,2.0,10.0,1.0,2.0,1.0,540.0,2.0,5.0,2.0,3.0,4.0,5.0,3.0,4.0,6.293419278846481,True,2,2,2
2.0,1.0,2.0,1.0,5.0,8.0,1.0,1.0,172.5,1.0,4.0,2.0,2.0,10.0,9.0,4.0,7.0,5.156177599386914,True,0,0,0
2.0,6.0,1.0,2.0,10.0,6.0,1.0,1.0,1905.0,2.0,3.0,2.0,5.0,9.0,8.0,4.0,9.0,7.552762084214147,True,1,1,1
7.0,2.0,1.0,2.0,5.0,7.0,2.0,5.0,360.0,1.0,4.0,1.0,4.0,9.0,9.0,5.0,9.0,5.8888779583328805,True,3,3,3
5.0,1.0,2.0,1.0,6.0,4.0,1.0,1.0,1362.5,1.0,5.0,2.0,4.0,8.0,8.0,5.0,9.0,7.217810202285643,True,0,0,0
5.0,1.0,2.0,1.0,6.0,7.0,1.0,1.0,120.0,1.0,3.0,1.0,3.0,7.0,7.0,3.0,8.0,4.795790545596741,False,0,0,0
2.0,2.0,5.0,2.0,1.0,7.0,1.0,1.0,300.0,3.0,3.0,2.0,4.0,9.0,8.0,5.0,8.0,5.707110264748875,True,2,2,2
6.0,1.0,1.0,2.0,1.0,6.0,2.0,1.0,465.0,1.0,4.0,3.0,3.0,7.0,9.0,5.0,10.0,6.144185634125646,True,1,1,1
5.0,1.0,6.0,2.0,6.0,2.0,2.0,2.0,0.0,2.0,5.0,2.0,3.0,7.0,4.0,5.0,10.0,0.0,False,3,3,3
6.0,1.0,2.0,1.0,5.0,8.0,1.0,1.0,1140.0,1.0,4.0,2.0,3.0,8.0,7.0,2.0,8.0,7.039660349862076,True,0,0,0
2.0,2.0,3.0,1.0,10.0,4.0,4.0,8.0,230.0,3.0,4.0,2.0,4.0,9.0,7.0,3.0,6.0,5.442417710521793,True,0,0,0
2.0,3.0,3.0,1.0,10.0,4.0,4.0,8.0,1200.0,1.0,4.0,2.0,3.0,8.0,9.0,4.0,8.0,7.0909098220799835,True,0,0,0
6.0,1.0,3.0,2.0,4.0,6.0,1.0,5.0,1410.0,1.0,3.0,2.0,3.0,9.0,8.0,4.0,10.0,7.252053951852814,True,3,3,3
7.0,1.0,1.0,2.0,1.0,7.0,1.0,2.0,1165.0,2.0,5.0,3.0,4.0,8.0,8.0,3.0,8.0,7.061334366910438,True,3,3,3
6.0,1.0,6.0,2.0,1.0,2.0,1.0,1.0,282.5,2.0,5.0,3.0,4.0,8.0,7.0,5.0,7.0,5.647212123167807,True,2,2,2
4.0,1.0,3.0,1.0,5.0,5.0,1.0,1.0,285.0,3.0,2.0,1.0,4.0,9.0,9.0,4.0,10.0,5.655991810819852,True,0,0,0
2.0,1.0,3.0,1.0,10.0,9.0,4.0,8.0,0.0,1.0,4.0,2.0,4.0,8.0,8.0,3.0,8.0,0.0,False,0,0,0
4.0,1.0,1.0,1.0,6.0,10.0,1.0,1.0,1192.0,1.0,4.0,2.0,4.0,6.0,7.0,2.0,7.0,7.084226422097916,True,0,0,0
3.0,1.0,1.0,2.0,6.0,10.0,1.0,2.0,570.0,1.0,4.0,2.0,4.0,9.0,9.0,4.0,7.0,6.3473892096560105,True,3,3,3
4.0,1.0,3.0,1.0,1.0,9.0,4.0,1.0,90.0,1.0,4.0,2.0,4.0,6.0,7.0,2.0,8.0,4.51085950651685,False,0,0,0
4.0,1.0,1.0,1.0,6.0,8.0,1.0,1.0,1245.0,1.0,5.0,1.0,4.0,8.0,8.0,4.0,8.0,7.1276936993473985,True,0,0,0
7.0,2.0,1.0,2.0,5.0,5.0,1.0,5.0,120.0,3.0,4.0,3.0,3.0,7.0,7.0,5.0,6.0,4.795790545596741,False,3,3,3
5.0,1.0,1.0,1.0,6.0,8.0,1.0,1.0,1257.5,1.0,5.0,2.0,4.0,7.0,7.0,5.0,5.0,7.1376758145753705,True,0,0,0
6.0,1.0,1.0,2.0,5.0,7.0,1.0,1.0,855.0,1.0,5.0,2.0,3.0,6.0,6.0,4.0,8.0,6.752270376141742,True,1,1,1
6.0,5.0,1.0,2.0,5.0,8.0,2.0,10.0,442.5,1.0,4.0,1.0,3.0,10.0,9.0,4.0,9.0,6.094697801749634,True,3,3,3
7.0,1.0,1.0,1.0,5.0,3.0,1.0,5.0,570.0,1.0,4.0,2.0,4.0,8.0,7.0,3.0,5.0,6.3473892096560105,True,0,0,0
3.0,1.0,1.0,2.0,2.0,5.0,1.0,1.0,792.5,1.0,5.0,1.0,4.0,8.0,7.0,5.0,6.0,6.676453539966464,True,1,1,1
3.0,1.0,1.0,2.0,2.0,5.0,1.0,1.0,2075.0,1.0,4.0,2.0,2.0,4.0,8.0,3.0,5.0,7.638198244285779,True,1,1,1
4.0,1.0,3.0,2.0,5.0,3.0,1.0,1.0,340.0,2.0,2.0,4.0,3.0,5.0,7.0,1.0,6.0,5.831882477283517,True,2,2,2
3.0,1.0,4.0,2.0,3.0,2.0,3.0,4.0,0.0,1.0,4.0,2.0,2.0,6.0,5.0,1.0,7.0,0.0,False,3,3,3
7.0,1.0,1.0,2.0,1.0,8.0,2.0,5.0,140.0,3.0,4.0,2.0,4.0,4.0,4.0,2.0,3.0,4.948759890378168,False,3,3,3
7.0,1.0,4.0,2.0,5.0,5.0,1.0,2.0,6180.0,2.0,3.0,1.0,4.0,10.0,9.0,4.0,8.0,8.729235349659273,True,3,3,3
3.0,1.0,2.0,2.0,1.0,6.0,1.0,1.0,1016.5,1.0,5.0,2.0,4.0,6.0,8.0,3.0,8.0,6.92510391731675,True,2,2,2
6.0,1.0,1.0,2.0,1.0,3.0,1.0,1.0,330.0,2.0,5.0,3.0,2.0,5.0,6.0,3.0,7.0,5.802118375377063,True,1,1,1
5.0,1.0,2.0,2.0,6.0,3.0,1.0,6.0,120.0,3.0,4.0,3.0,2.0,10.0,8.0,5.0,8.0,4.795790545596741,False,3,3,3
3.0,1.0,3.0,1.0,6.0,4.0,2.0,1.0,0.0,2.0,5.0,2.0,3.0,10.0,10.0,5.0,10.0,0.0,False,0,0,0
3.0,1.0,3.0,2.0,6.0,4.0,2.0,6.0,0.0,2.0,5.0,2.0,3.0,10.0,10.0,5.0,10.0,0.0,False,3,3,3
3.0,1.0,1.0,2.0,5.0,8.0,1.0,1.0,422.5,2.0,4.0,3.0,4.0,8.0,7.0,4.0,8.0,6.048553514092109,True,1,1,1
5.0,6.0,3.0,2.0,3.0,3.0,2.0,3.0,1680.0,1.0,4.0,1.0,4.0,10.0,10.0,5.0,8.0,7.427144133408616,True,3,3,3
3.0,1.0,1.0,2.0,5.0,4.0,1.0,1.0,620.0,2.0,5.0,4.0,2.0,8.0,8.0,2.0,2.0,6.431331081933479,True,1,1,1
3.0,1.0,1.0,1.0,5.0,4.0,1.0,1.0,1690.0,2.0,4.0,4.0,1.0,6.0,5.0,3.0,3.0,7.43307534889858,True,0,0,0
3.0,1.0,1.0,2.0,5.0,5.0,1.0,1.0,2355.0,2.0,4.0,2.0,4.0,6.0,7.0,2.0,6.0,7.764720544771477,True,1,1,1
6.0,1.0,2.0,1.0,1.0,6.0,1.0,1.0,1845.0,1.0,4.0,2.0,3.0,7.0,9.0,3.0,6.0,7.520776415062797,True,0,0,0
4.0,1.0,4.0,1.0,1.0,5.0,1.0,1.0,0.0,1.0,4.0,1.0,3.0,10.0,10.0,5.0,10.0,0.0,False,0,0,0
6.0,2.0,4.0,2.0,1.0,2.0,3.0,2.0,410.0,2.0,4.0,2.0,2.0,6.0,5.0,2.0,8.0,6.018593214496234,True,3,3,3
6.0,3.0,4.0,2.0,1.0,2.0,1.0,1.0,1102.5,1.0,5.0,2.0,3.0,9.0,8.0,3.0,10.0,7.006242225696791,True,2,2,2
4.0,1.0,1.0,2.0,6.0,5.0,1.0,2.0,570.0,1.0,4.0,3.0,4.0,7.0,7.0,2.0,6.0,6.3473892096560105,True,3,3,3
4.0,1.0,1.0,2.0,3.0,3.0,1.0,1.0,502.5,3.0,4.0,2.0,4.0,5.0,7.0,2.0,8.0,6.221583712158617,True,1,1,1
6.0,2.0,1.0,2.0,7.0,4.0,2.0,1.0,0.0,3.0,4.0,4.0,3.0,8.0,9.0,3.0,7.0,0.0,False,1,1,1
4.0,3.0,4.0,2.0,1.0,2.0,1.0,6.0,0.0,3.0,4.0,3.0,4.0,5.0,3.0,2.0,5.0,0.0,False,3,3,3
4.0,1.0,2.0,2.0,1.0,2.0,1.0,1.0,2490.0,1.0,2.0,2.0,4.0,10.0,8.0,4.0,5.0,7.820439515262181,True,2,2,2
3.0,1.0,4.0,1.0,5.0,3.0,1.0,1.0,800.0,2.0,5.0,2.0,3.0,9.0,8.0,5.0,7.0,6.68586094706836,True,0,0,0
3.0,1.0,1.0,1.0,5.0,3.0,1.0,1.0,562.5,1.0,4.0,2.0,4.0,7.0,7.0,4.0,7.0,6.334167333479831,True,0,0,0
3.0,1.0,1.0,2.0,10.0,4.0,1.0,3.0,697.5,1.0,5.0,1.0,3.0,4.0,5.0,2.0,5.0,6.5489351786970165,True,3,3,3
6.0,1.0,1.0,2.0,7.0,3.0,1.0,2.0,717.5,3.0,4.0,1.0,4.0,8.0,8.0,5.0,7.0,6.5771657055190795,True,3,3,3
3.0,1.0,3.0,2.0,6.0,6.0,1.0,1.0,1620.0,1.0,3.0,2.0,4.0,8.0,7.0,4.0,8.0,7.390798521735676,True,2,2,2
7.0,1.0,6.0,2.0,1.0,4.0,1.0,5.0,190.0,5.0,5.0,4.0,4.0,7.0,8.0,4.0,7.0,5.25227342804663,True,3,3,3
4.0,1.0,6.0,1.0,10.0,6.0,1.0,1.0,5190.0,1.0,5.0,1.0,2.0,8.0,6.0,4.0,10.0,8.55468163582723,True,0,0,0
4.0,1.0,1.0,1.0,6.0,2.0,1.0,1.0,1537.5,1.0,5.0,2.0,4.0,8.0,8.0,5.0,8.0,7.338563194762097,True,0,0,0
3.0,1.0,4.0,1.0,5.0,7.0,1.0,1.0,4005.0,1.0,5.0,3.0,3.0,8.0,8.0,4.0,8.0,8.295548516225763,True,0,0,0
3.0,1.0,1.0,2.0,5.0,7.0,1.0,1.0,735.0,1.0,3.0,2.0,2.0,8.0,8.0,3.0,8.0,6.601230118728877,True,1,1,1
6.0,2.0,1.0,2.0,4.0,5.0,1.0,3.0,2640.0,3.0,5.0,3.0,3.0,10.0,7.0,4.0,10.0,7.878912912297133,True,3,3,3
3.0,1.0,5.0,2.0,5.0,7.0,1.0,1.0,1020.0,2.0,2.0,1.0,4.0,7.0,6.0,2.0,6.0,6.928537818164665,True,2,2,2
3.0,1.0,1.0,1.0,5.0,7.0,1.0,1.0,0.0,3.0,2.0,2.0,4.0,8.0,5.0,2.0,7.0,0.0,False,0,0,0
4.0,1.0,1.0,2.0,5.0,8.0,1.0,1.0,620.0,3.0,4.0,3.0,4.0,6.0,7.0,4.0,7.0,6.431331081933479,True,1,1,1
3.0,1.0,1.0,1.0,6.0,7.0,1.0,1.0,60.0,1.0,2.0,2.0,2.0,7.0,7.0,2.0,7.0,4.110873864173311,False,0,0,0
3.0,1.0,1.0,2.0,5.0,9.0,1.0,1.0,300.0,1.0,3.0,2.0,3.0,8.0,8.0,5.0,7.0,5.707110264748875,True,1,1,1
4.0,1.0,1.0,1.0,5.0,9.0,2.0,1.0,2505.0,1.0,4.0,1.0,4.0,9.0,9.0,5.0,7.0,7.826443135456014,True,0,0,0
3.0,1.0,1.0,2.0,5.0,10.0,1.0,1.0,645.0,3.0,3.0,1.0,4.0,8.0,6.0,2.0,5.0,6.470799503782602,True,1,1,1
5.0,1.0,2.0,2.0,6.0,10.0,1.0,1.0,1139.0,1.0,4.0,1.0,4.0,5.0,6.0,4.0,10.0,7.038783541388542,True,2,2,2
2.0,3.0,1.0,1.0,10.0,10.0,4.0,8.0,1578.75,1.0,3.0,3.0,5.0,9.0,8.0,4.0,7.0,7.365021885653564,True,0,0,0
7.0,1.0,1.0,2.0,1.0,9.0,1.0,2.0,210.0,2.0,4.0,1.0,3.0,9.0,8.0,4.0,8.0,5.351858133476067,True,3,3,3
4.0,1.0,3.0,2.0,6.0,5.0,3.0,6.0,630.0,1.0,3.0,2.0,4.0,8.0,8.0,4.0,5.0,6.447305862541213,True,3,3,3
6.0,1.0,4.0,1.0,7.0,5.0,2.0,1.0,1080.0,3.0,5.0,3.0,2.0,8.0,9.0,4.0,7.0,6.985641817639208,True,0,0,0
6.0,3.0,1.0,1.0,5.0,3.0,1.0,3.0,262.5,1.0,1.0,4.0,5.0,5.0,4.0,2.0,6.0,5.574053367981417,True,0,0,0
4.0,1.0,1.0,2.0,11.0,3.0,3.0,4.0,0.0,5.0,1.0,2.0,5.0,4.0,5.0,2.0,3.0,0.0,False,3,3,3
4.0,4.0,1.0,1.0,10.0,3.0,3.0,7.0,720.0,3.0,2.0,4.0,1.0,7.0,0.0,1.0,0.0,6.580639137284949,True,0,0,0
3.0,1.0,1.0,1.0,6.0,3.0,1.0,1.0,75.0,2.0,4.0,3.0,4.0,9.0,8.0,3.0,8.0,4.330733340286331,False,0,0,0
3.0,1.0,1.0,2.0,6.0,3.0,1.0,2.0,195.0,3.0,4.0,3.0,4.0,3.0,5.0,3.0,5.0,5.278114659230517,True,3,3,3
4.0,1.0,2.0,1.0,6.0,3.0,1.0,1.0,90.0,2.0,2.0,2.0,3.0,8.0,8.0,4.0,8.0,4.51085950651685,False,0,0,0
3.0,1.0,3.0,2.0,5.0,5.0,2.0,1.0,1320.0,2.0,4.0,2.0,2.0,6.0,8.0,3.0,8.0,7.186144304522325,True,2,2,2
7.0,1.0,6.0,1.0,7.0,2.0,1.0,2.0,870.0,1.0,4.0,2.0,4.0,8.0,7.0,4.0,10.0,6.769641976852503,True,0,0,0
3.0,1.0,1.0,2.0,5.0,7.0,1.0,1.0,420.0,3.0,4.0,1.0,4.0,8.0,9.0,4.0,7.0,6.042632833682381,True,1,1,1
3.0,2.0,1.0,1.0,5.0,7.0,1.0,1.0,1005.0,1.0,4.0,2.0,3.0,9.0,10.0,4.0,8.0,6.913737350659685,True,0,0,0
7.0,1.0,1.0,1.0,5.0,10.0,1.0,5.0,1215.0,2.0,3.0,2.0,3.0,8.0,8.0,4.0,8.0,7.103322062526113,True,0,0,0
4.0,1.0,3.0,2.0,6.0,4.0,1.0,6.0,120.0,3.0,5.0,2.0,4.0,8.0,8.0,5.0,10.0,4.795790545596741,False,3,3,3
2.0,6.0,3.0,2.0,10.0,4.0,4.0,8.0,450.0,2.0,4.0,3.0,2.0,9.0,9.0,4.0,10.0,6.111467339502679,True,3,3,3
4.0,2.0,2.0,2.0,1.0,2.0,1.0,1.0,1800.0,1.0,5.0,1.0,3.0,8.0,8.0,5.0,8.0,7.496097345175956,True,2,2,2
6.0,1.0,4.0,1.0,7.0,5.0,1.0,1.0,82.5,2.0,4.0,2.0,4.0,8.0,7.0,3.0,7.0,4.42484663185681,False,0,0,0
2.0,2.0,3.0,1.0,10.0,4.0,4.0,8.0,480.0,2.0,4.0,2.0,4.0,8.0,8.0,5.0,7.0,6.175867270105761,True,0,0,0
2.0,3.0,3.0,2.0,10.0,4.0,3.0,9.0,0.0,4.0,3.0,3.0,3.0,6.0,6.0,3.0,5.0,0.0,False,3,3,3
4.0,1.0,3.0,1.0,6.0,4.0,4.0,1.0,225.0,2.0,2.0,2.0,3.0,7.0,7.0,5.0,7.0,5.420534999272286,True,0,0,0
3.0,1.0,3.0,2.0,6.0,4.0,1.0,1.0,90.0,1.0,2.0,2.0,4.0,10.0,10.0,5.0,10.0,4.51085950651685,False,2,2,2
3.0,1.0,1.0,2.0,5.0,7.0,1.0,1.0,2670.0,1.0,4.0,1.0,4.0,8.0,9.0,4.0,10.0,7.890208213109961,True,1,1,1
5.0,1.0,1.0,2.0,6.0,9.0,1.0,2.0,2415.0,1.0,4.0,2.0,4.0,8.0,7.0,3.0,10.0,7.789868559054706,True,3,3,3
4.0,1.0,1.0,2.0,5.0,10.0,1.0,1.0,317.5,1.0,2.0,2.0,4.0,6.0,9.0,3.0,7.0,5.763622475012218,True,1,1,1
4.0,1.0,1.0,1.0,5.0,10.0,1.0,1.0,240.0,1.0,3.0,2.0,4.0,7.0,7.0,4.0,5.0,5.484796933490655,True,0,0,0
6.0,1.0,1.0,1.0,6.0,7.0,1.0,1.0,1012.5,1.0,4.0,1.0,4.0,10.0,9.0,5.0,10.0,6.921164965892054,True,0,0,0
4.0,1.0,1.0,2.0,1.0,10.0,3.0,1.0,315.0,4.0,4.0,1.0,4.0,7.0,8.0,2.0,4.0,5.755742213586912,True,1,1,1
5.0,1.0,1.0,1.0,6.0,9.0,2.0,1.0,1260.0,1.0,5.0,1.0,4.0,7.0,10.0,4.0,8.0,7.13966033596492,True,0,0,0
4.0,1.0,1.0,2.0,6.0,10.0,1.0,2.0,315.0,4.0,4.0,2.0,4.0,9.0,8.0,4.0,10.0,5.755742213586912,True,3,3,3
6.0,1.0,3.0,2.0,1.0,4.0,2.0,1.0,975.0,1.0,4.0,1.0,3.0,10.0,10.0,5.0,10.0,6.883462586413092,True,2,2,2
3.0,1.0,2.0,2.0,2.0,8.0,1.0,1.0,4353.75,2.0,3.0,1.0,4.0,6.0,7.0,3.0,6.0,8.379022482357572,True,2,2,2
3.0,1.0,2.0,2.0,2.0,8.0,1.0,1.0,605.0,1.0,3.0,1.0,4.0,6.0,7.0,3.0,6.0,6.406879986069314,True,2,2,2
2.0,1.0,1.0,2.0,1.0,8.0,1.0,1.0,1252.5,1.0,5.0,4.0,3.0,8.0,7.0,2.0,7.0,7.133694917598348,True,1,1,1
4.0,6.0,4.0,1.0,1.0,5.0,3.0,4.0,630.0,1.0,4.0,3.0,3.0,5.0,0.0,1.0,0.0,6.447305862541213,True,0,0,0
5.0,1.0,4.0,1.0,6.0,5.0,2.0,1.0,340.0,2.0,3.0,1.0,4.0,8.0,8.0,3.0,10.0,5.831882477283517,True,0,0,0
4.0,1.0,1.0,1.0,1.0,2.0,1.0,1.0,750.0,1.0,5.0,2.0,2.0,7.0,6.0,3.0,4.0,6.621405651764134,True,0,0,0
4.0,1.0,1.0,2.0,6.0,3.0,1.0,2.0,1265.0,1.0,4.0,1.0,4.0,4.0,5.0,5.0,5.0,7.143617602704121,True,3,3,3
4.0,1.0,1.0,1.0,6.0,3.0,1.0,1.0,1320.0,1.0,4.0,3.0,4.0,7.0,8.0,3.0,7.0,7.186144304522325,True,0,0,0
4.0,1.0,3.0,2.0,2.0,6.0,1.0,1.0,0.0,3.0,4.0,3.0,4.0,5.0,8.0,2.0,5.0,0.0,False,2,2,2
3.0,1.0,1.0,1.0,6.0,6.0,1.0,1.0,100.0,1.0,4.0,3.0,4.0,10.0,10.0,5.0,10.0,4.61512051684126,False,0,0,0
3.0,1.0,2.0,2.0,5.0,3.0,1.0,1.0,8857.5,1.0,5.0,1.0,2.0,10.0,8.0,3.0,9.0,9.089132729040491,True,2,2,2
3.0,1.0,2.0,2.0,5.0,3.0,1.0,1.0,450.0,1.0,4.0,1.0,2.0,7.0,6.0,3.0,6.0,6.111467339502679,True,2,2,2
4.0,1.0,2.0,2.0,6.0,4.0,1.0,1.0,440.0,3.0,4.0,2.0,4.0,8.0,8.0,4.0,9.0,6.089044875446846,True,2,2,2
2.0,1.0,5.0,1.0,1.0,4.0,1.0,1.0,240.0,1.0,1.0,2.0,4.0,3.0,4.0,2.0,10.0,5.484796933490655,True,0,0,0
6.0,6.0,1.0,1.0,11.0,4.0,3.0,1.0,3150.0,1.0,3.0,2.0,4.0,8.0,7.0,4.0,8.0,8.055475141757274,True,0,0,0
5.0,1.0,4.0,1.0,11.0,2.0,1.0,3.0,802.0,2.0,4.0,2.0,3.0,5.0,6.0,4.0,6.0,6.688354713946762,True,0,0,0
4.0,1.0,2.0,2.0,1.0,8.0,1.0,1.0,855.0,1.0,5.0,2.0,3.0,7.0,8.0,3.0,7.0,6.752270376141742,True,2,2,2
5.0,1.0,2.0,2.0,7.0,7.0,1.0,1.0,220.0,3.0,5.0,1.0,3.0,9.0,8.0,4.0,8.0,5.3981627015177525,True,2,2,2
4.0,1.0,3.0,2.0,10.0,6.0,1.0,2.0,0.0,2.0,4.0,2.0,4.0,8.0,7.0,4.0,8.0,0.0,False,3,3,3
2.0,3.0,1.0,2.0,10.0,8.0,4.0,8.0,1290.0,2.0,4.0,4.0,5.0,8.0,8.0,3.0,10.0,7.1631723908466425,True,3,3,3
5.0,1.0,1.0,2.0,6.0,10.0,1.0,2.0,537.5,1.0,2.0,1.0,4.0,10.0,10.0,5.0,10.0,6.288787496596443,True,3,3,3
4.0,1.0,2.0,2.0,6.0,10.0,2.0,6.0,935.0,4.0,3.0,3.0,4.0,10.0,7.0,1.0,5.0,6.841615476477592,True,3,3,3
7.0,1.0,1.0,2.0,2.0,7.0,2.0,5.0,570.0,1.0,5.0,1.0,3.0,10.0,9.0,4.0,10.0,6.3473892096560105,True,3,3,3
5.0,2.0,1.0,2.0,2.0,7.0,1.0,7.0,210.0,3.0,3.0,3.0,2.0,5.0,3.0,1.0,3.0,5.351858133476067,True,3,3,3
5.0,1.0,3.0,1.0,5.0,10.0,1.0,3.0,0.0,1.0,5.0,1.0,4.0,9.0,8.0,3.0,10.0,0.0,False,0,0,0
4.0,1.0,2.0,2.0,6.0,5.0,3.0,2.0,0.0,3.0,4.0,3.0,3.0,7.0,7.0,4.0,7.0,0.0,False,3,3,3
6.0,1.0,1.0,2.0,11.0,2.0,1.0,6.0,1680.0,2.0,4.0,1.0,1.0,3.0,7.0,1.0,7.0,7.427144133408616,True,3,3,3
3.0,1.0,1.0,2.0,1.0,3.0,1.0,1.0,2237.5,1.0,4.0,2.0,3.0,8.0,8.0,4.0,8.0,7.71356127768102,True,1,1,1
2.0,1.0,5.0,1.0,5.0,4.0,1.0,1.0,900.0,1.0,2.0,2.0,4.0,7.0,7.0,4.0,7.0,6.803505257608338,True,0,0,0
3.0,1.0,5.0,2.0,2.0,4.0,1.0,1.0,1560.0,2.0,2.0,2.0,4.0,6.0,6.0,3.0,6.0,7.353081920515432,True,2,2,2
2.0,2.0,1.0,2.0,2.0,6.0,4.0,8.0,165.0,3.0,2.0,5.0,2.0,4.0,2.0,2.0,5.0,5.111987788356544,True,3,3,3
4.0,1.0,2.0,2.0,1.0,9.0,1.0,1.0,540.0,3.0,3.0,2.0,4.0,6.0,8.0,3.0,7.0,6.293419278846481,True,2,2,2
4.0,1.0,1.0,2.0,6.0,8.0,1.0,2.0,1052.5,2.0,4.0,2.0,4.0,7.0,7.0,3.0,6.0,6.9598732332442435,True,3,3,3
4.0,1.0,1.0,2.0,6.0,2.0,1.0,1.0,870.0,2.0,5.0,2.0,3.0,9.0,9.0,4.0,8.0,6.769641976852503,True,1,1,1
4.0,1.0,7.0,2.0,5.0,4.0,1.0,1.0,3825.0,1.0,4.0,3.0,3.0,7.0,8.0,2.0,7.0,8.249575150000199,True,2,2,2
7.0,1.0,1.0,2.0,1.0,4.0,1.0,5.0,570.0,2.0,4.0,2.0,3.0,8.0,8.0,3.0,7.0,6.3473892096560105,True,3,3,3
4.0,3.0,2.0,2.0,1.0,6.0,1.0,1.0,0.0,2.0,5.0,2.0,2.0,5.0,4.0,2.0,5.0,0.0,False,2,2,2
7.0,1.0,1.0,1.0,1.0,4.0,1.0,5.0,0.0,2.0,4.0,1.0,1.0,9.0,9.0,5.0,8.0,0.0,False,0,0,0
4.0,1.0,2.0,2.0,3.0,3.0,3.0,6.0,1125.0,1.0,5.0,1.0,4.0,10.0,10.0,2.0,10.0,7.026426808699636,True,3,3,3
6.0,1.0,4.0,2.0,7.0,5.0,1.0,1.0,360.0,2.0,4.0,3.0,2.0,10.0,10.0,5.0,9.0,5.8888779583328805,True,2,2,2
5.0,1.0,1.0,2.0,1.0,6.0,1.0,2.0,1875.0,1.0,5.0,2.0,4.0,9.0,8.0,2.0,8.0,7.53689712956617,True,3,3,3
4.0,1.0,4.0,2.0,8.0,3.0,1.0,1.0,690.0,2.0,5.0,1.0,5.0,7.0,6.0,5.0,10.0,6.53813982376767,True,2,2,2
3.0,1.0,1.0,1.0,2.0,3.0,1.0,1.0,1200.0,2.0,5.0,2.0,3.0,6.0,8.0,2.0,8.0,7.0909098220799835,True,0,0,0
6.0,1.0,2.0,2.0,5.0,3.0,1.0,1.0,180.0,5.0,4.0,3.0,2.0,8.0,8.0,4.0,5.0,5.198497031265826,True,2,2,2
3.0,2.0,4.0,2.0,3.0,2.0,1.0,1.0,0.0,2.0,5.0,3.0,4.0,7.0,6.0,3.0,8.0,0.0,False,2,2,2
2.0,3.0,1.0,2.0,10.0,5.0,4.0,8.0,510.0,1.0,4.0,1.0,4.0,10.0,10.0,5.0,10.0,6.236369590203704,True,3,3,3
2.0,2.0,1.0,1.0,10.0,5.0,4.0,8.0,420.0,1.0,1.0,1.0,5.0,10.0,10.0,5.0,10.0,6.042632833682381,True,0,0,0
5.0,1.0,2.0,2.0,5.0,7.0,1.0,1.0,750.0,2.0,3.0,4.0,3.0,7.0,7.0,4.0,8.0,6.621405651764134,True,2,2,2
5.0,1.0,1.0,1.0,5.0,7.0,1.0,1.0,5265.0,2.0,4.0,2.0,4.0,10.0,10.0,5.0,10.0,8.569026340056254,True,0,0,0
4.0,1.0,1.0,1.0,5.0,7.0,1.0,1.0,3120.0,2.0,2.0,1.0,4.0,8.0,8.0,4.0,8.0,8.045908742270779,True,0,0,0
5.0,1.0,3.0,2.0,1.0,4.0,1.0,1.0,150.0,3.0,4.0,2.0,3.0,5.0,5.0,3.0,5.0,5.017279836814924,True,2,2,2
3.0,1.0,2.0,2.0,5.0,4.0,1.0,1.0,3720.0,2.0,4.0,3.0,2.0,7.0,7.0,4.0,8.0,8.221747728346623,True,2,2,2
7.0,1.0,1.0,2.0,1.0,7.0,1.0,1.0,600.0,1.0,5.0,1.0,3.0,10.0,8.0,5.0,10.0,6.398594934535208,True,1,1,1
5.0,1.0,2.0,2.0,1.0,7.0,1.0,1.0,150.0,1.0,4.0,2.0,4.0,4.0,3.0,2.0,4.0,5.017279836814924,True,2,2,2
6.0,1.0,2.0,2.0,5.0,4.0,1.0,2.0,127.5,2.0,4.0,2.0,4.0,9.0,8.0,2.0,9.0,4.855928904335275,False,3,3,3
7.0,1.0,3.0,1.0,9.0,1.0,3.0,5.0,0.0,3.0,4.0,2.0,2.0,3.0,5.0,2.0,4.0,0.0,False,0,0,0
2.0,2.0,6.0,2.0,10.0,2.0,4.0,8.0,1410.0,1.0,4.0,2.0,3.0,0.0,6.0,2.0,5.0,7.252053951852814,True,3,3,3
3.0,1.0,5.0,1.0,2.0,4.0,1.0,1.0,2237.5,1.0,3.0,3.0,4.0,4.0,6.0,3.0,7.0,7.71356127768102,True,0,0,0
5.0,1.0,2.0,2.0,5.0,5.0,3.0,1.0,0.0,1.0,3.0,1.0,4.0,8.0,8.0,4.0,8.0,0.0,False,2,2,2
6.0,1.0,1.0,1.0,5.0,5.0,1.0,1.0,1850.0,2.0,4.0,2.0,4.0,8.0,8.0,4.0,6.0,7.523481312573497,True,0,0,0
6.0,1.0,7.0,2.0,7.0,5.0,1.0,5.0,1950.0,3.0,4.0,2.0,3.0,8.0,8.0,5.0,8.0,7.576097340623111,True,3,3,3
7.0,1.0,4.0,1.0,7.0,2.0,2.0,1.0,90.0,1.0,5.0,2.0,3.0,2.0,4.0,3.0,5.0,4.51085950651685,False,0,0,0
4.0,5.0,3.0,1.0,1.0,2.0,2.0,1.0,165.0,2.0,4.0,3.0,5.0,7.0,9.0,3.0,8.0,5.111987788356544,True,0,0,0
3.0,1.0,1.0,2.0,5.0,3.0,1.0,3.0,1702.5,2.0,4.0,1.0,3.0,7.0,6.0,3.0,8.0,7.440440237101021,True,3,3,3
3.0,1.0,5.0,2.0,5.0,6.0,1.0,1.0,350.0,3.0,4.0,4.0,4.0,7.0,5.0,3.0,8.0,5.860786223465865,True,2,2,2
3.0,1.0,1.0,1.0,5.0,10.0,1.0,1.0,60.0,2.0,2.0,1.0,4.0,8.0,8.0,4.0,8.0,4.110873864173311,False,0,0,0
4.0,1.0,1.0,2.0,6.0,9.0,1.0,1.0,60.0,2.0,2.0,2.0,4.0,8.0,8.0,4.0,8.0,4.110873864173311,False,1,1,1
4.0,1.0,1.0,1.0,6.0,9.0,1.0,1.0,180.0,2.0,2.0,2.0,4.0,8.0,8.0,4.0,8.0,5.198497031265826,True,0,0,0
4.0,1.0,1.0,2.0,6.0,9.0,1.0,1.0,0.0,2.0,2.0,2.0,4.0,8.0,8.0,4.0,8.0,0.0,False,1,1,1
4.0,1.0,1.0,2.0,6.0,9.0,1.0,1.0,0.0,2.0,2.0,2.0,4.0,8.0,8.0,4.0,8.0,0.0,False,1,1,1
4.0,1.0,1.0,1.0,6.0,5.0,1.0,1.0,120.0,2.0,2.0,2.0,4.0,8.0,8.0,4.0,8.0,4.795790545596741,False,0,0,0
4.0,1.0,1.0,2.0,6.0,5.0,1.0,1.0,120.0,2.0,2.0,2.0,4.0,8.0,8.0,4.0,8.0,4.795790545596741,False,1,1,1
5.0,1.0,4.0,2.0,6.0,2.0,1.0,1.0,390.0,3.0,4.0,2.0,3.0,9.0,10.0,3.0,10.0,5.968707559985366,True,2,2,2
2.0,1.0,4.0,2.0,10.0,2.0,1.0,1.0,82.5,2.0,4.0,2.0,3.0,8.0,8.0,3.0,9.0,4.42484663185681,False,2,2,2
3.0,2.0,2.0,2.0,6.0,2.0,3.0,2.0,1110.0,5.0,3.0,2.0,3.0,4.0,3.0,3.0,2.0,7.01301578963963,True,3,3,3
4.0,1.0,4.0,2.0,6.0,5.0,3.0,4.0,1170.0,2.0,3.0,2.0,4.0,8.0,9.0,5.0,8.0,7.065613363597717,True,3,3,3
2.0,6.0,3.0,1.0,10.0,2.0,4.0,8.0,0.0,2.0,1.0,3.0,1.0,5.0,5.0,3.0,6.0,0.0,False,0,0,0
3.0,3.0,2.0,2.0,6.0,4.0,1.0,2.0,600.0,3.0,5.0,4.0,2.0,1.0,1.0,1.0,5.0,6.398594934535208,True,3,3,3
5.0,2.0,3.0,2.0,4.0,4.0,1.0,1.0,270.0,3.0,4.0,2.0,4.0,7.0,6.0,2.0,5.0,5.602118820879701,True,2,2,2
5.0,1.0,2.0,2.0,6.0,2.0,1.0,1.0,360.0,1.0,4.0,1.0,3.0,8.0,8.0,5.0,10.0,5.8888779583328805,True,2,2,2
5.0,3.0,1.0,2.0,7.0,2.0,3.0,10.0,375.0,2.0,5.0,2.0,2.0,7.0,4.0,2.0,5.0,5.929589143389895,True,3,3,3
7.0,3.0,1.0,2.0,1.0,5.0,1.0,5.0,112.5,3.0,4.0,3.0,3.0,5.0,5.0,1.0,6.0,4.7318028369214575,False,3,3,3
4.0,5.0,1.0,2.0,3.0,7.0,1.0,7.0,0.0,4.0,4.0,3.0,1.0,0.0,0.0,1.0,0.0,0.0,False,3,3,3
6.0,1.0,1.0,1.0,7.0,7.0,1.0,1.0,1650.0,3.0,3.0,4.0,2.0,7.0,8.0,4.0,8.0,7.409136443920128,True,0,0,0
2.0,3.0,1.0,1.0,10.0,8.0,4.0,8.0,10.0,2.0,3.0,4.0,3.0,10.0,10.0,2.0,10.0,2.3978952727983707,False,0,0,0
5.0,1.0,1.0,1.0,7.0,8.0,1.0,1.0,165.0,2.0,3.0,2.0,4.0,5.0,6.0,3.0,7.0,5.111987788356544,True,0,0,0
6.0,3.0,3.0,1.0,8.0,8.0,2.0,2.0,60.0,3.0,4.0,2.0,2.0,7.0,7.0,3.0,6.0,4.110873864173311,False,0,0,0
4.0,1.0,6.0,2.0,6.0,9.0,1.0,1.0,613.75,1.0,5.0,2.0,4.0,7.0,7.0,3.0,8.0,6.421215681096302,True,2,2,2
4.0,1.0,2.0,2.0,6.0,7.0,1.0,6.0,540.0,2.0,5.0,1.0,4.0,5.0,5.0,2.0,5.0,6.293419278846481,True,3,3,3
2.0,1.0,3.0,2.0,10.0,9.0,4.0,8.0,45.0,2.0,5.0,2.0,3.0,5.0,5.0,3.0,5.0,3.828641396489095,False,3,3,3
6.0,1.0,3.0,1.0,6.0,9.0,2.0,1.0,490.0,2.0,5.0,3.0,4.0,10.0,10.0,4.0,10.0,6.19644412779452,True,0,0,0
6.0,1.0,3.0,2.0,6.0,9.0,1.0,1.0,450.0,2.0,4.0,4.0,3.0,10.0,10.0,4.0,8.0,6.111467339502679,True,2,2,2
5.0,1.0,7.0,1.0,6.0,5.0,2.0,1.0,180.0,2.0,4.0,2.0,3.0,5.0,6.0,5.0,8.0,5.198497031265826,True,0,0,0
4.0,1.0,3.0,1.0,5.0,7.0,1.0,1.0,366.25,3.0,4.0,2.0,2.0,6.0,7.0,4.0,7.0,5.906042815053986,True,0,0,0
4.0,1.0,1.0,2.0,3.0,7.0,1.0,1.0,1165.0,1.0,5.0,1.0,3.0,9.0,8.0,2.0,8.0,7.061334366910438,True,1,1,1
4.0,1.0,5.0,1.0,6.0,5.0,2.0,1.0,0.0,4.0,5.0,3.0,3.0,8.0,7.0,4.0,7.0,0.0,False,0,0,0
3.0,1.0,5.0,2.0,6.0,9.0,1.0,6.0,660.0,2.0,3.0,3.0,3.0,7.0,7.0,4.0,5.0,6.493753839851686,True,3,3,3
7.0,1.0,1.0,2.0,1.0,9.0,1.0,5.0,0.0,3.0,3.0,3.0,3.0,1.0,4.0,1.0,5.0,0.0,False,3,3,3
4.0,2.0,2.0,2.0,6.0,4.0,1.0,1.0,1500.0,3.0,4.0,3.0,2.0,4.0,5.0,4.0,7.0,7.313886831633462,True,2,2,2
6.0,1.0,1.0,1.0,7.0,3.0,2.0,1.0,410.0,2.0,4.0,3.0,2.0,5.0,4.0,4.0,7.0,6.018593214496234,True,0,0,0
5.0,1.0,6.0,2.0,5.0,8.0,1.0,1.0,510.0,1.0,5.0,2.0,3.0,6.0,6.0,3.0,7.0,6.236369590203704,True,2,2,2
6.0,3.0,1.0,2.0,4.0,9.0,1.0,7.0,10.0,3.0,4.0,2.0,3.0,5.0,7.0,4.0,7.0,2.3978952727983707,False,3,3,3
4.0,5.0,2.0,2.0,6.0,4.0,1.0,1.0,815.0,2.0,4.0,1.0,2.0,9.0,8.0,4.0,9.0,6.704414354964107,True,2,2,2
4.0,1.0,2.0,1.0,6.0,4.0,1.0,1.0,330.0,2.0,3.0,2.0,2.0,3.0,3.0,3.0,5.0,5.802118375377063,True,0,0,0
5.0,1.0,3.0,1.0,6.0,4.0,1.0,1.0,0.0,3.0,2.0,4.0,3.0,4.0,4.0,2.0,5.0,0.0,False,0,0,0
5.0,6.0,3.0,1.0,7.0,4.0,2.0,1.0,240.0,1.0,1.0,1.0,5.0,10.0,10.0,4.0,5.0,5.484796933490655,True,0,0,0
2.0,3.0,3.0,1.0,11.0,6.0,4.0,8.0,3870.0,3.0,4.0,3.0,2.0,3.0,2.0,1.0,2.0,8.261268150577648,True,0,0,0
2.0,3.0,3.0,1.0,11.0,6.0,4.0,8.0,2790.0,2.0,5.0,3.0,3.0,0.0,0.0,1.0,0.0,7.934155233536322,True,0,0,0
4.0,1.0,2.0,1.0,1.0,4.0,2.0,7.0,270.0,2.0,4.0,2.0,1.0,7.0,5.0,2.0,7.0,5.602118820879701,True,0,0,0
6.0,1.0,3.0,1.0,10.0,4.0,1.0,1.0,1976.25,1.0,4.0,2.0,3.0,8.0,8.0,4.0,8.0,7.589462269399527,True,0,0,0
6.0,1.0,3.0,1.0,8.0,7.0,1.0,5.0,1270.0,1.0,5.0,2.0,3.0,8.0,7.0,3.0,8.0,7.147559271189454,True,0,0,0
3.0,5.0,6.0,2.0,6.0,2.0,3.0,6.0,105.0,3.0,4.0,2.0,1.0,4.0,7.0,1.0,5.0,4.663439094112067,False,3,3,3
3.0,3.0,6.0,1.0,6.0,2.0,2.0,1.0,270.0,2.0,4.0,3.0,2.0,9.0,8.0,5.0,7.0,5.602118820879701,True,0,0,0
3.0,1.0,4.0,2.0,2.0,3.0,1.0,1.0,2280.0,1.0,4.0,1.0,2.0,3.0,5.0,3.0,6.0,7.732369222284388,True,2,2,2
4.0,1.0,2.0,1.0,5.0,3.0,1.0,1.0,995.0,1.0,5.0,2.0,3.0,9.0,8.0,4.0,8.0,6.903747257584598,True,0,0,0
4.0,1.0,1.0,2.0,1.0,3.0,1.0,1.0,562.5,1.0,5.0,3.0,2.0,9.0,9.0,5.0,8.0,6.334167333479831,True,1,1,1
4.0,1.0,2.0,1.0,5.0,3.0,1.0,1.0,2340.0,1.0,5.0,1.0,4.0,9.0,9.0,4.0,7.0,7.75833346749091,True,0,0,0
6.0,1.0,1.0,1.0,5.0,4.0,1.0,1.0,1000.0,2.0,5.0,3.0,4.0,8.0,8.0,4.0,8.0,6.90875477931522,True,0,0,0
3.0,1.0,3.0,2.0,1.0,5.0,1.0,3.0,0.0,2.0,3.0,4.0,2.0,9.0,8.0,1.0,4.0,0.0,False,3,3,3
6.0,3.0,4.0,2.0,1.0,2.0,3.0,3.0,750.0,2.0,5.0,2.0,2.0,2.0,6.0,5.0,5.0,6.621405651764134,True,3,3,3
4.0,1.0,1.0,1.0,6.0,4.0,2.0,1.0,300.0,2.0,4.0,2.0,4.0,5.0,7.0,4.0,7.0,5.707110264748875,True,0,0,0
2.0,1.0,3.0,1.0,11.0,1.0,1.0,2.0,0.0,2.0,4.0,2.0,3.0,5.0,6.0,3.0,3.0,0.0,False,0,0,0
4.0,1.0,1.0,2.0,3.0,8.0,1.0,2.0,0.0,4.0,3.0,3.0,3.0,8.0,8.0,3.0,8.0,0.0,False,3,3,3
5.0,2.0,1.0,1.0,1.0,2.0,1.0,1.0,50.0,2.0,4.0,2.0,3.0,5.0,5.0,3.0,5.0,3.9318256327243257,False,0,0,0
3.0,1.0,5.0,1.0,5.0,8.0,1.0,1.0,135.0,3.0,5.0,1.0,5.0,8.0,7.0,2.0,6.0,4.912654885736052,False,0,0,0
3.0,1.0,5.0,2.0,5.0,8.0,1.0,6.0,1740.0,3.0,5.0,3.0,4.0,7.0,7.0,3.0,8.0,7.462214939768189,True,3,3,3
4.0,1.0,1.0,1.0,10.0,10.0,1.0,1.0,585.0,2.0,3.0,3.0,3.0,7.0,3.0,3.0,4.0,6.373319789577012,True,0,0,0
3.0,1.0,1.0,2.0,6.0,8.0,2.0,2.0,460.0,3.0,4.0,2.0,4.0,4.0,6.0,2.0,5.0,6.133398042996649,True,3,3,3
3.0,1.0,1.0,1.0,6.0,8.0,1.0,1.0,450.0,2.0,5.0,2.0,4.0,8.0,7.0,4.0,10.0,6.111467339502679,True,0,0,0
4.0,1.0,5.0,2.0,6.0,10.0,1.0,1.0,150.0,2.0,4.0,3.0,3.0,6.0,6.0,3.0,6.0,5.017279836814924,True,2,2,2
5.0,3.0,1.0,2.0,1.0,2.0,2.0,2.0,420.0,2.0,5.0,2.0,2.0,7.0,6.0,2.0,8.0,6.042632833682381,True,3,3,3
6.0,3.0,1.0,2.0,6.0,10.0,2.0,2.0,225.0,2.0,4.0,1.0,4.0,5.0,7.0,4.0,7.0,5.420534999272286,True,3,3,3
4.0,1.0,1.0,1.0,5.0,5.0,1.0,1.0,1125.0,1.0,5.0,2.0,4.0,5.0,7.0,5.0,2.0,7.026426808699636,True,0,0,0
3.0,1.0,5.0,1.0,5.0,5.0,1.0,1.0,525.0,2.0,5.0,2.0,3.0,8.0,6.0,3.0,6.0,6.26530121273771,True,0,0,0
3.0,1.0,1.0,2.0,5.0,6.0,1.0,1.0,465.0,1.0,5.0,2.0,4.0,9.0,8.0,3.0,8.0,6.144185634125646,True,1,1,1
3.0,1.0,1.0,1.0,5.0,6.0,1.0,1.0,465.0,3.0,4.0,2.0,4.0,5.0,7.0,3.0,7.0,6.144185634125646,True,0,0,0
2.0,2.0,1.0,2.0,2.0,4.0,4.0,8.0,2955.0,1.0,5.0,2.0,4.0,10.0,10.0,4.0,10.0,7.991592282068092,True,3,3,3
5.0,1.0,2.0,2.0,6.0,3.0,1.0,2.0,325.0,2.0,4.0,2.0,2.0,7.0,3.0,2.0,8.0,5.786897381366708,True,3,3,3
5.0,1.0,1.0,1.0,7.0,5.0,2.0,1.0,2325.0,1.0,2.0,2.0,4.0,6.0,7.0,3.0,7.0,7.75190533307861,True,0,0,0
5.0,1.0,2.0,2.0,6.0,9.0,1.0,1.0,1320.0,1.0,4.0,1.0,4.0,8.0,7.0,5.0,7.0,7.186144304522325,True,2,2,2
5.0,1.0,2.0,1.0,6.0,9.0,1.0,1.0,870.0,1.0,5.0,2.0,4.0,8.0,7.0,5.0,8.0,6.769641976852503,True,0,0,0
6.0,1.0,1.0,1.0,6.0,6.0,2.0,2.0,150.0,4.0,3.0,2.0,2.0,6.0,5.0,2.0,6.0,5.017279836814924,True,0,0,0
5.0,1.0,2.0,2.0,5.0,4.0,1.0,1.0,742.5,2.0,3.0,2.0,4.0,7.0,9.0,3.0,8.0,6.61136876590021,True,2,2,2
6.0,1.0,2.0,2.0,5.0,4.0,1.0,10.0,1095.0,1.0,5.0,3.0,4.0,4.0,4.0,4.0,5.0,6.999422467507961,True,3,3,3
3.0,2.0,2.0,2.0,3.0,2.0,3.0,2.0,0.0,2.0,4.0,2.0,2.0,2.0,1.0,2.0,2.0,0.0,False,3,3,3
3.0,1.0,1.0,2.0,2.0,3.0,1.0,1.0,922.5,1.0,4.0,3.0,4.0,7.0,7.0,4.0,8.0,6.828170799639294,True,1,1,1
5.0,1.0,3.0,2.0,1.0,9.0,1.0,1.0,990.0,1.0,5.0,1.0,3.0,10.0,10.0,3.0,9.0,6.898714534329988,True,2,2,2
7.0,1.0,1.0,1.0,5.0,3.0,1.0,5.0,3045.0,2.0,5.0,1.0,4.0,10.0,8.0,5.0,9.0,8.021584533455107,True,0,0,0
7.0,1.0,1.0,2.0,1.0,6.0,1.0,2.0,437.5,1.0,5.0,1.0,4.0,1.0,5.0,3.0,10.0,6.083359811812238,True,3,3,3
5.0,1.0,1.0,2.0,4.0,2.0,2.0,7.0,0.0,3.0,5.0,4.0,2.0,2.0,3.0,3.0,3.0,0.0,False,3,3,3
4.0,1.0,7.0,2.0,3.0,2.0,4.0,2.0,0.0,2.0,2.0,2.0,3.0,8.0,5.0,5.0,8.0,0.0,False,3,3,3
7.0,6.0,1.0,2.0,1.0,7.0,2.0,5.0,70.0,4.0,3.0,3.0,2.0,6.0,7.0,2.0,5.0,4.2626798770413155,False,3,3,3
7.0,1.0,1.0,2.0,5.0,8.0,1.0,5.0,1230.0,2.0,4.0,2.0,3.0,7.0,4.0,3.0,7.0,7.115582126184454,True,3,3,3
4.0,3.0,1.0,2.0,6.0,9.0,2.0,10.0,180.0,3.0,5.0,3.0,2.0,10.0,9.0,5.0,10.0,5.198497031265826,True,3,3,3
4.0,1.0,1.0,1.0,5.0,7.0,4.0,1.0,1290.0,2.0,5.0,2.0,3.0,9.0,9.0,3.0,7.0,7.1631723908466425,True,0,0,0
7.0,6.0,1.0,2.0,5.0,8.0,2.0,5.0,120.0,2.0,3.0,3.0,4.0,8.0,9.0,5.0,9.0,4.795790545596741,False,3,3,3
3.0,1.0,1.0,2.0,10.0,5.0,1.0,1.0,180.0,4.0,3.0,3.0,4.0,5.0,3.0,2.0,4.0,5.198497031265826,True,1,1,1
7.0,1.0,1.0,1.0,7.0,5.0,2.0,5.0,990.0,3.0,4.0,3.0,3.0,7.0,7.0,3.0,6.0,6.898714534329988,True,0,0,0
6.0,1.0,2.0,2.0,5.0,9.0,2.0,3.0,480.0,5.0,4.0,4.0,4.0,7.0,7.0,5.0,10.0,6.175867270105761,True,3,3,3
6.0,2.0,1.0,1.0,5.0,9.0,1.0,1.0,1440.0,5.0,5.0,2.0,3.0,6.0,9.0,5.0,9.0,7.273092595999522,True,0,0,0
4.0,2.0,2.0,2.0,3.0,7.0,2.0,2.0,600.0,2.0,5.0,2.0,2.0,5.0,5.0,3.0,8.0,6.398594934535208,True,3,3,3
7.0,6.0,3.0,2.0,4.0,6.0,2.0,10.0,0.0,3.0,4.0,3.0,4.0,9.0,10.0,3.0,10.0,0.0,False,3,3,3
2.0,3.0,3.0,2.0,10.0,3.0,1.0,3.0,397.5,1.0,5.0,3.0,2.0,0.0,0.0,1.0,0.0,5.98770749823027,True,3,3,3
5.0,1.0,2.0,2.0,1.0,3.0,1.0,1.0,1292.5,2.0,5.0,2.0,3.0,5.0,7.0,5.0,5.0,7.165107001626084,True,2,2,2
7.0,6.0,2.0,1.0,5.0,6.0,2.0,5.0,660.0,2.0,4.0,3.0,2.0,10.0,10.0,5.0,8.0,6.493753839851686,True,0,0,0
7.0,2.0,3.0,2.0,7.0,6.0,1.0,5.0,0.0,1.0,3.0,2.0,3.0,9.0,9.0,4.0,10.0,0.0,False,3,3,3
5.0,1.0,5.0,1.0,6.0,7.0,1.0,1.0,0.0,2.0,3.0,2.0,3.0,7.0,7.0,3.0,7.0,0.0,False,0,0,0
4.0,1.0,2.0,2.0,6.0,6.0,2.0,2.0,1697.5,1.0,5.0,1.0,3.0,8.0,7.0,3.0,8.0,7.437500787600639,True,3,3,3
2.0,1.0,2.0,1.0,2.0,7.0,1.0,1.0,307.5,2.0,5.0,2.0,3.0,8.0,7.0,5.0,6.0,5.731721843345443,True,0,0,0
5.0,1.0,2.0,1.0,6.0,8.0,1.0,1.0,1140.0,2.0,5.0,2.0,4.0,7.0,7.0,4.0,8.0,7.039660349862076,True,0,0,0
4.0,1.0,1.0,2.0,6.0,8.0,1.0,2.0,510.0,1.0,4.0,2.0,3.0,9.0,8.0,3.0,7.0,6.236369590203704,True,3,3,3
3.0,1.0,2.0,2.0,5.0,9.0,1.0,1.0,0.0,4.0,5.0,4.0,2.0,6.0,6.0,3.0,7.0,0.0,False,2,2,2
3.0,3.0,2.0,1.0,1.0,9.0,1.0,1.0,600.0,1.0,5.0,2.0,3.0,10.0,10.0,5.0,10.0,6.398594934535208,True,0,0,0
6.0,1.0,1.0,2.0,5.0,5.0,2.0,1.0,90.0,2.0,2.0,2.0,3.0,9.0,8.0,3.0,8.0,4.51085950651685,False,1,1,1
5.0,1.0,1.0,1.0,5.0,7.0,1.0,1.0,565.0,2.0,3.0,3.0,4.0,7.0,7.0,5.0,8.0,6.338594078203183,True,0,0,0
5.0,1.0,1.0,2.0,6.0,9.0,1.0,1.0,240.0,1.0,5.0,1.0,4.0,7.0,9.0,5.0,10.0,5.484796933490655,True,1,1,1
2.0,1.0,1.0,2.0,10.0,5.0,1.0,1.0,30.0,2.0,5.0,3.0,4.0,8.0,9.0,4.0,9.0,3.4339872044851463,False,1,1,1
5.0,1.0,1.0,1.0,6.0,9.0,1.0,1.0,180.0,1.0,2.0,1.0,4.0,8.0,8.0,4.0,9.0,5.198497031265826,True,0,0,0
4.0,1.0,2.0,2.0,10.0,9.0,1.0,1.0,660.0,2.0,4.0,2.0,3.0,8.0,7.0,3.0,8.0,6.493753839851686,True,2,2,2
3.0,2.0,1.0,2.0,5.0,4.0,1.0,1.0,626.25,2.0,4.0,2.0,4.0,7.0,7.0,3.0,7.0,6.441345185246532,True,1,1,1
5.0,1.0,1.0,1.0,1.0,7.0,1.0,3.0,435.0,1.0,1.0,2.0,4.0,3.0,4.0,1.0,5.0,6.077642243349034,True,0,0,0
4.0,2.0,4.0,2.0,3.0,3.0,4.0,2.0,0.0,3.0,5.0,3.0,1.0,2.0,2.0,4.0,5.0,0.0,False,3,3,3
3.0,1.0,1.0,2.0,5.0,8.0,1.0,1.0,1770.0,2.0,4.0,3.0,3.0,9.0,8.0,4.0,8.0,7.479299637782834,True,1,1,1
5.0,1.0,2.0,1.0,6.0,6.0,2.0,1.0,765.0,1.0,4.0,1.0,3.0,9.0,8.0,5.0,10.0,6.641182169740591,True,0,0,0
4.0,1.0,2.0,2.0,6.0,4.0,1.0,1.0,0.0,1.0,4.0,1.0,4.0,9.0,8.0,3.0,9.0,0.0,False,2,2,2
4.0,6.0,6.0,2.0,6.0,2.0,1.0,2.0,1072.5,1.0,4.0,2.0,1.0,8.0,8.0,4.0,8.0,6.978679617318836,True,3,3,3
5.0,3.0,1.0,1.0,6.0,2.0,1.0,1.0,4305.0,1.0,3.0,1.0,2.0,2.0,5.0,1.0,2.0,8.367764677924308,True,0,0,0
4.0,1.0,7.0,1.0,1.0,8.0,1.0,1.0,607.5,1.0,2.0,2.0,3.0,6.0,6.0,4.0,6.0,6.410996912427582,True,0,0,0
4.0,1.0,3.0,1.0,6.0,6.0,3.0,4.0,695.0,1.0,4.0,1.0,4.0,6.0,6.0,1.0,6.0,6.54534966033442,True,0,0,0
5.0,1.0,1.0,2.0,3.0,5.0,1.0,1.0,10.0,1.0,4.0,2.0,5.0,4.0,4.0,2.0,5.0,2.3978952727983707,False,1,1,1
3.0,5.0,6.0,2.0,6.0,3.0,3.0,2.0,0.0,2.0,4.0,2.0,3.0,5.0,5.0,3.0,5.0,0.0,False,3,3,3
4.0,1.0,2.0,1.0,6.0,4.0,1.0,1.0,525.0,2.0,5.0,2.0,4.0,8.0,8.0,5.0,7.0,6.26530121273771,True,0,0,0
4.0,1.0,5.0,2.0,6.0,4.0,1.0,1.0,0.0,2.0,4.0,2.0,4.0,9.0,9.0,4.0,10.0,0.0,False,2,2,2
3.0,1.0,2.0,2.0,1.0,5.0,1.0,1.0,11.25,1.0,5.0,3.0,3.0,9.0,9.0,1.0,9.0,2.505525936990736,False,2,2,2
2.0,2.0,4.0,1.0,3.0,5.0,4.0,8.0,905.0,1.0,1.0,1.0,5.0,10.0,10.0,5.0,10.0,6.80903930604298,True,0,0,0
5.0,1.0,1.0,2.0,1.0,8.0,1.0,1.0,1410.0,1.0,5.0,1.0,2.0,5.0,7.0,5.0,7.0,7.252053951852814,True,1,1,1
2.0,3.0,1.0,2.0,10.0,6.0,3.0,1.0,0.0,2.0,4.0,2.0,4.0,8.0,8.0,5.0,8.0,0.0,False,1,1,1
7.0,6.0,1.0,1.0,5.0,5.0,3.0,5.0,0.0,2.0,2.0,1.0,3.0,7.0,7.0,5.0,7.0,0.0,False,0,0,0
2.0,2.0,3.0,2.0,10.0,3.0,4.0,8.0,742.5,2.0,4.0,2.0,4.0,7.0,6.0,2.0,7.0,6.61136876590021,True,3,3,3
4.0,1.0,3.0,2.0,7.0,3.0,4.0,8.0,0.0,3.0,4.0,4.0,3.0,6.0,6.0,2.0,5.0,0.0,False,3,3,3
7.0,3.0,1.0,1.0,5.0,4.0,2.0,1.0,1050.0,2.0,3.0,2.0,3.0,7.0,7.0,5.0,7.0,6.957497370876951,True,0,0,0
5.0,1.0,2.0,1.0,5.0,2.0,1.0,1.0,940.0,2.0,4.0,2.0,4.0,8.0,7.0,5.0,8.0,6.846943139585379,True,0,0,0
3.0,1.0,1.0,2.0,2.0,2.0,1.0,1.0,2242.5,1.0,4.0,3.0,3.0,7.0,6.0,3.0,5.0,7.715792425416038,True,1,1,1
3.0,1.0,2.0,1.0,2.0,2.0,2.0,1.0,80.0,3.0,4.0,2.0,3.0,5.0,5.0,5.0,6.0,4.394449154672439,False,0,0,0
5.0,1.0,1.0,1.0,6.0,4.0,1.0,6.0,6305.0,1.0,3.0,2.0,3.0,5.0,3.0,1.0,5.0,8.749256840105007,True,0,0,0
3.0,1.0,1.0,1.0,1.0,3.0,1.0,1.0,3180.0,2.0,3.0,4.0,4.0,9.0,9.0,3.0,8.0,8.064950891749143,True,0,0,0
3.0,2.0,1.0,1.0,5.0,3.0,1.0,1.0,1250.0,1.0,4.0,2.0,2.0,6.0,5.0,3.0,7.0,7.1316985104669115,True,0,0,0
4.0,1.0,7.0,1.0,1.0,4.0,2.0,1.0,750.0,1.0,4.0,2.0,2.0,8.0,8.0,4.0,8.0,6.621405651764134,True,0,0,0
4.0,1.0,4.0,2.0,1.0,3.0,1.0,1.0,0.0,4.0,5.0,3.0,3.0,10.0,7.0,1.0,10.0,0.0,False,2,2,2
7.0,3.0,1.0,2.0,11.0,2.0,4.0,5.0,0.0,2.0,4.0,2.0,4.0,6.0,6.0,3.0,6.0,0.0,False,3,3,3
5.0,2.0,2.0,1.0,2.0,6.0,2.0,10.0,675.0,2.0,4.0,2.0,4.0,2.0,4.0,2.0,4.0,6.516193076042964,True,0,0,0
4.0,1.0,1.0,1.0,1.0,2.0,1.0,3.0,1620.0,1.0,4.0,2.0,3.0,6.0,6.0,3.0,6.0,7.390798521735676,True,0,0,0
5.0,1.0,1.0,1.0,2.0,3.0,1.0,1.0,1890.0,4.0,4.0,2.0,3.0,6.0,7.0,3.0,8.0,7.544861068658458,True,0,0,0
7.0,1.0,1.0,1.0,5.0,5.0,1.0,5.0,1635.0,2.0,3.0,2.0,4.0,9.0,9.0,3.0,10.0,7.400009517162692,True,0,0,0
5.0,1.0,1.0,1.0,1.0,3.0,1.0,1.0,380.0,2.0,5.0,3.0,3.0,8.0,6.0,4.0,7.0,5.942799375126701,True,0,0,0
3.0,1.0,2.0,2.0,2.0,9.0,1.0,1.0,918.75,1.0,4.0,3.0,3.0,4.0,7.0,1.0,6.0,6.824101893984884,True,2,2,2
6.0,1.0,1.0,1.0,4.0,7.0,1.0,2.0,2340.0,2.0,3.0,2.0,3.0,7.0,8.0,3.0,7.0,7.75833346749091,True,0,0,0
2.0,1.0,1.0,2.0,10.0,7.0,2.0,1.0,975.0,2.0,2.0,2.0,3.0,8.0,8.0,4.0,8.0,6.883462586413092,True,1,1,1
2.0,1.0,1.0,2.0,2.0,8.0,4.0,8.0,2310.0,1.0,5.0,2.0,4.0,9.0,8.0,3.0,9.0,7.745435610274381,True,3,3,3
7.0,2.0,1.0,2.0,1.0,3.0,1.0,5.0,200.0,1.0,5.0,2.0,4.0,8.0,9.0,4.0,7.0,5.303304908059076,True,3,3,3
4.0,1.0,2.0,1.0,5.0,5.0,3.0,3.0,725.0,1.0,4.0,2.0,3.0,3.0,3.0,4.0,4.0,6.587550014824796,True,0,0,0
4.0,1.0,6.0,2.0,5.0,5.0,2.0,3.0,915.0,2.0,4.0,4.0,3.0,7.0,5.0,2.0,4.0,6.82001636467413,True,3,3,3
6.0,3.0,1.0,1.0,2.0,4.0,3.0,4.0,0.0,4.0,2.0,2.0,1.0,8.0,8.0,2.0,9.0,0.0,False,0,0,0
5.0,1.0,6.0,2.0,4.0,3.0,1.0,1.0,1110.0,1.0,5.0,1.0,4.0,9.0,8.0,4.0,10.0,7.01301578963963,True,2,2,2
3.0,1.0,6.0,2.0,5.0,5.0,1.0,1.0,1105.0,3.0,4.0,2.0,2.0,8.0,8.0,4.0,8.0,7.00850518208228,True,2,2,2
4.0,1.0,2.0,1.0,6.0,4.0,1.0,2.0,605.0,1.0,4.0,2.0,4.0,7.0,8.0,4.0,6.0,6.406879986069314,True,0,0,0
4.0,1.0,2.0,2.0,5.0,7.0,2.0,1.0,990.0,2.0,5.0,2.0,3.0,6.0,6.0,4.0,5.0,6.898714534329988,True,2,2,2
3.0,1.0,4.0,2.0,10.0,4.0,1.0,1.0,97.5,2.0,5.0,4.0,4.0,7.0,6.0,2.0,6.0,4.590056548178043,False,2,2,2
6.0,1.0,2.0,2.0,1.0,8.0,1.0,6.0,1870.0,2.0,5.0,2.0,4.0,6.0,6.0,4.0,7.0,7.534228326274089,True,3,3,3
6.0,1.0,1.0,1.0,5.0,8.0,1.0,1.0,960.0,2.0,5.0,2.0,2.0,5.0,5.0,4.0,8.0,6.8679744089702925,True,0,0,0
5.0,1.0,1.0,2.0,3.0,8.0,1.0,2.0,790.0,1.0,5.0,1.0,3.0,9.0,8.0,4.0,7.0,6.673297967767654,True,3,3,3
6.0,2.0,1.0,2.0,7.0,8.0,4.0,1.0,462.5,1.0,5.0,1.0,5.0,7.0,7.0,4.0,8.0,6.13880638500591,True,1,1,1
6.0,1.0,2.0,1.0,1.0,6.0,1.0,2.0,250.0,1.0,4.0,1.0,4.0,7.0,8.0,2.0,9.0,5.5254529391317835,True,0,0,0
2.0,1.0,6.0,2.0,2.0,3.0,4.0,8.0,930.0,3.0,4.0,2.0,4.0,9.0,8.0,3.0,10.0,6.836259277277067,True,3,3,3
5.0,1.0,6.0,2.0,6.0,1.0,1.0,1.0,0.0,2.0,4.0,2.0,3.0,7.0,7.0,3.0,8.0,0.0,False,2,2,2
4.0,1.0,7.0,1.0,1.0,2.0,1.0,10.0,390.0,1.0,5.0,2.0,2.0,7.0,4.0,3.0,5.0,5.968707559985366,True,0,0,0
4.0,1.0,6.0,1.0,6.0,3.0,1.0,1.0,1320.0,1.0,4.0,1.0,4.0,8.0,8.0,4.0,9.0,7.186144304522325,True,0,0,0
5.0,1.0,1.0,1.0,5.0,5.0,1.0,1.0,7440.0,2.0,5.0,2.0,4.0,8.0,8.0,4.0,7.0,8.914760527397261,True,0,0,0
5.0,1.0,1.0,1.0,5.0,5.0,2.0,1.0,0.0,2.0,2.0,2.0,4.0,9.0,7.0,3.0,9.0,0.0,False,0,0,0
5.0,3.0,1.0,2.0,7.0,4.0,1.0,2.0,315.0,1.0,4.0,2.0,3.0,7.0,7.0,3.0,7.0,5.755742213586912,True,3,3,3
6.0,3.0,1.0,1.0,7.0,7.0,1.0,1.0,476.25,1.0,5.0,1.0,2.0,9.0,9.0,5.0,10.0,6.168040462605857,True,0,0,0
6.0,3.0,1.0,2.0,7.0,7.0,2.0,1.0,165.0,3.0,5.0,3.0,3.0,5.0,8.0,5.0,8.0,5.111987788356544,True,1,1,1
4.0,1.0,6.0,1.0,6.0,7.0,2.0,1.0,96.0,2.0,3.0,2.0,3.0,10.0,7.0,4.0,7.0,4.574710978503383,False,0,0,0
4.0,2.0,1.0,1.0,5.0,5.0,1.0,1.0,960.0,4.0,4.0,3.0,2.0,6.0,6.0,3.0,4.0,6.8679744089702925,True,0,0,0
4.0,2.0,6.0,2.0,5.0,5.0,2.0,1.0,525.0,4.0,4.0,3.0,2.0,7.0,7.0,3.0,2.0,6.26530121273771,True,2,2,2
7.0,2.0,1.0,2.0,5.0,9.0,2.0,5.0,0.0,3.0,4.0,3.0,3.0,7.0,7.0,5.0,8.0,0.0,False,3,3,3
7.0,2.0,1.0,1.0,1.0,7.0,1.0,5.0,2520.0,2.0,4.0,2.0,4.0,6.0,7.0,3.0,6.0,7.83241092718792,True,0,0,0
5.0,3.0,1.0,1.0,5.0,5.0,2.0,3.0,300.0,3.0,3.0,3.0,3.0,5.0,5.0,2.0,5.0,5.707110264748875,True,0,0,0
3.0,1.0,5.0,2.0,1.0,9.0,1.0,1.0,1112.5,1.0,4.0,2.0,4.0,8.0,7.0,5.0,9.0,7.015263486697422,True,2,2,2
5.0,3.0,1.0,2.0,4.0,6.0,3.0,2.0,1590.0,3.0,4.0,3.0,2.0,5.0,4.0,3.0,6.0,7.372118028337787,True,3,3,3
5.0,1.0,1.0,2.0,5.0,5.0,1.0,10.0,2160.0,3.0,4.0,2.0,4.0,9.0,9.0,4.0,8.0,7.6783263565068856,True,3,3,3
4.0,1.0,3.0,2.0,5.0,9.0,2.0,1.0,577.5,2.0,4.0,2.0,4.0,8.0,8.0,3.0,7.0,6.360438546633731,True,2,2,2
4.0,2.0,2.0,2.0,6.0,3.0,1.0,1.0,1920.0,2.0,4.0,3.0,3.0,8.0,8.0,4.0,8.0,7.560601162768557,True,2,2,2
6.0,2.0,3.0,1.0,7.0,2.0,2.0,1.0,90.0,1.0,4.0,2.0,4.0,10.0,8.0,4.0,10.0,4.51085950651685,False,0,0,0
6.0,1.0,1.0,1.0,7.0,3.0,1.0,5.0,2370.0,3.0,3.0,4.0,2.0,6.0,7.0,4.0,4.0,7.771067086065406,True,0,0,0
3.0,6.0,3.0,1.0,11.0,8.0,2.0,10.0,225.0,2.0,4.0,2.0,3.0,8.0,8.0,4.0,10.0,5.420534999272286,True,0,0,0
6.0,1.0,4.0,2.0,7.0,5.0,1.0,1.0,337.5,3.0,4.0,3.0,3.0,9.0,8.0,4.0,10.0,5.82452409235233,True,2,2,2
3.0,1.0,3.0,1.0,9.0,4.0,1.0,1.0,32.5,1.0,2.0,2.0,2.0,6.0,7.0,4.0,5.0,3.5115454388310208,False,0,0,0
5.0,1.0,2.0,1.0,1.0,9.0,1.0,1.0,360.0,2.0,5.0,2.0,2.0,5.0,7.0,5.0,7.0,5.8888779583328805,True,0,0,0
2.0,2.0,3.0,2.0,10.0,10.0,1.0,2.0,825.0,2.0,3.0,2.0,4.0,3.0,5.0,2.0,2.0,6.716594773520978,True,3,3,3
5.0,1.0,2.0,2.0,1.0,5.0,2.0,1.0,360.0,3.0,3.0,3.0,1.0,5.0,5.0,3.0,7.0,5.8888779583328805,True,2,2,2
3.0,3.0,3.0,1.0,6.0,6.0,3.0,1.0,90.0,2.0,1.0,2.0,3.0,6.0,5.0,2.0,6.0,4.51085950651685,False,0,0,0
2.0,1.0,3.0,1.0,10.0,6.0,1.0,1.0,2820.0,3.0,2.0,4.0,2.0,3.0,3.0,1.0,0.0,7.944846711001996,True,0,0,0
4.0,1.0,1.0,2.0,1.0,5.0,2.0,1.0,1500.0,5.0,5.0,1.0,3.0,2.0,0.0,1.0,0.0,7.313886831633462,True,3,3,3
6.0,1.0,6.0,1.0,6.0,4.0,1.0,1.0,2595.0,2.0,4.0,4.0,3.0,10.0,10.0,5.0,10.0,7.86172707782398,True,0,0,0
5.0,1.0,5.0,1.0,2.0,5.0,1.0,1.0,400.0,2.0,5.0,2.0,4.0,7.0,7.0,4.0,7.0,5.993961427306569,True,0,0,0
4.0,1.0,4.0,1.0,1.0,2.0,1.0,1.0,1000.0,2.0,4.0,3.0,3.0,7.0,7.0,4.0,6.0,6.90875477931522,True,0,0,0
5.0,1.0,1.0,1.0,6.0,4.0,2.0,1.0,150.0,2.0,5.0,2.0,2.0,4.0,4.0,5.0,4.0,5.017279836814924,True,0,0,0
4.0,1.0,1.0,2.0,1.0,3.0,1.0,1.0,1035.0,4.0,4.0,2.0,2.0,7.0,7.0,2.0,9.0,6.943122422819428,True,1,1,1
4.0,1.0,1.0,1.0,1.0,3.0,1.0,1.0,6580.0,1.0,5.0,1.0,4.0,8.0,7.0,3.0,6.0,8.791941988456118,True,0,0,0
2.0,2.0,1.0,1.0,10.0,1.0,4.0,8.0,8460.0,1.0,3.0,1.0,3.0,7.0,6.0,3.0,4.0,9.0432226489245,True,0,0,0
3.0,3.0,4.0,2.0,3.0,2.0,2.0,2.0,330.0,1.0,5.0,3.0,3.0,3.0,4.0,1.0,6.0,5.802118375377063,True,3,3,3
2.0,2.0,1.0,2.0,10.0,6.0,1.0,2.0,1211.25,1.0,5.0,1.0,3.0,9.0,10.0,4.0,10.0,7.100233415985461,True,3,3,3
5.0,2.0,2.0,1.0,6.0,6.0,1.0,1.0,780.0,1.0,5.0,2.0,4.0,3.0,4.0,4.0,5.0,6.660575149839686,True,0,0,0
3.0,1.0,6.0,1.0,11.0,3.0,1.0,1.0,4947.5,1.0,5.0,1.0,2.0,10.0,9.0,4.0,9.0,8.506839779336746,True,0,0,0
4.0,1.0,3.0,2.0,1.0,4.0,3.0,4.0,90.0,1.0,3.0,3.0,3.0,1.0,1.0,1.0,1.0,4.51085950651685,False,3,3,3
6.0,1.0,1.0,2.0,1.0,7.0,2.0,1.0,0.0,1.0,3.0,1.0,4.0,7.0,6.0,4.0,8.0,0.0,False,1,1,1
7.0,1.0,1.0,1.0,1.0,8.0,1.0,5.0,585.0,1.0,1.0,1.0,4.0,10.0,9.0,3.0,9.0,6.373319789577012,True,0,0,0
7.0,2.0,2.0,1.0,6.0,9.0,1.0,5.0,120.0,2.0,3.0,3.0,4.0,8.0,8.0,3.0,8.0,4.795790545596741,False,0,0,0
6.0,1.0,1.0,2.0,1.0,5.0,1.0,5.0,645.0,2.0,4.0,2.0,2.0,6.0,6.0,5.0,4.0,6.470799503782602,True,3,3,3
7.0,1.0,1.0,1.0,5.0,1.0,1.0,5.0,75.0,3.0,5.0,3.0,4.0,8.0,7.0,5.0,5.0,4.330733340286331,False,0,0,0
4.0,1.0,1.0,1.0,1.0,2.0,1.0,1.0,1005.0,2.0,4.0,2.0,4.0,9.0,8.0,4.0,8.0,6.913737350659685,True,0,0,0
6.0,2.0,7.0,1.0,7.0,7.0,2.0,2.0,0.0,1.0,1.0,1.0,3.0,8.0,8.0,3.0,7.0,0.0,False,0,0,0
2.0,1.0,1.0,2.0,11.0,7.0,4.0,8.0,347.5,2.0,2.0,3.0,4.0,7.0,7.0,2.0,8.0,5.853638230200579,True,3,3,3
2.0,3.0,2.0,2.0,10.0,2.0,3.0,2.0,0.0,3.0,4.0,3.0,3.0,8.0,7.0,3.0,7.0,0.0,False,3,3,3
5.0,1.0,2.0,1.0,6.0,10.0,1.0,1.0,1432.5,1.0,2.0,2.0,4.0,9.0,8.0,5.0,8.0,7.267874285323424,True,0,0,0
5.0,1.0,4.0,2.0,7.0,10.0,2.0,2.0,622.5,1.0,5.0,2.0,4.0,3.0,6.0,5.0,5.0,6.435348765120091,True,3,3,3
5.0,1.0,2.0,2.0,6.0,9.0,1.0,1.0,1575.0,2.0,4.0,2.0,4.0,8.0,7.0,5.0,9.0,7.362645270417825,True,2,2,2
6.0,1.0,3.0,2.0,1.0,9.0,1.0,10.0,640.0,3.0,4.0,1.0,3.0,5.0,5.0,3.0,5.0,6.46302945692067,True,3,3,3
6.0,1.0,4.0,1.0,7.0,9.0,1.0,1.0,1440.0,1.0,3.0,2.0,3.0,8.0,9.0,4.0,8.0,7.273092595999522,True,0,0,0
7.0,1.0,1.0,1.0,5.0,10.0,1.0,5.0,152.5,1.0,4.0,2.0,4.0,7.0,8.0,5.0,8.0,5.033700567027251,True,0,0,0
5.0,1.0,2.0,2.0,1.0,7.0,1.0,1.0,657.5,2.0,4.0,4.0,3.0,5.0,5.0,2.0,5.0,6.489964521183336,True,2,2,2
6.0,1.0,1.0,1.0,6.0,8.0,1.0,1.0,900.0,1.0,4.0,3.0,4.0,7.0,7.0,5.0,8.0,6.803505257608338,True,0,0,0
7.0,1.0,1.0,1.0,5.0,6.0,1.0,1.0,725.0,1.0,4.0,1.0,1.0,10.0,10.0,5.0,10.0,6.587550014824796,True,0,0,0
5.0,1.0,1.0,1.0,5.0,6.0,1.0,1.0,60.0,4.0,2.0,3.0,3.0,7.0,8.0,4.0,7.0,4.110873864173311,False,0,0,0
3.0,1.0,3.0,1.0,1.0,5.0,1.0,1.0,45.0,1.0,4.0,2.0,4.0,10.0,10.0,5.0,10.0,3.828641396489095,False,0,0,0
5.0,1.0,1.0,1.0,5.0,3.0,2.0,1.0,90.0,3.0,2.0,2.0,3.0,6.0,7.0,1.0,7.0,4.51085950651685,False,0,0,0
4.0,3.0,4.0,2.0,4.0,2.0,1.0,1.0,0.0,1.0,4.0,3.0,3.0,7.0,7.0,5.0,9.0,0.0,False,2,2,2
6.0,1.0,2.0,1.0,1.0,2.0,1.0,1.0,0.0,2.0,3.0,2.0,3.0,5.0,6.0,3.0,6.0,0.0,False,0,0,0
4.0,1.0,2.0,1.0,5.0,3.0,1.0,1.0,135.0,1.0,1.0,1.0,5.0,8.0,8.0,4.0,0.0,4.912654885736052,False,0,0,0
4.0,1.0,1.0,1.0,6.0,8.0,1.0,1.0,275.0,1.0,4.0,2.0,4.0,9.0,8.0,4.0,9.0,5.62040086571715,True,0,0,0
4.0,1.0,1.0,2.0,6.0,5.0,1.0,1.0,985.0,1.0,2.0,1.0,4.0,8.0,7.0,3.0,10.0,6.893656354602635,True,1,1,1
3.0,1.0,2.0,2.0,5.0,5.0,2.0,1.0,300.0,2.0,5.0,5.0,3.0,2.0,3.0,1.0,4.0,5.707110264748875,True,2,2,2
6.0,1.0,1.0,1.0,2.0,1.0,3.0,3.0,225.0,2.0,2.0,2.0,4.0,7.0,8.0,4.0,8.0,5.420534999272286,True,0,0,0
6.0,1.0,2.0,2.0,2.0,1.0,3.0,4.0,60.0,2.0,3.0,1.0,3.0,7.0,7.0,5.0,7.0,4.110873864173311,False,3,3,3
3.0,1.0,3.0,2.0,6.0,3.0,2.0,1.0,0.0,2.0,2.0,2.0,4.0,7.0,7.0,2.0,8.0,0.0,False,2,2,2
6.0,1.0,1.0,2.0,7.0,6.0,1.0,10.0,4650.0,3.0,3.0,2.0,3.0,6.0,6.0,2.0,7.0,8.444837529224097,True,3,3,3
7.0,3.0,1.0,1.0,7.0,5.0,2.0,1.0,285.0,3.0,5.0,3.0,3.0,5.0,4.0,4.0,8.0,5.655991810819852,True,0,0,0
4.0,1.0,1.0,2.0,6.0,3.0,1.0,1.0,675.0,1.0,5.0,2.0,4.0,8.0,7.0,2.0,8.0,6.516193076042964,True,1,1,1
4.0,1.0,2.0,1.0,5.0,2.0,1.0,1.0,285.0,1.0,4.0,2.0,2.0,7.0,7.0,3.0,6.0,5.655991810819852,True,0,0,0
2.0,2.0,3.0,2.0,10.0,5.0,4.0,8.0,0.0,2.0,4.0,3.0,4.0,5.0,5.0,2.0,5.0,0.0,False,3,3,3
2.0,1.0,1.0,1.0,5.0,3.0,1.0,1.0,1870.0,1.0,5.0,1.0,2.0,8.0,10.0,3.0,9.0,7.534228326274089,True,0,0,0
6.0,1.0,1.0,1.0,5.0,7.0,1.0,5.0,630.0,1.0,5.0,4.0,3.0,10.0,9.0,5.0,10.0,6.447305862541213,True,0,0,0
6.0,1.0,1.0,1.0,5.0,4.0,1.0,2.0,1087.5,1.0,4.0,2.0,4.0,4.0,4.0,3.0,5.0,6.992555880674602,True,0,0,0
7.0,2.0,1.0,1.0,10.0,3.0,1.0,5.0,637.5,2.0,4.0,2.0,3.0,8.0,8.0,4.0,8.0,6.459121675472594,True,0,0,0
4.0,1.0,1.0,1.0,6.0,6.0,1.0,1.0,1301.25,1.0,5.0,2.0,5.0,7.0,8.0,4.0,9.0,7.1718488166253005,True,0,0,0
3.0,1.0,2.0,2.0,5.0,5.0,1.0,1.0,1530.0,2.0,4.0,3.0,3.0,7.0,8.0,3.0,5.0,7.333676395657684,True,2,2,2
5.0,1.0,2.0,2.0,5.0,2.0,3.0,4.0,0.0,2.0,5.0,2.0,5.0,6.0,5.0,3.0,6.0,0.0,False,3,3,3
3.0,1.0,5.0,1.0,1.0,4.0,2.0,1.0,105.0,1.0,5.0,1.0,3.0,10.0,10.0,4.0,10.0,4.663439094112067,False,0,0,0
6.0,3.0,1.0,2.0,4.0,8.0,2.0,2.0,975.0,1.0,5.0,2.0,3.0,7.0,8.0,4.0,8.0,6.883462586413092,True,3,3,3
4.0,3.0,1.0,2.0,3.0,3.0,1.0,6.0,0.0,4.0,4.0,3.0,2.0,3.0,4.0,1.0,4.0,0.0,False,3,3,3
5.0,1.0,1.0,2.0,6.0,6.0,2.0,1.0,155.0,4.0,4.0,2.0,4.0,7.0,8.0,2.0,5.0,5.049856007249537,True,1,1,1
5.0,1.0,1.0,1.0,1.0,7.0,1.0,1.0,3150.0,2.0,1.0,1.0,4.0,7.0,7.0,4.0,7.0,8.055475141757274,True,0,0,0
4.0,1.0,2.0,2.0,1.0,7.0,1.0,1.0,160.0,1.0,4.0,2.0,4.0,9.0,8.0,3.0,9.0,5.081404364984463,True,2,2,2
6.0,6.0,1.0,2.0,7.0,10.0,1.0,6.0,720.0,1.0,3.0,1.0,3.0,9.0,9.0,2.0,8.0,6.580639137284949,True,3,3,3
2.0,1.0,1.0,2.0,10.0,2.0,1.0,1.0,105.0,3.0,5.0,3.0,3.0,3.0,6.0,2.0,7.0,4.663439094112067,False,1,1,1
3.0,4.0,4.0,1.0,6.0,1.0,2.0,1.0,0.0,2.0,3.0,3.0,2.0,7.0,7.0,4.0,7.0,0.0,False,0,0,0
5.0,1.0,3.0,1.0,7.0,3.0,3.0,1.0,0.0,2.0,4.0,3.0,3.0,6.0,7.0,4.0,7.0,0.0,False,0,0,0
5.0,1.0,6.0,1.0,5.0,5.0,1.0,1.0,1335.0,2.0,5.0,1.0,3.0,6.0,6.0,3.0,4.0,7.197435354096591,True,0,0,0
3.0,1.0,1.0,1.0,2.0,4.0,1.0,1.0,150.0,2.0,5.0,2.0,4.0,8.0,7.0,3.0,8.0,5.017279836814924,True,0,0,0
5.0,1.0,3.0,2.0,1.0,3.0,1.0,1.0,0.0,3.0,4.0,2.0,4.0,8.0,8.0,5.0,8.0,0.0,False,2,2,2
5.0,1.0,3.0,1.0,5.0,6.0,1.0,1.0,315.0,2.0,4.0,2.0,3.0,9.0,9.0,4.0,9.0,5.755742213586912,True,0,0,0
3.0,1.0,3.0,1.0,10.0,7.0,1.0,1.0,720.0,1.0,5.0,2.0,3.0,9.0,8.0,5.0,9.0,6.580639137284949,True,0,0,0
5.0,1.0,2.0,1.0,7.0,9.0,1.0,1.0,480.0,1.0,5.0,3.0,4.0,8.0,8.0,5.0,10.0,6.175867270105761,True,0,0,0
5.0,1.0,7.0,2.0,6.0,6.0,1.0,2.0,75.0,2.0,5.0,1.0,4.0,3.0,3.0,2.0,10.0,4.330733340286331,False,3,3,3
6.0,3.0,1.0,1.0,5.0,10.0,2.0,1.0,0.0,2.0,4.0,1.0,3.0,9.0,7.0,5.0,7.0,0.0,False,0,0,0
6.0,2.0,1.0,2.0,1.0,9.0,1.0,2.0,0.0,1.0,4.0,1.0,3.0,10.0,10.0,5.0,10.0,0.0,False,3,3,3
6.0,1.0,1.0,1.0,5.0,8.0,1.0,1.0,3345.0,2.0,3.0,2.0,3.0,8.0,8.0,2.0,9.0,8.11552088154677,True,0,0,0
7.0,1.0,6.0,1.0,1.0,9.0,1.0,5.0,2640.0,2.0,3.0,3.0,3.0,7.0,7.0,5.0,8.0,7.878912912297133,True,0,0,0
6.0,1.0,1.0,2.0,5.0,9.0,1.0,2.0,360.0,3.0,4.0,2.0,4.0,1.0,1.0,2.0,1.0,5.8888779583328805,True,3,3,3
5.0,1.0,2.0,2.0,3.0,5.0,1.0,1.0,0.0,3.0,5.0,2.0,4.0,5.0,5.0,2.0,8.0,0.0,False,2,2,2
3.0,1.0,1.0,1.0,5.0,5.0,1.0,1.0,398.75,1.0,4.0,1.0,4.0,7.0,8.0,4.0,6.0,5.9908393517140635,True,0,0,0
7.0,1.0,1.0,1.0,1.0,3.0,1.0,5.0,3780.0,2.0,4.0,3.0,2.0,3.0,6.0,3.0,5.0,8.237743803890933,True,0,0,0
2.0,1.0,1.0,2.0,2.0,4.0,1.0,1.0,390.0,1.0,4.0,2.0,2.0,6.0,8.0,2.0,8.0,5.968707559985366,True,1,1,1
4.0,3.0,4.0,2.0,1.0,3.0,1.0,7.0,360.0,3.0,4.0,3.0,2.0,3.0,5.0,1.0,7.0,5.8888779583328805,True,3,3,3
5.0,1.0,2.0,2.0,1.0,5.0,1.0,1.0,0.0,1.0,5.0,3.0,3.0,8.0,8.0,4.0,9.0,0.0,False,2,2,2
2.0,3.0,4.0,2.0,10.0,3.0,4.0,8.0,4680.0,2.0,3.0,3.0,3.0,7.0,8.0,3.0,8.0,8.45126704130007,True,3,3,3
5.0,1.0,2.0,2.0,6.0,6.0,1.0,1.0,1237.5,1.0,4.0,1.0,3.0,5.0,7.0,2.0,7.0,7.121656248929415,True,2,2,2
4.0,1.0,1.0,2.0,6.0,10.0,1.0,6.0,0.0,3.0,4.0,3.0,4.0,8.0,8.0,3.0,7.0,0.0,False,3,3,3
3.0,1.0,1.0,2.0,10.0,10.0,1.0,1.0,1890.0,1.0,5.0,1.0,2.0,7.0,7.0,4.0,7.0,7.544861068658458,True,1,1,1
6.0,1.0,1.0,2.0,7.0,8.0,1.0,2.0,3224.0,1.0,5.0,1.0,4.0,6.0,8.0,3.0,10.0,8.078688229229872,True,3,3,3
5.0,5.0,3.0,1.0,6.0,8.0,2.0,1.0,187.5,1.0,3.0,1.0,4.0,8.0,8.0,5.0,8.0,5.2390980068880655,True,0,0,0
4.0,1.0,1.0,2.0,11.0,9.0,1.0,1.0,0.0,3.0,2.0,2.0,4.0,8.0,8.0,5.0,8.0,0.0,False,1,1,1
7.0,1.0,1.0,2.0,9.0,8.0,1.0,5.0,457.5,1.0,4.0,2.0,4.0,10.0,8.0,4.0,9.0,6.127960291696519,True,3,3,3
5.0,1.0,4.0,2.0,6.0,3.0,1.0,1.0,160.0,2.0,4.0,5.0,2.0,3.0,3.0,2.0,7.0,5.081404364984463,True,2,2,2
3.0,1.0,1.0,2.0,1.0,3.0,1.0,1.0,50.0,1.0,3.0,2.0,3.0,8.0,7.0,2.0,8.0,3.9318256327243257,False,1,1,1
5.0,1.0,1.0,2.0,7.0,9.0,1.0,1.0,2475.0,1.0,4.0,2.0,3.0,7.0,9.0,4.0,8.0,7.814399633804487,True,1,1,1
5.0,1.0,1.0,1.0,1.0,9.0,1.0,1.0,1280.0,1.0,4.0,1.0,3.0,8.0,8.0,3.0,9.0,7.155396301896734,True,0,0,0
6.0,1.0,3.0,2.0,6.0,5.0,3.0,2.0,750.0,1.0,3.0,1.0,2.0,6.0,6.0,3.0,5.0,6.621405651764134,True,3,3,3
4.0,2.0,1.0,2.0,4.0,5.0,3.0,2.0,1820.0,2.0,4.0,2.0,3.0,6.0,6.0,2.0,5.0,7.507141079727608,True,3,3,3
6.0,2.0,6.0,1.0,1.0,6.0,3.0,3.0,196.5,3.0,3.0,2.0,3.0,5.0,4.0,2.0,6.0,5.285738584341177,True,0,0,0
6.0,1.0,1.0,1.0,5.0,4.0,2.0,2.0,1450.0,1.0,4.0,1.0,4.0,6.0,8.0,3.0,5.0,7.280008252884188,True,0,0,0
6.0,1.0,1.0,2.0,1.0,4.0,1.0,1.0,345.0,5.0,5.0,3.0,5.0,7.0,7.0,4.0,8.0,5.846438775057725,True,1,1,1
5.0,1.0,1.0,1.0,1.0,3.0,1.0,1.0,305.0,1.0,3.0,2.0,2.0,7.0,7.0,3.0,7.0,5.723585101952381,True,0,0,0
4.0,1.0,1.0,2.0,1.0,5.0,1.0,1.0,2019.0,2.0,2.0,2.0,4.0,5.0,5.0,3.0,5.0,7.61085279039525,True,1,1,1
2.0,2.0,1.0,2.0,2.0,3.0,4.0,8.0,405.0,1.0,4.0,1.0,4.0,7.0,8.0,3.0,7.0,6.0063531596017325,True,3,3,3
6.0,1.0,2.0,2.0,1.0,2.0,1.0,1.0,900.0,2.0,4.0,2.0,2.0,10.0,10.0,5.0,10.0,6.803505257608338,True,2,2,2
3.0,1.0,1.0,2.0,1.0,2.0,1.0,1.0,285.0,1.0,4.0,4.0,4.0,6.0,7.0,2.0,5.0,5.655991810819852,True,1,1,1
5.0,3.0,2.0,2.0,1.0,4.0,2.0,1.0,0.0,3.0,4.0,3.0,3.0,5.0,8.0,4.0,7.0,0.0,False,2,2,2
3.0,1.0,1.0,2.0,5.0,5.0,4.0,8.0,977.5,2.0,3.0,2.0,4.0,7.0,7.0,3.0,8.0,6.886020786836131,True,3,3,3
7.0,1.0,1.0,1.0,5.0,8.0,1.0,5.0,1080.0,2.0,4.0,2.0,3.0,10.0,9.0,5.0,7.0,6.985641817639208,True,0,0,0
5.0,1.0,3.0,1.0,1.0,4.0,2.0,1.0,6330.0,1.0,5.0,2.0,1.0,8.0,8.0,3.0,9.0,8.753213480544126,True,0,0,0
6.0,1.0,1.0,1.0,7.0,4.0,1.0,5.0,4650.0,1.0,2.0,1.0,4.0,10.0,9.0,5.0,9.0,8.444837529224097,True,0,0,0
6.0,3.0,1.0,2.0,4.0,3.0,2.0,2.0,225.0,4.0,4.0,3.0,2.0,5.0,8.0,5.0,8.0,5.420534999272286,True,3,3,3
2.0,2.0,1.0,2.0,10.0,3.0,2.0,1.0,60.0,3.0,4.0,2.0,2.0,5.0,7.0,5.0,5.0,4.110873864173311,False,1,1,1
4.0,1.0,1.0,1.0,5.0,9.0,1.0,1.0,1145.0,2.0,4.0,4.0,4.0,8.0,7.0,4.0,5.0,7.044032897274685,True,0,0,0
4.0,1.0,1.0,2.0,5.0,9.0,1.0,1.0,1082.5,3.0,2.0,2.0,4.0,8.0,8.0,3.0,7.0,6.987951820976414,True,1,1,1
6.0,5.0,3.0,1.0,11.0,4.0,1.0,1.0,1350.0,3.0,3.0,2.0,3.0,7.0,7.0,4.0,7.0,7.208600337960199,True,0,0,0
3.0,1.0,1.0,2.0,5.0,4.0,1.0,1.0,420.0,2.0,5.0,2.0,3.0,8.0,7.0,3.0,7.0,6.042632833682381,True,1,1,1
7.0,2.0,2.0,2.0,7.0,4.0,1.0,5.0,270.0,2.0,4.0,2.0,3.0,5.0,4.0,3.0,4.0,5.602118820879701,True,3,3,3
5.0,1.0,2.0,2.0,1.0,2.0,1.0,7.0,300.0,4.0,5.0,2.0,4.0,4.0,3.0,1.0,5.0,5.707110264748875,True,3,3,3
5.0,1.0,1.0,1.0,6.0,6.0,1.0,1.0,2040.0,2.0,4.0,3.0,3.0,5.0,6.0,2.0,3.0,7.621195162809845,True,0,0,0
4.0,1.0,1.0,2.0,6.0,4.0,1.0,2.0,225.0,3.0,4.0,3.0,4.0,7.0,8.0,4.0,7.0,5.420534999272286,True,3,3,3
4.0,1.0,3.0,2.0,2.0,3.0,1.0,1.0,0.0,1.0,5.0,1.0,3.0,10.0,10.0,4.0,10.0,0.0,False,2,2,2
3.0,1.0,1.0,2.0,5.0,2.0,1.0,1.0,990.0,1.0,3.0,4.0,3.0,8.0,7.0,4.0,5.0,6.898714534329988,True,1,1,1
5.0,1.0,1.0,2.0,1.0,4.0,1.0,1.0,322.5,2.0,3.0,1.0,3.0,8.0,7.0,3.0,7.0,5.7791991139409555,True,1,1,1
5.0,1.0,1.0,2.0,1.0,7.0,1.0,1.0,247.5,1.0,4.0,2.0,2.0,9.0,8.0,5.0,9.0,5.5154428455366835,True,1,1,1
6.0,1.0,1.0,1.0,5.0,9.0,1.0,1.0,1030.0,2.0,5.0,2.0,4.0,8.0,7.0,5.0,8.0,6.93828448401696,True,0,0,0
4.0,1.0,1.0,2.0,1.0,8.0,1.0,1.0,1127.5,1.0,4.0,2.0,4.0,7.0,7.0,4.0,7.0,7.028644596257591,True,1,1,1
4.0,1.0,1.0,1.0,1.0,9.0,1.0,1.0,712.5,1.0,5.0,2.0,5.0,9.0,8.0,4.0,8.0,6.570182436916891,True,0,0,0
5.0,1.0,2.0,2.0,6.0,9.0,1.0,1.0,420.0,1.0,5.0,1.0,4.0,9.0,9.0,5.0,9.0,6.042632833682381,True,2,2,2
3.0,1.0,2.0,2.0,5.0,8.0,1.0,1.0,2190.0,3.0,4.0,3.0,4.0,9.0,8.0,4.0,8.0,7.692113339595466,True,2,2,2
2.0,1.0,5.0,2.0,1.0,8.0,4.0,3.0,480.0,1.0,4.0,2.0,4.0,6.0,3.0,2.0,3.0,6.175867270105761,True,3,3,3
5.0,2.0,2.0,1.0,1.0,9.0,2.0,1.0,3090.0,2.0,3.0,3.0,4.0,8.0,7.0,2.0,5.0,8.036249942132116,True,0,0,0
3.0,1.0,1.0,1.0,5.0,8.0,1.0,1.0,540.0,1.0,3.0,3.0,3.0,9.0,9.0,5.0,7.0,6.293419278846481,True,0,0,0
5.0,1.0,1.0,2.0,4.0,3.0,1.0,1.0,345.0,2.0,5.0,2.0,4.0,5.0,4.0,2.0,7.0,5.846438775057725,True,1,1,1
2.0,2.0,6.0,1.0,10.0,3.0,4.0,8.0,180.0,2.0,5.0,3.0,4.0,5.0,5.0,2.0,5.0,5.198497031265826,True,0,0,0
3.0,1.0,1.0,2.0,2.0,8.0,1.0,1.0,772.5,1.0,5.0,2.0,2.0,5.0,6.0,2.0,6.0,6.6509256700131205,True,1,1,1
3.0,1.0,2.0,2.0,2.0,6.0,1.0,1.0,1080.0,1.0,5.0,1.0,2.0,8.0,8.0,3.0,7.0,6.985641817639208,True,2,2,2
6.0,1.0,1.0,2.0,4.0,7.0,1.0,1.0,720.0,2.0,4.0,2.0,3.0,8.0,8.0,3.0,8.0,6.580639137284949,True,1,1,1
5.0,1.0,1.0,1.0,6.0,10.0,1.0,1.0,2895.0,1.0,5.0,1.0,4.0,9.0,8.0,4.0,9.0,7.971085753505607,True,0,0,0
2.0,1.0,1.0,2.0,2.0,7.0,2.0,1.0,630.0,1.0,2.0,2.0,3.0,5.0,7.0,2.0,8.0,6.447305862541213,True,1,1,1
3.0,1.0,3.0,2.0,1.0,6.0,4.0,8.0,150.0,2.0,4.0,3.0,3.0,9.0,8.0,3.0,8.0,5.017279836814924,True,3,3,3
7.0,1.0,1.0,1.0,1.0,8.0,1.0,2.0,360.0,1.0,3.0,2.0,4.0,8.0,8.0,4.0,8.0,5.8888779583328805,True,0,0,0
3.0,1.0,5.0,1.0,5.0,4.0,1.0,1.0,420.0,2.0,5.0,3.0,3.0,7.0,7.0,3.0,8.0,6.042632833682381,True,0,0,0
4.0,1.0,2.0,1.0,5.0,7.0,1.0,1.0,948.75,1.0,4.0,2.0,3.0,7.0,8.0,4.0,8.0,6.856198792067735,True,0,0,0
3.0,1.0,3.0,2.0,5.0,9.0,1.0,1.0,865.0,2.0,4.0,1.0,3.0,9.0,9.0,4.0,9.0,6.763884908562435,True,2,2,2
3.0,1.0,5.0,1.0,1.0,6.0,1.0,1.0,360.0,2.0,4.0,2.0,4.0,9.0,9.0,5.0,10.0,5.8888779583328805,True,0,0,0
3.0,1.0,5.0,2.0,1.0,6.0,1.0,1.0,240.0,2.0,4.0,2.0,4.0,9.0,9.0,5.0,9.0,5.484796933490655,True,2,2,2
4.0,1.0,1.0,1.0,1.0,5.0,1.0,7.0,450.0,1.0,4.0,2.0,3.0,4.0,7.0,4.0,10.0,6.111467339502679,True,0,0,0
6.0,1.0,1.0,2.0,5.0,7.0,1.0,10.0,15.0,4.0,4.0,4.0,3.0,8.0,8.0,4.0,8.0,2.772588722239781,False,3,3,3
4.0,2.0,2.0,2.0,6.0,5.0,4.0,2.0,1700.0,2.0,4.0,2.0,3.0,8.0,7.0,3.0,10.0,7.438971592395862,True,3,3,3
6.0,1.0,1.0,2.0,3.0,4.0,1.0,1.0,60.0,2.0,5.0,2.0,5.0,7.0,7.0,4.0,8.0,4.110873864173311,False,1,1,1
2.0,3.0,4.0,2.0,10.0,4.0,4.0,8.0,210.0,1.0,4.0,1.0,3.0,7.0,10.0,3.0,10.0,5.351858133476067,True,3,3,3
2.0,2.0,4.0,2.0,10.0,4.0,4.0,8.0,1200.0,4.0,5.0,4.0,2.0,9.0,6.0,2.0,6.0,7.0909098220799835,True,3,3,3
3.0,3.0,3.0,2.0,3.0,3.0,1.0,2.0,2190.0,1.0,4.0,1.0,4.0,10.0,10.0,3.0,0.0,7.692113339595466,True,3,3,3
6.0,5.0,1.0,2.0,5.0,2.0,2.0,7.0,0.0,3.0,3.0,3.0,2.0,6.0,5.0,3.0,5.0,0.0,False,3,3,3
7.0,1.0,1.0,1.0,5.0,9.0,1.0,5.0,270.0,3.0,4.0,2.0,3.0,8.0,8.0,5.0,8.0,5.602118820879701,True,0,0,0
7.0,2.0,1.0,2.0,5.0,9.0,1.0,5.0,540.0,2.0,4.0,2.0,4.0,7.0,7.0,5.0,7.0,6.293419278846481,True,3,3,3
6.0,1.0,5.0,1.0,1.0,6.0,1.0,5.0,258.75,2.0,4.0,2.0,3.0,8.0,8.0,3.0,9.0,5.5597196299793366,True,0,0,0
4.0,1.0,2.0,2.0,6.0,9.0,1.0,2.0,397.5,1.0,5.0,1.0,3.0,9.0,9.0,5.0,8.0,5.98770749823027,True,3,3,3
2.0,2.0,1.0,1.0,3.0,9.0,1.0,2.0,240.0,4.0,2.0,3.0,4.0,2.0,5.0,2.0,6.0,5.484796933490655,True,0,0,0
6.0,1.0,2.0,1.0,7.0,7.0,1.0,1.0,1560.0,1.0,5.0,2.0,3.0,8.0,8.0,5.0,9.0,7.353081920515432,True,0,0,0
7.0,1.0,2.0,2.0,7.0,10.0,1.0,5.0,1800.0,2.0,4.0,2.0,5.0,10.0,10.0,4.0,10.0,7.496097345175956,True,3,3,3
7.0,1.0,1.0,1.0,1.0,7.0,1.0,5.0,350.0,2.0,3.0,3.0,1.0,8.0,8.0,5.0,9.0,5.860786223465865,True,0,0,0
4.0,1.0,3.0,1.0,5.0,2.0,1.0,1.0,3750.0,1.0,4.0,1.0,3.0,3.0,4.0,2.0,5.0,8.229777750081887,True,0,0,0
2.0,3.0,3.0,3.0,10.0,5.0,4.0,8.0,600.0,2.0,4.0,1.0,3.0,6.0,7.0,4.0,10.0,6.398594934535208,True,3,3,3
7.0,1.0,1.0,2.0,1.0,8.0,4.0,5.0,1035.0,3.0,3.0,2.0,3.0,8.0,9.0,2.0,6.0,6.943122422819428,True,3,3,3
3.0,1.0,1.0,2.0,10.0,5.0,2.0,10.0,180.0,3.0,5.0,3.0,4.0,2.0,3.0,1.0,4.0,5.198497031265826,True,3,3,3
6.0,1.0,1.0,2.0,10.0,10.0,1.0,5.0,630.0,4.0,3.0,2.0,5.0,5.0,5.0,3.0,8.0,6.447305862541213,True,3,3,3
7.0,1.0,1.0,1.0,5.0,7.0,2.0,2.0,4680.0,1.0,4.0,2.0,4.0,8.0,8.0,4.0,9.0,8.45126704130007,True,0,0,0
7.0,6.0,1.0,2.0,5.0,7.0,1.0,5.0,382.5,2.0,3.0,2.0,3.0,9.0,9.0,4.0,10.0,5.949339620807311,True,3,3,3
4.0,1.0,1.0,1.0,6.0,7.0,1.0,1.0,1271.25,1.0,5.0,2.0,4.0,7.0,8.0,3.0,7.0,7.148542265468942,True,0,0,0
5.0,1.0,5.0,2.0,6.0,3.0,1.0,2.0,1225.0,2.0,5.0,4.0,1.0,4.0,2.0,3.0,6.0,7.111512116496157,True,3,3,3
5.0,1.0,5.0,1.0,6.0,3.0,2.0,1.0,4010.0,1.0,5.0,4.0,1.0,5.0,3.0,3.0,6.0,8.296795865770052,True,0,0,0
2.0,3.0,4.0,2.0,10.0,5.0,4.0,8.0,0.0,3.0,5.0,1.0,4.0,4.0,4.0,3.0,5.0,0.0,False,3,3,3
3.0,6.0,6.0,1.0,8.0,5.0,3.0,7.0,1140.0,2.0,3.0,3.0,2.0,7.0,7.0,2.0,5.0,7.039660349862076,True,0,0,0
2.0,2.0,4.0,1.0,10.0,3.0,4.0,8.0,0.0,1.0,1.0,1.0,5.0,10.0,10.0,4.0,10.0,0.0,False,0,0,0
2.0,2.0,3.0,1.0,10.0,4.0,1.0,2.0,1940.0,1.0,3.0,1.0,4.0,10.0,10.0,5.0,10.0,7.57095858316901,True,0,0,0
6.0,3.0,1.0,2.0,7.0,8.0,3.0,5.0,720.0,2.0,4.0,3.0,3.0,9.0,8.0,3.0,9.0,6.580639137284949,True,3,3,3
5.0,1.0,3.0,1.0,9.0,8.0,1.0,1.0,0.0,3.0,4.0,1.0,4.0,6.0,7.0,5.0,8.0,0.0,False,0,0,0
3.0,1.0,1.0,1.0,5.0,5.0,1.0,1.0,0.0,2.0,2.0,2.0,3.0,8.0,7.0,4.0,5.0,0.0,False,0,0,0
3.0,1.0,1.0,1.0,5.0,5.0,1.0,2.0,0.0,3.0,3.0,3.0,3.0,7.0,5.0,3.0,6.0,0.0,False,0,0,0
3.0,1.0,2.0,1.0,1.0,4.0,1.0,1.0,1080.0,1.0,4.0,3.0,2.0,7.0,7.0,4.0,6.0,6.985641817639208,True,0,0,0
4.0,1.0,4.0,2.0,10.0,3.0,1.0,6.0,20.0,2.0,4.0,2.0,3.0,10.0,10.0,4.0,10.0,3.044522437723423,False,3,3,3
7.0,1.0,1.0,1.0,1.0,5.0,1.0,5.0,450.0,2.0,3.0,1.0,4.0,8.0,7.0,2.0,9.0,6.111467339502679,True,0,0,0
4.0,1.0,1.0,2.0,1.0,3.0,1.0,1.0,515.0,2.0,4.0,3.0,2.0,0.0,2.0,1.0,5.0,6.246106765481563,True,1,1,1
3.0,1.0,4.0,2.0,6.0,4.0,1.0,10.0,30.0,2.0,4.0,1.0,1.0,8.0,7.0,3.0,8.0,3.4339872044851463,False,3,3,3
7.0,3.0,3.0,2.0,1.0,6.0,2.0,10.0,607.5,1.0,4.0,1.0,4.0,10.0,9.0,4.0,9.0,6.410996912427582,True,3,3,3
7.0,3.0,3.0,1.0,1.0,6.0,3.0,5.0,420.0,1.0,4.0,1.0,4.0,10.0,10.0,5.0,10.0,6.042632833682381,True,0,0,0
6.0,2.0,4.0,2.0,1.0,4.0,4.0,2.0,945.0,2.0,4.0,2.0,4.0,7.0,7.0,3.0,7.0,6.852242569051878,True,3,3,3
5.0,2.0,4.0,2.0,8.0,3.0,2.0,1.0,120.0,2.0,4.0,3.0,3.0,7.0,7.0,5.0,7.0,4.795790545596741,False,2,2,2
5.0,1.0,4.0,2.0,1.0,1.0,1.0,1.0,67.5,4.0,5.0,3.0,3.0,4.0,7.0,3.0,8.0,4.22683374526818,False,2,2,2
3.0,1.0,1.0,1.0,1.0,8.0,1.0,1.0,45.75,1.0,5.0,2.0,2.0,8.0,7.0,3.0,8.0,3.844814255734696,False,0,0,0
7.0,1.0,6.0,2.0,5.0,7.0,1.0,5.0,1200.0,1.0,4.0,2.0,3.0,10.0,10.0,4.0,10.0,7.0909098220799835,True,3,3,3
4.0,1.0,1.0,1.0,5.0,7.0,1.0,1.0,347.5,2.0,4.0,2.0,2.0,8.0,7.0,4.0,7.0,5.853638230200579,True,0,0,0
4.0,1.0,1.0,2.0,1.0,9.0,1.0,1.0,262.5,3.0,4.0,2.0,4.0,5.0,7.0,2.0,9.0,5.574053367981417,True,1,1,1
5.0,1.0,1.0,2.0,6.0,8.0,1.0,1.0,1975.0,1.0,5.0,2.0,3.0,8.0,7.0,4.0,9.0,7.588829878307813,True,1,1,1
6.0,3.0,1.0,2.0,5.0,10.0,1.0,6.0,570.0,2.0,4.0,3.0,3.0,7.0,8.0,4.0,8.0,6.3473892096560105,True,3,3,3
6.0,1.0,1.0,1.0,7.0,9.0,1.0,5.0,565.0,2.0,5.0,3.0,4.0,5.0,7.0,4.0,6.0,6.338594078203183,True,0,0,0
7.0,1.0,1.0,2.0,1.0,10.0,1.0,5.0,0.0,3.0,3.0,2.0,4.0,5.0,5.0,3.0,3.0,0.0,False,3,3,3
6.0,1.0,1.0,1.0,5.0,10.0,1.0,5.0,2580.0,1.0,5.0,1.0,4.0,10.0,10.0,5.0,0.0,7.855932199718614,True,0,0,0
6.0,1.0,3.0,2.0,4.0,10.0,1.0,1.0,1230.0,3.0,4.0,2.0,3.0,8.0,9.0,4.0,9.0,7.115582126184454,True,2,2,2
5.0,1.0,1.0,2.0,1.0,7.0,1.0,7.0,640.0,2.0,5.0,4.0,4.0,4.0,5.0,2.0,5.0,6.46302945692067,True,3,3,3
6.0,5.0,1.0,2.0,5.0,8.0,1.0,2.0,690.0,2.0,3.0,2.0,4.0,10.0,9.0,4.0,9.0,6.53813982376767,True,3,3,3
6.0,1.0,2.0,2.0,5.0,2.0,1.0,5.0,315.0,2.0,3.0,3.0,2.0,7.0,7.0,3.0,7.0,5.755742213586912,True,3,3,3
5.0,1.0,7.0,2.0,5.0,4.0,1.0,1.0,1710.0,1.0,4.0,1.0,3.0,7.0,8.0,3.0,8.0,7.444833273892193,True,2,2,2
6.0,6.0,1.0,1.0,1.0,2.0,3.0,4.0,0.0,4.0,5.0,4.0,1.0,7.0,7.0,1.0,8.0,0.0,False,0,0,0
2.0,2.0,4.0,2.0,1.0,2.0,1.0,7.0,0.0,3.0,5.0,3.0,5.0,10.0,7.0,5.0,10.0,0.0,False,3,3,3
4.0,1.0,1.0,1.0,1.0,5.0,1.0,1.0,390.0,3.0,4.0,3.0,3.0,4.0,5.0,2.0,7.0,5.968707559985366,True,0,0,0
3.0,1.0,2.0,1.0,1.0,5.0,1.0,1.0,2580.0,2.0,4.0,2.0,3.0,6.0,6.0,2.0,8.0,7.855932199718614,True,0,0,0
6.0,2.0,1.0,2.0,7.0,3.0,2.0,5.0,1140.0,3.0,4.0,2.0,3.0,4.0,6.0,3.0,6.0,7.039660349862076,True,3,3,3
2.0,1.0,5.0,1.0,1.0,3.0,4.0,8.0,1350.0,1.0,5.0,2.0,3.0,9.0,8.0,4.0,7.0,7.208600337960199,True,0,0,0
7.0,1.0,1.0,2.0,5.0,9.0,4.0,10.0,0.0,2.0,4.0,2.0,4.0,9.0,9.0,5.0,5.0,0.0,False,3,3,3
4.0,1.0,2.0,2.0,1.0,8.0,1.0,1.0,45.0,2.0,3.0,2.0,2.0,6.0,6.0,1.0,6.0,3.828641396489095,False,2,2,2
4.0,1.0,1.0,2.0,5.0,9.0,2.0,2.0,315.0,3.0,2.0,2.0,4.0,8.0,8.0,3.0,7.0,5.755742213586912,True,3,3,3
4.0,1.0,5.0,1.0,6.0,9.0,1.0,1.0,15660.0,1.0,4.0,2.0,4.0,8.0,7.0,4.0,8.0,9.658928824466434,True,0,0,0
4.0,1.0,1.0,2.0,6.0,9.0,1.0,2.0,4800.0,2.0,3.0,3.0,4.0,10.0,10.0,3.0,10.0,8.476579508530941,True,3,3,3
7.0,1.0,1.0,2.0,1.0,9.0,1.0,5.0,527.5,1.0,5.0,2.0,3.0,6.0,6.0,3.0,8.0,6.270042805310292,True,3,3,3
5.0,1.0,3.0,2.0,1.0,9.0,1.0,10.0,45.0,2.0,4.0,3.0,3.0,2.0,2.0,2.0,1.0,3.828641396489095,False,3,3,3
5.0,3.0,1.0,2.0,1.0,8.0,2.0,1.0,305.0,4.0,4.0,2.0,3.0,8.0,7.0,3.0,8.0,5.723585101952381,True,1,1,1
6.0,1.0,2.0,2.0,5.0,9.0,1.0,1.0,2107.5,2.0,4.0,2.0,4.0,7.0,8.0,3.0,8.0,7.653732073186615,True,2,2,2
5.0,1.0,1.0,2.0,1.0,3.0,1.0,1.0,1110.0,2.0,4.0,3.0,3.0,9.0,8.0,3.0,10.0,7.01301578963963,True,1,1,1
7.0,1.0,2.0,2.0,1.0,9.0,4.0,8.0,110.0,1.0,5.0,1.0,4.0,9.0,8.0,3.0,10.0,4.709530201312334,False,3,3,3
3.0,1.0,3.0,1.0,11.0,6.0,1.0,1.0,0.0,1.0,3.0,1.0,3.0,8.0,6.0,1.0,10.0,0.0,False,0,0,0
7.0,1.0,1.0,1.0,5.0,5.0,1.0,2.0,540.0,1.0,4.0,2.0,3.0,9.0,8.0,4.0,8.0,6.293419278846481,True,0,0,0
2.0,1.0,5.0,2.0,2.0,6.0,4.0,8.0,367.5,2.0,3.0,2.0,3.0,7.0,7.0,2.0,6.0,5.909440711629391,True,3,3,3
4.0,1.0,1.0,1.0,7.0,5.0,1.0,1.0,1697.5,1.0,3.0,2.0,2.0,6.0,5.0,2.0,5.0,7.437500787600639,True,0,0,0
3.0,1.0,6.0,2.0,10.0,5.0,1.0,1.0,1140.0,1.0,4.0,2.0,4.0,3.0,4.0,3.0,7.0,7.039660349862076,True,2,2,2
7.0,3.0,1.0,1.0,1.0,7.0,1.0,5.0,1440.0,1.0,3.0,3.0,4.0,10.0,9.0,5.0,9.0,7.273092595999522,True,0,0,0
4.0,1.0,3.0,2.0,11.0,6.0,1.0,1.0,0.0,4.0,5.0,2.0,4.0,7.0,6.0,3.0,6.0,0.0,False,2,2,2
6.0,1.0,1.0,1.0,1.0,7.0,2.0,7.0,0.0,5.0,5.0,4.0,2.0,7.0,5.0,5.0,9.0,0.0,False,0,0,0
7.0,3.0,1.0,2.0,5.0,10.0,2.0,5.0,975.0,2.0,4.0,1.0,5.0,10.0,10.0,5.0,10.0,6.883462586413092,True,3,3,3
4.0,1.0,1.0,2.0,1.0,6.0,1.0,1.0,855.0,3.0,5.0,2.0,4.0,5.0,6.0,1.0,6.0,6.752270376141742,True,1,1,1
4.0,1.0,1.0,1.0,5.0,3.0,1.0,1.0,525.0,2.0,4.0,2.0,4.0,9.0,8.0,4.0,6.0,6.26530121273771,True,0,0,0
6.0,5.0,2.0,2.0,4.0,5.0,1.0,3.0,0.0,3.0,2.0,2.0,3.0,0.0,2.0,4.0,2.0,0.0,False,3,3,3
4.0,1.0,1.0,2.0,1.0,5.0,2.0,2.0,0.0,3.0,3.0,3.0,3.0,4.0,5.0,3.0,5.0,0.0,False,3,3,3
2.0,6.0,6.0,1.0,10.0,3.0,4.0,8.0,367.5,1.0,4.0,3.0,3.0,8.0,8.0,4.0,8.0,5.909440711629391,True,0,0,0
2.0,3.0,6.0,2.0,10.0,3.0,4.0,8.0,165.0,1.0,3.0,2.0,4.0,7.0,8.0,3.0,6.0,5.111987788356544,True,3,3,3
7.0,1.0,3.0,1.0,1.0,3.0,1.0,5.0,1200.0,2.0,4.0,2.0,3.0,6.0,7.0,3.0,6.0,7.0909098220799835,True,0,0,0
6.0,2.0,4.0,2.0,4.0,5.0,2.0,6.0,0.0,2.0,3.0,3.0,2.0,10.0,9.0,5.0,9.0,0.0,False,3,3,3
5.0,3.0,1.0,1.0,5.0,3.0,1.0,7.0,90.0,4.0,3.0,3.0,2.0,3.0,2.0,2.0,2.0,4.51085950651685,False,0,0,0
3.0,1.0,3.0,1.0,2.0,5.0,1.0,1.0,1230.0,1.0,5.0,1.0,3.0,8.0,8.0,3.0,8.0,7.115582126184454,True,0,0,0
3.0,1.0,1.0,2.0,1.0,4.0,1.0,1.0,1260.0,3.0,5.0,4.0,4.0,7.0,5.0,3.0,7.0,7.13966033596492,True,1,1,1
6.0,3.0,1.0,2.0,5.0,7.0,1.0,1.0,1310.0,2.0,4.0,3.0,3.0,8.0,7.0,3.0,8.0,7.1785454837637,True,1,1,1
6.0,1.0,2.0,1.0,5.0,2.0,1.0,6.0,0.0,2.0,4.0,2.0,4.0,7.0,8.0,3.0,7.0,0.0,False,0,0,0
6.0,1.0,1.0,2.0,1.0,2.0,2.0,2.0,0.0,2.0,3.0,2.0,4.0,8.0,8.0,3.0,9.0,0.0,False,3,3,3
6.0,6.0,3.0,1.0,7.0,3.0,3.0,7.0,0.0,5.0,2.0,3.0,3.0,5.0,4.0,2.0,5.0,0.0,False,0,0,0
4.0,1.0,1.0,1.0,5.0,9.0,2.0,1.0,1395.0,1.0,4.0,2.0,2.0,6.0,4.0,2.0,7.0,7.241366283322318,True,0,0,0
6.0,1.0,1.0,1.0,1.0,6.0,1.0,2.0,290.0,2.0,4.0,2.0,4.0,6.0,7.0,5.0,5.0,5.673323267171493,True,0,0,0
5.0,1.0,2.0,2.0,1.0,8.0,4.0,8.0,45.0,4.0,2.0,4.0,4.0,8.0,8.0,3.0,8.0,3.828641396489095,False,3,3,3
6.0,1.0,1.0,1.0,5.0,5.0,1.0,5.0,930.0,3.0,4.0,3.0,3.0,9.0,9.0,5.0,7.0,6.836259277277067,True,0,0,0
5.0,1.0,1.0,2.0,7.0,7.0,1.0,6.0,150.0,3.0,5.0,2.0,3.0,7.0,6.0,5.0,6.0,5.017279836814924,True,3,3,3
4.0,3.0,2.0,2.0,1.0,6.0,1.0,1.0,0.0,4.0,2.0,2.0,2.0,6.0,7.0,5.0,8.0,0.0,False,2,2,2
5.0,1.0,1.0,1.0,1.0,6.0,1.0,1.0,488.75,3.0,5.0,2.0,4.0,8.0,6.0,3.0,5.0,6.19389505682465,True,0,0,0
6.0,5.0,2.0,1.0,1.0,3.0,3.0,4.0,0.0,1.0,3.0,2.0,2.0,2.0,4.0,2.0,3.0,0.0,False,0,0,0
2.0,1.0,4.0,1.0,1.0,2.0,1.0,2.0,122.0,2.0,2.0,2.0,4.0,6.0,5.0,3.0,3.0,4.812184355372417,False,0,0,0
4.0,1.0,5.0,1.0,6.0,3.0,2.0,1.0,0.0,1.0,4.0,1.0,4.0,8.0,8.0,5.0,10.0,0.0,False,0,0,0
4.0,1.0,2.0,2.0,1.0,5.0,1.0,1.0,600.0,1.0,4.0,1.0,3.0,7.0,8.0,3.0,7.0,6.398594934535208,True,2,2,2
6.0,1.0,1.0,1.0,2.0,5.0,1.0,2.0,520.0,4.0,5.0,2.0,3.0,9.0,7.0,5.0,9.0,6.255750041753367,True,0,0,0
7.0,1.0,1.0,1.0,5.0,6.0,1.0,5.0,652.5,1.0,5.0,1.0,2.0,10.0,8.0,5.0,10.0,6.482342533064276,True,0,0,0
6.0,1.0,1.0,1.0,5.0,4.0,1.0,5.0,915.0,3.0,4.0,2.0,3.0,6.0,6.0,4.0,3.0,6.82001636467413,True,0,0,0
5.0,1.0,3.0,2.0,8.0,9.0,1.0,1.0,1380.0,3.0,3.0,2.0,3.0,10.0,9.0,5.0,10.0,7.2305631534092925,True,2,2,2
6.0,3.0,1.0,2.0,1.0,2.0,2.0,1.0,3311.25,2.0,4.0,2.0,4.0,10.0,9.0,5.0,10.0,8.105382995748233,True,1,1,1
4.0,1.0,1.0,2.0,1.0,4.0,1.0,1.0,480.0,2.0,4.0,1.0,4.0,7.0,7.0,2.0,6.0,6.175867270105761,True,1,1,1
3.0,3.0,4.0,2.0,1.0,6.0,1.0,1.0,960.0,2.0,4.0,2.0,2.0,6.0,5.0,1.0,7.0,6.8679744089702925,True,2,2,2
5.0,5.0,1.0,1.0,1.0,3.0,1.0,1.0,2100.0,1.0,4.0,2.0,4.0,8.0,9.0,3.0,9.0,7.650168700845001,True,0,0,0
4.0,1.0,1.0,2.0,5.0,4.0,1.0,1.0,755.0,1.0,4.0,1.0,4.0,9.0,8.0,3.0,7.0,6.628041376179533,True,1,1,1
4.0,1.0,1.0,1.0,5.0,4.0,1.0,1.0,1020.0,2.0,4.0,3.0,4.0,8.0,7.0,4.0,6.0,6.928537818164665,True,0,0,0
3.0,1.0,1.0,2.0,2.0,3.0,1.0,1.0,375.0,1.0,4.0,1.0,4.0,6.0,7.0,3.0,7.0,5.929589143389895,True,1,1,1
5.0,1.0,1.0,1.0,7.0,4.0,1.0,1.0,2945.0,1.0,5.0,3.0,4.0,7.0,8.0,4.0,8.0,7.988203597022576,True,0,0,0
5.0,1.0,1.0,2.0,7.0,4.0,2.0,1.0,875.0,2.0,4.0,2.0,4.0,8.0,8.0,4.0,7.0,6.775366090936392,True,1,1,1
5.0,3.0,1.0,2.0,7.0,4.0,2.0,2.0,250.0,1.0,5.0,1.0,2.0,8.0,8.0,3.0,8.0,5.5254529391317835,True,3,3,3
4.0,1.0,1.0,2.0,1.0,6.0,2.0,2.0,540.0,2.0,5.0,3.0,3.0,6.0,7.0,2.0,6.0,6.293419278846481,True,3,3,3
6.0,3.0,1.0,2.0,5.0,8.0,1.0,2.0,540.0,2.0,5.0,2.0,3.0,8.0,8.0,3.0,8.0,6.293419278846481,True,3,3,3
6.0,3.0,1.0,1.0,5.0,8.0,1.0,5.0,0.0,2.0,4.0,2.0,3.0,9.0,9.0,5.0,9.0,0.0,False,0,0,0
4.0,6.0,1.0,1.0,6.0,3.0,3.0,4.0,7420.0,1.0,2.0,1.0,5.0,0.0,8.0,1.0,0.0,8.912069097970134,True,0,0,0
2.0,1.0,6.0,2.0,2.0,6.0,1.0,1.0,1042.5,2.0,4.0,2.0,3.0,7.0,7.0,3.0,7.0,6.950335726517255,True,2,2,2
2.0,1.0,5.0,2.0,2.0,6.0,1.0,1.0,2130.0,1.0,5.0,1.0,3.0,6.0,5.0,1.0,7.0,7.664346632098617,True,2,2,2
4.0,3.0,4.0,2.0,3.0,5.0,2.0,2.0,960.0,1.0,4.0,1.0,3.0,10.0,10.0,5.0,10.0,6.8679744089702925,True,3,3,3
3.0,1.0,7.0,2.0,2.0,2.0,1.0,1.0,195.0,2.0,3.0,2.0,3.0,8.0,6.0,2.0,7.0,5.278114659230517,True,2,2,2
3.0,1.0,2.0,2.0,1.0,2.0,1.0,1.0,2640.0,1.0,3.0,1.0,4.0,6.0,6.0,3.0,8.0,7.878912912297133,True,2,2,2
5.0,1.0,1.0,2.0,6.0,4.0,1.0,1.0,618.75,1.0,4.0,2.0,3.0,9.0,9.0,4.0,9.0,6.4293161709153,True,1,1,1
7.0,1.0,1.0,2.0,2.0,3.0,1.0,5.0,525.0,2.0,4.0,3.0,4.0,3.0,7.0,4.0,8.0,6.26530121273771,True,3,3,3
5.0,1.0,2.0,2.0,1.0,2.0,1.0,1.0,2535.0,1.0,5.0,1.0,5.0,4.0,7.0,5.0,9.0,7.8383433155571165,True,2,2,2
5.0,6.0,1.0,2.0,5.0,2.0,1.0,2.0,0.0,3.0,2.0,2.0,2.0,4.0,0.0,2.0,4.0,0.0,False,3,3,3
5.0,3.0,3.0,1.0,5.0,2.0,1.0,1.0,0.0,3.0,3.0,4.0,2.0,2.0,6.0,3.0,4.0,0.0,False,0,0,0
3.0,1.0,3.0,1.0,2.0,3.0,1.0,1.0,1708.75,1.0,4.0,2.0,3.0,7.0,6.0,3.0,7.0,7.444102439978206,True,0,0,0
5.0,1.0,2.0,1.0,6.0,3.0,2.0,1.0,740.0,1.0,2.0,2.0,3.0,5.0,6.0,3.0,8.0,6.608000625296087,True,0,0,0
3.0,1.0,1.0,2.0,5.0,3.0,1.0,1.0,602.5,1.0,3.0,2.0,4.0,9.0,8.0,4.0,7.0,6.402746040537586,True,1,1,1
4.0,2.0,2.0,2.0,5.0,2.0,1.0,1.0,519.0,3.0,4.0,1.0,2.0,7.0,6.0,2.0,7.0,6.253828811575473,True,2,2,2
5.0,1.0,2.0,1.0,6.0,6.0,1.0,1.0,220.0,1.0,4.0,2.0,4.0,7.0,8.0,4.0,9.0,5.3981627015177525,True,0,0,0
7.0,4.0,1.0,1.0,1.0,2.0,2.0,5.0,0.0,2.0,3.0,2.0,1.0,0.0,1.0,1.0,1.0,0.0,False,0,0,0
4.0,1.0,2.0,1.0,6.0,3.0,1.0,1.0,0.0,1.0,5.0,2.0,3.0,7.0,7.0,3.0,5.0,0.0,False,0,0,0
6.0,1.0,1.0,1.0,6.0,4.0,1.0,2.0,855.0,4.0,4.0,4.0,4.0,6.0,6.0,3.0,5.0,6.752270376141742,True,0,0,0
5.0,1.0,4.0,2.0,12.0,3.0,3.0,6.0,3150.0,2.0,4.0,3.0,2.0,6.0,6.0,4.0,7.0,8.055475141757274,True,3,3,3
5.0,2.0,6.0,1.0,9.0,3.0,3.0,4.0,225.0,2.0,4.0,2.0,2.0,3.0,4.0,1.0,3.0,5.420534999272286,True,0,0,0
5.0,1.0,1.0,1.0,1.0,3.0,1.0,1.0,450.0,3.0,4.0,3.0,4.0,6.0,7.0,3.0,8.0,6.111467339502679,True,0,0,0
3.0,1.0,6.0,1.0,2.0,6.0,1.0,1.0,2775.0,1.0,4.0,3.0,3.0,7.0,7.0,3.0,7.0,7.9287663216266955,True,0,0,0
3.0,1.0,1.0,1.0,2.0,6.0,1.0,1.0,210.0,2.0,3.0,3.0,4.0,5.0,6.0,3.0,5.0,5.351858133476067,True,0,0,0
6.0,1.0,1.0,1.0,5.0,4.0,1.0,1.0,900.0,2.0,3.0,2.0,4.0,10.0,9.0,5.0,9.0,6.803505257608338,True,0,0,0
4.0,1.0,1.0,1.0,6.0,8.0,1.0,1.0,500.0,1.0,4.0,1.0,4.0,7.0,7.0,4.0,5.0,6.2166061010848646,True,0,0,0
5.0,1.0,1.0,1.0,6.0,5.0,1.0,1.0,800.0,1.0,4.0,2.0,4.0,8.0,8.0,4.0,7.0,6.68586094706836,True,0,0,0
3.0,5.0,3.0,1.0,5.0,2.0,1.0,3.0,150.0,2.0,3.0,2.0,3.0,9.0,6.0,5.0,6.0,5.017279836814924,True,0,0,0
6.0,1.0,2.0,1.0,6.0,4.0,1.0,1.0,225.0,2.0,4.0,3.0,4.0,9.0,8.0,4.0,10.0,5.420534999272286,True,0,0,0
7.0,1.0,1.0,2.0,1.0,3.0,2.0,5.0,240.0,3.0,3.0,2.0,4.0,7.0,5.0,3.0,5.0,5.484796933490655,True,3,3,3
4.0,1.0,3.0,1.0,6.0,2.0,1.0,6.0,140.0,1.0,4.0,2.0,4.0,9.0,9.0,5.0,9.0,4.948759890378168,False,0,0,0
7.0,2.0,4.0,1.0,11.0,2.0,1.0,5.0,2520.0,3.0,5.0,3.0,3.0,10.0,10.0,5.0,10.0,7.83241092718792,True,0,0,0
7.0,1.0,1.0,1.0,1.0,9.0,1.0,5.0,206.25,1.0,5.0,1.0,4.0,6.0,5.0,2.0,7.0,5.333925794015404,True,0,0,0
5.0,1.0,1.0,2.0,3.0,5.0,2.0,2.0,360.0,2.0,4.0,3.0,3.0,10.0,8.0,4.0,7.0,5.8888779583328805,True,3,3,3
2.0,3.0,1.0,2.0,10.0,5.0,4.0,8.0,1567.5,3.0,2.0,2.0,4.0,6.0,6.0,2.0,3.0,7.357875027630733,True,3,3,3
6.0,1.0,7.0,1.0,5.0,2.0,1.0,1.0,1920.0,3.0,4.0,3.0,3.0,8.0,7.0,3.0,8.0,7.560601162768557,True,0,0,0
5.0,1.0,1.0,2.0,6.0,7.0,1.0,1.0,540.0,2.0,4.0,1.0,4.0,7.0,7.0,4.0,7.0,6.293419278846481,True,1,1,1
7.0,3.0,1.0,1.0,1.0,5.0,3.0,5.0,0.0,3.0,5.0,3.0,4.0,6.0,6.0,5.0,5.0,0.0,False,0,0,0
7.0,1.0,1.0,2.0,7.0,7.0,1.0,5.0,1380.0,1.0,5.0,2.0,4.0,7.0,8.0,3.0,7.0,7.2305631534092925,True,3,3,3
7.0,1.0,5.0,1.0,7.0,7.0,1.0,1.0,225.0,2.0,4.0,2.0,4.0,8.0,8.0,3.0,8.0,5.420534999272286,True,0,0,0
7.0,1.0,1.0,1.0,5.0,7.0,1.0,5.0,0.0,2.0,3.0,2.0,3.0,8.0,8.0,5.0,8.0,0.0,False,0,0,0
7.0,1.0,2.0,2.0,5.0,7.0,1.0,2.0,0.0,2.0,4.0,2.0,3.0,8.0,8.0,5.0,8.0,0.0,False,3,3,3
2.0,2.0,1.0,2.0,2.0,6.0,1.0,1.0,1558.75,2.0,5.0,2.0,4.0,9.0,8.0,3.0,10.0,7.352280830990896,True,1,1,1
3.0,1.0,1.0,2.0,2.0,3.0,1.0,2.0,60.0,2.0,1.0,2.0,4.0,8.0,8.0,4.0,8.0,4.110873864173311,False,3,3,3
4.0,1.0,1.0,2.0,6.0,3.0,1.0,1.0,825.0,2.0,4.0,2.0,4.0,9.0,9.0,3.0,9.0,6.716594773520978,True,1,1,1
6.0,1.0,1.0,2.0,6.0,5.0,1.0,1.0,22.5,2.0,4.0,2.0,1.0,6.0,5.0,4.0,7.0,3.1570004211501135,False,1,1,1
3.0,1.0,4.0,1.0,2.0,3.0,1.0,1.0,0.0,1.0,3.0,2.0,3.0,7.0,7.0,1.0,10.0,0.0,False,0,0,0
4.0,1.0,6.0,1.0,5.0,2.0,1.0,1.0,2422.5,1.0,3.0,2.0,3.0,7.0,5.0,3.0,7.0,7.792968055285431,True,0,0,0
4.0,1.0,1.0,1.0,6.0,3.0,2.0,1.0,82.5,2.0,5.0,3.0,4.0,8.0,8.0,5.0,8.0,4.42484663185681,False,0,0,0
2.0,1.0,4.0,1.0,10.0,1.0,1.0,1.0,230.0,1.0,5.0,1.0,1.0,7.0,8.0,4.0,7.0,5.442417710521793,True,0,0,0
7.0,1.0,2.0,2.0,1.0,2.0,1.0,5.0,1170.0,2.0,4.0,2.0,3.0,9.0,7.0,3.0,7.0,7.065613363597717,True,3,3,3
6.0,1.0,7.0,2.0,1.0,2.0,1.0,1.0,1067.5,1.0,5.0,1.0,3.0,6.0,6.0,4.0,7.0,6.974011074759202,True,2,2,2
5.0,1.0,1.0,1.0,6.0,2.0,1.0,1.0,900.0,2.0,3.0,1.0,3.0,8.0,7.0,5.0,9.0,6.803505257608338,True,0,0,0
5.0,1.0,2.0,2.0,6.0,5.0,1.0,1.0,1380.0,2.0,5.0,2.0,3.0,1.0,8.0,4.0,10.0,7.2305631534092925,True,2,2,2
5.0,3.0,4.0,1.0,6.0,5.0,1.0,1.0,460.0,2.0,4.0,2.0,3.0,7.0,7.0,3.0,10.0,6.133398042996649,True,0,0,0
5.0,1.0,3.0,2.0,11.0,5.0,1.0,1.0,705.0,1.0,5.0,1.0,3.0,9.0,9.0,4.0,9.0,6.559615237493242,True,2,2,2
5.0,1.0,7.0,2.0,11.0,5.0,1.0,1.0,1800.0,2.0,4.0,2.0,3.0,8.0,7.0,4.0,7.0,7.496097345175956,True,2,2,2
7.0,2.0,1.0,1.0,7.0,10.0,2.0,2.0,660.0,1.0,5.0,1.0,5.0,7.0,8.0,5.0,10.0,6.493753839851686,True,0,0,0
3.0,3.0,1.0,2.0,3.0,10.0,4.0,7.0,240.0,3.0,2.0,2.0,3.0,7.0,5.0,2.0,8.0,5.484796933490655,True,3,3,3
4.0,1.0,3.0,2.0,6.0,10.0,1.0,10.0,10.0,1.0,4.0,1.0,2.0,9.0,8.0,5.0,9.0,2.3978952727983707,False,3,3,3
3.0,6.0,1.0,3.0,10.0,2.0,3.0,4.0,180.0,4.0,2.0,2.0,3.0,5.0,5.0,5.0,2.0,5.198497031265826,True,0,0,0
7.0,1.0,1.0,2.0,5.0,7.0,1.0,5.0,470.0,4.0,4.0,2.0,4.0,8.0,10.0,5.0,8.0,6.154858094016418,True,3,3,3
5.0,1.0,6.0,1.0,1.0,8.0,1.0,1.0,30.0,2.0,4.0,2.0,3.0,3.0,7.0,3.0,7.0,3.4339872044851463,False,0,0,0
5.0,1.0,6.0,2.0,6.0,3.0,1.0,1.0,0.0,2.0,3.0,2.0,3.0,6.0,8.0,2.0,8.0,0.0,False,2,2,2
5.0,1.0,1.0,2.0,3.0,5.0,1.0,2.0,92.5,2.0,5.0,2.0,3.0,7.0,7.0,2.0,8.0,4.537961436294641,False,3,3,3
7.0,1.0,3.0,2.0,1.0,5.0,1.0,1.0,0.0,2.0,5.0,2.0,4.0,4.0,4.0,1.0,2.0,0.0,False,2,2,2
3.0,1.0,3.0,2.0,1.0,5.0,1.0,1.0,0.0,3.0,3.0,2.0,4.0,10.0,7.0,2.0,10.0,0.0,False,2,2,2
7.0,1.0,1.0,1.0,5.0,7.0,1.0,5.0,570.0,2.0,3.0,1.0,4.0,7.0,7.0,4.0,9.0,6.3473892096560105,True,0,0,0
3.0,1.0,4.0,2.0,11.0,6.0,1.0,1.0,405.0,2.0,4.0,3.0,4.0,8.0,10.0,2.0,9.0,6.0063531596017325,True,2,2,2
3.0,1.0,4.0,2.0,11.0,6.0,1.0,1.0,180.0,2.0,4.0,2.0,4.0,5.0,5.0,3.0,6.0,5.198497031265826,True,2,2,2
6.0,1.0,1.0,1.0,5.0,10.0,2.0,5.0,1443.75,1.0,4.0,2.0,4.0,9.0,9.0,5.0,9.0,7.275691575197888,True,0,0,0
4.0,1.0,3.0,1.0,6.0,6.0,1.0,1.0,990.0,1.0,5.0,3.0,3.0,3.0,1.0,1.0,5.0,6.898714534329988,True,0,0,0
4.0,1.0,3.0,2.0,6.0,6.0,1.0,1.0,0.0,2.0,2.0,2.0,4.0,6.0,4.0,3.0,6.0,0.0,False,2,2,2
4.0,1.0,2.0,2.0,12.0,9.0,1.0,1.0,432.5,4.0,3.0,1.0,4.0,1.0,3.0,2.0,1.0,6.071891796220597,True,2,2,2
4.0,1.0,2.0,1.0,12.0,9.0,1.0,1.0,730.0,1.0,1.0,2.0,3.0,5.0,5.0,3.0,7.0,6.594413459749778,True,0,0,0
5.0,1.0,2.0,2.0,10.0,8.0,1.0,1.0,0.0,3.0,4.0,2.0,4.0,9.0,8.0,4.0,9.0,0.0,False,2,2,2
2.0,2.0,3.0,2.0,10.0,5.0,4.0,8.0,0.0,3.0,4.0,2.0,4.0,7.0,7.0,3.0,8.0,0.0,False,3,3,3
2.0,1.0,6.0,2.0,10.0,7.0,1.0,1.0,780.0,2.0,4.0,2.0,2.0,7.0,7.0,4.0,5.0,6.660575149839686,True,2,2,2
7.0,1.0,1.0,2.0,5.0,3.0,1.0,5.0,808.75,2.0,4.0,2.0,3.0,8.0,7.0,4.0,8.0,6.696725558051439,True,3,3,3
4.0,3.0,1.0,2.0,7.0,5.0,1.0,6.0,210.0,2.0,4.0,2.0,3.0,7.0,7.0,4.0,7.0,5.351858133476067,True,3,3,3
4.0,1.0,1.0,2.0,3.0,5.0,1.0,2.0,1160.0,1.0,4.0,2.0,3.0,7.0,7.0,4.0,8.0,7.057036981697891,True,3,3,3
4.0,1.0,1.0,2.0,1.0,3.0,1.0,1.0,2835.0,1.0,5.0,2.0,4.0,8.0,7.0,4.0,9.0,7.950149887652018,True,1,1,1
6.0,5.0,1.0,2.0,5.0,6.0,2.0,10.0,491.25,2.0,4.0,2.0,3.0,5.0,5.0,3.0,5.0,6.198986717519235,True,3,3,3
2.0,3.0,3.0,2.0,10.0,4.0,4.0,8.0,687.5,2.0,3.0,2.0,3.0,6.0,7.0,2.0,7.0,6.53451531816871,True,3,3,3
2.0,1.0,1.0,2.0,1.0,4.0,1.0,1.0,855.0,1.0,3.0,5.0,3.0,9.0,8.0,4.0,9.0,6.752270376141742,True,1,1,1
4.0,1.0,3.0,1.0,5.0,4.0,1.0,1.0,200.0,2.0,5.0,2.0,3.0,9.0,8.0,5.0,9.0,5.303304908059076,True,0,0,0
4.0,3.0,3.0,2.0,3.0,6.0,2.0,6.0,0.0,2.0,2.0,2.0,4.0,5.0,5.0,5.0,5.0,0.0,False,3,3,3
3.0,2.0,2.0,2.0,5.0,5.0,1.0,1.0,1965.0,2.0,3.0,3.0,3.0,4.0,7.0,3.0,6.0,7.583756300707112,True,2,2,2
3.0,1.0,1.0,1.0,5.0,5.0,1.0,1.0,1620.0,2.0,5.0,1.0,3.0,6.0,6.0,2.0,6.0,7.390798521735676,True,0,0,0
7.0,2.0,1.0,1.0,1.0,6.0,3.0,5.0,1620.0,3.0,5.0,2.0,4.0,10.0,9.0,5.0,10.0,7.390798521735676,True,0,0,0
7.0,3.0,1.0,2.0,1.0,3.0,1.0,2.0,1200.0,1.0,5.0,1.0,4.0,10.0,8.0,5.0,10.0,7.0909098220799835,True,3,3,3
5.0,2.0,1.0,2.0,6.0,4.0,3.0,2.0,0.0,3.0,5.0,1.0,3.0,10.0,8.0,4.0,5.0,0.0,False,3,3,3
3.0,1.0,3.0,1.0,5.0,2.0,1.0,1.0,540.0,1.0,5.0,2.0,4.0,4.0,7.0,2.0,3.0,6.293419278846481,True,0,0,0
4.0,1.0,1.0,2.0,6.0,7.0,1.0,1.0,240.0,2.0,4.0,3.0,4.0,8.0,9.0,4.0,10.0,5.484796933490655,True,1,1,1
4.0,1.0,2.0,2.0,1.0,3.0,1.0,1.0,240.0,1.0,5.0,1.0,2.0,8.0,6.0,3.0,8.0,5.484796933490655,True,2,2,2
6.0,3.0,1.0,2.0,4.0,2.0,1.0,2.0,0.0,2.0,5.0,3.0,2.0,3.0,3.0,1.0,1.0,0.0,False,3,3,3
6.0,1.0,1.0,1.0,4.0,7.0,1.0,5.0,645.0,1.0,4.0,2.0,4.0,7.0,7.0,4.0,6.0,6.470799503782602,True,0,0,0
6.0,1.0,7.0,2.0,1.0,6.0,2.0,2.0,93.75,1.0,5.0,2.0,3.0,3.0,3.0,2.0,3.0,4.5512418439625355,False,3,3,3
5.0,2.0,4.0,2.0,1.0,5.0,1.0,1.0,805.0,2.0,5.0,2.0,4.0,7.0,5.0,3.0,7.0,6.692083742506628,True,2,2,2
2.0,1.0,2.0,2.0,10.0,1.0,1.0,1.0,120.0,2.0,5.0,1.0,3.0,6.0,8.0,3.0,6.0,4.795790545596741,False,2,2,2
3.0,1.0,2.0,2.0,5.0,6.0,1.0,1.0,1075.0,5.0,5.0,2.0,2.0,4.0,8.0,3.0,7.0,6.98100574072173,True,2,2,2
3.0,1.0,2.0,2.0,2.0,3.0,1.0,1.0,442.5,2.0,5.0,2.0,3.0,7.0,7.0,3.0,6.0,6.094697801749634,True,2,2,2
7.0,1.0,3.0,1.0,1.0,5.0,1.0,2.0,3750.0,3.0,3.0,2.0,4.0,7.0,7.0,2.0,9.0,8.229777750081887,True,0,0,0
5.0,1.0,1.0,2.0,9.0,5.0,1.0,2.0,458.75,2.0,4.0,3.0,4.0,7.0,8.0,5.0,7.0,6.130682863484431,True,3,3,3
4.0,1.0,6.0,2.0,6.0,8.0,3.0,4.0,0.0,1.0,5.0,4.0,3.0,5.0,4.0,1.0,8.0,0.0,False,3,3,3
4.0,1.0,1.0,1.0,6.0,8.0,1.0,6.0,157.5,2.0,4.0,3.0,2.0,7.0,7.0,2.0,8.0,5.065754593317335,True,0,0,0
4.0,1.0,6.0,1.0,6.0,6.0,1.0,1.0,710.0,1.0,5.0,1.0,4.0,8.0,8.0,4.0,10.0,6.566672429803241,True,0,0,0
4.0,2.0,1.0,2.0,3.0,5.0,3.0,2.0,5460.0,1.0,3.0,2.0,4.0,10.0,5.0,5.0,7.0,8.605387202152153,True,3,3,3
3.0,1.0,1.0,2.0,1.0,6.0,1.0,1.0,60.0,2.0,4.0,3.0,2.0,5.0,7.0,4.0,7.0,4.110873864173311,False,1,1,1
7.0,1.0,1.0,2.0,4.0,6.0,1.0,2.0,780.0,2.0,4.0,2.0,4.0,5.0,6.0,3.0,6.0,6.660575149839686,True,3,3,3
3.0,1.0,3.0,2.0,1.0,9.0,1.0,1.0,795.0,3.0,4.0,2.0,3.0,5.0,5.0,2.0,4.0,6.679599185844383,True,2,2,2
6.0,1.0,1.0,2.0,1.0,10.0,1.0,1.0,1200.0,3.0,5.0,3.0,2.0,4.0,4.0,2.0,5.0,7.0909098220799835,True,1,1,1
6.0,2.0,1.0,1.0,7.0,8.0,1.0,1.0,150.0,2.0,3.0,3.0,5.0,7.0,7.0,2.0,6.0,5.017279836814924,True,0,0,0
4.0,1.0,2.0,2.0,5.0,8.0,3.0,1.0,630.0,4.0,1.0,2.0,4.0,6.0,6.0,2.0,5.0,6.447305862541213,True,2,2,2
4.0,1.0,1.0,1.0,6.0,9.0,1.0,1.0,1225.0,1.0,4.0,2.0,4.0,8.0,7.0,5.0,8.0,7.111512116496157,True,0,0,0
4.0,2.0,1.0,2.0,1.0,6.0,1.0,1.0,1222.5,1.0,4.0,3.0,4.0,7.0,7.0,2.0,5.0,7.109470882882726,True,1,1,1
3.0,1.0,1.0,2.0,6.0,6.0,1.0,1.0,870.0,1.0,4.0,2.0,4.0,10.0,10.0,5.0,10.0,6.769641976852503,True,1,1,1
5.0,2.0,1.0,2.0,7.0,5.0,2.0,2.0,4320.0,3.0,4.0,3.0,3.0,5.0,5.0,3.0,6.0,8.371242135931933,True,3,3,3
6.0,1.0,1.0,1.0,1.0,4.0,1.0,1.0,915.0,2.0,4.0,2.0,5.0,7.0,7.0,3.0,8.0,6.82001636467413,True,0,0,0
2.0,1.0,3.0,3.0,2.0,7.0,1.0,3.0,780.0,3.0,2.0,3.0,4.0,7.0,9.0,2.0,9.0,6.660575149839686,True,0,0,0
4.0,2.0,1.0,1.0,2.0,3.0,1.0,1.0,1740.0,1.0,5.0,2.0,2.0,2.0,6.0,3.0,7.0,7.462214939768189,True,0,0,0
7.0,1.0,1.0,1.0,5.0,3.0,1.0,5.0,0.0,2.0,4.0,2.0,4.0,8.0,8.0,4.0,6.0,0.0,False,0,0,0
3.0,1.0,1.0,2.0,11.0,4.0,1.0,1.0,690.0,2.0,4.0,2.0,2.0,6.0,7.0,4.0,6.0,6.53813982376767,True,1,1,1
4.0,1.0,1.0,2.0,1.0,2.0,1.0,1.0,915.0,1.0,3.0,3.0,2.0,8.0,8.0,4.0,9.0,6.82001636467413,True,1,1,1
4.0,1.0,1.0,2.0,1.0,5.0,1.0,1.0,1485.0,1.0,2.0,2.0,3.0,8.0,8.0,4.0,8.0,7.303843225277705,True,1,1,1
3.0,1.0,6.0,2.0,5.0,3.0,1.0,1.0,918.75,1.0,5.0,2.0,3.0,7.0,8.0,4.0,8.0,6.824101893984884,True,2,2,2
4.0,1.0,1.0,1.0,3.0,5.0,1.0,1.0,1080.0,1.0,4.0,2.0,3.0,6.0,6.0,2.0,7.0,6.985641817639208,True,0,0,0
3.0,1.0,1.0,2.0,5.0,4.0,1.0,1.0,235.0,5.0,4.0,4.0,4.0,3.0,5.0,3.0,4.0,5.4638318050256105,True,1,1,1
5.0,1.0,4.0,2.0,3.0,6.0,1.0,1.0,310.0,2.0,5.0,2.0,4.0,5.0,8.0,1.0,9.0,5.739792912179234,True,2,2,2
7.0,1.0,1.0,2.0,1.0,4.0,1.0,10.0,300.0,2.0,3.0,2.0,4.0,6.0,6.0,3.0,8.0,5.707110264748875,True,3,3,3
2.0,1.0,1.0,2.0,2.0,2.0,1.0,1.0,2332.5,1.0,4.0,2.0,2.0,3.0,7.0,2.0,6.0,7.75512456538987,True,1,1,1
3.0,1.0,1.0,2.0,5.0,3.0,1.0,1.0,22.5,3.0,5.0,3.0,3.0,7.0,8.0,3.0,8.0,3.1570004211501135,False,1,1,1
4.0,1.0,4.0,2.0,12.0,3.0,1.0,6.0,90.0,3.0,5.0,2.0,2.0,9.0,9.0,4.0,9.0,4.51085950651685,False,3,3,3
3.0,1.0,1.0,2.0,2.0,2.0,2.0,1.0,1312.5,2.0,4.0,3.0,1.0,8.0,7.0,4.0,6.0,7.180450609125595,True,1,1,1
7.0,1.0,1.0,2.0,1.0,5.0,1.0,5.0,587.5,1.0,4.0,1.0,5.0,9.0,9.0,5.0,5.0,6.377576926700331,True,3,3,3
6.0,1.0,2.0,2.0,5.0,6.0,2.0,5.0,825.0,2.0,5.0,1.0,4.0,8.0,8.0,3.0,8.0,6.716594773520978,True,3,3,3
2.0,1.0,1.0,2.0,2.0,3.0,1.0,3.0,1965.0,2.0,5.0,3.0,1.0,5.0,7.0,1.0,4.0,7.583756300707112,True,3,3,3
3.0,1.0,1.0,1.0,5.0,6.0,1.0,1.0,570.0,1.0,5.0,1.0,4.0,8.0,8.0,4.0,8.0,6.3473892096560105,True,0,0,0
3.0,1.0,1.0,2.0,5.0,3.0,1.0,1.0,700.0,1.0,3.0,3.0,3.0,7.0,7.0,3.0,6.0,6.55250788703459,True,1,1,1
3.0,1.0,1.0,1.0,5.0,3.0,1.0,1.0,522.5,1.0,4.0,2.0,3.0,8.0,8.0,3.0,7.0,6.260537030310592,True,0,0,0
4.0,1.0,1.0,2.0,6.0,4.0,1.0,10.0,0.0,1.0,4.0,3.0,2.0,4.0,4.0,2.0,7.0,0.0,False,3,3,3
5.0,1.0,1.0,2.0,6.0,9.0,3.0,2.0,600.0,1.0,3.0,2.0,3.0,8.0,8.0,4.0,7.0,6.398594934535208,True,3,3,3
4.0,1.0,1.0,2.0,1.0,9.0,1.0,1.0,1625.0,2.0,4.0,2.0,4.0,9.0,8.0,2.0,9.0,7.3938782901077555,True,1,1,1
3.0,1.0,3.0,1.0,10.0,3.0,1.0,1.0,25.0,2.0,3.0,2.0,1.0,5.0,7.0,2.0,7.0,3.258096538021482,False,0,0,0
4.0,1.0,3.0,1.0,6.0,4.0,2.0,2.0,3027.5,1.0,1.0,1.0,2.0,4.0,5.0,3.0,4.0,8.015822726421002,True,0,0,0
4.0,2.0,3.0,1.0,6.0,3.0,3.0,1.0,210.0,2.0,4.0,2.0,3.0,5.0,7.0,3.0,9.0,5.351858133476067,True,0,0,0
4.0,1.0,3.0,2.0,6.0,2.0,4.0,8.0,80.0,2.0,5.0,2.0,2.0,6.0,6.0,3.0,9.0,4.394449154672439,False,3,3,3
6.0,1.0,3.0,1.0,1.0,3.0,1.0,1.0,3660.0,1.0,5.0,2.0,4.0,7.0,8.0,4.0,5.0,8.205491613120236,True,0,0,0
5.0,6.0,2.0,1.0,3.0,1.0,1.0,7.0,0.0,3.0,4.0,4.0,3.0,9.0,6.0,5.0,9.0,0.0,False,0,0,0
5.0,1.0,1.0,1.0,6.0,8.0,1.0,1.0,420.0,2.0,4.0,2.0,4.0,7.0,8.0,3.0,7.0,6.042632833682381,True,0,0,0
5.0,1.0,3.0,2.0,6.0,8.0,1.0,1.0,480.0,2.0,3.0,2.0,4.0,7.0,8.0,4.0,8.0,6.175867270105761,True,2,2,2
5.0,5.0,2.0,2.0,7.0,2.0,1.0,1.0,1545.0,2.0,4.0,2.0,2.0,4.0,7.0,5.0,9.0,7.343426229147367,True,2,2,2
3.0,1.0,1.0,2.0,5.0,3.0,1.0,1.0,2493.75,2.0,2.0,2.0,2.0,8.0,8.0,3.0,7.0,7.821943802764422,True,1,1,1
3.0,1.0,6.0,1.0,1.0,3.0,1.0,1.0,667.5,1.0,5.0,3.0,4.0,8.0,8.0,4.0,7.0,6.505036396541998,True,0,0,0
3.0,1.0,3.0,2.0,5.0,6.0,1.0,1.0,240.0,5.0,3.0,3.0,4.0,7.0,7.0,3.0,7.0,5.484796933490655,True,2,2,2
3.0,1.0,3.0,1.0,5.0,6.0,1.0,1.0,0.0,2.0,3.0,2.0,5.0,5.0,7.0,4.0,10.0,0.0,False,0,0,0
4.0,3.0,2.0,1.0,6.0,4.0,1.0,1.0,135.0,1.0,5.0,2.0,3.0,10.0,8.0,5.0,7.0,4.912654885736052,False,0,0,0
6.0,3.0,1.0,2.0,7.0,6.0,1.0,2.0,240.0,2.0,4.0,3.0,4.0,5.0,8.0,4.0,9.0,5.484796933490655,True,3,3,3
3.0,1.0,3.0,2.0,11.0,10.0,1.0,1.0,610.0,2.0,4.0,2.0,4.0,6.0,6.0,2.0,7.0,6.415096959171596,True,2,2,2
7.0,1.0,1.0,2.0,5.0,9.0,2.0,2.0,480.0,2.0,4.0,2.0,4.0,8.0,9.0,3.0,8.0,6.175867270105761,True,3,3,3
4.0,1.0,1.0,2.0,6.0,5.0,1.0,2.0,2805.0,1.0,4.0,2.0,3.0,9.0,10.0,4.0,10.0,7.939515260662406,True,3,3,3
7.0,1.0,1.0,2.0,5.0,9.0,1.0,5.0,2445.0,3.0,3.0,2.0,4.0,7.0,8.0,4.0,7.0,7.802209316247118,True,3,3,3
4.0,3.0,1.0,2.0,1.0,9.0,2.0,1.0,292.5,2.0,4.0,1.0,3.0,6.0,6.0,3.0,4.0,5.681877639268151,True,1,1,1
5.0,1.0,1.0,1.0,12.0,9.0,1.0,1.0,120.0,1.0,4.0,2.0,4.0,5.0,7.0,2.0,4.0,4.795790545596741,False,0,0,0
5.0,1.0,1.0,2.0,1.0,9.0,1.0,1.0,60.0,2.0,4.0,2.0,4.0,6.0,8.0,5.0,8.0,4.110873864173311,False,1,1,1
5.0,2.0,2.0,1.0,6.0,10.0,1.0,1.0,225.0,2.0,5.0,2.0,4.0,9.0,9.0,5.0,10.0,5.420534999272286,True,0,0,0
5.0,1.0,1.0,1.0,7.0,9.0,1.0,1.0,955.0,1.0,4.0,2.0,4.0,7.0,7.0,3.0,9.0,6.862757913051401,True,0,0,0
5.0,1.0,2.0,1.0,6.0,9.0,1.0,1.0,60.0,1.0,4.0,3.0,4.0,5.0,5.0,2.0,8.0,4.110873864173311,False,0,0,0
6.0,1.0,2.0,2.0,1.0,9.0,1.0,2.0,622.5,2.0,2.0,2.0,3.0,4.0,4.0,2.0,4.0,6.435348765120091,True,3,3,3
6.0,1.0,3.0,1.0,6.0,5.0,1.0,1.0,885.0,1.0,4.0,2.0,3.0,8.0,7.0,4.0,10.0,6.786716950605081,True,0,0,0
6.0,1.0,1.0,1.0,5.0,7.0,1.0,2.0,967.5,3.0,3.0,2.0,4.0,5.0,6.0,3.0,6.0,6.875748482847051,True,0,0,0
6.0,2.0,1.0,1.0,7.0,9.0,1.0,1.0,1245.0,1.0,3.0,2.0,4.0,9.0,8.0,4.0,7.0,7.1276936993473985,True,0,0,0
4.0,1.0,1.0,1.0,6.0,9.0,1.0,1.0,450.0,1.0,5.0,2.0,4.0,8.0,8.0,4.0,8.0,6.111467339502679,True,0,0,0
4.0,1.0,6.0,2.0,6.0,9.0,1.0,1.0,730.0,2.0,5.0,2.0,4.0,7.0,7.0,3.0,8.0,6.594413459749778,True,2,2,2
5.0,1.0,1.0,1.0,6.0,2.0,1.0,1.0,870.0,1.0,5.0,2.0,4.0,7.0,6.0,4.0,9.0,6.769641976852503,True,0,0,0
5.0,3.0,2.0,2.0,6.0,2.0,1.0,1.0,180.0,2.0,4.0,2.0,4.0,7.0,7.0,3.0,8.0,5.198497031265826,True,2,2,2
6.0,1.0,2.0,2.0,5.0,8.0,2.0,2.0,1061.25,1.0,5.0,1.0,4.0,8.0,7.0,3.0,8.0,6.968144578994921,True,3,3,3
5.0,1.0,1.0,1.0,1.0,7.0,1.0,1.0,315.0,5.0,4.0,3.0,4.0,0.0,10.0,4.0,3.0,5.755742213586912,True,0,0,0
3.0,1.0,1.0,2.0,2.0,4.0,1.0,1.0,1140.0,1.0,4.0,1.0,4.0,9.0,8.0,5.0,9.0,7.039660349862076,True,1,1,1
3.0,1.0,1.0,2.0,1.0,2.0,1.0,1.0,1160.0,1.0,4.0,2.0,3.0,9.0,9.0,4.0,9.0,7.057036981697891,True,1,1,1
4.0,1.0,1.0,1.0,5.0,3.0,1.0,1.0,435.0,4.0,2.0,3.0,2.0,9.0,9.0,5.0,7.0,6.077642243349034,True,0,0,0
2.0,1.0,1.0,2.0,2.0,4.0,4.0,8.0,1405.0,1.0,5.0,2.0,4.0,7.0,8.0,3.0,9.0,7.2485040723706105,True,3,3,3
6.0,6.0,1.0,1.0,1.0,2.0,3.0,4.0,0.0,2.0,4.0,3.0,3.0,9.0,8.0,4.0,8.0,0.0,False,0,0,0
4.0,5.0,3.0,2.0,3.0,9.0,3.0,6.0,0.0,4.0,3.0,3.0,2.0,4.0,4.0,1.0,6.0,0.0,False,3,3,3
2.0,1.0,3.0,1.0,1.0,7.0,1.0,10.0,990.0,1.0,4.0,1.0,3.0,9.0,8.0,3.0,8.0,6.898714534329988,True,0,0,0
4.0,1.0,1.0,1.0,6.0,2.0,1.0,1.0,1270.0,3.0,3.0,2.0,4.0,7.0,8.0,5.0,8.0,7.147559271189454,True,0,0,0
3.0,1.0,2.0,2.0,5.0,7.0,1.0,1.0,600.0,1.0,4.0,4.0,3.0,8.0,8.0,2.0,8.0,6.398594934535208,True,2,2,2
3.0,1.0,1.0,1.0,1.0,6.0,1.0,1.0,757.5,1.0,5.0,2.0,3.0,8.0,6.0,3.0,8.0,6.631342798788587,True,0,0,0
4.0,2.0,4.0,2.0,3.0,8.0,3.0,2.0,3360.0,2.0,3.0,3.0,3.0,1.0,0.0,3.0,7.0,8.119993827725105,True,3,3,3
5.0,1.0,1.0,2.0,3.0,5.0,1.0,1.0,97.5,4.0,2.0,2.0,3.0,6.0,7.0,5.0,8.0,4.590056548178043,False,1,1,1
7.0,3.0,1.0,1.0,5.0,7.0,1.0,5.0,4470.0,2.0,5.0,2.0,3.0,9.0,8.0,4.0,8.0,8.405367376233981,True,0,0,0
7.0,3.0,1.0,2.0,5.0,7.0,1.0,5.0,895.0,2.0,5.0,2.0,3.0,8.0,8.0,4.0,8.0,6.79794041297493,True,3,3,3
6.0,6.0,4.0,2.0,5.0,2.0,3.0,7.0,0.0,4.0,5.0,2.0,5.0,4.0,2.0,2.0,6.0,0.0,False,3,3,3
3.0,1.0,1.0,1.0,1.0,3.0,1.0,1.0,345.0,3.0,4.0,2.0,4.0,7.0,7.0,3.0,4.0,5.846438775057725,True,0,0,0
4.0,3.0,3.0,2.0,6.0,2.0,3.0,4.0,300.0,3.0,4.0,3.0,1.0,3.0,4.0,1.0,1.0,5.707110264748875,True,3,3,3
4.0,1.0,2.0,2.0,5.0,5.0,1.0,1.0,600.0,5.0,5.0,3.0,5.0,10.0,10.0,5.0,8.0,6.398594934535208,True,2,2,2
4.0,1.0,2.0,1.0,2.0,3.0,1.0,1.0,1507.5,1.0,5.0,1.0,2.0,8.0,7.0,4.0,10.0,7.3188710585991155,True,0,0,0
5.0,2.0,2.0,2.0,6.0,3.0,1.0,1.0,480.0,3.0,5.0,3.0,3.0,2.0,5.0,3.0,5.0,6.175867270105761,True,2,2,2
3.0,1.0,7.0,1.0,1.0,3.0,1.0,1.0,180.0,1.0,4.0,2.0,3.0,10.0,8.0,5.0,10.0,5.198497031265826,True,0,0,0
4.0,1.0,2.0,2.0,11.0,4.0,1.0,2.0,0.0,1.0,5.0,1.0,3.0,9.0,9.0,5.0,9.0,0.0,False,3,3,3
4.0,2.0,1.0,1.0,5.0,5.0,2.0,1.0,592.5,1.0,3.0,3.0,3.0,8.0,8.0,4.0,8.0,6.386037214049723,True,0,0,0
4.0,1.0,1.0,1.0,5.0,7.0,1.0,1.0,0.0,3.0,3.0,2.0,3.0,8.0,8.0,5.0,5.0,0.0,False,0,0,0
5.0,1.0,4.0,2.0,4.0,4.0,1.0,2.0,6245.0,1.0,5.0,2.0,4.0,7.0,6.0,4.0,7.0,8.739696537843024,True,3,3,3
3.0,1.0,4.0,1.0,10.0,4.0,1.0,1.0,720.0,1.0,3.0,2.0,3.0,5.0,5.0,4.0,5.0,6.580639137284949,True,0,0,0
5.0,3.0,1.0,1.0,6.0,4.0,1.0,1.0,1347.5,1.0,3.0,3.0,3.0,6.0,6.0,1.0,7.0,7.206748142579785,True,0,0,0
4.0,1.0,1.0,1.0,6.0,2.0,1.0,1.0,225.0,2.0,4.0,2.0,3.0,5.0,6.0,3.0,4.0,5.420534999272286,True,0,0,0
5.0,6.0,3.0,2.0,1.0,5.0,4.0,10.0,0.0,1.0,1.0,2.0,4.0,5.0,10.0,3.0,6.0,0.0,False,3,3,3
3.0,6.0,3.0,1.0,1.0,5.0,4.0,10.0,0.0,2.0,3.0,3.0,4.0,5.0,5.0,2.0,5.0,0.0,False,0,0,0
4.0,1.0,1.0,2.0,6.0,5.0,1.0,1.0,1275.0,1.0,4.0,3.0,4.0,8.0,8.0,5.0,7.0,7.151485463904735,True,1,1,1
7.0,1.0,1.0,1.0,7.0,4.0,1.0,5.0,580.0,2.0,5.0,3.0,4.0,9.0,9.0,5.0,9.0,6.364750756851911,True,0,0,0
4.0,2.0,4.0,1.0,1.0,2.0,1.0,1.0,375.0,1.0,4.0,1.0,3.0,9.0,8.0,2.0,10.0,5.929589143389895,True,0,0,0
3.0,2.0,1.0,2.0,6.0,2.0,2.0,1.0,350.0,4.0,2.0,4.0,3.0,6.0,7.0,2.0,6.0,5.860786223465865,True,1,1,1
7.0,1.0,1.0,2.0,4.0,5.0,1.0,5.0,180.0,3.0,3.0,2.0,4.0,6.0,7.0,3.0,8.0,5.198497031265826,True,3,3,3
6.0,3.0,1.0,2.0,5.0,1.0,1.0,1.0,1080.0,3.0,3.0,2.0,3.0,8.0,8.0,4.0,6.0,6.985641817639208,True,1,1,1
6.0,6.0,3.0,2.0,10.0,1.0,3.0,5.0,75.0,2.0,3.0,3.0,4.0,8.0,8.0,4.0,7.0,4.330733340286331,False,3,3,3
3.0,1.0,1.0,1.0,6.0,6.0,1.0,1.0,1365.0,2.0,4.0,2.0,4.0,7.0,8.0,2.0,7.0,7.2196420401307355,True,0,0,0
3.0,1.0,1.0,2.0,2.0,8.0,1.0,1.0,365.0,1.0,2.0,1.0,3.0,8.0,9.0,5.0,8.0,5.902633333401366,True,1,1,1
4.0,1.0,1.0,1.0,5.0,5.0,1.0,1.0,1650.0,1.0,3.0,1.0,3.0,8.0,7.0,2.0,7.0,7.409136443920128,True,0,0,0
3.0,1.0,2.0,2.0,2.0,3.0,1.0,1.0,1470.0,1.0,5.0,2.0,4.0,8.0,9.0,4.0,9.0,7.293697720601438,True,2,2,2
2.0,1.0,1.0,1.0,5.0,8.0,1.0,1.0,360.0,1.0,5.0,1.0,4.0,8.0,7.0,4.0,8.0,5.8888779583328805,True,0,0,0
6.0,1.0,1.0,2.0,5.0,5.0,1.0,7.0,600.0,2.0,3.0,2.0,4.0,6.0,7.0,4.0,8.0,6.398594934535208,True,3,3,3
6.0,1.0,2.0,1.0,1.0,8.0,1.0,1.0,820.0,1.0,4.0,3.0,2.0,7.0,6.0,3.0,6.0,6.710523109452428,True,0,0,0
3.0,1.0,5.0,2.0,1.0,4.0,1.0,1.0,100.0,2.0,3.0,2.0,3.0,5.0,5.0,3.0,6.0,4.61512051684126,False,2,2,2
3.0,1.0,1.0,2.0,5.0,4.0,4.0,8.0,607.5,1.0,4.0,2.0,3.0,6.0,7.0,4.0,8.0,6.410996912427582,True,3,3,3
3.0,1.0,1.0,1.0,1.0,8.0,1.0,1.0,2920.0,1.0,3.0,1.0,3.0,5.0,5.0,3.0,6.0,7.979681302387741,True,0,0,0
3.0,1.0,1.0,2.0,5.0,7.0,1.0,1.0,840.0,2.0,2.0,2.0,3.0,8.0,8.0,2.0,8.0,6.734591659972948,True,1,1,1
3.0,1.0,1.0,1.0,5.0,6.0,1.0,1.0,375.0,2.0,4.0,2.0,4.0,9.0,9.0,4.0,10.0,5.929589143389895,True,0,0,0
3.0,1.0,1.0,2.0,1.0,5.0,1.0,1.0,908.75,1.0,4.0,1.0,4.0,9.0,9.0,3.0,8.0,6.8131698364922695,True,1,1,1
6.0,3.0,1.0,1.0,1.0,7.0,2.0,5.0,2891.25,2.0,2.0,2.0,4.0,7.0,6.0,5.0,7.0,7.969790024908998,True,0,0,0
3.0,1.0,2.0,2.0,5.0,8.0,1.0,1.0,202.5,1.0,5.0,1.0,2.0,7.0,7.0,5.0,6.0,5.31566600488265,True,2,2,2
3.0,1.0,1.0,2.0,2.0,8.0,1.0,1.0,1860.0,1.0,3.0,1.0,3.0,6.0,7.0,3.0,8.0,7.528869256642251,True,1,1,1
6.0,1.0,1.0,2.0,5.0,4.0,1.0,1.0,30.0,3.0,4.0,2.0,3.0,8.0,8.0,3.0,9.0,3.4339872044851463,False,1,1,1
5.0,5.0,2.0,2.0,6.0,8.0,2.0,2.0,360.0,3.0,5.0,2.0,4.0,8.0,8.0,3.0,10.0,5.8888779583328805,True,3,3,3
4.0,1.0,7.0,1.0,3.0,9.0,1.0,1.0,865.0,1.0,2.0,1.0,3.0,10.0,10.0,3.0,10.0,6.763884908562435,True,0,0,0
