Age9,Educ6,IMD10,NSSEC5,Motiva_POP,motivd_POP,inclus_a,comm1,happy,lifesat,lone,worthw,Eth7_2.0,Eth7_3.0,Eth7_4.0,Eth7_5.0,Eth7_6.0,Eth7_7.0,Gend3_2.0,Gend3_3.0,HHLiv12_2.0,HHLiv12_3.0,HHLiv12_4.0,HHLiv12_5.0,HHLiv12_6.0,HHLiv12_7.0,HHLiv12_8.0,HHLiv12_9.0,HHLiv12_10.0,HHLiv12_11.0,HHLiv12_12.0,WorkStat10_2.0,WorkStat10_3.0,WorkStat10_4.0,WorkStat10_5.0,WorkStat10_6.0,WorkStat10_7.0,WorkStat10_8.0,WorkStat10_9.0,WorkStat10_10.0,PREDS_inclus_a,PERTURBED_PREDS_inclus_a,DIFFERENCE_inclus_a,PREDS_comm1,PERTURBED_PREDS_comm1,DIFFERENCE_comm1,PREDS_happy,PERTURBED_PREDS_happy,DIFFERENCE_happy,PREDS_lifesat,PERTURBED_PREDS_lifesat,DIFFERENCE_lifesat,PREDS_lone,PERTURBED_PREDS_lone,DIFFERENCE_lone,PREDS_worthw,PERTURBED_PREDS_worthw,DIFFERENCE_worthw
5.0,1.0,4.0,1.0,1.0,4.0,1.0,4.0,3.0,5.0,2.0,5.0,0.0,1.0,0.0,0.0,0.0,0.0,0.0,0.0,0.0,0.0,0.0,0.0,1.0,0.0,0.0,0.0,0.0,0.0,0.0,0.0,0.0,0.0,0.0,0.0,0.0,0.0,0.0,0.0,0.7165719345434778,0.6807869409386009,-0.03578499360487686,0.7165719345434778,0.7003096781874976,-0.01626225635598022,0.7165719345434778,0.7330456115577232,0.016473677014245403,0.7165719345434778,0.7342288117497613,0.017656877206283506,0.7165719345434778,0.6993277858541296,-0.017244148689348204,0.7165719345434778,0.7153524654788785,-0.0012194690645992434
5.0,1.0,8.0,1.0,3.0,5.0,2.0,3.0,6.0,8.0,3.0,9.0,0.0,0.0,1.0,0.0,0.0,0.0,1.0,0.0,0.0,0.0,0.0,0.0,1.0,0.0,0.0,0.0,0.0,0.0,0.0,0.0,0.0,0.0,0.0,0.0,0.0,0.0,0.0,0.0,0.6103742355189068,0.5692411905152989,-0.041133045003607926,0.6103742355189068,0.5914923811149647,-0.018881854403942078,0.6103742355189068,0.6298318217065866,0.019457586187679787,0.6103742355189068,0.6312423602600912,0.02086812474118438,0.6103742355189068,0.590362508981809,-0.020011726537097818,0.6103742355189068,0.6089471987566136,-0.0014270367622931657
3.0,2.0,2.0,1.0,1.0,4.0,1.0,4.0,10.0,10.0,3.0,9.0,0.0,0.0,0.0,0.0,0.0,1.0,1.0,0.0,0.0,1.0,0.0,0.0,0.0,0.0,0.0,0.0,0.0,0.0,0.0,1.0,0.0,0.0,0.0,0.0,0.0,0.0,0.0,0.0,0.8185457899414239,0.7918966955666457,-0.02664909437477825,0.8185457899414239,0.8065549710509352,-0.011990818890488697,,,,,,,0.8185457899414239,0.8058246589548339,-0.012721130986590001,0.8185457899414239,0.8176534215795978,-0.0008923683618261569
6.0,1.0,6.0,4.0,2.0,5.0,2.0,3.0,9.0,9.0,5.0,9.0,0.0,1.0,0.0,0.0,0.0,0.0,0.0,0.0,0.0,0.0,0.0,0.0,0.0,1.0,0.0,0.0,0.0,0.0,0.0,0.0,0.0,0.0,1.0,0.0,0.0,0.0,0.0,0.0,0.6203749456251347,0.579570453285426,-0.04080449233970873,0.6203749456251347,0.6016614518676571,-0.01871349375747766,0.6203749456251347,0.6396279722511264,0.01925302662599171,0.6203749456251347,0.6410224579440885,0.020647512318953787,,,,0.6203749456251347,0.6189616712634586,-0.0014132743616761534
3.0,1.0,7.0,1.0,1.0,2.0,2.0,3.0,7.0,6.0,3.0,7.0,1.0,0.0,0.0,0.0,0.0,0.0,0.0,0.0,1.0,0.0,0.0,0.0,0.0,0.0,0.0,0.0,0.0,0.0,0.0,0.0,0.0,0.0,0.0,0.0,0.0,0.0,0.0,0.0,0.8829953358050587,0.8642417089117835,-0.0187536268932752,0.8829953358050587,0.8746110522475339,-0.008384283557524852,0.8829953358050587,0.8912638247515741,0.008268488946515329,0.8829953358050587,0.8918492281481121,0.008853892343053338,0.8829953358050587,0.8740975651502882,-0.008897770654770487,0.8829953358050587,0.8823743753855137,-0.0006209604195450691
4.0,1.0,5.0,2.0,1.0,4.0,2.0,4.0,8.0,7.0,4.0,7.0,1.0,0.0,0.0,0.0,0.0,0.0,1.0,0.0,0.0,0.0,0.0,0.0,1.0,0.0,0.0,0.0,0.0,0.0,0.0,0.0,0.0,0.0,0.0,0.0,0.0,0.0,0.0,0.0,0.8056945438190158,0.7776707060055482,-0.028023837813467622,0.8056945438190158,0.793069180312883,-0.012625363506132858,0.8056945438190158,0.8183016414036473,0.01260709758463141,0.8056945438190158,0.8192001676775624,0.01350562385854659,0.8056945438190158,0.7923010661281359,-0.013393477690879951,0.8056945438190158,0.8047540498310967,-0.0009404939879191776
4.0,1.0,3.0,1.0,1.0,3.0,2.0,3.0,8.0,7.0,3.0,6.0,1.0,0.0,0.0,0.0,0.0,0.0,0.0,0.0,0.0,0.0,0.0,0.0,0.0,0.0,0.0,0.0,0.0,0.0,0.0,0.0,0.0,0.0,0.0,0.0,0.0,0.0,0.0,0.0,0.846104296116046,0.8226255150000366,-0.02347878111600943,0.846104296116046,0.8355687630517357,-0.01053553306431032,0.846104296116046,0.8565562888852913,0.010451992769245355,0.846104296116046,0.8572986297808406,0.011194333664794609,0.846104296116046,0.8349255683598894,-0.011178727756156581,0.846104296116046,0.8453218463840331,-0.0007824497320129131
5.0,1.0,5.0,1.0,3.0,5.0,2.0,3.0,9.0,9.0,5.0,9.0,0.0,1.0,0.0,0.0,0.0,0.0,0.0,0.0,0.0,0.0,0.0,0.0,1.0,0.0,0.0,0.0,0.0,0.0,0.0,0.0,0.0,0.0,0.0,0.0,0.0,0.0,0.0,0.0,0.6202776524710873,0.5794697913419957,-0.04080786112909163,0.6202776524710873,0.6015624429458079,-0.018715209525279497,0.6202776524710873,0.6395327463390286,0.01925509386794122,0.6202776524710873,0.6409273936572603,0.02064974118617291,,,,0.6202776524710873,0.6188642384301407,-0.0014134140409466367
5.0,3.0,5.0,3.0,4.0,5.0,3.0,3.0,5.0,4.0,3.0,6.0,1.0,0.0,0.0,0.0,0.0,0.0,1.0,0.0,0.0,1.0,0.0,0.0,0.0,0.0,0.0,0.0,0.0,0.0,0.0,0.0,0.0,0.0,0.0,0.0,0.0,0.0,0.0,0.0,0.36426610845006735,0.3258478954469069,-0.03841821300316045,0.36426610845006735,0.3462321691544979,-0.018033939295569457,0.36426610845006735,0.38360240894983316,0.019336300499765813,0.36426610845006735,0.3850350948709297,0.020768986420862334,0.36426610845006735,0.34517493019264944,-0.019091178257417907,0.36426610845006735,0.3628785715395887,-0.0013875369104786595
5.0,1.0,7.0,1.0,1.0,4.0,3.0,4.0,8.0,8.0,5.0,8.0,1.0,0.0,0.0,0.0,0.0,0.0,0.0,0.0,0.0,0.0,0.0,0.0,1.0,0.0,0.0,0.0,0.0,0.0,0.0,0.0,0.0,0.0,0.0,0.0,0.0,0.0,0.0,0.0,0.8020724394569325,0.7736729482856296,-0.028399491171302915,0.8020724394569325,0.7892732786967869,-0.012799160760145645,0.8020724394569325,0.8148605463868642,0.012788106929931708,0.8020724394569325,0.8157722583518383,0.01369981889490579,,,,0.8020724394569325,0.8011187411306508,-0.0009536983262816712
5.0,1.0,9.0,1.0,1.0,5.0,1.0,3.0,10.0,10.0,3.0,9.0,0.0,1.0,0.0,0.0,0.0,0.0,1.0,0.0,0.0,0.0,0.0,0.0,0.0,0.0,0.0,0.0,0.0,0.0,0.0,0.0,0.0,0.0,0.0,0.0,0.0,0.0,0.0,0.0,0.8579762780903176,0.8359575618142906,-0.02201871627602703,0.8579762780903176,0.8481075846352226,-0.009868693455095001,,,,,,,0.8579762780903176,0.8475044858402311,-0.010471792250086542,0.8579762780903176,0.8572440047839499,-0.0007322733063677145
6.0,1.0,2.0,1.0,1.0,4.0,2.0,3.0,10.0,10.0,5.0,10.0,0.0,0.0,1.0,0.0,0.0,0.0,1.0,0.0,0.0,0.0,0.0,0.0,0.0,0.0,0.0,0.0,0.0,0.0,0.0,0.0,0.0,0.0,1.0,0.0,0.0,0.0,0.0,0.0,0.706260312679774,0.6697733775698229,-0.036486935109951046,0.706260312679774,0.6896626416797319,-0.016597671000042058,,,,,,,,,,,,
4.0,1.0,3.0,1.0,1.0,5.0,1.0,2.0,8.0,7.0,4.0,10.0,1.0,0.0,0.0,0.0,0.0,0.0,0.0,0.0,1.0,0.0,0.0,0.0,0.0,0.0,0.0,0.0,0.0,0.0,0.0,0.0,0.0,0.0,0.0,0.0,0.0,0.0,0.0,0.0,0.9225830780511604,0.9095244618166285,-0.013058616234531861,0.9225830780511604,0.9167681647224091,-0.005814913328751281,0.9225830780511604,0.928281205434542,0.0056981273833816015,0.9225830780511604,0.9286832649503253,0.006100186899164917,0.9225830780511604,0.9164108178008669,-0.006172260250293493,,,
5.0,1.0,7.0,1.0,2.0,3.0,3.0,4.0,7.0,7.0,5.0,8.0,0.0,0.0,0.0,0.0,0.0,0.0,0.0,0.0,0.0,0.0,0.0,1.0,0.0,0.0,0.0,0.0,0.0,0.0,0.0,0.0,0.0,0.0,0.0,0.0,0.0,0.0,0.0,0.0,0.7805702153470159,0.7500469561337556,-0.030523259213260268,0.7805702153470159,0.7667848923402412,-0.013785323006774708,0.7805702153470159,0.7943914498048641,0.01382123445784822,0.7805702153470159,0.7953786491164029,0.014808433769387008,,,,0.7805702153470159,0.7795413877346827,-0.0010288276123331386
5.0,3.0,4.0,2.0,4.0,5.0,2.0,2.0,7.0,2.0,2.0,2.0,1.0,0.0,0.0,0.0,0.0,0.0,1.0,0.0,0.0,0.0,0.0,1.0,0.0,0.0,0.0,0.0,0.0,0.0,0.0,0.0,0.0,0.0,0.0,0.0,0.0,0.0,0.0,0.0,0.5332655500306945,0.4907833901643901,-0.042482159866304436,0.5332655500306945,0.513624556219104,-0.019640993811590568,0.5332655500306945,0.5537586215014983,0.020493071470803814,0.5332655500306945,0.555254345800648,0.021988795769953495,0.5332655500306945,0.5124568346647477,-0.02080871536594686,0.5332655500306945,0.5317727426036171,-0.0014928074270774694
3.0,1.0,3.0,1.0,1.0,5.0,2.0,1.0,8.0,9.0,5.0,10.0,0.0,0.0,0.0,0.0,0.0,0.0,1.0,0.0,0.0,0.0,0.0,1.0,0.0,0.0,0.0,0.0,0.0,0.0,0.0,0.0,0.0,0.0,0.0,0.0,0.0,0.0,0.0,0.0,0.9269765264032431,0.9145903861137215,-0.012386140289521674,0.9269765264032431,0.9214635205111212,-0.005513005892121892,0.9269765264032431,0.9323749852775226,0.005398458874279477,0.9269765264032431,0.9327557573215414,0.005779230918298239,,,,,,
3.0,1.0,3.0,1.0,3.0,4.0,5.0,2.0,5.0,5.0,3.0,5.0,0.0,0.0,0.0,0.0,0.0,0.0,1.0,0.0,0.0,0.0,0.0,0.0,0.0,0.0,0.0,0.0,1.0,0.0,0.0,0.0,0.0,0.0,0.0,0.0,0.0,0.0,0.0,0.0,,,,0.6436566507709631,0.6253978249299159,-0.01825882584104721,0.6436566507709631,0.6623715292143397,0.018714878443376604,0.6436566507709631,0.6637242759931903,0.02006762522222716,0.6436566507709631,0.6243021656962134,-0.019354485074749683,0.6436566507709631,0.6422800723351949,-0.0013765784357682165
5.0,1.0,10.0,1.0,2.0,2.0,2.0,4.0,8.0,8.0,2.0,8.0,0.0,0.0,0.0,0.0,0.0,0.0,0.0,0.0,0.0,0.0,0.0,1.0,0.0,0.0,0.0,0.0,0.0,0.0,0.0,0.0,0.0,0.0,0.0,0.0,0.0,0.0,0.0,0.0,0.8510318200648656,0.8281521108862552,-0.022879709178610375,0.8510318200648656,0.8407701366647563,-0.010261683400109245,0.8510318200648656,0.861204052439426,0.010172232374560441,0.8510318200648656,0.8619262177474513,0.01089439768258571,0.8510318200648656,0.840143395375163,-0.010888424689702525,0.8510318200648656,0.8502699898038693,-0.000761830260996299
7.0,1.0,10.0,2.0,2.0,4.0,2.0,4.0,8.0,8.0,3.0,8.0,0.0,0.0,0.0,0.0,0.0,0.0,1.0,0.0,0.0,0.0,0.0,1.0,0.0,0.0,0.0,0.0,0.0,0.0,0.0,0.0,0.0,0.0,1.0,0.0,0.0,0.0,0.0,0.0,0.8176986767431562,0.7909569442909958,-0.026741732452160383,0.8176986767431562,0.8056651692781565,-0.01203350746499976,0.8176986767431562,0.8296915483276579,0.011992871584501685,0.8176986767431562,0.8305454135579371,0.01284673681478088,0.8176986767431562,0.804932310365626,-0.012766366377530258,0.8176986767431562,0.8168030747698158,-0.0008956019733403764
3.0,1.0,3.0,1.0,1.0,4.0,2.0,3.0,7.0,6.0,3.0,7.0,0.0,1.0,0.0,0.0,0.0,0.0,0.0,0.0,1.0,0.0,0.0,0.0,0.0,0.0,0.0,0.0,0.0,0.0,0.0,0.0,0.0,0.0,0.0,0.0,0.0,0.0,0.0,0.0,0.8239306154374003,0.7978770773333254,-0.026053538104074958,0.8239306154374003,0.8122140009660177,-0.011716614471382614,0.8239306154374003,0.835595941006934,0.011665325569533702,0.8239306154374003,0.8364260398813066,0.012495424443906278,0.8239306154374003,0.811500060279867,-0.01243055515753333,0.8239306154374003,0.8230590044954681,-0.0008716109419322216
4.0,1.0,10.0,1.0,1.0,2.0,2.0,4.0,6.0,9.0,3.0,7.0,0.0,0.0,0.0,0.0,0.0,0.0,1.0,0.0,0.0,0.0,0.0,1.0,0.0,0.0,0.0,0.0,0.0,0.0,0.0,0.0,0.0,0.0,0.0,0.0,0.0,0.0,0.0,0.0,0.8824157354580482,0.8635835618483566,-0.018832173609691583,0.8824157354580482,0.8739958458477748,-0.008419889610273401,0.8824157354580482,0.8907201144883563,0.008304379030308118,0.8824157354580482,0.8913080880835568,0.008892352625508582,0.8824157354580482,0.8734802038325754,-0.008935531625472781,0.8824157354580482,0.8817921108084538,-0.0006236246495944231
5.0,2.0,2.0,3.0,2.0,3.0,2.0,4.0,10.0,8.0,5.0,8.0,0.0,0.0,1.0,0.0,0.0,0.0,1.0,0.0,0.0,1.0,0.0,0.0,0.0,0.0,0.0,0.0,0.0,0.0,0.0,1.0,0.0,0.0,0.0,0.0,0.0,0.0,0.0,0.0,0.41127105606614145,0.37078676936500776,-0.04048428670113369,0.41127105606614145,0.39234619686392,-0.018924859202221422,,,,0.41127105606614145,0.43289514005916496,0.021624083993023513,,,,0.41127105606614145,0.4098198927881203,-0.0014511632780211392
3.0,1.0,5.0,1.0,3.0,3.0,3.0,3.0,7.0,5.0,3.0,6.0,0.0,0.0,0.0,0.0,0.0,0.0,0.0,0.0,0.0,0.0,0.0,1.0,0.0,0.0,0.0,0.0,0.0,0.0,0.0,1.0,0.0,0.0,0.0,0.0,0.0,0.0,0.0,0.0,0.7876702271118912,0.757828186004419,-0.029842041107472128,0.7876702271118912,0.774201921507556,-0.013468305604335207,0.7876702271118912,0.8011581743895344,0.013487947277643242,0.7876702271118912,0.8021209772245245,0.014450750112633304,0.7876702271118912,0.7733837851910518,-0.014286441920839388,0.7876702271118912,0.7866655907192087,-0.0010046363926824453
5.0,1.0,6.0,1.0,1.0,5.0,2.0,4.0,7.0,8.0,3.0,7.0,0.0,0.0,0.0,0.0,0.0,0.0,1.0,0.0,0.0,0.0,0.0,0.0,1.0,0.0,0.0,0.0,0.0,0.0,0.0,1.0,0.0,0.0,0.0,0.0,0.0,0.0,0.0,0.0,0.8927716198461423,0.875363767787717,-0.01740785205842532,0.8927716198461423,0.8849966414655495,-0.007774978380592823,0.8927716198461423,0.9004271455850321,0.0076555257388898346,0.8927716198461423,0.9009686978842619,0.008197078038119643,0.8927716198461423,0.8845200694006665,-0.008251550445475764,0.8927716198461423,0.8921962090901079,-0.0005754107560344002
6.0,1.0,6.0,1.0,2.0,4.0,2.0,5.0,8.0,8.0,4.0,8.0,0.0,0.0,0.0,0.0,0.0,0.0,1.0,0.0,0.0,0.0,0.0,0.0,0.0,0.0,0.0,0.0,0.0,0.0,0.0,0.0,0.0,0.0,0.0,0.0,0.0,0.0,0.0,0.0,0.7967690698731434,0.7678288962658821,-0.02894017360726131,,,,0.7967690698731434,0.8098185808861421,0.013049511012998671,0.7967690698731434,0.8107493553077801,0.013980285434636697,0.7967690698731434,0.7829261180223607,-0.01384295185078277,0.7967690698731434,0.7957963235675036,-0.0009727463056398156
3.0,1.0,5.0,1.0,3.0,4.0,2.0,2.0,8.0,8.0,4.0,8.0,0.0,0.0,0.0,0.0,1.0,0.0,1.0,0.0,0.0,0.0,0.0,1.0,0.0,0.0,0.0,0.0,0.0,0.0,0.0,0.0,0.0,0.0,0.0,0.0,0.0,0.0,0.0,0.0,0.8242564603605008,0.7982393315464804,-0.026017128814020407,0.8242564603605008,0.8125565964091387,-0.011699863951362133,0.8242564603605008,0.835904496974457,0.011648036613956192,0.8242564603605008,0.836733342312442,0.012476881951941188,0.8242564603605008,0.8118436564940763,-0.012412803866424515,0.8242564603605008,0.8233861167084833,-0.0008703436520175467
6.0,1.0,9.0,1.0,1.0,4.0,1.0,4.0,8.0,8.0,2.0,8.0,0.0,0.0,0.0,0.0,0.0,0.0,0.0,0.0,0.0,0.0,0.0,1.0,0.0,0.0,0.0,0.0,0.0,0.0,0.0,0.0,0.0,0.0,0.0,0.0,0.0,0.0,0.0,0.0,0.9199314432972465,0.9064708953422692,-0.013460547954977309,0.9199314432972465,0.9139359409309784,-0.005995502366268113,0.9199314432972465,0.9258090444975158,0.005877601200269256,0.9199314432972465,0.9262238616193867,0.006292418322140225,0.9199314432972465,0.9135675805856359,-0.006363862711610602,0.9199314432972465,0.9194886345183767,-0.00044280877886981873
5.0,6.0,2.0,3.0,4.0,5.0,2.0,3.0,3.0,3.0,3.0,6.0,0.0,0.0,0.0,0.0,0.0,0.0,1.0,0.0,1.0,0.0,0.0,0.0,0.0,0.0,0.0,0.0,0.0,0.0,0.0,0.0,0.0,1.0,0.0,0.0,0.0,0.0,0.0,0.0,0.3546718775533774,0.3167613637460556,-0.0379105138073218,0.3546718775533774,0.3368612403616601,-0.017810637191717327,0.3546718775533774,0.37379834018309305,0.019126462629715624,0.3546718775533774,0.3752166990144734,0.020544821461095986,0.3546718775533774,0.33581791769218583,-0.018853959861191594,0.3546718775533774,0.3533005765479778,-0.0013713010053996166
5.0,1.0,9.0,1.0,1.0,4.0,2.0,4.0,7.0,7.0,3.0,9.0,0.0,0.0,0.0,0.0,0.0,0.0,0.0,0.0,0.0,0.0,0.0,0.0,0.0,1.0,0.0,0.0,0.0,0.0,0.0,0.0,0.0,0.0,0.0,0.0,0.0,0.0,0.0,0.0,0.8979601045555663,0.8812825620275907,-0.016677542527975597,0.8979601045555663,0.8905151995002057,-0.007444905055360551,0.8979601045555663,0.9052845000322352,0.007324395476668855,0.8979601045555663,0.9058023980711609,0.007842293515594623,0.8979601045555663,0.8900586553041508,-0.007901449251415449,0.8979601045555663,0.897409336877696,-0.000550767677870323
4.0,1.0,4.0,1.0,1.0,5.0,1.0,4.0,10.0,10.0,4.0,8.0,1.0,0.0,0.0,0.0,0.0,0.0,1.0,0.0,0.0,0.0,0.0,0.0,1.0,0.0,0.0,0.0,0.0,0.0,0.0,0.0,0.0,0.0,0.0,0.0,0.0,0.0,0.0,1.0,0.8834568478385758,0.8647658635262604,-0.018690984312315417,0.8834568478385758,0.8751009573133287,-0.0083558905252471,,,,,,,0.8834568478385758,0.8745891887778864,-0.008867659060689426,0.8834568478385758,0.8828380117375615,-0.0006188361010143195
6.0,1.0,3.0,1.0,3.0,3.0,2.0,3.0,7.0,7.0,3.0,7.0,0.0,0.0,0.0,0.0,0.0,0.0,1.0,0.0,0.0,0.0,0.0,1.0,0.0,0.0,0.0,0.0,0.0,0.0,0.0,0.0,0.0,0.0,1.0,0.0,0.0,0.0,0.0,0.0,0.7190029140341246,0.6833892362308958,-0.03561367780322888,0.7190029140341246,0.7028222937125796,-0.016180620321544992,0.7190029140341246,0.7353874723930717,0.016384558358947032,0.7190029140341246,0.7365640230964329,0.017561109062308233,0.7190029140341246,0.7018451287571681,-0.01715778527695655,0.7190029140341246,0.7177897851406432,-0.0012131288934814632
6.0,1.0,3.0,1.0,1.0,5.0,2.0,3.0,9.0,7.0,5.0,8.0,0.0,0.0,0.0,0.0,1.0,0.0,1.0,0.0,0.0,0.0,0.0,0.0,0.0,1.0,0.0,0.0,0.0,0.0,0.0,0.0,0.0,0.0,0.0,0.0,0.0,0.0,0.0,0.0,0.8433561110015211,0.8195474785645197,-0.023808632437001376,0.8433561110015211,0.8326696473494705,-0.010686463652050615,0.8433561110015211,0.8539625346657135,0.0106064236641924,0.8433561110015211,0.8547160218602597,0.011359910858738664,,,,0.8433561110015211,0.8425622886360145,-0.0007938223655066245
7.0,1.0,10.0,2.0,1.0,3.0,1.0,3.0,10.0,10.0,2.0,10.0,0.0,0.0,0.0,0.0,0.0,0.0,1.0,0.0,0.0,0.0,0.0,0.0,0.0,0.0,0.0,0.0,0.0,0.0,0.0,0.0,0.0,0.0,1.0,0.0,0.0,0.0,0.0,0.0,0.9035132406899244,0.8876297323221751,-0.01588350836774932,0.9035132406899244,0.8964267641006535,-0.007086476589270974,,,,,,,0.9035132406899244,0.8959919916273806,-0.007521249062543811,,,
5.0,1.0,3.0,2.0,1.0,2.0,2.0,3.0,5.0,6.0,3.0,8.0,1.0,0.0,0.0,0.0,0.0,0.0,0.0,0.0,0.0,0.0,0.0,0.0,1.0,0.0,0.0,0.0,0.0,0.0,0.0,0.0,0.0,0.0,0.0,0.0,0.0,0.0,0.0,0.0,0.72957212836566,0.6947292588184296,-0.03484286954723037,0.72957212836566,0.7137578218240314,-0.01581430654162863,0.72957212836566,0.7455584987760216,0.01598637041036166,0.72957212836566,0.746705402564049,0.01713327419838906,0.72957212836566,0.71280192095517,-0.016770207410489957,0.72957212836566,0.728387391980028,-0.0011847363856319904
3.0,1.0,5.0,1.0,1.0,3.0,2.0,3.0,6.0,6.0,1.0,6.0,0.0,0.0,0.0,1.0,0.0,0.0,1.0,0.0,0.0,0.0,0.0,1.0,0.0,0.0,0.0,0.0,0.0,0.0,0.0,0.0,0.0,0.0,0.0,0.0,0.0,0.0,0.0,0.0,0.7817008463065472,0.7512847482622389,-0.030416098044308337,0.7817008463065472,0.7679654387656456,-0.013735407540901634,0.7817008463065472,0.7954695259384962,0.013768679631948944,0.7817008463065472,0.7964528753308574,0.014752029024310165,0.7817008463065472,0.7671315024976999,-0.014569343808847335,0.7817008463065472,0.7806758303109623,-0.0010250159955849103
5.0,5.0,6.0,2.0,1.0,5.0,1.0,4.0,6.0,6.0,5.0,6.0,0.0,0.0,0.0,0.0,0.0,0.0,0.0,0.0,0.0,0.0,0.0,0.0,1.0,0.0,0.0,0.0,0.0,0.0,0.0,0.0,0.0,0.0,0.0,0.0,0.0,0.0,0.0,0.0,0.7928451213270958,0.7635120241035226,-0.029333097223573246,0.7928451213270958,0.7796132221210184,-0.01323189920607748,0.7928451213270958,0.8060852695451017,0.013240148218005898,0.7928451213270958,0.8070299614712755,0.014184840144179645,,,,0.7928451213270958,0.7918584997585153,-0.0009866215685805368
6.0,1.0,10.0,1.0,1.0,4.0,2.0,2.0,8.0,8.0,5.0,7.0,0.0,0.0,0.0,0.0,0.0,0.0,1.0,0.0,0.0,0.0,0.0,1.0,0.0,0.0,0.0,0.0,0.0,0.0,0.0,0.0,0.0,0.0,0.0,0.0,0.0,0.0,0.0,0.0,0.8928336218104336,0.8754344309554124,-0.017399190855021174,0.8928336218104336,0.8850625603213323,-0.0077710614891012275,0.8928336218104336,0.9004852143661677,0.00765159255573411,0.8928336218104336,0.9010264855581916,0.008192863747758072,,,,0.8928336218104336,0.8922585036175503,-0.0005751181928832505
7.0,1.0,5.0,1.0,2.0,3.0,2.0,4.0,5.0,5.0,2.0,5.0,0.0,0.0,0.0,0.0,0.0,0.0,1.0,0.0,0.0,0.0,0.0,0.0,0.0,0.0,0.0,0.0,0.0,0.0,0.0,1.0,0.0,0.0,0.0,0.0,0.0,0.0,0.0,0.0,0.7406576408698021,0.7066688078052076,-0.03398883306459455,0.7406576408698021,0.7252474683503655,-0.01541017251943666,0.7406576408698021,0.7562076708913978,0.015550030021595718,0.7406576408698021,0.7573221975662006,0.016664556696398436,0.7406576408698021,0.7243151169680198,-0.01634252390178237,0.7406576408698021,0.73950412939955,-0.001153511470252111
3.0,2.0,8.0,2.0,2.0,4.0,1.0,3.0,7.0,7.0,2.0,7.0,0.0,0.0,0.0,0.0,0.0,0.0,1.0,0.0,0.0,0.0,0.0,0.0,1.0,0.0,0.0,0.0,0.0,0.0,0.0,0.0,0.0,0.0,0.0,0.0,0.0,0.0,0.0,0.0,0.8755157885242694,0.855759165773225,-0.019756622751044395,0.8755157885242694,0.8666764636202903,-0.008839324903979096,0.8755157885242694,0.8842435500153414,0.008727761491072017,0.8755157885242694,0.8848618659271376,0.009346077402868191,0.8755157885242694,0.8661354564650376,-0.009380332059231722,0.8755157885242694,0.8748607587118739,-0.0006550298123955134
5.0,1.0,5.0,1.0,2.0,4.0,2.0,4.0,10.0,9.0,4.0,10.0,1.0,0.0,0.0,0.0,0.0,0.0,1.0,0.0,0.0,0.0,0.0,0.0,1.0,0.0,0.0,0.0,0.0,0.0,0.0,0.0,0.0,0.0,0.0,0.0,0.0,0.0,0.0,0.0,0.7677639355457794,0.7360616391019523,-0.03170229644382705,0.7677639355457794,0.7534282202191543,-0.014335715326625031,,,,0.7677639355457794,0.7831965697207353,0.015432634174955884,0.7677639355457794,0.7525588711040242,-0.015205064441755178,,,
3.0,1.0,4.0,1.0,1.0,1.0,1.0,5.0,10.0,10.0,3.0,8.0,0.0,0.0,0.0,1.0,0.0,0.0,1.0,0.0,0.0,0.0,0.0,0.0,0.0,0.0,0.0,0.0,0.0,0.0,0.0,0.0,0.0,0.0,0.0,0.0,0.0,0.0,0.0,0.0,0.7535098824440772,0.720569962361217,-0.032939920082860286,,,,,,,,,,0.7535098824440772,0.7376904180011863,-0.01581946444289095,0.7535098824440772,0.7523944251755296,-0.0011154572685476705
7.0,1.0,10.0,1.0,2.0,5.0,2.0,4.0,7.0,7.0,4.0,7.0,0.0,0.0,0.0,0.0,0.0,0.0,0.0,0.0,0.0,0.0,0.0,1.0,0.0,0.0,0.0,0.0,0.0,0.0,0.0,0.0,0.0,0.0,1.0,0.0,0.0,0.0,0.0,0.0,0.8548366465648717,0.8324262453460834,-0.022410401218788234,0.8548366465648717,0.8447892580173175,-0.010047388547554159,0.8548366465648717,0.8647903459722006,0.009953699407328931,0.8548366465648717,0.8654967658238532,0.01066011925898147,0.8548366465648717,0.8441754043758256,-0.010661242189046072,0.8548366465648717,0.8540909382883638,-0.0007457082765078837
3.0,1.0,6.0,1.0,1.0,4.0,3.0,3.0,8.0,8.0,2.0,6.0,0.0,0.0,0.0,0.0,0.0,0.0,1.0,0.0,0.0,0.0,0.0,0.0,0.0,0.0,0.0,0.0,0.0,0.0,0.0,0.0,0.0,0.0,0.0,0.0,0.0,0.0,0.0,0.0,0.9098143395305537,0.8948473884159959,-0.014966951114557814,0.9098143395305537,0.9031410358599351,-0.00667330367061858,0.9098143395305537,0.9163670906063713,0.006552751075817653,0.9098143395305537,0.916829957100941,0.007015617570387267,0.9098143395305537,0.9027313898480676,-0.007082949682486128,0.9098143395305537,0.9093210946196822,-0.0004932449108714376
3.0,1.0,5.0,1.0,1.0,4.0,2.0,2.0,5.0,6.0,3.0,7.0,0.0,1.0,0.0,0.0,0.0,0.0,0.0,0.0,0.0,0.0,0.0,0.0,0.0,0.0,0.0,0.0,1.0,0.0,0.0,0.0,0.0,0.0,0.0,0.0,0.0,0.0,0.0,0.0,0.7665372500801635,0.734725357969419,-0.03181189211074453,0.7665372500801635,0.7521502572480425,-0.01438699283212097,0.7665372500801635,0.7809943839952882,0.01445713391512471,0.7665372500801635,0.7820282575864058,0.015491007506242327,0.7665372500801635,0.751277889809335,-0.015259360270828526,0.7665372500801635,0.7654623964828831,-0.001074853597280434
3.0,3.0,6.0,3.0,2.0,1.0,2.0,3.0,6.0,5.0,2.0,6.0,0.0,1.0,0.0,0.0,0.0,0.0,0.0,0.0,0.0,0.0,0.0,0.0,1.0,0.0,0.0,0.0,0.0,0.0,0.0,0.0,0.0,0.0,0.0,0.0,0.0,0.0,0.0,0.0,0.47137864719509076,0.4292919962223514,-0.04208665097273934,0.47137864719509076,0.4518105372697181,-0.019568109925372668,0.47137864719509076,0.49200046330032343,0.02062181610523267,0.47137864719509076,0.4935138587137007,0.02213521151860992,0.47137864719509076,0.4506531373468669,-0.020725509848223855,0.47137864719509076,0.46988467045683485,-0.0014939767382559088
7.0,6.0,7.0,2.0,2.0,4.0,1.0,3.0,8.0,8.0,5.0,9.0,0.0,0.0,0.0,0.0,0.0,0.0,1.0,0.0,0.0,0.0,0.0,0.0,0.0,1.0,0.0,0.0,0.0,0.0,0.0,0.0,0.0,0.0,1.0,0.0,0.0,0.0,0.0,0.0,0.6513098807560002,0.61174952769898,-0.039560353057020214,0.6513098807560002,0.6332197415283894,-0.018090139227610713,0.6513098807560002,0.6698289980436811,0.018519117287680964,0.6513098807560002,0.6711666991067281,0.019856818350727945,,,,0.6513098807560002,0.6499467883447878,-0.0013630924112123521
5.0,1.0,5.0,1.0,3.0,3.0,3.0,3.0,5.0,5.0,2.0,5.0,0.0,1.0,0.0,0.0,0.0,0.0,0.0,0.0,0.0,0.0,0.0,0.0,1.0,0.0,0.0,0.0,0.0,0.0,0.0,0.0,0.0,0.0,0.0,0.0,0.0,0.0,0.0,0.0,0.46222492122435965,0.4203057332089058,-0.04191918801545386,0.46222492122435965,0.44271856165334356,-0.019506359571016096,0.46222492122435965,0.48281203456791394,0.020587113343554286,0.46222492122435965,0.48432411274829446,0.022099191523934802,0.46222492122435965,0.4415656918401047,-0.020659229384254962,0.46222492122435965,0.4607346702190444,-0.0014902510053152462
2.0,3.0,10.0,4.0,2.0,4.0,2.0,3.0,7.0,8.0,3.0,5.0,0.0,1.0,0.0,0.0,0.0,0.0,0.0,0.0,0.0,0.0,0.0,0.0,0.0,0.0,0.0,0.0,0.0,1.0,0.0,0.0,0.0,0.0,0.0,0.0,0.0,1.0,0.0,0.0,0.7387670496613075,0.704629252078798,-0.034137797582509455,0.7387670496613075,0.7232865083860515,-0.015480541275255999,0.7387670496613075,0.7543928479570361,0.015625798295728632,0.7387670496613075,0.7555129889440804,0.016745939282772904,0.7387670496613075,0.7223500501607876,-0.01641699950051989,0.7387670496613075,0.7376081082155953,-0.0011589414457121583
6.0,2.0,8.0,2.0,3.0,3.0,3.0,3.0,4.0,2.0,2.0,3.0,0.0,1.0,0.0,0.0,0.0,0.0,0.0,0.0,0.0,0.0,1.0,0.0,0.0,0.0,0.0,0.0,0.0,0.0,0.0,0.0,0.0,0.0,1.0,0.0,0.0,0.0,0.0,0.0,0.43547867068960877,0.3942070419105875,-0.0412716287790213,0.43547867068960877,0.41622742358963005,-0.01925124709997872,0.43547867068960877,0.4558843833603926,0.020405712670783838,0.43547867068960877,0.4573867103754184,0.02190803968580962,0.43547867068960877,0.4150921551045491,-0.02038651558505966,0.43547867068960877,0.4340050591815682,-0.0014736115080405954
2.0,1.0,4.0,4.0,1.0,5.0,3.0,2.0,8.0,7.0,2.0,6.0,0.0,0.0,0.0,0.0,0.0,1.0,0.0,0.0,0.0,0.0,0.0,0.0,0.0,0.0,0.0,0.0,1.0,0.0,0.0,0.0,0.0,0.0,0.0,0.0,0.0,1.0,0.0,0.0,0.8536882782956936,0.8311356123467448,-0.02255266594894878,0.8536882782956936,0.8435759506398054,-0.01011232765588821,0.8536882782956936,0.8637081657305983,0.010019887434904673,0.8536882782956936,0.8644193531447798,0.010731074849086197,0.8536882782956936,0.8429581904382619,-0.01073008785743168,0.8536882782956936,0.8529376856910625,-0.0007505926046310618
5.0,1.0,4.0,2.0,3.0,4.0,2.0,3.0,7.0,8.0,4.0,8.0,0.0,0.0,0.0,1.0,0.0,0.0,1.0,0.0,0.0,0.0,0.0,1.0,0.0,0.0,0.0,0.0,0.0,0.0,0.0,0.0,0.0,0.0,0.0,0.0,0.0,0.0,0.0,0.0,0.5368822923208704,0.49441722159966695,-0.042465070721203424,0.5368822923208704,0.517255717732904,-0.01962657458796635,0.5368822923208704,0.5573483797997142,0.02046608747884382,0.5368822923208704,0.5588416574824532,0.02195936516158281,0.5368822923208704,0.516088500508517,-0.020793791812353413,0.5368822923208704,0.5353909742198188,-0.0014913181010515197
2.0,1.0,4.0,1.0,2.0,4.0,1.0,3.0,7.0,8.0,2.0,10.0,0.0,0.0,0.0,0.0,0.0,0.0,1.0,0.0,0.0,0.0,0.0,0.0,0.0,0.0,0.0,0.0,0.0,0.0,0.0,0.0,0.0,0.0,0.0,0.0,0.0,0.0,0.0,0.0,0.9130258013216862,0.8985323758581264,-0.014493425463559806,0.9130258013216862,0.9065657264061996,-0.006460074915486613,0.9130258013216862,0.9193658927439475,0.006340091422261329,0.9130258013216862,0.9198136146663392,0.006787813344652949,0.9130258013216862,0.9061690596452407,-0.006856741676445455,,,
3.0,1.0,2.0,4.0,4.0,5.0,3.0,3.0,7.0,8.0,3.0,7.0,0.0,0.0,0.0,1.0,0.0,0.0,1.0,0.0,0.0,0.0,0.0,0.0,0.0,0.0,0.0,0.0,0.0,0.0,0.0,0.0,0.0,0.0,0.0,0.0,0.0,1.0,0.0,0.0,0.5195460687602845,0.47703977692994315,-0.04250629183034138,0.5195460687602845,0.49986920163592496,-0.019676867124359565,0.5195460687602845,0.5401220401272914,0.02057597136700684,0.5195460687602845,0.5416256374840329,0.02207956872374839,0.5195460687602845,0.4987006875999698,-0.020845381160314702,0.5195460687602845,0.5180490388401318,-0.0014970299201527704
6.0,1.0,5.0,2.0,2.0,2.0,2.0,3.0,9.0,8.0,3.0,8.0,0.0,0.0,0.0,0.0,0.0,0.0,1.0,0.0,0.0,0.0,0.0,1.0,0.0,0.0,0.0,0.0,0.0,0.0,0.0,0.0,0.0,0.0,0.0,0.0,0.0,0.0,0.0,0.0,0.7623932473108229,0.7302154244626652,-0.03217782284815773,0.7623932473108229,0.7478348916421422,-0.01455835566868069,0.7623932473108229,0.7770323540534424,0.014639106742619479,0.7623932473108229,0.7780796167428232,0.015686369432000302,0.7623932473108229,0.7469524452860921,-0.01544080202473086,0.7623932473108229,0.7613052559073701,-0.001087991403452837
5.0,1.0,5.0,1.0,2.0,4.0,2.0,4.0,6.0,6.0,2.0,6.0,0.0,0.0,0.0,0.0,0.0,0.0,1.0,0.0,0.0,0.0,0.0,0.0,0.0,0.0,0.0,0.0,0.0,0.0,0.0,0.0,0.0,0.0,0.0,0.0,0.0,0.0,0.0,0.0,0.8233239168678179,0.7972027003738869,-0.026121216493931065,0.8233239168678179,0.8115761622385026,-0.011747754629315321,0.8233239168678179,0.8350213900800254,0.011697473212207488,0.8233239168678179,0.8358538200657581,0.012529903197940229,0.8233239168678179,0.8108603612684923,-0.01246355559932566,0.8233239168678179,0.8224499497405552,-0.0008739671272627314
5.0,6.0,1.0,3.0,2.0,3.0,3.0,2.0,5.0,5.0,3.0,3.0,0.0,0.0,0.0,0.0,0.0,0.0,1.0,0.0,0.0,0.0,0.0,0.0,0.0,0.0,0.0,0.0,0.0,1.0,0.0,0.0,0.0,1.0,0.0,0.0,0.0,0.0,0.0,0.0,0.3886291151997229,0.34905219452733105,-0.039576920672391824,0.3886291151997229,0.370091182027965,-0.018537933171757892,0.3886291151997229,0.4084278192702547,0.019798704070531803,0.3886291151997229,0.4098915677977267,0.0212624525980038,0.3886291151997229,0.3690022092555226,-0.0196269059442003,0.3886291151997229,0.3872052990927535,-0.0014238161069694
7.0,1.0,9.0,3.0,1.0,5.0,2.0,4.0,10.0,10.0,4.0,9.0,0.0,0.0,0.0,0.0,0.0,1.0,0.0,0.0,0.0,0.0,0.0,1.0,0.0,0.0,0.0,0.0,0.0,0.0,0.0,0.0,0.0,0.0,0.0,0.0,0.0,0.0,0.0,0.0,0.7966430915760797,0.7676902090908195,-0.02895288248526018,0.7966430915760797,0.7835875680983138,-0.013055523477765951,,,,,,,0.7966430915760797,0.7827938980266335,-0.013849193549446248,0.7966430915760797,0.7956698969209626,-0.0009731946551171378
4.0,1.0,2.0,1.0,2.0,5.0,2.0,3.0,9.0,9.0,4.0,8.0,0.0,0.0,0.0,0.0,0.0,0.0,1.0,0.0,0.0,0.0,0.0,0.0,1.0,0.0,0.0,0.0,0.0,0.0,0.0,0.0,0.0,0.0,0.0,0.0,0.0,0.0,0.0,0.0,0.8596348626087054,0.8378246810922749,-0.021810181516430438,0.8596348626087054,0.8498612503594105,-0.00977361224929485,0.8596348626087054,0.8693098532481175,0.009674990639412129,0.8596348626087054,0.8699962100637677,0.010361347455062342,0.8596348626087054,0.8492638770511163,-0.010370985557589085,0.8596348626087054,0.8589097346727476,-0.0007251279359578033
3.0,1.0,2.0,3.0,2.0,4.0,2.0,1.0,0.0,0.0,1.0,0.0,0.0,0.0,0.0,0.0,0.0,0.0,0.0,0.0,1.0,0.0,0.0,0.0,0.0,0.0,0.0,0.0,0.0,0.0,0.0,0.0,0.0,1.0,0.0,0.0,0.0,0.0,0.0,0.0,0.7906818682780884,0.761134740537815,-0.02954712774027335,0.7906818682780884,0.7773505957209277,-0.013331272557160712,0.7906818682780884,0.8040261036873969,0.013344235409308514,0.7906818682780884,0.8049784002106866,0.014296531932598167,0.7906818682780884,0.7765405751327544,-0.014141293145333966,0.7906818682780884,0.7896876767285299,-0.0009941915495584874
5.0,1.0,3.0,1.0,2.0,4.0,3.0,3.0,8.0,7.0,2.0,8.0,0.0,0.0,0.0,0.0,0.0,0.0,0.0,0.0,0.0,0.0,0.0,0.0,0.0,0.0,0.0,0.0,0.0,0.0,0.0,0.0,0.0,0.0,0.0,0.0,0.0,0.0,0.0,0.0,0.8320356389823079,0.8069003478509287,-0.025135291131379245,0.8320356389823079,0.8207410323366684,-0.011294606645639527,0.8320356389823079,0.843266123464512,0.011230484482204095,0.8320356389823079,0.8440647217409685,0.012029082758660548,0.8320356389823079,0.8200523279903369,-0.01198331099197103,0.8320356389823079,0.8311959307569319,-0.0008397082253760457
4.0,3.0,2.0,1.0,2.0,4.0,2.0,4.0,7.0,8.0,3.0,7.0,1.0,0.0,0.0,0.0,0.0,0.0,0.0,0.0,0.0,0.0,1.0,0.0,0.0,0.0,0.0,0.0,0.0,0.0,0.0,0.0,0.0,0.0,0.0,0.0,0.0,0.0,0.0,0.0,0.7740213772658677,0.7428872196665144,-0.03113415759935334,0.7740213772658677,0.7599511581497129,-0.014070219116154803,0.7740213772658677,0.7881431480460528,0.014121770780185061,0.7740213772658677,0.7891523849726318,0.015131007706764121,0.7740213772658677,0.7590974537560251,-0.014923923509842618,0.7740213772658677,0.7729707751080584,-0.0010506021578092772
5.0,1.0,3.0,2.0,2.0,4.0,3.0,4.0,7.0,8.0,5.0,7.0,1.0,0.0,0.0,0.0,0.0,0.0,0.0,0.0,0.0,0.0,0.0,0.0,1.0,0.0,0.0,0.0,0.0,0.0,0.0,0.0,0.0,0.0,0.0,0.0,0.0,0.0,0.0,0.0,0.6658141990638003,0.6269569046376982,-0.038857294426102196,0.6658141990638003,0.6480699470100565,-0.01774425205374386,0.6658141990638003,0.683936805761739,0.018122606697938637,0.6658141990638003,0.6852442074524336,0.01943000838863329,,,,0.6658141990638003,0.6644785977195089,-0.0013356013442914483
4.0,1.0,6.0,1.0,1.0,5.0,2.0,5.0,7.0,8.0,4.0,9.0,0.0,0.0,0.0,0.0,0.0,0.0,0.0,0.0,0.0,0.0,0.0,0.0,1.0,0.0,0.0,0.0,0.0,0.0,0.0,0.0,0.0,0.0,0.0,0.0,0.0,0.0,0.0,0.0,0.8988381347622834,0.8822852862694103,-0.016552848492873085,,,,0.8988381347622834,0.9061060955673087,0.007267960805025342,0.8988381347622834,0.906619964570439,0.007781829808155671,0.8988381347622834,0.8909964223499807,-0.007841712412302693,0.8988381347622834,0.8982915695214396,-0.0005465652408437327
4.0,2.0,5.0,2.0,4.0,4.0,3.0,2.0,7.0,7.0,3.0,2.0,0.0,0.0,0.0,0.0,1.0,0.0,1.0,0.0,0.0,0.0,0.0,1.0,0.0,0.0,0.0,0.0,0.0,0.0,0.0,0.0,0.0,0.0,0.0,0.0,0.0,0.0,0.0,0.0,0.6320662432024728,0.5916913200928455,-0.040374923109627314,0.6320662432024728,0.6135700807514431,-0.018496162451029696,0.6320662432024728,0.6510598410717645,0.018993597869291667,0.6320662432024728,0.6524341278527138,0.020367884650240975,0.6320662432024728,0.6124612641044747,-0.019604979097998187,0.6320662432024728,0.6306705818096213,-0.0013956613928515216
7.0,1.0,6.0,1.0,1.0,5.0,1.0,2.0,6.0,5.0,3.0,4.0,0.0,0.0,0.0,0.0,0.0,0.0,0.0,0.0,0.0,0.0,0.0,0.0,0.0,0.0,0.0,0.0,0.0,0.0,0.0,0.0,0.0,0.0,0.0,0.0,0.0,0.0,0.0,1.0,0.8979457190098364,0.8812661361776727,-0.016679582832163753,0.8979457190098364,0.890499892363693,-0.007445826646143461,0.8979457190098364,0.9052710381454057,0.007325319135569219,0.8979457190098364,0.9057890021327332,0.007843283122896727,0.8979457190098364,0.890043292219316,-0.007902426790520445,0.8979457190098364,0.8973948825572592,-0.0005508364525772524
3.0,1.0,4.0,1.0,1.0,3.0,3.0,2.0,5.0,5.0,2.0,5.0,1.0,0.0,0.0,0.0,0.0,0.0,0.0,0.0,0.0,0.0,0.0,1.0,0.0,0.0,0.0,0.0,0.0,0.0,0.0,0.0,0.0,0.0,0.0,0.0,0.0,0.0,0.0,0.0,0.8389895112018549,0.8146630431415511,-0.024326468060303807,0.8389895112018549,0.8280658836875231,-0.010923627514331846,0.8389895112018549,0.8498389556241797,0.010849444422324717,0.8389895112018549,0.850609996685704,0.011620485483849086,0.8389895112018549,0.8273994029057274,-0.0115901082961275,0.8389895112018549,0.8381778062742397,-0.0008117049276152866
6.0,1.0,8.0,1.0,1.0,5.0,1.0,4.0,8.0,8.0,2.0,7.0,0.0,0.0,0.0,0.0,0.0,0.0,0.0,0.0,0.0,0.0,0.0,0.0,0.0,0.0,0.0,0.0,0.0,0.0,0.0,0.0,0.0,0.0,1.0,0.0,0.0,0.0,0.0,0.0,0.9327057144540878,0.921208751896466,-0.011496962557621782,0.9327057144540878,0.9275914551009322,-0.00511425935315557,0.9327057144540878,0.9377090889259437,0.005003374471855948,0.9327057144540878,0.9380618217603762,0.005356107306288438,0.9327057144540878,0.9272768906628038,-0.005428823791283954,0.9327057144540878,0.9323283552595394,-0.00037735919454839895
4.0,1.0,7.0,1.0,3.0,4.0,2.0,2.0,6.0,7.0,4.0,7.0,0.0,1.0,0.0,0.0,0.0,0.0,0.0,0.0,0.0,0.0,0.0,1.0,0.0,0.0,0.0,0.0,0.0,0.0,0.0,0.0,0.0,0.0,0.0,0.0,0.0,0.0,0.0,0.0,0.651625238158222,0.6120793539474233,-0.03954588421079874,0.651625238158222,0.6335422543832268,-0.018082983774995287,0.651625238158222,0.6701360892824384,0.018510851124216354,0.651625238158222,0.6714731563843193,0.019847918226097216,0.651625238158222,0.6324564167844615,-0.019168821373760525,0.651625238158222,0.6502627165587512,-0.0013625215994708118
6.0,1.0,7.0,1.0,1.0,5.0,2.0,4.0,7.0,7.0,4.0,8.0,0.0,0.0,0.0,0.0,0.0,0.0,0.0,0.0,0.0,0.0,0.0,0.0,0.0,1.0,0.0,0.0,0.0,0.0,0.0,1.0,0.0,0.0,0.0,0.0,0.0,0.0,0.0,0.0,0.8891838356692253,0.8712775094383871,-0.01790632623083821,0.8891838356692253,0.8811833341727294,-0.008000501496495893,0.8891838356692253,0.8970659765954385,0.0078821409262132,0.8891838356692253,0.8976237310128098,0.00843989534358447,0.8891838356692253,0.8806930901389205,-0.008490745530304822,0.8891838356692253,0.8885915746334679,-0.0005922610357573799
6.0,3.0,2.0,3.0,1.0,4.0,2.0,3.0,3.0,2.0,4.0,4.0,0.0,0.0,1.0,0.0,0.0,0.0,1.0,0.0,0.0,0.0,0.0,0.0,0.0,0.0,0.0,0.0,0.0,0.0,0.0,1.0,0.0,0.0,0.0,0.0,0.0,0.0,0.0,0.0,0.43078591348003403,0.3896520519433992,-0.04113386153663484,0.43078591348003403,0.41159086604340994,-0.01919504743662409,0.43078591348003403,0.4511474644734764,0.02036155099344239,0.43078591348003403,0.4526471673555485,0.021861253875514464,0.43078591348003403,0.41045935205357015,-0.020326561426463885,0.43078591348003403,0.42931610524339847,-0.0014698082366355614
6.0,3.0,10.0,2.0,2.0,4.0,1.0,4.0,5.0,7.0,4.0,7.0,0.0,0.0,0.0,0.0,0.0,0.0,1.0,0.0,0.0,0.0,0.0,0.0,1.0,0.0,0.0,0.0,0.0,0.0,0.0,1.0,0.0,0.0,0.0,0.0,0.0,0.0,0.0,0.0,0.7623208250699905,0.7301366661016416,-0.03218415896834892,0.7623208250699905,0.7477595001517997,-0.014561324918190843,0.7623208250699905,0.7769630884485764,0.014642263378585874,0.7623208250699905,0.7780105835287366,0.015689758458746095,0.7623208250699905,0.7468768792649138,-0.015443945805076797,0.7623208250699905,0.7612326059048442,-0.0010882191651463424
4.0,1.0,4.0,1.0,1.0,4.0,1.0,2.0,8.0,8.0,3.0,7.0,0.0,0.0,0.0,0.0,0.0,0.0,1.0,0.0,0.0,0.0,0.0,0.0,1.0,0.0,0.0,0.0,0.0,0.0,0.0,0.0,0.0,0.0,0.0,0.0,0.0,0.0,0.0,0.0,0.9159094443630169,0.9018448909577158,-0.014064553405301106,0.9159094443630169,0.9096423574252583,-0.00626708693775857,0.9159094443630169,0.922057273891973,0.006147829528956095,0.9159094443630169,0.9224913117588065,0.006581867395789587,0.9159094443630169,0.9092574448284304,-0.006651999534586506,0.9159094443630169,0.9154464368719286,-0.0004630074910882964
5.0,1.0,2.0,1.0,1.0,4.0,2.0,3.0,9.0,7.0,4.0,8.0,1.0,0.0,0.0,0.0,0.0,0.0,0.0,0.0,1.0,0.0,0.0,0.0,0.0,0.0,0.0,0.0,0.0,0.0,0.0,0.0,0.0,0.0,0.0,0.0,0.0,0.0,0.0,0.0,0.8671382082005945,0.8462854337392202,-0.020852774461374346,0.8671382082005945,0.8578006292309168,-0.009337578969677685,0.8671382082005945,0.8763703932000273,0.009232184999432791,0.8671382082005945,0.877024915071583,0.009886706870988471,0.8671382082005945,0.8572295384241283,-0.009908669776466206,0.8671382082005945,0.8664458204545545,-0.0006923877460399686
7.0,2.0,6.0,1.0,1.0,3.0,2.0,4.0,8.0,7.0,3.0,6.0,0.0,0.0,0.0,0.0,0.0,0.0,0.0,0.0,0.0,0.0,0.0,1.0,0.0,0.0,0.0,0.0,0.0,0.0,0.0,0.0,0.0,0.0,1.0,0.0,0.0,0.0,0.0,0.0,0.8296689673348462,0.8042628293874439,-0.02540613794740232,0.8296689673348462,0.8182499796454851,-0.011418987689361115,0.8296689673348462,0.8410274586665553,0.011358491331709075,0.8296689673348462,0.8418353240631864,0.01216635672834021,0.8296689673348462,0.8175538322643324,-0.01211513507051376,0.8296689673348462,0.8288198615766018,-0.0008491057582443728
6.0,1.0,8.0,2.0,1.0,5.0,1.0,4.0,8.0,6.0,2.0,8.0,1.0,0.0,0.0,0.0,0.0,0.0,1.0,0.0,0.0,0.0,0.0,0.0,0.0,0.0,0.0,0.0,0.0,0.0,0.0,0.0,0.0,0.0,0.0,0.0,1.0,0.0,0.0,0.0,0.6339004459085136,0.593597382990224,-0.040303062918289556,0.6339004459085136,0.615440389806161,-0.018460056102352573,0.6339004459085136,0.6528513620862667,0.01895091617775313,0.6339004459085136,0.654222340384502,0.020321894475988422,0.6339004459085136,0.6143335665363215,-0.019566879372192036,0.6339004459085136,0.6325076968566902,-0.0013927490518234054
2.0,6.0,9.0,4.0,2.0,5.0,2.0,4.0,9.0,9.0,5.0,9.0,0.0,0.0,0.0,0.0,0.0,0.0,0.0,0.0,0.0,0.0,0.0,0.0,0.0,0.0,0.0,0.0,1.0,0.0,0.0,0.0,0.0,0.0,0.0,0.0,0.0,1.0,0.0,0.0,0.7984624807083547,0.7696937472766286,-0.028768733431726035,0.7984624807083547,0.7854923106987909,-0.012970170009563797,0.7984624807083547,0.8114289914843451,0.012966510775990425,0.7984624807083547,0.8123537106026295,0.013891229894274826,,,,0.7984624807083547,0.7974957797282981,-0.0009667009800565785
4.0,1.0,3.0,1.0,2.0,3.0,3.0,3.0,7.0,7.0,5.0,6.0,0.0,0.0,0.0,0.0,0.0,0.0,1.0,0.0,0.0,0.0,0.0,0.0,1.0,0.0,0.0,0.0,0.0,0.0,0.0,1.0,0.0,0.0,0.0,0.0,0.0,0.0,0.0,0.0,0.7589451928393104,0.726467951565158,-0.03247724127415241,0.7589451928393104,0.7442464434016243,-0.01469874943768612,0.7589451928393104,0.7737336885416467,0.014788495702336313,0.7589451928393104,0.774791954298795,0.015846761459484604,,,,0.7589451928393104,0.7578464277270872,-0.0010987651122231767
3.0,1.0,5.0,1.0,1.0,1.0,1.0,5.0,8.0,8.0,2.0,8.0,0.0,0.0,0.0,0.0,0.0,0.0,1.0,0.0,0.0,0.0,0.0,1.0,0.0,0.0,0.0,0.0,0.0,0.0,0.0,0.0,0.0,0.0,0.0,0.0,0.0,0.0,0.0,0.0,0.879512342542265,0.8602887878052541,-0.019223554737010873,,,,0.879512342542265,0.8879957464032225,0.008483403860957583,0.879512342542265,0.8885965449601086,0.00908420241784369,0.879512342542265,0.8703885822096347,-0.009123760332630293,0.879512342542265,0.8788754330190783,-0.000636909523186624
3.0,1.0,3.0,1.0,1.0,3.0,2.0,3.0,8.0,7.0,2.0,8.0,0.0,0.0,0.0,0.0,0.0,0.0,1.0,0.0,0.0,0.0,0.0,0.0,0.0,0.0,0.0,0.0,0.0,0.0,0.0,0.0,0.0,0.0,0.0,0.0,0.0,0.0,0.0,0.0,0.8968437767370306,0.8800081608656488,-0.016835615871381826,0.8968437767370306,0.8893274619737163,-0.00751631476331438,0.8968437767370306,0.9042397567257344,0.0073959799887037825,0.8968437767370306,0.9047627663790493,0.007918989642018648,0.8968437767370306,0.8888665830842395,-0.007977193652791148,0.8968437767370306,0.8962876795261326,-0.0005560972108979989
3.0,1.0,6.0,1.0,1.0,4.0,2.0,4.0,9.0,8.0,4.0,10.0,0.0,0.0,0.0,0.0,0.0,0.0,0.0,0.0,0.0,0.0,0.0,0.0,1.0,0.0,0.0,0.0,0.0,0.0,0.0,0.0,0.0,0.0,0.0,0.0,0.0,0.0,0.0,0.0,0.9121476942741654,0.8975243640950706,-0.014623330179094784,0.9121476942741654,0.9056291386782115,-0.006518555595953934,0.9121476942741654,0.9185460857958202,0.006398391521654778,0.9121476942741654,0.918997958647439,0.006850264373273629,0.9121476942741654,0.9052289113848574,-0.006918782889308028,,,
3.0,1.0,6.0,1.0,1.0,5.0,2.0,4.0,7.0,9.0,2.0,10.0,1.0,0.0,0.0,0.0,0.0,0.0,1.0,0.0,0.0,0.0,0.0,0.0,1.0,0.0,0.0,0.0,0.0,0.0,0.0,1.0,0.0,0.0,0.0,0.0,0.0,0.0,0.0,0.0,0.8948520466225064,0.877735684967223,-0.017116361655283407,0.8948520466225064,0.887208859085184,-0.0076431875373224045,0.8948520466225064,0.9023752830651791,0.0075232364426727205,0.8948520466225064,0.9029073824243706,0.008055335801864238,0.8948520466225064,0.8867402811936534,-0.008111765428852946,,,
7.0,2.0,6.0,3.0,1.0,1.0,1.0,5.0,7.0,7.0,5.0,10.0,0.0,1.0,0.0,0.0,0.0,0.0,1.0,0.0,0.0,0.0,0.0,0.0,0.0,1.0,0.0,0.0,0.0,0.0,0.0,0.0,0.0,0.0,1.0,0.0,0.0,0.0,0.0,0.0,0.43077368474096034,0.38964019157685,-0.04113349316411036,,,,0.43077368474096034,0.45113511583197957,0.020361431091019233,0.43077368474096034,0.45263481151781737,0.02186112677685703,,,,,,
6.0,1.0,8.0,3.0,2.0,4.0,2.0,4.0,9.0,8.0,4.0,9.0,0.0,1.0,0.0,0.0,0.0,0.0,0.0,0.0,0.0,0.0,0.0,0.0,0.0,1.0,0.0,0.0,0.0,0.0,0.0,1.0,0.0,0.0,0.0,0.0,0.0,0.0,0.0,0.0,0.6140784694005855,0.5730629500785064,-0.04101551932207914,0.6140784694005855,0.595257091749149,-0.018821377651436544,0.6140784694005855,0.6334621559990048,0.01938368659841927,0.6140784694005855,0.6348668807575558,0.020788411356970293,0.6140784694005855,0.5941304873226444,-0.01994798207794113,0.6140784694005855,0.6126563900410359,-0.0014220793595496328
2.0,1.0,7.0,2.0,2.0,2.0,2.0,4.0,5.0,6.0,2.0,6.0,0.0,0.0,0.0,0.0,0.0,0.0,1.0,0.0,0.0,0.0,0.0,0.0,0.0,0.0,0.0,0.0,1.0,0.0,0.0,0.0,0.0,0.0,0.0,0.0,0.0,0.0,0.0,0.0,0.7968429710672268,0.7679102556286812,-0.028932715438545586,0.7968429710672268,0.7837967972759908,-0.01304617379123596,0.7968429710672268,0.8098888690856643,0.013045898018437474,0.7968429710672268,0.810819379868474,0.013976408801247175,0.7968429710672268,0.7830036820374244,-0.01383928902980236,0.7968429710672268,0.7958704878607163,-0.0009724832065104438
3.0,1.0,5.0,1.0,4.0,3.0,2.0,2.0,6.0,6.0,3.0,7.0,0.0,0.0,0.0,0.0,0.0,0.0,0.0,0.0,0.0,0.0,0.0,1.0,0.0,0.0,0.0,0.0,0.0,0.0,0.0,0.0,0.0,0.0,0.0,0.0,0.0,0.0,0.0,0.0,0.7661537957926374,0.7343077643047828,-0.03184603148785459,0.7661537957926374,0.7517508256387537,-0.014402970153883699,0.7661537957926374,0.7806278794599579,0.014474083667320503,0.7661537957926374,0.7816629995377927,0.015509203745155298,0.7661537957926374,0.7508775179556321,-0.015276277837005359,0.7661537957926374,0.7650777178350217,-0.001076077957615773
4.0,1.0,9.0,1.0,1.0,4.0,2.0,4.0,8.0,7.0,5.0,8.0,0.0,0.0,0.0,0.0,0.0,0.0,0.0,0.0,0.0,0.0,0.0,0.0,1.0,0.0,0.0,0.0,0.0,0.0,0.0,0.0,0.0,0.0,0.0,0.0,0.0,0.0,0.0,0.0,0.8980085391117052,0.88133786669672,-0.01667067241498521,0.8980085391117052,0.8905667372145862,-0.00744180189711896,0.8980085391117052,0.9053298245024668,0.0073212853907616005,0.8980085391117052,0.9058475004854513,0.007838961373746067,,,,0.8980085391117052,0.897458003009114,-0.0005505361025911482
5.0,1.0,5.0,1.0,1.0,1.0,2.0,4.0,7.0,6.0,5.0,10.0,0.0,1.0,0.0,0.0,0.0,0.0,0.0,0.0,0.0,0.0,0.0,1.0,0.0,0.0,0.0,0.0,0.0,0.0,0.0,0.0,0.0,0.0,0.0,0.0,0.0,0.0,0.0,0.0,0.5900445177584847,0.548353348680831,-0.04169116907765369,0.5900445177584847,0.5708701157050764,-0.019174402053408257,0.5900445177584847,0.6098684385321641,0.01982392077367945,0.5900445177584847,0.6113081019923098,0.021263584233825128,,,,,,
2.0,1.0,2.0,1.0,1.0,5.0,2.0,3.0,4.0,5.0,4.0,6.0,1.0,0.0,0.0,0.0,0.0,0.0,1.0,0.0,0.0,0.0,0.0,0.0,0.0,1.0,0.0,0.0,0.0,0.0,0.0,1.0,0.0,0.0,0.0,0.0,0.0,0.0,0.0,0.0,0.8599110915017527,0.8381357491538922,-0.021775342347860493,0.8599110915017527,0.8501533603210737,-0.009757731180679019,0.8599110915017527,0.8695699312720933,0.009658839770340544,0.8599110915017527,0.8702551260707014,0.010344034568948723,0.8599110915017527,0.8495569435200689,-0.01035414798168377,0.8599110915017527,0.8591871568168773,-0.0007239346848754158
7.0,3.0,10.0,2.0,1.0,5.0,1.0,3.0,9.0,8.0,5.0,10.0,0.0,0.0,0.0,0.0,0.0,0.0,0.0,0.0,0.0,0.0,0.0,1.0,0.0,0.0,0.0,0.0,0.0,0.0,0.0,0.0,0.0,0.0,1.0,0.0,0.0,0.0,0.0,0.0,0.8828191608583137,0.8640416443067811,-0.01877751655153259,0.8828191608583137,0.8744240483859537,-0.008395112472360022,0.8828191608583137,0.8910985642675086,0.008279403409194863,0.8828191608583137,0.8916847492507524,0.008865588392438672,,,,,,
5.0,5.0,2.0,1.0,2.0,4.0,2.0,2.0,4.0,7.0,5.0,9.0,1.0,0.0,0.0,0.0,0.0,0.0,1.0,0.0,0.0,0.0,0.0,0.0,0.0,1.0,0.0,0.0,0.0,0.0,0.0,0.0,0.0,0.0,0.0,0.0,0.0,0.0,0.0,0.0,0.555960259538616,0.5136598712645664,-0.042300388274049694,0.555960259538616,0.5364441097238588,-0.019516149814757244,0.555960259538616,0.5762486917772288,0.020288432238612764,0.555960259538616,0.577726517079565,0.021766257540948963,,,,0.555960259538616,0.5544793957634944,-0.001480863775121688
3.0,1.0,4.0,1.0,2.0,4.0,2.0,3.0,2.0,2.0,2.0,7.0,0.0,1.0,0.0,0.0,0.0,0.0,0.0,0.0,0.0,0.0,0.0,0.0,0.0,0.0,0.0,0.0,0.0,0.0,0.0,0.0,1.0,0.0,0.0,0.0,0.0,0.0,0.0,0.0,0.7961031798160052,0.7670959009575516,-0.029007278858453556,0.7961031798160052,0.7830224347852036,-0.013080745030801588,0.7961031798160052,0.8091852081196518,0.013082028303646576,0.7961031798160052,0.8101183555291569,0.014015175713151695,0.7961031798160052,0.7822272681488104,-0.013875911667194818,0.7961031798160052,0.7951280658135655,-0.0009751140024396587
3.0,1.0,3.0,1.0,1.0,3.0,3.0,3.0,3.0,4.0,2.0,7.0,0.0,0.0,0.0,1.0,0.0,0.0,0.0,0.0,0.0,0.0,0.0,0.0,0.0,0.0,0.0,0.0,0.0,0.0,0.0,0.0,0.0,0.0,0.0,0.0,0.0,0.0,0.0,0.0,0.6982156939551803,0.6612088391060316,-0.037006854849148785,0.6982156939551803,0.6813685397687934,-0.016847154186386937,0.6982156939551803,0.7153324424452527,0.017116748490072387,0.6982156939551803,0.716563795468483,0.018348101513302684,0.6982156939551803,0.6803529150307008,-0.017862778924479517,0.6982156939551803,0.6969506473262648,-0.0012650466289155782
3.0,1.0,9.0,1.0,3.0,5.0,2.0,3.0,7.0,7.0,2.0,7.0,0.0,0.0,0.0,0.0,0.0,1.0,0.0,0.0,0.0,0.0,0.0,1.0,0.0,0.0,0.0,0.0,0.0,0.0,0.0,0.0,0.0,0.0,0.0,0.0,0.0,0.0,0.0,0.0,0.8114631573714605,0.7840483041729464,-0.02741485319851411,0.8114631573714605,0.7991191662982527,-0.012343991073207716,0.8114631573714605,0.8237778344532681,0.012314677081807668,0.8114631573714605,0.8246550829210828,0.013191925549622341,0.8114631573714605,0.7983677997057488,-0.013095357665711682,0.8114631573714605,0.8105440194332654,-0.0009191379381950915
4.0,1.0,3.0,3.0,1.0,2.0,1.0,4.0,8.0,9.0,5.0,8.0,1.0,0.0,0.0,0.0,0.0,0.0,1.0,0.0,0.0,1.0,0.0,0.0,0.0,0.0,0.0,0.0,0.0,0.0,0.0,0.0,0.0,0.0,0.0,0.0,0.0,0.0,0.0,0.0,0.7223802042643438,0.6870082342808849,-0.03537196998345893,0.7223802042643438,0.7063146227511371,-0.016065581513206695,0.7223802042643438,0.7386394205572399,0.01625921629289606,0.7223802042643438,0.7398066279954486,0.017426423731104812,,,,0.7223802042643438,0.7211760016836286,-0.0012042025807151857
5.0,1.0,3.0,1.0,2.0,4.0,4.0,2.0,7.0,7.0,3.0,7.0,0.0,0.0,0.0,0.0,0.0,0.0,1.0,0.0,0.0,0.0,0.0,0.0,1.0,0.0,0.0,0.0,0.0,0.0,0.0,0.0,0.0,0.0,0.0,0.0,0.0,0.0,0.0,0.0,0.757882638471613,0.725314052781676,-0.032568585689936924,0.757882638471613,0.7431410259280039,-0.014741612543609062,0.757882638471613,0.7727167992897552,0.014834160818142261,0.757882638471613,0.7737784305557284,0.0158957920841154,0.757882638471613,0.7422478149784395,-0.015634823493173466,0.757882638471613,0.7567805822020263,-0.0011020562695867042
4.0,2.0,6.0,1.0,1.0,4.0,3.0,4.0,7.0,7.0,2.0,5.0,0.0,0.0,0.0,0.0,0.0,0.0,1.0,0.0,0.0,0.0,0.0,0.0,0.0,0.0,0.0,0.0,0.0,0.0,0.0,0.0,0.0,0.0,0.0,0.0,0.0,0.0,0.0,0.0,0.8607115623121339,0.839037354231627,-0.021674208080506907,0.8607115623121339,0.8509999259693276,-0.009711636342806251,0.8607115623121339,0.8703235341731161,0.009611971860982282,0.8607115623121339,0.8710053573130838,0.010293795000949957,0.8607115623121339,0.8504062857556941,-0.010305276556439757,0.8607115623121339,0.8599910906956819,-0.0007204716164519454
2.0,2.0,2.0,4.0,1.0,4.0,1.0,3.0,10.0,10.0,4.0,10.0,0.0,1.0,0.0,0.0,0.0,0.0,0.0,0.0,0.0,0.0,0.0,0.0,1.0,0.0,0.0,0.0,0.0,0.0,0.0,0.0,0.0,0.0,0.0,0.0,0.0,1.0,0.0,0.0,0.8156698793757695,0.7887074437022826,-0.026962435673486884,0.8156698793757695,0.8035346293838262,-0.012135249991943264,,,,,,,0.8156698793757695,0.8027957025845668,-0.01287417679120273,,,
7.0,1.0,10.0,2.0,2.0,4.0,2.0,2.0,9.0,8.0,4.0,7.0,0.0,0.0,0.0,0.0,0.0,0.0,0.0,0.0,0.0,0.0,0.0,1.0,0.0,0.0,0.0,0.0,0.0,0.0,0.0,1.0,0.0,0.0,0.0,0.0,0.0,0.0,0.0,0.0,0.8559653680281587,0.8336953193888663,-0.022270048639292384,0.8559653680281587,0.8459820274731392,-0.009983340555019482,0.8559653680281587,0.8658538175195991,0.00988844949144041,0.8559653680281587,0.8665555385052774,0.010590170477118743,0.8559653680281587,0.8453720277435421,-0.01059334028461656,0.8559653680281587,0.8552244760275478,-0.0007408920006108932
5.0,1.0,4.0,1.0,4.0,3.0,2.0,2.0,10.0,10.0,5.0,10.0,0.0,0.0,0.0,0.0,0.0,0.0,1.0,0.0,0.0,0.0,0.0,0.0,1.0,0.0,0.0,0.0,0.0,0.0,0.0,1.0,0.0,0.0,0.0,0.0,0.0,0.0,0.0,0.0,0.7002244044109687,0.6633451037125072,-0.03687930069846146,0.7002244044109687,0.6834385456021337,-0.016785858808834986,,,,,,,,,,,,
6.0,1.0,2.0,1.0,2.0,3.0,2.0,3.0,5.0,6.0,3.0,6.0,1.0,0.0,0.0,0.0,0.0,0.0,0.0,0.0,0.0,0.0,0.0,0.0,0.0,0.0,0.0,0.0,0.0,0.0,0.0,0.0,0.0,0.0,0.0,0.0,0.0,0.0,0.0,0.0,0.6962315668265899,0.6591001981030418,-0.037131368723548164,0.6962315668265899,0.6793245200623501,-0.01690704676423982,0.6962315668265899,0.7134146608822172,0.017183094055627235,0.6962315668265899,0.7146510003105195,0.018419433483929604,0.6962315668265899,0.6783054561303893,-0.017926110696200648,0.6962315668265899,0.6949618366120734,-0.0012697302145164846
7.0,1.0,6.0,1.0,1.0,4.0,2.0,4.0,9.0,8.0,4.0,8.0,0.0,0.0,0.0,0.0,0.0,0.0,1.0,0.0,0.0,0.0,0.0,0.0,0.0,1.0,0.0,0.0,0.0,0.0,0.0,0.0,0.0,0.0,1.0,0.0,0.0,0.0,0.0,0.0,0.8491250648005029,0.8260123731968758,-0.023112691603627056,0.8491250648005029,0.8387569204457412,-0.010368144354761633,0.8491250648005029,0.8594059892758615,0.010280924475358666,0.8491250648005029,0.8601359906619896,0.011010925861486776,0.8491250648005029,0.838123780646266,-0.011001284154236846,0.8491250648005029,0.8483552208696947,-0.0007698439308081451
5.0,1.0,5.0,1.0,2.0,5.0,2.0,3.0,1.0,8.0,4.0,10.0,1.0,0.0,0.0,0.0,0.0,0.0,1.0,0.0,0.0,0.0,0.0,0.0,1.0,0.0,0.0,0.0,0.0,0.0,0.0,0.0,0.0,0.0,0.0,0.0,0.0,0.0,0.0,0.0,0.7392893055946742,0.7051925215121744,-0.03409678408249983,0.7392893055946742,0.7238281434892109,-0.015461162105463333,0.7392893055946742,0.754894229241079,0.015604923646404756,0.7392893055946742,0.7560128231304732,0.016723517535799037,0.7392893055946742,0.7228928160070685,-0.016396489587605756,,,
4.0,1.0,8.0,1.0,2.0,5.0,3.0,3.0,5.0,5.0,2.0,5.0,1.0,0.0,0.0,0.0,0.0,0.0,1.0,0.0,0.0,0.0,0.0,0.0,0.0,0.0,0.0,0.0,0.0,0.0,0.0,0.0,0.0,0.0,0.0,0.0,0.0,0.0,0.0,0.0,0.8038852829915772,0.7756731564715246,-0.02821212652005267,0.8038852829915772,0.7911728296454683,-0.012712453346108932,0.8038852829915772,0.8165830466976542,0.012697763706077003,0.8038852829915772,0.8174881761554659,0.01360289316388863,0.8038852829915772,0.790399536701028,-0.013485746290549216,0.8038852829915772,0.8029381735888684,-0.0009471094027088123
6.0,1.0,8.0,2.0,3.0,5.0,2.0,4.0,4.0,4.0,2.0,8.0,0.0,0.0,0.0,0.0,0.0,0.0,1.0,0.0,0.0,0.0,0.0,0.0,0.0,0.0,0.0,0.0,0.0,0.0,0.0,1.0,0.0,0.0,0.0,0.0,0.0,0.0,0.0,0.0,0.7446449316540789,0.7109747444455916,-0.033670187208487246,0.7446449316540789,0.7293851189599924,-0.015259812694086494,0.7446449316540789,0.760033344338031,0.01538841268395219,0.7446449316540789,0.7611359059134509,0.01649097425937207,0.7446449316540789,0.728461551387446,-0.016183380266632907,0.7446449316540789,0.7435030132510672,-0.0011419184030116991
3.0,1.0,4.0,1.0,2.0,3.0,3.0,3.0,5.0,6.0,3.0,6.0,0.0,0.0,0.0,0.0,0.0,0.0,1.0,0.0,0.0,0.0,0.0,0.0,0.0,0.0,0.0,0.0,0.0,0.0,0.0,0.0,0.0,0.0,0.0,0.0,0.0,0.0,0.0,0.0,0.8034907951585462,0.7752377862710154,-0.028253008887530795,0.8034907951585462,0.7907594263797187,-0.012731368778827412,0.8034907951585462,0.8162082610227478,0.012717465864201638,0.8034907951585462,0.8171148257587872,0.013624030600241088,0.8034907951585462,0.789985008950237,-0.013505786208309112,0.8034907951585462,0.8025422485849616,-0.0009485465735845633
5.0,1.0,9.0,1.0,1.0,4.0,1.0,4.0,8.0,7.0,5.0,7.0,1.0,0.0,0.0,0.0,0.0,0.0,1.0,0.0,0.0,0.0,0.0,0.0,1.0,0.0,0.0,0.0,0.0,0.0,0.0,0.0,0.0,0.0,0.0,0.0,0.0,0.0,0.0,0.0,0.8466245432718644,0.8232085483306202,-0.023415994941244245,0.8466245432718644,0.8361177273728299,-0.010506815899034572,0.8466245432718644,0.857047172575823,0.010422629303958542,0.8466245432718644,0.8577873948576644,0.011162851585799993,,,,0.8466245432718644,0.845844256704464,-0.0007802865674004789
5.0,1.0,5.0,1.0,2.0,4.0,2.0,4.0,8.0,6.0,3.0,10.0,0.0,0.0,0.0,0.0,0.0,0.0,1.0,0.0,0.0,0.0,0.0,0.0,1.0,0.0,0.0,0.0,0.0,0.0,0.0,0.0,0.0,0.0,0.0,1.0,0.0,0.0,0.0,0.0,0.7768323889190537,0.7459584065284831,-0.030873982390570598,0.7768323889190537,0.7628835759298106,-0.013948812989243109,0.7768323889190537,0.7908259672095042,0.013993578290450448,0.7768323889190537,0.7918257995073693,0.014993410588315603,0.7768323889190537,0.7620370347636191,-0.014795354155434648,,,
3.0,1.0,10.0,1.0,2.0,2.0,2.0,4.0,8.0,7.0,4.0,7.0,0.0,0.0,0.0,0.0,1.0,0.0,0.0,0.0,0.0,0.0,0.0,0.0,0.0,0.0,0.0,0.0,0.0,0.0,0.0,0.0,0.0,0.0,0.0,0.0,0.0,0.0,0.0,0.0,0.8488523868345682,0.8257064975918246,-0.023145889242743634,0.8488523868345682,0.8384690686752393,-0.010383318159328914,0.8488523868345682,0.8591488099888013,0.01029642315423307,0.8488523868345682,0.8598799289997408,0.011027542165172544,0.8488523868345682,0.8378350171207986,-0.011017369713769654,0.8488523868345682,0.8480814004848469,-0.000770986349721281
5.0,2.0,10.0,2.0,1.0,5.0,2.0,3.0,6.0,6.0,3.0,7.0,0.0,0.0,0.0,0.0,0.0,0.0,1.0,0.0,0.0,0.0,0.0,0.0,0.0,0.0,0.0,0.0,1.0,0.0,0.0,0.0,0.0,0.0,0.0,0.0,0.0,0.0,0.0,0.0,0.8584482652069617,0.8364887781992502,-0.021959487007711553,0.8584482652069617,0.8486065812634666,-0.00984168394349516,0.8584482652069617,0.8681925041362442,0.009744238929282445,0.8584482652069617,0.8688838439614935,0.010435578754531827,0.8584482652069617,0.8480051086858222,-0.010443156521139474,0.8584482652069617,0.8577180218945069,-0.0007302433124548591
4.0,1.0,5.0,1.0,2.0,4.0,2.0,2.0,9.0,9.0,5.0,10.0,0.0,1.0,0.0,0.0,0.0,0.0,1.0,0.0,0.0,0.0,0.0,0.0,1.0,0.0,0.0,0.0,0.0,0.0,0.0,1.0,0.0,0.0,0.0,0.0,0.0,0.0,0.0,0.0,0.699796487011086,0.6628898869537218,-0.036906600057364236,0.699796487011086,0.6829975146504584,-0.01679897236062755,0.699796487011086,0.7168599342669602,0.017063447255874165,0.699796487011086,0.7180872839338263,0.01829079692274027,,,,,,
4.0,1.0,3.0,1.0,2.0,3.0,2.0,4.0,6.0,7.0,3.0,7.0,1.0,0.0,0.0,0.0,0.0,0.0,0.0,0.0,0.0,0.0,0.0,0.0,0.0,0.0,0.0,0.0,0.0,0.0,0.0,0.0,0.0,0.0,0.0,0.0,0.0,0.0,0.0,0.0,0.7616352580907277,0.7293912201983259,-0.03224403789240182,0.7616352580907277,0.7470458689889141,-0.014589389101813621,0.7616352580907277,0.7763073628056915,0.014672104714963718,0.7616352580907277,0.777357055025648,0.015721796934920262,0.7616352580907277,0.7461615986912511,-0.015473659399476647,0.7616352580907277,0.7605448860074832,-0.001090372083244584
4.0,1.0,6.0,1.0,2.0,4.0,2.0,4.0,7.0,9.0,4.0,9.0,0.0,0.0,0.0,0.0,0.0,0.0,0.0,0.0,0.0,0.0,0.0,0.0,1.0,0.0,0.0,0.0,0.0,0.0,0.0,0.0,0.0,0.0,0.0,0.0,0.0,0.0,0.0,0.0,0.8572924733349607,0.8351881076869465,-0.022104365648014213,0.8572924733349607,0.8473847167492378,-0.00990775658572296,0.8572924733349607,0.8671039583351456,0.009811485000184916,0.8572924733349607,0.867800138274656,0.010507664939695238,0.8572924733349607,0.846779266294689,-0.0105132070402717,0.8572924733349607,0.8565572637871096,-0.0007352095478511123
6.0,1.0,3.0,2.0,1.0,5.0,2.0,4.0,3.0,3.0,2.0,8.0,0.0,0.0,0.0,0.0,0.0,0.0,1.0,0.0,0.0,0.0,1.0,0.0,0.0,0.0,0.0,0.0,0.0,0.0,0.0,0.0,0.0,0.0,0.0,0.0,0.0,0.0,0.0,0.0,0.8375681677018892,0.8130747990650358,-0.024493368636853474,0.8375681677018892,0.8265680438138191,-0.011000123888070146,0.8375681677018892,0.8484960922075162,0.010927924505626962,0.8375681677018892,0.8492728056062764,0.011704637904387138,0.8375681677018892,0.8258969776117056,-0.011671190090183692,0.8375681677018892,0.8367506915721061,-0.0008174761297831123
3.0,1.0,7.0,2.0,1.0,5.0,1.0,5.0,5.0,6.0,2.0,4.0,0.0,0.0,1.0,0.0,0.0,0.0,1.0,0.0,1.0,0.0,0.0,0.0,0.0,0.0,0.0,0.0,0.0,0.0,0.0,0.0,0.0,0.0,0.0,0.0,0.0,0.0,0.0,0.0,0.835067299576872,0.8102822401344111,-0.0247850594424609,,,,0.835067299576872,0.8461325660348139,0.011065266457941925,0.835067299576872,0.8469192104059677,0.011851910829095758,0.835067299576872,0.8232543345538629,-0.011812965023009103,0.835067299576872,0.8342397281368786,-0.0008275714399933465
7.0,2.0,6.0,1.0,1.0,3.0,2.0,3.0,9.0,9.0,4.0,10.0,0.0,1.0,0.0,0.0,0.0,0.0,1.0,0.0,0.0,0.0,0.0,0.0,0.0,1.0,0.0,0.0,0.0,0.0,0.0,0.0,0.0,0.0,1.0,0.0,0.0,0.0,0.0,0.0,0.6283435870544458,0.5878265478084934,-0.0405170392459524,0.6283435870544458,0.6097758211177359,-0.018567765936709946,0.6283435870544458,0.6474221600313863,0.01907857297694049,0.6283435870544458,0.6488030454281034,0.02045945837365759,0.6283435870544458,0.6086630611628477,-0.019680525891598077,,,
6.0,2.0,7.0,3.0,1.0,4.0,3.0,3.0,7.0,7.0,3.0,8.0,0.0,0.0,0.0,0.0,0.0,0.0,1.0,0.0,1.0,0.0,0.0,0.0,0.0,0.0,0.0,0.0,0.0,0.0,0.0,1.0,0.0,0.0,0.0,0.0,0.0,0.0,0.0,0.0,0.8351002903336437,0.8103190624348497,-0.024781227898794,0.8351002903336437,0.8239681635233991,-0.011132126810244669,0.8351002903336437,0.8461637511965906,0.01106346086294685,0.8351002903336437,0.8469502649727716,0.011849974639127847,0.8351002903336437,0.8232891881871531,-0.011811102146490615,0.8351002903336437,0.8342728515769927,-0.0008274387566510333
5.0,2.0,6.0,2.0,1.0,5.0,3.0,3.0,9.0,8.0,4.0,8.0,0.0,0.0,0.0,0.0,0.0,0.0,1.0,0.0,0.0,0.0,0.0,0.0,0.0,0.0,0.0,0.0,0.0,0.0,0.0,0.0,0.0,0.0,0.0,1.0,0.0,0.0,0.0,0.0,0.8306890920870126,0.8053994240681956,-0.025289668018816935,0.8306890920870126,0.8193236004811233,-0.011365491605889289,0.8306890920870126,0.8419925120649657,0.011303419977953144,0.8306890920870126,0.8427963899468566,0.01210729785984399,0.8306890920870126,0.8186306538348054,-0.012058438252207204,0.8306890920870126,0.8298440287335952,-0.0008450633534173857
3.0,1.0,6.0,1.0,1.0,4.0,1.0,4.0,8.0,9.0,4.0,10.0,0.0,0.0,0.0,0.0,0.0,0.0,1.0,0.0,0.0,0.0,0.0,1.0,0.0,0.0,0.0,0.0,0.0,0.0,0.0,0.0,0.0,0.0,0.0,0.0,0.0,0.0,0.0,0.0,0.92476005311463,0.9120336343386781,-0.012726418775951931,0.92476005311463,0.9190943164801213,-0.005665736634508756,0.92476005311463,0.9303100519247689,0.005549998810138845,0.92476005311463,0.9307015866985618,0.005941533583931791,0.92476005311463,0.9187460714772187,-0.006013981637411403,,,
3.0,3.0,4.0,3.0,1.0,4.0,2.0,3.0,5.0,5.0,2.0,7.0,0.0,0.0,0.0,0.0,0.0,0.0,1.0,0.0,0.0,0.0,0.0,0.0,0.0,0.0,0.0,0.0,0.0,1.0,0.0,1.0,0.0,0.0,0.0,0.0,0.0,0.0,0.0,0.0,0.8287905829360197,0.8032844918542339,-0.02550609108178581,0.8287905829360197,0.8173256739358499,-0.011464909000169832,0.8287905829360197,0.8401963669713536,0.011405784035333877,0.8287905829360197,0.8410076573823118,0.012217074446292053,0.8287905829360197,0.8166267796361141,-0.012163803299905629,0.8287905829360197,0.8279380065008834,-0.0008525764351362541
4.0,1.0,5.0,1.0,2.0,3.0,2.0,4.0,7.0,6.0,3.0,6.0,0.0,0.0,0.0,0.0,0.0,0.0,0.0,0.0,1.0,0.0,0.0,0.0,0.0,0.0,0.0,0.0,0.0,0.0,0.0,0.0,0.0,0.0,0.0,0.0,0.0,0.0,0.0,0.0,0.866687256172884,0.8457762924010871,-0.02091096377179691,0.866687256172884,0.8573231988202541,-0.009364057352629906,0.866687256172884,0.8759462936657044,0.009259037492820421,0.866687256172884,0.8766027446662039,0.009915488493319913,0.866687256172884,0.8567505107942404,-0.009936745378643641,0.866687256172884,0.8659928815409511,-0.0006943746319328925
2.0,3.0,2.0,3.0,1.0,3.0,1.0,4.0,8.0,8.0,2.0,8.0,0.0,1.0,0.0,0.0,0.0,0.0,0.0,0.0,0.0,0.0,0.0,0.0,1.0,0.0,0.0,0.0,0.0,0.0,0.0,0.0,0.0,0.0,0.0,0.0,0.0,0.0,1.0,0.0,0.8665736872915966,0.8456480820792182,-0.020925605212378406,0.8665736872915966,0.8572029670581308,-0.009370720233465746,0.8665736872915966,0.8758394825513599,0.009265795259763343,0.8665736872915966,0.8764964190694594,0.009922731777862848,0.8665736872915966,0.8566298771404103,-0.009943810151186283,0.8665736872915966,0.8658788126643715,-0.0006948746272250617
5.0,1.0,3.0,2.0,1.0,5.0,4.0,1.0,5.0,3.0,3.0,6.0,0.0,0.0,0.0,1.0,0.0,0.0,0.0,0.0,0.0,0.0,0.0,0.0,1.0,0.0,0.0,0.0,0.0,0.0,0.0,0.0,0.0,0.0,0.0,0.0,0.0,0.0,0.0,0.0,0.6430726601014966,0.6031471933857459,-0.0399254667157507,0.6430726601014966,0.6248013537544435,-0.018271306347053096,0.6430726601014966,0.6618020938918553,0.01872943379035874,0.6430726601014966,0.6631559619346685,0.020083301833171974,0.6430726601014966,0.6237049996293117,-0.019367660472184856,0.6430726601014966,0.6416950815172809,-0.0013775785842156107
3.0,1.0,6.0,2.0,1.0,5.0,2.0,4.0,7.0,9.0,3.0,8.0,0.0,0.0,0.0,0.0,0.0,0.0,0.0,0.0,0.0,0.0,0.0,1.0,0.0,0.0,0.0,0.0,0.0,0.0,0.0,0.0,0.0,0.0,0.0,0.0,0.0,0.0,0.0,0.0,0.9256280183808281,0.9130346047990223,-0.012593413581805768,0.9256280183808281,0.9200219888302279,-0.005606029550600189,0.9256280183808281,0.9311187615130389,0.0054907431322107625,0.9256280183808281,0.931506087279326,0.005878068898497957,0.9256280183808281,0.9196773878759643,-0.005950630504863774,0.9256280183808281,0.9252141526401456,-0.00041386574068247306
6.0,3.0,4.0,2.0,3.0,3.0,3.0,3.0,7.0,5.0,3.0,8.0,0.0,0.0,0.0,0.0,0.0,0.0,1.0,0.0,0.0,0.0,1.0,0.0,0.0,0.0,0.0,0.0,0.0,0.0,0.0,0.0,0.0,0.0,0.0,0.0,1.0,0.0,0.0,0.0,0.28775989307514593,0.25418441403074904,-0.033575479044396894,0.28775989307514593,0.2718936773015125,-0.015866215773633452,0.28775989307514593,0.3049833049855824,0.01722341191043647,0.28775989307514593,0.3062682571740987,0.01850836409895279,0.28775989307514593,0.27096935093750235,-0.016790542137643583,0.28775989307514593,0.28653243104440035,-0.0012274620307455852
6.0,2.0,5.0,2.0,2.0,4.0,2.0,4.0,7.0,7.0,3.0,6.0,0.0,0.0,0.0,0.0,0.0,0.0,0.0,0.0,0.0,0.0,0.0,0.0,0.0,0.0,0.0,0.0,0.0,0.0,0.0,0.0,0.0,0.0,1.0,0.0,0.0,0.0,0.0,0.0,0.7887653533089986,0.7590301406037947,-0.02973521270520385,0.7887653533089986,0.7753467004490376,-0.013418652859960911,0.7887653533089986,0.8022012036646368,0.013435850355638213,0.7887653533089986,0.8031601969499125,0.014394843640913924,0.7887653533089986,0.7745315040438631,-0.01423384926513549,0.7887653533089986,0.7877645023341043,-0.0010008509748942185
6.0,1.0,7.0,1.0,2.0,4.0,2.0,3.0,6.0,7.0,3.0,6.0,0.0,0.0,0.0,0.0,0.0,0.0,1.0,0.0,0.0,0.0,0.0,0.0,0.0,0.0,0.0,0.0,0.0,0.0,0.0,1.0,0.0,0.0,0.0,0.0,0.0,0.0,0.0,0.0,0.8319328920691395,0.8067857957442137,-0.025147096324925733,0.8319328920691395,0.8206328657455769,-0.011300026323562529,0.8319328920691395,0.8431689515348957,0.011236059465756232,0.8319328920691395,0.8439679533139661,0.012035061244826672,0.8319328920691395,0.8199438369973394,-0.011989055071800037,0.8319328920691395,0.8310927744551527,-0.0008401176139867239
5.0,1.0,4.0,1.0,2.0,3.0,3.0,4.0,7.0,7.0,4.0,7.0,0.0,0.0,0.0,0.0,0.0,0.0,0.0,0.0,0.0,0.0,0.0,0.0,0.0,0.0,0.0,0.0,0.0,0.0,0.0,0.0,0.0,0.0,0.0,0.0,0.0,0.0,0.0,0.0,0.7702771982566943,0.7388012654124368,-0.031475932844257426,0.7702771982566943,0.7560473289954297,-0.014229869261264572,0.7702771982566943,0.7845678256158017,0.014290627359107466,0.7702771982566943,0.785589461074215,0.015312262817520739,0.7702771982566943,0.7551842136316065,-0.01509298462508779,0.7702771982566943,0.7692143791451903,-0.0010628191115039654
5.0,1.0,9.0,1.0,2.0,4.0,2.0,4.0,4.0,3.0,2.0,6.0,0.0,0.0,0.0,1.0,0.0,0.0,0.0,0.0,0.0,0.0,0.0,1.0,0.0,0.0,0.0,0.0,0.0,0.0,0.0,0.0,0.0,0.0,0.0,0.0,0.0,0.0,0.0,0.0,0.6708577121387319,0.6322629564282155,-0.038594755710516404,0.6708577121387319,0.6532417866884886,-0.017615925450243264,0.6708577121387319,0.6888346350213135,0.01797692288258157,0.6708577121387319,0.690130955862316,0.019273243723584077,0.6708577121387319,0.6521822741166878,-0.018675438022044077,0.6708577121387319,0.6695322630532691,-0.0013254490854628376
3.0,1.0,4.0,1.0,2.0,4.0,2.0,4.0,8.0,7.0,2.0,8.0,0.0,0.0,0.0,0.0,0.0,0.0,0.0,0.0,1.0,0.0,0.0,0.0,0.0,0.0,0.0,0.0,0.0,0.0,0.0,0.0,0.0,0.0,0.0,0.0,0.0,0.0,0.0,0.0,0.9079858230636206,0.8927511879265051,-0.015234635137115538,0.9079858230636206,0.9011919120643991,-0.006793910999221553,0.9079858230636206,0.9146589692581,0.00667314619447934,0.9079858230636206,0.9151304138056896,0.007144590742068968,0.9079858230636206,0.9007749282940728,-0.007210894769547838,0.9079858230636206,0.9074835945275977,-0.0005022285360228862
3.0,1.0,2.0,1.0,4.0,5.0,3.0,1.0,9.0,8.0,3.0,9.0,0.0,1.0,0.0,0.0,0.0,0.0,1.0,0.0,0.0,0.0,0.0,1.0,0.0,0.0,0.0,0.0,0.0,0.0,0.0,0.0,0.0,0.0,0.0,0.0,0.0,0.0,0.0,0.0,0.5818201373008024,0.5399447073424064,-0.04187542995839599,0.5818201373008024,0.5625462561537896,-0.019273881147012784,0.5818201373008024,0.6017733467002703,0.019953209399467875,0.5818201373008024,0.6032234478032376,0.021403310502435158,0.5818201373008024,0.5613956900410642,-0.020424447259738243,0.5818201373008024,0.5803604199883667,-0.00145971731243566
4.0,1.0,3.0,1.0,1.0,5.0,2.0,4.0,8.0,7.0,2.0,8.0,0.0,0.0,0.0,0.0,0.0,0.0,1.0,0.0,0.0,0.0,0.0,0.0,1.0,0.0,0.0,0.0,0.0,0.0,0.0,0.0,0.0,0.0,0.0,0.0,0.0,0.0,0.0,0.0,0.8950702975096552,0.8779846192295592,-0.017085678280095995,0.8950702975096552,0.8874409790612442,-0.007629318448410971,0.8950702975096552,0.9025796183456112,0.007509320835956013,0.8950702975096552,0.9031107235657938,0.008040426056138639,0.8950702975096552,0.8869732426357243,-0.008097054873930865,0.8950702975096552,0.8945057643691845,-0.0005645331404706688
3.0,1.0,6.0,1.0,5.0,5.0,2.0,3.0,8.0,8.0,4.0,7.0,0.0,0.0,0.0,0.0,0.0,0.0,1.0,0.0,0.0,0.0,0.0,0.0,0.0,0.0,0.0,0.0,0.0,0.0,0.0,0.0,0.0,0.0,0.0,0.0,0.0,0.0,0.0,0.0,0.7427192930992298,0.7088944588564611,-0.03382483424276872,0.7427192930992298,0.727386534451612,-0.015332758647617739,0.7427192930992298,0.7581860662329223,0.01546677313369249,0.7427192930992298,0.7592944273428713,0.016575134243641543,0.7427192930992298,0.7264587040423891,-0.01626058905684069,0.7427192930992298,0.7415717519823759,-0.0011475411168538896
2.0,3.0,6.0,2.0,1.0,3.0,2.0,3.0,3.0,6.0,4.0,8.0,0.0,0.0,0.0,0.0,0.0,0.0,1.0,0.0,0.0,0.0,0.0,0.0,0.0,0.0,0.0,0.0,1.0,0.0,0.0,0.0,0.0,0.0,0.0,0.0,0.0,0.0,0.0,1.0,0.7901513810241798,0.7605520476318692,-0.02959933339231058,0.7901513810241798,0.7767958598623594,-0.013355521161820372,0.7901513810241798,0.8035210317068857,0.013369650682705903,0.7901513810241798,0.8044751856864609,0.014323804662281114,0.7901513810241798,0.7759844026870795,-0.014166978337100344,0.7901513810241798,0.7891553417277596,-0.0009960392964202258
3.0,1.0,10.0,1.0,1.0,5.0,1.0,4.0,9.0,9.0,5.0,8.0,0.0,0.0,0.0,0.0,0.0,0.0,1.0,0.0,1.0,0.0,0.0,0.0,0.0,0.0,0.0,0.0,0.0,0.0,0.0,0.0,0.0,0.0,0.0,0.0,0.0,0.0,0.0,0.0,0.9555071846213321,0.9476872736059969,-0.00781991101533519,0.9555071846213321,0.9520366898426333,-0.0034704947786987628,0.9555071846213321,0.958889977151537,0.0033827925302049033,0.9555071846213321,0.9591279974694562,0.0036208128481240998,,,,0.9555071846213321,0.9552515524572919,-0.0002556321640402315
4.0,1.0,10.0,1.0,3.0,2.0,3.0,4.0,8.0,8.0,4.0,8.0,0.0,1.0,0.0,0.0,0.0,0.0,0.0,0.0,0.0,0.0,0.0,0.0,1.0,0.0,0.0,0.0,0.0,0.0,0.0,0.0,0.0,0.0,0.0,0.0,0.0,0.0,0.0,0.0,0.5182442518137489,0.4757390051901713,-0.042505246623577575,0.5182442518137489,0.4985655260858757,-0.019678725727873214,0.5182442518137489,0.5388264870569089,0.020582235243160052,0.5182442518137489,0.5403307153611001,0.02208646354735122,0.5182442518137489,0.4973970287080178,-0.020847223105731116,0.5182442518137489,0.5167469385407737,-0.0014973132729751981
4.0,1.0,4.0,1.0,2.0,3.0,2.0,4.0,7.0,7.0,2.0,4.0,1.0,0.0,0.0,0.0,0.0,0.0,1.0,0.0,0.0,0.0,0.0,0.0,1.0,0.0,0.0,0.0,0.0,0.0,0.0,1.0,0.0,0.0,0.0,0.0,0.0,0.0,0.0,0.0,0.7572379047804318,0.7246141055291236,-0.032623799251308205,0.7572379047804318,0.742470375877825,-0.014767528902606797,0.7572379047804318,0.7720996889803236,0.014861784199891703,0.7572379047804318,0.7731633565667254,0.015925451786293565,0.7572379047804318,0.7415756437784978,-0.01566226100193402,0.7572379047804318,0.7561338581432094,-0.0011040466372224111
5.0,1.0,5.0,3.0,3.0,5.0,4.0,1.0,0.0,0.0,1.0,0.0,0.0,0.0,1.0,0.0,0.0,0.0,1.0,0.0,0.0,0.0,0.0,0.0,0.0,0.0,0.0,0.0,0.0,0.0,0.0,0.0,0.0,1.0,0.0,0.0,0.0,0.0,0.0,0.0,0.30228510656191365,0.26765172375035323,-0.03463338281156042,0.30228510656191365,0.2859395381704254,-0.016345568391488263,0.30228510656191365,0.3199873150822547,0.017702208520341045,0.30228510656191365,0.3213062578245369,0.01902115126262327,0.30228510656191365,0.2849861514248933,-0.017298955137020344,0.30228510656191365,0.3010218722804074,-0.0012632342815062647
7.0,1.0,4.0,2.0,2.0,5.0,2.0,3.0,6.0,6.0,4.0,6.0,0.0,1.0,0.0,0.0,0.0,0.0,0.0,0.0,0.0,0.0,1.0,0.0,0.0,0.0,0.0,0.0,0.0,0.0,0.0,0.0,0.0,0.0,0.0,0.0,0.0,0.0,0.0,0.0,0.6261868922780196,0.5855898021462498,-0.04059709013176982,0.6261868922780196,0.607578670760821,-0.018608221517198653,0.6261868922780196,0.6453136825391759,0.019126790261156268,0.6261868922780196,0.6466983194734478,0.0205114271954282,0.6261868922780196,0.6064636889702376,-0.01972320330778199,0.6261868922780196,0.6247821682582707,-0.001404724019748893
5.0,1.0,1.0,1.0,3.0,3.0,3.0,3.0,6.0,4.0,5.0,5.0,0.0,0.0,0.0,0.0,0.0,0.0,1.0,0.0,0.0,0.0,0.0,0.0,0.0,0.0,0.0,0.0,1.0,0.0,0.0,0.0,0.0,0.0,0.0,0.0,0.0,0.0,0.0,0.0,0.5503087800599821,0.5079465064489477,-0.042362273611034396,0.5503087800599821,0.5307538883671531,-0.01955489169282898,0.5503087800599821,0.5706560200539414,0.020347239993959376,0.5503087800599821,0.5721388678443502,0.021830087784368124,,,,0.5503087800599821,0.5488243639881573,-0.0014844160718248123
7.0,2.0,10.0,1.0,2.0,4.0,2.0,3.0,9.0,10.0,3.0,9.0,0.0,0.0,0.0,0.0,0.0,0.0,1.0,0.0,0.0,0.0,0.0,0.0,0.0,0.0,0.0,0.0,0.0,0.0,0.0,0.0,0.0,0.0,1.0,0.0,0.0,0.0,0.0,0.0,0.8431864464263601,0.8193575498998863,-0.023828896526473797,0.8431864464263601,0.8324907070249016,-0.010695739401458515,0.8431864464263601,0.8538023666699701,0.010615920243610022,,,,0.8431864464263601,0.8318378952583976,-0.011348551167962517,0.8431864464263601,0.8423919249361886,-0.0007945214901714515
6.0,2.0,9.0,1.0,1.0,3.0,2.0,4.0,9.0,8.0,4.0,7.0,0.0,0.0,0.0,0.0,0.0,0.0,0.0,0.0,0.0,0.0,0.0,0.0,0.0,1.0,0.0,0.0,0.0,0.0,0.0,0.0,0.0,0.0,0.0,0.0,0.0,0.0,0.0,0.0,0.8529486335529731,0.8303046206194251,-0.022644012933548008,0.8529486335529731,0.8427945991505552,-0.01015403440241791,0.8529486335529731,0.8630110460124457,0.010062412459472592,0.8529486335529731,0.863725297137957,0.010776663584983859,0.8529486335529731,0.8421743305036242,-0.010774303049348899,0.8529486335529731,0.8521949034619473,-0.0007537300910258615
4.0,1.0,4.0,1.0,1.0,5.0,2.0,2.0,7.0,7.0,4.0,9.0,0.0,0.0,0.0,0.0,0.0,0.0,1.0,0.0,0.0,0.0,0.0,1.0,0.0,0.0,0.0,0.0,0.0,0.0,0.0,0.0,0.0,0.0,0.0,0.0,0.0,0.0,0.0,0.0,0.9079305551193008,0.8926878508448959,-0.015242704274404884,0.9079305551193008,0.9011330077199882,-0.006797547399312598,0.9079305551193008,0.9146073325560822,0.0066767774367814114,0.9079305551193008,0.9150790358731292,0.007148480753828457,0.9079305551193008,0.9007158027517159,-0.007214752367584842,0.9079305551193008,0.9074280556770544,-0.0005024994422463402
4.0,1.0,4.0,1.0,4.0,1.0,4.0,2.0,2.0,5.0,2.0,2.0,1.0,0.0,0.0,0.0,0.0,0.0,1.0,0.0,0.0,0.0,0.0,0.0,1.0,0.0,0.0,0.0,0.0,0.0,0.0,0.0,0.0,0.0,0.0,0.0,0.0,0.0,0.0,0.0,0.3831807159838871,0.3438465871413809,-0.0393341288425062,0.3831807159838871,0.36474762212997686,-0.018433093853910232,0.3831807159838871,0.40288476523182676,0.01970404924793967,0.3831807159838871,0.4043422264061174,0.0211615104222303,0.3831807159838871,0.3636652950513584,-0.01951542093252867,0.3831807159838871,0.3817643965210157,-0.001416319462871407
5.0,2.0,5.0,3.0,2.0,4.0,3.0,3.0,6.0,6.0,4.0,7.0,0.0,1.0,0.0,0.0,0.0,0.0,1.0,0.0,0.0,0.0,0.0,0.0,1.0,0.0,0.0,0.0,0.0,0.0,0.0,0.0,0.0,0.0,0.0,0.0,0.0,0.0,0.0,0.0,0.43980906667210556,0.3984166804905059,-0.04139238618159968,0.43980906667210556,0.42050898369868506,-0.019300082973420507,0.43980906667210556,0.4602522583121394,0.02044319164003383,0.43980906667210556,0.4617567640352985,0.02194769736319291,0.43980906667210556,0.4193704264418032,-0.02043864023030234,0.43980906667210556,0.4383321796053737,-0.00147688706673188
3.0,1.0,3.0,1.0,2.0,4.0,2.0,4.0,7.0,7.0,4.0,8.0,0.0,0.0,0.0,0.0,0.0,0.0,0.0,0.0,0.0,0.0,0.0,1.0,0.0,0.0,0.0,0.0,0.0,0.0,0.0,0.0,0.0,0.0,0.0,0.0,0.0,0.0,0.0,0.0,0.8605309198801939,0.8388338660071677,-0.02169705387302623,0.8605309198801939,0.850808871712487,-0.009722048167706943,0.8605309198801939,0.8701534768845749,0.009622557004380972,0.8605309198801939,0.8708360614665444,0.01030514158635043,0.8605309198801939,0.8502146042860264,-0.010316315594167569,0.8605309198801939,0.8598096660765072,-0.0007212538036867056
2.0,5.0,1.0,4.0,1.0,4.0,2.0,3.0,8.0,6.0,3.0,7.0,0.0,1.0,0.0,0.0,0.0,0.0,1.0,0.0,0.0,0.0,0.0,0.0,0.0,0.0,0.0,0.0,1.0,0.0,0.0,0.0,0.0,0.0,0.0,0.0,0.0,1.0,0.0,0.0,0.5762533140461178,0.5342666603005756,-0.041986653745542224,0.5762533140461178,0.5569182512201273,-0.019335062825990512,0.5762533140461178,0.5962878348922627,0.020034520846144876,0.5762533140461178,0.5977445586793558,0.021491244633238038,0.5762533140461178,0.5557645719565466,-0.020488742089571188,0.5762533140461178,0.5747883662763065,-0.00146494776981132
3.0,1.0,4.0,1.0,2.0,3.0,2.0,3.0,5.0,5.0,3.0,6.0,0.0,0.0,0.0,1.0,0.0,0.0,1.0,0.0,0.0,0.0,0.0,0.0,0.0,0.0,0.0,0.0,0.0,0.0,0.0,0.0,0.0,0.0,0.0,0.0,0.0,0.0,0.0,0.0,0.6538236098719167,0.6143795959095752,-0.03944401396234143,0.6538236098719167,0.6357909573652887,-0.018032652506628,0.6538236098719167,0.6722763984500181,0.018452788578101398,0.6538236098719167,0.6736090154656665,0.01978540559374986,0.6538236098719167,0.6347079409902476,-0.019115668881669046,0.6538236098719167,0.6524651006571307,-0.0013585092147859745
4.0,1.0,10.0,1.0,2.0,3.0,2.0,4.0,7.0,8.0,2.0,8.0,0.0,0.0,0.0,0.0,0.0,0.0,0.0,0.0,0.0,0.0,0.0,1.0,0.0,0.0,0.0,0.0,0.0,0.0,0.0,0.0,0.0,0.0,0.0,0.0,0.0,0.0,0.0,0.0,0.8821661704490986,0.8633002187464558,-0.018865951702642825,0.8821661704490986,0.873730967365618,-0.008435203083480669,0.8821661704490986,0.8904859875378667,0.008319817088768056,0.8821661704490986,0.8910750667908564,0.008908896341757733,0.8821661704490986,0.8732143986410321,-0.0089517718080665,0.8821661704490986,0.8815413998815945,-0.000624770567504096
4.0,1.0,2.0,1.0,2.0,4.0,2.0,4.0,5.0,6.0,1.0,5.0,0.0,1.0,0.0,0.0,0.0,0.0,0.0,0.0,0.0,0.0,0.0,0.0,0.0,0.0,0.0,0.0,0.0,0.0,0.0,0.0,0.0,0.0,0.0,0.0,0.0,0.0,0.0,0.0,0.6725291497029731,0.6340234647131965,-0.03850568498977658,0.6725291497029731,0.6549566704503605,-0.017572479252612516,0.6725291497029731,0.6904569052192909,0.017927755516317867,0.6725291497029731,0.6917494920102144,0.019220342307241345,0.6725291497029731,0.6538996215254361,-0.018629528177536936,0.6725291497029731,0.6712071326196527,-0.0013220170833203593
5.0,1.0,4.0,1.0,2.0,3.0,1.0,3.0,8.0,7.0,3.0,7.0,0.0,0.0,0.0,0.0,0.0,0.0,1.0,0.0,0.0,0.0,0.0,0.0,0.0,0.0,0.0,0.0,0.0,0.0,0.0,0.0,0.0,0.0,0.0,0.0,0.0,0.0,0.0,0.0,0.8423457264343208,0.8184165888636915,-0.02392913757062931,0.8423457264343208,0.8316040964090108,-0.010741630025310034,0.8423457264343208,0.8530086396336843,0.010662913199363522,0.8423457264343208,0.8537662057013028,0.011420479266981975,0.8423457264343208,0.8309485310241098,-0.011397195410211003,0.8423457264343208,0.841547745774795,-0.0007979806595258543
3.0,2.0,2.0,1.0,2.0,5.0,4.0,4.0,9.0,9.0,5.0,10.0,0.0,0.0,0.0,0.0,0.0,0.0,1.0,0.0,0.0,0.0,0.0,0.0,1.0,0.0,0.0,0.0,0.0,0.0,0.0,0.0,0.0,0.0,0.0,0.0,0.0,0.0,0.0,0.0,0.7726944612831064,0.7414385575589741,-0.03125590372413223,0.7726944612831064,0.7585673940636846,-0.014127067219421807,0.7726944612831064,0.7868763211949698,0.014181859911863381,0.7726944612831064,0.7878899688490313,0.015195507565924915,,,,,,
5.0,1.0,6.0,1.0,2.0,5.0,1.0,4.0,8.0,6.0,2.0,7.0,0.0,1.0,0.0,0.0,0.0,0.0,0.0,0.0,0.0,0.0,0.0,0.0,0.0,0.0,0.0,0.0,1.0,0.0,0.0,0.0,0.0,0.0,0.0,0.0,0.0,0.0,0.0,0.0,0.7192978001911979,0.6837050552672322,-0.03559274492396569,0.7192978001911979,0.7031271491399035,-0.01617065105129445,0.7192978001911979,0.7356714853555512,0.016373685164353224,0.7192978001911979,0.7368472251350598,0.017549424943861913,0.7192978001911979,0.702150561782881,-0.01714723840831689,0.7192978001911979,0.7180854452213445,-0.0012123549698533909
3.0,1.0,5.0,1.0,2.0,4.0,3.0,3.0,5.0,5.0,2.0,5.0,0.0,0.0,1.0,0.0,0.0,0.0,1.0,0.0,0.0,0.0,0.0,0.0,0.0,0.0,0.0,0.0,0.0,0.0,0.0,0.0,0.0,0.0,0.0,0.0,0.0,0.0,0.0,0.0,0.6511399796656658,0.6115718464327358,-0.03956813323293007,0.6511399796656658,0.6330459921021765,-0.018093987563489344,0.6511399796656658,0.6696635438620813,0.018523564196415432,0.6511399796656658,0.6710015860178921,0.019861606352226224,0.6511399796656658,0.631959538271606,-0.019180441394059833,0.6511399796656658,0.6497765802212208,-0.0013633994444450792
6.0,1.0,2.0,1.0,5.0,5.0,3.0,3.0,8.0,9.0,4.0,10.0,0.0,0.0,0.0,0.0,0.0,0.0,0.0,1.0,0.0,0.0,0.0,0.0,0.0,0.0,0.0,0.0,0.0,0.0,0.0,0.0,0.0,0.0,0.0,0.0,0.0,0.0,0.0,0.0,0.692474685425011,0.6551115753296769,-0.03736311009533411,0.692474685425011,0.6754560096867293,-0.017018675738281752,0.692474685425011,0.7097817084206689,0.017307022995657895,0.692474685425011,0.7110273722259068,0.018552686800895835,0.692474685425011,0.6744305439147318,-0.01804414151027922,,,
5.0,1.0,6.0,1.0,2.0,5.0,1.0,4.0,3.0,3.0,2.0,10.0,0.0,0.0,0.0,0.0,0.0,1.0,1.0,0.0,0.0,0.0,0.0,0.0,1.0,0.0,0.0,0.0,0.0,0.0,0.0,1.0,0.0,0.0,0.0,0.0,0.0,0.0,0.0,0.0,0.7235102433509653,0.6882201115028659,-0.03529013184809937,0.7235102433509653,0.707483575714783,-0.016026667636182212,0.7235102433509653,0.7397271226846971,0.016216879333731837,0.7235102433509653,0.7408911765579453,0.017380933206980087,0.7235102433509653,0.7065153375053792,-0.01699490584558605,,,
3.0,1.0,3.0,1.0,1.0,4.0,2.0,4.0,8.0,7.0,4.0,7.0,0.0,0.0,0.0,0.0,0.0,0.0,0.0,0.0,0.0,0.0,0.0,1.0,0.0,0.0,0.0,0.0,0.0,0.0,0.0,0.0,0.0,0.0,0.0,0.0,0.0,0.0,0.0,0.0,0.9028978986532709,0.8869257708160586,-0.015972127837212247,0.9028978986532709,0.8957714417509729,-0.007126456902297962,0.9028978986532709,0.9099034226212543,0.007005523967983485,0.9028978986532709,0.9103985644333031,0.0075006657800322785,0.9028978986532709,0.8953342395994394,-0.007563659053831495,0.9028978986532709,0.9023708853723035,-0.0005270132809673811
6.0,1.0,4.0,1.0,2.0,4.0,3.0,3.0,7.0,7.0,5.0,7.0,0.0,0.0,0.0,0.0,0.0,0.0,0.0,0.0,0.0,0.0,0.0,0.0,0.0,0.0,0.0,0.0,0.0,0.0,0.0,0.0,0.0,0.0,0.0,0.0,0.0,0.0,0.0,0.0,0.7763768067772404,0.7454604488779039,-0.030916357899336555,0.7763768067772404,0.7624082273665423,-0.013968579410698068,0.7763768067772404,0.7903912439628801,0.014014437185639661,0.7763768067772404,0.7913926060703781,0.015015799293137677,,,,0.7763768067772404,0.775333976774361,-0.0010428300028794135
7.0,3.0,7.0,1.0,1.0,3.0,3.0,3.0,8.0,8.0,3.0,6.0,0.0,1.0,0.0,0.0,0.0,0.0,0.0,0.0,0.0,0.0,0.0,1.0,0.0,0.0,0.0,0.0,0.0,0.0,0.0,0.0,0.0,0.0,1.0,0.0,0.0,0.0,0.0,0.0,0.5971697969114649,0.5556575607443887,-0.04151223616707622,0.5971697969114649,0.57809035908676,-0.019079437824704892,0.5971697969114649,0.6168728898518608,0.01970309294039596,0.5971697969114649,0.6183028828122982,0.021133085900833293,0.5971697969114649,0.5769499309020393,-0.020219866009425602,0.5971697969114649,0.595726429981786,-0.0014433669296788354
6.0,1.0,9.0,2.0,3.0,4.0,2.0,4.0,8.0,8.0,4.0,9.0,0.0,0.0,0.0,0.0,0.0,0.0,0.0,0.0,1.0,0.0,0.0,0.0,0.0,0.0,0.0,0.0,0.0,0.0,0.0,1.0,0.0,0.0,0.0,0.0,0.0,0.0,0.0,0.0,0.8218304030500613,0.7955432081603483,-0.026287194889712984,0.8218304030500613,0.8100062567871009,-0.011824146262960356,0.8218304030500613,0.8336067754193087,0.011776372369247445,0.8218304030500613,0.8344449279519568,0.012614524901895519,0.8218304030500613,0.8092858933917464,-0.012544509658314884,0.8218304030500613,0.820950654605049,-0.0008797484450122628
3.0,1.0,4.0,3.0,1.0,5.0,1.0,1.0,10.0,10.0,4.0,10.0,1.0,0.0,0.0,0.0,0.0,0.0,1.0,0.0,0.0,0.0,0.0,1.0,0.0,0.0,0.0,0.0,0.0,0.0,0.0,0.0,0.0,0.0,0.0,0.0,0.0,0.0,0.0,0.0,0.9129305284909488,0.8984229930036906,-0.01450753548725825,0.9129305284909488,0.9064641020690032,-0.006466426421945615,,,,,,,0.9129305284909488,0.9060670485740397,-0.006863479916909054,,,
5.0,2.0,8.0,2.0,2.0,4.0,2.0,2.0,3.0,3.0,3.0,4.0,0.0,0.0,0.0,0.0,0.0,0.0,0.0,0.0,0.0,0.0,0.0,0.0,0.0,0.0,0.0,0.0,0.0,0.0,0.0,1.0,0.0,0.0,0.0,0.0,0.0,0.0,0.0,0.0,0.8075225505706225,0.7796902668505769,-0.027832283720045647,0.8075225505706225,0.794985741362821,-0.012536809207801536,0.8075225505706225,0.8200375340981683,0.012514983527545764,0.8075225505706225,0.8209293546267579,0.013406804056135369,0.8075225505706225,0.7942228954275548,-0.013299655143067746,0.8075225505706225,0.8065887806311233,-0.0009337699394992294
6.0,2.0,7.0,3.0,1.0,5.0,2.0,4.0,6.0,7.0,2.0,6.0,0.0,1.0,0.0,0.0,0.0,0.0,0.0,0.0,0.0,0.0,0.0,0.0,0.0,0.0,0.0,0.0,0.0,0.0,0.0,0.0,0.0,0.0,0.0,0.0,0.0,0.0,0.0,0.0,0.6837493746925245,0.6458683044666356,-0.037881070225888935,0.6837493746925245,0.6664803982904771,-0.017268976402047387,0.6837493746925245,0.7013356556835281,0.017586280991003567,0.6837493746925245,0.7026023818449071,0.018853007152382584,0.6837493746925245,0.6654406193008264,-0.018308755391698073,0.6837493746925245,0.6824512664910963,-0.001298108201428172
4.0,3.0,3.0,4.0,2.0,4.0,2.0,3.0,7.0,7.0,5.0,7.0,0.0,0.0,0.0,0.0,0.0,0.0,1.0,0.0,0.0,1.0,0.0,0.0,0.0,0.0,0.0,0.0,0.0,0.0,0.0,0.0,0.0,0.0,0.0,1.0,0.0,0.0,0.0,0.0,0.6025569132660513,0.5611918957248427,-0.04136501754120858,0.6025569132660513,0.5835546935356459,-0.01900221973040539,0.6025569132660513,0.6221632285877781,0.01960631532172674,0.6025569132660513,0.623585524595992,0.021028611329940716,,,,0.6025569132660513,0.6011199556794309,-0.0014369575866204354
6.0,1.0,8.0,1.0,1.0,4.0,1.0,4.0,10.0,10.0,5.0,10.0,0.0,0.0,0.0,0.0,0.0,0.0,1.0,0.0,0.0,0.0,0.0,0.0,0.0,1.0,0.0,0.0,0.0,0.0,0.0,0.0,0.0,0.0,0.0,0.0,0.0,0.0,0.0,0.0,0.896089074432634,0.8791468851304088,-0.01694218930222513,0.896089074432634,0.8885246046218409,-0.007564469810793062,,,,,,,,,,,,
7.0,1.0,7.0,1.0,2.0,4.0,3.0,3.0,8.0,8.0,5.0,9.0,0.0,0.0,0.0,0.0,0.0,0.0,1.0,0.0,0.0,0.0,0.0,1.0,0.0,0.0,0.0,0.0,0.0,0.0,0.0,0.0,0.0,0.0,1.0,0.0,0.0,0.0,0.0,0.0,0.775079157526545,0.7440425428157802,-0.0310366147107648,0.775079157526545,0.7610544677501353,-0.014024689776409693,0.775079157526545,0.789152832516828,0.014073674990283003,0.775079157526545,0.7901585401671838,0.015079382640638794,,,,0.775079157526545,0.7740320374293109,-0.0010471200972340666
5.0,1.0,2.0,2.0,3.0,3.0,2.0,2.0,7.0,7.0,4.0,7.0,1.0,0.0,0.0,0.0,0.0,0.0,1.0,0.0,0.0,0.0,0.0,0.0,0.0,1.0,0.0,0.0,0.0,0.0,0.0,0.0,0.0,0.0,0.0,0.0,0.0,0.0,0.0,1.0,0.5939186657180825,0.5523225589510106,-0.04159610676707193,0.5939186657180825,0.5747948854651863,-0.019123780252896183,0.5939186657180825,0.613677904540958,0.019759238822875558,0.5939186657180825,0.6151123821106707,0.021193716392588158,0.5939186657180825,0.5736521191013446,-0.02026654661673788,0.5939186657180825,0.5924715994460016,-0.0014470662720809102
3.0,1.0,7.0,1.0,1.0,3.0,2.0,2.0,8.0,8.0,3.0,8.0,0.0,0.0,0.0,0.0,0.0,0.0,1.0,0.0,0.0,0.0,0.0,1.0,0.0,0.0,0.0,0.0,0.0,0.0,0.0,0.0,0.0,0.0,0.0,0.0,0.0,0.0,0.0,0.0,0.9174082042745072,0.9035679332844496,-0.01384027099005758,0.9174082042745072,0.9112419922226395,-0.006166212051867737,0.9174082042745072,0.9234556173189085,0.006047413044401262,0.9174082042745072,0.9238825110873625,0.006474306812855324,0.9174082042745072,0.9108632261407468,-0.006544978133760426,0.9174082042745072,0.9169527007942042,-0.0004555034803029878
3.0,1.0,4.0,1.0,1.0,4.0,1.0,2.0,6.0,7.0,3.0,8.0,0.0,0.0,0.0,0.0,0.0,0.0,1.0,0.0,1.0,0.0,0.0,0.0,0.0,0.0,0.0,0.0,0.0,0.0,0.0,0.0,0.0,0.0,0.0,0.0,0.0,0.0,0.0,0.0,0.9399169912741456,0.9295590007871706,-0.010357990486975055,0.9399169912741456,0.9353127681941914,-0.004604223079954228,0.9399169912741456,0.9444161547754971,0.004499163501351489,0.9399169912741456,0.9447331461789847,0.0048161549048391095,0.9399169912741456,0.9350293979795942,-0.004887593294551462,0.9399169912741456,0.939577450359325,-0.0003395409148205797
3.0,2.0,5.0,2.0,2.0,4.0,2.0,4.0,3.0,4.0,5.0,6.0,0.0,0.0,0.0,0.0,0.0,0.0,1.0,0.0,0.0,0.0,0.0,0.0,0.0,0.0,0.0,0.0,1.0,0.0,0.0,0.0,0.0,0.0,0.0,0.0,1.0,0.0,0.0,0.0,0.4079102216512269,0.3675502241560273,-0.04035999749519964,0.4079102216512269,0.3890378184288181,-0.018872403222408796,0.4079102216512269,0.42800353785703293,0.02009331620580601,0.4079102216512269,0.42948650870225946,0.02157628705103254,,,,0.4079102216512269,0.4064627297252828,-0.0014474919259441221
6.0,1.0,4.0,1.0,2.0,2.0,2.0,4.0,8.0,9.0,3.0,9.0,0.0,0.0,0.0,0.0,0.0,0.0,1.0,0.0,0.0,0.0,0.0,1.0,0.0,0.0,0.0,0.0,0.0,0.0,0.0,0.0,0.0,0.0,1.0,0.0,0.0,0.0,0.0,0.0,0.7724976299820318,0.7412237250191144,-0.031273904962917376,0.7724976299820318,0.7583621552179768,-0.014135474764054967,0.7724976299820318,0.7866883802401848,0.014190750258153084,0.7724976299820318,0.7877026806038733,0.01520505062184152,0.7724976299820318,0.7575046029564649,-0.014993027025566819,0.7724976299820318,0.7714420355716947,-0.0010555944103370907
4.0,1.0,10.0,1.0,2.0,5.0,2.0,3.0,5.0,6.0,3.0,7.0,0.0,0.0,0.0,0.0,0.0,0.0,1.0,0.0,0.0,0.0,0.0,0.0,1.0,0.0,0.0,0.0,0.0,0.0,0.0,0.0,0.0,0.0,0.0,1.0,0.0,0.0,0.0,0.0,0.8536300459738609,0.8310701802161643,-0.02255986575769664,0.8536300459738609,0.8435144313470159,-0.01011561462684507,0.8536300459738609,0.8636532844093578,0.010023238435496906,0.8536300459738609,0.8643647132287346,0.010734667254873709,0.8536300459738609,0.84289647343638,-0.010733572537480973,0.8536300459738609,0.8528792061150762,-0.0007508398587847687
5.0,1.0,3.0,1.0,2.0,3.0,3.0,2.0,5.0,5.0,2.0,5.0,0.0,1.0,0.0,0.0,0.0,0.0,1.0,0.0,0.0,0.0,1.0,0.0,0.0,0.0,0.0,0.0,0.0,0.0,0.0,0.0,0.0,0.0,0.0,0.0,0.0,0.0,0.0,0.0,0.5942841225905494,0.5526972570571883,-0.041586865533361106,0.5942841225905494,0.5751652420676943,-0.019118880522855153,0.5942841225905494,0.6140371350082148,0.01975301241766536,0.5942841225905494,0.6154711145027566,0.021186991912207187,0.5942841225905494,0.574022733407471,-0.020261389183078404,0.5942841225905494,0.5928374658236695,-0.001446656766879939
2.0,3.0,4.0,4.0,2.0,4.0,1.0,4.0,4.0,5.0,2.0,7.0,0.0,0.0,0.0,0.0,0.0,0.0,1.0,0.0,0.0,0.0,0.0,0.0,0.0,0.0,0.0,0.0,1.0,0.0,0.0,0.0,0.0,0.0,0.0,0.0,0.0,1.0,0.0,0.0,0.8001651711328148,0.7715699561203989,-0.02859521501241591,0.8001651711328148,0.7872753859798353,-0.01288978515297956,0.8001651711328148,0.8130477838044962,0.012882612671681337,0.8001651711328148,0.8139663846308727,0.013801213498057852,0.8001651711328148,0.7864915554497166,-0.013673615683098217,0.8001651711328148,0.7992045834674736,-0.0009605876653412393
4.0,1.0,5.0,1.0,1.0,5.0,2.0,4.0,5.0,7.0,5.0,2.0,0.0,0.0,0.0,0.0,0.0,0.0,0.0,0.0,0.0,0.0,0.0,1.0,0.0,0.0,0.0,0.0,0.0,0.0,0.0,0.0,0.0,0.0,0.0,0.0,0.0,0.0,0.0,0.0,0.8962532701229742,0.8793342471778842,-0.016919022945089957,0.8962532701229742,0.8886992687142863,-0.007554001408687894,0.8962532701229742,0.903687040931795,0.007433770808820794,0.8962532701229742,0.9042127495501112,0.00795947942713704,,,,0.8962532701229742,0.8956943598234142,-0.0005589102995600115
3.0,4.0,3.0,1.0,2.0,3.0,2.0,3.0,2.0,2.0,4.0,8.0,0.0,1.0,0.0,0.0,0.0,0.0,0.0,0.0,0.0,0.0,0.0,1.0,0.0,0.0,0.0,0.0,0.0,0.0,0.0,0.0,0.0,0.0,0.0,0.0,0.0,0.0,0.0,0.0,0.4537460755746418,0.41200671955181906,-0.04173935602282275,0.4537460755746418,0.4343085588418913,-0.019437516732750515,0.4537460755746418,0.4742886069387034,0.02054253136406159,0.4537460755746418,0.4757985488727446,0.02205247329810278,0.4537460755746418,0.4331605667716758,-0.020585508802966,0.4537460755746418,0.4522601715123945,-0.0014859040622473008
3.0,1.0,2.0,2.0,2.0,2.0,2.0,4.0,0.0,0.0,3.0,0.0,0.0,0.0,1.0,0.0,0.0,0.0,0.0,0.0,0.0,0.0,0.0,0.0,0.0,0.0,0.0,0.0,0.0,0.0,0.0,0.0,1.0,0.0,0.0,0.0,0.0,0.0,0.0,0.0,0.620477014378094,0.5796760598313097,-0.04080095454678434,0.620477014378094,0.6017653222516719,-0.018711692126422097,0.620477014378094,0.6397278706641715,0.019250856286077478,0.620477014378094,0.6411221866835856,0.020645172305491566,0.620477014378094,0.6006446797832248,-0.019832334594869216,0.620477014378094,0.61906388667408,-0.0014131277040140278
5.0,1.0,4.0,1.0,1.0,4.0,2.0,3.0,9.0,9.0,4.0,9.0,0.0,0.0,0.0,0.0,0.0,0.0,1.0,0.0,0.0,0.0,0.0,0.0,1.0,0.0,0.0,0.0,0.0,0.0,0.0,0.0,0.0,0.0,0.0,0.0,0.0,0.0,0.0,0.0,0.876059393406688,0.8563748920339753,-0.019684501372712715,0.876059393406688,0.8672528159709586,-0.008806577435729435,0.876059393406688,0.8847540588808498,0.008694665474161756,0.876059393406688,0.8853700014015021,0.00931060799481409,0.876059393406688,0.8667137878913016,-0.009345605515386435,0.876059393406688,0.8754068169546225,-0.000652576452065512
6.0,1.0,9.0,1.0,3.0,3.0,3.0,4.0,8.0,8.0,4.0,8.0,0.0,0.0,0.0,0.0,0.0,0.0,0.0,0.0,0.0,0.0,0.0,0.0,0.0,1.0,0.0,0.0,0.0,0.0,0.0,0.0,0.0,0.0,1.0,0.0,0.0,0.0,0.0,0.0,0.7336274557144763,0.6990915851021785,-0.03453587061229779,0.7336274557144763,0.717958621124553,-0.015668834589923297,0.7336274557144763,0.7494564214953446,0.015828965780868343,0.7336274557144763,0.750591632883807,0.01696417716933074,0.7336274557144763,0.7170111867716527,-0.016616268942823642,0.7336274557144763,0.7324539704154381,-0.0011734852990381572
3.0,1.0,6.0,1.0,5.0,5.0,2.0,2.0,4.0,8.0,3.0,7.0,1.0,0.0,0.0,0.0,0.0,0.0,1.0,0.0,0.0,0.0,0.0,1.0,0.0,0.0,0.0,0.0,0.0,0.0,0.0,0.0,0.0,0.0,0.0,0.0,0.0,0.0,0.0,0.0,0.6634023597379051,0.6244228198659261,-0.038979539871978997,0.6634023597379051,0.6455982112538735,-0.017804148484031557,0.6634023597379051,0.681593210843551,0.01819085110564589,0.6634023597379051,0.6829058122723904,0.019503452534485377,0.6634023597379051,0.6445280527752066,-0.01887430696269843,0.6634023597379051,0.6620620116685125,-0.0013403480693925385
4.0,1.0,7.0,1.0,2.0,4.0,2.0,2.0,8.0,7.0,5.0,7.0,0.0,1.0,0.0,0.0,0.0,0.0,1.0,0.0,0.0,0.0,0.0,0.0,1.0,0.0,0.0,0.0,0.0,0.0,0.0,0.0,0.0,0.0,0.0,0.0,0.0,0.0,0.0,0.0,0.6816502293563833,0.6436487629752441,-0.038001466381139215,0.6816502293563833,0.6643229016991005,-0.017327327657282843,0.6816502293563833,0.6993019054309912,0.017651676074607936,0.6816502293563833,0.7005735746883535,0.018923345331970154,,,,0.6816502293563833,0.6803475329579457,-0.0013026963984376083
5.0,2.0,3.0,1.0,2.0,3.0,4.0,3.0,8.0,10.0,2.0,10.0,0.0,1.0,0.0,0.0,0.0,0.0,1.0,0.0,0.0,0.0,0.0,0.0,0.0,1.0,0.0,0.0,0.0,0.0,0.0,1.0,0.0,0.0,0.0,0.0,0.0,0.0,0.0,0.0,0.5135256683601287,0.47102903880011393,-0.042496629560014765,0.5135256683601287,0.49384244737109734,-0.019683220989031358,0.5135256683601287,0.5341282761966537,0.02060260783652501,,,,0.5135256683601287,0.49267414338456234,-0.02085152497556636,,,
5.0,2.0,3.0,3.0,4.0,5.0,3.0,4.0,3.0,0.0,1.0,2.0,1.0,0.0,0.0,0.0,0.0,0.0,0.0,1.0,1.0,0.0,0.0,0.0,0.0,0.0,0.0,0.0,0.0,0.0,0.0,0.0,0.0,1.0,0.0,0.0,0.0,0.0,0.0,0.0,0.49883355735022467,0.4564120621112056,-0.04242149523901906,0.49883355735022467,0.47915880481046624,-0.019674752539758422,0.49883355735022467,0.5194761524989117,0.020642595148686993,0.49883355735022467,0.520987387137722,0.022153829787497303,0.49883355735022467,0.47799243380282813,-0.020841123547396534,0.49883355735022467,0.497334430554234,-0.0014991267959906796
4.0,1.0,3.0,1.0,2.0,4.0,2.0,3.0,5.0,5.0,2.0,10.0,0.0,0.0,1.0,0.0,0.0,0.0,1.0,0.0,0.0,1.0,0.0,0.0,0.0,0.0,0.0,0.0,0.0,0.0,0.0,0.0,0.0,0.0,0.0,1.0,0.0,0.0,0.0,0.0,0.5349224642127812,0.4924475762498737,-0.04247488796290755,0.5349224642127812,0.5152878188768262,-0.019634645335955048,0.5349224642127812,0.5554034390245104,0.02048097481172917,0.5349224642127812,0.5568980616408267,0.021975597428045446,0.5349224642127812,0.5141203130300454,-0.020802151182735873,,,
5.0,3.0,7.0,3.0,4.0,4.0,2.0,2.0,3.0,2.0,2.0,3.0,0.0,1.0,0.0,0.0,0.0,0.0,1.0,0.0,0.0,0.0,0.0,0.0,0.0,0.0,0.0,0.0,1.0,0.0,0.0,0.0,0.0,1.0,0.0,0.0,0.0,0.0,0.0,0.0,0.20251292078491825,0.17642022755333653,-0.026092693231581726,0.20251292078491825,0.19009249595791938,-0.012420424826998872,0.20251292078491825,0.2161826928786933,0.01366977209377504,0.20251292078491825,0.21721043766830947,0.014697516883391215,0.20251292078491825,0.18937393108273196,-0.013138989702186299,0.20251292078491825,0.20154618876755093,-0.0009667320173673277
6.0,1.0,6.0,1.0,3.0,4.0,1.0,4.0,6.0,6.0,2.0,6.0,0.0,0.0,0.0,0.0,0.0,0.0,1.0,0.0,0.0,0.0,1.0,0.0,0.0,0.0,0.0,0.0,0.0,0.0,0.0,0.0,1.0,0.0,0.0,0.0,0.0,0.0,0.0,0.0,0.8967247812720858,0.8798723460391568,-0.01685243523292901,0.8967247812720858,0.8892008672654644,-0.007523914006621335,0.8967247812720858,0.9041283808459137,0.007403599573827968,0.8967247812720858,0.9046519346539337,0.007927153381847907,0.8967247812720858,0.8887395271457353,-0.007985254126350427,0.8967247812720858,0.8961681168450274,-0.0005566644270583732
6.0,1.0,9.0,1.0,2.0,2.0,2.0,4.0,8.0,8.0,4.0,8.0,0.0,0.0,0.0,0.0,0.0,0.0,0.0,0.0,0.0,0.0,0.0,1.0,0.0,0.0,0.0,0.0,0.0,0.0,0.0,0.0,0.0,0.0,0.0,0.0,0.0,0.0,0.0,0.0,0.8031628660363553,0.7748759193102659,-0.028286946726089446,0.8031628660363553,0.7904157932887323,-0.01274707274762299,0.8031628660363553,0.8158966917457681,0.012733825709412727,0.8031628660363553,0.8168044483792967,0.013641582342941327,0.8031628660363553,0.7896404423747242,-0.013522423661631144,0.8031628660363553,0.8022131262023734,-0.0009497398339819441
4.0,1.0,3.0,2.0,4.0,5.0,3.0,3.0,7.0,7.0,2.0,5.0,1.0,0.0,0.0,0.0,0.0,0.0,1.0,0.0,0.0,0.0,0.0,0.0,0.0,0.0,0.0,0.0,0.0,0.0,0.0,0.0,0.0,0.0,0.0,0.0,0.0,0.0,0.0,0.0,0.6219890478132858,0.5812409393115519,-0.04074810850173394,0.6219890478132858,0.6033042421939039,-0.018684805619381906,0.6219890478132858,0.6412075577119246,0.019218509898638825,0.6219890478132858,0.6425993464249312,0.020610298611645428,0.6219890478132858,0.6021850674393708,-0.019803980373914953,0.6219890478132858,0.6205781073439722,-0.0014109404693135597
4.0,1.0,5.0,1.0,2.0,4.0,2.0,3.0,7.0,8.0,4.0,7.0,1.0,0.0,0.0,0.0,0.0,0.0,0.0,0.0,0.0,0.0,0.0,1.0,0.0,0.0,0.0,0.0,0.0,0.0,0.0,0.0,0.0,0.0,0.0,0.0,0.0,0.0,0.0,0.0,0.8204352298830416,0.7939937892084962,-0.026441440674545458,0.8204352298830416,0.8085400640620477,-0.011895165820993925,0.8204352298830416,0.8322849992370444,0.011849769354002726,0.8204352298830416,0.8331284769893657,0.012693247106324024,0.8204352298830416,0.8078154605462391,-0.012619769336802533,0.8204352298830416,0.8195501050998448,-0.0008851247831968001
4.0,1.0,10.0,1.0,1.0,5.0,2.0,4.0,9.0,8.0,4.0,10.0,0.0,0.0,0.0,0.0,0.0,0.0,1.0,0.0,0.0,0.0,0.0,0.0,1.0,0.0,0.0,0.0,0.0,0.0,0.0,1.0,0.0,0.0,0.0,0.0,0.0,0.0,0.0,0.0,0.9204041130349643,0.9070149950479088,-0.013389117987055443,0.9204041130349643,0.9144407121974922,-0.005963400837472044,0.9204041130349643,0.9262497985742195,0.005845685539255241,0.9204041130349643,0.9266623465605335,0.006258233525569201,0.9204041130349643,0.914074309189251,-0.006329803845713244,,,
6.0,2.0,8.0,1.0,2.0,3.0,2.0,3.0,10.0,10.0,4.0,10.0,0.0,0.0,0.0,0.0,0.0,0.0,1.0,0.0,0.0,0.0,0.0,0.0,0.0,0.0,0.0,0.0,0.0,0.0,0.0,0.0,0.0,0.0,1.0,0.0,0.0,0.0,0.0,0.0,0.8239959929728747,0.7979497566298633,-0.026046236343011397,0.8239959929728747,0.8122827378803011,-0.011713255092573593,,,,,,,0.8239959929728747,0.8115689978962971,-0.01242699507657763,,,
3.0,1.0,8.0,1.0,1.0,4.0,3.0,5.0,7.0,7.0,3.0,8.0,0.0,0.0,0.0,0.0,0.0,0.0,0.0,0.0,0.0,0.0,0.0,1.0,0.0,0.0,0.0,0.0,0.0,0.0,0.0,0.0,0.0,0.0,0.0,0.0,0.0,0.0,0.0,0.0,0.8994233164768017,0.8829537509775224,-0.01646956549927936,,,,0.8994233164768017,0.9066536011685051,0.0072302846917033925,0.8994233164768017,0.9071647807446547,0.007741464267852938,0.8994233164768017,0.8916214958095533,-0.007801820667248438,0.8994233164768017,0.8988795572100834,-0.0005437592667183466
2.0,2.0,3.0,1.0,2.0,5.0,2.0,3.0,6.0,7.0,2.0,5.0,0.0,1.0,0.0,0.0,0.0,0.0,1.0,0.0,0.0,0.0,0.0,0.0,0.0,0.0,0.0,0.0,1.0,0.0,0.0,0.0,0.0,0.0,0.0,0.0,0.0,0.0,0.0,0.0,0.6917381244921068,0.6543301964321966,-0.03740792805991022,0.6917381244921068,0.674697835515516,-0.017040288976590823,0.6917381244921068,0.7090691844332224,0.017331059941115612,0.6917381244921068,0.7103166583350244,0.018578533842917633,0.6917381244921068,0.6736711315083783,-0.01806699298372849,0.6917381244921068,0.690457962539176,-0.0012801619529307917
5.0,2.0,6.0,1.0,4.0,4.0,2.0,3.0,9.0,7.0,4.0,10.0,1.0,0.0,0.0,0.0,0.0,0.0,1.0,0.0,0.0,0.0,0.0,0.0,1.0,0.0,0.0,0.0,0.0,0.0,0.0,0.0,0.0,0.0,0.0,0.0,0.0,0.0,0.0,0.0,0.5746870919977299,0.5326711043326822,-0.04201598766504777,0.5746870919977299,0.5553357099728238,-0.01935138202490616,0.5746870919977299,0.5947435864219496,0.02005649442421964,0.5746870919977299,0.5962021089749687,0.021515016977238788,0.5746870919977299,0.554181208699887,-0.020505883297842975,,,
5.0,1.0,3.0,3.0,1.0,4.0,3.0,3.0,10.0,9.0,4.0,10.0,0.0,0.0,0.0,0.0,0.0,1.0,1.0,0.0,0.0,0.0,1.0,0.0,0.0,0.0,0.0,0.0,0.0,0.0,0.0,0.0,0.0,0.0,0.0,0.0,0.0,0.0,0.0,0.0,0.7567453016063643,0.7240794248463834,-0.032665876759980894,0.7567453016063643,0.741958018349263,-0.014787283257101325,,,,0.7567453016063643,0.7726933683250998,0.0159480667187355,0.7567453016063643,0.7410621269775559,-0.015683174628808416,,,
3.0,1.0,9.0,1.0,2.0,4.0,2.0,4.0,8.0,10.0,4.0,10.0,0.0,0.0,0.0,0.0,0.0,0.0,1.0,0.0,0.0,0.0,0.0,1.0,0.0,0.0,0.0,0.0,0.0,0.0,0.0,0.0,0.0,0.0,0.0,0.0,0.0,0.0,0.0,0.0,0.8930597103616162,0.8756921158590338,-0.017367594502582406,0.8930597103616162,0.8853029373398602,-0.007756773021756036,0.8930597103616162,0.9006969557890072,0.007637245427390971,,,,0.8930597103616162,0.8848274693767106,-0.008232240984905603,,,
2.0,1.0,4.0,1.0,1.0,2.0,2.0,4.0,7.0,7.0,4.0,7.0,0.0,0.0,0.0,1.0,0.0,0.0,0.0,0.0,0.0,0.0,0.0,1.0,0.0,0.0,0.0,0.0,0.0,0.0,0.0,0.0,0.0,0.0,0.0,0.0,0.0,0.0,0.0,0.0,0.7560360968019352,0.7233098048567053,-0.03272629194522991,0.7560360968019352,0.7412204442487458,-0.014815652553189396,0.7560360968019352,0.7709492002878628,0.01491310348592767,0.7560360968019352,0.7720166519668443,0.01598055516490915,0.7560360968019352,0.7403228883479852,-0.015713208453949967,0.7560360968019352,0.7549283534133354,-0.0011077433885997578
3.0,1.0,1.0,4.0,2.0,3.0,2.0,2.0,6.0,5.0,3.0,7.0,0.0,0.0,0.0,0.0,0.0,0.0,1.0,0.0,0.0,0.0,0.0,0.0,1.0,0.0,0.0,0.0,0.0,0.0,0.0,0.0,0.0,0.0,0.0,0.0,0.0,1.0,0.0,0.0,0.7991994497793562,0.7705056794489125,-0.028693770330443735,0.7991994497793562,0.786264012368596,-0.012935437410760198,0.7991994497793562,0.8121297017739074,0.012930251994551223,0.7991994497793562,0.8130517764020329,0.013852326622676658,0.7991994497793562,0.785477470669171,-0.013721979110185245,0.7991994497793562,0.7982353905114087,-0.0009640592679475146
5.0,1.0,8.0,1.0,2.0,3.0,1.0,4.0,10.0,9.0,3.0,9.0,0.0,0.0,0.0,1.0,0.0,0.0,1.0,0.0,0.0,0.0,0.0,0.0,0.0,1.0,0.0,0.0,0.0,0.0,0.0,0.0,0.0,0.0,0.0,1.0,0.0,0.0,0.0,0.0,0.6816514129679038,0.6436500140128275,-0.03800139895507626,0.6816514129679038,0.6643241180084218,-0.01732729495948193,,,,0.6816514129679038,0.7005747188486935,0.01892330588078972,0.6816514129679038,0.6632810129031828,-0.018370400064721015,0.6816514129679038,0.6803487191416002,-0.001302693826303547
3.0,1.0,4.0,1.0,2.0,5.0,3.0,4.0,6.0,8.0,4.0,8.0,1.0,0.0,0.0,0.0,0.0,0.0,1.0,0.0,0.0,0.0,0.0,0.0,0.0,0.0,0.0,0.0,0.0,0.0,0.0,0.0,0.0,0.0,0.0,0.0,0.0,0.0,0.0,0.0,0.787810221358096,0.7579818103545322,-0.029828411003563815,0.787810221358096,0.7743482518011767,-0.013461969556919251,0.787810221358096,0.801291519153832,0.013481297795736036,0.787810221358096,0.8022538356921827,0.014443614334086696,0.787810221358096,0.7735304905905503,-0.014279730767545629,0.787810221358096,0.7868060680641265,-0.001004153293969523
6.0,3.0,7.0,1.0,3.0,4.0,3.0,2.0,8.0,8.0,4.0,9.0,0.0,0.0,0.0,0.0,0.0,0.0,0.0,0.0,0.0,0.0,0.0,0.0,0.0,1.0,0.0,0.0,0.0,0.0,0.0,0.0,0.0,0.0,1.0,0.0,0.0,0.0,0.0,0.0,0.7178519430743323,0.6821568761946858,-0.03569506687964652,0.7178519430743323,0.7016325494361658,-0.01621939363816649,0.7178519430743323,0.7342788106366884,0.016426867562356118,0.7178519430743323,0.7354585175214924,0.017606574447160073,0.7178519430743323,0.7006531386509153,-0.017198804423417036,0.7178519430743323,0.7166358034958645,-0.0012161395784677786
4.0,1.0,4.0,1.0,1.0,3.0,1.0,4.0,9.0,9.0,4.0,9.0,0.0,0.0,0.0,0.0,0.0,0.0,1.0,0.0,0.0,0.0,0.0,0.0,1.0,0.0,0.0,0.0,0.0,0.0,0.0,1.0,0.0,0.0,0.0,0.0,0.0,0.0,0.0,0.0,0.8910720893039075,0.8734274459914525,-0.017644643312454966,0.8910720893039075,0.8831900038172059,-0.007882085486701551,0.8910720893039075,0.8988352029356772,0.007763113631769736,0.8910720893039075,0.8993844459368353,0.008312356632927842,0.8910720893039075,0.8827069373220703,-0.008365151981837182,0.8910720893039075,0.8904886772038972,-0.0005834121000102277
7.0,1.0,6.0,1.0,2.0,5.0,1.0,5.0,8.0,8.0,4.0,10.0,1.0,0.0,0.0,0.0,0.0,0.0,1.0,0.0,0.0,0.0,0.0,0.0,0.0,0.0,0.0,0.0,0.0,0.0,0.0,0.0,0.0,0.0,0.0,0.0,0.0,0.0,0.0,0.0,0.7670424200888352,0.7352755907569068,-0.031766829331928315,,,,0.7670424200888352,0.7814771894158744,0.014434769327039243,0.7670424200888352,0.7825094185093021,0.015466998420466949,0.7670424200888352,0.751805387310856,-0.015237032777979165,,,
4.0,1.0,5.0,1.0,1.0,4.0,1.0,4.0,7.0,7.0,3.0,8.0,0.0,1.0,0.0,0.0,0.0,0.0,0.0,0.0,0.0,0.0,0.0,0.0,0.0,0.0,0.0,0.0,0.0,0.0,0.0,0.0,1.0,0.0,0.0,0.0,0.0,0.0,0.0,0.0,0.8898106869484215,0.8719910690427297,-0.017819617905691754,0.8898106869484215,0.8818494282683711,-0.007961258680050376,0.8898106869484215,0.897653373158056,0.007842686209634575,0.8898106869484215,0.8982083058937115,0.008397618945290009,0.8898106869484215,0.8813615625512545,-0.00844912439716694,0.8898106869484215,0.8892213587550933,-0.0005893281933281314
2.0,2.0,1.0,4.0,2.0,4.0,2.0,4.0,7.0,7.0,4.0,8.0,0.0,1.0,0.0,0.0,0.0,0.0,0.0,0.0,0.0,0.0,0.0,0.0,0.0,0.0,0.0,0.0,1.0,0.0,0.0,0.0,0.0,0.0,0.0,0.0,0.0,1.0,0.0,0.0,0.6029301653501699,0.561575729556503,-0.04135443579366682,0.6029301653501699,0.5839334688099136,-0.018996696540256264,0.6029301653501699,0.6225296024737603,0.01959943712359047,0.6029301653501699,0.623951352921013,0.021021187570843147,0.6029301653501699,0.5827974362428385,-0.020132729107331326,0.6029301653501699,0.6014936647580773,-0.0014365005920925489
4.0,1.0,4.0,1.0,2.0,3.0,3.0,3.0,7.0,7.0,2.0,8.0,0.0,0.0,0.0,0.0,0.0,0.0,0.0,0.0,0.0,0.0,0.0,1.0,0.0,0.0,0.0,0.0,0.0,0.0,0.0,0.0,0.0,0.0,0.0,0.0,0.0,0.0,0.0,0.0,0.8305226778109617,0.8052139814397311,-0.025308696371230566,0.8305226778109617,0.8191484472369523,-0.011374230574009325,0.8305226778109617,0.8418350924520795,0.011312414641117874,0.8305226778109617,0.8426396215428307,0.012116943731869001,0.8305226778109617,0.8184549776757323,-0.012067700135229398,0.8305226778109617,0.8296769541577868,-0.0008457236531749235
5.0,1.0,3.0,1.0,1.0,4.0,1.0,4.0,8.0,8.0,4.0,8.0,0.0,0.0,0.0,0.0,0.0,0.0,0.0,0.0,0.0,0.0,0.0,0.0,0.0,0.0,0.0,0.0,0.0,0.0,0.0,0.0,0.0,0.0,0.0,0.0,0.0,0.0,0.0,0.0,0.8982272985156285,0.8815876677856344,-0.016639630729994193,0.8982272985156285,0.8907995173894715,-0.0074277811261570514,0.8982272985156285,0.9055345325273324,0.007307234011703856,0.8982272985156285,0.9060512052867525,0.00782390677112399,0.8982272985156285,0.8903440127893758,-0.007883285726252742,0.8982272985156285,0.8976778086984324,-0.0005494898171961582
3.0,1.0,4.0,1.0,1.0,5.0,1.0,2.0,6.0,8.0,4.0,8.0,0.0,0.0,0.0,0.0,1.0,0.0,0.0,0.0,0.0,0.0,0.0,0.0,1.0,0.0,0.0,0.0,0.0,0.0,0.0,0.0,0.0,0.0,0.0,0.0,0.0,0.0,0.0,0.0,0.927795372715761,0.9155354684366213,-0.0122599042791397,0.927795372715761,0.9223390075347483,-0.005456365181012668,0.927795372715761,0.933137662539539,0.005342289823778046,0.927795372715761,0.9335144464443675,0.005719073728606583,0.927795372715761,0.9220035435561578,-0.00579182915960319,0.927795372715761,0.9273926218118874,-0.00040275090387353885
4.0,3.0,3.0,2.0,2.0,4.0,2.0,4.0,8.0,9.0,2.0,9.0,0.0,1.0,0.0,0.0,0.0,0.0,0.0,0.0,0.0,0.0,0.0,0.0,0.0,0.0,0.0,1.0,0.0,0.0,0.0,0.0,0.0,0.0,0.0,0.0,0.0,0.0,0.0,0.0,0.49202004680819045,0.4496581036313253,-0.04236194317686515,0.49202004680819045,0.47236074044633,-0.019659306361860474,0.49202004680819045,0.5126691133274289,0.02064906651923848,0.49202004680819045,0.5141817350300569,0.022161688221866482,0.49202004680819045,0.4711959467407745,-0.020824100067415974,0.49202004680819045,0.4905213549437352,-0.001498691864455226
7.0,6.0,4.0,2.0,3.0,3.0,3.0,3.0,9.0,9.0,2.0,9.0,0.0,0.0,0.0,0.0,0.0,0.0,0.0,0.0,0.0,0.0,0.0,0.0,0.0,0.0,0.0,0.0,1.0,0.0,0.0,0.0,0.0,0.0,1.0,0.0,0.0,0.0,0.0,0.0,0.4597237021387384,0.417855096836444,-0.041868605302294415,0.4597237021387384,0.44023648734901333,-0.019487214789725094,0.4597237021387384,0.4802989090683247,0.020575206929586254,0.4597237021387384,0.4818104488682705,0.022086746729532092,0.4597237021387384,0.4390849884086079,-0.020638713730130542,0.4597237021387384,0.4582346438715142,-0.0014890582672242303
4.0,1.0,9.0,1.0,2.0,3.0,3.0,3.0,7.0,7.0,3.0,7.0,1.0,0.0,0.0,0.0,0.0,0.0,1.0,0.0,0.0,0.0,0.0,1.0,0.0,0.0,0.0,0.0,0.0,0.0,0.0,0.0,0.0,0.0,0.0,0.0,0.0,0.0,0.0,0.0,0.7727524331242362,0.7415018340934073,-0.03125059903082894,0.7727524331242362,0.7586278433801257,-0.014124589744110572,0.7727524331242362,0.7869316734634041,0.014179240339167842,0.7727524331242362,0.7879451288006635,0.015192695676427226,0.7727524331242362,0.7577709328494335,-0.014981500274802717,0.7727524331242362,0.7716976715768975,-0.001054761547338745
3.0,1.0,9.0,1.0,1.0,4.0,2.0,3.0,5.0,7.0,3.0,7.0,0.0,1.0,0.0,0.0,0.0,0.0,1.0,0.0,0.0,0.0,0.0,0.0,1.0,0.0,0.0,0.0,0.0,0.0,0.0,0.0,0.0,0.0,0.0,1.0,0.0,0.0,0.0,0.0,0.7523352767751984,0.7192968626792765,-0.0330384140959219,0.7523352767751984,0.7373729486627303,-0.014962328112468115,0.7523352767751984,0.7674050069315688,0.015069730156370365,0.7523352767751984,0.7684840156272807,0.016148738852082345,0.7523352767751984,0.7364667926140319,-0.015868484161166485,0.7523352767751984,0.7512162589953817,-0.0011190177798167111
4.0,1.0,2.0,1.0,2.0,3.0,3.0,4.0,6.0,4.0,2.0,3.0,1.0,0.0,0.0,0.0,0.0,0.0,1.0,0.0,0.0,0.0,0.0,0.0,0.0,0.0,0.0,0.0,0.0,0.0,0.0,0.0,0.0,0.0,0.0,0.0,0.0,0.0,0.0,1.0,0.6614000914104328,0.6223206858782049,-0.039079405532227884,0.6614000914104328,0.6435469399958553,-0.01785315141457744,0.6614000914104328,0.6796468981347524,0.018246806724319664,0.6614000914104328,0.6809637674630958,0.01956367605266307,0.6614000914104328,0.6424740176678788,-0.01892607374255395,0.6614000914104328,0.6600558558448352,-0.0013442355655975957
4.0,1.0,6.0,1.0,1.0,5.0,3.0,4.0,9.0,9.0,5.0,7.0,1.0,0.0,0.0,0.0,0.0,0.0,1.0,0.0,0.0,0.0,0.0,0.0,1.0,0.0,0.0,0.0,0.0,0.0,0.0,0.0,0.0,0.0,0.0,0.0,0.0,0.0,0.0,0.0,0.8341038066997836,0.8092070400844907,-0.02489676661529283,0.8341038066997836,0.8229186735029691,-0.011185133196814467,0.8341038066997836,0.8452217325213898,0.0111179258216062,0.8341038066997836,0.8460121860528481,0.011908379353064547,,,,0.8341038066997836,0.8332723660436323,-0.0008314406561512611
3.0,1.0,5.0,2.0,3.0,4.0,1.0,4.0,8.0,7.0,4.0,4.0,0.0,0.0,0.0,0.0,0.0,0.0,1.0,0.0,0.0,0.0,0.0,1.0,0.0,0.0,0.0,0.0,0.0,0.0,0.0,0.0,0.0,0.0,0.0,0.0,0.0,0.0,0.0,0.0,0.8221093129614525,0.795853046536035,-0.026256266425417563,0.8221093129614525,0.8102994038861335,-0.01180990907531898,0.8221093129614525,0.8338709769191293,0.011761663957676749,0.8221093129614525,0.8347080625054575,0.012598749544004972,0.8221093129614525,0.809579890671522,-0.01252942228993048,0.8221093129614525,0.8212306421196004,-0.0008786708418521139
4.0,1.0,6.0,1.0,1.0,3.0,3.0,3.0,7.0,7.0,3.0,7.0,0.0,1.0,0.0,0.0,0.0,0.0,0.0,0.0,0.0,0.0,0.0,0.0,1.0,0.0,0.0,0.0,0.0,0.0,0.0,0.0,0.0,0.0,0.0,0.0,0.0,0.0,0.0,0.0,0.7047637472673095,0.6681782554392157,-0.036585491828093786,0.7047637472673095,0.6881188558965704,-0.0166448913707391,0.7047637472673095,0.7216571565286285,0.016893409261318992,0.7047637472673095,0.7228717503199776,0.01810800305266813,0.7047637472673095,0.6871148671819188,-0.017648880085390672,0.7047637472673095,0.7035144937225867,-0.0012492535447228281
4.0,2.0,3.0,1.0,2.0,4.0,4.0,3.0,8.0,8.0,4.0,7.0,0.0,0.0,0.0,0.0,0.0,0.0,1.0,0.0,0.0,0.0,0.0,0.0,0.0,0.0,0.0,0.0,0.0,0.0,0.0,0.0,0.0,0.0,0.0,0.0,0.0,0.0,0.0,0.0,0.7591511825246323,0.7266916999053232,-0.03245948261930909,0.7591511825246323,0.7444607644872245,-0.014690418037407782,0.7591511825246323,0.7739308052486251,0.014779622723992802,0.7591511825246323,0.7749884171842222,0.01583723465958986,0.7591511825246323,0.7435705592516084,-0.015580623273023897,0.7591511825246323,0.7580530570193933,-0.0010981255052390226
4.0,1.0,10.0,1.0,1.0,4.0,1.0,4.0,4.0,5.0,4.0,6.0,1.0,0.0,0.0,0.0,0.0,0.0,0.0,0.0,0.0,0.0,0.0,0.0,1.0,0.0,0.0,0.0,0.0,0.0,0.0,0.0,0.0,0.0,0.0,0.0,0.0,0.0,0.0,0.0,0.865602870809504,0.8445523217858946,-0.021050549023609477,0.865602870809504,0.8561752848467149,-0.009427585962789142,0.865602870809504,0.8749263538773696,0.009323483067865568,0.865602870809504,0.8755874354867663,0.009984564677262275,0.865602870809504,0.8555987652971382,-0.010004105512365857,0.865602870809504,0.8649037284463933,-0.0006991423631107496
6.0,1.0,8.0,1.0,1.0,4.0,2.0,4.0,9.0,10.0,4.0,9.0,0.0,0.0,0.0,0.0,0.0,0.0,0.0,0.0,0.0,0.0,0.0,1.0,0.0,0.0,0.0,0.0,0.0,0.0,0.0,0.0,0.0,0.0,1.0,0.0,0.0,0.0,0.0,0.0,0.9044251916467881,0.8886733097212869,-0.015751881925501254,0.9044251916467881,0.897398087379637,-0.007027104267151141,0.9044251916467881,0.9113313485616749,0.006906156914886719,,,,0.9044251916467881,0.8969669236183203,-0.007458268028467829,0.9044251916467881,0.9039055854011055,-0.0005196062456825912
5.0,1.0,8.0,1.0,2.0,3.0,2.0,3.0,8.0,8.0,4.0,8.0,0.0,0.0,0.0,1.0,0.0,0.0,0.0,0.0,0.0,0.0,0.0,1.0,0.0,0.0,0.0,0.0,0.0,0.0,0.0,0.0,0.0,0.0,0.0,0.0,0.0,0.0,0.0,0.0,0.6978580093127823,0.6608285993904071,-0.037029409922375245,0.6978580093127823,0.6810000101927044,-0.016857999120077904,0.6978580093127823,0.714986763799056,0.017128754486273712,0.6978580093127823,0.716219018895585,0.018361009582802734,0.6978580093127823,0.6799837624866488,-0.017874246826133477,0.6978580093127823,0.6965921148587003,-0.0012658944540819839
6.0,1.0,6.0,1.0,1.0,4.0,3.0,4.0,6.0,7.0,2.0,6.0,1.0,0.0,0.0,0.0,0.0,0.0,0.0,0.0,0.0,0.0,1.0,0.0,0.0,0.0,0.0,0.0,0.0,0.0,0.0,0.0,0.0,0.0,0.0,0.0,0.0,0.0,0.0,0.0,0.8324781312329537,0.8073937290054974,-0.025084402227456226,0.8324781312329537,0.821206885626462,-0.01127124560649162,0.8324781312329537,0.8436845880257434,0.011206456792789754,0.8324781312329537,0.8444814473462169,0.012003316113263218,0.8324781312329537,0.8205195796740231,-0.011958551558930552,0.8324781312329537,0.8316401875455345,-0.0008379436874191848
4.0,1.0,5.0,2.0,3.0,3.0,3.0,3.0,4.0,5.0,3.0,5.0,0.0,0.0,0.0,0.0,0.0,0.0,1.0,0.0,0.0,0.0,0.0,0.0,0.0,0.0,0.0,0.0,0.0,0.0,0.0,1.0,0.0,0.0,0.0,0.0,0.0,0.0,0.0,0.0,0.6860592161208436,0.6483125136635243,-0.03774670245731937,0.6860592161208436,0.6688552839033299,-0.017203932217513707,0.6860592161208436,0.7035727358655993,0.01751351974475568,0.6860592161208436,0.7048339670935752,0.018774750972731513,0.6860592161208436,0.6678192186483192,-0.018239997472524472,0.6860592161208436,0.6847662179158083,-0.0012929982050353672
2.0,1.0,7.0,1.0,2.0,4.0,2.0,3.0,7.0,7.0,4.0,6.0,1.0,0.0,0.0,0.0,0.0,0.0,1.0,0.0,0.0,0.0,0.0,1.0,0.0,0.0,0.0,0.0,0.0,0.0,0.0,0.0,0.0,0.0,0.0,0.0,0.0,0.0,0.0,0.0,0.8486914716778208,0.8255260056667036,-0.02316546601111713,0.8486914716778208,0.8382992049780842,-0.010392266699736585,0.8486914716778208,0.8589970357697684,0.010305564091947605,0.8486914716778208,0.8597288139730235,0.011037342295202701,0.8486914716778208,0.8376646157546727,-0.011026855923148116,0.8486914716778208,0.8479198115746716,-0.0007716601031492187
5.0,1.0,6.0,1.0,2.0,4.0,3.0,4.0,6.0,5.0,3.0,5.0,1.0,0.0,0.0,0.0,0.0,0.0,1.0,0.0,0.0,1.0,0.0,0.0,0.0,0.0,0.0,0.0,0.0,0.0,0.0,0.0,0.0,0.0,0.0,0.0,0.0,0.0,0.0,0.0,0.6548997833023983,0.6155062807952418,-0.03939350250715645,0.6548997833023983,0.636892056777477,-0.01800772652492133,0.6548997833023983,0.673323868714351,0.01842408541195273,0.6548997833023983,0.6746542876970993,0.019754504394701056,0.6548997833023983,0.6358104391150174,-0.01908934418738084,0.6548997833023983,0.6535432594686238,-0.0013565238337744923
5.0,2.0,3.0,2.0,2.0,4.0,3.0,3.0,10.0,9.0,5.0,0.0,1.0,0.0,0.0,0.0,0.0,0.0,0.0,0.0,0.0,0.0,0.0,0.0,1.0,0.0,0.0,0.0,0.0,0.0,0.0,0.0,0.0,0.0,0.0,0.0,0.0,0.0,0.0,0.0,0.6904045547948932,0.652915995869938,-0.03748855892495517,0.6904045547948932,0.673325361344849,-0.01707919345004416,,,,0.6904045547948932,0.7090296535110009,0.018625098716107735,,,,0.6904045547948932,0.6891213436563478,-0.0012832111385453482
6.0,3.0,1.0,1.0,3.0,3.0,2.0,3.0,8.0,8.0,4.0,6.0,0.0,0.0,0.0,0.0,0.0,0.0,1.0,0.0,0.0,0.0,0.0,1.0,0.0,0.0,0.0,0.0,0.0,0.0,0.0,0.0,0.0,0.0,0.0,0.0,0.0,0.0,0.0,0.0,0.6148066738414282,0.5738148349699956,-0.04099183887143254,0.6148066738414282,0.5959974456819201,-0.01880922815950803,0.6148066738414282,0.6341755740158933,0.01936890017446513,0.6148066738414282,0.6355791375537768,0.020772463712348643,0.6148066738414282,0.5948714994805246,-0.01993517436090353,0.6148066738414282,0.6133855884376491,-0.0014210854037790543
7.0,3.0,8.0,1.0,3.0,3.0,1.0,4.0,9.0,8.0,5.0,8.0,0.0,0.0,0.0,0.0,0.0,0.0,1.0,0.0,0.0,0.0,0.0,1.0,0.0,0.0,0.0,0.0,0.0,0.0,0.0,1.0,0.0,0.0,0.0,0.0,0.0,0.0,0.0,0.0,0.6808097792330068,0.6427605663594963,-0.038049212873510485,0.6808097792330068,0.6634592918000853,-0.017350487432921446,0.6808097792330068,0.698487443296921,0.017677664063914245,0.6808097792330068,0.6997610781361082,0.018951298903101432,,,,0.6808097792330068,0.6795052606882321,-0.0013045185447746466
7.0,1.0,6.0,1.0,3.0,4.0,3.0,3.0,8.0,7.0,5.0,8.0,0.0,0.0,0.0,0.0,0.0,0.0,0.0,0.0,0.0,0.0,0.0,1.0,0.0,0.0,0.0,0.0,0.0,0.0,0.0,0.0,0.0,0.0,1.0,0.0,0.0,0.0,0.0,0.0,0.7153198370771844,0.6794474753693256,-0.03587236170785879,0.7153198370771844,0.699015914977857,-0.016303922099327406,0.7153198370771844,0.731839055062236,0.016519217985051626,0.7153198370771844,0.7330256553422976,0.017705818265113193,,,,0.7153198370771844,0.7140971302130631,-0.0012227068641212924
3.0,1.0,2.0,1.0,2.0,3.0,3.0,4.0,9.0,9.0,4.0,8.0,0.0,0.0,0.0,0.0,0.0,0.0,1.0,0.0,0.0,0.0,0.0,1.0,0.0,0.0,0.0,0.0,0.0,0.0,0.0,0.0,0.0,0.0,0.0,0.0,0.0,0.0,0.0,0.0,0.8092364750858827,0.7815849922720537,-0.02765148281382901,0.8092364750858827,0.7967832071196401,-0.012453267966242576,0.8092364750858827,0.8216646291087133,0.012428154022830595,0.8092364750858827,0.8225501312375872,0.013313656151704545,0.8092364750858827,0.7960253333968003,-0.01321114168908244,0.8092364750858827,0.8083090461650699,-0.0009274289208127673
4.0,1.0,7.0,2.0,2.0,3.0,2.0,3.0,10.0,7.0,4.0,7.0,0.0,0.0,0.0,0.0,1.0,0.0,0.0,0.0,0.0,0.0,0.0,0.0,1.0,0.0,0.0,0.0,0.0,0.0,0.0,0.0,0.0,0.0,0.0,0.0,0.0,0.0,0.0,0.0,0.8247157066837038,0.7987499651759011,-0.02596574150780262,0.8247157066837038,0.8130394815594194,-0.011676225124284345,,,,0.8247157066837038,0.837166425533129,0.01245071884942528,0.8247157066837038,0.8123279540933903,-0.012387752590313439,0.8247157066837038,0.8238471513267042,-0.0008685553569995896
7.0,1.0,8.0,1.0,4.0,4.0,2.0,3.0,9.0,9.0,4.0,9.0,0.0,0.0,0.0,0.0,0.0,0.0,1.0,0.0,0.0,0.0,0.0,1.0,0.0,0.0,0.0,0.0,0.0,0.0,0.0,0.0,0.0,0.0,1.0,0.0,0.0,0.0,0.0,0.0,0.7122212452232484,0.6761352109481342,-0.03608603427511414,0.7122212452232484,0.6958153270124312,-0.01640591821081716,0.7122212452232484,0.7288521103246659,0.016630865101417536,0.7122212452232484,0.7300470523211987,0.01782580709795034,0.7122212452232484,0.6948251263572177,-0.017396118866030652,0.7122212452232484,0.7109906068610599,-0.0012306383621885075
5.0,1.0,3.0,1.0,3.0,4.0,3.0,2.0,10.0,8.0,5.0,8.0,1.0,0.0,0.0,0.0,0.0,0.0,1.0,0.0,0.0,0.0,0.0,0.0,1.0,0.0,0.0,0.0,0.0,0.0,0.0,0.0,0.0,0.0,0.0,1.0,0.0,0.0,0.0,0.0,0.6049286210567735,0.5636316839932717,-0.04129693706350179,0.6049286210567735,0.5859618783471616,-0.01896674270961185,,,,0.6049286210567735,0.6259096527186886,0.020981031661915117,,,,0.6049286210567735,0.603494595766833,-0.0014340252899405215
5.0,1.0,7.0,2.0,3.0,4.0,3.0,3.0,6.0,6.0,3.0,5.0,0.0,0.0,0.0,0.0,0.0,0.0,1.0,0.0,0.0,0.0,0.0,1.0,0.0,0.0,0.0,0.0,0.0,0.0,0.0,1.0,0.0,0.0,0.0,0.0,0.0,0.0,0.0,0.0,0.7331657889898054,0.6985946536181127,-0.03457113537169276,0.7331657889898054,0.7174802557835992,-0.015685533206206248,0.7331657889898054,0.7490128032087433,0.01584701421893786,0.7331657889898054,0.7501493545329386,0.016983565543133183,0.7331657889898054,0.7165318489592825,-0.016633940030522987,0.7331657889898054,0.7319910128538144,-0.0011747761359910402
4.0,1.0,3.0,1.0,2.0,3.0,2.0,2.0,7.0,6.0,3.0,5.0,0.0,0.0,0.0,1.0,0.0,0.0,1.0,0.0,0.0,0.0,0.0,0.0,0.0,0.0,0.0,0.0,0.0,0.0,0.0,0.0,0.0,0.0,0.0,0.0,0.0,0.0,0.0,0.0,0.6601625854729016,0.6210221921202144,-0.039140393352687264,0.6601625854729016,0.6422794751031384,-0.0178831103697632,0.6601625854729016,0.678443658114555,0.01828107264165335,0.6601625854729016,0.6797631430522677,0.019600557579366074,0.6601625854729016,0.6412048647141851,-0.01895772075871649,0.6601625854729016,0.6588159713440829,-0.0013466141288187572
2.0,3.0,4.0,3.0,4.0,3.0,3.0,3.0,6.0,6.0,3.0,5.0,0.0,1.0,0.0,0.0,0.0,0.0,1.0,0.0,0.0,0.0,0.0,0.0,0.0,0.0,0.0,0.0,1.0,0.0,0.0,0.0,0.0,0.0,0.0,0.0,0.0,0.0,1.0,0.0,0.5163377072825502,0.473835031602687,-0.04250267567986327,0.5163377072825502,0.4966567423294854,-0.019680964953064817,0.5163377072825502,0.5369286142135665,0.020590906931016284,0.5163377072825502,0.5384337301304429,0.022096022847892693,0.5163377072825502,0.49548829800167665,-0.020849409280873588,0.5163377072825502,0.5148400157240242,-0.001497691558526082
6.0,1.0,9.0,1.0,1.0,5.0,1.0,4.0,9.0,9.0,5.0,8.0,1.0,0.0,0.0,0.0,0.0,0.0,0.0,0.0,0.0,0.0,0.0,0.0,0.0,1.0,0.0,0.0,0.0,0.0,0.0,0.0,0.0,0.0,0.0,0.0,0.0,0.0,0.0,0.0,0.8846918462836252,0.866168924537786,-0.018522921745839138,0.8846918462836252,0.8764121155516865,-0.008279730731938661,0.8846918462836252,0.8928549938360478,0.008163147552422645,0.8846918462836252,0.8934328551192752,0.008741008835649988,,,,0.8846918462836252,0.8840787074742753,-0.000613138809349878
2.0,3.0,7.0,4.0,2.0,4.0,2.0,5.0,6.0,7.0,3.0,10.0,1.0,0.0,0.0,0.0,0.0,0.0,0.0,0.0,0.0,0.0,0.0,0.0,0.0,0.0,0.0,0.0,0.0,0.0,0.0,0.0,0.0,0.0,0.0,0.0,0.0,1.0,0.0,0.0,0.7847376686005035,0.754611871427893,-0.030125797172610547,,,,0.7847376686005035,0.7983642149625741,0.013626546362070613,0.7847376686005035,0.7993371578705594,0.014599489270055832,0.7847376686005035,0.7703114497879838,-0.014426218812519709,,,
6.0,1.0,5.0,1.0,4.0,4.0,2.0,3.0,5.0,5.0,4.0,5.0,0.0,0.0,1.0,0.0,0.0,0.0,0.0,0.0,0.0,0.0,0.0,0.0,0.0,1.0,0.0,0.0,0.0,0.0,0.0,0.0,0.0,0.0,0.0,0.0,0.0,0.0,0.0,0.0,0.39787011446482123,0.3579030329017684,-0.03996708156305284,0.39787011446482123,0.3791647587884733,-0.018705355676347957,0.39787011446482123,0.41781786290337963,0.0199477484385584,0.39787011446482123,0.4192914119216315,0.021421297456810262,0.39787011446482123,0.3780651116960985,-0.019805002768722713,0.39787011446482123,0.39643439572873096,-0.0014357187360902746
2.0,1.0,5.0,2.0,1.0,4.0,1.0,3.0,8.0,8.0,3.0,10.0,1.0,0.0,0.0,0.0,0.0,0.0,1.0,0.0,0.0,0.0,0.0,0.0,0.0,0.0,0.0,0.0,0.0,0.0,0.0,0.0,0.0,0.0,0.0,0.0,0.0,0.0,0.0,0.0,0.9023027697439849,0.8862450835858694,-0.016057686158115536,0.9023027697439849,0.8951377081837336,-0.007165061560251318,0.9023027697439849,0.9093469189660216,0.007044149222036666,0.9023027697439849,0.9098448161137965,0.007542046369811595,0.9023027697439849,0.8946981602362493,-0.007604609507735671,,,
6.0,3.0,2.0,1.0,1.0,5.0,2.0,3.0,9.0,8.0,3.0,10.0,0.0,0.0,1.0,0.0,0.0,0.0,1.0,0.0,0.0,0.0,0.0,0.0,0.0,0.0,0.0,0.0,0.0,0.0,0.0,0.0,0.0,0.0,0.0,0.0,0.0,0.0,0.0,0.0,0.6575140172868073,0.6182449782337236,-0.039269039053083654,0.6575140172868073,0.6395676274753025,-0.01794638981150476,0.6575140172868073,0.6758676118063518,0.018353594519544547,0.6575140172868073,0.6771926378099558,0.019678620523148505,0.6575140172868073,0.6384894558773342,-0.019024561409473062,,,
4.0,1.0,4.0,1.0,1.0,3.0,1.0,2.0,7.0,4.0,2.0,3.0,0.0,0.0,0.0,0.0,0.0,0.0,1.0,0.0,0.0,0.0,0.0,0.0,0.0,0.0,0.0,0.0,1.0,0.0,0.0,0.0,0.0,0.0,0.0,0.0,0.0,0.0,0.0,0.0,0.8779263721248604,0.8584904918116143,-0.019435880313246057,0.8779263721248604,0.8692326509982788,-0.00869372112658151,0.8779263721248604,0.8865070328987168,0.008580660773856441,0.8779263721248604,0.8871148018644821,0.00918842973962175,0.8779263721248604,0.8687004450423438,-0.009225927082516572,0.8779263721248604,0.8772822487643389,-0.0006441233605214425
3.0,1.0,2.0,3.0,2.0,2.0,2.0,5.0,0.0,0.0,5.0,0.0,0.0,0.0,0.0,0.0,0.0,0.0,0.0,0.0,0.0,0.0,0.0,0.0,0.0,0.0,0.0,0.0,0.0,0.0,0.0,0.0,0.0,1.0,0.0,0.0,0.0,0.0,0.0,0.0,0.5272164078368841,0.48471568247899677,-0.04250072535788729,,,,0.5272164078368841,0.547749830366731,0.020533422529846912,0.5272164078368841,0.5492493011073045,0.02203289327042046,,,,0.5272164078368841,0.5257214602777143,-0.0014949475591697903
4.0,1.0,8.0,1.0,1.0,5.0,2.0,4.0,6.0,7.0,3.0,6.0,0.0,0.0,0.0,0.0,0.0,0.0,1.0,0.0,0.0,0.0,0.0,1.0,0.0,0.0,0.0,0.0,0.0,0.0,0.0,0.0,0.0,0.0,0.0,0.0,0.0,0.0,0.0,0.0,0.9108710115608919,0.896059388636623,-0.014811622924268852,0.9108710115608919,0.9042676693704665,-0.006603342190425354,0.9108710115608919,0.9173539606960369,0.006482949135145022,0.9108710115608919,0.9178118552232761,0.006940843662384233,0.9108710115608919,0.903862281021955,-0.007008730538936914,0.9108710115608919,0.9103829765681806,-0.0004880349927113281
5.0,1.0,7.0,1.0,2.0,5.0,2.0,3.0,3.0,5.0,3.0,6.0,0.0,0.0,0.0,0.0,0.0,0.0,0.0,0.0,0.0,0.0,0.0,0.0,1.0,0.0,0.0,0.0,0.0,0.0,0.0,0.0,0.0,0.0,0.0,0.0,0.0,0.0,0.0,0.0,0.8430623201077693,0.819218605764222,-0.023843714343547262,0.8430623201077693,0.8323597976947356,-0.01070252241303371,0.8430623201077693,0.8536851852689291,0.010622865161159845,0.8430623201077693,0.8544398595435564,0.01137753943578712,0.8430623201077693,0.8317065788879676,-0.011355741219801652,0.8430623201077693,0.842267287359198,-0.0007950327485712894
3.0,1.0,4.0,1.0,2.0,3.0,2.0,4.0,8.0,8.0,4.0,8.0,0.0,0.0,0.0,0.0,0.0,0.0,1.0,0.0,0.0,0.0,0.0,1.0,0.0,0.0,0.0,0.0,0.0,0.0,0.0,0.0,0.0,0.0,0.0,0.0,0.0,0.0,0.0,0.0,0.8388166593703861,0.8144698508426618,-0.024346808527724306,0.8388166593703861,0.8278837106212725,-0.010932948749113547,0.8388166593703861,0.8496756642553155,0.010859004884929413,0.8388166593703861,0.8504473962284395,0.011630736858053381,0.8388166593703861,0.8272166710175322,-0.011599988352853918,0.8388166593703861,0.8380042512957591,-0.0008124080746270135
5.0,2.0,7.0,1.0,3.0,3.0,3.0,2.0,5.0,3.0,1.0,3.0,0.0,0.0,0.0,0.0,0.0,0.0,1.0,0.0,1.0,0.0,0.0,0.0,0.0,0.0,0.0,0.0,0.0,0.0,0.0,0.0,0.0,0.0,0.0,0.0,1.0,0.0,0.0,0.0,0.4471636739378252,0.4055802500056758,-0.041583423932149366,0.4471636739378252,0.42778730963024725,-0.019376364307577942,0.4471636739378252,0.46766333056624637,0.02049965662842118,0.4471636739378252,0.46917100403072254,0.022007330092897348,0.4471636739378252,0.42664355453679154,-0.020520119401033654,0.4471636739378252,0.445681738551035,-0.0014819353867902008
3.0,1.0,8.0,2.0,1.0,4.0,1.0,3.0,5.0,5.0,5.0,5.0,0.0,1.0,0.0,0.0,0.0,0.0,0.0,0.0,0.0,0.0,0.0,0.0,0.0,0.0,0.0,0.0,0.0,0.0,0.0,0.0,0.0,0.0,0.0,0.0,0.0,0.0,0.0,0.0,0.7924531414240935,0.7630811257646333,-0.029372015659460238,0.7924531414240935,0.7792031773347528,-0.01324996408934076,0.7924531414240935,0.8057122034456488,0.013259062021555246,0.7924531414240935,0.8066582769101892,0.014205135486095699,,,,0.7924531414240935,0.7914651439950252,-0.0009879974290682991
6.0,1.0,8.0,2.0,1.0,5.0,2.0,3.0,8.0,8.0,4.0,7.0,1.0,0.0,0.0,0.0,0.0,0.0,1.0,0.0,0.0,0.0,1.0,0.0,0.0,0.0,0.0,0.0,0.0,0.0,0.0,0.0,0.0,0.0,0.0,1.0,0.0,0.0,0.0,0.0,0.8426729830712689,0.8187828311975398,-0.023890151873729115,0.8426729830712689,0.8319492019856255,-0.010723781085643425,0.8426729830712689,0.8533176166435401,0.01064463357227119,0.8426729830712689,0.8540738627184543,0.011400879647185391,0.8426729830712689,0.8312947075455184,-0.011378275525750547,0.8426729830712689,0.8418763479058046,-0.0007966351654643544
4.0,1.0,4.0,1.0,4.0,4.0,3.0,3.0,6.0,6.0,2.0,6.0,0.0,0.0,0.0,0.0,0.0,0.0,1.0,0.0,0.0,0.0,0.0,0.0,0.0,0.0,0.0,0.0,0.0,0.0,0.0,0.0,0.0,0.0,0.0,0.0,0.0,0.0,0.0,0.0,0.6900696989933626,0.6525609977774476,-0.037508701215914986,0.6900696989933626,0.6729807826756607,-0.01708891631770182,0.6900696989933626,0.7074548908441314,0.01738519185076881,0.6900696989933626,0.7087064430420392,0.018636744048676657,0.6900696989933626,0.6719512943253485,-0.018118404668014065,0.6900696989933626,0.6887857255740989,-0.0012839734192636731
6.0,5.0,8.0,1.0,2.0,3.0,2.0,4.0,10.0,9.0,4.0,9.0,0.0,0.0,0.0,0.0,0.0,0.0,1.0,0.0,0.0,0.0,0.0,1.0,0.0,0.0,0.0,0.0,0.0,0.0,0.0,1.0,0.0,0.0,0.0,0.0,0.0,0.0,0.0,0.0,0.7096675653634111,0.6734081498555958,-0.03625941550781531,0.7096675653634111,0.6931787810119944,-0.016488784351416763,,,,0.7096675653634111,0.7275910532978125,0.01792348793440135,0.7096675653634111,0.6921837945188619,-0.017483770844549218,0.7096675653634111,0.7084304772061145,-0.0012370881572966175
2.0,3.0,4.0,3.0,2.0,4.0,2.0,2.0,10.0,10.0,4.0,10.0,0.0,0.0,0.0,0.0,0.0,0.0,1.0,0.0,0.0,0.0,0.0,0.0,0.0,0.0,0.0,0.0,1.0,0.0,0.0,1.0,0.0,0.0,0.0,0.0,0.0,0.0,0.0,0.0,0.8268289329161199,0.8011007366988617,-0.025728196217258192,0.8268289329161199,0.815261943843168,-0.01156698907295195,,,,,,,0.8268289329161199,0.8145569453519294,-0.012271987564190567,,,
4.0,1.0,7.0,1.0,1.0,4.0,2.0,3.0,3.0,5.0,1.0,7.0,0.0,0.0,0.0,0.0,0.0,0.0,1.0,0.0,0.0,0.0,0.0,0.0,1.0,0.0,0.0,0.0,0.0,0.0,0.0,0.0,0.0,0.0,0.0,1.0,0.0,0.0,0.0,0.0,0.864110580414814,0.8428687245355941,-0.021241855879219895,0.864110580414814,0.8545958985864687,-0.009514681828345362,0.864110580414814,0.8735224611769098,0.009411880762095759,0.864110580414814,0.8741898961088044,0.010079315693990343,0.864110580414814,0.854014127573066,-0.010096452841747983,0.864110580414814,0.8634049000889916,-0.0007056803258224109
6.0,1.0,3.0,1.0,1.0,4.0,2.0,4.0,9.0,9.0,5.0,8.0,0.0,0.0,0.0,0.0,0.0,0.0,1.0,0.0,1.0,0.0,0.0,0.0,0.0,0.0,0.0,0.0,0.0,0.0,0.0,0.0,0.0,0.0,0.0,0.0,0.0,0.0,0.0,0.0,0.8748219858768591,0.8549734908971982,-0.019848494979660902,0.8748219858768591,0.8659409392143426,-0.008881046662516545,0.8748219858768591,0.8835919232302312,0.00876993735337206,0.8748219858768591,0.8842132640468645,0.009391278170005402,,,,0.8748219858768591,0.8741638300249153,-0.0006581558519438424
4.0,1.0,8.0,1.0,3.0,4.0,4.0,3.0,5.0,6.0,3.0,4.0,0.0,1.0,0.0,0.0,0.0,0.0,1.0,0.0,0.0,0.0,0.0,0.0,1.0,0.0,0.0,0.0,0.0,0.0,0.0,0.0,0.0,0.0,0.0,0.0,0.0,0.0,0.0,0.0,0.48306828183936523,0.44080825445930855,-0.042260027380056686,0.48306828183936523,0.46344033677069113,-0.019627945068674102,0.48306828183936523,0.5037141935275565,0.0206459116881913,0.48306828183936523,0.5052277855361934,0.022159503696828176,0.48306828183936523,0.4622782679067216,-0.020790013932643625,0.48306828183936523,0.4815710075390294,-0.0014972743003358047
3.0,1.0,3.0,2.0,2.0,5.0,3.0,4.0,9.0,7.0,5.0,7.0,1.0,0.0,0.0,0.0,0.0,0.0,1.0,0.0,0.0,0.0,0.0,0.0,1.0,0.0,0.0,0.0,0.0,0.0,0.0,1.0,0.0,0.0,0.0,0.0,0.0,0.0,0.0,0.0,0.7496270194981292,0.7163635303384517,-0.03326348915967747,0.7496270194981292,0.7345588030774319,-0.015068216420697222,0.7496270194981292,0.7648100242187075,0.01518300472057832,0.7496270194981292,0.7658973987238304,0.016270379225701292,,,,0.7496270194981292,0.7484998556862623,-0.0011271638118668381
4.0,2.0,6.0,2.0,2.0,5.0,3.0,3.0,10.0,10.0,5.0,10.0,0.0,1.0,0.0,0.0,0.0,0.0,1.0,0.0,0.0,0.0,0.0,0.0,1.0,0.0,0.0,0.0,0.0,0.0,0.0,0.0,0.0,0.0,0.0,0.0,0.0,0.0,0.0,0.0,0.6230726951209405,0.5823629650496595,-0.04070973007128109,0.6230726951209405,0.604407386106954,-0.018665309013986553,,,,,,,,,,,,
4.0,1.0,9.0,2.0,3.0,5.0,2.0,2.0,6.0,8.0,4.0,7.0,0.0,0.0,0.0,0.0,0.0,0.0,1.0,0.0,0.0,1.0,0.0,0.0,0.0,0.0,0.0,0.0,0.0,0.0,0.0,0.0,0.0,0.0,0.0,0.0,0.0,0.0,0.0,0.0,0.8055197402613166,0.7774776542798253,-0.02804208598149127,0.8055197402613166,0.7928859383321875,-0.012633801929129107,0.8055197402613166,0.8181356195001787,0.012615879238862093,0.8055197402613166,0.8190347852151016,0.013515044953785083,0.8055197402613166,0.7921173222571286,-0.013402418004187955,0.8055197402613166,0.8045786053957346,-0.0009411348655820051
2.0,2.0,5.0,2.0,2.0,3.0,2.0,2.0,7.0,7.0,2.0,6.0,0.0,1.0,0.0,0.0,0.0,0.0,0.0,0.0,0.0,0.0,0.0,0.0,0.0,0.0,0.0,0.0,1.0,0.0,0.0,0.0,0.0,0.0,0.0,0.0,0.0,0.0,0.0,0.0,0.6717934874466427,0.6332484723372727,-0.03854501510937003,0.6717934874466427,0.6542018295425064,-0.017591657904136304,0.6717934874466427,0.6897429377558791,0.017949450309236448,0.6717934874466427,0.6910371718298776,0.01924368438323487,0.6717934874466427,0.6531436927988779,-0.01864979464776484,0.6717934874466427,0.6704699556697971,-0.0013235317768456323
4.0,1.0,8.0,4.0,2.0,2.0,2.0,4.0,7.0,8.0,5.0,8.0,0.0,0.0,0.0,0.0,0.0,0.0,0.0,0.0,0.0,0.0,0.0,0.0,0.0,0.0,0.0,0.0,0.0,0.0,0.0,0.0,0.0,0.0,0.0,0.0,0.0,0.0,0.0,0.0,0.763202801329401,0.731095943171835,-0.032106858157565976,0.763202801329401,0.7486776964170725,-0.014525104912328501,0.763202801329401,0.7778065672195389,0.014603765890137899,0.763202801329401,0.7788512284373706,0.015648427107969654,,,,0.763202801329401,0.7621173602052872,-0.0010854411241137951
4.0,1.0,3.0,3.0,2.0,4.0,2.0,3.0,6.0,5.0,4.0,7.0,0.0,0.0,0.0,1.0,0.0,0.0,1.0,0.0,0.0,0.0,0.0,0.0,1.0,0.0,0.0,0.0,0.0,0.0,0.0,1.0,0.0,0.0,0.0,0.0,0.0,0.0,0.0,0.0,0.5667157674444815,0.5245637796279538,-0.042151987816527736,0.5667157674444815,0.5472874065527497,-0.019428360891731833,0.5667157674444815,0.5868779418892136,0.020162174444732117,0.5667157674444815,0.5883451790831514,0.021629411638669938,0.5667157674444815,0.546129087364467,-0.02058668008001452,0.5667157674444815,0.5652427234352777,-0.0014730440092037833
4.0,1.0,4.0,1.0,1.0,4.0,2.0,2.0,7.0,5.0,2.0,8.0,0.0,0.0,0.0,0.0,0.0,0.0,1.0,0.0,0.0,0.0,0.0,1.0,0.0,0.0,0.0,0.0,0.0,0.0,0.0,0.0,0.0,0.0,0.0,0.0,0.0,0.0,0.0,0.0,0.898541714557155,0.8819467339150691,-0.016594980642085977,0.898541714557155,0.8911340995407038,-0.007407615016451263,0.898541714557155,0.9058287404225785,0.007287025865423513,0.898541714557155,0.9063439704593977,0.007802255902242705,0.898541714557155,0.890679819298838,-0.007861895258317042,0.898541714557155,0.8979937295456846,-0.0005479850114704643
5.0,1.0,5.0,1.0,3.0,5.0,3.0,3.0,7.0,7.0,5.0,7.0,0.0,0.0,0.0,0.0,0.0,0.0,0.0,0.0,0.0,0.0,0.0,0.0,0.0,0.0,0.0,0.0,0.0,1.0,0.0,0.0,0.0,0.0,0.0,0.0,0.0,0.0,0.0,0.0,0.7652829008391585,0.7333595439998585,-0.03192335683930003,0.7652829008391585,0.7508437347318283,-0.014439166107330204,0.7652829008391585,0.779795396141871,0.01451249530271248,0.7652829008391585,0.7808333414935366,0.01555044065437805,,,,0.7652829008391585,0.7642040487169538,-0.0010788521222047098
3.0,1.0,10.0,1.0,1.0,1.0,1.0,5.0,8.0,8.0,4.0,8.0,0.0,0.0,0.0,0.0,0.0,0.0,0.0,0.0,0.0,0.0,0.0,1.0,0.0,0.0,0.0,0.0,0.0,0.0,0.0,0.0,0.0,0.0,0.0,0.0,0.0,0.0,0.0,0.0,0.9010100936178417,0.8847670750275897,-0.016243018590252012,,,,0.9010100936178417,0.9081379581694733,0.007127864551631613,0.9010100936178417,0.908641828241636,0.007631734623794295,0.9010100936178417,0.893316760840129,-0.007693332777712669,0.9010100936178417,0.9004739638387684,-0.0005361297790732467
5.0,1.0,3.0,1.0,1.0,5.0,2.0,4.0,8.0,7.0,2.0,9.0,0.0,0.0,0.0,0.0,0.0,1.0,1.0,0.0,0.0,0.0,0.0,0.0,1.0,0.0,0.0,0.0,0.0,0.0,0.0,0.0,0.0,0.0,0.0,0.0,0.0,0.0,0.0,0.0,0.790534627244752,0.7609729983375914,-0.02956162890716063,0.790534627244752,0.7771966195379089,-0.013338007706843125,0.790534627244752,0.8038859212008795,0.013351293956127552,0.790534627244752,0.8048387335682786,0.014304106323526633,0.790534627244752,0.776386199911495,-0.014148427333256941,0.790534627244752,0.7895399224979326,-0.000994704746819397
5.0,1.0,5.0,1.0,1.0,3.0,1.0,4.0,8.0,8.0,4.0,9.0,0.0,0.0,0.0,0.0,0.0,0.0,0.0,0.0,0.0,0.0,0.0,0.0,1.0,0.0,0.0,0.0,0.0,0.0,0.0,0.0,0.0,0.0,0.0,0.0,0.0,0.0,0.0,0.0,0.8807039162167385,0.8616405671624395,-0.01906334905429896,0.8807039162167385,0.8721792038107516,-0.008524712405986845,0.8807039162167385,0.8891140001871937,0.008410083970455173,0.8807039162167385,0.889709545362952,0.0090056291462135,0.8807039162167385,0.8716572192991107,-0.009046696917627828,0.8807039162167385,0.8800724465871146,-0.0006314696296239042
3.0,1.0,4.0,1.0,1.0,5.0,1.0,3.0,9.0,9.0,4.0,9.0,0.0,0.0,0.0,0.0,0.0,0.0,1.0,0.0,0.0,0.0,0.0,0.0,0.0,0.0,0.0,0.0,0.0,0.0,1.0,0.0,0.0,0.0,0.0,0.0,0.0,0.0,0.0,0.0,0.8679512792107856,0.8472036307112463,-0.020747648499539362,0.8679512792107856,0.8586615292237677,-0.009289749987017926,0.8679512792107856,0.877134971448701,0.009183692237915375,0.8679512792107856,0.8777860099684424,0.009834730757656729,0.8679512792107856,0.8580933239266378,-0.00985795528414779,0.8679512792107856,0.8672624800436282,-0.0006887991671574722
5.0,1.0,5.0,1.0,1.0,5.0,2.0,4.0,8.0,8.0,3.0,8.0,0.0,0.0,0.0,0.0,0.0,0.0,1.0,0.0,0.0,0.0,0.0,0.0,0.0,0.0,0.0,0.0,0.0,0.0,0.0,0.0,0.0,0.0,0.0,0.0,0.0,0.0,0.0,0.0,0.8968491092486899,0.8800142472365182,-0.01683486201217166,0.8968491092486899,0.8893331350855181,-0.007515974163171735,0.8968491092486899,0.9042447477333744,0.007395638484684497,0.8968491092486899,0.9047677329983828,0.007918623749692877,0.8968491092486899,0.8888722768687634,-0.007976832379926524,0.8968491092486899,0.8962930374603006,-0.0005560717883892341
3.0,1.0,9.0,1.0,2.0,5.0,2.0,4.0,7.0,8.0,3.0,5.0,0.0,0.0,0.0,0.0,1.0,0.0,0.0,0.0,0.0,0.0,0.0,1.0,0.0,0.0,0.0,0.0,0.0,0.0,0.0,0.0,0.0,0.0,0.0,0.0,0.0,0.0,0.0,0.0,0.9045878048600168,0.8888594301521535,-0.015728374707863257,0.9045878048600168,0.8975713026127047,-0.007016502247312095,0.9045878048600168,0.9114833614867109,0.006895556626694166,0.9045878048600168,0.9119706604908505,0.00738285563083374,0.9045878048600168,0.8971407833216569,-0.007447021538359855,0.9045878048600168,0.9040689889125582,-0.0005188159474586174
3.0,1.0,3.0,1.0,3.0,5.0,3.0,3.0,7.0,6.0,4.0,5.0,1.0,0.0,0.0,0.0,0.0,0.0,1.0,0.0,0.0,0.0,0.0,1.0,0.0,0.0,0.0,0.0,0.0,0.0,0.0,0.0,0.0,0.0,0.0,0.0,0.0,0.0,0.0,0.0,0.7208178699719934,0.6853335501870388,-0.03548431978495459,0.7208178699719934,0.7046988366498312,-0.016119033322162135,0.7208178699719934,0.73713529088618,0.016317420914186642,0.7208178699719934,0.7383068357316578,0.01748896575966441,0.7208178699719934,0.7037252409361805,-0.01709262903581288,0.7208178699719934,0.7196095210081759,-0.001208348963817496
5.0,3.0,7.0,3.0,4.0,4.0,3.0,2.0,1.0,1.0,2.0,1.0,0.0,0.0,0.0,0.0,0.0,0.0,0.0,0.0,0.0,0.0,0.0,1.0,0.0,0.0,0.0,0.0,0.0,0.0,0.0,0.0,0.0,1.0,0.0,0.0,0.0,0.0,0.0,0.0,0.4178300694265907,0.3771137076999785,-0.040716361726612194,0.4178300694265907,0.39880784567647265,-0.019022223750118028,0.4178300694265907,0.43805051208133927,0.020220442654748594,0.4178300694265907,0.4395415440447424,0.021711474618151705,0.4178300694265907,0.39768772231616567,-0.020142347110425007,0.4178300694265907,0.41637213067403805,-0.0014579387525526233
2.0,3.0,4.0,4.0,2.0,5.0,1.0,2.0,9.0,7.0,3.0,10.0,0.0,1.0,0.0,0.0,0.0,0.0,0.0,0.0,0.0,0.0,0.0,0.0,0.0,0.0,0.0,0.0,1.0,0.0,0.0,0.0,0.0,0.0,0.0,0.0,0.0,1.0,0.0,0.0,0.7464314616868568,0.712906018819663,-0.03352544286719383,0.7464314616868568,0.7312398777791331,-0.015191583907723683,0.7464314616868568,0.7617466599026977,0.01531519821584093,0.7464314616868568,0.7628438057565081,0.016412344069651308,0.7464314616868568,0.7303202997865178,-0.01611116190033901,,,
2.0,1.0,8.0,1.0,3.0,4.0,4.0,4.0,7.0,8.0,4.0,8.0,0.0,0.0,0.0,0.0,0.0,0.0,1.0,0.0,1.0,0.0,0.0,0.0,0.0,0.0,0.0,0.0,0.0,0.0,0.0,0.0,0.0,0.0,0.0,0.0,0.0,0.0,0.0,0.0,0.828285003406933,0.8027215214813417,-0.025563481925591325,0.828285003406933,0.8167937225565388,-0.011491280850394192,0.828285003406933,0.8397179549079405,0.011432951501007538,0.828285003406933,0.8405312131343388,0.012246209727405755,0.828285003406933,0.8160932510021492,-0.012191752404783762,0.828285003406933,0.8274304335441156,-0.0008545698628174003
5.0,1.0,10.0,1.0,2.0,2.0,3.0,1.0,10.0,10.0,2.0,10.0,0.0,0.0,0.0,0.0,0.0,0.0,0.0,0.0,0.0,0.0,0.0,0.0,1.0,0.0,0.0,0.0,0.0,0.0,0.0,0.0,0.0,0.0,0.0,0.0,0.0,0.0,0.0,0.0,0.867999984117958,0.8472586414967302,-0.020741342621227732,0.867999984117958,0.8587131028041229,-0.009286881313835038,,,,,,,0.867999984117958,0.8581450705890953,-0.009854913528862697,,,
6.0,3.0,2.0,2.0,1.0,5.0,1.0,3.0,7.0,6.0,4.0,8.0,0.0,0.0,1.0,0.0,0.0,0.0,0.0,0.0,0.0,0.0,0.0,0.0,0.0,0.0,0.0,0.0,0.0,0.0,0.0,0.0,1.0,0.0,0.0,0.0,0.0,0.0,0.0,0.0,0.7893245022187619,0.7596440150992944,-0.02968048711946758,0.7893245022187619,0.7759312789055481,-0.013393223313213798,0.7893245022187619,0.8027336819181047,0.013409179699342744,0.7893245022187619,0.8036907253333881,0.014366223114626209,0.7893245022187619,0.7751175885020908,-0.014206913716671155,0.7893245022187619,0.7883255895759268,-0.000998912642835137
7.0,1.0,8.0,1.0,2.0,4.0,2.0,4.0,8.0,8.0,3.0,8.0,0.0,0.0,0.0,0.0,0.0,0.0,0.0,0.0,0.0,0.0,0.0,0.0,0.0,0.0,0.0,0.0,0.0,0.0,0.0,0.0,0.0,0.0,1.0,0.0,0.0,0.0,0.0,0.0,0.8424539715644775,0.8185377243277066,-0.023916247236770993,0.8424539715644775,0.8317182433263652,-0.010735728238112308,0.8424539715644775,0.853110840295204,0.010656868730726465,0.8424539715644775,0.8538679698745371,0.011413998310059514,0.8424539715644775,0.8310630320427362,-0.011390939521741306,0.8424539715644775,0.8416564358046205,-0.000797535759857082
2.0,1.0,2.0,4.0,1.0,4.0,2.0,3.0,7.0,7.0,2.0,5.0,0.0,0.0,0.0,0.0,1.0,0.0,1.0,0.0,0.0,0.0,0.0,1.0,0.0,0.0,0.0,0.0,0.0,0.0,0.0,0.0,0.0,0.0,0.0,0.0,0.0,1.0,0.0,0.0,0.8996646683880337,0.8832294935542631,-0.01643517483377066,0.8996646683880337,0.892329217298032,-0.007335451090001666,0.8996646683880337,0.9068793990541199,0.007214730666086133,0.8996646683880337,0.9073894684288234,0.007724800040789681,0.8996646683880337,0.8918793190203226,-0.007785349367711136,0.8996646683880337,0.8991220676200514,-0.0005426007679822931
3.0,1.0,5.0,1.0,4.0,4.0,4.0,3.0,6.0,4.0,1.0,6.0,0.0,0.0,1.0,0.0,0.0,0.0,1.0,0.0,1.0,0.0,0.0,0.0,0.0,0.0,0.0,0.0,0.0,0.0,0.0,0.0,0.0,0.0,0.0,0.0,0.0,0.0,0.0,0.0,0.49822410893227875,0.4558073045273737,-0.04241680440490503,0.49822410893227875,0.47855044112941614,-0.019673667802862616,0.49822410893227875,0.5188675948500595,0.020643485917780757,0.49822410893227875,0.5203789763264711,0.022154867394192368,0.49822410893227875,0.4773841936809395,-0.02083991525133927,0.49822410893227875,0.49672499836790907,-0.0014991105643696878
7.0,1.0,7.0,1.0,2.0,4.0,2.0,3.0,8.0,8.0,3.0,6.0,0.0,0.0,0.0,0.0,0.0,0.0,1.0,0.0,0.0,0.0,0.0,1.0,0.0,0.0,0.0,0.0,0.0,0.0,0.0,1.0,0.0,0.0,0.0,0.0,0.0,0.0,0.0,0.0,0.8286261737374244,0.8031014085241077,-0.025524765213316702,0.8286261737374244,0.8171526841177593,-0.0114734896196651,0.8286261737374244,0.840040796616186,0.011414622878761604,0.8286261737374244,0.8408527272249157,0.012226553487491243,0.8286261737374244,0.816453276605558,-0.012172897131866423,0.8286261737374244,0.8277729487220121,-0.0008532250154122956
4.0,1.0,2.0,1.0,1.0,5.0,2.0,2.0,7.0,6.0,3.0,4.0,0.0,0.0,0.0,0.0,0.0,0.0,0.0,0.0,0.0,0.0,0.0,0.0,0.0,0.0,0.0,0.0,0.0,0.0,0.0,0.0,0.0,0.0,0.0,0.0,0.0,0.0,0.0,0.0,0.9152464495624548,0.9010829829370007,-0.01416346662545409,0.9152464495624548,0.9089348638487872,-0.0063115857136676334,0.9152464495624548,0.9214385928090764,0.00619214324662154,0.9152464495624548,0.9218757840025997,0.006629334440144907,0.9152464495624548,0.9085472404174078,-0.006699209145047069,0.9152464495624548,0.9147801312393884,-0.00046631832306642806
5.0,1.0,4.0,1.0,3.0,3.0,3.0,1.0,6.0,4.0,4.0,7.0,1.0,0.0,0.0,0.0,0.0,0.0,0.0,0.0,0.0,0.0,0.0,0.0,1.0,0.0,0.0,0.0,0.0,0.0,0.0,0.0,0.0,0.0,0.0,0.0,0.0,0.0,0.0,0.0,0.6121284630488552,0.5710504644977576,-0.041077998551097505,0.6121284630488552,0.5932749727726232,-0.018853490276231955,0.6121284630488552,0.6315513265928919,0.019422863544036773,0.6121284630488552,0.6329591312937393,0.02083066824488411,0.6121284630488552,0.5921466313631456,-0.01998183168570955,0.6121284630488552,0.610703753427725,-0.0014247096211301713
4.0,1.0,5.0,1.0,2.0,5.0,1.0,4.0,9.0,8.0,5.0,6.0,0.0,0.0,0.0,0.0,0.0,0.0,0.0,0.0,0.0,0.0,0.0,0.0,1.0,0.0,0.0,0.0,0.0,0.0,0.0,0.0,0.0,0.0,0.0,0.0,0.0,0.0,0.0,0.0,0.8892126628549037,0.871310320537986,-0.017902342316917785,0.8892126628549037,0.8812139645414617,-0.007998698313442021,0.8892126628549037,0.8970929906582137,0.007880327803309939,0.8892126628549037,0.897650615398909,0.008437952544005256,,,,0.8892126628549037,0.8886205365884903,-0.000592126266413473
4.0,1.0,6.0,1.0,1.0,5.0,2.0,4.0,5.0,7.0,4.0,8.0,0.0,0.0,0.0,0.0,0.0,0.0,0.0,0.0,0.0,0.0,0.0,0.0,1.0,0.0,0.0,0.0,0.0,0.0,0.0,0.0,0.0,0.0,0.0,0.0,0.0,0.0,0.0,0.0,0.8959868419154022,0.8790302342903726,-0.016956607625029596,0.8959868419154022,0.8884158565583793,-0.007570985357022941,0.8959868419154022,0.9034376463210421,0.007450804405639833,0.8959868419154022,0.9039645715551381,0.007977729639735864,0.8959868419154022,0.887951659724216,-0.008035182191186263,0.8959868419154022,0.8954266637690289,-0.0005601781463733246
2.0,4.0,9.0,4.0,1.0,5.0,1.0,4.0,7.0,7.0,3.0,8.0,0.0,0.0,0.0,0.0,0.0,0.0,1.0,0.0,0.0,0.0,0.0,0.0,0.0,0.0,0.0,0.0,1.0,0.0,0.0,0.0,0.0,0.0,0.0,0.0,0.0,1.0,0.0,0.0,0.8921317032389173,0.8746345527686702,-0.017497150470247136,0.8921317032389173,0.8843163377621454,-0.007815365476771974,0.8921317032389173,0.8998277893587273,0.007696086119809986,0.8921317032389173,0.90037224073409,0.008240537495172617,0.8921317032389173,0.8838373165673198,-0.008294386671597542,0.8921317032389173,0.8915532756779061,-0.0005784275610112299
7.0,1.0,4.0,1.0,1.0,4.0,2.0,4.0,7.0,7.0,4.0,6.0,1.0,0.0,0.0,0.0,0.0,0.0,1.0,0.0,0.0,0.0,0.0,0.0,0.0,0.0,0.0,0.0,0.0,0.0,0.0,1.0,0.0,0.0,0.0,0.0,0.0,0.0,0.0,0.0,0.7642790309154496,0.7322669062021591,-0.03201212471329051,0.7642790309154496,0.7497982997381657,-0.014480731177283879,0.7642790309154496,0.7788356574789294,0.01455662656347978,0.7642790309154496,0.7798768496205092,0.015597818705059607,0.7642790309154496,0.7489204174352407,-0.015358613480208838,0.7642790309154496,0.7631969923873801,-0.001082038528069429
3.0,5.0,2.0,1.0,2.0,3.0,2.0,3.0,9.0,6.0,5.0,6.0,0.0,1.0,0.0,0.0,0.0,0.0,0.0,0.0,0.0,0.0,0.0,1.0,0.0,0.0,0.0,0.0,0.0,0.0,0.0,0.0,1.0,0.0,0.0,0.0,0.0,0.0,0.0,0.0,0.6669288051278396,0.6281287264953023,-0.038800078632537316,0.6669288051278396,0.6492125548445781,-0.017716250283261514,0.6669288051278396,0.6850195623417853,0.018090757213945707,0.6669288051278396,0.6863245393306077,0.019395734202768078,,,,0.6669288051278396,0.6655954210726065,-0.001333384055233089
6.0,1.0,6.0,1.0,2.0,4.0,2.0,4.0,9.0,9.0,5.0,9.0,0.0,0.0,0.0,0.0,0.0,1.0,0.0,0.0,0.0,0.0,0.0,1.0,0.0,0.0,0.0,0.0,0.0,0.0,0.0,0.0,0.0,0.0,0.0,0.0,0.0,0.0,0.0,0.0,0.719706651801831,0.6841429840686714,-0.035563667733159665,0.719706651801831,0.703549846695097,-0.016156805106734007,0.719706651801831,0.7360652391067631,0.016358587304932115,0.719706651801831,0.7372398530176784,0.017533201215847338,,,,0.719706651801831,0.7184953715881438,-0.0012112802136872158
4.0,1.0,5.0,1.0,2.0,4.0,2.0,4.0,7.0,7.0,2.0,7.0,0.0,0.0,0.0,0.0,0.0,0.0,1.0,0.0,0.0,0.0,0.0,0.0,0.0,0.0,0.0,0.0,0.0,0.0,0.0,0.0,0.0,0.0,0.0,0.0,0.0,0.0,0.0,0.0,0.8544920270322214,0.8320388766680153,-0.02245315036420603,0.8544920270322214,0.8444251268907108,-0.01006690014151057,0.8544920270322214,0.8644656100711933,0.00997358303897189,0.8544920270322214,0.86517346203158,0.010681434999358586,0.8544920270322214,0.8438100993816714,-0.010681927650549983,0.8544920270322214,0.8537448513218523,-0.0007471757103690857
5.0,1.0,10.0,1.0,1.0,4.0,1.0,5.0,10.0,10.0,4.0,10.0,0.0,1.0,0.0,0.0,0.0,0.0,0.0,0.0,0.0,0.0,0.0,0.0,1.0,0.0,0.0,0.0,0.0,0.0,0.0,0.0,0.0,0.0,0.0,0.0,0.0,0.0,0.0,0.0,0.8111646674793688,0.7837179796604199,-0.02744668781894888,,,,,,,,,,0.8111646674793688,0.7980537369778362,-0.013110930501532558,,,
7.0,1.0,7.0,2.0,1.0,5.0,1.0,3.0,10.0,9.0,4.0,10.0,0.0,0.0,0.0,0.0,0.0,0.0,1.0,0.0,1.0,0.0,0.0,0.0,0.0,0.0,0.0,0.0,0.0,0.0,0.0,0.0,0.0,0.0,1.0,0.0,0.0,0.0,0.0,0.0,0.9225390814769793,0.9094737721374794,-0.013065309339499898,0.9225390814769793,0.9167211617940765,-0.005817919682902795,,,,0.9225390814769793,0.9286424670154234,0.006103385538444139,0.9225390814769793,0.9163636314808344,-0.006175449996144833,,,
5.0,1.0,2.0,2.0,2.0,5.0,1.0,3.0,10.0,10.0,5.0,10.0,0.0,0.0,0.0,0.0,0.0,1.0,0.0,0.0,0.0,0.0,0.0,0.0,0.0,0.0,0.0,0.0,0.0,0.0,0.0,0.0,0.0,0.0,0.0,0.0,0.0,0.0,0.0,0.0,0.7899918636942508,0.7603768536621155,-0.02961501003213529,0.7899918636942508,0.7766290602562173,-0.013362803438033533,,,,,,,,,,,,
7.0,1.0,6.0,1.0,2.0,3.0,2.0,3.0,8.0,8.0,5.0,9.0,0.0,0.0,1.0,0.0,0.0,0.0,0.0,0.0,0.0,0.0,0.0,0.0,0.0,1.0,0.0,0.0,0.0,0.0,0.0,0.0,0.0,0.0,0.0,0.0,0.0,0.0,0.0,0.0,0.5568136971949417,0.5145236161123288,-0.042290081082612896,0.5568136971949417,0.5373038397589367,-0.019509857436004974,0.5568136971949417,0.5770927973298162,0.02027910013487455,0.5568136971949417,0.5785698317317947,0.02175613453685299,,,,0.5568136971949417,0.5553334031795586,-0.0014802940153830768
3.0,1.0,3.0,1.0,1.0,5.0,1.0,2.0,10.0,10.0,5.0,10.0,1.0,0.0,0.0,0.0,0.0,0.0,1.0,0.0,0.0,0.0,0.0,0.0,1.0,0.0,0.0,0.0,0.0,0.0,0.0,0.0,0.0,0.0,0.0,1.0,0.0,0.0,0.0,0.0,0.8913642048099129,0.8737601760507346,-0.017604028759178214,0.8913642048099129,0.8835004934139814,-0.00786371139593145,,,,,,,,,,,,
7.0,2.0,5.0,2.0,5.0,5.0,5.0,4.0,5.0,6.0,4.0,6.0,1.0,0.0,0.0,0.0,0.0,0.0,1.0,0.0,0.0,0.0,0.0,0.0,0.0,0.0,0.0,0.0,0.0,0.0,0.0,0.0,0.0,0.0,0.0,0.0,0.0,0.0,0.0,0.0,,,,0.23948873820250366,0.2254416099104701,-0.014047128292033556,0.23948873820250366,0.25485678016684665,0.015368041964342993,0.23948873820250366,0.2560083322860729,0.016519594083569233,0.23948873820250366,0.22462648252163453,-0.01486225568086913,0.23948873820250366,0.2383982610028972,-0.0010904771996064488
4.0,1.0,5.0,1.0,1.0,4.0,1.0,4.0,7.0,8.0,3.0,7.0,0.0,1.0,0.0,0.0,0.0,0.0,0.0,0.0,0.0,0.0,0.0,0.0,0.0,0.0,0.0,0.0,0.0,0.0,0.0,0.0,0.0,0.0,0.0,0.0,0.0,0.0,0.0,0.0,0.8091693482456855,0.7815107623709137,-0.02765858587477188,0.8091693482456855,0.7967127989863912,-0.012456549259294292,0.8091693482456855,0.8216009114448647,0.012431563199179152,0.8091693482456855,0.822486661604333,0.013317313358647498,0.8091693482456855,0.7959547299273951,-0.013214618318290405,0.8091693482456855,0.8082416703086496,-0.0009276779370359645
7.0,1.0,9.0,1.0,3.0,5.0,3.0,4.0,6.0,7.0,2.0,7.0,0.0,0.0,0.0,0.0,1.0,0.0,0.0,0.0,0.0,0.0,0.0,0.0,0.0,0.0,0.0,0.0,0.0,0.0,0.0,0.0,0.0,0.0,0.0,0.0,1.0,0.0,0.0,0.0,0.4496250994797934,0.4079816997225908,-0.041643399757202604,0.4496250994797934,0.43022507999464543,-0.019400019485147968,0.4496250994797934,0.4701416351516186,0.02051653567182521,0.4496250994797934,0.4716502194391251,0.022025119959331707,0.4496250994797934,0.42907969455357203,-0.020545404926221367,0.4496250994797934,0.4481416192739806,-0.0014834802058127927
2.0,1.0,2.0,1.0,1.0,4.0,3.0,2.0,5.0,5.0,3.0,6.0,0.0,0.0,0.0,0.0,0.0,0.0,1.0,0.0,1.0,0.0,0.0,0.0,0.0,0.0,0.0,0.0,0.0,0.0,0.0,0.0,0.0,0.0,0.0,0.0,0.0,0.0,0.0,0.0,0.9073812902888704,0.8920584625565029,-0.015322827732367483,0.9073812902888704,0.9005476323325736,-0.006833657956296757,0.9073812902888704,0.9140941310198754,0.0067128407310049765,0.9073812902888704,0.914568404426169,0.007187114137298667,0.9073812902888704,0.9001282309318898,-0.007253059356980618,0.9073812902888704,0.9068761005275714,-0.0005051897612989853
3.0,1.0,10.0,1.0,1.0,2.0,2.0,3.0,9.0,7.0,3.0,8.0,0.0,0.0,0.0,0.0,0.0,0.0,0.0,0.0,1.0,0.0,0.0,0.0,0.0,0.0,0.0,0.0,0.0,0.0,0.0,0.0,0.0,0.0,0.0,0.0,0.0,0.0,0.0,0.0,0.9347770818662907,0.9236050186416497,-0.011172063224641038,0.9347770818662907,0.9298083963310271,-0.004968685535263639,0.9347770818662907,0.9396364159870977,0.0048593341208069685,0.9347770818662907,0.9399789335792671,0.00520185171297638,0.9347770818662907,0.9295027309868884,-0.005274350879402312,0.9347770818662907,0.934410521249737,-0.00036656061655371275
2.0,2.0,3.0,4.0,2.0,5.0,1.0,1.0,10.0,8.0,5.0,8.0,0.0,0.0,1.0,0.0,0.0,0.0,1.0,0.0,0.0,0.0,0.0,0.0,0.0,0.0,0.0,0.0,0.0,1.0,0.0,0.0,0.0,0.0,0.0,0.0,0.0,1.0,0.0,0.0,0.7778765853850325,0.7471000327597034,-0.03077655262532908,0.7778765853850325,0.763973208612239,-0.013903376772793408,,,,0.7778765853850325,0.7928185521802005,0.014941966795168016,,,,0.7778765853850325,0.776838739010533,-0.0010378463744994404
3.0,1.0,8.0,4.0,2.0,3.0,2.0,4.0,6.0,6.0,4.0,5.0,0.0,1.0,0.0,0.0,0.0,0.0,1.0,0.0,0.0,0.0,0.0,1.0,0.0,0.0,0.0,0.0,0.0,0.0,0.0,0.0,0.0,0.0,0.0,0.0,0.0,1.0,0.0,0.0,0.6429110994013002,0.6029787180122017,-0.03993238138909849,0.6429110994013002,0.6246363501221858,-0.018274749279114433,0.6429110994013002,0.6616445503365623,0.01873345093526213,0.6429110994013002,0.6629987279038873,0.02008762850258705,0.6429110994013002,0.6235398043554325,-0.019371295045867654,0.6429110994013002,0.6415332448507188,-0.00137785455058137
5.0,1.0,4.0,1.0,1.0,5.0,3.0,4.0,7.0,8.0,4.0,8.0,0.0,0.0,0.0,0.0,0.0,0.0,0.0,0.0,0.0,0.0,0.0,0.0,0.0,1.0,0.0,0.0,0.0,0.0,0.0,0.0,0.0,0.0,0.0,0.0,0.0,0.0,0.0,0.0,0.868610941242551,0.8479487823309101,-0.020662158911640915,0.868610941242551,0.859360079320918,-0.009250861921633047,0.868610941242551,0.8777552170592839,0.009144275816732939,0.868610941242551,0.8784034246289416,0.009792483386390605,0.868610941242551,0.858794220496793,-0.009816720745758012,0.868610941242551,0.8679250594311634,-0.000685881811387623
3.0,1.0,9.0,1.0,3.0,2.0,2.0,4.0,7.0,7.0,3.0,7.0,0.0,0.0,0.0,0.0,0.0,0.0,0.0,0.0,0.0,0.0,0.0,1.0,0.0,0.0,0.0,0.0,0.0,0.0,0.0,0.0,0.0,0.0,0.0,0.0,0.0,0.0,0.0,0.0,0.8134662081369392,0.7862658993530935,-0.027200308783845606,0.8134662081369392,0.8012212362463514,-0.012244971890587708,0.8134662081369392,0.8256781579560615,0.012211949819122325,0.8134662081369392,0.8265479383176333,0.01308173018069414,0.8134662081369392,0.8004757690417253,-0.012990439095213802,0.8134662081369392,0.812554579586781,-0.0009116285501581389
4.0,1.0,9.0,1.0,1.0,5.0,2.0,5.0,9.0,8.0,4.0,8.0,0.0,0.0,0.0,0.0,0.0,0.0,0.0,0.0,0.0,0.0,0.0,0.0,0.0,0.0,0.0,0.0,0.0,0.0,0.0,0.0,0.0,0.0,0.0,0.0,0.0,0.0,0.0,0.0,0.9245772652856202,0.911822876994254,-0.012754388291366214,,,,0.9245772652856202,0.9301397286809276,0.005562463395307415,0.9245772652856202,0.9305321489167737,0.005954883631153485,0.9245772652856202,0.9185499601248412,-0.006027305160778984,0.9245772652856202,0.9241580314040243,-0.00041923388159592623
4.0,1.0,3.0,1.0,1.0,5.0,4.0,2.0,4.0,4.0,4.0,10.0,0.0,0.0,0.0,1.0,0.0,0.0,1.0,0.0,0.0,0.0,0.0,0.0,1.0,0.0,0.0,0.0,0.0,0.0,0.0,0.0,0.0,0.0,0.0,0.0,0.0,0.0,0.0,0.0,0.6349504733406045,0.5946890949414457,-0.040261378399158776,0.6349504733406045,0.6165113327337445,-0.018439140606860027,0.6349504733406045,0.6538767139638525,0.018926240623247992,0.6349504733406045,0.6552457812589388,0.020295307918334338,0.6349504733406045,0.6154056656224755,-0.019544807718129054,,,
6.0,2.0,9.0,1.0,1.0,4.0,1.0,3.0,10.0,10.0,5.0,10.0,0.0,0.0,0.0,0.0,0.0,0.0,1.0,0.0,0.0,0.0,0.0,0.0,0.0,0.0,0.0,0.0,0.0,0.0,0.0,1.0,0.0,0.0,0.0,0.0,0.0,0.0,0.0,0.0,0.903176638077881,0.8872446337902118,-0.015932004287669166,0.903176638077881,0.8960682834518631,-0.007108354626017888,,,,,,,,,,,,
5.0,1.0,5.0,1.0,2.0,5.0,2.0,3.0,7.0,6.0,4.0,8.0,0.0,0.0,0.0,0.0,0.0,0.0,0.0,0.0,0.0,0.0,0.0,0.0,1.0,0.0,0.0,0.0,0.0,0.0,0.0,0.0,0.0,0.0,0.0,0.0,0.0,0.0,0.0,0.0,0.8481793412908887,0.8249516397753001,-0.023227701515588617,0.8481793412908887,0.837758624310583,-0.010420716980305667,0.8481793412908887,0.8585139713422699,0.010334630051381244,0.8481793412908887,0.8592478457669662,0.011068504476077545,0.8481793412908887,0.8371223257926759,-0.011057015498212808,0.8481793412908887,0.8474055389724467,-0.0007738023184419296
5.0,1.0,3.0,1.0,2.0,4.0,2.0,3.0,6.0,6.0,2.0,5.0,1.0,0.0,0.0,0.0,0.0,0.0,0.0,0.0,0.0,0.0,0.0,0.0,0.0,0.0,0.0,0.0,0.0,0.0,0.0,0.0,0.0,0.0,0.0,0.0,0.0,0.0,0.0,0.0,0.7858258773981145,0.7558049832981208,-0.030020894099993645,0.7858258773981145,0.7722744057589281,-0.013551471639186352,0.7858258773981145,0.7994011468843414,0.013575269486226893,0.7858258773981145,0.8003703374431083,0.014544460044993768,0.7858258773981145,0.7714513471673415,-0.014374530230772953,0.7858258773981145,0.7848148984968872,-0.0010109789012272552
5.0,1.0,10.0,1.0,2.0,3.0,2.0,3.0,8.0,9.0,5.0,10.0,0.0,0.0,0.0,0.0,0.0,0.0,0.0,0.0,0.0,0.0,0.0,0.0,1.0,0.0,0.0,0.0,0.0,0.0,0.0,0.0,0.0,0.0,0.0,0.0,0.0,0.0,0.0,0.0,0.8481825515870236,0.8249552398650071,-0.02322731172201653,0.8481825515870236,0.837762012808122,-0.010420538778901589,0.8481825515870236,0.8585169995617308,0.010334447974707173,0.8481825515870236,0.8592508608544431,0.01106830926741953,,,,,,
4.0,1.0,9.0,1.0,1.0,4.0,2.0,4.0,8.0,7.0,4.0,8.0,0.0,0.0,0.0,1.0,0.0,0.0,0.0,0.0,0.0,0.0,0.0,0.0,1.0,0.0,0.0,0.0,0.0,0.0,0.0,0.0,0.0,0.0,0.0,0.0,0.0,0.0,0.0,0.0,0.7891694714974881,0.759473798778687,-0.029695672718801025,0.7891694714974881,0.7757691922630104,-0.013400279234477619,0.7891694714974881,0.8025860507662397,0.013416579268751616,0.7891694714974881,0.8035436351307985,0.014374163633310455,0.7891694714974881,0.7749550839676589,-0.014214387529829176,0.7891694714974881,0.7881700210512644,-0.0009994504462236264
6.0,5.0,6.0,2.0,2.0,4.0,2.0,3.0,5.0,5.0,3.0,5.0,0.0,0.0,0.0,0.0,0.0,0.0,1.0,0.0,0.0,0.0,0.0,1.0,0.0,0.0,0.0,0.0,0.0,0.0,0.0,0.0,0.0,0.0,0.0,0.0,0.0,0.0,0.0,1.0,0.628421336189914,0.5879072140497411,-0.040514122140172915,0.628421336189914,0.609855042754421,-0.018566293435492986,0.628421336189914,0.647498157051771,0.019076820861857025,0.628421336189914,0.6488789062272438,0.02045757003732973,0.628421336189914,0.6087423637554334,-0.01967897243448058,0.628421336189914,0.6270200074650859,-0.0014013287248281214
4.0,1.0,4.0,1.0,2.0,5.0,3.0,2.0,6.0,5.0,2.0,4.0,0.0,0.0,0.0,0.0,0.0,0.0,1.0,0.0,0.0,0.0,0.0,0.0,1.0,0.0,0.0,0.0,0.0,0.0,0.0,0.0,0.0,0.0,0.0,0.0,0.0,0.0,0.0,0.0,0.8383410376430984,0.8139383220468019,-0.024402715596296476,0.8383410376430984,0.8273824667270199,-0.010958570916078547,0.8383410376430984,0.8492263258397564,0.010885288196658016,0.8383410376430984,0.8499999573785512,0.011658919735452744,0.8383410376430984,0.8267138911494614,-0.011627146493637053,0.8383410376430984,0.8375266966392777,-0.0008143410038207177
4.0,1.0,2.0,1.0,1.0,5.0,1.0,3.0,6.0,5.0,2.0,8.0,0.0,0.0,0.0,0.0,0.0,0.0,1.0,0.0,0.0,0.0,0.0,0.0,0.0,0.0,0.0,0.0,0.0,0.0,0.0,0.0,0.0,0.0,0.0,0.0,0.0,0.0,0.0,0.0,0.9107294657757806,0.8958970088637248,-0.014832456912055814,0.9107294657757806,0.9041167407095329,-0.006612725066247771,0.9107294657757806,0.917221774843039,0.006492309067258395,0.9107294657757806,0.9176803360170158,0.006950870241235196,0.9107294657757806,0.9037107812939436,-0.0070186844818370675,0.9107294657757806,0.9102407321095082,-0.0004887336662724451
4.0,1.0,2.0,1.0,1.0,3.0,3.0,2.0,8.0,8.0,4.0,9.0,0.0,0.0,0.0,0.0,0.0,0.0,1.0,0.0,0.0,0.0,0.0,0.0,0.0,0.0,0.0,0.0,0.0,0.0,0.0,0.0,0.0,0.0,0.0,0.0,0.0,0.0,0.0,0.0,0.8533132784331928,0.8307142718284372,-0.022599006604755667,0.8533132784331928,0.8431797937634945,-0.010133484669698323,0.8533132784331928,0.8633547363933888,0.010041457960195954,0.8533132784331928,0.8640674777943278,0.010754199361134975,0.8533132784331928,0.842560761025981,-0.010752517407211837,0.8533132784331928,0.8525610942978431,-0.0007521841353497205
4.0,1.0,5.0,1.0,1.0,4.0,2.0,3.0,4.0,7.0,4.0,10.0,0.0,0.0,0.0,0.0,0.0,0.0,0.0,0.0,0.0,0.0,0.0,0.0,0.0,0.0,0.0,0.0,0.0,0.0,0.0,0.0,0.0,0.0,0.0,0.0,1.0,0.0,0.0,0.0,0.6948621704069317,0.6576457218782856,-0.03721644852864603,0.6948621704069317,0.6779141653932649,-0.016948005013666778,0.6948621704069317,0.7120906938897948,0.01722852348286319,0.6948621704069317,0.713330449865355,0.01846827945842333,0.6948621704069317,0.6768927512781989,-0.017969419128732733,,,
3.0,1.0,3.0,1.0,2.0,4.0,3.0,3.0,5.0,6.0,3.0,5.0,0.0,0.0,0.0,1.0,0.0,0.0,1.0,0.0,1.0,0.0,0.0,0.0,0.0,0.0,0.0,0.0,0.0,0.0,0.0,0.0,0.0,0.0,0.0,0.0,0.0,0.0,0.0,0.0,0.698721225196263,0.6617463298932945,-0.03697489530296849,0.698721225196263,0.6818894345755796,-0.016831790620683407,0.698721225196263,0.7158209708328312,0.017099745636568242,0.698721225196263,0.7170510465481846,0.018329821351921627,0.698721225196263,0.6808746925369197,-0.017846532659343328,0.698721225196263,0.6974573794616162,-0.0012638457346467735
3.0,1.0,5.0,3.0,3.0,3.0,2.0,3.0,4.0,6.0,2.0,7.0,1.0,0.0,0.0,0.0,0.0,0.0,1.0,0.0,0.0,0.0,0.0,0.0,0.0,0.0,0.0,0.0,0.0,0.0,1.0,0.0,0.0,1.0,0.0,0.0,0.0,0.0,0.0,0.0,0.3766856549074684,0.3376532805384214,-0.039032374369046996,0.3766856549074684,0.3583834709811213,-0.018302183926347138,0.3766856549074684,0.39627028273520876,0.019584627827740342,0.3766856549074684,0.3977197534973539,0.021034098589885475,0.3766856549074684,0.35730940648744386,-0.019376248420024555,0.3766856549074684,0.37527873642011345,-0.001406918487354969
3.0,1.0,8.0,1.0,4.0,5.0,2.0,2.0,7.0,4.0,1.0,6.0,0.0,0.0,0.0,1.0,0.0,0.0,1.0,0.0,0.0,0.0,0.0,0.0,0.0,0.0,0.0,0.0,0.0,1.0,0.0,0.0,0.0,0.0,0.0,0.0,0.0,0.0,0.0,0.0,0.6515388497548574,0.6119889983721776,-0.03954985138267986,0.6515388497548574,0.6334539042174812,-0.018084945537376274,0.6515388497548574,0.670051966866734,0.01851311711187653,0.6515388497548574,0.671389207744699,0.019850357989841583,0.6515388497548574,0.6323679567414695,-0.019170893013387924,0.6515388497548574,0.6501761716693735,-0.0013626780854839593
2.0,3.0,1.0,4.0,4.0,4.0,4.0,3.0,6.0,5.0,3.0,6.0,0.0,0.0,0.0,0.0,0.0,1.0,1.0,0.0,0.0,0.0,0.0,0.0,0.0,0.0,0.0,0.0,1.0,0.0,0.0,0.0,0.0,0.0,0.0,0.0,0.0,1.0,0.0,0.0,0.34468479984934974,0.3073334004354596,-0.03735139941389015,0.34468479984934974,0.3271214602047069,-0.01756333964464285,0.34468479984934974,0.3635761191012976,0.01889131925194787,0.34468479984934974,0.36497829743711035,0.02029349758776061,0.34468479984934974,0.32609346959856916,-0.01859133025078058,0.34468479984934974,0.34333156916481783,-0.0013532306845319142
5.0,2.0,5.0,1.0,2.0,5.0,2.0,4.0,7.0,5.0,3.0,7.0,0.0,0.0,1.0,0.0,0.0,0.0,1.0,0.0,0.0,0.0,0.0,0.0,0.0,0.0,0.0,0.0,0.0,0.0,0.0,0.0,0.0,0.0,0.0,0.0,0.0,0.0,0.0,0.0,0.6069070931951911,0.56566847911413,-0.04123861408106111,0.6069070931951911,0.5879706386916637,-0.018936454503527433,0.6069070931951911,0.6264318546866406,0.01952476149144955,0.6069070931951911,0.627847693728438,0.020940600533246867,0.6069070931951911,0.5868378298388254,-0.02006926335636572,0.6069070931951911,0.6054755657269009,-0.001431527468290228
6.0,1.0,8.0,1.0,1.0,4.0,2.0,4.0,8.0,8.0,4.0,8.0,0.0,0.0,0.0,0.0,0.0,0.0,1.0,0.0,0.0,0.0,0.0,0.0,0.0,1.0,0.0,0.0,0.0,0.0,0.0,0.0,0.0,0.0,0.0,0.0,0.0,0.0,0.0,1.0,0.8588068273019076,0.8368923965262631,-0.021914430775644478,0.8588068273019076,0.8489856876119781,-0.009821139689929481,0.8588068273019076,0.8685301634294296,0.009723336127521964,0.8588068273019076,0.8692199989886827,0.010413171686775136,0.8588068273019076,0.8483854520958917,-0.010421375206015937,0.8588068273019076,0.8580781279451475,-0.0007286993567601208
4.0,1.0,5.0,1.0,1.0,5.0,3.0,2.0,7.0,6.0,2.0,7.0,0.0,1.0,0.0,0.0,0.0,0.0,0.0,0.0,0.0,0.0,0.0,0.0,1.0,0.0,0.0,0.0,0.0,0.0,0.0,0.0,0.0,0.0,0.0,0.0,0.0,0.0,0.0,0.0,0.7804225658514843,0.749885349244509,-0.03053721660697528,0.7804225658514843,0.7666307402272071,-0.013791825624277165,0.7804225658514843,0.7942506489404141,0.013828083088929799,0.7804225658514843,0.7952383500325427,0.014815784181058445,0.7804225658514843,0.7657934699497811,-0.014629095901703137,0.7804225658514843,0.7793932416162844,-0.0010293242351998577
3.0,3.0,2.0,1.0,1.0,4.0,2.0,3.0,5.0,3.0,1.0,6.0,0.0,0.0,1.0,0.0,0.0,0.0,1.0,0.0,0.0,0.0,0.0,0.0,0.0,0.0,0.0,0.0,0.0,1.0,0.0,0.0,1.0,0.0,0.0,0.0,0.0,0.0,0.0,0.0,0.7927365179342273,0.7633926317836918,-0.029343886150535514,0.7927365179342273,0.779499611011546,-0.013236906922681313,0.7927365179342273,0.8059819088414251,0.013245390907197785,0.7927365179342273,0.8069269837008074,0.014190465766580118,0.7927365179342273,0.7786951829445571,-0.014041334989670196,0.7927365179342273,0.7917495149791601,-0.000987002955067151
6.0,1.0,6.0,1.0,3.0,5.0,2.0,4.0,8.0,8.0,3.0,8.0,0.0,0.0,0.0,0.0,0.0,0.0,0.0,0.0,0.0,0.0,0.0,1.0,0.0,0.0,0.0,0.0,0.0,0.0,0.0,0.0,0.0,0.0,0.0,0.0,0.0,0.0,0.0,1.0,0.8035318570233917,0.7752831006768295,-0.02824875634656221,0.8035318570233917,0.7908024559077562,-0.012729401115635475,0.8035318570233917,0.8162472732191262,0.012715416195734464,0.8035318570233917,0.817153688633021,0.013621831609629265,0.8035318570233917,0.7900281554467269,-0.013503701576664806,0.8035318570233917,0.8025834599560616,-0.0009483970673300757
2.0,3.0,1.0,3.0,1.0,4.0,2.0,4.0,10.0,10.0,4.0,10.0,0.0,0.0,1.0,0.0,0.0,0.0,1.0,0.0,0.0,0.0,0.0,0.0,0.0,0.0,0.0,0.0,1.0,0.0,0.0,1.0,0.0,0.0,0.0,0.0,0.0,0.0,0.0,0.0,0.6433762917540956,0.6034638458608902,-0.03991244589320542,0.6433762917540956,0.6251114674193566,-0.01826482433473897,,,,,,,0.6433762917540956,0.6240154741621504,-0.01936081759194519,,,
2.0,2.0,5.0,4.0,1.0,1.0,1.0,5.0,10.0,10.0,5.0,10.0,0.0,0.0,0.0,0.0,0.0,0.0,0.0,0.0,0.0,0.0,0.0,0.0,0.0,0.0,0.0,0.0,1.0,0.0,0.0,0.0,0.0,0.0,0.0,0.0,0.0,1.0,0.0,0.0,0.8546318950729506,0.8321960891575215,-0.02243580591542904,,,,,,,,,,,,,,,
7.0,1.0,5.0,2.0,2.0,4.0,2.0,3.0,7.0,7.0,4.0,8.0,0.0,1.0,0.0,0.0,0.0,0.0,1.0,0.0,0.0,0.0,0.0,0.0,0.0,1.0,0.0,0.0,0.0,0.0,0.0,0.0,0.0,0.0,1.0,0.0,0.0,0.0,0.0,0.0,0.5375828943096209,0.49512165303724726,-0.04246124127237366,0.5375828943096209,0.5179593526062167,-0.01962354170340419,0.5375828943096209,0.5580435075969093,0.02046061328728843,0.5375828943096209,0.5595362934960998,0.021953399186478872,0.5375828943096209,0.5167922473688699,-0.020790646940751056,0.5375828943096209,0.5360918828567436,-0.0014910114528773333
4.0,1.0,3.0,1.0,2.0,4.0,3.0,2.0,0.0,2.0,1.0,5.0,0.0,0.0,0.0,0.0,0.0,0.0,1.0,0.0,0.0,0.0,0.0,0.0,0.0,0.0,0.0,0.0,0.0,0.0,0.0,0.0,0.0,0.0,0.0,0.0,0.0,0.0,0.0,0.0,0.7741485122028431,0.7430260553105024,-0.031122456892340722,0.7741485122028431,0.7600837553447143,-0.014064756858128802,0.7741485122028431,0.7882645114532381,0.014115999250394973,0.7741485122028431,0.7892733248124987,0.015124812609655591,0.7741485122028431,0.7592303731141242,-0.014918139088718863,0.7741485122028431,0.7730983278419639,-0.001050184360879225
5.0,1.0,5.0,1.0,2.0,5.0,3.0,3.0,5.0,5.0,1.0,5.0,0.0,0.0,0.0,0.0,0.0,0.0,1.0,0.0,0.0,0.0,0.0,0.0,0.0,0.0,0.0,0.0,0.0,0.0,0.0,0.0,0.0,0.0,0.0,0.0,0.0,0.0,0.0,0.0,0.8295015735580108,0.8040763637041801,-0.025425209853830677,0.8295015735580108,0.8180738245217508,-0.011427749036259982,0.8295015735580108,0.8408690865145606,0.011367512956549808,0.8295015735580108,0.8416776052202145,0.012176031662203712,0.8295015735580108,0.8173771530113089,-0.01212442054670193,0.8295015735580108,0.8286518056747023,-0.0008497678833084832
3.0,1.0,9.0,1.0,1.0,4.0,1.0,4.0,8.0,9.0,5.0,10.0,0.0,0.0,0.0,0.0,0.0,0.0,1.0,0.0,0.0,0.0,0.0,1.0,0.0,0.0,0.0,0.0,0.0,0.0,0.0,0.0,0.0,0.0,0.0,0.0,0.0,0.0,0.0,0.0,0.929057696198368,0.9169929508412251,-0.012064745357142859,0.929057696198368,0.9236888764465577,-0.00536881975181025,0.929057696198368,0.9343132013877585,0.0052555051893905524,0.929057696198368,0.9346838245586419,0.005626128360273874,,,,,,
5.0,1.0,5.0,2.0,2.0,4.0,3.0,2.0,6.0,7.0,3.0,5.0,0.0,1.0,0.0,0.0,0.0,0.0,1.0,0.0,0.0,0.0,0.0,0.0,0.0,0.0,0.0,0.0,0.0,1.0,0.0,0.0,1.0,0.0,0.0,0.0,0.0,0.0,0.0,0.0,0.7330606606393288,0.6984815062934568,-0.034579154345872,0.7330606606393288,0.7173713298611601,-0.015689330778168697,0.7330606606393288,0.7489117801168748,0.015851119477545916,0.7330606606393288,0.7500486362466505,0.01698797560732168,0.7330606606393288,0.716422701900681,-0.016637958738647818,0.7330606606393288,0.7318855909194607,-0.0011750697198681381
3.0,1.0,8.0,1.0,2.0,4.0,4.0,4.0,9.0,7.0,4.0,7.0,0.0,0.0,0.0,0.0,1.0,0.0,0.0,0.0,0.0,0.0,0.0,1.0,0.0,0.0,0.0,0.0,0.0,0.0,0.0,0.0,0.0,0.0,0.0,0.0,0.0,0.0,0.0,0.0,0.8318416794933914,0.8066841067697758,-0.02515757272361563,0.8318416794933914,0.8205368434085155,-0.011304836084875869,0.8318416794933914,0.8430826867521594,0.011241007258767977,0.8318416794933914,0.8438820466471288,0.012040367153737463,0.8318416794933914,0.819847526772202,-0.011994152721189422,0.8318416794933914,0.8310011985553596,-0.0008404809380317957
6.0,1.0,9.0,1.0,1.0,5.0,3.0,4.0,8.0,8.0,5.0,8.0,0.0,0.0,0.0,0.0,0.0,0.0,0.0,0.0,0.0,0.0,0.0,0.0,0.0,1.0,0.0,0.0,0.0,0.0,0.0,1.0,0.0,0.0,0.0,0.0,0.0,0.0,0.0,0.0,0.8793739825244672,0.8601318633126255,-0.019242119211841713,0.8793739825244672,0.8707681802736498,-0.008605802250817418,0.8793739825244672,0.8878658861270857,0.008491903602618533,0.8793739825244672,0.8884672937727375,0.009093311248270286,,,,0.8793739825244672,0.8787364424570221,-0.0006375400674450971
7.0,1.0,10.0,2.0,2.0,4.0,2.0,4.0,8.0,8.0,3.0,8.0,0.0,0.0,0.0,0.0,0.0,0.0,1.0,0.0,0.0,0.0,0.0,1.0,0.0,0.0,0.0,0.0,0.0,0.0,0.0,1.0,0.0,0.0,0.0,0.0,0.0,0.0,0.0,0.0,0.8156598817463183,0.7886963625311467,-0.026963519215171594,0.8156598817463183,0.8035241321091072,-0.01213574963721109,0.8156598817463183,0.827758625337563,0.012098743591244632,0.8156598817463183,0.8286201797934982,0.012960298047179908,0.8156598817463183,0.8027851755185704,-0.01287470622774789,0.8156598817463183,0.8147565327425959,-0.0009033490037224645
7.0,2.0,7.0,1.0,1.0,4.0,1.0,5.0,10.0,8.0,3.0,10.0,0.0,0.0,0.0,0.0,0.0,0.0,1.0,0.0,0.0,0.0,0.0,1.0,0.0,0.0,0.0,0.0,0.0,0.0,0.0,0.0,0.0,0.0,1.0,0.0,0.0,0.0,0.0,0.0,0.8669584094226261,0.8460824243780916,-0.020875985044534584,,,,,,,0.8669584094226261,0.8768565957115656,0.009898186288939459,0.8669584094226261,0.8570385411877863,-0.009919868234839813,,,
3.0,1.0,2.0,1.0,2.0,5.0,3.0,2.0,8.0,7.0,3.0,7.0,0.0,0.0,0.0,0.0,0.0,1.0,1.0,0.0,0.0,0.0,0.0,0.0,0.0,0.0,0.0,0.0,1.0,0.0,0.0,0.0,0.0,0.0,0.0,0.0,0.0,0.0,0.0,0.0,0.7345973303014888,0.7001358084478291,-0.03446152185365969,0.7345973303014888,0.7189636917104809,-0.01563363859100786,0.7345973303014888,0.7503882716658339,0.015790941364345112,0.7345973303014888,0.7515206607032798,0.01692333040179106,0.7345973303014888,0.7180183075610047,-0.016579022740484062,0.7345973303014888,0.7334265651678578,-0.0011707651336310132
4.0,1.0,8.0,1.0,1.0,4.0,1.0,4.0,9.0,8.0,4.0,10.0,0.0,0.0,0.0,0.0,0.0,0.0,1.0,0.0,0.0,0.0,0.0,0.0,1.0,0.0,0.0,0.0,0.0,0.0,0.0,1.0,0.0,0.0,0.0,0.0,0.0,0.0,0.0,0.0,0.9164958094895039,0.9025188905567276,-0.013976918932776305,0.9164958094895039,0.9102681417241034,-0.006227667765400513,0.9164958094895039,0.9226043925644117,0.006108583074907803,0.9164958094895039,0.9230356380151878,0.006539828525683911,0.9164958094895039,0.9098856308065478,-0.006610178682956103,,,
5.0,1.0,3.0,1.0,3.0,4.0,3.0,2.0,9.0,8.0,4.0,8.0,0.0,0.0,0.0,0.0,0.0,0.0,0.0,0.0,0.0,0.0,0.0,0.0,0.0,0.0,0.0,0.0,0.0,0.0,0.0,0.0,0.0,0.0,0.0,0.0,0.0,0.0,0.0,0.0,0.7804269050802087,0.7498900985417873,-0.03053680653842139,0.7804269050802087,0.7666352705072415,-0.013791634572967282,0.7804269050802087,0.7942547869445346,0.01382788186432582,0.7804269050802087,0.7952424732932124,0.014815568213003671,0.7804269050802087,0.7657980115179543,-0.014628893562254386,0.7804269050802087,0.7793975954363681,-0.0010293096438406257
4.0,1.0,5.0,1.0,2.0,5.0,2.0,4.0,6.0,8.0,4.0,8.0,1.0,0.0,0.0,0.0,0.0,0.0,1.0,0.0,0.0,0.0,0.0,0.0,1.0,0.0,0.0,0.0,0.0,0.0,0.0,0.0,0.0,0.0,0.0,0.0,0.0,0.0,1.0,0.0,0.909837988705658,0.8948745088503678,-0.01496347985529023,0.909837988705658,0.9031662487111213,-0.006671739994536741,0.909837988705658,0.9163891793796848,0.006551190674026763,0.909837988705658,0.9168519347164825,0.007013946010824501,0.909837988705658,0.9027566978506644,-0.007081290854993649,0.909837988705658,0.9093448602493884,-0.000493128456269587
7.0,3.0,4.0,2.0,2.0,3.0,2.0,3.0,7.0,7.0,5.0,7.0,0.0,0.0,0.0,0.0,0.0,0.0,0.0,0.0,0.0,0.0,0.0,1.0,0.0,0.0,0.0,0.0,0.0,0.0,0.0,0.0,0.0,0.0,0.0,0.0,0.0,0.0,0.0,0.0,0.6623974381649388,0.6233675929118719,-0.03902984525306685,0.6623974381649388,0.6445686136626011,-0.017828824502337692,0.6623974381649388,0.6806164522956312,0.01821901413069238,0.6623974381649388,0.6819312012883898,0.01953376312345101,,,,0.6623974381649388,0.6610551329663698,-0.0013423051985690382
2.0,3.0,2.0,2.0,1.0,5.0,2.0,3.0,2.0,10.0,2.0,6.0,0.0,0.0,0.0,0.0,0.0,0.0,1.0,0.0,0.0,0.0,0.0,0.0,0.0,0.0,0.0,0.0,0.0,0.0,0.0,0.0,0.0,0.0,0.0,0.0,0.0,0.0,0.0,0.0,0.8842124133694961,0.8656241741296128,-0.018588239239883286,0.8842124133694961,0.8759030857908265,-0.008309327578669534,0.8842124133694961,0.8924053741364456,0.00819296076694953,,,,0.8842124133694961,0.875394135950512,-0.00881827741898411,0.8842124133694961,0.8835970606541742,-0.0006153527153218707
6.0,3.0,6.0,3.0,3.0,4.0,4.0,1.0,6.0,7.0,3.0,7.0,0.0,0.0,0.0,0.0,0.0,0.0,1.0,0.0,0.0,0.0,1.0,0.0,0.0,0.0,0.0,0.0,0.0,0.0,0.0,0.0,0.0,0.0,0.0,0.0,0.0,0.0,0.0,1.0,0.6169788575532847,0.576058782239583,-0.04092007531370179,0.6169788575532847,0.5982063793154215,-0.01877247823786321,0.6169788575532847,0.6363031461191592,0.019324288565874426,0.6169788575532847,0.6377032101290379,0.020724352575753113,0.6169788575532847,0.5970824274981272,-0.01989643005515751,0.6169788575532847,0.6155607749087804,-0.0014180826445043815
3.0,1.0,5.0,1.0,1.0,4.0,1.0,4.0,6.0,7.0,2.0,8.0,0.0,0.0,0.0,0.0,0.0,0.0,0.0,0.0,0.0,0.0,0.0,0.0,0.0,0.0,0.0,0.0,0.0,0.0,0.0,0.0,0.0,0.0,0.0,0.0,0.0,0.0,0.0,0.0,0.9296490316605517,0.9176759401979288,-0.011973091462622931,0.9296490316605517,0.9243213180521943,-0.005327713608357376,0.9296490316605517,0.9348638011951774,0.0052147695346257406,0.9296490316605517,0.9352315330872679,0.005582501426716235,0.9296490316605517,0.9239937112263641,-0.005655320434187594,0.9296490316605517,0.9292558319116538,-0.00039319974889784337
5.0,1.0,8.0,1.0,3.0,5.0,3.0,3.0,8.0,9.0,5.0,9.0,0.0,0.0,0.0,0.0,0.0,0.0,1.0,0.0,0.0,0.0,0.0,0.0,1.0,0.0,0.0,0.0,0.0,0.0,0.0,1.0,0.0,0.0,0.0,0.0,0.0,0.0,0.0,0.0,0.7865728561550552,0.7566242387621148,-0.029948617392940413,0.7865728561550552,0.7730549985501166,-0.013517857604938621,0.7865728561550552,0.8001128223194914,0.013539966164436201,0.7865728561550552,0.8010794300418358,0.01450657388678056,,,,0.7865728561550552,0.7855644410878029,-0.001008415067252355
4.0,1.0,4.0,1.0,2.0,4.0,4.0,3.0,5.0,7.0,3.0,5.0,0.0,0.0,0.0,0.0,1.0,0.0,0.0,0.0,0.0,0.0,0.0,1.0,0.0,0.0,0.0,0.0,0.0,0.0,0.0,0.0,0.0,0.0,0.0,0.0,0.0,0.0,0.0,0.0,0.7822876500213829,0.7519273658940319,-0.030360284127351034,0.7822876500213829,0.7685782335872106,-0.013709416434172339,0.7822876500213829,0.7960289758763643,0.013741325854981445,0.7822876500213829,0.797010321899052,0.014722671877669069,0.7822876500213829,0.7677458336488021,-0.014541816372580785,0.7822876500213829,0.7812646183499425,-0.0010230316714403553
6.0,1.0,9.0,1.0,2.0,4.0,2.0,4.0,8.0,7.0,3.0,8.0,0.0,0.0,0.0,0.0,0.0,0.0,0.0,0.0,0.0,0.0,0.0,0.0,0.0,0.0,0.0,0.0,0.0,0.0,0.0,1.0,0.0,0.0,0.0,0.0,0.0,0.0,0.0,0.0,0.8594381244940058,0.8376031484655445,-0.021834976028461295,0.8594381244940058,0.8496532092638633,-0.009784915230142466,0.8594381244940058,0.86912461121924,0.0096864867252342,0.8594381244940058,0.8698117951919001,0.0103736706978943,0.8594381244940058,0.849055155218567,-0.010382969275438803,0.8594381244940058,0.8587121472521199,-0.0007259772418859445
5.0,2.0,4.0,3.0,1.0,3.0,2.0,3.0,8.0,7.0,4.0,3.0,0.0,0.0,0.0,0.0,0.0,0.0,0.0,0.0,0.0,0.0,0.0,0.0,1.0,0.0,0.0,0.0,0.0,0.0,0.0,0.0,0.0,0.0,0.0,0.0,0.0,0.0,0.0,0.0,0.8022203307545527,0.773836076139283,-0.02838425461526972,0.8022203307545527,0.789428222760541,-0.012792107994011648,0.8022203307545527,0.8150010863543354,0.012780755599782756,0.8022203307545527,0.8159122625865569,0.013691931832004234,0.8022203307545527,0.7886501952659746,-0.013570135488578106,0.8022203307545527,0.8012671684663119,-0.0009531622882408275
4.0,3.0,6.0,1.0,4.0,2.0,2.0,2.0,6.0,7.0,5.0,8.0,1.0,0.0,0.0,0.0,0.0,0.0,1.0,0.0,0.0,0.0,0.0,0.0,0.0,0.0,0.0,0.0,0.0,0.0,0.0,0.0,0.0,0.0,0.0,0.0,0.0,0.0,0.0,0.0,0.49170568647832424,0.44934686734435914,-0.04235881913396511,0.49170568647832424,0.4720472686139835,-0.01965841786434075,0.49170568647832424,0.5123548666210858,0.020649180142761514,0.49170568647832424,0.5138675388114736,0.02216185233314938,,,,0.49170568647832424,0.4902070281157832,-0.0014986583625410388
2.0,3.0,6.0,4.0,2.0,4.0,3.0,2.0,4.0,3.0,3.0,1.0,0.0,0.0,0.0,0.0,0.0,0.0,0.0,0.0,0.0,0.0,0.0,0.0,0.0,0.0,0.0,0.0,1.0,0.0,0.0,0.0,0.0,0.0,0.0,0.0,0.0,1.0,0.0,0.0,0.7781549276456289,0.7474044177063939,-0.030750509939235005,0.7781549276456289,0.7642636933159241,-0.013891234329704738,0.7781549276456289,0.7920877721975933,0.013932844551964418,0.7781549276456289,0.793083151256822,0.01492822361119317,0.7781549276456289,0.763420551383114,-0.014734376262514837,0.7781549276456289,0.7771180091599361,-0.0010369184856927616
6.0,1.0,4.0,1.0,2.0,2.0,4.0,3.0,7.0,5.0,3.0,6.0,1.0,0.0,0.0,0.0,0.0,0.0,0.0,0.0,0.0,0.0,0.0,0.0,0.0,1.0,0.0,0.0,0.0,0.0,0.0,0.0,0.0,0.0,0.0,0.0,0.0,0.0,0.0,0.0,0.5831894877147829,0.5413430848166512,-0.041846402898131685,0.5831894877147829,0.5639314170495764,-0.01925807066520646,0.5831894877147829,0.603121928324133,0.019932440609350177,0.5831894877147829,0.6045703455769286,0.02138085786214572,0.5831894877147829,0.5627816625877098,-0.020407825127073065,0.5831894877147829,0.5817311140498935,-0.001458373664889323
5.0,3.0,10.0,3.0,1.0,5.0,3.0,3.0,9.0,8.0,5.0,8.0,0.0,0.0,0.0,0.0,0.0,0.0,1.0,0.0,0.0,0.0,0.0,0.0,0.0,0.0,0.0,0.0,1.0,0.0,0.0,0.0,0.0,0.0,0.0,0.0,0.0,0.0,0.0,0.0,0.7983285300269575,0.7695461943620487,-0.02878233566490873,0.7983285300269575,0.7853520569046005,-0.012976473122356946,0.7983285300269575,0.8113016222210879,0.012973092194130453,0.7983285300269575,0.8122268213976954,0.013898291370737947,,,,0.7983285300269575,0.7973613495955653,-0.0009671804313922117
4.0,1.0,9.0,1.0,1.0,4.0,2.0,3.0,8.0,8.0,4.0,9.0,0.0,0.0,0.0,0.0,0.0,0.0,1.0,0.0,0.0,1.0,0.0,0.0,0.0,0.0,0.0,0.0,0.0,0.0,0.0,1.0,0.0,0.0,0.0,0.0,0.0,0.0,0.0,0.0,0.8959381581094863,0.8789746859083959,-0.0169634722010904,0.8959381581094863,0.8883640706408458,-0.007574087468640522,0.8959381581094863,0.9033920738765275,0.0074539157670412415,0.8959381581094863,0.9039192213447955,0.007981063235309227,0.8959381581094863,0.8878996855573933,-0.008038472552093001,0.8959381581094863,0.8953777483850678,-0.0005604097244185091
6.0,1.0,8.0,1.0,2.0,3.0,2.0,3.0,8.0,8.0,2.0,9.0,0.0,0.0,0.0,0.0,0.0,0.0,0.0,0.0,0.0,0.0,0.0,1.0,0.0,0.0,0.0,0.0,0.0,0.0,0.0,0.0,0.0,0.0,0.0,0.0,0.0,0.0,0.0,0.0,0.852726830196579,0.830055467543492,-0.022671362653087,0.852726830196579,0.8425603070859402,-0.010166523110638814,0.852726830196579,0.8628019788602929,0.01007514866371384,0.852726830196579,0.8635171476574329,0.010790317460853904,0.852726830196579,0.8419392873869807,-0.010787542809598372,0.852726830196579,0.851972160528618,-0.0007546696679610054
7.0,3.0,8.0,2.0,4.0,5.0,3.0,2.0,5.0,5.0,3.0,5.0,0.0,0.0,0.0,0.0,0.0,0.0,0.0,0.0,0.0,0.0,0.0,1.0,0.0,0.0,0.0,0.0,0.0,0.0,0.0,0.0,0.0,0.0,1.0,0.0,0.0,0.0,0.0,0.0,0.593932216178107,0.5523364512155469,-0.04159576496256012,0.593932216178107,0.5748086172148962,-0.01912359896321081,0.593932216178107,0.6136912245214912,0.019759008343384177,0.593932216178107,0.6151256836508119,0.021193467472704897,0.593932216178107,0.5736658603830446,-0.02026635579506242,0.593932216178107,0.5924851650610732,-0.001447051117033804
5.0,3.0,10.0,1.0,2.0,3.0,2.0,3.0,5.0,5.0,4.0,7.0,0.0,1.0,0.0,0.0,0.0,0.0,1.0,0.0,0.0,0.0,0.0,0.0,0.0,0.0,0.0,0.0,0.0,0.0,1.0,1.0,0.0,0.0,0.0,0.0,0.0,0.0,0.0,0.0,0.34077403182693783,0.3036500509652844,-0.037123980861653416,0.34077403182693783,0.3233116498965939,-0.01746238193034394,0.34077403182693783,0.3595686187369421,0.018794586910004296,0.34077403182693783,0.3609641075799346,0.02019007575299675,0.34077403182693783,0.32228989727978835,-0.018484134547149478,0.34077403182693783,0.33942820219122893,-0.001345829635708895
4.0,1.0,6.0,1.0,3.0,3.0,3.0,3.0,5.0,5.0,3.0,4.0,0.0,0.0,0.0,0.0,0.0,0.0,0.0,0.0,0.0,0.0,0.0,0.0,0.0,0.0,0.0,0.0,0.0,0.0,0.0,0.0,0.0,0.0,0.0,0.0,0.0,0.0,0.0,0.0,0.7469011334845738,0.7134139462648648,-0.033487187219709,0.7469011334845738,0.7317275749641113,-0.015173558520462427,0.7469011334845738,0.7621970016733777,0.015295868188803907,0.7469011334845738,0.7632927181431839,0.016391584658610125,0.7469011334845738,0.7308090513634634,-0.01609208212111035,0.7469011334845738,0.7457658598418375,-0.0011352736427362453
2.0,2.0,3.0,4.0,1.0,4.0,1.0,4.0,7.0,8.0,3.0,7.0,0.0,0.0,0.0,0.0,0.0,0.0,1.0,0.0,1.0,0.0,0.0,0.0,0.0,0.0,0.0,0.0,0.0,0.0,0.0,0.0,0.0,0.0,0.0,0.0,0.0,1.0,0.0,0.0,0.9254020562951163,0.9127739861492278,-0.012628070145888515,0.9254020562951163,0.9197804702508559,-0.00562158604426044,0.9254020562951163,0.9309082365589347,0.005506180263818439,0.9254020562951163,0.931296658779329,0.0058946024842126965,0.9254020562951163,0.9194349197929796,-0.00596713650213665,0.9254020562951163,0.9249870350216507,-0.0004150212734655989
2.0,3.0,5.0,4.0,1.0,4.0,2.0,4.0,7.0,6.0,2.0,7.0,0.0,1.0,0.0,0.0,0.0,0.0,0.0,0.0,0.0,0.0,0.0,0.0,0.0,0.0,0.0,0.0,1.0,0.0,0.0,0.0,0.0,0.0,0.0,0.0,0.0,1.0,0.0,0.0,0.7106677091283699,0.6744759059929625,-0.036191803135407374,0.7106677091283699,0.6942112507518876,-0.01645645837648224,0.7106677091283699,0.7273539851991772,0.016686276070807304,0.7106677091283699,0.7285530705335627,0.017885361405192812,0.7106677091283699,0.6932181306277573,-0.017449578500612573,0.7106677091283699,0.7094331376682268,-0.0012345714601430524
2.0,2.0,6.0,4.0,2.0,5.0,2.0,4.0,4.0,8.0,2.0,2.0,0.0,1.0,0.0,0.0,0.0,0.0,1.0,0.0,0.0,0.0,0.0,0.0,0.0,0.0,0.0,0.0,1.0,0.0,0.0,0.0,0.0,0.0,0.0,0.0,0.0,1.0,0.0,0.0,0.6796367399351828,0.641521322930695,-0.03811541700448784,0.6796367399351828,0.6622541215275325,-0.01738261840765032,0.6796367399351828,0.6973504899350574,0.01771374999987463,0.6796367399351828,0.6986268552548656,0.018990115319682754,0.6796367399351828,0.6612078643861938,-0.018428875548988977,0.6796367399351828,0.6783296923801218,-0.0013070475550610583
2.0,3.0,2.0,4.0,2.0,5.0,2.0,1.0,2.0,0.0,1.0,2.0,0.0,0.0,0.0,0.0,0.0,0.0,1.0,0.0,0.0,0.0,0.0,0.0,0.0,0.0,0.0,0.0,1.0,0.0,0.0,0.0,0.0,0.0,0.0,0.0,0.0,1.0,0.0,0.0,0.7881522512342087,0.7583571731890585,-0.029795078045150247,0.7881522512342087,0.7747057756024455,-0.013446475631763266,0.7881522512342087,0.8016172905448478,0.013465039310639026,0.7881522512342087,0.8025784181229026,0.014426166888693914,0.7881522512342087,0.7738889317204081,-0.014263319513800665,0.7881522512342087,0.7871492792267478,-0.0010029720074609116
4.0,4.0,3.0,3.0,3.0,2.0,4.0,1.0,7.0,0.0,1.0,0.0,0.0,0.0,0.0,0.0,0.0,0.0,0.0,0.0,0.0,0.0,0.0,0.0,0.0,0.0,0.0,0.0,1.0,0.0,0.0,0.0,0.0,0.0,0.0,0.0,1.0,0.0,0.0,0.0,0.18789698819232883,0.16330185817639914,-0.024595130015929695,0.18789698819232883,0.17617495080593973,-0.011722037386389106,0.18789698819232883,0.20082862288272135,0.012931634690392518,0.18789698819232883,0.20180216667084164,0.013905178478512803,0.18789698819232883,0.17549759551040273,-0.012399392681926108,0.18789698819232883,0.1869836688507607,-0.0009133193415681307
3.0,2.0,9.0,2.0,2.0,4.0,2.0,4.0,8.0,8.0,3.0,8.0,0.0,0.0,0.0,0.0,0.0,0.0,1.0,0.0,0.0,0.0,0.0,0.0,1.0,0.0,0.0,0.0,0.0,0.0,0.0,1.0,0.0,0.0,0.0,0.0,0.0,0.0,0.0,0.0,0.8540515176178767,0.8315437934196143,-0.022507724198262413,0.8540515176178767,0.8439597063967923,-0.010091811221084379,0.8540515176178767,0.8640504907367831,0.009998973118906407,0.8540515176178767,0.8647601715560229,0.01070865393814624,0.8540515176178767,0.8433431803019968,-0.010708337315879835,0.8540515176178767,0.8533024682495383,-0.000749049368338417
5.0,1.0,6.0,3.0,1.0,1.0,1.0,4.0,4.0,4.0,2.0,6.0,0.0,0.0,0.0,0.0,0.0,0.0,1.0,0.0,0.0,0.0,0.0,0.0,0.0,1.0,0.0,0.0,0.0,0.0,0.0,1.0,0.0,0.0,0.0,0.0,0.0,0.0,0.0,0.0,0.7751552890818978,0.7441257116059692,-0.031029577475928605,0.7751552890818978,0.7611338834297248,-0.014021405652173025,0.7751552890818978,0.7892254958246053,0.014070206742707536,0.7751552890818978,0.7902309490121263,0.015075659930228524,0.7751552890818978,0.760283058456012,-0.01487223062588583,0.7751552890818978,0.774108420119027,-0.0010468689628707617
6.0,1.0,4.0,2.0,1.0,3.0,1.0,2.0,1.0,0.0,1.0,8.0,0.0,0.0,0.0,0.0,1.0,0.0,0.0,0.0,0.0,0.0,0.0,0.0,0.0,0.0,0.0,0.0,0.0,0.0,0.0,0.0,0.0,0.0,0.0,0.0,0.0,0.0,0.0,0.0,0.8037220821898343,0.775493035057044,-0.028229047132790286,0.8037220821898343,0.7910018002828012,-0.012720281907033115,0.8037220821898343,0.8164279996262837,0.012705917436449332,0.8037220821898343,0.8173337230570534,0.01361164086721911,0.8037220821898343,0.7902280419322992,-0.01349404025753509,0.8037220821898343,0.8027743779976289,-0.0009477041922054674
6.0,3.0,3.0,3.0,2.0,4.0,3.0,2.0,10.0,8.0,5.0,10.0,0.0,0.0,0.0,0.0,0.0,0.0,1.0,0.0,0.0,0.0,0.0,0.0,0.0,0.0,0.0,0.0,0.0,0.0,0.0,0.0,0.0,1.0,0.0,0.0,0.0,0.0,0.0,0.0,0.5931652571448888,0.5515502481307113,-0.04161500901417747,0.5931652571448888,0.574031443573665,-0.01913381357122379,,,,0.5931652571448888,0.614372763690161,0.02120750654527226,,,,,,
6.0,1.0,8.0,1.0,3.0,4.0,1.0,5.0,10.0,10.0,5.0,10.0,0.0,0.0,0.0,0.0,0.0,0.0,1.0,0.0,0.0,0.0,0.0,1.0,0.0,0.0,0.0,0.0,0.0,0.0,0.0,0.0,0.0,0.0,0.0,0.0,0.0,0.0,0.0,0.0,0.7994000034948255,0.7707266701489296,-0.028673333345895946,,,,,,,,,,,,,,,
3.0,1.0,3.0,2.0,1.0,5.0,2.0,3.0,7.0,6.0,3.0,8.0,0.0,0.0,0.0,0.0,0.0,0.0,1.0,0.0,0.0,1.0,0.0,0.0,0.0,0.0,0.0,0.0,0.0,0.0,0.0,0.0,0.0,0.0,0.0,0.0,0.0,0.0,1.0,0.0,0.950951449129922,0.9423791224718238,-0.008572326658098262,0.950951449129922,0.9471452580057668,-0.003806191124155256,0.950951449129922,0.9546641803056365,0.0037127311757144676,0.950951449129922,0.9549255171936722,0.003974068063750225,0.950951449129922,0.946910779312823,-0.004040669817099052,0.950951449129922,0.9506709934237338,-0.0002804557061881763
5.0,1.0,1.0,1.0,2.0,5.0,2.0,3.0,7.0,7.0,3.0,9.0,0.0,0.0,0.0,0.0,0.0,0.0,1.0,0.0,0.0,0.0,0.0,0.0,0.0,0.0,0.0,0.0,0.0,0.0,0.0,1.0,0.0,0.0,0.0,0.0,0.0,0.0,0.0,0.0,0.8417577987213496,0.8177587305081515,-0.023999068213198083,0.8417577987213496,0.8309841483603101,-0.0107736503610395,0.8417577987213496,0.8524535111028375,0.01069571238148792,0.8417577987213496,0.8532134458707733,0.011455647149423709,0.8417577987213496,0.8303266619384034,-0.01143113678294616,0.8417577987213496,0.8409574040822925,-0.0008003946390571226
7.0,1.0,5.0,1.0,2.0,2.0,2.0,4.0,9.0,9.0,3.0,9.0,0.0,0.0,0.0,0.0,0.0,0.0,1.0,0.0,0.0,0.0,0.0,0.0,0.0,0.0,0.0,0.0,0.0,0.0,0.0,1.0,0.0,0.0,0.0,0.0,0.0,0.0,0.0,0.0,0.7590149494028335,0.7265437201057359,-0.03247122929709767,0.7590149494028335,0.7443190205248853,-0.014695928877948239,0.7590149494028335,0.7738004410855495,0.014785491682715923,0.7590149494028335,0.7748584854818709,0.015843536079037324,0.7590149494028335,0.7434284916832712,-0.015586457719562352,0.7590149494028335,0.7579164008305393,-0.001098548572294189
5.0,1.0,9.0,2.0,1.0,4.0,2.0,4.0,6.0,6.0,5.0,7.0,0.0,0.0,0.0,0.0,0.0,0.0,0.0,0.0,0.0,0.0,0.0,0.0,1.0,0.0,0.0,0.0,0.0,0.0,0.0,1.0,0.0,0.0,0.0,0.0,0.0,0.0,0.0,0.0,0.861811246452304,0.8402764018757564,-0.02153484457654764,0.861811246452304,0.8521631140765824,-0.009648132375721596,0.861811246452304,0.8713586736264445,0.009547427174140477,0.861811246452304,0.8720358543626424,0.010224607910338412,,,,0.861811246452304,0.8610955449995996,-0.000715701452704387
5.0,2.0,8.0,2.0,1.0,3.0,1.0,5.0,5.0,7.0,3.0,5.0,0.0,0.0,0.0,0.0,0.0,0.0,0.0,0.0,0.0,0.0,0.0,1.0,0.0,0.0,0.0,0.0,0.0,0.0,0.0,0.0,0.0,0.0,0.0,0.0,0.0,0.0,0.0,0.0,0.8542634045408769,0.831781920760232,-0.02248148378064485,,,,0.8542634045408769,0.8642501685840177,0.009986764043140806,0.8542634045408769,0.8649589699569044,0.010695565416027453,0.8542634045408769,0.8435677659764222,-0.010695638564454657,0.8542634045408769,0.853515256117737,-0.0007481484231398605
4.0,1.0,4.0,1.0,2.0,4.0,2.0,4.0,9.0,9.0,4.0,10.0,0.0,0.0,0.0,1.0,0.0,0.0,1.0,0.0,0.0,0.0,0.0,0.0,1.0,0.0,0.0,0.0,0.0,0.0,0.0,0.0,0.0,0.0,0.0,0.0,0.0,0.0,0.0,0.0,0.6714522672269511,0.6328890774030741,-0.038563189823876964,0.6714522672269511,0.6538517438221204,-0.017600523404830648,0.6714522672269511,0.6894117511404486,0.017959483913497554,0.6714522672269511,0.6907067472476539,0.019254480020702847,0.6714522672269511,0.6527931043737805,-0.018659162853170597,,,
3.0,1.0,10.0,1.0,2.0,2.0,2.0,4.0,7.0,7.0,2.0,8.0,0.0,0.0,0.0,0.0,0.0,0.0,0.0,0.0,0.0,0.0,0.0,0.0,1.0,0.0,0.0,0.0,0.0,0.0,0.0,0.0,0.0,0.0,0.0,0.0,0.0,0.0,0.0,0.0,0.8642967700581692,0.8430787334628661,-0.02121803659530308,0.8642967700581692,0.8547929341256905,-0.009503835932478721,0.8642967700581692,0.8736976399800652,0.009400869921896038,0.8642967700581692,0.8743642834339717,0.010067513375802473,0.8642967700581692,0.8542118169765798,-0.01008495308158941,0.8642967700581692,0.8635919039910716,-0.0007048660670976314
3.0,1.0,9.0,1.0,2.0,5.0,2.0,3.0,9.0,7.0,4.0,7.0,0.0,0.0,0.0,0.0,0.0,0.0,1.0,0.0,0.0,0.0,0.0,1.0,0.0,0.0,0.0,0.0,0.0,0.0,0.0,0.0,0.0,0.0,0.0,0.0,0.0,0.0,0.0,0.0,0.9079816483127428,0.8927464036161098,-0.015235244696632955,0.9079816483127428,0.9011874626138491,-0.006794185698893673,0.9079816483127428,0.9146550688147236,0.006673420501980831,0.9079816483127428,0.9151265329099091,0.007144884597166334,0.9079816483127428,0.9007704621337805,-0.0072111861789622145,0.9079816483127428,0.9074793993121046,-0.0005022490006381108
3.0,1.0,6.0,1.0,2.0,4.0,3.0,4.0,8.0,10.0,2.0,9.0,0.0,0.0,1.0,0.0,0.0,0.0,1.0,0.0,0.0,0.0,0.0,0.0,0.0,0.0,0.0,0.0,0.0,1.0,0.0,0.0,0.0,0.0,0.0,0.0,0.0,0.0,0.0,0.0,0.7031833951733578,0.6664947398841808,-0.036688655289176975,0.7031833951733578,0.6864890409651405,-0.0166943542082173,0.7031833951733578,0.7201313223964607,0.0169479272231029,,,,0.7031833951733578,0.68548220370837,-0.01770119146498783,0.7031833951733578,0.701930282768805,-0.0012531124045528363
2.0,2.0,5.0,1.0,1.0,1.0,1.0,4.0,8.0,7.0,2.0,9.0,0.0,0.0,0.0,0.0,0.0,0.0,0.0,0.0,0.0,0.0,0.0,0.0,0.0,0.0,0.0,0.0,1.0,0.0,0.0,0.0,0.0,0.0,0.0,0.0,0.0,0.0,0.0,0.0,0.8740071364590978,0.8540509927161626,-0.019956143742935195,0.8740071364590978,0.8650771945870884,-0.00892994187200935,0.8740071364590978,0.8828265155668367,0.00881937910773889,0.8740071364590978,0.8834514029469208,0.009444266487823039,0.8740071364590978,0.8645307122171271,-0.009476424241970705,0.8740071364590978,0.8733453165934928,-0.0006618198656049845
2.0,2.0,3.0,4.0,2.0,4.0,2.0,4.0,10.0,10.0,5.0,10.0,1.0,0.0,0.0,0.0,0.0,0.0,0.0,0.0,0.0,0.0,0.0,0.0,1.0,0.0,0.0,0.0,0.0,0.0,0.0,0.0,0.0,0.0,0.0,0.0,0.0,1.0,0.0,0.0,0.8059353862324513,0.7779367103347233,-0.027998675897727976,0.8059353862324513,0.793321657555508,-0.012613728676943325,,,,,,,,,,,,
4.0,1.0,9.0,4.0,1.0,4.0,2.0,4.0,6.0,7.0,2.0,8.0,0.0,1.0,0.0,0.0,0.0,0.0,0.0,0.0,0.0,0.0,0.0,0.0,0.0,0.0,0.0,0.0,0.0,0.0,0.0,0.0,0.0,0.0,0.0,0.0,0.0,0.0,0.0,0.0,0.7369865716165438,0.7027097325105007,-0.03427683910604307,0.7369865716165438,0.7214403037898823,-0.015546267826661464,0.7369865716165438,0.752683217152855,0.015696645536311227,0.7369865716165438,0.7538086107160662,0.0168220390995224,0.7369865716165438,0.7205000120100935,-0.01648655960645029,0.7369865716165438,0.7358225558156011,-0.0011640158009427193
3.0,1.0,3.0,1.0,2.0,5.0,3.0,3.0,7.0,4.0,2.0,4.0,0.0,1.0,0.0,0.0,0.0,0.0,1.0,0.0,0.0,0.0,0.0,0.0,0.0,0.0,0.0,0.0,1.0,0.0,0.0,0.0,0.0,0.0,0.0,0.0,0.0,0.0,0.0,0.0,0.6301011756091881,0.5896506117750503,-0.04045056383413781,0.6301011756091881,0.611566936105383,-0.01853423950380506,0.6301011756091881,0.6491399047232901,0.019038729114101982,0.6301011756091881,0.6505176941105427,0.02041651850135462,0.6301011756091881,0.6104560208290212,-0.01964515478016693,0.6301011756091881,0.6287024389639833,-0.0013987366452048455
2.0,2.0,8.0,1.0,2.0,5.0,2.0,2.0,5.0,7.0,2.0,7.0,0.0,0.0,0.0,0.0,0.0,0.0,0.0,0.0,0.0,0.0,0.0,0.0,0.0,0.0,0.0,0.0,1.0,0.0,0.0,0.0,0.0,0.0,0.0,0.0,0.0,0.0,0.0,0.0,0.9023816443602942,0.8863352890763023,-0.016046355283991898,0.9023816443602942,0.8952216956925038,-0.007159948667790461,0.9023816443602942,0.909420677478427,0.007039033118132809,0.9023816443602942,0.9099182096503856,0.00753656529009139,0.9023816443602942,0.894782458411902,-0.007599185948392262,0.9023816443602942,0.9018521337318819,-0.000529510628412333
4.0,1.0,5.0,1.0,1.0,4.0,2.0,3.0,9.0,10.0,4.0,10.0,0.0,0.0,0.0,0.0,0.0,0.0,1.0,0.0,0.0,0.0,0.0,0.0,1.0,0.0,0.0,0.0,0.0,0.0,0.0,1.0,0.0,0.0,0.0,0.0,0.0,0.0,0.0,0.0,0.9041223430115606,0.8883267109633781,-0.015795632048182462,0.9041223430115606,0.8970755058934053,-0.007046837118155236,0.9041223430115606,0.9110482312304424,0.006925888218881848,,,,0.9041223430115606,0.8966431426765681,-0.007479200334992497,,,
5.0,1.0,6.0,1.0,3.0,4.0,2.0,4.0,1.0,5.0,2.0,4.0,0.0,0.0,0.0,0.0,0.0,0.0,1.0,0.0,0.0,0.0,0.0,1.0,0.0,0.0,0.0,0.0,0.0,0.0,0.0,0.0,0.0,0.0,0.0,0.0,0.0,0.0,0.0,0.0,0.7260321257130451,0.6909263733061023,-0.0351057524069428,0.7260321257130451,0.7100930646940999,-0.015939061018945155,0.7260321257130451,0.7421538041394115,0.01612167842636636,0.7260321257130451,0.7433107709447009,0.017278645231655787,0.7260321257130451,0.7091299128130467,-0.01690221289999838,0.7260321257130451,0.7248377298557168,-0.0011943958573282787
4.0,1.0,2.0,1.0,2.0,5.0,2.0,2.0,8.0,9.0,4.0,9.0,0.0,0.0,0.0,0.0,1.0,0.0,1.0,0.0,0.0,0.0,0.0,1.0,0.0,0.0,0.0,0.0,0.0,0.0,0.0,0.0,0.0,0.0,0.0,0.0,0.0,0.0,0.0,0.0,0.8622548158291897,0.8407763244942849,-0.02147849133490487,0.8622548158291897,0.8526323571205208,-0.009622458708668957,0.8622548158291897,0.8717761565571343,0.009521340727944527,0.8622548158291897,0.8724514613144617,0.010196645485271993,0.8622548158291897,0.8520440900040731,-0.010210725825116618,0.8622548158291897,0.8615410426048087,-0.0007137732243810424
3.0,1.0,7.0,1.0,1.0,3.0,1.0,2.0,7.0,6.0,3.0,6.0,0.0,1.0,0.0,0.0,0.0,0.0,0.0,0.0,0.0,0.0,0.0,1.0,0.0,0.0,0.0,0.0,0.0,0.0,0.0,0.0,1.0,0.0,0.0,0.0,0.0,0.0,0.0,0.0,0.9095479864668169,0.8945419558310336,-0.015006030635783318,0.9095479864668169,0.9028570783120948,-0.006690908154722064,0.9095479864668169,0.9161183060850592,0.006570319618242282,0.9095479864668169,0.9165824241379478,0.007034437671130878,0.9095479864668169,0.9024463610783945,-0.007101625388422406,0.9095479864668169,0.9090534304317857,-0.000494556035031235
6.0,1.0,10.0,1.0,1.0,4.0,1.0,4.0,7.0,9.0,2.0,9.0,0.0,1.0,0.0,0.0,0.0,0.0,1.0,0.0,0.0,0.0,0.0,1.0,0.0,0.0,0.0,0.0,0.0,0.0,0.0,1.0,0.0,0.0,0.0,0.0,0.0,0.0,0.0,0.0,0.8016560607379062,0.7732137183513859,-0.028442342386520325,0.8016560607379062,0.7888370632000232,-0.012818997537882959,0.8016560607379062,0.8144648468931365,0.01280878615523029,0.8016560607379062,0.8153780659713594,0.013722005233453238,0.8016560607379062,0.7880574378847104,-0.013598622853195796,0.8016560607379062,0.8007008546465392,-0.0009552060913670113
3.0,1.0,5.0,4.0,2.0,3.0,2.0,4.0,7.0,7.0,3.0,8.0,0.0,0.0,0.0,0.0,0.0,0.0,1.0,0.0,0.0,0.0,0.0,1.0,0.0,0.0,0.0,0.0,0.0,0.0,0.0,0.0,0.0,0.0,0.0,0.0,0.0,1.0,0.0,0.0,0.8330406146605119,0.808021014327057,-0.02501960033345496,0.8330406146605119,0.8217991130365857,-0.011241501623926231,0.8330406146605119,0.8442164851894213,0.011175870528909337,0.8330406146605119,0.8450111311359185,0.01197051647540659,0.8330406146605119,0.821113587768746,-0.011927026891765946,0.8330406146605119,0.832204917413102,-0.00083569724740995
3.0,1.0,3.0,1.0,1.0,4.0,2.0,2.0,6.0,6.0,1.0,6.0,0.0,0.0,0.0,0.0,0.0,0.0,0.0,0.0,0.0,0.0,0.0,0.0,0.0,0.0,0.0,0.0,0.0,0.0,0.0,0.0,0.0,0.0,0.0,0.0,0.0,0.0,0.0,0.0,0.9246608222513524,0.911919217788288,-0.012741604463064382,0.9246608222513524,0.9189882679067081,-0.005672554344644309,0.9246608222513524,0.9302175883840258,0.005556766132673419,0.9246608222513524,0.9306096038926931,0.005948781641340717,0.9246608222513524,0.9186396068430871,-0.006021215408265279,0.9246608222513524,0.9242420147614984,-0.00041880748985401173
5.0,1.0,4.0,1.0,3.0,2.0,2.0,4.0,8.0,8.0,5.0,9.0,0.0,0.0,1.0,0.0,0.0,0.0,0.0,0.0,0.0,0.0,0.0,0.0,1.0,0.0,0.0,0.0,0.0,0.0,0.0,0.0,0.0,0.0,0.0,0.0,0.0,0.0,0.0,0.0,0.4416185265854151,0.40017749681281123,-0.04144102977260389,0.4416185265854151,0.42229889809914084,-0.019319628486274276,0.4416185265854151,0.4620764491680512,0.020457922582636068,0.4416185265854151,0.46358179636034996,0.021963269774934846,,,,0.4416185265854151,0.44014033737076697,-0.0014781892146481512
6.0,2.0,4.0,2.0,2.0,3.0,3.0,2.0,8.0,6.0,4.0,9.0,0.0,0.0,0.0,0.0,0.0,1.0,0.0,0.0,0.0,0.0,0.0,0.0,1.0,0.0,0.0,0.0,0.0,0.0,0.0,1.0,0.0,0.0,0.0,0.0,0.0,0.0,0.0,0.0,0.556612004384679,0.5143194646062142,-0.0422925397784647,0.556612004384679,0.5371006494025247,-0.019511354982154283,0.556612004384679,0.5768933206588766,0.020281316274197603,0.556612004384679,0.5783705427417133,0.02175853835703434,0.556612004384679,0.535938366667249,-0.020673637717429916,0.556612004384679,0.5551315749289927,-0.0014804294556862718
2.0,5.0,8.0,4.0,2.0,4.0,2.0,3.0,7.0,8.0,3.0,9.0,0.0,0.0,0.0,0.0,0.0,0.0,1.0,0.0,0.0,0.0,0.0,0.0,0.0,0.0,0.0,0.0,1.0,0.0,0.0,0.0,0.0,0.0,0.0,0.0,0.0,1.0,0.0,0.0,0.7869185608152365,0.7570034672759132,-0.029915093539323312,0.7869185608152365,0.7734162917022939,-0.013502269112942611,0.7869185608152365,0.8004421594394935,0.013523598624257005,0.7869185608152365,0.8014075698559108,0.014489009040674294,0.7869185608152365,0.772596144922692,-0.01432241589254446,0.7869185608152365,0.7859113345771475,-0.0010072262380890207
4.0,1.0,7.0,1.0,2.0,4.0,2.0,4.0,8.0,7.0,4.0,10.0,1.0,0.0,0.0,0.0,0.0,0.0,1.0,0.0,0.0,0.0,0.0,0.0,1.0,0.0,0.0,0.0,0.0,0.0,0.0,0.0,0.0,0.0,0.0,0.0,0.0,0.0,0.0,0.0,0.7794054272541157,0.7487722909774025,-0.030633136276713158,0.7794054272541157,0.7655689054684154,-0.013836521785700273,0.7794054272541157,0.793280598515596,0.013875171261480301,0.7794054272541157,0.7942717501455169,0.014866322891401218,0.7794054272541157,0.7647289947201511,-0.014676432533964556,,,
3.0,1.0,3.0,1.0,1.0,5.0,1.0,2.0,10.0,9.0,4.0,9.0,0.0,0.0,0.0,0.0,1.0,0.0,0.0,0.0,0.0,0.0,0.0,0.0,0.0,0.0,0.0,0.0,0.0,1.0,0.0,0.0,0.0,0.0,0.0,0.0,0.0,0.0,0.0,0.0,0.9406877709565961,0.9304528267289965,-0.010234944227599518,0.9406877709565961,0.9361386003846573,-0.00454917057193871,,,,0.9406877709565961,0.9454457274992637,0.004757956542667641,0.9406877709565961,0.9358585997376346,-0.0048291712189614255,0.9406877709565961,0.9403523094461375,-0.0003354615104586012
3.0,1.0,7.0,1.0,1.0,2.0,4.0,2.0,7.0,7.0,4.0,5.0,0.0,0.0,0.0,0.0,0.0,0.0,0.0,0.0,0.0,0.0,0.0,1.0,0.0,0.0,0.0,0.0,0.0,0.0,0.0,0.0,0.0,0.0,0.0,0.0,0.0,0.0,0.0,0.0,0.8623313811888935,0.8408626252118039,-0.021468755977089637,0.8623313811888935,0.8527133574742621,-0.009618023714631385,0.8623313811888935,0.8718482160806444,0.009516834891750925,0.8623313811888935,0.8725231968230139,0.010191815634120416,0.8623313811888935,0.8521253576199165,-0.01020602356897704,0.8623313811888935,0.8616179410400664,-0.0007134401488271269
7.0,1.0,1.0,1.0,3.0,5.0,3.0,4.0,8.0,7.0,5.0,5.0,0.0,0.0,0.0,0.0,0.0,0.0,0.0,0.0,0.0,0.0,0.0,1.0,0.0,0.0,0.0,0.0,0.0,0.0,0.0,0.0,0.0,0.0,1.0,0.0,0.0,0.0,0.0,0.0,0.6846380769990127,0.6468084700790044,-0.03782960692000825,0.6846380769990127,0.6673940223779237,-0.017244054621089022,0.6846380769990127,0.7021964628631039,0.017558385864091197,0.6846380769990127,0.7034610817731981,0.018823004774185415,,,,0.6846380769990127,0.6833419272497128,-0.001296149749299924
4.0,1.0,3.0,1.0,4.0,5.0,1.0,3.0,10.0,8.0,5.0,6.0,0.0,0.0,0.0,1.0,0.0,0.0,0.0,0.0,0.0,0.0,0.0,0.0,0.0,0.0,0.0,0.0,0.0,0.0,0.0,0.0,0.0,0.0,0.0,0.0,0.0,0.0,0.0,0.0,0.6382273255090876,0.5980985952665867,-0.040128730242500854,0.6382273255090876,0.6198546072110266,-0.018372718298060975,,,,0.6382273255090876,0.6584384542703436,0.02021112876125608,,,,0.6382273255090876,0.6368416069075648,-0.0013857186015228118
6.0,1.0,8.0,1.0,2.0,4.0,2.0,4.0,9.0,7.0,2.0,8.0,0.0,0.0,0.0,0.0,0.0,0.0,1.0,0.0,0.0,0.0,0.0,0.0,0.0,0.0,0.0,0.0,0.0,0.0,0.0,0.0,0.0,0.0,1.0,0.0,0.0,0.0,0.0,0.0,0.8522458029491745,0.8295151952274261,-0.022730607721748397,0.8522458029491745,0.8420522243559567,-0.01019357859321779,0.8522458029491745,0.8623485471849935,0.010102744235819028,0.8522458029491745,0.8630657044514537,0.010819901502279183,0.8522458029491745,0.8414295777067993,-0.010816225242375244,0.8522458029491745,0.8514890976511613,-0.0007567052980131939
6.0,5.0,2.0,2.0,3.0,3.0,1.0,5.0,5.0,5.0,3.0,5.0,0.0,0.0,0.0,0.0,0.0,0.0,0.0,0.0,0.0,0.0,0.0,1.0,0.0,0.0,0.0,0.0,0.0,0.0,0.0,0.0,0.0,0.0,0.0,0.0,0.0,0.0,0.0,0.0,0.5062515778384961,0.4637830265634032,-0.04246855127509286,,,,0.5062515778384961,0.5268784240872195,0.020626846248723463,0.5062515778384961,0.5283875137506328,0.022135935912136695,0.5062515778384961,0.4854007047131736,-0.020850873125322467,0.5062515778384961,0.504752610564059,-0.0014989672744371019
4.0,1.0,4.0,1.0,2.0,5.0,3.0,3.0,7.0,5.0,2.0,8.0,0.0,0.0,0.0,0.0,0.0,0.0,1.0,0.0,0.0,0.0,0.0,0.0,1.0,0.0,0.0,0.0,0.0,0.0,0.0,1.0,0.0,0.0,0.0,0.0,0.0,0.0,0.0,0.0,0.8367773682241658,0.8121914922180021,-0.024585876006163687,0.8367773682241658,0.8257348327411181,-0.011042535483047677,0.8367773682241658,0.8477488242920319,0.010971456067866092,0.8367773682241658,0.8485286847989425,0.011751316574776682,0.8367773682241658,0.8250612249036178,-0.011716143320548045,0.8367773682241658,0.8359566916979538,-0.0008206765262119831
5.0,2.0,8.0,4.0,5.0,4.0,5.0,2.0,2.0,2.0,1.0,4.0,0.0,0.0,0.0,0.0,0.0,0.0,1.0,0.0,0.0,0.0,0.0,0.0,1.0,0.0,0.0,0.0,0.0,0.0,0.0,0.0,0.0,0.0,0.0,1.0,0.0,0.0,0.0,0.0,,,,0.2806065664553989,0.26498802278689265,-0.015618543668506235,0.2806065664553989,0.2975807129291312,0.0169741464737323,0.2806065664553989,0.2988478872462417,0.018241320790842785,0.2806065664553989,0.2640786580955796,-0.016527908359819266,0.2806065664553989,0.27939764782133825,-0.0012089186340606406
2.0,2.0,9.0,1.0,1.0,5.0,2.0,3.0,5.0,6.0,4.0,7.0,0.0,1.0,0.0,0.0,0.0,0.0,0.0,0.0,0.0,0.0,0.0,0.0,0.0,0.0,0.0,0.0,1.0,0.0,0.0,1.0,0.0,0.0,0.0,0.0,0.0,0.0,0.0,0.0,0.8023992883040334,0.7740334823994335,-0.028365805904599917,0.8023992883040334,0.7896157195308859,-0.012783568773147458,0.8023992883040334,0.8151711438655884,0.012771855561555023,0.8023992883040334,0.8160816715273702,0.013682383223336814,0.8023992883040334,0.7888381994987557,-0.013561088805277732,0.8023992883040334,0.8014467750073936,-0.000952513296639812
4.0,1.0,5.0,1.0,1.0,5.0,2.0,4.0,9.0,7.0,3.0,9.0,0.0,0.0,0.0,0.0,0.0,0.0,1.0,0.0,0.0,0.0,0.0,0.0,0.0,0.0,0.0,0.0,0.0,0.0,0.0,0.0,0.0,0.0,0.0,0.0,0.0,0.0,0.0,0.0,0.9090967869011419,0.8940246236388782,-0.015072163262263683,0.9090967869011419,0.9023760849872572,-0.006720701913884741,0.9090967869011419,0.915696843312124,0.006600056410982047,0.9090967869011419,0.9161630799169236,0.007066293015781655,0.9090967869011419,0.901963554949314,-0.007133231951827912,0.9090967869011419,0.9086000117900151,-0.0004967751111267793
4.0,1.0,4.0,1.0,1.0,4.0,3.0,3.0,7.0,8.0,2.0,7.0,0.0,0.0,0.0,0.0,0.0,1.0,1.0,0.0,0.0,0.0,0.0,1.0,0.0,0.0,0.0,0.0,0.0,0.0,0.0,0.0,0.0,0.0,0.0,0.0,0.0,0.0,0.0,0.0,0.7964388518835518,0.767465378663198,-0.028973473220353818,0.7964388518835518,0.7833737817263285,-0.013065070157223246,0.7964388518835518,0.8095044968696832,0.013065644986131386,0.7964388518835518,0.8104364486390483,0.0139975967554965,0.7964388518835518,0.7825795451611657,-0.013859306722386111,0.7964388518835518,0.7954649307577677,-0.0009739211257840941
7.0,1.0,4.0,1.0,3.0,3.0,3.0,2.0,4.0,6.0,2.0,2.0,0.0,0.0,0.0,0.0,0.0,0.0,1.0,0.0,0.0,0.0,0.0,1.0,0.0,0.0,0.0,0.0,0.0,0.0,0.0,1.0,0.0,0.0,0.0,0.0,0.0,0.0,0.0,0.0,0.6535156828561988,0.6140572937364746,-0.03945838911972421,0.6535156828561988,0.6354759329850647,-0.018039749871134103,0.6535156828561988,0.6719766504903052,0.01846096763410643,0.6535156828561988,0.6733098940657352,0.019794211209536394,0.6535156828561988,0.634392518527692,-0.019123164328506803,0.6535156828561988,0.6521566081243834,-0.0013590747318154017
2.0,3.0,2.0,4.0,1.0,5.0,2.0,4.0,5.0,7.0,4.0,6.0,0.0,1.0,0.0,0.0,0.0,0.0,1.0,0.0,0.0,0.0,0.0,0.0,0.0,0.0,0.0,0.0,1.0,0.0,0.0,0.0,0.0,0.0,0.0,0.0,0.0,1.0,0.0,0.0,0.6483819543670769,0.6086889949131422,-0.039692959453934695,0.6483819543670769,0.6302261539501228,-0.018155800416954082,0.6483819543670769,0.666977064368609,0.018595110001532134,0.6483819543670769,0.6683205985997894,0.01993864423271252,0.6483819543670769,0.6291362423836516,-0.019245711983425284,0.6483819543670769,0.6470136193692791,-0.00136833499779776
3.0,1.0,9.0,1.0,1.0,4.0,1.0,2.0,9.0,8.0,3.0,8.0,0.0,0.0,0.0,0.0,0.0,0.0,1.0,0.0,0.0,0.0,0.0,1.0,0.0,0.0,0.0,0.0,0.0,0.0,0.0,0.0,0.0,0.0,0.0,0.0,0.0,0.0,0.0,0.0,0.9478776855290173,0.9388027216071769,-0.009074963921840373,0.9478776855290173,0.9438470536198728,-0.004030631909144544,0.9478776855290173,0.9518112950148158,0.003933609485798462,0.9478776855290173,0.9520882519253138,0.004210566396296467,0.9478776855290173,0.9435988144545175,-0.004278871074499757,0.9478776855290173,0.9475806231051638,-0.00029706242385352244
5.0,2.0,3.0,2.0,1.0,4.0,3.0,2.0,9.0,8.0,5.0,8.0,0.0,0.0,0.0,0.0,0.0,0.0,0.0,0.0,0.0,0.0,0.0,0.0,0.0,0.0,0.0,0.0,0.0,0.0,0.0,0.0,0.0,0.0,0.0,0.0,0.0,0.0,0.0,0.0,0.8372806546637713,0.8127536237829734,-0.024527030880797884,0.8372806546637713,0.8262650987539852,-0.01101555590978609,0.8372806546637713,0.8482244170369995,0.010943762373228139,0.8372806546637713,0.8490022753692512,0.011721620705479885,,,,0.8372806546637713,0.836462014084482,-0.0008186405792893758
3.0,1.0,7.0,1.0,2.0,5.0,2.0,4.0,7.0,7.0,4.0,8.0,0.0,0.0,0.0,0.0,1.0,0.0,1.0,0.0,0.0,0.0,0.0,0.0,1.0,0.0,0.0,0.0,0.0,0.0,0.0,1.0,0.0,0.0,0.0,0.0,0.0,0.0,0.0,0.0,0.8635072225443928,0.8421882761448717,-0.021318946399521144,0.8635072225443928,0.8539574348357034,-0.009549787708689417,0.8635072225443928,0.8729547486180504,0.00944752607365762,0.8635072225443928,0.8736247460042492,0.010117523459856392,0.8635072225443928,0.853373547580064,-0.01013367496432882,0.8635072225443928,0.8627989064434018,-0.00070831610099098
6.0,1.0,9.0,1.0,2.0,4.0,1.0,4.0,7.0,8.0,4.0,9.0,0.0,0.0,0.0,0.0,0.0,0.0,1.0,0.0,0.0,0.0,0.0,1.0,0.0,0.0,0.0,0.0,0.0,0.0,0.0,1.0,0.0,0.0,0.0,0.0,0.0,0.0,0.0,0.0,0.8583311436333784,0.8363569506841146,-0.021974192949263727,0.8583311436333784,0.8484827538369083,-0.00984838979647007,0.8583311436333784,0.8680822060962413,0.009751062462862947,0.8583311436333784,0.8687740370000813,0.010442893366702899,0.8583311436333784,0.8478808774906212,-0.010450266142757125,0.8583311436333784,0.8576003963358193,-0.0007307472975590645
4.0,2.0,3.0,1.0,2.0,4.0,3.0,3.0,8.0,8.0,4.0,8.0,1.0,0.0,0.0,0.0,0.0,0.0,1.0,0.0,0.0,0.0,0.0,0.0,1.0,0.0,0.0,0.0,0.0,0.0,0.0,0.0,0.0,0.0,0.0,0.0,0.0,0.0,0.0,0.0,0.7024553788175898,0.6657195141577417,-0.03673586465984813,0.7024553788175898,0.6857383773206582,-0.01671700149693156,0.7024553788175898,0.7194282889163742,0.016972910098784433,0.7024553788175898,0.7206488438183155,0.018193465000725717,0.7024553788175898,0.6847302364503959,-0.017725142367193913,0.7024553788175898,0.7012004988772502,-0.0012548799403395705
4.0,1.0,9.0,1.0,2.0,2.0,2.0,4.0,8.0,8.0,4.0,8.0,0.0,0.0,0.0,0.0,0.0,0.0,1.0,0.0,0.0,0.0,0.0,0.0,1.0,0.0,0.0,0.0,0.0,0.0,0.0,0.0,0.0,0.0,0.0,0.0,0.0,0.0,0.0,0.0,0.8118428191237884,0.7844685087682655,-0.027374310355522957,0.8118428191237884,0.7995175441310346,-0.01232527499275382,0.8118428191237884,0.8241380721653859,0.01229525304159751,0.8118428191237884,0.8250139082697443,0.013171089145955883,0.8118428191237884,0.7987672923866721,-0.013075526737116316,0.8118428191237884,0.8109251008114299,-0.0009177183123585397
3.0,3.0,2.0,2.0,2.0,2.0,2.0,3.0,5.0,5.0,3.0,6.0,0.0,0.0,0.0,0.0,0.0,0.0,0.0,0.0,0.0,0.0,0.0,0.0,0.0,0.0,0.0,0.0,1.0,0.0,0.0,1.0,0.0,0.0,0.0,0.0,0.0,0.0,0.0,0.0,0.6955338225026746,0.6583590159495822,-0.037174806553092354,0.6955338225026746,0.678605867826033,-0.016927954676641543,0.6955338225026746,0.712740100888354,0.017206278385679452,0.6955338225026746,0.7139781836865752,0.01844436118390058,0.6955338225026746,0.6775856040189876,-0.017948218483686995,0.6955338225026746,0.6942624565047211,-0.001271365997953522
6.0,1.0,4.0,1.0,2.0,5.0,2.0,5.0,7.0,7.0,4.0,8.0,0.0,0.0,0.0,0.0,0.0,0.0,1.0,0.0,0.0,1.0,0.0,0.0,0.0,0.0,0.0,0.0,0.0,0.0,0.0,0.0,0.0,0.0,0.0,0.0,0.0,0.0,0.0,0.0,0.751549107940992,0.7184450675691185,-0.03310404037187342,,,,0.751549107940992,0.7666518372126472,0.015102729271655235,0.751549107940992,0.76773328236581,0.01618417442481801,0.751549107940992,0.7356479514139109,-0.015901156527081017,0.751549107940992,0.7504277163807948,-0.0011213915601971935
2.0,1.0,2.0,4.0,1.0,2.0,2.0,4.0,9.0,8.0,4.0,9.0,0.0,0.0,0.0,0.0,1.0,0.0,0.0,0.0,0.0,0.0,0.0,0.0,0.0,0.0,0.0,0.0,0.0,1.0,0.0,0.0,0.0,0.0,0.0,0.0,0.0,1.0,0.0,0.0,0.862502683060935,0.8410557169338467,-0.021446966127088296,0.862502683060935,0.8528945855247849,-0.009608097536150106,0.862502683060935,0.8720094337128781,0.009506750651943063,0.862502683060935,0.8726836893155273,0.010181006254592284,0.862502683060935,0.852307183858829,-0.010195499202106051,0.862502683060935,0.8617899883678644,-0.0007126946930706701
3.0,1.0,2.0,1.0,2.0,5.0,4.0,3.0,7.0,5.0,3.0,8.0,0.0,0.0,0.0,0.0,0.0,0.0,1.0,0.0,1.0,0.0,0.0,0.0,0.0,0.0,0.0,0.0,0.0,0.0,0.0,0.0,0.0,0.0,0.0,0.0,0.0,0.0,0.0,0.0,0.8470197878915755,0.823651566289664,-0.023368221601911543,0.8470197878915755,0.8365348200279583,-0.01048496786361719,0.8470197878915755,0.8574200816418733,0.010400293750297829,0.8470197878915755,0.8581586925410505,0.011138904649474979,0.8470197878915755,0.8358946620301329,-0.011125125861442653,0.8470197878915755,0.8462411469171709,-0.0007786409744046097
7.0,1.0,9.0,4.0,1.0,5.0,1.0,4.0,9.0,8.0,3.0,10.0,1.0,0.0,0.0,0.0,0.0,0.0,1.0,0.0,0.0,0.0,0.0,0.0,0.0,0.0,0.0,0.0,0.0,0.0,0.0,0.0,0.0,0.0,0.0,0.0,0.0,1.0,0.0,0.0,0.8611677622849319,0.8395513088455143,-0.021616453439417538,0.8611677622849319,0.8514824451780785,-0.009685317106853386,0.8611677622849319,0.870752980170712,0.00958521788578015,0.8611677622849319,0.8714328788913408,0.010265116606408942,0.8611677622849319,0.8508903905554155,-0.010277371729516371,,,
4.0,6.0,5.0,3.0,1.0,4.0,3.0,3.0,5.0,0.0,1.0,0.0,0.0,0.0,1.0,0.0,0.0,0.0,0.0,0.0,0.0,0.0,0.0,0.0,0.0,0.0,0.0,0.0,0.0,0.0,0.0,0.0,0.0,1.0,0.0,0.0,0.0,0.0,0.0,0.0,0.3557195101690231,0.3177521538356248,-0.03796735633339832,0.3557195101690231,0.3378838091386158,-0.01783570103040727,0.3557195101690231,0.3748696503568839,0.01915014018786082,0.3557195101690231,0.3762896315097601,0.02057012134073699,0.3557195101690231,0.3368389280920144,-0.018880582077008712,0.3557195101690231,0.3543463827455513,-0.0013731274234717872
7.0,1.0,8.0,2.0,1.0,4.0,2.0,4.0,3.0,3.0,4.0,10.0,0.0,0.0,0.0,0.0,0.0,0.0,0.0,0.0,1.0,0.0,0.0,0.0,0.0,0.0,0.0,0.0,0.0,0.0,0.0,0.0,0.0,0.0,1.0,0.0,0.0,0.0,0.0,0.0,0.8389510180353057,0.8146200192221379,-0.024330998813167803,0.8389510180353057,0.8280253142917078,-0.010925703743597914,0.8389510180353057,0.8498025919132716,0.01085157387796587,0.8389510180353057,0.8505737868631758,0.011622768827870056,0.8389510180353057,0.827358709034965,-0.011592309000340695,,,
5.0,5.0,2.0,2.0,2.0,5.0,3.0,2.0,7.0,7.0,4.0,9.0,0.0,0.0,0.0,0.0,0.0,0.0,1.0,0.0,0.0,0.0,0.0,1.0,0.0,0.0,0.0,0.0,0.0,0.0,0.0,1.0,0.0,0.0,0.0,0.0,0.0,0.0,0.0,0.0,0.6777080351942905,0.6394848717106131,-0.03822316348367738,0.6777080351942905,0.6602730778252084,-0.01743495736908207,0.6777080351942905,0.695480645687734,0.017772610493443586,0.6777080351942905,0.6967614676619122,0.0190534324676217,0.6777080351942905,0.6592238416943735,-0.018484193499916923,0.6777080351942905,0.6763968654438062,-0.0013111697504842867
4.0,1.0,10.0,1.0,4.0,5.0,3.0,4.0,8.0,5.0,3.0,7.0,1.0,0.0,0.0,0.0,0.0,0.0,0.0,0.0,0.0,0.0,0.0,1.0,0.0,0.0,0.0,0.0,0.0,0.0,0.0,0.0,0.0,0.0,0.0,0.0,0.0,0.0,0.0,0.0,0.7016999834327579,0.6649153436592864,-0.03678463977347146,0.7016999834327579,0.6849595753407125,-0.016740408092045356,0.7016999834327579,0.7186987280774273,0.01699874464466944,0.7016999834327579,0.7199212211749009,0.018221237742143015,0.7016999834327579,0.6839500875735164,-0.01774989585924147,0.7016999834327579,0.7004432762276707,-0.001256707205087193
3.0,1.0,8.0,2.0,4.0,2.0,4.0,3.0,6.0,7.0,2.0,8.0,1.0,0.0,0.0,0.0,0.0,0.0,1.0,0.0,0.0,0.0,0.0,0.0,0.0,0.0,0.0,0.0,1.0,0.0,0.0,0.0,0.0,0.0,0.0,0.0,0.0,0.0,0.0,0.0,0.47959531167789066,0.4373820392431937,-0.04221327243469697,0.47959531167789066,0.45998291261418134,-0.019612399063709318,0.47959531167789066,0.500236429484005,0.020641117806114384,0.47959531167789066,0.5017501365540864,0.022154824876195744,0.47959531167789066,0.4588220997905855,-0.020773211887305132,0.47959531167789066,0.478098846026886,-0.0014964656510046415
7.0,1.0,10.0,1.0,2.0,4.0,2.0,3.0,8.0,8.0,4.0,7.0,1.0,0.0,0.0,0.0,0.0,0.0,1.0,0.0,0.0,0.0,0.0,1.0,0.0,0.0,0.0,0.0,0.0,0.0,0.0,1.0,0.0,0.0,0.0,0.0,0.0,0.0,0.0,0.0,0.7778839202036368,0.7471080534626762,-0.030775866740960667,0.7778839202036368,0.7639808632391041,-0.013903056964532756,0.7778839202036368,0.7918292319271821,0.013945311723545295,0.7778839202036368,0.7928255250046291,0.01494160480099227,0.7778839202036368,0.7631370232389978,-0.014746896964639045,0.7778839202036368,0.7768460982686947,-0.0010378219349421736
4.0,1.0,2.0,1.0,1.0,5.0,2.0,4.0,7.0,7.0,3.0,9.0,1.0,0.0,0.0,0.0,0.0,0.0,1.0,0.0,0.0,0.0,0.0,1.0,0.0,0.0,0.0,0.0,0.0,0.0,0.0,0.0,0.0,0.0,0.0,0.0,0.0,0.0,0.0,0.0,0.8458701129108712,0.822363105028448,-0.023507007882423214,0.8458701129108712,0.8353216682323539,-0.010548444678517344,0.8458701129108712,0.8563353099210589,0.010465197010187666,0.8458701129108712,0.8570786035973619,0.011208490686490657,0.8458701129108712,0.8346776982327998,-0.011192414678071416,0.8458701129108712,0.8450866905215341,-0.0007834223893371517
6.0,2.0,3.0,1.0,2.0,3.0,2.0,3.0,7.0,6.0,3.0,7.0,0.0,0.0,0.0,0.0,0.0,0.0,1.0,0.0,0.0,0.0,0.0,0.0,0.0,0.0,1.0,0.0,0.0,0.0,0.0,1.0,0.0,0.0,0.0,0.0,0.0,0.0,0.0,0.0,0.7351513177883814,0.7007324242458436,-0.0344188935425378,0.7351513177883814,0.7195378531287844,-0.01561346465959701,0.7351513177883814,0.7509204741055935,0.015769156317212096,0.7351513177883814,0.752051246532957,0.016899928744575576,0.7351513177883814,0.7185936444394345,-0.016557673348946866,0.7351513177883814,0.733982111483236,-0.0011692063051453871
6.0,1.0,8.0,2.0,2.0,4.0,3.0,4.0,10.0,9.0,4.0,10.0,0.0,0.0,1.0,0.0,0.0,0.0,1.0,0.0,0.0,0.0,0.0,1.0,0.0,0.0,0.0,0.0,0.0,0.0,0.0,0.0,0.0,0.0,0.0,0.0,0.0,0.0,0.0,0.0,0.5795792909678683,0.5376577815750532,-0.04192150939281514,0.5795792909678683,0.5602801852113596,-0.019299105756508728,,,,0.5795792909678683,0.6010186435199124,0.0214393525520441,0.5795792909678683,0.5591283299749665,-0.02045096099290178,,,
5.0,1.0,5.0,1.0,1.0,4.0,1.0,4.0,8.0,8.0,4.0,9.0,0.0,0.0,0.0,0.0,0.0,0.0,0.0,0.0,0.0,0.0,0.0,0.0,1.0,0.0,0.0,0.0,0.0,0.0,0.0,0.0,0.0,0.0,0.0,0.0,0.0,0.0,0.0,0.0,0.8967398425875174,0.8798895358644578,-0.016850306723059538,0.8967398425875174,0.8892168902856178,-0.007522952301899588,0.8967398425875174,0.9041424778637808,0.007402635276263392,0.8967398425875174,0.9046659628055382,0.00792612021802086,0.8967398425875174,0.8887556085352128,-0.007984234052304529,0.8967398425875174,0.8961832499438375,-0.0005565926436799096
5.0,1.0,2.0,2.0,2.0,5.0,2.0,3.0,7.0,4.0,5.0,10.0,0.0,0.0,0.0,0.0,1.0,0.0,1.0,0.0,0.0,0.0,0.0,0.0,1.0,0.0,0.0,0.0,0.0,0.0,0.0,1.0,0.0,0.0,0.0,0.0,0.0,0.0,0.0,0.0,0.7456065802167219,0.7120141537330947,-0.03359242648362715,0.7456065802167219,0.7303834274337201,-0.015223152783001792,0.7456065802167219,0.7609556447748271,0.015349064558105252,0.7456065802167219,0.7620552953920705,0.016448715175348627,,,,,,
2.0,2.0,3.0,3.0,2.0,3.0,4.0,1.0,9.0,10.0,5.0,9.0,0.0,0.0,1.0,0.0,0.0,0.0,0.0,0.0,0.0,0.0,0.0,0.0,1.0,0.0,0.0,0.0,0.0,0.0,0.0,0.0,0.0,0.0,0.0,0.0,0.0,0.0,1.0,0.0,0.7842584418310639,0.7540865941720993,-0.030171847658964523,0.7842584418310639,0.7706367408125816,-0.013621701018482257,0.7842584418310639,0.7979075118284326,0.013649069997368701,,,,,,,0.7842584418310639,0.7832421049309598,-0.0010163369001040534
5.0,3.0,7.0,3.0,3.0,1.0,5.0,3.0,3.0,3.0,2.0,3.0,0.0,0.0,0.0,0.0,0.0,0.0,1.0,0.0,0.0,0.0,0.0,0.0,0.0,1.0,0.0,0.0,0.0,0.0,0.0,1.0,0.0,0.0,0.0,0.0,0.0,0.0,0.0,0.0,,,,0.3611694074439516,0.3432060126240838,-0.017963394819867806,0.3611694074439516,0.38043969646354775,0.019270289019596154,0.3611694074439516,0.3818678880407396,0.020698480596788027,0.3611694074439516,0.3421531781099147,-0.019016229334036905,0.3611694074439516,0.35978699059535874,-0.00138241684859286
6.0,2.0,1.0,1.0,1.0,5.0,2.0,3.0,3.0,7.0,3.0,8.0,0.0,0.0,0.0,0.0,0.0,0.0,0.0,0.0,0.0,0.0,0.0,1.0,0.0,0.0,0.0,0.0,0.0,0.0,0.0,0.0,0.0,0.0,0.0,0.0,0.0,0.0,0.0,0.0,0.8389398050051783,0.8146074864993309,-0.024332318505847383,0.8389398050051783,0.8280134965050759,-0.010926308500102344,0.8389398050051783,0.8497919991496643,0.010852194144486016,0.8389398050051783,0.8505632389243226,0.011623433919144333,0.8389398050051783,0.8273468549919285,-0.011592950013249781,0.8389398050051783,0.8381278978399195,-0.0008119071652588072
4.0,1.0,8.0,1.0,1.0,4.0,1.0,4.0,7.0,7.0,4.0,5.0,0.0,0.0,0.0,0.0,0.0,0.0,0.0,0.0,0.0,0.0,0.0,0.0,1.0,0.0,0.0,0.0,0.0,0.0,0.0,0.0,0.0,0.0,0.0,0.0,0.0,0.0,0.0,0.0,0.9145646448502739,0.9002996510913783,-0.014264993758895561,0.9145646448502739,0.9082073774866134,-0.00635726736366049,0.9145646448502739,0.9208022907413054,0.006237645891031485,0.9145646448502739,0.9212427202748806,0.006678075424606744,0.9145646448502739,0.9078169715237057,-0.0067476733265682265,0.9145646448502739,0.9140949273026223,-0.00046971754765157137
2.0,1.0,3.0,3.0,3.0,5.0,3.0,3.0,7.0,5.0,2.0,6.0,0.0,0.0,0.0,0.0,0.0,0.0,1.0,0.0,0.0,0.0,0.0,0.0,0.0,0.0,0.0,0.0,1.0,0.0,0.0,1.0,0.0,0.0,0.0,0.0,0.0,0.0,0.0,0.0,0.7614126861537627,0.7291492473730975,-0.03226343878066518,0.7614126861537627,0.7468142028153927,-0.014598483338369994,0.7614126861537627,0.776094463348,0.014681777194237355,0.7614126861537627,0.7771448678160262,0.015732181662263534,0.7614126861537627,0.7459293980964422,-0.015483288057320466,0.7614126861537627,0.7603216163352204,-0.001091069818542234
4.0,1.0,3.0,1.0,1.0,3.0,2.0,3.0,8.0,7.0,4.0,7.0,0.0,0.0,0.0,0.0,0.0,0.0,0.0,0.0,0.0,0.0,0.0,1.0,0.0,0.0,0.0,0.0,0.0,0.0,0.0,0.0,0.0,0.0,0.0,0.0,0.0,0.0,0.0,0.0,0.8819956714373756,0.8631066578137195,-0.018889013623656026,0.8819956714373756,0.8735500125906737,-0.008445658846701898,0.8819956714373756,0.8903260301946714,0.00833035875729582,0.8819956714373756,0.8909158644626344,0.008920193025258816,0.8819956714373756,0.873032811152999,-0.00896286028437654,0.8819956714373756,0.8813701184286559,-0.0006255530087196925
7.0,1.0,6.0,1.0,3.0,3.0,2.0,4.0,7.0,7.0,3.0,8.0,0.0,0.0,0.0,0.0,0.0,0.0,1.0,0.0,0.0,0.0,0.0,1.0,0.0,0.0,0.0,0.0,0.0,0.0,0.0,0.0,0.0,0.0,1.0,0.0,0.0,0.0,0.0,0.0,0.6965893889418334,0.6594803667547824,-0.03710902218705103,0.6965893889418334,0.6796930954190965,-0.016896293522736916,0.6965893889418334,0.7137605637807583,0.01717117483892483,0.6965893889418334,0.7149960071096363,0.01840661816780287,0.6965893889418334,0.6786746487450962,-0.017914740196737222,0.6965893889418334,0.695320499874127,-0.0012688890677063913
6.0,1.0,8.0,1.0,1.0,5.0,1.0,4.0,7.0,8.0,2.0,10.0,1.0,0.0,0.0,0.0,0.0,0.0,1.0,0.0,0.0,0.0,0.0,0.0,0.0,0.0,0.0,0.0,0.0,0.0,0.0,1.0,0.0,0.0,0.0,0.0,0.0,0.0,0.0,0.0,0.8853852654382436,0.8669569822839028,-0.018428283154340752,0.8853852654382436,0.8771484116600499,-0.00823685377819372,0.8853852654382436,0.8935052321558992,0.00811996671765558,0.8853852654382436,0.8940800025590809,0.008694737120837348,0.8853852654382436,0.8766438498998201,-0.008741415538423447,,,
3.0,1.0,7.0,1.0,1.0,2.0,2.0,2.0,7.0,7.0,2.0,7.0,0.0,0.0,0.0,0.0,0.0,0.0,0.0,0.0,0.0,0.0,0.0,0.0,1.0,0.0,0.0,0.0,0.0,0.0,0.0,0.0,0.0,0.0,0.0,0.0,0.0,0.0,0.0,0.0,0.9064299001059634,0.8909685875119777,-0.015461312593985643,0.9064299001059634,0.899533818205751,-0.006896081900212403,0.9064299001059634,0.9132051000710262,0.006775199965062817,0.9064299001059634,0.9136838182110679,0.007253918105104562,0.9064299001059634,0.899110620415046,-0.007319279690917391,0.9064299001059634,0.9059200590253806,-0.000509841080582718
5.0,1.0,10.0,1.0,2.0,3.0,2.0,3.0,8.0,8.0,3.0,7.0,0.0,1.0,0.0,0.0,0.0,0.0,1.0,0.0,0.0,0.0,0.0,1.0,0.0,0.0,0.0,0.0,0.0,0.0,0.0,0.0,0.0,0.0,0.0,0.0,0.0,0.0,0.0,0.0,0.6865975001213137,0.6488823949843255,-0.03771510513698817,0.6865975001213137,0.6694088516721485,-0.017188648449165234,0.6865975001213137,0.7040939429008342,0.01749644277952045,0.6865975001213137,0.7053538852169468,0.018756385095633044,0.6865975001213137,0.6683736596553973,-0.018223840465916408,0.6865975001213137,0.6853057019706599,-0.0012917981506538334
5.0,1.0,6.0,1.0,1.0,4.0,2.0,4.0,7.0,6.0,2.0,6.0,0.0,0.0,0.0,0.0,0.0,0.0,1.0,0.0,0.0,0.0,0.0,0.0,0.0,0.0,0.0,0.0,0.0,0.0,0.0,0.0,0.0,0.0,0.0,0.0,0.0,0.0,0.0,0.0,0.8798761960901529,0.8607014990527784,-0.01917469703737451,0.8798761960901529,0.8713009794482247,-0.008575216641928174,0.8798761960901529,0.8883372339466937,0.008461037856540843,0.8798761960901529,0.8889364298433742,0.009060233753221292,0.8798761960901529,0.870775939885718,-0.009100256204434887,0.8798761960901529,0.8792409458498894,-0.0006352502402634519
5.0,1.0,10.0,1.0,2.0,2.0,2.0,4.0,8.0,8.0,4.0,8.0,0.0,0.0,0.0,0.0,0.0,0.0,0.0,0.0,0.0,0.0,0.0,1.0,0.0,0.0,0.0,0.0,0.0,0.0,0.0,0.0,0.0,0.0,0.0,0.0,0.0,0.0,0.0,0.0,0.8319443160613083,0.8067985320964371,-0.025145783964871105,0.8319443160613083,0.8206448922399148,-0.011299423821393484,0.8319443160613083,0.8431797557476494,0.011235439686341109,0.8319443160613083,0.8439787126682664,0.012034396606958153,0.8319443160613083,0.8199558995548503,-0.011988416506457988,0.8319443160613083,0.831104243959206,-0.0008400721021022406
4.0,1.0,6.0,1.0,2.0,5.0,2.0,4.0,9.0,9.0,4.0,9.0,1.0,0.0,0.0,0.0,0.0,0.0,1.0,0.0,0.0,0.0,0.0,1.0,0.0,0.0,0.0,0.0,0.0,0.0,0.0,0.0,0.0,0.0,0.0,0.0,0.0,0.0,0.0,0.0,0.8342372384266754,0.8093559196207328,-0.024881318805942576,0.8342372384266754,0.8230591931178618,-0.011178045308813611,0.8342372384266754,0.8453478799967151,0.011110641570039714,0.8342372384266754,0.8461378065674697,0.011900568140794321,0.8342372384266754,0.8223774675649569,-0.011859770861718522,0.8342372384266754,0.8334063329404584,-0.000830905486217004
2.0,3.0,4.0,4.0,2.0,3.0,2.0,3.0,6.0,7.0,2.0,7.0,0.0,1.0,0.0,0.0,0.0,0.0,1.0,0.0,0.0,0.0,0.0,0.0,0.0,0.0,0.0,0.0,1.0,0.0,0.0,0.0,0.0,0.0,0.0,0.0,0.0,1.0,0.0,0.0,0.5703129581444989,0.5282195937745857,-0.04209336436991318,0.5703129581444989,0.5509180778916669,-0.01939488025283198,0.5703129581444989,0.5904287172218868,0.02011575907738794,0.5703129581444989,0.5918921129928939,0.02157915484839501,0.5703129581444989,0.5497614059832221,-0.020551552161276798,0.5703129581444989,0.5688428394197277,-0.0014701187247712078
2.0,3.0,2.0,4.0,2.0,4.0,3.0,4.0,8.0,7.0,5.0,7.0,1.0,0.0,0.0,0.0,0.0,0.0,0.0,0.0,0.0,0.0,0.0,0.0,0.0,0.0,0.0,0.0,1.0,0.0,0.0,0.0,0.0,0.0,0.0,0.0,0.0,1.0,0.0,0.0,0.6659706245345306,0.6271213323385239,-0.038849292196006746,0.6659706245345306,0.6482302900375619,-0.017740334496968657,0.6659706245345306,0.6840887732873093,0.01811814875277873,0.6659706245345306,0.685395835518771,0.019425210984240437,,,,0.6659706245345306,0.6646353334664032,-0.0013352910681273533
7.0,1.0,7.0,1.0,2.0,5.0,3.0,4.0,8.0,8.0,3.0,8.0,0.0,0.0,0.0,0.0,0.0,0.0,1.0,0.0,0.0,0.0,0.0,0.0,0.0,0.0,0.0,0.0,0.0,0.0,0.0,1.0,0.0,0.0,0.0,0.0,0.0,0.0,0.0,0.0,0.8086556170912609,0.7809427295919962,-0.027712887499264705,0.8086556170912609,0.7961739808823508,-0.012481636208910074,0.8086556170912609,0.8211132483920214,0.012457631300760497,0.8086556170912609,0.8220008952347151,0.013345278143454209,0.8086556170912609,0.7954144184990132,-0.013241198592247705,0.8086556170912609,0.8077260351974036,-0.0009295818938572786
6.0,1.0,10.0,1.0,1.0,5.0,2.0,3.0,8.0,8.0,3.0,7.0,0.0,0.0,0.0,0.0,0.0,0.0,1.0,0.0,0.0,0.0,0.0,0.0,0.0,0.0,0.0,0.0,0.0,0.0,0.0,1.0,0.0,0.0,0.0,0.0,0.0,0.0,0.0,0.0,0.9158342099544062,0.9017584229316692,-0.01407578702273704,0.9158342099544062,0.9095620696063348,-0.006272140348071442,0.9158342099544062,0.921987071348041,0.006152861393634801,0.9158342099544062,0.9224214672582985,0.006587257303892313,0.9158342099544062,0.9091768491417278,-0.006657360812678426,0.9158342099544062,0.9153708264941397,-0.000463383460266531
3.0,1.0,3.0,1.0,3.0,5.0,4.0,2.0,7.0,7.0,3.0,8.0,0.0,0.0,1.0,0.0,0.0,0.0,1.0,0.0,0.0,0.0,0.0,0.0,0.0,0.0,0.0,0.0,1.0,0.0,0.0,0.0,0.0,0.0,0.0,0.0,0.0,0.0,0.0,0.0,0.5240831311133826,0.4815777075074864,-0.04250542360589615,0.5240831311133826,0.5044148335397672,-0.019668297573615323,0.5240831311133826,0.5446350994045178,0.02055196829113526,0.5240831311133826,0.5461363402506717,0.022053209137289143,0.5240831311133826,0.5032463856992635,-0.020836745414119062,0.5240831311133826,0.5225872476430715,-0.0014958834703110435
3.0,1.0,2.0,1.0,1.0,4.0,2.0,4.0,3.0,6.0,2.0,2.0,0.0,1.0,0.0,0.0,0.0,0.0,0.0,0.0,0.0,0.0,0.0,0.0,0.0,1.0,0.0,0.0,0.0,0.0,0.0,0.0,0.0,0.0,0.0,0.0,0.0,0.0,0.0,0.0,0.7380576818478414,0.7038643432623483,-0.034193338585493116,0.7380576818478414,0.7225508909844729,-0.01550679086336848,0.7380576818478414,0.7537117657682452,0.015654083920403794,0.7380576818478414,0.7548340034970067,0.016776321649165316,0.7380576818478414,0.7216129014547966,-0.016444780393044756,0.7380576818478414,0.7368967141309414,-0.0011609677168999966
3.0,1.0,5.0,1.0,1.0,4.0,2.0,4.0,9.0,9.0,5.0,8.0,0.0,0.0,0.0,0.0,0.0,0.0,1.0,0.0,0.0,0.0,0.0,1.0,0.0,0.0,0.0,0.0,0.0,0.0,0.0,0.0,0.0,0.0,0.0,0.0,0.0,0.0,0.0,0.0,0.903618739364504,0.8877504404089605,-0.015868298955543536,0.903618739364504,0.8965391238718001,-0.007079615492703861,0.903618739364504,0.9105774082147507,0.006958668850246763,0.903618739364504,0.9110692080355961,0.007450468671092114,,,,0.903618739364504,0.9030952184911695,-0.0005235208733345154
7.0,4.0,7.0,1.0,1.0,5.0,1.0,3.0,8.0,6.0,3.0,7.0,0.0,0.0,0.0,0.0,0.0,0.0,1.0,0.0,0.0,0.0,0.0,0.0,0.0,0.0,0.0,0.0,0.0,0.0,0.0,1.0,0.0,0.0,0.0,0.0,0.0,0.0,0.0,0.0,0.8471992774232084,0.8238527716296408,-0.023346505793567673,0.8471992774232084,0.836724240056007,-0.010475037367201456,0.8471992774232084,0.8575894202809827,0.010390142857774287,0.8471992774232084,0.8583272988961824,0.011128021472973981,0.8471992774232084,0.8360846785070862,-0.01111459891612221,0.8471992774232084,0.8464213843723172,-0.0007778930508912651
7.0,5.0,8.0,2.0,3.0,4.0,2.0,3.0,9.0,9.0,5.0,9.0,0.0,0.0,0.0,0.0,0.0,0.0,1.0,0.0,0.0,0.0,0.0,1.0,0.0,0.0,0.0,0.0,0.0,0.0,0.0,0.0,0.0,0.0,1.0,0.0,0.0,0.0,0.0,0.0,0.6009354246502224,0.5595250120397669,-0.04141041261045553,0.6009354246502224,0.5819094713834027,-0.019025953266819773,0.6009354246502224,0.6205713604096336,0.01963593575941114,0.6009354246502224,0.6219960080083066,0.02106058335808414,,,,0.6009354246502224,0.59949650121066,-0.0014389234395624229
5.0,2.0,4.0,1.0,2.0,4.0,2.0,2.0,10.0,9.0,4.0,10.0,0.0,1.0,0.0,0.0,0.0,0.0,1.0,0.0,0.0,0.0,1.0,0.0,0.0,0.0,0.0,0.0,0.0,0.0,0.0,0.0,0.0,0.0,0.0,0.0,0.0,0.0,0.0,0.0,0.7003107315226328,0.6634369464337634,-0.036873785088869404,0.7003107315226328,0.6835275218715926,-0.016783209651040187,,,,0.7003107315226328,0.7185827964113957,0.018272064888762873,0.7003107315226328,0.6825155722801661,-0.017795159242466663,,,
4.0,1.0,9.0,1.0,2.0,4.0,2.0,4.0,7.0,7.0,5.0,7.0,0.0,0.0,0.0,0.0,0.0,0.0,0.0,0.0,0.0,0.0,0.0,0.0,0.0,0.0,0.0,0.0,0.0,0.0,1.0,1.0,0.0,0.0,0.0,0.0,0.0,0.0,0.0,0.0,0.7486522263777733,0.7153084141640956,-0.03334381221367766,0.7486522263777733,0.7335461966670697,-0.015106029710703628,0.7486522263777733,0.7638757241269057,0.015223497749132453,0.7486522263777733,0.7649660907969903,0.016313864419217006,,,,0.7486522263777733,0.7475221521602783,-0.001130074217495003
4.0,1.0,7.0,1.0,2.0,5.0,3.0,3.0,3.0,6.0,2.0,7.0,0.0,1.0,0.0,0.0,0.0,0.0,1.0,0.0,0.0,1.0,0.0,0.0,0.0,0.0,0.0,0.0,0.0,0.0,0.0,0.0,0.0,0.0,0.0,0.0,0.0,0.0,0.0,0.0,0.612202407414069,0.5711267533089006,-0.041075654105168335,0.612202407414069,0.593350123653408,-0.01885228376066095,0.612202407414069,0.6316237964861757,0.019421389072106776,0.612202407414069,0.6330314851822093,0.02082907776814036,0.612202407414069,0.5922218474299026,-0.01998055998416637,0.612202407414069,0.6107777966990717,-0.001424610714997221
7.0,1.0,5.0,1.0,1.0,4.0,3.0,3.0,7.0,7.0,5.0,6.0,1.0,0.0,0.0,0.0,0.0,0.0,0.0,0.0,0.0,0.0,0.0,1.0,0.0,0.0,0.0,0.0,0.0,0.0,0.0,0.0,0.0,0.0,1.0,0.0,0.0,0.0,0.0,0.0,0.7672286740144922,0.7354784840652,-0.03175018994929224,0.7672286740144922,0.7528705528616569,-0.014358121152835301,0.7672286740144922,0.7816551876753983,0.014426513660906082,0.7672286740144922,0.7826868097751911,0.015458135760698877,,,,0.7672286740144922,0.7661560325952806,-0.0010726414192115952
3.0,1.0,9.0,1.0,4.0,5.0,4.0,2.0,6.0,6.0,3.0,7.0,1.0,0.0,0.0,0.0,0.0,0.0,1.0,0.0,0.0,0.0,0.0,1.0,0.0,0.0,0.0,0.0,0.0,0.0,0.0,0.0,0.0,0.0,0.0,0.0,0.0,0.0,0.0,0.0,0.6833566702221183,0.6454529523721927,-0.03790371784992563,0.6833566702221183,0.6660767225650244,-0.017279947657093953,0.6833566702221183,0.700955238016592,0.017598567794473663,0.6833566702221183,0.7022228925898146,0.018866222367696306,0.6833566702221183,0.6650363175811019,-0.01832035264101639,0.6833566702221183,0.6820576996370605,-0.0012989705850577904
4.0,1.0,3.0,1.0,1.0,4.0,4.0,3.0,7.0,6.0,3.0,6.0,1.0,0.0,0.0,0.0,0.0,0.0,0.0,0.0,0.0,0.0,0.0,0.0,0.0,0.0,0.0,0.0,0.0,0.0,0.0,0.0,0.0,0.0,0.0,0.0,0.0,0.0,0.0,0.0,0.799043468159348,0.7703338138221233,-0.02870965433722472,0.799043468159348,0.7861006718454735,-0.012942796313874516,0.799043468159348,0.8119814013716984,0.012937933212350372,0.799043468159348,0.8129040361807824,0.013860568021434427,0.799043468159348,0.7853136931827869,-0.013729774976561138,0.799043468159348,0.7980788492190891,-0.0009646189402588989
6.0,2.0,4.0,2.0,3.0,4.0,4.0,3.0,8.0,9.0,3.0,7.0,0.0,0.0,0.0,0.0,0.0,0.0,1.0,0.0,0.0,0.0,0.0,0.0,0.0,1.0,0.0,0.0,0.0,0.0,0.0,0.0,0.0,0.0,0.0,0.0,0.0,0.0,0.0,0.0,0.6143591879885358,0.5733527748939269,-0.04100641309460895,0.6143591879885358,0.5955424837525694,-0.018816704235966486,0.6143591879885358,0.6337371845720083,0.0193779965834725,0.6143591879885358,0.6351414623985956,0.020782274410059753,0.6143591879885358,0.5944161324513056,-0.019943055537230192,0.6143591879885358,0.6129374910383482,-0.0014216969501876786
5.0,1.0,3.0,2.0,1.0,1.0,1.0,2.0,9.0,9.0,3.0,10.0,0.0,1.0,0.0,0.0,0.0,0.0,0.0,0.0,0.0,0.0,0.0,0.0,1.0,0.0,0.0,0.0,0.0,0.0,0.0,0.0,0.0,0.0,0.0,0.0,0.0,0.0,0.0,0.0,0.6882938004577991,0.6506789718845429,-0.037614828573256154,0.6882938004577991,0.6711536273431208,-0.017140173114678303,0.6882938004577991,0.7057361300180439,0.01744232956024483,0.6882938004577991,0.7069919898786952,0.018698189420896072,0.6882938004577991,0.6701212064510542,-0.01817259400674487,,,
3.0,1.0,3.0,1.0,1.0,2.0,2.0,4.0,10.0,8.0,3.0,5.0,1.0,0.0,0.0,0.0,0.0,0.0,1.0,0.0,0.0,0.0,0.0,0.0,0.0,0.0,0.0,0.0,0.0,1.0,0.0,0.0,0.0,0.0,0.0,0.0,0.0,0.0,0.0,0.0,0.8229849835166141,0.7968260223280742,-0.026158961188539886,0.8229849835166141,0.811219859589242,-0.011765123927372056,,,,0.8229849835166141,0.8355341222985885,0.01254913878197439,0.8229849835166141,0.8105030211102254,-0.012481962406388658,0.8229849835166141,0.8221097020349242,-0.0008752814816899157
7.0,1.0,8.0,1.0,1.0,4.0,3.0,2.0,6.0,7.0,3.0,6.0,1.0,0.0,0.0,0.0,0.0,0.0,0.0,0.0,1.0,0.0,0.0,0.0,0.0,0.0,0.0,0.0,0.0,0.0,0.0,0.0,0.0,0.0,1.0,0.0,0.0,0.0,0.0,0.0,0.8537209738807566,0.8311723509971635,-0.02254862288359316,0.8537209738807566,0.843610492008143,-0.010110481872613652,0.8537209738807566,0.8637389796113071,0.01001800573055045,0.8537209738807566,0.8644500314693029,0.010729057588546254,0.8537209738807566,0.842992842830328,-0.01072813105042858,0.8537209738807566,0.852970520119361,-0.0007504537613955975
6.0,3.0,9.0,1.0,2.0,4.0,2.0,3.0,8.0,8.0,4.0,9.0,0.0,0.0,0.0,0.0,0.0,0.0,1.0,0.0,0.0,0.0,0.0,1.0,0.0,0.0,0.0,0.0,0.0,0.0,0.0,1.0,0.0,0.0,0.0,0.0,0.0,0.0,0.0,0.0,0.8022698141183241,0.7738906594723097,-0.02837915464601437,0.8022698141183241,0.7894800667540955,-0.012789747364228554,0.8022698141183241,0.8150481092683175,0.012778295149993402,0.8022698141183241,0.8159591061979685,0.013689292079644422,0.8022698141183241,0.7887021795429636,-0.013567634575360477,0.8022698141183241,0.80131683124344,-0.0009529828748841007
3.0,1.0,3.0,1.0,4.0,3.0,3.0,4.0,5.0,7.0,5.0,10.0,1.0,0.0,0.0,0.0,0.0,0.0,1.0,0.0,0.0,0.0,0.0,1.0,0.0,0.0,0.0,0.0,0.0,0.0,0.0,0.0,0.0,0.0,0.0,0.0,0.0,0.0,0.0,0.0,0.5108190567456498,0.4683307809192991,-0.042488275826350674,0.5108190567456498,0.4911348418776757,-0.01968421486797406,0.5108190567456498,0.5314316998029147,0.020612643057264957,0.5108190567456498,0.5329391406034018,0.022120083857751993,,,,,,
6.0,1.0,8.0,1.0,2.0,4.0,3.0,3.0,7.0,8.0,3.0,8.0,0.0,0.0,0.0,0.0,0.0,0.0,0.0,0.0,0.0,0.0,0.0,0.0,0.0,0.0,0.0,0.0,0.0,0.0,0.0,1.0,0.0,0.0,0.0,0.0,0.0,0.0,0.0,0.0,0.8406394387836404,0.8165077326721178,-0.0241317061115226,0.8406394387836404,0.8298050418651159,-0.010834396918524503,0.8406394387836404,0.8513973972923079,0.010757958508667453,0.8406394387836404,0.8521618281973535,0.011522389413713086,0.8406394387836404,0.829143911699382,-0.011495527084258494,0.8406394387836404,0.8398344637703852,-0.0008049750132552713
3.0,1.0,3.0,1.0,2.0,4.0,4.0,3.0,5.0,5.0,4.0,5.0,0.0,1.0,0.0,0.0,0.0,0.0,1.0,0.0,0.0,0.0,0.0,0.0,0.0,0.0,0.0,0.0,0.0,1.0,0.0,0.0,0.0,0.0,0.0,0.0,0.0,0.0,0.0,0.0,0.5383766481767385,0.4959199492573192,-0.04245669891941928,0.5383766481767385,0.5187566366557034,-0.019620011521035097,0.5383766481767385,0.5588309625653056,0.020454314388567152,0.5383766481767385,0.5603231843007377,0.021946536123999216,0.5383766481767385,0.5175896639047699,-0.020786984271968567,0.5383766481767385,0.5368859912615064,-0.0014906569152320914
2.0,4.0,2.0,1.0,2.0,4.0,2.0,2.0,5.0,5.0,3.0,4.0,0.0,0.0,1.0,0.0,0.0,0.0,1.0,0.0,0.0,0.0,0.0,0.0,0.0,0.0,0.0,0.0,0.0,0.0,0.0,0.0,0.0,0.0,0.0,0.0,0.0,0.0,0.0,0.0,0.5893356546087352,0.5476276653295616,-0.04170798927917352,0.5893356546087352,0.5701522510217968,-0.019183403586938375,0.5893356546087352,0.6091711485958848,0.019835493987149677,0.5893356546087352,0.6106117422996311,0.02127608769089595,0.5893356546087352,0.5690063630869368,-0.02032929152179841,0.5893356546087352,0.5878835891587206,-0.001452065450014528
5.0,3.0,2.0,3.0,2.0,5.0,2.0,2.0,7.0,4.0,2.0,5.0,0.0,0.0,0.0,0.0,0.0,0.0,1.0,0.0,0.0,0.0,0.0,0.0,0.0,1.0,0.0,0.0,0.0,0.0,0.0,0.0,0.0,0.0,0.0,0.0,0.0,0.0,0.0,1.0,0.7326864249216869,0.6980787587623971,-0.034607666159289785,0.7326864249216869,0.7169835904560706,-0.015702834465616267,0.7326864249216869,0.7485521443269088,0.015865719405221856,0.7326864249216869,0.7496900845466175,0.017003659624930556,0.7326864249216869,0.7160341762285808,-0.01665224869310611,0.7326864249216869,0.731510311182717,-0.001176113738969864
3.0,2.0,3.0,2.0,1.0,3.0,2.0,3.0,7.0,8.0,4.0,8.0,0.0,0.0,0.0,0.0,0.0,0.0,0.0,0.0,0.0,0.0,0.0,1.0,0.0,0.0,0.0,0.0,0.0,0.0,0.0,0.0,0.0,0.0,0.0,0.0,0.0,0.0,0.0,0.0,0.8664475421160522,0.8455056802897032,-0.02094186182634905,0.8664475421160522,0.857069423767767,-0.00937811834828528,0.8664475421160522,0.8757208411995218,0.009273299083469522,0.8664475421160522,0.8763783168495635,0.009930774733511227,0.8664475421160522,0.8564958876218685,-0.009951654494183781,0.8664475421160522,0.8657521123080101,-0.0006954298080421584
4.0,1.0,10.0,3.0,2.0,2.0,3.0,3.0,9.0,5.0,4.0,5.0,0.0,1.0,0.0,0.0,0.0,0.0,1.0,0.0,0.0,1.0,0.0,0.0,0.0,0.0,0.0,0.0,0.0,0.0,0.0,0.0,0.0,0.0,0.0,1.0,0.0,0.0,0.0,0.0,0.4319822602509723,0.39081259583872396,-0.04116966441224834,0.4319822602509723,0.4127725620198023,-0.019209698231170025,0.4319822602509723,0.45235542016207614,0.020373159911103833,0.4319822602509723,0.45385581805347486,0.021873557802502552,0.4319822602509723,0.41164007208167225,-0.020342188169300057,0.4319822602509723,0.4305114573757147,-0.001470802875257582
2.0,2.0,4.0,1.0,3.0,3.0,3.0,3.0,5.0,5.0,2.0,5.0,0.0,0.0,0.0,0.0,0.0,0.0,1.0,0.0,0.0,1.0,0.0,0.0,0.0,0.0,0.0,0.0,0.0,0.0,0.0,0.0,0.0,0.0,0.0,1.0,0.0,0.0,0.0,0.0,0.6503313983156864,0.6107263823210413,-0.039605015994645165,0.6503313983156864,0.6322191604663888,-0.018112237849297608,0.6503313983156864,0.6688760630954499,0.018544664779763465,0.6503313983156864,0.6702157241558863,0.019884325840199835,0.6503313983156864,0.6311316850435942,-0.019199713272092245,0.6503313983156864,0.6489665424174741,-0.001364855898212336
5.0,1.0,5.0,2.0,2.0,2.0,2.0,4.0,9.0,7.0,3.0,9.0,0.0,0.0,0.0,0.0,0.0,0.0,0.0,0.0,0.0,0.0,0.0,1.0,0.0,0.0,0.0,0.0,0.0,0.0,0.0,0.0,0.0,0.0,0.0,0.0,0.0,0.0,0.0,0.0,0.7878550862911178,0.758031045046068,-0.02982404124504978,0.7878550862911178,0.7743951479896595,-0.013459938301458307,0.7878550862911178,0.8013342524438981,0.01347916615278033,0.7878550862911178,0.8022964130923846,0.014441326801266863,0.7878550862911178,0.7735775070361385,-0.0142775792549793,0.7878550862911178,0.7868510878691556,-0.0010039984219621934
2.0,1.0,1.0,2.0,2.0,4.0,1.0,4.0,8.0,7.0,4.0,9.0,0.0,0.0,1.0,0.0,0.0,0.0,1.0,0.0,0.0,0.0,0.0,0.0,0.0,0.0,0.0,0.0,1.0,0.0,0.0,1.0,0.0,0.0,0.0,0.0,0.0,0.0,0.0,0.0,0.6609929387912632,0.6218934057189571,-0.03909953307230607,0.6609929387912632,0.6431299029585573,-0.017863035832705876,0.6609929387912632,0.6792510461509311,0.01825810735966793,0.6609929387912632,0.6805687779132247,0.01957583912196148,0.6609929387912632,0.6420564235427768,-0.018936515248486385,0.6609929387912632,0.6596479186198734,-0.0013450201713898213
3.0,1.0,4.0,1.0,2.0,4.0,2.0,2.0,6.0,7.0,4.0,6.0,0.0,0.0,0.0,0.0,0.0,0.0,1.0,0.0,0.0,0.0,0.0,0.0,0.0,0.0,0.0,0.0,0.0,1.0,0.0,0.0,0.0,0.0,0.0,0.0,0.0,0.0,0.0,0.0,0.8612752579151064,0.8396724257005326,-0.02160283221457382,0.8612752579151064,0.8515961476728119,-0.009679110242294509,0.8612752579151064,0.8708541671164605,0.009578909201354069,0.8612752579151064,0.8715336120785409,0.010258354163434458,0.8612752579151064,0.8510044670027157,-0.010270790912390693,0.8612752579151064,0.860557229650219,-0.000718028264887427
2.0,1.0,2.0,4.0,2.0,3.0,2.0,3.0,5.0,5.0,4.0,6.0,0.0,0.0,0.0,1.0,0.0,0.0,1.0,0.0,1.0,0.0,0.0,0.0,0.0,0.0,0.0,0.0,0.0,0.0,0.0,0.0,0.0,0.0,0.0,0.0,0.0,1.0,0.0,0.0,0.6876734095646952,0.6500217827380668,-0.03765162682662848,0.6876734095646952,0.6705154526340963,-0.01715795693059896,0.6876734095646952,0.7051355825847491,0.017462173020053817,0.6876734095646952,0.706392939171905,0.018719529607209795,0.6876734095646952,0.6694820148579126,-0.01819139470678266,0.6876734095646952,0.686384020504008,-0.0012893890606872072
4.0,1.0,4.0,2.0,1.0,4.0,2.0,2.0,8.0,8.0,4.0,8.0,0.0,0.0,0.0,0.0,0.0,1.0,0.0,0.0,0.0,0.0,0.0,0.0,0.0,0.0,0.0,0.0,0.0,0.0,0.0,0.0,0.0,0.0,0.0,0.0,0.0,0.0,0.0,0.0,0.8271267904540003,0.8014322196122343,-0.025694570841765962,0.8271267904540003,0.8155752591313806,-0.011551531322619657,0.8271267904540003,0.8386218322786831,0.011495041824682861,0.8271267904540003,0.8394395887160808,0.012312798262080538,0.8271267904540003,0.8148711848030792,-0.012255605650921098,0.8271267904540003,0.8262676655473058,-0.0008591249066944862
7.0,1.0,10.0,1.0,1.0,4.0,2.0,4.0,7.0,8.0,5.0,8.0,0.0,0.0,0.0,0.0,0.0,0.0,0.0,0.0,0.0,0.0,0.0,1.0,0.0,0.0,0.0,0.0,0.0,0.0,0.0,0.0,0.0,0.0,1.0,0.0,0.0,0.0,0.0,0.0,0.8752997814841705,0.8555145342436471,-0.01978524724052344,0.8752997814841705,0.8664474581429625,-0.008852323341208002,0.8752997814841705,0.8840406816810403,0.008740900196869794,0.8752997814841705,0.8846599398716323,0.009360158387461737,,,,0.8752997814841705,0.8746437777941917,-0.0006560036899788679
4.0,1.0,9.0,1.0,1.0,5.0,1.0,3.0,9.0,9.0,5.0,8.0,1.0,0.0,0.0,0.0,0.0,0.0,1.0,0.0,0.0,0.0,0.0,0.0,1.0,0.0,0.0,0.0,0.0,0.0,0.0,1.0,0.0,0.0,0.0,0.0,0.0,0.0,0.0,0.0,0.9082296775944406,0.8930306605390921,-0.01519901705534854,0.9082296775944406,0.901451817527603,-0.006777860066837671,0.9082296775944406,0.9148867964925799,0.006657118898139247,0.9082296775944406,0.9153570989361123,0.007127421341671658,,,,0.9082296775944406,0.907728644797891,-0.0005010327965496719
6.0,1.0,10.0,2.0,1.0,4.0,2.0,4.0,9.0,9.0,5.0,9.0,0.0,0.0,0.0,0.0,0.0,0.0,0.0,0.0,0.0,0.0,0.0,1.0,0.0,0.0,0.0,0.0,0.0,0.0,0.0,0.0,0.0,0.0,1.0,0.0,0.0,0.0,0.0,0.0,0.8903728099681955,0.8726310852268861,-0.017741724741309306,0.8903728099681955,0.8824467995852303,-0.007926010382965143,0.8903728099681955,0.8981800654366594,0.007807255468463947,0.8903728099681955,0.8987324645689698,0.008359654600774369,,,,0.8903728099681955,0.88978611580989,-0.0005866941583054786
2.0,1.0,3.0,1.0,2.0,5.0,1.0,3.0,9.0,8.0,3.0,6.0,0.0,0.0,0.0,0.0,0.0,0.0,0.0,0.0,1.0,0.0,0.0,0.0,0.0,0.0,0.0,0.0,0.0,0.0,0.0,0.0,0.0,0.0,0.0,0.0,0.0,0.0,0.0,0.0,0.9462236317097726,0.9368798593935291,-0.009343772316243504,0.9462236317097726,0.9420729081868965,-0.004150723522876154,0.9462236317097726,0.9502755222841321,0.004051890574359507,0.9462236317097726,0.950560847330593,0.004337215620820345,0.9462236317097726,0.941817309416356,-0.004406322293416642,0.9462236317097726,0.9459176801517019,-0.0003059515580707828
4.0,1.0,5.0,1.0,2.0,4.0,5.0,2.0,8.0,10.0,5.0,9.0,0.0,1.0,0.0,0.0,0.0,0.0,0.0,0.0,0.0,0.0,0.0,0.0,1.0,0.0,0.0,0.0,0.0,0.0,0.0,0.0,0.0,0.0,0.0,0.0,0.0,0.0,0.0,0.0,,,,0.5842824777833753,0.5650372424520224,-0.019245235331352917,0.5842824777833753,0.6041981238099398,0.019915646026564482,,,,,,,0.5842824777833753,0.5828251927556902,-0.0014572850276850513
3.0,1.0,9.0,1.0,1.0,5.0,2.0,2.0,10.0,9.0,2.0,8.0,0.0,0.0,0.0,0.0,0.0,0.0,0.0,0.0,0.0,0.0,0.0,1.0,0.0,0.0,0.0,0.0,0.0,0.0,0.0,0.0,0.0,0.0,0.0,0.0,0.0,0.0,0.0,0.0,0.9592663199419901,0.9520739633464034,-0.007192356595586702,0.9592663199419901,0.9560755632549758,-0.0031907566870142956,,,,0.9592663199419901,0.96259319166091,0.003326871718919877,0.9592663199419901,0.9558788564323434,-0.003387463509646693,0.9592663199419901,0.959031359736514,-0.00023496020547608687
4.0,2.0,5.0,2.0,1.0,3.0,3.0,3.0,8.0,8.0,4.0,8.0,0.0,0.0,0.0,0.0,0.0,0.0,0.0,0.0,0.0,0.0,0.0,1.0,0.0,0.0,0.0,0.0,0.0,0.0,0.0,0.0,0.0,0.0,0.0,0.0,0.0,0.0,0.0,0.0,0.8391218541729564,0.814810967799559,-0.0243108863733974,0.8391218541729564,0.8282053668485962,-0.010916487324360125,0.8391218541729564,0.8499639756197611,0.010842121446804742,0.8391218541729564,0.8507344874850558,0.011612633312099385,0.8391218541729564,0.8275393141467112,-0.011582540026245147,0.8391218541729564,0.8383106878493307,-0.0008111663236256561
4.0,1.0,4.0,1.0,2.0,4.0,4.0,3.0,7.0,6.0,4.0,6.0,0.0,0.0,0.0,0.0,0.0,1.0,0.0,0.0,0.0,0.0,0.0,1.0,0.0,0.0,0.0,0.0,0.0,0.0,0.0,0.0,0.0,0.0,0.0,0.0,0.0,0.0,0.0,0.0,0.6691196255764936,0.6304333381026038,-0.0386862874738898,0.6691196255764936,0.6514590064994422,-0.01766061907705141,0.6691196255764936,0.6871472080469363,0.01802758247044267,0.6691196255764936,0.6884473792127345,0.01932775363624084,0.6691196255764936,0.6503969619469351,-0.018722663629558545,0.6691196255764936,0.6677906432820778,-0.0013289822944158036
7.0,1.0,8.0,2.0,3.0,4.0,2.0,4.0,4.0,4.0,2.0,3.0,0.0,0.0,0.0,0.0,0.0,0.0,1.0,0.0,0.0,0.0,0.0,0.0,0.0,0.0,0.0,0.0,0.0,0.0,0.0,0.0,0.0,0.0,1.0,0.0,0.0,0.0,0.0,0.0,0.6873795311035944,0.6497105228788652,-0.037669008224729184,0.6873795311035944,0.6702131720786467,-0.017166359024947675,0.6873795311035944,0.704851082801375,0.017471551697780585,0.6873795311035944,0.7061091469199798,0.018729615816385436,0.6873795311035944,0.6691792539727183,-0.01820027713087613,0.6873795311035944,0.6860894826310865,-0.0012900484725079098
4.0,1.0,9.0,1.0,2.0,4.0,2.0,4.0,8.0,8.0,5.0,10.0,0.0,0.0,0.0,0.0,0.0,0.0,1.0,0.0,0.0,0.0,0.0,0.0,1.0,0.0,0.0,0.0,0.0,0.0,0.0,0.0,0.0,0.0,0.0,0.0,0.0,0.0,0.0,0.0,0.8467495574538249,0.8233486661869005,-0.02340089126692435,0.8467495574538249,0.836249649110283,-0.010499908343541864,0.8467495574538249,0.8571651246760655,0.010415567222240685,0.8467495574538249,0.8579048374543178,0.011155280000492929,,,,,,
3.0,1.0,4.0,4.0,4.0,4.0,2.0,3.0,6.0,6.0,3.0,5.0,0.0,1.0,0.0,0.0,0.0,0.0,1.0,0.0,0.0,0.0,0.0,0.0,0.0,0.0,0.0,0.0,0.0,0.0,0.0,0.0,1.0,0.0,0.0,0.0,0.0,0.0,0.0,0.0,0.5964108416362304,0.5548786916499353,-0.041532149986295064,0.5964108416362304,0.5773209003082205,-0.019089941328009896,0.5964108416362304,0.6161271937197459,0.01971635208351552,0.5964108416362304,0.617558244404553,0.02114740276832261,0.5964108416362304,0.576179917088485,-0.020230924547745333,0.5964108416362304,0.594966599757597,-0.0014442418786333455
3.0,1.0,4.0,1.0,1.0,5.0,2.0,2.0,7.0,5.0,2.0,5.0,0.0,0.0,0.0,0.0,0.0,0.0,0.0,0.0,0.0,0.0,0.0,1.0,0.0,0.0,0.0,0.0,0.0,0.0,0.0,0.0,1.0,0.0,0.0,0.0,0.0,0.0,0.0,0.0,0.9655161632382592,0.9593806147238176,-0.006135548514441536,0.9655161632382592,0.9627959830551824,-0.002720180183076737,0.9655161632382592,0.9681633275859606,0.002647164347701403,0.9655161632382592,0.9683494289317904,0.0028332656935312617,0.9655161632382592,0.9626281958737422,-0.002887967364517019,0.9655161632382592,0.9653159499402855,-0.0002002132979737059
7.0,6.0,7.0,1.0,2.0,3.0,2.0,3.0,9.0,9.0,4.0,10.0,0.0,0.0,0.0,0.0,0.0,0.0,1.0,0.0,0.0,0.0,0.0,1.0,0.0,0.0,0.0,0.0,0.0,0.0,0.0,0.0,0.0,0.0,1.0,0.0,0.0,0.0,0.0,0.0,0.6448642994896875,0.6050161485136375,-0.03984815097604999,0.6448642994896875,0.6266314583357974,-0.018232841153890122,0.6448642994896875,0.6635489064440017,0.018684606954314176,0.6448642994896875,0.6648993224564513,0.02003502296676385,0.6448642994896875,0.6255372468612758,-0.019327052628411723,,,
3.0,1.0,2.0,1.0,2.0,5.0,5.0,3.0,2.0,2.0,2.0,2.0,0.0,1.0,0.0,0.0,0.0,0.0,1.0,0.0,0.0,0.0,0.0,0.0,0.0,0.0,0.0,0.0,1.0,0.0,0.0,0.0,0.0,0.0,0.0,0.0,0.0,0.0,0.0,0.0,,,,0.4502428013760405,0.4308369932370173,-0.019405808139023206,0.4502428013760405,0.4707634141306505,0.02052061275460998,0.4502428013760405,0.4722722152560348,0.022029413879994297,0.4502428013760405,0.4296912072705085,-0.02055159410553198,0.4502428013760405,0.44875894488824025,-0.0014838564878002503
6.0,1.0,5.0,1.0,2.0,3.0,2.0,4.0,6.0,7.0,4.0,8.0,0.0,0.0,0.0,0.0,0.0,0.0,1.0,0.0,0.0,0.0,0.0,1.0,0.0,0.0,0.0,0.0,0.0,0.0,0.0,0.0,0.0,0.0,0.0,0.0,1.0,0.0,0.0,0.0,0.46282977701537226,0.42089866731763115,-0.04193110969774111,0.46282977701537226,0.4433189340777322,-0.01951084293764005,0.46282977701537226,0.4834196132889979,0.02058983627362565,0.46282977701537226,0.48493181014538006,0.022102033130007803,0.46282977701537226,0.4421657413160147,-0.02066403569935754,0.46282977701537226,0.46133924883495087,-0.001490528180421391
4.0,1.0,8.0,1.0,1.0,5.0,2.0,3.0,7.0,8.0,3.0,7.0,1.0,0.0,0.0,0.0,0.0,0.0,1.0,0.0,0.0,0.0,0.0,0.0,0.0,0.0,0.0,0.0,0.0,0.0,0.0,0.0,0.0,0.0,0.0,0.0,0.0,0.0,0.0,0.0,0.8926329255185736,0.8752057046847916,-0.01742722083378201,0.8926329255185736,0.8848491877121262,-0.007783737806447477,0.8926329255185736,0.9002972474454121,0.007664321926838413,0.8926329255185736,0.9008394284263503,0.008206502907776692,0.8926329255185736,0.8843720844365652,-0.008260841082008419,0.8926329255185736,0.8920568604860598,-0.0005760650325138394
7.0,1.0,5.0,1.0,3.0,3.0,2.0,4.0,6.0,7.0,3.0,8.0,0.0,0.0,0.0,0.0,0.0,0.0,1.0,0.0,0.0,0.0,1.0,0.0,0.0,0.0,0.0,0.0,0.0,0.0,0.0,0.0,0.0,0.0,1.0,0.0,0.0,0.0,0.0,0.0,0.7204429783236581,0.6849318367767736,-0.035511141546884506,0.7204429783236581,0.7043111790738475,-0.016131799249810563,0.7204429783236581,0.7367743090964027,0.016331330772744623,0.7204429783236581,0.7379468908337423,0.017503912510084207,0.7204429783236581,0.7033368433182151,-0.017106135005443,0.7204429783236581,0.719233638782264,-0.0012093395413941277
3.0,1.0,4.0,2.0,1.0,5.0,1.0,2.0,6.0,5.0,4.0,6.0,1.0,0.0,0.0,0.0,0.0,0.0,1.0,0.0,0.0,0.0,0.0,0.0,0.0,0.0,0.0,0.0,0.0,0.0,0.0,0.0,0.0,0.0,0.0,0.0,0.0,0.0,0.0,0.0,0.8815430785026854,0.8625929046607518,-0.01895017384193365,0.8815430785026854,0.8730696889159427,-0.008473389586742708,0.8815430785026854,0.8899013991469699,0.008358320644284434,0.8815430785026854,0.8904932362243834,0.008950157721697938,0.8815430785026854,0.8725508095064196,-0.008992268996265818,0.8815430785026854,0.8809154501913119,-0.0006276283113735293
4.0,2.0,3.0,3.0,2.0,4.0,2.0,3.0,5.0,7.0,3.0,9.0,0.0,1.0,0.0,0.0,0.0,0.0,0.0,0.0,0.0,0.0,0.0,0.0,1.0,0.0,0.0,0.0,0.0,0.0,0.0,0.0,0.0,0.0,0.0,0.0,0.0,0.0,0.0,0.0,0.5563716517355559,0.5140762004145981,-0.0422954513209578,0.5563716517355559,0.5368585206243155,-0.019513131111240423,0.5563716517355559,0.5766556002961752,0.020283948560619325,0.5563716517355559,0.5781330454136677,0.021761393678111807,0.5563716517355559,0.5356961554888398,-0.020675496246716163,0.5563716517355559,0.5548910615165593,-0.0014805902189966025
6.0,1.0,9.0,1.0,1.0,3.0,2.0,4.0,7.0,7.0,3.0,8.0,0.0,0.0,0.0,0.0,0.0,0.0,1.0,0.0,0.0,0.0,0.0,0.0,0.0,0.0,0.0,0.0,0.0,0.0,0.0,0.0,0.0,0.0,0.0,0.0,0.0,0.0,0.0,0.0,0.8561666591967477,0.8339216947870174,-0.02224496440973034,0.8561666591967477,0.8461947635852303,-0.009971895611517456,0.8561666591967477,0.866043452077211,0.009876792880463281,0.8561666591967477,0.8667443337481078,0.01057767455136005,0.8561666591967477,0.8455854526235109,-0.010581206573236801,0.8561666591967477,0.8554266277250767,-0.0007400314716710099
5.0,1.0,9.0,1.0,1.0,4.0,1.0,4.0,8.0,9.0,4.0,10.0,0.0,0.0,0.0,0.0,0.0,0.0,1.0,0.0,0.0,0.0,0.0,0.0,1.0,0.0,0.0,0.0,0.0,0.0,0.0,0.0,0.0,0.0,0.0,0.0,0.0,0.0,0.0,0.0,0.9042632449400431,0.8884879631089514,-0.01577528183109167,0.9042632449400431,0.8972255866592648,-0.007037658280778292,0.9042632449400431,0.9111799547697744,0.00691670982973136,0.9042632449400431,0.9116687622108556,0.007405517270812512,0.9042632449400431,0.8967937813664196,-0.007469463573623436,,,
6.0,1.0,9.0,2.0,2.0,4.0,3.0,3.0,5.0,3.0,4.0,5.0,0.0,0.0,1.0,0.0,0.0,0.0,1.0,0.0,0.0,0.0,0.0,0.0,0.0,1.0,0.0,0.0,0.0,0.0,0.0,1.0,0.0,0.0,0.0,0.0,0.0,0.0,0.0,0.0,0.49897605574408754,0.45655348175870675,-0.042422573985380796,0.49897605574408754,0.47930105799402006,-0.01967499775006748,0.49897605574408754,0.5196184337827598,0.020642378038672304,0.49897605574408754,0.5211296334442097,0.022153577700122162,0.49897605574408754,0.47813465859357934,-0.0208413971505082,0.49897605574408754,0.49747692579541464,-0.001499129948672906
3.0,1.0,7.0,1.0,1.0,3.0,1.0,3.0,3.0,5.0,2.0,3.0,1.0,0.0,0.0,0.0,0.0,0.0,0.0,0.0,0.0,0.0,0.0,0.0,1.0,0.0,0.0,0.0,0.0,0.0,0.0,0.0,0.0,0.0,0.0,0.0,0.0,0.0,0.0,0.0,0.8718576175369984,0.8516188102666107,-0.020238807270387738,0.8718576175369984,0.8627992409709846,-0.009058376566013826,0.8718576175369984,0.8808069412786941,0.008949323741695658,0.8718576175369984,0.881441152660838,0.009583535123839582,0.8718576175369984,0.862245001353529,-0.009612616183469425,0.8718576175369984,0.8711861707130643,-0.0006714468239341631
7.0,1.0,8.0,1.0,3.0,5.0,1.0,3.0,7.0,9.0,2.0,10.0,0.0,0.0,0.0,0.0,0.0,0.0,1.0,0.0,0.0,0.0,0.0,0.0,0.0,0.0,0.0,0.0,0.0,0.0,0.0,0.0,0.0,0.0,1.0,0.0,0.0,0.0,0.0,0.0,0.8451341565047225,0.8215385859392575,-0.023595570565464907,0.8451341565047225,0.8345451960600933,-0.010588960444629203,0.8451341565047225,0.8556407957706733,0.010506639265950857,0.8451341565047225,0.856387080113894,0.011252923609171517,0.8451341565047225,0.8338987934614683,-0.01123536304325412,,,
4.0,1.0,3.0,1.0,1.0,4.0,2.0,3.0,9.0,9.0,5.0,9.0,0.0,0.0,0.0,0.0,0.0,0.0,0.0,0.0,0.0,0.0,0.0,0.0,1.0,0.0,0.0,0.0,0.0,0.0,0.0,0.0,0.0,0.0,0.0,0.0,0.0,0.0,0.0,0.0,0.8934091277672541,0.8760904067670992,-0.01731872100015497,0.8934091277672541,0.8856744547821497,-0.0077346729851044405,0.8934091277672541,0.9010241848032968,0.007615057036042705,0.8934091277672541,0.901562844940128,0.008153717172873831,,,,0.8934091277672541,0.8928367273788043,-0.0005724003884498563
4.0,1.0,8.0,2.0,2.0,4.0,2.0,3.0,8.0,8.0,3.0,10.0,0.0,1.0,0.0,0.0,0.0,0.0,1.0,0.0,0.0,0.0,0.0,0.0,0.0,0.0,0.0,0.0,0.0,0.0,0.0,0.0,1.0,0.0,0.0,0.0,0.0,0.0,0.0,0.0,0.8270130935022989,0.8013056831335232,-0.025707410368775663,0.8270130935022989,0.8154556599316125,-0.011557433570686393,0.8270130935022989,0.8385142194735093,0.011501125971210446,0.8270130935022989,0.839332416747225,0.012319323244926128,0.8270130935022989,0.8147512327216259,-0.01226186078067304,,,
5.0,1.0,5.0,1.0,2.0,5.0,3.0,4.0,1.0,2.0,1.0,5.0,0.0,0.0,0.0,0.0,0.0,0.0,1.0,0.0,0.0,1.0,0.0,0.0,0.0,0.0,0.0,0.0,0.0,0.0,0.0,1.0,0.0,0.0,0.0,0.0,0.0,0.0,0.0,0.0,0.7307213907472023,0.6959648887831092,-0.03475650196409308,0.7307213907472023,0.7149480330002563,-0.015773357746945993,0.7307213907472023,0.74666341344926,0.01594202270205769,0.7307213907472023,0.7478070214828273,0.017085630735624968,0.7307213907472023,0.7139945141478745,-0.01672687659932781,0.7307213907472023,0.7295398227603073,-0.0011815679868950602
2.0,3.0,6.0,4.0,2.0,5.0,3.0,3.0,0.0,0.0,1.0,0.0,0.0,1.0,0.0,0.0,0.0,0.0,0.0,0.0,0.0,0.0,0.0,0.0,0.0,0.0,0.0,0.0,0.0,1.0,0.0,0.0,0.0,0.0,0.0,0.0,0.0,1.0,0.0,0.0,0.5823614465419382,0.5404974122998375,-0.04186403424210072,0.5823614465419382,0.5630937794178116,-0.01926766712412664,0.5823614465419382,0.6023064821619185,0.01994503561998029,0.5823614465419382,0.6037559202149239,0.021394473672985637,0.5823614465419382,0.5619435319870663,-0.020417914554871963,0.5823614465419382,0.5809022576865132,-0.0014591888554250643
7.0,1.0,10.0,1.0,1.0,5.0,2.0,3.0,8.0,8.0,3.0,8.0,0.0,0.0,0.0,0.0,0.0,0.0,1.0,0.0,0.0,0.0,0.0,1.0,0.0,0.0,0.0,0.0,0.0,0.0,0.0,0.0,0.0,0.0,1.0,0.0,0.0,0.0,0.0,0.0,0.9044834137589951,0.8887399471011946,-0.015743466657800465,0.9044834137589951,0.8974601049177566,-0.007023308841238474,0.9044834137589951,0.9113857757955915,0.006902362036596443,0.9044834137589951,0.9118735600839276,0.007390146324932512,0.9044834137589951,0.8970291718685101,-0.007454241890485047,0.9044834137589951,0.903964090435352,-0.0005193233236431283
6.0,1.0,9.0,1.0,2.0,4.0,2.0,4.0,7.0,7.0,3.0,6.0,0.0,0.0,0.0,0.0,0.0,0.0,1.0,0.0,0.0,0.0,0.0,0.0,0.0,1.0,0.0,0.0,0.0,0.0,0.0,1.0,0.0,0.0,0.0,0.0,0.0,0.0,0.0,0.0,0.8294672607083405,0.8040381428271979,-0.02542911788114266,0.8294672607083405,0.8180377163349323,-0.011429544373408262,0.8294672607083405,0.8408366224167433,0.011369361708402748,0.8294672607083405,0.8416452750044191,0.012178014296078565,0.8294672607083405,0.8173409374247218,-0.012126323283618734,0.8294672607083405,0.828617357142514,-0.000849903565826482
4.0,1.0,9.0,1.0,3.0,3.0,2.0,4.0,6.0,8.0,3.0,7.0,1.0,0.0,0.0,0.0,0.0,0.0,1.0,0.0,0.0,0.0,0.0,0.0,0.0,0.0,0.0,0.0,0.0,0.0,0.0,0.0,0.0,0.0,0.0,0.0,0.0,0.0,0.0,0.0,0.7254649619218562,0.6903175331801715,-0.03514742874168464,0.7254649619218562,0.7095061065168552,-0.01595885540500097,0.7254649619218562,0.7416081372152018,0.016143175293345635,0.7254649619218562,0.7427667038158535,0.017301741893997358,0.7254649619218562,0.7085418049915873,-0.016923156930268912,0.7254649619218562,0.724269032491819,-0.0011959294300372125
5.0,1.0,3.0,1.0,1.0,3.0,2.0,3.0,5.0,5.0,2.0,7.0,0.0,0.0,0.0,0.0,0.0,0.0,1.0,0.0,0.0,0.0,0.0,0.0,0.0,0.0,0.0,0.0,0.0,0.0,0.0,0.0,0.0,0.0,0.0,0.0,0.0,0.0,0.0,0.0,0.8398257909592293,0.8155979026220231,-0.024227888337206127,0.8398257909592293,0.8289473327248521,-0.010878458234377164,0.8398257909592293,0.8506289165876595,0.010803125628430221,0.8398257909592293,0.8513966106688702,0.011570819709640912,0.8398257909592293,0.8282835602195944,-0.011542230739634896,0.8398257909592293,0.8390174930403531,-0.0008082979188761552
3.0,1.0,9.0,1.0,1.0,4.0,1.0,4.0,6.0,6.0,5.0,10.0,0.0,1.0,0.0,0.0,0.0,0.0,1.0,0.0,0.0,0.0,0.0,1.0,0.0,0.0,0.0,0.0,0.0,0.0,0.0,1.0,0.0,0.0,0.0,0.0,0.0,0.0,0.0,0.0,0.8024114088545587,0.774046852912995,-0.02836455594156373,0.8024114088545587,0.7896284186268201,-0.012782990227738655,0.8024114088545587,0.8151826614513968,0.01277125259683809,0.8024114088545587,0.816093145174474,0.013681736319915205,,,,,,
2.0,3.0,3.0,4.0,2.0,3.0,3.0,3.0,7.0,8.0,3.0,8.0,0.0,0.0,1.0,0.0,0.0,0.0,1.0,0.0,0.0,0.0,0.0,0.0,0.0,0.0,0.0,0.0,1.0,0.0,0.0,0.0,0.0,0.0,0.0,0.0,0.0,1.0,0.0,0.0,0.5085761189604833,0.4660966468568601,-0.042479472103623184,0.5085761189604833,0.48889195515225714,-0.01968416380822613,0.5085761189604833,0.5291961655593834,0.020620046598900155,0.5085761189604833,0.5307044472621929,0.022128328301709632,0.5085761189604833,0.4877240776836749,-0.020852041276808397,0.5085761189604833,0.507077337488773,-0.001498781471710231
2.0,1.0,4.0,1.0,1.0,3.0,5.0,3.0,9.0,8.0,4.0,9.0,0.0,0.0,0.0,0.0,0.0,0.0,1.0,0.0,0.0,0.0,0.0,0.0,0.0,0.0,0.0,0.0,0.0,0.0,0.0,0.0,0.0,0.0,0.0,0.0,0.0,0.0,0.0,0.0,,,,0.8448642272864174,0.8342604299131314,-0.010603797373285984,0.8448642272864174,0.8553860458992749,0.010521818612857503,0.8448642272864174,0.8561334257733074,0.011269198486890009,0.8448642272864174,0.8336131365936967,-0.011251090692720678,0.8448642272864174,0.8440766345748643,-0.0007875927115531534
6.0,1.0,4.0,1.0,3.0,4.0,2.0,3.0,8.0,8.0,3.0,9.0,0.0,0.0,0.0,0.0,0.0,0.0,1.0,0.0,0.0,0.0,0.0,1.0,0.0,0.0,0.0,0.0,0.0,0.0,0.0,0.0,0.0,0.0,0.0,0.0,0.0,0.0,0.0,0.0,0.761533205159979,0.7292802692631813,-0.032252935896797674,0.761533205159979,0.7469396451708505,-0.01459355998912848,0.761533205159979,0.7762097458181878,0.014676540658208781,0.761533205159979,0.7772597646803331,0.015726559520354066,0.761533205159979,0.746055129767278,-0.015478075392701074,0.761533205159979,0.7604425130794075,-0.0010906920805715536
4.0,1.0,8.0,1.0,4.0,4.0,2.0,4.0,8.0,9.0,5.0,10.0,1.0,0.0,0.0,0.0,0.0,0.0,0.0,0.0,0.0,0.0,0.0,0.0,1.0,0.0,0.0,0.0,0.0,0.0,0.0,0.0,0.0,0.0,0.0,0.0,0.0,0.0,0.0,0.0,0.675209032856409,0.6368483070109707,-0.03836072584543826,0.675209032856409,0.6577071674666615,-0.017501865389747517,0.675209032856409,0.6930570352319396,0.017848002375530636,0.675209032856409,0.6943435709458415,0.01913453808943255,,,,,,
4.0,1.0,6.0,1.0,5.0,2.0,2.0,4.0,7.0,6.0,2.0,8.0,1.0,0.0,0.0,0.0,0.0,0.0,1.0,0.0,0.0,0.0,0.0,0.0,1.0,0.0,0.0,0.0,0.0,0.0,0.0,0.0,0.0,0.0,0.0,0.0,0.0,0.0,0.0,0.0,0.4637658278023417,0.42181650709031154,-0.04194932071203017,0.4637658278023417,0.4442481589466362,-0.019517668855705494,0.4637658278023417,0.48435975799335523,0.02059393019101352,0.4637658278023417,0.48587212967171245,0.022106301869370737,0.4637658278023417,0.4430944729803687,-0.02067135482197302,0.4637658278023417,0.46227487932016936,-0.0014909484821723495
7.0,1.0,9.0,2.0,2.0,3.0,3.0,3.0,10.0,10.0,4.0,9.0,0.0,0.0,0.0,0.0,0.0,0.0,0.0,0.0,0.0,0.0,0.0,1.0,0.0,0.0,0.0,0.0,0.0,0.0,0.0,0.0,0.0,0.0,1.0,0.0,0.0,0.0,0.0,0.0,0.8055742710573314,0.7775378763815349,-0.02803639467579644,0.8055742710573314,0.7929431009796821,-0.012631170077649245,,,,,,,0.8055742710573314,0.7921746414363349,-0.0133996296209965,0.8055742710573314,0.8046333360770198,-0.0009409349803115585
5.0,6.0,2.0,3.0,5.0,5.0,4.0,3.0,4.0,0.0,5.0,1.0,0.0,0.0,0.0,0.0,0.0,0.0,1.0,0.0,0.0,0.0,1.0,0.0,0.0,0.0,0.0,0.0,0.0,0.0,0.0,0.0,0.0,0.0,0.0,0.0,1.0,0.0,0.0,0.0,0.07211767928560739,0.06152946100729127,-0.010588218278316117,0.07211767928560739,0.06702247955322549,-0.0050951997323819,0.07211767928560739,0.07784484080035803,0.005727161514750639,0.07211767928560739,0.07828060133773845,0.006162922052131065,,,,0.07211767928560739,0.07171743466527258,-0.00040024462033480535
2.0,1.0,2.0,3.0,2.0,4.0,2.0,2.0,10.0,10.0,5.0,10.0,1.0,0.0,0.0,0.0,0.0,0.0,1.0,0.0,0.0,0.0,0.0,0.0,0.0,0.0,0.0,0.0,1.0,0.0,0.0,0.0,0.0,0.0,0.0,0.0,0.0,0.0,0.0,0.0,0.7857634027407913,0.755736473566132,-0.03002692917465921,0.7857634027407913,0.7722091239978796,-0.013554278742911707,,,,,,,,,,,,
5.0,1.0,6.0,1.0,2.0,5.0,1.0,5.0,8.0,7.0,4.0,9.0,0.0,0.0,0.0,0.0,0.0,0.0,0.0,0.0,0.0,0.0,0.0,0.0,1.0,0.0,0.0,0.0,0.0,0.0,0.0,0.0,0.0,0.0,0.0,0.0,0.0,0.0,0.0,0.0,0.8657729287051354,0.844744238272581,-0.021028690432554398,,,,0.8657729287051354,0.8750863168662418,0.009313388161106384,0.8657729287051354,0.8757466730580381,0.009973744352902658,0.8657729287051354,0.855779372691694,-0.00999355601344143,0.8657729287051354,0.8650745330992197,-0.0006983956059157803
4.0,1.0,9.0,1.0,2.0,4.0,1.0,4.0,7.0,8.0,4.0,9.0,0.0,0.0,0.0,0.0,0.0,0.0,0.0,0.0,0.0,0.0,0.0,0.0,1.0,0.0,0.0,0.0,0.0,0.0,0.0,0.0,0.0,0.0,0.0,0.0,0.0,0.0,0.0,0.0,0.889208055433134,0.8713050763479482,-0.01790297908518579,0.889208055433134,0.8812090689090258,-0.007998986524108131,0.889208055433134,0.8970886730345243,0.00788061760139036,0.889208055433134,0.8976463185018686,0.00843826306873463,0.889208055433134,0.8807189166847247,-0.008489138748409286,0.889208055433134,0.8886159076259899,-0.0005921478071441166
7.0,3.0,6.0,1.0,3.0,3.0,1.0,3.0,8.0,8.0,4.0,8.0,0.0,0.0,0.0,0.0,0.0,0.0,1.0,0.0,0.0,0.0,0.0,0.0,0.0,1.0,0.0,0.0,0.0,0.0,0.0,0.0,0.0,0.0,1.0,0.0,0.0,0.0,0.0,0.0,0.6792915955540327,0.6411567961501039,-0.03813479940392883,0.6792915955540327,0.6618995661993613,-0.017392029354671434,0.6792915955540327,0.6970159218306712,0.017724326276638447,0.6792915955540327,0.6982930876711781,0.019001492117145413,0.6792915955540327,0.660852773194803,-0.01843882235922978,0.6792915955540327,0.6779838070383856,-0.001307788515647168
2.0,3.0,5.0,4.0,1.0,4.0,1.0,4.0,10.0,10.0,5.0,10.0,0.0,0.0,0.0,0.0,0.0,0.0,1.0,0.0,0.0,0.0,0.0,0.0,0.0,0.0,0.0,0.0,1.0,0.0,0.0,0.0,0.0,0.0,0.0,0.0,0.0,1.0,0.0,0.0,0.8854883055057845,0.8670741023082184,-0.018414203197566148,0.8854883055057845,0.8772578301913277,-0.008230475314456753,,,,,,,,,,,,
6.0,2.0,7.0,2.0,3.0,3.0,2.0,4.0,9.0,9.0,5.0,8.0,0.0,0.0,0.0,0.0,0.0,1.0,0.0,0.0,0.0,0.0,0.0,1.0,0.0,0.0,0.0,0.0,0.0,0.0,0.0,0.0,0.0,0.0,0.0,0.0,0.0,0.0,0.0,0.0,0.5422479891300459,0.49981654941583226,-0.04243143971421365,0.5422479891300459,0.5226466277540581,-0.01960136137598778,0.5422479891300459,0.5626701080507364,0.020422118920690457,0.5422479891300459,0.5641594718417273,0.021911482711681418,,,,0.5422479891300459,0.540759169760866,-0.0014888193691798834
5.0,3.0,4.0,1.0,4.0,4.0,3.0,3.0,5.0,5.0,3.0,5.0,0.0,0.0,0.0,0.0,0.0,0.0,1.0,0.0,0.0,0.0,0.0,1.0,0.0,0.0,0.0,0.0,0.0,0.0,0.0,0.0,0.0,0.0,0.0,0.0,0.0,0.0,0.0,0.0,0.540640795671202,0.4981982436101119,-0.042442552061090155,0.540640795671202,0.5210314029465739,-0.01960939272462814,0.540640795671202,0.5610765775374759,0.020435781866273817,0.540640795671202,0.5625671492305112,0.021926353559309164,0.540640795671202,0.5198648408703553,-0.020775954800846708,0.540640795671202,0.5391511916050274,-0.001489604066174599
2.0,2.0,5.0,4.0,1.0,1.0,1.0,5.0,10.0,10.0,5.0,10.0,0.0,0.0,1.0,0.0,0.0,0.0,0.0,0.0,0.0,1.0,0.0,0.0,0.0,0.0,0.0,0.0,0.0,0.0,0.0,0.0,0.0,0.0,0.0,0.0,0.0,1.0,0.0,0.0,0.6729560694587535,0.634473299960995,-0.03848276949775853,,,,,,,,,,,,,,,
6.0,1.0,5.0,1.0,5.0,5.0,3.0,4.0,3.0,4.0,2.0,6.0,0.0,0.0,0.0,0.0,0.0,0.0,1.0,0.0,0.0,1.0,0.0,0.0,0.0,0.0,0.0,0.0,0.0,0.0,0.0,1.0,0.0,0.0,0.0,0.0,0.0,0.0,0.0,0.0,0.4617061736283821,0.41979730645471436,-0.04190886717366776,0.4617061736283821,0.4422037045636728,-0.019502469064709316,0.4617061736283821,0.48229090318925394,0.020584729560871817,0.4617061736283821,0.48380287601648647,0.02209670238810435,0.4617061736283821,0.44105111438065425,-0.02065505924772787,0.4617061736283821,0.4602161638319043,-0.0014900097964778425
2.0,3.0,2.0,4.0,3.0,5.0,2.0,3.0,8.0,8.0,4.0,10.0,0.0,1.0,0.0,0.0,0.0,0.0,1.0,0.0,0.0,0.0,0.0,0.0,0.0,0.0,0.0,0.0,1.0,0.0,0.0,0.0,0.0,0.0,0.0,0.0,0.0,1.0,0.0,0.0,0.5312318474257477,0.48874204826414397,-0.042489799161603725,0.5312318474257477,0.5115836559384378,-0.019648191487309896,0.5312318474257477,0.5517391528016876,0.02050730537593992,0.5312318474257477,0.5532361849601636,0.022004337534415885,0.5312318474257477,0.5104157050424772,-0.020816142383270453,,,
7.0,1.0,7.0,1.0,2.0,3.0,2.0,3.0,8.0,8.0,5.0,8.0,0.0,0.0,0.0,0.0,0.0,0.0,0.0,0.0,0.0,0.0,0.0,1.0,0.0,0.0,0.0,0.0,0.0,0.0,0.0,0.0,0.0,0.0,1.0,0.0,0.0,0.0,0.0,0.0,0.8048386113220177,0.7767255358745323,-0.028113075447485425,0.8048386113220177,0.7921719780292766,-0.012666633292741092,0.8048386113220177,0.8174886640283485,0.012650052706330794,0.8048386113220177,0.8183903183558168,0.013551707033799043,,,,0.8048386113220177,0.8038949827666642,-0.0009436285553535706
5.0,1.0,4.0,1.0,2.0,5.0,2.0,2.0,9.0,8.0,4.0,8.0,0.0,1.0,0.0,0.0,0.0,0.0,1.0,0.0,0.0,0.0,0.0,0.0,0.0,0.0,1.0,0.0,0.0,0.0,0.0,1.0,0.0,0.0,0.0,0.0,0.0,0.0,0.0,0.0,0.7087952045140375,0.6724771219523615,-0.03631808256167601,0.7087952045140375,0.6922783592415778,-0.01651684527245978,0.7087952045140375,0.7255477662931865,0.016752561779148967,0.7087952045140375,0.7267518110664664,0.01795660655242881,0.7087952045140375,0.6912817532360134,-0.017513451278024172,0.7087952045140375,0.7075559310366343,-0.0012392734774032688
3.0,1.0,2.0,3.0,1.0,4.0,2.0,2.0,6.0,5.0,1.0,7.0,0.0,0.0,1.0,0.0,0.0,0.0,1.0,0.0,0.0,1.0,0.0,0.0,0.0,0.0,0.0,0.0,0.0,0.0,0.0,0.0,0.0,1.0,0.0,0.0,0.0,0.0,0.0,0.0,0.6006655314211256,0.5592476535118094,-0.04141787790931617,0.6006655314211256,0.5816356688502665,-0.019029862570859035,0.6006655314211256,0.6203063564025044,0.019640824981378868,0.6006655314211256,0.6217313925059893,0.021065861084863746,0.6006655314211256,0.5804978695887577,-0.020167661832367845,0.6006655314211256,0.5992262838362905,-0.0014392475848350461
4.0,1.0,1.0,3.0,3.0,4.0,2.0,4.0,8.0,7.0,5.0,6.0,0.0,0.0,0.0,0.0,0.0,0.0,1.0,0.0,0.0,0.0,0.0,0.0,1.0,0.0,0.0,0.0,0.0,0.0,0.0,0.0,0.0,0.0,0.0,0.0,0.0,0.0,0.0,0.0,0.6675393083108476,0.6287707619076492,-0.03876854640319838,0.6675393083108476,0.6498384815480454,-0.01770082676280227,0.6675393083108476,0.685612537290027,0.0180732289791794,0.6675393083108476,0.6869161803871834,0.01937687207633576,,,,0.6675393083108476,0.6662071450657931,-0.001332163245054474
2.0,2.0,7.0,4.0,1.0,4.0,2.0,2.0,8.0,7.0,2.0,6.0,0.0,0.0,0.0,0.0,0.0,0.0,0.0,0.0,0.0,0.0,0.0,0.0,0.0,0.0,0.0,0.0,1.0,0.0,0.0,0.0,0.0,0.0,0.0,0.0,0.0,1.0,0.0,0.0,0.9194125722816585,0.9058737206270164,-0.013538851654642081,0.9194125722816585,0.9133818753302838,-0.006030696951374703,0.9194125722816585,0.9253251704677188,0.0059125981860602694,0.9194125722816585,0.925742476031646,0.006329903749987542,0.9194125722816585,0.9130113692586797,-0.006401203022978863,0.9194125722816585,0.9189671467202396,-0.00044542556141891065
7.0,2.0,9.0,1.0,1.0,4.0,2.0,4.0,9.0,9.0,5.0,9.0,0.0,0.0,0.0,0.0,0.0,0.0,1.0,0.0,0.0,0.0,0.0,1.0,0.0,0.0,0.0,0.0,0.0,0.0,0.0,0.0,0.0,0.0,1.0,0.0,0.0,0.0,0.0,0.0,0.8483166163574538,0.8251055864782745,-0.023211029879179335,0.8483166163574538,0.8379035209968236,-0.010413095360630176,0.8483166163574538,0.8586434592580082,0.010326842900554412,0.8483166163574538,0.8593767720551293,0.011060155697675489,,,,0.8483166163574538,0.8475433879431021,-0.0007732284143516788
2.0,1.0,3.0,3.0,3.0,4.0,4.0,4.0,6.0,7.0,2.0,6.0,0.0,0.0,0.0,0.0,0.0,0.0,0.0,0.0,0.0,0.0,0.0,0.0,0.0,0.0,0.0,0.0,0.0,1.0,0.0,1.0,0.0,0.0,0.0,0.0,0.0,0.0,0.0,0.0,0.7427319840461515,0.7089081643642727,-0.03382381968187875,0.7427319840461515,0.7273997041280476,-0.01533227991810393,0.7427319840461515,0.7581982426292868,0.015466258583135328,0.7427319840461515,0.7593065656460668,0.016574581599915317,0.7427319840461515,0.7264719016861901,-0.016260082359961348,0.7427319840461515,0.7415844798396516,-0.0011475042064998942
4.0,2.0,2.0,1.0,3.0,4.0,1.0,2.0,7.0,6.0,2.0,7.0,1.0,0.0,0.0,0.0,0.0,0.0,1.0,0.0,0.0,0.0,0.0,1.0,0.0,0.0,0.0,0.0,0.0,0.0,0.0,0.0,0.0,0.0,0.0,0.0,0.0,0.0,0.0,0.0,0.7419984488608641,0.7081160887507801,-0.03388236011008394,0.7419984488608641,0.7266385424609597,-0.015359906399904366,0.7419984488608641,0.757494407337687,0.015495958476822946,0.7419984488608641,0.7586049293296898,0.016606480468825735,0.7419984488608641,0.7257091262718979,-0.016289322588966204,0.7419984488608641,0.7408488144250284,-0.0011496344358357113
4.0,1.0,5.0,1.0,1.0,4.0,3.0,4.0,7.0,7.0,2.0,6.0,0.0,0.0,0.0,0.0,0.0,0.0,1.0,0.0,0.0,0.0,0.0,0.0,1.0,0.0,0.0,0.0,0.0,0.0,0.0,1.0,0.0,0.0,0.0,0.0,0.0,0.0,0.0,0.0,0.8686262018841495,0.8479660227976548,-0.020660179086494757,0.8686262018841495,0.8593762404843088,-0.00924996139984069,0.8686262018841495,0.8777695650642413,0.00914336318009179,0.8686262018841495,0.8784177070914015,0.009791505207252027,0.8686262018841495,0.8588104360007924,-0.009815765883357086,0.8686262018841495,0.8679403876251333,-0.0006858142590162597
6.0,3.0,1.0,1.0,2.0,4.0,2.0,2.0,6.0,7.0,3.0,7.0,0.0,0.0,0.0,0.0,0.0,0.0,0.0,0.0,0.0,0.0,0.0,0.0,0.0,0.0,0.0,0.0,0.0,1.0,0.0,0.0,0.0,0.0,0.0,0.0,0.0,0.0,0.0,0.0,0.7540411770890117,0.7211459818019188,-0.03289519528709295,0.7540411770890117,0.7391461752192954,-0.014895001869716373,0.7540411770890117,0.7690389734250607,0.014997796336048919,0.7540411770890117,0.7701126728380242,0.016071495749012454,0.7540411770890117,0.7382439655410684,-0.015797211547943335,0.7540411770890117,0.7529273357615621,-0.0011138413274496273
7.0,1.0,6.0,1.0,4.0,4.0,2.0,3.0,8.0,8.0,3.0,9.0,1.0,0.0,0.0,0.0,0.0,0.0,0.0,0.0,0.0,0.0,0.0,1.0,0.0,0.0,0.0,0.0,0.0,0.0,0.0,0.0,0.0,0.0,0.0,0.0,0.0,0.0,0.0,1.0,0.6075952147277736,0.5663772122141036,-0.041218002513669916,0.6075952147277736,0.5886694424842698,-0.01892577224350378,0.6075952147277736,0.6271067974424485,0.019511582714674902,0.6075952147277736,0.6285215953708192,0.02092638064304564,0.6075952147277736,0.5875372071198066,-0.020058007607966943,0.6075952147277736,0.606164567037494,-0.0014306476902795628
4.0,1.0,3.0,2.0,1.0,4.0,1.0,4.0,8.0,8.0,5.0,10.0,0.0,0.0,0.0,1.0,0.0,0.0,0.0,0.0,0.0,0.0,0.0,0.0,1.0,0.0,0.0,0.0,0.0,0.0,0.0,0.0,0.0,0.0,0.0,0.0,0.0,0.0,0.0,0.0,0.7488631930593517,0.7155367336139412,-0.03332645944541046,0.7488631930593517,0.733765333538543,-0.015097859520808665,0.7488631930593517,0.7640779397210012,0.01521474666164957,0.7488631930593517,0.765167659672784,0.016304466613432322,,,,,,
3.0,1.0,2.0,1.0,2.0,4.0,2.0,3.0,2.0,0.0,1.0,0.0,0.0,0.0,1.0,0.0,0.0,0.0,1.0,0.0,0.0,0.0,0.0,0.0,0.0,0.0,0.0,0.0,0.0,1.0,0.0,0.0,0.0,0.0,0.0,0.0,0.0,0.0,0.0,0.0,0.5926518408022878,0.5510240656645219,-0.04162777513776594,0.5926518408022878,0.5735112421997246,-0.01914059860256323,0.5926518408022878,0.6124324963828969,0.01978065558060904,0.5926518408022878,0.6138686886432243,0.02121684784093647,0.5926518408022878,0.5723675925780186,-0.02028424822426922,0.5926518408022878,0.5912033674361552,-0.0014484733661326299
2.0,2.0,4.0,4.0,2.0,5.0,2.0,3.0,8.0,8.0,4.0,8.0,0.0,0.0,1.0,0.0,0.0,0.0,1.0,0.0,0.0,0.0,0.0,0.0,0.0,0.0,0.0,0.0,1.0,0.0,0.0,0.0,0.0,0.0,0.0,0.0,0.0,1.0,0.0,0.0,0.6769256445181716,0.6386591649061116,-0.03826647961205998,0.6769256445181716,0.6594696294341917,-0.01745601508397987,0.6769256445181716,0.6947219647866496,0.017796320268477994,0.6769256445181716,0.6960045829966466,0.01907893847847497,0.6769256445181716,0.6584191956001764,-0.018506448917995244,0.6769256445181716,0.6756128153346131,-0.0013128291835584616
4.0,1.0,6.0,1.0,1.0,5.0,1.0,4.0,7.0,7.0,3.0,7.0,1.0,0.0,0.0,0.0,0.0,0.0,0.0,0.0,0.0,0.0,0.0,0.0,0.0,0.0,0.0,0.0,0.0,0.0,0.0,0.0,1.0,0.0,0.0,0.0,0.0,0.0,0.0,0.0,0.9489123384436244,0.9400061151779132,-0.008906223265711222,0.9489123384436244,0.9449570703574243,-0.00395526808620017,0.9489123384436244,0.9527717544531956,0.0038594160095711816,0.9489123384436244,0.9530434636032721,0.004131125159647642,0.9489123384436244,0.9447134508802425,-0.004198887563381937,0.9489123384436244,0.9486208532169657,-0.00029148522665878307
4.0,1.0,6.0,1.0,3.0,3.0,1.0,4.0,5.0,8.0,5.0,8.0,0.0,0.0,0.0,0.0,0.0,0.0,1.0,0.0,0.0,0.0,0.0,1.0,0.0,0.0,0.0,0.0,0.0,0.0,0.0,0.0,0.0,0.0,0.0,0.0,0.0,0.0,0.0,1.0,0.7645207757042393,0.7325299918026346,-0.0319907839016047,0.7645207757042393,0.7500500385079919,-0.014470737196247363,0.7645207757042393,0.7790667891243771,0.014546013420137838,0.7645207757042393,0.7801072003635371,0.015586424659297826,,,,0.7645207757042393,0.7634395033936071,-0.0010812723106321531
4.0,1.0,10.0,1.0,2.0,2.0,2.0,4.0,6.0,7.0,4.0,10.0,0.0,1.0,0.0,0.0,0.0,0.0,1.0,0.0,0.0,0.0,0.0,0.0,1.0,0.0,0.0,0.0,0.0,0.0,0.0,1.0,0.0,0.0,0.0,0.0,0.0,0.0,0.0,0.0,0.6038639377592566,0.5625361913731903,-0.04132774638606629,0.6038639377592566,0.5848811569807711,-0.018982780778485475,0.6038639377592566,0.6234460694860802,0.01958213172682355,0.6038639377592566,0.6248664481356435,0.021002510376386896,0.6038639377592566,0.5837458674493226,-0.020118070309934066,,,
2.0,3.0,5.0,4.0,2.0,4.0,1.0,3.0,6.0,7.0,4.0,10.0,0.0,1.0,0.0,0.0,0.0,0.0,0.0,1.0,0.0,0.0,0.0,0.0,0.0,0.0,0.0,0.0,1.0,0.0,0.0,0.0,0.0,0.0,0.0,0.0,0.0,1.0,0.0,0.0,0.746237698787021,0.7126964981923034,-0.033541200594717546,0.746237698787021,0.7310386892270742,-0.015199009559946797,0.746237698787021,0.7615608616234715,0.015323162836450521,0.746237698787021,0.7626585964884554,0.0164208977014344,0.746237698787021,0.7301186769185728,-0.016119021868448158,,,
3.0,1.0,8.0,1.0,1.0,3.0,1.0,3.0,5.0,5.0,3.0,6.0,0.0,0.0,0.0,0.0,0.0,0.0,0.0,0.0,0.0,0.0,0.0,0.0,0.0,0.0,0.0,0.0,0.0,0.0,0.0,0.0,0.0,0.0,0.0,0.0,0.0,0.0,0.0,0.0,0.9204855399136981,0.9071087366688602,-0.01337680324483792,0.9204855399136981,0.914527673132964,-0.005957866780734067,0.9204855399136981,0.9263257239807453,0.005840184067047227,0.9204855399136981,0.9267378808443625,0.006252340930664402,0.9204855399136981,0.9141616075725723,-0.006323932341125826,0.9204855399136981,0.9200455291601302,-0.00044001075356792096
6.0,1.0,4.0,1.0,2.0,4.0,3.0,4.0,9.0,8.0,4.0,10.0,1.0,0.0,0.0,0.0,0.0,0.0,0.0,0.0,0.0,0.0,0.0,0.0,1.0,0.0,0.0,0.0,0.0,0.0,0.0,0.0,0.0,0.0,0.0,0.0,0.0,0.0,0.0,0.0,0.7016270657773909,0.6648377290843374,-0.03678933669305351,0.7016270657773909,0.6848844032473119,-0.016742662530078944,0.7016270657773909,0.7186282994708838,0.017001233693492934,0.7016270657773909,0.7198509793334747,0.01822391355608388,0.7016270657773909,0.6838747857747767,-0.017752280002614196,,,
6.0,1.0,9.0,1.0,2.0,2.0,2.0,4.0,7.0,7.0,3.0,7.0,0.0,0.0,0.0,0.0,0.0,0.0,0.0,0.0,0.0,0.0,0.0,1.0,0.0,0.0,0.0,0.0,0.0,0.0,0.0,0.0,0.0,0.0,0.0,0.0,0.0,0.0,0.0,0.0,0.8013612155309318,0.7728885708028834,-0.028472644728048335,0.8013612155309318,0.7885281889277423,-0.012833026603189412,0.8013612155309318,0.8141846289607022,0.012823413429770447,0.8013612155309318,0.8150989141736037,0.013737698642671936,0.8013612155309318,0.7877477300735707,-0.013613485457361074,0.8013612155309318,0.8004049430285083,-0.000956272502423472
2.0,6.0,6.0,1.0,2.0,3.0,2.0,5.0,9.0,8.0,4.0,9.0,0.0,0.0,0.0,0.0,0.0,0.0,1.0,0.0,0.0,0.0,0.0,0.0,0.0,0.0,0.0,0.0,1.0,0.0,0.0,0.0,0.0,0.0,0.0,0.0,0.0,0.0,0.0,0.0,0.6866663213282745,0.6489552637555587,-0.03771105757271587,,,,0.6866663213282745,0.7041605774776258,0.017494256149351295,0.6866663213282745,0.7054203547743733,0.018754033446098717,0.6866663213282745,0.6684445502283543,-0.018221771099920292,0.6866663213282745,0.6853746768595222,-0.0012916444687522954
2.0,3.0,6.0,4.0,1.0,4.0,2.0,2.0,5.0,6.0,2.0,2.0,0.0,1.0,0.0,0.0,0.0,0.0,0.0,0.0,0.0,0.0,0.0,0.0,0.0,0.0,0.0,0.0,1.0,0.0,0.0,0.0,0.0,0.0,0.0,0.0,0.0,1.0,0.0,0.0,0.7431414789946428,0.7093504288937238,-0.033791050100918985,0.7431414789946428,0.7278246604928834,-0.015316818501759366,0.7431414789946428,0.7585911213049911,0.015449642310348288,0.7431414789946428,0.7596982142639601,0.016556735269317335,0.7431414789946428,0.7268977613691427,-0.01624371762550003,0.7431414789946428,0.7419951668046177,-0.001146312190025034
6.0,1.0,7.0,1.0,2.0,5.0,2.0,3.0,10.0,10.0,3.0,10.0,0.0,1.0,0.0,0.0,0.0,0.0,1.0,0.0,0.0,0.0,0.0,0.0,0.0,1.0,0.0,0.0,0.0,0.0,0.0,1.0,0.0,0.0,0.0,0.0,0.0,0.0,0.0,0.0,0.7284626792293922,0.6935369097969301,-0.03492576943246217,0.7284626792293922,0.712609050459688,-0.015853628769704198,,,,,,,0.7284626792293922,0.7116508631061191,-0.016811816123273093,,,
6.0,5.0,3.0,3.0,1.0,3.0,2.0,2.0,2.0,4.0,2.0,3.0,1.0,0.0,0.0,0.0,0.0,0.0,0.0,0.0,0.0,0.0,0.0,0.0,0.0,0.0,0.0,0.0,0.0,0.0,0.0,0.0,0.0,1.0,0.0,0.0,0.0,0.0,0.0,0.0,0.483753326626776,0.44148455243120954,-0.04226877419556646,0.483753326626776,0.46412253800382836,-0.019630788622947648,0.483753326626776,0.5043999480949479,0.020646621468171922,0.483753326626776,0.505913500129019,0.02216017350224303,0.483753326626776,0.46296023449720775,-0.020793092129568258,0.483753326626776,0.48225590989520983,-0.0014974167315661702
4.0,1.0,3.0,1.0,2.0,5.0,2.0,3.0,8.0,8.0,4.0,9.0,0.0,0.0,0.0,0.0,0.0,0.0,1.0,0.0,0.0,0.0,0.0,1.0,0.0,0.0,0.0,0.0,0.0,0.0,0.0,0.0,0.0,0.0,0.0,0.0,0.0,0.0,0.0,0.0,0.8664940566725438,0.8455581885255273,-0.020935868147016423,0.8664940566725438,0.8571186659746837,-0.009375390697860086,0.8664940566725438,0.8757645890880541,0.009270532415510346,0.8664940566725438,0.8764218659579391,0.009927809285395384,0.8664940566725438,0.856545294349639,-0.009948762322904758,0.8664940566725438,0.8657988315585694,-0.0006952251139743515
3.0,1.0,3.0,1.0,1.0,4.0,2.0,3.0,8.0,8.0,4.0,8.0,0.0,0.0,0.0,0.0,0.0,0.0,1.0,0.0,0.0,0.0,0.0,0.0,0.0,0.0,0.0,0.0,0.0,0.0,0.0,0.0,0.0,0.0,0.0,0.0,0.0,0.0,0.0,0.0,0.9026861161737911,0.8866835246500776,-0.016002591523713527,0.9026861161737911,0.8955459143969248,-0.007140201776866362,0.9026861161737911,0.9097053913848031,0.007019275211011977,0.9026861161737911,0.9102015141067914,0.007515397933000267,0.9026861161737911,0.8951078770121098,-0.007578239161681322,0.9026861161737911,0.9021580780190113,-0.000528038154779864
4.0,1.0,10.0,1.0,3.0,4.0,3.0,4.0,8.0,8.0,3.0,7.0,0.0,0.0,0.0,0.0,0.0,0.0,1.0,0.0,0.0,0.0,0.0,0.0,1.0,0.0,0.0,0.0,0.0,0.0,0.0,0.0,0.0,0.0,0.0,1.0,0.0,0.0,0.0,0.0,0.7601684339980858,0.7277968900260442,-0.03237154397204156,0.7601684339980858,0.7455192634542542,-0.014649170543831525,0.7601684339980858,0.7749041425060293,0.01473570850794359,0.7601684339980858,0.7759585190902193,0.015790085092133532,0.7601684339980858,0.7446314807642042,-0.0155369532338816,0.7601684339980858,0.7590734745998462,-0.001094959398239559
4.0,1.0,6.0,1.0,2.0,2.0,2.0,4.0,6.0,4.0,3.0,6.0,0.0,1.0,0.0,0.0,0.0,0.0,1.0,0.0,0.0,0.0,0.0,0.0,1.0,0.0,0.0,0.0,0.0,0.0,0.0,0.0,0.0,0.0,0.0,0.0,0.0,0.0,0.0,0.0,0.5338667977098469,0.49138716779052766,-0.04247962991931925,0.5338667977098469,0.5142280573000884,-0.01963874040975855,0.5338667977098469,0.5543555315188158,0.020488733808968873,0.5338667977098469,0.5558508597969806,0.02198406208713366,0.5338667977098469,0.5130604110234775,-0.02080638668636936,0.5338667977098469,0.5323742269896659,-0.0014925707201810523
4.0,1.0,2.0,1.0,2.0,1.0,2.0,1.0,6.0,6.0,3.0,7.0,0.0,0.0,0.0,0.0,0.0,0.0,0.0,0.0,0.0,0.0,0.0,1.0,0.0,0.0,0.0,0.0,0.0,0.0,0.0,0.0,0.0,0.0,0.0,0.0,0.0,0.0,0.0,0.0,0.8029303862405599,0.7746194055814588,-0.028310980659101093,0.8029303862405599,0.7901721914380058,-0.012758194802554135,0.8029303862405599,0.8156758000144868,0.012745413773926906,0.8029303862405599,0.8165844009536213,0.01365401471306138,0.8029303862405599,0.7893961794472174,-0.013534206793342496,0.8029303862405599,0.8019798012503611,-0.0009505849901988439
4.0,2.0,5.0,1.0,3.0,3.0,3.0,4.0,6.0,7.0,2.0,7.0,0.0,1.0,0.0,0.0,0.0,0.0,1.0,0.0,0.0,0.0,0.0,0.0,1.0,0.0,0.0,0.0,0.0,0.0,0.0,0.0,0.0,0.0,0.0,0.0,0.0,0.0,0.0,1.0,0.418326997386585,0.3775936192367,-0.040733378149885036,0.418326997386585,0.39929766718003123,-0.019029330206553785,0.418326997386585,0.4385533725604295,0.020226375173844457,0.418326997386585,0.44004477583112545,0.021717778444540425,0.418326997386585,0.39817707924562656,-0.020149918140958456,0.418326997386585,0.4168685663001897,-0.0014584310863953176
5.0,2.0,4.0,1.0,1.0,5.0,2.0,3.0,10.0,9.0,5.0,10.0,0.0,0.0,0.0,0.0,0.0,0.0,0.0,0.0,0.0,0.0,0.0,1.0,0.0,0.0,0.0,0.0,0.0,0.0,0.0,0.0,0.0,0.0,0.0,0.0,0.0,0.0,0.0,0.0,0.8963954228397601,0.879496465252543,-0.016898957587217156,0.8963954228397601,0.8888504882326658,-0.007544934607094378,,,,0.8963954228397601,0.9043451602384524,0.007949737398692203,,,,,,
6.0,1.0,6.0,1.0,2.0,5.0,3.0,4.0,5.0,7.0,2.0,9.0,0.0,0.0,0.0,0.0,0.0,0.0,0.0,0.0,0.0,0.0,0.0,0.0,0.0,1.0,0.0,0.0,0.0,0.0,0.0,0.0,0.0,0.0,0.0,0.0,1.0,0.0,0.0,0.0,0.5511367118661942,0.508782813136783,-0.0423538987294112,0.5511367118661942,0.5315871780363064,-0.019549533829887777,0.5511367118661942,0.5714756615451305,0.020338949678936347,0.5511367118661942,0.5729577969141446,0.02182108504795044,0.5511367118661942,0.530423154891056,-0.020713556975138214,0.5511367118661942,0.5496527922294269,-0.0014839196367673058
6.0,1.0,4.0,1.0,1.0,5.0,1.0,4.0,10.0,8.0,4.0,9.0,1.0,0.0,0.0,0.0,0.0,0.0,1.0,0.0,0.0,0.0,0.0,1.0,0.0,0.0,0.0,0.0,0.0,0.0,0.0,0.0,0.0,0.0,1.0,0.0,0.0,0.0,0.0,0.0,0.8649572900060176,0.8438238680114302,-0.021133421994587454,0.8649572900060176,0.8554919785590349,-0.009465311446982705,,,,0.8649572900060176,0.8749828889256689,0.010025598919651268,0.8649572900060176,0.8549131841378923,-0.01004410586812532,0.8649572900060176,0.8642553159508026,-0.0007019740552149933
5.0,3.0,8.0,3.0,1.0,4.0,2.0,3.0,5.0,5.0,3.0,5.0,1.0,0.0,0.0,0.0,0.0,0.0,1.0,0.0,0.0,0.0,0.0,0.0,0.0,0.0,0.0,0.0,0.0,0.0,0.0,0.0,0.0,0.0,0.0,0.0,0.0,0.0,0.0,0.0,0.7332463678733169,0.6986813817390986,-0.03456498613421832,0.7332463678733169,0.7175637466770167,-0.01568262119630015,0.7332463678733169,0.7490902343247182,0.015843866451401345,0.7332463678733169,0.7502265519414538,0.01698018406813695,0.7332463678733169,0.7166155094272093,-0.016630858446107566,0.7332463678733169,0.7320718168539003,-0.0011745510194165476
7.0,1.0,1.0,1.0,1.0,4.0,2.0,5.0,7.0,7.0,4.0,8.0,1.0,0.0,0.0,0.0,0.0,0.0,1.0,0.0,0.0,0.0,0.0,0.0,0.0,0.0,0.0,0.0,0.0,0.0,0.0,0.0,0.0,0.0,0.0,0.0,0.0,0.0,0.0,1.0,0.697682886483164,0.6606424509889969,-0.037040435494167134,,,,0.697682886483164,0.714817511794036,0.017134625310871954,0.697682886483164,0.7160502080402127,0.018367321557048677,0.697682886483164,0.6798030331218614,-0.0178798533613026,0.697682886483164,0.6964165774943777,-0.0012663089887863244
4.0,1.0,5.0,1.0,1.0,3.0,2.0,2.0,6.0,5.0,2.0,5.0,0.0,0.0,0.0,0.0,0.0,0.0,0.0,0.0,0.0,0.0,0.0,0.0,0.0,1.0,0.0,0.0,0.0,0.0,0.0,0.0,0.0,0.0,0.0,0.0,0.0,0.0,0.0,0.0,0.8925359345273068,0.8750951735600089,-0.017440760967297964,0.8925359345273068,0.8847460730988088,-0.007789861428498024,0.8925359345273068,0.9002064060461167,0.0076704715188098405,0.8925359345273068,0.9007490265612098,0.008213092033902969,0.8925359345273068,0.8842685984683056,-0.008267336059001207,0.8925359345273068,0.891959412087639,-0.0005765224396678814
3.0,1.0,3.0,1.0,2.0,3.0,2.0,3.0,6.0,8.0,4.0,8.0,0.0,0.0,0.0,0.0,0.0,0.0,1.0,0.0,0.0,0.0,0.0,1.0,0.0,0.0,0.0,0.0,0.0,0.0,0.0,0.0,0.0,0.0,0.0,0.0,0.0,0.0,0.0,0.0,0.8342641839925298,0.8093859856267954,-0.02487819836573435,0.8342641839925298,0.8230875703989711,-0.011176613593558704,0.8342641839925298,0.8453733542327406,0.011109170240210853,0.8342641839925298,0.8461631743657484,0.01189899037321862,0.8342641839925298,0.8224059305881556,-0.011858253404374186,0.8342641839925298,0.8334333866060553,-0.0008307973864745133
4.0,1.0,5.0,1.0,3.0,2.0,1.0,4.0,9.0,9.0,4.0,10.0,0.0,1.0,0.0,0.0,0.0,0.0,0.0,0.0,0.0,0.0,0.0,1.0,0.0,0.0,0.0,0.0,0.0,0.0,0.0,0.0,0.0,0.0,0.0,0.0,0.0,0.0,0.0,0.0,0.6059524682348705,0.5646855390562174,-0.041266929178653045,0.6059524682348705,0.5870013207242644,-0.018951147510606114,0.6059524682348705,0.6254953866329483,0.01954291839807787,0.6059524682348705,0.6269126610805159,0.02096019284564543,0.6059524682348705,0.585867723946725,-0.02008474428814544,,,
4.0,5.0,7.0,1.0,4.0,4.0,3.0,1.0,0.0,0.0,1.0,0.0,0.0,0.0,0.0,0.0,0.0,0.0,1.0,0.0,0.0,1.0,0.0,0.0,0.0,0.0,0.0,0.0,0.0,0.0,0.0,0.0,0.0,0.0,0.0,0.0,1.0,0.0,0.0,0.0,0.18378865670118089,0.15962559174588292,-0.024163064955297964,0.18378865670118089,0.1722685513709524,-0.011520105330228486,0.18378865670118089,0.19650596063503406,0.012717303933853175,0.18378865670118089,0.1974637273370797,0.013675070635898817,0.18378865670118089,0.1716030868308242,-0.012185569870356683,0.18378865670118089,0.18289080964009144,-0.0008978470610894462
3.0,1.0,3.0,1.0,2.0,2.0,3.0,4.0,7.0,4.0,2.0,6.0,0.0,1.0,0.0,0.0,0.0,0.0,0.0,0.0,1.0,0.0,0.0,0.0,0.0,0.0,0.0,0.0,0.0,0.0,0.0,0.0,0.0,0.0,0.0,0.0,0.0,0.0,0.0,0.0,0.6323271838660331,0.591962409792731,-0.04036477407330219,0.6323271838660331,0.6138361247475972,-0.01849105911843596,0.6323271838660331,0.6513147424231864,0.018987558557153283,0.6323271838660331,0.6526885608313571,0.02036137696532392,0.6323271838660331,0.6127275896524653,-0.019599594213567828,0.6323271838660331,0.6309319343262777,-0.0013952495397554499
4.0,2.0,3.0,1.0,1.0,5.0,2.0,2.0,2.0,6.0,3.0,7.0,0.0,0.0,0.0,0.0,0.0,0.0,0.0,0.0,1.0,0.0,0.0,0.0,0.0,0.0,0.0,0.0,0.0,0.0,0.0,0.0,0.0,0.0,0.0,0.0,0.0,0.0,0.0,0.0,0.9078176022776254,0.8925584108232483,-0.015259191454377152,0.9078176022776254,0.9010126246994695,-0.006804977578155902,0.9078176022776254,0.9145017995809138,0.006684197303288397,0.9078176022776254,0.9149740316606965,0.007156429383071039,0.9078176022776254,0.9005949677696096,-0.007222634508015857,0.9078176022776254,0.9073145492905624,-0.0005030529870629907
3.0,3.0,2.0,3.0,4.0,4.0,2.0,4.0,5.0,6.0,3.0,5.0,0.0,0.0,0.0,0.0,0.0,0.0,0.0,0.0,1.0,0.0,0.0,0.0,0.0,0.0,0.0,0.0,0.0,0.0,0.0,0.0,0.0,0.0,0.0,0.0,0.0,0.0,0.0,0.0,0.6573727098975379,0.6180968793756005,-0.039275830521937394,0.6573727098975379,0.6394229761461658,-0.0179497337513721,0.6573727098975379,0.6757301423796535,0.01835743248211552,0.6573727098975379,0.6770554618281207,0.019682751930582776,0.6573727098975379,0.6383446165266023,-0.019028093370935584,0.6573727098975379,0.6560208010249237,-0.0013519088726142714
4.0,1.0,5.0,1.0,4.0,5.0,2.0,3.0,8.0,8.0,5.0,8.0,1.0,0.0,0.0,0.0,0.0,0.0,1.0,0.0,0.0,0.0,0.0,0.0,0.0,0.0,0.0,0.0,0.0,0.0,0.0,0.0,0.0,0.0,0.0,0.0,0.0,0.0,0.0,0.0,0.6848531374439166,0.6470360283256339,-0.03781710911828273,0.6848531374439166,0.6676151332297597,-0.017238004214156888,0.6848531374439166,0.7024047541624617,0.017551616718545104,0.6848531374439166,0.7036688618332219,0.018815724389305233,,,,0.6848531374439166,0.6835574630560449,-0.0012956743878717036
4.0,5.0,5.0,1.0,2.0,5.0,2.0,3.0,10.0,10.0,5.0,0.0,1.0,0.0,0.0,0.0,0.0,0.0,1.0,0.0,0.0,0.0,0.0,0.0,1.0,0.0,0.0,0.0,0.0,0.0,0.0,0.0,0.0,0.0,0.0,0.0,0.0,0.0,0.0,0.0,0.7182032900747294,0.6825330151206587,-0.03567027495407071,0.7182032900747294,0.7019957091766719,-0.016207580898057516,,,,,,,,,,0.7182032900747294,0.716988067850827,-0.001215222223902357
3.0,2.0,3.0,1.0,1.0,4.0,2.0,2.0,6.0,5.0,3.0,7.0,0.0,0.0,0.0,0.0,0.0,0.0,0.0,0.0,0.0,0.0,0.0,1.0,0.0,0.0,0.0,0.0,0.0,0.0,0.0,0.0,0.0,0.0,0.0,0.0,0.0,0.0,0.0,0.0,0.8954418316502377,0.8784084319450275,-0.017033399705210228,0.8954418316502377,0.8878361418430749,-0.007605689807162808,0.8954418316502377,0.9029274471857208,0.007485615535483103,0.8954418316502377,0.9034568589827005,0.008015027332462732,0.8954418316502377,0.8873698391004915,-0.00807199254974622,0.8954418316502377,0.8948790626448394,-0.0005627690053983114
4.0,1.0,3.0,1.0,1.0,4.0,2.0,5.0,10.0,7.0,5.0,5.0,0.0,1.0,0.0,0.0,0.0,0.0,0.0,0.0,0.0,0.0,0.0,0.0,0.0,0.0,0.0,0.0,0.0,0.0,0.0,0.0,0.0,0.0,0.0,0.0,0.0,0.0,0.0,0.0,0.7310281238517808,0.6962947578375167,-0.03473336601426413,,,,,,,0.7310281238517808,0.7481010015849906,0.017072877733209757,,,,0.7310281238517808,0.7298474041858494,-0.0011807196659314734
4.0,1.0,2.0,1.0,2.0,5.0,2.0,2.0,6.0,6.0,4.0,6.0,0.0,0.0,0.0,0.0,1.0,0.0,1.0,0.0,0.0,0.0,0.0,0.0,1.0,0.0,0.0,0.0,0.0,0.0,0.0,0.0,0.0,0.0,0.0,0.0,0.0,0.0,0.0,0.0,0.8210680805984918,0.794696509658154,-0.02637157094033782,0.8210680805984918,0.8092050883191809,-0.011862992279310869,0.8210680805984918,0.8328845938328389,0.01181651323434707,0.8210680805984918,0.8337256585228011,0.012657577924309327,0.8210680805984918,0.808482405502988,-0.01258567509550379,0.8210680805984918,0.8201853916132196,-0.0008826889852722175
4.0,1.0,7.0,1.0,1.0,4.0,1.0,3.0,10.0,8.0,5.0,9.0,0.0,0.0,0.0,0.0,0.0,0.0,0.0,0.0,0.0,0.0,0.0,1.0,0.0,0.0,0.0,0.0,0.0,0.0,0.0,0.0,0.0,0.0,0.0,0.0,0.0,0.0,0.0,0.0,0.9310495849931255,0.919294161978759,-0.011755423014366495,0.9310495849931255,0.9258194726497415,-0.005230112343383997,,,,0.9310495849931255,0.9365285373204727,0.005478952327347186,,,,0.9310495849931255,0.9306636292718306,-0.0003859557212949616
6.0,1.0,3.0,1.0,3.0,3.0,3.0,3.0,5.0,6.0,2.0,8.0,1.0,0.0,0.0,0.0,0.0,0.0,1.0,0.0,0.0,0.0,0.0,0.0,0.0,0.0,0.0,0.0,0.0,0.0,0.0,0.0,1.0,0.0,0.0,0.0,0.0,0.0,0.0,0.0,0.7164601062859264,0.6806672855613493,-0.035792820724577123,0.7164601062859264,0.7001941180982367,-0.01626598818768965,0.7164601062859264,0.7329378606560377,0.01647775437011134,0.7164601062859264,0.7341213652050219,0.017661258919095535,0.7164601062859264,0.6992120097671068,-0.017248096518819533,0.7164601062859264,0.7152403472769512,-0.0012197590089751964
4.0,1.0,8.0,1.0,1.0,2.0,2.0,3.0,6.0,6.0,4.0,6.0,0.0,0.0,0.0,0.0,0.0,1.0,0.0,0.0,0.0,0.0,0.0,0.0,0.0,0.0,0.0,0.0,0.0,0.0,0.0,0.0,0.0,0.0,0.0,0.0,0.0,0.0,0.0,0.0,0.7838207882426548,0.7536069634289103,-0.03021382481374446,0.7838207882426548,0.7701795518466908,-0.01364123639596393,0.7838207882426548,0.7974903970873493,0.01366960884469448,0.7838207882426548,0.7984664920284246,0.014645703785769792,0.7838207882426548,0.7693511831858748,-0.014469605056779966,0.7838207882426548,0.7828029605910272,-0.001017827651627612
5.0,2.0,3.0,3.0,2.0,4.0,2.0,3.0,3.0,3.0,1.0,5.0,0.0,0.0,1.0,0.0,0.0,0.0,1.0,0.0,0.0,0.0,0.0,0.0,0.0,0.0,0.0,0.0,0.0,0.0,0.0,0.0,0.0,0.0,0.0,0.0,0.0,0.0,0.0,0.0,0.479924095754058,0.43770622455551295,-0.04221787119854503,0.479924095754058,0.46031014408737636,-0.019613951666681617,0.479924095754058,0.5005657530039898,0.020641657249931777,0.479924095754058,0.5020794554562016,0.022155359702143607,0.479924095754058,0.45914920759954403,-0.02077488815451395,0.479924095754058,0.47842754735186205,-0.0014965484021959297
3.0,1.0,3.0,1.0,1.0,5.0,2.0,3.0,5.0,7.0,2.0,7.0,0.0,0.0,0.0,1.0,0.0,0.0,1.0,0.0,1.0,0.0,0.0,0.0,0.0,0.0,0.0,0.0,0.0,0.0,0.0,0.0,0.0,0.0,0.0,0.0,0.0,0.0,0.0,0.0,0.8431944818322649,0.8193665447619982,-0.023827937070266647,0.8431944818322649,0.8324991816245053,-0.01069530020775955,0.8431944818322649,0.8538099524111831,0.010615470578918207,0.8431944818322649,0.8545640927858755,0.011369610953610665,0.8431944818322649,0.8318463962138724,-0.011348085618392512,0.8431944818322649,0.8423999934451789,-0.0007944883870859565
4.0,2.0,3.0,3.0,3.0,1.0,1.0,2.0,5.0,5.0,1.0,6.0,0.0,0.0,0.0,0.0,0.0,0.0,1.0,0.0,0.0,0.0,0.0,0.0,0.0,0.0,0.0,0.0,0.0,0.0,0.0,0.0,0.0,0.0,0.0,0.0,1.0,0.0,0.0,0.0,0.35970191296329235,0.3215216196633126,-0.03818029329997974,0.35970191296329235,0.3417724579747148,-0.017929454988577564,0.35970191296329235,0.378940348419741,0.019238435456448655,0.35970191296329235,0.38036636694712467,0.02066445398383232,0.35970191296329235,0.3407217397578362,-0.01898017320545614,0.35970191296329235,0.3583219625234903,-0.0013799504398020468
5.0,1.0,6.0,3.0,2.0,3.0,2.0,3.0,9.0,9.0,3.0,9.0,0.0,0.0,0.0,0.0,0.0,0.0,0.0,0.0,0.0,0.0,0.0,0.0,1.0,0.0,0.0,0.0,0.0,0.0,0.0,0.0,0.0,0.0,0.0,0.0,0.0,0.0,0.0,0.0,0.8138975820000396,0.7867436855894727,-0.02715389641056687,0.8138975820000396,0.801674023661663,-0.012223558338376628,0.8138975820000396,0.8260873284587742,0.012189746458734607,0.8138975820000396,0.8269554951278583,0.013057913127818677,0.8138975820000396,0.8009298326193485,-0.012967749380691118,0.8138975820000396,0.8129875769927029,-0.0009100050073367338
6.0,1.0,9.0,1.0,1.0,5.0,2.0,3.0,9.0,7.0,5.0,7.0,1.0,0.0,0.0,0.0,0.0,0.0,0.0,0.0,0.0,0.0,0.0,1.0,0.0,0.0,0.0,0.0,0.0,0.0,0.0,0.0,0.0,0.0,0.0,0.0,0.0,0.0,0.0,0.0,0.8693797655713258,0.8488174678844478,-0.020562297686878006,0.8693797655713258,0.8601743212727149,-0.00920544429861092,0.8693797655713258,0.8784780195185123,0.009098253947186552,0.8693797655713258,0.8791229222063927,0.009743156635066863,,,,0.8693797655713258,0.8686972905156248,-0.0006824750557009596
4.0,1.0,4.0,1.0,3.0,5.0,2.0,4.0,7.0,8.0,4.0,6.0,0.0,0.0,0.0,0.0,0.0,0.0,0.0,0.0,0.0,0.0,0.0,1.0,0.0,0.0,0.0,0.0,0.0,0.0,0.0,0.0,0.0,0.0,0.0,0.0,0.0,0.0,0.0,0.0,0.8268496393985397,0.8011237796050173,-0.025725859793522377,0.8268496393985397,0.8152837244309525,-0.011565914967587188,0.8268496393985397,0.8383595086718661,0.011509869273326423,0.8268496393985397,0.8391783394748199,0.012328700076280175,0.8268496393985397,0.8145787901544924,-0.01227084924404731,0.8268496393985397,0.8259894269060383,-0.0008602124925014554
3.0,1.0,4.0,1.0,3.0,3.0,2.0,3.0,8.0,8.0,3.0,7.0,0.0,0.0,0.0,0.0,0.0,0.0,0.0,0.0,0.0,0.0,0.0,1.0,0.0,0.0,0.0,0.0,0.0,0.0,0.0,0.0,0.0,0.0,0.0,0.0,0.0,0.0,0.0,0.0,0.8303586551856703,0.8050312147905769,-0.02532744039509338,0.8303586551856703,0.818975815846796,-0.011382839338874295,0.8303586551856703,0.841679931101057,0.011321275915386675,0.8303586551856703,0.8424851017669125,0.012126446581242178,0.8303586551856703,0.818281831181477,-0.012076824004193298,0.8303586551856703,0.8295122810492938,-0.0008463741363765598
4.0,6.0,2.0,3.0,3.0,4.0,3.0,3.0,4.0,5.0,3.0,7.0,0.0,0.0,0.0,0.0,0.0,0.0,1.0,0.0,0.0,1.0,0.0,0.0,0.0,0.0,0.0,0.0,0.0,0.0,0.0,0.0,0.0,0.0,0.0,1.0,0.0,0.0,0.0,0.0,0.34542459333950637,0.3080307094366814,-0.03739388390282494,0.34542459333950637,0.3278424163172622,-0.017582177022244183,0.34542459333950637,0.36433391644513335,0.018909323105626985,0.34542459333950637,0.365737337809715,0.020312744470208643,0.34542459333950637,0.3268132604847946,-0.018611332854711782,0.34542459333950637,0.34406998318372073,-0.0013546101557856405
2.0,1.0,3.0,2.0,1.0,5.0,1.0,2.0,7.0,8.0,4.0,7.0,0.0,0.0,0.0,0.0,0.0,0.0,0.0,0.0,0.0,0.0,0.0,0.0,0.0,0.0,0.0,0.0,0.0,0.0,0.0,0.0,0.0,0.0,0.0,0.0,0.0,0.0,0.0,0.0,0.9430252550802684,0.933165009977677,-0.009860245102591314,0.9430252550802684,0.9386436728294106,-0.0043815822508577185,0.9430252550802684,0.947304713231898,0.004279458151629667,0.9430252550802684,0.9476061452527019,0.0045808901724335715,0.9430252550802684,0.9383739326410978,-0.0046513224391705466,0.9430252550802684,0.9427022087804607,-0.0003230462998076167
5.0,1.0,4.0,1.0,2.0,5.0,1.0,4.0,6.0,7.0,2.0,6.0,0.0,0.0,0.0,0.0,0.0,0.0,0.0,0.0,0.0,0.0,0.0,0.0,0.0,0.0,0.0,0.0,0.0,0.0,0.0,0.0,0.0,0.0,0.0,0.0,0.0,0.0,0.0,0.0,0.8850463025073451,0.86657173253298,-0.01847456997436503,0.8850463025073451,0.8767884789042835,-0.008257823603061598,0.8850463025073451,0.8931873862559658,0.00814108374862077,0.8850463025073451,0.8937636681611782,0.008717365653833187,0.8850463025073451,0.8762826473731627,-0.008763655134182313,0.8850463025073451,0.8844348022764059,-0.0006115002309391437
2.0,2.0,3.0,4.0,2.0,4.0,3.0,3.0,5.0,5.0,3.0,6.0,0.0,0.0,1.0,0.0,0.0,0.0,1.0,0.0,0.0,0.0,0.0,0.0,0.0,0.0,0.0,0.0,1.0,0.0,0.0,0.0,0.0,0.0,0.0,0.0,0.0,1.0,0.0,0.0,0.5378610914762866,0.49540141758096656,-0.042459673895320016,0.5378610914762866,0.5182387756687686,-0.019622315807517943,0.5378610914762866,0.5583195088183279,0.020458417342041346,0.5378610914762866,0.5598120978331698,0.021951006356883185,0.5378610914762866,0.5170717161872386,-0.020789375289048007,0.5378610914762866,0.5363702034221477,-0.0014908880541388836
7.0,6.0,2.0,2.0,1.0,4.0,2.0,3.0,8.0,8.0,4.0,8.0,0.0,0.0,0.0,0.0,0.0,0.0,1.0,0.0,0.0,0.0,0.0,0.0,0.0,0.0,0.0,0.0,0.0,0.0,0.0,0.0,0.0,0.0,1.0,0.0,0.0,0.0,0.0,0.0,0.6674058899927154,0.6286304408969919,-0.0387754490957235,0.6674058899927154,0.6497016873952427,-0.01770420259747274,0.6674058899927154,0.6854829545970532,0.018077064604337778,0.6674058899927154,0.6867868895516337,0.019380999558918255,0.6674058899927154,0.6486371761623543,-0.01876871383036116,0.6674058899927154,0.666073459571058,-0.0013324304216574268
3.0,1.0,2.0,1.0,3.0,5.0,2.0,4.0,9.0,7.0,3.0,8.0,0.0,0.0,0.0,0.0,0.0,0.0,1.0,0.0,1.0,0.0,0.0,0.0,0.0,0.0,0.0,0.0,0.0,0.0,0.0,0.0,0.0,0.0,0.0,0.0,0.0,0.0,0.0,0.0,0.8611132320501871,0.839489870654507,-0.021623361395680107,0.8611132320501871,0.8514247670907245,-0.009688464959462628,0.8611132320501871,0.8707016495299084,0.009588417479721278,0.8611132320501871,0.8713817783884524,0.01026854633826535,0.8611132320501871,0.850832522818841,-0.010280709231346052,0.8611132320501871,0.8603945010876544,-0.000718730962532721
6.0,1.0,2.0,2.0,2.0,4.0,2.0,4.0,7.0,7.0,4.0,7.0,0.0,0.0,1.0,0.0,0.0,0.0,1.0,0.0,0.0,0.0,0.0,0.0,0.0,0.0,0.0,0.0,0.0,0.0,0.0,0.0,0.0,0.0,0.0,0.0,0.0,0.0,0.0,0.0,0.5123115957270793,0.4698184060672561,-0.04249318965982318,0.5123115957270793,0.49262778611434926,-0.01968380961273003,0.5123115957270793,0.5329188538454813,0.020607258118402028,0.5123115957270793,0.5344257017473307,0.022114106020251434,0.5123115957270793,0.49145956557174614,-0.020852030155333157,0.5123115957270793,0.5108132486013208,-0.0014983471257584702
4.0,1.0,2.0,1.0,4.0,5.0,3.0,4.0,2.0,4.0,2.0,3.0,0.0,0.0,0.0,0.0,1.0,0.0,0.0,0.0,0.0,0.0,0.0,0.0,0.0,0.0,0.0,0.0,0.0,0.0,0.0,0.0,0.0,0.0,0.0,0.0,0.0,0.0,0.0,0.0,0.6333624305842229,0.5930381635177502,-0.04032426706647274,0.6333624305842229,0.6148917270684197,-0.018470703515803266,0.6333624305842229,0.6523259219428051,0.01896349135858222,0.6333624305842229,0.6536978746119041,0.02033544402768117,0.6333624305842229,0.6137843156385505,-0.01957811494567241,0.6333624305842229,0.6319688230816156,-0.001393607502607308
4.0,1.0,7.0,1.0,2.0,3.0,2.0,4.0,5.0,7.0,3.0,6.0,0.0,0.0,0.0,0.0,0.0,0.0,0.0,0.0,0.0,0.0,0.0,1.0,0.0,0.0,0.0,0.0,0.0,0.0,0.0,0.0,0.0,0.0,0.0,0.0,0.0,0.0,0.0,0.0,0.8437088964321171,0.8199424365279332,-0.023766459904183912,0.8437088964321171,0.8330417356736978,-0.010667160758419336,0.8437088964321171,0.854295559784308,0.01058666335219094,0.8437088964321171,0.8550476203788568,0.011338723946739737,0.8437088964321171,0.8323906390014855,-0.01131825743063164,0.8437088964321171,0.8429165288763635,-0.0007923675557536258
5.0,1.0,2.0,1.0,2.0,4.0,2.0,4.0,8.0,7.0,5.0,8.0,1.0,0.0,0.0,0.0,0.0,0.0,0.0,0.0,0.0,0.0,0.0,1.0,0.0,0.0,0.0,0.0,0.0,0.0,0.0,0.0,0.0,0.0,0.0,0.0,0.0,0.0,0.0,0.0,0.7434062787328168,0.7096364532073204,-0.033769825525496455,0.7434062787328168,0.7280994732182899,-0.0153068055145269,0.7434062787328168,0.7588451622722456,0.015438883539428794,0.7434062787328168,0.7599514588678433,0.016545180135026483,,,,0.7434062787328168,0.7422607384351442,-0.0011455402976726647
2.0,3.0,7.0,4.0,2.0,4.0,3.0,3.0,1.0,3.0,1.0,5.0,0.0,0.0,0.0,0.0,1.0,0.0,0.0,0.0,0.0,0.0,0.0,0.0,0.0,0.0,0.0,0.0,1.0,0.0,0.0,0.0,0.0,0.0,0.0,0.0,0.0,1.0,0.0,0.0,0.7482467753423954,0.7148696612489494,-0.033377114093446014,0.7482467753423954,0.7331250644094363,-0.01512171093295911,0.7482467753423954,0.7634870721832105,0.015240296840815182,0.7482467753423954,0.7645786804415231,0.01633190509912774,0.7482467753423954,0.7322095745082131,-0.016037200834182253,0.7482467753423954,0.7471154939548184,-0.00113128138757701
3.0,1.0,3.0,1.0,2.0,2.0,4.0,4.0,8.0,7.0,4.0,8.0,0.0,1.0,0.0,0.0,0.0,0.0,1.0,0.0,0.0,0.0,0.0,1.0,0.0,0.0,0.0,0.0,0.0,0.0,0.0,0.0,0.0,0.0,0.0,0.0,0.0,0.0,0.0,0.0,0.49755009814525886,0.4551386271301729,-0.042411471015085966,0.49755009814525886,0.47787769794381774,-0.01967240020144112,0.49755009814525886,0.518194497864094,0.020644399718835138,0.49755009814525886,0.5197060365291288,0.022155938383869977,0.49755009814525886,0.47671159115716355,-0.020838506988095307,0.49755009814525886,0.49605101071923974,-0.001499087426019119
4.0,1.0,5.0,1.0,2.0,4.0,2.0,4.0,9.0,8.0,5.0,9.0,0.0,0.0,0.0,0.0,0.0,0.0,1.0,0.0,0.0,0.0,0.0,0.0,1.0,0.0,0.0,0.0,0.0,0.0,0.0,1.0,0.0,0.0,0.0,0.0,0.0,0.0,0.0,0.0,0.8354442775170262,0.8107030263078766,-0.024741251209149606,0.8354442775170262,0.8243304878253938,-0.011113789691632459,0.8354442775170262,0.8464889020003246,0.011044624483298349,0.8354442775170262,0.8472740534362727,0.011829775919246499,,,,0.8354442775170262,0.8346182230019835,-0.0008260545150426957
4.0,1.0,5.0,1.0,1.0,4.0,1.0,2.0,7.0,7.0,4.0,8.0,0.0,1.0,0.0,0.0,0.0,0.0,1.0,0.0,0.0,0.0,0.0,0.0,1.0,0.0,0.0,0.0,0.0,0.0,0.0,1.0,0.0,0.0,0.0,0.0,0.0,0.0,0.0,0.0,0.789044825033536,0.7593369497513286,-0.02970787528220742,0.789044825033536,0.7756388756935082,-0.013405949340027812,0.789044825033536,0.8024673509633438,0.01342252592980775,0.789044825033536,0.8034253700767198,0.014380545043183757,0.789044825033536,0.7748244315946812,-0.01422039343885484,0.789044825033536,0.7880449423974035,-0.0009998826361324875
4.0,1.0,8.0,1.0,2.0,4.0,2.0,2.0,5.0,7.0,1.0,7.0,0.0,1.0,0.0,0.0,0.0,0.0,1.0,0.0,0.0,0.0,0.0,1.0,0.0,0.0,0.0,0.0,0.0,0.0,0.0,1.0,0.0,0.0,0.0,0.0,0.0,0.0,0.0,0.0,0.7551371864508669,0.7223345971223908,-0.03280258932847613,0.7551371864508669,0.7402856968349104,-0.014851489615956504,0.7551371864508669,0.7700885287969674,0.014951342346100516,0.7551371864508669,0.7711588008965924,0.016021614445725474,0.7551371864508669,0.7393860387630992,-0.015751147687767753,0.7551371864508669,0.7540266893974064,-0.0011104970534605574
4.0,1.0,6.0,1.0,1.0,5.0,2.0,4.0,9.0,9.0,3.0,8.0,0.0,0.0,0.0,0.0,0.0,1.0,0.0,0.0,0.0,0.0,0.0,0.0,0.0,0.0,0.0,0.0,1.0,0.0,0.0,0.0,0.0,0.0,0.0,0.0,0.0,0.0,0.0,0.0,0.8455280027694109,0.8219797992109628,-0.02354820355844811,0.8455280027694109,0.8349607127911977,-0.010567289978213212,0.8455280027694109,0.8560124744644007,0.010484471694989783,0.8455280027694109,0.856757159033386,0.011229156263975137,0.8455280027694109,0.83431561125494,-0.011212391514470843,0.8455280027694109,0.8447431606482796,-0.0007848421211312795
5.0,1.0,3.0,1.0,2.0,5.0,1.0,3.0,10.0,10.0,5.0,10.0,0.0,0.0,1.0,0.0,0.0,0.0,1.0,0.0,0.0,0.0,0.0,0.0,0.0,1.0,0.0,0.0,0.0,0.0,0.0,0.0,0.0,0.0,0.0,0.0,0.0,0.0,0.0,0.0,0.7200797494807701,0.6845426712423365,-0.03553707823843366,0.7200797494807701,0.7039356036537833,-0.016144145826986867,,,,,,,,,,,,
4.0,1.0,4.0,1.0,2.0,3.0,3.0,3.0,5.0,5.0,5.0,8.0,0.0,1.0,0.0,0.0,0.0,0.0,1.0,0.0,0.0,0.0,0.0,0.0,1.0,0.0,0.0,0.0,0.0,0.0,0.0,0.0,0.0,0.0,0.0,0.0,0.0,0.0,0.0,0.0,0.4890742998874256,0.4467429309736306,-0.04233136891379502,0.4890742998874256,0.46942392712583964,-0.019650372761585988,0.4890742998874256,0.5097237908038784,0.020649490916452795,0.4890742998874256,0.5112368387994466,0.022162538912020968,,,,0.4890742998874256,0.48757596843012263,-0.0014983314573029927
7.0,3.0,6.0,1.0,2.0,4.0,3.0,4.0,7.0,8.0,4.0,8.0,0.0,0.0,0.0,0.0,0.0,0.0,1.0,0.0,0.0,0.0,0.0,0.0,0.0,0.0,0.0,0.0,0.0,0.0,0.0,0.0,0.0,0.0,1.0,0.0,0.0,0.0,0.0,0.0,0.6904733542038853,0.6529889388739796,-0.03748441532990576,0.6904733542038853,0.673396160695853,-0.017077193508032384,0.6904733542038853,0.707845489650913,0.017372135447027648,0.6904733542038853,0.7090960579364698,0.018622703732584456,0.6904733542038853,0.672367343381996,-0.01810601082188934,0.6904733542038853,0.6891902998504933,-0.0012830543533920435
4.0,1.0,3.0,2.0,1.0,5.0,3.0,4.0,7.0,7.0,4.0,8.0,0.0,1.0,0.0,0.0,0.0,0.0,1.0,0.0,0.0,0.0,0.0,0.0,0.0,0.0,0.0,0.0,0.0,0.0,0.0,0.0,0.0,0.0,0.0,0.0,0.0,0.0,0.0,0.0,0.6752058693727718,0.6368449708481518,-0.03836089852461999,0.6752058693727718,0.6577039199328847,-0.017501949439887143,0.6752058693727718,0.693053966562005,0.017848097189233192,0.6752058693727718,0.6943405094654657,0.019134640092693833,0.6752058693727718,0.656650875200473,-0.018554994172298778,0.6752058693727718,0.6738894184708998,-0.001316450901872046
2.0,2.0,4.0,4.0,2.0,5.0,3.0,2.0,4.0,7.0,3.0,7.0,0.0,0.0,1.0,0.0,0.0,0.0,1.0,0.0,1.0,0.0,0.0,0.0,0.0,0.0,0.0,0.0,0.0,0.0,0.0,0.0,0.0,0.0,0.0,0.0,0.0,1.0,0.0,0.0,0.7222483313895233,0.6868668425664519,-0.03538148882307135,0.7222483313895233,0.7061782225093647,-0.016070108880158585,0.7222483313895233,0.7385124753184932,0.01626414392896991,0.7222483313895233,0.739680049878318,0.017431718488794767,0.7222483313895233,0.7052074639045596,-0.017040867484963695,0.7222483313895233,0.7210437776868915,-0.0012045537026317277
3.0,1.0,3.0,1.0,2.0,4.0,2.0,4.0,6.0,7.0,3.0,5.0,0.0,0.0,0.0,0.0,0.0,0.0,1.0,0.0,1.0,0.0,0.0,0.0,0.0,0.0,0.0,0.0,0.0,0.0,0.0,0.0,0.0,0.0,0.0,0.0,0.0,0.0,0.0,0.0,0.8767599090551333,0.8571685257778516,-0.019591383277281715,0.8767599090551333,0.8679956065468412,-0.008764302508292188,0.8767599090551333,0.8854118598585423,0.00865195080340897,0.8767599090551333,0.8860247395959798,0.00926483054084648,0.8767599090551333,0.8674591336609672,-0.009300775394166183,0.8767599090551333,0.8761104993839722,-0.0006494096711611164
3.0,5.0,3.0,3.0,2.0,5.0,2.0,2.0,2.0,2.0,2.0,2.0,1.0,0.0,0.0,0.0,0.0,0.0,1.0,0.0,0.0,1.0,0.0,0.0,0.0,0.0,0.0,0.0,0.0,0.0,0.0,0.0,0.0,0.0,0.0,0.0,1.0,0.0,0.0,0.0,0.2576041681968183,0.22642864393461193,-0.031175524262206378,0.2576041681968183,0.24283376276433538,-0.014770405432482925,0.2576041681968183,0.2737162951078019,0.01611212691098357,0.2576041681968183,0.27492162226728234,0.017317454070464033,0.2576041681968183,0.24197539615215952,-0.01562877204465879,0.2576041681968183,0.2564590208754619,-0.001145147321356399
4.0,1.0,9.0,1.0,2.0,4.0,1.0,4.0,9.0,9.0,5.0,8.0,1.0,0.0,0.0,0.0,0.0,0.0,1.0,0.0,0.0,0.0,0.0,0.0,1.0,0.0,0.0,0.0,0.0,0.0,0.0,1.0,0.0,0.0,0.0,0.0,0.0,0.0,0.0,0.0,0.8416555323309196,0.8176443143443349,-0.024011217986584676,0.8416555323309196,0.8308763182503119,-0.010779214080607669,0.8416555323309196,0.8523569445758107,0.010701412244891073,0.8416555323309196,0.8531172910087461,0.011461758677826506,,,,0.8416555323309196,0.8408547182209201,-0.000800814109999548
3.0,1.0,9.0,1.0,4.0,5.0,2.0,4.0,8.0,8.0,4.0,10.0,0.0,0.0,0.0,0.0,0.0,0.0,1.0,0.0,0.0,0.0,0.0,0.0,1.0,0.0,0.0,0.0,0.0,0.0,0.0,0.0,0.0,0.0,0.0,0.0,0.0,0.0,0.0,0.0,0.795397262353783,0.766319034937838,-0.029078227415945013,0.795397262353783,0.7822836151210671,-0.013113647232715908,0.795397262353783,0.8085136883616234,0.013116426007840354,0.795397262353783,0.8094493464042343,0.014052084050451219,0.795397262353783,0.7814864964911341,-0.013910765862648944,,,
3.0,1.0,3.0,1.0,1.0,3.0,1.0,4.0,10.0,9.0,4.0,10.0,0.0,0.0,0.0,0.0,0.0,0.0,0.0,0.0,0.0,0.0,0.0,1.0,0.0,0.0,0.0,0.0,0.0,0.0,0.0,0.0,0.0,0.0,0.0,0.0,0.0,0.0,0.0,0.0,0.9191407596266121,0.9055609334616656,-0.013579826164946573,0.9191407596266121,0.9130916445302162,-0.006049115096395941,,,,0.9191407596266121,0.9254902832330356,0.0063495236064234906,0.9191407596266121,0.9127200156356683,-0.0064207439909438335,,,
3.0,1.0,3.0,1.0,2.0,2.0,2.0,2.0,8.0,8.0,3.0,7.0,0.0,0.0,0.0,0.0,0.0,0.0,1.0,0.0,0.0,0.0,0.0,1.0,0.0,0.0,0.0,0.0,0.0,0.0,0.0,0.0,0.0,0.0,0.0,0.0,0.0,0.0,0.0,0.0,0.8456854695886202,0.8221562217462136,-0.02352924784240662,0.8456854695886202,0.8351268512629639,-0.0105586183256563,0.8456854695886202,0.8561610717136464,0.010475602125026184,0.8456854695886202,0.8569051162273384,0.011219646638718217,0.8456854695886202,0.8344822703918454,-0.011203199196774816,0.8456854695886202,0.8449012807677079,-0.0007841888209123571
7.0,1.0,3.0,1.0,1.0,5.0,3.0,4.0,9.0,8.0,4.0,9.0,0.0,0.0,0.0,0.0,0.0,0.0,1.0,0.0,0.0,0.0,0.0,1.0,0.0,0.0,0.0,0.0,0.0,0.0,0.0,0.0,0.0,0.0,1.0,0.0,0.0,0.0,0.0,0.0,0.8328633159303087,0.807823275884388,-0.025040040045920753,0.8328633159303087,0.821612432982416,-0.01125088294789267,0.8328633159303087,0.8440488326538242,0.011185516723515532,0.8328633159303087,0.844844176617207,0.011980860686898298,0.8328633159303087,0.8209263460573396,-0.011936969872969105,0.8328633159303087,0.8320269101772362,-0.0008364057530725333
2.0,3.0,5.0,4.0,1.0,5.0,3.0,2.0,3.0,1.0,1.0,2.0,1.0,0.0,0.0,0.0,0.0,0.0,0.0,0.0,0.0,0.0,0.0,0.0,0.0,0.0,0.0,0.0,1.0,0.0,0.0,0.0,0.0,0.0,0.0,0.0,0.0,0.0,0.0,1.0,0.7323209881258578,0.6976855319124486,-0.03463545621340913,0.7323209881258578,0.716604989920492,-0.015715998205365733,0.7323209881258578,0.748200943146715,0.01587995502085726,0.7323209881258578,0.7493399405262267,0.01701895240036888,0.7323209881258578,0.715654809318248,-0.01666617880760979,0.7323209881258578,0.7311438565421478,-0.0011771315837100227
2.0,1.0,7.0,1.0,2.0,3.0,1.0,4.0,5.0,5.0,2.0,7.0,0.0,0.0,0.0,0.0,0.0,0.0,1.0,0.0,0.0,0.0,0.0,0.0,0.0,0.0,0.0,0.0,1.0,0.0,0.0,0.0,0.0,0.0,0.0,0.0,0.0,0.0,0.0,0.0,0.8589240500872717,0.8370243606507046,-0.02189968943656706,0.8589240500872717,0.8491096315962627,-0.009814418491008947,0.8589240500872717,0.8686405483622407,0.00971649827496901,0.8589240500872717,0.869329891861172,0.01040584177390036,0.8589240500872717,0.848509800814528,-0.010414249272743703,0.8589240500872717,0.8581958558242888,-0.000728194262982873
4.0,1.0,9.0,1.0,1.0,2.0,1.0,3.0,10.0,10.0,3.0,10.0,0.0,0.0,0.0,0.0,0.0,1.0,0.0,0.0,0.0,1.0,0.0,0.0,0.0,0.0,0.0,0.0,0.0,0.0,0.0,0.0,0.0,0.0,0.0,0.0,0.0,0.0,0.0,0.0,0.84437420707947,0.8206874161627923,-0.02368679091667769,0.84437420707947,0.8337435070389536,-0.010630700040516361,,,,,,,0.84437420707947,0.8330945987811249,-0.011279608298345067,,,
6.0,1.0,6.0,1.0,1.0,4.0,1.0,4.0,7.0,8.0,2.0,9.0,1.0,0.0,0.0,0.0,0.0,0.0,0.0,0.0,0.0,0.0,0.0,0.0,0.0,0.0,0.0,0.0,0.0,0.0,0.0,1.0,0.0,0.0,0.0,0.0,0.0,0.0,0.0,0.0,0.8736620317219091,0.8536603787365165,-0.020001652985392693,0.8736620317219091,0.8647114161773274,-0.008950615544581764,0.8736620317219091,0.8825023202680394,0.008840288546130282,0.8736620317219091,0.8831287077029591,0.009466675981049999,0.8736620317219091,0.8641636849150217,-0.009498346806887437,0.8736620317219091,0.8729986624912089,-0.0006633692307002059
7.0,1.0,10.0,1.0,3.0,3.0,2.0,4.0,5.0,5.0,3.0,3.0,0.0,0.0,0.0,0.0,0.0,0.0,1.0,0.0,0.0,0.0,0.0,0.0,0.0,0.0,0.0,0.0,0.0,0.0,0.0,0.0,0.0,0.0,1.0,0.0,0.0,0.0,0.0,0.0,0.701711622715444,0.6649277328591015,-0.03678388985634251,0.701711622715444,0.6849715745630913,-0.016740048152352638,0.701711622715444,0.7187099699752579,0.016998347259813973,0.701711622715444,0.7199324332555246,0.018220810540080623,0.701711622715444,0.6839621075047994,-0.017749515210644606,0.701711622715444,0.7004549436131166,-0.001256679102327407
7.0,1.0,3.0,1.0,3.0,4.0,3.0,3.0,8.0,8.0,3.0,7.0,0.0,0.0,0.0,0.0,1.0,0.0,0.0,0.0,0.0,0.0,0.0,0.0,0.0,0.0,0.0,0.0,0.0,0.0,0.0,0.0,0.0,0.0,1.0,0.0,0.0,0.0,0.0,0.0,0.7006610835977846,0.6638097117934247,-0.03685137180435982,0.7006610835977846,0.6838886379640798,-0.016772445633704725,0.7006610835977846,0.717695212430537,0.01703412883275246,0.7006610835977846,0.7189203610398975,0.018259277442112976,0.7006610835977846,0.6828773073502882,-0.017783776247496386,0.7006610835977846,0.6994018745631791,-0.001259209034605413
3.0,1.0,3.0,2.0,1.0,4.0,2.0,3.0,10.0,6.0,4.0,8.0,0.0,1.0,0.0,0.0,0.0,0.0,0.0,0.0,0.0,0.0,0.0,1.0,0.0,0.0,0.0,0.0,0.0,0.0,0.0,0.0,0.0,0.0,0.0,0.0,0.0,0.0,0.0,0.0,0.7725606029906764,0.7412924555973195,-0.031268147393356927,0.7725606029906764,0.7584278173783272,-0.014132785612349208,,,,0.7725606029906764,0.7877626011592168,0.015201998168540398,0.7725606029906764,0.7575704236525286,-0.014990179338147835,0.7725606029906764,0.7715052143444437,-0.001055388646232669
4.0,1.0,7.0,1.0,1.0,4.0,2.0,3.0,8.0,8.0,2.0,7.0,0.0,0.0,0.0,0.0,0.0,0.0,0.0,0.0,0.0,0.0,0.0,0.0,1.0,0.0,0.0,0.0,0.0,0.0,0.0,0.0,0.0,0.0,0.0,0.0,0.0,0.0,0.0,0.0,0.9198989570090322,0.9064335031702726,-0.013465453838759633,0.9198989570090322,0.913901249751751,-0.005997707257281215,0.9198989570090322,0.9257787505311424,0.0058797935221102104,0.9198989570090322,0.9261937235297968,0.00629476652076455,0.9198989570090322,0.9135327549733976,-0.006366202035634649,0.9198989570090322,0.9194559842990777,-0.00044297270995452553
2.0,2.0,3.0,4.0,3.0,3.0,3.0,3.0,4.0,6.0,3.0,5.0,0.0,0.0,0.0,0.0,0.0,1.0,1.0,0.0,0.0,0.0,0.0,0.0,1.0,0.0,0.0,0.0,0.0,0.0,0.0,0.0,0.0,0.0,0.0,0.0,0.0,1.0,0.0,0.0,0.52503394834879,0.48252959623933106,-0.042504352109458965,0.52503394834879,0.5053678589448187,-0.0196660894039713,0.52503394834879,0.5455804587466707,0.02054651039788069,0.52503394834879,0.5470811747509019,0.022047226402111875,0.52503394834879,0.5041994494774071,-0.02083449887138289,0.52503394834879,0.5235383364387941,-0.0014956119099959198
2.0,3.0,9.0,4.0,2.0,5.0,1.0,3.0,10.0,8.0,5.0,10.0,0.0,1.0,0.0,0.0,0.0,0.0,0.0,0.0,0.0,0.0,0.0,0.0,0.0,0.0,0.0,0.0,1.0,0.0,0.0,0.0,0.0,0.0,0.0,0.0,0.0,1.0,0.0,0.0,0.7604562202619057,0.7281096270919492,-0.03234659316995658,0.7604562202619057,0.7458187502724262,-0.014637469989479568,,,,0.7604562202619057,0.7762329354517119,0.015776715189806167,,,,,,
7.0,5.0,8.0,3.0,2.0,4.0,2.0,3.0,8.0,8.0,4.0,8.0,0.0,1.0,0.0,0.0,0.0,0.0,1.0,0.0,0.0,0.0,0.0,1.0,0.0,0.0,0.0,0.0,0.0,0.0,0.0,0.0,0.0,0.0,1.0,0.0,0.0,0.0,0.0,0.0,0.40942389597153456,0.369007470230318,-0.040416425741216566,0.40942389597153456,0.39052765219041263,-0.018896243781121924,0.40942389597153456,0.42953768249034685,0.020113786518812293,0.40942389597153456,0.43102196341846627,0.021598067446931712,0.40942389597153456,0.38941572115130296,-0.020008174820231595,0.40942389597153456,0.4079747337792908,-0.0014491621922437803
4.0,1.0,10.0,2.0,2.0,3.0,1.0,4.0,8.0,9.0,5.0,10.0,0.0,0.0,0.0,0.0,0.0,1.0,0.0,0.0,0.0,0.0,0.0,0.0,1.0,0.0,0.0,0.0,0.0,0.0,0.0,0.0,0.0,0.0,0.0,0.0,0.0,0.0,0.0,0.0,0.7661645462239356,0.7343194710837644,-0.03184507514017121,0.7661645462239356,0.7517620236708406,-0.014402522553095043,0.7661645462239356,0.7806381550015047,0.014473608777569091,0.7661645462239356,0.7816732401541387,0.015508693930203155,,,,,,
4.0,1.0,7.0,4.0,1.0,4.0,1.0,3.0,10.0,8.0,3.0,6.0,0.0,1.0,0.0,0.0,0.0,0.0,1.0,0.0,0.0,0.0,0.0,0.0,1.0,0.0,0.0,0.0,0.0,0.0,0.0,0.0,0.0,0.0,0.0,1.0,0.0,0.0,0.0,0.0,0.7203416272227019,0.6848232435928827,-0.035518383629819184,0.7203416272227019,0.7042063807311919,-0.01613524649150999,,,,0.7203416272227019,0.7378495765249369,0.017507949302234982,0.7203416272227019,0.7032318451564442,-0.017109782066257684,0.7203416272227019,0.7191320201715125,-0.001209607051189443
5.0,1.0,5.0,2.0,1.0,2.0,2.0,4.0,6.0,7.0,3.0,7.0,0.0,0.0,0.0,0.0,0.0,0.0,0.0,0.0,0.0,0.0,0.0,0.0,0.0,1.0,0.0,0.0,0.0,0.0,0.0,0.0,0.0,0.0,0.0,0.0,0.0,0.0,0.0,0.0,0.8190371644548117,0.7924419364289086,-0.026595228025903084,0.8190371644548117,0.8070711631740566,-0.01196600128075509,0.8190371644548117,0.8309601853314351,0.011923020876623447,0.8190371644548117,0.8318089794400244,0.012771814985212737,0.8190371644548117,0.8063423319448728,-0.012694832509938858,0.8190371644548117,0.8181466757407546,-0.0008904887140570583
6.0,1.0,6.0,1.0,2.0,5.0,3.0,4.0,9.0,9.0,4.0,9.0,1.0,0.0,0.0,0.0,0.0,0.0,0.0,0.0,0.0,0.0,0.0,1.0,0.0,0.0,0.0,0.0,0.0,0.0,0.0,0.0,0.0,0.0,0.0,0.0,0.0,0.0,0.0,0.0,0.7786764101353543,0.7479747731977642,-0.030701636937590093,0.7786764101353543,0.7648079600618356,-0.013868450073518668,0.7786764101353543,0.7925852330781489,0.013908822942794608,0.7786764101353543,0.7935788511973402,0.014902441061985905,0.7786764101353543,0.7639661635733481,-0.014710246562006146,0.7786764101353543,0.7776412325905716,-0.0010351775447826617
4.0,1.0,9.0,1.0,2.0,3.0,3.0,4.0,10.0,10.0,3.0,10.0,0.0,0.0,0.0,0.0,0.0,0.0,1.0,0.0,0.0,0.0,0.0,0.0,1.0,0.0,0.0,0.0,0.0,0.0,0.0,1.0,0.0,0.0,0.0,0.0,0.0,0.0,0.0,0.0,0.8473570402187162,0.8240296323487617,-0.023327407869954464,0.8473570402187162,0.8368907358309977,-0.01046630438771845,,,,,,,0.8473570402187162,0.8362516988250042,-0.011105341393711998,,,
7.0,1.0,2.0,1.0,1.0,4.0,2.0,4.0,8.0,7.0,4.0,10.0,0.0,0.0,0.0,0.0,1.0,0.0,0.0,0.0,0.0,0.0,0.0,0.0,0.0,1.0,0.0,0.0,0.0,0.0,0.0,1.0,0.0,0.0,0.0,0.0,0.0,0.0,0.0,0.0,0.8103023443051267,0.7827638862345991,-0.02753845807052757,0.8103023443051267,0.7979012803298875,-0.012401063975239213,0.8103023443051267,0.8226762736631176,0.012373929357990865,0.8103023443051267,0.8235578312648076,0.013255486959680929,0.8103023443051267,0.7971465147600162,-0.01315582954511052,,,
5.0,1.0,8.0,2.0,3.0,5.0,2.0,4.0,10.0,10.0,5.0,10.0,0.0,0.0,0.0,0.0,0.0,1.0,0.0,0.0,0.0,0.0,0.0,0.0,1.0,0.0,0.0,0.0,0.0,0.0,0.0,0.0,0.0,0.0,0.0,0.0,0.0,0.0,0.0,0.0,0.6968362100107837,0.6597426300164676,-0.03709357999431606,0.6968362100107837,0.6799473462244736,-0.01688886378631005,,,,,,,,,,,,
3.0,1.0,4.0,1.0,4.0,5.0,2.0,3.0,7.0,8.0,5.0,8.0,1.0,0.0,0.0,0.0,0.0,0.0,1.0,0.0,0.0,0.0,0.0,0.0,0.0,0.0,0.0,0.0,0.0,0.0,0.0,0.0,0.0,0.0,0.0,0.0,0.0,0.0,0.0,0.0,0.6982814506760847,0.6612787475487615,-0.03700270312732323,0.6982814506760847,0.6814362925153478,-0.01684515816073695,0.6982814506760847,0.7153959897986721,0.017114539122587424,0.6982814506760847,0.7166271768336694,0.018345726157584674,,,,0.6982814506760847,0.697016560078856,-0.001264890597228674
6.0,1.0,6.0,2.0,2.0,5.0,1.0,4.0,8.0,8.0,3.0,8.0,1.0,0.0,0.0,0.0,0.0,0.0,1.0,0.0,0.0,0.0,0.0,1.0,0.0,0.0,0.0,0.0,0.0,0.0,0.0,0.0,0.0,0.0,1.0,0.0,0.0,0.0,0.0,0.0,0.8097830954460775,0.7821895200034962,-0.027593575442581342,0.8097830954460775,0.7973565757548352,-0.01242651969124231,0.8097830954460775,0.822183462579442,0.012400367133364454,0.8097830954460775,0.8230669432515758,0.013283847805498294,0.8097830954460775,0.796600294484481,-0.01318280096159652,0.8097830954460775,0.808857696311479,-0.0009253991345985479
6.0,1.0,5.0,2.0,2.0,4.0,1.0,2.0,5.0,5.0,2.0,6.0,0.0,0.0,0.0,0.0,0.0,0.0,1.0,0.0,0.0,0.0,0.0,0.0,0.0,0.0,0.0,0.0,0.0,0.0,0.0,1.0,0.0,0.0,0.0,0.0,0.0,0.0,0.0,0.0,0.8342879485340308,0.8094125024708655,-0.024875446063165274,0.8342879485340308,0.8231125977389999,-0.011175350795030847,0.8342879485340308,0.8453958210488384,0.011107872514807604,0.8342879485340308,0.8461855473033735,0.01189759876934271,0.8342879485340308,0.8224310335546868,-0.011856914979343935,0.8342879485340308,0.8334572464929916,-0.0008307020410391885
4.0,1.0,5.0,1.0,1.0,4.0,1.0,4.0,10.0,10.0,4.0,10.0,0.0,1.0,0.0,0.0,0.0,0.0,1.0,0.0,0.0,0.0,0.0,0.0,1.0,0.0,0.0,0.0,0.0,0.0,0.0,0.0,0.0,0.0,0.0,0.0,0.0,0.0,0.0,0.0,0.7915377669570413,0.7620751015790247,-0.02946266537801656,0.7915377669570413,0.7782457175370052,-0.013292049420036034,,,,,,,0.7915377669570413,0.7774380211154964,-0.01409974584154483,,,
6.0,1.0,3.0,1.0,1.0,3.0,2.0,4.0,4.0,5.0,2.0,2.0,0.0,0.0,0.0,0.0,0.0,0.0,1.0,0.0,0.0,0.0,0.0,1.0,0.0,0.0,0.0,0.0,0.0,0.0,0.0,1.0,0.0,0.0,0.0,0.0,0.0,0.0,0.0,0.0,0.808712721344521,0.7810058646278083,-0.02770685671671269,0.808712721344521,0.7962338714921637,-0.012478849852357254,0.808712721344521,0.8211674570145839,0.012454735670062944,0.808712721344521,0.8220548931634217,0.013342171818900739,0.808712721344521,0.7954744749599106,-0.013238246384610353,0.808712721344521,0.8077833509294808,-0.0009293704150401538
6.0,1.0,5.0,1.0,2.0,2.0,2.0,4.0,8.0,8.0,4.0,8.0,0.0,0.0,0.0,0.0,0.0,0.0,0.0,0.0,0.0,0.0,0.0,1.0,0.0,0.0,0.0,0.0,0.0,0.0,0.0,0.0,0.0,0.0,0.0,0.0,0.0,0.0,0.0,0.0,0.7731318397953916,0.74191599047661,-0.03121584931878152,0.7731318397953916,0.7590234782322711,-0.014108361563120453,0.7731318397953916,0.7872939230978849,0.014162083302493356,0.7731318397953916,0.7883061189180669,0.015174279122675327,0.7731318397953916,0.758167524526957,-0.014964315268434558,0.7731318397953916,0.7720783198467317,-0.0010535199486598756
3.0,3.0,4.0,3.0,2.0,3.0,2.0,3.0,9.0,9.0,4.0,7.0,0.0,0.0,1.0,0.0,0.0,0.0,0.0,0.0,0.0,0.0,0.0,0.0,0.0,0.0,0.0,0.0,1.0,0.0,0.0,1.0,0.0,0.0,0.0,0.0,0.0,0.0,0.0,0.0,0.5502088513096791,0.5078455829091971,-0.04236326840048199,0.5502088513096791,0.5306533203137839,-0.019555530995895243,0.5502088513096791,0.5705570843711546,0.020348233061475485,0.5502088513096791,0.5720400176055813,0.021831166295902205,0.5502088513096791,0.5294890305372347,-0.020719820772444386,0.5502088513096791,0.5487243758762168,-0.0014844754334623067
3.0,1.0,5.0,4.0,2.0,4.0,2.0,5.0,8.0,7.0,2.0,8.0,0.0,0.0,0.0,1.0,0.0,0.0,0.0,0.0,0.0,0.0,0.0,0.0,0.0,0.0,0.0,0.0,0.0,0.0,0.0,0.0,0.0,0.0,0.0,0.0,0.0,1.0,0.0,0.0,0.7315614486509074,0.6968683948317103,-0.034693053819197184,,,,0.7315614486509074,0.7474709250575531,0.01590947640664564,0.7315614486509074,0.7486121151258659,0.017050666474958454,0.7315614486509074,0.7148663923079056,-0.016695056343001835,0.7315614486509074,0.7303822066804103,-0.0011792419704971246
6.0,2.0,6.0,2.0,2.0,4.0,2.0,4.0,7.0,7.0,2.0,7.0,0.0,0.0,0.0,0.0,0.0,0.0,1.0,0.0,0.0,0.0,0.0,0.0,0.0,0.0,0.0,0.0,0.0,0.0,0.0,0.0,0.0,0.0,0.0,0.0,0.0,0.0,0.0,0.0,0.7732096249896581,0.7420009068959987,-0.031208718093659327,0.7732096249896581,0.7591045934785244,-0.014105031511133626,0.7732096249896581,0.7873681880493785,0.014158563059720408,0.7732096249896581,0.7883801254601673,0.015170500470509274,0.7732096249896581,0.7582488361282538,-0.014960788861404284,0.7732096249896581,0.7721563598053713,-0.0010532651842867224
4.0,1.0,3.0,1.0,2.0,5.0,1.0,3.0,10.0,8.0,4.0,9.0,0.0,0.0,0.0,0.0,0.0,0.0,1.0,0.0,0.0,0.0,0.0,0.0,1.0,0.0,0.0,0.0,0.0,0.0,0.0,1.0,0.0,0.0,0.0,0.0,0.0,0.0,0.0,0.0,0.8910500804242073,0.8734023785180427,-0.017647701906164603,0.8910500804242073,0.8831666111737894,-0.00788346925041794,,,,0.8910500804242073,0.8993639268874631,0.008313846463255836,0.8910500804242073,0.882683460788868,-0.008366619635339356,0.8910500804242073,0.8904665649357967,-0.0005835154884106242
3.0,1.0,2.0,2.0,3.0,4.0,2.0,3.0,5.0,5.0,5.0,6.0,1.0,0.0,0.0,0.0,0.0,0.0,0.0,0.0,1.0,0.0,0.0,0.0,0.0,0.0,0.0,0.0,0.0,0.0,0.0,0.0,0.0,0.0,0.0,0.0,0.0,0.0,0.0,0.0,0.7300368152447099,0.6952288067186281,-0.03480800852608179,0.7300368152447099,0.7142390393216282,-0.015797775923081625,0.7300368152447099,0.7460052791095158,0.015968463864805882,0.7300368152447099,0.7471508520075328,0.01711403676282297,,,,0.7300368152447099,0.7288533580377403,-0.0011834572069695515
4.0,2.0,2.0,1.0,3.0,5.0,2.0,3.0,8.0,7.0,3.0,7.0,0.0,0.0,0.0,0.0,0.0,0.0,1.0,0.0,0.0,0.0,0.0,1.0,0.0,0.0,0.0,0.0,0.0,0.0,0.0,1.0,0.0,0.0,0.0,0.0,0.0,0.0,0.0,0.0,0.798324913449446,0.7695422106314456,-0.02878270281800044,0.798324913449446,0.7853482701893071,-0.01297664326013892,0.798324913449446,0.8112981832992809,0.012973269849834934,0.798324913449446,0.8122233954345727,0.013898481985126665,0.798324913449446,0.7845592819595327,-0.013765631489913277,0.798324913449446,0.7973577200761924,-0.000967193373253572
7.0,1.0,6.0,1.0,2.0,4.0,2.0,4.0,8.0,8.0,5.0,8.0,0.0,0.0,0.0,0.0,0.0,0.0,1.0,0.0,0.0,0.0,0.0,0.0,0.0,0.0,0.0,0.0,0.0,0.0,0.0,0.0,0.0,0.0,1.0,0.0,0.0,0.0,0.0,0.0,0.7865921909658821,0.7566454472834474,-0.029946743682434662,0.7865921909658821,0.7730752046739361,-0.013516986291945976,0.7865921909658821,0.8001312421999972,0.01353905123411514,0.7865921909658821,0.8010977829913073,0.014505592025425229,,,,0.7865921909658821,0.7855838423502589,-0.0010083486156231558
4.0,1.0,5.0,2.0,4.0,5.0,3.0,3.0,8.0,7.0,4.0,7.0,0.0,0.0,0.0,1.0,0.0,0.0,0.0,0.0,0.0,0.0,0.0,0.0,1.0,0.0,0.0,0.0,0.0,0.0,0.0,0.0,0.0,0.0,0.0,0.0,0.0,0.0,0.0,0.0,0.4926992390484366,0.4503306594615853,-0.04236857958685131,0.4926992390484366,0.4730380659721147,-0.019661173076321925,0.4926992390484366,0.5133480043500271,0.020648765301590544,0.4926992390484366,0.5148605128987317,0.022161273850295093,0.4926992390484366,0.4718730957415141,-0.020826143306922507,0.4926992390484366,0.4912004788472748,-0.0014987602011617973
4.0,1.0,6.0,1.0,2.0,2.0,2.0,4.0,6.0,7.0,3.0,5.0,0.0,0.0,0.0,1.0,0.0,0.0,0.0,0.0,0.0,0.0,0.0,1.0,0.0,0.0,0.0,0.0,0.0,0.0,0.0,0.0,0.0,0.0,0.0,0.0,0.0,0.0,0.0,0.0,0.6444861305813219,0.6046215632301227,-0.03986456735119914,0.6444861305813219,0.6262451269476336,-0.018241003633688302,0.6444861305813219,0.6631802418465899,0.018694111265267987,0.6444861305813219,0.664531389476867,0.020045258895545093,0.6444861305813219,0.6251504605522206,-0.019335670029101304,0.6444861305813219,0.643110979770049,-0.0013751508112728184
2.0,1.0,6.0,4.0,3.0,4.0,2.0,3.0,8.0,6.0,4.0,7.0,0.0,0.0,0.0,1.0,0.0,0.0,1.0,0.0,1.0,0.0,0.0,0.0,0.0,0.0,0.0,0.0,0.0,0.0,0.0,0.0,0.0,0.0,0.0,0.0,0.0,1.0,0.0,0.0,0.7167457907538346,0.68097297511343,-0.035772815640404576,0.7167457907538346,0.700489340280206,-0.01625645047362856,0.7167457907538346,0.7332131249371673,0.016467334183332683,0.7167457907538346,0.7343958516870756,0.017650060933240952,0.7167457907538346,0.6995077840087043,-0.01723800674513032,0.7167457907538346,0.7155267727565066,-0.0012190179973280424
5.0,1.0,5.0,1.0,2.0,2.0,2.0,2.0,9.0,9.0,2.0,9.0,0.0,1.0,0.0,0.0,0.0,0.0,0.0,0.0,0.0,0.0,0.0,0.0,1.0,0.0,0.0,0.0,0.0,0.0,0.0,0.0,0.0,0.0,0.0,0.0,0.0,0.0,0.0,0.0,0.6632033766552257,0.624213846492274,-0.0389895301629517,0.6632033766552257,0.6453943290078676,-0.017809047647358023,0.6632033766552257,0.6813998169794467,0.018196440324221075,0.6632033766552257,0.6827128445307,0.019509467875474362,0.6632033766552257,0.644323894057546,-0.018879482597679687,0.6632033766552257,0.6618626400930082,-0.0013407365622174483
3.0,1.0,6.0,1.0,1.0,5.0,2.0,3.0,7.0,8.0,3.0,7.0,0.0,0.0,0.0,0.0,1.0,0.0,0.0,0.0,0.0,0.0,0.0,0.0,0.0,0.0,0.0,0.0,1.0,0.0,0.0,0.0,0.0,0.0,0.0,0.0,0.0,0.0,0.0,0.0,0.9131274058415745,0.8986490323244252,-0.014478373517149312,0.9131274058415745,0.9066741062799423,-0.006453299561632209,0.9131274058415745,0.9194607440222698,0.006333338180695369,0.9131274058415745,0.9199079851627895,0.006780579321215008,0.9131274058415745,0.906277852068346,-0.0068495537732284895,0.9131274058415745,0.9126505411547022,-0.00047686468687224703
6.0,1.0,8.0,1.0,2.0,4.0,2.0,4.0,9.0,7.0,3.0,6.0,0.0,0.0,0.0,0.0,0.0,0.0,0.0,0.0,0.0,0.0,0.0,1.0,0.0,0.0,0.0,0.0,0.0,0.0,0.0,0.0,0.0,0.0,0.0,0.0,0.0,0.0,0.0,0.0,0.8529707483605954,0.8303294634129211,-0.022641284947674256,0.8529707483605954,0.8428179596007034,-0.010152788759892006,0.8529707483605954,0.8630318905544374,0.010061142193842021,0.8529707483605954,0.8637460501568601,0.010775301796264736,0.8529707483605954,0.8421977658668365,-0.01077298249375891,0.8529707483605954,0.8522171119822338,-0.0007536363783615663
2.0,2.0,3.0,2.0,1.0,2.0,2.0,5.0,7.0,7.0,4.0,0.0,0.0,0.0,0.0,0.0,0.0,0.0,0.0,0.0,0.0,0.0,0.0,0.0,0.0,0.0,0.0,0.0,0.0,0.0,0.0,0.0,0.0,0.0,0.0,0.0,0.0,0.0,0.0,0.0,0.8389537344011997,0.814623055292299,-0.024330679108900743,,,,0.8389537344011997,0.8498051580162131,0.010851423615013456,0.8389537344011997,0.8505763421070922,0.011622607705892518,0.8389537344011997,0.8273615806902023,-0.011592153710997422,0.8389537344011997,0.8381418839069188,-0.0008118504942808968
7.0,1.0,5.0,1.0,3.0,2.0,1.0,5.0,8.0,8.0,4.0,9.0,0.0,0.0,0.0,0.0,0.0,0.0,1.0,0.0,0.0,0.0,0.0,1.0,0.0,0.0,0.0,0.0,0.0,0.0,0.0,0.0,0.0,0.0,1.0,0.0,0.0,0.0,0.0,0.0,0.6776551840981739,0.6394290874555658,-0.03822609664260812,,,,0.6776551840981739,0.6954293992475648,0.017774215149390815,0.6776551840981739,0.6967103427703913,0.01905515867221741,0.6776551840981739,0.659169483871772,-0.018485700226401947,0.6776551840981739,0.6763439020197527,-0.0013112820784212387
5.0,1.0,5.0,1.0,4.0,4.0,2.0,4.0,1.0,3.0,5.0,0.0,0.0,0.0,0.0,0.0,0.0,0.0,0.0,0.0,0.0,0.0,0.0,0.0,0.0,0.0,0.0,0.0,0.0,0.0,0.0,0.0,0.0,0.0,0.0,0.0,0.0,0.0,0.0,0.0,0.6007118129171775,0.5592952133265582,-0.041416599590619274,0.6007118129171775,0.5816826198838034,-0.019029193033374026,0.6007118129171775,0.6203518003231102,0.019639987405932757,0.6007118129171775,0.6217767698645555,0.02106495694737809,,,,0.6007118129171775,0.5992726208548489,-0.0014391920623285648
4.0,3.0,3.0,1.0,3.0,3.0,2.0,3.0,8.0,6.0,4.0,9.0,0.0,0.0,0.0,0.0,0.0,0.0,1.0,0.0,0.0,1.0,0.0,0.0,0.0,0.0,0.0,0.0,0.0,0.0,0.0,1.0,0.0,0.0,0.0,0.0,0.0,0.0,0.0,0.0,0.6369027085296489,0.5967198897939947,-0.04018281873565421,0.6369027085296489,0.6185029301169459,-0.018399778412703016,0.6369027085296489,0.6557826045357239,0.01887989600607498,0.6369027085296489,0.6571480859893241,0.02024537745967514,0.6369027085296489,0.6173994416310962,-0.01950326689855275,0.6369027085296489,0.6355148137428557,-0.0013878947867932423
4.0,1.0,6.0,1.0,2.0,5.0,1.0,3.0,3.0,4.0,1.0,3.0,1.0,0.0,0.0,0.0,0.0,0.0,1.0,0.0,0.0,0.0,0.0,0.0,0.0,0.0,0.0,0.0,0.0,0.0,0.0,0.0,0.0,0.0,0.0,0.0,0.0,0.0,0.0,0.0,0.8419133734386236,0.8179327963885021,-0.023980577050121465,0.8419133734386236,0.8311481904142308,-0.010765183024392777,0.8419133734386236,0.8526004117516215,0.010687038312997887,0.8419133734386236,0.8533597200640369,0.011446346625413328,0.8419133734386236,0.8304912119593025,-0.011422161479321069,0.8419133734386236,0.8411136171698486,-0.0007997562687750426
4.0,1.0,3.0,1.0,1.0,4.0,1.0,4.0,8.0,7.0,3.0,7.0,0.0,0.0,1.0,0.0,0.0,0.0,1.0,0.0,0.0,0.0,0.0,0.0,1.0,0.0,0.0,0.0,0.0,0.0,0.0,0.0,0.0,0.0,0.0,0.0,0.0,0.0,0.0,0.0,0.7488029430985487,0.7154715261357012,-0.03333141696284747,0.7488029430985487,0.7337027494965251,-0.015100193602023526,0.7488029430985487,0.764020189686863,0.01521724658831436,0.7488029430985487,0.7651100943829042,0.01630715128435556,0.7488029430985487,0.7327885189968749,-0.016014424101673752,0.7488029430985487,0.7476733181225527,-0.001129624975996002
2.0,2.0,8.0,4.0,2.0,4.0,3.0,3.0,6.0,6.0,2.0,7.0,0.0,0.0,0.0,0.0,0.0,0.0,0.0,0.0,0.0,0.0,0.0,0.0,0.0,0.0,0.0,0.0,1.0,0.0,0.0,0.0,0.0,0.0,0.0,0.0,0.0,0.0,0.0,1.0,0.7912218391718361,0.7617279637340729,-0.029493875437763162,0.7912218391718361,0.7779152974063518,-0.013306541765484292,0.7912218391718361,0.8045401605836949,0.013318321411858847,0.7912218391718361,0.8054905634531212,0.014268724281285117,0.7912218391718361,0.7771067421797686,-0.014115096992067477,0.7912218391718361,0.7902295318860043,-0.0009923072858317727
3.0,5.0,4.0,1.0,2.0,5.0,3.0,1.0,8.0,7.0,3.0,7.0,1.0,0.0,0.0,0.0,0.0,0.0,1.0,0.0,0.0,0.0,0.0,0.0,0.0,0.0,0.0,0.0,0.0,0.0,0.0,0.0,0.0,0.0,0.0,0.0,0.0,0.0,0.0,0.0,0.7372244490438519,0.7029661163604906,-0.034258332683361314,0.7372244490438519,0.721686931972372,-0.015537517071479878,0.7372244490438519,0.7529116576996419,0.015687208655789986,0.7372244490438519,0.7540363514539339,0.016811902410082014,0.7372244490438519,0.7207471504544076,-0.016477298589444245,0.7372244490438519,0.7360611089827559,-0.0011633400610959743
4.0,1.0,6.0,2.0,2.0,2.0,2.0,3.0,8.0,8.0,3.0,7.0,0.0,1.0,0.0,0.0,0.0,0.0,1.0,0.0,0.0,0.0,0.0,0.0,1.0,0.0,0.0,0.0,0.0,0.0,0.0,1.0,0.0,0.0,0.0,0.0,0.0,0.0,0.0,0.0,0.6022356296398295,0.5608615432972591,-0.04137408634257034,0.6022356296398295,0.5832286736887764,-0.01900695595105306,0.6022356296398295,0.6218478475652,0.01961221792537049,0.6022356296398295,0.6232706119028225,0.02103498226299305,0.6022356296398295,0.5820920939766424,-0.02014353566318705,0.6022356296398295,0.6007982800272827,-0.0014373496125467122
6.0,1.0,10.0,1.0,2.0,4.0,2.0,5.0,10.0,8.0,4.0,9.0,0.0,0.0,0.0,0.0,0.0,0.0,1.0,0.0,0.0,0.0,0.0,1.0,0.0,0.0,0.0,0.0,0.0,0.0,0.0,1.0,0.0,0.0,0.0,0.0,0.0,0.0,0.0,0.0,0.8422157692530023,0.8182711620185062,-0.023944607234496096,,,,,,,0.8422157692530023,0.8536440269389945,0.011428257685992205,0.8422157692530023,0.8308110659444167,-0.011404703308585673,0.8422157692530023,0.8414172546416105,-0.0007985146113917985
4.0,2.0,6.0,3.0,1.0,4.0,2.0,1.0,10.0,10.0,5.0,5.0,0.0,1.0,0.0,0.0,0.0,0.0,0.0,0.0,0.0,0.0,0.0,0.0,1.0,0.0,0.0,0.0,0.0,0.0,0.0,0.0,0.0,0.0,0.0,0.0,0.0,0.0,0.0,0.0,0.7539582127043822,0.7210560262584321,-0.03290218644595011,0.7539582127043822,0.7390599252643733,-0.014898287440008984,,,,,,,,,,0.7539582127043822,0.7528441188153744,-0.00111409388900785
6.0,3.0,9.0,2.0,3.0,3.0,1.0,3.0,10.0,10.0,5.0,10.0,0.0,0.0,0.0,0.0,0.0,0.0,1.0,0.0,0.0,0.0,0.0,0.0,0.0,0.0,0.0,0.0,0.0,0.0,0.0,0.0,0.0,0.0,1.0,0.0,0.0,0.0,0.0,0.0,0.7423366542634984,0.7084812593824555,-0.03385539488104283,0.7423366542634984,0.726989474260247,-0.015347180003251415,,,,,,,,,,,,
4.0,1.0,7.0,3.0,1.0,4.0,4.0,2.0,8.0,8.0,4.0,8.0,0.0,0.0,0.0,0.0,0.0,0.0,0.0,0.0,0.0,0.0,0.0,1.0,0.0,0.0,0.0,0.0,0.0,0.0,0.0,0.0,0.0,0.0,0.0,0.0,0.0,0.0,0.0,0.0,0.8626161099854729,0.841183578513653,-0.021432531471819893,0.8626161099854729,0.8530145878012563,-0.009601522184216615,0.8626161099854729,0.8721161809574107,0.009500070971937835,0.8626161099854729,0.8727899562503065,0.010173846264833641,0.8626161099854729,0.8524275824025466,-0.010188527582926321,0.8626161099854729,0.8619039090882084,-0.0007122008972645366
3.0,2.0,2.0,1.0,2.0,5.0,3.0,4.0,7.0,6.0,3.0,8.0,0.0,0.0,1.0,0.0,0.0,0.0,1.0,0.0,0.0,1.0,0.0,0.0,0.0,0.0,0.0,0.0,0.0,0.0,0.0,0.0,0.0,0.0,0.0,0.0,0.0,0.0,0.0,0.0,0.5479674185302377,0.5055827436389955,-0.0423846748912422,0.5479674185302377,0.5283979650396295,-0.019569453490608124,0.5479674185302377,0.5683374991110762,0.020370080580838557,0.5479674185302377,0.5698223181309293,0.021854899600691646,0.5479674185302377,0.527233064956795,-0.020734353573442665,0.5479674185302377,0.5464816430947252,-0.0014857754355124264
5.0,3.0,3.0,2.0,3.0,4.0,2.0,4.0,5.0,5.0,3.0,6.0,0.0,0.0,0.0,0.0,0.0,0.0,1.0,0.0,0.0,0.0,0.0,0.0,0.0,0.0,0.0,0.0,0.0,0.0,0.0,0.0,0.0,0.0,0.0,0.0,1.0,0.0,0.0,0.0,0.3085719574322128,0.27350063060694957,-0.035071326825263205,0.3085719574322128,0.29202872455655987,-0.016543232875652902,0.3085719574322128,0.3264700622748243,0.017898104842611506,0.3085719574322128,0.3278028450377103,0.019230887605497515,0.3085719574322128,0.29106331083010706,-0.017508646602105715,0.3085719574322128,0.30729402186409666,-0.0012779355681161175
5.0,3.0,4.0,2.0,2.0,4.0,2.0,3.0,7.0,7.0,4.0,6.0,0.0,0.0,0.0,0.0,0.0,0.0,0.0,0.0,0.0,0.0,0.0,0.0,0.0,1.0,0.0,0.0,0.0,0.0,0.0,0.0,0.0,0.0,0.0,0.0,0.0,0.0,0.0,0.0,0.7601152108475719,0.7277390559797835,-0.03237615486778844,0.7601152108475719,0.7454638779225331,-0.01465133292503884,0.7601152108475719,0.7748532209392855,0.014738010091713605,0.7601152108475719,0.7759077670686161,0.01579255622104414,0.7601152108475719,0.7445759682131884,-0.015539242634383554,0.7601152108475719,0.7590200854877754,-0.0010951253597965005
6.0,1.0,9.0,1.0,4.0,4.0,2.0,2.0,4.0,3.0,2.0,4.0,0.0,0.0,0.0,0.0,0.0,0.0,1.0,0.0,0.0,0.0,0.0,0.0,0.0,1.0,0.0,0.0,0.0,0.0,0.0,0.0,0.0,0.0,0.0,1.0,0.0,0.0,0.0,0.0,0.6384822113787556,0.5983639617995773,-0.04011824957917831,0.6384822113787556,0.6201147327410533,-0.018367478637702273,0.6384822113787556,0.6573241666056493,0.018841955226893692,0.6384822113787556,0.6586867155972225,0.020204504218466868,0.6384822113787556,0.6190130346116428,-0.019469176767112795,0.6384822113787556,0.6370969139440047,-0.0013852974347509095
6.0,2.0,4.0,1.0,2.0,4.0,3.0,3.0,8.0,7.0,3.0,9.0,0.0,0.0,1.0,0.0,0.0,0.0,1.0,0.0,0.0,0.0,1.0,0.0,0.0,0.0,0.0,0.0,0.0,0.0,0.0,0.0,0.0,0.0,0.0,0.0,0.0,0.0,0.0,0.0,0.5734156990372643,0.5313765309772702,-0.04203916805999408,0.5734156990372643,0.5540513583534071,-0.019364340683857173,0.5734156990372643,0.5934897387691258,0.020074039731861504,0.5734156990372643,0.594949700618476,0.02153400158121166,0.5734156990372643,0.5528962071814975,-0.020519491855766847,0.5734156990372643,0.5719482283177869,-0.0014674707194773928
6.0,1.0,4.0,2.0,1.0,4.0,1.0,4.0,6.0,8.0,3.0,5.0,0.0,0.0,0.0,0.0,0.0,0.0,0.0,0.0,0.0,0.0,0.0,1.0,0.0,0.0,0.0,0.0,0.0,0.0,0.0,1.0,0.0,0.0,0.0,0.0,0.0,0.0,0.0,0.0,0.8807524307071692,0.8616956167530517,-0.019056813954117513,0.8807524307071692,0.8722306821247693,-0.008521748582399957,0.8807524307071692,0.8891595249653926,0.008407094258223391,0.8807524307071692,0.8897548559543409,0.009002425247171653,0.8807524307071692,0.8717088769139525,-0.009043553793216752,0.8807524307071692,0.8801211829240848,-0.0006312477830844321
3.0,1.0,3.0,1.0,3.0,2.0,1.0,3.0,7.0,7.0,4.0,9.0,0.0,0.0,0.0,0.0,0.0,0.0,0.0,0.0,1.0,0.0,0.0,0.0,0.0,0.0,0.0,0.0,0.0,0.0,0.0,0.0,0.0,0.0,0.0,0.0,0.0,0.0,0.0,0.0,0.8400524695319448,0.8158513503261902,-0.02420111920575463,0.8400524695319448,0.8291862752363253,-0.010866194295619525,0.8400524695319448,0.8508430218989342,0.010790552366989448,0.8400524695319448,0.851609807545404,0.011557338013459262,0.8400524695319448,0.8285232381456076,-0.011529231386337213,0.8400524695319448,0.8392450965566576,-0.0008073729752872127
5.0,1.0,3.0,1.0,5.0,5.0,3.0,3.0,8.0,8.0,5.0,5.0,0.0,1.0,0.0,0.0,0.0,0.0,1.0,0.0,1.0,0.0,0.0,0.0,0.0,0.0,0.0,0.0,0.0,0.0,0.0,0.0,0.0,0.0,0.0,1.0,0.0,0.0,0.0,0.0,0.3568376018388964,0.3188099594629195,-0.03802764237597689,0.3568376018388964,0.3389753352428952,-0.01786226659600121,0.3568376018388964,0.3760128051427856,0.01917520330388922,0.3568376018388964,0.3774345020514784,0.02059690021258198,,,,0.3568376018388964,0.3554625396435381,-0.001375062195358323
5.0,1.0,5.0,1.0,1.0,5.0,1.0,3.0,5.0,5.0,2.0,7.0,0.0,0.0,0.0,0.0,0.0,0.0,1.0,0.0,0.0,1.0,0.0,0.0,0.0,0.0,0.0,0.0,0.0,0.0,0.0,0.0,0.0,0.0,0.0,0.0,0.0,0.0,0.0,0.0,0.8835291952783793,0.8648480388907498,-0.01868115638762946,0.8835291952783793,0.875177759022294,-0.008351436256085254,0.8835291952783793,0.8917645818872536,0.008235386608874351,0.8835291952783793,0.8923476149865026,0.00881841970812336,0.8835291952783793,0.8746662601078075,-0.008862935170571795,0.8835291952783793,0.8829106924224924,-0.0006185028558868266
5.0,2.0,2.0,1.0,1.0,4.0,1.0,3.0,9.0,8.0,5.0,8.0,0.0,0.0,1.0,0.0,0.0,0.0,0.0,0.0,0.0,0.0,0.0,0.0,1.0,0.0,0.0,0.0,0.0,0.0,0.0,0.0,0.0,0.0,0.0,0.0,0.0,0.0,0.0,1.0,0.700283272574137,0.6634077327766935,-0.03687553979744351,0.700283272574137,0.6834992201451163,-0.0167840524290207,0.700283272574137,0.7173302273889582,0.017046954814821214,0.700283272574137,0.7185563388126122,0.018273066238475133,,,,0.700283272574137,0.69902315693413,-0.0012601156400070535
7.0,2.0,4.0,1.0,2.0,4.0,3.0,4.0,6.0,6.0,4.0,6.0,0.0,0.0,0.0,0.0,0.0,0.0,0.0,0.0,0.0,0.0,0.0,1.0,0.0,0.0,0.0,0.0,0.0,0.0,0.0,0.0,0.0,0.0,1.0,0.0,0.0,0.0,0.0,0.0,0.7090199200017899,0.6727169224281953,-0.036302997573594675,0.7090199200017899,0.6925102910516029,-0.01650962895018704,0.7090199200017899,0.7257645559564746,0.016744635954684672,0.7090199200017899,0.7269680075556941,0.017948087553904202,0.7090199200017899,0.6915141014755133,-0.01750581852627664,0.7090199200017899,0.7077812085751524,-0.001238711426637562
4.0,1.0,10.0,1.0,3.0,5.0,3.0,4.0,8.0,8.0,5.0,9.0,0.0,0.0,0.0,0.0,0.0,0.0,1.0,0.0,0.0,0.0,0.0,0.0,1.0,0.0,0.0,0.0,0.0,0.0,0.0,1.0,0.0,0.0,0.0,0.0,0.0,0.0,0.0,0.0,0.8029409652461879,0.7746310777890693,-0.0283098874571186,0.8029409652461879,0.790183276355011,-0.0127576888911769,0.8029409652461879,0.8156858518842759,0.012744886638088038,0.8029409652461879,0.8165944144153103,0.013653449169122478,,,,0.8029409652461879,0.8019904187007142,-0.0009505465454736628
4.0,1.0,8.0,1.0,3.0,4.0,2.0,4.0,7.0,8.0,5.0,8.0,0.0,0.0,0.0,0.0,0.0,0.0,1.0,0.0,0.0,0.0,0.0,1.0,0.0,0.0,0.0,0.0,0.0,0.0,0.0,0.0,0.0,0.0,0.0,0.0,0.0,0.0,0.0,0.0,0.7965487876817743,0.767586395766444,-0.028962391915330232,0.7965487876817743,0.7834888553270952,-0.01305993235467906,0.7965487876817743,0.8096090632201656,0.013060275538391286,0.7965487876817743,0.8105406231532113,0.013991835471437009,,,,0.7965487876817743,0.7955752575297842,-0.0009735301519900874
7.0,4.0,3.0,1.0,3.0,3.0,3.0,2.0,2.0,2.0,5.0,8.0,0.0,0.0,0.0,0.0,0.0,0.0,0.0,0.0,0.0,0.0,0.0,0.0,0.0,1.0,0.0,0.0,0.0,0.0,0.0,0.0,0.0,0.0,1.0,0.0,0.0,0.0,0.0,0.0,0.42366162837584176,0.3827506090300354,-0.040911019345806376,0.42366162837584176,0.404558407868415,-0.019103220507426744,0.42366162837584176,0.44394907483235097,0.020287446456509206,0.42366162837584176,0.44544426932276254,0.021782640946920784,,,,0.42366162837584176,0.4221980982561722,-0.0014635301196695427
3.0,1.0,2.0,2.0,2.0,4.0,2.0,3.0,5.0,6.0,1.0,5.0,0.0,0.0,0.0,0.0,0.0,0.0,0.0,0.0,1.0,0.0,0.0,0.0,0.0,0.0,0.0,0.0,0.0,0.0,0.0,1.0,0.0,0.0,0.0,0.0,0.0,0.0,0.0,0.0,0.8939873276223543,0.8767495914437701,-0.017237736178584262,0.8939873276223543,0.8862892710821643,-0.007698056540190068,0.8939873276223543,0.9015656281647335,0.007578300542379179,0.8939873276223543,0.902101661749963,0.008114334127608647,0.8939873276223543,0.885817364538138,-0.008169963084216358,0.8939873276223543,0.893417661788731,-0.0005696658336232785
4.0,3.0,2.0,2.0,2.0,2.0,1.0,2.0,10.0,10.0,5.0,0.0,0.0,0.0,1.0,0.0,0.0,0.0,1.0,0.0,0.0,1.0,0.0,0.0,0.0,0.0,0.0,0.0,0.0,0.0,0.0,0.0,0.0,0.0,0.0,0.0,0.0,0.0,0.0,0.0,0.5083730225255366,0.4658944316952649,-0.04247859083027172,0.5083730225255366,0.48868890246559005,-0.019684120059946575,,,,,,,,,,0.5083730225255366,0.5068742222361295,-0.0014988002894070762
3.0,1.0,2.0,1.0,2.0,2.0,3.0,3.0,5.0,7.0,3.0,6.0,0.0,0.0,0.0,0.0,0.0,0.0,0.0,0.0,0.0,0.0,0.0,1.0,0.0,0.0,0.0,0.0,0.0,0.0,0.0,0.0,0.0,0.0,0.0,0.0,0.0,0.0,0.0,0.0,0.7923004212158682,0.7629132587838472,-0.029387162432020997,0.7923004212158682,0.7790434258354141,-0.013256995380454106,0.7923004212158682,0.8055668459060311,0.013266424690162926,0.7923004212158682,0.8065134572048632,0.014213035988995038,0.7923004212158682,0.7782378069846663,-0.01406261423120192,0.7923004212158682,0.791311888236038,-0.0009885329798301479
3.0,1.0,2.0,1.0,2.0,4.0,3.0,3.0,5.0,5.0,3.0,4.0,1.0,0.0,0.0,0.0,0.0,0.0,1.0,0.0,0.0,0.0,0.0,1.0,0.0,0.0,0.0,0.0,0.0,0.0,0.0,0.0,0.0,0.0,0.0,0.0,0.0,0.0,0.0,0.0,0.7419993016813775,0.7081170095119763,-0.033882292169401196,0.7419993016813775,0.7266394273484693,-0.015359874332908197,0.7419993016813775,0.7574952256771283,0.015495923995750838,0.7419993016813775,0.7586057451158806,0.016606443434503126,0.7419993016813775,0.7257100130323128,-0.01628928864906476,0.7419993016813775,0.7408496697184194,-0.001149631962958142
4.0,1.0,9.0,1.0,3.0,5.0,4.0,3.0,7.0,5.0,3.0,7.0,0.0,1.0,0.0,0.0,0.0,0.0,0.0,0.0,0.0,0.0,0.0,1.0,0.0,0.0,0.0,0.0,0.0,0.0,0.0,0.0,0.0,0.0,0.0,0.0,0.0,0.0,0.0,0.0,0.6002367042103156,0.5588070180219692,-0.041429686188346415,0.6002367042103156,0.5812006543499597,-0.019036049860355897,0.6002367042103156,0.6198852734744074,0.019648569264091753,0.6002367042103156,0.6213109251542577,0.021074220943942068,0.6002367042103156,0.5800625261846661,-0.02017417802564947,0.6002367042103156,0.5987969433984297,-0.001439760811885904
2.0,2.0,3.0,4.0,3.0,4.0,2.0,3.0,8.0,7.0,4.0,8.0,0.0,1.0,0.0,0.0,0.0,0.0,1.0,0.0,0.0,0.0,0.0,0.0,0.0,0.0,0.0,0.0,1.0,0.0,0.0,0.0,0.0,0.0,0.0,0.0,0.0,1.0,0.0,0.0,0.5335936536310283,0.4911128590064669,-0.04248079462456139,0.5335936536310283,0.5139538824122314,-0.019639771218796898,0.5335936536310283,0.5540843653455371,0.02049071171450878,0.5335936536310283,0.5555798740636676,0.021986220432639314,0.5335936536310283,0.5127862015142838,-0.020807452116744507,0.5335936536310283,0.5321009748382527,-0.0014926787927755925
5.0,1.0,6.0,1.0,1.0,4.0,1.0,3.0,8.0,8.0,3.0,8.0,0.0,0.0,0.0,0.0,0.0,0.0,1.0,0.0,0.0,0.0,0.0,0.0,0.0,0.0,0.0,0.0,0.0,0.0,0.0,0.0,0.0,0.0,0.0,0.0,0.0,0.0,0.0,0.0,0.9119648306766625,0.8973144888060993,-0.014650341870563133,0.9119648306766625,0.9054341134580665,-0.006530717218595994,0.9119648306766625,0.9183753485854341,0.0064105179087716735,0.9119648306766625,0.9188280849146655,0.006863254238003047,0.9119648306766625,0.9050331457941535,-0.006931684882508948,0.9119648306766625,0.9114822029658014,-0.00048262771086104994
2.0,2.0,3.0,2.0,1.0,3.0,1.0,3.0,9.0,10.0,5.0,10.0,0.0,1.0,0.0,0.0,0.0,0.0,1.0,0.0,0.0,0.0,0.0,0.0,0.0,0.0,0.0,0.0,1.0,0.0,0.0,0.0,0.0,0.0,0.0,0.0,0.0,0.0,0.0,1.0,0.7106871460612942,0.6744966606381076,-0.03619048542318659,0.7106871460612942,0.6942313175496374,-0.016455828511656834,0.7106871460612942,0.72737273119601,0.01668558513471574,,,,,,,,,
2.0,2.0,10.0,4.0,5.0,5.0,4.0,2.0,4.0,5.0,1.0,3.0,1.0,0.0,0.0,0.0,0.0,0.0,1.0,0.0,0.0,0.0,0.0,0.0,0.0,0.0,0.0,0.0,1.0,0.0,0.0,0.0,0.0,0.0,0.0,0.0,0.0,1.0,0.0,0.0,0.5423574030658218,0.49992675218379834,-0.04243065088202347,0.5423574030658218,0.5227566033513982,-0.019600799714423633,0.5423574030658218,0.5627785765238235,0.02042117345800165,0.5423574030658218,0.5642678569787777,0.021910453912955874,0.5423574030658218,0.5215903849978124,-0.020767018068009402,0.5423574030658218,0.5408686382440794,-0.0014887648217424276
5.0,3.0,8.0,2.0,4.0,4.0,2.0,3.0,8.0,7.0,3.0,8.0,0.0,0.0,0.0,0.0,0.0,0.0,1.0,0.0,0.0,0.0,0.0,0.0,0.0,0.0,0.0,0.0,0.0,0.0,0.0,0.0,0.0,0.0,0.0,0.0,0.0,0.0,0.0,0.0,0.650755501954189,0.6111698013956354,-0.039585700558553594,0.650755501954189,0.6326528231601641,-0.01810267879402483,0.650755501954189,0.6692891123570612,0.01853361040287227,0.650755501954189,0.6706279252035031,0.019872423249314153,0.650755501954189,0.6315658827510993,-0.019189619203089703,0.650755501954189,0.6493914089904371,-0.0013640929637518395
4.0,1.0,3.0,1.0,3.0,5.0,3.0,3.0,8.0,8.0,4.0,7.0,1.0,0.0,0.0,0.0,0.0,0.0,0.0,0.0,0.0,0.0,0.0,0.0,0.0,0.0,0.0,0.0,0.0,0.0,0.0,0.0,0.0,0.0,0.0,0.0,0.0,0.0,0.0,0.0,0.7438620495163679,0.7101288183334717,-0.03373323118289617,0.7438620495163679,0.7285725056107832,-0.01528954390558468,0.7438620495163679,0.7592823896621111,0.015420340145743228,0.7438620495163679,0.7603873138231796,0.01652526430681167,0.7438620495163679,0.7276472002735499,-0.01621484924281802,0.7438620495163679,0.7427178397704499,-0.0011442097459180012
5.0,1.0,7.0,1.0,2.0,4.0,2.0,4.0,8.0,7.0,2.0,8.0,0.0,0.0,0.0,0.0,0.0,0.0,0.0,0.0,0.0,0.0,0.0,1.0,0.0,0.0,0.0,0.0,0.0,0.0,0.0,0.0,0.0,0.0,0.0,0.0,0.0,0.0,0.0,0.0,0.8683905084645941,0.8476997625375954,-0.02069074592699871,0.8683905084645941,0.8591266433897253,-0.00926386507486876,0.8683905084645941,0.8775479629736817,0.00915745450908756,0.8683905084645941,0.8781971170155302,0.009806608550936069,0.8683905084645941,0.858559999929818,-0.009830508534776072,0.8683905084645941,0.86770365120465,-0.000686857259944107
2.0,3.0,4.0,4.0,3.0,2.0,1.0,2.0,4.0,5.0,4.0,4.0,0.0,0.0,1.0,0.0,0.0,0.0,1.0,0.0,0.0,0.0,0.0,0.0,0.0,0.0,0.0,0.0,1.0,0.0,0.0,0.0,0.0,0.0,0.0,0.0,0.0,1.0,0.0,0.0,0.43172641486906943,0.39056436793735594,-0.04116204693171349,0.43172641486906943,0.41251983118472774,-0.019206583684341694,0.43172641486906943,0.45209711232185756,0.020370697452788133,0.43172641486906943,0.4535973630798163,0.021870948210746866,0.43172641486906943,0.41138754887789847,-0.020338865991170962,0.43172641486906943,0.43025582326166345,-0.00147059160740598
2.0,3.0,2.0,4.0,1.0,3.0,1.0,3.0,9.0,9.0,4.0,10.0,0.0,0.0,0.0,0.0,0.0,0.0,1.0,0.0,0.0,0.0,0.0,0.0,0.0,0.0,0.0,0.0,1.0,0.0,0.0,0.0,0.0,0.0,0.0,0.0,0.0,1.0,0.0,0.0,0.8612815642987381,0.8396795313388463,-0.021602032959891826,0.8612815642987381,0.8516028182524542,-0.009678746046283937,0.8612815642987381,0.8708601033380107,0.009578539039272527,0.8612815642987381,0.8715395216761205,0.010257957377382332,0.8612815642987381,0.8510111595247895,-0.010270404773948694,,,
4.0,1.0,6.0,1.0,4.0,4.0,2.0,3.0,6.0,6.0,2.0,8.0,1.0,0.0,0.0,0.0,0.0,0.0,1.0,0.0,0.0,0.0,0.0,0.0,0.0,0.0,0.0,0.0,0.0,0.0,0.0,0.0,0.0,0.0,0.0,0.0,0.0,0.0,0.0,0.0,0.6685916294390559,0.6298777564938035,-0.038713872945252414,0.6685916294390559,0.6509175312185433,-0.01767409822051258,0.6685916294390559,0.6866345066957912,0.018042877256735257,0.6685916294390559,0.6879358409228988,0.01934421148384291,0.6685916294390559,0.6498547235346157,-0.018736905904440215,0.6685916294390559,0.667261581022683,-0.0013300484163729642
2.0,3.0,2.0,3.0,3.0,4.0,2.0,4.0,4.0,4.0,2.0,4.0,0.0,0.0,0.0,0.0,0.0,0.0,1.0,0.0,0.0,0.0,0.0,0.0,0.0,0.0,0.0,0.0,1.0,0.0,0.0,0.0,0.0,0.0,0.0,0.0,0.0,0.0,1.0,0.0,0.820686989015737,0.7942733246268657,-0.026413664388871272,0.820686989015737,0.8088046142541027,-0.01188237476163434,0.820686989015737,0.8325235358125919,0.011836546796854863,0.820686989015737,0.8333660540952222,0.012679065079485241,0.820686989015737,0.808080774305489,-0.012606214710248032,0.820686989015737,0.8198028326570883,-0.0008841563586486911
3.0,1.0,2.0,1.0,4.0,3.0,3.0,4.0,5.0,8.0,4.0,7.0,0.0,0.0,0.0,0.0,0.0,0.0,0.0,0.0,0.0,0.0,0.0,1.0,0.0,0.0,0.0,0.0,0.0,0.0,0.0,0.0,0.0,0.0,0.0,0.0,0.0,0.0,0.0,0.0,0.6561526221754712,0.6168184557042141,-0.03933416647125709,0.6561526221754712,0.6381741513996728,-0.017978470775798394,0.6561526221754712,0.6745430609894817,0.01839043881401048,0.6561526221754712,0.6758709049145801,0.019718282739108917,0.6561526221754712,0.6370941766745872,-0.01905844550088398,0.6561526221754712,0.6547984271903521,-0.0013541949851191282
4.0,1.0,3.0,1.0,1.0,5.0,1.0,3.0,8.0,9.0,5.0,8.0,1.0,0.0,0.0,0.0,0.0,0.0,0.0,0.0,0.0,0.0,0.0,0.0,0.0,0.0,0.0,0.0,0.0,0.0,0.0,0.0,0.0,0.0,0.0,0.0,0.0,0.0,0.0,0.0,0.8976692429022596,0.8809504641327252,-0.016718778769534426,0.8976692429022596,0.8902057111357475,-0.007463531766512044,0.8976692429022596,0.9050123078421709,0.007343064939911326,0.8976692429022596,0.9055315388994128,0.007862295997153268,,,,0.8976692429022596,0.8971170851528195,-0.0005521577494400631
3.0,1.0,8.0,2.0,1.0,4.0,2.0,3.0,7.0,6.0,3.0,7.0,0.0,0.0,0.0,0.0,0.0,0.0,0.0,0.0,0.0,0.0,0.0,0.0,0.0,0.0,0.0,1.0,0.0,0.0,0.0,0.0,0.0,0.0,0.0,0.0,0.0,0.0,0.0,0.0,0.8695110241713974,0.8489657996023793,-0.020545224569018083,0.8695110241713974,0.860313344002473,-0.009197680168924416,0.8695110241713974,0.8786014120721631,0.009090387900765773,0.8695110241713974,0.8792457499423251,0.00973472577092771,0.8695110241713974,0.8597506946504363,-0.009760329520961064,0.8695110241713974,0.8688291314519646,-0.0006818927194327529
5.0,1.0,4.0,1.0,3.0,2.0,3.0,4.0,8.0,7.0,5.0,7.0,1.0,0.0,0.0,0.0,0.0,0.0,1.0,0.0,0.0,0.0,0.0,0.0,0.0,1.0,0.0,0.0,0.0,0.0,0.0,0.0,0.0,0.0,0.0,0.0,0.0,0.0,0.0,0.0,0.5179355244907362,0.4754306103170573,-0.04250491417367891,0.5179355244907362,0.49825639723871573,-0.01967912725202048,0.5179355244907362,0.5385192044251278,0.020583679934391585,0.5179355244907362,0.5400235793990656,0.022088054908329435,,,,0.5179355244907362,0.5164381470029114,-0.001497377487824858
6.0,1.0,4.0,1.0,2.0,4.0,2.0,3.0,5.0,5.0,2.0,7.0,0.0,0.0,0.0,0.0,0.0,0.0,1.0,0.0,0.0,0.0,0.0,0.0,1.0,0.0,0.0,0.0,0.0,0.0,0.0,0.0,0.0,0.0,0.0,1.0,0.0,0.0,0.0,0.0,0.7427406561514318,0.7089175297849031,-0.03382312636652873,0.7427406561514318,0.7274087033790123,-0.0153319527724195,0.7427406561514318,0.7582065631123267,0.015465906960894893,0.7427406561514318,0.7593148600979169,0.016574203946485122,0.7427406561514318,0.7264809200490641,-0.01625973610236775,0.7427406561514318,0.7415931771680014,-0.0011474789834303722
2.0,3.0,6.0,4.0,3.0,4.0,3.0,2.0,3.0,2.0,1.0,2.0,0.0,1.0,0.0,0.0,0.0,0.0,0.0,0.0,0.0,0.0,0.0,0.0,0.0,0.0,0.0,0.0,0.0,1.0,0.0,0.0,0.0,0.0,0.0,0.0,0.0,1.0,0.0,0.0,0.5253961522021391,0.4828922894246697,-0.04250386277746937,0.5253961522021391,0.5057309415707248,-0.019665210631414243,0.5253961522021391,0.5459405445145464,0.020544392312407345,0.5253961522021391,0.5474410577635406,0.022044905561401484,0.5253961522021391,0.5045625489563308,-0.020833603245808296,0.5253961522021391,0.5239006465933082,-0.0014955056088309382
6.0,1.0,6.0,1.0,2.0,4.0,1.0,3.0,7.0,8.0,5.0,10.0,0.0,0.0,0.0,0.0,0.0,0.0,1.0,0.0,0.0,0.0,0.0,1.0,0.0,0.0,0.0,0.0,0.0,0.0,0.0,0.0,0.0,0.0,1.0,0.0,0.0,0.0,0.0,0.0,0.8452424153663938,0.8216598586071667,-0.023582556759227047,0.8452424153663938,0.8346594089725563,-0.010583006393837469,0.8452424153663938,0.8557429636426603,0.010500548276266564,0.8452424153663938,0.8564888084020033,0.011246393035609481,,,,,,
7.0,1.0,5.0,1.0,1.0,5.0,2.0,3.0,8.0,7.0,5.0,10.0,0.0,0.0,0.0,0.0,0.0,0.0,0.0,0.0,0.0,0.0,0.0,0.0,0.0,0.0,0.0,0.0,0.0,0.0,0.0,1.0,0.0,0.0,0.0,0.0,0.0,0.0,0.0,0.0,0.8759640482604447,0.8562668884397917,-0.01969715982065301,0.8759640482604447,0.8671517234332791,-0.008812324827165652,0.8759640482604447,0.8846645217982693,0.008700473537824549,0.8759640482604447,0.8852808808096658,0.00931683254922111,,,,,,
5.0,1.0,3.0,1.0,2.0,4.0,2.0,3.0,8.0,6.0,4.0,9.0,0.0,1.0,0.0,0.0,0.0,0.0,1.0,0.0,0.0,0.0,0.0,0.0,1.0,0.0,0.0,0.0,0.0,0.0,0.0,1.0,0.0,0.0,0.0,0.0,0.0,0.0,0.0,0.0,0.6018284730897132,0.5604429466982417,-0.04138552639147153,0.6018284730897132,0.5828155388965209,-0.019012934193192277,0.6018284730897132,0.6214481474339949,0.01961967434428169,0.6018284730897132,0.6228715035851096,0.021043030495396353,0.6018284730897132,0.5816786406217117,-0.020149832468001505,0.6018284730897132,0.6003906284520415,-0.0014378446376717147
7.0,1.0,2.0,1.0,2.0,4.0,2.0,2.0,8.0,8.0,2.0,8.0,1.0,0.0,0.0,0.0,0.0,0.0,0.0,0.0,0.0,0.0,0.0,0.0,0.0,0.0,0.0,0.0,0.0,0.0,0.0,0.0,0.0,0.0,1.0,0.0,0.0,0.0,0.0,0.0,0.7823792100935834,0.7520276468405199,-0.03035156325306343,0.7823792100935834,0.7686738543211296,-0.013705355772453798,0.7823792100935834,0.7961162631103648,0.013737053016781409,0.7823792100935834,0.7970972962207009,0.014718086127117558,0.7823792100935834,0.7678416944299685,-0.01453751566361483,0.7823792100935834,0.7813564884142677,-0.001022721679315608
6.0,1.0,7.0,1.0,1.0,3.0,3.0,3.0,5.0,6.0,2.0,10.0,0.0,0.0,0.0,0.0,0.0,0.0,1.0,0.0,0.0,0.0,0.0,0.0,0.0,1.0,0.0,0.0,0.0,0.0,0.0,0.0,0.0,0.0,0.0,0.0,0.0,0.0,0.0,0.0,0.8130207468640759,0.7857725875587618,-0.0272481593053141,0.8130207468640759,0.8007536952008998,-0.012267051663176098,0.8130207468640759,0.825255595322216,0.012234848458140157,0.8130207468640759,0.8261270400768834,0.01310629321280754,0.8130207468640759,0.8000069122711905,-0.01301383459288541,,,
4.0,1.0,9.0,1.0,2.0,4.0,2.0,2.0,6.0,6.0,2.0,6.0,0.0,0.0,0.0,0.0,1.0,0.0,1.0,0.0,0.0,0.0,0.0,0.0,0.0,0.0,0.0,0.0,0.0,0.0,0.0,0.0,0.0,0.0,0.0,0.0,0.0,0.0,0.0,0.0,0.8724615370925071,0.8523019543978938,-0.020159582694613265,0.8724615370925071,0.8634391647764696,-0.00902237231603742,0.8724615370925071,0.8813744223975203,0.008912885305013218,0.8724615370925071,0.8820060187789119,0.009544481686404871,0.8724615370925071,0.8628870994041776,-0.00957443768832944,0.8724615370925071,0.8717927893822498,-0.000668747710257267
3.0,1.0,1.0,2.0,2.0,5.0,1.0,3.0,8.0,8.0,3.0,7.0,1.0,0.0,0.0,0.0,0.0,0.0,1.0,0.0,1.0,0.0,0.0,0.0,0.0,0.0,0.0,0.0,0.0,0.0,0.0,0.0,0.0,0.0,0.0,0.0,0.0,0.0,0.0,0.0,0.874202267913075,0.8542718779378692,-0.019930389975205798,0.874202267913075,0.8652840245497276,-0.008918243363347345,0.874202267913075,0.8830098163336105,0.00880754842053555,0.874202267913075,0.8836338550198999,0.009431587106824901,0.874202267913075,0.8647382489242583,-0.009464018988816658,0.874202267913075,0.8735413247363666,-0.0006609431767083951
5.0,3.0,2.0,2.0,2.0,3.0,3.0,3.0,9.0,9.0,4.0,9.0,0.0,0.0,0.0,0.0,0.0,1.0,0.0,0.0,0.0,0.0,0.0,0.0,0.0,0.0,0.0,0.0,0.0,0.0,0.0,0.0,0.0,0.0,0.0,0.0,0.0,0.0,0.0,0.0,0.5633913612811355,0.5211892077026264,-0.042202153578509094,0.5633913612811355,0.5439338957544706,-0.01945746552666494,0.5633913612811355,0.5835945657812616,0.020203204500126026,0.5633913612811355,0.5850652194616125,0.021673858180476957,0.5633913612811355,0.5427741645832519,-0.020617196697883644,0.5633913612811355,0.5619157519668616,-0.001475609314273929
4.0,1.0,7.0,2.0,1.0,5.0,1.0,4.0,10.0,10.0,4.0,10.0,0.0,0.0,0.0,0.0,0.0,0.0,1.0,0.0,0.0,0.0,0.0,0.0,1.0,0.0,0.0,0.0,0.0,0.0,0.0,0.0,0.0,0.0,0.0,0.0,0.0,0.0,0.0,0.0,0.921774762427725,0.908593308983018,-0.013181453444707003,0.921774762427725,0.9159046693709899,-0.005870093056735137,,,,,,,0.921774762427725,0.9155439566574483,-0.006230805770276793,,,
2.0,2.0,5.0,4.0,2.0,4.0,2.0,3.0,6.0,6.0,2.0,6.0,0.0,0.0,0.0,1.0,0.0,0.0,1.0,0.0,0.0,0.0,0.0,0.0,0.0,0.0,0.0,0.0,1.0,0.0,0.0,0.0,0.0,0.0,0.0,0.0,0.0,1.0,0.0,0.0,0.6666673428047932,0.6278538016316616,-0.03881354117313163,0.6666673428047932,0.6489445056786428,-0.017722837126150415,0.6666673428047932,0.6847655888622594,0.018098246057466127,0.6666673428047932,0.6860711358640484,0.019403793059255214,0.6666673428047932,0.6478789405370704,-0.018788402267722826,0.6666673428047932,0.6653334372801779,-0.0013339055246153197
4.0,3.0,5.0,4.0,1.0,4.0,1.0,3.0,9.0,8.0,4.0,10.0,0.0,0.0,0.0,0.0,0.0,0.0,1.0,0.0,0.0,0.0,0.0,0.0,1.0,0.0,0.0,0.0,0.0,0.0,0.0,0.0,0.0,0.0,0.0,0.0,0.0,0.0,0.0,0.0,0.8306841661475344,0.8053939347212994,-0.025290231426234988,0.8306841661475344,0.8193184157964916,-0.011365750351042814,0.8306841661475344,0.8419878524321502,0.011303686284615866,0.8306841661475344,0.8427917495941573,0.012107583446622883,0.8306841661475344,0.8186254536673113,-0.012058712480223055,,,
3.0,1.0,2.0,1.0,3.0,3.0,4.0,3.0,5.0,5.0,3.0,7.0,0.0,0.0,0.0,0.0,0.0,0.0,0.0,0.0,0.0,0.0,0.0,1.0,0.0,0.0,0.0,0.0,0.0,0.0,0.0,0.0,0.0,0.0,0.0,0.0,0.0,0.0,0.0,0.0,0.6984318678412834,0.6614386677650099,-0.03699320007627349,0.6984318678412834,0.6815912782275001,-0.01684058961378332,0.6984318678412834,0.7155413505279503,0.0171094826866669,0.6984318678412834,0.7167721576917514,0.018340289850467983,0.6984318678412834,0.6805760306269923,-0.01785583721429107,0.6984318678412834,0.6971673343590551,-0.001264533482228325
5.0,1.0,8.0,2.0,1.0,4.0,2.0,5.0,9.0,8.0,5.0,6.0,1.0,0.0,0.0,0.0,0.0,0.0,1.0,0.0,0.0,0.0,0.0,0.0,0.0,1.0,0.0,0.0,0.0,0.0,0.0,1.0,0.0,0.0,0.0,0.0,0.0,0.0,0.0,0.0,0.8075246181376254,0.7796925518233858,-0.027832066314239623,,,,0.8075246181376254,0.8200394971902549,0.01251487905262949,0.8075246181376254,0.8209313101148923,0.01340669197726685,,,,0.8075246181376254,0.8065908558261766,-0.0009337623114488158
7.0,2.0,9.0,1.0,2.0,3.0,3.0,4.0,8.0,8.0,3.0,8.0,1.0,0.0,0.0,0.0,0.0,0.0,0.0,0.0,0.0,0.0,0.0,0.0,1.0,0.0,0.0,0.0,0.0,0.0,0.0,0.0,0.0,0.0,1.0,0.0,0.0,0.0,0.0,0.0,0.6695163259555194,0.6308508317796776,-0.03866549417584175,0.6695163259555194,0.6518658641991159,-0.0176504617564035,0.6695163259555194,0.6875323879609309,0.018016062005411504,0.6695163259555194,0.6888316832604551,0.01931535730493572,0.6695163259555194,0.6508043948611849,-0.018711931094334444,0.6695163259555194,0.6681881468790111,-0.0013281790765082846
5.0,1.0,10.0,1.0,1.0,2.0,2.0,4.0,8.0,7.0,5.0,6.0,0.0,0.0,0.0,0.0,0.0,0.0,0.0,0.0,0.0,0.0,0.0,0.0,0.0,0.0,0.0,0.0,0.0,0.0,0.0,0.0,0.0,0.0,0.0,0.0,0.0,0.0,0.0,0.0,0.8648773141492485,0.8437336375294666,-0.021143676619781893,0.8648773141492485,0.8554073341698448,-0.009469979979403687,0.8648773141492485,0.8742438184224639,0.009366504273215392,0.8648773141492485,0.8749079918099294,0.010030677660680887,,,,0.8648773141492485,0.8641749896485398,-0.0007023245007087286
4.0,1.0,10.0,1.0,2.0,3.0,3.0,3.0,7.0,3.0,3.0,4.0,0.0,0.0,0.0,0.0,0.0,0.0,0.0,0.0,0.0,0.0,0.0,0.0,0.0,0.0,0.0,0.0,1.0,0.0,0.0,0.0,0.0,0.0,0.0,0.0,0.0,0.0,0.0,0.0,0.8024935812901681,0.7741375011221442,-0.028356080168023934,0.8024935812901681,0.7897145140210907,-0.012779067269077404,0.8024935812901681,0.8152607454367516,0.01276716414658352,0.8024935812901681,0.816170931233306,0.013677349943137851,0.8024935812901681,0.7889372615102658,-0.013556319779902348,0.8024935812901681,0.8015414101034694,-0.0009521711866987692
5.0,1.0,4.0,1.0,1.0,5.0,1.0,4.0,9.0,9.0,5.0,10.0,1.0,0.0,0.0,0.0,0.0,0.0,1.0,0.0,0.0,0.0,0.0,0.0,0.0,0.0,0.0,0.0,0.0,0.0,0.0,0.0,0.0,0.0,0.0,0.0,0.0,0.0,0.0,0.0,0.8666512182168373,0.8457356078163247,-0.020915610400512596,0.8666512182168373,0.8572850463427828,-0.00936617187405453,0.8666512182168373,0.8759124003114279,0.009261182094590592,0.8666512182168373,0.8765690053914686,0.00991778717463132,,,,,,
4.0,1.0,2.0,1.0,4.0,4.0,4.0,1.0,6.0,7.0,2.0,5.0,0.0,1.0,0.0,0.0,0.0,0.0,1.0,0.0,0.0,0.0,0.0,0.0,0.0,0.0,0.0,0.0,0.0,1.0,0.0,0.0,0.0,0.0,0.0,0.0,0.0,0.0,0.0,0.0,0.4221502842859087,0.38128865645046756,-0.04086162783544112,0.4221502842859087,0.40306755173788755,-0.01908273254802112,0.4221502842859087,0.44242091441065085,0.020270630124742173,0.4221502842859087,0.4439150709821912,0.021764786696282512,0.4221502842859087,0.40194346318791274,-0.02020682109799593,0.4221502842859087,0.42068816416280336,-0.001462120123105315
4.0,1.0,4.0,1.0,1.0,3.0,2.0,3.0,7.0,6.0,4.0,5.0,1.0,0.0,0.0,0.0,0.0,0.0,0.0,0.0,0.0,0.0,0.0,1.0,0.0,0.0,0.0,0.0,0.0,0.0,0.0,0.0,0.0,0.0,0.0,0.0,0.0,0.0,0.0,0.0,0.8310925984384527,0.8058491147375038,-0.025243483700948977,0.8310925984384527,0.8197483158556514,-0.01134428258280129,0.8310925984384527,0.8423741914845345,0.011281593046081784,0.8310925984384527,0.8431764892080004,0.012083890769547634,0.8310925984384527,0.8190566383808663,-0.012035960057586448,0.8310925984384527,0.8302491375076683,-0.0008434609307844676
4.0,1.0,2.0,1.0,2.0,5.0,2.0,3.0,8.0,5.0,2.0,5.0,0.0,0.0,0.0,0.0,1.0,0.0,1.0,0.0,0.0,1.0,0.0,0.0,0.0,0.0,0.0,0.0,0.0,0.0,0.0,0.0,0.0,0.0,0.0,0.0,0.0,0.0,0.0,0.0,0.8130466761843487,0.7858012999932802,-0.027245376191068482,0.8130466761843487,0.8007809088148162,-0.012265767369532443,0.8130466761843487,0.8252801925936102,0.012233516409261513,0.8130466761843487,0.8261515405232679,0.01310486433891922,0.8130466761843487,0.8000342024117301,-0.013012473772618605,0.8130466761843487,0.8121334708130176,-0.000913205371331105
4.0,1.0,6.0,3.0,1.0,4.0,1.0,4.0,6.0,6.0,1.0,6.0,0.0,1.0,0.0,0.0,0.0,0.0,0.0,0.0,0.0,0.0,0.0,0.0,1.0,0.0,0.0,0.0,0.0,0.0,0.0,0.0,0.0,1.0,0.0,0.0,0.0,0.0,0.0,0.0,0.6900859723659948,0.6525782490642404,-0.03750772330175434,0.6900859723659948,0.6729975281354053,-0.017088444230589528,0.6900859723659948,0.707470638343292,0.017384665977297264,0.6900859723659948,0.7087221509091,0.018636178543105175,0.6900859723659948,0.6719680668058353,-0.018117905560159464,0.6900859723659948,0.6888020359609691,-0.0012839364050256652
3.0,3.0,8.0,1.0,1.0,3.0,4.0,2.0,4.0,3.0,3.0,3.0,0.0,1.0,0.0,0.0,0.0,0.0,1.0,0.0,0.0,0.0,0.0,0.0,0.0,0.0,0.0,0.0,0.0,0.0,0.0,0.0,0.0,0.0,0.0,0.0,0.0,0.0,0.0,0.0,0.5841911939665917,0.5423664425388726,-0.04182475142771913,0.5841911939665917,0.5649448793300332,-0.01924631463655846,0.5841911939665917,0.6041082500172079,0.019917056050616222,0.5841911939665917,0.6055554218226767,0.02136422785608505,0.5841911939665917,0.56379573009032,-0.02039546387627167,0.5841911939665917,0.5827338174694819,-0.0014573764971097525
7.0,1.0,3.0,1.0,1.0,5.0,1.0,3.0,9.0,9.0,4.0,9.0,0.0,0.0,0.0,0.0,0.0,0.0,0.0,0.0,0.0,0.0,0.0,0.0,0.0,1.0,0.0,0.0,0.0,0.0,0.0,0.0,0.0,0.0,1.0,0.0,0.0,0.0,0.0,0.0,0.902835099965471,0.8868539369501123,-0.01598116301535868,0.902835099965471,0.8957045665616588,-0.0071305334038122,0.902835099965471,0.9098447022125767,0.007009602247105784,0.902835099965471,0.9103401349341278,0.007505034968656843,0.902835099965471,0.8952671166901515,-0.00756798327531949,0.902835099965471,0.902307782727826,-0.0005273172376449864
5.0,1.0,9.0,1.0,1.0,4.0,2.0,4.0,7.0,7.0,3.0,8.0,0.0,0.0,0.0,0.0,0.0,0.0,1.0,0.0,0.0,0.0,0.0,0.0,1.0,0.0,0.0,0.0,0.0,0.0,0.0,0.0,0.0,0.0,0.0,0.0,0.0,0.0,0.0,0.0,0.879869638199828,0.8606940600967822,-0.01917557810304582,0.879869638199828,0.8712940218921191,-0.008575616307708867,0.879869638199828,0.8883310793446092,0.008461441144781201,0.879869638199828,0.888930304138312,0.00906066593848398,0.879869638199828,0.870768958155522,-0.009100680044305975,0.879869638199828,0.8792343580394418,-0.0006352801603861646
6.0,1.0,5.0,1.0,1.0,4.0,1.0,4.0,7.0,7.0,4.0,8.0,0.0,0.0,0.0,0.0,0.0,0.0,0.0,0.0,0.0,0.0,0.0,1.0,0.0,0.0,0.0,0.0,0.0,0.0,0.0,0.0,0.0,0.0,0.0,0.0,0.0,0.0,0.0,0.0,0.8841315344864973,0.8655322857314915,-0.018599248755005737,0.8841315344864973,0.8758172179143061,-0.008314316572191172,0.8841315344864973,0.8923295212515876,0.008197986765090315,0.8841315344864973,0.8929098766321749,0.008778342145677631,0.8841315344864973,0.8753079660436072,-0.008823568442890117,0.8841315344864973,0.8835158085655668,-0.0006157259209305099
3.0,1.0,5.0,1.0,3.0,4.0,2.0,2.0,4.0,5.0,2.0,3.0,1.0,0.0,0.0,0.0,0.0,0.0,1.0,0.0,0.0,0.0,0.0,0.0,0.0,0.0,0.0,0.0,0.0,0.0,0.0,0.0,0.0,0.0,0.0,0.0,0.0,0.0,0.0,0.0,0.7600157820709257,0.7276310162911683,-0.03238476577975735,0.7600157820709257,0.7453604107646637,-0.014655371306261933,0.7600157820709257,0.774758090690361,0.014742308619435263,0.7600157820709257,0.775812953475482,0.015797171404556276,0.7600157820709257,0.7444722638443461,-0.015543518226579622,0.7600157820709257,0.7589203467616513,-0.0010954353092743618
4.0,1.0,4.0,1.0,2.0,3.0,2.0,2.0,6.0,6.0,2.0,6.0,0.0,0.0,0.0,1.0,0.0,0.0,0.0,0.0,0.0,0.0,0.0,0.0,0.0,0.0,0.0,0.0,0.0,0.0,0.0,0.0,0.0,0.0,0.0,0.0,0.0,0.0,0.0,0.0,0.7060448031483567,0.6695436238482962,-0.03650117930006047,0.7060448031483567,0.6894403095007621,-0.016604493647594643,0.7060448031483567,0.7228937320582993,0.016848928909942607,0.7060448031483567,0.7241049927836649,0.0180601896353082,0.7060448031483567,0.6884386486601703,-0.017606154488186365,0.7060448031483567,0.7047986997124311,-0.0012461034359255718
4.0,6.0,4.0,1.0,2.0,4.0,2.0,4.0,8.0,10.0,4.0,9.0,1.0,0.0,0.0,0.0,0.0,0.0,0.0,0.0,0.0,0.0,0.0,1.0,0.0,0.0,0.0,0.0,0.0,0.0,0.0,0.0,0.0,0.0,0.0,0.0,0.0,0.0,0.0,1.0,0.6502277201335418,0.6106179921691394,-0.03960972796440243,0.6502277201335418,0.6321131498934235,-0.01811457024011831,0.6502277201335418,0.6687750829672394,0.018547362833697623,,,,0.6502277201335418,0.6310255439522946,-0.0192021761812472,0.6502277201335418,0.6488626780541376,-0.001365042079404244
6.0,1.0,8.0,1.0,2.0,5.0,3.0,3.0,8.0,7.0,3.0,7.0,0.0,0.0,0.0,0.0,0.0,0.0,1.0,0.0,0.0,0.0,0.0,0.0,0.0,0.0,0.0,0.0,0.0,0.0,0.0,0.0,0.0,0.0,0.0,0.0,0.0,0.0,0.0,0.0,0.8364299315030275,0.8118034920145404,-0.024626439488487084,0.8364299315030275,0.8253687962279915,-0.011061135275035938,0.8364299315030275,0.8474204830865484,0.010990551583520913,0.8364299315030275,0.848201724272863,0.011771792769835532,0.8364299315030275,0.8246940738902094,-0.011735857612818035,0.8364299315030275,0.8356078512726594,-0.0008220802303681163
5.0,1.0,9.0,1.0,3.0,5.0,2.0,4.0,6.0,8.0,3.0,9.0,0.0,0.0,0.0,0.0,0.0,0.0,1.0,0.0,0.0,0.0,0.0,0.0,1.0,0.0,0.0,0.0,0.0,0.0,0.0,1.0,0.0,0.0,0.0,0.0,0.0,0.0,0.0,0.0,0.8137316939047078,0.7865599405190206,-0.027171753385687225,0.8137316939047078,0.8014998970916929,-0.012231796813014895,0.8137316939047078,0.8259299821962203,0.012198288291512482,0.8137316939047078,0.8267987696482453,0.013067075743537493,0.8137316939047078,0.8007552150531986,-0.01297647885150921,0.8137316939047078,0.8128210642860597,-0.0009106296186480733
5.0,1.0,9.0,1.0,1.0,3.0,4.0,3.0,9.0,7.0,5.0,10.0,0.0,0.0,0.0,0.0,0.0,0.0,0.0,0.0,0.0,0.0,0.0,1.0,0.0,0.0,0.0,0.0,0.0,0.0,0.0,0.0,0.0,0.0,0.0,0.0,0.0,0.0,0.0,0.0,0.8445746750598689,0.820911924625498,-0.02366275043437094,0.8445746750598689,0.8339549759859289,-0.010619699073940003,0.8445746750598689,0.8551127642367927,0.010538089176923782,0.8445746750598689,0.8558613184679785,0.011286643408109587,,,,,,
3.0,1.0,6.0,1.0,1.0,4.0,1.0,3.0,7.0,7.0,3.0,9.0,0.0,0.0,0.0,0.0,0.0,0.0,0.0,0.0,0.0,0.0,0.0,1.0,0.0,0.0,0.0,0.0,0.0,0.0,0.0,0.0,0.0,0.0,0.0,0.0,0.0,0.0,0.0,0.0,0.9360122954647772,0.9250348446955418,-0.010977450769235397,0.9360122954647772,0.9311307759009304,-0.004881519563846748,0.9360122954647772,0.9407854314835844,0.004773136018807245,0.9360122954647772,0.9411218378175564,0.005109542352779273,0.9360122954647772,0.9308304407707778,-0.005181854693999344,0.9360122954647772,0.9356521990227995,-0.0003600964419776531
3.0,1.0,4.0,1.0,2.0,4.0,3.0,3.0,6.0,7.0,3.0,9.0,1.0,0.0,0.0,0.0,0.0,0.0,1.0,0.0,0.0,0.0,0.0,0.0,0.0,0.0,0.0,0.0,0.0,0.0,0.0,0.0,0.0,0.0,0.0,0.0,0.0,0.0,0.0,0.0,0.7798346730922252,0.7492419669701892,-0.030592706122036017,0.7798346730922252,0.7660169924718785,-0.013817680620346717,0.7798346730922252,0.7936899919483834,0.013855318856158205,0.7798346730922252,0.7946796887193448,0.014845015627119595,0.7798346730922252,0.7651781946940178,-0.014656478398207384,0.7798346730922252,0.7788033740707816,-0.0010312990214436102
6.0,1.0,7.0,1.0,1.0,4.0,2.0,4.0,9.0,9.0,4.0,8.0,0.0,0.0,0.0,0.0,0.0,0.0,1.0,0.0,0.0,0.0,0.0,0.0,0.0,1.0,0.0,0.0,0.0,0.0,0.0,0.0,0.0,0.0,0.0,1.0,0.0,0.0,0.0,0.0,0.8475058221091264,0.8241964342038406,-0.023309387905285806,0.8475058221091264,0.8370477574566678,-0.010458064652458576,0.8475058221091264,0.8578786172859941,0.010372795176867733,0.8475058221091264,0.8586152445068393,0.011109422397712954,0.8475058221091264,0.836409215383971,-0.011096606725155445,0.8475058221091264,0.8467292073129816,-0.00077661479614477
2.0,2.0,3.0,4.0,2.0,4.0,3.0,4.0,7.0,7.0,1.0,8.0,0.0,0.0,0.0,0.0,1.0,0.0,1.0,0.0,0.0,0.0,0.0,0.0,0.0,0.0,0.0,0.0,1.0,0.0,0.0,0.0,0.0,0.0,0.0,0.0,0.0,1.0,0.0,0.0,0.7790504277083239,0.7483839087190964,-0.030666518989227454,0.7790504277083239,0.7651983470857839,-0.013852080622539953,0.7790504277083239,0.7929419960919855,0.013891568383661568,0.7790504277083239,0.7939343494859128,0.014883921777588904,0.7790504277083239,0.7643575173579539,-0.014692910350370014,0.7790504277083239,0.7780165008193871,-0.0010339268889367759
6.0,6.0,7.0,2.0,3.0,4.0,2.0,3.0,9.0,9.0,4.0,9.0,0.0,0.0,0.0,0.0,0.0,0.0,0.0,0.0,0.0,0.0,0.0,0.0,0.0,1.0,0.0,0.0,0.0,0.0,0.0,0.0,0.0,0.0,0.0,0.0,0.0,0.0,0.0,0.0,0.6073856049892714,0.5661613060964836,-0.04122429889278778,0.6073856049892714,0.588456570721199,-0.018929034268072464,0.6073856049892714,0.6269012101621649,0.019515605172893524,0.6073856049892714,0.6283163257961522,0.020930720806880743,0.6073856049892714,0.5873241601748538,-0.02006144481441763,0.6073856049892714,0.6059546887058659,-0.0014309162834055256
2.0,1.0,10.0,1.0,3.0,4.0,2.0,3.0,8.0,7.0,4.0,7.0,0.0,0.0,0.0,0.0,0.0,0.0,1.0,0.0,0.0,0.0,0.0,0.0,0.0,0.0,1.0,0.0,0.0,0.0,0.0,0.0,0.0,0.0,0.0,0.0,0.0,0.0,0.0,0.0,0.8645120642822522,0.8433215879646735,-0.021190476317578755,0.8645120642822522,0.855020777054173,-0.009491287228079237,0.8645120642822522,0.8739001956656692,0.009388131383416987,0.8645120642822522,0.8745659234895485,0.01005385920729629,0.8645120642822522,0.8544404164586966,-0.01007164782355563,0.8645120642822522,0.8638081402779828,-0.0007039240042694406
3.0,1.0,5.0,1.0,1.0,5.0,3.0,2.0,4.0,7.0,3.0,8.0,0.0,0.0,0.0,0.0,0.0,0.0,1.0,0.0,0.0,0.0,0.0,0.0,0.0,0.0,0.0,0.0,0.0,0.0,0.0,0.0,0.0,0.0,0.0,0.0,0.0,0.0,0.0,0.0,0.9035041655360012,0.8876193490486016,-0.01588481648739959,0.9035041655360012,0.8964170988349507,-0.007087066701050526,0.9035041655360012,0.9104702869493932,0.006966121413392035,0.9035041655360012,0.9109626183013185,0.007458452765317314,0.9035041655360012,0.8959822904973326,-0.007521875038668635,0.9035041655360012,0.9029800891433267,-0.0005240763926744885
5.0,1.0,7.0,1.0,2.0,4.0,3.0,3.0,4.0,4.0,2.0,5.0,0.0,0.0,0.0,0.0,0.0,0.0,0.0,0.0,0.0,0.0,0.0,0.0,0.0,0.0,0.0,0.0,0.0,0.0,0.0,0.0,0.0,0.0,0.0,0.0,0.0,0.0,0.0,0.0,0.8162291299314951,0.7893273690384206,-0.0269017608930745,0.8162291299314951,0.8041218562346458,-0.012107273696849274,0.8162291299314951,0.8282983770095184,0.01206924707802326,0.8162291299314951,0.8291577888430333,0.01292865891153816,0.8162291299314951,0.8033845976334368,-0.012844532298058264,0.8162291299314951,0.8153279389168263,-0.0009011910146687896
5.0,1.0,9.0,1.0,2.0,4.0,2.0,4.0,7.0,7.0,4.0,6.0,0.0,0.0,0.0,0.0,0.0,0.0,1.0,0.0,0.0,0.0,0.0,1.0,0.0,0.0,0.0,0.0,0.0,0.0,0.0,1.0,0.0,0.0,0.0,0.0,0.0,0.0,0.0,0.0,0.8471827356785113,0.8238342280123929,-0.0233485076661184,0.8471827356785113,0.8367067828871669,-0.01047595279134439,0.8471827356785113,0.8575738142460516,0.01039107856754029,0.8471827356785113,0.8583117603620495,0.011129024683538158,0.8471827356785113,0.8360671663547277,-0.011115569323783658,0.8471827356785113,0.8464047736827683,-0.0007779619957429817
5.0,1.0,9.0,1.0,2.0,2.0,2.0,4.0,8.0,8.0,2.0,8.0,0.0,0.0,0.0,1.0,0.0,0.0,1.0,0.0,0.0,0.0,0.0,1.0,0.0,0.0,0.0,0.0,0.0,0.0,0.0,0.0,0.0,0.0,0.0,0.0,0.0,0.0,0.0,0.0,0.6529212477975931,0.6134352061052213,-0.0394860416923718,0.6529212477975931,0.634867840597365,-0.018053407200228078,0.6529212477975931,0.6713979620474615,0.01847671424986841,0.6529212477975931,0.6727324121805163,0.019811164382923185,0.6529212477975931,0.6337836603493335,-0.019137587448259552,0.6529212477975931,0.6515610845936985,-0.0013601632038945377
2.0,6.0,9.0,2.0,2.0,2.0,1.0,4.0,6.0,7.0,3.0,7.0,0.0,0.0,0.0,0.0,0.0,0.0,0.0,0.0,0.0,0.0,0.0,0.0,0.0,0.0,0.0,0.0,1.0,0.0,0.0,0.0,0.0,0.0,0.0,0.0,0.0,0.0,0.0,1.0,0.7149431403754037,0.6790446093698485,-0.03589853100555529,0.7149431403754037,0.698626733788432,-0.016316406586971754,0.7149431403754037,0.731476011513433,0.01653287113802926,0.7149431403754037,0.7326636314180618,0.01772049104265805,0.7149431403754037,0.6976417081634761,-0.017301432211927592,0.7149431403754037,0.7137194631046216,-0.0012236772707820975
3.0,1.0,6.0,1.0,1.0,3.0,4.0,2.0,5.0,6.0,2.0,5.0,0.0,0.0,0.0,0.0,1.0,0.0,1.0,0.0,0.0,0.0,0.0,0.0,0.0,0.0,0.0,0.0,1.0,0.0,0.0,0.0,0.0,0.0,0.0,0.0,0.0,0.0,0.0,0.0,0.8155154864343827,0.7885363221064938,-0.026979164327888827,0.8155154864343827,0.803372522332333,-0.012142964102049625,0.8155154864343827,0.8276217042395213,0.012106217805138653,0.8155154864343827,0.8284838016659296,0.012968315231546956,0.8155154864343827,0.8026331355884442,-0.012882350845938473,0.8155154864343827,0.8146115906572964,-0.0009038957770862721
4.0,1.0,7.0,1.0,1.0,5.0,1.0,4.0,9.0,8.0,4.0,7.0,0.0,0.0,0.0,0.0,0.0,0.0,0.0,0.0,0.0,0.0,0.0,0.0,0.0,0.0,0.0,0.0,0.0,0.0,0.0,1.0,0.0,0.0,0.0,0.0,0.0,0.0,0.0,0.0,0.9406952696536782,0.9304615237497436,-0.010233745903934666,0.9406952696536782,0.9361466351818171,-0.004548634471861157,0.9406952696536782,0.9451395553682742,0.004444285714595986,0.9406952696536782,0.945452659540871,0.0047573898871927645,0.9406952696536782,0.9358666673499502,-0.004828602303728058,0.9406952696536782,0.9403598478658631,-0.00033542178781509335
3.0,1.0,2.0,2.0,2.0,4.0,3.0,1.0,8.0,7.0,4.0,6.0,0.0,0.0,0.0,0.0,0.0,0.0,1.0,0.0,1.0,0.0,0.0,0.0,0.0,0.0,0.0,0.0,0.0,0.0,0.0,0.0,0.0,0.0,0.0,0.0,0.0,0.0,0.0,0.0,0.8669248492530951,0.8460445333225483,-0.020880315930546844,0.8669248492530951,0.8575747382154979,-0.009350111037597197,0.8669248492530951,0.8761697427939669,0.009244893540871768,0.8669248492530951,0.876825177646605,0.00990032839350985,0.8669248492530951,0.8570028914348568,-0.009921957818238347,0.8669248492530951,0.8662315211456731,-0.0006933281074219533
7.0,6.0,3.0,1.0,1.0,4.0,1.0,4.0,6.0,7.0,3.0,10.0,0.0,0.0,0.0,0.0,0.0,0.0,1.0,0.0,0.0,0.0,0.0,1.0,0.0,0.0,0.0,0.0,0.0,0.0,0.0,0.0,0.0,0.0,1.0,0.0,0.0,0.0,0.0,0.0,0.7136649137951798,0.6776779821958624,-0.03598693159931743,0.7136649137951798,0.6973063191576114,-0.01635859463756839,0.7136649137951798,0.7302439481097321,0.01657903431455232,0.7136649137951798,0.73143501647184,0.017770102676660127,0.7136649137951798,0.6963188537833823,-0.017346060011797504,,,
3.0,1.0,6.0,1.0,2.0,5.0,2.0,4.0,4.0,6.0,3.0,7.0,0.0,0.0,0.0,0.0,0.0,0.0,1.0,0.0,0.0,0.0,0.0,0.0,0.0,0.0,0.0,0.0,0.0,0.0,0.0,0.0,0.0,0.0,0.0,0.0,0.0,0.0,0.0,0.0,0.8685125254106404,0.8478376009007764,-0.020674924509863968,0.8685125254106404,0.8592558569870195,-0.00925666842362094,0.8685125254106404,0.8776626859755398,0.009150160564899368,0.8685125254106404,0.8783113161729466,0.009798790762306164,0.8685125254106404,0.8586896477826423,-0.00982287762799805,0.8685125254106404,0.8678262080217453,-0.0006863173888951302
6.0,1.0,9.0,2.0,2.0,3.0,3.0,4.0,8.0,8.0,4.0,7.0,1.0,0.0,0.0,0.0,0.0,0.0,1.0,0.0,0.0,0.0,0.0,0.0,0.0,0.0,0.0,0.0,0.0,0.0,0.0,0.0,0.0,0.0,0.0,0.0,0.0,0.0,0.0,0.0,0.6737463302373159,0.6353061562914109,-0.03844017394590504,0.6737463302373159,0.6562057773976174,-0.017540552839698464,0.6737463302373159,0.6916380031448429,0.017891672907527023,0.6737463302373159,0.6929278513725918,0.019181521135275936,0.6737463302373159,0.6551505403148982,-0.018595789922417727,0.6737463302373159,0.6724268335685996,-0.0013194966687163356
3.0,1.0,5.0,1.0,2.0,4.0,3.0,3.0,9.0,9.0,4.0,9.0,0.0,0.0,0.0,0.0,0.0,0.0,1.0,0.0,0.0,0.0,0.0,1.0,0.0,0.0,0.0,0.0,0.0,0.0,0.0,0.0,0.0,0.0,0.0,0.0,0.0,0.0,0.0,0.0,0.8619854772143406,0.8404727582093285,-0.02151271900501206,0.8619854772143406,0.8523474252428238,-0.009638051971516792,0.8619854772143406,0.8715226613666108,0.009537184152270228,0.8619854772143406,0.8721991054663157,0.010213628251975138,0.8619854772143406,0.8517582184783581,-0.010227258735982514,0.8619854772143406,0.8612705328721831,-0.0007149443421574642
7.0,3.0,4.0,1.0,1.0,3.0,1.0,2.0,9.0,9.0,4.0,9.0,0.0,0.0,0.0,0.0,0.0,0.0,1.0,0.0,0.0,0.0,0.0,1.0,0.0,0.0,0.0,0.0,0.0,0.0,0.0,0.0,0.0,0.0,1.0,0.0,0.0,0.0,0.0,0.0,0.8353127942186324,0.8105562569815713,-0.02475653723706106,0.8353127942186324,0.8241919930935864,-0.011120801125045987,0.8353127942186324,0.8463646207121183,0.011051826493485906,0.8353127942186324,0.8471502930209566,0.011837498802324209,0.8353127942186324,0.8235136961754205,-0.011799098043211886,0.8353127942186324,0.8344862104320226,-0.0008265837866097137
3.0,1.0,8.0,1.0,1.0,3.0,2.0,4.0,8.0,7.0,5.0,8.0,1.0,0.0,0.0,0.0,0.0,0.0,1.0,0.0,1.0,0.0,0.0,0.0,0.0,0.0,0.0,0.0,0.0,0.0,0.0,0.0,0.0,0.0,0.0,0.0,0.0,0.0,0.0,0.0,0.8740422116879172,0.8540906960792428,-0.019951515608674364,0.8740422116879172,0.8651143721612644,-0.00892783952665277,0.8740422116879172,0.8828594646307761,0.008817252942858955,0.8740422116879172,0.8834841994844602,0.009441987796543039,,,,0.8740422116879172,0.8733805493748215,-0.0006616623130957233
6.0,3.0,10.0,2.0,2.0,4.0,1.0,3.0,9.0,7.0,5.0,7.0,0.0,0.0,0.0,0.0,0.0,0.0,0.0,0.0,0.0,0.0,0.0,1.0,0.0,0.0,0.0,0.0,0.0,0.0,0.0,0.0,0.0,0.0,0.0,0.0,0.0,0.0,0.0,0.0,0.8228282938151773,0.7966518986609965,-0.026176395154180798,0.8228282938151773,0.8110551466126804,-0.011773147202496892,0.8228282938151773,0.834551987411138,0.011723693595960705,0.8228282938151773,0.8353863189437186,0.012558025128541317,,,,0.8228282938151773,0.8219524051726834,-0.0008758886424938828
3.0,1.0,4.0,1.0,3.0,5.0,2.0,3.0,5.0,7.0,3.0,7.0,0.0,0.0,0.0,0.0,0.0,0.0,0.0,0.0,0.0,0.0,0.0,0.0,0.0,0.0,0.0,0.0,0.0,0.0,0.0,0.0,0.0,0.0,0.0,0.0,0.0,0.0,0.0,0.0,0.8516875954586826,0.828888354470352,-0.022799240988330527,0.8516875954586826,0.841462669962659,-0.010224925496023607,0.8516875954586826,0.8618223190691133,0.010134723610430774,0.8516875954586826,0.8625417809438712,0.010854185485188683,0.8516875954586826,0.8408381385191239,-0.010849456939558633,0.8516875954586826,0.8509285314169975,-0.0007590640416850203
2.0,1.0,7.0,1.0,2.0,5.0,2.0,3.0,8.0,7.0,5.0,6.0,1.0,0.0,0.0,0.0,0.0,0.0,0.0,0.0,1.0,0.0,0.0,0.0,0.0,0.0,0.0,0.0,0.0,0.0,0.0,0.0,0.0,0.0,0.0,0.0,0.0,0.0,0.0,0.0,0.9033714772036435,0.8874675385468983,-0.01590393865674522,0.9033714772036435,0.8962757840737757,-0.007095693129867797,0.9033714772036435,0.9103462270042659,0.006974749800622404,0.9033714772036435,0.9108391737639018,0.007467696560258252,,,,0.9033714772036435,0.9028467576603453,-0.0005247195432982465
3.0,1.0,9.0,2.0,1.0,2.0,2.0,2.0,8.0,8.0,3.0,9.0,0.0,0.0,0.0,0.0,0.0,0.0,1.0,0.0,0.0,0.0,0.0,1.0,0.0,0.0,0.0,0.0,0.0,0.0,0.0,0.0,0.0,0.0,0.0,0.0,0.0,0.0,0.0,0.0,0.9008524274706667,0.8845868517207915,-0.016265575749875194,0.9008524274706667,0.8935935422479399,-0.007258885222726885,0.9008524274706667,0.9079904855886987,0.00713805811803192,0.9008524274706667,0.9084950830534453,0.007642655582778546,0.9008524274706667,0.8931482943006425,-0.007704133170024274,0.9008524274706667,0.9003155382456781,-0.0005368892249886237
5.0,1.0,2.0,2.0,1.0,4.0,1.0,4.0,9.0,8.0,5.0,9.0,1.0,0.0,0.0,0.0,0.0,0.0,0.0,0.0,0.0,0.0,0.0,1.0,0.0,0.0,0.0,0.0,0.0,0.0,0.0,0.0,0.0,0.0,0.0,0.0,0.0,0.0,0.0,0.0,0.8303760013138934,0.8050505426736424,-0.025325458640251042,0.8303760013138934,0.8189940721741239,-0.011381929139769542,0.8303760013138934,0.841696340303223,0.011320338989329604,0.8303760013138934,0.8425014431325346,0.01212544181864117,,,,0.8303760013138934,0.829529695953685,-0.0008463053602084658
7.0,3.0,8.0,2.0,3.0,4.0,2.0,3.0,6.0,6.0,4.0,6.0,1.0,0.0,0.0,0.0,0.0,0.0,1.0,0.0,0.0,0.0,0.0,0.0,0.0,0.0,0.0,0.0,0.0,0.0,0.0,0.0,0.0,0.0,1.0,0.0,0.0,0.0,0.0,0.0,0.5457820845017173,0.5033782094137446,-0.04240387508797272,0.5457820845017173,0.526199825875153,-0.019582258626564264,0.5457820845017173,0.5661726778537012,0.0203905933519839,0.5457820845017173,0.5676592787334372,0.021877194231719965,0.5457820845017173,0.5250343767431198,-0.020747707758597467,0.5457820845017173,0.5442950996610076,-0.0014869848407096375
5.0,1.0,3.0,1.0,4.0,5.0,3.0,2.0,7.0,7.0,2.0,8.0,0.0,0.0,0.0,0.0,0.0,0.0,0.0,0.0,0.0,0.0,0.0,0.0,0.0,0.0,0.0,0.0,0.0,0.0,0.0,0.0,0.0,0.0,0.0,0.0,0.0,0.0,0.0,0.0,0.7466233078755842,0.7131134810294792,-0.03350982684610493,0.7466233078755842,0.7314390823305531,-0.015184225545031071,0.7466233078755842,0.7619306145173222,0.015307306641738072,0.7466233078755842,0.7630271767947987,0.016403868919214526,0.7466233078755842,0.7305199347448743,-0.016103373130709864,0.7466233078755842,0.745487212695566,-0.0011360951800182262
5.0,1.0,5.0,2.0,2.0,4.0,2.0,2.0,8.0,8.0,3.0,8.0,0.0,1.0,0.0,0.0,0.0,0.0,0.0,0.0,0.0,0.0,0.0,0.0,1.0,0.0,0.0,0.0,0.0,0.0,0.0,0.0,1.0,0.0,0.0,0.0,0.0,0.0,0.0,0.0,0.8045450754724587,0.7764014633072541,-0.028143612165204557,0.8045450754724587,0.7918643175258608,-0.012680757946597843,0.8045450754724587,0.8172098335160787,0.012664758043619995,0.8045450754724587,0.8181125588535053,0.01356748338104663,0.8045450754724587,0.7910929090612296,-0.013452166411229038,0.8045450754724587,0.8036003739743426,-0.0009447014981160962
2.0,3.0,3.0,4.0,2.0,2.0,2.0,3.0,5.0,5.0,2.0,5.0,0.0,0.0,0.0,0.0,0.0,0.0,1.0,0.0,0.0,0.0,0.0,0.0,0.0,0.0,0.0,0.0,1.0,0.0,0.0,0.0,0.0,0.0,0.0,0.0,0.0,1.0,0.0,0.0,0.7222553212225065,0.6868743367740514,-0.035380984448455055,0.7222553212225065,0.7061854522400587,-0.016069868982447777,0.7222553212225065,0.7385192040335693,0.016263882811062835,0.7222553212225065,0.7396867591390397,0.017431437916533232,0.7222553212225065,0.7052147075505315,-0.017040613671974958,0.7222553212225065,0.7210507861256001,-0.0012045350969063229
3.0,1.0,3.0,1.0,2.0,3.0,4.0,4.0,9.0,9.0,3.0,8.0,0.0,0.0,0.0,0.0,0.0,0.0,0.0,0.0,0.0,0.0,0.0,0.0,0.0,0.0,0.0,0.0,0.0,0.0,0.0,0.0,0.0,0.0,0.0,0.0,0.0,0.0,0.0,0.0,0.8178191292918284,0.791090551794974,-0.026728577496854422,0.8178191292918284,0.8057916843701267,-0.012027444921701713,0.8178191292918284,0.8298057260922358,0.011986596800407368,0.8178191292918284,0.8306591357131625,0.012840006421334094,0.8178191292918284,0.805059187119459,-0.01275994217236942,0.8178191292918284,0.8169239865836436,-0.000895142708184804
7.0,3.0,7.0,3.0,2.0,4.0,3.0,4.0,4.0,5.0,2.0,6.0,0.0,0.0,0.0,0.0,0.0,0.0,0.0,0.0,0.0,0.0,0.0,0.0,0.0,0.0,0.0,0.0,0.0,0.0,0.0,0.0,0.0,0.0,1.0,0.0,0.0,0.0,0.0,0.0,0.6516462690302879,0.6121013510214365,-0.039544918008851404,0.6516462690302879,0.6335637630216497,-0.018082506008638144,0.6516462690302879,0.6701565683305187,0.018510299300230848,0.6516462690302879,0.6714935931148265,0.019847324084538598,0.6516462690302879,0.632477952183305,-0.019168316846982836,0.6516462690302879,0.650283785540224,-0.0013624834900638483
4.0,1.0,2.0,2.0,1.0,4.0,2.0,1.0,10.0,8.0,4.0,10.0,1.0,0.0,0.0,0.0,0.0,0.0,1.0,0.0,0.0,0.0,0.0,0.0,1.0,0.0,0.0,0.0,0.0,0.0,0.0,0.0,0.0,0.0,0.0,1.0,0.0,0.0,0.0,0.0,0.8169478612843901,0.7901242603546997,-0.026823600929690383,0.8169478612843901,0.8048766197011804,-0.012071241583209713,,,,0.8169478612843901,0.8298364973522602,0.012888636067870052,0.8169478612843901,0.804141509991695,-0.01280635129269514,,,
4.0,1.0,5.0,1.0,2.0,4.0,2.0,4.0,9.0,9.0,3.0,7.0,0.0,0.0,0.0,0.0,0.0,0.0,1.0,0.0,0.0,0.0,0.0,0.0,1.0,0.0,0.0,0.0,0.0,0.0,0.0,1.0,0.0,0.0,0.0,0.0,0.0,0.0,0.0,0.0,0.8605036296881473,0.838803125588558,-0.021700504099589346,0.8605036296881473,0.8507800090610961,-0.009723620627051233,0.8605036296881473,0.8701277853934718,0.009624155705324489,0.8605036296881473,0.8708104849804317,0.010306855292284367,0.8605036296881473,0.8501856469111294,-0.010317982777017898,0.8605036296881473,0.8597822577513468,-0.0007213719368005522
5.0,1.0,7.0,1.0,3.0,1.0,2.0,4.0,8.0,7.0,3.0,8.0,0.0,0.0,0.0,0.0,0.0,0.0,1.0,0.0,0.0,0.0,0.0,0.0,1.0,0.0,0.0,0.0,0.0,0.0,0.0,1.0,0.0,0.0,0.0,0.0,0.0,0.0,0.0,0.0,0.6840914104968987,0.6462301123537326,-0.03786129814316608,0.6840914104968987,0.6668320104156027,-0.017259400081296006,0.6840914104968987,0.7016669701897947,0.017575559692896037,0.6840914104968987,0.7029328863533671,0.018841475856468448,0.6840914104968987,0.6657927779275283,-0.018298632569370366,0.6840914104968987,0.682794054922079,-0.0012973555748196919
5.0,1.0,4.0,1.0,2.0,3.0,2.0,4.0,6.0,8.0,4.0,9.0,1.0,0.0,0.0,0.0,0.0,0.0,1.0,0.0,0.0,0.0,0.0,0.0,1.0,0.0,0.0,0.0,0.0,0.0,0.0,0.0,0.0,0.0,0.0,0.0,0.0,0.0,0.0,0.0,0.6866469614570723,0.6489347650994326,-0.03771219635763967,0.6866469614570723,0.6694597197765925,-0.017187241680479803,0.6866469614570723,0.7041418327956718,0.017494871338599505,0.6866469614570723,0.7054016565187118,0.018754695061639515,0.6866469614570723,0.6684246081469591,-0.018222353310113126,0.6866469614570723,0.6853552737507996,-0.0012916877062726373
7.0,2.0,8.0,1.0,3.0,4.0,3.0,3.0,6.0,5.0,3.0,6.0,0.0,0.0,0.0,0.0,0.0,0.0,0.0,0.0,0.0,0.0,0.0,0.0,0.0,0.0,0.0,0.0,0.0,0.0,0.0,0.0,0.0,0.0,1.0,0.0,0.0,0.0,0.0,0.0,0.6949723338153232,0.6577627038128886,-0.0372096300024346,0.6949723338153232,0.6780276123371147,-0.01694472147820847,0.6949723338153232,0.7121972135490169,0.017224879733693688,0.6949723338153232,0.7134366954287115,0.01846436161338827,0.6949723338153232,0.6770063865780537,-0.01796594723726952,0.6949723338153232,0.6936996557247836,-0.0012726780905395474
2.0,2.0,8.0,1.0,5.0,5.0,1.0,4.0,7.0,6.0,3.0,5.0,0.0,0.0,0.0,0.0,0.0,0.0,1.0,0.0,0.0,0.0,0.0,1.0,0.0,0.0,0.0,0.0,0.0,0.0,0.0,0.0,0.0,0.0,0.0,0.0,0.0,0.0,0.0,0.0,0.7657299162509451,0.7338462125177811,-0.03188370373316396,0.7657299162509451,0.7513093130393964,-0.0144206032115487,0.7657299162509451,0.7802227101544154,0.014492793903470247,0.7657299162509451,0.7812592063348935,0.015529290083948433,0.7657299162509451,0.7504349677966138,-0.015294948454331325,0.7657299162509451,0.7646524869180701,-0.001077429332875024
6.0,1.0,6.0,1.0,2.0,4.0,2.0,4.0,6.0,7.0,5.0,5.0,0.0,0.0,0.0,0.0,0.0,0.0,0.0,0.0,0.0,0.0,0.0,0.0,0.0,0.0,0.0,0.0,0.0,0.0,0.0,1.0,0.0,0.0,0.0,0.0,0.0,0.0,0.0,0.0,0.8116198047064269,0.7842216724383141,-0.02739813226811283,0.8116198047064269,0.7992835328759146,-0.012336271830512335,0.8116198047064269,0.8239264701538203,0.012306665447393339,0.8116198047064269,0.8248031360634358,0.013183331357008887,,,,0.8116198047064269,0.8107012522910585,-0.0009185524153684232
3.0,1.0,10.0,1.0,2.0,2.0,1.0,4.0,8.0,8.0,4.0,8.0,0.0,0.0,0.0,0.0,0.0,0.0,0.0,0.0,0.0,0.0,0.0,1.0,0.0,0.0,0.0,0.0,0.0,0.0,0.0,0.0,0.0,0.0,0.0,0.0,0.0,0.0,0.0,0.0,0.8905391534711736,0.8728205039612925,-0.017718649509881113,0.8905391534711736,0.8826235842247786,-0.007915569246395027,0.8905391534711736,0.8983359151897887,0.007796761718615097,0.8905391534711736,0.8988875639821791,0.008348410511005433,0.8905391534711736,0.8821384879031783,-0.008400665567995347,0.8905391534711736,0.8899532395085469,-0.0005859139626267496
5.0,1.0,6.0,1.0,1.0,4.0,2.0,4.0,6.0,8.0,4.0,8.0,0.0,0.0,0.0,0.0,0.0,0.0,0.0,0.0,0.0,0.0,0.0,0.0,0.0,0.0,0.0,0.0,0.0,0.0,0.0,0.0,0.0,0.0,0.0,0.0,0.0,0.0,0.0,0.0,0.884110054811932,0.8655078826223579,-0.01860217218957405,0.884110054811932,0.875794413460875,-0.00831564135105689,0.884110054811932,0.8923093762079479,0.00819932139601598,0.884110054811932,0.8928898271386723,0.00877977232674032,0.884110054811932,0.8752850813897772,-0.008824973422154714,0.884110054811932,0.8834942297889736,-0.0006158250229583162
5.0,1.0,3.0,1.0,2.0,4.0,2.0,3.0,9.0,9.0,3.0,8.0,0.0,0.0,0.0,0.0,0.0,1.0,1.0,0.0,0.0,0.0,0.0,0.0,0.0,0.0,0.0,0.0,0.0,0.0,0.0,0.0,0.0,0.0,0.0,0.0,0.0,0.0,0.0,0.0,0.7421674199268612,0.7082985264711299,-0.0338688934557313,0.7421674199268612,0.7268138693912114,-0.015353550535649796,0.7421674199268612,0.7576565443921828,0.01548912446532158,0.7421674199268612,0.7587665603526949,0.01659914042583366,0.7421674199268612,0.7258848244330853,-0.016282595493775864,0.7421674199268612,0.7410182756184029,-0.0011491443084582498
2.0,3.0,9.0,4.0,2.0,2.0,2.0,4.0,6.0,6.0,1.0,6.0,0.0,0.0,0.0,0.0,0.0,0.0,1.0,0.0,0.0,0.0,0.0,0.0,0.0,0.0,0.0,0.0,1.0,0.0,0.0,0.0,0.0,0.0,0.0,0.0,0.0,1.0,0.0,0.0,0.783833197886702,0.753620562301715,-0.03021263558498699,0.783833197886702,0.7701925149715207,-0.01364068291518128,0.783833197886702,0.7975022247592206,0.013669026872518586,0.783833197886702,0.798478277096953,0.014645079210250933,0.783833197886702,0.7693641790432187,-0.014469018843483283,0.783833197886702,0.7828154124734473,-0.0010177854132547015
4.0,5.0,6.0,1.0,1.0,5.0,2.0,4.0,10.0,9.0,4.0,8.0,0.0,0.0,0.0,0.0,0.0,1.0,1.0,0.0,0.0,0.0,0.0,0.0,0.0,0.0,0.0,0.0,0.0,0.0,0.0,0.0,0.0,0.0,0.0,0.0,0.0,0.0,0.0,0.0,0.7464534382915385,0.7129297835752565,-0.03352365471628205,0.7464534382915385,0.7312626969970567,-0.015190741294481835,,,,0.7464534382915385,0.7628648118145641,0.016411373523025574,0.7464534382915385,0.7303431682894092,-0.01611027000212939,0.7464534382915385,0.7453168412609712,-0.0011365970305673434
5.0,1.0,9.0,1.0,2.0,5.0,3.0,3.0,6.0,4.0,3.0,7.0,1.0,0.0,0.0,0.0,0.0,0.0,0.0,0.0,0.0,0.0,0.0,0.0,1.0,0.0,0.0,0.0,0.0,0.0,0.0,0.0,0.0,0.0,0.0,0.0,0.0,0.0,0.0,0.0,0.7790560505461859,0.7483900599228455,-0.03066599062334041,0.7790560505461859,0.7652042161950457,-0.013851834351140124,0.7790560505461859,0.7929473593670447,0.013891308820858872,0.7790560505461859,0.7939396937364593,0.014883643190273466,0.7790560505461859,0.7643634010124822,-0.014692649533703639,0.7790560505461859,0.7780221424719981,-0.0010339080741877948
2.0,1.0,2.0,1.0,1.0,4.0,2.0,2.0,3.0,7.0,2.0,6.0,0.0,0.0,0.0,0.0,0.0,0.0,1.0,0.0,1.0,0.0,0.0,0.0,0.0,0.0,0.0,0.0,0.0,0.0,0.0,0.0,0.0,0.0,0.0,0.0,0.0,0.0,0.0,0.0,0.9285539179866062,0.9164112062790234,-0.012142711707582854,0.9285539179866062,0.9231501266150606,-0.005403791371545674,0.9285539179866062,0.9338440862634398,0.005290168276833596,0.9285539179866062,0.9342171699516668,0.005663251965060567,0.9285539179866062,0.9228178731487104,-0.005736044837895804,0.9285539179866062,0.928155070539892,-0.00039884744671425665
5.0,1.0,10.0,1.0,1.0,5.0,1.0,4.0,9.0,8.0,4.0,9.0,0.0,0.0,0.0,0.0,0.0,0.0,0.0,0.0,0.0,0.0,0.0,0.0,1.0,0.0,0.0,0.0,0.0,0.0,0.0,0.0,0.0,0.0,0.0,0.0,0.0,0.0,0.0,0.0,0.9301709281484708,0.9182788507631305,-0.01189207738534026,0.9301709281484708,0.9248795443173627,-0.005291383831108054,0.9301709281484708,0.9353497023775084,0.005178774229037564,0.9301709281484708,0.9357148797071406,0.005543951558669824,0.9301709281484708,0.9245541567642075,-0.005616771384263308,0.9301709281484708,0.9297804250132948,-0.000390503135175968
3.0,3.0,5.0,1.0,2.0,4.0,3.0,3.0,4.0,7.0,2.0,2.0,0.0,0.0,0.0,0.0,0.0,0.0,1.0,0.0,0.0,0.0,0.0,0.0,0.0,0.0,0.0,0.0,1.0,0.0,0.0,0.0,0.0,0.0,0.0,0.0,0.0,0.0,0.0,0.0,0.7603631773950456,0.728008513998481,-0.032354663396564565,0.7603631773950456,0.7457219230374479,-0.014641254357597666,0.7603631773950456,0.7750904606785005,0.014727283283454962,0.7603631773950456,0.7761442166435057,0.015781039248460194,0.7603631773950456,0.7448346053652667,-0.015528572029778864,0.7603631773950456,0.7592688255407283,-0.001094351854317277
3.0,2.0,6.0,2.0,1.0,1.0,1.0,3.0,7.0,5.0,5.0,8.0,0.0,1.0,0.0,0.0,0.0,0.0,0.0,0.0,0.0,0.0,0.0,0.0,0.0,0.0,0.0,0.0,1.0,0.0,0.0,0.0,0.0,0.0,0.0,0.0,0.0,0.0,0.0,0.0,0.6109097585104287,0.5697934014150743,-0.04111635709535444,0.6109097585104287,0.592036510327007,-0.01887324818342173,0.6109097585104287,0.6303567970580285,0.01944703854759977,0.6109097585104287,0.6317665047375612,0.020856746227132517,,,,0.6109097585104287,0.6094834282462878,-0.0014263302641409625
4.0,1.0,5.0,1.0,2.0,5.0,3.0,4.0,9.0,9.0,5.0,9.0,0.0,1.0,0.0,0.0,0.0,0.0,0.0,0.0,0.0,0.0,0.0,0.0,1.0,0.0,0.0,0.0,0.0,0.0,0.0,0.0,0.0,0.0,0.0,0.0,0.0,0.0,0.0,0.0,0.6711451714438136,0.6325656611605396,-0.038579510283274,0.6711451714438136,0.6535366854478637,-0.017608485995949885,0.6711451714438136,0.689113669797936,0.017968498354122397,0.6711451714438136,0.6904093506340186,0.019264179190205066,,,,0.6711451714438136,0.6698203102122974,-0.0013248612315162056
3.0,1.0,4.0,1.0,3.0,3.0,2.0,3.0,9.0,8.0,2.0,9.0,0.0,1.0,0.0,0.0,0.0,0.0,1.0,0.0,0.0,0.0,0.0,1.0,0.0,0.0,0.0,0.0,0.0,0.0,0.0,0.0,0.0,0.0,0.0,0.0,0.0,0.0,0.0,0.0,0.6340746415488815,0.5937784663886727,-0.04029617516020878,0.6340746415488815,0.6156180428715644,-0.018456598677317082,0.6340746415488815,0.6530214763096558,0.0189468347607743,0.6340746415488815,0.6543921384353634,0.02031749688648188,0.6340746415488815,0.614511410647808,-0.01956323090107348,0.6340746415488815,0.6326821711872748,-0.0013924703616067236
6.0,3.0,8.0,1.0,2.0,5.0,2.0,3.0,8.0,8.0,3.0,8.0,0.0,0.0,0.0,0.0,0.0,0.0,1.0,0.0,0.0,0.0,0.0,1.0,0.0,0.0,0.0,0.0,0.0,0.0,0.0,1.0,0.0,0.0,0.0,0.0,0.0,0.0,0.0,0.0,0.8309646411890452,0.8057065047585869,-0.025258136430458378,0.8309646411890452,0.8196136299428927,-0.011351011246152565,0.8309646411890452,0.8422531585268698,0.011288517337824544,0.8309646411890452,0.8430559575183916,0.012091316329346347,0.8309646411890452,0.8189215498045117,-0.012043091384533522,0.8309646411890452,0.830120671895965,-0.0008439692930802822
3.0,1.0,5.0,1.0,1.0,4.0,2.0,2.0,10.0,10.0,5.0,8.0,1.0,0.0,0.0,0.0,0.0,0.0,0.0,0.0,0.0,0.0,0.0,1.0,0.0,0.0,0.0,0.0,0.0,0.0,0.0,0.0,0.0,0.0,0.0,0.0,0.0,0.0,0.0,0.0,0.9058790621273366,0.8903377420501531,-0.015541320077183451,0.9058790621273366,0.8989469095669745,-0.006932152560362059,,,,,,,,,,0.9058790621273366,0.9053665330141971,-0.0005125291131394816
2.0,3.0,10.0,4.0,1.0,3.0,3.0,5.0,9.0,8.0,4.0,7.0,0.0,0.0,0.0,0.0,0.0,0.0,0.0,0.0,0.0,0.0,0.0,0.0,0.0,0.0,0.0,0.0,1.0,0.0,0.0,0.0,0.0,0.0,0.0,0.0,0.0,1.0,0.0,0.0,0.8459334442251998,0.8224340676597258,-0.02349937656547396,,,,0.8459334442251998,0.8563950711672329,0.01046162694203312,0.8459334442251998,0.8571381072327826,0.011204663007582827,0.8459334442251998,0.8347447299854419,-0.011188714239757869,0.8459334442251998,0.8451502848110704,-0.0007831594141294307
3.0,1.0,6.0,1.0,3.0,5.0,3.0,4.0,7.0,8.0,5.0,8.0,0.0,1.0,0.0,0.0,0.0,0.0,0.0,0.0,0.0,0.0,0.0,1.0,0.0,0.0,0.0,0.0,0.0,0.0,0.0,0.0,0.0,0.0,0.0,0.0,0.0,0.0,0.0,0.0,0.6267635041653076,0.5861876524660093,-0.04057585169929823,0.6267635041653076,0.6081660250235003,-0.018597479141807316,0.6267635041653076,0.6458774758778324,0.019113971712524824,0.6267635041653076,0.6472611149340846,0.020497610768776986,,,,0.6267635041653076,0.625359650576769,-0.0014038535885385617
4.0,1.0,2.0,1.0,3.0,3.0,4.0,2.0,2.0,2.0,1.0,2.0,1.0,0.0,0.0,0.0,0.0,0.0,1.0,0.0,0.0,0.0,0.0,0.0,0.0,0.0,0.0,0.0,0.0,0.0,0.0,1.0,0.0,0.0,0.0,0.0,0.0,0.0,0.0,0.0,0.5537545824641017,0.5114287253240707,-0.04232585714003101,0.5537545824641017,0.5342227074918813,-0.01953187497222042,0.5537545824641017,0.5740665846087363,0.020312002144634578,0.5537545824641017,0.5755464145489878,0.02179183208488611,0.5537545824641017,0.5330594808219132,-0.020695101642188463,0.5537545824641017,0.5522722866681831,-0.0014822957959186311
5.0,1.0,5.0,1.0,3.0,5.0,3.0,4.0,9.0,8.0,3.0,9.0,0.0,0.0,0.0,0.0,1.0,0.0,1.0,0.0,0.0,0.0,0.0,0.0,0.0,0.0,0.0,0.0,0.0,0.0,0.0,0.0,0.0,0.0,0.0,0.0,0.0,0.0,0.0,0.0,0.7571023037302962,0.7244669122925873,-0.03263539143770888,0.7571023037302962,0.7423293329145054,-0.014772970815790765,0.7571023037302962,0.7719698895199146,0.014867585789618443,0.7571023037302962,0.7730339848302249,0.015931681099928707,0.7571023037302962,0.7414342814423823,-0.015668022287913863,0.7571023037302962,0.7559978391143798,-0.0011044646159164007
6.0,1.0,5.0,3.0,3.0,5.0,3.0,3.0,2.0,6.0,2.0,5.0,0.0,0.0,0.0,0.0,0.0,1.0,1.0,0.0,0.0,0.0,1.0,0.0,0.0,0.0,0.0,0.0,0.0,0.0,0.0,0.0,0.0,1.0,0.0,0.0,0.0,0.0,0.0,0.0,0.4637692321496308,0.4218198457344845,-0.041949386415146284,0.4637692321496308,0.44425153871774353,-0.01951769343188725,0.4637692321496308,0.4843631769639124,0.020593944814281617,0.4637692321496308,0.48587554925849624,0.02210631710886546,0.4637692321496308,0.4430978509723163,-0.020671381177314485,0.4637692321496308,0.46227828215801786,-0.001490949991612922
3.0,1.0,3.0,1.0,1.0,4.0,2.0,2.0,8.0,8.0,2.0,7.0,0.0,0.0,0.0,0.0,0.0,0.0,1.0,0.0,1.0,0.0,0.0,0.0,0.0,0.0,0.0,0.0,0.0,0.0,0.0,0.0,0.0,0.0,0.0,0.0,0.0,0.0,0.0,0.0,0.9373524789555358,0.9265869114880627,-0.010765567467473036,0.9373524789555358,0.9325658340234412,-0.004786644932094575,0.9373524789555358,0.9420318358152241,0.004679356859688344,0.9373524789555358,0.9423615949763424,0.00500911602080667,0.9373524789555358,0.9322713018969391,-0.005081177058596675,0.9373524789555358,0.9369994168814811,-0.0003530620740546109
3.0,1.0,2.0,1.0,2.0,4.0,2.0,3.0,9.0,8.0,5.0,9.0,0.0,0.0,0.0,0.0,0.0,1.0,1.0,0.0,0.0,1.0,0.0,0.0,0.0,0.0,0.0,0.0,0.0,0.0,0.0,0.0,0.0,0.0,0.0,1.0,0.0,0.0,0.0,0.0,0.6649760981271647,0.6260760821046548,-0.03890001602250992,0.6649760981271647,0.6472109246044954,-0.017765173522669375,0.6649760981271647,0.6831225237756793,0.01814642564851454,0.6649760981271647,0.6844317396302209,0.01945564150305612,,,,0.6649760981271647,0.6636388393893219,-0.0013372587378428502
2.0,1.0,1.0,2.0,2.0,5.0,2.0,3.0,4.0,5.0,3.0,4.0,0.0,0.0,0.0,0.0,1.0,0.0,1.0,0.0,0.0,0.0,0.0,0.0,0.0,0.0,0.0,0.0,1.0,0.0,0.0,0.0,0.0,0.0,0.0,0.0,0.0,0.0,0.0,0.0,0.8014347321825319,0.7729696398253458,-0.028465092357186084,0.8014347321825319,0.7886052022097967,-0.012829529972735232,0.8014347321825319,0.8142544996960217,0.012819767513489788,0.8014347321825319,0.8151685191628335,0.013733786980301588,0.8014347321825319,0.7878249511025478,-0.013609781079984118,0.8014347321825319,0.8004787254807495,-0.0009560067017824192
3.0,1.0,6.0,1.0,3.0,3.0,2.0,2.0,7.0,8.0,4.0,10.0,0.0,0.0,0.0,0.0,0.0,0.0,0.0,0.0,1.0,0.0,0.0,0.0,0.0,0.0,0.0,0.0,0.0,0.0,0.0,0.0,0.0,0.0,0.0,0.0,0.0,0.0,0.0,0.0,0.868849153725944,0.8482179099526062,-0.020631243773337804,0.868849153725944,0.8596123531467698,-0.009236800579174198,0.868849153725944,0.8779791796505819,0.009130025924637963,0.868849153725944,0.8786263638641613,0.009777210138217307,0.868849153725944,0.8590473428528548,-0.009801810873089178,,,
5.0,1.0,9.0,1.0,2.0,5.0,1.0,4.0,8.0,7.0,3.0,9.0,0.0,0.0,0.0,0.0,0.0,0.0,1.0,0.0,0.0,0.0,0.0,0.0,1.0,0.0,0.0,0.0,0.0,0.0,0.0,1.0,0.0,0.0,0.0,0.0,0.0,0.0,0.0,0.0,0.8886021218481047,0.8706154762834111,-0.01798664556469365,0.8886021218481047,0.8805652639317835,-0.00803685791632125,0.8886021218481047,0.8965208237884325,0.007918701940327733,0.8886021218481047,0.8970811932493781,0.008479071401273353,0.8886021218481047,0.8800728167821527,-0.008529305065952064,0.8886021218481047,0.8880071433995127,-0.0005949784485920206
5.0,1.0,5.0,2.0,2.0,1.0,5.0,1.0,2.0,3.0,2.0,0.0,0.0,0.0,0.0,1.0,0.0,0.0,1.0,0.0,0.0,0.0,0.0,1.0,0.0,0.0,0.0,0.0,0.0,0.0,0.0,0.0,0.0,0.0,0.0,1.0,0.0,0.0,0.0,0.0,,,,0.3117090736657687,0.2950694277337767,-0.01663964593199202,0.3117090736657687,0.32970237337762054,0.017993299711851818,0.3117090736657687,0.33104186606611175,0.019332792400343024,0.3117090736657687,0.2940981375778542,-0.01761093608791453,0.3117090736657687,0.31042397887728324,-0.0012850947884854858
3.0,1.0,10.0,1.0,1.0,1.0,1.0,5.0,8.0,8.0,4.0,8.0,0.0,0.0,0.0,0.0,0.0,0.0,0.0,0.0,0.0,0.0,0.0,1.0,0.0,0.0,0.0,0.0,0.0,0.0,0.0,0.0,0.0,0.0,0.0,0.0,0.0,0.0,0.0,0.0,0.9010100936178417,0.8847670750275897,-0.016243018590252012,,,,0.9010100936178417,0.9081379581694733,0.007127864551631613,0.9010100936178417,0.908641828241636,0.007631734623794295,0.9010100936178417,0.893316760840129,-0.007693332777712669,0.9010100936178417,0.9004739638387684,-0.0005361297790732467
4.0,1.0,6.0,1.0,2.0,3.0,3.0,4.0,9.0,8.0,5.0,8.0,1.0,0.0,0.0,0.0,0.0,0.0,1.0,0.0,0.0,0.0,0.0,0.0,1.0,0.0,0.0,0.0,0.0,0.0,0.0,0.0,0.0,0.0,0.0,0.0,0.0,0.0,0.0,0.0,0.7057204348043415,0.6691978490787981,-0.036522585725543455,0.7057204348043415,0.6891056866866876,-0.016614748117653955,0.7057204348043415,0.7225806506308882,0.01686021582654662,0.7057204348043415,0.7237927569795695,0.018072322175227917,,,,0.7057204348043415,0.704473531880852,-0.0012469029234895013
6.0,1.0,6.0,1.0,5.0,3.0,3.0,3.0,3.0,2.0,1.0,5.0,1.0,0.0,0.0,0.0,0.0,0.0,1.0,0.0,0.0,0.0,0.0,0.0,0.0,0.0,0.0,0.0,0.0,0.0,0.0,0.0,0.0,0.0,0.0,0.0,1.0,0.0,0.0,0.0,0.13947047604298968,0.12027541436366286,-0.019195061679326816,0.13947047604298968,0.130284874622658,-0.009185601420331674,0.13947047604298968,0.14968355174650314,0.010213075703513458,0.13947047604298968,0.1504558399012654,0.010985363858275726,0.13947047604298968,0.12975616721093397,-0.009714308832055707,0.13947047604298968,0.13875232811655125,-0.0007181479264384283
5.0,1.0,4.0,2.0,2.0,3.0,2.0,4.0,7.0,7.0,3.0,8.0,0.0,1.0,0.0,0.0,0.0,0.0,0.0,0.0,0.0,0.0,0.0,0.0,1.0,0.0,0.0,0.0,0.0,0.0,0.0,1.0,0.0,0.0,0.0,0.0,0.0,0.0,0.0,0.0,0.5735949011070974,0.5315589660581216,-0.04203593504897585,0.5735949011070974,0.5542323712860211,-0.019362529821076335,0.5735949011070974,0.5936664836786382,0.020071582571540736,0.5735949011070974,0.5951262437925553,0.021531342685457866,0.5735949011070974,0.5530773107748532,-0.020517590332244207,0.5735949011070974,0.5721275868573001,-0.0014673142497972913
4.0,1.0,4.0,1.0,4.0,4.0,2.0,4.0,2.0,7.0,2.0,8.0,0.0,0.0,0.0,0.0,0.0,0.0,1.0,0.0,0.0,0.0,0.0,0.0,0.0,0.0,0.0,0.0,0.0,0.0,0.0,0.0,0.0,0.0,0.0,0.0,0.0,0.0,0.0,0.0,0.687203659038317,0.6495242642245751,-0.03767939481374194,0.687203659038317,0.6700322785540614,-0.017171380484255594,0.687203659038317,0.7046808169189234,0.01747715788060633,0.687203659038317,0.7059393040100121,0.01873564497169511,0.687203659038317,0.6689980734142682,-0.018205585624048837,0.687203659038317,0.6859132164367657,-0.0012904426015513115
6.0,2.0,4.0,1.0,1.0,5.0,2.0,4.0,6.0,7.0,4.0,8.0,0.0,0.0,0.0,0.0,0.0,0.0,0.0,0.0,0.0,0.0,0.0,0.0,1.0,0.0,0.0,0.0,0.0,0.0,0.0,0.0,0.0,0.0,0.0,0.0,0.0,0.0,0.0,0.0,0.8376000693525291,0.8131104378343912,-0.024489631518137878,0.8376000693525291,0.8266016586269841,-0.010998410725544971,0.8376000693525291,0.8485262357588164,0.010926166406287297,0.8376000693525291,0.8493028220674473,0.011702752714918274,0.8376000693525291,0.8259306951006508,-0.011669374251878306,0.8376000693525291,0.8367827224883153,-0.0008173468642137527
5.0,1.0,8.0,1.0,1.0,5.0,2.0,4.0,8.0,9.0,5.0,9.0,0.0,0.0,0.0,0.0,0.0,0.0,1.0,0.0,0.0,0.0,0.0,1.0,0.0,0.0,0.0,0.0,0.0,0.0,0.0,0.0,0.0,0.0,0.0,0.0,0.0,0.0,0.0,0.0,0.8998742671845715,0.883468978120186,-0.016405289064385542,0.8998742671845715,0.8925523096128081,-0.00732195757176346,0.8998742671845715,0.9070754831004055,0.007201215915834003,0.8998742671845715,0.907584587873264,0.007710320688692485,,,,0.8998742671845715,0.8993326730699958,-0.0005415941145757719
7.0,3.0,10.0,2.0,2.0,4.0,1.0,5.0,10.0,10.0,5.0,10.0,0.0,0.0,0.0,0.0,0.0,0.0,1.0,0.0,0.0,0.0,0.0,1.0,0.0,0.0,0.0,0.0,0.0,0.0,0.0,0.0,0.0,0.0,1.0,0.0,0.0,0.0,0.0,0.0,0.7855432846729659,0.7554951041794535,-0.030048180493512322,,,,,,,,,,,,,,,
6.0,2.0,8.0,1.0,2.0,3.0,3.0,5.0,7.0,7.0,2.0,6.0,0.0,0.0,0.0,0.0,0.0,0.0,0.0,0.0,0.0,0.0,0.0,0.0,0.0,1.0,0.0,0.0,0.0,0.0,0.0,0.0,0.0,0.0,0.0,0.0,0.0,0.0,0.0,0.0,0.7452449776189847,0.7116232697320255,-0.03362170788695917,,,,0.7452449776189847,0.7606088548431446,0.015363877224159883,0.7452449776189847,0.7617096011990608,0.016464623580076165,0.7452449776189847,0.7290857904561513,-0.016159187162833377,0.7452449776189847,0.7441048204311596,-0.0011401571878251193
3.0,1.0,6.0,1.0,1.0,5.0,4.0,4.0,5.0,8.0,4.0,6.0,0.0,0.0,0.0,0.0,0.0,0.0,0.0,1.0,0.0,0.0,0.0,1.0,0.0,0.0,0.0,0.0,0.0,0.0,0.0,0.0,0.0,0.0,0.0,0.0,0.0,0.0,0.0,1.0,0.91691485208411,0.9030006490924363,-0.013914202991673785,0.91691485208411,0.9107153916018808,-0.006199460482229302,0.91691485208411,0.9229953565214477,0.006080504437337653,0.91691485208411,0.9234246043439989,0.0065097522598888125,0.91691485208411,0.9103345994276488,-0.006580252656461227,0.91691485208411,0.916456875484779,-0.0004579765993310003
5.0,1.0,3.0,1.0,3.0,5.0,2.0,4.0,4.0,7.0,1.0,5.0,0.0,1.0,0.0,0.0,0.0,0.0,0.0,0.0,0.0,0.0,0.0,0.0,0.0,0.0,0.0,0.0,0.0,0.0,0.0,0.0,0.0,0.0,0.0,0.0,0.0,0.0,0.0,0.0,0.6028246609524123,0.5614672290768166,-0.04135743187559571,0.6028246609524123,0.5838264009383103,-0.018998260014101986,0.6028246609524123,0.6224260445552783,0.019601383602866007,0.6028246609524123,0.6238479493732458,0.021023288420833564,0.6028246609524123,0.5826902849530542,-0.02013437599935808,0.6028246609524123,0.6013880310153599,-0.0014366299370524027
3.0,1.0,2.0,1.0,1.0,4.0,1.0,3.0,8.0,8.0,5.0,8.0,0.0,1.0,0.0,0.0,0.0,0.0,0.0,0.0,0.0,0.0,0.0,1.0,0.0,0.0,0.0,0.0,0.0,0.0,0.0,0.0,0.0,0.0,0.0,0.0,0.0,0.0,0.0,0.0,0.8088862422024569,0.7811977189553974,-0.027688523247059504,0.8088862422024569,0.796415862547851,-0.012470379654605845,0.8088862422024569,0.8213321759541565,0.012445933751699667,0.8088862422024569,0.8222189716691615,0.013332729466704607,,,,0.8088862422024569,0.8079575146426051,-0.0009287275598517386
2.0,3.0,2.0,1.0,2.0,1.0,1.0,1.0,8.0,6.0,2.0,8.0,0.0,0.0,0.0,0.0,1.0,0.0,1.0,0.0,0.0,0.0,0.0,0.0,0.0,0.0,0.0,0.0,0.0,1.0,0.0,0.0,1.0,0.0,0.0,0.0,0.0,0.0,0.0,0.0,0.8901434704993085,0.8723699504847172,-0.017773520014591315,0.8901434704993085,0.8822030726468916,-0.007940397852416958,0.8901434704993085,0.8979651870062272,0.007821716506918652,0.8901434704993085,0.8985186201936497,0.008375149694341166,0.8901434704993085,0.8817164713263752,-0.008426999172933325,0.8901434704993085,0.8895557012253336,-0.0005877692739749696
3.0,1.0,3.0,1.0,1.0,2.0,2.0,3.0,3.0,1.0,5.0,3.0,1.0,0.0,0.0,0.0,0.0,0.0,0.0,0.0,0.0,0.0,0.0,0.0,0.0,0.0,0.0,0.0,0.0,0.0,0.0,0.0,0.0,0.0,0.0,0.0,0.0,0.0,0.0,0.0,0.7466006253744143,0.7130889514682998,-0.033511673906114536,0.7466006253744143,0.7314155295101842,-0.015185095864230114,0.7466006253744143,0.7619088653563123,0.015308239981898009,0.7466006253744143,0.7630054966519343,0.016404871277519995,,,,0.7466006253744143,0.745464463162728,-0.0011361622116863312
3.0,1.0,7.0,1.0,1.0,4.0,4.0,3.0,8.0,8.0,2.0,8.0,1.0,0.0,0.0,0.0,0.0,0.0,1.0,0.0,0.0,0.0,0.0,1.0,0.0,0.0,0.0,0.0,0.0,0.0,0.0,0.0,0.0,0.0,0.0,0.0,0.0,0.0,0.0,0.0,0.8539346346894356,0.831412443319236,-0.022522191370199618,0.8539346346894356,0.8438362192394573,-0.01009841544997836,0.8539346346894356,0.8639403397811296,0.010005705091693962,0.8539346346894356,0.864650505535821,0.010715870846385367,0.8539346346894356,0.8432192958756725,-0.010715338813763187,0.8539346346894356,0.8531850885656872,-0.0007495461237484458
6.0,1.0,3.0,1.0,2.0,4.0,3.0,3.0,10.0,10.0,5.0,10.0,0.0,0.0,1.0,0.0,0.0,0.0,1.0,0.0,0.0,0.0,0.0,0.0,0.0,1.0,0.0,0.0,0.0,0.0,0.0,0.0,0.0,0.0,0.0,0.0,0.0,0.0,0.0,0.0,0.5581527849039782,0.5158793856781918,-0.042273399225786434,0.5581527849039782,0.5386530343904464,-0.01949975051353181,,,,,,,,,,,,
3.0,1.0,6.0,1.0,1.0,3.0,2.0,2.0,3.0,4.0,2.0,6.0,1.0,0.0,0.0,0.0,0.0,0.0,1.0,0.0,0.0,0.0,0.0,0.0,0.0,0.0,0.0,0.0,0.0,0.0,0.0,0.0,0.0,0.0,0.0,0.0,0.0,0.0,0.0,0.0,0.8421755358837738,0.8182261407855642,-0.02394939509820959,0.8421755358837738,0.8314246306984978,-0.010750905185275994,0.8421755358837738,0.8528479490262554,0.010672413142481574,0.8421755358837738,0.8536062011324259,0.011430665248652105,0.8421755358837738,0.8307685088308342,-0.011407027052939611,0.8421755358837738,0.8413768560078441,-0.000798679875929742
4.0,1.0,5.0,1.0,1.0,3.0,2.0,4.0,7.0,9.0,4.0,9.0,0.0,0.0,0.0,1.0,0.0,0.0,0.0,0.0,0.0,0.0,0.0,0.0,1.0,0.0,0.0,0.0,0.0,0.0,0.0,0.0,0.0,0.0,0.0,0.0,0.0,0.0,0.0,0.0,0.736041114246848,0.7016909335061989,-0.034350180740649106,0.736041114246848,0.7204601590697627,-0.015580955177085354,0.736041114246848,0.7517751801911388,0.01573406594429072,0.736041114246848,0.7529033492315161,0.0168622349846681,0.736041114246848,0.7195178450553779,-0.01652326919147018,0.736041114246848,0.7348744194169627,-0.0011666948298852953
7.0,1.0,3.0,1.0,1.0,3.0,3.0,3.0,2.0,5.0,2.0,5.0,1.0,0.0,0.0,0.0,0.0,0.0,1.0,0.0,0.0,0.0,0.0,0.0,0.0,0.0,0.0,0.0,0.0,0.0,0.0,0.0,0.0,0.0,1.0,0.0,0.0,0.0,0.0,0.0,0.674369558416408,0.6359631392357545,-0.03840641918065346,0.674369558416408,0.6568454466659849,-0.01752411175042312,0.674369558416408,0.692242665499428,0.017873107083020034,0.674369558416408,0.6935311052062859,0.019161546789877915,0.674369558416408,0.6557911430894823,-0.018578415326925724,0.674369558416408,0.6730513591652076,-0.0013181992512003582
4.0,1.0,10.0,1.0,1.0,4.0,2.0,3.0,8.0,8.0,5.0,8.0,1.0,0.0,0.0,0.0,0.0,0.0,0.0,0.0,0.0,0.0,0.0,1.0,0.0,0.0,0.0,0.0,0.0,0.0,0.0,0.0,0.0,0.0,0.0,0.0,0.0,0.0,0.0,0.0,0.888653881371428,0.8706743767591288,-0.017979504612299135,0.888653881371428,0.8806202559973123,-0.008033625374115672,0.888653881371428,0.8965693322553708,0.007915450883942854,0.888653881371428,0.8971294691708672,0.008475587799439244,,,,0.888653881371428,0.8880591445461767,-0.0005947368252512408
6.0,1.0,9.0,1.0,2.0,3.0,2.0,4.0,7.0,7.0,2.0,5.0,0.0,0.0,0.0,0.0,0.0,0.0,0.0,0.0,0.0,0.0,0.0,0.0,0.0,1.0,0.0,0.0,0.0,0.0,0.0,0.0,0.0,0.0,0.0,0.0,0.0,0.0,0.0,0.0,0.8292821950077763,0.8038320073855152,-0.025450187622261145,0.8292821950077763,0.817842970969794,-0.011439224037982365,0.8292821950077763,0.8406615248365886,0.01137932982881229,0.8292821950077763,0.8414708993084339,0.012188704300657549,0.8292821950077763,0.8171456130223208,-0.01213658198545553,0.8292821950077763,0.8284315598857798,-0.000850635121996568
7.0,1.0,8.0,1.0,1.0,1.0,2.0,4.0,8.0,8.0,5.0,9.0,0.0,0.0,0.0,0.0,0.0,0.0,1.0,0.0,0.0,0.0,0.0,1.0,0.0,0.0,0.0,0.0,0.0,0.0,0.0,0.0,0.0,0.0,0.0,0.0,0.0,0.0,0.0,1.0,0.7594309015854784,0.7269955601322385,-0.032435341453239896,0.7594309015854784,0.7447518083433715,-0.014679093242106922,0.7594309015854784,0.7741984649391805,0.014767563353702107,0.7594309015854784,0.7752551883178719,0.015824286732393444,,,,0.7594309015854784,0.7583336454386701,-0.0010972561468083342
4.0,2.0,7.0,2.0,1.0,5.0,1.0,5.0,10.0,10.0,5.0,10.0,0.0,0.0,0.0,0.0,0.0,0.0,0.0,0.0,0.0,0.0,0.0,0.0,1.0,0.0,0.0,0.0,0.0,0.0,0.0,0.0,0.0,0.0,0.0,0.0,0.0,0.0,0.0,0.0,0.9067828972471013,0.8913729229907073,-0.01540997425639401,,,,,,,,,,,,,,,
6.0,2.0,3.0,3.0,2.0,4.0,2.0,3.0,8.0,8.0,4.0,9.0,0.0,0.0,0.0,0.0,0.0,0.0,1.0,0.0,0.0,0.0,0.0,0.0,0.0,0.0,0.0,0.0,0.0,0.0,0.0,1.0,0.0,0.0,0.0,0.0,0.0,0.0,0.0,0.0,0.7402322526764297,0.7062097832188405,-0.03402246945758913,0.7402322526764297,0.7248061951316391,-0.015426057544790539,0.7402322526764297,0.755799379203719,0.01556712652728931,0.7402322526764297,0.756915172425315,0.01668291974888536,0.7402322526764297,0.723872916445508,-0.016359336230921673,0.7402322526764297,0.739077515693154,-0.0011547369832756171
3.0,1.0,2.0,1.0,1.0,5.0,2.0,3.0,5.0,7.0,4.0,7.0,1.0,0.0,0.0,0.0,0.0,0.0,1.0,0.0,0.0,0.0,0.0,0.0,0.0,0.0,0.0,0.0,0.0,0.0,0.0,0.0,0.0,0.0,0.0,0.0,0.0,0.0,0.0,0.0,0.8579316770947807,0.8359073685629329,-0.02202430853184778,0.8579316770947807,0.8480604333158785,-0.009871243778902139,0.8579316770947807,0.8677059969984233,0.009774319903642636,0.8579316770947807,0.8683995017925235,0.010467824697742767,0.8579316770947807,0.8474571809768875,-0.010474496117893195,0.8579316770947807,0.85719921210073,-0.0007324649940506633
5.0,1.0,6.0,1.0,3.0,2.0,2.0,4.0,8.0,8.0,5.0,9.0,0.0,0.0,0.0,0.0,0.0,0.0,1.0,0.0,0.0,0.0,0.0,1.0,0.0,0.0,0.0,0.0,0.0,0.0,0.0,0.0,0.0,0.0,0.0,0.0,0.0,0.0,0.0,0.0,0.6982723112394805,0.6612690309734072,-0.03700328026607336,0.6982723112394805,0.6814268756112432,-0.01684543562823737,0.6982723112394805,0.7153871574796513,0.01711484624017079,0.6982723112394805,0.7166183675879344,0.018346056348453876,,,,0.6982723112394805,0.6970073989525072,-0.001264912286973341
5.0,1.0,8.0,1.0,1.0,4.0,1.0,3.0,8.0,10.0,5.0,10.0,1.0,0.0,0.0,0.0,0.0,0.0,0.0,0.0,0.0,0.0,0.0,0.0,0.0,0.0,0.0,0.0,0.0,0.0,1.0,0.0,0.0,0.0,0.0,0.0,0.0,0.0,0.0,0.0,0.7842621715962632,0.7540906819961349,-0.030171489600128276,0.7842621715962632,0.7706406372003503,-0.01362153439591296,0.7842621715962632,0.7979110664311881,0.01364889483492493,,,,,,,,,
7.0,1.0,3.0,1.0,2.0,5.0,2.0,4.0,9.0,9.0,4.0,9.0,0.0,1.0,0.0,0.0,0.0,0.0,0.0,0.0,0.0,0.0,0.0,0.0,0.0,0.0,0.0,0.0,0.0,0.0,0.0,0.0,0.0,0.0,1.0,0.0,0.0,0.0,0.0,0.0,0.650122104920448,0.6105075809766798,-0.03961452394376819,0.650122104920448,0.6320051605133788,-0.018116944407069124,0.650122104920448,0.668672214460358,0.018550109539909987,0.650122104920448,0.6700122933734417,0.01989018845299373,0.650122104920448,0.6309174217258596,-0.019204683194588346,0.650122104920448,0.6487568733143176,-0.001365231606130335
7.0,1.0,3.0,1.0,4.0,3.0,3.0,4.0,8.0,8.0,3.0,8.0,0.0,0.0,0.0,0.0,0.0,0.0,1.0,0.0,0.0,0.0,1.0,0.0,0.0,0.0,0.0,0.0,0.0,0.0,0.0,0.0,0.0,0.0,0.0,0.0,1.0,0.0,0.0,0.0,0.2844064173892339,0.2510842810421809,-0.033322136347053,0.2844064173892339,0.2686553581098541,-0.01575105927937981,0.2844064173892339,0.301514082262554,0.017107664873320105,0.2844064173892339,0.3027907857773386,0.0183843683881047,0.2844064173892339,0.2677379925036484,-0.01666842488558551,0.2844064173892339,0.2831875723767159,-0.0012188450125180106
6.0,1.0,3.0,1.0,3.0,4.0,1.0,4.0,8.0,8.0,5.0,7.0,0.0,0.0,0.0,0.0,0.0,0.0,1.0,0.0,0.0,0.0,0.0,0.0,0.0,1.0,0.0,0.0,0.0,0.0,0.0,1.0,0.0,0.0,0.0,0.0,0.0,0.0,0.0,0.0,0.7473968930604711,0.7139501780853414,-0.03344671497512963,0.7473968930604711,0.7322424010352375,-0.015154492025233557,0.7473968930604711,0.7626723204101233,0.01527542734965226,0.7473968930604711,0.76376652556772,0.016369632507248877,,,,0.7473968930604711,0.7462630877012039,-0.0011338053592672148
6.0,1.0,6.0,1.0,1.0,5.0,1.0,2.0,8.0,8.0,5.0,10.0,0.0,0.0,0.0,0.0,0.0,0.0,1.0,0.0,0.0,0.0,0.0,0.0,0.0,0.0,0.0,0.0,0.0,0.0,0.0,1.0,0.0,0.0,0.0,0.0,0.0,0.0,0.0,0.0,0.9127298362380857,0.8981925904266087,-0.014537245811476973,0.9127298362380857,0.9062500355195627,-0.006479800718522943,0.9127298362380857,0.9190895904922889,0.006359754254203209,0.9127298362380857,0.9195387123184804,0.00680887608039471,,,,,,
5.0,1.0,9.0,1.0,1.0,4.0,3.0,4.0,5.0,5.0,2.0,8.0,1.0,0.0,0.0,0.0,0.0,0.0,0.0,0.0,0.0,0.0,0.0,0.0,1.0,0.0,0.0,0.0,0.0,0.0,0.0,0.0,0.0,0.0,0.0,0.0,0.0,0.0,0.0,0.0,0.8094533057813036,0.7818247792145693,-0.027628526566734313,0.8094533057813036,0.7970106421391955,-0.01244266364210811,0.8094533057813036,0.8218704429007205,0.012417137119416943,0.8094533057813036,0.8227551435345158,0.013301837753212253,0.8094533057813036,0.7962533997165493,-0.013199906064754297,0.8094533057813036,0.808526681594976,-0.000926624186327607
7.0,1.0,9.0,1.0,2.0,3.0,2.0,3.0,8.0,8.0,4.0,7.0,0.0,0.0,0.0,0.0,0.0,0.0,1.0,0.0,0.0,0.0,0.0,1.0,0.0,0.0,0.0,0.0,0.0,0.0,0.0,0.0,0.0,0.0,1.0,0.0,0.0,0.0,0.0,0.0,0.8088611560375228,0.7811699815564574,-0.027691174481065395,0.8088611560375228,0.7963895515189635,-0.012471604518559332,0.8088611560375228,0.8213083625800541,0.012447206542531286,0.8088611560375228,0.8221952509026095,0.013334094865086632,0.8088611560375228,0.7956305862585743,-0.013230569778948542,0.8088611560375228,0.8079323355167002,-0.0009288205208226596
4.0,1.0,7.0,1.0,2.0,4.0,3.0,2.0,6.0,5.0,3.0,5.0,0.0,0.0,1.0,0.0,0.0,0.0,1.0,0.0,0.0,1.0,0.0,0.0,0.0,0.0,0.0,0.0,0.0,0.0,0.0,0.0,0.0,0.0,0.0,0.0,0.0,0.0,0.0,0.0,0.5941180084542786,0.5525269365707753,-0.041591071883503306,0.5941180084542786,0.574996898155666,-0.01912111029861263,0.5941180084542786,0.6138738536780826,0.019755845223803914,0.5941180084542786,0.6153080597564776,0.021190051302198976,0.5941180084542786,0.5738542721983131,-0.02026373625596556,0.5941180084542786,0.5926711653527078,-0.0014468431015708383
6.0,3.0,3.0,2.0,3.0,4.0,3.0,3.0,10.0,10.0,5.0,10.0,0.0,0.0,0.0,0.0,0.0,0.0,1.0,0.0,0.0,0.0,0.0,0.0,0.0,0.0,0.0,0.0,0.0,0.0,0.0,0.0,0.0,0.0,0.0,0.0,0.0,0.0,0.0,0.0,0.6186897622045668,0.5778273996854641,-0.04086236251910269,0.6186897622045668,0.5999467665302141,-0.01874299567435278,,,,,,,,,,,,
6.0,1.0,5.0,1.0,3.0,4.0,2.0,3.0,8.0,8.0,5.0,8.0,0.0,0.0,0.0,0.0,0.0,1.0,1.0,0.0,0.0,0.0,0.0,0.0,0.0,1.0,0.0,0.0,0.0,0.0,0.0,0.0,0.0,0.0,1.0,0.0,0.0,0.0,0.0,0.0,0.6018721244495434,0.5604878217312762,-0.04138430271826721,0.6018721244495434,0.5828598299077913,-0.01901229454175213,0.6018721244495434,0.6214910006645584,0.019618876215015013,0.6018721244495434,0.6229142934576919,0.02104216900814848,,,,0.6018721244495434,0.6004343327883199,-0.0014377916612234865
3.0,1.0,7.0,1.0,2.0,2.0,1.0,3.0,7.0,7.0,3.0,8.0,0.0,0.0,0.0,0.0,0.0,0.0,0.0,0.0,1.0,0.0,0.0,0.0,0.0,0.0,0.0,0.0,0.0,0.0,0.0,0.0,0.0,0.0,0.0,0.0,0.0,0.0,0.0,0.0,0.9072242924569875,0.8918785859879949,-0.015345706468992693,0.9072242924569875,0.9003803225327042,-0.006843969924283377,0.9072242924569875,0.9139474329801887,0.00672314052320111,0.9072242924569875,0.9144224404616407,0.0071981480046531265,0.9072242924569875,0.8999602939478664,-0.007263998509121183,0.9072242924569875,0.9067183343844198,-0.0005059580725677026
3.0,1.0,9.0,1.0,1.0,3.0,2.0,3.0,8.0,8.0,5.0,7.0,0.0,0.0,0.0,0.0,0.0,0.0,1.0,0.0,0.0,0.0,0.0,1.0,0.0,0.0,0.0,0.0,0.0,0.0,0.0,0.0,0.0,0.0,0.0,0.0,0.0,0.0,0.0,0.0,0.9059450290446299,0.8904132837775149,-0.015531745267114982,0.9059450290446299,0.8990171934414449,-0.006927835603184995,0.9059450290446299,0.9127519580832861,0.0068069290386562065,0.9059450290446299,0.9132329380637065,0.0072879090190766105,,,,0.9059450290446299,0.9054328216500375,-0.0005122073945924566
3.0,1.0,4.0,2.0,3.0,4.0,2.0,3.0,8.0,7.0,4.0,7.0,0.0,0.0,0.0,0.0,0.0,0.0,1.0,0.0,0.0,0.0,0.0,1.0,0.0,0.0,0.0,0.0,0.0,0.0,0.0,0.0,0.0,0.0,0.0,0.0,0.0,0.0,0.0,0.0,0.797200312843077,0.7683036909508284,-0.02889662189224862,0.797200312843077,0.7841708710894146,-0.013029441753662385,0.797200312843077,0.8102287287792603,0.013028415936183313,0.797200312843077,0.8111579639681291,0.013957651125052095,0.797200312843077,0.7833787488422581,-0.013821564000818909,0.797200312843077,0.7962291027549155,-0.0009712100881614782
4.0,1.0,7.0,1.0,2.0,4.0,1.0,4.0,9.0,8.0,2.0,9.0,0.0,0.0,0.0,0.0,0.0,0.0,1.0,0.0,0.0,0.0,0.0,1.0,0.0,0.0,0.0,0.0,0.0,0.0,0.0,0.0,0.0,0.0,0.0,0.0,0.0,0.0,0.0,0.0,0.898394266523226,0.8817783417309754,-0.016615924792250603,0.898394266523226,0.8909771923121478,-0.0074170742110781784,0.898394266523226,0.9056907710093781,0.0072965044861521555,0.898394266523226,0.9062066777435653,0.007812411220339377,0.898394266523226,0.8905223377584321,-0.007871928764793812,0.898394266523226,0.897845575671825,-0.0005486908514009681
5.0,1.0,7.0,1.0,3.0,5.0,2.0,3.0,7.0,6.0,5.0,6.0,0.0,0.0,0.0,0.0,0.0,0.0,1.0,0.0,0.0,0.0,0.0,0.0,0.0,1.0,0.0,0.0,0.0,0.0,0.0,0.0,0.0,0.0,0.0,1.0,0.0,0.0,0.0,0.0,0.7504562227873358,0.7172613470655306,-0.03319487572180524,0.7504562227873358,0.7354202968302368,-0.015035925957099017,0.7504562227873358,0.7656046663236443,0.015148443536308509,0.7504562227873358,0.7666894876500818,0.01623326486274601,,,,0.7504562227873358,0.7493315437091246,-0.0011246790782112326
6.0,6.0,3.0,2.0,2.0,4.0,1.0,4.0,8.0,8.0,4.0,10.0,0.0,0.0,0.0,0.0,0.0,0.0,0.0,0.0,1.0,0.0,0.0,0.0,0.0,0.0,0.0,0.0,0.0,0.0,0.0,0.0,0.0,0.0,0.0,0.0,0.0,0.0,0.0,0.0,0.7185917115364686,0.6829488987955068,-0.035642812740961816,0.7185917115364686,0.7023972136551252,-0.016194497881343417,0.7185917115364686,0.734991409287596,0.016399697751127373,0.7185917115364686,0.7361690892204181,0.017577377683949513,0.7185917115364686,0.7014192447705259,-0.01717246676594275,,,
6.0,1.0,9.0,1.0,3.0,3.0,3.0,4.0,8.0,8.0,4.0,8.0,0.0,0.0,0.0,0.0,0.0,0.0,0.0,0.0,0.0,0.0,0.0,1.0,0.0,0.0,0.0,0.0,0.0,0.0,0.0,0.0,0.0,0.0,0.0,0.0,0.0,0.0,0.0,0.0,0.7313329683972885,0.6966226313038812,-0.034710337093407206,0.7313329683972885,0.7155814908748451,-0.015751477522443325,0.7313329683972885,0.7472513076779019,0.01591833928061348,0.7313329683972885,0.7483931561338215,0.01706018773653306,0.7313329683972885,0.7146292452024623,-0.01670372319482616,0.7313329683972885,0.730153092951828,-0.0011798754454604987
6.0,1.0,6.0,2.0,1.0,4.0,2.0,3.0,10.0,10.0,5.0,10.0,0.0,1.0,0.0,0.0,0.0,0.0,1.0,0.0,0.0,0.0,0.0,0.0,0.0,1.0,0.0,0.0,0.0,0.0,0.0,1.0,0.0,0.0,0.0,0.0,0.0,0.0,0.0,0.0,0.7062971508002279,0.6698126522638603,-0.03648449853636759,0.7062971508002279,0.6897006467966836,-0.016596504003544288,,,,,,,,,,,,
2.0,3.0,6.0,3.0,2.0,4.0,2.0,4.0,8.0,8.0,5.0,8.0,0.0,0.0,0.0,0.0,0.0,0.0,1.0,0.0,0.0,0.0,0.0,0.0,0.0,0.0,0.0,0.0,1.0,0.0,0.0,0.0,0.0,0.0,0.0,0.0,0.0,0.0,0.0,0.0,0.7647583475657735,0.7327885581191598,-0.03196978944661377,0.7647583475657735,0.7502974413690473,-0.014460906196726242,0.7647583475657735,0.7792939222469455,0.014535574681171948,0.7647583475657735,0.7803335654660725,0.015575217900298921,,,,0.7647583475657735,0.7636778289324565,-0.0010805186333170402
4.0,1.0,9.0,1.0,1.0,4.0,2.0,5.0,9.0,8.0,3.0,9.0,0.0,0.0,0.0,0.0,0.0,0.0,1.0,0.0,0.0,0.0,0.0,1.0,0.0,0.0,0.0,0.0,0.0,0.0,0.0,0.0,0.0,0.0,0.0,0.0,0.0,0.0,0.0,0.0,0.9065579820110926,0.8911152910655841,-0.015442690945508541,,,,0.9065579820110926,0.9133247946700617,0.006766812658969057,0.9065579820110926,0.9138029149471786,0.007244932936085968,0.9065579820110926,0.8992476075687234,-0.007310374442369261,0.9065579820110926,0.9060487664822766,-0.0005092155288159983
4.0,1.0,3.0,3.0,1.0,4.0,3.0,5.0,2.0,3.0,5.0,1.0,1.0,0.0,0.0,0.0,0.0,0.0,0.0,0.0,0.0,0.0,0.0,1.0,0.0,0.0,0.0,0.0,0.0,0.0,0.0,1.0,0.0,0.0,0.0,0.0,0.0,0.0,0.0,0.0,0.6745377667719129,0.6361404824971013,-0.038397284274811594,,,,0.6745377667719129,0.6924058524542334,0.017868085682320456,0.6745377667719129,0.6936939112718513,0.01915614449993841,,,,0.6745377667719129,0.6732199184925663,-0.0013178482793465562
2.0,1.0,10.0,1.0,1.0,1.0,1.0,5.0,8.0,8.0,3.0,8.0,0.0,0.0,0.0,0.0,0.0,0.0,0.0,0.0,0.0,0.0,0.0,1.0,0.0,0.0,0.0,0.0,0.0,0.0,0.0,0.0,0.0,0.0,0.0,0.0,0.0,0.0,0.0,0.0,0.9189664310497787,0.9053603420046079,-0.0136060890451708,,,,0.9189664310497787,0.9249090886787311,0.005942657628952408,0.9189664310497787,0.9253285317965062,0.006362100746727495,0.9189664310497787,0.9125331615510943,-0.006433269498684391,0.9189664310497787,0.9185187580996466,-0.0004476729501321497
5.0,5.0,5.0,2.0,2.0,3.0,3.0,3.0,9.0,10.0,4.0,10.0,0.0,0.0,0.0,0.0,0.0,1.0,1.0,0.0,0.0,0.0,0.0,0.0,0.0,0.0,0.0,1.0,0.0,0.0,0.0,0.0,0.0,0.0,1.0,0.0,0.0,0.0,0.0,0.0,0.38094223967035806,0.3417105968781424,-0.03923164279221564,0.38094223967035806,0.3625535349852097,-0.01838870468514836,0.38094223967035806,0.4006059402790041,0.01966370060864603,,,,0.38094223967035806,0.3614740138102311,-0.019468225860126975,,,
5.0,1.0,6.0,1.0,2.0,4.0,2.0,4.0,9.0,9.0,4.0,10.0,0.0,0.0,0.0,0.0,0.0,0.0,0.0,0.0,0.0,0.0,0.0,0.0,1.0,0.0,0.0,0.0,0.0,0.0,0.0,0.0,0.0,0.0,0.0,0.0,0.0,0.0,0.0,0.0,0.848429182806544,0.8252318294671644,-0.023197353339379556,0.848429182806544,0.8380223396260164,-0.010406843180527647,0.848429182806544,0.8587496380636623,0.010320455257118333,0.848429182806544,0.8594824901812212,0.011053307374677246,0.848429182806544,0.8373868746225208,-0.011042308184023186,,,
2.0,3.0,6.0,3.0,1.0,4.0,2.0,3.0,5.0,5.0,3.0,5.0,0.0,0.0,0.0,0.0,1.0,0.0,0.0,0.0,0.0,0.0,0.0,0.0,0.0,0.0,0.0,0.0,1.0,0.0,0.0,0.0,0.0,0.0,0.0,0.0,0.0,0.0,1.0,0.0,0.9274615224747983,0.9151501165588674,-0.01231140591593094,0.9274615224747983,0.9219820503196238,-0.005479472155174525,0.9274615224747983,0.9328267248999507,0.005365202425152371,0.9274615224747983,0.9332051355822001,0.00574361310740179,0.9274615224747983,0.9216451754195273,-0.0058163470552710095,0.9274615224747983,0.9270570557888164,-0.00040446668598193014
3.0,1.0,7.0,1.0,2.0,4.0,2.0,3.0,9.0,9.0,3.0,9.0,0.0,0.0,0.0,0.0,0.0,0.0,0.0,0.0,0.0,0.0,0.0,0.0,0.0,0.0,0.0,0.0,0.0,0.0,0.0,0.0,0.0,0.0,0.0,0.0,0.0,0.0,0.0,0.0,0.9116550341682111,0.8969589626775476,-0.014696071490663543,0.9116550341682111,0.9051037267004627,-0.006551307467748457,0.9116550341682111,0.9180860844939411,0.006431050325729992,0.9116550341682111,0.9185402829329868,0.006885248764775698,0.9116550341682111,0.9047015056115347,-0.006953528556676414,0.9116550341682111,0.9111708735146611,-0.00048416065355005866
2.0,1.0,8.0,4.0,1.0,5.0,2.0,4.0,9.0,8.0,3.0,9.0,0.0,0.0,0.0,0.0,0.0,0.0,1.0,0.0,1.0,0.0,0.0,0.0,0.0,0.0,0.0,0.0,0.0,0.0,0.0,0.0,0.0,0.0,0.0,0.0,0.0,1.0,0.0,0.0,0.9501066342298901,0.9413957565861757,-0.008710877643714365,0.9501066342298901,0.9462385913437935,-0.0038680428860965455,0.9501066342298901,0.9538802122882735,0.003773578058383409,0.9501066342298901,0.9541458512720673,0.0040392170421772455,0.9501066342298901,0.9460003197391055,-0.0041063144907845794,0.9501066342298901,0.9498216028325248,-0.00028503139736524297
5.0,1.0,4.0,1.0,3.0,4.0,3.0,3.0,7.0,8.0,4.0,7.0,1.0,0.0,0.0,0.0,0.0,0.0,1.0,0.0,0.0,0.0,0.0,0.0,1.0,0.0,0.0,0.0,0.0,0.0,0.0,0.0,0.0,0.0,0.0,0.0,0.0,0.0,0.0,0.0,0.6267135571640536,0.5861358610286008,-0.04057769613545281,0.6267135571640536,0.6081151453710814,-0.01859841179297228,0.6267135571640536,0.6458286413403904,0.019115084176336783,0.6267135571640536,0.6472123669825013,0.02049880981844765,0.6267135571640536,0.6070007019120006,-0.01971285525205302,0.6267135571640536,0.6253096280193355,-0.0014039291447180968
6.0,1.0,8.0,1.0,2.0,4.0,3.0,3.0,5.0,7.0,3.0,9.0,0.0,0.0,0.0,0.0,1.0,0.0,1.0,0.0,0.0,0.0,0.0,0.0,0.0,1.0,0.0,0.0,0.0,0.0,0.0,0.0,0.0,0.0,0.0,0.0,0.0,0.0,0.0,0.0,0.7609968063495185,0.7286971679111663,-0.03229963843835215,0.7609968063495185,0.7463813524692099,-0.014615453880308604,0.7609968063495185,0.7756966362241787,0.01469982987466023,0.7609968063495185,0.7767483701459034,0.01575156379638487,0.7609968063495185,0.745495550574458,-0.015501255775060452,0.7609968063495185,0.7599044343992969,-0.0010923719502216045
3.0,1.0,3.0,1.0,4.0,4.0,1.0,4.0,3.0,4.0,1.0,2.0,0.0,0.0,0.0,0.0,1.0,0.0,1.0,0.0,1.0,0.0,0.0,0.0,0.0,0.0,0.0,0.0,0.0,0.0,0.0,0.0,0.0,0.0,0.0,0.0,0.0,0.0,0.0,0.0,0.7674114186657861,0.7356775676506286,-0.031733851015157466,0.7674114186657861,0.7530609417322915,-0.01435047693349456,0.7674114186657861,0.7818298270026933,0.014418408336907218,0.7674114186657861,0.7828608531922006,0.015449434526414452,0.7674114186657861,0.7521907236011245,-0.015220695064661616,0.7674114186657861,0.7663393628919752,-0.001072055773810865
3.0,1.0,8.0,1.0,1.0,5.0,1.0,4.0,9.0,8.0,4.0,10.0,0.0,0.0,0.0,0.0,0.0,0.0,0.0,0.0,0.0,0.0,0.0,1.0,0.0,0.0,0.0,0.0,0.0,0.0,0.0,0.0,0.0,0.0,0.0,0.0,0.0,0.0,0.0,0.0,0.9475857277007873,0.9384632313685205,-0.009122496332266805,0.9475857277007873,0.9435338635656523,-0.00405186413513503,0.9475857277007873,0.9515402444367805,0.00395451673599323,0.9475857277007873,0.9518186803094408,0.0042329526086535285,0.9475857277007873,0.943284323056546,-0.004301404644241336,,,
6.0,1.0,8.0,1.0,1.0,4.0,2.0,3.0,8.0,7.0,2.0,8.0,1.0,0.0,0.0,0.0,0.0,0.0,0.0,0.0,0.0,0.0,0.0,1.0,0.0,0.0,0.0,0.0,0.0,0.0,0.0,0.0,0.0,0.0,0.0,0.0,0.0,0.0,0.0,0.0,0.8652636273401064,0.844169508539409,-0.021094118800697448,0.8652636273401064,0.8558162082618315,-0.009447419078274955,0.8652636273401064,0.8746072354137001,0.00934360807359369,0.8652636273401064,0.8752697632768917,0.010006135936785232,0.8652636273401064,0.8552384927232503,-0.010025134616856168,0.8652636273401064,0.8645629963360467,-0.0007006310040597041
6.0,1.0,5.0,2.0,1.0,5.0,2.0,3.0,7.0,7.0,5.0,8.0,1.0,0.0,0.0,0.0,0.0,0.0,0.0,0.0,0.0,0.0,0.0,0.0,1.0,0.0,0.0,0.0,0.0,0.0,0.0,0.0,0.0,0.0,0.0,0.0,0.0,0.0,0.0,0.0,0.8028798425367262,0.7745636394562122,-0.02831620308051397,0.8028798425367262,0.7901192308838023,-0.012760611652923859,0.8028798425367262,0.8156277745904704,0.012747932053744249,0.8028798425367262,0.8165365590175072,0.01365671648078104,,,,0.8028798425367262,0.8019290738863774,-0.0009507686503488211
5.0,1.0,2.0,2.0,3.0,5.0,4.0,2.0,2.0,3.0,3.0,3.0,0.0,0.0,0.0,0.0,0.0,0.0,1.0,0.0,0.0,0.0,1.0,0.0,0.0,0.0,0.0,0.0,0.0,0.0,0.0,0.0,0.0,0.0,0.0,0.0,1.0,0.0,0.0,0.0,0.35986040313213097,0.32167173842772834,-0.03818866470440263,0.35986040313213097,0.34192726684692865,-0.017933136285202322,0.35986040313213097,0.3791022964955129,0.019241893363381946,0.35986040313213097,0.3805285510533459,0.020668147921214908,0.35986040313213097,0.34087631916889644,-0.018984083963234533,0.35986040313213097,0.35848018507795104,-0.001380218054179927
6.0,1.0,5.0,1.0,2.0,4.0,2.0,2.0,6.0,6.0,5.0,4.0,0.0,0.0,0.0,0.0,0.0,0.0,1.0,0.0,0.0,0.0,0.0,0.0,0.0,0.0,0.0,0.0,0.0,0.0,0.0,0.0,0.0,0.0,1.0,0.0,0.0,0.0,0.0,0.0,0.8072484519960136,0.7793873616396237,-0.02786109035638984,0.8072484519960136,0.7946983285878575,-0.012550123408156089,0.8072484519960136,0.8197772800375807,0.012528828041567075,0.8072484519960136,0.820670108238231,0.013421656242217472,,,,0.8072484519960136,0.8063136712578399,-0.0009347807381736573
4.0,2.0,7.0,2.0,3.0,4.0,3.0,3.0,7.0,7.0,3.0,7.0,0.0,0.0,0.0,0.0,0.0,0.0,1.0,0.0,0.0,0.0,0.0,0.0,1.0,0.0,0.0,0.0,0.0,0.0,0.0,1.0,0.0,0.0,0.0,0.0,0.0,0.0,0.0,0.0,0.7252274780391296,0.6900626347036012,-0.035164843335528384,0.7252274780391296,0.7092603501377349,-0.01596712790139465,0.7252274780391296,0.7413796396388794,0.01615216159974986,0.7252274780391296,0.742538875086155,0.017311397047025445,0.7252274780391296,0.7082955682216635,-0.016931909817466062,0.7252274780391296,0.7240309076192056,-0.0011965704199239369
5.0,1.0,7.0,1.0,1.0,5.0,2.0,4.0,9.0,8.0,4.0,8.0,1.0,0.0,0.0,0.0,0.0,0.0,0.0,0.0,0.0,0.0,0.0,1.0,0.0,0.0,0.0,0.0,0.0,0.0,0.0,0.0,0.0,0.0,0.0,0.0,0.0,0.0,0.0,0.0,0.8782264985307575,0.8588307189957878,-0.019395779534969737,0.8782264985307575,0.8695509755860815,-0.008675522944675995,0.8782264985307575,0.8867887835707894,0.00856228504003187,0.8782264985307575,0.8873952353767625,0.009168736846004943,0.8782264985307575,0.8690198699514046,-0.009206628579352949,0.8782264985307575,0.8775837379748379,-0.0006427605559196081
3.0,1.0,5.0,1.0,2.0,4.0,1.0,5.0,7.0,8.0,3.0,8.0,0.0,1.0,0.0,0.0,0.0,0.0,0.0,0.0,0.0,0.0,0.0,0.0,0.0,0.0,0.0,0.0,0.0,0.0,0.0,0.0,0.0,0.0,0.0,0.0,0.0,0.0,0.0,0.0,0.7559751723287621,0.7232436994311545,-0.03273147289760758,,,,0.7559751723287621,0.7708908714408111,0.014915699112049041,0.7559751723287621,0.7719585145454093,0.01598334221664721,0.7559751723287621,0.7402593879755535,-0.01571578435320864,0.7559751723287621,0.7548672420004433,-0.0011079303283187958
6.0,1.0,5.0,1.0,3.0,3.0,2.0,3.0,5.0,0.0,3.0,1.0,1.0,0.0,0.0,0.0,0.0,0.0,1.0,0.0,0.0,0.0,0.0,0.0,0.0,0.0,0.0,0.0,0.0,0.0,0.0,0.0,0.0,0.0,0.0,0.0,0.0,0.0,0.0,1.0,0.536216082274803,0.4937475264395969,-0.04246855583520609,0.536216082274803,0.5165866958689758,-0.01962938640582723,0.536216082274803,0.5566873008512714,0.020471218576468386,0.536216082274803,0.5581810408061247,0.021964958531321743,0.536216082274803,0.5154193764597631,-0.020796705815039895,0.536216082274803,0.5347244780426376,-0.0014916042321654333
4.0,1.0,4.0,1.0,3.0,3.0,2.0,3.0,9.0,7.0,5.0,2.0,0.0,1.0,0.0,0.0,0.0,0.0,1.0,0.0,0.0,0.0,0.0,1.0,0.0,0.0,0.0,0.0,0.0,0.0,0.0,1.0,0.0,0.0,0.0,0.0,0.0,0.0,0.0,0.0,0.5532467028641911,0.5109152200190622,-0.04233148284512889,0.5532467028641911,0.5337113167178483,-0.01953538614634276,0.5532467028641911,0.5735640201433803,0.020317317279189173,0.5532467028641911,0.5750443036167062,0.021797600752515134,,,,0.5532467028641911,0.5517640856031628,-0.001482617261028274
5.0,1.0,5.0,1.0,1.0,3.0,1.0,3.0,8.0,8.0,4.0,8.0,0.0,0.0,0.0,0.0,0.0,0.0,0.0,0.0,0.0,0.0,0.0,0.0,1.0,0.0,0.0,0.0,0.0,0.0,0.0,0.0,0.0,0.0,0.0,0.0,0.0,0.0,0.0,0.0,0.8903514546180848,0.8726067682844552,-0.01774468633362969,0.8903514546180848,0.8824241041371769,-0.00792735048090798,0.8903514546180848,0.8981600569845697,0.00780860236648484,0.8903514546180848,0.8987125524265863,0.008361097808501472,0.8903514546180848,0.881938293674852,-0.008413160943232856,0.8903514546180848,0.8897646603216611,-0.0005867942964237205
6.0,2.0,7.0,1.0,2.0,4.0,3.0,3.0,9.0,9.0,5.0,10.0,0.0,0.0,0.0,0.0,0.0,0.0,0.0,0.0,0.0,0.0,0.0,0.0,0.0,1.0,0.0,0.0,0.0,0.0,0.0,1.0,0.0,0.0,0.0,0.0,0.0,0.0,0.0,0.0,0.7978383248833391,0.7690062708110951,-0.028832054072243984,0.7978383248833391,0.7848388107455035,-0.01299951413783551,0.7978383248833391,0.8108354789538154,0.012997154070476302,0.7978383248833391,0.8117624333717676,0.01392410848842851,,,,,,
2.0,2.0,5.0,4.0,2.0,4.0,2.0,3.0,3.0,5.0,3.0,6.0,0.0,0.0,0.0,0.0,0.0,1.0,1.0,0.0,0.0,0.0,0.0,0.0,0.0,0.0,0.0,0.0,1.0,0.0,0.0,0.0,0.0,0.0,0.0,0.0,0.0,1.0,0.0,0.0,0.6721186571778351,0.6335910017727735,-0.038527655405061645,0.6721186571778351,0.654535465492859,-0.01758319168497613,0.6721186571778351,0.6900585287273775,0.017939871549542352,0.6721186571778351,0.6913520354208296,0.019233378242994426,0.6721186571778351,0.6534778089014573,-0.018640848276377797,0.6721186571778351,0.67079579410707,-0.0013228630707651234
2.0,2.0,3.0,4.0,1.0,4.0,1.0,3.0,7.0,3.0,3.0,8.0,0.0,1.0,0.0,0.0,0.0,0.0,1.0,0.0,0.0,0.0,0.0,0.0,0.0,0.0,0.0,0.0,1.0,0.0,0.0,0.0,0.0,0.0,0.0,0.0,0.0,1.0,0.0,0.0,0.7145258414385742,0.6785983828920146,-0.035927458546559654,0.7145258414385742,0.6981956321292512,-0.01633020930932305,0.7145258414385742,0.7310738114284699,0.016547969989895717,0.7145258414385742,0.7322625590748713,0.017736717636297028,0.7145258414385742,0.6972098081545673,-0.017316033284006882,0.7145258414385742,0.7133010911604509,-0.0012247502781232988
2.0,1.0,7.0,3.0,1.0,3.0,1.0,4.0,6.0,6.0,2.0,5.0,1.0,0.0,0.0,0.0,0.0,0.0,1.0,0.0,0.0,0.0,0.0,0.0,0.0,0.0,0.0,0.0,1.0,0.0,0.0,0.0,1.0,0.0,0.0,0.0,0.0,0.0,0.0,0.0,0.9108102892704699,0.8959897276635848,-0.014820561606885163,0.9108102892704699,0.9042029214571102,-0.006607367813359688,0.9108102892704699,0.9172972541261849,0.006486964855714983,0.9108102892704699,0.9177554346647389,0.006945145394268937,0.9108102892704699,0.9037972880964172,-0.00701300117405268,0.9108102892704699,0.9103219545213551,-0.0004883347491148049
3.0,1.0,4.0,1.0,1.0,4.0,3.0,3.0,7.0,7.0,5.0,8.0,0.0,0.0,0.0,0.0,0.0,0.0,0.0,0.0,1.0,0.0,0.0,0.0,0.0,0.0,0.0,0.0,0.0,0.0,0.0,0.0,0.0,0.0,0.0,0.0,0.0,0.0,0.0,0.0,0.9083028439079204,0.89311451857869,-0.015188325329230423,0.9083028439079204,0.9015298017863951,-0.006773042121525297,0.9083028439079204,0.9149551522320665,0.0066523083241460945,0.9083028439079204,0.9154251118847726,0.007122267976852226,,,,0.9083028439079204,0.9078021700221404,-0.0005006738857800119
4.0,1.0,3.0,3.0,1.0,3.0,1.0,4.0,8.0,9.0,4.0,8.0,0.0,0.0,0.0,1.0,0.0,0.0,0.0,0.0,0.0,0.0,0.0,0.0,0.0,0.0,0.0,0.0,0.0,0.0,0.0,1.0,0.0,0.0,0.0,0.0,0.0,0.0,0.0,0.0,0.7471037475273038,0.713633089696675,-0.03347065783062875,0.7471037475273038,0.7319379764211743,-0.015165771106129489,0.7471037475273038,0.762391266272209,0.015287518744905193,0.7471037475273038,0.7634863653919065,0.01638261786460271,0.7471037475273038,0.7310199083932056,-0.016083839134098166,0.7471037475273038,0.7459690736056902,-0.0011346739216135937
4.0,1.0,7.0,1.0,2.0,3.0,2.0,3.0,7.0,7.0,2.0,6.0,0.0,1.0,0.0,0.0,0.0,0.0,0.0,0.0,0.0,0.0,0.0,0.0,1.0,0.0,0.0,0.0,0.0,0.0,0.0,0.0,0.0,0.0,0.0,0.0,0.0,0.0,0.0,0.0,0.694875056696188,0.6576594055263285,-0.037215651169859476,0.694875056696188,0.6779274356686473,-0.01694762102754066,0.694875056696188,0.7121031540524753,0.017228097356287275,0.694875056696188,0.7133428779726748,0.01846782127648683,0.694875056696188,0.6769060435799957,-0.017969013116192256,0.694875056696188,0.6936021516730944,-0.001272905023093629
2.0,1.0,8.0,1.0,1.0,4.0,2.0,5.0,6.0,7.0,3.0,5.0,1.0,0.0,0.0,0.0,0.0,0.0,0.0,0.0,0.0,0.0,0.0,0.0,0.0,0.0,0.0,0.0,0.0,0.0,0.0,0.0,0.0,0.0,0.0,0.0,0.0,0.0,0.0,0.0,0.8934272417601808,0.8761110557697159,-0.017316185990464916,,,,0.8934272417601808,0.9010411480390973,0.007613906278916449,0.8934272417601808,0.9015797259404406,0.008152484180259711,0.8934272417601808,0.8852196569776818,-0.008207584782499056,0.8934272417601808,0.8928549269792942,-0.0005723147808865958
5.0,1.0,10.0,1.0,2.0,3.0,2.0,4.0,8.0,7.0,3.0,7.0,0.0,0.0,0.0,0.0,0.0,0.0,1.0,0.0,0.0,0.0,0.0,0.0,1.0,0.0,0.0,0.0,0.0,0.0,0.0,1.0,0.0,0.0,0.0,0.0,0.0,0.0,0.0,0.0,0.8323506178774526,0.8072515428977718,-0.02509907497968078,0.8323506178774526,0.8210726368836498,-0.011277980993802728,0.8323506178774526,0.8435640018014857,0.011213383924033149,0.8323506178774526,0.8443613624417865,0.01201074456433393,0.8323506178774526,0.8203849277356194,-0.01196569014183313,0.8323506178774526,0.8315121654593901,-0.0008384524180624631
3.0,1.0,3.0,1.0,1.0,2.0,1.0,3.0,7.0,7.0,2.0,7.0,1.0,0.0,0.0,0.0,0.0,0.0,0.0,0.0,0.0,0.0,0.0,0.0,0.0,0.0,0.0,0.0,0.0,0.0,0.0,0.0,0.0,0.0,0.0,0.0,0.0,0.0,0.0,0.0,0.8720157198601853,0.8517976386390834,-0.020218081221101913,0.8720157198601853,0.8629667629236227,-0.009048956936562602,0.8720157198601853,0.8809555095547756,0.008939789694590305,0.8720157198601853,0.8815890366960367,0.009573316835851386,0.8720157198601853,0.8624130921174541,-0.00960262774273124,0.8720157198601853,0.8713449792216491,-0.0006707406385362269
5.0,2.0,3.0,1.0,2.0,4.0,2.0,3.0,6.0,5.0,4.0,8.0,0.0,0.0,0.0,0.0,0.0,0.0,1.0,0.0,0.0,0.0,1.0,0.0,0.0,0.0,0.0,0.0,0.0,0.0,0.0,1.0,0.0,0.0,0.0,0.0,0.0,0.0,0.0,0.0,0.8071498508709628,0.7792784052121473,-0.027871445658815497,0.8071498508709628,0.7945949410707567,-0.012554909800206127,0.8071498508709628,0.8196836563720443,0.012533805501081519,0.8071498508709628,0.8205768468726955,0.013426996001732694,0.8071498508709628,0.793831018103824,-0.013318832767138855,0.8071498508709628,0.8062147067410786,-0.0009351441298841578
3.0,1.0,6.0,4.0,1.0,4.0,2.0,2.0,7.0,5.0,2.0,6.0,1.0,0.0,0.0,0.0,0.0,0.0,1.0,0.0,0.0,0.0,0.0,1.0,0.0,0.0,0.0,0.0,0.0,0.0,0.0,0.0,0.0,0.0,0.0,0.0,0.0,1.0,0.0,0.0,0.8775477885961744,0.8580613774368562,-0.019486411159318262,0.8775477885961744,0.8688311341422493,-0.00871665445392511,0.8775477885961744,0.8861516094570159,0.008603820860841438,0.8775477885961744,0.8867610386347139,0.009213250038539456,0.8775477885961744,0.8682975416604811,-0.009250246935693318,0.8775477885961744,0.8769019477267214,-0.0006458408694530737
5.0,1.0,3.0,1.0,2.0,5.0,3.0,3.0,8.0,6.0,4.0,7.0,0.0,0.0,0.0,0.0,0.0,0.0,0.0,0.0,0.0,0.0,0.0,0.0,0.0,0.0,0.0,0.0,0.0,0.0,0.0,0.0,0.0,0.0,0.0,0.0,0.0,0.0,0.0,0.0,0.8287188690590622,0.8032046311512699,-0.02551423790779228,0.8287188690590622,0.8172502167014091,-0.011468652357653153,0.8287188690590622,0.8401285090274132,0.011409639968350982,0.8287188690590622,0.8409400787208633,0.012221209661801069,0.8287188690590622,0.8165510985065855,-0.012167770552476753,0.8287188690590622,0.8278660096786945,-0.0008528593803677209
3.0,3.0,7.0,2.0,2.0,3.0,2.0,4.0,7.0,6.0,2.0,6.0,0.0,0.0,0.0,0.0,0.0,0.0,0.0,0.0,0.0,0.0,0.0,1.0,0.0,0.0,0.0,0.0,0.0,0.0,0.0,0.0,0.0,0.0,0.0,0.0,0.0,0.0,0.0,0.0,0.8148760419167953,0.7878276939116792,-0.02704834800511613,0.8148760419167953,0.8027011715360535,-0.012174870380741831,0.8148760419167953,0.8270153205082474,0.01213927859145214,0.8148760419167953,0.827879819880113,0.013003777963317753,0.8148760419167953,0.8019598826020948,-0.01291615931470047,0.8148760419167953,0.8139697278149004,-0.0009063141018949006
4.0,1.0,8.0,1.0,3.0,3.0,3.0,3.0,6.0,6.0,3.0,7.0,1.0,0.0,0.0,0.0,0.0,0.0,0.0,1.0,0.0,0.0,0.0,0.0,0.0,0.0,0.0,0.0,0.0,0.0,0.0,1.0,0.0,0.0,0.0,0.0,0.0,0.0,0.0,0.0,0.789116528283976,0.7594156718189227,-0.029700856465053382,0.789116528283976,0.7757138403694387,-0.013402687914537359,0.789116528283976,0.8025356336707752,0.013419105386799135,0.789116528283976,0.8034934027132589,0.014376874429282815,0.789116528283976,0.7748995894222698,-0.014216938861706274,0.789116528283976,0.7881168942434957,-0.0009996340404803128
4.0,1.0,6.0,1.0,2.0,2.0,2.0,5.0,9.0,8.0,5.0,9.0,0.0,1.0,0.0,0.0,0.0,0.0,1.0,0.0,0.0,0.0,0.0,0.0,1.0,0.0,0.0,0.0,0.0,0.0,0.0,0.0,0.0,0.0,0.0,1.0,0.0,0.0,0.0,0.0,0.50227431020139,0.4598286798806293,-0.04244563032076071,,,,0.50227431020139,0.5229107276721796,0.020636417470789592,0.50227431020139,0.5244210495413122,0.022146739339922172,,,,0.50227431020139,0.5007751753325327,-0.0014991348688573325
7.0,1.0,5.0,1.0,1.0,5.0,2.0,5.0,9.0,9.0,4.0,10.0,0.0,0.0,0.0,0.0,0.0,0.0,1.0,0.0,0.0,0.0,0.0,1.0,0.0,0.0,0.0,0.0,0.0,0.0,0.0,1.0,0.0,0.0,0.0,0.0,0.0,0.0,0.0,0.0,0.8621389141501072,0.8406456903540699,-0.021493223796037353,,,,0.8621389141501072,0.8716670739555002,0.00952815980539301,0.8621389141501072,0.8723428690828675,0.010203954932760273,0.8621389141501072,0.8519210722670862,-0.010217841883020995,,,
6.0,1.0,4.0,1.0,1.0,5.0,1.0,2.0,8.0,6.0,3.0,7.0,1.0,0.0,0.0,0.0,0.0,0.0,1.0,0.0,0.0,0.0,1.0,0.0,0.0,0.0,0.0,0.0,0.0,0.0,0.0,0.0,0.0,0.0,0.0,1.0,0.0,0.0,0.0,0.0,0.8695129704745092,0.8489679991188109,-0.020544971355698216,0.8695129704745092,0.8603154054543941,-0.00919756502011504,0.8695129704745092,0.8786032417179765,0.009090271243467396,0.8695129704745092,0.8792475712117305,0.009734600737221322,0.8695129704745092,0.8597527630521499,-0.00976020742235928,0.8695129704745092,0.8688310863915262,-0.0006818840829829753
6.0,1.0,6.0,2.0,1.0,5.0,1.0,3.0,0.0,0.0,1.0,10.0,0.0,0.0,0.0,0.0,0.0,1.0,1.0,0.0,0.0,0.0,1.0,0.0,0.0,0.0,0.0,0.0,0.0,0.0,0.0,0.0,0.0,0.0,0.0,0.0,0.0,0.0,0.0,0.0,0.7705816300122663,0.7391332829495211,-0.03144834706274524,0.7705816300122663,0.7563646537837279,-0.014216976228538458,0.7705816300122663,0.7848586087325555,0.014276978720289213,0.7705816300122663,0.7858792415638719,0.015297611551605583,0.7705816300122663,0.7555022980568133,-0.015079331955452968,,,
5.0,1.0,2.0,2.0,1.0,2.0,3.0,4.0,10.0,8.0,5.0,10.0,1.0,0.0,0.0,0.0,0.0,0.0,1.0,0.0,0.0,0.0,0.0,0.0,0.0,1.0,0.0,0.0,0.0,0.0,0.0,0.0,0.0,0.0,0.0,0.0,0.0,0.0,0.0,0.0,0.6698112924425085,0.6311612966417404,-0.03864999580076811,0.6698112924425085,0.6521683998516867,-0.017642892590821746,,,,0.6698112924425085,0.6891174152048865,0.019306122762377975,,,,,,
2.0,3.0,3.0,4.0,2.0,3.0,1.0,3.0,9.0,10.0,4.0,5.0,0.0,0.0,0.0,0.0,0.0,1.0,0.0,0.0,0.0,0.0,0.0,0.0,1.0,0.0,0.0,0.0,0.0,0.0,0.0,0.0,0.0,0.0,0.0,0.0,0.0,1.0,0.0,0.0,0.7599065619206311,0.7275123416551372,-0.03239422026549388,0.7599065619206311,0.7452467564539315,-0.014659805466699649,0.7599065619206311,0.7746535906083645,0.014747028687733366,,,,0.7599065619206311,0.7443583490830984,-0.015548212837532716,0.7599065619206311,0.758810786276509,-0.00109577564412211
7.0,3.0,7.0,1.0,1.0,4.0,1.0,4.0,9.0,9.0,4.0,9.0,0.0,0.0,0.0,0.0,0.0,0.0,1.0,0.0,0.0,0.0,0.0,0.0,0.0,0.0,0.0,0.0,0.0,1.0,0.0,0.0,0.0,0.0,1.0,0.0,0.0,0.0,0.0,0.0,0.843761541336967,0.8200013789954389,-0.023760162341528113,0.843761541336967,0.8330972629012429,-0.01066427843572415,0.843761541336967,0.8543452543110579,0.010583712974090886,0.843761541336967,0.8550971019117152,0.01133556057474816,0.843761541336967,0.8324463392174623,-0.011315202119504764,0.843761541336967,0.8429693910060398,-0.000792150330927166
4.0,1.0,8.0,1.0,3.0,5.0,3.0,3.0,8.0,8.0,5.0,8.0,1.0,0.0,0.0,0.0,0.0,0.0,1.0,0.0,0.0,0.0,0.0,0.0,1.0,0.0,0.0,0.0,0.0,0.0,0.0,0.0,0.0,0.0,0.0,1.0,0.0,0.0,0.0,0.0,0.6876156566798549,0.6499606115354178,-0.03765504514443707,0.6876156566798549,0.6704560474522783,-0.017159609227576644,0.6876156566798549,0.7050796738674813,0.017464017187626357,0.6876156566798549,0.7063371695728766,0.018721512893021708,,,,0.6876156566798549,0.6863261379497536,-0.0012895187301013022
5.0,1.0,6.0,2.0,2.0,2.0,1.0,3.0,8.0,7.0,3.0,10.0,0.0,0.0,0.0,0.0,1.0,0.0,1.0,0.0,0.0,0.0,0.0,0.0,1.0,0.0,0.0,0.0,0.0,0.0,0.0,1.0,0.0,0.0,0.0,0.0,0.0,0.0,0.0,0.0,0.7839648428313648,0.7537648266203778,-0.030200016210987002,0.7839648428313648,0.7703300329885948,-0.01363480984276999,0.7839648428313648,0.7976276945235763,0.013662851692211486,0.7839648428313648,0.7986032948147451,0.014638451983380318,0.7839648428313648,0.7695020443969952,-0.014462798434369595,,,
6.0,1.0,2.0,1.0,2.0,4.0,2.0,3.0,3.0,6.0,2.0,8.0,1.0,0.0,0.0,0.0,0.0,0.0,1.0,0.0,0.0,0.0,1.0,0.0,0.0,0.0,0.0,0.0,0.0,0.0,0.0,0.0,0.0,0.0,0.0,0.0,0.0,0.0,0.0,0.0,0.7383993220302013,0.7042327087074796,-0.03416661332272175,0.7383993220302013,0.722905162838375,-0.015494159191826284,0.7383993220302013,0.7540397930157006,0.015640470985499255,0.7383993220302013,0.7551610215960247,0.016761699565823407,0.7383993220302013,0.721967910148369,-0.01643141188183228,0.7383993220302013,0.7372393294336076,-0.0011599925965937175
3.0,5.0,5.0,3.0,1.0,4.0,1.0,3.0,8.0,7.0,3.0,8.0,1.0,0.0,0.0,0.0,0.0,0.0,1.0,0.0,0.0,0.0,0.0,0.0,1.0,0.0,0.0,0.0,0.0,0.0,0.0,1.0,0.0,0.0,0.0,0.0,0.0,0.0,0.0,0.0,0.7670812736601882,0.7353179142839305,-0.03176335937625774,0.7670812736601882,0.7527169908180398,-0.014364282842148413,0.7670812736601882,0.7815143212529704,0.014433047592782189,0.7670812736601882,0.78254642375426,0.015465150094071789,0.7670812736601882,0.7518459600135707,-0.015235313646617454,0.7670812736601882,0.7660081601573637,-0.0010731135028244632
6.0,4.0,4.0,1.0,4.0,2.0,2.0,3.0,8.0,6.0,2.0,6.0,0.0,0.0,0.0,0.0,0.0,0.0,0.0,0.0,0.0,0.0,0.0,1.0,0.0,0.0,0.0,0.0,0.0,0.0,0.0,0.0,0.0,0.0,0.0,1.0,0.0,0.0,0.0,0.0,0.47796879068812814,0.4357787989413573,-0.04218999174677085,0.47796879068812814,0.45836432117590653,-0.01960446951222161,0.47796879068812814,0.4986069763342408,0.02063818564611264,0.47796879068812814,0.5001206869276544,0.022151896239526292,0.47796879068812814,0.4572041347476308,-0.020764655940497367,0.47796879068812814,0.4764727534777309,-0.0014960372103972608
6.0,1.0,9.0,1.0,1.0,5.0,1.0,4.0,9.0,9.0,5.0,9.0,1.0,0.0,0.0,0.0,0.0,0.0,0.0,0.0,0.0,0.0,0.0,1.0,0.0,0.0,0.0,0.0,0.0,0.0,0.0,0.0,0.0,0.0,0.0,0.0,0.0,0.0,0.0,0.0,0.8898166161773241,0.8719978192001243,-0.01781879697719979,0.8898166161773241,0.8818557290089423,-0.007960887168381836,0.8898166161773241,0.8976589289134785,0.007842312736154433,0.8898166161773241,0.8982138349411027,0.008397218763778636,,,,0.8898166161773241,0.8892273157476733,-0.0005893004296507742
4.0,1.0,9.0,1.0,1.0,4.0,2.0,3.0,6.0,4.0,2.0,6.0,0.0,0.0,0.0,0.0,0.0,0.0,0.0,0.0,0.0,0.0,0.0,0.0,1.0,0.0,0.0,0.0,0.0,0.0,0.0,0.0,0.0,0.0,0.0,0.0,0.0,0.0,0.0,0.0,0.9064332960073578,0.8909724770503014,-0.015460818957056421,0.9064332960073578,0.8995374366448516,-0.00689585936250614,0.9064332960073578,0.9132082736270715,0.006774977619713685,0.9064332960073578,0.9136869759177305,0.0072536799103727345,0.9064332960073578,0.8991142523867923,-0.007319043620565457,0.9064332960073578,0.9059234715097929,-0.0005098244975648702
7.0,1.0,7.0,2.0,1.0,4.0,2.0,4.0,7.0,7.0,3.0,9.0,0.0,0.0,0.0,0.0,0.0,0.0,1.0,0.0,0.0,0.0,0.0,1.0,0.0,0.0,0.0,0.0,0.0,0.0,0.0,0.0,0.0,0.0,1.0,0.0,0.0,0.0,0.0,0.0,0.8380547436516984,0.8136184194517923,-0.024436324199906156,0.8380547436516984,0.8270807684106548,-0.010973975241043599,0.8380547436516984,0.8489558361758702,0.010901092524171818,0.8380547436516984,0.8497306100307509,0.01167586637905249,0.8380547436516984,0.8264112694691127,-0.011643474182585711,0.8380547436516984,0.8372392404636251,-0.0008155031880733299
4.0,1.0,4.0,1.0,2.0,5.0,5.0,1.0,5.0,5.0,1.0,6.0,0.0,0.0,0.0,0.0,0.0,0.0,1.0,0.0,0.0,0.0,0.0,0.0,0.0,0.0,0.0,0.0,0.0,0.0,0.0,0.0,0.0,0.0,0.0,0.0,0.0,0.0,0.0,0.0,,,,0.8125165968220328,0.8002245969591064,-0.012291999862926395,0.8125165968220328,0.8247773242244125,0.012260727402379712,0.8125165968220328,0.8256506502038121,0.01313405338177931,0.8125165968220328,0.7994763275489952,-0.013040269273037586,0.8125165968220328,0.8116014021698962,-0.0009151946521366305
6.0,3.0,2.0,2.0,1.0,2.0,2.0,4.0,10.0,10.0,4.0,10.0,0.0,1.0,0.0,0.0,0.0,0.0,0.0,0.0,0.0,0.0,0.0,0.0,0.0,0.0,0.0,0.0,0.0,1.0,0.0,0.0,0.0,0.0,0.0,0.0,0.0,0.0,0.0,0.0,0.5272670275978594,0.4847664056645886,-0.042500621933270755,0.5272670275978594,0.5076066863795305,-0.019660341218328825,,,,,,,0.5272670275978594,0.5064384004607841,-0.02082862713707523,,,
6.0,3.0,9.0,1.0,2.0,3.0,1.0,2.0,10.0,10.0,2.0,10.0,0.0,0.0,0.0,0.0,0.0,0.0,0.0,0.0,0.0,0.0,0.0,1.0,0.0,0.0,0.0,0.0,0.0,0.0,0.0,1.0,0.0,0.0,0.0,0.0,0.0,0.0,0.0,0.0,0.8788550386590146,0.859543360253145,-0.01931167840586956,0.8788550386590146,0.870217677505902,-0.008637361153112644,,,,,,,0.8788550386590146,0.8696888794795963,-0.00916615917941832,,,
3.0,1.0,2.0,1.0,1.0,5.0,2.0,3.0,5.0,5.0,3.0,5.0,0.0,0.0,0.0,0.0,0.0,0.0,1.0,0.0,0.0,0.0,0.0,1.0,0.0,0.0,0.0,0.0,0.0,0.0,0.0,0.0,0.0,0.0,0.0,0.0,0.0,0.0,0.0,0.0,0.8971630744217961,0.880372618609215,-0.016790455812581095,0.8971630744217961,0.8896671626224937,-0.007495911799302424,0.8971630744217961,0.9045385984888619,0.007375524067065764,0.8971630744217961,0.9050601473391995,0.00789707291740338,0.8971630744217961,0.8892075221296192,-0.007955552292176926,0.8971630744217961,0.8966085000536644,-0.0005545743681316662
7.0,1.0,10.0,1.0,2.0,4.0,2.0,2.0,8.0,8.0,4.0,8.0,0.0,0.0,0.0,0.0,0.0,1.0,1.0,0.0,0.0,0.0,0.0,1.0,0.0,0.0,0.0,0.0,0.0,0.0,0.0,0.0,0.0,0.0,1.0,0.0,0.0,0.0,0.0,0.0,0.7455735146248795,0.7119784085173745,-0.033595106107505046,0.7455735146248795,0.7303490987590986,-0.015224415865780938,0.7455735146248795,0.7609239345228767,0.015350419897997125,0.7455735146248795,0.7620236853939801,0.016450170769100603,0.7455735146248795,0.7294276006772811,-0.016145913947598456,0.7455735146248795,0.7444343235745972,-0.0011391910502823732
3.0,2.0,2.0,3.0,2.0,4.0,2.0,2.0,2.0,1.0,2.0,2.0,1.0,0.0,0.0,0.0,0.0,0.0,1.0,0.0,0.0,1.0,0.0,0.0,0.0,0.0,0.0,0.0,0.0,0.0,0.0,1.0,0.0,0.0,0.0,0.0,0.0,0.0,0.0,0.0,0.6255254231028771,0.5849041162269843,-0.040621306875892715,0.6255254231028771,0.6069049446179091,-0.01862047848496795,0.6255254231028771,0.6446668529250129,0.019141429822135847,0.6255254231028771,0.6460526299773736,0.020527206874496495,0.6255254231028771,0.6057892905859207,-0.019736132516956384,0.6255254231028771,0.6241197054766414,-0.0014057176262356474
7.0,3.0,2.0,4.0,2.0,4.0,2.0,4.0,6.0,6.0,3.0,6.0,0.0,0.0,0.0,0.0,0.0,0.0,1.0,0.0,0.0,0.0,0.0,0.0,0.0,0.0,0.0,0.0,0.0,1.0,0.0,0.0,0.0,0.0,1.0,0.0,0.0,0.0,0.0,0.0,0.5841892922324948,0.542364499365118,-0.04182479286737684,0.5841892922324948,0.5649429551247611,-0.019246337107733713,0.5841892922324948,0.6041063776441198,0.019917085411624957,0.5841892922324948,0.6055535518250094,0.021364259592514534,0.5841892922324948,0.5637938047268402,-0.020395487505654675,0.5841892922324948,0.5827319138308485,-0.001457378401646281
2.0,2.0,8.0,4.0,2.0,3.0,2.0,4.0,5.0,5.0,2.0,4.0,0.0,1.0,0.0,0.0,0.0,0.0,1.0,0.0,0.0,0.0,0.0,0.0,0.0,0.0,0.0,0.0,1.0,0.0,0.0,0.0,0.0,0.0,0.0,0.0,0.0,1.0,0.0,0.0,0.6022446159158675,0.5608707827285144,-0.041373833187353104,0.6022446159158675,0.5832377922105522,-0.019006823705315368,0.6022446159158675,0.6218566689714528,0.01961205305558522,0.6022446159158675,0.6232794202259438,0.021034804310076316,0.6022446159158675,0.5821012195476051,-0.020143396368262456,0.6022446159158675,0.6008072772513935,-0.0014373386644740416
2.0,1.0,1.0,4.0,2.0,5.0,2.0,4.0,6.0,7.0,3.0,5.0,0.0,0.0,0.0,0.0,1.0,0.0,0.0,0.0,0.0,0.0,0.0,0.0,0.0,0.0,0.0,0.0,1.0,0.0,0.0,0.0,0.0,0.0,0.0,0.0,0.0,1.0,0.0,0.0,0.8407036325686157,0.8165795262277454,-0.024124106340870255,0.8407036325686157,0.8298727167282058,-0.01083091584040985,0.8407036325686157,0.8514580232855643,0.010754390716948614,0.8407036325686157,0.8522221964538916,0.011518563885275945,0.8407036325686157,0.8292117953420955,-0.01149183722652014,0.8407036325686157,0.8398989200602403,-0.0008047125083754381
7.0,2.0,6.0,1.0,3.0,3.0,2.0,4.0,7.0,7.0,3.0,7.0,0.0,0.0,0.0,0.0,0.0,0.0,1.0,0.0,0.0,0.0,0.0,1.0,0.0,0.0,0.0,0.0,0.0,0.0,0.0,0.0,0.0,0.0,1.0,0.0,0.0,0.0,0.0,0.0,0.6609250388844404,0.6218221550949794,-0.03910288378946103,0.6609250388844404,0.64306035728379,-0.017864681600650467,0.6609250388844404,0.6791850282698181,0.01825998938537765,0.6609250388844404,0.6805029036797867,0.01957786479534629,0.6609250388844404,0.6419867851257608,-0.018938253758679635,0.6609250388844404,0.6595798880601312,-0.0013451508243091936
3.0,1.0,6.0,3.0,1.0,5.0,2.0,3.0,5.0,3.0,5.0,6.0,0.0,0.0,0.0,0.0,0.0,0.0,0.0,0.0,0.0,0.0,0.0,0.0,0.0,0.0,0.0,0.0,0.0,0.0,0.0,0.0,0.0,0.0,0.0,0.0,0.0,0.0,0.0,0.0,0.880553456167753,0.8614698456933688,-0.019083610474384227,0.880553456167753,0.8720195545072863,-0.008533901660466747,0.880553456167753,0.888972810010921,0.008419353843167943,0.880553456167753,0.8895690193054115,0.0090155631376585,,,,0.880553456167753,0.8799212986967938,-0.0006321574709592381
7.0,1.0,3.0,2.0,3.0,3.0,2.0,4.0,7.0,5.0,3.0,5.0,0.0,0.0,0.0,0.0,0.0,0.0,1.0,0.0,0.0,0.0,0.0,0.0,0.0,0.0,0.0,0.0,0.0,0.0,0.0,0.0,0.0,0.0,1.0,0.0,0.0,0.0,0.0,0.0,0.6199516847458689,0.5791325616681344,-0.0408191230777345,0.6199516847458689,0.6012307379255375,-0.01872094682033143,0.6199516847458689,0.6392136935922293,0.019262008846360423,0.6199516847458689,0.6406088816348116,0.02065719688894263,0.6199516847458689,0.600109590796469,-0.019842093949399953,0.6199516847458689,0.6185378035573007,-0.0014138811885682223
3.0,1.0,3.0,1.0,1.0,4.0,2.0,3.0,10.0,8.0,5.0,10.0,0.0,0.0,0.0,0.0,0.0,1.0,0.0,0.0,0.0,0.0,0.0,0.0,0.0,0.0,0.0,0.0,0.0,0.0,0.0,0.0,0.0,0.0,0.0,0.0,0.0,0.0,0.0,0.0,0.8461904109346812,0.8227220150551807,-0.023468395879500448,0.8461904109346812,0.835659628137425,-0.010530782797256166,,,,0.8461904109346812,0.8573795364928941,0.011189125558212942,,,,,,
3.0,1.0,5.0,1.0,4.0,3.0,3.0,4.0,5.0,3.0,2.0,4.0,0.0,0.0,0.0,0.0,0.0,0.0,1.0,0.0,0.0,0.0,0.0,0.0,0.0,0.0,0.0,0.0,1.0,0.0,0.0,0.0,0.0,0.0,0.0,0.0,0.0,0.0,0.0,0.0,0.5869152150585711,0.5451511282953216,-0.0417640867632495,0.5869152150585711,0.5677016832765995,-0.019213531781971604,0.5869152150585711,0.6067896154505319,0.019874400391960756,0.5869152150585711,0.6082333420122782,0.02131812695370705,0.5869152150585711,0.5665542289785783,-0.020360986079992816,0.5869152150585711,0.585460611192136,-0.0014546038664351446
4.0,1.0,3.0,4.0,3.0,4.0,4.0,3.0,6.0,6.0,2.0,5.0,0.0,1.0,0.0,0.0,0.0,0.0,1.0,0.0,0.0,0.0,0.0,0.0,0.0,1.0,0.0,0.0,0.0,0.0,0.0,0.0,0.0,0.0,0.0,0.0,0.0,1.0,0.0,0.0,0.447924704897798,0.40632252506091177,-0.041602179836886244,0.447924704897798,0.42854092635118274,-0.01938377854661527,0.447924704897798,0.46842968827757187,0.020504983379773856,0.447924704897798,0.4699376513409275,0.02201294644312951,0.447924704897798,0.4273966613227294,-0.0205280435750686,0.447924704897798,0.44644228412660814,-0.001482420771189874
4.0,1.0,6.0,1.0,2.0,5.0,2.0,2.0,4.0,3.0,4.0,5.0,0.0,0.0,0.0,0.0,1.0,0.0,1.0,0.0,0.0,0.0,0.0,0.0,0.0,0.0,0.0,0.0,0.0,0.0,0.0,0.0,0.0,0.0,0.0,0.0,0.0,0.0,0.0,0.0,0.8309590004544266,0.8057002182392732,-0.02525878221515343,0.8309590004544266,0.8196076926529616,-0.011351307801464983,0.8309590004544266,0.8422478229782576,0.01128882252383101,0.8309590004544266,0.8430506440633405,0.012091643608913905,0.8309590004544266,0.818915594768088,-0.01204340568633866,0.8309590004544266,0.8301150087557763,-0.0008439916986503482
6.0,1.0,5.0,1.0,3.0,4.0,3.0,3.0,9.0,8.0,4.0,10.0,0.0,0.0,1.0,0.0,0.0,0.0,1.0,0.0,0.0,0.0,0.0,0.0,0.0,1.0,0.0,0.0,0.0,0.0,0.0,0.0,0.0,0.0,0.0,0.0,0.0,0.0,0.0,0.0,0.4742371844035625,0.4321039341398493,-0.04213325026371317,0.4742371844035625,0.45465246992547287,-0.019584714478089627,0.4742371844035625,0.4948669857147335,0.02062980131117098,0.4742371844035625,0.49638058280027364,0.022143398396711145,0.4742371844035625,0.45349381240929654,-0.020743371994265958,,,
5.0,1.0,3.0,1.0,2.0,3.0,2.0,3.0,6.0,8.0,2.0,8.0,0.0,0.0,0.0,0.0,1.0,0.0,1.0,0.0,0.0,0.0,0.0,0.0,1.0,0.0,0.0,0.0,0.0,0.0,0.0,0.0,0.0,0.0,0.0,0.0,0.0,0.0,0.0,0.0,0.7741557619658218,0.7430339724858503,-0.031121789479971462,0.7741557619658218,0.760091316670107,-0.014064445295714822,0.7741557619658218,0.7882714320244927,0.01411567005867087,0.7741557619658218,0.7892802212250976,0.015124459259275747,0.7741557619658218,0.7592379528157671,-0.014917809150054695,0.7741557619658218,0.7731056014353325,-0.0010501605304893413
3.0,1.0,2.0,1.0,1.0,4.0,2.0,3.0,7.0,6.0,3.0,6.0,0.0,0.0,0.0,0.0,1.0,0.0,0.0,0.0,0.0,0.0,0.0,1.0,0.0,0.0,0.0,0.0,0.0,0.0,0.0,0.0,0.0,0.0,0.0,0.0,0.0,0.0,0.0,0.0,0.8944178660187329,0.8772405227113994,-0.017177343307333448,0.8944178660187329,0.8867471122779176,-0.007670753740815273,0.8944178660187329,0.901968764471669,0.007550898452936106,0.8944178660187329,0.9025028401464429,0.008084974127710032,0.8944178660187329,0.886276861998026,-0.008141004020706832,0.8944178660187329,0.893850239008476,-0.0005676270102568104
6.0,1.0,8.0,1.0,1.0,3.0,1.0,4.0,5.0,6.0,2.0,8.0,0.0,0.0,0.0,0.0,0.0,0.0,1.0,0.0,0.0,0.0,0.0,0.0,0.0,0.0,0.0,0.0,0.0,0.0,0.0,0.0,0.0,0.0,1.0,0.0,0.0,0.0,0.0,0.0,0.875485844443094,0.8557252524644561,-0.019760591978637887,0.875485844443094,0.8666447171453624,-0.008841127297731566,0.875485844443094,0.8842154277126865,0.0087295832695925,0.875485844443094,0.8848338742759416,0.00934802983284766,0.875485844443094,0.8661036010699333,-0.009382243373160626,0.875485844443094,0.8748306795928077,-0.0006551648502862717
5.0,1.0,5.0,1.0,2.0,5.0,2.0,2.0,7.0,7.0,3.0,7.0,0.0,0.0,0.0,1.0,0.0,0.0,1.0,0.0,0.0,0.0,0.0,0.0,0.0,0.0,0.0,0.0,0.0,1.0,0.0,0.0,0.0,0.0,0.0,0.0,0.0,0.0,0.0,0.0,0.7147965475275185,0.6788878470982272,-0.035908700429291285,0.7147965475275185,0.698475288903216,-0.01632125862430256,0.7147965475275185,0.7313347258405765,0.016538178313057927,0.7147965475275185,0.7325227421229191,0.01772619459540059,0.7147965475275185,0.6974899826215798,-0.017306564905938737,0.7147965475275185,0.7135724930813481,-0.0012240544461704639
5.0,2.0,6.0,1.0,1.0,5.0,2.0,4.0,3.0,4.0,4.0,5.0,1.0,0.0,0.0,0.0,0.0,0.0,0.0,0.0,0.0,0.0,0.0,0.0,1.0,0.0,0.0,0.0,0.0,0.0,0.0,0.0,0.0,0.0,0.0,0.0,0.0,0.0,0.0,0.0,0.7767443275714411,0.7458621479446341,-0.03088217962680695,0.7767443275714411,0.7627916911322331,-0.013952636439207966,0.7767443275714411,0.7907419402564054,0.013997612684964356,0.7767443275714411,0.791742068426183,0.014997740854741926,0.7767443275714411,0.7619449242880263,-0.01479940328341478,0.7767443275714411,0.7757027162990493,-0.0010416112723917736
4.0,1.0,7.0,1.0,1.0,5.0,2.0,4.0,7.0,8.0,4.0,7.0,0.0,0.0,0.0,0.0,0.0,0.0,1.0,0.0,0.0,0.0,0.0,0.0,1.0,0.0,0.0,0.0,0.0,0.0,0.0,1.0,0.0,0.0,0.0,0.0,0.0,0.0,0.0,0.0,0.903874491350135,0.8880430826157123,-0.01583140873442268,0.903874491350135,0.8968115166631572,-0.007062974686977808,0.903874491350135,0.9108165174952461,0.00694202614511108,0.903874491350135,0.9113071303686596,0.007432639018524645,0.903874491350135,0.896378172582338,-0.0074963187677969945,0.903874491350135,0.903352211080541,-0.0005222802695939999
4.0,3.0,10.0,1.0,2.0,5.0,3.0,2.0,8.0,7.0,5.0,7.0,0.0,0.0,0.0,0.0,0.0,0.0,0.0,0.0,0.0,0.0,0.0,1.0,0.0,0.0,0.0,0.0,0.0,0.0,0.0,0.0,0.0,0.0,0.0,0.0,0.0,0.0,0.0,0.0,0.8546643442952906,0.8322325634067561,-0.02243178088853448,0.8546643442952906,0.844607197835143,-0.010057146460147548,0.8546643442952906,0.864627987330094,0.00996364303480346,0.8546643442952906,0.8653351233536347,0.010670779058344126,,,,0.8546643442952906,0.8539179021545927,-0.0007464421406978561
3.0,1.0,2.0,1.0,2.0,2.0,2.0,3.0,8.0,9.0,4.0,7.0,0.0,0.0,0.0,0.0,0.0,0.0,1.0,0.0,0.0,0.0,0.0,0.0,0.0,0.0,0.0,0.0,0.0,0.0,0.0,0.0,0.0,0.0,0.0,0.0,0.0,0.0,0.0,0.0,0.823357306807615,0.7972398112045144,-0.026117495603100616,0.823357306807615,0.8116112643661093,-0.011746042441505677,0.823357306807615,0.8350530122170721,0.01169570540945708,0.823357306807615,0.8358853140064068,0.012528007198791768,0.823357306807615,0.810895565673628,-0.012461741133987014,0.823357306807615,0.8224834692386541,-0.0008738375689608668
2.0,3.0,2.0,4.0,1.0,4.0,4.0,2.0,7.0,6.0,4.0,10.0,0.0,0.0,0.0,0.0,1.0,0.0,0.0,0.0,0.0,0.0,0.0,0.0,0.0,0.0,0.0,0.0,1.0,0.0,0.0,0.0,0.0,0.0,0.0,0.0,0.0,1.0,0.0,0.0,0.7811074377598424,0.7506350342696698,-0.03047240349017255,0.7811074377598424,0.7673458054325071,-0.013761632327335294,0.7811074377598424,0.7949037251751976,0.013796287415355213,0.7811074377598424,0.7958890968450354,0.014781659085193022,0.7811074377598424,0.7665103192730728,-0.014597118486769589,,,
7.0,2.0,9.0,2.0,3.0,5.0,3.0,3.0,7.0,7.0,5.0,7.0,0.0,0.0,0.0,0.0,0.0,0.0,0.0,0.0,0.0,0.0,0.0,1.0,0.0,0.0,0.0,0.0,0.0,0.0,0.0,0.0,0.0,0.0,1.0,0.0,0.0,0.0,0.0,0.0,0.7087358144905926,0.672413748287795,-0.036322066202797654,0.7087358144905926,0.6922170634109347,-0.016518751079657945,0.7087358144905926,0.7254904696635496,0.016754655172956934,0.7087358144905926,0.726694671115633,0.017958856625040376,,,,0.7087358144905926,0.7074963925704352,-0.0012394219201574685
2.0,6.0,2.0,1.0,3.0,4.0,1.0,4.0,9.0,8.0,3.0,6.0,0.0,1.0,0.0,0.0,0.0,0.0,0.0,0.0,0.0,0.0,0.0,0.0,0.0,0.0,0.0,0.0,0.0,0.0,0.0,0.0,0.0,0.0,0.0,0.0,0.0,0.0,0.0,0.0,0.5306061722117031,0.48811430773607595,-0.042491864475627195,0.5306061722117031,0.5109558980774727,-0.019650274134230483,0.5306061722117031,0.5511177206232185,0.020511548411515368,0.5306061722117031,0.5526151453096548,0.02200897309795169,0.5306061722117031,0.5097878844702242,-0.02081828774147898,0.5306061722117031,0.5291123698344536,-0.001493802377249498
6.0,1.0,3.0,2.0,3.0,5.0,4.0,3.0,7.0,3.0,3.0,8.0,0.0,0.0,0.0,0.0,0.0,1.0,0.0,0.0,0.0,0.0,0.0,0.0,0.0,0.0,0.0,0.0,0.0,0.0,0.0,0.0,0.0,0.0,0.0,0.0,0.0,0.0,0.0,0.0,0.4906832836407567,0.44833485420939906,-0.04234842943135764,0.4906832836407567,0.4710278626481843,-0.019655420992572392,0.4906832836407567,0.5113327204388634,0.020649436798106657,0.4906832836407567,0.5128455485811871,0.022162264940430443,0.4906832836407567,0.4698634288366656,-0.020819854804091098,0.4906832836407567,0.4891847424316827,-0.0014985412090740002
3.0,1.0,9.0,1.0,2.0,5.0,2.0,2.0,0.0,9.0,5.0,10.0,1.0,0.0,0.0,0.0,0.0,0.0,1.0,0.0,0.0,0.0,0.0,0.0,1.0,0.0,0.0,0.0,0.0,0.0,0.0,1.0,0.0,0.0,0.0,0.0,0.0,0.0,0.0,0.0,0.8316267272198693,0.8064444789276904,-0.025182248292178855,0.8316267272198693,0.8203105620126745,-0.011316165207194806,0.8316267272198693,0.8428793894847292,0.01125266226485988,0.8316267272198693,0.8436795929849911,0.012052865765121767,,,,,,
4.0,1.0,3.0,1.0,2.0,4.0,2.0,4.0,9.0,8.0,4.0,6.0,0.0,0.0,0.0,0.0,0.0,0.0,0.0,0.0,0.0,0.0,0.0,1.0,0.0,0.0,0.0,0.0,0.0,0.0,0.0,0.0,0.0,0.0,0.0,0.0,0.0,0.0,0.0,0.0,0.8585762651294279,0.8366328563454096,-0.021943408784018237,0.8585762651294279,0.8487419125707715,-0.00983435255865639,0.8585762651294279,0.8683130443802843,0.009736779250856475,0.8585762651294279,0.8690038473583516,0.010427582228923704,0.8585762651294279,0.8481408814376299,-0.010435383691797973,0.8585762651294279,0.8578465728019947,-0.0007296923274331402
4.0,1.0,2.0,1.0,3.0,3.0,3.0,3.0,7.0,8.0,4.0,8.0,0.0,0.0,0.0,0.0,0.0,0.0,1.0,0.0,0.0,0.0,0.0,1.0,0.0,0.0,0.0,0.0,0.0,0.0,0.0,0.0,0.0,0.0,0.0,0.0,0.0,0.0,0.0,0.0,0.7101179423712239,0.6738889270210767,-0.03622901535014722,0.7101179423712239,0.6936436943467926,-0.016474248024431315,0.7101179423712239,0.7268237368314202,0.016705794460196266,0.7101179423712239,0.7280242821789149,0.017906339807690963,0.7101179423712239,0.6926495470288746,-0.01746839534234934,0.7101179423712239,0.7088819860231506,-0.001235956348073386
3.0,1.0,4.0,1.0,2.0,4.0,3.0,4.0,8.0,10.0,2.0,10.0,0.0,1.0,0.0,0.0,0.0,0.0,1.0,0.0,0.0,0.0,0.0,1.0,0.0,0.0,0.0,0.0,0.0,0.0,0.0,0.0,0.0,0.0,0.0,0.0,0.0,0.0,0.0,0.0,0.697323354642167,0.6602603192352023,-0.03706303540696465,0.697323354642167,0.6804491841884319,-0.01687417045373507,0.697323354642167,0.7144700178198105,0.017146663177643462,,,,0.697323354642167,0.6794320077307464,-0.01789134691142058,,,
7.0,1.0,2.0,1.0,2.0,5.0,2.0,2.0,5.0,3.0,5.0,5.0,0.0,0.0,0.0,0.0,0.0,0.0,1.0,0.0,0.0,0.0,0.0,0.0,0.0,0.0,0.0,0.0,0.0,0.0,0.0,0.0,0.0,0.0,1.0,0.0,0.0,0.0,0.0,0.0,0.7560512555023476,0.7233262528589097,-0.03272500264343792,0.7560512555023476,0.7412362084418739,-0.014815047060473763,0.7560512555023476,0.7709637130777588,0.014912457575411153,0.7560512555023476,0.7720311171217978,0.015979861619450197,,,,0.7560512555023476,0.7549435586334196,-0.0011076968689280875
3.0,1.0,6.0,1.0,2.0,4.0,2.0,3.0,8.0,7.0,3.0,8.0,0.0,0.0,0.0,0.0,0.0,0.0,0.0,0.0,0.0,0.0,0.0,1.0,0.0,0.0,0.0,0.0,0.0,0.0,0.0,0.0,0.0,0.0,0.0,0.0,0.0,0.0,0.0,0.0,0.8965037513431218,0.8796200903410845,-0.01688366100203731,0.8965037513431218,0.8889657285026383,-0.007538022840483438,0.8965037513431218,0.9039214984071119,0.007417747063990121,0.8965037513431218,0.9044460625952603,0.007942311252138512,0.8965037513431218,0.8885035320871961,-0.008000219255925645,0.8965037513431218,0.8959460337857194,-0.0005577175574024151
4.0,1.0,2.0,1.0,3.0,5.0,1.0,4.0,8.0,7.0,4.0,8.0,0.0,0.0,0.0,0.0,0.0,0.0,0.0,0.0,0.0,0.0,0.0,0.0,1.0,0.0,0.0,0.0,0.0,0.0,0.0,0.0,0.0,0.0,0.0,0.0,0.0,0.0,0.0,0.0,0.826432590265488,0.8006597056264739,-0.02577288463901406,0.826432590265488,0.8148450557939445,-0.011587534471543481,0.826432590265488,0.8379647494368885,0.011532159171400491,0.826432590265488,0.838785195444284,0.012352605178795995,0.826432590265488,0.8141388290679991,-0.012293761197488928,0.826432590265488,0.8255707429507102,-0.0008618473147777861
3.0,1.0,2.0,1.0,2.0,3.0,2.0,4.0,8.0,9.0,4.0,9.0,1.0,0.0,0.0,0.0,0.0,0.0,1.0,0.0,0.0,0.0,0.0,0.0,0.0,0.0,0.0,0.0,0.0,0.0,0.0,0.0,0.0,0.0,0.0,0.0,0.0,0.0,0.0,0.0,0.7721414654732538,0.7408350256786441,-0.031306439794609675,0.7721414654732538,0.7579907938489241,-0.014150671624329703,0.7721414654732538,0.786348287549166,0.014206822075912173,0.7721414654732538,0.7873637679562463,0.0152223024829925,0.7721414654732538,0.7571323457282251,-0.01500911974502872,0.7721414654732538,0.7710847081960973,-0.0010567572771564837
3.0,3.0,6.0,1.0,2.0,4.0,2.0,2.0,6.0,5.0,1.0,7.0,0.0,0.0,1.0,0.0,0.0,0.0,1.0,0.0,0.0,0.0,0.0,0.0,0.0,0.0,0.0,0.0,0.0,0.0,0.0,0.0,0.0,0.0,0.0,0.0,0.0,0.0,0.0,0.0,0.6757685177736383,0.6374383895636356,-0.0383301282100027,0.6757685177736383,0.6582815430491942,-0.01748697472444416,0.6757685177736383,0.6935997268107577,0.017831209037119322,0.6757685177736383,0.6948849892705198,0.01911647149688145,0.6757685177736383,0.6572293492149155,-0.01853916855872284,0.6757685177736383,0.6744532478509174,-0.0013152699227209075
4.0,1.0,10.0,1.0,2.0,3.0,2.0,4.0,8.0,8.0,4.0,8.0,0.0,0.0,0.0,0.0,0.0,0.0,1.0,0.0,0.0,0.0,0.0,0.0,1.0,0.0,0.0,0.0,0.0,0.0,0.0,0.0,0.0,0.0,0.0,0.0,0.0,0.0,0.0,0.0,0.8415031907907415,0.8174738816635755,-0.024029309127166054,0.8415031907907415,0.8307156920007025,-0.01078749879003904,0.8415031907907415,0.8522130909191087,0.010709900128367145,0.8415031907907415,0.8529740503949337,0.01147085960419214,0.8415031907907415,0.8300573748312862,-0.011445815959455374,0.8415031907907415,0.840701752048189,-0.0008014387425525626
4.0,1.0,5.0,1.0,2.0,3.0,4.0,2.0,4.0,5.0,2.0,5.0,0.0,1.0,0.0,0.0,0.0,0.0,1.0,0.0,0.0,0.0,0.0,0.0,1.0,0.0,0.0,0.0,0.0,0.0,0.0,1.0,0.0,0.0,0.0,0.0,0.0,0.0,0.0,0.0,0.5322088353497857,0.48972252925118337,-0.04248630609860232,0.5322088353497857,0.5125640198645672,-0.01964481548521846,0.5322088353497857,0.5527093871939895,0.02050055184420385,0.5322088353497857,0.5542057971618679,0.021996961812082216,0.5322088353497857,0.5113961742743051,-0.020812661075480632,0.5322088353497857,0.5307156224138585,-0.0014932129359271906
3.0,1.0,7.0,1.0,2.0,1.0,4.0,4.0,5.0,3.0,1.0,2.0,0.0,0.0,0.0,0.0,0.0,0.0,0.0,0.0,1.0,0.0,0.0,0.0,0.0,0.0,0.0,0.0,0.0,0.0,0.0,0.0,0.0,0.0,0.0,0.0,0.0,0.0,0.0,0.0,0.7895956729491993,0.7599417702475688,-0.029653902701630486,0.7895956729491993,0.7762148011757399,-0.013380871773459369,0.7895956729491993,0.8029919008772011,0.01339622792800177,0.7895956729491993,0.8039479974969056,0.014352324547706297,0.7895956729491993,0.7754018423424053,-0.014193830606794022,0.7895956729491993,0.7885977016974642,-0.0009979712517350636
6.0,3.0,9.0,2.0,3.0,5.0,2.0,3.0,9.0,9.0,5.0,9.0,0.0,0.0,0.0,0.0,0.0,0.0,0.0,0.0,0.0,0.0,0.0,0.0,0.0,1.0,0.0,0.0,0.0,0.0,0.0,0.0,0.0,0.0,0.0,0.0,0.0,0.0,0.0,0.0,0.7534408255124961,0.720495100135073,-0.03294572537742313,0.7534408255124961,0.7385220743459135,-0.014918751166582589,0.7534408255124961,0.7684639886802137,0.015023163167717568,0.7534408255124961,0.769539560072411,0.01609873455991484,,,,0.7534408255124961,0.7523251584559392,-0.0011156670565569682
3.0,1.0,8.0,1.0,3.0,4.0,3.0,4.0,9.0,8.0,4.0,8.0,1.0,0.0,0.0,0.0,0.0,0.0,1.0,0.0,0.0,0.0,0.0,1.0,0.0,0.0,0.0,0.0,0.0,0.0,0.0,0.0,0.0,0.0,0.0,0.0,0.0,0.0,0.0,0.0,0.7468692699348211,0.713379484696872,-0.0334897852379491,0.7468692699348211,0.7316944873704347,-0.015174782564386313,0.7468692699348211,0.762166450596733,0.015297180661911991,0.7468692699348211,0.7632622641128884,0.016392994178067388,0.7468692699348211,0.7307758921645081,-0.016093377770312944,0.7468692699348211,0.745733902023565,-0.0011353679112560133
3.0,5.0,3.0,3.0,2.0,4.0,2.0,3.0,5.0,5.0,3.0,5.0,0.0,0.0,0.0,0.0,1.0,0.0,1.0,0.0,0.0,0.0,0.0,0.0,1.0,0.0,0.0,0.0,0.0,0.0,0.0,1.0,0.0,0.0,0.0,0.0,0.0,0.0,0.0,0.0,0.6422999068613094,0.6023414525616194,-0.03995845429969003,0.6422999068613094,0.6240121711864048,-0.018287735674904604,0.6422999068613094,0.6610485172814894,0.018748610420179945,0.6422999068613094,0.6624038631584135,0.020103956297104042,0.6422999068613094,0.6229149027804249,-0.019385004080884505,0.6422999068613094,0.6409210111550514,-0.0013788957062580431
5.0,1.0,7.0,1.0,1.0,4.0,2.0,4.0,8.0,8.0,4.0,8.0,0.0,0.0,0.0,1.0,0.0,0.0,0.0,0.0,0.0,0.0,0.0,0.0,0.0,0.0,0.0,0.0,0.0,0.0,0.0,0.0,0.0,0.0,0.0,0.0,0.0,0.0,0.0,0.0,0.773911775919178,0.7427675363385736,-0.031144239580604416,0.773911775919178,0.7598368500395069,-0.014074925879671185,0.773911775919178,0.7880385202590632,0.014126744339885144,0.773911775919178,0.789048122201983,0.015136346282804913,0.773911775919178,0.7589828680509636,-0.014928907868214436,0.773911775919178,0.7728608137405235,-0.0010509621786545242
7.0,1.0,3.0,1.0,1.0,4.0,2.0,4.0,7.0,7.0,3.0,10.0,0.0,0.0,0.0,0.0,0.0,1.0,0.0,0.0,0.0,0.0,0.0,1.0,0.0,0.0,0.0,0.0,0.0,0.0,0.0,0.0,0.0,0.0,0.0,0.0,0.0,0.0,0.0,1.0,0.7192150263961249,0.6836164023514408,-0.03559862404468406,0.7192150263961249,0.7030415755423213,-0.016173450853803617,0.7192150263961249,0.7355917650098907,0.016376738613765762,0.7192150263961249,0.7367677325079383,0.017552706111813365,0.7192150263961249,0.7020648259641872,-0.017150200431937712,,,
5.0,1.0,5.0,1.0,1.0,5.0,1.0,2.0,10.0,8.0,5.0,10.0,1.0,0.0,0.0,0.0,0.0,0.0,1.0,0.0,0.0,0.0,0.0,0.0,0.0,0.0,0.0,0.0,0.0,0.0,0.0,0.0,0.0,0.0,1.0,0.0,0.0,0.0,0.0,0.0,0.8967648682795254,0.8799180984700115,-0.01684676980951394,0.8967648682795254,0.8892435140207858,-0.007521354258739565,,,,0.8967648682795254,0.9046892717255635,0.007924403446038064,,,,,,
6.0,1.0,6.0,1.0,2.0,4.0,1.0,2.0,6.0,8.0,5.0,7.0,0.0,0.0,0.0,0.0,0.0,0.0,0.0,0.0,0.0,0.0,0.0,1.0,0.0,0.0,0.0,0.0,0.0,0.0,0.0,0.0,0.0,0.0,1.0,0.0,0.0,0.0,0.0,0.0,0.8695953454660951,0.849061092487954,-0.020534252978141043,0.8695953454660951,0.8604026545803877,-0.0091926908857074,0.8695953454660951,0.8786806788033882,0.009085333337293111,0.8695953454660951,0.8793246537410022,0.009729308274907145,,,,0.8695953454660951,0.8689138269526295,-0.0006815185134655399
4.0,1.0,9.0,1.0,1.0,5.0,2.0,4.0,7.0,7.0,3.0,8.0,0.0,0.0,0.0,0.0,1.0,0.0,1.0,0.0,0.0,0.0,0.0,0.0,1.0,0.0,0.0,0.0,0.0,0.0,0.0,0.0,0.0,0.0,0.0,0.0,0.0,0.0,0.0,0.0,0.897779888703338,0.8810767923438345,-0.01670309635950351,0.897779888703338,0.890323440943733,-0.007456447759605078,0.897779888703338,0.9051158531409049,0.0073359644375669,0.897779888703338,0.905634577206337,0.007854688502998974,0.897779888703338,0.8898661960199271,-0.007913692683410911,0.897779888703338,0.8972282596263846,-0.000551629076953386
4.0,1.0,2.0,1.0,3.0,3.0,5.0,2.0,0.0,6.0,1.0,5.0,0.0,0.0,0.0,0.0,0.0,0.0,1.0,0.0,0.0,0.0,0.0,0.0,0.0,0.0,0.0,0.0,0.0,0.0,0.0,0.0,0.0,0.0,0.0,0.0,1.0,0.0,0.0,0.0,,,,0.30303992478217395,0.28667031073704896,-0.01636961404512499,0.30303992478217395,0.3207660145791392,0.017726089796965272,0.30303992478217395,0.3220866467481207,0.019046721965946756,0.30303992478217395,0.2857154623669003,-0.017324462415273634,0.30303992478217395,0.30177490046821304,-0.0012650243139609163
3.0,1.0,2.0,1.0,3.0,4.0,3.0,3.0,7.0,7.0,4.0,7.0,0.0,0.0,0.0,1.0,0.0,0.0,0.0,0.0,0.0,0.0,0.0,1.0,0.0,0.0,0.0,0.0,0.0,0.0,0.0,0.0,0.0,0.0,0.0,0.0,0.0,0.0,0.0,0.0,0.5928431211633789,0.5512200913320513,-0.041623029831327596,0.5928431211633789,0.5737050454680724,-0.019138075695306456,0.5928431211633789,0.6126205595575512,0.019777438394172342,0.5928431211633789,0.6140564940921012,0.021213372928722274,0.5928431211633789,0.5725615282115697,-0.020281592951809202,0.5928431211633789,0.591394859021379,-0.0014482621419998898
7.0,1.0,5.0,1.0,2.0,3.0,2.0,4.0,9.0,9.0,3.0,10.0,0.0,0.0,0.0,0.0,0.0,0.0,0.0,0.0,0.0,0.0,0.0,1.0,0.0,0.0,0.0,0.0,0.0,0.0,0.0,0.0,0.0,0.0,1.0,0.0,0.0,0.0,0.0,0.0,0.811191173984911,0.7837473117150101,-0.02744386226990092,0.811191173984911,0.7988337900267739,-0.012357383958137125,0.811191173984911,0.8235197525904581,0.012328578605547036,0.811191173984911,0.8243980119445721,0.013206837959661044,0.811191173984911,0.7980816257333978,-0.013109548251513226,,,
7.0,2.0,3.0,1.0,2.0,4.0,2.0,3.0,8.0,8.0,4.0,8.0,0.0,0.0,0.0,0.0,0.0,0.0,0.0,0.0,0.0,0.0,0.0,0.0,0.0,0.0,0.0,0.0,1.0,0.0,0.0,0.0,0.0,0.0,1.0,0.0,0.0,0.0,0.0,0.0,0.7481959106926889,0.7148146232615824,-0.033381287431106466,0.7481959106926889,0.733072234454054,-0.015123676238634864,0.7481959106926889,0.763438313213392,0.01524240252070308,0.7481959106926889,0.7645300771086826,0.016334166415993723,0.7481959106926889,0.7321566295353337,-0.0160392811573552,0.7481959106926889,0.7470644780029969,-0.001131432689691958
5.0,1.0,2.0,1.0,1.0,5.0,3.0,3.0,7.0,8.0,2.0,8.0,0.0,0.0,0.0,1.0,0.0,0.0,1.0,0.0,0.0,0.0,0.0,1.0,0.0,0.0,0.0,0.0,0.0,0.0,0.0,0.0,0.0,0.0,0.0,0.0,0.0,0.0,0.0,0.0,0.7354793613088869,0.7010857651957909,-0.034393596113096,0.7354793613088869,0.7198778666849525,-0.015601494623934453,0.7354793613088869,0.7512355951050926,0.01575623379620572,0.7354793613088869,0.7523654087163338,0.016886047407446925,0.7354793613088869,0.718934355550508,-0.016545005758378917,0.7354793613088869,0.7343110798059725,-0.00116828150291437
3.0,1.0,2.0,1.0,1.0,3.0,3.0,4.0,7.0,8.0,2.0,6.0,0.0,0.0,0.0,0.0,0.0,0.0,1.0,0.0,1.0,0.0,0.0,0.0,0.0,0.0,0.0,0.0,0.0,0.0,0.0,0.0,0.0,0.0,0.0,0.0,0.0,0.0,0.0,0.0,0.8885424869725914,0.8705476153137609,-0.017994871658830514,0.8885424869725914,0.8805019052470043,-0.008040581725587082,0.8885424869725914,0.896464934128333,0.00792244715574153,0.8885424869725914,0.8970255714844627,0.008483084511871297,0.8885424869725914,0.8800092324577659,-0.008533254514825561,0.8885424869725914,0.8879472301771247,-0.000595256795466681
5.0,1.0,6.0,1.0,1.0,4.0,2.0,4.0,9.0,9.0,4.0,9.0,0.0,0.0,0.0,0.0,0.0,0.0,1.0,0.0,0.0,0.0,0.0,0.0,1.0,0.0,0.0,0.0,0.0,0.0,0.0,1.0,0.0,0.0,0.0,0.0,0.0,0.0,0.0,0.0,0.8813905401848183,0.8624197724040044,-0.01897076778081397,0.8813905401848183,0.8729078123991423,-0.008482727785676047,0.8813905401848183,0.8897582779488719,0.008367737764053529,0.8813905401848183,0.8903507895813983,0.008960249396580022,0.8813905401848183,0.8723883679755714,-0.009002172209246928,0.8813905401848183,0.8807622129872993,-0.0006283271975190408
2.0,1.0,6.0,1.0,3.0,2.0,2.0,3.0,2.0,2.0,4.0,4.0,0.0,1.0,0.0,0.0,0.0,0.0,1.0,0.0,0.0,0.0,0.0,0.0,0.0,0.0,0.0,0.0,1.0,0.0,0.0,0.0,0.0,0.0,0.0,0.0,0.0,0.0,0.0,0.0,0.43197650876719645,0.3908070153641242,-0.041169493403072244,0.43197650876719645,0.41276688044076926,-0.019209628326427197,0.43197650876719645,0.4523496134420508,0.02037310467485437,0.43197650876719645,0.4538500080347979,0.02187349926760146,0.43197650876719645,0.4116343951637942,-0.020342113603402268,0.43197650876719645,0.43050571063269083,-0.0014707981345056242
5.0,1.0,7.0,1.0,2.0,5.0,2.0,4.0,6.0,6.0,3.0,6.0,0.0,1.0,0.0,0.0,0.0,0.0,1.0,0.0,0.0,0.0,0.0,1.0,0.0,0.0,0.0,0.0,0.0,0.0,0.0,0.0,0.0,0.0,0.0,0.0,0.0,0.0,0.0,0.0,0.6710202640353751,0.6324341255404736,-0.038586138494901445,0.6710202640353751,0.6534085437706644,-0.017611720264710695,0.6710202640353751,0.6889924246374962,0.017972160602121146,0.6710202640353751,0.6902883836815912,0.01926811964621611,0.6710202640353751,0.6523492695571897,-0.01867099447818532,0.6710202640353751,0.6696951472462246,-0.0013251167891504823
4.0,5.0,3.0,1.0,2.0,4.0,2.0,4.0,7.0,6.0,4.0,7.0,0.0,0.0,0.0,0.0,1.0,0.0,0.0,0.0,0.0,0.0,0.0,1.0,0.0,0.0,0.0,0.0,0.0,0.0,0.0,0.0,0.0,0.0,0.0,0.0,0.0,0.0,0.0,0.0,0.6970229558051786,0.6599410745414128,-0.03708188126376577,0.6970229558051786,0.6801397200546082,-0.01688323575057038,0.6970229558051786,0.7141796613885539,0.017156705583375342,0.6970229558051786,0.7154140170653753,0.01839106126019674,0.6970229558051786,0.6791220230547719,-0.017900932750406717,0.6970229558051786,0.6957550880053257,-0.0012678677998528842
2.0,1.0,7.0,1.0,1.0,4.0,4.0,4.0,8.0,7.0,2.0,6.0,1.0,0.0,0.0,0.0,0.0,0.0,1.0,0.0,1.0,0.0,0.0,0.0,0.0,0.0,0.0,0.0,0.0,0.0,0.0,0.0,0.0,0.0,0.0,0.0,0.0,0.0,0.0,0.0,0.8831955522755877,0.8644690906517554,-0.01872646162383229,0.8831955522755877,0.8748235818807467,-0.008371970394840944,0.8831955522755877,0.8914516316715985,0.008256079396010807,0.8831955522755877,0.8920361464511584,0.008840594175570704,0.8831955522755877,0.8743108400495463,-0.008884712226041369,0.8831955522755877,0.8825755131273049,-0.0006200391482827916
3.0,6.0,8.0,2.0,2.0,4.0,2.0,3.0,8.0,8.0,4.0,10.0,0.0,1.0,0.0,0.0,0.0,0.0,0.0,0.0,0.0,0.0,0.0,0.0,0.0,0.0,0.0,0.0,0.0,1.0,0.0,0.0,0.0,0.0,0.0,0.0,0.0,0.0,0.0,1.0,0.536949689817147,0.4944849801580445,-0.042464709659102484,0.536949689817147,0.5173234036075821,-0.019626286209564858,0.536949689817147,0.5574152541673288,0.020465564350181875,0.536949689817147,0.558908484792436,0.021958794975289075,0.536949689817147,0.5161561969545014,-0.020793492862645535,,,
4.0,1.0,3.0,1.0,1.0,5.0,2.0,3.0,7.0,7.0,3.0,5.0,1.0,0.0,0.0,0.0,0.0,0.0,0.0,0.0,0.0,0.0,0.0,0.0,1.0,0.0,0.0,0.0,0.0,0.0,0.0,0.0,0.0,0.0,0.0,0.0,0.0,0.0,0.0,0.0,0.8685903593552012,0.8479255304224317,-0.020664828932769552,0.8685903593552012,0.8593382829714126,-0.009252076383788665,0.8685903593552012,0.8777358659810276,0.00914550662582636,0.8685903593552012,0.8783841619435829,0.009793802588381695,0.8685903593552012,0.858772350862707,-0.009818008492494257,0.8685903593552012,0.867904386441003,-0.0006859729141982518
7.0,1.0,7.0,1.0,4.0,3.0,3.0,3.0,9.0,9.0,5.0,10.0,1.0,0.0,0.0,0.0,0.0,0.0,1.0,0.0,0.0,0.0,0.0,1.0,0.0,0.0,0.0,0.0,0.0,0.0,0.0,0.0,0.0,0.0,1.0,0.0,0.0,0.0,0.0,0.0,0.5102207840288238,0.46773468984262656,-0.0424860941861972,0.5102207840288238,0.4905365052756778,-0.019684278753145934,0.5102207840288238,0.5308354827807017,0.020614698751877936,0.5102207840288238,0.5323431537644538,0.022122369735630087,,,,,,
4.0,1.0,9.0,1.0,1.0,3.0,3.0,4.0,8.0,8.0,4.0,5.0,0.0,0.0,0.0,0.0,0.0,0.0,0.0,0.0,0.0,0.0,0.0,0.0,1.0,0.0,0.0,0.0,0.0,0.0,0.0,1.0,0.0,0.0,0.0,0.0,0.0,0.0,0.0,0.0,0.8798462762803235,0.8606675596005461,-0.01917871667977744,0.8798462762803235,0.8712692362578563,-0.008577040022467175,0.8798462762803235,0.8883091540522147,0.008462877771891142,0.8798462762803235,0.8889084817856157,0.009062205505292131,0.8798462762803235,0.87074408640705,-0.009102189873273492,0.8798462762803235,0.8792108895362969,-0.0006353867440266336
3.0,1.0,3.0,1.0,2.0,1.0,2.0,4.0,8.0,8.0,4.0,8.0,0.0,0.0,0.0,0.0,0.0,0.0,1.0,0.0,1.0,0.0,0.0,0.0,0.0,0.0,0.0,0.0,0.0,0.0,0.0,1.0,0.0,0.0,0.0,0.0,0.0,0.0,0.0,0.0,0.8281995593372941,0.8026263883375867,-0.02557317099970735,0.8281995593372941,0.8167038258781689,-0.011495733459125135,0.8281995593372941,0.8396370983594285,0.011437539022134402,0.8281995593372941,0.840450688894714,0.012251129557419915,0.8281995593372941,0.8160030880394012,-0.012196471297892808,0.8281995593372941,0.827344652885364,-0.0008549064519300931
5.0,3.0,2.0,3.0,2.0,4.0,4.0,2.0,0.0,6.0,1.0,5.0,0.0,0.0,0.0,0.0,0.0,0.0,1.0,0.0,0.0,1.0,0.0,0.0,0.0,0.0,0.0,0.0,0.0,0.0,0.0,1.0,0.0,0.0,0.0,0.0,0.0,0.0,0.0,0.0,0.5604302644146495,0.5181866671929671,-0.04224359722168236,0.5604302644146495,0.5409483597407558,-0.019481904673893657,0.5604302644146495,0.580668504822471,0.020238240407821517,0.5604302644146495,0.582142093344893,0.021711828930243482,0.5604302644146495,0.5397874600338552,-0.020642804380794244,0.5604302644146495,0.5589524818807741,-0.001477782533875427
5.0,1.0,10.0,2.0,1.0,5.0,3.0,3.0,7.0,7.0,3.0,7.0,0.0,0.0,0.0,0.0,0.0,0.0,1.0,0.0,0.0,0.0,0.0,0.0,0.0,1.0,0.0,0.0,0.0,0.0,0.0,1.0,0.0,0.0,0.0,0.0,0.0,0.0,0.0,0.0,0.8877473722156489,0.8696429621385845,-0.018104410077064426,0.8877473722156489,0.8796571993762682,-0.008090172839380738,0.8877473722156489,0.8957197035580402,0.007972331342391281,0.8877473722156489,0.8962839094292842,0.008536537213635231,0.8877473722156489,0.8791615219360861,-0.008585850279562823,0.8877473722156489,0.8871484083114676,-0.0005989639041813488
4.0,1.0,8.0,1.0,2.0,4.0,1.0,4.0,10.0,8.0,4.0,6.0,0.0,0.0,0.0,0.0,0.0,0.0,0.0,0.0,0.0,0.0,0.0,0.0,1.0,0.0,0.0,0.0,0.0,0.0,0.0,0.0,0.0,0.0,0.0,0.0,0.0,0.0,0.0,0.0,0.8972742249706972,0.8804994997412222,-0.016774725229474985,0.8972742249706972,0.8897854197720769,-0.007488805198620274,,,,0.8972742249706972,0.9051636646545416,0.007889439683844368,0.8972742249706972,0.8893262106463868,-0.00794801432431036,0.8972742249706972,0.8967201810075195,-0.0005540439631777083
2.0,3.0,4.0,4.0,1.0,5.0,1.0,1.0,7.0,6.0,2.0,5.0,0.0,1.0,0.0,0.0,0.0,0.0,0.0,0.0,0.0,0.0,0.0,0.0,0.0,0.0,0.0,0.0,1.0,0.0,0.0,0.0,0.0,0.0,0.0,0.0,0.0,1.0,0.0,0.0,0.8174249553006336,0.7906533504424813,-0.02677160485815233,0.8174249553006336,0.8053776802049426,-0.012047275095691035,0.8174249553006336,0.8294320777403379,0.012007122439704254,0.8174249553006336,0.8302869777658095,0.01286202246517587,0.8174249553006336,0.8046440000216222,-0.012780955279011463,0.8174249553006336,0.8165283103245188,-0.0008966449761148576
4.0,1.0,3.0,1.0,1.0,5.0,1.0,4.0,9.0,9.0,4.0,7.0,1.0,0.0,0.0,0.0,0.0,0.0,0.0,0.0,0.0,0.0,0.0,1.0,0.0,0.0,0.0,0.0,0.0,0.0,0.0,0.0,0.0,0.0,0.0,0.0,0.0,0.0,0.0,0.0,0.8995963079299514,0.8831513898323425,-0.01644491809760884,0.8995963079299514,0.8922564575846778,-0.007339850345273624,0.8995963079299514,0.9068154449988372,0.0072191370688857726,0.8995963079299514,0.9073258288845969,0.007729520954645519,0.8995963079299514,0.8918062921457299,-0.007790015784221449,0.8995963079299514,0.899053378957636,-0.0005429289723153374
4.0,1.0,6.0,1.0,1.0,5.0,1.0,4.0,7.0,8.0,5.0,10.0,0.0,0.0,0.0,1.0,0.0,0.0,0.0,0.0,0.0,0.0,0.0,0.0,1.0,0.0,0.0,0.0,0.0,0.0,0.0,0.0,0.0,0.0,0.0,0.0,0.0,0.0,0.0,0.0,0.8138735175214127,0.7867170300194434,-0.027156487501969306,0.8138735175214127,0.8016487637834814,-0.012224753737931304,0.8138735175214127,0.8260645033576262,0.012190985836213475,0.8138735175214127,0.8269327600977493,0.013059242576336616,,,,,,
4.0,1.0,3.0,1.0,1.0,2.0,1.0,3.0,7.0,9.0,4.0,8.0,0.0,0.0,0.0,0.0,0.0,0.0,0.0,0.0,0.0,0.0,0.0,1.0,0.0,0.0,0.0,0.0,0.0,0.0,0.0,0.0,0.0,0.0,0.0,0.0,0.0,0.0,0.0,0.0,0.8906496273309021,0.8729463091250611,-0.017703318205841034,0.8906496273309021,0.8827409950050562,-0.007908632325845932,0.8906496273309021,0.8984394175343564,0.007789790203454272,0.8906496273309021,0.8989905678524945,0.0083409405215924,0.8906496273309021,0.8822563191900732,-0.008393308140828948,0.8906496273309021,0.8900642317050053,-0.0005853956258968784
4.0,1.0,9.0,1.0,1.0,3.0,2.0,3.0,9.0,9.0,4.0,10.0,0.0,0.0,1.0,0.0,0.0,0.0,0.0,0.0,0.0,0.0,0.0,0.0,1.0,0.0,0.0,0.0,0.0,0.0,0.0,0.0,0.0,0.0,0.0,0.0,0.0,0.0,0.0,0.0,0.7827784907955915,0.7524649963258117,-0.030313494469779823,0.7827784907955915,0.7690908594784082,-0.013687631317183313,0.7827784907955915,0.7964968954871607,0.013718404691569264,0.7827784907955915,0.7974765630118137,0.014698072216222213,0.7827784907955915,0.7682597474441005,-0.014518743351490948,,,
6.0,3.0,2.0,2.0,1.0,4.0,2.0,4.0,5.0,5.0,1.0,5.0,0.0,1.0,0.0,0.0,0.0,0.0,0.0,0.0,1.0,0.0,0.0,0.0,0.0,0.0,0.0,0.0,0.0,0.0,0.0,1.0,0.0,0.0,0.0,0.0,0.0,0.0,0.0,0.0,0.6404744120495011,0.6004388901974256,-0.040035521852075484,0.6404744120495011,0.6221482504636553,-0.018326161585845768,0.6404744120495011,0.659267946407772,0.018793534358270914,0.6404744120495011,0.6606267569094998,0.020152344859998728,0.6404744120495011,0.6210488458292197,-0.019425566220281354,0.6404744120495011,0.6390924333868537,-0.0013819786626473318
5.0,1.0,8.0,1.0,1.0,1.0,1.0,3.0,10.0,10.0,5.0,10.0,0.0,0.0,0.0,0.0,0.0,0.0,0.0,0.0,0.0,0.0,0.0,1.0,0.0,0.0,0.0,0.0,0.0,0.0,0.0,1.0,0.0,0.0,0.0,0.0,0.0,0.0,0.0,0.0,0.8959576211902591,0.878996893229225,-0.016960727961034094,0.8959576211902591,0.8883847738517852,-0.007572847338473965,,,,,,,,,,,,
2.0,3.0,4.0,4.0,2.0,4.0,1.0,4.0,5.0,6.0,2.0,0.0,0.0,0.0,1.0,0.0,0.0,0.0,0.0,0.0,0.0,0.0,0.0,0.0,0.0,0.0,0.0,0.0,1.0,0.0,0.0,0.0,0.0,0.0,0.0,0.0,0.0,1.0,0.0,0.0,0.6484116043145837,0.6087199720737662,-0.03969163224081751,0.6484116043145837,0.6302564618254439,-0.01815514248913974,0.6484116043145837,0.6670059515952257,0.01859434728064202,0.6484116043145837,0.66834942723453,0.01993782291994628,0.6484116043145837,0.6291665870271379,-0.019245017287445765,0.6484116043145837,0.6470433218896865,-0.0013682824248971714
4.0,1.0,7.0,1.0,1.0,5.0,2.0,3.0,4.0,4.0,4.0,2.0,1.0,0.0,0.0,0.0,0.0,0.0,1.0,0.0,0.0,0.0,0.0,0.0,0.0,0.0,0.0,0.0,0.0,0.0,1.0,0.0,0.0,0.0,0.0,1.0,0.0,0.0,0.0,0.0,0.6663675311850112,0.6275385837917222,-0.038828947393289015,0.6663675311850112,0.6486371548664525,-0.017730376318558783,0.6663675311850112,0.6844743511797797,0.018106819994768486,0.6663675311850112,0.6857805508713668,0.01941301968635556,0.6663675311850112,0.6475711634608526,-0.018796367724158602,0.6663675311850112,0.6650330287179724,-0.0013345024670388117
7.0,1.0,4.0,1.0,2.0,4.0,1.0,1.0,9.0,9.0,5.0,8.0,0.0,0.0,0.0,0.0,0.0,0.0,0.0,0.0,0.0,0.0,0.0,0.0,0.0,0.0,0.0,0.0,0.0,0.0,0.0,0.0,0.0,0.0,1.0,0.0,0.0,0.0,0.0,0.0,0.8717240412767013,0.8514677311261399,-0.020256310150561396,0.8717240412767013,0.8626577096746156,-0.009066331602085698,0.8717240412767013,0.8806814171371402,0.008957375860438876,0.8717240412767013,0.8813162064220211,0.009592165145319798,,,,0.8717240412767013,0.8710519980515472,-0.0006720432251541286
6.0,1.0,9.0,2.0,3.0,3.0,3.0,2.0,6.0,6.0,3.0,4.0,0.0,0.0,0.0,0.0,0.0,0.0,0.0,0.0,0.0,0.0,0.0,1.0,0.0,0.0,0.0,0.0,0.0,0.0,0.0,0.0,0.0,0.0,1.0,0.0,0.0,0.0,0.0,0.0,0.7384194479560249,0.7042544103994876,-0.034165037556537325,0.7384194479560249,0.7229260334979765,-0.015493414458048416,0.7384194479560249,0.7540591164413711,0.01563966848534626,0.7384194479560249,0.7551802855343367,0.016760837578311816,0.7384194479560249,0.721988824252955,-0.016430623703069913,0.7384194479560249,0.737259512847338,-0.0011599351086868381
4.0,1.0,4.0,1.0,2.0,4.0,3.0,3.0,8.0,7.0,4.0,7.0,0.0,1.0,0.0,0.0,0.0,0.0,0.0,0.0,0.0,0.0,0.0,0.0,0.0,0.0,0.0,0.0,1.0,0.0,0.0,1.0,0.0,0.0,0.0,0.0,0.0,0.0,0.0,0.0,0.6185075064554068,0.5776389461425043,-0.040868560312902424,0.6185075064554068,0.5997613476069114,-0.018746158848495398,0.6185075064554068,0.6377999470678792,0.019292440612472483,0.6185075064554068,0.6391975163051088,0.02069000984970204,0.6185075064554068,0.5986388271203537,-0.019868679335053097,0.6185075064554068,0.6170915709630093,-0.001415935492397491
3.0,1.0,5.0,1.0,2.0,5.0,2.0,4.0,7.0,7.0,3.0,7.0,1.0,0.0,0.0,0.0,0.0,0.0,1.0,0.0,0.0,0.0,0.0,1.0,0.0,0.0,0.0,0.0,0.0,0.0,0.0,0.0,0.0,0.0,0.0,0.0,0.0,0.0,0.0,0.0,0.8354645435842231,0.8107256490918892,-0.024738894492333907,0.8354645435842231,0.824351834855834,-0.011112708728389098,0.8354645435842231,0.8465080577582267,0.011043514174003621,0.8354645435842231,0.8472931288943182,0.011828585310095119,0.8354645435842231,0.8236740226993243,-0.011790520884898736,0.8354645435842231,0.8346385706665598,-0.0008259729176632868
5.0,1.0,2.0,1.0,3.0,4.0,2.0,3.0,9.0,10.0,3.0,10.0,0.0,0.0,1.0,0.0,0.0,0.0,1.0,0.0,0.0,0.0,0.0,0.0,1.0,0.0,0.0,0.0,0.0,0.0,0.0,0.0,0.0,0.0,0.0,0.0,0.0,0.0,0.0,0.0,0.5561398275535335,0.51384158698463,-0.04229824056890352,0.5561398275535335,0.5366249920534205,-0.019514835500113015,0.5561398275535335,0.5764263061015,0.020286478547966502,,,,0.5561398275535335,0.5354625479639874,-0.020677279589546127,,,
6.0,1.0,3.0,2.0,5.0,3.0,3.0,3.0,8.0,8.0,5.0,5.0,0.0,1.0,0.0,0.0,0.0,0.0,1.0,0.0,0.0,0.0,0.0,0.0,0.0,0.0,0.0,0.0,0.0,1.0,0.0,0.0,0.0,0.0,1.0,0.0,0.0,0.0,0.0,0.0,0.22661957789283835,0.19819278363297252,-0.02842679425986583,0.22661957789283835,0.21311576027610651,-0.013503817616731834,0.22661957789283835,0.24142395830828753,0.014804380415449181,0.22661957789283835,0.2425345707077058,0.01591499281486744,,,,0.22661957789283835,0.22557031821675008,-0.0010492596760882655
4.0,1.0,9.0,1.0,2.0,4.0,4.0,4.0,5.0,5.0,3.0,7.0,1.0,0.0,0.0,0.0,0.0,0.0,1.0,0.0,0.0,0.0,0.0,0.0,1.0,0.0,0.0,0.0,0.0,0.0,0.0,0.0,0.0,0.0,0.0,0.0,0.0,0.0,0.0,0.0,0.6942481052623738,0.6569937322660462,-0.03725437299632761,0.6942481052623738,0.6772818340012983,-0.016966271261075527,0.6942481052623738,0.711496904533513,0.017248799271139204,0.6942481052623738,0.7127381859368075,0.018490080674433695,0.6942481052623738,0.6762593722358551,-0.01798873302651871,0.6942481052623738,0.6929737403903539,-0.0012743648720199285
3.0,1.0,4.0,1.0,1.0,4.0,3.0,2.0,7.0,6.0,2.0,6.0,0.0,1.0,0.0,0.0,0.0,0.0,1.0,0.0,1.0,0.0,0.0,0.0,0.0,0.0,0.0,0.0,0.0,0.0,0.0,0.0,0.0,0.0,0.0,0.0,0.0,0.0,0.0,0.0,0.8047134821335749,0.7765873852546339,-0.028126096878940965,0.8047134821335749,0.7920408259673529,-0.01267265616622193,0.8047134821335749,0.8173698050795771,0.012656322946002274,0.8047134821335749,0.8182719160680939,0.013558433934519054,0.8047134821335749,0.7912698992520202,-0.013443582881554672,0.8047134821335749,0.8037693960744674,-0.0009440860591074518
4.0,1.0,3.0,1.0,2.0,5.0,2.0,3.0,8.0,6.0,2.0,6.0,0.0,0.0,0.0,0.0,0.0,0.0,0.0,0.0,0.0,0.0,0.0,1.0,0.0,0.0,0.0,0.0,0.0,0.0,0.0,0.0,0.0,0.0,0.0,0.0,0.0,0.0,0.0,0.0,0.8879417428423895,0.8698640859591275,-0.018077656883262017,0.8879417428423895,0.8798636827806258,-0.008078060061763703,0.8879417428423895,0.8959018884480326,0.007960145605643176,0.8879417428423895,0.8964652225488234,0.008523479706433967,0.8879417428423895,0.8793687391905256,-0.008573003651863864,0.8879417428423895,0.8873436844583186,-0.0005980583840708986
4.0,3.0,5.0,3.0,3.0,2.0,2.0,4.0,6.0,7.0,4.0,7.0,1.0,0.0,0.0,0.0,0.0,0.0,1.0,0.0,0.0,0.0,0.0,0.0,1.0,0.0,0.0,0.0,0.0,0.0,0.0,0.0,0.0,1.0,0.0,0.0,0.0,0.0,0.0,0.0,0.3716746517135585,0.33288421591742273,-0.03879043579613578,0.3716746517135585,0.3534778681363486,-0.018196783577209885,0.3716746517135585,0.3911622449869194,0.019487593273360915,0.3716746517135585,0.39260518191341837,0.020930530199859854,0.3716746517135585,0.35241043048559906,-0.019264221227959455,0.3716746517135585,0.3702753311493973,-0.0013993205641611994
4.0,1.0,8.0,1.0,2.0,4.0,2.0,3.0,7.0,7.0,4.0,7.0,0.0,0.0,0.0,0.0,0.0,0.0,0.0,0.0,0.0,0.0,0.0,0.0,1.0,0.0,0.0,0.0,0.0,0.0,0.0,0.0,0.0,0.0,0.0,0.0,0.0,0.0,0.0,0.0,0.8687453001535094,0.8481005754432623,-0.02064472471024703,0.8687453001535094,0.8595023680485366,-0.009242932104972734,0.8687453001535094,0.8778815396592897,0.009136239505780352,0.8687453001535094,0.8785291700951124,0.009783869941603074,0.8687453001535094,0.8589369877430892,-0.009808312410420128,0.8687453001535094,0.8680600131884852,-0.0006852869650241233
3.0,1.0,3.0,1.0,2.0,4.0,3.0,4.0,8.0,7.0,3.0,7.0,0.0,1.0,0.0,0.0,0.0,0.0,0.0,0.0,0.0,0.0,0.0,1.0,0.0,0.0,0.0,0.0,0.0,0.0,0.0,0.0,0.0,0.0,0.0,0.0,0.0,0.0,0.0,0.0,0.6745035797337688,0.6361044380156161,-0.03839914171815273,0.6745035797337688,0.6569830118492831,-0.01752056788448575,0.6745035797337688,0.6923726863384525,0.01786910660468366,0.6745035797337688,0.6936608225940165,0.01915724286024767,0.6745035797337688,0.6559289095304274,-0.01857467020334147,0.6745035797337688,0.6731856600945654,-0.0013179196392034687
7.0,5.0,10.0,2.0,2.0,3.0,2.0,3.0,8.0,8.0,3.0,8.0,1.0,0.0,0.0,0.0,0.0,0.0,0.0,0.0,0.0,0.0,0.0,1.0,0.0,0.0,0.0,0.0,0.0,0.0,0.0,0.0,0.0,0.0,1.0,0.0,0.0,0.0,0.0,0.0,0.6271349360912409,0.5865728287321664,-0.040562107359074506,0.6271349360912409,0.6085444053049722,-0.01859053078626871,0.6271349360912409,0.6462406224400614,0.019105686348820483,0.6271349360912409,0.6476236167174664,0.02048868062622544,0.6271349360912409,0.6074303945321826,-0.01970454155905832,0.6271349360912409,0.625731645318505,-0.0014032907727359323
3.0,1.0,3.0,1.0,1.0,5.0,2.0,3.0,6.0,7.0,3.0,5.0,0.0,0.0,0.0,0.0,0.0,0.0,0.0,0.0,0.0,0.0,0.0,1.0,0.0,0.0,0.0,0.0,0.0,0.0,0.0,0.0,0.0,0.0,0.0,0.0,0.0,0.0,0.0,0.0,0.9228331206804313,0.9098125583856607,-0.013020562294770666,0.9228331206804313,0.917035299547283,-0.0057978211331483065,0.9228331206804313,0.9285142701602038,0.005681149479772496,0.9228331206804313,0.9289151231556226,0.006082002475191306,0.9228331206804313,0.9166789953023469,-0.006154125378084463,0.9228331206804313,0.9224050056796685,-0.0004281150007627854
7.0,1.0,3.0,1.0,3.0,4.0,4.0,4.0,7.0,7.0,4.0,9.0,0.0,0.0,0.0,0.0,0.0,0.0,0.0,0.0,0.0,0.0,0.0,0.0,0.0,0.0,0.0,0.0,0.0,1.0,0.0,0.0,0.0,0.0,1.0,0.0,0.0,0.0,0.0,0.0,0.6158501520856637,0.5748925765062155,-0.040957575579448235,0.6158501520856637,0.5970584827970117,-0.018791669288652058,0.6158501520856637,0.6351977159818519,0.01934756389618819,0.6158501520856637,0.6365996050783936,0.0207494529927299,0.6158501520856637,0.5959334888756627,-0.019916663210001073,0.6158501520856637,0.6144305020764578,-0.0014196500092059638
4.0,1.0,5.0,1.0,2.0,2.0,2.0,3.0,5.0,4.0,5.0,6.0,1.0,0.0,0.0,0.0,0.0,0.0,0.0,0.0,0.0,0.0,0.0,0.0,1.0,0.0,0.0,0.0,0.0,0.0,0.0,0.0,0.0,0.0,0.0,0.0,0.0,0.0,0.0,0.0,0.6815296462403149,0.6435213133933514,-0.03800833284696348,0.6815296462403149,0.6641989886249852,-0.017330657615329703,0.6815296462403149,0.6991850577699085,0.0176554115295936,0.6815296462403149,0.7004570095132947,0.018927363272979836,,,,0.6815296462403149,0.6802266878882174,-0.001302958352097483
3.0,1.0,3.0,1.0,3.0,5.0,3.0,3.0,0.0,0.0,1.0,0.0,0.0,1.0,0.0,0.0,0.0,0.0,0.0,0.0,0.0,0.0,0.0,0.0,0.0,0.0,0.0,0.0,0.0,1.0,0.0,0.0,0.0,0.0,0.0,0.0,0.0,0.0,0.0,0.0,0.5220644174665907,0.47955774131594736,-0.04250667615064335,0.5220644174665907,0.5023919053859992,-0.01967251208059151,0.5220644174665907,0.5426274824053493,0.02056306493875859,0.5220644174665907,0.5441298019680308,0.022065384501440133,0.5220644174665907,0.5012234042332436,-0.020841013233347083,0.5220644174665907,0.5205679933993146,-0.0014964240672761253
6.0,1.0,9.0,1.0,2.0,2.0,2.0,4.0,7.0,7.0,4.0,8.0,0.0,0.0,0.0,0.0,1.0,0.0,1.0,0.0,0.0,0.0,0.0,0.0,1.0,0.0,0.0,0.0,0.0,0.0,0.0,0.0,0.0,0.0,0.0,0.0,0.0,0.0,0.0,0.0,0.7212190986295971,0.6857635437394153,-0.03545555489018182,0.7212190986295971,0.7051137538642441,-0.01610534476535297,0.7212190986295971,0.7375216081731186,0.016302509543521526,0.7212190986295971,0.7386920416120322,0.01747294298243507,0.7212190986295971,0.7041409517924221,-0.017078146837175012,0.7212190986295971,0.7200118117084988,-0.0012072869210982828
4.0,1.0,1.0,4.0,1.0,5.0,2.0,3.0,10.0,7.0,4.0,10.0,0.0,0.0,1.0,0.0,0.0,0.0,1.0,0.0,0.0,1.0,0.0,0.0,0.0,0.0,0.0,0.0,0.0,0.0,0.0,1.0,0.0,0.0,0.0,0.0,0.0,0.0,0.0,0.0,0.6432847981973122,0.6033684252087053,-0.03991637298860695,0.6432847981973122,0.6250180190548256,-0.018266779142486644,,,,0.6432847981973122,0.6633624121247533,0.020077613927441118,0.6432847981973122,0.6239219169603754,-0.019362881236936857,,,
4.0,3.0,5.0,3.0,4.0,3.0,3.0,3.0,6.0,5.0,2.0,8.0,0.0,0.0,0.0,0.0,0.0,1.0,1.0,0.0,0.0,0.0,0.0,0.0,1.0,0.0,0.0,0.0,0.0,0.0,0.0,0.0,1.0,0.0,0.0,0.0,0.0,0.0,0.0,0.0,0.4930711591315254,0.4506990111244929,-0.042372148007032484,0.4930711591315254,0.4734089945252102,-0.019662164606315202,0.4930711591315254,0.5137197272083699,0.02064856807684451,0.4930711591315254,0.5152321714362481,0.022161012304722727,0.4930711591315254,0.4722439294396574,-0.02082722969186801,0.4930711591315254,0.4915723638536542,-0.0014987952778711677
7.0,2.0,8.0,1.0,2.0,4.0,3.0,2.0,9.0,8.0,5.0,9.0,0.0,0.0,0.0,0.0,0.0,0.0,1.0,0.0,0.0,0.0,0.0,1.0,0.0,0.0,0.0,0.0,0.0,0.0,0.0,1.0,0.0,0.0,0.0,0.0,0.0,0.0,0.0,0.0,0.7746152358659728,0.7435357871916756,-0.03107944867429724,0.7746152358659728,0.7605705546978143,-0.01404468116815849,0.7746152358659728,0.7887100259564781,0.014094790090505294,0.7746152358659728,0.7897172829158166,0.015102047049843748,,,,0.7746152358659728,0.7735665869450612,-0.00104864892091161
3.0,1.0,9.0,1.0,3.0,4.0,2.0,4.0,5.0,5.0,2.0,6.0,0.0,0.0,0.0,0.0,0.0,0.0,1.0,0.0,0.0,0.0,0.0,1.0,0.0,0.0,0.0,0.0,0.0,0.0,0.0,0.0,0.0,0.0,0.0,0.0,0.0,0.0,0.0,0.0,0.8265568786745253,0.800798001040162,-0.025758877634363353,0.8265568786745253,0.8149757841260078,-0.011581094548517523,0.8265568786745253,0.8380823978101344,0.011525519135609064,0.8265568786745253,0.8389023626413826,0.012345483966857307,0.8265568786745253,0.8142699423759768,-0.01228693629854849,0.8265568786745253,0.8256955183477525,-0.0008613603267728642
3.0,2.0,2.0,2.0,1.0,5.0,1.0,3.0,3.0,7.0,2.0,6.0,0.0,0.0,0.0,0.0,0.0,0.0,1.0,0.0,0.0,0.0,0.0,0.0,0.0,0.0,1.0,0.0,0.0,0.0,0.0,0.0,0.0,0.0,0.0,0.0,0.0,0.0,0.0,0.0,0.8903068939532123,0.8725560284869593,-0.01775086546625293,0.8903068939532123,0.8823767474403057,-0.007930146512906577,0.8903068939532123,0.8981183065742834,0.007811412621071101,0.8903068939532123,0.8986710029643594,0.008364109011147147,0.8903068939532123,0.8818907674954591,-0.008416126457753137,0.8903068939532123,0.8897198907235558,-0.0005870032296564354
6.0,1.0,5.0,2.0,3.0,5.0,3.0,2.0,8.0,9.0,4.0,7.0,0.0,0.0,1.0,0.0,0.0,0.0,0.0,0.0,0.0,0.0,0.0,0.0,0.0,1.0,0.0,0.0,0.0,0.0,0.0,0.0,0.0,0.0,0.0,0.0,0.0,0.0,0.0,0.0,0.5446064685021271,0.5021929461813244,-0.042413522320802755,0.5446064685021271,0.5250176351705425,-0.019588833331584676,0.5446064685021271,0.5650077748719269,0.020401306369799754,0.5446064685021271,0.5664953111239118,0.0218888426217847,0.5446064685021271,0.5238519094372925,-0.020754559064834588,0.5446064685021271,0.54311885676635,-0.0014876117357771612
6.0,1.0,4.0,1.0,1.0,3.0,3.0,3.0,7.0,7.0,4.0,7.0,0.0,0.0,0.0,0.0,0.0,0.0,0.0,0.0,0.0,0.0,0.0,1.0,0.0,0.0,0.0,0.0,0.0,0.0,0.0,0.0,0.0,0.0,1.0,0.0,0.0,0.0,0.0,0.0,0.8299551652188298,0.8045816610491316,-0.02537350416969819,0.8299551652188298,0.8185511680914644,-0.011403997127365395,0.8299551652188298,0.8412982221513906,0.011343056932560769,0.8299551652188298,0.8421049699086021,0.012149804689772226,0.8299551652188298,0.8178559175368516,-0.012099247681978231,0.8299551652188298,0.8291071922976583,-0.0008479729211715581
4.0,1.0,4.0,1.0,1.0,4.0,3.0,1.0,8.0,5.0,3.0,5.0,0.0,1.0,0.0,0.0,0.0,0.0,0.0,0.0,0.0,0.0,0.0,0.0,0.0,0.0,0.0,0.0,0.0,0.0,1.0,0.0,0.0,0.0,0.0,0.0,0.0,0.0,0.0,0.0,0.5866224148495256,0.5448516819977235,-0.041770732851802106,0.5866224148495256,0.5674053022046943,-0.01921711264483128,0.5866224148495256,0.60650145766501,0.01987904281548436,0.5866224148495256,0.6079455586435972,0.02132314379407163,0.5866224148495256,0.5662576622736863,-0.02036475257583925,0.5866224148495256,0.5851675086826191,-0.0014549061669064667
4.0,1.0,3.0,1.0,3.0,4.0,3.0,4.0,8.0,8.0,3.0,8.0,1.0,0.0,0.0,0.0,0.0,0.0,0.0,0.0,0.0,0.0,0.0,0.0,1.0,0.0,0.0,0.0,0.0,0.0,0.0,0.0,0.0,0.0,0.0,0.0,0.0,0.0,0.0,0.0,0.6850028868050396,0.6471944901959441,-0.03780839660909552,0.6850028868050396,0.6677691000532893,-0.017233786751750357,0.6850028868050396,0.7025497857775248,0.01754689897248518,0.6850028868050396,0.7038135371671775,0.018810650362137915,0.6850028868050396,0.6667313297169934,-0.018271557088046175,0.6850028868050396,0.6837075437461427,-0.0012953430588968917
3.0,1.0,8.0,1.0,2.0,5.0,2.0,4.0,8.0,7.0,4.0,10.0,0.0,0.0,0.0,0.0,0.0,0.0,0.0,0.0,0.0,0.0,0.0,0.0,1.0,0.0,0.0,0.0,0.0,0.0,0.0,0.0,0.0,0.0,0.0,0.0,0.0,0.0,0.0,0.0,0.8947073547721107,0.8775706621281478,-0.017136692643962892,0.8947073547721107,0.8870549771050764,-0.007652377667034305,0.8947073547721107,0.9022398127896397,0.007532458017528998,0.8947073547721107,0.9027725709667627,0.008065216194651947,0.8947073547721107,0.886585841649897,-0.008121513122213764,,,
6.0,3.0,3.0,2.0,4.0,4.0,3.0,2.0,5.0,8.0,5.0,8.0,0.0,0.0,0.0,0.0,0.0,0.0,1.0,0.0,0.0,0.0,1.0,0.0,0.0,0.0,0.0,0.0,0.0,0.0,0.0,1.0,0.0,0.0,0.0,0.0,0.0,0.0,0.0,0.0,0.5434603930626694,0.5010379246092724,-0.04242246845339692,0.5434603930626694,0.5238653615528679,-0.019595031509801464,0.5434603930626694,0.5638719263506378,0.02041153328796841,0.5434603930626694,0.565360358840935,0.021899965778265695,,,,0.5434603930626694,0.5419721861528501,-0.0014882069098192119
3.0,1.0,3.0,3.0,2.0,4.0,2.0,4.0,3.0,3.0,1.0,6.0,0.0,0.0,0.0,0.0,0.0,0.0,1.0,0.0,1.0,0.0,0.0,0.0,0.0,0.0,0.0,0.0,0.0,0.0,0.0,0.0,0.0,0.0,0.0,0.0,0.0,0.0,1.0,0.0,0.9278355184600438,0.9155818104633779,-0.012253707996665808,0.9278355184600438,0.9223819332177225,-0.005453585242321202,0.9278355184600438,0.9331750519109969,0.005339533450953171,0.9278355184600438,0.9335516401222044,0.0057161216621606226,0.9278355184600438,0.9220466389893875,-0.005788879470656205,0.9278355184600438,0.9274329739709983,-0.00040254448904541995
3.0,1.0,3.0,1.0,3.0,4.0,3.0,3.0,7.0,7.0,3.0,7.0,0.0,0.0,0.0,0.0,0.0,0.0,1.0,0.0,0.0,0.0,0.0,1.0,0.0,0.0,0.0,0.0,0.0,0.0,0.0,0.0,0.0,0.0,0.0,0.0,0.0,0.0,0.0,0.0,0.7825463565853725,0.7522107220722388,-0.030335634513133702,0.7825463565853725,0.7688484173448639,-0.01369793924050866,0.7825463565853725,0.7962756060429748,0.013729249457602233,0.7825463565853725,0.7972560676948311,0.014709711109458623,0.7825463565853725,0.7680166958997442,-0.014529660685628332,0.7825463565853725,0.7815242010694241,-0.0010221555159484197
4.0,1.0,9.0,1.0,1.0,4.0,2.0,4.0,9.0,9.0,4.0,9.0,0.0,0.0,0.0,0.0,0.0,0.0,1.0,0.0,0.0,0.0,0.0,0.0,1.0,0.0,0.0,0.0,0.0,0.0,0.0,0.0,0.0,0.0,0.0,1.0,0.0,0.0,0.0,0.0,0.8860594523218382,0.8677233732311378,-0.018336079090700452,0.8860594523218382,0.8778643657584055,-0.008195086563432707,0.8860594523218382,0.8941373666639942,0.00807791434215599,0.8860594523218382,0.8947091273695396,0.00864967504770131,0.8860594523218382,0.8773623333607278,-0.008697118961110473,0.8860594523218382,0.8854526440412397,-0.0006068082805985586
3.0,1.0,7.0,2.0,2.0,5.0,3.0,3.0,7.0,5.0,3.0,4.0,1.0,0.0,0.0,0.0,0.0,0.0,1.0,0.0,0.0,0.0,0.0,1.0,0.0,0.0,0.0,0.0,0.0,0.0,0.0,0.0,0.0,0.0,0.0,0.0,0.0,0.0,0.0,0.0,0.802000728382816,0.7735938522587631,-0.028406876124052904,0.802000728382816,0.7891981491340971,-0.01280257924871886,0.802000728382816,0.8147923986968398,0.01279167031402384,0.802000728382816,0.8157043703524733,0.013703641969657343,0.802000728382816,0.7884194993931535,-0.01358122898966252,0.802000728382816,0.8010467702317691,-0.0009539581510469297
4.0,1.0,5.0,1.0,2.0,5.0,2.0,3.0,10.0,8.0,3.0,8.0,0.0,0.0,0.0,0.0,0.0,0.0,1.0,0.0,0.0,0.0,0.0,0.0,0.0,0.0,0.0,0.0,0.0,0.0,0.0,0.0,0.0,0.0,0.0,0.0,0.0,0.0,0.0,0.0,0.8925324213914163,0.8750911700565907,-0.017441251334825658,0.8925324213914163,0.8847423381880998,-0.0077900832033165335,,,,0.8925324213914163,0.9007457520635882,0.008213330672171892,0.8925324213914163,0.884264850108638,-0.00826757128277833,0.8925324213914163,0.8919558823860174,-0.0005765390053988906
2.0,1.0,9.0,2.0,5.0,5.0,5.0,3.0,8.0,8.0,3.0,10.0,0.0,0.0,0.0,0.0,0.0,0.0,1.0,0.0,0.0,0.0,0.0,0.0,0.0,0.0,0.0,0.0,1.0,0.0,0.0,0.0,0.0,0.0,0.0,0.0,0.0,0.0,0.0,0.0,,,,0.6138197068942596,0.5949940326243105,-0.018825674269949078,0.6138197068942596,0.6332086272828216,0.019388920388561992,0.6138197068942596,0.6346137632258416,0.020794056331582045,0.6138197068942596,0.5938671955557097,-0.019952511338549916,,,
2.0,2.0,4.0,4.0,3.0,4.0,2.0,3.0,8.0,8.0,2.0,8.0,0.0,0.0,0.0,0.0,0.0,0.0,1.0,0.0,0.0,0.0,0.0,0.0,0.0,0.0,0.0,0.0,1.0,0.0,0.0,0.0,0.0,0.0,0.0,0.0,0.0,1.0,0.0,0.0,0.7980496486366506,0.7692390161923457,-0.02881063244430493,0.7980496486366506,0.7850600623342182,-0.01298958630243241,0.7980496486366506,0.8110364343288887,0.0129867856922381,0.7980496486366506,0.8119626323793333,0.013912983742682683,0.7980496486366506,0.7842703057461256,-0.01377934289052507,0.7980496486366506,0.7970814706957434,-0.0009681779409072
7.0,1.0,8.0,2.0,2.0,2.0,2.0,3.0,9.0,10.0,3.0,10.0,0.0,0.0,0.0,1.0,0.0,0.0,0.0,0.0,0.0,0.0,0.0,0.0,0.0,0.0,0.0,0.0,0.0,1.0,0.0,1.0,0.0,0.0,0.0,0.0,0.0,0.0,0.0,0.0,0.6111061632777659,0.5699959521678901,-0.04111021110987578,0.6111061632777659,0.5922360830508592,-0.018870080226906727,0.6111061632777659,0.630549321915457,0.019443158637691083,,,,0.6111061632777659,0.591106845923703,-0.019999317354062907,,,
6.0,2.0,2.0,3.0,2.0,4.0,2.0,2.0,6.0,5.0,2.0,8.0,0.0,0.0,1.0,0.0,0.0,0.0,1.0,0.0,0.0,0.0,0.0,0.0,0.0,0.0,0.0,0.0,0.0,0.0,0.0,1.0,0.0,0.0,0.0,0.0,0.0,0.0,0.0,0.0,0.5006481923573267,0.4582134710480088,-0.04243472130931791,0.5006481923573267,0.480970555627673,-0.019677636729653725,0.5006481923573267,0.5212877726080553,0.02063958025072854,0.5006481923573267,0.5227985435875763,0.022150351230249554,0.5006481923573267,0.4798038371400648,-0.020844355217261912,0.5006481923573267,0.4991490436089457,-0.0014991487483810295
3.0,1.0,6.0,1.0,2.0,4.0,2.0,4.0,9.0,9.0,4.0,10.0,0.0,0.0,0.0,0.0,0.0,0.0,0.0,0.0,0.0,0.0,0.0,1.0,0.0,0.0,0.0,0.0,0.0,0.0,0.0,0.0,0.0,0.0,0.0,0.0,0.0,0.0,0.0,0.0,0.8929029710410498,0.8755134696345795,-0.01738950140647022,0.8929029710410498,0.8851362913837648,-0.007766679657284947,0.8929029710410498,0.9005501636470621,0.007647192606012321,0.8929029710410498,0.9010911203757992,0.008188149334749428,0.8929029710410498,0.8846602226042081,-0.008242748436841696,,,
4.0,1.0,7.0,2.0,3.0,5.0,3.0,2.0,8.0,8.0,4.0,8.0,0.0,0.0,0.0,0.0,0.0,0.0,1.0,0.0,0.0,0.0,0.0,0.0,1.0,0.0,0.0,0.0,0.0,0.0,0.0,0.0,0.0,0.0,0.0,0.0,0.0,0.0,0.0,0.0,0.7942841241667209,0.7650944183707254,-0.029189705795995446,0.7942841241667209,0.7811187652796726,-0.013165358887048284,0.7942841241667209,0.8074546355309371,0.013170511364216209,0.7942841241667209,0.8083942420542753,0.014110117887554452,0.7942841241667209,0.7803185794717586,-0.01396554469496225,0.7942841241667209,0.7933025694218104,-0.0009815547449104622
3.0,1.0,3.0,1.0,1.0,5.0,2.0,3.0,7.0,8.0,4.0,8.0,0.0,0.0,0.0,0.0,1.0,0.0,1.0,0.0,0.0,0.0,0.0,1.0,0.0,0.0,0.0,0.0,0.0,0.0,0.0,0.0,0.0,0.0,0.0,0.0,0.0,0.0,0.0,0.0,0.9019510874775719,0.885842911316853,-0.016108176160718912,0.9019510874775719,0.8947632419082925,-0.007187845569279427,0.9019510874775719,0.9090180368172948,0.00706694933972285,0.9019510874775719,0.909517560561458,0.007566473083886138,0.9019510874775719,0.8943223096299178,-0.007628777847654145,0.9019510874775719,0.9014194965198122,-0.0005315909577596756
3.0,1.0,4.0,1.0,2.0,5.0,2.0,4.0,10.0,10.0,4.0,7.0,0.0,1.0,0.0,0.0,0.0,0.0,1.0,0.0,0.0,0.0,0.0,0.0,0.0,0.0,0.0,0.0,0.0,0.0,0.0,0.0,0.0,0.0,0.0,0.0,0.0,0.0,0.0,0.0,0.7585539442446801,0.726043017944064,-0.03251092630061614,0.7585539442446801,0.7438393900101282,-0.014714554234551924,,,,,,,0.7585539442446801,0.7429477675544975,-0.015606176690182605,0.7585539442446801,0.757453965696202,-0.0010999785484780977
3.0,1.0,2.0,4.0,1.0,5.0,4.0,4.0,9.0,8.0,3.0,9.0,0.0,0.0,0.0,0.0,0.0,0.0,0.0,1.0,0.0,0.0,0.0,0.0,0.0,0.0,0.0,0.0,0.0,0.0,0.0,0.0,0.0,0.0,0.0,0.0,0.0,1.0,0.0,0.0,0.918938245169333,0.9053279110760277,-0.013610334093305254,0.918938245169333,0.9128754159522355,-0.006062829217097443,0.918938245169333,0.9248828008697534,0.005944555700420406,0.918938245169333,0.9253023789670857,0.006364133797752691,0.918938245169333,0.9125029510437721,-0.006435294125560875,0.918938245169333,0.9184904303166211,-0.0004478148527118364
2.0,1.0,5.0,1.0,2.0,5.0,3.0,4.0,8.0,9.0,4.0,9.0,0.0,0.0,0.0,0.0,0.0,0.0,1.0,0.0,0.0,0.0,0.0,0.0,0.0,0.0,0.0,0.0,1.0,0.0,0.0,0.0,0.0,0.0,0.0,0.0,0.0,0.0,0.0,0.0,0.8575252120947544,0.8354499765941881,-0.022075235500566337,0.8575252120947544,0.8476307419899286,-0.009894470104825803,0.8575252120947544,0.8673231721571312,0.009797960062376765,0.8575252120947544,0.8680183785296435,0.010493166434889067,0.8575252120947544,0.8470260913624389,-0.010499120732315514,0.8575252120947544,0.8567910012880601,-0.0007342108066943354
7.0,3.0,9.0,2.0,3.0,5.0,1.0,3.0,10.0,10.0,5.0,10.0,0.0,0.0,0.0,0.0,0.0,0.0,1.0,0.0,0.0,0.0,0.0,0.0,0.0,0.0,0.0,0.0,0.0,0.0,0.0,0.0,0.0,0.0,1.0,0.0,0.0,0.0,0.0,0.0,0.774637886976683,0.7435605277395517,-0.031077359237131286,0.774637886976683,0.760594181055347,-0.01404370592133597,,,,,,,,,,,,
4.0,5.0,9.0,2.0,1.0,4.0,2.0,4.0,9.0,8.0,2.0,7.0,1.0,0.0,0.0,0.0,0.0,0.0,0.0,1.0,0.0,0.0,0.0,0.0,0.0,0.0,0.0,0.0,0.0,0.0,0.0,0.0,1.0,0.0,0.0,0.0,0.0,0.0,0.0,0.0,0.924209356222434,0.9113987145753928,-0.012810641647041265,0.924209356222434,0.9185058052949869,-0.005703550927447121,0.924209356222434,0.9297968928469654,0.005587536624531375,0.924209356222434,0.9301910943317704,0.005981738109336332,0.924209356222434,0.9181552527191543,-0.006054103503279729,0.924209356222434,0.9237882459021444,-0.000421110320289686
6.0,1.0,6.0,1.0,3.0,3.0,2.0,3.0,2.0,4.0,4.0,5.0,0.0,0.0,0.0,0.0,0.0,0.0,1.0,0.0,0.0,0.0,0.0,1.0,0.0,0.0,0.0,0.0,0.0,0.0,0.0,0.0,0.0,0.0,0.0,0.0,0.0,0.0,0.0,0.0,0.6467202078072143,0.6069533751205816,-0.039766832686632725,0.6467202078072143,0.6285277622567174,-0.018192445550496927,0.6467202078072143,0.6653578415116264,0.01863763370441207,0.6467202078072143,0.6667046438983444,0.019984436091130098,0.6467202078072143,0.6274358040250296,-0.019284403782184656,0.6467202078072143,0.6453489432333365,-0.0013712645738778173
7.0,2.0,5.0,3.0,2.0,4.0,2.0,2.0,8.0,8.0,4.0,9.0,0.0,0.0,0.0,0.0,0.0,0.0,1.0,0.0,0.0,0.0,0.0,1.0,0.0,0.0,0.0,0.0,0.0,0.0,0.0,0.0,0.0,0.0,1.0,0.0,0.0,0.0,0.0,0.0,0.7490339291871909,0.7157215259011473,-0.03331240328604357,0.7490339291871909,0.7339426872662689,-0.015091241920922038,0.7490339291871909,0.764241588507309,0.015207659320118139,0.7490339291871909,0.765330784722917,0.01629685553572613,0.7490339291871909,0.733028980770883,-0.01600494841630795,0.7490339291871909,0.7479049932427644,-0.0011289359444265346
2.0,2.0,5.0,4.0,4.0,2.0,3.0,2.0,7.0,6.0,2.0,9.0,0.0,1.0,0.0,0.0,0.0,0.0,1.0,0.0,0.0,0.0,0.0,0.0,0.0,0.0,0.0,0.0,1.0,0.0,0.0,0.0,0.0,0.0,0.0,0.0,0.0,1.0,0.0,0.0,0.3726917245339287,0.3338515407114661,-0.03884018382246257,0.3726917245339287,0.3544732381827985,-0.01821848635113016,0.3726917245339287,0.39219935821365737,0.019507633679728686,0.3726917245339287,0.3936436473540389,0.020951922820110214,0.3726917245339287,0.35340443775912334,-0.019287286774805346,0.3726917245339287,0.37129083753187886,-0.001400887002049822
3.0,1.0,2.0,1.0,2.0,1.0,2.0,4.0,7.0,7.0,3.0,6.0,0.0,0.0,0.0,0.0,1.0,0.0,0.0,0.0,0.0,0.0,0.0,0.0,0.0,0.0,0.0,0.0,1.0,0.0,0.0,1.0,0.0,0.0,0.0,0.0,0.0,0.0,0.0,0.0,0.7451827842994807,0.7115560452451738,-0.03362673905430691,0.7451827842994807,0.7299434566021709,-0.015239327697309846,0.7451827842994807,0.7605492071612854,0.015366422861804674,0.7451827842994807,0.7616501418375711,0.016467357538090366,0.7451827842994807,0.7290210866177997,-0.016161697681680964,0.7451827842994807,0.7440424443644663,-0.0011403399350143895
2.0,1.0,4.0,1.0,1.0,2.0,2.0,3.0,8.0,7.0,3.0,7.0,0.0,1.0,0.0,0.0,0.0,0.0,0.0,0.0,1.0,0.0,0.0,0.0,0.0,0.0,0.0,0.0,0.0,0.0,0.0,0.0,0.0,0.0,0.0,0.0,0.0,0.0,0.0,0.0,0.81721831007493,0.7904241728779927,-0.02679413719693724,0.81721831007493,0.8051606495614946,-0.012057660513435375,0.81721831007493,0.8292361835866274,0.012017873511697474,0.81721831007493,0.8300918643210962,0.012873554246166208,0.81721831007493,0.8044263499001525,-0.012791960174777461,0.81721831007493,0.8163208782854929,-0.0008974317894370198
3.0,1.0,6.0,1.0,3.0,2.0,1.0,4.0,7.0,8.0,4.0,7.0,0.0,0.0,0.0,0.0,1.0,0.0,1.0,0.0,0.0,0.0,0.0,1.0,0.0,0.0,0.0,0.0,0.0,0.0,0.0,0.0,0.0,0.0,0.0,0.0,0.0,0.0,0.0,0.0,0.7762650442164555,0.7453383031776487,-0.03092674103880677,0.7762650442164555,0.7622916210670291,-0.0139734231494264,0.7762650442164555,0.790284593583289,0.014019549366833473,0.7762650442164555,0.7912863306502671,0.01502128643381162,0.7762650442164555,0.7614436273907298,-0.014821416825725686,0.7762650442164555,0.7752218439221474,-0.0010432002943080443
4.0,4.0,3.0,1.0,4.0,5.0,2.0,4.0,3.0,4.0,4.0,2.0,0.0,1.0,0.0,0.0,0.0,0.0,1.0,0.0,0.0,0.0,0.0,0.0,0.0,1.0,0.0,0.0,0.0,0.0,0.0,1.0,0.0,0.0,0.0,0.0,0.0,0.0,0.0,0.0,0.3043518610337242,0.2695731745454016,-0.03477868648832261,0.3043518610337242,0.28794065713907907,-0.01641120389464512,0.3043518610337242,0.3221192237172065,0.017767362683482335,0.3043518610337242,0.32344277421520823,0.019090913181484037,0.3043518610337242,0.28698327978444166,-0.017368581249282533,0.3043518610337242,0.3030837416977526,-0.0012681193359715959
5.0,3.0,6.0,1.0,1.0,4.0,2.0,3.0,8.0,8.0,3.0,8.0,0.0,0.0,0.0,0.0,0.0,0.0,1.0,0.0,0.0,0.0,0.0,0.0,1.0,0.0,0.0,0.0,0.0,0.0,0.0,0.0,0.0,0.0,0.0,1.0,0.0,0.0,0.0,0.0,0.8198658900929724,0.7933617279889218,-0.0265041621040506,0.8198658900929724,0.807941837638577,-0.011924052454395428,0.8198658900929724,0.8317455259227453,0.011879635829772917,0.8198658900929724,0.8325911710816631,0.012725280988690746,0.8198658900929724,0.807215509893842,-0.01265038019913034,0.8198658900929724,0.8189785780890444,-0.000887312003927998
5.0,1.0,4.0,1.0,5.0,3.0,5.0,3.0,6.0,3.0,3.0,4.0,0.0,0.0,0.0,0.0,0.0,0.0,1.0,0.0,0.0,0.0,0.0,0.0,0.0,1.0,0.0,0.0,0.0,0.0,0.0,1.0,0.0,0.0,0.0,0.0,0.0,0.0,0.0,0.0,,,,0.38139150955381096,0.3629938343709048,-0.018397675182906137,0.38139150955381096,0.40106337650442486,0.019671866950613903,0.38139150955381096,0.4025186903636777,0.021127180809866752,0.38139150955381096,0.36191374651765396,-0.019477763036157003,0.38139150955381096,0.3799777294141897,-0.0014137801396212346
5.0,2.0,3.0,1.0,2.0,4.0,3.0,3.0,6.0,5.0,2.0,7.0,1.0,0.0,0.0,0.0,0.0,0.0,0.0,0.0,0.0,0.0,0.0,0.0,0.0,0.0,0.0,0.0,0.0,0.0,0.0,0.0,0.0,0.0,0.0,0.0,0.0,0.0,0.0,0.0,0.7071408103435296,0.6707122530581561,-0.03642855728537353,0.7071408103435296,0.6905710939874655,-0.01656971635606408,0.7071408103435296,0.7239514799550921,0.016810669611562523,0.7071408103435296,0.7251598749919926,0.018019064648463035,0.7071408103435296,0.6895714381333691,-0.017569372210160528,0.7071408103435296,0.7058974176634405,-0.001243392680089106
6.0,1.0,5.0,1.0,1.0,4.0,2.0,2.0,7.0,5.0,3.0,5.0,1.0,0.0,0.0,0.0,0.0,0.0,0.0,0.0,0.0,0.0,0.0,0.0,0.0,1.0,0.0,0.0,0.0,0.0,0.0,0.0,1.0,0.0,0.0,0.0,0.0,0.0,0.0,0.0,0.9056075969637227,0.890026894022377,-0.015580702941345725,0.9056075969637227,0.8986576873198872,-0.006949909643835572,0.9056075969637227,0.9124365862233258,0.006828989259603069,0.9056075969637227,0.9129191389134256,0.007311541949702849,0.9056075969637227,0.8982312164991715,-0.0073763804645512465,0.9056075969637227,0.9050937444769754,-0.0005138524867472904
7.0,3.0,9.0,2.0,2.0,2.0,2.0,4.0,8.0,8.0,4.0,6.0,0.0,0.0,0.0,0.0,0.0,0.0,0.0,0.0,0.0,0.0,0.0,0.0,0.0,0.0,0.0,0.0,0.0,1.0,0.0,0.0,0.0,0.0,1.0,0.0,0.0,0.0,0.0,0.0,0.6943686262402141,0.6571216854965438,-0.0372469407436703,0.6943686262402141,0.6774059351524547,-0.016962691087759385,0.6943686262402141,0.7116134507087033,0.017244824468489184,0.6943686262402141,0.7128544330437148,0.01848580680350065,0.6943686262402141,0.6763836787029949,-0.017984947537219242,0.6943686262402141,0.6930945416325671,-0.001274084607646997
4.0,3.0,3.0,2.0,3.0,4.0,2.0,3.0,8.0,6.0,4.0,8.0,0.0,0.0,0.0,1.0,0.0,0.0,1.0,0.0,0.0,0.0,0.0,0.0,1.0,0.0,0.0,0.0,0.0,0.0,0.0,0.0,0.0,0.0,0.0,0.0,0.0,0.0,0.0,0.0,0.44149269113116063,0.4000550095384754,-0.04143768159268524,0.44149269113116063,0.4221744054814294,-0.019318285649731204,0.44149269113116063,0.46194960699810106,0.02045691586694043,0.44149269113116063,0.4634548969846806,0.02196220585351999,0.44149269113116063,0.4210346152136409,-0.020458075917519747,0.44149269113116063,0.44001459120284286,-0.0014780999283177665
3.0,1.0,8.0,1.0,1.0,5.0,2.0,5.0,9.0,9.0,4.0,10.0,0.0,0.0,0.0,0.0,0.0,0.0,0.0,0.0,0.0,0.0,0.0,0.0,0.0,0.0,0.0,0.0,0.0,0.0,0.0,0.0,0.0,0.0,0.0,0.0,0.0,0.0,0.0,0.0,0.9339636353601043,0.9226637640676403,-0.011299871292464014,,,,0.9339636353601043,0.9388796114426652,0.004915976082560891,0.9339636353601043,0.9392261455806096,0.005262510220505279,0.9339636353601043,0.928628526322586,-0.005335109037518326,,,
7.0,6.0,6.0,2.0,2.0,4.0,3.0,2.0,10.0,10.0,5.0,8.0,1.0,0.0,0.0,0.0,0.0,0.0,0.0,0.0,0.0,0.0,0.0,1.0,0.0,0.0,0.0,0.0,0.0,0.0,0.0,0.0,0.0,0.0,1.0,0.0,0.0,0.0,0.0,0.0,0.5637097465924447,0.5215122308051529,-0.042197515787291806,0.5637097465924447,0.5442549921069164,-0.019454754485528247,,,,,,,,,,0.5637097465924447,0.5622343772169978,-0.0014753693754469
4.0,5.0,2.0,1.0,2.0,4.0,2.0,3.0,4.0,4.0,2.0,5.0,0.0,0.0,0.0,0.0,0.0,0.0,1.0,0.0,0.0,0.0,0.0,1.0,0.0,0.0,0.0,0.0,0.0,0.0,0.0,0.0,0.0,0.0,0.0,0.0,0.0,0.0,0.0,0.0,0.6916181687722617,0.6542029608154194,-0.03741520795684228,0.6916181687722617,0.6745743683324944,-0.017043800439767276,0.6916181687722617,0.7089531352727251,0.0173349665004634,0.6916181687722617,0.7102009034059248,0.01858273463366311,0.6916181687722617,0.6735474631912185,-0.018070705581043178,0.6916181687722617,0.6903377316665265,-0.0012804371057352215
4.0,1.0,3.0,1.0,1.0,3.0,2.0,3.0,6.0,7.0,4.0,6.0,0.0,0.0,0.0,0.0,0.0,0.0,1.0,0.0,0.0,0.0,0.0,0.0,1.0,0.0,0.0,0.0,0.0,0.0,0.0,1.0,0.0,0.0,0.0,0.0,0.0,0.0,0.0,0.0,0.8513764047089948,0.8285389567284109,-0.022837447980583847,0.8513764047089948,0.8411340270015171,-0.010242377707477712,0.8513764047089948,0.8615289357881841,0.010152531079189342,0.8513764047089948,0.8622496810843024,0.010873276375307661,0.8513764047089948,0.8405084463097859,-0.010867958399208844,0.8513764047089948,0.8506160273423194,-0.0007603773666753355
5.0,1.0,3.0,1.0,4.0,2.0,2.0,4.0,7.0,8.0,5.0,9.0,0.0,1.0,0.0,0.0,0.0,0.0,1.0,0.0,0.0,0.0,0.0,0.0,1.0,0.0,0.0,0.0,0.0,0.0,0.0,0.0,0.0,0.0,0.0,1.0,0.0,0.0,0.0,0.0,0.2696576053583734,0.2374900012006063,-0.03216760415776712,0.2696576053583734,0.254432942843042,-0.015224662515331389,0.2696576053583734,0.2862329608049232,0.01657535544654981,0.2696576053583734,0.2874715895760532,0.017813984217679768,,,,0.2696576053583734,0.2684782532668396,-0.001179352091533803
6.0,1.0,4.0,1.0,2.0,3.0,1.0,3.0,5.0,0.0,1.0,5.0,0.0,0.0,0.0,0.0,0.0,0.0,1.0,0.0,0.0,0.0,0.0,0.0,0.0,0.0,0.0,0.0,0.0,0.0,0.0,0.0,0.0,0.0,0.0,0.0,0.0,0.0,0.0,0.0,0.7749232747103183,0.743872257975597,-0.031051016734721326,0.7749232747103183,0.7608918635754793,-0.014031411134838967,0.7749232747103183,0.7890040483082149,0.014080773597896612,0.7749232747103183,0.790010276794089,0.015087002083770673,0.7749232747103183,0.7600404483209934,-0.014882826389324921,0.7749232747103183,0.7738756406220262,-0.0010476340882921154
7.0,1.0,9.0,1.0,1.0,4.0,2.0,4.0,9.0,8.0,4.0,7.0,0.0,0.0,0.0,0.0,0.0,0.0,0.0,0.0,0.0,0.0,0.0,1.0,0.0,0.0,0.0,0.0,0.0,0.0,0.0,0.0,0.0,0.0,1.0,0.0,0.0,0.0,0.0,0.0,0.8868282429794807,0.8685975353500639,-0.01823070762941681,0.8868282429794807,0.8786808801562043,-0.008147362823276438,0.8868282429794807,0.8948581208200319,0.008029877840551203,0.8868282429794807,0.8954264440330945,0.008598201053613752,0.8868282429794807,0.8781817382657486,-0.008646504713732073,0.8868282429794807,0.8862250032812367,-0.0006032396982440513
4.0,1.0,6.0,1.0,2.0,4.0,1.0,4.0,7.0,6.0,1.0,6.0,1.0,0.0,0.0,0.0,0.0,0.0,1.0,0.0,0.0,0.0,0.0,0.0,0.0,0.0,0.0,0.0,0.0,0.0,0.0,0.0,0.0,0.0,0.0,0.0,0.0,0.0,0.0,0.0,0.8404291755428254,0.8162725884225968,-0.024156587120228612,0.8404291755428254,0.82958338146299,-0.010845794079835325,0.8404291755428254,0.851198815781905,0.01076964023907967,0.8404291755428254,0.8519640905984355,0.011534915055610107,0.8404291755428254,0.8289215677673231,-0.011507607775502304,0.8404291755428254,0.8396233410573348,-0.0008058344854905419
3.0,1.0,3.0,1.0,1.0,5.0,1.0,2.0,8.0,9.0,5.0,7.0,0.0,0.0,0.0,0.0,0.0,0.0,0.0,0.0,0.0,0.0,0.0,1.0,0.0,0.0,0.0,0.0,0.0,0.0,0.0,0.0,0.0,0.0,0.0,0.0,0.0,0.0,0.0,0.0,0.9424993314603264,0.9325545778518497,-0.009944753608476686,0.9424993314603264,0.9380799593129311,-0.004419372147395295,0.9424993314603264,0.9468160646688467,0.004316733208520329,0.9424993314603264,0.9471201358659169,0.0046208044055905395,,,,0.9424993314603264,0.9421734860340473,-0.0003258454262791144
4.0,1.0,6.0,1.0,2.0,5.0,2.0,4.0,7.0,8.0,4.0,1.0,0.0,0.0,0.0,0.0,0.0,0.0,1.0,0.0,0.0,0.0,0.0,1.0,0.0,0.0,0.0,0.0,0.0,0.0,0.0,1.0,0.0,0.0,0.0,0.0,0.0,0.0,0.0,0.0,0.8752935592856307,0.8555074877852108,-0.01978607150041989,0.8752935592856307,0.866440861636366,-0.008852697649264663,0.8752935592856307,0.884034837845964,0.008741278560333354,0.8752935592856307,0.8846541231725508,0.009360563886920081,0.8752935592856307,0.8658990463710391,-0.00939451291459159,0.8752935592856307,0.8746375275509343,-0.0006560317346964162
3.0,1.0,5.0,1.0,2.0,4.0,2.0,4.0,6.0,6.0,4.0,8.0,0.0,0.0,0.0,0.0,0.0,0.0,1.0,0.0,0.0,0.0,0.0,1.0,0.0,0.0,0.0,0.0,0.0,0.0,0.0,1.0,0.0,0.0,0.0,0.0,0.0,0.0,0.0,0.0,0.8503445893710858,0.8273807392025904,-0.022963850168495448,0.8503445893710858,0.8400444638059738,-0.010300125565112062,0.8503445893710858,0.8605560598531614,0.010211470482075602,0.8503445893710858,0.8612810536385436,0.010936464267457757,0.8503445893710858,0.8394154117566657,-0.010929177614420138,0.8503445893710858,0.8495798657743333,-0.0007647235967525035
5.0,1.0,10.0,1.0,1.0,3.0,1.0,4.0,9.0,9.0,4.0,9.0,0.0,0.0,0.0,0.0,1.0,0.0,1.0,0.0,0.0,0.0,0.0,0.0,0.0,0.0,0.0,0.0,0.0,0.0,0.0,0.0,0.0,0.0,0.0,0.0,0.0,0.0,0.0,0.0,0.8952542079987604,0.8781944006057559,-0.0170598073930045,0.8952542079987604,0.8876365828157415,-0.007617625183018895,0.8952542079987604,0.9027517972243196,0.007497589225559209,0.8952542079987604,0.903282064364259,0.00802785636549852,0.8952542079987604,0.8871695558732192,-0.008084652125541214,0.8952542079987604,0.8946905479019295,-0.0005636600968309535
5.0,3.0,4.0,1.0,1.0,4.0,2.0,3.0,7.0,7.0,3.0,7.0,0.0,0.0,0.0,0.0,0.0,0.0,1.0,0.0,0.0,0.0,0.0,0.0,0.0,1.0,0.0,0.0,0.0,0.0,0.0,1.0,0.0,0.0,0.0,0.0,0.0,0.0,0.0,0.0,0.8358967940952285,0.8112082047982161,-0.024688589297012453,0.8358967940952285,0.8248071576518059,-0.011089636443422646,0.8358967940952285,0.8469166118726592,0.011019817777430663,0.8358967940952285,0.8476999693215542,0.01180317522632568,0.8358967940952285,0.82413072769509,-0.011766066400138553,0.8358967940952285,0.8350725627302427,-0.0008242313649858835
5.0,2.0,4.0,2.0,2.0,4.0,2.0,4.0,7.0,7.0,2.0,7.0,0.0,0.0,0.0,0.0,0.0,0.0,1.0,0.0,0.0,0.0,0.0,0.0,0.0,0.0,0.0,0.0,0.0,0.0,0.0,0.0,0.0,0.0,0.0,0.0,0.0,0.0,0.0,0.0,0.7832552251931143,0.7529872657645559,-0.030267959428558422,0.7832552251931143,0.7695887916873202,-0.013666433505794107,0.7832552251931143,0.7969513319812346,0.013696106788120277,0.7832552251931143,0.7979293668495638,0.014674141656449535,0.7832552251931143,0.7687589330020195,-0.014496292191094828,0.7832552251931143,0.7822354745198702,-0.001019750673244113
3.0,1.0,6.0,1.0,1.0,4.0,2.0,4.0,8.0,8.0,3.0,8.0,0.0,0.0,0.0,0.0,0.0,0.0,0.0,0.0,0.0,0.0,0.0,0.0,1.0,0.0,0.0,0.0,0.0,0.0,0.0,0.0,0.0,0.0,0.0,0.0,0.0,0.0,0.0,0.0,0.915085113609797,0.9008976049291783,-0.014187508680618799,0.915085113609797,0.9087627109235491,-0.006322402686247952,0.915085113609797,0.9212880304365316,0.0062029168267345725,0.915085113609797,0.9217259883284566,0.006640874718659595,0.915085113609797,0.908374428582377,-0.006710685027420005,0.915085113609797,0.9146179904183981,-0.00046712319139896596
4.0,1.0,2.0,1.0,2.0,4.0,2.0,3.0,6.0,4.0,4.0,9.0,0.0,0.0,1.0,0.0,0.0,0.0,1.0,0.0,0.0,1.0,0.0,0.0,0.0,0.0,0.0,0.0,0.0,0.0,0.0,0.0,0.0,0.0,0.0,0.0,0.0,0.0,0.0,0.0,0.533661212652744,0.49118070372360045,-0.04248050892914357,0.533661212652744,0.5140216952924069,-0.01963951736033709,0.533661212652744,0.554151436290512,0.02049022363776798,0.533661212652744,0.5556469004609547,0.02198568780821064,0.533661212652744,0.5128540228920855,-0.02080718976065854,0.533661212652744,0.5321685605071349,-0.001492652145609119
2.0,1.0,5.0,1.0,2.0,5.0,1.0,4.0,8.0,8.0,3.0,6.0,0.0,0.0,0.0,0.0,0.0,0.0,1.0,0.0,0.0,0.0,0.0,1.0,0.0,0.0,0.0,0.0,0.0,0.0,0.0,0.0,0.0,0.0,0.0,0.0,0.0,0.0,0.0,0.0,0.9202172836415702,0.9067999207156827,-0.013417362925887466,0.9202172836415702,0.9142411895789977,-0.00597609406257249,0.9202172836415702,0.9260755882704218,0.005858304628851618,0.9202172836415702,0.9264890334231609,0.00627174978159073,0.9202172836415702,0.913874012601279,-0.0063432710402911985,0.9202172836415702,0.9197759178092553,-0.00044136583231491056
2.0,2.0,4.0,3.0,1.0,5.0,1.0,2.0,7.0,8.0,3.0,6.0,0.0,0.0,0.0,0.0,0.0,1.0,0.0,0.0,0.0,0.0,0.0,0.0,0.0,0.0,0.0,0.0,1.0,0.0,0.0,0.0,0.0,0.0,0.0,0.0,0.0,0.0,1.0,0.0,0.9404312544967481,0.9301553322566254,-0.010275922240122748,0.9404312544967481,0.9358637508562385,-0.004567503640509618,0.9404312544967481,0.9448941664414089,0.004462911944660752,0.9404312544967481,0.9452085899287392,0.004777335431991103,0.9404312544967481,0.9355826280536504,-0.004848626443097692,0.9404312544967481,0.9400944345579795,-0.0003368199387686621
4.0,6.0,3.0,3.0,4.0,4.0,4.0,3.0,9.0,4.0,1.0,5.0,0.0,0.0,1.0,0.0,0.0,0.0,0.0,0.0,0.0,0.0,0.0,0.0,1.0,0.0,0.0,0.0,0.0,0.0,0.0,0.0,0.0,1.0,0.0,0.0,0.0,0.0,0.0,0.0,0.1468689884044233,0.12680572936538795,-0.020063259039035358,0.1468689884044233,0.13727384748673052,-0.009595140917692785,0.1468689884044233,0.15752466391865472,0.01065567551423141,0.1468689884044233,0.1583298751224305,0.011460886718007185,0.1468689884044233,0.13672123676278639,-0.01014775164163692,0.1468689884044233,0.14611921348007093,-0.000749774924352381
4.0,1.0,7.0,1.0,2.0,4.0,2.0,3.0,7.0,8.0,3.0,6.0,0.0,0.0,0.0,0.0,0.0,0.0,1.0,0.0,0.0,0.0,0.0,1.0,0.0,0.0,0.0,0.0,0.0,0.0,0.0,0.0,0.0,0.0,0.0,0.0,0.0,0.0,0.0,0.0,0.8730466723953778,0.8529639926873144,-0.020082679708063433,0.8730466723953778,0.8640592442375099,-0.008987428157867905,0.8730466723953778,0.8819242002761613,0.008877527880783442,0.8730466723953778,0.882553259541351,0.009506587145973189,0.8730466723953778,0.8635092893565015,-0.009537383038876301,0.8730466723953778,0.8723805440460515,-0.0006661283493263337
6.0,1.0,9.0,2.0,2.0,4.0,4.0,3.0,7.0,6.0,4.0,8.0,1.0,0.0,0.0,0.0,0.0,0.0,1.0,0.0,0.0,0.0,0.0,1.0,0.0,0.0,0.0,0.0,0.0,0.0,0.0,1.0,0.0,0.0,0.0,0.0,0.0,0.0,0.0,0.0,0.6672944824621174,0.6285132744617498,-0.03878120800036766,0.6672944824621174,0.6495874631912887,-0.01770701927082874,0.6672944824621174,0.6853747477490643,0.01808026528694684,0.6672944824621174,0.6866789262612609,0.019384443799143503,0.6672944824621174,0.6485227926276361,-0.018771689834481298,0.6672944824621174,0.6659618291055699,-0.0013326533565475307
6.0,1.0,6.0,1.0,1.0,5.0,1.0,2.0,8.0,8.0,4.0,8.0,0.0,0.0,0.0,0.0,0.0,0.0,0.0,0.0,0.0,0.0,0.0,1.0,0.0,0.0,0.0,0.0,0.0,0.0,0.0,0.0,0.0,0.0,1.0,0.0,0.0,0.0,0.0,0.0,0.9292976672280431,0.9172700982943099,-0.012027568933733135,0.9292976672280431,0.9239455214968781,-0.005352145731164937,0.9292976672280431,0.9345366476597264,0.00523898043168336,0.9292976672280431,0.9349060979212294,0.005608430693186284,0.9292976672280431,0.9236164223125147,-0.0056812449155283495,0.9292976672280431,0.9289026538504722,-0.0003950133775708631
2.0,1.0,7.0,1.0,2.0,4.0,3.0,3.0,6.0,6.0,1.0,7.0,0.0,0.0,0.0,0.0,0.0,0.0,1.0,0.0,0.0,0.0,0.0,0.0,0.0,0.0,0.0,0.0,0.0,0.0,0.0,0.0,0.0,0.0,0.0,0.0,0.0,0.0,0.0,0.0,0.8843804809024819,0.8658151282310353,-0.018565352671446544,0.8843804809024819,0.8760815241325188,-0.008298956769963062,0.8843804809024819,0.8925629944297501,0.008182513527268176,0.8843804809024819,0.8931422420656329,0.008761761163150972,0.8843804809024819,0.8755732021501624,-0.008807278752319458,0.8843804809024819,0.8837659039666536,-0.0006145769358283371
5.0,1.0,8.0,3.0,2.0,4.0,2.0,3.0,5.0,4.0,3.0,2.0,0.0,0.0,0.0,0.0,0.0,1.0,0.0,0.0,0.0,0.0,0.0,0.0,1.0,0.0,0.0,0.0,0.0,0.0,0.0,1.0,0.0,0.0,0.0,0.0,0.0,0.0,0.0,0.0,0.678579216506779,0.6404045510330613,-0.03817466547371773,0.678579216506779,0.6611678247083226,-0.01741139179845641,0.678579216506779,0.6963253128333287,0.017746096326549665,0.678579216506779,0.6976041268216789,0.019024910314899945,0.678579216506779,0.6601199294976045,-0.01845928700917454,0.678579216506779,0.677269903178361,-0.0013093133284179936
2.0,1.0,7.0,1.0,4.0,5.0,1.0,3.0,7.0,6.0,3.0,6.0,0.0,0.0,0.0,0.0,0.0,0.0,1.0,0.0,0.0,0.0,0.0,0.0,0.0,0.0,0.0,0.0,1.0,0.0,0.0,0.0,0.0,0.0,0.0,0.0,0.0,0.0,0.0,0.0,0.8244990227371977,0.7985090249113935,-0.025989997825804134,0.8244990227371977,0.8128116397570408,-0.011687382980156813,0.8244990227371977,0.8361341787733267,0.01163515603612908,0.8244990227371977,0.8369620902643682,0.012463067527170524,0.8244990227371977,0.8120994455762356,-0.012399577160962072,0.8244990227371977,0.8236296233006853,-0.0008693994365123192
3.0,3.0,3.0,1.0,1.0,4.0,1.0,4.0,10.0,10.0,3.0,0.0,0.0,1.0,0.0,0.0,0.0,0.0,1.0,0.0,0.0,1.0,0.0,0.0,0.0,0.0,0.0,0.0,0.0,0.0,0.0,1.0,0.0,0.0,0.0,0.0,0.0,0.0,0.0,0.0,0.744590745749397,0.7109161875008084,-0.03367455824858856,0.744590745749397,0.7293288719691339,-0.015261873780263113,,,,,,,0.744590745749397,0.7284051839135287,-0.01618556183586828,0.744590745749397,0.7434486685170223,-0.0011420772323746942
4.0,1.0,7.0,1.0,2.0,5.0,1.0,4.0,5.0,5.0,2.0,5.0,1.0,0.0,0.0,0.0,0.0,0.0,1.0,0.0,0.0,0.0,0.0,0.0,1.0,0.0,0.0,0.0,0.0,0.0,0.0,0.0,0.0,0.0,0.0,1.0,0.0,0.0,0.0,0.0,0.7998027968514245,0.7711705571610131,-0.0286322396904114,0.7998027968514245,0.7868958628297894,-0.01290693402163512,0.7998027968514245,0.812703302301009,0.012900505449584432,0.7998027968514245,0.8136232077522259,0.013820410900801328,0.7998027968514245,0.7861110137940804,-0.013691783057344087,0.7998027968514245,0.7988409051945429,-0.0009618916568816527
4.0,1.0,6.0,1.0,1.0,3.0,2.0,3.0,6.0,7.0,2.0,9.0,0.0,0.0,0.0,1.0,0.0,0.0,1.0,0.0,0.0,0.0,0.0,0.0,0.0,0.0,0.0,0.0,0.0,0.0,0.0,0.0,0.0,0.0,0.0,0.0,0.0,0.0,0.0,0.0,0.7574901500599681,0.7248879334586822,-0.03260221660128593,0.7574901500599681,0.7427327523872866,-0.014757397672681472,0.7574901500599681,0.7723411345630389,0.014850984503070763,0.7574901500599681,0.7734040059816749,0.0159138559217068,0.7574901500599681,0.7418386149006523,-0.015651535159315833,0.7574901500599681,0.756386881536726,-0.0011032685232421624
2.0,3.0,6.0,4.0,2.0,5.0,3.0,4.0,6.0,6.0,4.0,7.0,0.0,0.0,1.0,0.0,0.0,0.0,1.0,0.0,0.0,0.0,0.0,0.0,0.0,0.0,0.0,0.0,1.0,0.0,0.0,0.0,0.0,0.0,0.0,0.0,0.0,1.0,0.0,0.0,0.55024370145451,0.5078807795946783,-0.042362921859831704,0.55024370145451,0.5306883932351535,-0.01955530821935647,0.55024370145451,0.570591588368383,0.020347886913873015,0.55024370145451,0.5720744918174983,0.021830790362988295,0.55024370145451,0.5295241133250801,-0.020719588129429867,0.55024370145451,0.5487592467098023,-0.0014844547447077083
3.0,6.0,8.0,1.0,1.0,3.0,2.0,4.0,9.0,8.0,5.0,9.0,0.0,0.0,0.0,0.0,1.0,0.0,0.0,0.0,0.0,0.0,0.0,1.0,0.0,0.0,0.0,0.0,0.0,0.0,0.0,0.0,0.0,0.0,0.0,0.0,0.0,0.0,0.0,0.0,0.7922898024353233,0.7629015871743366,-0.029388215260986672,0.7922898024353233,0.779032318308708,-0.013257484126615315,0.7922898024353233,0.8055567389257127,0.013266936490389347,0.7922898024353233,0.8065033876117031,0.014213585176379828,,,,0.7922898024353233,0.7913012322285976,-0.000988570206725714
3.0,1.0,10.0,1.0,1.0,3.0,1.0,5.0,9.0,8.0,5.0,9.0,0.0,0.0,0.0,0.0,0.0,0.0,0.0,0.0,0.0,0.0,0.0,0.0,1.0,0.0,0.0,0.0,0.0,0.0,0.0,0.0,0.0,0.0,0.0,0.0,0.0,0.0,0.0,0.0,0.9166086357884637,0.9026485957309583,-0.013960040057505396,,,,0.9166086357884637,0.922709661324681,0.006101025536217275,0.9166086357884637,0.9231403690860004,0.006531733297536646,,,,0.9166086357884637,0.916149125640556,-0.00045951014790779343
3.0,1.0,6.0,1.0,2.0,4.0,2.0,4.0,8.0,8.0,4.0,7.0,0.0,1.0,0.0,0.0,0.0,0.0,0.0,0.0,0.0,0.0,0.0,0.0,0.0,0.0,0.0,0.0,0.0,0.0,0.0,0.0,0.0,0.0,0.0,0.0,0.0,0.0,0.0,0.0,0.7387301488277592,0.7045894573067999,-0.03414069152095933,0.7387301488277592,0.7232482400025658,-0.015481908825193402,0.7387301488277592,0.7543574204515882,0.01562727162382893,0.7387301488277592,0.7554776706416384,0.016747521813879174,0.7387301488277592,0.7223117019904618,-0.01641844683729743,0.7387301488277592,0.7375711018273496,-0.0011590470004095854
4.0,1.0,8.0,1.0,2.0,3.0,2.0,4.0,8.0,9.0,3.0,8.0,0.0,0.0,0.0,0.0,0.0,0.0,1.0,0.0,0.0,0.0,0.0,0.0,1.0,0.0,0.0,0.0,0.0,0.0,0.0,1.0,0.0,0.0,0.0,0.0,0.0,0.0,0.0,0.0,0.8518187827459408,0.8290356602690034,-0.022783122476937367,0.8518187827459408,0.8416012194615848,-0.010217563284355968,0.8518187827459408,0.8619459949519255,0.01012721220598467,0.8518187827459408,0.8626649154894426,0.010846132743501768,0.8518187827459408,0.8409771306647407,-0.010841652081200137,0.8518187827459408,0.851060272706991,-0.0007585100389497779
6.0,1.0,8.0,1.0,1.0,3.0,1.0,3.0,10.0,9.0,5.0,9.0,1.0,0.0,0.0,0.0,0.0,0.0,0.0,0.0,0.0,0.0,0.0,1.0,0.0,0.0,0.0,0.0,0.0,0.0,0.0,0.0,0.0,0.0,0.0,0.0,0.0,0.0,0.0,0.0,0.864315289863114,0.8430996232843077,-0.021215666578806358,0.864315289863114,0.8548125330690962,-0.009502756794017797,,,,0.864315289863114,0.874381628987891,0.010066339124776946,,,,0.864315289863114,0.8636105048111211,-0.0007047850519928955
4.0,6.0,4.0,3.0,2.0,4.0,2.0,3.0,9.0,9.0,4.0,9.0,0.0,0.0,0.0,0.0,0.0,0.0,1.0,0.0,0.0,1.0,0.0,0.0,0.0,0.0,0.0,0.0,0.0,0.0,0.0,1.0,0.0,0.0,0.0,0.0,0.0,0.0,0.0,0.0,0.6370013348500221,0.5968225214850947,-0.040178813364927346,0.6370013348500221,0.6186035614211752,-0.018397773428846853,0.6370013348500221,0.655878873419202,0.018877538569179952,0.6370013348500221,0.6572441725837764,0.02024283773375435,0.6370013348500221,0.6175001840024871,-0.01950115084753501,0.6370013348500221,0.6356136013674636,-0.0013877334825584953
3.0,3.0,2.0,2.0,1.0,2.0,1.0,4.0,9.0,9.0,3.0,9.0,0.0,0.0,0.0,0.0,0.0,0.0,0.0,0.0,0.0,0.0,0.0,0.0,0.0,0.0,0.0,0.0,1.0,0.0,0.0,0.0,0.0,0.0,0.0,0.0,0.0,0.0,0.0,0.0,0.8297156084335381,0.8043147865100689,-0.025400821923469152,0.8297156084335381,0.8182990627760629,-0.011416545657475186,0.8297156084335381,0.841071585301596,0.011355976868057893,0.8297156084335381,0.8418792686154298,0.012163660181891744,0.8297156084335381,0.8176030614880188,-0.012112546945519331,0.8297156084335381,0.8288666872240941,-0.0008489212094440202
6.0,1.0,4.0,1.0,2.0,5.0,2.0,3.0,9.0,9.0,5.0,9.0,0.0,0.0,0.0,0.0,1.0,0.0,1.0,0.0,0.0,0.0,0.0,0.0,0.0,0.0,0.0,0.0,0.0,0.0,0.0,0.0,0.0,0.0,0.0,0.0,0.0,0.0,0.0,0.0,0.8183836074658865,0.79171675513134,-0.026666852334546465,0.8183836074658865,0.8063846062944118,-0.011999001171474677,0.8183836074658865,0.8303407691896528,0.011957161723766374,0.8183836074658865,0.8311920417102007,0.012808434244314215,,,,0.8183836074658865,0.8174906193490613,-0.0008929881168251441
5.0,1.0,1.0,2.0,2.0,5.0,2.0,3.0,10.0,9.0,3.0,9.0,0.0,0.0,0.0,0.0,1.0,0.0,1.0,0.0,0.0,0.0,0.0,0.0,0.0,0.0,0.0,0.0,1.0,0.0,0.0,0.0,0.0,0.0,0.0,1.0,0.0,0.0,0.0,0.0,0.7639397280721882,0.7318976884131059,-0.032042039659082366,0.7639397280721882,0.7494449862638111,-0.014494741808377176,,,,0.7639397280721882,0.7795535227166932,0.015613794644504964,0.7639397280721882,0.7485662799955244,-0.015373448076663854,0.7639397280721882,0.7628566153013302,-0.0010831127708580413
6.0,5.0,2.0,1.0,3.0,5.0,5.0,3.0,0.0,0.0,1.0,6.0,0.0,0.0,1.0,0.0,0.0,0.0,1.0,0.0,0.0,0.0,0.0,0.0,0.0,0.0,0.0,0.0,0.0,0.0,0.0,0.0,0.0,0.0,0.0,0.0,1.0,0.0,0.0,0.0,,,,0.05412963640457684,0.050236506704060824,-0.0038931297005160154,0.05412963640457684,0.05851838437524259,0.004388747970665748,0.05412963640457684,0.058852863630540146,0.004723227225963307,0.05412963640457684,0.05001396208404959,-0.00411567432052725,0.05412963640457684,0.05382343240086163,-0.0003062040037152061
3.0,3.0,5.0,1.0,1.0,4.0,2.0,3.0,10.0,10.0,4.0,10.0,0.0,0.0,0.0,0.0,0.0,0.0,1.0,0.0,0.0,1.0,0.0,0.0,0.0,0.0,0.0,0.0,0.0,0.0,0.0,0.0,0.0,0.0,0.0,0.0,0.0,0.0,0.0,0.0,0.8703915201984131,0.8499610061612924,-0.020430514037120706,0.8703915201984131,0.8612459990932542,-0.009145521105158982,,,,,,,0.8703915201984131,0.8606864980873845,-0.009705022111028638,,,
7.0,1.0,4.0,1.0,2.0,3.0,2.0,3.0,6.0,7.0,2.0,7.0,0.0,0.0,0.0,0.0,0.0,0.0,1.0,0.0,0.0,0.0,0.0,0.0,0.0,0.0,0.0,0.0,0.0,0.0,0.0,0.0,0.0,0.0,1.0,0.0,0.0,0.0,0.0,0.0,0.77485841303449,0.7438014065095793,-0.031057006524910724,0.77485841303449,0.7608242063940912,-0.014034206640398783,0.77485841303449,0.7889421392067524,0.01408372617226239,0.77485841303449,0.7899485843336942,0.015090171299204203,0.77485841303449,0.7599726262236087,-0.014885786810881263,0.77485841303449,0.7738105651646402,-0.001047847869849794
6.0,1.0,10.0,1.0,1.0,1.0,3.0,4.0,9.0,7.0,3.0,7.0,0.0,0.0,0.0,0.0,0.0,0.0,0.0,0.0,0.0,0.0,1.0,0.0,0.0,0.0,0.0,0.0,0.0,0.0,0.0,0.0,0.0,0.0,0.0,0.0,0.0,0.0,0.0,0.0,0.8488382057197817,0.825690590796502,-0.02314761492327977,0.8488382057197817,0.8384540987666163,-0.010384106953165495,0.8488382057197817,0.8591354346031619,0.010297228883380138,0.8488382057197817,0.8598666117177869,0.011028405998005142,0.8488382057197817,0.8378199998170863,-0.011018205902695422,0.8488382057197817,0.8480671599810294,-0.0007710457387523073
5.0,1.0,6.0,3.0,2.0,4.0,2.0,2.0,5.0,6.0,1.0,7.0,0.0,0.0,0.0,1.0,0.0,0.0,0.0,0.0,0.0,0.0,0.0,0.0,1.0,0.0,0.0,0.0,0.0,0.0,0.0,1.0,0.0,0.0,0.0,0.0,0.0,0.0,0.0,0.0,0.6696480605948822,0.6309894841751023,-0.03865857641977999,0.6696480605948822,0.6520009775353334,-0.017647083059548874,0.6696480605948822,0.6876602914279148,0.018012230833032605,0.6696480605948822,0.6889592954898673,0.019311234894985096,0.6696480605948822,0.6509396995633556,-0.01870836103152662,0.6696480605948822,0.668320148666404,-0.0013279119284782537
6.0,1.0,3.0,1.0,3.0,4.0,2.0,4.0,8.0,8.0,4.0,7.0,0.0,0.0,0.0,0.0,0.0,0.0,0.0,0.0,0.0,0.0,0.0,1.0,0.0,0.0,0.0,0.0,0.0,0.0,0.0,0.0,0.0,0.0,0.0,0.0,0.0,0.0,0.0,0.0,0.7496688035674034,0.7164087655678505,-0.033260037999552905,0.7496688035674034,0.7346022115388988,-0.015066592028504577,0.7496688035674034,0.7648500692790691,0.01518126571166567,0.7496688035674034,0.76593731530182,0.01626851173441657,0.7496688035674034,0.7336899481718693,-0.01597885539553412,0.7496688035674034,0.7485417647646254,-0.0011270388027779799
5.0,1.0,4.0,3.0,2.0,4.0,3.0,2.0,4.0,4.0,1.0,4.0,0.0,0.0,0.0,0.0,1.0,0.0,0.0,0.0,0.0,0.0,0.0,0.0,1.0,0.0,0.0,0.0,0.0,0.0,0.0,0.0,0.0,1.0,0.0,0.0,0.0,0.0,0.0,0.0,0.6659582669623897,0.6271083422654328,-0.03884992469695692,0.6659582669623897,0.6482176228339046,-0.017740644128485084,0.6659582669623897,0.6840767680325646,0.018118501070174875,0.6659582669623897,0.6853838570910439,0.01942559012865419,0.6659582669623897,0.6471510510087639,-0.018807215953625778,0.6659582669623897,0.664622951371817,-0.00133531559057265
3.0,1.0,4.0,1.0,2.0,4.0,2.0,4.0,6.0,6.0,4.0,6.0,0.0,0.0,0.0,0.0,0.0,0.0,0.0,0.0,0.0,0.0,0.0,1.0,0.0,0.0,0.0,0.0,0.0,0.0,0.0,0.0,0.0,0.0,0.0,0.0,0.0,0.0,0.0,0.0,0.8562749711700006,0.834043511047236,-0.022231460122764668,0.8562749711700006,0.846309236792989,-0.009965734377011648,0.8562749711700006,0.8661454892567273,0.009870518086726676,0.8562749711700006,0.8668459191362425,0.010570947966241917,0.8562749711700006,0.8457002966328863,-0.010574674537114359,0.8562749711700006,0.8555354029393419,-0.0007395682306586826
5.0,6.0,2.0,2.0,3.0,4.0,3.0,4.0,6.0,8.0,2.0,3.0,0.0,0.0,0.0,0.0,0.0,0.0,0.0,0.0,0.0,0.0,0.0,0.0,0.0,0.0,0.0,0.0,0.0,0.0,0.0,0.0,0.0,0.0,0.0,0.0,1.0,0.0,0.0,0.0,0.23947943828355986,0.20987728681097903,-0.02960215147258083,0.23947943828355986,0.22543269378140987,-0.014046744502149988,0.23947943828355986,0.2548470834502041,0.015367645166644267,0.23947943828355986,0.2559986068080562,0.016519168524496336,0.23947943828355986,0.22461758928171746,-0.014861849001842398,0.23947943828355986,0.23838899015610845,-0.0010904481274514044
4.0,1.0,4.0,1.0,1.0,4.0,3.0,4.0,7.0,7.0,3.0,8.0,0.0,0.0,0.0,0.0,0.0,0.0,1.0,0.0,0.0,0.0,0.0,0.0,0.0,0.0,0.0,0.0,0.0,0.0,0.0,0.0,0.0,0.0,0.0,0.0,0.0,0.0,0.0,0.0,0.860248123241367,0.8385153308531367,-0.021732792388230338,0.860248123241367,0.8505097865373591,-0.009738336704007922,0.860248123241367,0.8698872414488343,0.009639118207467323,0.860248123241367,0.8705710174177981,0.010322894176431063,0.860248123241367,0.849914537931477,-0.010333585309890037,0.860248123241367,0.859525645710635,-0.0007224775307320686
7.0,1.0,3.0,1.0,1.0,3.0,2.0,4.0,8.0,8.0,4.0,8.0,0.0,0.0,0.0,0.0,0.0,0.0,0.0,0.0,0.0,0.0,0.0,0.0,0.0,0.0,0.0,0.0,0.0,0.0,0.0,0.0,0.0,0.0,1.0,0.0,0.0,0.0,0.0,0.0,0.8298233482131495,0.8044348095041172,-0.02538853870903235,0.8298233482131495,0.8184124450030652,-0.011410903210084311,0.8298233482131495,0.8411735154678316,0.011350167254682075,0.8298233482131495,0.8419807780905608,0.012157429877411308,0.8298233482131495,0.8177167812771674,-0.01210656693598211,0.8298233482131495,0.8289748534071847,-0.0008484948059648278
7.0,1.0,9.0,1.0,1.0,5.0,2.0,4.0,9.0,9.0,4.0,8.0,0.0,0.0,0.0,0.0,0.0,0.0,0.0,0.0,0.0,0.0,0.0,1.0,0.0,0.0,0.0,0.0,0.0,0.0,0.0,0.0,0.0,0.0,1.0,0.0,0.0,0.0,0.0,0.0,0.9058384575205086,0.8902912447651471,-0.015547212755361528,0.9058384575205086,0.8989036481189837,-0.006934809401524911,0.9058384575205086,0.9126523556985849,0.006813898178076316,0.9058384575205086,0.9131338325095281,0.007295374989019443,0.9058384575205086,0.8984780954245454,-0.0073603620959632465,0.9058384575205086,0.9053257304061386,-0.0005127271143700041
3.0,1.0,4.0,1.0,3.0,4.0,3.0,2.0,5.0,5.0,1.0,6.0,0.0,0.0,0.0,0.0,0.0,0.0,1.0,0.0,0.0,0.0,0.0,0.0,0.0,0.0,0.0,0.0,1.0,0.0,0.0,0.0,0.0,0.0,0.0,0.0,0.0,0.0,0.0,0.0,0.7644309084248411,0.7324321885558644,-0.03199871986897662,0.7644309084248411,0.7499564548793409,-0.014474453545500143,0.7644309084248411,0.7789808682763244,0.01454995985148333,0.7644309084248411,0.7800215698832109,0.015590661458369848,0.7644309084248411,0.7490789417907833,-0.015351966634057801,0.7644309084248411,0.7633493511949063,-0.0010815572299347487
3.0,1.0,2.0,1.0,1.0,5.0,2.0,2.0,1.0,6.0,2.0,6.0,1.0,0.0,0.0,0.0,0.0,0.0,1.0,0.0,0.0,0.0,0.0,1.0,0.0,0.0,0.0,0.0,0.0,0.0,0.0,0.0,0.0,0.0,0.0,0.0,0.0,0.0,0.0,0.0,0.8615874295453477,0.8400241806053392,-0.021563248940008495,0.8615874295453477,0.8519263555132665,-0.009661074032081274,0.8615874295453477,0.8711480081871091,0.009560578641761408,0.8615874295453477,0.8718261347623654,0.01023870521701764,0.8615874295453477,0.8513357615418957,-0.010251668003452008,0.8615874295453477,0.8608707560458523,-0.000716673499495446
6.0,1.0,5.0,1.0,2.0,3.0,2.0,3.0,7.0,8.0,4.0,8.0,0.0,0.0,0.0,0.0,0.0,0.0,0.0,0.0,0.0,0.0,0.0,1.0,0.0,0.0,0.0,0.0,0.0,0.0,0.0,0.0,0.0,0.0,0.0,0.0,0.0,0.0,0.0,0.0,0.8085304181803562,0.7808043129384156,-0.027726105241940635,0.8085304181803562,0.796042674921271,-0.012487743259085193,0.8085304181803562,0.820994396297234,0.012463978116877827,0.8085304181803562,0.8218825049611866,0.013352086780830441,0.8085304181803562,0.7952827490388953,-0.013247669141460916,0.8085304181803562,0.8076003727648364,-0.0009300454155197757
4.0,1.0,4.0,3.0,1.0,4.0,2.0,3.0,3.0,3.0,2.0,1.0,0.0,0.0,0.0,0.0,0.0,1.0,1.0,0.0,0.0,0.0,0.0,0.0,0.0,1.0,0.0,0.0,0.0,0.0,0.0,0.0,0.0,1.0,0.0,0.0,0.0,0.0,0.0,0.0,0.6313729202130978,0.5909711502891671,-0.04040176992393063,0.6313729202130978,0.6128632517825225,-0.01850966843057522,0.6313729202130978,0.6503825118312836,0.019009591618185828,0.6313729202130978,0.6517580393695545,0.020385119156456688,0.6313729202130978,0.611753690324402,-0.0196192298886958,0.6313729202130978,0.6299761684976256,-0.0013967517154721554
4.0,1.0,5.0,1.0,1.0,4.0,1.0,4.0,8.0,8.0,5.0,8.0,0.0,1.0,0.0,0.0,0.0,0.0,0.0,0.0,0.0,0.0,0.0,0.0,0.0,0.0,0.0,0.0,0.0,0.0,0.0,0.0,0.0,0.0,0.0,0.0,0.0,0.0,0.0,0.0,0.7922783813715117,0.7628890337863292,-0.029389347585182524,0.7922783813715117,0.7790203715935912,-0.013258009777920576,0.7922783813715117,0.8055458683109775,0.013267486939465778,0.7922783813715117,0.8064925572075459,0.014214175836034126,,,,0.7922783813715117,0.7912897711267954,-0.0009886102447163037
4.0,1.0,9.0,1.0,2.0,5.0,3.0,4.0,6.0,7.0,4.0,8.0,0.0,0.0,0.0,0.0,0.0,1.0,1.0,0.0,0.0,0.0,0.0,0.0,1.0,0.0,0.0,0.0,0.0,0.0,0.0,0.0,0.0,0.0,0.0,0.0,0.0,0.0,0.0,0.0,0.722824793743554,0.6874849635604048,-0.035339830183149235,0.722824793743554,0.7067744968008288,-0.016050296942725195,0.722824793743554,0.739067377254379,0.01624258351082497,0.722824793743554,0.7402333456237162,0.017408551880162215,0.722824793743554,0.7058048875093528,-0.017019906234201243,0.722824793743554,0.7216217764603592,-0.0012030172831948294
4.0,1.0,2.0,2.0,1.0,3.0,1.0,3.0,3.0,4.0,2.0,4.0,1.0,0.0,0.0,0.0,0.0,0.0,1.0,0.0,0.0,0.0,0.0,1.0,0.0,0.0,0.0,0.0,0.0,0.0,0.0,0.0,0.0,0.0,0.0,0.0,0.0,0.0,0.0,0.0,0.7913323052998763,0.7618493382021228,-0.029482967097753554,0.7913323052998763,0.7780308289615504,-0.013301476338325902,0.7913323052998763,0.8046453197648642,0.013313014464987893,0.7913323052998763,0.8055953348627246,0.014263029562848306,0.7913323052998763,0.7772225739000752,-0.014109731399801095,0.7913323052998763,0.7903403839259406,-0.000991921373935667
3.0,1.0,3.0,1.0,2.0,3.0,2.0,3.0,9.0,9.0,4.0,9.0,0.0,1.0,0.0,0.0,0.0,0.0,1.0,0.0,0.0,0.0,0.0,0.0,0.0,0.0,0.0,0.0,1.0,0.0,0.0,0.0,0.0,0.0,0.0,0.0,0.0,0.0,0.0,0.0,0.6362058677818001,0.5959948494579567,-0.04021101832384344,0.6362058677818001,0.6177919682246982,-0.01841389955710193,0.6362058677818001,0.6551023759990989,0.018896508217298824,0.6362058677818001,0.6564691423038661,0.020263274522066,0.6362058677818001,0.6166876977488972,-0.019518170032902904,0.6362058677818001,0.6348168366378368,-0.0013890311439632708
4.0,1.0,3.0,1.0,1.0,5.0,2.0,2.0,7.0,7.0,2.0,9.0,0.0,0.0,0.0,0.0,0.0,0.0,1.0,0.0,0.0,0.0,0.0,0.0,1.0,0.0,0.0,0.0,0.0,0.0,0.0,0.0,0.0,0.0,0.0,0.0,0.0,0.0,0.0,0.0,0.9076242279658057,0.8923368229757217,-0.015287404990083964,0.9076242279658057,0.9008065351178104,-0.006817692847995271,0.9076242279658057,0.9143211235973078,0.006696895631502109,0.9076242279658057,0.914794260625827,0.007170032660021364,0.9076242279658057,0.900388104769056,-0.007236123196749711,0.9076242279658057,0.907120227672515,-0.000504000293290674
7.0,1.0,3.0,2.0,1.0,4.0,1.0,3.0,5.0,7.0,4.0,9.0,0.0,0.0,0.0,0.0,0.0,0.0,1.0,0.0,1.0,0.0,0.0,0.0,0.0,0.0,0.0,0.0,0.0,0.0,0.0,0.0,0.0,0.0,0.0,0.0,0.0,0.0,0.0,0.0,0.8556027884649975,0.8332875979074899,-0.022315190557507636,0.8556027884649975,0.8455988499828602,-0.01000393848213732,0.8556027884649975,0.865512219200914,0.009909430735916547,0.8556027884649975,0.8662154509952718,0.010612662530274264,0.8556027884649975,0.844987610726076,-0.01061517773892151,0.8556027884649975,0.8548603476540544,-0.0007424408109431013
2.0,3.0,4.0,4.0,2.0,2.0,3.0,2.0,7.0,7.0,4.0,4.0,0.0,0.0,1.0,0.0,0.0,0.0,0.0,0.0,0.0,0.0,0.0,0.0,0.0,0.0,0.0,0.0,1.0,0.0,0.0,0.0,0.0,0.0,0.0,0.0,0.0,1.0,0.0,0.0,0.5106244955925654,0.4681369159396945,-0.04248757965287092,0.5106244955925654,0.4909402537608529,-0.019684241831712523,0.5106244955925654,0.53123781362865,0.02061331803608457,0.5106244955925654,0.5327453297553889,0.02212083416282351,0.5106244955925654,0.48977217203602,-0.02085232355654537,0.5106244955925654,0.509125931570891,-0.0014985640216743645
3.0,1.0,3.0,1.0,2.0,4.0,3.0,4.0,9.0,8.0,3.0,8.0,0.0,0.0,0.0,0.0,0.0,0.0,0.0,0.0,0.0,0.0,0.0,0.0,1.0,0.0,0.0,0.0,0.0,0.0,0.0,0.0,0.0,0.0,0.0,0.0,0.0,0.0,0.0,0.0,0.8475332528291566,0.824227188218261,-0.02330606461089557,0.8475332528291566,0.8370767077385723,-0.010456545090584246,0.8475332528291566,0.8579044949795336,0.010371242150376991,0.8475332528291566,0.8586410101750691,0.011107757345912517,0.8475332528291566,0.8364382569426568,-0.011094995886499759,0.8475332528291566,0.84675675247112,-0.0007765003580365581
4.0,1.0,8.0,1.0,1.0,4.0,3.0,2.0,9.0,9.0,5.0,10.0,1.0,0.0,0.0,0.0,0.0,0.0,1.0,0.0,0.0,0.0,0.0,0.0,1.0,0.0,0.0,0.0,0.0,0.0,0.0,1.0,0.0,0.0,0.0,0.0,0.0,0.0,0.0,0.0,0.8545405926971636,0.8320934638572128,-0.022447128839950814,0.8545405926971636,0.8444764410058935,-0.010064151691270173,0.8545405926971636,0.8645113747130592,0.009970782015895518,0.8545405926971636,0.8652190249248679,0.01067843222770426,,,,,,
4.0,1.0,3.0,1.0,1.0,5.0,2.0,3.0,6.0,7.0,3.0,8.0,1.0,0.0,0.0,0.0,0.0,0.0,1.0,0.0,0.0,0.0,0.0,1.0,0.0,0.0,0.0,0.0,0.0,0.0,0.0,0.0,0.0,0.0,0.0,0.0,0.0,0.0,0.0,0.0,0.8584579871425531,0.8364997210849201,-0.021958266057632958,0.8584579871425531,0.8486168599388293,-0.009841127203723765,0.8584579871425531,0.8682016595761934,0.009743672433640382,0.8584579871425531,0.8688929586322139,0.010434971489660883,0.8584579871425531,0.8480154208837142,-0.010442566258838881,0.8584579871425531,0.8577277856719406,-0.0007302014706124238
6.0,1.0,8.0,1.0,1.0,4.0,1.0,4.0,9.0,9.0,5.0,9.0,1.0,0.0,0.0,0.0,0.0,0.0,1.0,0.0,0.0,0.0,0.0,0.0,0.0,0.0,0.0,0.0,0.0,0.0,0.0,0.0,0.0,0.0,1.0,0.0,0.0,0.0,0.0,0.0,0.8593531154895592,0.8375074308204749,-0.02184568466908432,0.8593531154895592,0.8495633183810076,-0.009789797108551546,0.8593531154895592,0.8690445677755199,0.009691452285960689,0.8593531154895592,0.8697321090366338,0.01037899354707461,,,,0.8593531154895592,0.858626771413764,-0.0007263440757951933
3.0,1.0,4.0,1.0,1.0,3.0,1.0,3.0,3.0,4.0,2.0,6.0,0.0,0.0,0.0,0.0,0.0,0.0,1.0,0.0,1.0,0.0,0.0,0.0,0.0,0.0,0.0,0.0,0.0,0.0,0.0,0.0,0.0,0.0,0.0,0.0,0.0,0.0,0.0,0.0,0.9101217418472289,0.8951999299253434,-0.014921811921885575,0.9101217418472289,0.9034687710852832,-0.006652970761945709,0.9101217418472289,0.9166542036322288,0.006532461784999888,0.9101217418472289,0.917115624824978,0.006993882977749055,0.9101217418472289,0.9030603623876374,-0.00706137945959151,0.9101217418472289,0.9096300111911161,-0.0004917306561128543
6.0,1.0,4.0,2.0,3.0,4.0,3.0,3.0,7.0,7.0,2.0,8.0,0.0,0.0,0.0,0.0,0.0,0.0,1.0,0.0,0.0,0.0,1.0,0.0,0.0,0.0,0.0,0.0,0.0,0.0,0.0,0.0,0.0,0.0,0.0,0.0,0.0,0.0,0.0,0.0,0.735890467551495,0.7015286322057487,-0.03436183534574633,0.735890467551495,0.7203039991111414,-0.015586468440353607,0.735890467551495,0.7516304831219344,0.01574001557043936,0.735890467551495,0.7527590935207138,0.016868625969218787,0.735890467551495,0.7193613637394862,-0.016529103812008783,0.735890467551495,0.7347233468465654,-0.0011671207049296362
5.0,1.0,9.0,1.0,1.0,4.0,2.0,4.0,8.0,8.0,5.0,8.0,0.0,0.0,0.0,0.0,0.0,0.0,1.0,0.0,0.0,0.0,0.0,0.0,0.0,0.0,0.0,0.0,0.0,0.0,0.0,0.0,0.0,0.0,0.0,0.0,0.0,0.0,0.0,0.0,0.8846424613503033,0.8661128070654885,-0.01852965428481479,0.8846424613503033,0.8763596801066074,-0.008282781243695969,0.8846424613503033,0.8928086814655236,0.00816622011522028,0.8846424613503033,0.893386762698691,0.008744301348387662,,,,0.8846424613503033,0.8840290943649619,-0.0006133669853414236
5.0,1.0,2.0,1.0,1.0,5.0,2.0,4.0,8.0,8.0,4.0,8.0,1.0,0.0,0.0,0.0,0.0,0.0,0.0,0.0,0.0,0.0,0.0,0.0,1.0,0.0,0.0,0.0,0.0,0.0,0.0,0.0,0.0,0.0,0.0,0.0,0.0,0.0,0.0,0.0,0.8331972686161077,0.8081957384783507,-0.025001530137756967,0.8331972686161077,0.8219640604011071,-0.011233208215000512,0.8331972686161077,0.8443646121843891,0.011167343568281418,0.8331972686161077,0.8451586411266192,0.011961372510511548,0.8331972686161077,0.8212790316765017,-0.01191823693960592,0.8331972686161077,0.8323621976911154,-0.0008350709249922428
3.0,1.0,6.0,1.0,2.0,4.0,2.0,3.0,8.0,7.0,2.0,4.0,1.0,0.0,0.0,0.0,0.0,0.0,1.0,0.0,1.0,0.0,0.0,0.0,0.0,0.0,0.0,0.0,0.0,0.0,0.0,0.0,0.0,0.0,0.0,0.0,0.0,0.0,0.0,0.0,0.8766969767418077,0.8570972197602063,-0.019599756981601435,0.8766969767418077,0.8679288729245137,-0.008768103817293982,0.8766969767418077,0.88535276792549,0.008655791183682315,0.8766969767418077,0.8859659230132447,0.00926894627143704,0.8766969767418077,0.8673921702635362,-0.009304806478271477,0.8766969767418077,0.8760472823339028,-0.000649694407904855
5.0,1.0,2.0,1.0,1.0,1.0,1.0,3.0,4.0,7.0,3.0,5.0,0.0,0.0,0.0,0.0,0.0,0.0,0.0,0.0,0.0,0.0,0.0,0.0,1.0,0.0,0.0,0.0,0.0,0.0,0.0,0.0,0.0,0.0,0.0,0.0,0.0,0.0,0.0,0.0,0.8187863597168085,0.7921636255058561,-0.026622734210952403,0.8187863597168085,0.806807686048,-0.011978673668808448,0.8187863597168085,0.8307224899622117,0.011936130245403187,0.8187863597168085,0.8315722356851661,0.012785875968357674,0.8187863597168085,0.8060780986354421,-0.012708261081366357,0.8187863597168085,0.8178949112391505,-0.0008914484776579856
5.0,1.0,9.0,1.0,1.0,5.0,3.0,3.0,7.0,8.0,4.0,7.0,1.0,0.0,0.0,0.0,0.0,0.0,1.0,0.0,0.0,0.0,0.0,0.0,1.0,0.0,0.0,0.0,0.0,0.0,0.0,0.0,0.0,0.0,0.0,1.0,0.0,0.0,0.0,0.0,0.8105963701191393,0.7830891697726542,-0.027507200346485128,0.8105963701191393,0.7982097407373819,-0.012386629381757386,0.8105963701191393,0.8229553107593475,0.01235894064020815,0.8105963701191393,0.8238357781930065,0.013239408073867143,0.8105963701191393,0.797455834727779,-0.013140535391360286,0.8105963701191393,0.8096739976174538,-0.0009223725016854756
6.0,1.0,2.0,1.0,2.0,4.0,1.0,1.0,3.0,7.0,1.0,7.0,0.0,0.0,0.0,0.0,0.0,0.0,1.0,0.0,0.0,0.0,0.0,0.0,0.0,0.0,0.0,0.0,0.0,1.0,0.0,0.0,0.0,0.0,0.0,1.0,0.0,0.0,0.0,0.0,0.815942749225785,0.789009902491086,-0.02693284673469898,0.815942749225785,0.8038211428208235,-0.012121606404961516,0.815942749225785,0.8280268417626186,0.012084092536833624,0.815942749225785,0.8288873319329698,0.012944582707184793,0.815942749225785,0.8030830295464658,-0.012859719679319204,0.815942749225785,0.8150404720688273,-0.000902277156957676
2.0,1.0,2.0,3.0,2.0,4.0,2.0,2.0,10.0,10.0,5.0,10.0,1.0,0.0,0.0,0.0,0.0,0.0,1.0,0.0,0.0,0.0,0.0,0.0,0.0,0.0,0.0,0.0,1.0,0.0,0.0,0.0,0.0,0.0,0.0,0.0,0.0,0.0,0.0,0.0,0.7857634027407913,0.755736473566132,-0.03002692917465921,0.7857634027407913,0.7722091239978796,-0.013554278742911707,,,,,,,,,,,,
5.0,1.0,5.0,1.0,2.0,4.0,3.0,4.0,7.0,8.0,5.0,7.0,0.0,0.0,0.0,0.0,0.0,0.0,1.0,0.0,0.0,0.0,0.0,0.0,0.0,0.0,0.0,1.0,0.0,0.0,0.0,1.0,0.0,0.0,0.0,0.0,0.0,0.0,0.0,0.0,0.6884093416948152,0.6508013821991478,-0.03760795949566731,0.6884093416948152,0.671272487615546,-0.017136854079269126,0.6884093416948152,0.7058479689289928,0.01743862723417766,0.6884093416948152,0.7071035495762501,0.018694207881434943,,,,0.6884093416948152,0.6871216084969796,-0.0012877331978355944
4.0,1.0,4.0,1.0,1.0,3.0,4.0,2.0,7.0,7.0,2.0,8.0,0.0,0.0,0.0,0.0,0.0,0.0,0.0,0.0,0.0,0.0,0.0,0.0,0.0,0.0,0.0,0.0,0.0,0.0,0.0,0.0,0.0,0.0,0.0,0.0,0.0,0.0,0.0,0.0,0.864089750883968,0.8428452311579232,-0.021244519726044797,0.864089750883968,0.8545738560661497,-0.009515894817818338,0.864089750883968,0.8735028631328655,0.009413112248897515,0.864089750883968,0.8741703865880216,0.010080635704053598,0.864089750883968,0.8539920119271195,-0.010097738956848512,0.864089750883968,0.8633839794908832,-0.0007057713930848086
5.0,1.0,3.0,1.0,1.0,4.0,2.0,3.0,7.0,7.0,3.0,8.0,0.0,0.0,0.0,0.0,0.0,0.0,1.0,0.0,0.0,0.0,0.0,1.0,0.0,0.0,0.0,0.0,0.0,0.0,0.0,1.0,0.0,0.0,0.0,0.0,0.0,0.0,0.0,0.0,0.8773400675660162,0.8578259561980116,-0.019514111368004627,0.8773400675660162,0.8686108405423066,-0.008729227023709596,0.8773400675660162,0.8859565867375421,0.008616519171525838,0.8773400675660162,0.886566926236856,0.009226858670839722,0.8773400675660162,0.8680764879819619,-0.009263579584054327,0.8773400675660162,0.8766932850698681,-0.000646782496148135
5.0,3.0,3.0,1.0,2.0,4.0,1.0,4.0,10.0,6.0,5.0,8.0,0.0,0.0,1.0,0.0,0.0,0.0,1.0,0.0,0.0,0.0,0.0,0.0,1.0,0.0,0.0,0.0,0.0,0.0,0.0,1.0,0.0,0.0,0.0,0.0,0.0,0.0,0.0,0.0,0.5460661723660495,0.503664700051105,-0.04240147231494451,0.5460661723660495,0.5264855354587674,-0.019580636907282067,,,,0.5460661723660495,0.5679405155299425,0.02187434316389303,,,,0.5460661723660495,0.5445793415033714,-0.0014868308626780902
3.0,1.0,3.0,2.0,2.0,5.0,2.0,4.0,6.0,6.0,2.0,7.0,0.0,0.0,0.0,0.0,0.0,0.0,1.0,0.0,0.0,0.0,0.0,1.0,0.0,0.0,0.0,0.0,0.0,0.0,0.0,0.0,0.0,0.0,0.0,0.0,0.0,0.0,0.0,0.0,0.8554440140494727,0.8331090725557228,-0.022334941493749927,0.8554440140494727,0.8454310627716346,-0.010012951277838078,0.8554440140494727,0.8653626262647645,0.009918612215291778,0.8554440140494727,0.8660665192313888,0.010622505181916098,0.8554440140494727,0.8448192811801809,-0.010624732869291775,0.8554440140494727,0.85470089551053,-0.0007431185389427108
7.0,1.0,9.0,1.0,1.0,4.0,3.0,4.0,6.0,8.0,4.0,8.0,0.0,0.0,0.0,0.0,0.0,0.0,0.0,0.0,0.0,0.0,0.0,1.0,0.0,0.0,0.0,0.0,0.0,0.0,0.0,0.0,0.0,0.0,1.0,0.0,0.0,0.0,0.0,0.0,0.8500143104698721,0.8270100907153503,-0.023004219754521826,0.8500143104698721,0.8396957385546414,-0.010318571915230668,0.8500143104698721,0.8602446131210748,0.010230302651202727,0.8500143104698721,0.8609709645690466,0.010956654099174568,0.8500143104698721,0.8390655778192921,-0.01094873265057994,0.8500143104698721,0.8492481983814758,-0.0007661120883962758
6.0,1.0,8.0,1.0,2.0,5.0,1.0,4.0,10.0,10.0,4.0,10.0,0.0,0.0,0.0,0.0,0.0,0.0,1.0,0.0,0.0,0.0,0.0,1.0,0.0,0.0,0.0,0.0,0.0,0.0,0.0,0.0,0.0,0.0,1.0,0.0,0.0,0.0,0.0,0.0,0.8948876174867292,0.8777762553067112,-0.017111362180017964,0.8948876174867292,0.8872466897933914,-0.007640927693337796,,,,,,,0.8948876174867292,0.8867782490087044,-0.008109368478024792,,,
4.0,1.0,6.0,1.0,2.0,2.0,1.0,4.0,8.0,7.0,3.0,7.0,0.0,0.0,0.0,0.0,0.0,0.0,0.0,0.0,0.0,0.0,0.0,1.0,0.0,0.0,0.0,0.0,0.0,0.0,0.0,0.0,0.0,0.0,0.0,0.0,0.0,0.0,0.0,0.0,0.8577608700999716,0.8357151525681021,-0.022045717531869458,0.8577608700999716,0.8478798625783601,-0.009881007521611473,0.8577608700999716,0.8675451272435233,0.009784257143551689,0.8577608700999716,0.868239347285658,0.010478477185686397,0.8577608700999716,0.847276022420259,-0.010484847679712583,0.8577608700999716,0.8570276712278386,-0.0007331988721329674
3.0,1.0,8.0,1.0,3.0,4.0,2.0,4.0,8.0,7.0,4.0,6.0,0.0,0.0,0.0,0.0,0.0,0.0,1.0,0.0,0.0,0.0,0.0,1.0,0.0,0.0,0.0,0.0,0.0,0.0,0.0,0.0,0.0,0.0,0.0,0.0,0.0,0.0,0.0,0.0,0.8299484364836008,0.8045741646917259,-0.025374271791874903,0.8299484364836008,0.8185440867565328,-0.011404349727068053,0.8299484364836008,0.8412918564338997,0.01134341995029886,0.8299484364836008,0.8420986304772221,0.012150193993621272,0.8299484364836008,0.8178488151065751,-0.012099621377025693,0.8299484364836008,0.8291004369172035,-0.0008479995663973616
5.0,1.0,4.0,1.0,5.0,5.0,3.0,5.0,10.0,9.0,2.0,9.0,0.0,0.0,1.0,0.0,0.0,0.0,1.0,0.0,0.0,0.0,0.0,0.0,0.0,0.0,0.0,0.0,0.0,0.0,0.0,0.0,0.0,0.0,0.0,0.0,0.0,0.0,0.0,0.0,0.3850323562665249,0.34561465525644075,-0.03941770101008413,,,,,,,0.3850323562665249,0.4062287791511783,0.0211964228846534,0.3850323562665249,0.3654785083847324,-0.019553847881792485,0.3850323562665249,0.3836134492124365,-0.0014189070540883697
6.0,1.0,8.0,1.0,1.0,4.0,4.0,3.0,9.0,9.0,5.0,10.0,0.0,1.0,0.0,0.0,0.0,0.0,0.0,0.0,0.0,0.0,0.0,0.0,0.0,1.0,0.0,0.0,0.0,0.0,0.0,0.0,0.0,0.0,0.0,0.0,0.0,0.0,0.0,0.0,0.6666846745641926,0.6278720250160337,-0.038812649548158884,0.6666846745641926,0.6489622737193432,-0.01772240084484933,0.6666846745641926,0.6847824245375054,0.018097749973312816,0.6666846745641926,0.6860879337777356,0.019403259213543023,,,,,,
4.0,1.0,7.0,1.0,1.0,5.0,3.0,4.0,9.0,9.0,5.0,9.0,0.0,0.0,0.0,0.0,0.0,0.0,0.0,0.0,0.0,0.0,0.0,0.0,1.0,0.0,0.0,0.0,0.0,0.0,0.0,0.0,1.0,0.0,0.0,0.0,0.0,0.0,0.0,0.0,0.9462807928013656,0.9369462905286082,-0.009334502272757339,0.9462807928013656,0.9421342114397383,-0.004146581361627266,0.9462807928013656,0.9503286025451955,0.0040478097438299,0.9462807928013656,0.9506136388399655,0.004332846038599958,,,,0.9462807928013656,0.9459751478838185,-0.00030564491754703216
6.0,1.0,9.0,1.0,5.0,5.0,3.0,3.0,8.0,8.0,4.0,9.0,1.0,0.0,0.0,0.0,0.0,0.0,1.0,0.0,0.0,0.0,0.0,1.0,0.0,0.0,0.0,0.0,0.0,0.0,0.0,0.0,0.0,0.0,0.0,0.0,0.0,0.0,0.0,0.0,0.5398747235872543,0.49742718762110877,-0.04244753596614553,0.5398747235872543,0.5202616469675178,-0.019613076619736547,0.5398747235872543,0.5603168695822779,0.020442145995023586,0.5398747235872543,0.5618080063242351,0.021933282736980808,0.5398747235872543,0.5190949405071325,-0.02077978308012185,0.5398747235872543,0.5383847564039074,-0.0014899671833469297
2.0,2.0,7.0,1.0,3.0,3.0,2.0,4.0,9.0,8.0,5.0,8.0,0.0,0.0,0.0,1.0,0.0,0.0,1.0,0.0,0.0,0.0,0.0,0.0,0.0,0.0,0.0,0.0,0.0,0.0,0.0,0.0,0.0,0.0,0.0,0.0,0.0,0.0,0.0,0.0,0.6088072486900741,0.567625960850782,-0.04118128783929209,0.6088072486900741,0.5899004774871863,-0.01890677120288775,0.6088072486900741,0.6282954339091852,0.01948818521911111,0.6088072486900741,0.6297083849596535,0.020901136269579457,,,,0.6088072486900741,0.6073781644481174,-0.0014290842419566463
2.0,3.0,3.0,2.0,1.0,2.0,1.0,4.0,4.0,5.0,2.0,6.0,0.0,1.0,0.0,0.0,0.0,0.0,0.0,0.0,1.0,0.0,0.0,0.0,0.0,0.0,0.0,0.0,0.0,0.0,0.0,1.0,0.0,0.0,0.0,0.0,0.0,0.0,0.0,0.0,0.7263388787481221,0.6912557179629824,-0.03508316078513973,0.7263388787481221,0.7104105458419262,-0.015928332906195886,0.7263388787481221,0.7424489095956314,0.016110030847509282,0.7263388787481221,0.7436050097101315,0.017266130962009463,0.7263388787481221,0.7094480171406289,-0.0168908616074932,0.7263388787481221,0.7251453139444302,-0.0011935648036919266
4.0,1.0,2.0,1.0,1.0,5.0,2.0,2.0,6.0,6.0,3.0,5.0,1.0,0.0,0.0,0.0,0.0,0.0,0.0,0.0,0.0,0.0,0.0,0.0,0.0,0.0,0.0,0.0,0.0,0.0,0.0,0.0,0.0,0.0,0.0,0.0,0.0,0.0,0.0,0.0,0.8757921071180196,0.8560721290598816,-0.019719978058137966,0.8757921071180196,0.8669694216560945,-0.008822685461925106,0.8757921071180196,0.8845030512002433,0.008710944082223726,0.8757921071180196,0.8851201610646694,0.009328053946649817,0.8757921071180196,0.8664294200685121,-0.00936268704950749,0.8757921071180196,0.8751383239218912,-0.0006537831961284102
7.0,5.0,8.0,2.0,2.0,4.0,1.0,3.0,4.0,5.0,5.0,5.0,0.0,1.0,0.0,0.0,0.0,0.0,1.0,0.0,0.0,0.0,0.0,0.0,0.0,0.0,0.0,0.0,0.0,0.0,0.0,0.0,0.0,0.0,1.0,0.0,0.0,0.0,0.0,0.0,0.4013343182797059,0.36122801257565484,-0.04010630570405105,0.4013343182797059,0.38256957555515125,-0.01876474272455464,0.4013343182797059,0.42133421666133725,0.019999898381631354,0.4013343182797059,0.42281116052890266,0.02147684224919677,,,,0.4013343182797059,0.39989440100007373,-0.0014399172796321635
4.0,1.0,6.0,1.0,1.0,4.0,2.0,2.0,4.0,6.0,3.0,8.0,0.0,0.0,0.0,1.0,0.0,0.0,0.0,0.0,0.0,0.0,0.0,0.0,1.0,0.0,0.0,0.0,0.0,0.0,0.0,0.0,0.0,0.0,0.0,0.0,0.0,0.0,0.0,0.0,0.7745692260291327,0.7434855338212158,-0.031083692207916847,0.7745692260291327,0.76052256416592,-0.014046661863212684,0.7745692260291327,0.7886661084202587,0.014096882391126053,0.7745692260291327,0.7896735189112489,0.015104292882116233,0.7745692260291327,0.7596702492578759,-0.014898976771256844,0.7745692260291327,0.7735204256271819,-0.0010488004019507668
6.0,1.0,4.0,1.0,1.0,4.0,1.0,3.0,10.0,9.0,5.0,9.0,1.0,0.0,0.0,0.0,0.0,0.0,1.0,0.0,0.0,0.0,0.0,0.0,0.0,0.0,0.0,0.0,0.0,0.0,0.0,0.0,0.0,0.0,0.0,0.0,0.0,0.0,0.0,0.0,0.8450774983335656,0.8214751187719115,-0.02360237956165412,0.8450774983335656,0.8344854225847168,-0.010592075748848795,,,,0.8450774983335656,0.8563338390175496,0.011256340683983956,,,,0.8450774983335656,0.8442907888069145,-0.0007867095266510526
4.0,1.0,6.0,1.0,1.0,5.0,3.0,1.0,8.0,8.0,4.0,8.0,0.0,0.0,0.0,0.0,0.0,0.0,0.0,0.0,0.0,0.0,0.0,0.0,0.0,0.0,0.0,0.0,0.0,0.0,0.0,0.0,0.0,0.0,0.0,0.0,0.0,0.0,0.0,0.0,0.9241244968753216,0.911300888321419,-0.012823608553902632,0.9241244968753216,0.9184151236673681,-0.005709373207953505,0.9241244968753216,0.9297178138606126,0.005593316985290975,0.9241244968753216,0.9301124260103133,0.0059879291349916874,0.9241244968753216,0.9180642158152753,-0.006060281060046302,0.9241244968753216,0.9237029539808901,-0.0004215428944315258
5.0,1.0,7.0,1.0,2.0,5.0,2.0,4.0,8.0,8.0,4.0,5.0,0.0,0.0,0.0,0.0,0.0,0.0,0.0,0.0,0.0,0.0,0.0,0.0,0.0,1.0,0.0,0.0,0.0,0.0,0.0,0.0,0.0,0.0,0.0,0.0,0.0,0.0,0.0,0.0,0.8705958097259002,0.8501919557798465,-0.020403853946053707,0.8705958097259002,0.8614624094100273,-0.009133400315872953,0.8705958097259002,0.8796210894087322,0.009025279682831955,0.8705958097259002,0.8802607527936595,0.009664943067759224,0.8705958097259002,0.8609036401045685,-0.009692169621331681,0.8705958097259002,0.8699187376826363,-0.0006770720432639488
4.0,5.0,4.0,2.0,2.0,4.0,3.0,3.0,8.0,6.0,4.0,5.0,1.0,0.0,0.0,0.0,0.0,0.0,0.0,0.0,0.0,0.0,0.0,0.0,1.0,0.0,0.0,0.0,0.0,0.0,0.0,1.0,0.0,0.0,0.0,0.0,0.0,0.0,0.0,0.0,0.5955932006857805,0.5540398252867212,-0.041553375399059234,0.5955932006857805,0.5764920473224552,-0.019101153363325296,0.5955932006857805,0.6153237334134866,0.019730532727706085,0.5955932006857805,0.6167559162371831,0.02116271555140259,0.5955932006857805,0.5753504724234954,-0.020242728262285126,0.5955932006857805,0.5941480239468704,-0.0014451767389100922
7.0,2.0,9.0,2.0,3.0,3.0,2.0,4.0,6.0,7.0,3.0,6.0,0.0,0.0,0.0,0.0,0.0,0.0,1.0,0.0,0.0,0.0,0.0,1.0,0.0,0.0,0.0,0.0,0.0,0.0,0.0,0.0,0.0,0.0,0.0,1.0,0.0,0.0,0.0,0.0,0.5958059856332729,0.5542581112080505,-0.04154787442522245,0.5958059856332729,0.5767077397715451,-0.019098245861727814,0.5958059856332729,0.6155328383142462,0.019726852680973295,0.5958059856332729,0.6169647272435843,0.021158741610311393,0.5958059856332729,0.5755663182264693,-0.020239667406803608,0.5958059856332729,0.5943610514116519,-0.0014449342216210637
6.0,1.0,6.0,2.0,2.0,4.0,2.0,3.0,7.0,7.0,3.0,6.0,0.0,1.0,0.0,0.0,0.0,0.0,1.0,0.0,0.0,0.0,0.0,0.0,1.0,0.0,0.0,0.0,0.0,0.0,0.0,0.0,0.0,0.0,0.0,0.0,0.0,0.0,0.0,0.0,0.5763517933683884,0.5343670127682941,-0.04198478060009425,0.5763517933683884,0.557017769760774,-0.01933402360761438,0.5763517933683884,0.596384919320413,0.020033125952024666,0.5763517933683884,0.5978415290588335,0.0214897356904451,0.5763517933683884,0.5558641429725119,-0.020487650395876522,0.5763517933683884,0.5748869348936662,-0.0014648584747222193
6.0,2.0,6.0,1.0,3.0,4.0,3.0,4.0,5.0,7.0,3.0,9.0,0.0,0.0,0.0,0.0,0.0,0.0,0.0,0.0,0.0,0.0,0.0,0.0,0.0,0.0,0.0,0.0,0.0,0.0,0.0,0.0,0.0,0.0,0.0,0.0,0.0,0.0,0.0,0.0,0.6825908709401731,0.6446431530986699,-0.03794771784150319,0.6825908709401731,0.6652896014459804,-0.01730126949419275,0.6825908709401731,0.7002133288985917,0.017622457958418547,0.6825908709401731,0.7014827890826906,0.01889191814251745,0.6825908709401731,0.6642479802365967,-0.01834289070357642,0.6825908709401731,0.6812902239884796,-0.0013006469516935182
4.0,2.0,7.0,2.0,2.0,5.0,2.0,2.0,5.0,5.0,3.0,8.0,1.0,0.0,0.0,0.0,0.0,0.0,1.0,0.0,0.0,1.0,0.0,0.0,0.0,0.0,0.0,0.0,0.0,0.0,0.0,1.0,0.0,0.0,0.0,0.0,0.0,0.0,0.0,0.0,0.7487761608365787,0.715442540609275,-0.033333620227303684,0.7487761608365787,0.733674929885106,-0.015101230951472755,0.7487761608365787,0.7639945185094446,0.015218357672865834,0.7487761608365787,0.7650845053155222,0.01630834447894347,0.7487761608365787,0.7327606386646538,-0.016015522171924923,0.7487761608365787,0.7476464560106709,-0.0011297048259077958
3.0,1.0,7.0,1.0,4.0,5.0,1.0,4.0,8.0,8.0,4.0,5.0,0.0,1.0,0.0,0.0,0.0,0.0,0.0,0.0,0.0,0.0,0.0,1.0,0.0,0.0,0.0,0.0,0.0,0.0,0.0,0.0,0.0,0.0,0.0,0.0,0.0,0.0,0.0,0.0,0.6720995461001963,0.6335708693426236,-0.038528676757572655,0.6720995461001963,0.654515856354487,-0.01758368974570934,0.6720995461001963,0.6900399810806869,0.017940434980490583,0.6720995461001963,0.6913335305563794,0.019233984456183073,0.6720995461001963,0.6534581715137467,-0.018641374586449544,0.6720995461001963,0.6707766436926385,-0.0013229024075578355
7.0,3.0,4.0,2.0,1.0,4.0,2.0,4.0,8.0,8.0,4.0,7.0,0.0,0.0,0.0,0.0,0.0,0.0,0.0,0.0,0.0,0.0,0.0,1.0,0.0,0.0,0.0,0.0,0.0,0.0,0.0,0.0,0.0,0.0,1.0,0.0,0.0,0.0,0.0,0.0,0.7915782444189905,0.7621195805826763,-0.029458663836314236,0.7915782444189905,0.7782880530101122,-0.013290191408878327,0.7915782444189905,0.8048794368983158,0.013301192479325263,0.7915782444189905,0.8058285882174533,0.014250343798462795,0.7915782444189905,0.7774804666980757,-0.014097777720914806,0.7915782444189905,0.790587182758363,-0.000991061660627457
6.0,3.0,7.0,2.0,3.0,4.0,2.0,4.0,10.0,10.0,5.0,10.0,0.0,0.0,0.0,0.0,0.0,0.0,0.0,0.0,0.0,0.0,0.0,1.0,0.0,0.0,0.0,0.0,0.0,0.0,0.0,0.0,0.0,0.0,0.0,0.0,0.0,0.0,0.0,0.0,0.7128915111136119,0.676851390646093,-0.03604012046751892,0.7128915111136119,0.6965075214172942,-0.016383989696317713,,,,,,,,,,,,
2.0,2.0,2.0,3.0,2.0,4.0,2.0,4.0,7.0,7.0,4.0,6.0,0.0,0.0,1.0,0.0,0.0,0.0,0.0,0.0,0.0,0.0,0.0,0.0,0.0,0.0,0.0,0.0,1.0,0.0,0.0,0.0,0.0,1.0,0.0,0.0,0.0,0.0,0.0,0.0,0.48152750865645344,0.4392877270619683,-0.04223978159448516,0.48152750865645344,0.4619062275996885,-0.019621281056764917,0.48152750865645344,0.5021715400640212,0.020644031407567764,0.48152750865645344,0.503685201185278,0.022157692528824602,0.48152750865645344,0.46074470227532466,-0.020782806381128782,0.48152750865645344,0.48003057526490445,-0.0014969333915489935
4.0,1.0,7.0,1.0,2.0,4.0,2.0,3.0,9.0,8.0,4.0,10.0,0.0,0.0,0.0,1.0,0.0,0.0,1.0,0.0,0.0,0.0,0.0,1.0,0.0,0.0,0.0,0.0,0.0,0.0,0.0,0.0,1.0,0.0,0.0,0.0,0.0,0.0,0.0,0.0,0.8443722794034733,0.8206852573951696,-0.023687022008303638,0.8443722794034733,0.8337414736122801,-0.010630805791193132,0.8443722794034733,0.8549217340846262,0.010549454681152981,0.8443722794034733,0.8556711086848117,0.011298829281338407,0.8443722794034733,0.8330925590067016,-0.011279720396771609,,,
3.0,1.0,8.0,1.0,1.0,3.0,1.0,4.0,6.0,7.0,3.0,6.0,1.0,0.0,0.0,0.0,0.0,0.0,1.0,0.0,1.0,0.0,0.0,0.0,0.0,0.0,0.0,0.0,0.0,0.0,0.0,0.0,0.0,0.0,0.0,0.0,0.0,0.0,0.0,0.0,0.9007881326810876,0.8845133613018118,-0.0162747713792758,0.9007881326810876,0.8935250966095241,-0.007263036071563533,0.9007881326810876,0.9079303465739934,0.007142213892905813,0.9007881326810876,0.9084352405928979,0.007647107911810336,0.9007881326810876,0.8930795965267146,-0.007708536154372947,0.9007881326810876,0.9002509338473088,-0.0005371988337787847
4.0,1.0,10.0,1.0,4.0,5.0,3.0,3.0,1.0,3.0,1.0,3.0,0.0,0.0,0.0,0.0,0.0,0.0,1.0,0.0,0.0,0.0,0.0,1.0,0.0,0.0,0.0,0.0,0.0,0.0,0.0,0.0,0.0,0.0,0.0,0.0,0.0,0.0,0.0,0.0,0.7258616205494549,0.6907433262673269,-0.03511829428212798,0.7258616205494549,0.709916603180546,-0.015945017368908965,0.7258616205494549,0.7419897668040923,0.016128146254637432,0.7258616205494549,0.743147214914147,0.017285594364692125,0.7258616205494549,0.7089531053340052,-0.01690851521544967,0.7258616205494549,0.7246667632504319,-0.0011948572990230222
5.0,1.0,3.0,1.0,3.0,5.0,2.0,3.0,6.0,6.0,4.0,6.0,0.0,0.0,0.0,0.0,0.0,0.0,0.0,0.0,0.0,0.0,0.0,0.0,0.0,0.0,0.0,0.0,0.0,0.0,0.0,0.0,0.0,0.0,0.0,0.0,0.0,0.0,0.0,0.0,0.7912201645562374,0.7617261237899067,-0.029494040766330776,0.7912201645562374,0.7779135460170324,-0.013306618539205006,0.7912201645562374,0.8045385664045521,0.013318401848314676,0.7912201645562374,0.8054889751514451,0.014268810595207682,0.7912201645562374,0.7771049862410894,-0.01411517831514808,0.7912201645562374,0.7902278514212913,-0.0009923131349461878
4.0,1.0,4.0,2.0,1.0,3.0,2.0,4.0,6.0,7.0,3.0,7.0,1.0,0.0,0.0,0.0,0.0,0.0,0.0,0.0,1.0,0.0,0.0,0.0,0.0,0.0,0.0,0.0,0.0,0.0,0.0,1.0,0.0,0.0,0.0,0.0,0.0,0.0,0.0,0.0,0.8506736700913293,0.8277500869996259,-0.022923583091703392,0.8506736700913293,0.8403919425005367,-0.0102817275907926,0.8506736700913293,0.8608663603054619,0.010192690214132605,0.8506736700913293,0.8615900002646092,0.010916330173279865,0.8506736700913293,0.8397639963102824,-0.010909673781046902,0.8506736700913293,0.8499103312584477,-0.0007633388328815993
2.0,1.0,2.0,2.0,2.0,5.0,3.0,3.0,8.0,7.0,2.0,8.0,0.0,0.0,0.0,0.0,0.0,0.0,1.0,0.0,0.0,0.0,0.0,0.0,0.0,0.0,0.0,0.0,0.0,1.0,0.0,0.0,1.0,0.0,0.0,0.0,0.0,0.0,0.0,0.0,0.9268352266085701,0.9144273317341928,-0.012407894874377323,0.9268352266085701,0.921312458631316,-0.0055227679772541505,0.9268352266085701,0.932243367914226,0.0054081413056559224,0.9268352266085701,0.9326248274955522,0.005789600886982105,0.9268352266085701,0.9209729403116843,-0.005862286296885788,0.9268352266085701,0.9264275447860743,-0.0004076818224958423
4.0,1.0,7.0,2.0,2.0,5.0,2.0,3.0,6.0,6.0,4.0,5.0,1.0,0.0,0.0,0.0,0.0,0.0,1.0,0.0,0.0,0.0,0.0,1.0,0.0,0.0,0.0,0.0,0.0,0.0,0.0,0.0,0.0,0.0,0.0,0.0,0.0,0.0,0.0,0.0,0.7992552864292198,0.7705672044175292,-0.028688082011690597,0.7992552864292198,0.7863224842790428,-0.012932802150177003,0.7992552864292198,0.8121827878766819,0.01292750144746202,0.7992552864292198,0.8131046619162123,0.013849375486992499,0.7992552864292198,0.7855360990626383,-0.013719187366581509,0.7992552864292198,0.7982914275781497,-0.0009638588510700874
7.0,3.0,6.0,1.0,1.0,3.0,1.0,4.0,10.0,9.0,2.0,0.0,0.0,0.0,0.0,0.0,0.0,0.0,1.0,0.0,0.0,0.0,0.0,0.0,0.0,0.0,0.0,0.0,0.0,0.0,0.0,0.0,0.0,0.0,0.0,0.0,0.0,0.0,0.0,0.0,0.8422041087866822,0.8182581138626285,-0.023945994924053693,0.8422041087866822,0.8314547604417,-0.010749348344982201,,,,0.8422041087866822,0.8536330642612924,0.011428955474610203,0.8422041087866822,0.8307987319784579,-0.011405376808224288,0.8422041087866822,0.8414055462761831,-0.0007985625104990346
5.0,2.0,7.0,2.0,2.0,5.0,2.0,2.0,8.0,8.0,4.0,8.0,0.0,0.0,0.0,0.0,0.0,0.0,0.0,0.0,0.0,0.0,0.0,0.0,1.0,0.0,0.0,0.0,0.0,0.0,0.0,0.0,0.0,0.0,0.0,0.0,0.0,0.0,0.0,0.0,0.8509458019074942,0.8280555506325993,-0.022890251274894968,0.8509458019074942,0.8406793024218085,-0.010266499485685698,0.8509458019074942,0.8611229494853447,0.010177147577850487,0.8509458019074942,0.8618454690830376,0.01089966717554336,0.8509458019074942,0.8400522716179621,-0.010893530289532105,0.8509458019074942,0.850183609186146,-0.0007621927213482538
4.0,1.0,7.0,1.0,1.0,3.0,2.0,4.0,8.0,9.0,5.0,9.0,1.0,0.0,0.0,0.0,0.0,0.0,0.0,0.0,0.0,0.0,0.0,1.0,0.0,0.0,0.0,0.0,0.0,0.0,0.0,0.0,0.0,0.0,0.0,0.0,0.0,0.0,0.0,0.0,0.8494132315157297,0.8263356559640114,-0.0230775755517183,0.8494132315157297,0.839061136681197,-0.010352094834532699,0.8494132315157297,0.8596777647185976,0.01026453320286791,0.8494132315157297,0.860406584184597,0.010993352668867362,,,,0.8494132315157297,0.8486445958711656,-0.0007686356445640863
4.0,1.0,6.0,1.0,3.0,2.0,3.0,3.0,2.0,2.0,1.0,3.0,0.0,1.0,0.0,0.0,0.0,0.0,1.0,0.0,1.0,0.0,0.0,0.0,0.0,0.0,0.0,0.0,0.0,0.0,0.0,0.0,0.0,0.0,0.0,0.0,0.0,0.0,0.0,0.0,0.4758574794516467,0.4336990221124054,-0.042158457339241284,0.4758574794516467,0.4562639198524766,-0.019593559599170085,0.4758574794516467,0.4964912049552745,0.020633725503627798,0.4758574794516467,0.4980048721438866,0.02214739269223992,0.4758574794516467,0.45510458276932747,-0.020752896682319222,0.4758574794516467,0.47436204568414553,-0.0014954337675011642
3.0,1.0,8.0,1.0,2.0,4.0,3.0,3.0,9.0,8.0,4.0,8.0,0.0,0.0,0.0,0.0,0.0,0.0,1.0,0.0,0.0,0.0,0.0,1.0,0.0,0.0,0.0,0.0,0.0,0.0,0.0,0.0,0.0,0.0,0.0,0.0,0.0,0.0,0.0,0.0,0.8726117803510098,0.85247193038821,-0.020139849962799827,0.8726117803510098,0.8635983749165791,-0.009013405434430743,0.8726117803510098,0.8815155919643918,0.00890381161338194,0.8726117803510098,0.8821465372229945,0.009534756871984684,0.8726117803510098,0.8630468510843394,-0.009564929266670408,0.8726117803510098,0.871943704810955,-0.0006680755400548799
3.0,1.0,2.0,1.0,2.0,4.0,1.0,3.0,8.0,8.0,3.0,7.0,1.0,0.0,0.0,0.0,0.0,0.0,1.0,0.0,0.0,0.0,0.0,1.0,0.0,0.0,0.0,0.0,0.0,0.0,0.0,0.0,0.0,0.0,0.0,0.0,0.0,0.0,0.0,0.0,0.8462973002330841,0.8228417991101477,-0.023455501122936484,0.8462973002330841,0.8357724154263779,-0.010524884806706214,0.8462973002330841,0.8567384043679307,0.010441104134846557,0.8462973002330841,0.8574799596062804,0.011182659373196291,0.8462973002330841,0.8351298601642624,-0.011167440068821755,0.8462973002330841,0.8455156526225286,-0.000781647610555547
2.0,3.0,3.0,2.0,2.0,5.0,2.0,3.0,10.0,7.0,4.0,7.0,1.0,0.0,0.0,0.0,0.0,0.0,0.0,0.0,0.0,0.0,0.0,0.0,0.0,0.0,0.0,0.0,1.0,0.0,0.0,1.0,0.0,0.0,0.0,0.0,0.0,0.0,0.0,0.0,0.7927630406933212,0.7634217889511893,-0.02934125174213187,0.7927630406933212,0.7795273565550462,-0.013235684138274917,,,,0.7927630406933212,0.8069521327674053,0.014189092074084142,0.7927630406933212,0.7787230009754725,-0.014040039717848618,0.7927630406933212,0.7917761308660688,-0.000986909827252358
7.0,1.0,7.0,1.0,2.0,3.0,3.0,1.0,8.0,8.0,5.0,9.0,0.0,0.0,0.0,0.0,0.0,0.0,0.0,0.0,0.0,0.0,0.0,0.0,0.0,0.0,0.0,0.0,0.0,0.0,0.0,0.0,0.0,0.0,1.0,0.0,0.0,0.0,0.0,0.0,0.8021176761421542,0.7737228445808749,-0.02839483156127931,0.8021176761421542,0.7893206722753218,-0.012797003866832468,0.8021176761421542,0.8149035348178523,0.012785858675698036,0.8021176761421542,0.8158150829378881,0.013697406795733835,,,,0.8021176761421542,0.801164141750085,-0.0009535343920692441
7.0,2.0,4.0,4.0,2.0,2.0,2.0,3.0,10.0,10.0,1.0,6.0,0.0,0.0,1.0,0.0,0.0,0.0,0.0,0.0,0.0,1.0,0.0,0.0,0.0,0.0,0.0,0.0,0.0,0.0,0.0,0.0,0.0,0.0,1.0,0.0,0.0,0.0,0.0,0.0,0.44402113337011606,0.40251717013660543,-0.04150396323351063,0.44402113337011606,0.4246763367347845,-0.019344796635331563,,,,,,,0.44402113337011606,0.4235347428188581,-0.02048639055125795,0.44402113337011606,0.44254127578023783,-0.0014798575898782307
6.0,1.0,7.0,1.0,3.0,3.0,2.0,4.0,5.0,6.0,3.0,6.0,0.0,0.0,0.0,0.0,0.0,0.0,0.0,0.0,0.0,0.0,0.0,1.0,0.0,0.0,0.0,0.0,0.0,0.0,0.0,1.0,0.0,0.0,0.0,0.0,0.0,0.0,0.0,0.0,0.7367725282629062,0.7024790554161309,-0.03429347284677531,0.7367725282629062,0.7212183945042581,-0.015554133758648114,0.7367725282629062,0.7524776576312059,0.01570512936829971,0.7367725282629062,0.7536036803714953,0.016831152108589098,0.7367725282629062,0.7202776440923359,-0.016494884170570323,0.7367725282629062,0.7356079050102423,-0.0011646232526638656
3.0,1.0,5.0,1.0,1.0,4.0,2.0,3.0,7.0,7.0,3.0,7.0,0.0,0.0,0.0,1.0,0.0,0.0,0.0,0.0,0.0,0.0,0.0,0.0,0.0,0.0,0.0,0.0,0.0,0.0,0.0,0.0,0.0,0.0,0.0,0.0,0.0,0.0,0.0,0.0,0.8202347132736079,0.7937711679121615,-0.02646354536144635,0.8202347132736079,0.8083293675529138,-0.011905345720694016,0.8202347132736079,0.8320950069818037,0.011860293708195857,0.8202347132736079,0.8329392484531781,0.012704535179570264,0.8202347132736079,0.807604156377031,-0.012630556896576883,0.8202347132736079,0.8193488177239192,-0.0008858955496886534
7.0,3.0,5.0,1.0,2.0,3.0,1.0,4.0,9.0,9.0,3.0,8.0,0.0,0.0,0.0,0.0,0.0,0.0,0.0,0.0,0.0,0.0,0.0,1.0,0.0,0.0,0.0,0.0,0.0,0.0,0.0,0.0,0.0,0.0,0.0,0.0,0.0,0.0,0.0,1.0,0.7703472950405149,0.7388777107600972,-0.031469584280417684,0.7703472950405149,0.7561203930812486,-0.014226901959266347,0.7703472950405149,0.7846347810061224,0.014287485965607472,0.7703472950405149,0.7856561856910309,0.015308890650515994,0.7703472950405149,0.7552574525402347,-0.015089842500280226,0.7703472950405149,0.7692847030972321,-0.0010625919432828423
4.0,1.0,7.0,1.0,2.0,4.0,3.0,4.0,8.0,9.0,4.0,10.0,0.0,0.0,0.0,0.0,0.0,0.0,1.0,0.0,0.0,0.0,0.0,0.0,1.0,0.0,0.0,0.0,0.0,0.0,0.0,0.0,0.0,0.0,0.0,0.0,0.0,0.0,0.0,0.0,0.8229239681911656,0.7967582170119892,-0.02616575117917641,0.8229239681911656,0.8111557194866654,-0.011768248704500217,0.8229239681911656,0.8346426031555942,0.011718634964428598,0.8229239681911656,0.8354765678110097,0.012552599619844007,0.8229239681911656,0.8104386943662438,-0.012485273824921816,,,
3.0,2.0,4.0,1.0,2.0,2.0,2.0,3.0,5.0,6.0,3.0,5.0,0.0,0.0,0.0,0.0,1.0,0.0,1.0,0.0,0.0,0.0,0.0,0.0,0.0,0.0,0.0,0.0,0.0,0.0,0.0,0.0,0.0,0.0,0.0,0.0,0.0,0.0,0.0,0.0,0.7601244393727322,0.7277490839239511,-0.03237535544878112,0.7601244393727322,0.7454734813556486,-0.014650958017083604,0.7601244393727322,0.7748620504171804,0.014737611044448151,0.7601244393727322,0.775916567150694,0.015792127777961795,0.7601244393727322,0.7445855936684286,-0.015538845704303639,0.7601244393727322,0.7590293427870728,-0.0010950965856594275
5.0,1.0,7.0,1.0,1.0,5.0,1.0,4.0,8.0,8.0,3.0,10.0,1.0,0.0,0.0,0.0,0.0,0.0,1.0,0.0,0.0,0.0,0.0,0.0,0.0,0.0,0.0,0.0,0.0,0.0,0.0,0.0,0.0,0.0,0.0,0.0,0.0,0.0,0.0,1.0,0.8817992600714128,0.8628836944350109,-0.018915565636401954,0.8817992600714128,0.8733415626062031,-0.008457697465209746,0.8817992600714128,0.8901417572032614,0.008342497131848536,0.8817992600714128,0.8907324608771781,0.008933200805765207,0.8817992600714128,0.8728236326991148,-0.008975627372298067,,,
3.0,1.0,8.0,1.0,1.0,3.0,1.0,3.0,6.0,7.0,3.0,8.0,0.0,0.0,0.0,0.0,0.0,0.0,1.0,0.0,1.0,0.0,0.0,0.0,0.0,0.0,0.0,0.0,0.0,0.0,0.0,0.0,0.0,0.0,0.0,0.0,0.0,0.0,0.0,0.0,0.9355641066987536,0.9245159673069819,-0.011048139391771628,0.9355641066987536,0.9306509287842911,-0.004913177914462441,0.9355641066987536,0.9403685452566987,0.004804438557945101,0.9355641066987536,0.9407071707129352,0.005143064014181631,0.9355641066987536,0.9303486575974635,-0.005215449101290015,0.9355641066987536,0.9352016626436058,-0.00036244405514773703
4.0,1.0,10.0,1.0,1.0,5.0,1.0,4.0,9.0,7.0,2.0,4.0,1.0,0.0,0.0,0.0,0.0,0.0,1.0,0.0,0.0,0.0,0.0,1.0,0.0,0.0,0.0,0.0,0.0,0.0,0.0,0.0,0.0,0.0,0.0,0.0,0.0,0.0,0.0,0.0,0.919079215575161,0.9054901162406275,-0.013589099334533561,0.919079215575161,0.9130259320097606,-0.006053283565400469,0.919079215575161,0.9250142769736606,0.00593506139849953,0.919079215575161,0.9254331798998272,0.0063539643246661726,0.919079215575161,0.9126540490015502,-0.006425166573610808,0.919079215575161,0.9186321105378432,-0.0004471050373178187
6.0,3.0,9.0,1.0,3.0,3.0,3.0,5.0,8.0,10.0,4.0,9.0,0.0,0.0,0.0,0.0,0.0,0.0,0.0,0.0,0.0,0.0,0.0,0.0,0.0,1.0,0.0,0.0,0.0,0.0,0.0,0.0,0.0,0.0,0.0,0.0,0.0,0.0,0.0,0.0,0.6479461404274862,0.6082337096405008,-0.03971243078698539,,,,0.6479461404274862,0.666552445269109,0.018606304841622734,,,,0.6479461404274862,0.62869023488225,-0.019255905545236263,0.6479461404274862,0.6465770338991652,-0.0013691065283210069
6.0,1.0,9.0,1.0,3.0,4.0,1.0,4.0,9.0,8.0,5.0,7.0,0.0,0.0,0.0,0.0,0.0,0.0,0.0,0.0,0.0,0.0,0.0,1.0,0.0,0.0,0.0,0.0,0.0,0.0,0.0,0.0,0.0,0.0,1.0,0.0,0.0,0.0,0.0,0.0,0.8322695881427608,0.8071611925938006,-0.02510839554896016,0.8322695881427608,0.820987328512426,-0.011282259630334801,0.8322695881427608,0.8434873727027836,0.01121778456002287,0.8322695881427608,0.8442850518265715,0.01201546368381079,,,,0.8322695881427608,0.8314308125482723,-0.0008387755944884168
3.0,1.0,3.0,1.0,3.0,4.0,2.0,4.0,7.0,7.0,3.0,4.0,0.0,0.0,0.0,0.0,0.0,0.0,0.0,0.0,0.0,0.0,0.0,0.0,0.0,0.0,0.0,0.0,0.0,0.0,0.0,0.0,0.0,0.0,0.0,0.0,0.0,0.0,0.0,0.0,0.8231093161918505,0.7969641957602004,-0.02614512043165007,0.8231093161918505,0.8113505616687025,-0.011758754523148007,0.8231093161918505,0.8348181472062275,0.01170883101437703,0.8231093161918505,0.8356514008529357,0.012542084661085195,0.8231093161918505,0.8106341036394634,-0.012475212552387038,0.8231093161918505,0.8222345167006646,-0.0008747994911858514
4.0,1.0,3.0,1.0,1.0,5.0,3.0,3.0,5.0,5.0,3.0,4.0,0.0,1.0,0.0,0.0,0.0,0.0,0.0,0.0,0.0,0.0,0.0,0.0,0.0,0.0,0.0,0.0,0.0,0.0,0.0,0.0,0.0,0.0,0.0,0.0,0.0,0.0,0.0,0.0,0.7310723981050875,0.6963423745160466,-0.03473002358904087,0.7310723981050875,0.7153115906455234,-0.015760807459564097,0.7310723981050875,0.7470008351261016,0.015928437021014097,0.7310723981050875,0.7481434337601539,0.017071035655066402,0.7310723981050875,0.7143588020436215,-0.01671359606146605,0.7310723981050875,0.7298918009804799,-0.0011805971246076075
3.0,1.0,6.0,1.0,2.0,3.0,2.0,3.0,5.0,5.0,3.0,5.0,0.0,1.0,0.0,0.0,0.0,0.0,1.0,0.0,0.0,0.0,0.0,1.0,0.0,0.0,0.0,0.0,0.0,0.0,0.0,1.0,0.0,0.0,0.0,0.0,0.0,0.0,0.0,0.0,0.6684263393614416,0.629703851805215,-0.03872248755622654,0.6684263393614416,0.6507480308462015,-0.017678308515240104,0.6684263393614416,0.6864739956156272,0.018047656254185585,0.6684263393614416,0.6877756933095326,0.019349353948091008,0.6684263393614416,0.6496849848403773,-0.01874135452106429,0.6684263393614416,0.6670959578830513,-0.0013303814783902634
6.0,1.0,1.0,2.0,1.0,3.0,2.0,3.0,8.0,8.0,4.0,7.0,0.0,0.0,0.0,0.0,0.0,0.0,1.0,0.0,0.0,0.0,0.0,1.0,0.0,0.0,0.0,0.0,0.0,0.0,0.0,1.0,0.0,0.0,0.0,0.0,0.0,0.0,0.0,0.0,0.8112842134299969,0.7838502712144046,-0.027433942215592255,0.8112842134299969,0.7989314094693951,-0.012352803960601788,0.8112842134299969,0.8236080379062327,0.012323824476235812,0.8112842134299969,0.8244859515439618,0.013201738113964856,0.8112842134299969,0.7981795179617114,-0.013104695468285521,0.8112842134299969,0.8103644069899345,-0.0009198064400623984
6.0,1.0,6.0,1.0,1.0,5.0,2.0,3.0,9.0,9.0,5.0,10.0,1.0,0.0,0.0,0.0,0.0,0.0,1.0,0.0,0.0,0.0,0.0,1.0,0.0,0.0,0.0,0.0,0.0,0.0,0.0,0.0,0.0,0.0,0.0,0.0,0.0,0.0,0.0,0.0,0.8460667677926385,0.8225834617901767,-0.023483306002461735,0.8460667677926385,0.8355291649864738,-0.01053760280616467,0.8460667677926385,0.8565208771266976,0.010454109334059103,0.8460667677926385,0.8572633707443743,0.011196602951735857,,,,,,
5.0,1.0,3.0,1.0,3.0,5.0,3.0,1.0,7.0,7.0,2.0,7.0,0.0,0.0,0.0,0.0,0.0,0.0,1.0,0.0,0.0,0.0,0.0,0.0,0.0,1.0,0.0,0.0,0.0,0.0,0.0,1.0,0.0,0.0,0.0,0.0,0.0,0.0,0.0,0.0,0.8022988385970405,0.7739226757888608,-0.028376162808179783,0.8022988385970405,0.7895104760532494,-0.01278836254379112,0.8022988385970405,0.8150756903952043,0.01277685179816379,0.8022988385970405,0.8159865821431674,0.013687743546126896,0.8022988385970405,0.7887326711376584,-0.013566167459382106,0.8022988385970405,0.8013459609708417,-0.0009528776261988892
5.0,1.0,2.0,1.0,2.0,3.0,3.0,3.0,5.0,6.0,2.0,6.0,1.0,0.0,0.0,0.0,0.0,0.0,1.0,0.0,0.0,0.0,0.0,0.0,0.0,0.0,0.0,0.0,0.0,0.0,0.0,0.0,0.0,0.0,0.0,0.0,0.0,0.0,0.0,0.0,0.6704548485333015,0.6318387781035423,-0.03861607042975923,0.6704548485333015,0.6528285197231007,-0.017626328810200764,0.6704548485333015,0.688443556102561,0.01798870756925952,0.6704548485333015,0.6897407723559155,0.01928592382261396,0.6704548485333015,0.6517684175608232,-0.01868643097247835,0.6704548485333015,0.6691285772650366,-0.0013262712682649003
7.0,2.0,9.0,2.0,2.0,4.0,2.0,4.0,5.0,5.0,3.0,5.0,0.0,0.0,0.0,0.0,0.0,0.0,1.0,0.0,0.0,0.0,0.0,1.0,0.0,0.0,0.0,0.0,0.0,0.0,0.0,1.0,0.0,0.0,0.0,0.0,0.0,0.0,0.0,0.0,0.7362601751226583,0.7019269571974378,-0.03433321792522048,0.7362601751226583,0.7206872437163789,-0.015572931406279356,0.7362601751226583,0.7519855831980379,0.015725408075379588,0.7362601751226583,0.7531131100119027,0.016852934889244442,0.7362601751226583,0.7197453974212596,-0.016514777701398642,0.7362601751226583,0.7350941000609866,-0.0011660750616716564
4.0,1.0,5.0,1.0,1.0,5.0,3.0,4.0,6.0,6.0,3.0,6.0,1.0,0.0,0.0,0.0,0.0,0.0,0.0,0.0,0.0,0.0,0.0,1.0,0.0,0.0,0.0,0.0,0.0,0.0,0.0,0.0,0.0,0.0,0.0,0.0,0.0,0.0,0.0,0.0,0.8454144763495485,0.8218526127956524,-0.023561863553896112,0.8454144763495485,0.8348409371301073,-0.010573539219441153,0.8454144763495485,0.8559053402708603,0.010490863921311822,0.8454144763495485,0.856650486135842,0.011236009786293577,0.8454144763495485,0.8341954603869974,-0.011219015962551038,0.8454144763495485,0.8446291634142858,-0.0007853129352626276
4.0,1.0,9.0,1.0,2.0,4.0,4.0,4.0,8.0,7.0,4.0,5.0,0.0,0.0,0.0,0.0,0.0,0.0,0.0,0.0,0.0,0.0,0.0,1.0,0.0,0.0,0.0,0.0,0.0,0.0,0.0,0.0,0.0,0.0,0.0,0.0,0.0,0.0,0.0,0.0,0.8306388568742917,0.8053434436275876,-0.025295413246704146,0.8306388568742917,0.8192707267536068,-0.011368130120684938,0.8306388568742917,0.8419449925006057,0.011306135626313996,0.8306388568742917,0.8427490669914683,0.012110210117176612,0.8306388568742917,0.8185776222239622,-0.012061234650329489,0.8306388568742917,0.8297935941620307,-0.0008452627122610412
4.0,1.0,4.0,1.0,1.0,5.0,2.0,4.0,8.0,7.0,5.0,10.0,0.0,0.0,0.0,0.0,0.0,0.0,0.0,0.0,0.0,0.0,0.0,0.0,1.0,0.0,0.0,0.0,0.0,0.0,0.0,0.0,0.0,0.0,0.0,0.0,0.0,0.0,0.0,0.0,0.8915516791741607,0.8739737347076432,-0.017577944466517503,0.8915516791741607,0.883699767692938,-0.007851911481222662,0.8915516791741607,0.8992844764501038,0.007732797275943115,0.8915516791741607,0.8998315520891981,0.0082798729150374,,,,,,
5.0,1.0,2.0,1.0,3.0,4.0,2.0,3.0,7.0,8.0,3.0,8.0,1.0,0.0,0.0,0.0,0.0,0.0,0.0,0.0,0.0,1.0,0.0,0.0,0.0,0.0,0.0,0.0,0.0,0.0,0.0,0.0,0.0,0.0,0.0,0.0,0.0,0.0,0.0,0.0,0.666712964476095,0.6279017705274141,-0.03881119394868082,0.666712964476095,0.6489912758606388,-0.0177216886154562,0.666712964476095,0.6848099046097202,0.018096940133625283,0.666712964476095,0.6861153522062048,0.019402387730109827,0.666712964476095,0.6479257756620823,-0.018787188814012645,0.666712964476095,0.6653791498816728,-0.0013338145944221669
6.0,1.0,10.0,1.0,1.0,3.0,1.0,4.0,8.0,8.0,5.0,8.0,0.0,0.0,0.0,0.0,0.0,0.0,0.0,0.0,0.0,0.0,0.0,1.0,0.0,0.0,0.0,0.0,0.0,0.0,0.0,0.0,0.0,0.0,1.0,0.0,0.0,0.0,0.0,0.0,0.8979870249199815,0.8813133007425792,-0.016673724177402316,0.8979870249199815,0.8905438445779678,-0.007443180342013744,0.8979870249199815,0.905309691826095,0.007322666906113495,0.8979870249199815,0.9058274664471561,0.007840441527174558,,,,0.8979870249199815,0.8974363859502482,-0.0005506389697332859
3.0,1.0,2.0,1.0,1.0,5.0,2.0,2.0,7.0,8.0,4.0,8.0,1.0,0.0,0.0,0.0,0.0,0.0,1.0,0.0,0.0,0.0,0.0,1.0,0.0,0.0,0.0,0.0,0.0,0.0,0.0,0.0,0.0,0.0,0.0,0.0,0.0,0.0,0.0,0.0,0.8820887475467784,0.8632123220355797,-0.018876425511198613,0.8820887475467784,0.8736487959234551,-0.008439951623323227,0.8820887475467784,0.8904133521051234,0.00832460455834505,0.8820887475467784,0.8910027742428958,0.008914026696117405,0.8820887475467784,0.8731319398461399,-0.008956807700638447,0.8820887475467784,0.8814636216324148,-0.000625125914363589
6.0,1.0,7.0,1.0,1.0,5.0,2.0,3.0,8.0,7.0,3.0,8.0,0.0,1.0,0.0,0.0,0.0,0.0,0.0,0.0,0.0,0.0,0.0,0.0,0.0,0.0,1.0,0.0,0.0,0.0,0.0,0.0,0.0,0.0,1.0,0.0,0.0,0.0,0.0,0.0,0.7839969660518679,0.7538000301738573,-0.030196935878010533,0.7839969660518679,0.7703635897638972,-0.013633376287970678,0.7839969660518679,0.7976583105086317,0.013661344456763813,0.7839969660518679,0.7986338004667518,0.014636834414883948,0.7839969660518679,0.7695356859553963,-0.014461280096471518,0.7839969660518679,0.7829797382258289,-0.0010172278260389689
7.0,1.0,6.0,1.0,1.0,2.0,1.0,4.0,8.0,7.0,2.0,8.0,1.0,0.0,0.0,0.0,0.0,0.0,0.0,0.0,0.0,0.0,0.0,0.0,0.0,0.0,0.0,0.0,0.0,0.0,0.0,1.0,0.0,0.0,0.0,0.0,0.0,0.0,0.0,0.0,0.8112633873888997,0.783827224360358,-0.027436163028541682,0.8112633873888997,0.7989095581098209,-0.012353829279078798,0.8112633873888997,0.8235882761489979,0.012324888760098185,0.8112633873888997,0.8244662671799244,0.013202879791024746,0.8112633873888997,0.798157605533392,-0.013105781855507703,0.8112633873888997,0.8103435031716416,-0.0009198842172580823
2.0,1.0,6.0,4.0,1.0,1.0,1.0,4.0,7.0,8.0,3.0,8.0,0.0,1.0,0.0,0.0,0.0,0.0,1.0,0.0,0.0,0.0,0.0,0.0,0.0,0.0,0.0,0.0,1.0,0.0,0.0,0.0,0.0,0.0,0.0,0.0,0.0,1.0,0.0,0.0,0.7043065809213317,0.6676911496583678,-0.03661543126296385,0.7043065809213317,0.6876473385148816,-0.016659242406450114,0.7043065809213317,0.7212158014639268,0.016909220542595138,0.7043065809213317,0.7224315804179026,0.01812499949657087,0.7043065809213317,0.6866425231366793,-0.01766405778465241,0.7043065809213317,0.7030562079900825,-0.0012503729312491885
5.0,1.0,4.0,1.0,1.0,5.0,2.0,3.0,8.0,8.0,5.0,10.0,0.0,1.0,0.0,0.0,0.0,0.0,0.0,0.0,0.0,0.0,0.0,0.0,1.0,0.0,0.0,0.0,0.0,0.0,0.0,0.0,0.0,0.0,0.0,0.0,0.0,0.0,0.0,0.0,0.74851229680429,0.7151569842959629,-0.03335531250832713,0.74851229680429,0.7334008520801021,-0.015111444724187906,0.74851229680429,0.763741595150226,0.015229298345936004,0.74851229680429,0.7648323905147075,0.016320093710417538,,,,,,
4.0,1.0,3.0,1.0,2.0,4.0,2.0,3.0,8.0,8.0,5.0,8.0,1.0,0.0,0.0,0.0,0.0,0.0,1.0,0.0,1.0,0.0,0.0,0.0,0.0,0.0,0.0,0.0,0.0,0.0,0.0,0.0,0.0,0.0,0.0,0.0,0.0,0.0,0.0,0.0,0.8171558050108809,0.7903548556861145,-0.0268009493247664,0.8171558050108809,0.8050950045919808,-0.01206080041890012,0.8171558050108809,0.8291769291725358,0.012021124161654906,0.8171558050108809,0.830032845966264,0.012877040955383112,,,,0.8171558050108809,0.8162581353313552,-0.0008976696795257588
7.0,1.0,8.0,1.0,2.0,4.0,2.0,3.0,10.0,9.0,5.0,7.0,0.0,0.0,0.0,0.0,0.0,0.0,0.0,0.0,0.0,0.0,0.0,1.0,0.0,0.0,0.0,0.0,0.0,0.0,0.0,0.0,0.0,0.0,1.0,0.0,0.0,0.0,0.0,0.0,0.8523780305504274,0.829663699110892,-0.022714331439535385,0.8523780305504274,0.8421918851839485,-0.010186145366478883,,,,0.8523780305504274,0.8631898035364216,0.010811772985994228,,,,0.8523780305504274,0.8516218845400587,-0.0007561460103686635
7.0,6.0,7.0,2.0,2.0,4.0,2.0,3.0,6.0,9.0,3.0,8.0,0.0,0.0,0.0,0.0,0.0,0.0,0.0,0.0,0.0,0.0,0.0,1.0,0.0,0.0,0.0,0.0,0.0,0.0,0.0,0.0,0.0,0.0,1.0,0.0,0.0,0.0,0.0,0.0,0.6745393454281915,0.63614214693503,-0.03839719849316148,0.6745393454281915,0.657019723777438,-0.017519621650753492,0.6745393454281915,0.6924073839628795,0.01786803853468799,0.6745393454281915,0.6936954392043321,0.01915609377614058,0.6745393454281915,0.6559656751980459,-0.018573670230145556,0.6745393454281915,0.6732215004443718,-0.0013178449838197048
4.0,1.0,10.0,1.0,1.0,5.0,1.0,4.0,9.0,8.0,3.0,7.0,0.0,0.0,0.0,0.0,0.0,0.0,1.0,0.0,0.0,0.0,0.0,0.0,1.0,0.0,0.0,0.0,0.0,0.0,0.0,0.0,0.0,0.0,0.0,0.0,0.0,0.0,0.0,0.0,0.935612539533458,0.9245720348917555,-0.011040504641702475,0.935612539533458,0.9307027810408914,-0.004909758492566585,0.935612539533458,0.9404135968655652,0.004801057332107228,0.935612539533458,0.9407519826087233,0.00513944307526526,0.935612539533458,0.9304007189598983,-0.005211820573559733,0.935612539533458,0.9352503490525276,-0.0003621904809304466
6.0,1.0,6.0,1.0,1.0,5.0,1.0,4.0,9.0,8.0,4.0,5.0,0.0,0.0,0.0,0.0,0.0,0.0,1.0,0.0,0.0,0.0,0.0,0.0,0.0,0.0,0.0,0.0,0.0,0.0,0.0,1.0,0.0,0.0,0.0,0.0,0.0,0.0,0.0,0.0,0.9079998316497184,0.8927672419733869,-0.015232589676331565,0.9079998316497184,0.9012068424411102,-0.006792989208608269,0.9079998316497184,0.914672057372601,0.006672225722882619,0.9079998316497184,0.9151434363260099,0.007143604676291493,0.9079998316497184,0.9007899147426051,-0.007209916907113367,0.9079998316497184,0.9074976717852772,-0.0005021598644412428
7.0,2.0,5.0,1.0,3.0,2.0,3.0,4.0,8.0,7.0,4.0,9.0,0.0,0.0,0.0,0.0,0.0,0.0,1.0,0.0,0.0,0.0,0.0,0.0,0.0,0.0,0.0,0.0,0.0,0.0,0.0,1.0,0.0,0.0,0.0,0.0,0.0,0.0,0.0,0.0,0.5523793091011008,0.5100384248060578,-0.04234088429504301,0.5523793091011008,0.5328380212458288,-0.019541287855271983,0.5523793091011008,0.5727056069149473,0.02032629781384654,0.5523793091011008,0.5741866579883942,0.02180734888729341,0.5523793091011008,0.5316743680147935,-0.02070494108630727,0.5523793091011008,0.55089614997867,-0.0014831591224307994
6.0,1.0,7.0,1.0,1.0,5.0,1.0,3.0,9.0,9.0,4.0,9.0,0.0,0.0,0.0,0.0,0.0,0.0,1.0,0.0,0.0,0.0,0.0,0.0,0.0,1.0,0.0,0.0,0.0,0.0,0.0,0.0,0.0,0.0,0.0,0.0,0.0,0.0,0.0,0.0,0.9131572886100946,0.89868334282403,-0.014473945786064646,0.9131572886100946,0.9067059820796248,-0.006451306530469769,0.9131572886100946,0.9194886403111524,0.006331351701057808,0.9131572886100946,0.9199357400304718,0.006778451420377252,0.9131572886100946,0.90630984922468,-0.006847439385414544,0.9131572886100946,0.9126805722709507,-0.0004767163391439233
6.0,1.0,5.0,1.0,2.0,4.0,4.0,2.0,7.0,7.0,3.0,8.0,0.0,0.0,0.0,0.0,0.0,0.0,0.0,0.0,0.0,0.0,0.0,1.0,0.0,0.0,0.0,0.0,0.0,0.0,0.0,1.0,0.0,0.0,0.0,0.0,0.0,0.0,0.0,0.0,0.7978485412455337,0.7690175223888095,-0.028831018856724233,0.7978485412455337,0.7848495068915526,-0.012999034353981087,0.7978485412455337,0.8108451942183559,0.012996652972822154,0.7978485412455337,0.8117721120806175,0.013923570835083776,0.7978485412455337,0.7840591894582651,-0.013789351787268589,0.7978485412455337,0.7968796445609366,-0.0009688966845970981
3.0,1.0,7.0,1.0,1.0,5.0,2.0,3.0,9.0,8.0,5.0,9.0,0.0,1.0,0.0,0.0,0.0,0.0,0.0,0.0,0.0,0.0,0.0,0.0,0.0,0.0,0.0,0.0,1.0,0.0,0.0,0.0,0.0,0.0,0.0,0.0,0.0,0.0,0.0,0.0,0.8103515098353159,0.7828182761393992,-0.027533233695916648,0.8103515098353159,0.7979528585218765,-0.012398651313439424,0.8103515098353159,0.8227229337743873,0.012371423939071424,0.8103515098353159,0.8236043091452901,0.01325279930997425,,,,0.8103515098353159,0.8094282252374004,-0.0009232845979154636
5.0,3.0,2.0,1.0,2.0,4.0,2.0,4.0,7.0,7.0,3.0,8.0,1.0,0.0,0.0,0.0,0.0,0.0,1.0,0.0,0.0,0.0,0.0,0.0,1.0,0.0,0.0,0.0,0.0,0.0,0.0,0.0,0.0,0.0,0.0,0.0,0.0,0.0,0.0,0.0,0.6440031425945405,0.6041176841558265,-0.03988545843871405,0.6440031425945405,0.6257517478696303,-0.01825139472491022,0.6440031425945405,0.6627093594470966,0.018706216852556135,0.6440031425945405,0.664061439160698,0.02005829656615754,0.6440031425945405,0.6246565025325949,-0.01934664006194564,0.6440031425945405,0.6426271595025556,-0.0013759830919849447
6.0,1.0,3.0,2.0,2.0,4.0,3.0,2.0,5.0,4.0,4.0,7.0,0.0,0.0,0.0,0.0,0.0,0.0,0.0,0.0,0.0,0.0,0.0,0.0,0.0,1.0,0.0,0.0,0.0,0.0,0.0,0.0,0.0,0.0,0.0,0.0,0.0,0.0,0.0,0.0,0.724098625365552,0.6888512958159522,-0.03524732954959986,0.724098625365552,0.7080923029726464,-0.01600632239290567,0.724098625365552,0.74029338205263,0.016194756687077927,0.724098625365552,0.7414557885290729,0.017357163163520872,0.724098625365552,0.7071252455647153,-0.016973379800836685,0.724098625365552,0.7228990173595042,-0.001199608006047792
4.0,1.0,6.0,1.0,2.0,4.0,2.0,3.0,7.0,6.0,5.0,6.0,0.0,1.0,0.0,0.0,0.0,0.0,0.0,0.0,0.0,0.0,0.0,0.0,1.0,0.0,0.0,0.0,0.0,0.0,0.0,0.0,0.0,0.0,0.0,0.0,0.0,0.0,0.0,0.0,0.6637108573155359,0.6247468348021864,-0.03896402251334952,0.6637108573155359,0.6459143171419068,-0.017796540173629083,0.6637108573155359,0.6818930306642923,0.01818217334875638,0.6637108573155359,0.6832049705802552,0.01949411326471928,,,,0.6637108573155359,0.6623711124956692,-0.0013397448198667616
4.0,1.0,4.0,1.0,2.0,3.0,2.0,4.0,7.0,7.0,3.0,7.0,0.0,1.0,0.0,0.0,0.0,0.0,0.0,0.0,0.0,0.0,0.0,1.0,0.0,0.0,0.0,0.0,0.0,0.0,0.0,0.0,0.0,0.0,0.0,0.0,0.0,0.0,0.0,0.0,0.6508936572968252,0.6113142630511971,-0.039579394245628174,0.6508936572968252,0.6327940987726042,-0.01809955852422107,0.6508936572968252,0.6694236604736671,0.018530003176841836,0.6508936572968252,0.6707621965751673,0.01986853927834209,0.6508936572968252,0.6317073330369403,-0.01918632425988498,0.6508936572968252,0.6495298133324879,-0.001363843964337308
4.0,3.0,4.0,1.0,1.0,5.0,2.0,3.0,10.0,8.0,5.0,7.0,1.0,0.0,0.0,0.0,0.0,0.0,0.0,0.0,0.0,0.0,0.0,0.0,1.0,0.0,0.0,0.0,0.0,0.0,0.0,0.0,0.0,0.0,0.0,0.0,0.0,0.0,0.0,0.0,0.8344736292600149,0.809619695713509,-0.02485393354650589,0.8344736292600149,0.8233081484649912,-0.011165480795023663,,,,0.8344736292600149,0.8463603517877955,0.011886722527780558,,,,0.8344736292600149,0.8336436724210297,-0.0008299568389852352
4.0,3.0,2.0,1.0,1.0,3.0,3.0,4.0,6.0,7.0,3.0,7.0,0.0,0.0,0.0,0.0,0.0,0.0,0.0,0.0,0.0,0.0,0.0,1.0,0.0,0.0,0.0,0.0,0.0,0.0,0.0,0.0,0.0,0.0,0.0,0.0,0.0,0.0,0.0,0.0,0.7911228596539673,0.7616192142260053,-0.029503645427962022,0.7911228596539673,0.7778117809266228,-0.013311078727344494,0.7911228596539673,0.8044459345887974,0.013323074934830093,0.7911228596539673,0.8053966848008425,0.014273825146875141,0.7911228596539673,0.7770029568579652,-0.01411990279600217,0.7911228596539673,0.7901302067095204,-0.0009926529444469478
7.0,3.0,5.0,2.0,3.0,5.0,3.0,3.0,5.0,4.0,4.0,8.0,0.0,0.0,0.0,0.0,0.0,0.0,0.0,0.0,0.0,0.0,0.0,0.0,0.0,1.0,0.0,0.0,0.0,0.0,0.0,0.0,0.0,0.0,0.0,0.0,0.0,0.0,0.0,0.0,0.5679930474337602,0.5258613583852679,-0.04213168904849229,0.5679930474337602,0.5485763380908677,-0.019416709342892524,0.5679930474337602,0.5881389809885927,0.020145933554832518,0.5679930474337602,0.5896048713762674,0.021611823942507158,0.5679930474337602,0.5474185895890165,-0.020574457844743765,0.5679930474337602,0.5665210243353986,-0.0014720230983615856
7.0,1.0,10.0,1.0,1.0,5.0,2.0,4.0,7.0,8.0,5.0,10.0,0.0,0.0,0.0,0.0,0.0,0.0,1.0,0.0,0.0,0.0,0.0,0.0,0.0,0.0,0.0,0.0,0.0,0.0,0.0,1.0,0.0,0.0,0.0,0.0,0.0,0.0,0.0,0.0,0.8758994426508511,0.856193707622667,-0.019705735028184068,0.8758994426508511,0.8670832242956625,-0.008816218355188532,0.8758994426508511,0.8846038509395923,0.008704408288741194,0.8758994426508511,0.8852204921127945,0.009321049461943454,,,,,,
4.0,1.0,10.0,1.0,1.0,4.0,2.0,3.0,5.0,5.0,1.0,5.0,0.0,0.0,0.0,0.0,0.0,0.0,0.0,0.0,0.0,0.0,0.0,0.0,0.0,0.0,0.0,0.0,0.0,0.0,0.0,0.0,0.0,0.0,0.0,0.0,0.0,0.0,0.0,0.0,0.9240768014952212,0.9112459061961055,-0.012830895299115741,0.9240768014952212,0.9183641564119861,-0.005712645083235102,0.9240768014952212,0.9296733668748428,0.00559656537962161,0.9240768014952212,0.9300682098090944,0.005991408313873237,0.9240768014952212,0.918013048912199,-0.006063752583022164,0.9240768014952212,0.9236550155097575,-0.0004217859854637185
3.0,2.0,4.0,1.0,1.0,5.0,3.0,2.0,7.0,7.0,4.0,5.0,0.0,0.0,0.0,0.0,1.0,0.0,1.0,0.0,1.0,0.0,0.0,0.0,0.0,0.0,0.0,0.0,0.0,0.0,0.0,0.0,0.0,0.0,0.0,0.0,0.0,0.0,0.0,0.0,0.8996839496286294,0.8832515232586609,-0.016432426369968556,0.8996839496286294,0.8923497395058945,-0.007334210122734941,0.8996839496286294,0.9068974373312738,0.0072134877026444055,0.8996839496286294,0.9074074179890688,0.007723468360439356,0.8996839496286294,0.8918999165912238,-0.007784033037405602,0.8996839496286294,0.8991414414417181,-0.0005425081869112613
3.0,1.0,6.0,1.0,1.0,3.0,1.0,4.0,9.0,8.0,3.0,8.0,0.0,0.0,0.0,1.0,0.0,0.0,1.0,0.0,0.0,0.0,0.0,1.0,0.0,0.0,0.0,0.0,0.0,0.0,0.0,0.0,0.0,0.0,0.0,0.0,0.0,0.0,0.0,0.0,0.8163181502045863,0.789426058862578,-0.026892091342008317,0.8163181502045863,0.8042153346039309,-0.012102815600655403,0.8163181502045863,0.8283827800828514,0.012064629878265065,0.8163181502045863,0.829241856549069,0.0129237063444827,0.8163181502045863,0.8034783418553978,-0.01283980834918852,0.8163181502045863,0.8154172970143513,-0.0009008531902350292
4.0,1.0,4.0,1.0,1.0,5.0,3.0,3.0,4.0,3.0,3.0,5.0,1.0,0.0,0.0,0.0,0.0,0.0,0.0,0.0,0.0,0.0,0.0,0.0,1.0,0.0,0.0,0.0,0.0,0.0,0.0,0.0,0.0,0.0,0.0,0.0,0.0,0.0,0.0,0.0,0.8068885182978041,0.7789896455397911,-0.02789887275801295,0.8068885182978041,0.7943209305916237,-0.012567587706180383,0.8068885182978041,0.819435508873419,0.012546990575614925,0.8068885182978041,0.8203296591318447,0.013441140834040688,0.8068885182978041,0.7935562533165567,-0.0133322649812474,0.8068885182978041,0.8059524116011482,-0.0009361066966558917
6.0,2.0,3.0,2.0,3.0,4.0,3.0,4.0,6.0,7.0,3.0,8.0,0.0,0.0,0.0,0.0,0.0,0.0,0.0,0.0,0.0,0.0,0.0,0.0,0.0,0.0,0.0,0.0,0.0,0.0,0.0,0.0,0.0,0.0,0.0,0.0,0.0,0.0,0.0,1.0,0.6209851895149167,0.5802019043642608,-0.04078328515065588,0.6209851895149167,0.6022824923423957,-0.018702697172520932,0.6209851895149167,0.6402252154026881,0.019240025887771406,0.6209851895149167,0.6416186849075872,0.020633495392670564,0.6209851895149167,0.6011623406411141,-0.01982284887380259,0.6209851895149167,0.6195727938468455,-0.0014123956680711647
4.0,1.0,4.0,2.0,1.0,4.0,2.0,3.0,10.0,10.0,5.0,10.0,1.0,0.0,0.0,0.0,0.0,0.0,1.0,0.0,0.0,0.0,0.0,0.0,1.0,0.0,0.0,0.0,0.0,0.0,0.0,0.0,0.0,0.0,0.0,0.0,0.0,0.0,0.0,0.0,0.8329351452327409,0.8079033844385337,-0.025031760794207214,0.8329351452327409,0.8216880623100907,-0.011247082922650198,,,,,,,,,,,,
3.0,3.0,5.0,2.0,3.0,4.0,2.0,3.0,4.0,5.0,3.0,5.0,1.0,0.0,0.0,0.0,0.0,0.0,0.0,0.0,0.0,0.0,0.0,1.0,0.0,0.0,0.0,0.0,0.0,0.0,0.0,0.0,0.0,0.0,0.0,0.0,0.0,0.0,0.0,1.0,0.6472593271389533,0.6075163510595852,-0.03974297607936805,0.6472593271389533,0.6290787210877611,-0.018180606051192205,0.6472593271389533,0.6658832130126543,0.018623885873701007,0.6472593271389533,0.6672289584858263,0.019969631346873018,0.6472593271389533,0.6279874238347192,-0.019271903304234117,0.6472593271389533,0.6458890093665725,-0.0013703177723808357
4.0,3.0,3.0,1.0,2.0,4.0,2.0,4.0,9.0,8.0,5.0,6.0,0.0,0.0,0.0,0.0,0.0,0.0,1.0,0.0,0.0,0.0,0.0,0.0,0.0,0.0,0.0,1.0,0.0,0.0,0.0,0.0,0.0,0.0,0.0,1.0,0.0,0.0,0.0,0.0,0.6372639404398757,0.5970958090563435,-0.040168131383532146,0.6372639404398757,0.6188715132462813,-0.018392427193594352,0.6372639404398757,0.6561351944631384,0.01887125402326273,0.6372639404398757,0.657500007727784,0.020236067287908388,,,,0.6372639404398757,0.6358766370213681,-0.0013873034185075683
7.0,1.0,6.0,1.0,2.0,3.0,1.0,3.0,7.0,7.0,2.0,8.0,0.0,0.0,0.0,0.0,0.0,0.0,1.0,0.0,0.0,0.0,0.0,1.0,0.0,0.0,0.0,0.0,0.0,0.0,0.0,0.0,0.0,0.0,1.0,0.0,0.0,0.0,0.0,0.0,0.826669270025062,0.800923063943833,-0.025746206081229017,0.826669270025062,0.8150940012214786,-0.011575268803583394,0.826669270025062,0.8381887826939886,0.01151951266892659,0.826669270025062,0.8390083122727896,0.012339042247727638,0.826669270025062,0.8143885077417553,-0.012280762283306657,0.826669270025062,0.8258083502315812,-0.0008609197934807966
7.0,3.0,5.0,2.0,2.0,4.0,2.0,4.0,10.0,9.0,3.0,10.0,0.0,0.0,0.0,0.0,0.0,0.0,1.0,0.0,0.0,0.0,0.0,0.0,0.0,0.0,0.0,0.0,0.0,0.0,0.0,1.0,0.0,0.0,0.0,0.0,0.0,0.0,0.0,0.0,0.7408806354534149,0.7069094626760274,-0.03397117277738748,0.7408806354534149,0.7254788021247359,-0.015401833328678949,,,,0.7408806354534149,0.7575355539726282,0.016654918519213302,0.7408806354534149,0.7245469376031678,-0.016333697850247075,,,
3.0,1.0,2.0,1.0,1.0,5.0,3.0,4.0,10.0,9.0,4.0,9.0,1.0,0.0,0.0,0.0,0.0,0.0,0.0,0.0,0.0,0.0,0.0,1.0,0.0,0.0,0.0,0.0,0.0,0.0,0.0,0.0,0.0,0.0,0.0,0.0,0.0,0.0,0.0,0.0,0.8732343123487087,0.8531763234556053,-0.020057988893103396,0.8732343123487087,0.8642581024700378,-0.008976209878670982,,,,0.8732343123487087,0.882728735921948,0.009494423573239263,0.8732343123487087,0.8637088251844031,-0.00952548716430568,0.8732343123487087,0.8725690248458915,-0.0006652875028172467
2.0,2.0,6.0,1.0,1.0,2.0,2.0,4.0,8.0,8.0,3.0,8.0,0.0,1.0,0.0,0.0,0.0,0.0,0.0,0.0,0.0,0.0,0.0,0.0,0.0,0.0,0.0,0.0,1.0,0.0,0.0,1.0,0.0,0.0,0.0,0.0,0.0,0.0,0.0,0.0,0.7246396662309774,0.6894318107762243,-0.035207855454753134,0.7246396662309774,0.7086521027588407,-0.0159875634721367,0.7246396662309774,0.7408140325868617,0.016174366355884318,0.7246396662309774,0.7419749209430498,0.017335254712072423,0.7246396662309774,0.707686134309905,-0.016953531921072407,0.7246396662309774,0.7234415121761234,-0.001198154054854017
5.0,5.0,4.0,2.0,2.0,4.0,1.0,4.0,10.0,10.0,4.0,10.0,0.0,0.0,0.0,0.0,0.0,0.0,1.0,0.0,0.0,1.0,0.0,0.0,0.0,0.0,0.0,0.0,0.0,0.0,0.0,0.0,0.0,0.0,0.0,0.0,0.0,0.0,0.0,0.0,0.6995270719399563,0.6626033194250038,-0.0369237525149525,0.6995270719399563,0.6827198588230048,-0.016807213116951547,,,,,,,0.6995270719399563,0.6817065292655344,-0.017820542674421902,,,
7.0,1.0,7.0,1.0,1.0,4.0,2.0,4.0,8.0,8.0,3.0,7.0,0.0,0.0,0.0,0.0,0.0,0.0,0.0,0.0,0.0,0.0,0.0,1.0,0.0,0.0,0.0,0.0,0.0,0.0,0.0,0.0,0.0,0.0,1.0,0.0,0.0,0.0,0.0,0.0,0.8808013516004257,0.8617511284720081,-0.019050223128417643,0.8808013516004257,0.8722825920797604,-0.008518759520665276,0.8808013516004257,0.8892054307437494,0.00840407914332364,0.8808013516004257,0.8898005457281087,0.008999194127683019,0.8808013516004257,0.8717609676984054,-0.009040383902020332,0.8808013516004257,0.8801703275510553,-0.0006310240493704322
6.0,1.0,9.0,1.0,1.0,4.0,1.0,4.0,6.0,6.0,2.0,7.0,0.0,0.0,0.0,0.0,0.0,0.0,1.0,0.0,0.0,0.0,0.0,0.0,0.0,0.0,0.0,0.0,0.0,0.0,0.0,1.0,0.0,0.0,0.0,0.0,0.0,0.0,0.0,0.0,0.8991107904255592,0.8825967285341458,-0.016514061891413356,0.8991107904255592,0.891739718442024,-0.007371071983535149,0.8991107904255592,0.9063612030461523,0.007250412620593116,0.8991107904255592,0.9068738193726458,0.007763028947086581,0.8991107904255592,0.8912876570568631,-0.007823133368696111,0.8991107904255592,0.8985655320669131,-0.0005452583586460502
5.0,1.0,6.0,1.0,1.0,4.0,1.0,3.0,5.0,7.0,2.0,7.0,1.0,0.0,0.0,0.0,0.0,0.0,1.0,0.0,0.0,0.0,0.0,0.0,1.0,0.0,0.0,0.0,0.0,0.0,0.0,0.0,0.0,0.0,0.0,0.0,0.0,0.0,0.0,0.0,0.8531616232125502,0.8305438919963976,-0.022617731216152626,0.8531616232125502,0.8430195891796247,-0.010142034032925462,0.8531616232125502,0.8632117985577705,0.010050175345220347,0.8531616232125502,0.8639251680126098,0.010763544800059588,0.8531616232125502,0.8424000422512186,-0.010761580961331618,0.8531616232125502,0.8524087959217855,-0.000752827290764646
3.0,1.0,4.0,1.0,2.0,4.0,2.0,2.0,5.0,3.0,2.0,5.0,0.0,0.0,0.0,0.0,0.0,0.0,1.0,0.0,0.0,0.0,0.0,0.0,0.0,0.0,0.0,0.0,0.0,0.0,0.0,0.0,0.0,0.0,0.0,0.0,0.0,0.0,0.0,0.0,0.8582512755308668,0.8362670574358427,-0.021984218095024044,0.8582512755308668,0.8483983141943204,-0.00985296133654634,0.8582512755308668,0.8680069899421643,0.009755714411297522,0.8582512755308668,0.8686991556460264,0.010447880115159625,0.8582512755308668,0.8477961625951864,-0.010455112935680355,0.8582512755308668,0.8575201846483348,-0.0007310908825319817
5.0,1.0,6.0,1.0,1.0,3.0,1.0,4.0,8.0,9.0,4.0,8.0,0.0,0.0,0.0,0.0,0.0,0.0,1.0,0.0,0.0,0.0,0.0,0.0,0.0,0.0,0.0,0.0,0.0,0.0,0.0,0.0,0.0,0.0,0.0,0.0,0.0,0.0,0.0,0.0,0.8866728500930074,0.868420824423057,-0.018252025669950434,0.8866728500930074,0.8785158328240905,-0.008157017268916933,0.8866728500930074,0.8947124445283243,0.008039594435316877,0.8866728500930074,0.895281463018884,0.008608612925876558,0.8866728500930074,0.8780161061514881,-0.008656743941519385,0.8866728500930074,0.8860688885144983,-0.0006039615785091712
3.0,3.0,2.0,1.0,3.0,3.0,4.0,2.0,3.0,2.0,2.0,5.0,0.0,0.0,0.0,0.0,0.0,0.0,1.0,0.0,0.0,0.0,0.0,0.0,0.0,0.0,0.0,1.0,0.0,0.0,0.0,1.0,0.0,0.0,0.0,0.0,0.0,0.0,0.0,0.0,0.4654703018624657,0.4234885649784774,-0.04198173688398826,0.4654703018624657,0.44594055425195916,-0.01952974761050652,0.4654703018624657,0.48607131246806873,0.020601010605603043,0.4654703018624657,0.48758397492626526,0.022113673063799577,0.4654703018624657,0.4447859907349847,-0.02068431112748098,0.4654703018624657,0.46397861501537085,-0.0014916868470948308
2.0,1.0,4.0,1.0,5.0,3.0,3.0,3.0,6.0,6.0,2.0,6.0,0.0,0.0,0.0,0.0,0.0,0.0,1.0,0.0,0.0,0.0,0.0,0.0,0.0,0.0,0.0,0.0,0.0,0.0,0.0,0.0,0.0,0.0,0.0,0.0,0.0,0.0,0.0,0.0,0.6382202810037929,0.5980912614318405,-0.04012901957195236,0.6382202810037929,0.619847418042466,-0.018372862961326897,0.6382202810037929,0.657068555479403,0.018848274475610105,0.6382202810037929,0.6584315926960549,0.02021131169226198,0.6382202810037929,0.6187454213028414,-0.01947485970095153,0.6382202810037929,0.6368345507732054,-0.001385730230587523
5.0,1.0,9.0,1.0,1.0,4.0,2.0,4.0,8.0,8.0,4.0,9.0,0.0,0.0,0.0,0.0,1.0,0.0,0.0,0.0,0.0,0.0,0.0,0.0,0.0,1.0,0.0,0.0,0.0,0.0,0.0,0.0,0.0,0.0,0.0,0.0,0.0,0.0,0.0,0.0,0.8869533679168485,0.8687398331788997,-0.018213534737948844,0.8869533679168485,0.8788137820402124,-0.008139585876636102,0.8869533679168485,0.8949754191610197,0.008022051244171213,0.8869533679168485,0.8955431823522039,0.008589814435355336,0.8869533679168485,0.8783151112228614,-0.0086382566939871,0.8869533679168485,0.8863507097005519,-0.0006026582162966809
2.0,1.0,3.0,1.0,3.0,4.0,2.0,3.0,0.0,6.0,4.0,10.0,1.0,0.0,0.0,0.0,0.0,0.0,1.0,0.0,0.0,0.0,0.0,0.0,0.0,0.0,0.0,0.0,1.0,0.0,0.0,0.0,0.0,0.0,0.0,0.0,0.0,0.0,0.0,0.0,0.6508818453456444,0.6113019116535462,-0.039579933692098224,0.6508818453456444,0.6327820199242669,-0.018099825421377558,0.6508818453456444,0.6694121570501999,0.018530311704555436,0.6508818453456444,0.6707507168210303,0.019868871475385852,0.6508818453456444,0.6316952392469873,-0.019186606098657077,,,
6.0,6.0,3.0,3.0,5.0,2.0,3.0,3.0,5.0,4.0,2.0,5.0,0.0,1.0,0.0,0.0,0.0,0.0,0.0,0.0,0.0,0.0,0.0,0.0,0.0,1.0,0.0,0.0,0.0,0.0,0.0,0.0,0.0,0.0,0.0,0.0,1.0,0.0,0.0,0.0,0.025562977466295565,0.02165037233075952,-0.003912605135536044,0.025562977466295565,0.02367300697157625,-0.0018899704947193154,0.025562977466295565,0.027703421528046952,0.002140444061751387,0.025562977466295565,0.027866982031751777,0.0023040045654562115,0.025562977466295565,0.02356521730896498,-0.001997760157330584,0.025562977466295565,0.025414029300602752,-0.00014894816569281308
7.0,1.0,2.0,2.0,1.0,5.0,2.0,3.0,2.0,4.0,3.0,5.0,0.0,0.0,1.0,0.0,0.0,0.0,0.0,0.0,0.0,0.0,0.0,0.0,0.0,1.0,0.0,0.0,0.0,0.0,0.0,0.0,0.0,0.0,0.0,0.0,0.0,0.0,0.0,0.0,0.5854086704718664,0.5436107096534829,-0.041797960818383495,0.5854086704718664,0.5661768607461244,-0.01923180972574201,0.5854086704718664,0.605306809983248,0.01989813951138164,0.5854086704718664,0.6067524525182868,0.0213437820464204,0.5854086704718664,0.5650284601661998,-0.020380210305666613,0.5854086704718664,0.5839525221612107,-0.0014561483106556583
7.0,3.0,3.0,2.0,2.0,4.0,2.0,3.0,9.0,10.0,4.0,9.0,0.0,0.0,0.0,0.0,0.0,0.0,1.0,0.0,0.0,0.0,0.0,0.0,0.0,0.0,0.0,0.0,0.0,0.0,0.0,1.0,0.0,0.0,0.0,0.0,0.0,0.0,0.0,0.0,0.7289821798619178,0.6940951702182192,-0.03488700964369862,0.7289821798619178,0.7131469383283242,-0.015835241533593614,0.7289821798619178,0.7449912352573899,0.016009055395472038,,,,0.7289821798619178,0.7121898200323825,-0.016792359829535308,0.7289821798619178,0.7277958232268612,-0.001186356635056618
6.0,1.0,9.0,1.0,3.0,4.0,1.0,3.0,5.0,5.0,3.0,5.0,0.0,1.0,0.0,0.0,0.0,0.0,1.0,0.0,0.0,0.0,0.0,0.0,0.0,0.0,0.0,0.0,0.0,0.0,0.0,0.0,0.0,0.0,0.0,0.0,0.0,0.0,0.0,1.0,0.5699718313940775,0.5278727137901912,-0.042099117603886294,0.5699718313940775,0.5505736874000731,-0.019398143994004413,0.5699718313940775,0.5900920821091525,0.02012025071507506,0.5699718313940775,0.5915558486110677,0.021584017216990214,0.5699718313940775,0.5494168539438817,-0.020554977450195744,0.5699718313940775,0.5685014285915894,-0.0014704028024881133
6.0,1.0,4.0,1.0,1.0,4.0,2.0,3.0,8.0,8.0,4.0,8.0,0.0,1.0,0.0,0.0,0.0,0.0,0.0,0.0,0.0,0.0,0.0,0.0,0.0,0.0,0.0,0.0,1.0,0.0,0.0,0.0,0.0,0.0,0.0,0.0,0.0,0.0,0.0,0.0,0.6779378944584732,0.6397274998331394,-0.03821039462533382,0.6779378944584732,0.6605091427275717,-0.017428751730901526,0.6779378944584732,0.6957035208772109,0.01776562641873769,0.6779378944584732,0.696983813857225,0.019045919398751776,0.6779378944584732,0.6594602596490212,-0.01847763480945197,0.6779378944584732,0.6766272136340398,-0.001310680824433419
3.0,1.0,3.0,1.0,1.0,5.0,4.0,4.0,4.0,6.0,3.0,3.0,0.0,1.0,0.0,0.0,0.0,0.0,1.0,0.0,0.0,0.0,0.0,0.0,0.0,0.0,0.0,0.0,0.0,0.0,0.0,0.0,0.0,0.0,0.0,0.0,0.0,0.0,0.0,0.0,0.6737711252719932,0.6353322915186806,-0.038438833753312585,0.6737711252719932,0.6562312253231418,-0.017539899948851412,0.6737711252719932,0.6916620607129,0.017890935440906808,0.6737711252719932,0.6929518529844171,0.01918072771242385,0.6737711252719932,0.6551760253048277,-0.018595099967165574,0.6737711252719932,0.6724516801315713,-0.0013194451404219265
5.0,2.0,2.0,1.0,2.0,4.0,2.0,3.0,5.0,5.0,3.0,5.0,0.0,0.0,0.0,0.0,0.0,0.0,0.0,0.0,0.0,0.0,0.0,0.0,0.0,0.0,0.0,0.0,0.0,0.0,0.0,0.0,0.0,0.0,0.0,0.0,0.0,0.0,0.0,0.0,0.7881498146636386,0.7583544989973465,-0.02979531566629212,0.7881498146636386,0.7747032285857745,-0.013446586077864198,0.7881498146636386,0.8016149698608928,0.013465155197254108,0.7881498146636386,0.8025761059132143,0.014426291249575618,0.7881498146636386,0.7738863781644021,-0.01426343649923656,0.7881498146636386,0.7871468342358788,-0.0010029804277598142
7.0,2.0,9.0,2.0,3.0,4.0,3.0,3.0,7.0,7.0,5.0,8.0,0.0,0.0,0.0,0.0,0.0,0.0,1.0,0.0,0.0,0.0,0.0,1.0,0.0,0.0,0.0,0.0,0.0,0.0,0.0,0.0,0.0,0.0,1.0,0.0,0.0,0.0,0.0,0.0,0.642243075570639,0.6022822037849048,-0.03996087178573415,0.642243075570639,0.623954135451345,-0.01828894011929394,0.642243075570639,0.6609930925631755,0.018750016992536533,0.642243075570639,0.6623485468624536,0.020105471291814614,,,,0.642243075570639,0.6408640832815236,-0.0013789922891154216
3.0,1.0,4.0,1.0,1.0,4.0,2.0,2.0,8.0,8.0,2.0,7.0,0.0,0.0,0.0,0.0,0.0,0.0,1.0,0.0,1.0,0.0,0.0,0.0,0.0,0.0,0.0,0.0,0.0,0.0,0.0,0.0,0.0,0.0,0.0,0.0,0.0,0.0,0.0,0.0,0.9399449889995896,0.9295914636095797,-0.010353525390009888,0.9399449889995896,0.9353427638249163,-0.004602225174673236,0.9399449889995896,0.9444421798872761,0.00449719088768652,0.9399449889995896,0.9447590315524727,0.004814042552883091,0.9399449889995896,0.9350595158864873,-0.004885473113102279,0.9399449889995896,0.9396055961389544,-0.00033939286063511265
4.0,1.0,10.0,1.0,4.0,4.0,2.0,4.0,9.0,8.0,4.0,10.0,0.0,0.0,0.0,0.0,0.0,0.0,1.0,0.0,0.0,0.0,0.0,0.0,1.0,0.0,0.0,0.0,0.0,0.0,0.0,1.0,0.0,0.0,0.0,0.0,0.0,0.0,0.0,0.0,0.7657875300975804,0.7339089427044182,-0.03187858739316218,0.7657875300975804,0.7513693218101061,-0.01441820828747431,0.7657875300975804,0.78027778252918,0.014490252431599626,0.7657875300975804,0.7813140917799477,0.015526561682367324,0.7657875300975804,0.7504951174812378,-0.015292412616342621,,,
6.0,4.0,3.0,2.0,2.0,4.0,2.0,2.0,7.0,7.0,3.0,10.0,0.0,0.0,1.0,0.0,0.0,0.0,1.0,0.0,0.0,0.0,0.0,0.0,0.0,0.0,0.0,0.0,0.0,0.0,0.0,0.0,0.0,0.0,1.0,0.0,0.0,0.0,0.0,0.0,0.47693154344455474,0.43475685842523926,-0.04217468501931548,0.47693154344455474,0.4573323466925588,-0.01959919675199595,0.47693154344455474,0.4975676302581141,0.020636086813559384,0.47693154344455474,0.4990813263037262,0.022149782859171463,0.47693154344455474,0.45617257241621956,-0.020758971028335182,,,
5.0,1.0,6.0,1.0,3.0,5.0,2.0,4.0,8.0,6.0,3.0,5.0,0.0,0.0,0.0,0.0,0.0,0.0,0.0,0.0,0.0,0.0,0.0,0.0,0.0,0.0,0.0,0.0,0.0,0.0,0.0,0.0,0.0,0.0,0.0,0.0,0.0,0.0,0.0,0.0,0.822035926352411,0.7957715190398601,-0.026264407312550864,0.822035926352411,0.8102222699166468,-0.011813656435764153,0.822035926352411,0.8338014615275887,0.011765535175177755,0.822035926352411,0.8346388279250027,0.012602901572591696,0.822035926352411,0.8095025329210559,-0.012533393431355067,0.822035926352411,0.8211569718812906,-0.0008789544711204078
6.0,1.0,9.0,1.0,1.0,4.0,2.0,3.0,9.0,9.0,5.0,10.0,0.0,0.0,0.0,0.0,0.0,0.0,1.0,0.0,0.0,0.0,0.0,0.0,0.0,1.0,0.0,0.0,0.0,0.0,0.0,1.0,0.0,0.0,0.0,0.0,0.0,0.0,0.0,0.0,0.8867437439067754,0.8685014427805016,-0.018242301126273786,0.8867437439067754,0.8785911307018129,-0.008152613204962411,0.8867437439067754,0.8947789058570871,0.008035161950311731,0.8867437439067754,0.895347607175544,0.008603863268768608,,,,,,
2.0,6.0,3.0,4.0,1.0,4.0,3.0,3.0,8.0,8.0,4.0,8.0,0.0,0.0,0.0,0.0,1.0,0.0,0.0,0.0,0.0,0.0,0.0,0.0,0.0,0.0,0.0,0.0,1.0,0.0,0.0,0.0,0.0,0.0,0.0,0.0,0.0,1.0,0.0,0.0,0.7432035107019268,0.7094174302425174,-0.03378608045940945,0.7432035107019268,0.7278890367845314,-0.015314473917395377,0.7432035107019268,0.758650633650626,0.01544712294869921,0.7432035107019268,0.7597575401210571,0.01655402941913031,0.7432035107019268,0.7269622746514224,-0.016241236050504426,0.7432035107019268,0.7420573792588343,-0.0011461314430925018
5.0,1.0,5.0,1.0,2.0,5.0,2.0,4.0,8.0,8.0,4.0,8.0,0.0,0.0,0.0,0.0,0.0,0.0,0.0,0.0,0.0,0.0,0.0,1.0,0.0,0.0,0.0,0.0,0.0,0.0,0.0,0.0,0.0,0.0,0.0,0.0,0.0,0.0,0.0,0.0,0.8654773142809813,0.8444106342809617,-0.021066680000019544,0.8654773142809813,0.8560423856334582,-0.009434928647523044,0.8654773142809813,0.8748082477856913,0.009330933504710037,0.8654773142809813,0.8754698647979671,0.009992550516985776,0.8654773142809813,0.8554654232906003,-0.010011890990381023,0.8654773142809813,0.8647776207988472,-0.0006996934821340561
2.0,1.0,8.0,1.0,2.0,3.0,2.0,1.0,5.0,6.0,3.0,2.0,0.0,0.0,0.0,0.0,0.0,0.0,1.0,0.0,0.0,0.0,0.0,0.0,0.0,0.0,0.0,0.0,0.0,0.0,0.0,0.0,0.0,0.0,0.0,0.0,0.0,0.0,0.0,0.0,0.8940889221282623,0.8768654299750127,-0.017223492153249587,0.8940889221282623,0.8863973053658765,-0.007691616762385833,0.8940889221282623,0.9016607590787881,0.007571836950525768,0.8940889221282623,0.9021963308182176,0.008107408689955298,0.8940889221282623,0.8859257894638448,-0.008163132664417483,0.8940889221282623,0.893519737195671,-0.0005691849325912823
5.0,1.0,9.0,1.0,1.0,4.0,2.0,4.0,10.0,9.0,5.0,9.0,1.0,0.0,0.0,0.0,0.0,0.0,1.0,0.0,0.0,0.0,0.0,0.0,1.0,0.0,0.0,0.0,0.0,0.0,0.0,0.0,0.0,0.0,0.0,0.0,0.0,0.0,0.0,0.0,0.8421173882684365,0.8181610746233361,-0.023956313645100424,0.8421173882684365,0.8313633152474706,-0.01075407302096587,,,,0.8421173882684365,0.8535515326047446,0.011434144336308072,,,,0.8421173882684365,0.841318469577059,-0.0007989186913774926
4.0,1.0,5.0,1.0,3.0,4.0,4.0,4.0,3.0,3.0,1.0,7.0,1.0,0.0,0.0,0.0,0.0,0.0,0.0,1.0,0.0,0.0,0.0,1.0,0.0,0.0,0.0,0.0,0.0,0.0,0.0,1.0,0.0,0.0,0.0,0.0,0.0,0.0,0.0,0.0,0.7187925345975528,0.6831639428017263,-0.03562859179582645,0.7187925345975528,0.7026048107406292,-0.016187723856923575,0.7187925345975528,0.7351848418730306,0.016392307275477802,0.7187925345975528,0.7363619705397081,0.01756943594215532,0.7187925345975528,0.701627234260695,-0.017165300336857814,0.7187925345975528,0.7175788542068061,-0.001213680390746652
2.0,3.0,2.0,4.0,2.0,3.0,3.0,3.0,5.0,7.0,1.0,5.0,0.0,0.0,1.0,0.0,0.0,0.0,0.0,0.0,0.0,0.0,0.0,0.0,0.0,0.0,0.0,0.0,1.0,0.0,0.0,0.0,0.0,0.0,0.0,0.0,0.0,1.0,0.0,0.0,0.5384111739715504,0.4959546775434921,-0.042456496428058266,0.5384111739715504,0.5187913182699782,-0.01961985570157221,0.5384111739715504,0.5588652120429388,0.02045403807138846,0.5384111739715504,0.5603574090704778,0.021946235098927458,0.5384111739715504,0.5176243514170626,-0.020786822554487716,0.5384111739715504,0.5369205326491904,-0.0014906413223599868
6.0,1.0,9.0,2.0,2.0,5.0,3.0,4.0,10.0,10.0,4.0,10.0,0.0,1.0,0.0,0.0,0.0,0.0,0.0,0.0,0.0,0.0,0.0,0.0,1.0,0.0,0.0,0.0,0.0,0.0,0.0,0.0,0.0,0.0,0.0,0.0,0.0,0.0,0.0,0.0,0.6515646666712309,0.6120160005811002,-0.039548666090130746,0.6515646666712309,0.6334803072732902,-0.01808435939794073,,,,,,,0.6515646666712309,0.6323943926259481,-0.01917027404528282,,,
2.0,1.0,2.0,3.0,2.0,4.0,2.0,3.0,6.0,6.0,3.0,8.0,1.0,0.0,0.0,0.0,0.0,0.0,1.0,0.0,1.0,0.0,0.0,0.0,0.0,0.0,0.0,0.0,0.0,0.0,0.0,0.0,1.0,0.0,0.0,0.0,0.0,0.0,0.0,0.0,0.8967508695619454,0.8799021212634391,-0.016848748298506244,0.8967508695619454,0.8892286213863159,-0.00752224817562952,0.8967508695619454,0.904152798816956,0.0074019292550105975,0.8967508695619454,0.9046762333376364,0.007925363775690974,0.8967508695619454,0.8887673823719826,-0.007983487189962779,0.8967508695619454,0.8961943294754044,-0.0005565400865409353
6.0,1.0,5.0,1.0,1.0,4.0,1.0,3.0,7.0,8.0,4.0,8.0,1.0,0.0,0.0,0.0,0.0,0.0,1.0,0.0,0.0,0.0,0.0,0.0,0.0,0.0,0.0,0.0,0.0,0.0,0.0,1.0,0.0,0.0,0.0,0.0,0.0,0.0,0.0,0.0,0.845780740100928,0.8222629657022895,-0.023517774398638447,0.845780740100928,0.8352273703504868,-0.010553369750441188,0.845780740100928,0.8562509741383276,0.010470234037399662,0.845780740100928,0.8569946312848886,0.011213891183960656,0.845780740100928,0.8345831046242994,-0.011197635476628554,0.845780740100928,0.8449969466847426,-0.0007837934161853966
5.0,1.0,2.0,1.0,3.0,4.0,2.0,3.0,8.0,7.0,4.0,9.0,0.0,0.0,1.0,0.0,0.0,0.0,1.0,0.0,0.0,0.0,0.0,0.0,0.0,0.0,0.0,0.0,0.0,0.0,0.0,0.0,0.0,0.0,0.0,0.0,0.0,0.0,0.0,0.0,0.5207136862446091,0.4782069476505508,-0.042506738594058346,0.5207136862446091,0.501038713761599,-0.01967497248301009,0.5207136862446091,0.5412838029469841,0.020570116702374963,0.5207136862446091,0.5427868172407545,0.022073130996145385,0.5207136862446091,0.4998701983011085,-0.020843487943500605,0.5207136862446091,0.5192169277636759,-0.0014967584809332246
3.0,1.0,1.0,2.0,3.0,2.0,4.0,4.0,7.0,5.0,2.0,5.0,0.0,0.0,1.0,0.0,0.0,0.0,0.0,0.0,0.0,0.0,0.0,1.0,0.0,0.0,0.0,0.0,0.0,0.0,0.0,0.0,0.0,0.0,0.0,0.0,0.0,0.0,0.0,0.0,0.38984000680654574,0.35021040991054037,-0.03962959689600537,0.38984000680654574,0.37127939048976555,-0.018560616316780187,0.38984000680654574,0.40965906410501457,0.019819057298468834,0.38984000680654574,0.41112415861668283,0.021284151810137097,0.38984000680654574,0.37018897617178487,-0.01965103063476087,0.38984000680654574,0.3884145728473309,-0.0014254339592148502
6.0,6.0,3.0,1.0,2.0,4.0,1.0,3.0,10.0,10.0,5.0,10.0,0.0,0.0,0.0,0.0,0.0,0.0,1.0,0.0,0.0,0.0,0.0,0.0,0.0,0.0,0.0,0.0,0.0,0.0,0.0,0.0,0.0,0.0,0.0,0.0,0.0,0.0,0.0,0.0,0.7062363673929838,0.669747848749486,-0.03648851864349778,0.7062363673929838,0.6896379379492442,-0.01659842944373957,,,,,,,,,,,,
5.0,1.0,2.0,1.0,2.0,5.0,3.0,3.0,8.0,7.0,1.0,5.0,0.0,0.0,1.0,0.0,0.0,0.0,1.0,0.0,0.0,0.0,0.0,0.0,0.0,0.0,0.0,0.0,0.0,1.0,0.0,0.0,0.0,0.0,0.0,0.0,0.0,0.0,0.0,0.0,0.6426793548548809,0.6027370715097623,-0.03994228334511862,0.6426793548548809,0.62439967440391,-0.018279680450970948,0.6426793548548809,0.6614185607767366,0.01873920592185563,0.6426793548548809,0.6627731818206112,0.020093826965730255,0.6426793548548809,0.6233028541979203,-0.019376500656960616,0.6426793548548809,0.6413011050029056,-0.0013782498519753217
5.0,1.0,7.0,1.0,2.0,5.0,4.0,3.0,3.0,6.0,2.0,8.0,0.0,0.0,0.0,1.0,0.0,0.0,0.0,0.0,0.0,0.0,0.0,0.0,0.0,0.0,0.0,0.0,0.0,0.0,1.0,0.0,0.0,0.0,0.0,0.0,0.0,0.0,0.0,0.0,0.433695749173966,0.3924756172187371,-0.041220131955228945,0.433695749173966,0.41446545269296714,-0.019230296480998887,0.433695749173966,0.4540851182250869,0.020389369051120876,0.433695749173966,0.45558648052304584,0.021890731349079817,0.433695749173966,0.413331587334875,-0.02036416183909101,0.433695749173966,0.43222355157191916,-0.0014721976020468652
4.0,1.0,10.0,1.0,2.0,2.0,2.0,4.0,9.0,8.0,4.0,8.0,0.0,0.0,0.0,0.0,0.0,0.0,0.0,0.0,0.0,0.0,0.0,1.0,0.0,0.0,0.0,0.0,0.0,0.0,0.0,0.0,0.0,0.0,0.0,0.0,0.0,0.0,0.0,0.0,0.856683304659819,0.8345027982324071,-0.022180506427411872,0.856683304659819,0.8467408160418339,-0.009942488617985079,0.856683304659819,0.866530150988327,0.009846846328507963,0.856683304659819,0.8672288765699249,0.010545571910105855,0.856683304659819,0.8461332749601156,-0.010550029699703423,0.856683304659819,0.8559454841096418,-0.0007378205501772372
6.0,1.0,9.0,1.0,2.0,4.0,2.0,4.0,7.0,8.0,3.0,8.0,1.0,0.0,0.0,0.0,0.0,0.0,1.0,0.0,0.0,0.0,0.0,1.0,0.0,0.0,0.0,0.0,0.0,0.0,0.0,0.0,0.0,0.0,0.0,0.0,0.0,0.0,0.0,0.0,0.7756460985805627,0.7446619432981199,-0.030984155282442805,0.7756460985805627,0.7616458885707208,-0.014000210009841862,0.7756460985805627,0.7896939245763787,0.014047825995815999,0.7756460985805627,0.7906977358260168,0.015051637245454108,0.7756460985805627,0.7607963141766964,-0.014849784403866306,0.7756460985805627,0.7746008503227243,-0.0010452482578383604
4.0,1.0,3.0,1.0,2.0,5.0,5.0,1.0,9.0,8.0,4.0,9.0,1.0,0.0,0.0,0.0,0.0,0.0,1.0,0.0,0.0,0.0,0.0,0.0,0.0,0.0,0.0,0.0,0.0,0.0,0.0,0.0,0.0,0.0,0.0,0.0,0.0,0.0,0.0,0.0,,,,0.7526341940692919,0.7376836281274332,-0.014950565941858729,0.7526341940692919,0.7676913521633847,0.015057158094092804,0.7526341940692919,0.7687694327564376,0.016135238687145725,0.7526341940692919,0.7367781613745708,-0.015856032694721134,0.7526341940692919,0.7515160808026246,-0.001118113266667331
3.0,1.0,7.0,1.0,2.0,3.0,1.0,5.0,8.0,9.0,5.0,7.0,0.0,0.0,0.0,0.0,0.0,0.0,0.0,0.0,0.0,0.0,0.0,1.0,0.0,0.0,0.0,0.0,0.0,0.0,0.0,0.0,0.0,0.0,0.0,0.0,0.0,0.0,0.0,0.0,0.8816613801060652,0.8627271845620637,-0.018934195544001553,,,,0.8816613801060652,0.8900123948653267,0.008351014759261477,0.8816613801060652,0.8906037086310266,0.008942328524961352,,,,0.8816613801060652,0.881034294011641,-0.0006270860944241896
4.0,1.0,2.0,1.0,2.0,5.0,2.0,4.0,8.0,8.0,4.0,9.0,0.0,0.0,0.0,0.0,0.0,0.0,1.0,0.0,0.0,0.0,0.0,0.0,1.0,0.0,0.0,0.0,0.0,0.0,0.0,1.0,0.0,0.0,0.0,0.0,0.0,0.0,0.0,0.0,0.8433524431339242,0.8195433724979774,-0.02380907063594684,0.8433524431339242,0.8326657789035631,-0.010686664230361131,0.8433524431339242,0.8539590721446092,0.010606629010684987,0.8433524431339242,0.8547125741647589,0.011360131030834664,0.8433524431339242,0.8320135117447982,-0.011338931389126006,0.8433524431339242,0.8425586056508245,-0.0007938374830996908
5.0,1.0,2.0,2.0,1.0,2.0,1.0,5.0,10.0,10.0,2.0,9.0,0.0,1.0,0.0,0.0,0.0,0.0,0.0,0.0,0.0,0.0,0.0,0.0,0.0,1.0,0.0,0.0,0.0,0.0,0.0,0.0,0.0,0.0,0.0,0.0,0.0,0.0,0.0,0.0,0.6986465546449144,0.661666932682091,-0.03697962196282345,,,,,,,,,,0.6986465546449144,0.6807976194817793,-0.017848935163135127,0.6986465546449144,0.6973825313360484,-0.0012640233088659913
4.0,1.0,5.0,1.0,1.0,5.0,2.0,3.0,8.0,7.0,3.0,7.0,0.0,1.0,0.0,0.0,0.0,0.0,0.0,0.0,0.0,0.0,0.0,0.0,0.0,0.0,0.0,0.0,1.0,0.0,0.0,0.0,0.0,0.0,0.0,0.0,0.0,0.0,0.0,0.0,0.7819703928320598,0.7515799160499282,-0.03039047678213158,0.7819703928320598,0.7682469170397462,-0.013723475792313589,0.7819703928320598,0.7957265141667931,0.013756121334733251,0.7819703928320598,0.796708943761864,0.01473855092980414,0.7819703928320598,0.7674136860246048,-0.014556706807455022,0.7819703928320598,0.7809462878144094,-0.0010241050176503785
2.0,2.0,3.0,2.0,2.0,5.0,2.0,3.0,5.0,9.0,2.0,4.0,0.0,0.0,0.0,0.0,0.0,0.0,1.0,0.0,0.0,0.0,0.0,0.0,0.0,0.0,0.0,0.0,0.0,0.0,1.0,1.0,0.0,0.0,0.0,0.0,0.0,0.0,0.0,0.0,0.7642037183755305,0.7321849498189869,-0.03201876855654362,0.7642037183755305,0.7497198756981502,-0.014483842677380232,0.7642037183755305,0.7787636494852812,0.014559931109750734,0.7642037183755305,0.7798050847818937,0.015601366406363226,0.7642037183755305,0.7488418104007376,-0.015361907974792866,0.7642037183755305,0.7631214412859529,-0.0010822770895775324
5.0,1.0,10.0,1.0,1.0,2.0,1.0,4.0,10.0,10.0,5.0,10.0,0.0,0.0,0.0,0.0,0.0,0.0,1.0,0.0,0.0,0.0,0.0,0.0,1.0,0.0,0.0,0.0,0.0,0.0,0.0,1.0,0.0,0.0,0.0,0.0,0.0,0.0,0.0,0.0,0.8882095165013745,0.870168741592205,-0.018040774909169444,0.8882095165013745,0.8801481542162396,-0.008061362285134877,,,,,,,,,,,,
3.0,1.0,6.0,1.0,2.0,2.0,2.0,4.0,7.0,7.0,3.0,7.0,0.0,0.0,0.0,0.0,0.0,0.0,0.0,0.0,0.0,0.0,0.0,0.0,0.0,0.0,0.0,0.0,0.0,0.0,0.0,0.0,0.0,0.0,0.0,0.0,0.0,0.0,0.0,0.0,0.8463088623256747,0.8228547562904862,-0.023454106035188493,0.8463088623256747,0.8357846156147567,-0.010524246710918006,0.8463088623256747,0.8567493139875287,0.010440451661854033,0.8463088623256747,0.8574908221484521,0.011181959822777365,0.8463088623256747,0.8351420986712795,-0.011166763654395173,0.8463088623256747,0.8455272627812289,-0.0007815995444457879
4.0,1.0,4.0,1.0,1.0,1.0,1.0,5.0,10.0,10.0,4.0,10.0,0.0,1.0,0.0,0.0,0.0,0.0,0.0,0.0,0.0,0.0,0.0,0.0,1.0,0.0,0.0,0.0,0.0,0.0,0.0,0.0,0.0,0.0,0.0,0.0,0.0,0.0,0.0,0.0,0.7002536093326543,0.6633761742824718,-0.036877435050182594,,,,,,,,,,0.7002536093326543,0.6824565962187431,-0.017797013113911242,,,
6.0,2.0,5.0,1.0,3.0,4.0,2.0,4.0,9.0,7.0,5.0,9.0,0.0,0.0,0.0,0.0,0.0,0.0,1.0,0.0,0.0,0.0,0.0,0.0,0.0,1.0,0.0,0.0,0.0,0.0,0.0,0.0,0.0,0.0,1.0,0.0,0.0,0.0,0.0,0.0,0.6921764527169965,0.6547951715472555,-0.03738128116974093,0.6921764527169965,0.6751490150490044,-0.017027437667992085,0.6921764527169965,0.709493218522961,0.01731676580596453,0.6921764527169965,0.7107396159460567,0.018563163229060264,,,,0.6921764527169965,0.6908972976679026,-0.0012791550490938164
6.0,4.0,10.0,1.0,2.0,2.0,2.0,3.0,10.0,10.0,2.0,0.0,0.0,0.0,0.0,0.0,0.0,0.0,1.0,0.0,0.0,0.0,0.0,0.0,0.0,0.0,0.0,0.0,0.0,0.0,0.0,0.0,0.0,0.0,1.0,0.0,0.0,0.0,0.0,0.0,0.7876271374281402,0.7577809025724663,-0.029846234855673837,0.7876271374281402,0.7741568822771415,-0.013470255150998645,,,,,,,0.7876271374281402,0.7733386305466527,-0.014288506881487417,0.7876271374281402,0.7866223523871078,-0.0010047850410324077
3.0,1.0,2.0,2.0,1.0,5.0,2.0,2.0,7.0,8.0,4.0,8.0,0.0,1.0,0.0,0.0,0.0,0.0,0.0,0.0,0.0,0.0,0.0,0.0,0.0,0.0,0.0,0.0,1.0,0.0,0.0,0.0,0.0,0.0,0.0,0.0,0.0,0.0,0.0,0.0,0.766354843054134,0.7345267039365357,-0.0318281391175983,0.766354843054134,0.7519602468298129,-0.014394596224321154,0.766354843054134,0.7808200427017543,0.014465199647620275,0.766354843054134,0.7818545094317071,0.015499666377573051,0.766354843054134,0.7510874319283016,-0.015267411125832409,0.766354843054134,0.7652794068146339,-0.0010754362395001271
5.0,1.0,4.0,1.0,1.0,4.0,2.0,4.0,9.0,7.0,4.0,9.0,0.0,0.0,0.0,0.0,0.0,0.0,0.0,0.0,0.0,0.0,0.0,0.0,1.0,0.0,0.0,0.0,0.0,0.0,0.0,0.0,0.0,0.0,0.0,0.0,0.0,0.0,0.0,0.0,0.8711160762048024,0.8507801950072561,-0.020335881197546257,0.8711160762048024,0.8620135764172268,-0.009102499787575602,0.8711160762048024,0.8801100669067818,0.008993990701979482,0.8711160762048024,0.880747484246555,0.009631408041752665,0.8711160762048024,0.8614566726385187,-0.009659403566283697,0.8711160762048024,0.8704413212135589,-0.0006747549912434758
4.0,2.0,5.0,3.0,1.0,3.0,2.0,4.0,10.0,5.0,5.0,7.0,0.0,0.0,0.0,0.0,0.0,0.0,1.0,0.0,0.0,1.0,0.0,0.0,0.0,0.0,0.0,0.0,0.0,0.0,0.0,1.0,0.0,0.0,0.0,0.0,0.0,0.0,0.0,0.0,0.7646083377075488,0.7326252892043952,-0.03198304850315359,0.7646083377075488,0.7501412228291792,-0.014467114878369602,,,,0.7646083377075488,0.7801906329685255,0.015582295260976764,,,,0.7646083377075488,0.7635273431010747,-0.0010809946064740394
5.0,6.0,2.0,3.0,3.0,5.0,5.0,1.0,0.0,1.0,2.0,10.0,0.0,0.0,0.0,0.0,0.0,0.0,1.0,0.0,0.0,1.0,0.0,0.0,0.0,0.0,0.0,0.0,0.0,0.0,0.0,0.0,0.0,1.0,0.0,0.0,0.0,0.0,0.0,0.0,,,,0.2166160407738423,0.20355142494279185,-0.013064615831050452,0.2166160407738423,0.23096208136917898,0.014346040595336673,0.2166160407738423,0.23203928801078505,0.015423247236942744,0.2166160407738423,0.2027947231607945,-0.013821317613047807,,,
7.0,2.0,5.0,2.0,2.0,5.0,2.0,3.0,6.0,6.0,2.0,7.0,0.0,0.0,0.0,0.0,0.0,0.0,0.0,0.0,0.0,0.0,0.0,1.0,0.0,0.0,0.0,0.0,0.0,0.0,0.0,0.0,0.0,0.0,1.0,0.0,0.0,0.0,0.0,0.0,0.8030218454745631,0.7747203173923869,-0.02830152808217623,0.8030218454745631,0.7902680250792203,-0.012753820395342785,0.8030218454745631,0.8157627014071447,0.012740855932581563,0.8030218454745631,0.8166709702566699,0.01364912478210678,0.8030218454745631,0.789492273091404,-0.013529572383159105,0.8030218454745631,0.8020715928971717,-0.0009502525773914527
6.0,1.0,3.0,2.0,3.0,5.0,3.0,3.0,10.0,9.0,5.0,10.0,0.0,0.0,0.0,0.0,0.0,0.0,0.0,0.0,0.0,0.0,0.0,0.0,0.0,0.0,0.0,0.0,0.0,0.0,0.0,1.0,0.0,0.0,0.0,0.0,0.0,0.0,0.0,0.0,0.7549286628037212,0.7221084189239433,-0.03282024387977789,0.7549286628037212,0.7400688792152662,-0.014859783588454967,,,,0.7549286628037212,0.7709597828310774,0.016031120027356183,,,,,,
2.0,3.0,5.0,4.0,3.0,2.0,2.0,4.0,6.0,6.0,2.0,3.0,0.0,0.0,0.0,0.0,0.0,0.0,1.0,0.0,0.0,0.0,0.0,0.0,0.0,0.0,0.0,0.0,1.0,0.0,0.0,0.0,0.0,0.0,0.0,0.0,0.0,1.0,0.0,0.0,0.6633620255798144,0.6243804594883468,-0.038981566091467634,0.6633620255798144,0.6455568835055414,-0.017805142074272973,0.6633620255798144,0.6815540101347778,0.018191984554963403,0.6633620255798144,0.682866697974607,0.019504672394792588,0.6633620255798144,0.6444866689534977,-0.018875356626316675,0.6633620255798144,0.6620215987238811,-0.0013404268559332744
6.0,1.0,10.0,1.0,3.0,4.0,2.0,3.0,8.0,9.0,4.0,9.0,0.0,1.0,0.0,0.0,0.0,0.0,1.0,0.0,0.0,0.0,1.0,0.0,0.0,0.0,0.0,0.0,0.0,0.0,0.0,0.0,0.0,0.0,0.0,0.0,0.0,0.0,0.0,0.0,0.6457632107732189,0.6059542901361215,-0.0398089206370974,0.6457632107732189,0.6275498652908623,-0.018213345482356535,0.6457632107732189,0.6644251345853354,0.01866192381211651,0.6457632107732189,0.6657738051310493,0.02001059435783048,0.6457632107732189,0.6264567408885849,-0.019306469884633914,0.6457632107732189,0.644390274129307,-0.001372936643911804
4.0,1.0,2.0,1.0,2.0,5.0,3.0,2.0,9.0,9.0,5.0,10.0,1.0,0.0,0.0,0.0,0.0,0.0,0.0,0.0,0.0,0.0,0.0,1.0,0.0,0.0,0.0,0.0,0.0,0.0,0.0,0.0,0.0,0.0,0.0,0.0,0.0,0.0,0.0,0.0,0.815237111426493,0.7882278087863275,-0.027009302640165544,0.815237111426493,0.803080248766342,-0.012156862660151035,0.815237111426493,0.8273577295445547,0.012120618118061643,0.815237111426493,0.8282208731446652,0.012983761718172171,,,,,,
2.0,2.0,3.0,2.0,3.0,4.0,2.0,2.0,5.0,7.0,5.0,5.0,0.0,0.0,0.0,0.0,0.0,0.0,1.0,0.0,0.0,0.0,0.0,0.0,0.0,0.0,0.0,0.0,1.0,0.0,0.0,0.0,0.0,0.0,0.0,0.0,0.0,0.0,0.0,0.0,0.7302925484726404,0.6955037601512662,-0.03478878832137411,0.7302925484726404,0.7145038852130827,-0.015788663259557634,0.7302925484726404,0.746251143395425,0.01595859492278462,0.7302925484726404,0.7473959828749712,0.017103434402330864,,,,0.7302925484726404,0.7291097963511946,-0.001182752121445807
3.0,1.0,5.0,1.0,1.0,3.0,1.0,3.0,7.0,4.0,2.0,6.0,0.0,1.0,0.0,0.0,0.0,0.0,0.0,0.0,0.0,0.0,0.0,0.0,0.0,0.0,0.0,0.0,0.0,1.0,0.0,0.0,0.0,0.0,0.0,0.0,0.0,0.0,0.0,1.0,0.7872949272023039,0.7574163840517365,-0.02987854315056737,0.7872949272023039,0.77380965204919,-0.013485275153113818,0.7872949272023039,0.8008006857133775,0.013505758511073607,0.7872949272023039,0.801764791221532,0.014469864019228118,0.7872949272023039,0.7729905111729592,-0.014304416029344624,0.7872949272023039,0.7862889968727734,-0.0010059303295304467
4.0,1.0,10.0,1.0,2.0,4.0,3.0,3.0,6.0,6.0,3.0,6.0,0.0,0.0,0.0,1.0,0.0,0.0,1.0,0.0,0.0,0.0,0.0,0.0,1.0,0.0,0.0,0.0,0.0,0.0,0.0,0.0,0.0,0.0,0.0,0.0,0.0,0.0,0.0,0.0,0.6687539681533634,0.6300485657769227,-0.03870540237644071,0.6687539681533634,0.651084009400564,-0.01766995875279942,0.6687539681533634,0.6867921475391011,0.018038179385737707,0.6687539681533634,0.688093124496231,0.019339156342867536,0.6687539681533634,0.6500214360512424,-0.018732532102121002,0.6687539681533634,0.6674242471718715,-0.0013297209814918665
2.0,6.0,4.0,4.0,2.0,4.0,3.0,2.0,9.0,9.0,4.0,10.0,0.0,1.0,0.0,0.0,0.0,0.0,1.0,0.0,0.0,0.0,0.0,0.0,0.0,0.0,0.0,0.0,1.0,0.0,0.0,0.0,0.0,0.0,0.0,0.0,0.0,1.0,0.0,0.0,0.4744525006261732,0.4323158503426607,-0.042136650283512544,0.4744525006261732,0.4548665871136428,-0.019585913512530417,0.4744525006261732,0.49508284850158696,0.020630347875413735,0.4744525006261732,0.4965964567448765,0.02214395611870329,0.4744525006261732,0.4537078379042239,-0.020744662721949303,,,
4.0,1.0,1.0,1.0,3.0,3.0,1.0,4.0,5.0,6.0,3.0,7.0,0.0,0.0,0.0,0.0,0.0,0.0,0.0,0.0,0.0,0.0,0.0,0.0,0.0,0.0,0.0,0.0,0.0,0.0,0.0,0.0,0.0,0.0,0.0,0.0,0.0,0.0,0.0,0.0,0.7688967936143776,0.737296227855501,-0.0316005657588766,0.7688967936143776,0.7546086575695852,-0.014288136044792399,0.7688967936143776,0.7832491294524556,0.014352335838078045,0.7688967936143776,0.78427529902194,0.01537850540756247,0.7688967936143776,0.7537421100519811,-0.015154683562396465,0.7688967936143776,0.7678295129809795,-0.0010672806333981155
4.0,2.0,6.0,1.0,3.0,5.0,3.0,3.0,9.0,8.0,3.0,10.0,1.0,0.0,0.0,0.0,0.0,0.0,1.0,0.0,0.0,0.0,0.0,0.0,1.0,0.0,0.0,0.0,0.0,0.0,0.0,0.0,0.0,0.0,0.0,0.0,0.0,0.0,0.0,0.0,0.7100431440246122,0.6738090745564114,-0.03623406946820085,0.7100431440246122,0.6935664794947963,-0.016476664529815888,0.7100431440246122,0.7267515903965648,0.016708446371952568,0.7100431440246122,0.7279523341336984,0.017909190109086204,0.7100431440246122,0.6925721926626642,-0.017470951361947984,,,
4.0,2.0,6.0,3.0,1.0,4.0,1.0,4.0,7.0,7.0,4.0,3.0,0.0,0.0,0.0,0.0,1.0,0.0,1.0,0.0,0.0,1.0,0.0,0.0,0.0,0.0,0.0,0.0,0.0,0.0,0.0,0.0,0.0,0.0,0.0,1.0,0.0,0.0,0.0,0.0,0.7811989866373329,0.7507352607777312,-0.030463725859601665,0.7811989866373329,0.7674413963117025,-0.013757590325630398,0.7811989866373329,0.7949910183606751,0.013792031723342202,0.7811989866373329,0.7959760782799438,0.014777091642610873,0.7811989866373329,0.7666061490191203,-0.014592837618212617,0.7811989866373329,0.7801722768556542,-0.0010267097816787363
4.0,1.0,10.0,1.0,1.0,4.0,3.0,4.0,7.0,7.0,2.0,7.0,0.0,0.0,0.0,0.0,0.0,0.0,0.0,0.0,0.0,0.0,0.0,0.0,1.0,0.0,0.0,0.0,0.0,0.0,0.0,0.0,0.0,0.0,0.0,0.0,0.0,0.0,0.0,0.0,0.9000324410868463,0.8836497174450446,-0.01638272364180171,0.9000324410868463,0.8927206714413032,-0.0073117696455431425,0.9000324410868463,0.907223453735898,0.007191012649051642,0.9000324410868463,0.9077318302866054,0.007699389199759099,0.9000324410868463,0.8922722113703876,-0.007760229716458733,0.9000324410868463,0.8994916069954341,-0.0005408340914122567
3.0,1.0,5.0,1.0,2.0,5.0,1.0,3.0,6.0,6.0,2.0,6.0,0.0,0.0,0.0,0.0,0.0,0.0,0.0,0.0,0.0,0.0,0.0,1.0,0.0,0.0,0.0,0.0,0.0,0.0,0.0,0.0,0.0,0.0,0.0,0.0,0.0,0.0,0.0,0.0,0.9189308912600568,0.9053194496565482,-0.013611441603508578,0.9189308912600568,0.9128675641760936,-0.006063327083963177,0.9189308912600568,0.924875942162219,0.005945050902162241,0.9189308912600568,0.9252955554754723,0.006364664215415483,0.9189308912600568,0.9124950689182396,-0.006435822341817166,0.9189308912600568,0.9184830393854686,-0.00044785187458817877
7.0,6.0,7.0,2.0,3.0,3.0,2.0,3.0,9.0,9.0,4.0,9.0,0.0,0.0,0.0,0.0,0.0,0.0,0.0,0.0,0.0,0.0,0.0,0.0,0.0,1.0,0.0,0.0,0.0,0.0,0.0,0.0,0.0,0.0,1.0,0.0,0.0,0.0,0.0,0.0,0.5477431755479721,0.5053564545658127,-0.042386720982159454,0.5477431755479721,0.5281723731417969,-0.01957080240617526,0.5477431755479721,0.5681153968251411,0.020372221277168978,0.5477431755479721,0.5696004012662538,0.021857225718281637,0.5477431755479721,0.5270074146301171,-0.020735760917855006,0.5477431755479721,0.5462572733728736,-0.0014859021750985857
3.0,1.0,7.0,1.0,3.0,3.0,2.0,4.0,3.0,6.0,3.0,6.0,1.0,0.0,0.0,0.0,0.0,0.0,1.0,0.0,0.0,0.0,0.0,0.0,1.0,0.0,0.0,0.0,0.0,0.0,0.0,0.0,0.0,0.0,0.0,0.0,0.0,0.0,0.0,0.0,0.6720546581305836,0.6335235829562349,-0.03853107517434873,0.6720546581305836,0.6544697987783856,-0.017584859352198,0.6720546581305836,0.6899964162668979,0.017941758136314268,0.6720546581305836,0.6912900662134226,0.019235408082838967,0.6720546581305836,0.6534120476002965,-0.01864261053028715,0.6720546581305836,0.6707316633463142,-0.001322994784269449
3.0,1.0,6.0,1.0,1.0,5.0,2.0,3.0,8.0,6.0,3.0,8.0,0.0,0.0,0.0,0.0,0.0,0.0,0.0,0.0,0.0,0.0,0.0,0.0,0.0,0.0,0.0,0.0,0.0,0.0,0.0,0.0,0.0,0.0,0.0,0.0,0.0,0.0,0.0,0.0,0.9336432795234721,0.922293151175478,-0.011350128347994093,0.9336432795234721,0.928594818680212,-0.005048460843260161,0.9336432795234721,0.9385815357092068,0.004938256185734624,0.9336432795234721,0.9389296499188331,0.005286370395360951,0.9336432795234721,0.9282842761498685,-0.005359003373603621,0.9336432795234721,0.9332708016755193,-0.00037247784795280126
7.0,2.0,10.0,2.0,2.0,3.0,1.0,3.0,7.0,8.0,2.0,8.0,0.0,0.0,0.0,0.0,0.0,0.0,0.0,0.0,0.0,0.0,0.0,0.0,0.0,0.0,0.0,0.0,0.0,0.0,0.0,0.0,0.0,0.0,1.0,0.0,0.0,0.0,0.0,0.0,0.8369754576117484,0.8124127304055482,-0.02456272720620023,0.8369754576117484,0.8259435359160175,-0.011031921695730862,0.8369754576117484,0.8479360182591504,0.010960560647402029,0.8369754576117484,0.8487150910321447,0.0117396334203963,0.8369754576117484,0.825270564096776,-0.011704893514972392,0.8369754576117484,0.8361555820527019,-0.0008198755590465012
4.0,1.0,3.0,1.0,1.0,2.0,2.0,3.0,2.0,6.0,3.0,3.0,0.0,0.0,0.0,0.0,0.0,0.0,0.0,0.0,0.0,0.0,0.0,0.0,1.0,0.0,0.0,0.0,0.0,0.0,0.0,0.0,0.0,0.0,0.0,0.0,0.0,0.0,0.0,0.0,0.823937570359636,0.7978848089424818,-0.02605276141715418,0.823937570359636,0.8122213132275513,-0.011716257132084684,0.823937570359636,0.8356025270779024,0.011664956718266395,0.823937570359636,0.8364325992077374,0.012495028848101386,0.823937570359636,0.81150739389007,-0.012430176469566012,0.823937570359636,0.8230659864537055,-0.0008715839059304509
2.0,1.0,6.0,1.0,3.0,4.0,4.0,3.0,6.0,6.0,2.0,7.0,0.0,0.0,0.0,0.0,0.0,0.0,1.0,0.0,0.0,0.0,0.0,1.0,0.0,0.0,0.0,0.0,0.0,0.0,0.0,0.0,0.0,0.0,0.0,0.0,0.0,0.0,0.0,0.0,0.7940233220394426,0.7648075678948757,-0.029215754144566897,0.7940233220394426,0.7808458776095034,-0.013177444429939178,0.7940233220394426,0.8072064778239132,0.013183155784470602,0.7940233220394426,0.8081470076037254,0.014123685564282784,0.7940233220394426,0.7800449750993556,-0.013978346940087039,0.7940233220394426,0.7930408471407168,-0.000982474898725827
6.0,1.0,6.0,1.0,1.0,1.0,1.0,3.0,8.0,9.0,2.0,5.0,0.0,1.0,0.0,0.0,0.0,0.0,1.0,0.0,0.0,0.0,0.0,0.0,0.0,1.0,0.0,0.0,0.0,0.0,0.0,1.0,0.0,0.0,0.0,0.0,0.0,0.0,0.0,0.0,0.6941327344677753,0.6568712518896579,-0.037261482578117455,0.6941327344677753,0.6771630382636078,-0.01696969620416755,0.6941327344677753,0.711385336549064,0.017252602081288648,0.6941327344677753,0.7126269040926378,0.0184941696248625,0.6941327344677753,0.6761403800947933,-0.017992354372982078,0.6941327344677753,0.6928581014715948,-0.0012746329961805802
4.0,1.0,1.0,1.0,2.0,5.0,4.0,1.0,8.0,7.0,3.0,5.0,0.0,0.0,1.0,0.0,0.0,0.0,1.0,0.0,1.0,0.0,0.0,0.0,0.0,0.0,0.0,0.0,0.0,0.0,0.0,0.0,0.0,0.0,0.0,0.0,0.0,0.0,0.0,0.0,0.6947714384055962,0.6575493774483729,-0.037222060957223246,0.6947714384055962,0.6778207305302543,-0.01695070787534192,0.6947714384055962,0.7120029614950628,0.017231523089466627,0.6947714384055962,0.7132429431204012,0.018471504714804965,0.6947714384055962,0.6767991613758235,-0.017972277029772665,0.6947714384055962,0.6934982917822362,-0.0012731466233599775
3.0,1.0,6.0,1.0,1.0,2.0,2.0,2.0,9.0,8.0,3.0,8.0,0.0,0.0,0.0,0.0,0.0,0.0,1.0,0.0,1.0,0.0,0.0,0.0,0.0,0.0,0.0,0.0,0.0,0.0,0.0,0.0,0.0,0.0,0.0,0.0,0.0,0.0,0.0,0.0,0.9228363653976666,0.9098162970889262,-0.013020068308740362,0.9228363653976666,0.9170387661355494,-0.0057975992621172034,0.9228363653976666,0.9285172944999078,0.005680929102241272,0.9228363653976666,0.9289181318347532,0.006081766437086689,0.9228363653976666,0.9166824754257583,-0.006153889971908244,0.9228363653976666,0.9224082668847506,-0.0004280985129159198
6.0,5.0,8.0,1.0,1.0,4.0,1.0,3.0,7.0,7.0,3.0,8.0,0.0,0.0,0.0,0.0,0.0,0.0,0.0,0.0,0.0,0.0,0.0,0.0,0.0,1.0,0.0,0.0,0.0,0.0,0.0,0.0,0.0,0.0,1.0,0.0,0.0,0.0,0.0,0.0,0.8424179898080586,0.8184974571719542,-0.023920532636104386,0.8424179898080586,0.8316802995354764,-0.010737690272582201,0.8424179898080586,0.853076867977314,0.01065887816925537,0.8424179898080586,0.8538341426627912,0.01141615285473263,0.8424179898080586,0.8310249705308016,-0.011393019277257,0.8424179898080586,0.8416203061434443,-0.0007976836646143015
5.0,1.0,7.0,2.0,2.0,3.0,3.0,3.0,8.0,5.0,2.0,5.0,0.0,0.0,0.0,0.0,0.0,0.0,1.0,0.0,0.0,1.0,0.0,0.0,0.0,0.0,0.0,0.0,0.0,0.0,0.0,0.0,0.0,0.0,0.0,1.0,0.0,0.0,0.0,0.0,0.6983687781131681,0.6613715911272056,-0.03699718698596255,0.6983687781131681,0.6815262718520564,-0.016842506261111723,0.6983687781131681,0.7154803820618788,0.017111603948710696,0.6983687781131681,0.716711348585605,0.018342570472436925,0.6983687781131681,0.6805109141356321,-0.01785786397753597,0.6983687781131681,0.6971040948124303,-0.0012646833007378122
7.0,3.0,9.0,3.0,1.0,5.0,1.0,2.0,10.0,10.0,5.0,10.0,0.0,0.0,0.0,0.0,0.0,0.0,1.0,0.0,0.0,0.0,0.0,1.0,0.0,0.0,0.0,0.0,0.0,0.0,0.0,0.0,0.0,0.0,1.0,0.0,0.0,0.0,0.0,0.0,0.8736696125831507,0.853668958767279,-0.020000653815871683,0.8736696125831507,0.8647194509539478,-0.008950161629202924,,,,,,,,,,,,
6.0,1.0,7.0,1.0,2.0,4.0,2.0,3.0,8.0,8.0,3.0,8.0,0.0,0.0,0.0,0.0,0.0,0.0,1.0,0.0,0.0,0.0,1.0,0.0,0.0,0.0,0.0,0.0,0.0,0.0,0.0,0.0,0.0,0.0,0.0,0.0,0.0,0.0,0.0,0.0,0.8660985675319339,0.845111766433517,-0.020986801098416885,0.8660985675319339,0.8566999968786414,-0.009398570653292526,0.8660985675319339,0.8753926130869,0.009294045554966046,0.8660985675319339,0.8760515793943654,0.009953011862431471,0.8660985675319339,0.8561252271842491,-0.009973340347684823,0.8660985675319339,0.8654016028435961,-0.0006969646883377978
3.0,1.0,8.0,1.0,1.0,3.0,3.0,3.0,9.0,9.0,5.0,7.0,0.0,0.0,0.0,0.0,0.0,0.0,0.0,0.0,0.0,0.0,0.0,1.0,0.0,0.0,0.0,0.0,0.0,0.0,0.0,0.0,0.0,0.0,0.0,0.0,0.0,0.0,0.0,0.0,0.9041777257553788,0.8883900915515383,-0.01578763420384055,0.9041777257553788,0.8971344960499787,-0.007043229705400056,0.9041777257553788,0.9111000066813411,0.006922280925962254,0.9041777257553788,0.9115892114134464,0.007411485658067596,,,,0.9041777257553788,0.9036569174414754,-0.0005208083139034425
2.0,2.0,1.0,4.0,2.0,4.0,2.0,2.0,9.0,8.0,3.0,3.0,0.0,0.0,0.0,0.0,1.0,0.0,1.0,0.0,0.0,0.0,0.0,0.0,0.0,0.0,0.0,0.0,1.0,0.0,0.0,0.0,0.0,0.0,0.0,0.0,0.0,1.0,0.0,0.0,0.8252836071970783,0.7993815273524701,-0.025902079844608128,0.8252836071970783,0.81363666320924,-0.011646943987838276,0.8252836071970783,0.836877038775488,0.011593431578409752,0.8252836071970783,0.8377019255769701,0.012418318379891824,0.8252836071970783,0.812926885539872,-0.012356721657206249,0.8252836071970783,0.8244172667505018,-0.000866340446576519
5.0,1.0,5.0,1.0,4.0,2.0,2.0,3.0,6.0,7.0,5.0,8.0,0.0,0.0,0.0,0.0,0.0,0.0,1.0,0.0,0.0,1.0,0.0,0.0,0.0,0.0,0.0,0.0,0.0,0.0,0.0,0.0,0.0,0.0,0.0,0.0,0.0,0.0,0.0,0.0,0.5378766282467762,0.495417042670368,-0.042459585576408165,0.5378766282467762,0.5182543812650118,-0.019622246981764402,0.5378766282467762,0.5583349225768973,0.02045829433012114,0.5378766282467762,0.5598275005692289,0.02195087232245274,,,,0.5378766282467762,0.5363857471116016,-0.0014908811351745932
5.0,1.0,2.0,4.0,2.0,3.0,3.0,3.0,9.0,9.0,3.0,10.0,0.0,0.0,0.0,0.0,0.0,0.0,1.0,0.0,0.0,0.0,0.0,0.0,0.0,0.0,0.0,0.0,0.0,0.0,0.0,0.0,0.0,0.0,0.0,0.0,0.0,0.0,0.0,0.0,0.7172975327973817,0.6815634400727271,-0.035734092724654665,0.7172975327973817,0.7010595407324829,-0.016237992064898843,0.7172975327973817,0.733744706379051,0.01644717358166925,0.7172975327973817,0.7349259284826909,0.01762839568530916,0.7172975327973817,0.7000790530374927,-0.017218479759888994,,,
4.0,2.0,5.0,1.0,4.0,4.0,3.0,2.0,6.0,6.0,3.0,4.0,0.0,0.0,0.0,0.0,0.0,0.0,0.0,0.0,0.0,0.0,0.0,1.0,0.0,0.0,0.0,0.0,0.0,0.0,0.0,0.0,0.0,0.0,0.0,0.0,0.0,0.0,0.0,0.0,0.6990506881098505,0.6620966727392255,-0.03695401537062504,0.6990506881098505,0.6822289328395467,-0.01682175527030383,0.6990506881098505,0.7161393311166568,0.017088643006806348,0.6990506881098505,0.7173685728969184,0.018317884787067862,0.6990506881098505,0.6812147674776211,-0.017835920632229385,0.6990506881098505,0.6977876266730391,-0.0012630614368114301
2.0,1.0,6.0,1.0,2.0,4.0,2.0,3.0,6.0,6.0,3.0,7.0,0.0,0.0,0.0,0.0,0.0,0.0,0.0,0.0,1.0,0.0,0.0,0.0,0.0,0.0,0.0,0.0,0.0,0.0,0.0,0.0,0.0,0.0,0.0,0.0,0.0,0.0,0.0,0.0,0.9187142443275692,0.9050701855600053,-0.013644058767563916,0.9187142443275692,0.9126362542510658,-0.006077990076503448,0.9187142443275692,0.9246738803125479,0.005959635984978728,0.9187142443275692,0.9250945308553987,0.006380286527829515,0.9187142443275692,0.9122628651733761,-0.0064513791541931376,0.9187142443275692,0.9182653020778545,-0.0004489422497147011
5.0,1.0,3.0,3.0,2.0,5.0,1.0,3.0,7.0,5.0,2.0,9.0,0.0,0.0,0.0,0.0,0.0,1.0,1.0,0.0,0.0,0.0,0.0,0.0,0.0,0.0,0.0,0.0,1.0,0.0,0.0,0.0,0.0,1.0,0.0,0.0,0.0,0.0,0.0,0.0,0.6007340293171348,0.5593180436249225,-0.041415985692212276,0.6007340293171348,0.5817051578027755,-0.01902887151435928,0.6007340293171348,0.6203736145413045,0.019639585224169642,0.6007340293171348,0.6217985521224425,0.021064522805307684,0.6007340293171348,0.5805674112442047,-0.020166618072930076,0.6007340293171348,0.5992948639162891,-0.0014391654008457655
5.0,1.0,9.0,1.0,2.0,2.0,2.0,4.0,8.0,8.0,4.0,8.0,0.0,0.0,0.0,0.0,0.0,0.0,1.0,0.0,0.0,0.0,0.0,1.0,0.0,0.0,0.0,0.0,0.0,0.0,0.0,0.0,0.0,0.0,0.0,0.0,0.0,0.0,0.0,0.0,0.8046548616661869,0.7765226666411816,-0.028132195025005302,0.8046548616661869,0.7919793848172604,-0.012675476848926559,0.8046548616661869,0.8173141212672898,0.012659259601102812,0.8046548616661869,0.8182164461368305,0.013561584470643595,0.8046548616661869,0.7912082903757423,-0.013446571290444687,0.8046548616661869,0.8037105613408682,-0.0009443003253187809
4.0,1.0,5.0,1.0,1.0,3.0,1.0,3.0,8.0,8.0,4.0,8.0,1.0,0.0,0.0,0.0,0.0,0.0,1.0,0.0,0.0,0.0,0.0,1.0,0.0,0.0,0.0,0.0,0.0,0.0,0.0,0.0,0.0,0.0,0.0,0.0,0.0,0.0,0.0,0.0,0.8608805808037465,0.8392277604756877,-0.02165282032805882,0.8608805808037465,0.851178691371393,-0.009701889432353505,0.8608805808037465,0.8704826441912856,0.009602063387539106,0.8608805808037465,0.8711637545913417,0.010283173787595135,0.8608805808037465,0.8505856383379842,-0.010294942465762347,0.8608805808037465,0.8601608413992131,-0.0007197394045334038
6.0,1.0,8.0,1.0,1.0,3.0,2.0,4.0,8.0,8.0,4.0,7.0,1.0,0.0,0.0,0.0,0.0,0.0,0.0,0.0,0.0,0.0,0.0,0.0,1.0,0.0,0.0,0.0,0.0,0.0,0.0,0.0,0.0,0.0,0.0,0.0,0.0,0.0,0.0,0.0,0.8035262126610129,0.7752768717208548,-0.028249340940158074,0.8035262126610129,0.7907965410535783,-0.012729671607434545,0.8035262126610129,0.8162419106193948,0.0127156979583819,0.8035262126610129,0.8171483465601337,0.013622133899120814,0.8035262126610129,0.7900222245129936,-0.01350398814801923,0.8035262126610129,0.8025777950413533,-0.0009484176196595806
6.0,1.0,9.0,1.0,2.0,5.0,3.0,4.0,6.0,7.0,3.0,7.0,0.0,0.0,0.0,0.0,0.0,0.0,0.0,0.0,0.0,0.0,0.0,1.0,0.0,0.0,0.0,0.0,0.0,0.0,0.0,1.0,0.0,0.0,0.0,0.0,0.0,0.0,0.0,0.0,0.844717517395351,0.8210719067721547,-0.023645610623196256,0.844717517395351,0.8341056611835369,-0.010611856211814041,0.844717517395351,0.8552475815411903,0.010530064145839346,0.844717517395351,0.8559955565422346,0.011278039146883634,0.844717517395351,0.8334578840820219,-0.01125963331332902,0.844717517395351,0.8439293174565147,-0.0007881999388362759
3.0,1.0,5.0,1.0,1.0,4.0,2.0,3.0,7.0,7.0,3.0,8.0,0.0,0.0,0.0,0.0,0.0,0.0,1.0,0.0,1.0,0.0,0.0,0.0,0.0,0.0,0.0,0.0,0.0,0.0,0.0,0.0,0.0,0.0,0.0,0.0,0.0,0.0,0.0,0.0,0.9270896936489511,0.9147209827241625,-0.01236871092478864,0.9270896936489511,0.9215845087348222,-0.00550518491412888,0.9270896936489511,0.9324803957082496,0.00539070205929848,0.9270896936489511,0.9328606169635468,0.005770923314595722,0.9270896936489511,0.9212460639083078,-0.005843629740643341,0.9270896936489511,0.9266833175802126,-0.00040637606873850096
3.0,1.0,6.0,1.0,1.0,4.0,2.0,4.0,8.0,6.0,3.0,7.0,0.0,0.0,0.0,0.0,0.0,0.0,0.0,0.0,0.0,0.0,0.0,0.0,0.0,0.0,0.0,0.0,0.0,0.0,0.0,0.0,0.0,0.0,0.0,0.0,0.0,0.0,0.0,0.0,0.9162383859448324,0.9022229763205017,-0.014015409624330677,0.9162383859448324,0.9099934051870254,-0.006244980757806995,0.9162383859448324,0.9223642051390031,0.006125819194170656,0.9162383859448324,0.9227966769152689,0.006558290970436476,0.9162383859448324,0.9096098394127515,-0.006628546532080892,0.9162383859448324,0.915777023077919,-0.00046136286691345063
3.0,1.0,7.0,1.0,1.0,1.0,1.0,5.0,6.0,6.0,4.0,8.0,0.0,0.0,0.0,0.0,0.0,0.0,0.0,0.0,0.0,0.0,0.0,0.0,0.0,0.0,0.0,0.0,1.0,0.0,0.0,0.0,0.0,0.0,0.0,0.0,0.0,0.0,0.0,0.0,0.8437617961622175,0.8200016643064733,-0.023760131855744215,,,,0.8437617961622175,0.8543454948541167,0.010583698691899235,0.8437617961622175,0.8550973414237188,0.011335545261501379,0.8437617961622175,0.8324466088330305,-0.011315187329187015,0.8437617961622175,0.8429696468828385,-0.0007921492793789842
3.0,1.0,7.0,1.0,1.0,1.0,1.0,3.0,6.0,6.0,5.0,6.0,1.0,0.0,0.0,0.0,0.0,0.0,0.0,0.0,0.0,0.0,0.0,0.0,0.0,0.0,0.0,0.0,0.0,0.0,0.0,0.0,0.0,0.0,0.0,0.0,0.0,0.0,0.0,0.0,0.8373646061261207,0.8128474009092602,-0.024517205216860516,0.8373646061261207,0.8263535547849283,-0.011011051341192402,0.8373646061261207,0.8483037452682629,0.010939139142142174,0.8373646061261207,0.8490812693756111,0.011716663249490389,,,,0.8373646061261207,0.8365463054534898,-0.0008183006726308895
5.0,2.0,3.0,1.0,1.0,5.0,2.0,2.0,10.0,8.0,5.0,9.0,0.0,0.0,0.0,0.0,0.0,1.0,0.0,0.0,0.0,0.0,0.0,0.0,1.0,0.0,0.0,0.0,0.0,0.0,0.0,0.0,0.0,0.0,0.0,0.0,0.0,0.0,0.0,0.0,0.8015830254628585,0.7731331737731386,-0.02844985168971992,0.8015830254628585,0.7887605514565685,-0.012822474006289997,,,,0.8015830254628585,0.8153089193901201,0.013725893927261534,,,,0.8015830254628585,0.8006275551161428,-0.0009554703467157255
2.0,1.0,4.0,2.0,3.0,2.0,3.0,3.0,7.0,7.0,3.0,8.0,0.0,1.0,0.0,0.0,0.0,0.0,1.0,0.0,0.0,0.0,0.0,0.0,0.0,0.0,0.0,0.0,0.0,1.0,0.0,1.0,0.0,0.0,0.0,0.0,0.0,0.0,0.0,0.0,0.5042314204636702,0.4617738437043369,-0.042457576759333315,0.5042314204636702,0.4845496089467938,-0.019681811516876424,0.5042314204636702,0.5248634537114595,0.020632033247789283,0.5042314204636702,0.5263731929559152,0.022141772492245027,0.5042314204636702,0.4833822941814717,-0.020849126282198482,0.5042314204636702,0.5027323443535705,-0.0014990761100996952
6.0,1.0,2.0,2.0,2.0,4.0,2.0,3.0,7.0,9.0,4.0,8.0,0.0,0.0,1.0,0.0,0.0,0.0,1.0,0.0,0.0,0.0,0.0,1.0,0.0,0.0,0.0,0.0,0.0,0.0,0.0,0.0,0.0,0.0,0.0,0.0,0.0,0.0,0.0,0.0,0.5568746945652457,0.5145853598383547,-0.042289334726891004,0.5568746945652457,0.5373652913039956,-0.01950940326125017,0.5568746945652457,0.5771531231772593,0.020278428612013566,0.5568746945652457,0.578630100725924,0.02175540616067828,0.5568746945652457,0.536203099257661,-0.020671595307584778,0.5568746945652457,0.5553944416068629,-0.0014802529583828328
6.0,5.0,7.0,2.0,2.0,4.0,3.0,3.0,4.0,4.0,1.0,4.0,0.0,0.0,0.0,0.0,0.0,0.0,0.0,0.0,0.0,0.0,0.0,0.0,1.0,0.0,0.0,0.0,0.0,0.0,0.0,0.0,0.0,0.0,0.0,0.0,0.0,0.0,0.0,0.0,0.6275897201615227,0.5870445090730085,-0.040545211088514166,0.6275897201615227,0.6090077274274022,-0.018581992734120534,0.6275897201615227,0.646685231833321,0.01909551167179835,0.6275897201615227,0.6480674345231795,0.020477714361656796,0.6275897201615227,0.6078941856108828,-0.01969553455063988,0.6275897201615227,0.6261871207630856,-0.001402599398437121
4.0,1.0,4.0,1.0,2.0,4.0,2.0,4.0,6.0,6.0,3.0,8.0,1.0,0.0,0.0,0.0,0.0,0.0,1.0,0.0,0.0,1.0,0.0,0.0,0.0,0.0,0.0,0.0,0.0,0.0,0.0,1.0,0.0,0.0,0.0,0.0,0.0,0.0,0.0,0.0,0.7287356865562592,0.6938302733507251,-0.034905413205534086,0.7287356865562592,0.7128917150394998,-0.015843971516759425,0.7287356865562592,0.744754204166853,0.016018517610593808,0.7287356865562592,0.7459034977595814,0.017167811203322225,0.7287356865562592,0.7119340891464621,-0.016801597409797142,0.7287356865562592,0.7275486541872389,-0.001187032369020291
6.0,1.0,6.0,1.0,1.0,3.0,1.0,3.0,9.0,9.0,4.0,9.0,0.0,0.0,0.0,0.0,1.0,0.0,0.0,0.0,0.0,0.0,0.0,0.0,0.0,1.0,0.0,0.0,0.0,0.0,0.0,0.0,0.0,0.0,0.0,0.0,0.0,0.0,0.0,0.0,0.8800302323446647,0.8608762354767848,-0.019153996867879886,0.8800302323446647,0.8714644054578076,-0.008565826886857142,0.8800302323446647,0.8884817956301776,0.008451563285512886,0.8800302323446647,0.889080312651384,0.009050080306719277,0.8800302323446647,0.8709399338512479,-0.009090298493416804,0.8800302323446647,0.8793956850382546,-0.0006345473064101048
5.0,1.0,9.0,1.0,2.0,5.0,2.0,2.0,5.0,7.0,5.0,7.0,1.0,0.0,0.0,0.0,0.0,0.0,0.0,0.0,0.0,0.0,0.0,0.0,0.0,0.0,0.0,0.0,0.0,0.0,0.0,0.0,0.0,0.0,0.0,0.0,0.0,0.0,0.0,0.0,0.83332809005138,0.8083416578474035,-0.02498643220397645,0.83332809005138,0.8221018108478594,-0.011226279203520595,0.83332809005138,0.8444883099128757,0.011160219861495735,0.83332809005138,0.8452818234055408,0.011953733354160834,,,,0.83332809005138,0.8324935423939811,-0.0008345476573988764
4.0,5.0,4.0,2.0,4.0,5.0,4.0,2.0,9.0,7.0,5.0,8.0,0.0,0.0,0.0,0.0,0.0,0.0,0.0,0.0,0.0,0.0,0.0,0.0,1.0,0.0,0.0,0.0,0.0,0.0,0.0,0.0,0.0,0.0,0.0,0.0,0.0,0.0,0.0,0.0,0.5109940023894148,0.46850511152979524,-0.0424888908596196,0.5109940023894148,0.4913098168597097,-0.019684185529705134,0.5109940023894148,0.5316060332048949,0.02061203081548002,0.5109940023894148,0.5331134058870779,0.02211940349766306,,,,0.5109940023894148,0.5094954829519811,-0.0014985194374337318
5.0,1.0,6.0,3.0,3.0,3.0,2.0,3.0,7.0,7.0,4.0,7.0,0.0,1.0,0.0,0.0,0.0,0.0,1.0,0.0,0.0,0.0,0.0,0.0,0.0,0.0,0.0,0.0,0.0,0.0,0.0,0.0,0.0,0.0,0.0,1.0,0.0,0.0,0.0,0.0,0.41198172222954155,0.37147161988093896,-0.040510102348602584,0.41198172222954155,0.3930459935728223,-0.01893572865671922,0.41198172222954155,0.43212922191274933,0.02014749968320778,0.41198172222954155,0.43361565106661776,0.02163392883707621,0.41198172222954155,0.39193150319674774,-0.020050219032793803,0.41198172222954155,0.4105297999476379,-0.0014519222819036615
3.0,1.0,6.0,1.0,2.0,3.0,3.0,4.0,5.0,6.0,3.0,5.0,0.0,0.0,0.0,0.0,0.0,0.0,0.0,0.0,1.0,0.0,0.0,0.0,0.0,0.0,0.0,0.0,0.0,0.0,0.0,0.0,0.0,0.0,0.0,0.0,0.0,0.0,0.0,0.0,0.856607233220975,0.8344172291202308,-0.02219000410074423,0.856607233220975,0.8466604118168204,-0.009946821404154593,0.856607233220975,0.8664584914444615,0.009851258223486536,0.856607233220975,0.8671575346586563,0.01055030143768132,0.856607233220975,0.8460526099509024,-0.010554623270072616,0.856607233220975,0.8558690869300482,-0.0007381462909268333
3.0,1.0,4.0,1.0,3.0,5.0,2.0,4.0,8.0,8.0,5.0,9.0,0.0,0.0,0.0,0.0,1.0,0.0,0.0,0.0,0.0,0.0,0.0,0.0,0.0,0.0,0.0,0.0,1.0,0.0,0.0,0.0,0.0,0.0,0.0,0.0,0.0,0.0,0.0,0.0,0.7904107324110818,0.760836908196205,-0.029573824214876865,0.7904107324110818,0.7770670602939592,-0.013343672117122618,0.7904107324110818,0.8037679631483831,0.013357230737301218,0.7904107324110818,0.804721209394972,0.014310476983890208,,,,0.7904107324110818,0.7894155960408733,-0.000995136370208538
3.0,1.0,4.0,2.0,2.0,5.0,3.0,2.0,7.0,7.0,3.0,10.0,1.0,0.0,0.0,0.0,0.0,0.0,1.0,0.0,1.0,0.0,0.0,0.0,0.0,0.0,0.0,0.0,0.0,0.0,0.0,0.0,0.0,0.0,0.0,0.0,0.0,0.0,0.0,0.0,0.8416743989926972,0.8176654221454381,-0.02400897684725911,0.8416743989926972,0.8308962112032477,-0.0107781877894495,0.8416743989926972,0.8523747598149876,0.010700360822290311,0.8416743989926972,0.8531350303096495,0.011460631316952297,0.8416743989926972,0.830238452582218,-0.011435946410479292,,,
5.0,2.0,8.0,2.0,1.0,3.0,1.0,3.0,9.0,9.0,5.0,9.0,0.0,0.0,0.0,0.0,0.0,0.0,1.0,0.0,0.0,0.0,0.0,0.0,0.0,1.0,0.0,0.0,0.0,0.0,0.0,0.0,0.0,0.0,0.0,0.0,0.0,0.0,0.0,0.0,0.8649964358646074,0.843868034163027,-0.021128401701580368,0.8649964358646074,0.8555334099285563,-0.009463025936051084,0.8649964358646074,0.8743558823733575,0.009359446508750091,0.8649964358646074,0.8750195485132393,0.010023112648631871,,,,0.8649964358646074,0.8642946333704279,-0.0007018024941795042
6.0,1.0,9.0,1.0,1.0,3.0,2.0,3.0,8.0,9.0,4.0,8.0,0.0,0.0,1.0,0.0,0.0,0.0,0.0,0.0,0.0,0.0,0.0,0.0,0.0,1.0,0.0,0.0,0.0,0.0,0.0,0.0,0.0,0.0,0.0,0.0,0.0,0.0,0.0,0.0,0.7308043840614417,0.6960541385044732,-0.034750245556968484,0.7308043840614417,0.7150339918981624,-0.015770392163279245,0.7308043840614417,0.7467431962535457,0.015938812192104024,0.7308043840614417,0.7478865657401473,0.017082181678705677,0.7308043840614417,0.7140806455929853,-0.016723738468456317,0.7308043840614417,0.7296230454944256,-0.001181338567016077
4.0,1.0,7.0,2.0,4.0,4.0,5.0,3.0,9.0,8.0,4.0,9.0,0.0,0.0,0.0,0.0,1.0,0.0,1.0,0.0,0.0,0.0,0.0,0.0,1.0,0.0,0.0,0.0,0.0,0.0,0.0,1.0,0.0,0.0,0.0,0.0,0.0,0.0,0.0,0.0,,,,0.5718377525322641,0.5524576881588011,-0.019380064373462957,0.5718377525322641,0.5919332041009959,0.020095451568731826,0.5718377525322641,0.5933949262607044,0.02155717372844035,0.5718377525322641,0.5513017520228437,-0.020536000509420393,0.5718377525322641,0.5703689206824741,-0.0014688318497899644
3.0,1.0,7.0,2.0,2.0,5.0,1.0,3.0,9.0,8.0,3.0,8.0,1.0,0.0,0.0,0.0,0.0,0.0,1.0,0.0,0.0,0.0,0.0,1.0,0.0,0.0,0.0,0.0,0.0,0.0,0.0,0.0,0.0,0.0,0.0,0.0,0.0,0.0,0.0,0.0,0.8813310036749342,0.8623522005717146,-0.018978803103219644,0.8813310036749342,0.8728446322282031,-0.008486371446731145,0.8813310036749342,0.8897024160422519,0.008371412367317643,0.8813310036749342,0.8902951908948372,0.008964187219902997,0.8813310036749342,0.872324967347274,-0.009006036327660172,0.8813310036749342,0.8807024037747021,-0.0006285999002321185
6.0,1.0,7.0,2.0,3.0,4.0,2.0,2.0,5.0,5.0,3.0,5.0,0.0,0.0,0.0,0.0,0.0,0.0,0.0,0.0,0.0,0.0,0.0,0.0,0.0,0.0,0.0,0.0,0.0,0.0,0.0,0.0,0.0,0.0,0.0,0.0,0.0,0.0,0.0,0.0,0.7607940631139224,0.7284768013941897,-0.032317261719732704,0.7607940631139224,0.7461703465093534,-0.01462371660456896,0.7607940631139224,0.7755026840528932,0.014708620938970851,0.7607940631139224,0.7765550654300745,0.015761002316152073,0.7607940631139224,0.7452840591483758,-0.015510003965546582,0.7607940631139224,0.7597010571244117,-0.0010930059895106758
3.0,1.0,3.0,2.0,1.0,4.0,3.0,4.0,4.0,3.0,2.0,7.0,0.0,0.0,0.0,0.0,0.0,0.0,0.0,0.0,0.0,0.0,0.0,0.0,0.0,0.0,0.0,0.0,0.0,0.0,0.0,0.0,0.0,0.0,0.0,0.0,0.0,0.0,0.0,1.0,0.838950850336698,0.814619831786242,-0.02433101855045605,0.838950850336698,0.828025137548391,-0.010925712788307007,0.838950850336698,0.8498024334913186,0.010851583154620537,0.838950850336698,0.850573629111617,0.011622778774919018,0.838950850336698,0.8273585317493986,-0.011592318587299477,0.838950850336698,0.8381389881085679,-0.0008118622281301224
6.0,1.0,4.0,3.0,1.0,5.0,2.0,3.0,4.0,4.0,2.0,5.0,0.0,0.0,0.0,0.0,0.0,0.0,0.0,0.0,0.0,0.0,0.0,0.0,0.0,0.0,0.0,0.0,0.0,0.0,0.0,0.0,1.0,0.0,0.0,0.0,0.0,0.0,0.0,0.0,0.9151946808767766,0.9010234985651094,-0.014171182311667141,0.9151946808767766,0.9088796237737753,-0.006315057103001287,0.9151946808767766,0.9213902815192613,0.0061956006424847,0.9151946808767766,0.9218277187547211,0.006633037877944559,0.9151946808767766,0.9084917888824227,-0.006702891994353921,0.9151946808767766,0.914728104257256,-0.0004665766195205423
5.0,1.0,7.0,1.0,2.0,4.0,1.0,4.0,7.0,7.0,4.0,7.0,0.0,0.0,0.0,0.0,0.0,0.0,1.0,0.0,0.0,0.0,0.0,0.0,1.0,0.0,0.0,0.0,0.0,0.0,0.0,0.0,0.0,0.0,0.0,0.0,0.0,0.0,0.0,0.0,0.8410148239166333,0.8169275824172606,-0.02408724149937269,0.8410148239166333,0.8302007932119393,-0.010814030704694,0.8410148239166333,0.8517519102384098,0.010737086321776501,0.8410148239166333,0.8525148333907612,0.011500009474127881,0.8410148239166333,0.829540884564407,-0.011473939352226292,0.8410148239166333,0.8402113846544381,-0.0008034392621951714
5.0,1.0,9.0,1.0,1.0,4.0,1.0,4.0,5.0,8.0,3.0,8.0,0.0,0.0,0.0,0.0,0.0,0.0,0.0,0.0,0.0,0.0,0.0,0.0,0.0,0.0,0.0,0.0,0.0,0.0,0.0,0.0,0.0,0.0,0.0,0.0,0.0,0.0,0.0,0.0,0.9167222869694283,0.9027792545942517,-0.013943032375176578,0.9167222869694283,0.9105098604401987,-0.006212426529229598,0.9167222869694283,0.9228156977963681,0.006093410826939816,0.9167222869694283,0.9232458638123039,0.0065235768428756336,0.9167222869694283,0.9101282781936038,-0.0065940087758245,0.9167222869694283,0.9162633458608562,-0.00045894110857203074
6.0,1.0,9.0,1.0,2.0,4.0,4.0,3.0,8.0,8.0,3.0,9.0,0.0,0.0,0.0,0.0,0.0,0.0,1.0,0.0,0.0,0.0,0.0,1.0,0.0,0.0,0.0,0.0,0.0,0.0,0.0,0.0,0.0,0.0,0.0,0.0,0.0,0.0,0.0,0.0,0.7945593062798904,0.7653971140558566,-0.02916219222403371,0.7945593062798904,0.7814067117376913,-0.01315259454219908,0.7945593062798904,0.8077164647297455,0.0131571584498551,0.7945593062798904,0.8086550963286174,0.014095790048727075,0.7945593062798904,0.7806072829396565,-0.013952023340233821,0.7945593062798904,0.7935787233129531,-0.00098058296693726
5.0,1.0,1.0,2.0,3.0,5.0,3.0,4.0,8.0,7.0,4.0,6.0,0.0,0.0,0.0,1.0,0.0,0.0,1.0,0.0,0.0,0.0,0.0,0.0,0.0,0.0,0.0,0.0,0.0,0.0,0.0,0.0,0.0,0.0,0.0,0.0,0.0,0.0,0.0,0.0,0.47115398062235575,0.42907110720253483,-0.04208287341982092,0.47115398062235575,0.4515872298109477,-0.019566750811408073,0.47115398062235575,0.49177511164338644,0.020621131021030692,0.47115398062235575,0.49328848698303707,0.022134506360681316,0.47115398062235575,0.4504299319018548,-0.02072404872050093,0.47115398062235575,0.46966008330494674,-0.0014938973174090098
5.0,1.0,3.0,1.0,1.0,5.0,1.0,4.0,9.0,8.0,4.0,10.0,0.0,0.0,0.0,0.0,1.0,0.0,1.0,0.0,0.0,0.0,1.0,0.0,0.0,0.0,0.0,0.0,0.0,0.0,0.0,0.0,0.0,0.0,0.0,0.0,0.0,0.0,0.0,0.0,0.9093787643964083,0.8943479207880894,-0.015030843608318856,0.9093787643964083,0.9026766779769654,-0.006702086419442921,0.9093787643964083,0.9159602403369126,0.006581475940504289,0.9093787643964083,0.9164251531834582,0.007046388787049884,0.9093787643964083,0.9022652805818592,-0.007113483814549126,,,
5.0,1.0,4.0,1.0,3.0,4.0,3.0,3.0,6.0,6.0,3.0,7.0,1.0,0.0,0.0,0.0,0.0,0.0,1.0,0.0,0.0,0.0,0.0,0.0,0.0,0.0,0.0,0.0,0.0,0.0,0.0,0.0,0.0,0.0,0.0,0.0,0.0,0.0,0.0,0.0,0.6367961795456089,0.5966090384511903,-0.040187141094418566,0.6367961795456089,0.6183942372692519,-0.018401942276356942,0.6367961795456089,0.6556786201420914,0.018882440596482586,0.6367961795456089,0.6570442983686243,0.02024811882301547,0.6367961795456089,0.6172906289252047,-0.019505550620404155,0.6367961795456089,0.6354081106610805,-0.0013880688845283595
5.0,1.0,4.0,1.0,1.0,3.0,2.0,4.0,10.0,8.0,2.0,8.0,1.0,0.0,0.0,0.0,0.0,0.0,0.0,0.0,0.0,0.0,0.0,0.0,0.0,0.0,0.0,0.0,0.0,0.0,0.0,0.0,0.0,0.0,0.0,0.0,0.0,0.0,0.0,0.0,0.8456373902278489,0.8221023535722537,-0.0235350366555952,0.8456373902278489,0.8350761237366398,-0.010561266491209143,,,,0.8456373902278489,0.8568599408663181,0.01122255063846922,0.8456373902278489,0.8344313838618784,-0.011206006365970467,0.8456373902278489,0.8448530019029764,-0.000784388324872487
3.0,1.0,2.0,3.0,1.0,5.0,1.0,4.0,5.0,7.0,1.0,5.0,0.0,0.0,0.0,0.0,0.0,1.0,1.0,0.0,0.0,0.0,0.0,0.0,0.0,0.0,0.0,0.0,0.0,0.0,0.0,0.0,0.0,0.0,0.0,0.0,0.0,0.0,0.0,0.0,0.8312480683239126,0.8060223967301138,-0.02522567159379885,0.8312480683239126,0.8199119649114361,-0.011336103412476484,0.8312480683239126,0.8425212449070341,0.011273176583121436,0.8312480683239126,0.8433229333593061,0.012074865035393456,0.8312480683239126,0.8192207769190997,-0.012027291404812956,0.8312480683239126,0.8304052253263912,-0.0008428429975214646
2.0,2.0,1.0,4.0,2.0,4.0,2.0,3.0,5.0,5.0,2.0,4.0,0.0,1.0,0.0,0.0,0.0,0.0,1.0,0.0,0.0,0.0,0.0,0.0,0.0,0.0,0.0,0.0,1.0,0.0,0.0,0.0,0.0,0.0,0.0,0.0,0.0,1.0,0.0,0.0,0.5876688668395875,0.5459220257037074,-0.04174684113588012,0.5876688668395875,0.5684646152719894,-0.019204251567598085,0.5876688668395875,0.6075312542652322,0.019862387425644723,0.5876688668395875,0.6089740125658094,0.021305145726221886,0.5876688668395875,0.5673176426038614,-0.020351224235726106,0.5876688668395875,0.5862150458147303,-0.0014538210248572492
4.0,1.0,5.0,1.0,1.0,5.0,2.0,4.0,6.0,7.0,1.0,5.0,1.0,0.0,0.0,0.0,0.0,0.0,1.0,0.0,0.0,0.0,0.0,0.0,0.0,0.0,0.0,0.0,0.0,0.0,0.0,0.0,0.0,0.0,0.0,0.0,0.0,0.0,0.0,0.0,0.8758567511080848,0.8561453505026941,-0.019711400605390672,0.8758567511080848,0.8670379602940912,-0.008818790813993616,0.8758567511080848,0.8845637591452584,0.008707008037173614,0.8758567511080848,0.8851805867489752,0.009323835640890343,0.8758567511080848,0.8664981940792638,-0.009358557028821046,0.8758567511080848,0.8752032596875394,-0.0006534914205453823
5.0,2.0,6.0,1.0,2.0,4.0,3.0,5.0,7.0,8.0,4.0,8.0,0.0,1.0,0.0,0.0,0.0,0.0,0.0,0.0,0.0,0.0,0.0,1.0,0.0,0.0,0.0,0.0,0.0,0.0,0.0,0.0,0.0,0.0,0.0,0.0,0.0,0.0,0.0,0.0,0.5594825344373487,0.5172263167780541,-0.04225621765929466,,,,0.5594825344373487,0.5797316876940777,0.020249153256728936,0.5594825344373487,0.5812061939662452,0.021723659528896433,0.5594825344373487,0.5388318471303546,-0.020650687306994153,0.5594825344373487,0.5580040785804906,-0.0014784558568581296
5.0,1.0,4.0,1.0,1.0,5.0,2.0,4.0,8.0,8.0,5.0,9.0,1.0,0.0,0.0,0.0,0.0,0.0,0.0,0.0,0.0,0.0,0.0,0.0,1.0,0.0,0.0,0.0,0.0,0.0,0.0,0.0,0.0,0.0,0.0,0.0,0.0,0.0,0.0,0.0,0.8353387625714571,0.8105852438211385,-0.024753518750318615,0.8353387625714571,0.8242193459925963,-0.011119416578860841,0.8353387625714571,0.8463891668540185,0.011050404282561432,0.8353387625714571,0.8471747363027289,0.011835973731271765,,,,0.8353387625714571,0.8345122833010673,-0.0008264792703898127
4.0,1.0,10.0,2.0,4.0,3.0,3.0,4.0,10.0,7.0,1.0,5.0,1.0,0.0,0.0,0.0,0.0,0.0,1.0,0.0,0.0,0.0,0.0,0.0,1.0,0.0,0.0,0.0,0.0,0.0,0.0,0.0,0.0,0.0,0.0,1.0,0.0,0.0,0.0,0.0,0.5743531880829177,0.5323310577997001,-0.04202213028321755,0.5743531880829177,0.5549983777107098,-0.019354810372207876,,,,0.5743531880829177,0.5958732181002134,0.021520030017295744,0.5743531880829177,0.5538437042488538,-0.020509483834063924,0.5743531880829177,0.572886540197333,-0.0014666478855847043
3.0,1.0,4.0,1.0,2.0,5.0,4.0,4.0,7.0,6.0,2.0,6.0,0.0,0.0,1.0,0.0,0.0,0.0,1.0,0.0,0.0,0.0,0.0,0.0,0.0,0.0,0.0,0.0,1.0,0.0,0.0,0.0,0.0,0.0,0.0,0.0,0.0,0.0,0.0,0.0,0.5879859091204911,0.5462463826089471,-0.041739526511544,0.5879859091204911,0.5687855887398191,-0.019200320380671987,0.5879859091204911,0.6078432156136635,0.01985730649317241,0.5879859091204911,0.6092855646407305,0.02129965552023938,0.5879859091204911,0.5676388203261011,-0.020347088794389956,0.5879859091204911,0.586532419456087,-0.0014534896644040618
6.0,1.0,4.0,1.0,1.0,5.0,3.0,4.0,1.0,6.0,4.0,7.0,1.0,0.0,0.0,0.0,0.0,0.0,1.0,0.0,0.0,0.0,0.0,1.0,0.0,0.0,0.0,0.0,0.0,0.0,0.0,0.0,0.0,0.0,0.0,0.0,0.0,0.0,0.0,0.0,0.7196606844493275,0.6840937444059535,-0.03556694004337402,0.7196606844493275,0.7035023212561936,-0.016158363193133907,0.7196606844493275,0.7360209705154552,0.016360286066127716,0.7196606844493275,0.737195711097783,0.01753502664845552,0.7196606844493275,0.7025264459198873,-0.017134238529440182,0.7196606844493275,0.7184492832999451,-0.0012114011493824517
5.0,1.0,8.0,3.0,1.0,2.0,2.0,4.0,9.0,8.0,5.0,8.0,0.0,1.0,0.0,0.0,0.0,0.0,0.0,0.0,0.0,0.0,0.0,0.0,1.0,0.0,0.0,0.0,0.0,0.0,0.0,1.0,0.0,0.0,0.0,0.0,0.0,0.0,0.0,0.0,0.6314600470248735,0.5910616412969782,-0.040398405727895215,0.6314600470248735,0.6129520715483354,-0.01850797547653804,0.6314600470248735,0.6504676329941803,0.01900758596930685,0.6314600470248735,0.6518430049086701,0.020382957883796626,,,,0.6314600470248735,0.6300634320079249,-0.0013966150169485436
5.0,1.0,4.0,1.0,2.0,4.0,1.0,3.0,7.0,7.0,4.0,9.0,0.0,0.0,1.0,0.0,0.0,0.0,1.0,0.0,0.0,1.0,0.0,0.0,0.0,0.0,0.0,0.0,0.0,0.0,0.0,0.0,0.0,0.0,0.0,0.0,0.0,0.0,0.0,0.0,0.6116131951902488,0.5705189139818367,-0.041094281208412076,0.6116131951902488,0.5927513220303564,-0.018861873159892406,0.6116131951902488,0.6310463089816046,0.019433113791355816,0.6116131951902488,0.6324549203182444,0.020841725127995536,0.6116131951902488,0.5916225278730609,-0.019990667317187905,0.6116131951902488,0.6101877981839536,-0.0014253970062951815
5.0,1.0,7.0,1.0,3.0,4.0,3.0,4.0,10.0,9.0,4.0,9.0,0.0,0.0,0.0,0.0,0.0,0.0,0.0,0.0,0.0,0.0,0.0,0.0,1.0,0.0,0.0,0.0,0.0,0.0,0.0,0.0,0.0,0.0,0.0,0.0,0.0,0.0,0.0,0.0,0.7761532272919335,0.7452161029282974,-0.030937124363636048,0.7761532272919335,0.7621749601462336,-0.01397826714569983,,,,0.7761532272919335,0.7911800014793874,0.015026774187453906,0.7761532272919335,0.761326680600847,-0.014826546691086517,0.7761532272919335,0.7751096566767397,-0.0010435706151937785
4.0,1.0,1.0,1.0,2.0,4.0,2.0,3.0,3.0,4.0,2.0,5.0,0.0,0.0,0.0,0.0,0.0,0.0,1.0,0.0,0.0,0.0,0.0,0.0,0.0,0.0,0.0,0.0,0.0,0.0,0.0,0.0,0.0,0.0,0.0,0.0,0.0,0.0,0.0,0.0,0.800640777187764,0.7720942345857295,-0.028546542602034597,0.800640777187764,0.7877735330918086,-0.01286724409595541,0.800640777187764,0.8134998755686329,0.01285909838086885,0.800640777187764,0.8144167620590667,0.013775984871302605,0.800640777187764,0.7869910414637249,-0.013649735724039158,0.800640777187764,0.7996819033775141,-0.0009588738102499494
2.0,1.0,1.0,3.0,2.0,5.0,3.0,2.0,7.0,5.0,4.0,3.0,0.0,0.0,0.0,0.0,0.0,1.0,1.0,0.0,0.0,0.0,0.0,0.0,0.0,0.0,0.0,0.0,1.0,0.0,0.0,0.0,0.0,1.0,0.0,0.0,0.0,0.0,0.0,0.0,0.5816162099891162,0.5397365136310682,-0.041879696358048,0.5816162099891162,0.5623400000115311,-0.019276209977585168,0.5816162099891162,0.6015724864195022,0.019956276430386,0.5816162099891162,0.6030228364373924,0.021406626448276178,0.5816162099891162,0.5611893145762191,-0.020426895412897106,0.5816162099891162,0.5801562945038483,-0.0014599154852679153
3.0,1.0,6.0,1.0,1.0,4.0,4.0,2.0,6.0,7.0,4.0,8.0,0.0,0.0,0.0,0.0,0.0,0.0,1.0,0.0,0.0,0.0,0.0,1.0,0.0,0.0,0.0,0.0,0.0,0.0,0.0,0.0,0.0,0.0,0.0,0.0,0.0,0.0,0.0,0.0,0.8728810276588936,0.8527765633995236,-0.02010446425937007,0.8728810276588936,0.8638837012610449,-0.008997326397848782,0.8728810276588936,0.8817685700287419,0.008887542369848234,0.8728810276588936,0.8823983478655956,0.009517320206701929,0.8728810276588936,0.8633331485385176,-0.009547879120376024,0.8728810276588936,0.8722141573806423,-0.000666870278251297
3.0,1.0,4.0,1.0,3.0,4.0,3.0,2.0,6.0,4.0,3.0,3.0,1.0,0.0,0.0,0.0,0.0,0.0,1.0,0.0,0.0,0.0,0.0,1.0,0.0,0.0,0.0,0.0,0.0,0.0,0.0,0.0,0.0,0.0,0.0,0.0,0.0,0.0,0.0,0.0,0.7046146841106373,0.6680194216593033,-0.03659526245133404,0.7046146841106373,0.6879651096677123,-0.01664957444292503,0.7046146841106373,0.7215132523808577,0.016898568270220404,0.7046146841106373,0.7227282328534963,0.018113548742858976,0.7046146841106373,0.6869608511764502,-0.017653832934187097,0.7046146841106373,0.7033650653035557,-0.0012496188070816316
5.0,1.0,3.0,1.0,1.0,4.0,1.0,3.0,10.0,10.0,5.0,10.0,1.0,0.0,0.0,0.0,0.0,0.0,1.0,0.0,0.0,0.0,0.0,1.0,0.0,0.0,0.0,0.0,0.0,0.0,0.0,0.0,0.0,0.0,0.0,0.0,0.0,0.0,0.0,0.0,0.8630725381255271,0.8416981445062908,-0.02137439361923632,0.8630725381255271,0.8534974973481756,-0.009575040777351496,,,,,,,,,,,,
3.0,1.0,2.0,1.0,4.0,5.0,3.0,1.0,5.0,5.0,4.0,5.0,0.0,0.0,0.0,0.0,0.0,0.0,1.0,0.0,0.0,0.0,0.0,1.0,0.0,0.0,0.0,0.0,0.0,0.0,0.0,0.0,0.0,0.0,0.0,0.0,0.0,0.0,0.0,0.0,0.7267121028051461,0.6916564771674643,-0.03505562563768183,0.7267121028051461,0.7107968437598026,-0.01591525904534352,0.7267121028051461,0.7428079423459548,0.016095839540808732,0.7267121028051461,0.7439629866067906,0.017250883801644523,0.7267121028051461,0.7098350745923135,-0.016877028212832546,0.7267121028051461,0.7255195506660537,-0.0011925521390924176
5.0,1.0,5.0,1.0,2.0,4.0,3.0,3.0,5.0,4.0,3.0,5.0,0.0,0.0,0.0,0.0,0.0,0.0,0.0,0.0,0.0,0.0,0.0,0.0,0.0,0.0,0.0,0.0,0.0,0.0,0.0,0.0,0.0,0.0,0.0,0.0,0.0,0.0,0.0,0.0,0.7973169837025991,0.7684321571123166,-0.028884826590282464,0.7973169837025991,0.7842930095673426,-0.013023974135256466,0.7973169837025991,0.8103396875605299,0.013022703857930806,0.7973169837025991,0.8112685059871034,0.013951522284504358,0.7973169837025991,0.7835012118252568,-0.013815771877342287,0.7973169837025991,0.7963461896166031,-0.0009707940859959852
4.0,2.0,5.0,3.0,2.0,4.0,2.0,3.0,6.0,6.0,2.0,5.0,0.0,0.0,0.0,0.0,0.0,0.0,1.0,0.0,0.0,0.0,1.0,0.0,0.0,0.0,0.0,0.0,0.0,0.0,0.0,1.0,0.0,0.0,0.0,0.0,0.0,0.0,0.0,0.0,0.8342941630643695,0.8094194367776286,-0.024874726286740922,0.8342941630643695,0.823119142512473,-0.011175020551896564,0.8342941630643695,0.8454016962042226,0.01110753313985302,0.8342941630643695,0.8461913979081884,0.011897234843818882,0.8342941630643695,0.8224375981058352,-0.011856564958534377,0.8342941630643695,0.8334634859576978,-0.0008306771066717289
3.0,1.0,4.0,4.0,1.0,4.0,2.0,3.0,6.0,7.0,4.0,8.0,0.0,0.0,0.0,0.0,0.0,0.0,1.0,0.0,0.0,0.0,0.0,1.0,0.0,0.0,0.0,0.0,0.0,0.0,0.0,0.0,0.0,0.0,0.0,0.0,0.0,1.0,0.0,0.0,0.8881534413763009,0.8701049404704351,-0.01804850090586585,0.8881534413763009,0.8800885813457863,-0.008064860030514653,0.8881534413763009,0.8961003084555281,0.007946867079227204,0.8881534413763009,0.8966626926454422,0.00850925126914126,0.8881534413763009,0.8795944375098543,-0.00855900386644659,0.8881534413763009,0.8875563697574689,-0.0005970716188320457
7.0,1.0,10.0,1.0,4.0,4.0,4.0,4.0,8.0,8.0,4.0,8.0,0.0,0.0,0.0,0.0,0.0,0.0,0.0,0.0,0.0,0.0,0.0,1.0,0.0,0.0,0.0,0.0,0.0,0.0,0.0,0.0,0.0,0.0,1.0,0.0,0.0,0.0,0.0,0.0,0.636280814849074,0.5960728210400755,-0.04020799380899842,0.636280814849074,0.6178684302750692,-0.018412384574004736,0.636280814849074,0.6551755400937237,0.018894725244649746,0.636280814849074,0.6565421684704975,0.02026135362142356,0.636280814849074,0.6167642436730592,-0.019516571176014796,0.636280814849074,0.6348919056431528,-0.0013889092059211627
2.0,3.0,8.0,4.0,2.0,3.0,4.0,3.0,10.0,10.0,2.0,10.0,0.0,0.0,0.0,0.0,0.0,0.0,0.0,0.0,0.0,0.0,0.0,0.0,0.0,0.0,0.0,0.0,1.0,0.0,0.0,0.0,0.0,0.0,0.0,0.0,0.0,1.0,0.0,0.0,0.8170341507611562,0.7902199473784335,-0.026814203382722668,0.8170341507611562,0.8049672410112191,-0.012066909749937071,,,,,,,0.8170341507611562,0.804232389669836,-0.01280176109132014,,,
5.0,1.0,9.0,1.0,2.0,5.0,2.0,3.0,4.0,5.0,3.0,7.0,0.0,0.0,0.0,0.0,0.0,0.0,1.0,0.0,0.0,0.0,0.0,0.0,0.0,1.0,0.0,0.0,0.0,0.0,0.0,1.0,0.0,0.0,0.0,0.0,0.0,0.0,0.0,0.0,0.8544270258757397,0.8319658176938799,-0.022461208181859815,0.8544270258757397,0.84435644779067,-0.010070578085069726,0.8544270258757397,0.8644043572962071,0.009977331420467417,0.8544270258757397,0.865112479243539,0.010685453367799247,0.8544270258757397,0.8437411990170233,-0.01068582685871644,0.8544270258757397,0.853679573542853,-0.0007474523328867555
7.0,6.0,7.0,1.0,3.0,3.0,2.0,3.0,8.0,7.0,2.0,8.0,0.0,0.0,0.0,0.0,0.0,0.0,1.0,0.0,0.0,0.0,0.0,0.0,0.0,0.0,1.0,0.0,0.0,0.0,0.0,1.0,0.0,0.0,0.0,0.0,0.0,0.0,0.0,0.0,0.5433708530655167,0.5009477047375089,-0.042423148328007754,0.5433708530655167,0.5237753460925613,-0.019595506972955423,0.5433708530655167,0.5637831763362329,0.02041232327071618,0.5433708530655167,0.5652716781972118,0.021900825131695112,0.5433708530655167,0.5226093437793522,-0.020761509286164492,0.5433708530655167,0.5418826003202046,-0.0014882527453120575
4.0,1.0,10.0,1.0,1.0,2.0,3.0,4.0,6.0,7.0,1.0,5.0,1.0,0.0,0.0,0.0,0.0,0.0,1.0,0.0,0.0,0.0,0.0,1.0,0.0,0.0,0.0,0.0,0.0,0.0,0.0,0.0,0.0,0.0,0.0,0.0,0.0,0.0,0.0,0.0,0.8160825256918948,0.7891648472360009,-0.02691767845589388,0.8160825256918948,0.803967913046892,-0.012114612645002798,0.8160825256918948,0.8281593740324116,0.01207684834051681,0.8160825256918948,0.8290193379936536,0.012936812301758804,0.8160825256918948,0.8032302168097281,-0.012852308882166708,0.8160825256918948,0.815180778534817,-0.0009017471570778035
4.0,1.0,3.0,1.0,1.0,4.0,1.0,4.0,4.0,5.0,5.0,5.0,0.0,0.0,0.0,0.0,0.0,0.0,1.0,0.0,0.0,0.0,0.0,0.0,1.0,0.0,0.0,0.0,0.0,0.0,0.0,1.0,0.0,0.0,0.0,0.0,0.0,0.0,0.0,0.0,0.8551146771650013,0.8327388000540383,-0.022375877110963005,0.8551146771650013,0.8450830449044276,-0.010031632260573686,0.8551146771650013,0.8650523218605769,0.009937644695575565,0.8551146771650013,0.8657575854551679,0.010642908290166564,,,,0.8551146771650013,0.854370153822947,-0.0007445233420543262
7.0,1.0,10.0,1.0,3.0,5.0,2.0,3.0,2.0,5.0,2.0,9.0,0.0,0.0,0.0,0.0,0.0,0.0,1.0,0.0,0.0,0.0,0.0,0.0,1.0,0.0,0.0,0.0,0.0,0.0,0.0,1.0,0.0,0.0,0.0,0.0,0.0,0.0,0.0,0.0,0.7481583317463399,0.7147739616788303,-0.033384370067509606,0.7481583317463399,0.7330332038114513,-0.015125127934888627,0.7481583317463399,0.7634022896915038,0.015243957945163866,0.7481583317463399,0.7644941685542505,0.01633583680791051,0.7481583317463399,0.7321175139348968,-0.016040817811443175,0.7481583317463399,0.7470267872942389,-0.0011315444521010631
3.0,2.0,2.0,4.0,1.0,3.0,2.0,3.0,5.0,6.0,2.0,6.0,0.0,1.0,0.0,0.0,0.0,0.0,0.0,0.0,0.0,0.0,0.0,0.0,0.0,0.0,0.0,0.0,0.0,0.0,0.0,0.0,0.0,0.0,0.0,0.0,0.0,1.0,0.0,0.0,0.7007100183391588,0.6638617807192536,-0.03684823761990519,0.7007100183391588,0.6839390777590778,-0.016770940580080995,0.7007100183391588,0.7177424842899368,0.01703246595077801,0.7007100183391588,0.7189675080807051,0.018257489741546284,0.7007100183391588,0.6829278336998159,-0.01778218463934289,0.7007100183391588,0.6994509268553397,-0.0012590914838190859
4.0,1.0,5.0,3.0,1.0,5.0,2.0,4.0,8.0,7.0,5.0,7.0,0.0,0.0,0.0,0.0,0.0,0.0,0.0,0.0,0.0,0.0,0.0,1.0,0.0,0.0,0.0,0.0,0.0,0.0,0.0,0.0,0.0,0.0,0.0,0.0,0.0,0.0,0.0,0.0,0.8819647521967109,0.8630715576789326,-0.018893194517778267,0.8819647521967109,0.8735171977800001,-0.008447554416710745,0.8819647521967109,0.8902970221712682,0.008332269974557271,0.8819647521967109,0.8908869933271051,0.008922241130394193,,,,0.8819647521967109,0.8813390573333444,-0.0006256948633664994
5.0,3.0,5.0,2.0,2.0,4.0,2.0,4.0,8.0,7.0,3.0,10.0,0.0,0.0,0.0,0.0,0.0,0.0,1.0,0.0,0.0,0.0,0.0,0.0,1.0,0.0,0.0,0.0,0.0,0.0,0.0,1.0,0.0,0.0,0.0,0.0,0.0,0.0,0.0,0.0,0.7449699952889626,0.7113260537349244,-0.03364394155403816,0.7449699952889626,0.7297225574119258,-0.015247437877036751,0.7449699952889626,0.7603451232861966,0.015375127997234062,0.7449699952889626,0.761446701974164,0.016476706685201403,0.7449699952889626,0.7287997132674912,-0.016170282021471416,,,
3.0,1.0,9.0,1.0,2.0,5.0,3.0,4.0,5.0,5.0,2.0,6.0,1.0,0.0,0.0,0.0,0.0,0.0,1.0,0.0,1.0,0.0,0.0,0.0,0.0,0.0,0.0,0.0,0.0,0.0,0.0,0.0,0.0,0.0,0.0,0.0,0.0,0.0,0.0,0.0,0.8517578656676783,0.8289672576602812,-0.022790608007397073,0.8517578656676783,0.8415368833597077,-0.010220982307970639,0.8517578656676783,0.8618885661330696,0.010130700465391329,0.8517578656676783,0.8626077380630807,0.01084987239540236,0.8517578656676783,0.8409125889953976,-0.010845276672280746,0.8517578656676783,0.8509990983506222,-0.0007587673170561526
6.0,1.0,3.0,1.0,3.0,4.0,3.0,4.0,5.0,4.0,4.0,4.0,0.0,0.0,0.0,0.0,0.0,0.0,0.0,0.0,0.0,0.0,0.0,0.0,0.0,0.0,0.0,0.0,0.0,0.0,0.0,0.0,0.0,0.0,0.0,0.0,0.0,0.0,0.0,0.0,0.646433908286249,0.6066544494895739,-0.039779458796675105,0.646433908286249,0.6282351945950767,-0.01819871369117232,0.646433908286249,0.6650788239949111,0.018644915708662113,0.646433908286249,0.6664261863389013,0.019992278052652246,0.646433908286249,0.627142886529085,-0.019291021757164017,0.646433908286249,0.6450621423339158,-0.001371765952333237
4.0,2.0,3.0,2.0,2.0,3.0,3.0,4.0,10.0,10.0,3.0,10.0,0.0,1.0,0.0,0.0,0.0,0.0,0.0,0.0,0.0,0.0,0.0,0.0,0.0,0.0,0.0,0.0,0.0,0.0,0.0,1.0,0.0,0.0,0.0,0.0,0.0,0.0,0.0,0.0,0.5958110997520013,0.5542633577355817,-0.04154774201641964,0.5958110997520013,0.5767129238593676,-0.01909817589263374,,,,,,,0.5958110997520013,0.575571506005453,-0.020239593746548268,,,
5.0,1.0,2.0,1.0,2.0,4.0,2.0,3.0,7.0,6.0,4.0,7.0,1.0,0.0,0.0,0.0,0.0,0.0,1.0,0.0,0.0,0.0,0.0,1.0,0.0,0.0,0.0,0.0,0.0,0.0,0.0,0.0,0.0,0.0,0.0,0.0,0.0,0.0,0.0,0.0,0.7322124699552217,0.6975687711332769,-0.034643698821944846,0.7322124699552217,0.7164925669875881,-0.015719902967633592,0.7322124699552217,0.7480966483046715,0.015884178349449773,0.7322124699552217,0.749235959338454,0.017023489383232282,0.7322124699552217,0.7155421590742164,-0.016670310881005346,0.7322124699552217,0.7310350364274526,-0.0011774335277691117
2.0,3.0,6.0,4.0,2.0,1.0,1.0,2.0,5.0,4.0,1.0,5.0,0.0,0.0,1.0,0.0,0.0,0.0,0.0,1.0,0.0,0.0,0.0,0.0,0.0,0.0,0.0,0.0,0.0,1.0,0.0,0.0,0.0,0.0,0.0,0.0,0.0,1.0,0.0,0.0,0.7173065509951435,0.6815730921484214,-0.03573345884672208,0.7173065509951435,0.7010688610505644,-0.01623768994457908,0.7173065509951435,0.7337533946575485,0.01644684366240501,0.7173065509951435,0.7349345921406335,0.017628041145489992,0.7173065509951435,0.7000883908475086,-0.017218160147634887,0.7173065509951435,0.7160889903615557,-0.0012175606335877998
3.0,1.0,3.0,2.0,2.0,4.0,1.0,3.0,5.0,5.0,2.0,10.0,0.0,0.0,0.0,0.0,0.0,0.0,1.0,0.0,0.0,0.0,0.0,1.0,0.0,0.0,0.0,0.0,0.0,0.0,0.0,0.0,0.0,0.0,0.0,0.0,0.0,0.0,0.0,0.0,0.8597681121632316,0.8379747327719899,-0.021793379391241707,0.8597681121632316,0.8500021591218766,-0.009765953041354969,0.8597681121632316,0.8694353132525058,0.009667201089274213,0.8597681121632316,0.8701211096200143,0.010352997456782753,0.8597681121632316,0.8494052471159814,-0.010362865047250147,,,
5.0,1.0,3.0,1.0,2.0,4.0,2.0,4.0,8.0,7.0,4.0,10.0,0.0,1.0,0.0,0.0,0.0,0.0,0.0,0.0,0.0,0.0,0.0,0.0,1.0,0.0,0.0,0.0,0.0,0.0,0.0,0.0,0.0,0.0,0.0,0.0,0.0,0.0,0.0,0.0,0.6106487129421283,0.5695242083940314,-0.04112450454809691,0.6106487129421283,0.5917712637976015,-0.018877449144526826,0.6106487129421283,0.6301008987798286,0.019452185837700253,0.6106487129421283,0.6315110118832912,0.02086229894116287,0.6106487129421283,0.5906416291802864,-0.020007083761841904,,,
7.0,1.0,7.0,1.0,1.0,4.0,1.0,4.0,10.0,7.0,4.0,10.0,0.0,0.0,0.0,0.0,0.0,0.0,1.0,0.0,0.0,0.0,0.0,1.0,0.0,0.0,0.0,0.0,0.0,0.0,0.0,0.0,0.0,0.0,1.0,0.0,0.0,0.0,0.0,0.0,0.8824644077485856,0.8636388248211185,-0.018825582927467055,0.8824644077485856,0.8740475059523316,-0.008416901796253984,,,,0.8824644077485856,0.8913535327162737,0.008889124967688122,0.8824644077485856,0.8735320447530863,-0.008932362995499266,,,
5.0,1.0,6.0,1.0,2.0,4.0,3.0,3.0,8.0,7.0,3.0,7.0,0.0,0.0,0.0,0.0,0.0,0.0,0.0,0.0,0.0,0.0,0.0,1.0,0.0,0.0,0.0,0.0,0.0,0.0,0.0,0.0,0.0,0.0,0.0,0.0,0.0,0.0,0.0,0.0,0.8409234906937751,0.8168254254878702,-0.02409806520590496,0.8409234906937751,0.8301045025676076,-0.01081898812616755,0.8409234906937751,0.8516656572984209,0.010742166604645775,0.8409234906937751,0.8524289474259543,0.011505456732179176,0.8409234906937751,0.8294442965758932,-0.011479194117881897,0.8409234906937751,0.8401196776185551,-0.000803813075220039
4.0,1.0,4.0,1.0,1.0,4.0,1.0,3.0,10.0,8.0,5.0,10.0,0.0,1.0,0.0,0.0,0.0,0.0,0.0,0.0,0.0,0.0,0.0,0.0,0.0,0.0,0.0,0.0,0.0,0.0,0.0,0.0,0.0,0.0,0.0,0.0,0.0,0.0,0.0,0.0,0.8116322806161015,0.7842354804764184,-0.027396800139683042,0.8116322806161015,0.7992966237501341,-0.012335656865967382,,,,0.8116322806161015,0.8248149273313539,0.013182646715252377,,,,,,
2.0,2.0,4.0,4.0,4.0,5.0,4.0,2.0,9.0,6.0,2.0,6.0,0.0,0.0,1.0,0.0,0.0,0.0,1.0,0.0,0.0,0.0,0.0,0.0,0.0,0.0,0.0,0.0,1.0,0.0,0.0,0.0,0.0,0.0,0.0,0.0,0.0,1.0,0.0,0.0,0.4491041288898684,0.40747325729698247,-0.04163087159288592,0.4491041288898684,0.4297090376308741,-0.0193950912589943,0.4491041288898684,0.46961717643588197,0.020513047546013574,0.4491041288898684,0.47112557418294043,0.02202144529307204,0.4491041288898684,0.42856399268129436,-0.020540136208574034,0.4491041288898684,0.4476209695947876,-0.0014831592950808048
3.0,3.0,2.0,3.0,2.0,3.0,2.0,4.0,7.0,6.0,2.0,3.0,0.0,0.0,1.0,0.0,0.0,0.0,1.0,0.0,0.0,0.0,0.0,1.0,0.0,0.0,0.0,0.0,0.0,0.0,0.0,0.0,0.0,1.0,0.0,0.0,0.0,0.0,0.0,0.0,0.4089037062263955,0.36850658947600384,-0.04039711675039165,0.4089037062263955,0.3900156157484326,-0.018888090477962916,0.4089037062263955,0.42901050148493874,0.020106795258543253,0.4089037062263955,0.43049433544516164,0.021590629218766144,0.4089037062263955,0.38890421232258093,-0.019999493903814558,0.4089037062263955,0.4074551149444143,-0.0014485912819812152
3.0,2.0,4.0,1.0,2.0,4.0,2.0,4.0,7.0,7.0,3.0,6.0,1.0,0.0,0.0,0.0,0.0,0.0,0.0,0.0,1.0,0.0,0.0,0.0,0.0,0.0,0.0,0.0,0.0,0.0,0.0,0.0,0.0,0.0,0.0,0.0,0.0,0.0,0.0,0.0,0.8366589016027471,0.8120591890821803,-0.024599712520566808,0.8366589016027471,0.8256100217780704,-0.011048879824676727,0.8366589016027471,0.847636870789505,0.010977969186757863,0.8366589016027471,0.8484172022082311,0.011758300605483996,0.8366589016027471,0.8249360337774045,-0.011722867825342598,0.8366589016027471,0.8358377462873466,-0.0008211553154005014
3.0,1.0,5.0,1.0,3.0,5.0,2.0,3.0,7.0,7.0,4.0,6.0,0.0,0.0,0.0,1.0,0.0,0.0,1.0,0.0,0.0,0.0,0.0,0.0,0.0,0.0,0.0,0.0,0.0,0.0,0.0,0.0,0.0,0.0,0.0,0.0,0.0,0.0,0.0,0.0,0.6767785366442135,0.6385039378292168,-0.03827459881499673,0.6767785366442135,0.6593185734215566,-0.01745996322265686,0.6767785366442135,0.6945793041190428,0.017800767474829282,0.6767785366442135,0.695862259313414,0.019083722669200553,0.6767785366442135,0.6582679150832728,-0.018510621560940743,0.6767785366442135,0.6754653962707171,-0.001313140373496391
3.0,3.0,3.0,1.0,1.0,3.0,2.0,3.0,7.0,7.0,4.0,9.0,1.0,0.0,0.0,0.0,0.0,0.0,0.0,0.0,0.0,0.0,0.0,1.0,0.0,0.0,0.0,0.0,0.0,0.0,0.0,0.0,0.0,0.0,0.0,0.0,0.0,0.0,0.0,0.0,0.8017489966286868,0.7733162127194829,-0.028432783909203896,0.8017489966286868,0.7889344241283606,-0.012814572500326249,0.8017489966286868,0.8145531694740565,0.012804172845369721,0.8017489966286868,0.8154660523186975,0.013717055690010693,0.8017489966286868,0.7881550617402523,-0.013593934888434522,0.8017489966286868,0.8007941268898341,-0.0009548697388527261
6.0,1.0,9.0,1.0,2.0,3.0,3.0,4.0,7.0,7.0,3.0,5.0,0.0,0.0,0.0,0.0,0.0,0.0,0.0,0.0,0.0,0.0,0.0,0.0,0.0,1.0,0.0,0.0,0.0,0.0,0.0,0.0,0.0,0.0,1.0,0.0,0.0,0.0,0.0,0.0,0.7981141830326666,0.7693100958654425,-0.028804087167224046,0.7981141830326666,0.7851276300112052,-0.012986553021461344,0.7981141830326666,0.8110978010483507,0.01298361801568415,0.7981141830326666,0.8120237680262532,0.013909584993586632,0.7981141830326666,0.7843380534876827,-0.013776129544983862,0.7981141830326666,0.7971462358365097,-0.0009679471961568931
7.0,1.0,7.0,1.0,3.0,4.0,2.0,3.0,7.0,7.0,3.0,7.0,0.0,0.0,0.0,0.0,0.0,0.0,1.0,0.0,0.0,0.0,0.0,0.0,0.0,0.0,0.0,0.0,0.0,0.0,0.0,0.0,0.0,0.0,1.0,0.0,0.0,0.0,0.0,0.0,0.756789296791813,0.7241271742406121,-0.03266212255120082,0.756789296791813,0.7420037761790076,-0.014785520612805358,0.756789296791813,0.7716702634828223,0.014880966691009356,0.756789296791813,0.7727353453657783,0.01594604857396531,0.756789296791813,0.7411079882399257,-0.015681308551887208,0.756789296791813,0.7556838682045758,-0.0011054285872371672
2.0,1.0,8.0,1.0,1.0,5.0,1.0,3.0,6.0,7.0,4.0,5.0,0.0,1.0,0.0,0.0,0.0,0.0,0.0,0.0,0.0,0.0,0.0,0.0,0.0,0.0,0.0,0.0,1.0,0.0,0.0,0.0,0.0,0.0,0.0,0.0,0.0,0.0,0.0,0.0,0.8535537770925326,0.8309844835780535,-0.022569293514479005,0.8535537770925326,0.8434338582837836,-0.010119918808748962,0.8535537770925326,0.8635814036735647,0.010027626581032179,0.8535537770925326,0.8642931486182607,0.010739371525728125,0.8535537770925326,0.8428156414833178,-0.010738135609214772,0.8535537770925326,0.8528026134583575,-0.000751163634175045
5.0,1.0,1.0,2.0,2.0,5.0,2.0,4.0,5.0,5.0,3.0,7.0,0.0,0.0,0.0,0.0,1.0,0.0,1.0,0.0,0.0,0.0,0.0,0.0,0.0,0.0,0.0,0.0,1.0,0.0,0.0,0.0,0.0,0.0,0.0,0.0,0.0,0.0,0.0,1.0,0.697448876063275,0.6603937253601695,-0.0370551507031055,0.697448876063275,0.6805784979400286,-0.016870378123246432,0.697448876063275,0.71459133883148,0.01714246276820497,0.697448876063275,0.7158246240504635,0.01837574798718855,0.697448876063275,0.6795615392637605,-0.017887336799514486,0.697448876063275,0.6961820137226432,-0.0012668623406317803
4.0,1.0,2.0,1.0,1.0,3.0,2.0,3.0,8.0,8.0,2.0,8.0,0.0,0.0,0.0,0.0,0.0,0.0,0.0,0.0,0.0,0.0,0.0,1.0,0.0,0.0,0.0,0.0,0.0,0.0,0.0,0.0,0.0,0.0,0.0,0.0,0.0,0.0,0.0,0.0,0.895891965699484,0.8789219811271378,-0.01696998457234622,0.895891965699484,0.8883149352486416,-0.007577030450842459,0.895891965699484,0.9033488332758786,0.007456867576394521,0.895891965699484,0.9038761915839917,0.007984225884507645,0.895891965699484,0.8878503715742464,-0.008041594125237639,0.895891965699484,0.8953313362745051,-0.0005606294249789201
7.0,3.0,8.0,2.0,4.0,4.0,1.0,4.0,10.0,10.0,5.0,10.0,0.0,0.0,0.0,0.0,0.0,0.0,1.0,0.0,1.0,0.0,0.0,0.0,0.0,0.0,0.0,0.0,0.0,0.0,0.0,1.0,0.0,0.0,0.0,0.0,0.0,0.0,0.0,0.0,0.6887037210769799,0.6511132852364814,-0.03759043584049848,0.6887037210769799,0.6715753332521632,-0.017128387824816627,,,,,,,,,,,,
4.0,1.0,6.0,1.0,1.0,2.0,5.0,2.0,3.0,9.0,2.0,7.0,0.0,0.0,1.0,0.0,0.0,0.0,1.0,0.0,0.0,1.0,0.0,0.0,0.0,0.0,0.0,0.0,0.0,0.0,0.0,0.0,0.0,0.0,0.0,0.0,0.0,0.0,0.0,0.0,,,,0.5262435378660161,0.5065804641832149,-0.01966307368280118,0.5262435378660161,0.5467828909111923,0.02053935304517618,0.5262435378660161,0.5482829237285806,0.022039385862564487,0.5262435378660161,0.5054121158159567,-0.02083142205005939,0.5262435378660161,0.5247482871008226,-0.0014952507651935232
2.0,1.0,3.0,1.0,1.0,5.0,1.0,2.0,8.0,10.0,3.0,9.0,0.0,0.0,0.0,0.0,0.0,0.0,0.0,0.0,0.0,0.0,0.0,1.0,0.0,0.0,0.0,0.0,0.0,0.0,0.0,0.0,0.0,0.0,0.0,0.0,0.0,0.0,0.0,0.0,0.9580336356215504,0.9506348244799984,-0.007398811141552053,0.9580336356215504,0.9547508748557154,-0.003282760765835002,0.9580336356215504,0.961232135398935,0.0031984997773846224,,,,0.9580336356215504,0.9545485177023655,-0.0034851179191849324,0.9580336356215504,0.9577918779000788,-0.00024175772147161378
4.0,1.0,9.0,1.0,2.0,2.0,2.0,4.0,8.0,8.0,4.0,8.0,0.0,0.0,0.0,0.0,0.0,0.0,0.0,0.0,0.0,0.0,0.0,0.0,1.0,0.0,0.0,0.0,0.0,0.0,0.0,0.0,0.0,0.0,0.0,0.0,0.0,0.0,0.0,0.0,0.8321341631771723,0.8070101960429561,-0.025123967134216163,0.8321341631771723,0.8208447551573693,-0.011289408019802938,0.8321341631771723,0.8433593002908246,0.011225137113652361,0.8321341631771723,0.844157511547455,0.012023348370282738,0.8321341631771723,0.8201563619888417,-0.011977801188330583,0.8321341631771723,0.8312948476348762,-0.0008393155422961041
7.0,1.0,10.0,1.0,2.0,4.0,2.0,5.0,10.0,10.0,4.0,10.0,1.0,0.0,0.0,0.0,0.0,0.0,1.0,0.0,0.0,0.0,0.0,0.0,0.0,1.0,0.0,0.0,0.0,0.0,0.0,0.0,0.0,0.0,1.0,0.0,0.0,0.0,0.0,0.0,0.7669684528218295,0.7351950191974315,-0.031773433624397995,,,,,,,,,,0.7669684528218295,0.751728148000307,-0.015240304821522499,,,
5.0,1.0,3.0,1.0,2.0,5.0,2.0,3.0,8.0,8.0,3.0,7.0,0.0,0.0,0.0,0.0,0.0,0.0,1.0,0.0,0.0,1.0,0.0,0.0,0.0,0.0,0.0,0.0,0.0,0.0,0.0,0.0,0.0,0.0,0.0,0.0,0.0,0.0,0.0,0.0,0.8256606768166397,0.799800937675406,-0.02585973914123363,0.8256606768166397,0.814033204928366,-0.011627471888273733,0.8256606768166397,0.8372340223648191,0.011573345548179459,0.8256606768166397,0.8380574532799299,0.012396776463290182,0.8256606768166397,0.813324591012314,-0.012336085804325658,0.8256606768166397,0.8247958091561579,-0.0008648676604817718
4.0,3.0,5.0,1.0,2.0,4.0,2.0,3.0,7.0,7.0,4.0,7.0,0.0,0.0,0.0,0.0,0.0,0.0,1.0,0.0,0.0,0.0,0.0,0.0,0.0,1.0,0.0,0.0,0.0,0.0,0.0,0.0,0.0,0.0,0.0,1.0,0.0,0.0,0.0,0.0,0.7585698008387691,0.7260602385834308,-0.0325095622553383,0.7585698008387691,0.7438558866463468,-0.014713914192422295,0.7585698008387691,0.7733744496192407,0.014804648780471608,0.7585698008387691,0.7744339057412084,0.01586410490243928,0.7585698008387691,0.7429643017691554,-0.015605499069613726,0.7585698008387691,0.7574698714327951,-0.0010999294059740317
4.0,1.0,9.0,1.0,2.0,5.0,3.0,3.0,6.0,5.0,5.0,8.0,0.0,0.0,0.0,1.0,0.0,0.0,1.0,0.0,0.0,0.0,0.0,0.0,1.0,0.0,0.0,0.0,0.0,0.0,0.0,0.0,0.0,0.0,0.0,0.0,0.0,0.0,0.0,0.0,0.6513925827783692,0.6118360206498278,-0.03955656212854142,0.6513925827783692,0.6333043184904128,-0.0180882642879564,0.6513925827783692,0.6699095338045041,0.01851695102613493,0.6513925827783692,0.6712470687191328,0.019854485940763555,,,,0.6513925827783692,0.6500296399460155,-0.0013629428323537196
4.0,3.0,2.0,1.0,3.0,4.0,3.0,4.0,5.0,3.0,2.0,5.0,0.0,0.0,1.0,0.0,0.0,0.0,1.0,0.0,0.0,0.0,0.0,0.0,0.0,0.0,0.0,0.0,0.0,0.0,0.0,0.0,0.0,0.0,0.0,1.0,0.0,0.0,0.0,0.0,0.3254881487200783,0.28929862783488697,-0.03618952088519134,0.3254881487200783,0.30844257114379536,-0.017045577576282944,0.3254881487200783,0.3438794520341056,0.018391303314027274,0.3254881487200783,0.34524687585314323,0.019758727133064924,0.3254881487200783,0.3074464592775056,-0.018041689442572728,0.3254881487200783,0.32417300176429187,-0.0013151469557864393
4.0,2.0,9.0,1.0,2.0,4.0,4.0,2.0,7.0,6.0,2.0,6.0,0.0,0.0,0.0,0.0,0.0,0.0,0.0,0.0,0.0,0.0,0.0,0.0,1.0,0.0,0.0,0.0,0.0,0.0,0.0,0.0,0.0,0.0,0.0,0.0,0.0,0.0,0.0,0.0,0.8264411664849626,0.8006692481668489,-0.02577191831811365,0.8264411664849626,0.8148540763003298,-0.011587090184632776,0.8264411664849626,0.8379728675523582,0.01153170106739565,0.8264411664849626,0.8387932803624055,0.01235211387744295,0.8264411664849626,0.8141478761333089,-0.012293290351653718,0.8264411664849626,0.8255793527676221,-0.0008618137173405094
5.0,3.0,1.0,3.0,3.0,4.0,3.0,1.0,7.0,7.0,4.0,8.0,0.0,0.0,1.0,0.0,0.0,0.0,0.0,0.0,0.0,0.0,0.0,0.0,0.0,0.0,0.0,1.0,0.0,0.0,0.0,0.0,0.0,0.0,1.0,0.0,0.0,0.0,0.0,0.0,0.2876012459482179,0.25403767535086763,-0.03356357059735027,0.2876012459482179,0.27174044013967796,-0.015860805808539935,0.2876012459482179,0.3048192261309044,0.0172179801826865,0.2876012459482179,0.30610379148898803,0.018502545540770132,0.2876012459482179,0.2708164409559489,-0.016784804992268976,0.2876012459482179,0.28637418854597757,-0.001227057402240328
3.0,1.0,2.0,1.0,1.0,5.0,2.0,4.0,4.0,7.0,2.0,3.0,0.0,1.0,0.0,0.0,0.0,0.0,0.0,0.0,0.0,0.0,0.0,1.0,0.0,0.0,0.0,0.0,0.0,0.0,0.0,0.0,0.0,0.0,0.0,0.0,0.0,0.0,0.0,0.0,0.7917416264331557,0.762299120835133,-0.02944250559802275,0.7917416264331557,0.7784589374510732,-0.013282688982082513,0.7917416264331557,0.8050349602111155,0.013293333777959826,0.7917416264331557,0.8059835373597419,0.014241910926586221,0.7917416264331557,0.7776517957598781,-0.014089830673277626,0.7917416264331557,0.790751136299492,-0.0009904901336637018
3.0,1.0,7.0,1.0,1.0,4.0,2.0,3.0,8.0,8.0,3.0,10.0,0.0,0.0,0.0,0.0,0.0,0.0,1.0,0.0,1.0,0.0,0.0,0.0,0.0,0.0,0.0,0.0,0.0,0.0,0.0,0.0,0.0,0.0,0.0,0.0,0.0,0.0,0.0,0.0,0.9377842993828752,0.9270871652909957,-0.010697134091879557,0.9377842993828752,0.9330282907893405,-0.004756008593534755,0.9377842993828752,0.9424333829606367,0.004649083577761504,0.9377842993828752,0.9427609966644243,0.004976697281549036,0.9377842993828752,0.9327356328448262,-0.005048666538049029,,,
4.0,1.0,10.0,2.0,1.0,4.0,1.0,5.0,8.0,8.0,4.0,10.0,0.0,0.0,0.0,0.0,0.0,1.0,1.0,0.0,0.0,0.0,0.0,0.0,1.0,0.0,0.0,0.0,0.0,0.0,0.0,1.0,0.0,0.0,0.0,0.0,0.0,0.0,0.0,0.0,0.8268220854327254,0.8010931166148295,-0.02572896881789588,,,,0.8268220854327254,0.8383334281911571,0.011511342758431686,0.8268220854327254,0.8391523657633675,0.012330280330642096,0.8268220854327254,0.8145497214513883,-0.012272363981337131,,,
4.0,1.0,6.0,1.0,5.0,5.0,2.0,4.0,6.0,7.0,2.0,6.0,0.0,0.0,0.0,0.0,0.0,0.0,0.0,0.0,0.0,0.0,0.0,0.0,1.0,0.0,0.0,0.0,0.0,0.0,0.0,0.0,0.0,0.0,0.0,0.0,0.0,0.0,0.0,0.0,0.7058081206282812,0.6692913177668067,-0.03651680286147452,0.7058081206282812,0.689196142867482,-0.016611977760799257,0.7058081206282812,0.7226652869122222,0.01685716628394096,0.7058081206282812,0.7238771647775035,0.01806904414922228,0.7058081206282812,0.6881940506699833,-0.01761406995829795,0.7058081206282812,0.7045614337037,-0.0012466869245812973
6.0,1.0,7.0,1.0,2.0,2.0,1.0,3.0,7.0,7.0,3.0,9.0,0.0,0.0,0.0,0.0,0.0,0.0,0.0,0.0,0.0,0.0,1.0,0.0,0.0,0.0,0.0,0.0,0.0,0.0,0.0,0.0,0.0,0.0,0.0,0.0,0.0,0.0,0.0,0.0,0.8572086064302812,0.8350937491949842,-0.022114857235296936,0.8572086064302812,0.8472960643632245,-0.009912542067056718,0.8572086064302812,0.8670249631065988,0.009816356676317639,0.8572086064302812,0.8677214937360759,0.010512887305794694,0.8572086064302812,0.8466903258394848,-0.010518280590796403,0.8572086064302812,0.856473037148484,-0.0007355692817971882
6.0,1.0,3.0,1.0,2.0,2.0,2.0,4.0,8.0,6.0,4.0,6.0,0.0,0.0,0.0,0.0,0.0,0.0,1.0,0.0,0.0,0.0,0.0,0.0,0.0,1.0,0.0,0.0,0.0,0.0,0.0,1.0,0.0,0.0,0.0,0.0,0.0,0.0,0.0,0.0,0.7129829144117048,0.6769490682497831,-0.036033846161921734,0.7129829144117048,0.6966019208339572,-0.016380993577747582,0.7129829144117048,0.7295864745952129,0.01660356018350806,0.7129829144117048,0.7307793756881509,0.017796461276446074,0.7129829144117048,0.6956131606176785,-0.017369753794026277,0.7129829144117048,0.7117542149874329,-0.0012286994242719507
7.0,1.0,3.0,1.0,3.0,4.0,2.0,4.0,9.0,10.0,4.0,9.0,0.0,1.0,0.0,0.0,0.0,0.0,0.0,0.0,0.0,0.0,0.0,1.0,0.0,0.0,0.0,0.0,0.0,0.0,0.0,0.0,0.0,0.0,1.0,0.0,0.0,0.0,0.0,0.0,0.5335728315497476,0.491091949187657,-0.04248088236209058,0.5335728315497476,0.5139329822360765,-0.01963984931367102,0.5335728315497476,0.554063693541907,0.020490861992159437,,,,0.5335728315497476,0.5127652987277975,-0.020807532821950026,0.5335728315497476,0.5320801445552031,-0.0014926869945444121
4.0,1.0,5.0,2.0,1.0,5.0,1.0,3.0,7.0,7.0,4.0,8.0,0.0,1.0,0.0,0.0,0.0,0.0,1.0,0.0,0.0,0.0,0.0,0.0,1.0,0.0,0.0,0.0,0.0,0.0,0.0,1.0,0.0,0.0,0.0,0.0,0.0,0.0,0.0,0.0,0.779657770431554,0.7490483933553891,-0.030609377076164956,0.779657770431554,0.7658323211579965,-0.013825449273557555,0.779657770431554,0.7935212743831214,0.013863503951567324,0.779657770431554,0.7945115709692273,0.014853800537673267,0.779657770431554,0.7649930644604008,-0.014664705971153214,0.779657770431554,0.7786258779930801,-0.0010318924384739026
5.0,3.0,8.0,3.0,3.0,3.0,3.0,4.0,8.0,8.0,5.0,8.0,0.0,1.0,0.0,0.0,0.0,0.0,1.0,0.0,0.0,0.0,0.0,1.0,0.0,0.0,0.0,0.0,0.0,0.0,0.0,0.0,0.0,0.0,0.0,0.0,0.0,0.0,0.0,1.0,0.32072642895223413,0.28484276466621516,-0.03588366428601897,0.32072642895223413,0.30381789735332443,-0.016908531598909704,0.32072642895223413,0.33898389400434936,0.01825746505211523,0.32072642895223413,0.3403419487169572,0.01961551976472309,,,,0.32072642895223413,0.31942141066438107,-0.0013050182878530658
3.0,1.0,5.0,1.0,2.0,3.0,2.0,4.0,8.0,7.0,4.0,8.0,0.0,0.0,0.0,0.0,0.0,0.0,0.0,0.0,0.0,0.0,0.0,1.0,0.0,0.0,0.0,0.0,0.0,0.0,0.0,0.0,0.0,0.0,0.0,0.0,0.0,0.0,0.0,0.0,0.8566367977574034,0.8344504845695525,-0.022186313187850915,0.8566367977574034,0.8466916601371236,-0.00994513762027982,0.8566367977574034,0.8664863414382222,0.009849543680818806,0.8566367977574034,0.8671852612140095,0.010548463456606094,0.8566367977574034,0.8460839596152347,-0.010552838142168675,0.8566367977574034,0.8558987780546304,-0.0007380197027729851
4.0,1.0,5.0,1.0,4.0,2.0,3.0,3.0,7.0,6.0,3.0,7.0,0.0,0.0,0.0,0.0,0.0,0.0,1.0,0.0,0.0,0.0,0.0,0.0,0.0,0.0,0.0,0.0,0.0,0.0,0.0,0.0,0.0,0.0,0.0,0.0,0.0,0.0,0.0,0.0,0.6192540773472325,0.5784109804060696,-0.04084309694116284,0.6192540773472325,0.6005209098054767,-0.018733167541755802,0.6192540773472325,0.6385308278799315,0.01927675053269906,0.6192540773472325,0.6399271690978698,0.020673091750637362,0.6192540773472325,0.5993990967159031,-0.0198549806313294,0.6192540773472325,0.6178392007015789,-0.00141487664565354
5.0,1.0,4.0,1.0,1.0,5.0,1.0,3.0,8.0,9.0,3.0,8.0,0.0,0.0,0.0,0.0,1.0,0.0,1.0,0.0,0.0,1.0,0.0,0.0,0.0,0.0,0.0,0.0,0.0,0.0,0.0,0.0,0.0,0.0,0.0,0.0,0.0,0.0,0.0,0.0,0.8890456321515553,0.8711202109842071,-0.017925421167348188,0.8890456321515553,0.8810364878123584,-0.00800914433919686,0.8890456321515553,0.8969364638352417,0.007890831683686428,0.8890456321515553,0.8974948398359851,0.008449207684429805,0.8890456321515553,0.8805457200184759,-0.008499912133079435,0.8890456321515553,0.8884527251429603,-0.000592907008595045
3.0,1.0,7.0,3.0,2.0,1.0,4.0,3.0,4.0,6.0,2.0,6.0,0.0,1.0,0.0,0.0,0.0,0.0,1.0,0.0,0.0,0.0,0.0,0.0,0.0,0.0,0.0,0.0,1.0,0.0,0.0,1.0,0.0,0.0,0.0,0.0,0.0,0.0,0.0,0.0,0.4081752697501508,0.3678053382855634,-0.040369931464587394,0.4081752697501508,0.38929866653379064,-0.018876603216360144,0.4081752697501508,0.4282721982630729,0.020096928512922108,0.4081752697501508,0.42975540059207806,0.02158013084192728,0.4081752697501508,0.38818800597972036,-0.01998726377043042,0.4081752697501508,0.4067274833752028,-0.001447786374947968
4.0,1.0,7.0,1.0,2.0,3.0,2.0,4.0,6.0,7.0,4.0,7.0,0.0,0.0,0.0,0.0,0.0,0.0,1.0,0.0,0.0,0.0,0.0,0.0,1.0,0.0,0.0,0.0,0.0,0.0,0.0,0.0,0.0,0.0,0.0,0.0,0.0,0.0,0.0,0.0,0.803942937178919,0.7757367907435021,-0.028206146435416857,0.803942937178919,0.791233250516049,-0.012709686662869979,0.803942937178919,0.8166378194303542,0.012694882251435224,0.803942937178919,0.8175427389890121,0.013599801810093126,0.803942937178919,0.7904601220548519,-0.013482815124067016,0.803942937178919,0.8029960379751446,-0.0009468992037743318
3.0,1.0,8.0,1.0,2.0,4.0,3.0,3.0,9.0,8.0,3.0,5.0,0.0,0.0,0.0,0.0,0.0,0.0,0.0,0.0,0.0,0.0,0.0,1.0,0.0,0.0,0.0,0.0,0.0,0.0,0.0,0.0,0.0,0.0,0.0,0.0,0.0,0.0,0.0,0.0,0.8950588069259439,0.8779715127189427,-0.01708729420700117,0.8950588069259439,0.88742875808543,-0.007630048840513881,0.8950588069259439,0.9025688605756851,0.007510053649741222,0.8950588069259439,0.9031000181474557,0.008041211221511801,0.8950588069259439,0.886960977344606,-0.008097829581337868,0.8950588069259439,0.8944942192519484,-0.0005645876739954758
5.0,3.0,4.0,3.0,4.0,5.0,2.0,4.0,8.0,7.0,5.0,8.0,0.0,0.0,0.0,0.0,0.0,0.0,1.0,0.0,0.0,0.0,0.0,1.0,0.0,0.0,0.0,0.0,0.0,0.0,0.0,1.0,0.0,0.0,0.0,0.0,0.0,0.0,0.0,0.0,0.5730680732767505,0.5310226656895825,-0.042045407587168016,0.5730680732767505,0.5537002344285381,-0.01936783884821236,0.5730680732767505,0.5931468647159125,0.020078791439162025,0.5730680732767505,0.5946072168424512,0.021539143565700747,,,,0.5730680732767505,0.5716003001286667,-0.001467773148083773
3.0,2.0,7.0,1.0,2.0,5.0,3.0,3.0,6.0,7.0,3.0,8.0,0.0,0.0,0.0,0.0,0.0,0.0,1.0,0.0,0.0,0.0,0.0,0.0,0.0,0.0,0.0,0.0,0.0,0.0,0.0,0.0,0.0,0.0,0.0,0.0,0.0,0.0,0.0,0.0,0.8558879091324672,0.833608212211817,-0.022279696920650127,0.8558879091324672,0.8459001662941924,-0.009987742838274749,0.8558879091324672,0.8657808425752591,0.009892933442791962,0.8558879091324672,0.8664828864297853,0.010594977297318176,0.8558879091324672,0.8452899016389381,-0.010598007493529016,0.8558879091324672,0.855146686121847,-0.0007412230106201845
4.0,1.0,3.0,1.0,1.0,5.0,1.0,3.0,10.0,10.0,4.0,10.0,0.0,1.0,0.0,0.0,0.0,0.0,1.0,0.0,1.0,0.0,0.0,0.0,0.0,0.0,0.0,0.0,0.0,0.0,0.0,0.0,0.0,0.0,0.0,0.0,0.0,0.0,0.0,0.0,0.8631575218957299,0.8417939625254709,-0.021363559370259022,0.8631575218957299,0.8535874157178447,-0.00957010617788523,,,,,,,0.8631575218957299,0.8530023037553058,-0.010155218140424083,,,
7.0,1.0,3.0,4.0,1.0,4.0,1.0,3.0,9.0,9.0,4.0,9.0,0.0,1.0,0.0,0.0,0.0,0.0,0.0,0.0,0.0,0.0,0.0,0.0,0.0,0.0,0.0,0.0,0.0,0.0,0.0,1.0,0.0,0.0,0.0,0.0,0.0,0.0,0.0,0.0,0.6739632092073193,0.6355347654324196,-0.038428443774899734,0.6739632092073193,0.6564283705315338,-0.017534838675785536,0.6739632092073193,0.691848428299513,0.01788521909219365,0.6739632092073193,0.6931377868563489,0.019174577649029523,0.6739632092073193,0.6553734578569164,-0.018589751350402972,0.6739632092073193,0.6726441635005397,-0.0013190457067796535
4.0,1.0,3.0,1.0,2.0,2.0,2.0,3.0,8.0,8.0,4.0,8.0,1.0,0.0,0.0,0.0,0.0,0.0,0.0,0.0,0.0,0.0,0.0,0.0,1.0,0.0,0.0,0.0,0.0,0.0,0.0,0.0,0.0,0.0,0.0,0.0,0.0,0.0,0.0,0.0,0.7388316059274229,0.7046988724030429,-0.034132733524380066,0.7388316059274229,0.7233534576610685,-0.015478148266354408,0.7388316059274229,0.7544548261960681,0.015623220268645155,0.7388316059274229,0.7555747761027948,0.016743170175371858,0.7388316059274229,0.7224171390532786,-0.016414466874144273,0.7388316059274229,0.7376728491841154,-0.0011587567433075652
3.0,1.0,4.0,1.0,3.0,3.0,2.0,3.0,8.0,8.0,2.0,8.0,1.0,0.0,0.0,0.0,0.0,0.0,1.0,0.0,0.0,0.0,0.0,1.0,0.0,0.0,0.0,0.0,0.0,0.0,0.0,0.0,0.0,0.0,0.0,0.0,0.0,0.0,0.0,0.0,0.756760169883473,0.7240955617838329,-0.03266460809964011,0.756760169883473,0.7419734822800036,-0.014786687603469462,0.756760169883473,0.7716423809650579,0.014882211081584829,0.756760169883473,0.7727075546012022,0.015947384717729163,0.756760169883473,0.7410776258613183,-0.015682544022154743,0.756760169883473,0.755654651653772,-0.0011055182297010635
6.0,2.0,10.0,2.0,1.0,3.0,2.0,4.0,9.0,9.0,5.0,8.0,0.0,0.0,0.0,0.0,0.0,0.0,0.0,0.0,0.0,0.0,0.0,0.0,0.0,0.0,0.0,0.0,0.0,0.0,1.0,0.0,0.0,0.0,1.0,0.0,0.0,0.0,0.0,0.0,0.7180329307872005,0.6823506290370078,-0.03568230175019271,0.7180329307872005,0.7018196196376397,-0.016213311149560816,0.7180329307872005,0.7344531590327786,0.016420228245578095,0.7180329307872005,0.7356323705578894,0.017599439770688896,,,,0.7180329307872005,0.7168172635756186,-0.00121566721158195
5.0,1.0,7.0,2.0,3.0,5.0,3.0,3.0,7.0,8.0,3.0,9.0,0.0,0.0,0.0,0.0,0.0,0.0,0.0,0.0,0.0,0.0,0.0,0.0,1.0,0.0,0.0,0.0,0.0,0.0,0.0,0.0,0.0,0.0,0.0,1.0,0.0,0.0,0.0,0.0,0.748753391050737,0.715417897864956,-0.033335493185780996,0.748753391050737,0.7336512782579545,-0.015102112792782507,0.748753391050737,0.763972693259731,0.015219302208994034,0.748753391050737,0.7650627498682825,0.016309358817545472,0.748753391050737,0.732736935419709,-0.016016455631028048,0.748753391050737,0.7476236183447013,-0.0011297727060357587
7.0,2.0,4.0,1.0,2.0,3.0,3.0,3.0,10.0,8.0,5.0,10.0,0.0,0.0,0.0,0.0,0.0,0.0,0.0,0.0,0.0,0.0,0.0,0.0,0.0,1.0,0.0,0.0,0.0,0.0,0.0,0.0,0.0,0.0,1.0,0.0,0.0,0.0,0.0,0.0,0.7181596655187307,0.6824863097736489,-0.03567335574508179,0.7181596655187307,0.701950616795554,-0.016209048723176633,,,,0.7181596655187307,0.7357541060512762,0.017594440532545552,,,,,,
5.0,1.0,9.0,3.0,1.0,3.0,2.0,3.0,8.0,8.0,4.0,7.0,0.0,0.0,0.0,0.0,0.0,0.0,1.0,0.0,0.0,0.0,0.0,0.0,1.0,0.0,0.0,0.0,0.0,0.0,0.0,1.0,0.0,0.0,0.0,0.0,0.0,0.0,0.0,0.0,0.8506031878919376,0.8276709767439567,-0.02293221114798083,0.8506031878919376,0.8403175182825539,-0.010285669609383707,0.8506031878919376,0.8607999018252499,0.01019671393331234,0.8506031878919376,0.861523831837091,0.010920643945153463,0.8506031878919376,0.8396893351400493,-0.010913852751888276,0.8506031878919376,0.849839552361643,-0.0007636355302945708
3.0,1.0,7.0,1.0,3.0,4.0,1.0,4.0,8.0,9.0,4.0,7.0,0.0,0.0,0.0,0.0,0.0,0.0,1.0,0.0,0.0,0.0,0.0,1.0,0.0,0.0,0.0,0.0,0.0,0.0,0.0,0.0,0.0,0.0,0.0,0.0,0.0,0.0,0.0,0.0,0.8616238671743163,0.8400652411034534,-0.021558626070862896,0.8616238671743163,0.8519648994724581,-0.009658967701858145,0.8616238671743163,0.8711823052584564,0.009558438084140142,0.8616238671743163,0.8718602778841805,0.010236410709864252,0.8616238671743163,0.8513744324142354,-0.010249434760080889,0.8616238671743163,0.860907351883856,-0.0007165152904602401
4.0,3.0,8.0,2.0,3.0,3.0,2.0,3.0,7.0,7.0,4.0,8.0,0.0,0.0,1.0,0.0,0.0,0.0,1.0,0.0,0.0,0.0,0.0,0.0,1.0,0.0,0.0,0.0,0.0,0.0,0.0,0.0,0.0,0.0,0.0,0.0,0.0,0.0,0.0,0.0,0.4352213417400937,0.3939570814937693,-0.0412642602463244,0.4352213417400937,0.4159730880610095,-0.01924825367908417,0.4352213417400937,0.45562472842274804,0.020403386682654345,0.4352213417400937,0.4571269186403285,0.021905576900234813,0.4352213417400937,0.41483802032323586,-0.020383321416857836,0.4352213417400937,0.43374793194966316,-0.0014734097904305354
6.0,1.0,4.0,1.0,2.0,4.0,2.0,5.0,7.0,7.0,3.0,8.0,0.0,0.0,0.0,0.0,0.0,0.0,0.0,0.0,0.0,0.0,0.0,0.0,0.0,0.0,0.0,0.0,0.0,0.0,0.0,0.0,0.0,0.0,0.0,0.0,0.0,0.0,0.0,0.0,0.8022911311344851,0.7739141738100848,-0.028376957324400376,,,,0.8022911311344851,0.8150683662279122,0.012777235093427097,0.8022911311344851,0.8159792859077621,0.013688154773277006,0.8022911311344851,0.7887245740670742,-0.013566557067410945,0.8022911311344851,0.8013382255584629,-0.0009529055760222338
6.0,3.0,4.0,2.0,4.0,4.0,4.0,2.0,7.0,5.0,5.0,5.0,0.0,0.0,0.0,0.0,0.0,0.0,1.0,0.0,0.0,0.0,0.0,0.0,0.0,1.0,0.0,0.0,0.0,0.0,0.0,0.0,0.0,0.0,0.0,0.0,0.0,0.0,0.0,0.0,0.4168281446827427,0.37614633482698107,-0.04068180985576164,0.4168281446827427,0.3978203649846948,-0.0190077796980479,0.4168281446827427,0.43703649963501684,0.020208354952274132,0.4168281446827427,0.4385267735379323,0.021698628855189583,,,,0.4168281446827427,0.4153712075839883,-0.001456937098754385
3.0,1.0,4.0,2.0,2.0,5.0,2.0,3.0,10.0,10.0,5.0,10.0,0.0,1.0,0.0,0.0,0.0,0.0,0.0,0.0,0.0,0.0,0.0,0.0,1.0,0.0,0.0,0.0,0.0,0.0,0.0,0.0,0.0,0.0,0.0,0.0,0.0,0.0,0.0,0.0,0.7439334543993126,0.7102059635936154,-0.03372749080569715,0.7439334543993126,0.7286466179776657,-0.015286836421646854,,,,,,,,,,,,
6.0,2.0,9.0,1.0,2.0,4.0,3.0,3.0,8.0,8.0,4.0,8.0,0.0,0.0,0.0,0.0,0.0,0.0,1.0,0.0,0.0,0.0,0.0,1.0,0.0,0.0,0.0,0.0,0.0,0.0,0.0,0.0,0.0,0.0,1.0,0.0,0.0,0.0,0.0,0.0,0.7995468306304577,0.7708884694299812,-0.02865836120047649,0.7995468306304577,0.7866277967182902,-0.012919033912167532,0.7995468306304577,0.8124599626765764,0.012913132046118658,0.7995468306304577,0.8133807888456152,0.013833958215157427,0.7995468306304577,0.7858422291028404,-0.013704601527617322,0.7995468306304577,0.7985840188420601,-0.0009628117883976328
5.0,6.0,2.0,3.0,1.0,5.0,2.0,3.0,0.0,0.0,1.0,0.0,0.0,0.0,1.0,0.0,0.0,0.0,1.0,0.0,0.0,0.0,0.0,0.0,0.0,0.0,0.0,0.0,0.0,0.0,0.0,0.0,0.0,1.0,0.0,0.0,0.0,0.0,0.0,0.0,0.29841570663456773,0.2640578673263808,-0.03435783930818692,0.29841570663456773,0.28219474482701806,-0.016220961807549672,0.29841570663456773,0.31599394352147564,0.017578236886907905,0.29841570663456773,0.3173041066843002,0.018888400049732468,0.29841570663456773,0.28124892617684416,-0.017166780457723574,0.29841570663456773,0.29716175545066714,-0.0012539511839005923
3.0,1.0,6.0,1.0,2.0,5.0,2.0,4.0,9.0,8.0,4.0,7.0,0.0,1.0,0.0,0.0,0.0,0.0,0.0,0.0,1.0,0.0,0.0,0.0,0.0,0.0,0.0,0.0,0.0,0.0,0.0,0.0,0.0,0.0,0.0,0.0,0.0,0.0,0.0,0.0,0.8148276451774135,0.7877740675790433,-0.027053577598370127,0.8148276451774135,0.802650362771671,-0.012177282405742451,0.8148276451774135,0.8269694234538542,0.012141778276440696,0.8148276451774135,0.827834104448262,0.013006459270848536,0.8148276451774135,0.8019089300495459,-0.012918715127867575,0.8148276451774135,0.8139211482439199,-0.0009064969334935391
6.0,1.0,3.0,1.0,2.0,4.0,2.0,3.0,4.0,5.0,3.0,3.0,0.0,0.0,0.0,0.0,0.0,0.0,1.0,0.0,0.0,0.0,0.0,0.0,0.0,0.0,0.0,0.0,0.0,0.0,0.0,0.0,0.0,0.0,0.0,0.0,0.0,0.0,0.0,0.0,0.7692352116365798,0.7376651323283167,-0.031570079308263166,0.7692352116365798,0.7549613306410472,-0.014273880995532617,0.7692352116365798,0.7835724463200878,0.014337234683508004,0.7692352116365798,0.784597506158414,0.01536229452183413,0.7692352116365798,0.7540956226782537,-0.015139588958326122,0.7692352116365798,0.7681690226586683,-0.001066188977911553
4.0,1.0,7.0,1.0,2.0,4.0,2.0,4.0,7.0,7.0,3.0,8.0,0.0,1.0,0.0,0.0,0.0,0.0,1.0,0.0,0.0,0.0,0.0,0.0,1.0,0.0,0.0,0.0,0.0,0.0,0.0,0.0,0.0,0.0,0.0,1.0,0.0,0.0,0.0,0.0,0.6203887613050333,0.57958474761039,-0.04080401369464326,0.6203887613050333,0.6016755113116259,-0.0187132499934074,0.6203887613050333,0.6396414942587387,0.019252732953705443,0.6203887613050333,0.6410359569921537,0.020647195687120368,0.6203887613050333,0.6005547838724916,-0.019833977432541672,0.6203887613050333,0.6189755067871132,-0.0014132545179200706
3.0,1.0,9.0,1.0,2.0,4.0,4.0,2.0,9.0,8.0,5.0,8.0,0.0,0.0,0.0,0.0,0.0,0.0,1.0,0.0,0.0,0.0,0.0,0.0,0.0,0.0,0.0,0.0,0.0,0.0,0.0,0.0,0.0,0.0,0.0,0.0,0.0,0.0,0.0,0.0,0.8570589818558847,0.8349254139776984,-0.022133567878186322,0.8570589818558847,0.8471379051374733,-0.009921076718411359,0.8570589818558847,0.8668840273128355,0.009825045456950843,0.8570589818558847,0.8675811834236575,0.010522201567772838,,,,0.8570589818558847,0.8563227709937681,-0.0007362108621166152
3.0,1.0,6.0,1.0,2.0,3.0,2.0,4.0,5.0,7.0,2.0,7.0,0.0,1.0,0.0,0.0,0.0,0.0,1.0,0.0,1.0,0.0,0.0,0.0,0.0,0.0,0.0,0.0,0.0,0.0,0.0,0.0,0.0,0.0,0.0,0.0,0.0,0.0,0.0,0.0,0.7220361484358953,0.6866393576407421,-0.03539679079515312,0.7220361484358953,0.7059587610883172,-0.01607738734757802,0.7220361484358953,0.738308215214901,0.016272066779005723,0.7220361484358953,0.7394763800806372,0.017440231644741955,0.7220361484358953,0.7049875803127812,-0.01704856812311406,0.7220361484358953,0.7208310302189542,-0.0012051182169410257
6.0,6.0,10.0,1.0,1.0,3.0,1.0,3.0,9.0,9.0,2.0,8.0,0.0,0.0,0.0,0.0,0.0,0.0,1.0,0.0,0.0,0.0,0.0,0.0,0.0,1.0,0.0,0.0,0.0,0.0,0.0,0.0,0.0,0.0,0.0,1.0,0.0,0.0,0.0,0.0,0.7842313884904886,0.7540569438635998,-0.030174444626888786,0.7842313884904886,0.770608478968082,-0.013622909522406523,0.7842313884904886,0.797881728940604,0.013650340450115483,0.7842313884904886,0.798856413407702,0.014625024917213403,0.7842313884904886,0.7697811942059913,-0.014450194284497231,0.7842313884904886,0.783214959373363,-0.0010164291171255169
3.0,1.0,3.0,1.0,3.0,5.0,3.0,3.0,7.0,8.0,3.0,8.0,0.0,0.0,0.0,0.0,0.0,0.0,1.0,0.0,0.0,0.0,0.0,1.0,0.0,0.0,0.0,0.0,0.0,0.0,0.0,0.0,0.0,0.0,0.0,0.0,0.0,0.0,0.0,0.0,0.8154277631836171,0.7884390981609808,-0.026988665022636305,0.8154277631836171,0.8032804178649061,-0.012147345318710978,0.8154277631836171,0.827538520180416,0.012110756996798866,0.8154277631836171,0.8284009473689988,0.012973184185381736,0.8154277631836171,0.8025407699038871,-0.012886993279729975,0.8154277631836171,0.8145235353527763,-0.0009042278308407647
2.0,2.0,7.0,4.0,3.0,3.0,3.0,3.0,7.0,7.0,1.0,5.0,0.0,0.0,0.0,0.0,0.0,0.0,0.0,0.0,0.0,0.0,0.0,0.0,0.0,0.0,0.0,0.0,1.0,0.0,0.0,0.0,0.0,0.0,0.0,0.0,0.0,1.0,0.0,0.0,0.7824294230625503,0.7520826438626271,-0.030346779199923124,0.7824294230625503,0.7687262948186503,-0.013703128243899965,0.7824294230625503,0.7961641322407893,0.013734709178239046,0.7824294230625503,0.79714499370812,0.01471557064556972,0.7824294230625503,0.7678942666110675,-0.014535156451482734,0.7824294230625503,0.7814068714306476,-0.0010225516319026795
7.0,1.0,5.0,1.0,1.0,4.0,2.0,3.0,9.0,8.0,4.0,8.0,0.0,0.0,0.0,0.0,0.0,0.0,0.0,0.0,0.0,0.0,0.0,1.0,0.0,0.0,0.0,0.0,0.0,0.0,0.0,1.0,0.0,0.0,0.0,0.0,0.0,0.0,0.0,0.0,0.8759226680054227,0.8562200155189315,-0.01970265248649128,0.8759226680054227,0.8671078492690907,-0.008814818736332053,0.8759226680054227,0.8846256618455342,0.008702993840111417,0.8759226680054227,0.8852422015879087,0.00931953358248594,0.8759226680054227,0.8665683231097464,-0.009354344895676325,0.8759226680054227,0.8752694741577819,-0.0006531938476408428
3.0,2.0,7.0,1.0,1.0,4.0,2.0,3.0,9.0,10.0,4.0,8.0,0.0,0.0,0.0,0.0,0.0,0.0,0.0,0.0,0.0,0.0,0.0,1.0,0.0,0.0,0.0,0.0,0.0,0.0,0.0,0.0,0.0,0.0,0.0,0.0,0.0,0.0,0.0,0.0,0.9248306404254304,0.9121150264297851,-0.012715613995645247,0.9248306404254304,0.9191697545734491,-0.005660885851981323,0.9248306404254304,0.9303758244481954,0.005545184022765048,,,,0.9248306404254304,0.9188218056014367,-0.006008834823993725,0.9248306404254304,0.9244126997788262,-0.00041794064660416463
6.0,5.0,2.0,1.0,1.0,4.0,3.0,2.0,8.0,6.0,5.0,4.0,0.0,0.0,1.0,0.0,0.0,0.0,0.0,0.0,0.0,0.0,0.0,0.0,1.0,0.0,0.0,0.0,0.0,0.0,0.0,1.0,0.0,0.0,0.0,0.0,0.0,0.0,0.0,0.0,0.4698397232874258,0.4277792836204033,-0.0420604396670225,0.4698397232874258,0.4502810808877629,-0.019558642399662873,0.4698397232874258,0.4904566787800829,0.02061695549265713,0.4698397232874258,0.4919699243515548,0.022130201064128996,,,,0.4698397232874258,0.46834630268894206,-0.00149342059848373
7.0,1.0,8.0,1.0,1.0,3.0,2.0,4.0,5.0,5.0,2.0,5.0,0.0,0.0,0.0,0.0,0.0,0.0,0.0,0.0,0.0,0.0,0.0,1.0,0.0,0.0,0.0,0.0,0.0,0.0,0.0,0.0,0.0,0.0,1.0,0.0,0.0,0.0,0.0,0.0,0.8458490214674268,0.822339472461247,-0.023509549006179853,0.8458490214674268,0.8352994143787342,-0.01054960708869257,0.8458490214674268,0.8563154072947059,0.010466385827279101,0.8458490214674268,0.8570587867550393,0.011209765287612528,0.8458490214674268,0.8346553745815659,-0.011193646885860886,0.8458490214674268,0.8450655115093041,-0.0007835099581227079
5.0,2.0,2.0,2.0,2.0,1.0,2.0,2.0,8.0,8.0,5.0,9.0,0.0,0.0,0.0,0.0,0.0,0.0,1.0,0.0,0.0,1.0,0.0,0.0,0.0,0.0,0.0,0.0,0.0,0.0,0.0,1.0,0.0,0.0,0.0,0.0,0.0,0.0,0.0,0.0,0.6373153392729618,0.5971493015532772,-0.04016603771968463,0.6373153392729618,0.6189239597887748,-0.01839137948418701,0.6373153392729618,0.6561853619589517,0.018870022685989918,0.6373153392729618,0.6575500800297833,0.020234740756821523,,,,0.6373153392729618,0.6359281201263403,-0.0013872191466215433
2.0,3.0,3.0,4.0,2.0,3.0,1.0,3.0,10.0,7.0,5.0,5.0,0.0,1.0,0.0,0.0,0.0,0.0,0.0,0.0,0.0,0.0,0.0,0.0,1.0,0.0,0.0,0.0,0.0,0.0,0.0,0.0,0.0,0.0,0.0,0.0,0.0,1.0,0.0,0.0,0.6553175268407487,0.6159437455056351,-0.0393737813351136,0.6553175268407487,0.6373195268352868,-0.017998000005461923,,,,0.6553175268407487,0.6750599831846983,0.019742456343949555,,,,0.6553175268407487,0.6539617774348062,-0.001355749405942519
3.0,1.0,2.0,1.0,2.0,4.0,2.0,4.0,6.0,7.0,3.0,5.0,1.0,0.0,0.0,0.0,0.0,0.0,1.0,0.0,1.0,0.0,0.0,0.0,0.0,0.0,0.0,0.0,0.0,0.0,0.0,0.0,0.0,0.0,0.0,0.0,0.0,0.0,0.0,0.0,0.8225930627052965,0.7963905131277409,-0.026202549577555634,0.8225930627052965,0.8108078783517851,-0.011785184353511391,0.8225930627052965,0.8343291878457689,0.011736125140472398,0.8225930627052965,0.8351644210096625,0.012571358304365954,0.8225930627052965,0.8100898417205301,-0.012503220984766417,0.8225930627052965,0.8217162631160051,-0.0008767995892914326
7.0,1.0,3.0,1.0,2.0,4.0,2.0,4.0,8.0,8.0,4.0,6.0,0.0,0.0,0.0,0.0,0.0,0.0,0.0,0.0,0.0,0.0,0.0,1.0,0.0,0.0,0.0,0.0,0.0,0.0,0.0,0.0,0.0,0.0,1.0,0.0,0.0,0.0,0.0,0.0,0.7996856731882206,0.7710414777514396,-0.028644195436780984,0.7996856731882206,0.7867732011901821,-0.012912471998038466,0.7996856731882206,0.8125919574943181,0.012906284306097526,0.7996856731882206,0.813512284326474,0.013826611138253453,0.7996856731882206,0.785988023263194,-0.013697649925026645,0.7996856731882206,0.7987233604044078,-0.0009623127838127576
3.0,1.0,8.0,1.0,1.0,5.0,2.0,4.0,7.0,8.0,2.0,7.0,0.0,0.0,0.0,0.0,1.0,0.0,1.0,0.0,0.0,0.0,0.0,0.0,0.0,0.0,0.0,0.0,0.0,0.0,0.0,0.0,0.0,0.0,0.0,0.0,0.0,0.0,0.0,0.0,0.924108003162295,0.911281874644006,-0.012826128518289015,0.924108003162295,0.9183974984504608,-0.005710504711834208,0.924108003162295,0.9297024435249113,0.005594440362616249,0.924108003162295,0.930097135485544,0.005989132323248936,0.924108003162295,0.9180465215545339,-0.006061481607761099,0.924108003162295,0.923686376200559,-0.0004216269617359769
3.0,1.0,4.0,1.0,2.0,4.0,1.0,1.0,8.0,7.0,3.0,8.0,0.0,0.0,1.0,0.0,0.0,0.0,1.0,0.0,0.0,0.0,0.0,0.0,1.0,0.0,0.0,0.0,0.0,0.0,0.0,0.0,0.0,0.0,0.0,0.0,0.0,0.0,0.0,1.0,0.7573172854014393,0.7247002754835861,-0.03261700991785321,0.7573172854014393,0.7425529436113711,-0.014764341790068136,0.7573172854014393,0.7721756720400765,0.014858386638637255,0.7573172854014393,0.7732390891477855,0.01592180374634622,0.7573172854014393,0.7416583985621475,-0.01565888683929173,0.7573172854014393,0.7562134835510318,-0.001103801850407482
7.0,1.0,10.0,1.0,4.0,5.0,1.0,4.0,9.0,8.0,4.0,9.0,0.0,0.0,0.0,0.0,0.0,0.0,1.0,0.0,0.0,0.0,0.0,1.0,0.0,0.0,0.0,0.0,0.0,0.0,0.0,0.0,0.0,0.0,1.0,0.0,0.0,0.0,0.0,0.0,0.7722365417314231,0.7409387821198561,-0.031297759611567,0.7722365417314231,0.7580899247479632,-0.01414661698345987,0.7722365417314231,0.7864390754333817,0.014202533701958564,0.7722365417314231,0.7874542409637241,0.015217699232300985,0.7722365417314231,0.757231715640587,-0.015004826090836088,0.7722365417314231,0.7711800947259144,-0.001056447005508665
5.0,1.0,2.0,1.0,1.0,4.0,2.0,3.0,7.0,6.0,4.0,8.0,0.0,0.0,1.0,0.0,0.0,0.0,1.0,0.0,0.0,1.0,0.0,0.0,0.0,0.0,0.0,0.0,0.0,0.0,0.0,0.0,0.0,0.0,0.0,0.0,0.0,0.0,0.0,0.0,0.6196369652867406,0.5788070050178068,-0.04082996026893382,0.6196369652867406,0.6009104954529126,-0.018726469833827974,0.6196369652867406,0.6389056343591127,0.019268669072372124,0.6196369652867406,0.6403013433276973,0.020664378040956666,0.6196369652867406,0.5997890472884965,-0.019847917998244147,0.6196369652867406,0.6182226342822871,-0.0014143310044535395
6.0,2.0,3.0,1.0,4.0,5.0,2.0,3.0,6.0,7.0,5.0,7.0,0.0,0.0,0.0,0.0,0.0,0.0,1.0,0.0,0.0,0.0,0.0,0.0,0.0,0.0,0.0,0.0,0.0,0.0,0.0,1.0,0.0,0.0,0.0,0.0,0.0,0.0,0.0,0.0,0.630654904313672,0.5902255141176119,-0.04042939019606007,0.630654904313672,0.6121313310410001,-0.018523573272671845,0.630654904313672,0.649680978439108,0.019026074125436,0.630654904313672,0.6510577852318488,0.02040288091817677,,,,0.630654904313672,0.6292570295344532,-0.0013978747792188218
4.0,1.0,4.0,1.0,1.0,1.0,1.0,4.0,4.0,4.0,1.0,4.0,0.0,0.0,0.0,0.0,0.0,0.0,1.0,0.0,0.0,0.0,0.0,1.0,0.0,0.0,0.0,0.0,0.0,0.0,0.0,0.0,0.0,0.0,0.0,0.0,0.0,0.0,0.0,0.0,0.8356920070487905,0.8109795753326083,-0.024712431716182204,0.8356920070487905,0.8245914356969841,-0.01110057135180642,0.8356920070487905,0.8467230549898169,0.011031047941026384,0.8356920070487905,0.8475072245667408,0.011815217517950227,0.8356920070487905,0.8239143506416292,-0.01177765640716133,0.8356920070487905,0.834866950308492,-0.0008250567402985354
3.0,1.0,3.0,1.0,1.0,3.0,2.0,2.0,9.0,9.0,4.0,8.0,1.0,0.0,0.0,0.0,0.0,0.0,0.0,0.0,0.0,0.0,0.0,0.0,1.0,0.0,0.0,0.0,0.0,0.0,0.0,0.0,0.0,0.0,0.0,0.0,0.0,0.0,0.0,0.0,0.8694038375487432,0.848844670433167,-0.02055916711557615,0.8694038375487432,0.860199816919716,-0.009204020629027143,0.8694038375487432,0.87850064910828,0.009096811559536788,0.8694038375487432,0.8791454482250698,0.009741610676326617,0.8694038375487432,0.8596367848944028,-0.009767052654340413,0.8694038375487432,0.868721469274168,-0.0006823682745751292
7.0,1.0,9.0,2.0,3.0,4.0,3.0,4.0,9.0,7.0,5.0,9.0,0.0,0.0,0.0,0.0,0.0,0.0,0.0,0.0,0.0,0.0,0.0,1.0,0.0,0.0,0.0,0.0,0.0,0.0,0.0,0.0,0.0,0.0,1.0,0.0,0.0,0.0,0.0,0.0,0.7059660725839771,0.66945969389864,-0.036506378685337126,0.7059660725839771,0.6893590883790875,-0.016606984204889597,0.7059660725839771,0.7228177425655108,0.016851669981533646,0.7059660725839771,0.7240292086448074,0.01806313606083021,,,,0.7059660725839771,0.7047197749803275,-0.0012462976036496931
2.0,1.0,2.0,1.0,3.0,5.0,3.0,3.0,3.0,6.0,2.0,7.0,0.0,0.0,0.0,0.0,0.0,0.0,1.0,0.0,0.0,0.0,0.0,0.0,0.0,0.0,0.0,0.0,1.0,0.0,0.0,0.0,0.0,0.0,0.0,0.0,0.0,0.0,0.0,0.0,0.7678094969568159,0.7361112823298578,-0.0316982146269581,0.7678094969568159,0.7534756910287382,-0.014333805928077648,0.7678094969568159,0.7822102313690401,0.014400734412224225,0.7678094969568159,0.7832399582578686,0.015430461301052745,0.7678094969568159,0.7526064543264372,-0.015203042630378638,0.7678094969568159,0.7667387183055505,-0.0010707786512653694
6.0,1.0,8.0,1.0,1.0,4.0,4.0,1.0,3.0,3.0,2.0,5.0,1.0,0.0,0.0,0.0,0.0,0.0,1.0,0.0,0.0,0.0,0.0,0.0,0.0,1.0,0.0,0.0,0.0,0.0,0.0,0.0,0.0,0.0,0.0,0.0,0.0,0.0,0.0,0.0,0.7456694175159482,0.71208208449862,-0.03358733301732819,0.7456694175159482,0.7304486655765284,-0.015220751939419741,0.7456694175159482,0.761015905941062,0.01534648842511388,0.7456694175159482,0.7621153660056215,0.01644594848967329,0.7456694175159482,0.7295273817432584,-0.0161420357726898,0.7456694175159482,0.7445305087350275,-0.001138908780920711
7.0,6.0,2.0,3.0,2.0,2.0,2.0,5.0,5.0,6.0,5.0,7.0,0.0,0.0,0.0,0.0,0.0,0.0,0.0,0.0,0.0,0.0,0.0,0.0,0.0,1.0,0.0,0.0,0.0,0.0,0.0,0.0,0.0,0.0,0.0,0.0,0.0,0.0,0.0,0.0,0.36149022010571924,0.3232159267246965,-0.03827429338102273,,,,0.36149022010571924,0.380767423757645,0.019277203651925756,0.36149022010571924,0.38219608668636357,0.020705866580644328,,,,0.36149022010571924,0.3601072675009692,-0.0013829526047500207
6.0,1.0,3.0,1.0,2.0,5.0,3.0,2.0,5.0,6.0,3.0,7.0,0.0,0.0,0.0,0.0,0.0,0.0,1.0,0.0,0.0,0.0,0.0,0.0,0.0,0.0,0.0,0.0,0.0,0.0,0.0,0.0,0.0,0.0,0.0,0.0,0.0,0.0,0.0,0.0,0.791268338979035,0.7617790547336811,-0.02948928424535391,0.791268338979035,0.7779639292128262,-0.013304409766208836,0.791268338979035,0.8045844267035865,0.013316087724551506,0.791268338979035,0.8055346663591533,0.014266327380118238,0.791268338979035,0.7771555003223567,-0.01411283865667834,0.791268338979035,0.790276194121709,-0.000992144857326016
4.0,1.0,6.0,1.0,3.0,4.0,2.0,3.0,6.0,7.0,5.0,9.0,0.0,0.0,0.0,0.0,0.0,0.0,1.0,0.0,0.0,0.0,0.0,0.0,0.0,0.0,0.0,0.0,0.0,0.0,0.0,0.0,1.0,0.0,0.0,0.0,0.0,0.0,0.0,0.0,0.8778691845652811,0.8584256674536098,-0.01944351711167125,0.8778691845652811,0.8691719976258216,-0.008697186939459423,0.8778691845652811,0.8864533452058485,0.00858416064056744,0.8778691845652811,0.8870613650486124,0.00919218048333137,,,,0.8778691845652811,0.8772248016526464,-0.0006443829126346889
4.0,5.0,4.0,1.0,5.0,5.0,3.0,3.0,3.0,3.0,1.0,2.0,0.0,0.0,0.0,0.0,0.0,0.0,1.0,0.0,0.0,1.0,0.0,0.0,0.0,0.0,0.0,0.0,0.0,0.0,0.0,0.0,0.0,0.0,0.0,0.0,1.0,0.0,0.0,0.0,0.146393107204288,0.12638522609524502,-0.020007881109042974,0.146393107204288,0.1368240700565055,-0.009569037147782511,0.146393107204288,0.15702061109829804,0.010627503894010043,0.146393107204288,0.15782372843198395,0.011430621227695947,0.146393107204288,0.13627298396031154,-0.010120123243976459,0.146393107204288,0.14564534693765285,-0.0007477602666351446
6.0,1.0,9.0,1.0,3.0,5.0,1.0,5.0,10.0,9.0,4.0,9.0,0.0,0.0,0.0,0.0,0.0,0.0,1.0,0.0,0.0,0.0,0.0,0.0,0.0,1.0,0.0,0.0,0.0,0.0,0.0,1.0,0.0,0.0,0.0,0.0,0.0,0.0,0.0,0.0,0.8343790905957243,0.8095142022998412,-0.02486488829588318,,,,,,,0.8343790905957243,0.8462713514202924,0.011892260824568068,0.8343790905957243,0.8225273097092866,-0.01185178088643779,0.8343790905957243,0.833548754287851,-0.000830336307873325
2.0,1.0,7.0,2.0,2.0,3.0,3.0,3.0,7.0,6.0,3.0,7.0,0.0,1.0,0.0,0.0,0.0,0.0,1.0,0.0,0.0,0.0,0.0,0.0,0.0,0.0,0.0,0.0,1.0,0.0,0.0,1.0,0.0,0.0,0.0,0.0,0.0,0.0,0.0,0.0,0.6162602823292292,0.5753162802531121,-0.04094400207611715,0.6162602823292292,0.5974755625579881,-0.018784719771241187,0.6162602823292292,0.6355994124262554,0.019339130097026147,0.6162602823292292,0.6370006400215505,0.0207403576923213,0.6162602823292292,0.5963509458508478,-0.019909336478381445,0.6162602823292292,0.6148412000720347,-0.0014190822571945594
5.0,1.0,4.0,1.0,1.0,4.0,1.0,4.0,7.0,7.0,1.0,7.0,0.0,1.0,0.0,0.0,0.0,0.0,0.0,0.0,0.0,0.0,0.0,0.0,1.0,0.0,0.0,0.0,0.0,0.0,0.0,0.0,0.0,0.0,0.0,0.0,0.0,0.0,0.0,0.0,0.7765474627116202,0.7456469687357845,-0.03090049397583572,0.7765474627116202,0.7625862834976113,-0.013961179214008967,0.7765474627116202,0.7905540901355171,0.014006627423896911,0.7765474627116202,0.7915548794470534,0.015007416735433154,0.7765474627116202,0.7617390124387196,-0.014808450272900675,0.7765474627116202,0.775505198415996,-0.0010422642956242623
6.0,5.0,4.0,3.0,2.0,3.0,3.0,1.0,4.0,3.0,3.0,5.0,0.0,1.0,0.0,0.0,0.0,0.0,0.0,0.0,0.0,0.0,0.0,0.0,0.0,0.0,1.0,0.0,0.0,0.0,0.0,0.0,0.0,0.0,0.0,0.0,0.0,0.0,0.0,0.0,0.2948629833614377,0.26076215350073745,-0.03410082986070023,0.2948629833614377,0.2787584068230453,-0.016104576538392368,0.2948629833614377,0.3123251090716168,0.017462125710179133,0.2948629833614377,0.31362703538413494,0.018764052022697264,0.2948629833614377,0.2778196478796529,-0.01704333548178477,0.2948629833614377,0.2936177130837327,-0.0012452702777049907
4.0,1.0,6.0,1.0,4.0,5.0,2.0,4.0,8.0,8.0,3.0,9.0,0.0,0.0,0.0,0.0,1.0,0.0,1.0,0.0,0.0,0.0,0.0,0.0,1.0,0.0,0.0,0.0,0.0,0.0,0.0,0.0,0.0,0.0,0.0,0.0,0.0,0.0,0.0,0.0,0.7349586715079511,0.7005249409389478,-0.03443373056900334,0.7349586715079511,0.7193381856827944,-0.015620485825156738,0.7349586715079511,0.7507354088787297,0.01577673737077856,0.7349586715079511,0.7518667438446391,0.016908072336688007,0.7349586715079511,0.7183935678708528,-0.01656510363709829,0.7349586715079511,0.733788922709077,-0.001169748798874104
4.0,6.0,5.0,3.0,3.0,3.0,3.0,3.0,10.0,10.0,5.0,7.0,1.0,0.0,0.0,0.0,0.0,0.0,0.0,0.0,0.0,0.0,0.0,0.0,1.0,0.0,0.0,0.0,0.0,0.0,0.0,0.0,0.0,0.0,0.0,0.0,0.0,0.0,0.0,0.0,0.4363325019829868,0.3950365787545609,-0.0412959232284259,0.4363325019829868,0.41707139598729337,-0.019261105995693417,,,,,,,,,,0.4363325019829868,0.434858226847656,-0.0014742751353307715
2.0,6.0,7.0,4.0,1.0,4.0,1.0,3.0,6.0,7.0,2.0,6.0,0.0,1.0,0.0,0.0,0.0,0.0,1.0,0.0,0.0,0.0,0.0,0.0,0.0,0.0,0.0,0.0,1.0,0.0,0.0,0.0,0.0,0.0,0.0,0.0,0.0,1.0,0.0,0.0,0.6572007131417377,0.6179166260168847,-0.039284087124852984,0.6572007131417377,0.6392469136042963,-0.01795379953744136,0.6572007131417377,0.6755628128485257,0.018362099706788038,0.6572007131417377,0.6768884891739834,0.019687776032245696,0.6572007131417377,0.6381683253984579,-0.019032387743279755,0.6572007131417377,0.6558484809099486,-0.0013522322317890412
4.0,1.0,2.0,1.0,2.0,3.0,2.0,3.0,7.0,5.0,1.0,7.0,0.0,0.0,0.0,0.0,0.0,0.0,1.0,0.0,0.0,0.0,0.0,0.0,0.0,0.0,0.0,0.0,0.0,0.0,0.0,0.0,0.0,0.0,0.0,0.0,0.0,0.0,0.0,0.0,0.8242519489665537,0.798234315768522,-0.026017633198031742,0.8242519489665537,0.8125518529774876,-0.011700095989066184,0.8242519489665537,0.8359002250602491,0.011648276093695342,0.8242519489665537,0.8367290877610927,0.012477138794538933,0.8242519489665537,0.8118388991986483,-0.01241304976790547,0.8242519489665537,0.8233815877598873,-0.0008703612066663924
3.0,1.0,2.0,1.0,2.0,3.0,2.0,3.0,8.0,6.0,3.0,8.0,0.0,0.0,0.0,0.0,1.0,0.0,1.0,0.0,0.0,0.0,0.0,1.0,0.0,0.0,0.0,0.0,0.0,0.0,0.0,0.0,0.0,0.0,0.0,0.0,0.0,0.0,0.0,0.0,0.8180154323129972,0.7913083059845405,-0.02670712632845673,0.8180154323129972,0.8059978728660087,-0.012017559446988568,0.8180154323129972,0.829991798277663,0.01197636596466578,0.8180154323129972,0.830844465069015,0.012829032756017766,0.8180154323129972,0.805265965357278,-0.012749466955719213,0.8180154323129972,0.8171210384499709,-0.0008943938630263659
3.0,3.0,4.0,3.0,2.0,5.0,3.0,3.0,7.0,7.0,2.0,7.0,0.0,0.0,0.0,0.0,0.0,0.0,1.0,0.0,0.0,1.0,0.0,0.0,0.0,0.0,0.0,0.0,0.0,0.0,0.0,1.0,0.0,0.0,0.0,0.0,0.0,0.0,0.0,0.0,0.7595011841589084,0.7270719131905404,-0.03242927096836801,0.7595011841589084,0.7448249384560283,-0.014676245702880175,0.7595011841589084,0.7742657155569748,0.014764531398066327,0.7595011841589084,0.7753222155463291,0.015821031387420637,0.7595011841589084,0.74393556550534,-0.015565618653568425,0.7595011841589084,0.7584041465964244,-0.0010970375624840267
4.0,2.0,8.0,3.0,2.0,3.0,3.0,3.0,1.0,0.0,3.0,7.0,0.0,0.0,1.0,0.0,0.0,0.0,1.0,0.0,0.0,1.0,0.0,0.0,0.0,0.0,0.0,0.0,0.0,0.0,0.0,1.0,0.0,0.0,0.0,0.0,0.0,0.0,0.0,0.0,0.3475745959420476,0.3100582116342542,-0.037516384307793416,0.3475745959420476,0.3299381442659736,-0.017636451676073972,0.3475745959420476,0.3665357100568998,0.018961114114852184,0.3475745959420476,0.3679427035111157,0.020368107569068095,0.3475745959420476,0.3289056287929192,-0.018668967149128413,0.3475745959420476,0.34621601389312384,-0.001358582048923751
4.0,1.0,2.0,1.0,1.0,5.0,1.0,5.0,8.0,8.0,2.0,8.0,0.0,1.0,0.0,0.0,0.0,0.0,0.0,0.0,0.0,0.0,0.0,0.0,1.0,0.0,0.0,0.0,0.0,0.0,0.0,0.0,0.0,0.0,0.0,0.0,0.0,0.0,0.0,0.0,0.7998482625303993,0.7712206653412519,-0.028627597189147425,,,,0.7998482625303993,0.8127465241469052,0.012898261616505868,0.7998482625303993,0.8136662659861769,0.01381800345577755,0.7998482625303993,0.7861587575683572,-0.013689504962042132,0.7998482625303993,0.79888653439335,-0.0009617281370493114
3.0,1.0,4.0,1.0,5.0,4.0,4.0,4.0,3.0,5.0,3.0,4.0,0.0,0.0,0.0,0.0,0.0,0.0,1.0,0.0,0.0,0.0,0.0,1.0,0.0,0.0,0.0,0.0,0.0,0.0,0.0,0.0,0.0,0.0,0.0,0.0,0.0,0.0,0.0,0.0,0.5139015603491592,0.4714039671393627,-0.042497593209796514,0.5139015603491592,0.49421856871913084,-0.0196829916300284,0.5139015603491592,0.534502679301813,0.02060111895265382,0.5139015603491592,0.5360088663318503,0.02210730598269106,0.5139015603491592,0.4930502416904294,-0.020851318658729856,0.5139015603491592,0.512403448882755,-0.0014981114664042172
2.0,6.0,1.0,3.0,3.0,3.0,3.0,3.0,4.0,4.0,2.0,7.0,0.0,0.0,0.0,0.0,0.0,0.0,1.0,0.0,0.0,0.0,0.0,0.0,0.0,0.0,0.0,0.0,1.0,0.0,0.0,0.0,0.0,0.0,0.0,0.0,1.0,0.0,0.0,0.0,0.170558481967182,0.14781980144038015,-0.022738680526801863,0.170558481967182,0.15970539741732107,-0.010853084549860947,0.170558481967182,0.18256508613077316,0.012006604163591145,0.170558481967182,0.18347042044965595,0.012911938482473934,0.170558481967182,0.1590791367068364,-0.011479345260345608,0.170558481967182,0.16971182840570861,-0.0008466535614733983
7.0,4.0,2.0,2.0,2.0,3.0,2.0,1.0,0.0,1.0,1.0,1.0,0.0,0.0,0.0,0.0,0.0,0.0,0.0,0.0,0.0,0.0,0.0,0.0,0.0,0.0,0.0,0.0,0.0,0.0,0.0,0.0,0.0,0.0,1.0,0.0,0.0,0.0,0.0,0.0,0.6028861492105612,0.5615304629791106,-0.041355686231450584,0.6028861492105612,0.5838888001754509,-0.0189973490351103,0.6028861492105612,0.6224863986173447,0.01960024940678351,0.6028861492105612,0.6239082134830566,0.021022064272495422,0.6028861492105612,0.582752732793331,-0.02013341641723021,0.6028861492105612,0.6014495946398537,-0.00143655457070746
4.0,1.0,3.0,1.0,2.0,4.0,3.0,4.0,6.0,5.0,2.0,8.0,0.0,0.0,0.0,0.0,0.0,0.0,1.0,0.0,0.0,0.0,0.0,0.0,0.0,0.0,0.0,0.0,0.0,0.0,0.0,0.0,0.0,0.0,0.0,0.0,0.0,0.0,0.0,0.0,0.793387368827952,0.7641082090980518,-0.02927915972990025,0.793387368827952,0.780180502469842,-0.01320686635810997,0.793387368827952,0.8066013136690496,0.013213944841097613,0.793387368827952,0.8075440918179763,0.01415672299002424,0.793387368827952,0.7793778553721716,-0.014009513455780387,0.793387368827952,0.7924026536171543,-0.000984715210797682
4.0,1.0,8.0,1.0,2.0,4.0,2.0,3.0,7.0,8.0,5.0,5.0,0.0,0.0,0.0,1.0,0.0,0.0,1.0,0.0,0.0,0.0,0.0,0.0,1.0,0.0,0.0,0.0,0.0,0.0,0.0,0.0,0.0,0.0,0.0,1.0,0.0,0.0,0.0,0.0,0.6498521183576268,0.6102253528051235,-0.03962676555250333,0.6498521183576268,0.6317291130720342,-0.01812300528559263,0.6498521183576268,0.6684092413097878,0.018557122952161054,0.6498521183576268,0.6697498585290064,0.019897740171379574,,,,0.6498521183576268,0.6484864028697679,-0.0013657154878589095
4.0,1.0,8.0,1.0,2.0,5.0,3.0,3.0,7.0,7.0,4.0,8.0,0.0,0.0,0.0,1.0,0.0,0.0,1.0,0.0,0.0,0.0,0.0,0.0,1.0,0.0,0.0,0.0,0.0,0.0,0.0,0.0,0.0,0.0,0.0,0.0,0.0,0.0,0.0,0.0,0.6863962063781003,0.6486692726930571,-0.03772693368504321,0.6863962063781003,0.6692018369221134,-0.017194369455986847,0.6863962063781003,0.7038990405069235,0.017502834128823253,0.6863962063781003,0.7051594651879127,0.018763258809812444,0.6863962063781003,0.6681663180090454,-0.018229888369054925,0.6863962063781003,0.6851039590535327,-0.0012922473245675636
5.0,1.0,4.0,3.0,3.0,3.0,2.0,3.0,8.0,7.0,4.0,7.0,0.0,0.0,1.0,0.0,0.0,0.0,0.0,0.0,0.0,0.0,0.0,0.0,0.0,0.0,0.0,0.0,0.0,0.0,0.0,0.0,0.0,0.0,0.0,0.0,0.0,0.0,0.0,0.0,0.4760148809153153,0.43385402142886553,-0.042160859486449764,0.4760148809153153,0.4564204839298936,-0.019594396985421703,0.4760148809153153,0.4966489644255482,0.02063408351023288,0.4760148809153153,0.4981626367209625,0.022147755805647207,0.4760148809153153,0.4552610821148774,-0.020753798800437873,0.4760148809153153,0.4745194003167826,-0.0014954805985327169
4.0,2.0,1.0,1.0,4.0,5.0,3.0,1.0,3.0,3.0,3.0,3.0,0.0,0.0,0.0,0.0,0.0,0.0,1.0,0.0,0.0,0.0,0.0,0.0,0.0,0.0,0.0,0.0,0.0,0.0,0.0,0.0,0.0,0.0,0.0,0.0,1.0,0.0,0.0,0.0,0.3214111901338719,0.28548311166856905,-0.03592807846530288,0.3214111901338719,0.30448274013185295,-0.01692845000201898,0.3214111901338719,0.33968814237471373,0.018276952240841804,0.3214111901338719,0.3410475627998578,0.01963637266598589,0.3214111901338719,0.30349380431027995,-0.01791738582359198,0.3214111901338719,0.32010469860108826,-0.0013064915327836712
3.0,1.0,2.0,1.0,1.0,5.0,1.0,1.0,3.0,7.0,3.0,10.0,0.0,0.0,0.0,0.0,1.0,0.0,1.0,0.0,0.0,0.0,0.0,0.0,0.0,0.0,0.0,0.0,0.0,0.0,0.0,0.0,0.0,0.0,0.0,0.0,0.0,0.0,0.0,0.0,0.9182868395222062,0.9045784909112701,-0.013708348610936172,0.9182868395222062,0.9121799459605839,-0.006106893561622306,0.9182868395222062,0.9242752287206333,0.005988389198427035,0.9182868395222062,0.9246979241942576,0.006411084672051315,0.9182868395222062,0.911804795107203,-0.006482044415003219,,,
4.0,1.0,8.0,1.0,1.0,4.0,3.0,4.0,7.0,7.0,3.0,8.0,0.0,1.0,0.0,0.0,0.0,0.0,0.0,0.0,0.0,0.0,0.0,0.0,1.0,0.0,0.0,0.0,0.0,0.0,0.0,0.0,0.0,0.0,0.0,0.0,0.0,0.0,0.0,0.0,0.7363950261593394,0.7020722594154742,-0.03432276674386514,0.7363950261593394,0.7208270380501157,-0.015567988109223663,0.7363950261593394,0.7521151008506406,0.01572007469130121,0.7363950261593394,0.7532422320641669,0.016847205904827467,0.7363950261593394,0.7198854799255514,-0.016509546233787975,0.7363950261593394,0.7352293329063557,-0.0011656932529836572
5.0,1.0,4.0,2.0,2.0,4.0,2.0,4.0,8.0,8.0,4.0,7.0,0.0,0.0,0.0,0.0,0.0,0.0,1.0,0.0,0.0,0.0,0.0,0.0,0.0,1.0,0.0,0.0,0.0,0.0,0.0,0.0,0.0,0.0,0.0,0.0,0.0,0.0,0.0,0.0,0.7922371838009263,0.7628437521700576,-0.029393431630868716,0.7922371838009263,0.7789772780988783,-0.013259905702048047,0.7922371838009263,0.8055066561303097,0.013269472329383358,0.7922371838009263,0.8064534900615361,0.014216306260609768,0.7922371838009263,0.7781714867442998,-0.014065697056626525,0.7922371838009263,0.7912484291459586,-0.0009887546549677273
4.0,1.0,3.0,1.0,4.0,5.0,3.0,4.0,3.0,2.0,2.0,5.0,0.0,0.0,0.0,0.0,1.0,0.0,1.0,0.0,0.0,0.0,0.0,0.0,1.0,0.0,0.0,0.0,0.0,0.0,0.0,0.0,0.0,0.0,0.0,0.0,0.0,0.0,0.0,0.0,0.5726650895869289,0.5306125017659556,-0.04205258782097321,0.5726650895869289,0.5532932196918641,-0.019371869895064786,0.5726650895869289,0.5927493649370156,0.020084275350086722,0.5726650895869289,0.5942101677397003,0.021545078152771402,0.5726650895869289,0.5521376921349301,-0.02052739745199872,0.5726650895869289,0.5711969676660004,-0.001468121920928489
2.0,3.0,2.0,1.0,3.0,5.0,4.0,3.0,2.0,2.0,3.0,4.0,0.0,0.0,0.0,0.0,0.0,1.0,1.0,0.0,0.0,0.0,0.0,0.0,0.0,0.0,0.0,0.0,1.0,0.0,0.0,0.0,1.0,0.0,0.0,0.0,0.0,0.0,0.0,0.0,0.5999657555007002,0.5585286420463211,-0.04143711345437906,0.5999657555007002,0.5809258115430523,-0.019039943957647854,0.5999657555007002,0.6196192026400701,0.019653447139369895,0.5999657555007002,0.6210452421812638,0.021079486680563586,0.5999657555007002,0.5797874764887992,-0.020178279011900946,0.5999657555007002,0.5985256715522158,-0.001440083948484383
6.0,1.0,4.0,1.0,2.0,4.0,2.0,4.0,9.0,8.0,4.0,8.0,0.0,0.0,0.0,0.0,0.0,0.0,0.0,0.0,0.0,0.0,0.0,0.0,0.0,1.0,0.0,0.0,0.0,0.0,0.0,0.0,0.0,0.0,0.0,0.0,0.0,0.0,0.0,0.0,0.8163720713901933,0.7894858386022467,-0.02688623278794655,0.8163720713901933,0.8042719567921245,-0.012100114598068812,0.8163720713901933,0.8284339039592618,0.012061832569068454,0.8163720713901933,0.8292927772480904,0.012920705857897063,0.8163720713901933,0.8035351251171067,-0.012836946273086625,0.8163720713901933,0.8154714228727958,-0.0009006485173974621
3.0,6.0,3.0,1.0,3.0,3.0,3.0,1.0,1.0,1.0,3.0,1.0,0.0,0.0,0.0,0.0,0.0,0.0,1.0,0.0,0.0,0.0,0.0,0.0,0.0,0.0,0.0,0.0,0.0,1.0,0.0,0.0,0.0,0.0,0.0,0.0,0.0,0.0,0.0,1.0,0.466809418760081,0.4248028889476813,-0.04200652981239966,0.466809418760081,0.4472704991816703,-0.019538919578410696,0.466809418760081,0.4874156532504805,0.0206062344903995,0.466809418760081,0.48892851922136193,0.02211910046128096,0.466809418760081,0.4461152648271044,-0.020694153932976578,0.466809418760081,0.46531717624291247,-0.0014922425171685072
3.0,1.0,5.0,1.0,4.0,4.0,4.0,4.0,4.0,3.0,1.0,6.0,0.0,0.0,0.0,0.0,0.0,0.0,0.0,0.0,1.0,0.0,0.0,0.0,0.0,0.0,0.0,0.0,0.0,0.0,0.0,0.0,0.0,0.0,0.0,0.0,0.0,0.0,0.0,0.0,0.717838340835511,0.6821423150843681,-0.035696025751142946,0.717838340835511,0.7016184902833915,-0.016219850552119497,0.717838340835511,0.7342657071728579,0.01642736633734687,0.717838340835511,0.7354454512724917,0.01760711043698071,0.717838340835511,0.7006390530386042,-0.017199287796906826,0.717838340835511,0.7166221657719642,-0.001216175063546765
7.0,3.0,6.0,1.0,1.0,3.0,4.0,3.0,8.0,8.0,4.0,8.0,0.0,0.0,0.0,0.0,0.0,0.0,1.0,0.0,0.0,0.0,0.0,1.0,0.0,0.0,0.0,0.0,0.0,0.0,0.0,0.0,0.0,0.0,1.0,0.0,0.0,0.0,0.0,0.0,0.7186466426030026,0.683007718199948,-0.035638924403054606,0.7186466426030026,0.7024539969549051,-0.016192645648097526,0.7186466426030026,0.7350443194657397,0.016397676862737076,0.7186466426030026,0.7362218486539547,0.017575206050952086,0.7186466426030026,0.701476135363231,-0.01717050723977165,0.7186466426030026,0.7174325800779232,-0.0012140625250793846
3.0,2.0,5.0,1.0,2.0,3.0,3.0,3.0,4.0,7.0,3.0,6.0,1.0,0.0,0.0,0.0,0.0,0.0,1.0,0.0,0.0,0.0,0.0,1.0,0.0,0.0,0.0,0.0,0.0,0.0,0.0,0.0,0.0,0.0,0.0,0.0,0.0,0.0,0.0,0.0,0.7125008615634317,0.676433960705473,-0.03606690085795872,0.7125008615634317,0.6961040822911164,-0.01639677927231531,0.7125008615634317,0.7291217133023984,0.016620851738966658,0.7125008615634317,0.7303159067891235,0.017815045225691772,0.7125008615634317,0.6951144097412083,-0.017386451822223425,0.7125008615634317,0.7112709341932814,-0.0012299273701503743
5.0,1.0,6.0,1.0,1.0,5.0,2.0,4.0,9.0,8.0,2.0,8.0,0.0,0.0,0.0,0.0,0.0,0.0,1.0,0.0,0.0,0.0,0.0,0.0,0.0,0.0,0.0,0.0,0.0,0.0,0.0,1.0,0.0,0.0,0.0,0.0,0.0,0.0,0.0,0.0,0.9146583563909578,0.9004073056019039,-0.014251050789053976,0.9146583563909578,0.9083073630170649,-0.006350993373892888,0.9146583563909578,0.9208897522173927,0.006231395826434838,0.9146583563909578,0.9213297369206191,0.006671380529661319,0.9146583563909578,0.9079173391896043,-0.006741017201353561,0.9146583563909578,0.9141891057212227,-0.00046925066973513285
4.0,1.0,7.0,1.0,2.0,5.0,3.0,3.0,6.0,6.0,3.0,7.0,1.0,0.0,0.0,0.0,0.0,0.0,1.0,0.0,0.0,0.0,0.0,0.0,1.0,0.0,0.0,0.0,0.0,0.0,0.0,1.0,0.0,0.0,0.0,0.0,0.0,0.0,0.0,0.0,0.7897035361940278,0.7600602159563489,-0.029643320237678905,0.7897035361940278,0.7763275809201067,-0.013375955273921103,0.7897035361940278,0.8030946091728407,0.013391072978812923,0.7897035361940278,0.8040503289751316,0.014346792781103845,0.7897035361940278,0.7755149133011114,-0.014188622892916336,0.7897035361940278,0.7887059396447045,-0.0009975965493232986
5.0,1.0,10.0,1.0,2.0,4.0,3.0,4.0,9.0,7.0,4.0,7.0,0.0,0.0,0.0,0.0,0.0,0.0,0.0,0.0,0.0,0.0,0.0,1.0,0.0,0.0,0.0,0.0,0.0,0.0,0.0,0.0,0.0,0.0,0.0,0.0,0.0,0.0,0.0,0.0,0.848332853744066,0.8251237963500022,-0.02320905739406376,0.848332853744066,0.8379206601088299,-0.010412193635236044,0.848332853744066,0.8586587753638274,0.010325921619761425,0.848332853744066,0.859392021717104,0.011059167973038075,0.848332853744066,0.8372848736535918,-0.011047980090474141,0.848332853744066,0.847559693228187,-0.0007731605158789456
3.0,1.0,4.0,1.0,2.0,3.0,2.0,3.0,7.0,6.0,3.0,6.0,1.0,0.0,0.0,0.0,0.0,0.0,0.0,0.0,1.0,0.0,0.0,0.0,0.0,0.0,0.0,0.0,0.0,0.0,0.0,0.0,0.0,0.0,0.0,0.0,0.0,0.0,0.0,0.0,0.843492357187822,0.8197000058843399,-0.023792351303482118,0.843492357187822,0.8328133458209189,-0.01067901136690308,0.843492357187822,0.8540911516301215,0.010598794442299497,0.843492357187822,0.8548440880185012,0.011351730830679196,0.843492357187822,0.832161537931956,-0.011330819255865987,0.843492357187822,0.8426990964936988,-0.0007932606941232212
2.0,2.0,1.0,4.0,3.0,4.0,3.0,3.0,5.0,5.0,3.0,4.0,0.0,0.0,1.0,0.0,0.0,0.0,1.0,0.0,0.0,0.0,0.0,0.0,0.0,0.0,0.0,0.0,1.0,0.0,0.0,0.0,0.0,0.0,0.0,0.0,0.0,1.0,0.0,0.0,0.4257131843062371,0.38473630413236726,-0.040976880173869856,0.4257131843062371,0.40658271687145087,-0.019130467434786247,0.4257131843062371,0.44602284391783437,0.020309659611597253,0.4257131843062371,0.44751940162922405,0.02180621732298693,0.4257131843062371,0.405455483762347,-0.02025770054389009,0.4257131843062371,0.42424778397517704,-0.0014654003310600738
6.0,6.0,7.0,2.0,2.0,4.0,3.0,2.0,7.0,7.0,4.0,7.0,0.0,0.0,0.0,0.0,0.0,0.0,0.0,0.0,0.0,0.0,0.0,0.0,0.0,1.0,0.0,0.0,0.0,0.0,0.0,0.0,0.0,0.0,0.0,0.0,0.0,0.0,0.0,0.0,0.6293251069663709,0.5888450535279746,-0.040480053438396335,0.6293251069663709,0.6107760020379193,-0.018549104928451632,0.6293251069663709,0.6483814900762045,0.019056383109833597,0.6293251069663709,0.649760650799797,0.02043554383342605,0.6293251069663709,0.6096642684712315,-0.019660838495139443,0.6293251069663709,0.6279251685911819,-0.001399938375189036
6.0,1.0,9.0,1.0,2.0,4.0,2.0,3.0,8.0,7.0,2.0,8.0,0.0,1.0,0.0,0.0,0.0,0.0,0.0,0.0,0.0,0.0,0.0,0.0,0.0,0.0,0.0,0.0,0.0,0.0,0.0,0.0,0.0,0.0,1.0,0.0,0.0,0.0,0.0,0.0,0.7276037732117465,0.6926141456587528,-0.03498962755299373,0.7276037732117465,0.7117198425121728,-0.015883930699573723,0.7276037732117465,0.7436656203437854,0.016061847132038842,0.7276037732117465,0.7448181360302735,0.01721436281852695,0.7276037732117465,0.7107598937977222,-0.01684387941402432,0.7276037732117465,0.7264136472228296,-0.0011901259889168792
5.0,1.0,9.0,1.0,1.0,5.0,1.0,4.0,7.0,8.0,5.0,6.0,0.0,0.0,0.0,0.0,0.0,0.0,0.0,0.0,0.0,0.0,0.0,0.0,1.0,0.0,0.0,0.0,0.0,0.0,0.0,0.0,0.0,0.0,0.0,0.0,0.0,0.0,0.0,0.0,0.9168982052820356,0.9029815094428972,-0.013916695839138349,0.9168982052820356,0.9106976236611273,-0.0062005816209083076,0.9168982052820356,0.9229798256645261,0.0060816203824904935,0.9168982052820356,0.923409152876941,0.006510947594905447,,,,0.9168982052820356,0.916440145285452,-0.00045805999658354857
4.0,1.0,9.0,1.0,2.0,5.0,3.0,3.0,6.0,6.0,4.0,8.0,0.0,0.0,0.0,0.0,0.0,0.0,1.0,0.0,0.0,0.0,0.0,0.0,0.0,0.0,0.0,0.0,0.0,0.0,0.0,0.0,0.0,0.0,0.0,0.0,0.0,0.0,0.0,0.0,0.8547927809287297,0.8323769356152072,-0.022415845313522476,0.8547927809287297,0.844742907677437,-0.010049873251292696,0.8547927809287297,0.8647490122639231,0.00995623133519341,0.8547927809287297,0.8654556144706671,0.010662833541937422,0.8547927809287297,0.8441289045448801,-0.01066387638384958,0.8547927809287297,0.8540468857871385,-0.0007458951415911796
2.0,3.0,3.0,1.0,1.0,5.0,3.0,2.0,0.0,0.0,1.0,0.0,0.0,1.0,0.0,0.0,0.0,0.0,1.0,0.0,0.0,0.0,0.0,0.0,0.0,0.0,0.0,0.0,1.0,0.0,0.0,0.0,1.0,0.0,0.0,0.0,0.0,0.0,0.0,0.0,0.7537113009690475,0.7207883236778265,-0.032922977291220956,0.7537113009690475,0.7388032420870021,-0.014908058882045383,0.7537113009690475,0.7687230425683023,0.01501174159925478,0.7537113009690475,0.7697977710512565,0.01608647008220898,0.7537113009690475,0.7379002669002245,-0.015811034068823004,0.7537113009690475,0.7525964559178889,-0.0011148450511585528
4.0,2.0,2.0,1.0,2.0,3.0,2.0,3.0,7.0,7.0,2.0,7.0,0.0,0.0,1.0,0.0,0.0,0.0,1.0,0.0,0.0,0.0,0.0,0.0,0.0,0.0,0.0,0.0,0.0,0.0,0.0,0.0,0.0,0.0,0.0,0.0,1.0,0.0,0.0,0.0,0.29017495663137866,0.2564191391123053,-0.03375581751907336,0.29017495663137866,0.27422685055322177,-0.015948106078156887,0.29017495663137866,0.30748051488081374,0.017305558249435082,0.29017495663137866,0.3087713140816786,0.018596357450299972,0.29017495663137866,0.2732975696047906,-0.01687738702658803,0.29017495663137866,0.2889413721271519,-0.0012335845042267812
7.0,3.0,7.0,2.0,2.0,4.0,2.0,4.0,8.0,7.0,4.0,8.0,1.0,0.0,0.0,0.0,0.0,0.0,1.0,0.0,0.0,0.0,0.0,1.0,0.0,0.0,0.0,0.0,0.0,0.0,0.0,0.0,0.0,0.0,1.0,0.0,0.0,0.0,0.0,0.0,0.6299910031908907,0.5895362397314344,-0.04045476345945631,0.6299910031908907,0.6114546474129539,-0.018536355777936886,0.6299910031908907,0.6490322443616642,0.019041241170773437,0.6299910031908907,0.6504102288393182,0.020419225648427464,0.6299910031908907,0.6103436156074018,-0.01964738758348894,0.6299910031908907,0.628592095504489,-0.001398907686401718
2.0,2.0,3.0,4.0,2.0,2.0,2.0,2.0,4.0,6.0,2.0,6.0,0.0,0.0,0.0,0.0,0.0,0.0,0.0,1.0,1.0,0.0,0.0,0.0,0.0,0.0,0.0,0.0,0.0,0.0,0.0,0.0,0.0,0.0,0.0,0.0,0.0,1.0,0.0,0.0,0.9014139904074808,0.8852288042016824,-0.016185186205798452,0.9014139904074808,0.8941913898977162,-0.007222600509764643,0.9014139904074808,0.908515724925146,0.007101734517665159,0.9014139904074808,0.9090177305110555,0.007603740103574674,0.9014139904074808,0.8937483461341993,-0.0076656442732815355,0.9014139904074808,0.9008798074874388,-0.0005341829200420367
2.0,3.0,8.0,4.0,2.0,4.0,4.0,5.0,8.0,8.0,3.0,10.0,0.0,0.0,0.0,0.0,0.0,0.0,1.0,0.0,0.0,0.0,0.0,0.0,0.0,0.0,0.0,0.0,1.0,0.0,0.0,0.0,0.0,0.0,0.0,0.0,0.0,1.0,0.0,0.0,0.7487492529031144,0.7154134193499495,-0.03333583355316494,,,,0.7487492529031144,0.7639687267620903,0.015219473858975818,0.7487492529031144,0.7650587960558527,0.01630954315273825,0.7487492529031144,0.7327326276364611,-0.016016625266653373,,,
3.0,1.0,2.0,2.0,3.0,2.0,2.0,3.0,5.0,6.0,2.0,6.0,0.0,0.0,0.0,0.0,0.0,0.0,0.0,0.0,1.0,0.0,0.0,0.0,0.0,0.0,0.0,0.0,0.0,0.0,0.0,0.0,0.0,0.0,0.0,0.0,0.0,0.0,0.0,0.0,0.7881110663948979,0.7583119722021622,-0.029799094192735742,0.7881110663948979,0.7746627240502895,-0.013448342344608455,0.7881110663948979,0.8015780643900141,0.013466997995116192,0.7881110663948979,0.802539335198542,0.014428268803644118,0.7881110663948979,0.7738457696437759,-0.01426529675112198,0.7881110663948979,0.787107952070514,-0.0010031143243839358
5.0,1.0,4.0,1.0,2.0,2.0,2.0,4.0,8.0,8.0,3.0,8.0,0.0,0.0,0.0,0.0,0.0,0.0,1.0,0.0,0.0,0.0,0.0,0.0,1.0,0.0,0.0,0.0,0.0,0.0,0.0,0.0,0.0,0.0,0.0,0.0,0.0,0.0,0.0,0.0,0.7613804629027001,0.7291142169089158,-0.03226624599378436,0.7613804629027001,0.7467806636166735,-0.014599799286026616,0.7613804629027001,0.7760636398127467,0.014683176910046614,0.7613804629027001,0.7771141473546284,0.015733684451928243,0.7613804629027001,0.7458957815692263,-0.015484681333473804,0.7613804629027001,0.7602892921177455,-0.001091170784954576
6.0,6.0,8.0,2.0,2.0,5.0,2.0,3.0,3.0,3.0,2.0,5.0,0.0,1.0,0.0,0.0,0.0,0.0,1.0,0.0,0.0,0.0,0.0,0.0,0.0,1.0,0.0,0.0,0.0,0.0,0.0,0.0,0.0,0.0,0.0,1.0,0.0,0.0,0.0,0.0,0.33628079608838324,0.29942397834643675,-0.03685681774194649,0.33628079608838324,0.3189372669579369,-0.017343529130446345,0.33628079608838324,0.35496100483059023,0.018680208742206994,0.33628079608838324,0.3563485614849581,0.020067765396574844,0.33628079608838324,0.3179228436527218,-0.018357952435661462,0.33628079608838324,0.33494369559753184,-0.001337100490851395
4.0,1.0,3.0,2.0,1.0,5.0,1.0,3.0,6.0,7.0,3.0,5.0,0.0,1.0,0.0,0.0,0.0,0.0,1.0,0.0,0.0,0.0,0.0,0.0,0.0,0.0,0.0,0.0,0.0,0.0,0.0,0.0,0.0,0.0,0.0,0.0,0.0,0.0,0.0,0.0,0.7798504767433172,0.7492592605196492,-0.030591216223668005,0.7798504767433172,0.7660334903937446,-0.013816986349572624,0.7798504767433172,0.7937050641471831,0.013854587403865914,0.7798504767433172,0.7946947073176325,0.014844230574315276,0.7798504767433172,0.7651947336298193,-0.014655743113497932,0.7798504767433172,0.7788192307533124,-0.0010312459900048143
3.0,1.0,7.0,4.0,5.0,5.0,2.0,3.0,0.0,2.0,1.0,3.0,0.0,0.0,0.0,1.0,0.0,0.0,1.0,0.0,0.0,0.0,0.0,0.0,0.0,0.0,0.0,0.0,0.0,0.0,0.0,0.0,0.0,0.0,0.0,0.0,0.0,1.0,0.0,0.0,0.43435542318200987,0.3931161168217765,-0.041239306360233374,0.43435542318200987,0.4151173177153944,-0.019238105466615474,0.43435542318200987,0.4547509013831092,0.020395478201099326,0.43435542318200987,0.4562526252289096,0.02189720204689971,0.43435542318200987,0.41398292987315016,-0.020372493308859707,0.43435542318200987,0.43288269800219953,-0.0014727251798103413
6.0,1.0,9.0,1.0,1.0,5.0,2.0,4.0,7.0,10.0,4.0,8.0,0.0,0.0,0.0,0.0,0.0,0.0,1.0,0.0,0.0,0.0,0.0,0.0,0.0,0.0,0.0,0.0,0.0,1.0,0.0,0.0,0.0,0.0,1.0,0.0,0.0,0.0,0.0,0.0,0.8991868773301777,0.8826836446910087,-0.016503232639168974,0.8991868773301777,0.8918206954890225,-0.007366181841155117,0.8991868773301777,0.9064323909948035,0.007245513664625891,,,,0.8991868773301777,0.8913689310475538,-0.007817946282623889,0.8991868773301777,0.8986419838284974,-0.0005448935016802992
4.0,1.0,4.0,1.0,2.0,5.0,2.0,3.0,5.0,7.0,2.0,7.0,1.0,0.0,0.0,0.0,0.0,0.0,1.0,0.0,0.0,0.0,0.0,0.0,1.0,0.0,0.0,0.0,0.0,0.0,0.0,0.0,0.0,0.0,0.0,0.0,0.0,0.0,0.0,0.0,0.8042458880635533,0.7760711862831141,-0.028174701780439237,0.8042458880635533,0.7915507485036676,-0.01269513955988577,0.8042458880635533,0.8169256210049839,0.012679732941430544,0.8042458880635533,0.8178294370617019,0.01358354899814851,0.8042458880635533,0.7907784849277812,-0.013467403135772105,0.8042458880635533,0.803300094034136,-0.0009457940294173017
2.0,2.0,9.0,1.0,4.0,2.0,3.0,4.0,2.0,5.0,2.0,6.0,0.0,0.0,0.0,0.0,0.0,0.0,0.0,0.0,0.0,1.0,0.0,0.0,0.0,0.0,0.0,0.0,0.0,0.0,0.0,1.0,0.0,0.0,0.0,0.0,0.0,0.0,0.0,0.0,0.617024528376902,0.5761059800328668,-0.04091854834403519,0.617024528376902,0.5982528309998664,-0.018771697377035657,0.617024528376902,0.6363478708573712,0.019323342480469186,0.617024528376902,0.6377478607151447,0.02072333233824264,0.617024528376902,0.5971289216128445,-0.01989560676405755,0.617024528376902,0.6156065094749933,-0.0014180189019087353
5.0,1.0,7.0,1.0,2.0,1.0,3.0,4.0,5.0,7.0,1.0,5.0,0.0,1.0,0.0,0.0,0.0,0.0,1.0,0.0,0.0,0.0,1.0,0.0,0.0,0.0,0.0,0.0,0.0,0.0,0.0,0.0,0.0,0.0,0.0,0.0,0.0,0.0,0.0,0.0,0.5536277521818097,0.5113004817926434,-0.04232727038916628,0.5536277521818097,0.5340949965349774,-0.019532755646832323,0.5536277521818097,0.5739410855799203,0.02031333339811059,0.5536277521818097,0.5754210290613517,0.021793276879542023,0.5536277521818097,0.5329317297721927,-0.020696022409616988,0.5536277521818097,0.5521453758179025,-0.0014823763639072451
7.0,1.0,9.0,1.0,3.0,4.0,2.0,3.0,8.0,8.0,5.0,8.0,0.0,0.0,0.0,0.0,0.0,0.0,0.0,0.0,0.0,0.0,0.0,1.0,0.0,0.0,0.0,0.0,0.0,0.0,0.0,0.0,0.0,0.0,1.0,0.0,0.0,0.0,0.0,0.0,0.7862288568974999,0.7562469274558721,-0.029981929441627808,0.7862288568974999,0.7726955076660489,-0.013533349231450997,0.7862288568974999,0.7997850916286531,0.013556234731153194,0.7862288568974999,0.8007528895199848,0.014524032622484917,,,,0.7862288568974999,0.7852192602958034,-0.0010095966016965274
5.0,1.0,3.0,1.0,1.0,4.0,1.0,3.0,5.0,5.0,1.0,5.0,1.0,0.0,0.0,0.0,0.0,0.0,1.0,0.0,0.0,0.0,0.0,0.0,0.0,0.0,0.0,0.0,0.0,0.0,0.0,0.0,0.0,0.0,0.0,0.0,0.0,0.0,0.0,0.0,0.8473591655706165,0.8240320150531477,-0.02332715051746881,0.8473591655706165,0.8368929788610407,-0.010466186709575775,0.8473591655706165,0.8577402619682276,0.01038109639761109,0.8473591655706165,0.8584774879966938,0.011118322426077243,0.8473591655706165,0.8362539489234638,-0.011105216647152694,0.8473591655706165,0.8465819390927206,-0.0007772264778959093
4.0,1.0,5.0,1.0,2.0,3.0,2.0,4.0,6.0,7.0,4.0,7.0,0.0,1.0,0.0,0.0,0.0,0.0,1.0,0.0,0.0,0.0,0.0,0.0,1.0,0.0,0.0,0.0,0.0,0.0,0.0,0.0,0.0,0.0,0.0,0.0,0.0,0.0,0.0,0.0,0.5782062326242093,0.5362573595242248,-0.04194887309998452,0.5782062326242093,0.5588920681090517,-0.01931416451515766,0.5782062326242093,0.5982127987964031,0.020006566172193763,0.5782062326242093,0.5996672399902279,0.021461007366018525,0.5782062326242093,0.5577394469287571,-0.02046678569545224,0.5782062326242093,0.5767430773896893,-0.0014631552345200083
4.0,1.0,10.0,1.0,3.0,2.0,2.0,3.0,7.0,6.0,2.0,8.0,0.0,1.0,0.0,0.0,0.0,0.0,0.0,0.0,0.0,0.0,0.0,0.0,1.0,0.0,0.0,0.0,0.0,0.0,0.0,0.0,0.0,0.0,0.0,0.0,0.0,0.0,0.0,0.0,0.5932077799798263,0.5515938324761809,-0.04161394750364544,0.5932077799798263,0.5740745302664333,-0.01913324971339303,0.5932077799798263,0.612979068766585,0.01977128878675871,0.5932077799798263,0.6144145108084667,0.02120673082864033,0.5932077799798263,0.5729312663372131,-0.02027651364261318,0.5932077799798263,0.5917599217353499,-0.0014478582444764632
7.0,1.0,6.0,1.0,1.0,3.0,1.0,3.0,10.0,10.0,5.0,10.0,0.0,0.0,0.0,0.0,0.0,0.0,0.0,0.0,0.0,0.0,0.0,1.0,0.0,0.0,0.0,0.0,0.0,0.0,0.0,0.0,0.0,0.0,0.0,0.0,0.0,0.0,0.0,1.0,0.8791663454113654,0.8598963812408692,-0.0192699641704962,0.8791663454113654,0.8705479104142335,-0.008618434997131885,,,,,,,,,,,,
4.0,1.0,6.0,1.0,2.0,4.0,2.0,3.0,8.0,6.0,3.0,8.0,0.0,0.0,0.0,1.0,0.0,0.0,0.0,0.0,0.0,0.0,0.0,0.0,1.0,0.0,0.0,0.0,0.0,0.0,0.0,0.0,0.0,0.0,0.0,0.0,0.0,0.0,0.0,0.0,0.7183300930276195,0.6826687770482696,-0.03566131597934996,0.7183300930276195,0.7021267804274076,-0.016203312600211905,0.7183300930276195,0.7347394091327117,0.01640931610509222,0.7183300930276195,0.7359178065674362,0.017587713539816696,0.7183300930276195,0.7011483009698134,-0.017181792057806122,0.7183300930276195,0.7171152022467376,-0.0012148907808818832
5.0,1.0,5.0,1.0,2.0,3.0,2.0,3.0,7.0,7.0,4.0,7.0,0.0,0.0,0.0,1.0,0.0,0.0,1.0,0.0,0.0,0.0,0.0,0.0,1.0,0.0,0.0,0.0,0.0,0.0,0.0,1.0,0.0,0.0,0.0,0.0,0.0,0.0,0.0,0.0,0.6060289934448855,0.5647643221196804,-0.04126467132520506,0.6060289934448855,0.587079018348364,-0.01894997509652152,0.6060289934448855,0.6255704617334948,0.019541468288609365,0.6060289934448855,0.6269876214976113,0.02095862805272586,0.6060289934448855,0.5859454844043089,-0.02008350904057654,0.6060289934448855,0.6045963515702815,-0.0014326418746040126
6.0,1.0,2.0,1.0,2.0,4.0,2.0,3.0,8.0,7.0,4.0,8.0,0.0,0.0,0.0,0.0,0.0,0.0,1.0,0.0,0.0,0.0,0.0,0.0,0.0,0.0,0.0,0.0,0.0,0.0,0.0,0.0,0.0,0.0,0.0,0.0,0.0,0.0,0.0,0.0,0.790020602684435,0.7604084162530913,-0.029612186431343668,0.790020602684435,0.7766591109206276,-0.01336149176380741,0.790020602684435,0.8033965122270196,0.013375909542584608,0.790020602684435,0.8043511236682495,0.014330520983814488,0.790020602684435,0.7758473000533532,-0.014173302631081741,0.790020602684435,0.7890241083936184,-0.0009964942908166075
6.0,2.0,2.0,2.0,3.0,4.0,3.0,2.0,7.0,7.0,4.0,7.0,0.0,0.0,0.0,0.0,0.0,0.0,1.0,0.0,0.0,0.0,1.0,0.0,0.0,0.0,0.0,0.0,0.0,0.0,0.0,0.0,0.0,0.0,0.0,0.0,0.0,0.0,0.0,0.0,0.6726104202791976,0.6341090924217386,-0.03850132785745897,0.6726104202791976,0.6550400651791078,-0.017570355100089752,0.6726104202791976,0.6905357738685793,0.017925353589381743,0.6726104202791976,0.6918281783145395,0.01921775803534187,0.6726104202791976,0.653983136763703,-0.018627283515494586,0.6726104202791976,0.6712885709274824,-0.0013218493517151986
3.0,1.0,3.0,1.0,1.0,4.0,2.0,3.0,8.0,8.0,3.0,7.0,0.0,0.0,0.0,0.0,0.0,0.0,0.0,0.0,0.0,0.0,0.0,1.0,0.0,0.0,0.0,0.0,0.0,0.0,0.0,0.0,0.0,0.0,0.0,0.0,0.0,0.0,0.0,0.0,0.9197825440586546,0.9062995138824896,-0.013483030176164923,0.9197825440586546,0.9137769371939891,-0.006005606864665447,0.9197825440586546,0.9256701923639803,0.005887648305325732,0.9197825440586546,0.9260857238551781,0.006303179796523506,0.9197825440586546,0.9134079607805893,-0.006374583278065282,0.9197825440586546,0.9193389840147846,-0.0004435600438699172
6.0,1.0,9.0,1.0,3.0,4.0,3.0,5.0,10.0,10.0,5.0,10.0,0.0,0.0,0.0,0.0,0.0,0.0,0.0,0.0,0.0,0.0,0.0,0.0,0.0,1.0,0.0,0.0,0.0,0.0,0.0,0.0,0.0,0.0,0.0,0.0,0.0,0.0,0.0,0.0,0.7524409915261134,0.7194114201949907,-0.03302957133112272,,,,,,,,,,,,,,,
4.0,1.0,6.0,1.0,1.0,4.0,2.0,3.0,10.0,9.0,5.0,10.0,1.0,0.0,0.0,0.0,0.0,0.0,0.0,0.0,0.0,0.0,0.0,1.0,0.0,0.0,0.0,0.0,0.0,0.0,0.0,0.0,0.0,0.0,0.0,0.0,0.0,0.0,0.0,0.0,0.8825997950972094,0.8637925500153228,-0.01880724508188658,0.8825997950972094,0.8741912063817988,-0.008408588715410614,,,,0.8825997950972094,0.8914799399843994,0.008880144887190022,,,,,,
5.0,2.0,3.0,1.0,2.0,3.0,3.0,2.0,5.0,4.0,1.0,6.0,0.0,1.0,0.0,0.0,0.0,0.0,0.0,0.0,0.0,0.0,0.0,0.0,0.0,0.0,0.0,0.0,0.0,0.0,0.0,0.0,1.0,0.0,0.0,0.0,0.0,0.0,0.0,0.0,0.7047938137430787,0.6682102936874089,-0.03658352005566978,0.7047938137430787,0.6881498674061091,-0.01664394633696964,0.7047938137430787,0.721686181995036,0.01689236825195728,0.7047938137430787,0.7229006977625005,0.018106884019421843,0.7047938137430787,0.6871459331338218,-0.017647880609256927,0.7047938137430787,0.7035446339052599,-0.0012491798378188035
7.0,5.0,8.0,4.0,3.0,3.0,2.0,3.0,0.0,0.0,1.0,0.0,0.0,0.0,0.0,0.0,0.0,0.0,1.0,0.0,0.0,0.0,0.0,0.0,0.0,0.0,0.0,0.0,0.0,0.0,0.0,0.0,0.0,0.0,1.0,0.0,0.0,0.0,0.0,0.0,0.3862244686664208,0.346753539599153,-0.03947092906726779,0.3862244686664208,0.3677322462751665,-0.01849222239125431,0.3862244686664208,0.40598201752669694,0.019757548860276142,0.3862244686664208,0.40744303778512797,0.021218569118707176,0.3862244686664208,0.36664617442402125,-0.01957829424239954,0.3862244686664208,0.38480391739758163,-0.0014205512688391653
3.0,1.0,7.0,2.0,2.0,2.0,2.0,3.0,8.0,8.0,2.0,7.0,0.0,0.0,0.0,1.0,0.0,0.0,1.0,0.0,0.0,0.0,0.0,0.0,0.0,0.0,0.0,0.0,0.0,1.0,0.0,0.0,0.0,0.0,0.0,0.0,0.0,0.0,0.0,0.0,0.6808773461966355,0.6428319621810051,-0.0380453840156304,0.6808773461966355,0.6635287163812326,-0.01734862981540297,0.6808773461966355,0.6985529251045628,0.01767557890792726,0.6808773461966355,0.6998264022091437,0.01894905601250818,0.6808773461966355,0.6624843953483022,-0.018392950848333367,0.6808773461966355,0.6795729738269262,-0.0013043723697093723
3.0,1.0,7.0,1.0,2.0,4.0,2.0,4.0,9.0,9.0,3.0,6.0,0.0,0.0,0.0,0.0,0.0,0.0,0.0,0.0,0.0,0.0,0.0,0.0,1.0,0.0,0.0,0.0,0.0,0.0,0.0,0.0,0.0,0.0,0.0,0.0,0.0,0.0,0.0,0.0,0.8954128032270255,0.8783753168685818,-0.01703748635844371,0.8954128032270255,0.887805266425781,-0.0076075368012445965,0.8954128032270255,0.9029002716312388,0.007487468404213216,0.8954128032270255,0.9034298157862273,0.00801701255920173,0.8954128032270255,0.8873388516117967,-0.008073951615228836,0.8954128032270255,0.8948498963275201,-0.0005629068995054443
4.0,1.0,5.0,1.0,1.0,3.0,1.0,3.0,5.0,6.0,2.0,6.0,0.0,0.0,0.0,0.0,1.0,0.0,0.0,0.0,0.0,0.0,0.0,0.0,0.0,0.0,0.0,0.0,0.0,0.0,0.0,0.0,0.0,0.0,0.0,0.0,0.0,0.0,0.0,0.0,0.8960254538655613,0.8790742913517152,-0.016951162513846096,0.8960254538655613,0.8884569291370238,-0.007568524728537529,0.8960254538655613,0.9034737903455742,0.007448336480012863,0.8960254538655613,0.904000539305466,0.007975085439904661,0.8960254538655613,0.8879928816255396,-0.00803257224002174,0.8960254538655613,0.8954654594080105,-0.0005599944575508387
7.0,1.0,8.0,1.0,2.0,4.0,2.0,4.0,8.0,9.0,4.0,8.0,0.0,0.0,0.0,0.0,0.0,0.0,0.0,0.0,0.0,0.0,0.0,1.0,0.0,0.0,0.0,0.0,0.0,0.0,0.0,0.0,0.0,0.0,1.0,0.0,0.0,0.0,0.0,0.0,0.8387857836464493,0.8144353430610237,-0.02435044058542557,0.8387857836464493,0.8278511704243141,-0.010934613222135181,0.8387857836464493,0.8496464957953711,0.010860712148921814,0.8387857836464493,0.8504183511510859,0.011632567504636593,0.8387857836464493,0.8271840310352437,-0.011601752611205551,0.8387857836464493,0.8379732500098711,-0.0008125336365781832
5.0,2.0,3.0,1.0,3.0,5.0,3.0,3.0,2.0,5.0,3.0,5.0,1.0,0.0,0.0,0.0,0.0,0.0,1.0,0.0,0.0,0.0,0.0,0.0,1.0,0.0,0.0,0.0,0.0,0.0,0.0,0.0,0.0,0.0,0.0,0.0,0.0,0.0,0.0,0.0,0.5518333504325592,0.5094866821931041,-0.0423466682394551,0.5518333504325592,0.5322884092948497,-0.01954494113770955,0.5518333504325592,0.5721652380328026,0.020331887600243403,0.5518333504325592,0.5736467677380074,0.02181341730544817,0.5518333504325592,0.5311245917238274,-0.02070875870873179,0.5518333504325592,0.5503498548809065,-0.0014834955516527248
3.0,1.0,6.0,2.0,4.0,4.0,3.0,3.0,3.0,6.0,3.0,5.0,1.0,0.0,0.0,0.0,0.0,0.0,1.0,0.0,0.0,0.0,0.0,0.0,0.0,0.0,0.0,0.0,0.0,0.0,0.0,0.0,0.0,0.0,0.0,0.0,0.0,0.0,0.0,0.0,0.5843275333677445,0.5425057561540859,-0.04182177721365854,0.5843275333677445,0.5650828312489902,-0.019244702118754287,0.5843275333677445,0.6042424829431072,0.019914949575362773,0.5843275333677445,0.6056894843410682,0.021361950973323718,0.5843275333677445,0.5639337651348741,-0.020393768232870313,0.5843275333677445,0.5828702935241471,-0.0014572398435973577
4.0,1.0,7.0,1.0,1.0,5.0,3.0,3.0,9.0,9.0,5.0,7.0,1.0,0.0,0.0,0.0,0.0,0.0,0.0,0.0,0.0,0.0,0.0,0.0,1.0,0.0,0.0,0.0,0.0,0.0,0.0,0.0,0.0,0.0,0.0,0.0,0.0,0.0,0.0,0.0,0.8688814713188466,0.848254423500546,-0.020627047818300603,0.8688814713188466,0.8596465791515281,-0.009234892167318542,0.8688814713188466,0.8780095633435835,0.009128092024736856,0.8688814713188466,0.878656608677966,0.00977513735911939,,,,0.8688814713188466,0.8681967874459426,-0.0006846838729039906
4.0,2.0,2.0,1.0,1.0,5.0,1.0,3.0,8.0,8.0,5.0,8.0,1.0,0.0,0.0,0.0,0.0,0.0,1.0,0.0,0.0,0.0,0.0,0.0,0.0,0.0,0.0,0.0,0.0,0.0,0.0,0.0,0.0,0.0,0.0,0.0,0.0,0.0,0.0,0.0,0.8551399478103046,0.8327672102068128,-0.022372737603491788,0.8551399478103046,0.8451097483195935,-0.010030199490711045,0.8551399478103046,0.8650761326882009,0.009936184877896381,0.8551399478103046,0.865781291150368,0.010641343340063392,,,,0.8551399478103046,0.8543955322150911,-0.0007444155952134324
6.0,1.0,8.0,1.0,2.0,4.0,2.0,4.0,8.0,8.0,5.0,8.0,0.0,0.0,0.0,0.0,0.0,0.0,0.0,0.0,0.0,0.0,0.0,0.0,0.0,1.0,0.0,0.0,0.0,0.0,0.0,0.0,0.0,0.0,0.0,0.0,0.0,0.0,0.0,0.0,0.8263760933761859,0.8005968437156462,-0.025779249660539683,0.8263760933761859,0.8147856324229332,-0.011590460953252668,0.8263760933761859,0.8379112700836747,0.011535176707488826,0.8263760933761859,0.8387319347639609,0.012355841387775013,,,,0.8263760933761859,0.8255140247563774,-0.0008620686198085314
7.0,6.0,7.0,2.0,4.0,5.0,3.0,2.0,7.0,5.0,2.0,1.0,0.0,0.0,0.0,0.0,0.0,0.0,0.0,0.0,0.0,0.0,0.0,0.0,0.0,0.0,0.0,0.0,0.0,0.0,0.0,0.0,0.0,0.0,0.0,0.0,0.0,0.0,0.0,1.0,0.4701075011158065,0.4280424440955958,-0.04206505702021074,0.4701075011158065,0.45054718477225486,-0.019560316343551654,0.4701075011158065,0.4907253306327162,0.020617829516909658,0.4701075011158065,0.4922386043544202,0.02213110323861367,0.4701075011158065,0.44939036812515026,-0.02071713299065625,0.4701075011158065,0.4686139817071292,-0.001493519408677313
3.0,1.0,3.0,1.0,1.0,5.0,2.0,2.0,7.0,8.0,3.0,5.0,0.0,0.0,0.0,0.0,1.0,0.0,0.0,0.0,0.0,0.0,0.0,0.0,0.0,0.0,0.0,0.0,1.0,0.0,0.0,0.0,0.0,0.0,0.0,0.0,0.0,0.0,0.0,0.0,0.9101541822218755,0.8952371361759723,-0.01491704604590316,0.9101541822218755,0.9035033581615171,-0.00665082406035844,0.9101541822218755,0.9166845020419743,0.006530319820098773,0.9101541822218755,0.9171457706573919,0.006991588435516394,0.9101541822218755,0.9030950801009939,-0.007059102120881566,0.9101541822218755,0.9096626114326923,-0.00049157078918316
7.0,5.0,7.0,1.0,1.0,3.0,1.0,4.0,10.0,10.0,3.0,10.0,0.0,0.0,0.0,0.0,0.0,1.0,0.0,0.0,0.0,0.0,0.0,0.0,0.0,0.0,0.0,0.0,0.0,1.0,0.0,0.0,0.0,0.0,1.0,0.0,0.0,0.0,0.0,0.0,0.6942308481896683,0.6569754114322178,-0.037255436757450466,0.6942308481896683,0.6772640644889502,-0.016966783700718135,,,,,,,0.6942308481896683,0.6762415733370032,-0.017989274852665105,,,
6.0,3.0,4.0,1.0,1.0,1.0,1.0,3.0,0.0,0.0,1.0,0.0,0.0,0.0,0.0,0.0,0.0,0.0,1.0,0.0,0.0,0.0,0.0,0.0,0.0,0.0,0.0,0.0,0.0,0.0,0.0,0.0,0.0,0.0,0.0,0.0,0.0,0.0,0.0,0.0,0.6810267034520012,0.6429897891486346,-0.03803691430336664,0.6810267034520012,0.663682182571394,-0.017344520880607228,0.6810267034520012,0.6986976705534916,0.01767096710149041,0.6810267034520012,0.6999707988071714,0.018944095355170165,0.6810267034520012,0.6626380956801692,-0.018388607771832044,0.6810267034520012,0.6797226543982331,-0.0013040490537681304
5.0,6.0,4.0,2.0,1.0,1.0,1.0,5.0,10.0,10.0,4.0,5.0,0.0,1.0,0.0,0.0,0.0,0.0,0.0,0.0,0.0,0.0,0.0,0.0,0.0,1.0,0.0,0.0,0.0,0.0,0.0,0.0,0.0,0.0,0.0,0.0,0.0,0.0,0.0,0.0,0.45112551985364113,0.40944653662014197,-0.04167898323349917,,,,,,,,,,0.45112551985364113,0.4305651900590492,-0.020560329794591936,0.45112551985364113,0.4496411335801957,-0.0014843862734454372
3.0,1.0,7.0,1.0,3.0,4.0,4.0,4.0,7.0,5.0,1.0,6.0,0.0,0.0,0.0,0.0,0.0,0.0,1.0,0.0,0.0,0.0,0.0,0.0,0.0,0.0,0.0,0.0,0.0,0.0,0.0,0.0,0.0,0.0,0.0,0.0,0.0,0.0,0.0,0.0,0.7728407151313532,0.7415981968231177,-0.031242518308235545,0.7728407151313532,0.7587198992758616,-0.01412081585549163,0.7728407151313532,0.7870159652773961,0.014175250146042928,0.7728407151313532,0.7880291276789364,0.015188412547583185,0.7728407151313532,0.7578632112471818,-0.014977503884171406,0.7728407151313532,0.7717862423297605,-0.0010544728015927651
6.0,1.0,7.0,2.0,5.0,5.0,4.0,2.0,7.0,5.0,5.0,9.0,0.0,0.0,0.0,0.0,0.0,0.0,0.0,0.0,0.0,0.0,0.0,0.0,0.0,0.0,0.0,0.0,0.0,0.0,0.0,0.0,0.0,0.0,0.0,0.0,1.0,0.0,0.0,0.0,0.23833663351416343,0.20883695427674803,-0.029499679237415394,0.23833663351416343,0.22433714772735341,-0.013999485786810012,0.23833663351416343,0.2536554030228638,0.015318769508700397,0.23833663351416343,0.25480338303725414,0.016466749523090712,,,,0.23833663351416343,0.23724976572746093,-0.0010868677867025
4.0,1.0,5.0,1.0,2.0,4.0,4.0,4.0,8.0,7.0,2.0,8.0,0.0,0.0,0.0,0.0,0.0,0.0,1.0,0.0,0.0,0.0,0.0,1.0,0.0,0.0,0.0,0.0,0.0,0.0,0.0,0.0,0.0,0.0,0.0,0.0,0.0,0.0,0.0,0.0,0.8030858214853077,0.7747909074724105,-0.028294914012897188,0.8030858214853077,0.7903350618411817,-0.012750759644125975,0.8030858214853077,0.8158234884330297,0.012737666947721937,0.8030858214853077,0.8167315249337309,0.013645703448423196,0.8030858214853077,0.789559491779751,-0.013526329705556672,0.8030858214853077,0.8021358014916369,-0.0009500199936708364
2.0,2.0,2.0,1.0,1.0,3.0,1.0,2.0,4.0,2.0,2.0,8.0,1.0,0.0,0.0,0.0,0.0,0.0,0.0,0.0,0.0,0.0,0.0,0.0,0.0,0.0,0.0,0.0,1.0,0.0,0.0,0.0,0.0,0.0,0.0,0.0,0.0,0.0,0.0,0.0,0.8237151408276228,0.7976375492894971,-0.02607759153812561,0.8237151408276228,0.8119874594832616,-0.011727681344361196,0.8237151408276228,0.8353918903494476,0.011676749521824847,0.8237151408276228,0.8362228175685092,0.012507676740886486,0.8237151408276228,0.8112728576417942,-0.012442283185828518,0.8237151408276228,0.8228426925562177,-0.0008724482714050907
3.0,1.0,3.0,1.0,1.0,4.0,4.0,2.0,5.0,6.0,3.0,6.0,0.0,0.0,0.0,0.0,0.0,0.0,1.0,0.0,0.0,0.0,0.0,1.0,0.0,0.0,0.0,0.0,0.0,0.0,0.0,0.0,0.0,0.0,0.0,0.0,0.0,0.0,0.0,0.0,0.8560893109592949,0.833834705724391,-0.022254605234903857,0.8560893109592949,0.8461130166880609,-0.009976294271233921,0.8560893109592949,0.8659705837388572,0.0098812727795623,0.8560893109592949,0.8666717879732101,0.010582477013915237,0.8560893109592949,0.8455034410071292,-0.010585869952165705,0.8560893109592949,0.8553489487625187,-0.0007403621967762009
6.0,1.0,7.0,1.0,3.0,4.0,2.0,2.0,3.0,4.0,4.0,4.0,0.0,0.0,0.0,0.0,0.0,0.0,1.0,0.0,0.0,0.0,0.0,0.0,0.0,0.0,0.0,0.0,0.0,0.0,0.0,0.0,0.0,0.0,0.0,0.0,1.0,0.0,0.0,0.0,0.41983181807201086,0.3790473970966708,-0.040784420975340074,0.41983181807201086,0.40078119998901834,-0.01905061808299252,0.41983181807201086,0.44007590503208366,0.020244086960072794,0.41983181807201086,0.44156841383393197,0.021736595761921107,0.41983181807201086,0.3996592186533218,-0.02017259941868904,0.41983181807201086,0.4183719141138256,-0.001459903958185238
4.0,1.0,10.0,3.0,2.0,5.0,2.0,4.0,8.0,8.0,4.0,10.0,0.0,0.0,0.0,0.0,0.0,0.0,1.0,0.0,0.0,0.0,0.0,0.0,1.0,0.0,0.0,0.0,0.0,0.0,0.0,0.0,0.0,1.0,0.0,0.0,0.0,0.0,0.0,0.0,0.8002583275558212,0.7716726389302125,-0.02858568862560862,0.8002583275558212,0.7873729544862044,-0.01288537306961679,0.8002583275558212,0.8131363372382615,0.01287800968244035,0.8002583275558212,0.8140546024630531,0.013796274907231898,0.8002583275558212,0.7865893860138184,-0.01366894154200271,,,
7.0,1.0,7.0,1.0,1.0,4.0,2.0,5.0,8.0,7.0,4.0,9.0,1.0,0.0,0.0,0.0,0.0,0.0,1.0,0.0,0.0,0.0,0.0,0.0,0.0,0.0,0.0,0.0,0.0,0.0,0.0,0.0,0.0,0.0,0.0,0.0,0.0,0.0,0.0,0.0,0.7682167245182161,0.736555028865165,-0.0316616956530511,,,,0.7682167245182161,0.782599353482201,0.0143826289639849,0.7682167245182161,0.7836277494904288,0.015411024972212695,0.7682167245182161,0.7530317692456866,-0.015184955272529499,0.7682167245182161,0.767147254318387,-0.001069470199829059
4.0,1.0,2.0,1.0,2.0,4.0,2.0,4.0,9.0,8.0,4.0,8.0,0.0,0.0,0.0,0.0,0.0,0.0,0.0,0.0,0.0,0.0,0.0,0.0,0.0,0.0,0.0,0.0,0.0,0.0,0.0,0.0,0.0,0.0,0.0,0.0,0.0,0.0,0.0,0.0,0.8524580540550823,0.8297535763863577,-0.022704477668724632,0.8524580540550823,0.8422764086937463,-0.010181645361336034,0.8524580540550823,0.8625486261833247,0.010090572128242381,0.8524580540550823,0.8632649063326435,0.010806852277561174,0.8524580540550823,0.8416544796145006,-0.010803574440581776,0.8524580540550823,0.8517022466253906,-0.0007558074296917239
2.0,2.0,3.0,3.0,2.0,4.0,3.0,2.0,2.0,5.0,1.0,6.0,0.0,1.0,0.0,0.0,0.0,0.0,1.0,0.0,0.0,0.0,0.0,0.0,0.0,0.0,0.0,0.0,1.0,0.0,0.0,1.0,0.0,0.0,0.0,0.0,0.0,0.0,0.0,0.0,0.5387221248847441,0.49626747062264376,-0.04245465426210038,0.5387221248847441,0.5191036810649184,-0.019618443819825693,0.5387221248847441,0.5591736655803415,0.020451540695597403,0.5387221248847441,0.5606656394472629,0.02194351456251875,0.5387221248847441,0.5179367678398008,-0.02078535704494333,0.5387221248847441,0.5372316246416624,-0.0014905002430817271
3.0,1.0,4.0,1.0,1.0,4.0,1.0,1.0,8.0,8.0,4.0,9.0,0.0,0.0,0.0,0.0,0.0,1.0,0.0,0.0,0.0,0.0,0.0,1.0,0.0,0.0,0.0,0.0,0.0,0.0,0.0,0.0,0.0,0.0,0.0,0.0,0.0,0.0,0.0,0.0,0.893546900535337,0.8762474639201251,-0.01729943661521194,0.893546900535337,0.885820947232213,-0.007725953303123978,0.893546900535337,0.901153203821857,0.007606303286520011,0.893546900535337,0.9016912384049224,0.00814433786958535,0.893546900535337,0.8853473485408707,-0.008199551994466314,0.893546900535337,0.8929751513668805,-0.0005717491684564813
3.0,1.0,5.0,1.0,1.0,4.0,2.0,4.0,3.0,4.0,3.0,7.0,0.0,0.0,0.0,0.0,1.0,0.0,1.0,0.0,0.0,0.0,0.0,0.0,0.0,0.0,0.0,0.0,1.0,0.0,0.0,0.0,0.0,0.0,0.0,0.0,0.0,0.0,0.0,0.0,0.827818865077436,0.8022025601201139,-0.025616304957322034,0.827818865077436,0.8163033081975288,-0.01151555687990713,0.827818865077436,0.8392768302044222,0.01145796512698627,0.827818865077436,0.8400919004341292,0.012273035356693218,0.827818865077436,0.8156013849011416,-0.012217480176294315,0.827818865077436,0.8269624600302015,-0.0008564050472344986
4.0,1.0,5.0,3.0,3.0,5.0,3.0,2.0,8.0,6.0,2.0,8.0,0.0,0.0,0.0,1.0,0.0,0.0,1.0,0.0,0.0,0.0,0.0,0.0,0.0,0.0,0.0,0.0,0.0,1.0,0.0,0.0,0.0,0.0,0.0,0.0,0.0,0.0,0.0,0.0,0.5773617580166546,0.5353963838392807,-0.04196537417737389,0.5773617580166546,0.5580384818047383,-0.019323276211916318,0.5773617580166546,0.5973804879502036,0.02001872993354903,0.5773617580166546,0.5988359215823843,0.02147416356572973,0.5773617580166546,0.5568853985783919,-0.020476359438262648,0.5773617580166546,0.5758978220390619,-0.0014639359775926453
4.0,1.0,5.0,1.0,2.0,4.0,3.0,2.0,4.0,5.0,1.0,2.0,0.0,0.0,0.0,0.0,0.0,0.0,0.0,0.0,0.0,0.0,0.0,1.0,0.0,0.0,0.0,0.0,0.0,0.0,0.0,0.0,0.0,0.0,0.0,0.0,0.0,0.0,0.0,0.0,0.8539826909323832,0.8314664470473385,-0.022516243885044696,0.8539826909323832,0.843886990518417,-0.010095700413966235,0.8539826909323832,0.863985628433479,0.010002937501095821,0.8539826909323832,0.8646955948242459,0.010712903891862635,0.8539826909323832,0.8432702304729394,-0.010712460459443851,0.8539826909323832,0.8532333490289252,-0.0007493419034579896
2.0,1.0,1.0,1.0,2.0,4.0,2.0,3.0,5.0,6.0,3.0,3.0,0.0,1.0,0.0,0.0,0.0,0.0,0.0,0.0,0.0,0.0,0.0,0.0,0.0,0.0,0.0,0.0,0.0,1.0,0.0,1.0,0.0,0.0,0.0,0.0,0.0,0.0,0.0,0.0,0.7164165264160327,0.6806206567118678,-0.03579586970416493,0.7164165264160327,0.7001490844806345,-0.016267441935398197,0.7164165264160327,0.7328958692169086,0.01647934280087593,0.7164165264160327,0.7340794923384617,0.017662965922428997,0.7164165264160327,0.6991668920093538,-0.017249634406678926,0.7164165264160327,0.7151966544554733,-0.0012198719605593933
3.0,1.0,3.0,1.0,1.0,4.0,1.0,2.0,3.0,5.0,3.0,6.0,0.0,0.0,1.0,0.0,0.0,0.0,1.0,0.0,1.0,0.0,0.0,0.0,0.0,0.0,0.0,0.0,0.0,0.0,0.0,0.0,0.0,0.0,0.0,0.0,0.0,0.0,0.0,0.0,0.8143084884044531,0.7871988709586144,-0.02710961744583873,0.8143084884044531,0.8021053569240779,-0.012203131480375218,0.8143084884044531,0.8264770585703585,0.012168570165905335,0.8143084884044531,0.8273436863421793,0.013035197937726117,0.8143084884044531,0.8013623833664528,-0.01294610503800031,0.8143084884044531,0.8134000319946164,-0.000908456409836722
7.0,3.0,10.0,2.0,1.0,3.0,2.0,3.0,7.0,5.0,2.0,3.0,0.0,0.0,0.0,0.0,0.0,0.0,1.0,0.0,0.0,0.0,0.0,0.0,0.0,0.0,0.0,0.0,0.0,0.0,0.0,0.0,0.0,0.0,1.0,0.0,0.0,0.0,0.0,0.0,0.7981700025247879,0.7693715780650475,-0.028798424459740346,0.7981700025247879,0.7851860737285353,-0.012983928796252542,0.7981700025247879,0.8111508801209819,0.01298087759619404,0.7981700025247879,0.8120766471963842,0.013906644671596302,0.7981700025247879,0.7843966529892346,-0.013773349535553314,0.7981700025247879,0.7972022549534719,-0.0009677475713160133
5.0,1.0,9.0,1.0,1.0,4.0,2.0,4.0,8.0,9.0,4.0,8.0,0.0,0.0,0.0,0.0,0.0,0.0,1.0,0.0,0.0,0.0,0.0,0.0,1.0,0.0,0.0,0.0,0.0,0.0,0.0,0.0,0.0,0.0,0.0,0.0,0.0,0.0,0.0,0.0,0.8860620740856651,0.8677263539225445,-0.018335720163120572,0.8860620740856651,0.8778671500986617,-0.008194923987003389,0.8860620740856651,0.8941398247623032,0.008077750676638185,0.8860620740856651,0.8947115737550558,0.00864949966939077,0.8860620740856651,0.8773651275470598,-0.00869694653860531,0.8860620740856651,0.8854552779626742,-0.0006067961229908603
7.0,1.0,7.0,1.0,1.0,4.0,2.0,4.0,8.0,8.0,4.0,8.0,0.0,0.0,0.0,0.0,0.0,0.0,0.0,0.0,0.0,0.0,0.0,1.0,0.0,0.0,0.0,0.0,0.0,0.0,0.0,0.0,0.0,0.0,1.0,0.0,0.0,0.0,0.0,0.0,0.8727481757280185,0.8526262477502414,-0.02012192797777712,0.8727481757280185,0.8637429140594192,-0.009005261668599385,0.8727481757280185,0.8816437470271354,0.008895571299116889,0.8727481757280185,0.8822741009827951,0.00952592525477658,0.8727481757280185,0.8631918820713117,-0.009556293656706849,0.8727481757280185,0.872080710640436,-0.0006674650875825305
3.0,1.0,8.0,1.0,2.0,5.0,2.0,3.0,9.0,9.0,3.0,9.0,0.0,0.0,0.0,0.0,0.0,0.0,1.0,0.0,0.0,0.0,0.0,0.0,0.0,0.0,0.0,0.0,1.0,0.0,0.0,0.0,0.0,0.0,0.0,0.0,0.0,0.0,0.0,0.0,0.898998268856608,0.8824681964748717,-0.016530072381736316,0.898998268856608,0.8916199668924345,-0.00737830196417355,0.898998268856608,0.9062559247401185,0.007257655883510461,0.898998268856608,0.9067690581187207,0.0077707892621126096,0.898998268856608,0.8911674664900395,-0.007830802366568523,0.898998268856608,0.8984524710552594,-0.0005457978013486686
4.0,1.0,3.0,1.0,1.0,4.0,2.0,2.0,9.0,8.0,3.0,8.0,1.0,0.0,0.0,0.0,0.0,0.0,1.0,0.0,0.0,0.0,0.0,0.0,1.0,0.0,0.0,0.0,0.0,0.0,0.0,0.0,0.0,0.0,0.0,1.0,0.0,0.0,0.0,0.0,0.8336040187309416,0.8086494536233392,-0.02495456510760241,0.8336040187309416,0.8223923637564203,-0.011211654974521257,0.8336040187309416,0.8447492047372716,0.011145186006329966,0.8336040187309416,0.8455416304750792,0.011937611744137655,0.8336040187309416,0.8217086255520837,-0.011895393178857905,0.8336040187309416,0.8327705754270506,-0.0008334433038910127
4.0,1.0,5.0,1.0,1.0,4.0,2.0,3.0,7.0,7.0,4.0,8.0,0.0,0.0,0.0,0.0,0.0,0.0,1.0,0.0,0.0,1.0,0.0,0.0,0.0,0.0,0.0,0.0,0.0,0.0,0.0,1.0,0.0,0.0,0.0,0.0,0.0,0.0,0.0,0.0,0.8687333291908467,0.8480870508475967,-0.020646278343249946,0.8687333291908467,0.8594896904380105,-0.00924363875283618,0.8687333291908467,0.8778702848174006,0.009136955626553922,0.8687333291908467,0.8785179666813434,0.00978463749049674,0.8687333291908467,0.8589242674898895,-0.009809061700957189,0.8687333291908467,0.8680479892180104,-0.000685339972836263
5.0,1.0,9.0,1.0,2.0,2.0,2.0,4.0,8.0,8.0,4.0,8.0,0.0,0.0,0.0,0.0,0.0,0.0,0.0,0.0,0.0,0.0,0.0,1.0,0.0,0.0,0.0,0.0,0.0,0.0,0.0,0.0,0.0,0.0,0.0,0.0,0.0,0.0,0.0,0.0,0.8255548086012648,0.7996831759057235,-0.02587163269554138,0.8255548086012648,0.8139218671763555,-0.011632941424909338,0.8255548086012648,0.8371337958032612,0.011578987201996349,0.8255548086012648,0.8379576356272764,0.012402827026011587,0.8255548086012648,0.813212926362058,-0.012341882239206847,0.8255548086012648,0.8246895272597834,-0.0008652813414814498
3.0,1.0,3.0,1.0,2.0,4.0,2.0,4.0,8.0,8.0,5.0,7.0,0.0,1.0,0.0,0.0,0.0,0.0,0.0,0.0,0.0,0.0,0.0,0.0,0.0,0.0,0.0,0.0,1.0,0.0,0.0,0.0,0.0,0.0,0.0,0.0,0.0,0.0,0.0,0.0,0.6493503006448813,0.6097008524015175,-0.039649448243363805,0.6493503006448813,0.6312160616846028,-0.018134238960278548,0.6493503006448813,0.6679204284954632,0.018570127850581875,0.6493503006448813,0.6692620440964523,0.019911743451570985,,,,0.6493503006448813,0.6479836881061202,-0.001366612538761136
4.0,1.0,3.0,1.0,2.0,5.0,2.0,3.0,8.0,8.0,3.0,10.0,0.0,0.0,0.0,0.0,0.0,0.0,1.0,0.0,0.0,0.0,0.0,0.0,0.0,0.0,0.0,0.0,0.0,0.0,0.0,0.0,0.0,0.0,0.0,0.0,0.0,0.0,0.0,0.0,0.8743952627998497,0.8544903599722938,-0.01990490282755586,0.8743952627998497,0.8654885962926445,-0.008906666507205174,0.8743952627998497,0.8831911044364646,0.008795841636614954,0.8743952627998497,0.8838143033502931,0.009419040550443403,0.8743952627998497,0.864943520090653,-0.009451742709196687,,,
6.0,1.0,9.0,1.0,1.0,4.0,2.0,3.0,6.0,7.0,3.0,8.0,0.0,0.0,0.0,0.0,0.0,0.0,1.0,0.0,0.0,0.0,0.0,0.0,0.0,0.0,0.0,0.0,0.0,0.0,0.0,0.0,0.0,0.0,0.0,0.0,0.0,0.0,0.0,0.0,0.8806099146865705,0.8615339060000362,-0.01907600868653425,0.8806099146865705,0.8720794607383288,-0.0085304539482417,0.8806099146865705,0.8890257905081297,0.008415875821559227,0.8806099146865705,0.8896217506254146,0.009011835938844137,0.8806099146865705,0.8715571288888384,-0.009052785797732055,0.8806099146865705,0.8799780152886475,-0.0006318993979229637
7.0,3.0,10.0,2.0,1.0,3.0,1.0,3.0,6.0,9.0,3.0,9.0,0.0,0.0,0.0,0.0,0.0,0.0,1.0,0.0,0.0,0.0,0.0,0.0,0.0,0.0,0.0,0.0,0.0,0.0,0.0,0.0,0.0,0.0,1.0,0.0,0.0,0.0,0.0,0.0,0.8359220075620455,0.8112363549189054,-0.024685652643140044,0.8359220075620455,0.8248337179229743,-0.011088289639071158,0.8359220075620455,0.8469404422367137,0.011018434674668232,0.8359220075620455,0.8477236996667442,0.011801692104698724,0.8359220075620455,0.8241573686539918,-0.011764638908053682,0.8359220075620455,0.8350978778525986,-0.0008241297094468969
2.0,3.0,2.0,4.0,3.0,4.0,3.0,3.0,8.0,7.0,2.0,7.0,0.0,0.0,0.0,1.0,0.0,0.0,1.0,0.0,0.0,0.0,0.0,0.0,0.0,0.0,0.0,0.0,1.0,0.0,0.0,0.0,0.0,0.0,0.0,0.0,0.0,1.0,0.0,0.0,0.4868825980140184,0.44457586401451,-0.042306733999508406,0.4868825980140184,0.4672397546706509,-0.019642843343367522,0.4868825980140184,0.5075314741798381,0.02064887616581973,0.4868825980140184,0.5090447712969345,0.022162173282916087,0.4868825980140184,0.46607643432969126,-0.02080616368432714,0.4868825980140184,0.4853846022142092,-0.001497995799809193
5.0,1.0,7.0,1.0,2.0,4.0,1.0,3.0,7.0,8.0,1.0,10.0,0.0,0.0,0.0,0.0,0.0,1.0,0.0,0.0,0.0,0.0,0.0,0.0,0.0,0.0,0.0,0.0,0.0,0.0,0.0,0.0,0.0,0.0,0.0,0.0,0.0,0.0,0.0,0.0,0.8302781805313457,0.8049415476710963,-0.025336632860249453,0.8302781805313457,0.8188911191353003,-0.011387061396045395,0.8302781805313457,0.841603802570413,0.011325622039067285,0.8302781805313457,0.8424092879134096,0.01213110738206391,0.8302781805313457,0.8181968818510436,-0.012081298680302166,,,
3.0,1.0,5.0,3.0,3.0,4.0,2.0,3.0,10.0,10.0,5.0,5.0,1.0,0.0,0.0,0.0,0.0,0.0,0.0,0.0,0.0,0.0,0.0,0.0,0.0,0.0,0.0,0.0,1.0,0.0,0.0,0.0,0.0,0.0,0.0,0.0,0.0,0.0,0.0,0.0,0.7272406885815097,0.6922241504845957,-0.03501653809691396,0.7272406885815097,0.7113439851836277,-0.01589670339788196,,,,,,,,,,0.7272406885815097,0.7260495735183478,-0.0011911150631619405
7.0,1.0,9.0,1.0,1.0,5.0,1.0,4.0,9.0,9.0,4.0,8.0,0.0,0.0,0.0,0.0,0.0,0.0,0.0,0.0,0.0,0.0,0.0,1.0,0.0,0.0,0.0,0.0,0.0,0.0,0.0,0.0,0.0,0.0,0.0,0.0,0.0,0.0,0.0,1.0,0.9124348322775209,0.8978539449476753,-0.014580887329845527,0.9124348322775209,0.9059353849410938,-0.006499447336427044,0.9124348322775209,0.9188141725151024,0.006379340237581577,0.9124348322775209,0.9192646888517805,0.006829856574259607,0.9124348322775209,0.9055363209662615,-0.006898511311259403,0.9124348322775209,0.9119545324542567,-0.0004802998232641409
4.0,1.0,3.0,1.0,2.0,5.0,2.0,2.0,8.0,7.0,4.0,7.0,1.0,0.0,0.0,0.0,0.0,0.0,1.0,0.0,0.0,0.0,0.0,0.0,1.0,0.0,0.0,0.0,0.0,0.0,0.0,0.0,0.0,0.0,0.0,0.0,0.0,0.0,0.0,0.0,0.8081277222498086,0.7803591449001829,-0.027768577349625678,0.8081277222498086,0.7956203539582123,-0.012507368291596266,0.8081277222498086,0.8206120983297807,0.012484376079972104,0.8081277222498086,0.8215016913281721,0.013373969078363523,0.8081277222498086,0.7948592600468245,-0.013268462202984055,0.8081277222498086,0.80719618722228,-0.0009315350275285184
4.0,1.0,2.0,1.0,2.0,5.0,2.0,3.0,8.0,6.0,2.0,7.0,1.0,0.0,0.0,0.0,0.0,0.0,1.0,0.0,0.0,0.0,0.0,0.0,0.0,0.0,0.0,0.0,0.0,0.0,0.0,0.0,0.0,0.0,0.0,0.0,0.0,0.0,0.0,0.0,0.817792775189125,0.7910613189945052,-0.026731456194619807,0.817792775189125,0.805764003618734,-0.01202877157039095,0.817792775189125,0.8297807450537477,0.011987969864622694,0.817792775189125,0.8306342543711963,0.012841479182071347,0.817792775189125,0.8050314272257547,-0.012761347963370251,0.817792775189125,0.8168975319822568,-0.0008952432068681793
7.0,1.0,3.0,1.0,2.0,4.0,3.0,2.0,3.0,6.0,3.0,5.0,0.0,0.0,0.0,0.0,0.0,0.0,0.0,0.0,0.0,0.0,0.0,0.0,0.0,0.0,0.0,0.0,0.0,0.0,0.0,0.0,0.0,0.0,1.0,0.0,0.0,0.0,0.0,0.0,0.7598632459646592,0.7274652773902074,-0.03239796857445176,0.7598632459646592,0.7452016824930534,-0.014661563471605743,0.7598632459646592,0.7746121460878485,0.014748900123189301,0.7598632459646592,0.7756674944602492,0.015804248495590034,0.7598632459646592,0.7443131718641697,-0.015550074100489475,0.7598632459646592,0.7587673353858974,-0.001095910578761794
6.0,1.0,3.0,1.0,1.0,4.0,3.0,2.0,8.0,9.0,4.0,9.0,1.0,0.0,0.0,0.0,0.0,0.0,1.0,0.0,0.0,0.0,0.0,1.0,0.0,0.0,0.0,0.0,0.0,0.0,0.0,1.0,0.0,0.0,0.0,0.0,0.0,0.0,0.0,0.0,0.799821366722456,0.7711910231034643,-0.02863034361899164,0.799821366722456,0.7869153109556474,-0.012906055766808588,0.799821366722456,0.8127209557455717,0.01289958902311572,0.799821366722456,0.8136407943741695,0.013819427651713512,0.799821366722456,0.7861305140789505,-0.013690852643505447,0.799821366722456,0.7988595418501329,-0.0009618248723231027
5.0,2.0,3.0,3.0,2.0,4.0,2.0,2.0,3.0,4.0,1.0,3.0,0.0,0.0,0.0,0.0,1.0,0.0,0.0,0.0,0.0,0.0,0.0,0.0,0.0,0.0,0.0,1.0,0.0,0.0,0.0,0.0,0.0,1.0,0.0,0.0,0.0,0.0,0.0,0.0,0.5578431157582073,0.5155658034688851,-0.04227731228932219,0.5578431157582073,0.5383410025852331,-0.019502113172974234,0.5578431157582073,0.5781108019618862,0.020267686203678914,0.5578431157582073,0.579586871063939,0.021743755305731693,0.5578431157582073,0.5371791505606256,-0.020663965197581735,0.5578431157582073,0.5563635206230505,-0.0014795951351568304
4.0,1.0,10.0,1.0,1.0,1.0,1.0,4.0,8.0,8.0,4.0,8.0,0.0,0.0,0.0,0.0,0.0,0.0,0.0,0.0,0.0,0.0,0.0,1.0,0.0,0.0,0.0,0.0,0.0,0.0,0.0,0.0,0.0,0.0,0.0,0.0,0.0,0.0,0.0,0.0,0.8959039470154094,0.8789356515267632,-0.0169682954886462,0.8959039470154094,0.8883276798753222,-0.0075762671400871895,0.8959039470154094,0.9033600489867321,0.007456101971322626,0.8959039470154094,0.9038873526095413,0.00798340559413191,0.8959039470154094,0.8878631625212613,-0.008040784494148134,0.8959039470154094,0.8953433745735467,-0.0005605724418626945
5.0,1.0,6.0,1.0,2.0,5.0,2.0,4.0,5.0,8.0,1.0,9.0,0.0,0.0,1.0,0.0,0.0,0.0,1.0,0.0,0.0,1.0,0.0,0.0,0.0,0.0,0.0,0.0,0.0,0.0,0.0,0.0,0.0,0.0,0.0,0.0,0.0,0.0,0.0,0.0,0.6442733532232106,0.6043995719975148,-0.03987378122569574,0.6442733532232106,0.6260277671831493,-0.018245586040061212,0.6442733532232106,0.6629728021032537,0.018699448880043157,0.6442733532232106,0.6643243606779052,0.02005100745469468,0.6442733532232106,0.6249328454521965,-0.019340507771014037,0.6442733532232106,0.6428978354101739,-0.0013755178130366863
6.0,1.0,7.0,1.0,2.0,4.0,2.0,4.0,8.0,5.0,3.0,8.0,1.0,0.0,0.0,0.0,0.0,0.0,0.0,0.0,0.0,0.0,0.0,1.0,0.0,0.0,0.0,0.0,0.0,0.0,0.0,0.0,0.0,0.0,0.0,0.0,0.0,0.0,0.0,0.0,0.7672010082235527,0.7354483458434657,-0.031752662380087004,0.7672010082235527,0.7528417302966653,-0.014359277926887404,0.7672010082235527,0.7816287485035444,0.014427740279991608,0.7672010082235527,0.7826604607879585,0.015459452564405729,0.7672010082235527,0.7519709940933261,-0.015230014130226621,0.7672010082235527,0.7661282781783088,-0.001072730045243997
4.0,1.0,3.0,1.0,1.0,3.0,2.0,4.0,8.0,8.0,5.0,8.0,0.0,0.0,0.0,1.0,0.0,0.0,0.0,0.0,0.0,0.0,0.0,0.0,1.0,0.0,0.0,0.0,0.0,0.0,0.0,0.0,0.0,0.0,0.0,0.0,0.0,0.0,0.0,0.0,0.7029516138099747,0.6662479067638084,-0.03670370704616632,0.7029516138099747,0.6862500398116439,-0.016701573998330832,0.7029516138099747,0.7199075039463786,0.01695589013640386,0.7029516138099747,0.7211267822432553,0.018175168433280597,,,,0.7029516138099747,0.7016979379760326,-0.0012536758339420917
4.0,1.0,5.0,1.0,2.0,2.0,2.0,4.0,8.0,8.0,4.0,8.0,0.0,1.0,0.0,0.0,0.0,0.0,0.0,0.0,0.0,0.0,0.0,0.0,1.0,0.0,0.0,0.0,0.0,0.0,0.0,0.0,0.0,0.0,0.0,0.0,0.0,0.0,0.0,0.0,0.6023029507079075,0.5609307615857898,-0.04137218912211771,0.6023029507079075,0.583296985797595,-0.01900596491031248,0.6023029507079075,0.6219139331886662,0.019610982480758654,0.6023029507079075,0.6233365994910596,0.02103364878315206,0.6023029507079075,0.5821604589139102,-0.020142491793997297,0.6023029507079075,0.6008656831369038,-0.0014372675710037086
7.0,1.0,6.0,1.0,1.0,4.0,1.0,3.0,10.0,10.0,4.0,10.0,0.0,0.0,0.0,0.0,0.0,0.0,1.0,0.0,0.0,0.0,0.0,0.0,0.0,0.0,0.0,0.0,0.0,0.0,0.0,0.0,0.0,0.0,1.0,0.0,0.0,0.0,0.0,0.0,0.9003895058744957,0.8840577601284343,-0.016331745746061443,0.9003895058744957,0.8931007505622641,-0.0072887553122316096,,,,,,,0.9003895058744957,0.8926536882843928,-0.007735817590102889,,,
6.0,1.0,4.0,1.0,2.0,4.0,2.0,4.0,9.0,8.0,2.0,9.0,1.0,0.0,0.0,0.0,0.0,0.0,1.0,0.0,0.0,0.0,0.0,1.0,0.0,0.0,0.0,0.0,0.0,0.0,0.0,1.0,0.0,0.0,0.0,0.0,0.0,0.0,0.0,0.0,0.7715093158037937,0.7401452518611739,-0.03136406394261981,0.7715093158037937,0.7573317239494257,-0.014177591854367955,0.7715093158037937,0.7857446152712898,0.014235299467496132,0.7715093158037937,0.7867621868506016,0.015252871046807948,0.7715093158037937,0.7564716890973016,-0.015037626706492113,0.7715093158037937,0.7704504983410517,-0.0010588174627419455
2.0,1.0,3.0,3.0,3.0,3.0,5.0,3.0,4.0,6.0,2.0,5.0,0.0,0.0,0.0,0.0,0.0,0.0,1.0,0.0,0.0,0.0,0.0,0.0,0.0,0.0,0.0,0.0,1.0,0.0,0.0,0.0,0.0,0.0,0.0,0.0,0.0,0.0,0.0,1.0,,,,0.5636782251601451,0.5442232015492204,-0.01945502361092466,0.5636782251601451,0.5838779598485996,0.020199734688454485,0.5636782251601451,0.5853483237856127,0.02167009862546765,0.5636782251601451,0.5430635880429845,-0.020614637117160606,0.5636782251601451,0.5622028319754998,-0.0014753931846452906
4.0,1.0,3.0,2.0,2.0,5.0,3.0,4.0,8.0,8.0,5.0,8.0,0.0,0.0,0.0,0.0,0.0,0.0,0.0,0.0,0.0,0.0,0.0,0.0,1.0,0.0,0.0,0.0,0.0,0.0,0.0,0.0,0.0,0.0,0.0,0.0,0.0,0.0,0.0,0.0,0.8053973544926387,0.7773424995535821,-0.028054854939056573,0.8053973544926387,0.7927576476184823,-0.012639706874156387,0.8053973544926387,0.81801937927695,0.012622024784311292,0.8053973544926387,0.8189189924989314,0.013521638006292691,,,,0.8053973544926387,0.8044557711466558,-0.0009415833459829326
4.0,1.0,3.0,1.0,2.0,3.0,2.0,2.0,6.0,7.0,2.0,7.0,0.0,1.0,0.0,0.0,0.0,0.0,0.0,0.0,0.0,0.0,0.0,0.0,1.0,0.0,0.0,0.0,0.0,0.0,0.0,0.0,0.0,0.0,0.0,0.0,0.0,0.0,0.0,0.0,0.6664071747266316,0.6275802625756941,-0.038826912150937476,0.6664071747266316,0.6486777944584462,-0.01772938026818538,0.6664071747266316,0.6845128618213556,0.018105687094724043,0.6664071747266316,0.685818975265869,0.01941180053923741,0.6664071747266316,0.6476118593650212,-0.018795315361610387,0.6664071747266316,0.665072751130163,-0.0013344235964686257
3.0,1.0,5.0,1.0,3.0,5.0,3.0,3.0,8.0,8.0,5.0,8.0,0.0,0.0,0.0,0.0,0.0,0.0,0.0,0.0,0.0,0.0,0.0,1.0,0.0,0.0,0.0,0.0,0.0,0.0,0.0,0.0,0.0,0.0,0.0,0.0,0.0,0.0,0.0,0.0,0.8336267666312508,0.8086748300498435,-0.024951936581407264,0.8336267666312508,0.8224163178744672,-0.011210448756783564,0.8336267666312508,0.8447707127118652,0.01114394608061442,0.8336267666312508,0.8455630487394277,0.011936282108176877,,,,0.8336267666312508,0.8327934144126109,-0.0008333522186398934
6.0,1.0,9.0,1.0,2.0,4.0,4.0,4.0,6.0,8.0,4.0,8.0,1.0,0.0,0.0,0.0,0.0,0.0,1.0,0.0,0.0,0.0,0.0,1.0,0.0,0.0,0.0,0.0,0.0,0.0,0.0,0.0,0.0,0.0,0.0,0.0,0.0,0.0,0.0,0.0,0.6743767507797994,0.6359707219819074,-0.03840602879789201,0.6743767507797994,0.6568528291391144,-0.01752392164068506,0.6743767507797994,0.692249643245913,0.017872892466113566,0.6743767507797994,0.6935380666728217,0.01916131589302228,0.6743767507797994,0.6557985363586565,-0.018578214421142936,0.6743767507797994,0.673058566528718,-0.0013181842510814334
5.0,3.0,10.0,1.0,2.0,5.0,3.0,3.0,9.0,7.0,4.0,8.0,0.0,0.0,0.0,0.0,0.0,0.0,0.0,0.0,0.0,0.0,0.0,1.0,0.0,0.0,0.0,0.0,0.0,0.0,0.0,0.0,0.0,0.0,0.0,0.0,0.0,0.0,0.0,0.0,0.8375452901333685,0.8130492417559096,-0.02449604837745889,0.8375452901333685,0.826543937795167,-0.011001352338201542,0.8375452901333685,0.8484744753262309,0.010929185192862345,0.8375452901333685,0.8492512798585566,0.011705989725188104,0.8375452901333685,0.8258727979682311,-0.011672492165137438,0.8375452901333685,0.8367277213111806,-0.0008175688221879751
4.0,1.0,10.0,1.0,1.0,4.0,2.0,4.0,6.0,7.0,2.0,6.0,0.0,0.0,0.0,0.0,0.0,0.0,0.0,0.0,0.0,0.0,0.0,0.0,1.0,0.0,0.0,0.0,0.0,0.0,0.0,0.0,0.0,0.0,0.0,0.0,0.0,0.0,0.0,0.0,0.9137658335222568,0.899382137288439,-0.014383696233817855,0.9137658335222568,0.9073551476088993,-0.006410685913357472,0.9137658335222568,0.9200567027848567,0.0062908692625999185,0.9137658335222568,0.9205009206575911,0.006735087135334328,0.9137658335222568,0.9069614883170335,-0.006804345205223328,0.9137658335222568,0.9132921405440166,-0.0004736929782401811
2.0,2.0,5.0,4.0,4.0,4.0,2.0,4.0,10.0,10.0,4.0,10.0,0.0,1.0,0.0,0.0,0.0,0.0,1.0,0.0,0.0,0.0,0.0,0.0,0.0,0.0,0.0,0.0,1.0,0.0,0.0,0.0,0.0,0.0,0.0,0.0,0.0,1.0,0.0,0.0,0.49425544330085414,0.4518722420644455,-0.04238320123640865,0.49425544330085414,0.47459026602478405,-0.01966517727607009,,,,,,,0.49425544330085414,0.4734249074279761,-0.02083053587287803,,,
4.0,1.0,8.0,1.0,2.0,4.0,1.0,4.0,7.0,5.0,4.0,6.0,0.0,0.0,0.0,1.0,0.0,0.0,1.0,0.0,0.0,0.0,0.0,0.0,1.0,0.0,0.0,0.0,0.0,0.0,0.0,0.0,0.0,0.0,0.0,0.0,0.0,0.0,0.0,0.0,0.6992555590852532,0.6623145479978204,-0.03694101108743275,0.6992555590852532,0.6824400531487913,-0.01681550593646186,0.6992555590852532,0.7163372895161592,0.017081730430905995,0.6992555590852532,0.717566012133973,0.01831045304871981,0.6992555590852532,0.6814262469436534,-0.017829312141599774,0.6992555590852532,0.6979929860096614,-0.0012625730755917441
6.0,1.0,8.0,1.0,1.0,5.0,1.0,4.0,9.0,9.0,3.0,10.0,0.0,0.0,0.0,0.0,0.0,0.0,0.0,0.0,0.0,0.0,0.0,0.0,0.0,0.0,0.0,0.0,0.0,0.0,0.0,0.0,0.0,0.0,0.0,0.0,0.0,0.0,0.0,0.0,0.9288137850183849,0.9167112777781279,-0.012102507240256966,0.9288137850183849,0.9234280277523652,-0.005385757266019642,0.9288137850183849,0.9340860775268652,0.005272292508480381,0.9288137850183849,0.934457892296695,0.0056441072783101065,0.9288137850183849,0.923096875676951,-0.005716909341433873,,,
5.0,1.0,3.0,1.0,3.0,5.0,2.0,3.0,5.0,7.0,2.0,6.0,0.0,0.0,0.0,0.0,0.0,0.0,1.0,0.0,0.0,1.0,0.0,0.0,0.0,0.0,0.0,0.0,0.0,0.0,0.0,0.0,0.0,0.0,0.0,0.0,0.0,0.0,0.0,0.0,0.7495745655334786,0.716306744880833,-0.03326782065264555,0.7495745655334786,0.7345043103313684,-0.015070255202110139,0.7495745655334786,0.7647597529495276,0.015185187416049017,0.7495745655334786,0.7658472887198917,0.01627272318641315,0.7495745655334786,0.733591832485407,-0.015982733048071518,0.7495745655334786,0.7484472448202302,-0.001127320713248392
5.0,1.0,3.0,1.0,2.0,2.0,2.0,4.0,8.0,8.0,4.0,8.0,0.0,0.0,0.0,0.0,0.0,0.0,0.0,0.0,0.0,0.0,0.0,0.0,1.0,0.0,0.0,0.0,0.0,0.0,0.0,0.0,0.0,0.0,0.0,0.0,0.0,0.0,0.0,0.0,0.7653815570184905,0.733466944959039,-0.031914612059451564,0.7653815570184905,0.7509464848597882,-0.014435072158702322,0.7653815570184905,0.779889706882058,0.014508149863567521,0.7653815570184905,0.7809273325822279,0.015545775563737374,0.7653815570184905,0.7500712883355086,-0.015310268682981909,0.7653815570184905,0.7643030186984278,-0.0010785383200627718
2.0,2.0,3.0,4.0,2.0,4.0,3.0,3.0,3.0,5.0,2.0,4.0,0.0,0.0,1.0,0.0,0.0,0.0,1.0,0.0,1.0,0.0,0.0,0.0,0.0,0.0,0.0,0.0,0.0,0.0,0.0,0.0,0.0,0.0,0.0,0.0,0.0,1.0,0.0,0.0,0.6467556471648396,0.6069903794633039,-0.039765267701535656,0.6467556471648396,0.6285639784389269,-0.018191668725912713,0.6467556471648396,0.665392378565697,0.01863673140085742,0.6467556471648396,0.666739111574998,0.019983464410158414,0.6467556471648396,0.6274720635680641,-0.01928358359677551,0.6467556471648396,0.6453844447222478,-0.0013712024425918123
3.0,6.0,5.0,3.0,2.0,3.0,3.0,2.0,7.0,7.0,2.0,5.0,0.0,0.0,0.0,0.0,1.0,0.0,0.0,0.0,0.0,0.0,0.0,0.0,0.0,0.0,1.0,0.0,0.0,0.0,0.0,0.0,0.0,0.0,0.0,0.0,1.0,0.0,0.0,0.0,0.3403343759614087,0.30323625959785344,-0.037098116363555256,0.3403343759614087,0.3228834887214097,-0.01745088723999899,0.3403343759614087,0.35911792405543874,0.018783548094030045,0.3403343759614087,0.3605126483827826,0.020178272421373877,0.3403343759614087,0.3218624456142554,-0.018471930347153276,0.3403343759614087,0.33898938980241183,-0.0013449861589968637
3.0,1.0,3.0,1.0,2.0,4.0,2.0,4.0,5.0,4.0,3.0,6.0,0.0,0.0,1.0,0.0,0.0,0.0,1.0,0.0,0.0,0.0,0.0,0.0,0.0,0.0,0.0,0.0,0.0,0.0,0.0,0.0,0.0,0.0,0.0,0.0,0.0,0.0,0.0,0.0,0.6275632821494377,0.5870170867906394,-0.04054619535879833,0.6275632821494377,0.608980792154532,-0.018582489994905638,0.6275632821494377,0.6466593862113961,0.019096104061958386,0.6275632821494377,0.6480416349824476,0.020478352833009916,0.6275632821494377,0.6078672230201748,-0.019696059129262866,0.6275632821494377,0.6261606424911986,-0.0014026396582390577
7.0,2.0,9.0,1.0,3.0,3.0,3.0,4.0,4.0,4.0,3.0,5.0,0.0,0.0,0.0,0.0,0.0,0.0,0.0,0.0,0.0,0.0,0.0,1.0,0.0,0.0,0.0,0.0,0.0,0.0,0.0,0.0,0.0,0.0,0.0,0.0,1.0,0.0,0.0,0.0,0.29960595699562276,0.26516287273178213,-0.03444308426384063,0.29960595699562276,0.28334642633369056,-0.016259530661932198,0.29960595699562276,0.3172226045798919,0.01761664758426912,0.29960595699562276,0.31853548963653355,0.018929532640910796,0.29960595699562276,0.2823982662592938,-0.01720769073632894,0.29960595699562276,0.29834913122237533,-0.0012568257732474275
7.0,1.0,7.0,3.0,1.0,3.0,2.0,4.0,5.0,6.0,4.0,3.0,0.0,0.0,0.0,0.0,0.0,1.0,1.0,0.0,0.0,0.0,0.0,1.0,0.0,0.0,0.0,0.0,0.0,0.0,0.0,0.0,0.0,0.0,0.0,1.0,0.0,0.0,0.0,0.0,0.5645971788435974,0.5224127762289942,-0.04218440261460321,0.5645971788435974,0.5451500661901505,-0.019447112653446896,0.5645971788435974,0.5847857082677395,0.020188529424142065,0.5645971788435974,0.5862551375819953,0.02165795873839793,0.5645971788435974,0.5439908349255653,-0.020606343918032066,0.5645971788435974,0.5631224846714408,-0.001474694172156621
4.0,1.0,2.0,1.0,2.0,4.0,2.0,3.0,5.0,6.0,3.0,4.0,0.0,0.0,0.0,0.0,0.0,0.0,0.0,0.0,0.0,0.0,0.0,0.0,1.0,0.0,0.0,0.0,0.0,0.0,0.0,0.0,0.0,0.0,0.0,0.0,0.0,0.0,0.0,0.0,0.828353402311914,0.8027976787010831,-0.025555723610830916,0.828353402311914,0.8168656867176101,-0.011487715594303949,0.828353402311914,0.8397826806520372,0.011429278340123195,0.828353402311914,0.8405956728081517,0.012242270496237717,0.828353402311914,0.8161654283840908,-0.012187973927823226,0.828353402311914,0.8274991019558078,-0.0008543003561062301
2.0,2.0,3.0,1.0,2.0,3.0,2.0,3.0,1.0,2.0,2.0,3.0,0.0,0.0,0.0,0.0,1.0,0.0,0.0,0.0,0.0,0.0,0.0,0.0,0.0,0.0,0.0,0.0,1.0,0.0,0.0,0.0,0.0,0.0,0.0,0.0,0.0,0.0,0.0,0.0,0.7455714753635727,0.7119762040087579,-0.03359527135481477,0.7455714753635727,0.7303469816053828,-0.015224493758189905,0.7455714753635727,0.7609219788441808,0.015350503480608069,0.7455714753635727,0.7620217358978829,0.0164502605343102,0.7455714753635727,0.7294254789688692,-0.016145996394703488,0.7455714753635727,0.74443227831237,-0.0011391970512026894
2.0,1.0,1.0,1.0,2.0,5.0,1.0,3.0,6.0,8.0,3.0,6.0,1.0,0.0,0.0,0.0,0.0,0.0,1.0,0.0,0.0,0.0,0.0,0.0,0.0,0.0,0.0,0.0,1.0,0.0,0.0,0.0,0.0,0.0,0.0,0.0,0.0,0.0,0.0,0.0,0.8427425663735937,0.8188607094453525,-0.023881856928241185,0.8427425663735937,0.8320225827938152,-0.010719983579778436,0.8427425663735937,0.8533833111267877,0.010640744753193987,0.8427425663735937,0.8541392763976648,0.011396710024071166,0.8427425663735937,0.8313683162160365,-0.01137425015755722,0.8427425663735937,0.8419462174618931,-0.0007963489117005507
5.0,1.0,9.0,1.0,3.0,4.0,3.0,3.0,7.0,7.0,2.0,7.0,0.0,1.0,0.0,0.0,0.0,0.0,1.0,0.0,0.0,0.0,0.0,0.0,0.0,0.0,0.0,0.0,0.0,0.0,0.0,0.0,0.0,0.0,0.0,0.0,0.0,0.0,0.0,0.0,0.5797026635907071,0.5377836452895974,-0.04191901830110967,0.5797026635907071,0.5604049256830038,-0.019297737907703283,0.5797026635907071,0.5996873920727804,0.019984728482073333,0.5797026635907071,0.601140054417651,0.021437390826943847,0.5797026635907071,0.5592531401594842,-0.02044952343122286,0.5797026635907071,0.5782409128887382,-0.0014617507019688558
4.0,1.0,3.0,1.0,1.0,4.0,3.0,4.0,7.0,8.0,3.0,7.0,0.0,0.0,0.0,0.0,0.0,0.0,0.0,0.0,0.0,0.0,0.0,0.0,1.0,0.0,0.0,0.0,0.0,0.0,0.0,0.0,0.0,0.0,0.0,0.0,0.0,0.0,0.0,0.0,0.8648800303595326,0.8437367019735015,-0.021143328386031168,0.8648800303595326,0.855410208918929,-0.009469821440603599,0.8648800303595326,0.8742463737256246,0.00936634336609199,0.8648800303595326,0.8749105355484187,0.01003050518888604,0.8648800303595326,0.8548311425631815,-0.010048887796351158,0.8648800303595326,0.8641777177596949,-0.0007023125998377733
7.0,1.0,7.0,1.0,2.0,4.0,2.0,3.0,10.0,9.0,5.0,10.0,0.0,0.0,0.0,0.0,0.0,0.0,1.0,0.0,0.0,0.0,0.0,1.0,0.0,0.0,0.0,0.0,0.0,0.0,0.0,0.0,0.0,0.0,1.0,0.0,0.0,0.0,0.0,0.0,0.8264589134815395,0.8006889948900808,-0.025769918591458718,0.8264589134815395,0.8148727427111923,-0.011586170770347293,,,,0.8264589134815395,0.8388100106582429,0.012351097176703352,,,,,,
5.0,1.0,5.0,1.0,2.0,4.0,1.0,2.0,8.0,7.0,5.0,8.0,0.0,0.0,0.0,1.0,0.0,0.0,1.0,0.0,0.0,0.0,0.0,0.0,0.0,0.0,0.0,0.0,1.0,0.0,0.0,0.0,0.0,0.0,0.0,0.0,0.0,0.0,0.0,0.0,0.6650384327638063,0.6261415853307437,-0.03889684743306254,0.6650384327638063,0.6472748113449662,-0.017763621418840025,0.6650384327638063,0.6831830906797661,0.018144657915959872,0.6650384327638063,0.6844921718709248,0.01945373910711856,,,,0.6650384327638063,0.6637012970055094,-0.001337135758296859
4.0,1.0,5.0,1.0,5.0,5.0,3.0,5.0,10.0,10.0,5.0,8.0,1.0,0.0,0.0,0.0,0.0,0.0,1.0,0.0,0.0,0.0,0.0,1.0,0.0,0.0,0.0,0.0,0.0,0.0,0.0,0.0,0.0,0.0,0.0,0.0,0.0,0.0,0.0,0.0,0.5485587823432957,0.5061795866068106,-0.042379195736485076,,,,,,,,,,,,,0.5485587823432957,0.5470733440346437,-0.0014854383086519984
3.0,1.0,6.0,1.0,2.0,5.0,2.0,4.0,5.0,7.0,3.0,7.0,0.0,0.0,0.0,0.0,0.0,0.0,0.0,0.0,0.0,0.0,0.0,0.0,0.0,0.0,0.0,0.0,0.0,1.0,0.0,0.0,0.0,0.0,0.0,0.0,0.0,0.0,0.0,0.0,0.8870555687056924,0.8688560654121216,-0.018199503293570785,0.8870555687056924,0.8789223369640201,-0.008133231741672242,0.8870555687056924,0.8950712255222475,0.008015656816555139,0.8870555687056924,0.8956385311787836,0.008582962473091205,0.8870555687056924,0.8784240510447037,-0.008631517660988686,0.8870555687056924,0.8864533855782857,-0.0006021831274066747
7.0,3.0,4.0,1.0,2.0,4.0,2.0,2.0,5.0,7.0,2.0,6.0,0.0,0.0,0.0,0.0,0.0,0.0,1.0,0.0,0.0,0.0,0.0,1.0,0.0,0.0,0.0,0.0,0.0,0.0,0.0,0.0,0.0,0.0,1.0,0.0,0.0,0.0,0.0,0.0,0.7537369829714922,0.7208161671035789,-0.03292081586791329,0.7537369829714922,0.738829939970992,-0.014907043000500164,0.7537369829714922,0.7687476394886029,0.015010656517110754,0.7537369829714922,0.7698222878960879,0.0160853049245957,0.7537369829714922,0.7379270243406651,-0.015809958630827015,0.7537369829714922,0.7526222160166514,-0.0011147669548408068
4.0,1.0,3.0,1.0,4.0,5.0,3.0,1.0,7.0,6.0,2.0,8.0,0.0,0.0,0.0,0.0,1.0,0.0,0.0,0.0,0.0,1.0,0.0,0.0,0.0,0.0,0.0,0.0,0.0,0.0,0.0,0.0,0.0,0.0,0.0,0.0,0.0,0.0,0.0,0.0,0.7111062321107805,0.6749441928537783,-0.03616203925700223,0.7111062321107805,0.6946639995057058,-0.016442232605074714,0.7111062321107805,0.7277769053638549,0.016670673253074364,0.7111062321107805,0.7289748237774039,0.017868591666623357,0.7111062321107805,0.6936717009553873,-0.017434531155393174,0.7111062321107805,0.7098727679190396,-0.0012334641917408629
5.0,1.0,8.0,1.0,4.0,3.0,3.0,3.0,7.0,7.0,3.0,6.0,0.0,0.0,0.0,0.0,0.0,0.0,1.0,0.0,0.0,0.0,0.0,0.0,0.0,1.0,0.0,0.0,0.0,0.0,0.0,0.0,0.0,0.0,0.0,0.0,0.0,0.0,0.0,0.0,0.6521721457441296,0.6126514400125727,-0.03952070573155697,0.6521721457441296,0.634101609709136,-0.018070536034993645,0.6521721457441296,0.670668623856339,0.018496478112209336,0.6521721457441296,0.6720045888914346,0.019832443147304923,0.6521721457441296,0.6330164694527555,-0.019155676291374157,0.6521721457441296,0.6508106169087013,-0.0013615288354282828
7.0,1.0,7.0,1.0,1.0,5.0,2.0,4.0,7.0,8.0,3.0,7.0,0.0,0.0,0.0,0.0,0.0,0.0,1.0,0.0,0.0,0.0,0.0,0.0,0.0,1.0,0.0,0.0,0.0,0.0,0.0,0.0,0.0,0.0,1.0,0.0,0.0,0.0,0.0,0.0,0.873159610870729,0.8530917905695181,-0.020067820301210904,0.873159610870729,0.8641789341497711,-0.008980676720957925,0.873159610870729,0.8820303083906978,0.008870697519968829,0.873159610870729,0.8826588775694468,0.009499266698717812,0.873159610870729,0.8636293870591636,-0.00953022381156543,0.873159610870729,0.872493988566966,-0.0006656223037629916
6.0,1.0,8.0,1.0,2.0,4.0,2.0,4.0,9.0,8.0,4.0,7.0,0.0,1.0,0.0,0.0,0.0,0.0,1.0,0.0,0.0,0.0,0.0,1.0,0.0,0.0,0.0,0.0,0.0,0.0,0.0,0.0,0.0,0.0,0.0,0.0,0.0,0.0,0.0,0.0,0.6421517939888612,0.6021870417240274,-0.03996475226483387,0.6421517939888612,0.6238609204076939,-0.018290873581167322,0.6421517939888612,0.660904069121201,0.01875227513233979,0.6421517939888612,0.6622596974913391,0.02010790350247782,0.6421517939888612,0.6227634774412254,-0.019388316547635842,0.6421517939888612,0.6407726466510639,-0.0013791473377973151
6.0,3.0,4.0,2.0,1.0,5.0,2.0,3.0,8.0,9.0,5.0,8.0,0.0,0.0,0.0,0.0,0.0,0.0,1.0,0.0,0.0,0.0,0.0,1.0,0.0,0.0,0.0,0.0,0.0,0.0,0.0,1.0,0.0,0.0,0.0,0.0,0.0,0.0,0.0,0.0,0.8257897860578274,0.7999445575003776,-0.02584522855744975,0.8257897860578274,0.8141689869992503,-0.011620799058577047,0.8257897860578274,0.8373562491426562,0.011566463084828782,0.8257897860578274,0.8381791812277509,0.012389395169923545,,,,0.8257897860578274,0.824925423075853,-0.0008643629819743426
2.0,1.0,10.0,4.0,2.0,4.0,2.0,3.0,5.0,5.0,2.0,4.0,0.0,0.0,0.0,0.0,0.0,1.0,0.0,0.0,1.0,0.0,0.0,0.0,0.0,0.0,0.0,0.0,0.0,0.0,0.0,0.0,0.0,0.0,0.0,0.0,0.0,1.0,0.0,0.0,0.8655902341786548,0.8445380613623189,-0.021052172816335868,0.8655902341786548,0.8561619090893109,-0.00942832508934388,0.8655902341786548,0.8749144672029558,0.009324233024301076,0.8655902341786548,0.8755756027050553,0.009985368526400529,0.8655902341786548,0.8555853449669076,-0.010004889211747137,0.8655902341786548,0.8648910363395831,-0.0006991978390716858
3.0,1.0,2.0,1.0,3.0,3.0,2.0,4.0,6.0,6.0,2.0,5.0,0.0,1.0,0.0,0.0,0.0,0.0,1.0,0.0,0.0,0.0,0.0,0.0,1.0,0.0,0.0,0.0,0.0,0.0,0.0,1.0,0.0,0.0,0.0,0.0,0.0,0.0,0.0,0.0,0.529323349813294,0.4868276697999079,-0.042495680013386106,0.529323349813294,0.5096689994096967,-0.01965435040359731,0.529323349813294,0.5498433974440804,0.02052004763078641,0.529323349813294,0.5513416124437597,0.02201826263046569,0.529323349813294,0.50850086876321,-0.020822481050083996,0.529323349813294,0.5278290978373271,-0.0014942519759668649
4.0,1.0,9.0,2.0,1.0,4.0,1.0,4.0,9.0,9.0,5.0,7.0,0.0,0.0,0.0,0.0,0.0,0.0,0.0,0.0,0.0,0.0,0.0,1.0,0.0,0.0,0.0,0.0,0.0,0.0,0.0,0.0,0.0,0.0,0.0,0.0,0.0,0.0,0.0,0.0,0.9231765528406725,0.9102083003612613,-0.012968252479411135,0.9231765528406725,0.9174022254720254,-0.005774327368647025,0.9231765528406725,0.9288343681085932,0.005657815267920752,0.9231765528406725,0.9292335629696659,0.006057010128993401,,,,0.9231765528406725,0.9227501836769201,-0.00042636916375238254
5.0,1.0,9.0,1.0,2.0,1.0,2.0,3.0,10.0,9.0,5.0,10.0,0.0,0.0,0.0,0.0,0.0,0.0,0.0,0.0,0.0,0.0,0.0,0.0,0.0,0.0,0.0,0.0,0.0,0.0,0.0,0.0,0.0,0.0,0.0,0.0,0.0,0.0,0.0,0.0,0.8226525043707077,0.796456561793713,-0.026195942576994646,0.8226525043707077,0.8108703608549729,-0.011782143515734811,,,,0.8226525043707077,0.8352204943007192,0.012567989930011514,,,,,,
2.0,1.0,3.0,1.0,1.0,2.0,1.0,4.0,5.0,1.0,2.0,5.0,0.0,1.0,0.0,0.0,0.0,0.0,0.0,0.0,0.0,1.0,0.0,0.0,0.0,0.0,0.0,0.0,0.0,0.0,0.0,0.0,0.0,0.0,0.0,1.0,0.0,0.0,0.0,0.0,0.6393076422877695,0.5992234950216625,-0.040084147266106984,0.6393076422877695,0.6209572043627754,-0.018350437924994134,0.6393076422877695,0.6581296119381947,0.018821969650425263,0.6393076422877695,0.6594906173447375,0.020182975056967978,0.6393076422877695,0.6198564517136717,-0.019451190574097832,0.6393076422877695,0.6379237141341785,-0.0013839281535910075
5.0,1.0,8.0,1.0,2.0,5.0,2.0,4.0,8.0,8.0,4.0,8.0,0.0,0.0,0.0,0.0,0.0,0.0,1.0,0.0,0.0,0.0,0.0,0.0,0.0,0.0,0.0,0.0,0.0,1.0,0.0,0.0,0.0,0.0,0.0,0.0,0.0,0.0,0.0,0.0,0.8590770466457881,0.8371966056870964,-0.021880440958691683,0.8590770466457881,0.8492714040539079,-0.009805642591880215,0.8590770466457881,0.86878461718678,0.009707570540991917,0.8590770466457881,0.8694733182530152,0.010396271607227114,0.8590770466457881,0.8486721017510608,-0.01040494489472732,0.8590770466457881,0.8583495118694301,-0.0007275347763580076
5.0,1.0,8.0,1.0,4.0,4.0,3.0,3.0,7.0,5.0,2.0,6.0,0.0,0.0,0.0,0.0,0.0,0.0,1.0,0.0,0.0,0.0,0.0,0.0,0.0,0.0,0.0,0.0,0.0,0.0,0.0,0.0,0.0,0.0,0.0,0.0,0.0,0.0,0.0,0.0,0.6957026259805293,0.6585383115788048,-0.03716431440172452,0.6957026259805293,0.6787797221497079,-0.0169229038308214,0.6957026259805293,0.7129033024547892,0.017200676474259824,0.6957026259805293,0.7141409639692619,0.01843833798873251,0.6957026259805293,0.6777597481692458,-0.017942877811283564,0.6957026259805293,0.6944316551861249,-0.0012709707944044135
4.0,6.0,7.0,1.0,2.0,4.0,2.0,3.0,5.0,5.0,4.0,5.0,0.0,0.0,0.0,0.0,0.0,0.0,1.0,0.0,0.0,1.0,0.0,0.0,0.0,0.0,0.0,0.0,0.0,0.0,0.0,0.0,0.0,0.0,0.0,0.0,0.0,0.0,0.0,0.0,0.6374930972502951,0.5973343076349604,-0.0401587896153347,0.6374930972502951,0.6191053444766939,-0.018387752773601274,0.6374930972502951,0.6563588582276615,0.018865760977366364,0.6374930972502951,0.6577232468516074,0.02023014960131231,0.6374930972502951,0.6180025222931418,-0.01949057495715334,0.6374930972502951,0.6361061697948491,-0.0013869274554459965
7.0,6.0,3.0,2.0,2.0,3.0,2.0,4.0,7.0,7.0,5.0,4.0,0.0,0.0,0.0,0.0,0.0,0.0,0.0,0.0,0.0,0.0,0.0,0.0,0.0,0.0,0.0,0.0,0.0,0.0,0.0,1.0,0.0,0.0,0.0,0.0,0.0,0.0,0.0,0.0,0.5248003763860887,0.4822957324739882,-0.04250464391210046,0.5248003763860887,0.5051337312945607,-0.019666645091527934,0.5248003763860887,0.5453482412608647,0.020547864874776,0.5248003763860887,0.546849087188816,0.0220487108027273,,,,0.5248003763860887,0.523304696761208,-0.0014956796248806192
4.0,1.0,9.0,1.0,2.0,5.0,1.0,4.0,8.0,8.0,5.0,9.0,1.0,0.0,0.0,0.0,0.0,0.0,1.0,0.0,0.0,0.0,0.0,0.0,1.0,0.0,0.0,0.0,0.0,0.0,0.0,0.0,0.0,0.0,0.0,0.0,0.0,0.0,0.0,0.0,0.8444705016552683,0.8207952565329668,-0.023675245122301458,0.8444705016552683,0.8338450850609821,-0.010625416594286174,0.8444705016552683,0.8550144414527547,0.010543939797486468,0.8444705016552683,0.8557634179808318,0.011292916325563507,,,,0.8444705016552683,0.8436812799134609,-0.0007892217418073999
4.0,1.0,2.0,1.0,1.0,4.0,2.0,2.0,7.0,7.0,3.0,6.0,1.0,0.0,0.0,0.0,0.0,0.0,0.0,0.0,0.0,0.0,0.0,1.0,0.0,0.0,0.0,0.0,0.0,0.0,0.0,0.0,0.0,0.0,0.0,0.0,0.0,0.0,0.0,0.0,0.8667303003239674,0.8458248872347087,-0.02090541308925864,0.8667303003239674,0.8573687688722278,-0.009361531451739569,0.8667303003239674,0.8759867760231017,0.009256475699134348,0.8667303003239674,0.8766430429722771,0.00991274264830977,0.8667303003239674,0.8567962332060645,-0.0099340671179029,0.8667303003239674,0.8660361152377444,-0.000694185086222987
5.0,1.0,9.0,1.0,1.0,5.0,1.0,4.0,7.0,9.0,5.0,10.0,0.0,0.0,0.0,0.0,0.0,0.0,1.0,0.0,0.0,0.0,0.0,0.0,1.0,0.0,0.0,0.0,0.0,0.0,0.0,0.0,0.0,0.0,0.0,0.0,0.0,0.0,0.0,0.0,0.9085467925284157,0.893394131356108,-0.015152661172307735,0.9085467925284157,0.9017898209406789,-0.006756971587736804,0.9085467925284157,0.915183055828853,0.006636263300437206,0.9085467925284157,0.915651872183311,0.007105079654895263,,,,,,
5.0,1.0,8.0,1.0,2.0,5.0,2.0,4.0,5.0,5.0,1.0,3.0,0.0,0.0,0.0,0.0,0.0,0.0,0.0,0.0,0.0,0.0,0.0,0.0,1.0,0.0,0.0,0.0,0.0,0.0,0.0,0.0,0.0,0.0,0.0,0.0,0.0,0.0,0.0,0.0,0.8660583817364043,0.8450664088985803,-0.020991972837823947,0.8660583817364043,0.8566574572614355,-0.009400924474968764,0.8660583817364043,0.8753548151503474,0.00929643341394315,0.8660583817364043,0.8760139530350305,0.009955571298626231,0.8660583817364043,0.8560825456058871,-0.009975836130517113,0.8660583817364043,0.865361240394964,-0.0006971413414402772
7.0,1.0,7.0,1.0,2.0,5.0,3.0,4.0,8.0,7.0,5.0,8.0,0.0,0.0,0.0,0.0,0.0,0.0,0.0,0.0,0.0,0.0,1.0,0.0,0.0,0.0,0.0,0.0,0.0,0.0,0.0,0.0,0.0,0.0,0.0,0.0,0.0,0.0,0.0,0.0,0.8232315300795552,0.7971000205536989,-0.0261315095258563,0.8232315300795552,0.8114790389759649,-0.011752491103590335,0.8232315300795552,0.8349338937488887,0.011702363669333526,0.8232315300795552,0.8357666783827292,0.012535148303174037,,,,0.8232315300795552,0.8223572045468779,-0.0008743255326773003
5.0,3.0,2.0,1.0,1.0,3.0,1.0,2.0,2.0,5.0,1.0,2.0,0.0,0.0,0.0,0.0,0.0,0.0,0.0,0.0,0.0,0.0,0.0,0.0,1.0,0.0,0.0,0.0,0.0,0.0,0.0,0.0,0.0,0.0,0.0,0.0,0.0,0.0,0.0,0.0,0.828097220820649,0.8025124488181451,-0.025584772002503864,0.828097220820649,0.8165961559933166,-0.011501064827332375,0.828097220820649,0.8395402529706533,0.011443032150004306,0.828097220820649,0.8403542414231201,0.012257020602471136,0.828097220820649,0.8158950993237427,-0.012202121496906249,0.828097220820649,0.8272419113433722,-0.0008553094772767444
4.0,1.0,5.0,3.0,1.0,3.0,2.0,4.0,8.0,8.0,4.0,5.0,0.0,1.0,0.0,0.0,0.0,0.0,1.0,0.0,0.0,0.0,0.0,0.0,1.0,0.0,0.0,0.0,0.0,0.0,0.0,0.0,0.0,0.0,0.0,1.0,0.0,0.0,0.0,0.0,0.5932797634238154,0.551667614321813,-0.041612149102002394,0.5932797634238154,0.574147468881629,-0.019132294542186346,0.5932797634238154,0.6130498357497771,0.01977007232596173,0.5932797634238154,0.6144851803938035,0.021205416969988122,0.5932797634238154,0.5730042551117889,-0.020275508312026513,0.5932797634238154,0.5918319850972745,-0.0014477783265408606
3.0,1.0,4.0,1.0,1.0,2.0,2.0,4.0,10.0,10.0,5.0,10.0,0.0,1.0,0.0,0.0,0.0,0.0,1.0,0.0,0.0,0.0,0.0,0.0,1.0,0.0,0.0,0.0,0.0,0.0,0.0,0.0,0.0,0.0,0.0,0.0,0.0,0.0,0.0,0.0,0.6986276710324042,0.6616468540633174,-0.03698081696908684,0.6986276710324042,0.6817930340381053,-0.01683463699429888,,,,,,,,,,,,
5.0,1.0,8.0,1.0,1.0,5.0,2.0,3.0,5.0,5.0,4.0,6.0,0.0,0.0,0.0,0.0,0.0,0.0,0.0,0.0,0.0,0.0,0.0,0.0,1.0,0.0,0.0,0.0,0.0,0.0,0.0,0.0,0.0,0.0,0.0,0.0,0.0,0.0,0.0,0.0,0.8911044548732241,0.8734643097972836,-0.017640145075940472,0.8911044548732241,0.8832244044580111,-0.007880050415213002,0.8911044548732241,0.8988655236619763,0.007761068788752157,0.8911044548732241,0.8994146204678128,0.008310165594588748,0.8911044548732241,0.882741461338455,-0.008362993534769103,0.8911044548732241,0.8905211948235862,-0.0005832600496379348
5.0,3.0,5.0,2.0,3.0,3.0,3.0,3.0,5.0,5.0,2.0,5.0,0.0,0.0,0.0,0.0,0.0,0.0,0.0,0.0,0.0,0.0,0.0,1.0,0.0,0.0,0.0,0.0,0.0,0.0,0.0,0.0,1.0,0.0,0.0,0.0,0.0,0.0,0.0,0.0,0.7667481953101959,0.7349551081704876,-0.0317930871397083,0.7667481953101959,0.7523700023958906,-0.01437819291430531,0.7667481953101959,0.7811959951746551,0.01444779986445921,0.7667481953101959,0.7822291823935369,0.015480987083341002,0.7667481953101959,0.7514981528657895,-0.01525004244440642,0.7667481953101959,0.7656740160114661,-0.0010741792987297716
3.0,1.0,10.0,1.0,1.0,1.0,1.0,4.0,8.0,8.0,4.0,8.0,0.0,0.0,0.0,0.0,0.0,0.0,0.0,0.0,0.0,0.0,0.0,1.0,0.0,0.0,0.0,0.0,0.0,0.0,0.0,0.0,0.0,0.0,0.0,0.0,0.0,0.0,0.0,0.0,0.9089418940018822,0.8938470476134039,-0.015094846388478245,0.9089418940018822,0.902210972287575,-0.006730921714307225,0.9089418940018822,0.9155521517923583,0.006610257790476082,0.9089418940018822,0.9160191152206009,0.007077221218718677,0.9089418940018822,0.9017978204617775,-0.007144073540104712,0.9089418940018822,0.9084443576682849,-0.0004975363335972816
6.0,1.0,3.0,1.0,1.0,4.0,2.0,3.0,7.0,8.0,4.0,9.0,0.0,0.0,1.0,0.0,0.0,0.0,0.0,0.0,0.0,0.0,0.0,1.0,0.0,0.0,0.0,0.0,0.0,0.0,0.0,1.0,0.0,0.0,0.0,0.0,0.0,0.0,0.0,0.0,0.7127023940173851,0.6766493017417924,-0.036053092275592724,0.7127023940173851,0.6963122096171399,-0.0163901844002452,0.7127023940173851,0.7293160210760444,0.01661362705865932,0.7127023940173851,0.7305096745546039,0.017807280537218806,0.7127023940173851,0.6953229181965536,-0.017379475820831547,0.7127023940173851,0.7114729796758384,-0.001229414341546664
7.0,1.0,9.0,1.0,3.0,4.0,3.0,4.0,7.0,7.0,4.0,9.0,0.0,0.0,0.0,0.0,0.0,0.0,1.0,0.0,0.0,0.0,0.0,0.0,0.0,1.0,0.0,0.0,0.0,0.0,0.0,0.0,0.0,0.0,1.0,0.0,0.0,0.0,0.0,0.0,0.6898858944373639,0.6523661547094911,-0.037519739727872814,0.6898858944373639,0.6727916490118206,-0.017094245425543275,0.6898858944373639,0.7072770230331764,0.01739112859581249,0.6898858944373639,0.7085290226674396,0.018643128230075634,0.6898858944373639,0.6717618556548393,-0.018124038782524665,0.6898858944373639,0.6886015031708125,-0.0012843912665514434
3.0,1.0,4.0,2.0,2.0,5.0,1.0,3.0,6.0,1.0,4.0,9.0,0.0,0.0,1.0,0.0,0.0,0.0,1.0,0.0,0.0,1.0,0.0,0.0,0.0,0.0,0.0,0.0,0.0,0.0,0.0,1.0,0.0,0.0,0.0,0.0,0.0,0.0,0.0,0.0,0.6284442273981613,0.5879309645385289,-0.040513262859632415,0.6284442273981613,0.6098783676889494,-0.018565859709211874,0.6284442273981613,0.64752053221139,0.01907630481322875,0.6284442273981613,0.6489012412671029,0.02045701386894161,0.6284442273981613,0.6087657125367064,-0.019678514861454888,0.6284442273981613,0.6270429337676844,-0.0014012936304769186
2.0,3.0,2.0,1.0,2.0,5.0,2.0,3.0,9.0,8.0,4.0,9.0,0.0,0.0,0.0,0.0,0.0,0.0,1.0,0.0,0.0,0.0,0.0,0.0,0.0,0.0,0.0,0.0,1.0,0.0,0.0,0.0,0.0,0.0,0.0,0.0,0.0,0.0,0.0,0.0,0.8339294218626182,0.809012476943802,-0.024916944918816242,0.8339294218626182,0.8227350299195992,-0.011194391943018966,0.8339294218626182,0.8450568635541421,0.01112744169152391,0.8339294218626182,0.8458480055103907,0.01191858364777254,0.8339294218626182,0.8220523254426311,-0.011877096419987132,0.8339294218626182,0.8330972821050223,-0.0008321397575958844
4.0,1.0,9.0,2.0,1.0,4.0,2.0,2.0,6.0,4.0,2.0,7.0,0.0,0.0,0.0,0.0,0.0,0.0,0.0,0.0,0.0,0.0,0.0,1.0,0.0,0.0,0.0,0.0,0.0,0.0,0.0,0.0,0.0,0.0,0.0,0.0,0.0,0.0,0.0,0.0,0.9118510931182362,0.8971839575722884,-0.014667135545947785,0.9118510931182362,0.905312814536325,-0.00653827858191125,0.9118510931182362,0.9182691508861022,0.00641805776786597,0.9118510931182362,0.918722424117409,0.006871330999172809,0.9118510931182362,0.904911386567972,-0.006939706550264213,0.9118510931182362,0.9113679024736824,-0.00048319064455382144
6.0,2.0,7.0,2.0,1.0,2.0,1.0,4.0,10.0,10.0,5.0,9.0,0.0,0.0,0.0,0.0,0.0,0.0,0.0,0.0,0.0,0.0,0.0,0.0,0.0,1.0,0.0,0.0,0.0,0.0,0.0,1.0,0.0,0.0,0.0,0.0,0.0,0.0,0.0,0.0,0.8437547516603761,0.8199937770518028,-0.023760974608573293,0.8437547516603761,0.8330901014614678,-0.010664650198908276,,,,,,,,,,0.8437547516603761,0.8429625733118236,-0.0007921783485524969
7.0,1.0,9.0,1.0,3.0,4.0,3.0,3.0,6.0,7.0,3.0,8.0,0.0,0.0,0.0,0.0,0.0,0.0,0.0,0.0,0.0,0.0,0.0,1.0,0.0,0.0,0.0,0.0,0.0,0.0,0.0,1.0,0.0,0.0,0.0,0.0,0.0,0.0,0.0,0.0,0.7512916558831372,0.7181661760366608,-0.0331254798464764,0.7512916558831372,0.7362883790017052,-0.015003276881431993,0.7512916558831372,0.7664051707795315,0.015113514896394342,0.7512916558831372,0.7674874123972941,0.016195756514156945,0.7512916558831372,0.735379823745171,-0.01591183213796621,0.7512916558831372,0.7501694885834053,-0.0011221672997319132
5.0,2.0,4.0,1.0,3.0,4.0,2.0,4.0,7.0,6.0,2.0,5.0,0.0,1.0,0.0,0.0,0.0,0.0,1.0,0.0,0.0,0.0,1.0,0.0,0.0,0.0,0.0,0.0,0.0,0.0,0.0,0.0,0.0,0.0,0.0,0.0,0.0,0.0,0.0,0.0,0.5492067368966453,0.5068336833547755,-0.04237305354186982,0.5492067368966453,0.5296448826024185,-0.019561854294226855,0.5492067368966453,0.569564838817578,0.02035810192093268,0.5492067368966453,0.5710486224397068,0.021841885543061434,0.5492067368966453,0.5284803140596803,-0.02072642283696502,0.5492067368966453,0.5477216727958656,-0.0014850641007797538
3.0,2.0,4.0,3.0,3.0,4.0,4.0,1.0,9.0,9.0,5.0,7.0,1.0,0.0,0.0,0.0,0.0,0.0,0.0,0.0,0.0,0.0,0.0,1.0,0.0,0.0,0.0,0.0,0.0,0.0,0.0,0.0,0.0,0.0,0.0,0.0,0.0,0.0,0.0,0.0,0.6629264429623062,0.6239230330225685,-0.03900340993973772,0.6629264429623062,0.6451105876961164,-0.017815855266189784,0.6629264429623062,0.6811306516174974,0.018204208655191234,0.6629264429623062,0.6824442714940735,0.01951782853176731,,,,0.6629264429623062,0.6615851665098273,-0.0013412764524788345
7.0,1.0,7.0,1.0,2.0,4.0,2.0,5.0,8.0,8.0,4.0,10.0,1.0,0.0,0.0,0.0,0.0,0.0,1.0,0.0,0.0,0.0,0.0,1.0,0.0,0.0,0.0,0.0,0.0,0.0,0.0,0.0,0.0,0.0,1.0,0.0,0.0,0.0,0.0,0.0,0.718803739845905,0.6831759419792068,-0.03562779786669812,,,,0.718803739845905,0.7351956345722251,0.01639189472632019,0.718803739845905,0.7363727324673545,0.01756899262144951,0.718803739845905,0.7016388395805399,-0.0171649002653651,,,
5.0,1.0,7.0,1.0,1.0,4.0,2.0,4.0,10.0,9.0,5.0,9.0,0.0,1.0,0.0,0.0,0.0,0.0,1.0,0.0,0.0,0.0,0.0,0.0,0.0,1.0,0.0,0.0,0.0,0.0,0.0,1.0,0.0,0.0,0.0,0.0,0.0,0.0,0.0,0.0,0.7429559904065347,0.7091500887517465,-0.03380590165478825,0.7429559904065347,0.7276321648998514,-0.01532382550668332,,,,0.7429559904065347,0.7595208129604656,0.01656482255393088,,,,0.7429559904065347,0.7418091380195414,-0.0011468523869933023
5.0,1.0,7.0,1.0,2.0,5.0,4.0,4.0,4.0,5.0,2.0,5.0,0.0,0.0,0.0,0.0,0.0,0.0,1.0,0.0,0.0,0.0,0.0,0.0,0.0,0.0,0.0,0.0,0.0,0.0,0.0,0.0,0.0,0.0,0.0,0.0,1.0,0.0,0.0,0.0,0.4988150553568598,0.456393700683923,-0.04242135467293684,0.4988150553568598,0.4791403348892397,-0.019674720467620144,0.4988150553568598,0.5194576784495242,0.020642623092664347,0.4988150553568598,0.5209689176118808,0.022153862255020973,0.4988150553568598,0.4779739675819479,-0.02084108777491195,0.4988150553568598,0.4973159289880757,-0.0014991263687841316
7.0,1.0,7.0,2.0,2.0,4.0,2.0,3.0,8.0,9.0,3.0,8.0,0.0,0.0,0.0,0.0,0.0,0.0,0.0,0.0,0.0,0.0,0.0,1.0,0.0,0.0,0.0,0.0,0.0,0.0,0.0,0.0,0.0,0.0,1.0,0.0,0.0,0.0,0.0,0.0,0.83787259827044,0.8134149088386265,-0.02445768943181348,0.83787259827044,0.8268888297913265,-0.010983768479113531,0.83787259827044,0.8487837393166479,0.010911141046207828,0.83787259827044,0.8495592395026241,0.011686641232184103,0.83787259827044,0.8262187438561717,-0.011653854414268361,0.83787259827044,0.8370563561946365,-0.0008162420758035527
2.0,1.0,8.0,1.0,3.0,4.0,2.0,4.0,7.0,8.0,3.0,6.0,0.0,0.0,0.0,0.0,0.0,0.0,1.0,0.0,0.0,0.0,0.0,0.0,0.0,0.0,0.0,0.0,1.0,0.0,0.0,0.0,0.0,0.0,0.0,0.0,0.0,0.0,0.0,0.0,0.8313767829150815,0.8061658654194924,-0.025210917495589125,0.8313767829150815,0.8200474542057704,-0.011329328709311137,0.8313767829150815,0.8426429886699531,0.011266205754871583,0.8313767829150815,0.8434441725170077,0.012067389601926104,0.8313767829150815,0.8193566716589296,-0.012020111256151988,0.8313767829150815,0.8305344517294309,-0.000842331185650691
7.0,3.0,3.0,1.0,1.0,5.0,1.0,4.0,10.0,8.0,5.0,10.0,0.0,0.0,0.0,0.0,0.0,0.0,1.0,0.0,0.0,0.0,0.0,0.0,0.0,0.0,0.0,0.0,0.0,0.0,0.0,1.0,0.0,0.0,0.0,0.0,0.0,0.0,0.0,0.0,0.8357335814678979,0.8110259887077804,-0.02470759276011747,0.8357335814678979,0.8246352294660755,-0.011098352001822409,,,,0.8357335814678979,0.8475463547944304,0.011812773326532522,,,,,,
4.0,1.0,2.0,3.0,3.0,3.0,2.0,3.0,1.0,0.0,2.0,2.0,0.0,1.0,0.0,0.0,0.0,0.0,1.0,0.0,0.0,0.0,0.0,0.0,0.0,0.0,0.0,0.0,0.0,0.0,0.0,0.0,0.0,0.0,0.0,0.0,0.0,0.0,0.0,0.0,0.3531544933318886,0.3153269194063416,-0.037827573925546976,0.3531544933318886,0.33538045403030375,-0.017774039301584832,0.3531544933318886,0.3722463289014736,0.01909183556958499,0.3531544933318886,0.3736623127610322,0.020507819429143592,0.3531544933318886,0.3343394053403063,-0.01881508799158227,0.3531544933318886,0.35178586097667175,-0.0013686323552168367
4.0,1.0,2.0,1.0,1.0,3.0,1.0,5.0,10.0,10.0,2.0,10.0,0.0,1.0,0.0,0.0,0.0,0.0,1.0,0.0,0.0,0.0,0.0,0.0,0.0,0.0,0.0,0.0,0.0,0.0,0.0,0.0,0.0,0.0,0.0,0.0,0.0,0.0,0.0,0.0,0.7669170176764469,0.7351389928271861,-0.031778024849260844,,,,,,,,,,0.7669170176764469,0.7516744381250301,-0.015242579551416835,,,
2.0,6.0,2.0,4.0,2.0,1.0,3.0,1.0,5.0,5.0,3.0,6.0,0.0,1.0,0.0,0.0,0.0,0.0,0.0,0.0,0.0,0.0,0.0,0.0,0.0,0.0,0.0,0.0,1.0,0.0,0.0,0.0,0.0,0.0,0.0,0.0,0.0,1.0,0.0,0.0,0.3298758079303092,0.2934106540081136,-0.03646515392219557,0.3298758079303092,0.312706978274043,-0.017168829656266205,0.3298758079303092,0.34838697960111387,0.018511171670804683,0.3298758079303092,0.34976277255516974,0.01988696462486056,0.3298758079303092,0.31170330189328116,-0.018172506037028024,0.3298758079303092,0.32855156794393947,-0.001324239986369713
3.0,1.0,6.0,1.0,1.0,5.0,1.0,4.0,7.0,7.0,3.0,8.0,0.0,0.0,0.0,1.0,0.0,0.0,1.0,0.0,0.0,0.0,0.0,0.0,0.0,0.0,0.0,0.0,0.0,0.0,0.0,0.0,0.0,0.0,0.0,0.0,0.0,0.0,0.0,0.0,0.8444349563028232,0.8207554488292649,-0.023679507473558292,0.8444349563028232,0.8338075892383097,-0.010627367064513504,0.8444349563028232,0.8549808920336249,0.010545935730801759,0.8444349563028232,0.8557300126300235,0.011295056327200292,0.8444349563028232,0.8331588810458421,-0.011276075256981044,0.8444349563028232,0.8436455875850498,-0.0007893687177733533
6.0,1.0,9.0,1.0,2.0,5.0,2.0,4.0,8.0,7.0,5.0,8.0,0.0,0.0,0.0,0.0,0.0,0.0,0.0,0.0,0.0,0.0,0.0,1.0,0.0,0.0,0.0,0.0,0.0,0.0,0.0,0.0,0.0,0.0,0.0,0.0,0.0,0.0,0.0,0.0,0.8552170465082026,0.8328538888910085,-0.022363157617194096,0.8552170465082026,0.8451912189579242,-0.010025827550278477,0.8552170465082026,0.8651487770037642,0.00993173049556162,0.8552170465082026,0.8658536146758847,0.010636568167682103,,,,0.8552170465082026,0.8544729596875305,-0.000744086820672174
6.0,2.0,5.0,1.0,3.0,4.0,3.0,3.0,8.0,8.0,4.0,10.0,0.0,0.0,0.0,0.0,0.0,0.0,0.0,0.0,0.0,0.0,0.0,1.0,0.0,0.0,0.0,0.0,0.0,0.0,0.0,0.0,0.0,0.0,0.0,0.0,0.0,0.0,0.0,1.0,0.7003542368982159,0.6634832325094843,-0.03687100438873159,0.7003542368982159,0.6835723627811968,-0.016781874117019036,0.7003542368982159,0.7173987843146518,0.017044547416435907,0.7003542368982159,0.7186247150107492,0.01827047811253335,0.7003542368982159,0.6825604899836921,-0.017793746914523734,,,
3.0,1.0,6.0,1.0,1.0,2.0,1.0,4.0,8.0,8.0,3.0,8.0,1.0,0.0,0.0,0.0,0.0,0.0,1.0,0.0,0.0,0.0,0.0,1.0,0.0,0.0,0.0,0.0,0.0,0.0,0.0,0.0,0.0,0.0,0.0,0.0,0.0,0.0,0.0,0.0,0.8621008624138354,0.8406028029903807,-0.02149805942345473,0.8621008624138354,0.85246948910473,-0.009631373309105462,0.8621008624138354,0.8716312605518424,0.009530398138006935,0.8621008624138354,0.8723072166436128,0.010206354229777337,0.8621008624138354,0.8518806847889454,-0.010220177624890026,0.8621008624138354,0.8613864196736489,-0.000714442740186505
6.0,1.0,9.0,1.0,4.0,4.0,2.0,4.0,8.0,8.0,3.0,7.0,0.0,0.0,0.0,0.0,0.0,0.0,1.0,0.0,0.0,0.0,0.0,1.0,0.0,0.0,0.0,0.0,0.0,0.0,0.0,1.0,0.0,0.0,0.0,0.0,0.0,0.0,0.0,0.0,0.7281317313422253,0.693181323385756,-0.03495040795646931,0.7281317313422253,0.7122664123391711,-0.015865319003054212,0.7281317313422253,0.7441733931440693,0.016041661801843965,0.7281317313422253,0.74532440765419,0.01719267631196464,0.7281317313422253,0.7113075454032197,-0.016824185939005587,0.7281317313422253,0.7269430463899198,-0.0011886849523055076
7.0,5.0,6.0,2.0,3.0,4.0,1.0,5.0,10.0,10.0,5.0,10.0,0.0,0.0,0.0,0.0,0.0,0.0,1.0,0.0,0.0,0.0,0.0,0.0,0.0,1.0,0.0,0.0,0.0,0.0,0.0,0.0,0.0,0.0,1.0,0.0,0.0,0.0,0.0,0.0,0.5899624677565524,0.5482693426877099,-0.041693125068842485,,,,,,,,,,,,,,,
5.0,1.0,9.0,1.0,1.0,4.0,1.0,4.0,8.0,9.0,5.0,7.0,1.0,0.0,0.0,0.0,0.0,0.0,0.0,0.0,0.0,0.0,0.0,0.0,1.0,0.0,0.0,0.0,0.0,0.0,0.0,0.0,0.0,0.0,0.0,0.0,0.0,0.0,0.0,0.0,0.8741818845796152,0.8542488036480664,-0.019933080931548774,0.8741818845796152,0.865262418889768,-0.00891946568984725,0.8741818845796152,0.8829906690957566,0.008808784516141421,0.8741818845796152,0.8836147964538307,0.009432911874215466,,,,0.8741818845796152,0.873520849802922,-0.0006610347766932145
7.0,1.0,10.0,1.0,2.0,4.0,1.0,3.0,9.0,8.0,4.0,9.0,0.0,0.0,0.0,0.0,0.0,0.0,0.0,0.0,0.0,0.0,0.0,0.0,0.0,0.0,0.0,0.0,0.0,0.0,0.0,0.0,0.0,0.0,1.0,0.0,0.0,0.0,0.0,0.0,0.8833881141192311,0.8646877947818841,-0.01870031933734706,0.8833881141192311,0.8750279926488835,-0.008360121470347592,0.8833881141192311,0.8916322527258173,0.008244138606586127,0.8833881141192311,0.8922159124885807,0.008827798369349549,0.8833881141192311,0.8745159680142033,-0.008872146105027845,0.8833881141192311,0.8827689614770774,-0.0006191526421537308
4.0,3.0,6.0,1.0,1.0,3.0,3.0,3.0,6.0,6.0,3.0,5.0,1.0,0.0,0.0,0.0,0.0,0.0,0.0,0.0,0.0,0.0,0.0,1.0,0.0,0.0,0.0,0.0,0.0,0.0,0.0,0.0,0.0,0.0,0.0,0.0,0.0,0.0,0.0,0.0,0.7651758854261321,0.7332430471116291,-0.031932838314503,0.7651758854261321,0.7507322803286206,-0.014443605097511525,0.7651758854261321,0.7796930926613082,0.014517207235176022,0.7651758854261321,0.780731384633441,0.01555549920730892,0.7651758854261321,0.7498565818091547,-0.01531930361697742,0.7651758854261321,0.7640966930456417,-0.001079192380490479
2.0,3.0,10.0,4.0,1.0,5.0,4.0,3.0,7.0,9.0,3.0,10.0,0.0,0.0,0.0,0.0,0.0,0.0,1.0,0.0,0.0,0.0,0.0,0.0,0.0,0.0,0.0,0.0,1.0,0.0,0.0,0.0,0.0,0.0,0.0,0.0,0.0,1.0,0.0,0.0,0.8700343397497318,0.8495572541831439,-0.020477085566587894,0.8700343397497318,0.860867643841091,-0.00916669590864072,0.8700343397497318,0.8790933406713569,0.009059000921625149,0.8700343397497318,0.8797354249647877,0.009701085215055971,0.8700343397497318,0.860306864643321,-0.00972747510641081,,,
3.0,1.0,3.0,1.0,1.0,5.0,1.0,5.0,10.0,10.0,4.0,10.0,0.0,0.0,1.0,0.0,0.0,0.0,0.0,0.0,0.0,0.0,0.0,0.0,0.0,0.0,0.0,0.0,0.0,0.0,0.0,0.0,0.0,0.0,0.0,0.0,0.0,0.0,0.0,0.0,0.8441896964183595,0.8204807929889995,-0.02370890342936005,,,,,,,,,,0.8441896964183595,0.8328993614955927,-0.011290334922766765,,,
5.0,1.0,2.0,3.0,2.0,5.0,2.0,5.0,6.0,5.0,3.0,6.0,1.0,0.0,0.0,0.0,0.0,0.0,1.0,0.0,0.0,0.0,0.0,1.0,0.0,0.0,0.0,0.0,0.0,0.0,0.0,0.0,0.0,1.0,0.0,0.0,0.0,0.0,0.0,0.0,0.5919131794718671,0.5502672009026107,-0.04164597856925634,,,,0.5919131794718671,0.6117062034201479,0.019793023948280863,0.5919131794718671,0.6131433869950755,0.021230207523208477,0.5919131794718671,0.5716187359791225,-0.020294443492744563,0.5919131794718671,0.5904638945541172,-0.0014492849177498712
6.0,2.0,10.0,1.0,1.0,3.0,2.0,4.0,8.0,7.0,4.0,8.0,0.0,0.0,0.0,0.0,0.0,0.0,1.0,0.0,0.0,0.0,0.0,1.0,0.0,0.0,0.0,0.0,0.0,0.0,0.0,0.0,0.0,0.0,0.0,0.0,0.0,0.0,0.0,0.0,0.8360959562428518,0.8114305706498715,-0.02466538559298037,0.8360959562428518,0.8250169612094,-0.011078995033451777,0.8360959562428518,0.8471048462077635,0.011008889964911672,0.8360959562428518,0.8478874134286284,0.011791457185776566,0.8360959562428518,0.8243411687976825,-0.011754787445169335,0.8360959562428518,0.8352725280678981,-0.0008234281749537331
5.0,1.0,7.0,1.0,2.0,4.0,2.0,4.0,8.0,8.0,4.0,8.0,0.0,0.0,0.0,0.0,0.0,0.0,0.0,0.0,0.0,0.0,0.0,0.0,0.0,0.0,0.0,0.0,0.0,0.0,0.0,0.0,0.0,0.0,0.0,0.0,0.0,0.0,0.0,0.0,0.8570002778416281,0.834859371477013,-0.022140906364615187,0.8570002778416281,0.847075853667375,-0.0099244241742531,0.8570002778416281,0.8668287313488456,0.009828453507217505,0.8570002778416281,0.8675261328011459,0.010525854959517744,0.8570002778416281,0.8464693999051721,-0.010530877936456018,0.8570002778416281,0.8562638153343742,-0.0007364625072538988
7.0,1.0,3.0,1.0,3.0,3.0,4.0,3.0,7.0,8.0,3.0,8.0,0.0,0.0,0.0,0.0,0.0,0.0,0.0,0.0,0.0,0.0,0.0,1.0,0.0,0.0,0.0,0.0,0.0,0.0,0.0,0.0,0.0,0.0,1.0,0.0,0.0,0.0,0.0,0.0,0.6392790672135292,0.5991937352591983,-0.04008533195433095,0.6392790672135292,0.6209280375173639,-0.01835102969616531,0.6392790672135292,0.6581017305456756,0.018822663332146328,0.6392790672135292,0.6594627895160329,0.02018372230250365,0.6392790672135292,0.6198272520241327,-0.019451815189396537,0.6392790672135292,0.6378950915207695,-0.0013839756927597202
4.0,1.0,2.0,2.0,1.0,3.0,1.0,3.0,8.0,8.0,5.0,7.0,0.0,1.0,0.0,0.0,0.0,0.0,0.0,0.0,0.0,0.0,0.0,0.0,1.0,0.0,0.0,0.0,0.0,0.0,0.0,0.0,0.0,0.0,0.0,0.0,0.0,0.0,0.0,1.0,0.7012106186149515,0.6643944950022848,-0.03681612361266673,0.7012106186149515,0.6844550973450375,-0.016755521269913976,0.7012106186149515,0.7182260517729858,0.017015433158034332,0.7012106186149515,0.719449797183864,0.01823917856891255,,,,0.7012106186149515,0.6999527313261659,-0.0012578872887856196
6.0,6.0,2.0,4.0,3.0,3.0,3.0,3.0,2.0,3.0,1.0,4.0,0.0,0.0,1.0,0.0,0.0,0.0,0.0,0.0,0.0,0.0,0.0,0.0,0.0,0.0,0.0,0.0,0.0,0.0,0.0,0.0,0.0,0.0,1.0,0.0,0.0,0.0,0.0,0.0,0.1641031193522449,0.14207764240541212,-0.022025476946832767,0.1641031193522449,0.1535847453566231,-0.010518373995621805,0.1641031193522449,0.17575158292846776,0.011648463576222873,0.1641031193522449,0.1766304301675271,0.012527310815282217,0.1641031193522449,0.1529781163706787,-0.011125002981566184,0.1641031193522449,0.16328220204842256,-0.0008209173038223327
6.0,1.0,6.0,1.0,2.0,2.0,2.0,4.0,9.0,2.0,4.0,9.0,0.0,1.0,0.0,0.0,0.0,0.0,1.0,0.0,0.0,0.0,1.0,0.0,0.0,0.0,0.0,0.0,0.0,0.0,0.0,0.0,0.0,0.0,0.0,0.0,0.0,0.0,0.0,0.0,0.5227319071945261,0.48022549143518833,-0.04250641575933778,0.5227319071945261,0.5030607173815141,-0.01967118981301197,0.5227319071945261,0.5432913769331396,0.020559469738613445,0.5227319071945261,0.544793345174527,0.02206143798000093,0.5227319071945261,0.5018922296214011,-0.020839677573124993,0.5227319071945261,0.521235656465517,-0.0014962507290091631
6.0,1.0,6.0,3.0,3.0,4.0,1.0,4.0,6.0,8.0,5.0,9.0,0.0,0.0,0.0,0.0,0.0,0.0,1.0,0.0,0.0,0.0,0.0,0.0,0.0,0.0,0.0,0.0,0.0,0.0,0.0,0.0,0.0,0.0,1.0,0.0,0.0,0.0,0.0,0.0,0.7213910820472866,0.6859478756276357,-0.03544320641965093,0.7213910820472866,0.7052916129372008,-0.016099469110085862,0.7213910820472866,0.7376871922562944,0.016296110209007786,0.7213910820472866,0.7388571487709747,0.017466066723688112,,,,0.7213910820472866,0.7201842509557204,-0.0012068310915662739
7.0,3.0,6.0,2.0,4.0,4.0,2.0,1.0,7.0,7.0,4.0,6.0,0.0,0.0,0.0,0.0,0.0,0.0,0.0,0.0,0.0,0.0,0.0,0.0,0.0,0.0,0.0,0.0,0.0,0.0,0.0,0.0,0.0,0.0,1.0,0.0,0.0,0.0,0.0,0.0,0.6269172278394913,0.5863470584586958,-0.040570169380795496,0.6269172278394913,0.6083226216871395,-0.018594606152351867,0.6269172278394913,0.6460277731811309,0.019110545341639584,0.6269172278394913,0.6474111455726862,0.020493917733194866,0.6269172278394913,0.6072083871450509,-0.019708840694440455,0.6269172278394913,0.6255136069810863,-0.0014036208584050636
6.0,3.0,2.0,3.0,2.0,5.0,2.0,2.0,2.0,6.0,5.0,5.0,0.0,0.0,1.0,0.0,0.0,0.0,1.0,0.0,0.0,0.0,0.0,0.0,0.0,0.0,0.0,0.0,0.0,0.0,0.0,0.0,1.0,0.0,0.0,0.0,0.0,0.0,0.0,0.0,0.5786765387827114,0.5367369639346395,-0.04193957484807187,0.5786765387827114,0.5593674982682537,-0.019309040514457698,0.5786765387827114,0.5986762807007276,0.019999741918016234,0.5786765387827114,0.6001301656139065,0.021453626831195116,,,,0.5786765387827114,0.5772138220740441,-0.0014627167086672666
4.0,1.0,2.0,1.0,4.0,4.0,3.0,4.0,8.0,8.0,3.0,6.0,0.0,0.0,0.0,0.0,0.0,1.0,0.0,0.0,0.0,0.0,0.0,1.0,0.0,0.0,0.0,0.0,0.0,0.0,0.0,0.0,0.0,0.0,0.0,0.0,0.0,0.0,0.0,0.0,0.5477211781661411,0.5053342574055403,-0.0423869207606008,0.5477211781661411,0.5281502438669977,-0.01957093429914336,0.5477211781661411,0.5680936089962544,0.02037243083011331,0.5477211781661411,0.56957863159472,0.02185745342857892,0.5477211781661411,0.5269852796494151,-0.02073589851672597,0.5477211781661411,0.5462352635908811,-0.0014859145752599279
3.0,1.0,2.0,1.0,1.0,4.0,3.0,3.0,7.0,6.0,3.0,5.0,0.0,0.0,0.0,0.0,0.0,0.0,1.0,0.0,1.0,0.0,0.0,0.0,0.0,0.0,0.0,0.0,0.0,0.0,0.0,0.0,0.0,0.0,0.0,0.0,0.0,0.0,0.0,0.0,0.8975833600320363,0.8808524121399126,-0.016730947892123704,0.8975833600320363,0.8901143311441687,-0.0074690288878676014,0.8975833600320363,0.9049319350935031,0.0073485750614668,0.8975833600320363,0.905451559593288,0.007868199561251732,0.8975833600320363,0.8896563224813262,-0.007927037550710114,0.8975833600320363,0.8970307920308658,-0.0005525680011705392
6.0,3.0,8.0,1.0,2.0,4.0,2.0,2.0,7.0,7.0,3.0,8.0,0.0,0.0,0.0,0.0,0.0,0.0,0.0,0.0,0.0,0.0,0.0,1.0,0.0,0.0,0.0,0.0,0.0,0.0,0.0,1.0,0.0,0.0,0.0,0.0,0.0,0.0,0.0,0.0,0.828529858301914,0.8029941582944967,-0.025535700007417228,0.828529858301914,0.8170513440539034,-0.011478514248010496,0.828529858301914,0.8399496573084999,0.011419799006585962,0.828529858301914,0.8407619628352678,0.012232104533353882,0.828529858301914,0.816351636024563,-0.012178222277350992,0.828529858301914,0.8276762534817947,-0.0008536048201192026
6.0,1.0,10.0,2.0,3.0,4.0,2.0,4.0,8.0,7.0,4.0,7.0,0.0,0.0,0.0,0.0,0.0,0.0,1.0,0.0,0.0,0.0,0.0,0.0,0.0,0.0,0.0,0.0,0.0,0.0,0.0,0.0,0.0,0.0,1.0,0.0,0.0,0.0,0.0,0.0,0.7630084207184509,0.7308845002469495,-0.032123920471501366,0.7630084207184509,0.7484753220194569,-0.014533098698993996,0.7630084207184509,0.7776206814803973,0.014612260761946438,0.7630084207184509,0.7786659679608332,0.01565754724238233,0.7630084207184509,0.7475943604059918,-0.015414060312459066,0.7630084207184509,0.7619223665307362,-0.00108605418771468
5.0,1.0,3.0,2.0,1.0,5.0,3.0,4.0,8.0,7.0,4.0,8.0,0.0,0.0,0.0,0.0,0.0,0.0,0.0,0.0,0.0,0.0,0.0,0.0,1.0,0.0,0.0,0.0,0.0,0.0,0.0,0.0,0.0,0.0,0.0,0.0,0.0,0.0,0.0,0.0,0.8409104534509279,0.8168108435031943,-0.024099609947733525,0.8409104534509279,0.830090757800062,-0.010819695650865824,0.8409104534509279,0.8516533451307954,0.010742891679867528,0.8409104534509279,0.8524166876348648,0.011506234183936925,0.8409104534509279,0.8294305093717971,-0.011479944079130777,0.8409104534509279,0.8401065870244603,-0.0008038664264675699
7.0,5.0,8.0,3.0,3.0,3.0,3.0,4.0,10.0,10.0,3.0,10.0,0.0,0.0,0.0,0.0,0.0,0.0,1.0,0.0,0.0,0.0,0.0,0.0,0.0,0.0,0.0,1.0,0.0,0.0,0.0,0.0,0.0,0.0,0.0,0.0,0.0,0.0,0.0,1.0,0.3598413799994514,0.32165371967476863,-0.03818766032468279,0.3598413799994514,0.34190868536826896,-0.017932694631182466,,,,,,,0.3598413799994514,0.3408577652203125,-0.018983614779138902,,,
7.0,1.0,4.0,1.0,2.0,4.0,2.0,3.0,8.0,8.0,3.0,7.0,0.0,0.0,0.0,0.0,0.0,0.0,1.0,0.0,0.0,0.0,0.0,0.0,0.0,0.0,0.0,0.0,0.0,0.0,0.0,0.0,0.0,0.0,1.0,0.0,0.0,0.0,0.0,0.0,0.8104481209324372,0.7829251560122106,-0.027522964920226656,0.8104481209324372,0.7980542117321769,-0.012393909200260289,0.8104481209324372,0.8228146206050676,0.012366499672630371,0.8104481209324372,0.8236956378172442,0.013247516884806965,0.8104481209324372,0.7972998722115417,-0.013148248720895483,0.8104481209324372,0.8095251961212062,-0.0009229248112310184
3.0,1.0,6.0,1.0,1.0,2.0,2.0,3.0,2.0,5.0,3.0,6.0,0.0,1.0,0.0,0.0,0.0,0.0,0.0,0.0,1.0,0.0,0.0,0.0,0.0,0.0,0.0,0.0,0.0,0.0,0.0,1.0,0.0,0.0,0.0,0.0,0.0,0.0,0.0,0.0,0.7616341751611515,0.7293900428269071,-0.03224413233424439,0.7616341751611515,0.7470447417910294,-0.014589433370122085,0.7616341751611515,0.7763063269563582,0.014672151795206645,0.7616341751611515,0.7773560226430363,0.015721847481884765,0.7616341751611515,0.7461604688918605,-0.01547370626929101,0.7616341751611515,0.7605437996816126,-0.0010903754795389409
4.0,1.0,5.0,1.0,2.0,2.0,2.0,4.0,8.0,8.0,4.0,8.0,0.0,0.0,0.0,0.0,0.0,0.0,1.0,0.0,0.0,0.0,0.0,0.0,1.0,0.0,0.0,0.0,0.0,0.0,0.0,0.0,0.0,0.0,0.0,0.0,0.0,0.0,0.0,0.0,0.7827779118780835,0.7524643621672625,-0.03031354971082101,0.7827779118780835,0.7690902548427889,-0.01368765703529462,0.7827779118780835,0.7964963436256313,0.013718431747547721,0.7827779118780835,0.7974760131314479,0.014698101253364348,0.7827779118780835,0.7682591412879625,-0.014518770590121077,0.7827779118780835,0.7817565412492633,-0.0010213706288202395
4.0,1.0,3.0,1.0,3.0,3.0,3.0,4.0,6.0,6.0,4.0,10.0,0.0,1.0,0.0,0.0,0.0,0.0,1.0,0.0,0.0,1.0,0.0,0.0,0.0,0.0,0.0,0.0,0.0,0.0,0.0,1.0,0.0,0.0,0.0,0.0,0.0,0.0,0.0,0.0,0.3807196441877198,0.341498279631946,-0.0392213645557738,0.3807196441877198,0.36233539545849713,-0.018384248729222674,0.3807196441877198,0.4003792859993537,0.019659641811633877,0.3807196441877198,0.4018337829579683,0.02111413877024848,0.3807196441877198,0.3612561557055588,-0.019463488482161007,,,
4.0,1.0,6.0,1.0,1.0,4.0,3.0,4.0,5.0,7.0,3.0,9.0,1.0,0.0,0.0,0.0,0.0,0.0,1.0,0.0,0.0,0.0,0.0,0.0,0.0,0.0,0.0,0.0,0.0,0.0,0.0,0.0,0.0,0.0,0.0,0.0,0.0,0.0,0.0,0.0,0.8085864959767899,0.7808663103214157,-0.027720185655374152,0.8085864959767899,0.796101487796294,-0.012485008180495916,0.8085864959767899,0.8210476315899368,0.012461135613146879,0.8085864959767899,0.8219355334195816,0.0133490374427917,0.8085864959767899,0.795341724707715,-0.013244771269074862,0.8085864959767899,0.8076566581537082,-0.0009298378230816473
3.0,1.0,3.0,1.0,2.0,4.0,4.0,3.0,8.0,8.0,4.0,8.0,0.0,0.0,0.0,0.0,0.0,0.0,1.0,0.0,0.0,0.0,0.0,0.0,1.0,0.0,0.0,0.0,0.0,0.0,0.0,1.0,0.0,0.0,0.0,0.0,0.0,0.0,0.0,0.0,0.8036041337984801,0.775362864359099,-0.0282412694393811,0.8036041337984801,0.79087819684047,-0.012725936958010053,0.8036041337984801,0.8163159415568616,0.012711807758381544,0.8036041337984801,0.8172220940929638,0.0136179602944837,0.8036041337984801,0.790104102310501,-0.01350003148797907,0.8036041337984801,0.8026559999402871,-0.0009481338581929233
5.0,1.0,7.0,1.0,3.0,5.0,1.0,3.0,9.0,8.0,4.0,8.0,1.0,0.0,0.0,0.0,0.0,0.0,1.0,0.0,0.0,0.0,0.0,0.0,0.0,1.0,0.0,0.0,0.0,0.0,0.0,0.0,0.0,0.0,0.0,0.0,0.0,0.0,0.0,0.0,0.7927305088625315,0.7633860258913195,-0.02934448297121195,0.7927305088625315,0.779493324918814,-0.013237183943717534,0.7927305088625315,0.8059761897971011,0.01324568093456957,0.7927305088625315,0.8069212858407795,0.014190776978247999,0.7927305088625315,0.7786888804299171,-0.014041628432614361,0.7927305088625315,0.7917434848093403,-0.0009870240531911767
6.0,1.0,2.0,1.0,2.0,3.0,3.0,2.0,7.0,7.0,3.0,7.0,1.0,0.0,0.0,0.0,0.0,0.0,1.0,0.0,0.0,0.0,0.0,1.0,0.0,0.0,0.0,0.0,0.0,0.0,0.0,0.0,0.0,0.0,1.0,0.0,0.0,0.0,0.0,0.0,0.683604236302333,0.6457147891560209,-0.03788944714631215,0.683604236302333,0.6663312021195253,-0.01727303418280768,0.683604236302333,0.7011950611646287,0.017590824862295684,0.683604236302333,0.7024621306512752,0.01885789434894214,0.683604236302333,0.6652911915882028,-0.0183130447141302,0.683604236302333,0.6823058091591189,-0.0012984271432141536
5.0,1.0,7.0,1.0,2.0,5.0,2.0,3.0,7.0,7.0,3.0,7.0,0.0,0.0,0.0,0.0,0.0,0.0,0.0,0.0,0.0,0.0,0.0,0.0,0.0,0.0,0.0,0.0,0.0,0.0,0.0,0.0,0.0,0.0,0.0,0.0,0.0,0.0,0.0,0.0,0.8843131671530216,0.8657386466438386,-0.018574520509182957,0.8843131671530216,0.8760100561229971,-0.008303111030024457,0.8843131671530216,0.8924998654767656,0.00818669832374408,0.8843131671530216,0.8930794127010541,0.008766245548032514,0.8843131671530216,0.8755014826354545,-0.008811684517567087,0.8843131671530216,0.8836982794640802,-0.0006148876889413568
4.0,1.0,3.0,1.0,2.0,5.0,3.0,3.0,7.0,7.0,4.0,8.0,0.0,1.0,0.0,0.0,0.0,0.0,1.0,0.0,0.0,0.0,0.0,0.0,0.0,0.0,0.0,0.0,0.0,1.0,0.0,1.0,0.0,0.0,0.0,0.0,0.0,0.0,0.0,0.0,0.6418718994488466,0.6018952673987646,-0.03997663205008195,0.6418718994488466,0.6235751057839258,-0.018296793664920763,0.6418718994488466,0.6606310903930502,0.01875919094420364,0.6418718994488466,0.6619872519321054,0.020115352483258797,0.6418718994488466,0.6224773335399807,-0.0193945659088659,0.6418718994488466,0.6404922773135447,-0.00137962213530185
6.0,1.0,4.0,1.0,2.0,4.0,2.0,4.0,9.0,9.0,4.0,5.0,0.0,0.0,0.0,0.0,0.0,0.0,0.0,0.0,0.0,0.0,0.0,0.0,1.0,0.0,0.0,0.0,0.0,0.0,0.0,0.0,0.0,0.0,0.0,0.0,0.0,0.0,0.0,0.0,0.8173821266928704,0.790605850460724,-0.0267762762321464,0.8173821266928704,0.8053326985549388,-0.012049428137931528,0.8173821266928704,0.8293914778993936,0.012009351206523244,0.8173821266928704,0.8302465397678513,0.012864413074980985,0.8173821266928704,0.8045988899426215,-0.012783236750248839,0.8173821266928704,0.816485318602109,-0.0008968080907613141
3.0,3.0,8.0,1.0,2.0,2.0,2.0,4.0,7.0,7.0,2.0,8.0,0.0,0.0,1.0,0.0,0.0,0.0,1.0,0.0,0.0,1.0,0.0,0.0,0.0,0.0,0.0,0.0,0.0,0.0,0.0,0.0,0.0,0.0,0.0,1.0,0.0,0.0,0.0,0.0,0.48517380505788305,0.4428873937238505,-0.04228641133403255,0.48517380505788305,0.46553735431664156,-0.019636450741241485,0.48517380505788305,0.5058216508022707,0.02064784574438766,0.48517380505788305,0.507335101821611,0.022161296763727967,0.48517380505788305,0.4643745780453497,-0.02079922701253334,0.48517380505788305,0.48367611091680196,-0.0014976941410810851
4.0,3.0,4.0,1.0,2.0,2.0,2.0,3.0,8.0,7.0,2.0,9.0,0.0,0.0,0.0,0.0,0.0,0.0,1.0,0.0,0.0,0.0,0.0,0.0,0.0,0.0,0.0,0.0,0.0,0.0,0.0,0.0,0.0,0.0,0.0,0.0,1.0,0.0,0.0,0.0,0.4803690345205855,0.4381449973003047,-0.042224037220280786,0.4803690345205855,0.46075300866455343,-0.01961602585603206,0.4803690345205855,0.5010113932761949,0.020642358755609436,0.4803690345205855,0.5025250873884831,0.022156052867897624,0.4803690345205855,0.45959190640669606,-0.02077712811388943,0.4803690345205855,0.478872376196008,-0.0014966583245775156
3.0,1.0,9.0,4.0,1.0,4.0,1.0,3.0,10.0,8.0,4.0,9.0,0.0,0.0,0.0,0.0,0.0,0.0,1.0,0.0,0.0,0.0,0.0,0.0,0.0,0.0,0.0,0.0,1.0,0.0,0.0,0.0,0.0,0.0,0.0,0.0,0.0,1.0,0.0,0.0,0.9231628952896066,0.9101925616134645,-0.012970333676142087,0.9231628952896066,0.9173876332331881,-0.00577526205641854,,,,0.9231628952896066,0.9292208996665859,0.006058004376979342,0.9231628952896066,0.917032705237905,-0.006130190051701567,0.9231628952896066,0.922736456670494,-0.0004264386191126235
5.0,1.0,2.0,1.0,1.0,5.0,1.0,4.0,10.0,9.0,4.0,10.0,0.0,0.0,0.0,0.0,0.0,0.0,0.0,0.0,0.0,0.0,0.0,0.0,1.0,0.0,0.0,0.0,0.0,0.0,0.0,0.0,0.0,0.0,0.0,0.0,0.0,0.0,0.0,0.0,0.9098740211610787,0.8949158306502468,-0.014958190510831915,0.9098740211610787,0.9032046638077197,-0.006669357353359051,,,,0.9098740211610787,0.9168854201724349,0.0070113990113561675,0.9098740211610787,0.9027952579344471,-0.00707876322663159,,,
4.0,1.0,4.0,1.0,1.0,4.0,2.0,3.0,7.0,6.0,3.0,6.0,0.0,1.0,0.0,0.0,0.0,0.0,1.0,0.0,0.0,0.0,0.0,0.0,0.0,0.0,0.0,0.0,0.0,0.0,0.0,0.0,0.0,0.0,0.0,0.0,0.0,0.0,0.0,0.0,0.7435448917437587,0.7097861872030212,-0.03375870454073748,0.7435448917437587,0.7282433323198994,-0.015301559423859357,0.7435448917437587,0.7589781391168824,0.015433247373123682,0.7435448917437587,0.7600840185487479,0.016539126804989146,0.7435448917437587,0.727317324811575,-0.016227566932183746,0.7435448917437587,0.7423997558403845,-0.0011451359033741726
3.0,1.0,6.0,4.0,2.0,4.0,3.0,3.0,9.0,8.0,3.0,8.0,0.0,1.0,0.0,0.0,0.0,0.0,1.0,0.0,0.0,0.0,0.0,0.0,0.0,0.0,0.0,0.0,0.0,0.0,0.0,0.0,0.0,0.0,0.0,0.0,0.0,1.0,0.0,0.0,0.6960836028680522,0.6589430075291154,-0.037140595338936766,0.6960836028680522,0.679172115665176,-0.016911487202876163,0.6960836028680522,0.713271619792274,0.017188016924221894,0.6960836028680522,0.7145083293623918,0.018424726494339683,0.6960836028680522,0.6781527968716337,-0.017930805996418497,0.6960836028680522,0.6948135252790759,-0.0012700775889762372
6.0,1.0,5.0,1.0,4.0,5.0,2.0,3.0,9.0,7.0,5.0,9.0,0.0,0.0,0.0,0.0,0.0,0.0,0.0,0.0,1.0,0.0,0.0,0.0,0.0,0.0,0.0,0.0,0.0,0.0,0.0,1.0,0.0,0.0,0.0,0.0,0.0,0.0,0.0,0.0,0.7833153707419901,0.7530531623918255,-0.030262208350164577,0.7833153707419901,0.7696516142999261,-0.013663756442063968,0.7833153707419901,0.7970086619088768,0.013693291166886667,0.7833153707419901,0.7979864906309908,0.014671119889000717,,,,0.7833153707419901,0.7822958243917989,-0.0010195463501911917
4.0,1.0,4.0,2.0,1.0,5.0,1.0,4.0,6.0,7.0,4.0,2.0,1.0,0.0,0.0,0.0,0.0,0.0,1.0,0.0,0.0,0.0,0.0,0.0,0.0,0.0,0.0,0.0,0.0,0.0,0.0,0.0,0.0,0.0,0.0,0.0,0.0,0.0,0.0,0.0,0.8553665107287282,0.8330219318341625,-0.022344578894565648,0.8553665107287282,0.8453491615584258,-0.010017349170302392,0.8553665107287282,0.8652896033599184,0.009923092631190289,0.8553665107287282,0.8659938189760882,0.010627308247360023,0.8553665107287282,0.8447371153356481,-0.010629395393080054,0.8553665107287282,0.854623061477666,-0.0007434492510621782
5.0,1.0,3.0,1.0,2.0,4.0,3.0,2.0,9.0,6.0,3.0,7.0,1.0,0.0,0.0,0.0,0.0,0.0,1.0,0.0,0.0,0.0,0.0,0.0,1.0,0.0,0.0,0.0,0.0,0.0,0.0,0.0,0.0,0.0,0.0,1.0,0.0,0.0,0.0,0.0,0.6915963663985168,0.6541798358699007,-0.037416530528616154,0.6915963663985168,0.6745519279921841,-0.01704443840633274,0.6915963663985168,0.7089320426868543,0.01733567628833743,0.6915963663985168,0.7101798642808128,0.018583497882295963,0.6915963663985168,0.6735249863098269,-0.018071380088689915,0.6915963663985168,0.6903158793013897,-0.0012804870971271365
5.0,6.0,4.0,1.0,2.0,4.0,2.0,4.0,4.0,5.0,2.0,3.0,0.0,0.0,0.0,0.0,0.0,0.0,0.0,0.0,0.0,0.0,0.0,0.0,0.0,0.0,0.0,0.0,1.0,0.0,0.0,0.0,0.0,0.0,0.0,0.0,1.0,0.0,0.0,0.0,0.3086040930581149,0.2735305587096801,-0.0350735343484348,0.3086040930581149,0.2920598650585599,-0.016544227999555017,0.3086040930581149,0.3265031816712755,0.017899088613160585,0.3086040930581149,0.32783603382996934,0.019231940771854417,0.3086040930581149,0.2910943907135375,-0.017509702344577438,0.3086040930581149,0.307326083556919,-0.0012780095011959425
5.0,6.0,2.0,3.0,2.0,4.0,1.0,3.0,10.0,10.0,5.0,10.0,0.0,0.0,0.0,0.0,0.0,1.0,1.0,0.0,0.0,0.0,0.0,0.0,1.0,0.0,0.0,0.0,0.0,0.0,0.0,0.0,0.0,0.0,0.0,1.0,0.0,0.0,0.0,0.0,0.4442344916206074,0.40272503109974456,-0.04150946052086285,0.4442344916206074,0.4248875032617702,-0.01934698835883719,,,,,,,,,,,,
7.0,1.0,8.0,1.0,2.0,5.0,2.0,2.0,6.0,6.0,1.0,7.0,0.0,0.0,0.0,0.0,0.0,0.0,1.0,0.0,0.0,0.0,0.0,0.0,0.0,0.0,0.0,0.0,0.0,0.0,0.0,0.0,0.0,0.0,1.0,0.0,0.0,0.0,0.0,0.0,0.8651943535653878,0.8440913435610364,-0.02110301000435133,0.8651943535653878,0.8557428869771807,-0.009451466588207058,0.8651943535653878,0.8745420690469194,0.009347715481531682,0.8651943535653878,0.8752048920953069,0.010010538529919177,0.8651943535653878,0.8551649273737467,-0.010029426191641044,0.8651943535653878,0.8644934187505319,-0.0007009348148558914
4.0,1.0,3.0,2.0,2.0,2.0,2.0,3.0,7.0,7.0,4.0,5.0,0.0,1.0,0.0,0.0,0.0,0.0,1.0,0.0,0.0,0.0,0.0,0.0,1.0,0.0,0.0,0.0,0.0,0.0,0.0,0.0,0.0,0.0,0.0,1.0,0.0,0.0,0.0,0.0,0.4725654684550212,0.4304591404582493,-0.042106327996771886,0.4725654684550212,0.4529903096567482,-0.019575158798272985,0.4725654684550212,0.4931907645341226,0.020625296079101407,0.4725654684550212,0.4947042557723143,0.02213878731729313,0.4725654684550212,0.45183237850916363,-0.02073308994585754,0.4725654684550212,0.4710710822092131,-0.0014943862458080548
4.0,1.0,4.0,1.0,1.0,5.0,2.0,4.0,8.0,7.0,5.0,8.0,0.0,1.0,0.0,0.0,0.0,0.0,0.0,0.0,0.0,0.0,0.0,0.0,1.0,0.0,0.0,0.0,0.0,0.0,0.0,0.0,0.0,0.0,0.0,0.0,0.0,0.0,0.0,0.0,0.7515522201035679,0.7184484390546401,-0.03310378104892786,0.7515522201035679,0.73655915000814,-0.01499307009542794,0.7515522201035679,0.76665481893231,0.015102598828742098,0.7515522201035679,0.7677362544532723,0.01618403434970439,,,,0.7515522201035679,0.7504308379256425,-0.0011213821779254562
5.0,1.0,4.0,1.0,1.0,5.0,2.0,2.0,10.0,7.0,4.0,10.0,0.0,0.0,0.0,0.0,1.0,0.0,1.0,0.0,0.0,1.0,0.0,0.0,0.0,0.0,0.0,0.0,0.0,0.0,0.0,1.0,0.0,0.0,0.0,0.0,0.0,0.0,0.0,0.0,0.8740322830188395,0.8540794572830039,-0.019952825735835567,0.8740322830188395,0.8651038483643784,-0.008928434654461137,,,,0.8740322830188395,0.8834749158596115,0.009442632840771958,0.8740322830188395,0.864557457048651,-0.00947482597018856,,,
6.0,1.0,9.0,1.0,2.0,4.0,2.0,2.0,8.0,8.0,4.0,5.0,0.0,0.0,0.0,0.0,0.0,0.0,0.0,0.0,0.0,0.0,0.0,1.0,0.0,0.0,0.0,0.0,0.0,0.0,0.0,0.0,0.0,0.0,1.0,0.0,0.0,0.0,0.0,0.0,0.879769954418105,0.8605809857791609,-0.01918896863894415,0.879769954418105,0.8711882638675611,-0.008581690550543919,0.879769954418105,0.8882375249851575,0.008467570567052496,0.879769954418105,0.8888371889782107,0.00906723456010572,0.879769954418105,0.8706628327297788,-0.00910712168832617,0.879769954418105,0.8791342195182347,-0.0006357348998703438
6.0,1.0,3.0,2.0,1.0,3.0,3.0,2.0,5.0,6.0,2.0,8.0,0.0,0.0,1.0,0.0,0.0,0.0,0.0,0.0,0.0,0.0,0.0,0.0,0.0,0.0,0.0,0.0,0.0,0.0,0.0,0.0,0.0,0.0,0.0,0.0,0.0,0.0,0.0,0.0,0.6073113513806191,0.5660848257679524,-0.04122652561266671,0.6073113513806191,0.58838116324946,-0.018930188131159098,0.6073113513806191,0.6268283798051669,0.019517028424547833,0.6073113513806191,0.6282436078655198,0.020932256484900713,0.6073113513806191,0.5872486907485996,-0.020062660632019447,0.6073113513806191,0.605880340075559,-0.0014310113050600703
3.0,1.0,5.0,1.0,2.0,4.0,3.0,3.0,5.0,7.0,2.0,7.0,1.0,0.0,0.0,0.0,0.0,0.0,0.0,0.0,0.0,0.0,0.0,1.0,0.0,0.0,0.0,0.0,0.0,0.0,0.0,0.0,0.0,0.0,0.0,0.0,0.0,0.0,0.0,0.0,0.815229076225736,0.7882189041106907,-0.027010172115045306,0.815229076225736,0.8030718125834054,-0.012157263642330607,0.815229076225736,0.8273501098283678,0.012121033602631726,0.815229076225736,0.8282132836141695,0.012984207388433422,0.815229076225736,0.8023315732921903,-0.012897502933545746,0.815229076225736,0.8143240966598113,-0.000904979565924724
3.0,1.0,2.0,1.0,2.0,3.0,2.0,3.0,9.0,8.0,5.0,8.0,0.0,0.0,0.0,0.0,0.0,0.0,0.0,0.0,0.0,0.0,0.0,1.0,0.0,0.0,0.0,0.0,0.0,0.0,0.0,0.0,0.0,0.0,0.0,0.0,0.0,0.0,0.0,0.0,0.8531016240666274,0.8304764874340422,-0.02262513663258514,0.8531016240666274,0.8429562087469421,-0.01014541531968527,0.8531016240666274,0.8631552472986586,0.010053623232031184,0.8531016240666274,0.8638688651659584,0.010767241099331026,,,,0.8531016240666274,0.8523485424018087,-0.0007530816648186889
3.0,1.0,8.0,1.0,3.0,5.0,1.0,5.0,8.0,7.0,2.0,6.0,0.0,0.0,0.0,1.0,0.0,0.0,0.0,0.0,0.0,0.0,0.0,1.0,0.0,0.0,0.0,0.0,0.0,0.0,0.0,0.0,0.0,0.0,0.0,0.0,0.0,0.0,0.0,0.0,0.7704225663684191,0.7389598014254869,-0.03146276494293221,,,,0.7704225663684191,0.7847066781988054,0.014284111830386248,0.7704225663684191,0.7857278350172857,0.01530526864886661,0.7704225663684191,0.7553360989197285,-0.015086467448690577,0.7704225663684191,0.7693602184288482,-0.00106234793957094
5.0,1.0,5.0,2.0,1.0,5.0,1.0,1.0,10.0,9.0,4.0,10.0,0.0,1.0,0.0,0.0,0.0,0.0,0.0,0.0,0.0,0.0,0.0,0.0,1.0,0.0,0.0,0.0,0.0,0.0,0.0,0.0,0.0,0.0,0.0,0.0,0.0,0.0,0.0,0.0,0.8310024094975773,0.8057485973352561,-0.025253812162321254,0.8310024094975773,0.8196533840174508,-0.011349025480126507,,,,0.8310024094975773,0.8430915343489687,0.012089124851391353,0.8310024094975773,0.8189614227120777,-0.012040986785499586,,,
3.0,1.0,5.0,1.0,1.0,5.0,2.0,3.0,10.0,8.0,4.0,9.0,1.0,0.0,0.0,0.0,0.0,0.0,1.0,0.0,1.0,0.0,0.0,0.0,0.0,0.0,0.0,0.0,0.0,0.0,0.0,0.0,0.0,0.0,0.0,0.0,0.0,0.0,0.0,0.0,0.9178942876092997,0.904126959339239,-0.013767328270060664,0.9178942876092997,0.9117608754754075,-0.00613341213389218,,,,0.9178942876092997,0.9243336334586094,0.006439345849309719,0.9178942876092997,0.9113841083435994,-0.0065101792657003,0.9178942876092997,0.9174412236864855,-0.0004530639228141897
4.0,1.0,3.0,1.0,2.0,4.0,3.0,4.0,8.0,7.0,4.0,5.0,1.0,0.0,0.0,0.0,0.0,0.0,1.0,0.0,1.0,0.0,0.0,0.0,0.0,0.0,0.0,0.0,0.0,0.0,0.0,0.0,0.0,0.0,0.0,0.0,0.0,0.0,0.0,0.0,0.7754675112923639,0.7444668177198956,-0.031000693572468263,0.7754675112923639,0.7614595842984834,-0.014007926993880537,0.7754675112923639,0.7895234851040186,0.014055973811654687,0.7754675112923639,0.7905278940845185,0.015060382792154603,0.7754675112923639,0.7606095545690189,-0.014857956723345,0.7754675112923639,0.7744216729843325,-0.0010458383080313993
6.0,3.0,7.0,3.0,2.0,4.0,2.0,4.0,8.0,8.0,3.0,9.0,1.0,0.0,0.0,0.0,0.0,0.0,1.0,0.0,0.0,0.0,0.0,0.0,0.0,0.0,0.0,1.0,0.0,0.0,0.0,0.0,0.0,0.0,1.0,0.0,0.0,0.0,0.0,0.0,0.5395298352070317,0.49708012136389823,-0.04244971384313345,0.5395298352070317,0.5199151304812271,-0.01961470472580462,0.5395298352070317,0.5599748150857661,0.020444979878734393,0.5395298352070317,0.5614662039586991,0.02193636875166738,0.5395298352070317,0.5187483608327427,-0.02078147437428901,0.5395298352070317,0.5380397068463092,-0.0014901283607224869
3.0,1.0,2.0,1.0,2.0,3.0,2.0,3.0,8.0,6.0,2.0,7.0,0.0,0.0,0.0,0.0,0.0,1.0,1.0,0.0,1.0,0.0,0.0,0.0,0.0,0.0,0.0,0.0,0.0,0.0,0.0,0.0,0.0,0.0,0.0,0.0,0.0,0.0,0.0,0.0,0.7830209413554816,0.752730593332236,-0.030290348023245595,0.7830209413554816,0.7693440857331831,-0.013676855622298478,0.7830209413554816,0.7967280104759877,0.013707069120506121,0.7830209413554816,0.7977068479834615,0.014685906627979861,0.7830209413554816,0.7685136108059084,-0.014507330549573205,0.7830209413554816,0.7820003952022067,-0.0010205461532749593
3.0,5.0,2.0,1.0,2.0,2.0,2.0,3.0,4.0,4.0,2.0,5.0,0.0,1.0,0.0,0.0,0.0,0.0,1.0,0.0,0.0,0.0,0.0,0.0,0.0,0.0,0.0,0.0,0.0,0.0,0.0,0.0,1.0,0.0,0.0,0.0,0.0,0.0,0.0,0.0,0.5792423599489334,0.5373140745964888,-0.04192828535244453,0.5792423599489334,0.5599395310125153,-0.019302828936418104,0.5792423599489334,0.5992338442761617,0.019991484327228304,0.5792423599489334,0.6006870565491099,0.02144469660017656,0.5792423599489334,0.5587874861386282,-0.020454873810305196,0.5792423599489334,0.577780174347352,-0.0014621856015814005
3.0,1.0,2.0,2.0,1.0,5.0,2.0,3.0,9.0,8.0,5.0,8.0,0.0,1.0,0.0,0.0,0.0,0.0,0.0,0.0,0.0,0.0,0.0,1.0,0.0,0.0,0.0,0.0,0.0,0.0,0.0,0.0,0.0,0.0,0.0,0.0,0.0,0.0,0.0,0.0,0.7891127224220363,0.7594114933618832,-0.029701229060153156,0.7891127224220363,0.775709861375943,-0.01340286104609334,0.7891127224220363,0.8025320093841087,0.013419286962072396,0.7891127224220363,0.8034897917011824,0.01437706927914606,,,,0.7891127224220363,0.7881130751850494,-0.000999647236986978
4.0,1.0,8.0,1.0,1.0,4.0,2.0,4.0,4.0,6.0,1.0,6.0,0.0,0.0,0.0,0.0,1.0,0.0,1.0,0.0,0.0,0.0,0.0,1.0,0.0,0.0,0.0,0.0,0.0,0.0,0.0,1.0,0.0,0.0,0.0,0.0,0.0,0.0,0.0,0.0,0.8911138021399312,0.8734749562479749,-0.0176388458919563,0.8911138021399312,0.8832343394926947,-0.00787946264723649,0.8911138021399312,0.8988742803431016,0.0077604782031703845,0.8911138021399312,0.8994233349254052,0.008309532785473972,0.8911138021399312,0.8827514320065406,-0.008362370133390584,0.8911138021399312,0.8905305860052196,-0.0005832161347115727
6.0,1.0,8.0,1.0,1.0,5.0,1.0,4.0,9.0,8.0,3.0,9.0,1.0,0.0,0.0,0.0,0.0,0.0,0.0,0.0,0.0,0.0,0.0,0.0,0.0,1.0,0.0,0.0,0.0,0.0,0.0,1.0,0.0,0.0,0.0,0.0,0.0,0.0,0.0,0.0,0.8946873425042815,0.877547838573814,-0.01713950393046748,0.8946873425042815,0.8870336940390927,-0.007653648465188789,0.8946873425042815,0.9022210757071263,0.007533733202844783,0.8946873425042815,0.9027539249889076,0.008066582484626106,0.8946873425042815,0.8865644814860755,-0.008122861018206029,0.8946873425042815,0.8941209927446573,-0.0005663497596242184
3.0,1.0,6.0,1.0,2.0,4.0,2.0,4.0,9.0,9.0,5.0,9.0,0.0,0.0,0.0,1.0,0.0,0.0,1.0,0.0,0.0,0.0,0.0,0.0,0.0,0.0,0.0,0.0,0.0,0.0,0.0,0.0,0.0,0.0,0.0,0.0,0.0,0.0,0.0,0.0,0.7286272691080035,0.6937137685938182,-0.03491350051418529,0.7286272691080035,0.7127794609946105,-0.015847808113392925,0.7286272691080035,0.7446499455745266,0.01602267646652311,0.7286272691080035,0.7457995483803542,0.017172279272350766,,,,0.7286272691080035,0.7274399397563053,-0.0011873293516981853
3.0,1.0,2.0,1.0,2.0,4.0,2.0,4.0,8.0,8.0,4.0,8.0,0.0,1.0,0.0,0.0,0.0,0.0,0.0,0.0,0.0,0.0,0.0,1.0,0.0,0.0,0.0,0.0,0.0,0.0,0.0,0.0,0.0,0.0,0.0,0.0,0.0,0.0,0.0,0.0,0.7016028108019954,0.6648119121892506,-0.03679089861274476,0.7016028108019954,0.6848593985609019,-0.016743412241093436,0.7016028108019954,0.7186048722557484,0.017002061453753048,0.7016028108019954,0.7198276142302124,0.018224803428216974,0.7016028108019954,0.6838497379558851,-0.017753072846110274,0.7016028108019954,0.700345869039633,-0.0012569417623623513
3.0,1.0,4.0,1.0,4.0,4.0,4.0,3.0,5.0,6.0,2.0,5.0,0.0,0.0,0.0,0.0,0.0,0.0,0.0,0.0,1.0,0.0,0.0,0.0,0.0,0.0,0.0,0.0,0.0,0.0,0.0,0.0,0.0,0.0,0.0,0.0,0.0,0.0,0.0,0.0,0.7482952329896196,0.7149220956670955,-0.033373137322524116,0.7482952329896196,0.7331753947619882,-0.01511983822763141,0.7482952329896196,0.7635335234216648,0.015238290432045165,0.7482952329896196,0.764624983382549,0.016329750392929387,0.7482952329896196,0.732260014460658,-0.016035218528961614,0.7482952329896196,0.7471640957732721,-0.0011311372163474998
2.0,3.0,6.0,2.0,3.0,5.0,2.0,2.0,7.0,8.0,4.0,10.0,0.0,0.0,0.0,0.0,0.0,0.0,1.0,0.0,0.0,0.0,0.0,0.0,0.0,0.0,0.0,0.0,0.0,1.0,0.0,0.0,0.0,0.0,0.0,0.0,0.0,0.0,0.0,0.0,0.8138164753188141,0.7866538468380498,-0.027162628480764228,0.8138164753188141,0.8015888884094828,-0.012227586909331234,0.8138164753188141,0.8260103986100152,0.01219392329120117,0.8138164753188141,0.8268788688299813,0.013062393511167225,0.8138164753188141,0.8008444572701175,-0.01297201804869652,,,
6.0,3.0,8.0,1.0,2.0,4.0,2.0,3.0,9.0,9.0,5.0,9.0,0.0,0.0,0.0,0.0,0.0,0.0,0.0,0.0,0.0,0.0,0.0,1.0,0.0,0.0,0.0,0.0,0.0,0.0,0.0,0.0,0.0,0.0,1.0,0.0,0.0,0.0,0.0,0.0,0.8208665444668227,0.7944727056519917,-0.02639383881483104,0.8208665444668227,0.808993298902347,-0.011873245564475776,0.8208665444668227,0.8326936549900253,0.011827110523202622,0.8208665444668227,0.8335354885810218,0.012668944114199054,,,,0.8208665444668227,0.8199830792588736,-0.0008834652079491301
5.0,1.0,9.0,1.0,1.0,4.0,2.0,2.0,10.0,9.0,5.0,10.0,0.0,0.0,0.0,0.0,0.0,0.0,0.0,0.0,0.0,0.0,0.0,0.0,1.0,0.0,0.0,0.0,0.0,0.0,0.0,0.0,0.0,0.0,0.0,0.0,0.0,0.0,0.0,0.0,0.9150997973623188,0.900914476381937,-0.014185320980381833,0.9150997973623188,0.9087783789798333,-0.006321418382485566,,,,0.9150997973623188,0.921739621930513,0.006639824568194119,,,,,,
7.0,6.0,8.0,1.0,2.0,4.0,2.0,3.0,7.0,6.0,5.0,8.0,0.0,0.0,0.0,0.0,0.0,0.0,0.0,0.0,0.0,0.0,0.0,0.0,0.0,0.0,0.0,0.0,0.0,1.0,0.0,1.0,0.0,0.0,0.0,0.0,0.0,0.0,0.0,0.0,0.6446818371873291,0.6048257590095738,-0.03985607817775527,0.6446818371873291,0.6264450548232242,-0.018236782364104864,0.6446818371873291,0.6633710327064447,0.01868919551911563,0.6446818371873291,0.6647218019156128,0.020039964728283732,,,,0.6446818371873291,0.6433070244145446,-0.001374812772784506
3.0,2.0,4.0,2.0,2.0,4.0,2.0,4.0,6.0,6.0,3.0,5.0,0.0,0.0,0.0,0.0,0.0,0.0,1.0,0.0,0.0,0.0,0.0,0.0,1.0,0.0,0.0,0.0,0.0,0.0,0.0,0.0,1.0,0.0,0.0,0.0,0.0,0.0,0.0,0.0,0.8827867773735599,0.8640048709519746,-0.01878190642158528,0.8827867773735599,0.8743896749729448,-0.008397102400615086,0.8827867773735599,0.8910681865106599,0.00828140913709996,0.8827867773735599,0.8916545151274308,0.008867737753870841,0.8827867773735599,0.8738754120354546,-0.008911365338105326,0.8827867773735599,0.8821648578130167,-0.0006219195605432493
7.0,1.0,4.0,1.0,3.0,3.0,2.0,3.0,7.0,7.0,4.0,9.0,0.0,0.0,0.0,0.0,0.0,0.0,1.0,0.0,0.0,0.0,0.0,0.0,0.0,0.0,0.0,0.0,0.0,1.0,0.0,0.0,0.0,0.0,0.0,0.0,0.0,0.0,0.0,1.0,0.642957990969496,0.6030276155280345,-0.039930375441461496,0.642957990969496,0.6246842405338999,-0.018273750435596092,0.642957990969496,0.6616902763917364,0.01873228542224037,0.642957990969496,0.6630443641523286,0.020086373182832573,0.642957990969496,0.6235877503626686,-0.01937024060682746,0.642957990969496,0.6415802164833917,-0.0013777744861043217
5.0,1.0,5.0,1.0,1.0,5.0,2.0,3.0,7.0,7.0,4.0,8.0,1.0,0.0,0.0,0.0,0.0,0.0,0.0,0.0,0.0,0.0,0.0,0.0,1.0,0.0,0.0,0.0,0.0,0.0,0.0,0.0,0.0,0.0,0.0,0.0,0.0,0.0,0.0,0.0,0.8519401707405763,0.8291719689851825,-0.022768201755393735,0.8519401707405763,0.841729422354142,-0.01021074838643421,0.8519401707405763,0.8620604303022303,0.010120259561654077,0.8519401707405763,0.8627788497850046,0.010838679044428368,0.8519401707405763,0.84110574330861,-0.010834427431966276,0.8519401707405763,0.8511821735070569,-0.0007579972335193252
5.0,6.0,3.0,1.0,3.0,5.0,2.0,3.0,5.0,5.0,3.0,5.0,0.0,0.0,1.0,0.0,0.0,0.0,0.0,0.0,0.0,0.0,0.0,0.0,0.0,0.0,0.0,0.0,0.0,0.0,0.0,0.0,0.0,0.0,0.0,0.0,1.0,0.0,0.0,0.0,0.14122011253980588,0.12181833968467136,-0.019401772855134516,0.14122011253980588,0.13193694655501337,-0.009283165984792507,0.14122011253980588,0.1515387476419208,0.01031863510211492,0.14122011253980588,0.1523188930072181,0.011098780467412223,0.14122011253980588,0.13140254781554284,-0.00981756472426304,0.14122011253980588,0.14049442641870788,-0.0007256861210979959
3.0,3.0,5.0,1.0,2.0,5.0,2.0,1.0,6.0,7.0,2.0,8.0,0.0,1.0,0.0,0.0,0.0,0.0,1.0,0.0,0.0,0.0,0.0,0.0,0.0,0.0,0.0,1.0,0.0,0.0,0.0,0.0,0.0,0.0,0.0,1.0,0.0,0.0,0.0,0.0,0.569041214144937,0.5269266079976813,-0.042114606147255707,0.569041214144937,0.5496342609953316,-0.019406953149605388,0.569041214144937,0.5891736224761158,0.020132408331178797,0.569041214144937,0.5906383934947615,0.021597179349824525,0.569041214144937,0.5484769925112348,-0.020564221633702195,0.569041214144937,0.5675700434647367,-0.0014711706802003066
6.0,1.0,7.0,2.0,2.0,4.0,2.0,4.0,9.0,8.0,4.0,8.0,1.0,0.0,0.0,0.0,0.0,0.0,0.0,0.0,0.0,0.0,0.0,0.0,1.0,0.0,0.0,0.0,0.0,0.0,0.0,1.0,0.0,0.0,0.0,0.0,0.0,0.0,0.0,0.0,0.7545296418759191,0.7216756617294341,-0.032853980146484996,0.7545296418759191,0.7396540075811777,-0.014875634294741369,0.7545296418759191,0.7695067577757534,0.014977115899834303,0.7545296418759191,0.7705789312829833,0.016049289407064182,0.7545296418759191,0.7387529335321024,-0.015776708343816725,0.7545296418759191,0.7534172892225359,-0.001112352653383164
5.0,1.0,8.0,1.0,1.0,5.0,2.0,3.0,6.0,6.0,3.0,7.0,0.0,0.0,0.0,0.0,1.0,0.0,1.0,0.0,0.0,0.0,0.0,1.0,0.0,0.0,0.0,0.0,0.0,0.0,0.0,0.0,0.0,0.0,0.0,0.0,0.0,0.0,0.0,0.0,0.8899952129567016,0.8722011503283986,-0.017794062628302965,0.8899952129567016,0.8820455190900529,-0.007949693866648677,0.8899952129567016,0.8978262736722217,0.007831060715520088,0.8899952129567016,0.8983803750540337,0.008385162097332088,0.8899952129567016,0.8815583543178441,-0.008436858638857458,0.8899952129567016,0.8894067490073752,-0.0005884639493264343
4.0,1.0,6.0,1.0,3.0,2.0,2.0,4.0,8.0,9.0,5.0,8.0,0.0,0.0,0.0,0.0,0.0,0.0,0.0,0.0,0.0,0.0,0.0,0.0,1.0,0.0,0.0,0.0,0.0,0.0,0.0,0.0,0.0,0.0,0.0,0.0,0.0,0.0,0.0,0.0,0.745138002069601,0.7115076412458824,-0.03363036082371862,0.745138002069601,0.7298969669283087,-0.01524103514129227,0.745138002069601,0.7605062575431223,0.015368255473521275,0.745138002069601,0.7616073277938976,0.016469325724296602,,,,0.745138002069601,0.7439975305765324,-0.0011404714930686177
3.0,1.0,8.0,1.0,1.0,4.0,1.0,3.0,10.0,8.0,3.0,8.0,0.0,0.0,0.0,0.0,0.0,0.0,1.0,0.0,0.0,0.0,0.0,1.0,0.0,0.0,0.0,0.0,0.0,0.0,0.0,0.0,0.0,0.0,0.0,0.0,0.0,0.0,0.0,0.0,0.9428700306856651,0.9329848309563126,-0.009885199729352534,0.9428700306856651,0.9384772898581667,-0.004392740827498409,,,,0.9428700306856651,0.9474627059288332,0.004592675243168087,0.9428700306856651,0.9382068663563653,-0.004663164329299807,0.9428700306856651,0.9425461578863079,-0.0003238727993571944
4.0,1.0,1.0,1.0,2.0,4.0,4.0,2.0,9.0,9.0,4.0,4.0,0.0,0.0,1.0,0.0,0.0,0.0,1.0,0.0,0.0,0.0,0.0,0.0,0.0,0.0,0.0,0.0,0.0,0.0,0.0,0.0,0.0,0.0,0.0,0.0,0.0,0.0,0.0,0.0,0.5965424289979264,0.5550137170434288,-0.04152871195449759,0.5965424289979264,0.5774543021252277,-0.019088126872698674,0.5965424289979264,0.6162564888603558,0.019714059862429356,0.5965424289979264,0.6176873566294443,0.021144927631517874,0.5965424289979264,0.5763134147354236,-0.020229014262502787,0.5965424289979264,0.5950983383216946,-0.0014440906762318573
4.0,5.0,5.0,3.0,2.0,2.0,2.0,4.0,9.0,9.0,5.0,9.0,0.0,1.0,0.0,0.0,0.0,0.0,1.0,0.0,0.0,1.0,0.0,0.0,0.0,0.0,0.0,0.0,0.0,0.0,0.0,0.0,0.0,0.0,0.0,0.0,0.0,0.0,0.0,0.0,0.3159146394687985,0.28034714233419694,-0.035567497134601556,0.3159146394687985,0.2991480659300219,-0.016766573538776586,0.3159146394687985,0.3340328883780297,0.018118248909231194,0.3159146394687985,0.33538117183060173,0.019466532361803235,,,,0.3159146394687985,0.31462013169758635,-0.00129450777121215
5.0,1.0,3.0,1.0,2.0,5.0,2.0,3.0,5.0,7.0,5.0,5.0,1.0,0.0,0.0,0.0,0.0,0.0,1.0,0.0,0.0,0.0,0.0,0.0,0.0,0.0,0.0,0.0,0.0,0.0,0.0,0.0,0.0,0.0,0.0,0.0,0.0,0.0,0.0,0.0,0.7528818932376626,0.7198892485039652,-0.03299264473369745,0.7528818932376626,0.7379410853725626,-0.014940807865099992,0.7528818932376626,0.7679286229459097,0.015046729708247053,0.7528818932376626,0.7690059337479004,0.016124040510237747,,,,0.7528818932376626,0.7517645303155194,-0.0011173629221432613
3.0,1.0,4.0,2.0,2.0,3.0,2.0,3.0,9.0,8.0,4.0,8.0,0.0,0.0,0.0,0.0,0.0,0.0,0.0,0.0,0.0,0.0,0.0,1.0,0.0,0.0,0.0,0.0,0.0,0.0,0.0,0.0,0.0,0.0,0.0,0.0,0.0,0.0,0.0,0.0,0.8575624559560072,0.8354918840316392,-0.02207057192436801,0.8575624559560072,0.8476701128720383,-0.009892343083968913,0.8575624559560072,0.8673582509399184,0.009795794983911144,0.8575624559560072,0.8680533014677577,0.010490845511750502,0.8575624559560072,0.8470655902919023,-0.010496865664104904,0.8575624559560072,0.8568284050328706,-0.0007340509231366088
7.0,6.0,5.0,3.0,2.0,2.0,1.0,3.0,7.0,7.0,5.0,7.0,0.0,0.0,0.0,0.0,0.0,0.0,0.0,0.0,0.0,0.0,0.0,1.0,0.0,0.0,0.0,0.0,0.0,0.0,0.0,0.0,0.0,0.0,1.0,0.0,0.0,0.0,0.0,0.0,0.5491563079405397,0.5067827711583994,-0.042373536782140286,0.5491563079405397,0.5295941396621281,-0.019562168278411618,0.5491563079405397,0.5695149021660493,0.020358594225509563,0.5491563079405397,0.5709987282708524,0.021842420330312695,,,,0.5491563079405397,0.5476712145350888,-0.001485093405450888
3.0,1.0,5.0,1.0,2.0,5.0,2.0,4.0,7.0,8.0,4.0,8.0,1.0,0.0,0.0,0.0,0.0,0.0,1.0,0.0,0.0,0.0,0.0,1.0,0.0,0.0,0.0,0.0,0.0,0.0,0.0,0.0,0.0,0.0,0.0,0.0,0.0,0.0,0.0,0.0,0.8314504247099538,0.8062479514998755,-0.02520247321007829,0.8314504247099538,0.8201249732958689,-0.01132545141408492,0.8314504247099538,0.842712641095041,0.011262216385087176,0.8314504247099538,0.8435135361655518,0.012063111455598019,0.8314504247099538,0.8194344227988736,-0.01201600191108021,0.8314504247099538,0.830608386438379,-0.0008420382715748076
7.0,1.0,9.0,1.0,1.0,5.0,3.0,5.0,10.0,10.0,5.0,9.0,0.0,0.0,0.0,0.0,0.0,0.0,1.0,0.0,0.0,0.0,0.0,1.0,0.0,0.0,0.0,0.0,0.0,0.0,0.0,0.0,0.0,0.0,1.0,0.0,0.0,0.0,0.0,0.0,0.8634046166718102,0.8420725751834947,-0.02133204148831558,,,,,,,,,,,,,0.8634046166718102,0.8626958527732107,-0.0007087638985995293
2.0,1.0,2.0,4.0,1.0,3.0,3.0,3.0,4.0,7.0,1.0,6.0,0.0,0.0,1.0,0.0,0.0,0.0,1.0,0.0,0.0,0.0,0.0,0.0,0.0,0.0,0.0,0.0,1.0,0.0,0.0,0.0,0.0,0.0,0.0,0.0,0.0,1.0,0.0,0.0,0.6619763021751479,0.622925485326493,-0.03905081684865497,0.6619763021751479,0.6441371856621848,-0.017839116512963105,0.6619763021751479,0.680207071124321,0.018230768949173082,0.6619763021751479,0.6815227167841651,0.019546414609017182,0.6619763021751479,0.6430650545826629,-0.01891124759248497,0.6619763021751479,0.6606331804074804,-0.0013431217676674878
5.0,1.0,5.0,1.0,1.0,4.0,1.0,3.0,7.0,7.0,3.0,8.0,1.0,0.0,0.0,0.0,0.0,0.0,0.0,0.0,0.0,0.0,0.0,0.0,0.0,0.0,0.0,0.0,0.0,0.0,0.0,0.0,0.0,0.0,0.0,0.0,0.0,0.0,0.0,0.0,0.8768208108430742,0.8572375326400273,-0.01958327820304684,0.8768208108430742,0.8680601876423617,-0.00876062320071247,0.8768208108430742,0.8854690446099243,0.008648233766850089,0.8768208108430742,0.8860816578439479,0.009260847000873706,0.8768208108430742,0.8675239371599219,-0.00929687368315224,0.8768208108430742,0.8761716767670933,-0.0006491340759808839
7.0,1.0,6.0,1.0,2.0,4.0,1.0,4.0,7.0,8.0,3.0,8.0,0.0,0.0,0.0,0.0,0.0,0.0,1.0,0.0,0.0,0.0,0.0,0.0,0.0,0.0,0.0,0.0,0.0,0.0,0.0,0.0,0.0,0.0,1.0,0.0,0.0,0.0,0.0,0.0,0.8330968420805323,0.8080837265051306,-0.025013115575401645,0.8330968420805323,0.8218583167089659,-0.011238525371566332,0.8330968420805323,0.8442696524774136,0.011172810396881339,0.8330968420805323,0.8450640769926744,0.011967234912142133,0.8330968420805323,0.8211729696333309,-0.011923872447201389,0.8330968420805323,0.8322613696034269,-0.000835472477105359
6.0,1.0,4.0,1.0,3.0,5.0,3.0,4.0,5.0,8.0,5.0,8.0,0.0,0.0,1.0,0.0,0.0,0.0,0.0,0.0,0.0,0.0,0.0,1.0,0.0,0.0,0.0,0.0,0.0,0.0,0.0,0.0,0.0,0.0,0.0,0.0,0.0,0.0,0.0,0.0,0.47204651167558026,0.42994873020015056,-0.042097781475429696,0.47204651167558026,0.45247440805330535,-0.019572103622274906,0.47204651167558026,0.4926703148458529,0.020623803170272625,0.47204651167558026,0.49418376629653726,0.022137254620957003,,,,0.47204651167558026,0.47055230241626184,-0.0014942092593184242
5.0,2.0,2.0,2.0,4.0,2.0,2.0,4.0,9.0,9.0,5.0,10.0,0.0,0.0,0.0,0.0,0.0,0.0,0.0,0.0,0.0,0.0,0.0,0.0,0.0,1.0,0.0,0.0,0.0,0.0,0.0,0.0,0.0,0.0,0.0,0.0,0.0,0.0,0.0,0.0,0.5417560710951621,0.49932113576925136,-0.04243493532591075,0.5417560710951621,0.5221522080034029,-0.01960386309175921,0.5417560710951621,0.5621824166270611,0.020426345531899037,0.5417560710951621,0.5636721533516825,0.02191608225652042,,,,,,
5.0,1.0,7.0,1.0,1.0,2.0,3.0,4.0,6.0,8.0,3.0,7.0,0.0,0.0,0.0,1.0,0.0,0.0,0.0,0.0,0.0,0.0,0.0,1.0,0.0,0.0,0.0,0.0,0.0,0.0,0.0,0.0,0.0,0.0,0.0,0.0,0.0,0.0,0.0,0.0,0.6677614208810281,0.6290043804731337,-0.038757040407894405,0.6677614208810281,0.6500662206087897,-0.017695200272238365,0.6677614208810281,0.6858282581301415,0.0180668372491134,0.6677614208810281,0.6871314149125404,0.019369994031512294,0.6677614208810281,0.649002218678878,-0.018759202202150105,0.6677614208810281,0.6664297029020483,-0.0013317179789797962
4.0,1.0,4.0,1.0,1.0,3.0,4.0,2.0,4.0,6.0,1.0,9.0,0.0,1.0,0.0,0.0,0.0,0.0,1.0,0.0,0.0,0.0,0.0,0.0,1.0,0.0,0.0,0.0,0.0,0.0,0.0,1.0,0.0,0.0,0.0,0.0,0.0,0.0,0.0,0.0,0.6356249408862392,0.5953905479171238,-0.04023439296911546,0.6356249408862392,0.617199329373704,-0.01842561151253519,0.6356249408862392,0.6545352388449849,0.01891029795874566,0.6356249408862392,0.6559030721167409,0.020278131230501706,0.6356249408862392,0.6160944106689235,-0.019530530217315767,0.6356249408862392,0.6342349668710671,-0.0013899740151721574
4.0,2.0,4.0,3.0,2.0,5.0,3.0,3.0,6.0,6.0,2.0,5.0,0.0,1.0,0.0,0.0,0.0,0.0,0.0,0.0,0.0,0.0,0.0,0.0,0.0,0.0,0.0,0.0,1.0,0.0,0.0,0.0,0.0,1.0,0.0,0.0,0.0,0.0,0.0,0.0,0.462366161009251,0.4204441783382748,-0.04192198267097619,0.462366161009251,0.4428587494274842,-0.019507411581766776,0.462366161009251,0.4829539156313636,0.020587754622112597,0.462366161009251,0.48446602192500826,0.022099860915757275,0.462366161009251,0.4417058039040469,-0.020660357105204086,0.462366161009251,0.4608758448884245,-0.001490316120826507
3.0,1.0,2.0,1.0,2.0,4.0,2.0,4.0,8.0,8.0,3.0,9.0,0.0,0.0,0.0,0.0,0.0,0.0,1.0,0.0,1.0,0.0,0.0,0.0,0.0,0.0,0.0,0.0,0.0,0.0,0.0,0.0,0.0,0.0,0.0,0.0,0.0,0.0,0.0,0.0,0.8840665810619054,0.8654584925744597,-0.018608088487445662,0.8840665810619054,0.8757482586702763,-0.008318322391629107,0.8840665810619054,0.8922686034699324,0.008202022408027032,0.8840665810619054,0.8928492477752642,0.008782666713358811,0.8840665810619054,0.8752387642935313,-0.008827816768374075,0.8840665810619054,0.8834505554786206,-0.0006160255832847739
6.0,5.0,4.0,1.0,3.0,3.0,2.0,3.0,7.0,7.0,4.0,7.0,0.0,1.0,0.0,0.0,0.0,0.0,0.0,0.0,0.0,0.0,0.0,0.0,0.0,0.0,0.0,0.0,0.0,1.0,0.0,0.0,0.0,0.0,0.0,0.0,0.0,0.0,0.0,0.0,0.3237671142940509,0.287687332565971,-0.03607978172807991,0.3237671142940509,0.3067706748647872,-0.01699643942926371,0.3237671142940509,0.3421104950395813,0.01834338074553038,0.3237671142940509,0.3434745670176833,0.01970745272363239,0.3237671142940509,0.3057775749947242,-0.01798953929932673,0.3237671142940509,0.3224555968745364,-0.0013115174195145185
2.0,1.0,5.0,2.0,2.0,5.0,2.0,4.0,9.0,9.0,4.0,9.0,1.0,0.0,0.0,0.0,0.0,0.0,1.0,0.0,0.0,0.0,0.0,0.0,0.0,0.0,0.0,0.0,1.0,0.0,0.0,0.0,0.0,0.0,0.0,0.0,0.0,0.0,0.0,0.0,0.8215296143327212,0.7952090995994404,-0.026320514733280787,0.8215296143327212,0.8096901288592147,-0.01183948547350655,0.8215296143327212,0.8333218356156283,0.011792221282907134,0.8215296143327212,0.8341611379020815,0.012631523569360259,0.8215296143327212,0.8089688495386529,-0.012560764794068313,0.8215296143327212,0.8206487048047305,-0.000880909527990692
5.0,2.0,6.0,2.0,2.0,4.0,4.0,3.0,5.0,6.0,1.0,6.0,1.0,0.0,0.0,0.0,0.0,0.0,1.0,0.0,0.0,0.0,0.0,0.0,1.0,0.0,0.0,0.0,0.0,0.0,0.0,1.0,0.0,0.0,0.0,0.0,0.0,0.0,0.0,0.0,0.6412620787263876,0.6012596619243614,-0.04000241680202621,0.6412620787263876,0.6229524307656893,-0.01830964796069834,0.6412620787263876,0.66003629432252,0.01877421559613235,0.6412620787263876,0.6613936144725652,0.020131535746177542,0.6412620787263876,0.6218539438073191,-0.019408134919068565,0.6412620787263876,0.639881425387014,-0.0013806533393736498
6.0,1.0,2.0,1.0,2.0,5.0,4.0,3.0,6.0,5.0,2.0,4.0,1.0,0.0,0.0,0.0,0.0,0.0,0.0,0.0,0.0,0.0,0.0,0.0,1.0,0.0,0.0,0.0,0.0,0.0,0.0,0.0,0.0,0.0,0.0,0.0,0.0,0.0,0.0,0.0,0.6731688220415042,0.6346974973990653,-0.03847132464243885,0.6731688220415042,0.6556130910216965,-0.017555731019807674,0.6731688220415042,0.6910776440222206,0.017908821980716416,0.6731688220415042,0.6923687936303995,0.019199971588895304,0.6731688220415042,0.6545569924190076,-0.018611829622496634,0.6731688220415042,0.6718481273049742,-0.0013206947365299593
4.0,1.0,4.0,2.0,1.0,1.0,1.0,2.0,4.0,5.0,3.0,4.0,0.0,1.0,0.0,0.0,0.0,0.0,0.0,0.0,0.0,0.0,0.0,0.0,1.0,0.0,0.0,0.0,0.0,0.0,0.0,1.0,0.0,0.0,0.0,0.0,0.0,0.0,0.0,0.0,0.661814237952766,0.6227553679973428,-0.03905886995542318,0.661814237952766,0.6439711685221435,-0.017843069430622416,0.661814237952766,0.6800495229800506,0.018235285027284664,0.661814237952766,0.6813655131783671,0.019551275225601183,0.661814237952766,0.6428988145600024,-0.01891542339276353,0.661814237952766,0.6604708025162221,-0.001343435436543805
4.0,1.0,5.0,1.0,4.0,4.0,5.0,3.0,4.0,3.0,2.0,5.0,0.0,0.0,0.0,0.0,0.0,0.0,0.0,0.0,0.0,0.0,0.0,0.0,0.0,0.0,0.0,0.0,0.0,0.0,0.0,0.0,0.0,0.0,0.0,0.0,0.0,0.0,0.0,0.0,,,,0.5912670657834848,0.5721083778834742,-0.019158687900010518,0.5912670657834848,0.6110708363631675,0.019803770579682745,0.5912670657834848,0.6125088819205584,0.021241816137073655,0.5912670657834848,0.5709637806031695,-0.02030328518031521,0.5912670657834848,0.5898170763683694,-0.0014499894151153159
4.0,1.0,7.0,1.0,2.0,2.0,3.0,2.0,0.0,7.0,5.0,7.0,0.0,1.0,0.0,0.0,0.0,0.0,1.0,0.0,0.0,0.0,0.0,0.0,1.0,0.0,0.0,0.0,0.0,0.0,0.0,1.0,0.0,0.0,0.0,0.0,0.0,0.0,0.0,0.0,0.4915889252474401,0.4492312749070443,-0.04235765034039579,0.4915889252474401,0.47193084134128294,-0.019658083906157142,0.4915889252474401,0.5122381434353404,0.020649218187900276,0.4915889252474401,0.5137508340742915,0.022161908826851373,,,,0.4915889252474401,0.4900902796301521,-0.0014986456172879636
3.0,1.0,7.0,1.0,4.0,4.0,3.0,4.0,5.0,4.0,3.0,3.0,0.0,0.0,0.0,0.0,0.0,0.0,1.0,0.0,0.0,0.0,0.0,1.0,0.0,0.0,0.0,0.0,0.0,0.0,0.0,0.0,0.0,0.0,0.0,0.0,0.0,0.0,0.0,0.0,0.689060961985604,0.6514918350349248,-0.037569126950679155,0.689060961985604,0.6719428674255213,-0.01711809456008262,0.689060961985604,0.7064786697988379,0.01741770781323393,0.689060961985604,0.707732673033787,0.018671711048182993,0.689060961985604,0.6709117094073532,-0.01814925257825073,0.689060961985604,0.6877747003874191,-0.0012862615981849013
7.0,1.0,7.0,1.0,4.0,5.0,3.0,5.0,10.0,9.0,5.0,8.0,0.0,0.0,0.0,0.0,0.0,0.0,0.0,0.0,0.0,0.0,0.0,1.0,0.0,0.0,0.0,0.0,0.0,0.0,0.0,0.0,0.0,0.0,1.0,0.0,0.0,0.0,0.0,0.0,0.6789898095046707,0.6408380986835506,-0.03815171082112012,,,,,,,0.6789898095046707,0.6980012327556191,0.0190114232509484,,,,0.6789898095046707,0.6776813742851995,-0.0013084352194712157
2.0,2.0,7.0,4.0,1.0,5.0,2.0,3.0,8.0,7.0,3.0,7.0,0.0,0.0,0.0,1.0,0.0,0.0,0.0,0.0,1.0,0.0,0.0,0.0,0.0,0.0,0.0,0.0,0.0,0.0,0.0,0.0,0.0,0.0,0.0,0.0,0.0,1.0,0.0,0.0,0.876434196068942,0.8567994913631314,-0.019634704705810635,0.876434196068942,0.8676502268368637,-0.008783969232078359,0.876434196068942,0.8851060167399303,0.008671820670988262,0.876434196068942,0.8857203211589133,0.009286125089971287,0.876434196068942,0.8671125652026178,-0.009321630866324204,0.876434196068942,0.8757833132287455,-0.0006508828401965427
5.0,1.0,6.0,1.0,2.0,5.0,2.0,3.0,8.0,6.0,4.0,10.0,1.0,0.0,0.0,0.0,0.0,0.0,1.0,0.0,0.0,0.0,0.0,0.0,1.0,0.0,0.0,0.0,0.0,0.0,0.0,1.0,0.0,0.0,0.0,0.0,0.0,0.0,0.0,0.0,0.7908783015359994,0.7613505329432335,-0.029527768592765846,0.7908783015359994,0.7775560199827254,-0.013322281553273974,0.7908783015359994,0.804213115004066,0.013334813468066642,0.7908783015359994,0.8051647229938712,0.014286421457871845,0.7908783015359994,0.776746532109911,-0.014131769426088403,,,
4.0,2.0,2.0,3.0,2.0,4.0,2.0,4.0,7.0,6.0,3.0,7.0,0.0,0.0,1.0,0.0,0.0,0.0,0.0,0.0,0.0,0.0,0.0,0.0,0.0,0.0,0.0,0.0,1.0,0.0,0.0,1.0,0.0,0.0,0.0,0.0,0.0,0.0,0.0,0.0,0.513518988685248,0.47102237668307606,-0.042496612002171974,0.513518988685248,0.4938357638219303,-0.01968322486331775,0.513518988685248,0.5341216227696177,0.020602634084369686,0.513518988685248,0.5356279715737995,0.022108982888551454,0.513518988685248,0.49266746025680425,-0.02085152842844379,0.513518988685248,0.5120208177447813,-0.001498170940466781
7.0,6.0,10.0,3.0,1.0,4.0,2.0,4.0,9.0,8.0,4.0,5.0,1.0,0.0,0.0,0.0,0.0,0.0,0.0,0.0,0.0,0.0,0.0,1.0,0.0,0.0,0.0,0.0,0.0,0.0,0.0,0.0,0.0,0.0,1.0,0.0,0.0,0.0,0.0,0.0,0.6552519075821004,0.6158750242225334,-0.039376883359567016,0.6552519075821004,0.6372523778485776,-0.017999529733522812,0.6552519075821004,0.6736665614041802,0.01841465382207985,0.6552519075821004,0.6749962583981801,0.019744350816079725,0.6552519075821004,0.63617122036337,-0.019080687218730352,0.6552519075821004,0.6538960363898979,-0.0013558711922024846
5.0,1.0,5.0,1.0,1.0,4.0,3.0,4.0,3.0,7.0,1.0,7.0,1.0,0.0,0.0,0.0,0.0,0.0,1.0,0.0,0.0,0.0,0.0,0.0,1.0,0.0,0.0,0.0,0.0,0.0,0.0,0.0,0.0,0.0,0.0,0.0,0.0,0.0,0.0,0.0,0.7708032632403268,0.739375021873751,-0.03142824136657574,0.7708032632403268,0.756595683205902,-0.014207580034424794,0.7708032632403268,0.7850702964481252,0.01426703320779843,0.7708032632403268,0.7860901987344597,0.015286935494132958,0.7708032632403268,0.7557338811295641,-0.015069382110762697,0.7708032632403268,0.7697421504348481,-0.0010611128054787144
6.0,1.0,9.0,4.0,1.0,4.0,2.0,3.0,6.0,6.0,3.0,6.0,1.0,0.0,0.0,0.0,0.0,0.0,1.0,0.0,0.0,0.0,0.0,1.0,0.0,0.0,0.0,0.0,0.0,0.0,0.0,0.0,0.0,0.0,0.0,0.0,0.0,0.0,0.0,0.0,0.7680147011508035,0.7363348806021289,-0.031679820548674575,0.7680147011508035,0.7536894992800979,-0.014325201870705628,0.7680147011508035,0.7824063153284507,0.014391614177647227,0.7680147011508035,0.7834353717963386,0.015420670645535095,0.7680147011508035,0.7528207691465676,-0.01519393200423591,0.7680147011508035,0.7669445815855738,-0.0010701195652297324
7.0,1.0,10.0,1.0,2.0,3.0,2.0,3.0,8.0,8.0,4.0,8.0,0.0,0.0,0.0,0.0,0.0,0.0,0.0,0.0,0.0,0.0,0.0,1.0,0.0,0.0,0.0,0.0,0.0,0.0,0.0,0.0,0.0,0.0,1.0,0.0,0.0,0.0,0.0,0.0,0.8352791143671852,0.810518662684486,-0.024760451682699136,0.8352791143671852,0.8241565177155623,-0.011122596651622851,0.8352791143671852,0.8463327852553203,0.011053670888135136,0.8352791143671852,0.8471185909592187,0.011839476592033549,0.8352791143671852,0.8234781132416332,-0.011801001125551935,0.8352791143671852,0.8344523950395938,-0.0008267193275913742
6.0,1.0,6.0,1.0,1.0,3.0,2.0,4.0,8.0,8.0,4.0,8.0,0.0,0.0,0.0,0.0,0.0,0.0,0.0,0.0,0.0,0.0,0.0,0.0,0.0,1.0,0.0,0.0,0.0,0.0,0.0,0.0,0.0,0.0,0.0,0.0,0.0,0.0,0.0,0.0,0.8514798049413089,0.8286550477523343,-0.022824757188974587,0.8514798049413089,0.8412432242928832,-0.010236580648425697,0.8514798049413089,0.8616264207076265,0.01014661576631759,0.8514798049413089,0.8623467396654553,0.010866934724146349,0.8514798049413089,0.8406179921194188,-0.010861812821890138,0.8514798049413089,0.8507198638271929,-0.0007599411141160362
5.0,1.0,1.0,1.0,4.0,5.0,3.0,3.0,4.0,7.0,3.0,8.0,0.0,0.0,1.0,0.0,0.0,0.0,1.0,0.0,0.0,0.0,0.0,0.0,0.0,0.0,0.0,0.0,0.0,0.0,0.0,0.0,0.0,0.0,0.0,0.0,0.0,0.0,0.0,0.0,0.38853970328944437,0.34896669073857733,-0.03957301255086704,0.38853970328944437,0.3700034539361496,-0.018536249353294787,0.38853970328944437,0.40833689463213013,0.01979719134268576,0.38853970328944437,0.40980054303262287,0.021260839743178495,0.38853970328944437,0.36891458811848377,-0.019625115170960605,0.38853970328944437,0.38711600734003104,-0.0014236959494133283
6.0,3.0,7.0,2.0,3.0,5.0,3.0,3.0,5.0,8.0,5.0,8.0,0.0,0.0,0.0,0.0,0.0,0.0,1.0,0.0,0.0,0.0,0.0,0.0,0.0,1.0,0.0,0.0,0.0,0.0,0.0,0.0,0.0,0.0,0.0,0.0,0.0,0.0,0.0,0.0,0.6187215211735252,0.5778602398680841,-0.04086128130544109,0.6187215211735252,0.599979077247346,-0.018742443926179186,0.6187215211735252,0.6380094731337598,0.019287951960234584,0.6187215211735252,0.6394066909869519,0.020685169813426718,,,,0.6187215211735252,0.6173058885290571,-0.00141563264446809
3.0,1.0,2.0,1.0,1.0,4.0,1.0,3.0,8.0,8.0,3.0,9.0,0.0,0.0,0.0,0.0,0.0,0.0,1.0,0.0,0.0,0.0,0.0,0.0,0.0,0.0,0.0,0.0,0.0,0.0,0.0,0.0,0.0,0.0,0.0,0.0,0.0,0.0,0.0,0.0,0.9206604675380784,0.9073101292264633,-0.01335033831161514,0.9206604675380784,0.9147144933516613,-0.005945974186417069,0.9206604675380784,0.9264888295735025,0.0058283620354241394,0.9206604675380784,0.9269001459795311,0.0062396784414526785,0.9206604675380784,0.9143491529788657,-0.006311314559212744,0.9206604675380784,0.9202213408882057,-0.0004391266498726676
6.0,4.0,2.0,3.0,1.0,4.0,2.0,4.0,8.0,6.0,4.0,8.0,0.0,1.0,0.0,0.0,0.0,0.0,1.0,0.0,0.0,0.0,0.0,1.0,0.0,0.0,0.0,0.0,0.0,0.0,0.0,0.0,0.0,0.0,1.0,0.0,0.0,0.0,0.0,0.0,0.46549266437004866,0.42351050858145073,-0.04198215578859793,0.46549266437004866,0.4459627612972955,-0.019529903072753152,0.46549266437004866,0.4860937646592209,0.020601100289172225,0.46549266437004866,0.48760643069608234,0.02211376632603368,0.46549266437004866,0.44480818644322745,-0.02068447792682121,0.46549266437004866,0.46400096806710744,-0.0014916963029412145
4.0,1.0,2.0,1.0,2.0,3.0,3.0,3.0,9.0,9.0,4.0,8.0,0.0,1.0,0.0,0.0,0.0,0.0,0.0,0.0,0.0,0.0,0.0,0.0,0.0,0.0,0.0,1.0,0.0,0.0,0.0,0.0,0.0,0.0,0.0,0.0,0.0,0.0,0.0,0.0,0.5028800270417729,0.46043056120569564,-0.04244946583607728,0.5028800270417729,0.48319955285805727,-0.019680474183715657,0.5028800270417729,0.5235151550306137,0.020635127988840818,0.5028800270417729,0.5250253014921177,0.022145274450344754,0.5028800270417729,0.4820324489528178,-0.0208475780889551,0.5028800270417729,0.5013809054496828,-0.0014991215920900913
2.0,1.0,3.0,2.0,2.0,5.0,2.0,4.0,4.0,6.0,4.0,8.0,0.0,0.0,0.0,1.0,0.0,0.0,1.0,0.0,0.0,0.0,0.0,1.0,0.0,0.0,0.0,0.0,0.0,0.0,0.0,0.0,0.0,0.0,0.0,0.0,0.0,0.0,0.0,0.0,0.6840595747567,0.6461964344530086,-0.03786314030369142,0.6840595747567,0.666799282527365,-0.017260292229335006,0.6840595747567,0.7016361331361339,0.01757655837943395,0.6840595747567,0.7029021247460423,0.018842549989342317,0.6840595747567,0.6657599991222913,-0.01829957563440865,0.6840595747567,0.6827621490700766,-0.001297425686623388
4.0,1.0,10.0,1.0,1.0,1.0,1.0,4.0,8.0,8.0,4.0,8.0,0.0,0.0,0.0,0.0,0.0,0.0,0.0,0.0,0.0,0.0,0.0,1.0,0.0,0.0,0.0,0.0,0.0,0.0,0.0,0.0,0.0,0.0,0.0,0.0,0.0,0.0,0.0,0.0,0.8959039470154094,0.8789356515267632,-0.0169682954886462,0.8959039470154094,0.8883276798753222,-0.0075762671400871895,0.8959039470154094,0.9033600489867321,0.007456101971322626,0.8959039470154094,0.9038873526095413,0.00798340559413191,0.8959039470154094,0.8878631625212613,-0.008040784494148134,0.8959039470154094,0.8953433745735467,-0.0005605724418626945
6.0,3.0,3.0,2.0,3.0,3.0,4.0,2.0,4.0,4.0,4.0,4.0,1.0,0.0,0.0,0.0,0.0,0.0,0.0,0.0,0.0,0.0,0.0,1.0,0.0,0.0,0.0,0.0,0.0,0.0,0.0,0.0,0.0,0.0,0.0,0.0,0.0,0.0,0.0,0.0,0.38738835066410277,0.3478658903052059,-0.03952246035889684,0.38738835066410277,0.36887389310595864,-0.018514457558144126,0.38738835066410277,0.4071659416202565,0.019777590956153723,0.38738835066410277,0.4086282915958896,0.021239940931786827,0.38738835066410277,0.36778641082127317,-0.019601939842829597,0.38738835066410277,0.38596621052660973,-0.0014221401374930331
3.0,1.0,6.0,1.0,2.0,4.0,2.0,4.0,5.0,5.0,3.0,6.0,0.0,0.0,1.0,0.0,0.0,0.0,1.0,0.0,0.0,0.0,0.0,0.0,0.0,0.0,0.0,0.0,0.0,1.0,0.0,0.0,0.0,0.0,0.0,0.0,0.0,0.0,0.0,0.0,0.6572171228602006,0.6179338230076424,-0.039283299852558184,0.6572171228602006,0.6392637110195011,-0.01795341184069954,0.6572171228602006,0.6755787774828802,0.01836165462267958,0.6572171228602006,0.676904419773878,0.019687296913677432,0.6572171228602006,0.6381851446096264,-0.019031978250574233,0.6572171228602006,0.6558649214638321,-0.001352201396368491
6.0,2.0,6.0,1.0,4.0,5.0,3.0,3.0,8.0,8.0,3.0,5.0,0.0,0.0,0.0,0.0,0.0,0.0,1.0,0.0,0.0,0.0,1.0,0.0,0.0,0.0,0.0,0.0,0.0,0.0,0.0,0.0,0.0,0.0,1.0,0.0,0.0,0.0,0.0,0.0,0.722767888932478,0.6874239408732414,-0.035343948059236574,0.722767888932478,0.7067156338274653,-0.016052255105012736,0.722767888932478,0.7390126030621796,0.016244714129701632,0.722767888932478,0.7401787301432126,0.01741084121073455,0.722767888932478,0.7057459109298522,-0.017021978002625837,0.722767888932478,0.7215647198054236,-0.0012031691270544265
3.0,1.0,3.0,1.0,2.0,5.0,2.0,3.0,7.0,8.0,3.0,8.0,0.0,0.0,0.0,0.0,0.0,0.0,1.0,0.0,0.0,0.0,0.0,0.0,0.0,0.0,0.0,0.0,0.0,0.0,0.0,0.0,0.0,0.0,0.0,0.0,0.0,0.0,0.0,0.0,0.8863769794840616,0.868084391492165,-0.01829258799189659,0.8863769794840616,0.87820159150355,-0.00817538798051154,0.8863769794840616,0.8944350644607812,0.00805808497671967,0.8863769794840616,0.895005406113473,0.008628426629411434,0.8863769794840616,0.8777007521446353,-0.008676227339426301,0.8863769794840616,0.8857716442398914,-0.0006053352441701687
6.0,1.0,8.0,1.0,1.0,4.0,3.0,4.0,8.0,8.0,3.0,6.0,0.0,0.0,0.0,0.0,0.0,0.0,0.0,0.0,0.0,0.0,0.0,0.0,0.0,0.0,0.0,0.0,0.0,0.0,0.0,0.0,0.0,0.0,0.0,0.0,0.0,0.0,0.0,0.0,0.8734174712469884,0.8533835974500618,-0.02003387379692667,0.8734174712469884,0.8644522175787631,-0.008965253668225315,0.8734174712469884,0.8822725665376029,0.008855095290614456,0.8734174712469884,0.8829000162800191,0.009482545033030698,0.8734174712469884,0.8639036020850152,-0.009513869161973276,0.8734174712469884,0.8727530049203132,-0.0006644663266752726
4.0,1.0,7.0,1.0,1.0,4.0,2.0,4.0,8.0,8.0,5.0,8.0,0.0,0.0,0.0,0.0,0.0,0.0,1.0,0.0,0.0,0.0,0.0,0.0,1.0,0.0,0.0,0.0,0.0,0.0,0.0,1.0,0.0,0.0,0.0,0.0,0.0,0.0,0.0,0.0,0.8853754825849903,0.8669458628760526,-0.01842961970893775,0.8853754825849903,0.8771380233163929,-0.008237459268597425,0.8853754825849903,0.8934960590056513,0.008120576420660996,0.8853754825849903,0.8940708730483629,0.008695390463372532,,,,0.8853754825849903,0.8847655054448695,-0.0006099771401207876
5.0,1.0,3.0,1.0,2.0,4.0,2.0,4.0,10.0,8.0,4.0,8.0,1.0,0.0,0.0,0.0,0.0,0.0,1.0,0.0,0.0,0.0,0.0,0.0,1.0,0.0,0.0,0.0,0.0,0.0,0.0,0.0,0.0,0.0,0.0,0.0,0.0,0.0,0.0,0.0,0.7438188710597756,0.710082169623271,-0.033736701436504646,0.7438188710597756,0.7285276903536168,-0.015291180706158869,,,,0.7438188710597756,0.760346023614405,0.016527152554629332,0.7438188710597756,0.7276022893596316,-0.01621658170014406,0.7438188710597756,0.742674535153786,-0.001144335905989613
4.0,1.0,5.0,1.0,1.0,4.0,3.0,4.0,8.0,8.0,5.0,7.0,0.0,0.0,0.0,0.0,0.0,0.0,1.0,0.0,0.0,0.0,0.0,0.0,1.0,0.0,0.0,0.0,0.0,0.0,0.0,0.0,0.0,0.0,0.0,0.0,0.0,0.0,0.0,0.0,0.8461487395392505,0.8226753178171632,-0.02347342172208733,0.8461487395392505,0.8356156579056736,-0.010533081633576913,0.8461487395392505,0.8565982254621303,0.010449485922879753,0.8461487395392505,0.8573403854761166,0.011191645936866057,,,,0.8461487395392505,0.8453664744734234,-0.0007822650658271257
3.0,1.0,6.0,1.0,2.0,4.0,3.0,2.0,5.0,7.0,4.0,7.0,0.0,0.0,0.0,0.0,0.0,0.0,1.0,0.0,0.0,0.0,0.0,0.0,0.0,0.0,0.0,0.0,0.0,0.0,0.0,0.0,0.0,0.0,0.0,0.0,0.0,0.0,0.0,0.0,0.8486526582531384,0.8254824718102658,-0.02317018644287261,0.8486526582531384,0.8382582337893961,-0.01039442446374228,0.8486526582531384,0.8589604265916045,0.010307768338466139,0.8486526582531384,0.8596923637559307,0.011039705502792319,0.8486526582531384,0.8376235149205907,-0.011029143332547675,0.8486526582531384,0.8478808356845571,-0.0007718225685813263
5.0,1.0,7.0,3.0,1.0,5.0,2.0,3.0,7.0,8.0,3.0,8.0,0.0,1.0,0.0,0.0,0.0,0.0,0.0,0.0,0.0,0.0,0.0,0.0,0.0,0.0,0.0,0.0,0.0,0.0,0.0,0.0,0.0,0.0,0.0,0.0,0.0,0.0,0.0,0.0,0.7661418011433311,0.7342947026762032,-0.031847098467127855,0.7661418011433311,0.7517383316077259,-0.014403469535605229,0.7661418011433311,0.7806164146414457,0.01447461349811463,0.7661418011433311,0.781651573685174,0.015509772541842937,0.7661418011433311,0.7508649945383459,-0.015276806604985205,0.7661418011433311,0.765065684915668,-0.0010761162276631264
2.0,1.0,4.0,1.0,1.0,5.0,2.0,4.0,8.0,8.0,3.0,8.0,0.0,0.0,0.0,0.0,0.0,0.0,0.0,0.0,0.0,0.0,0.0,1.0,0.0,0.0,0.0,0.0,0.0,0.0,0.0,0.0,0.0,0.0,0.0,0.0,0.0,0.0,0.0,0.0,0.9370185902038352,0.9262001635212742,-0.010818426682560944,0.9370185902038352,0.9322082792035674,-0.004810311000267742,0.9370185902038352,0.9417213357846766,0.004702745580841494,0.9370185902038352,0.9420527526124828,0.005034162408647624,0.9370185902038352,0.9319122994062097,-0.005106290797625479,0.9370185902038352,0.9366637735806164,-0.00035481662321878993
2.0,2.0,3.0,2.0,3.0,3.0,3.0,2.0,5.0,5.0,2.0,5.0,1.0,0.0,0.0,0.0,0.0,0.0,1.0,0.0,0.0,0.0,0.0,0.0,0.0,0.0,0.0,0.0,1.0,0.0,0.0,1.0,0.0,0.0,0.0,0.0,0.0,0.0,0.0,0.0,0.6049756687760881,0.5636801024578585,-0.041295566318229615,0.6049756687760881,0.5860096389926968,-0.018966029783391347,0.6049756687760881,0.6245370143496441,0.019561345573556044,0.6049756687760881,0.6259557468072602,0.020980078031172078,0.6049756687760881,0.5848752452123663,-0.02010042356372177,0.6049756687760881,0.603541702337971,-0.0014339664381171069
4.0,1.0,3.0,1.0,2.0,4.0,2.0,3.0,8.0,8.0,4.0,8.0,0.0,0.0,0.0,0.0,0.0,0.0,1.0,0.0,0.0,0.0,0.0,1.0,0.0,0.0,0.0,0.0,0.0,0.0,0.0,0.0,0.0,0.0,0.0,0.0,0.0,0.0,0.0,0.0,0.8469460300022132,0.8235688884683037,-0.023377141533909573,0.8469460300022132,0.8364569829805893,-0.010489047021623898,0.8469460300022132,0.8573504936588037,0.010404463656590424,0.8469460300022132,0.8580894053825788,0.011143375380365583,0.8469460300022132,0.8358165799858789,-0.011129450016334363,0.8469460300022132,0.8461670817952434,-0.0007789482069698872
2.0,1.0,1.0,3.0,2.0,3.0,1.0,2.0,4.0,4.0,1.0,2.0,1.0,0.0,0.0,0.0,0.0,0.0,0.0,0.0,0.0,0.0,0.0,0.0,0.0,0.0,0.0,0.0,1.0,0.0,0.0,1.0,0.0,0.0,0.0,0.0,0.0,0.0,0.0,0.0,0.7821031534404763,0.7517253064058552,-0.030377847034621097,0.7821031534404763,0.7683855589198163,-0.013717594520660015,0.7821031534404763,0.7958530852885152,0.013749931848038854,0.7821031534404763,0.7968350615752318,0.014731908134755445,0.7821031534404763,0.767552675549604,-0.014550477890872271,0.7821031534404763,0.7810794974315961,-0.0010236560088802138
5.0,2.0,7.0,1.0,4.0,4.0,3.0,3.0,0.0,0.0,2.0,3.0,1.0,0.0,0.0,0.0,0.0,0.0,1.0,0.0,0.0,0.0,0.0,0.0,0.0,0.0,0.0,0.0,0.0,0.0,0.0,1.0,0.0,0.0,0.0,0.0,0.0,0.0,0.0,0.0,0.4459965161044811,0.404442226391319,-0.04155428971316211,0.4459965161044811,0.42663169733227496,-0.019364818772206138,0.4459965161044811,0.4664878153954354,0.02049129929095428,0.4459965161044811,0.46799503081512395,0.021998514710642847,0.4459965161044811,0.42548873448625363,-0.020507781618227472,0.4459965161044811,0.4445153386115359,-0.0014811774929451849
7.0,6.0,7.0,2.0,4.0,3.0,3.0,2.0,6.0,7.0,2.0,5.0,0.0,0.0,0.0,0.0,0.0,0.0,1.0,0.0,0.0,0.0,0.0,0.0,0.0,0.0,0.0,0.0,0.0,0.0,0.0,0.0,0.0,0.0,1.0,0.0,0.0,0.0,0.0,0.0,0.39563540781885786,0.3557601761724667,-0.039875231646391174,0.39563540781885786,0.3769693389992644,-0.018666068819593484,0.39563540781885786,0.41554843852447043,0.019913030705612567,0.39563540781885786,0.41701971691643175,0.021384309097573884,0.39563540781885786,0.3758722041816538,-0.019763203637204074,0.39563540781885786,0.39420247372967315,-0.001432934089184712
5.0,1.0,4.0,2.0,1.0,5.0,1.0,4.0,6.0,3.0,3.0,8.0,0.0,0.0,0.0,0.0,0.0,0.0,0.0,0.0,0.0,0.0,0.0,0.0,1.0,0.0,0.0,0.0,0.0,0.0,0.0,0.0,0.0,0.0,0.0,0.0,0.0,0.0,0.0,0.0,0.8720345832000949,0.8518189755078398,-0.020215607692255055,0.8720345832000949,0.8629867504153488,-0.00904783278474608,0.8720345832000949,0.8809732351271048,0.008938651927009933,0.8720345832000949,0.8816066806143623,0.009572097414267455,0.8720345832000949,0.8624331474931816,-0.009601435706913297,0.8720345832000949,0.8713639268373681,-0.0006706563627267847
4.0,5.0,5.0,2.0,1.0,5.0,2.0,4.0,6.0,8.0,4.0,7.0,0.0,0.0,0.0,0.0,0.0,0.0,0.0,0.0,0.0,0.0,0.0,0.0,1.0,0.0,0.0,0.0,0.0,0.0,0.0,0.0,0.0,0.0,0.0,0.0,0.0,0.0,0.0,0.0,0.8029930131546404,0.7746885048121658,-0.028304508342474666,0.8029930131546404,0.7902378135846078,-0.012755199570032683,0.8029930131546404,0.8157353060747555,0.012742292920115084,0.8029930131546404,0.8166436796240767,0.013650666469436246,0.8029930131546404,0.7894619796217152,-0.013531033532925285,0.8029930131546404,0.8020426557739645,-0.000950357380675948
6.0,1.0,3.0,1.0,2.0,4.0,3.0,3.0,6.0,7.0,3.0,7.0,0.0,0.0,0.0,1.0,0.0,0.0,0.0,0.0,0.0,0.0,0.0,0.0,0.0,0.0,0.0,0.0,0.0,0.0,0.0,0.0,1.0,0.0,0.0,0.0,0.0,0.0,0.0,0.0,0.7442924178226465,0.7105938143362678,-0.033698603486378764,0.7442924178226465,0.7290192052103244,-0.015273212612322173,0.7442924178226465,0.7596952184860792,0.015402800663432692,0.7442924178226465,0.7607988446836597,0.016506426861013113,0.7442924178226465,0.7280948543688135,-0.016197563453833053,0.7442924178226465,0.743149466766845,-0.0011429510558015332
5.0,1.0,2.0,1.0,1.0,4.0,2.0,2.0,6.0,8.0,4.0,8.0,0.0,0.0,0.0,0.0,0.0,0.0,0.0,0.0,0.0,0.0,0.0,1.0,0.0,0.0,0.0,0.0,0.0,0.0,0.0,0.0,0.0,0.0,0.0,0.0,0.0,0.0,0.0,0.0,0.8844243300574572,0.865864950454356,-0.018559379603101278,0.8844243300574572,0.8761280798529242,-0.008296250204533062,0.8844243300574572,0.8926041171816498,0.008179787124192539,0.8844243300574572,0.8931831696372529,0.008758839579795619,0.8844243300574572,0.875619921731999,-0.008804408325458257,0.8844243300574572,0.8838099555801571,-0.0006143744773001725
4.0,2.0,6.0,1.0,2.0,4.0,2.0,3.0,5.0,5.0,3.0,5.0,0.0,1.0,0.0,0.0,0.0,0.0,1.0,0.0,0.0,1.0,0.0,0.0,0.0,0.0,0.0,0.0,0.0,0.0,0.0,1.0,0.0,0.0,0.0,0.0,0.0,0.0,0.0,0.0,0.5754738987656531,0.5334725398721694,-0.042001358893483776,0.5754738987656531,0.5561306657867325,-0.0193432329789206,0.5754738987656531,0.5955194041628968,0.0200455053972437,0.5754738987656531,0.5969770266340739,0.02150312786842079,0.5754738987656531,0.5549765745039522,-0.020497324261700922,0.5754738987656531,0.5740082483779472,-0.0014656503877059635
6.0,2.0,5.0,2.0,1.0,4.0,1.0,2.0,8.0,8.0,3.0,8.0,0.0,0.0,0.0,0.0,0.0,0.0,1.0,0.0,0.0,0.0,0.0,0.0,0.0,1.0,0.0,0.0,0.0,0.0,0.0,0.0,0.0,0.0,0.0,0.0,0.0,0.0,0.0,0.0,0.868645688844358,0.8479880380190202,-0.02065765082533777,0.868645688844358,0.8593968774170957,-0.009248811427262305,0.868645688844358,0.8777878865890232,0.009142197744665181,0.868645688844358,0.8784359449188234,0.009790256074465375,0.868645688844358,0.8588311423271686,-0.009814546517189382,0.868645688844358,0.8679599608499161,-0.000685727994441887
3.0,1.0,6.0,1.0,1.0,4.0,2.0,5.0,9.0,7.0,4.0,9.0,0.0,1.0,0.0,0.0,0.0,0.0,0.0,0.0,0.0,0.0,0.0,0.0,0.0,0.0,0.0,0.0,0.0,0.0,0.0,0.0,0.0,0.0,0.0,0.0,0.0,0.0,0.0,0.0,0.7863020580015754,0.7563272132976628,-0.02997484470391254,,,,0.7863020580015754,0.7998548323965965,0.013552774395021117,0.7863020580015754,0.8008223771294898,0.014520319127914405,0.7863020580015754,0.7719502124129446,-0.014351845588630785,0.7863020580015754,0.7852927127042704,-0.0010093452973050088
6.0,1.0,9.0,1.0,2.0,4.0,2.0,4.0,8.0,9.0,5.0,9.0,0.0,0.0,0.0,0.0,0.0,0.0,1.0,0.0,0.0,0.0,0.0,0.0,0.0,1.0,0.0,0.0,0.0,0.0,0.0,0.0,0.0,0.0,1.0,0.0,0.0,0.0,0.0,0.0,0.8284914034806771,0.8029513386936764,-0.02554006478700066,0.8284914034806771,0.8170108835442762,-0.011480519936400868,0.8284914034806771,0.8399132687095823,0.011421865228905204,0.8284914034806771,0.8407257238995134,0.01223432041883632,,,,0.8284914034806771,0.8276376470513062,-0.000853756429370911
4.0,1.0,3.0,1.0,3.0,5.0,2.0,2.0,9.0,9.0,4.0,9.0,0.0,0.0,1.0,0.0,0.0,0.0,1.0,0.0,0.0,0.0,0.0,0.0,0.0,0.0,0.0,0.0,0.0,0.0,1.0,0.0,0.0,0.0,0.0,1.0,0.0,0.0,0.0,0.0,0.4113643251774987,0.3708766411055499,-0.040487684071948804,0.4113643251774987,0.39243803501641733,-0.018926290161081383,0.4113643251774987,0.43150378827679575,0.02013946309929704,0.4113643251774987,0.4329897064396068,0.021625381262108112,0.4113643251774987,0.3913241570753692,-0.020040168102129496,0.4113643251774987,0.409913061941681,-0.0014512632358177346
3.0,1.0,3.0,1.0,1.0,4.0,2.0,4.0,9.0,8.0,3.0,6.0,1.0,0.0,0.0,0.0,0.0,0.0,1.0,0.0,1.0,0.0,0.0,0.0,0.0,0.0,0.0,0.0,0.0,0.0,0.0,0.0,0.0,0.0,0.0,0.0,0.0,0.0,0.0,0.0,0.8918230688684861,0.8742829100663908,-0.01754015880209525,0.8918230688684861,0.8839882498072316,-0.007834819061254494,0.8918230688684861,0.899538695494943,0.007715626626456973,0.8918230688684861,0.9000845436686326,0.008261474800146495,0.8918230688684861,0.8835080490328412,-0.008315019835644866,0.8918230688684861,0.891243188058183,-0.000579880810303024
2.0,2.0,2.0,4.0,2.0,4.0,2.0,4.0,5.0,6.0,2.0,5.0,1.0,0.0,0.0,0.0,0.0,0.0,0.0,1.0,0.0,0.0,0.0,0.0,0.0,0.0,0.0,0.0,1.0,0.0,0.0,0.0,0.0,0.0,0.0,0.0,0.0,1.0,0.0,0.0,0.8193977034645197,0.7928420602596871,-0.026555643204832613,0.8193977034645197,0.807449937799815,-0.01194776566470468,0.8193977034645197,0.8313018624436026,0.011904158979082924,0.8193977034645197,0.8321492874550843,0.012751583990564641,0.8193977034645197,0.8067221948015462,-0.012675508662973511,0.8193977034645197,0.818508595767517,-0.0008891076970026779
4.0,1.0,6.0,1.0,1.0,3.0,1.0,3.0,9.0,8.0,4.0,7.0,0.0,0.0,0.0,0.0,1.0,0.0,0.0,0.0,0.0,0.0,0.0,0.0,1.0,0.0,0.0,0.0,0.0,0.0,0.0,0.0,0.0,0.0,0.0,0.0,0.0,0.0,0.0,0.0,0.9004088508115482,0.8840798684441846,-0.016328982367363576,0.9004088508115482,0.8931213429920989,-0.007287507819449313,0.9004088508115482,0.9075755674899755,0.007166716678427276,0.9004088508115482,0.908082210091008,0.007673359279459779,0.9004088508115482,0.8926743564844878,-0.007734494327060415,0.9004088508115482,0.8998698265784271,-0.0005390242331211326
3.0,1.0,3.0,1.0,3.0,4.0,1.0,1.0,10.0,10.0,5.0,10.0,0.0,0.0,1.0,0.0,0.0,0.0,1.0,0.0,0.0,0.0,0.0,0.0,0.0,0.0,0.0,0.0,0.0,0.0,0.0,0.0,0.0,0.0,0.0,0.0,0.0,0.0,0.0,0.0,0.7215582440609786,0.6861270506489621,-0.035431193412016504,0.7215582440609786,0.7054644905837223,-0.01609375347725628,,,,,,,,,,,,
4.0,2.0,5.0,1.0,2.0,2.0,2.0,3.0,8.0,8.0,3.0,7.0,0.0,1.0,0.0,0.0,0.0,0.0,1.0,0.0,0.0,0.0,0.0,1.0,0.0,0.0,0.0,0.0,0.0,0.0,0.0,0.0,0.0,0.0,0.0,0.0,0.0,0.0,0.0,0.0,0.5934797495830689,0.5518726064586466,-0.041607143124422374,0.5934797495830689,0.5743501130906413,-0.019129636492427604,0.5934797495830689,0.6132464379270747,0.019766688344005745,0.5934797495830689,0.6146815116664159,0.02120176208334701,0.5934797495830689,0.5732070389391131,-0.02027271064395586,0.5934797495830689,0.5920321936131854,-0.0014475559698835516
4.0,1.0,10.0,2.0,1.0,4.0,2.0,3.0,8.0,7.0,4.0,9.0,0.0,0.0,0.0,1.0,0.0,0.0,1.0,0.0,0.0,0.0,0.0,0.0,1.0,0.0,0.0,0.0,0.0,0.0,0.0,0.0,0.0,0.0,0.0,1.0,0.0,0.0,0.0,0.0,0.7318931047787943,0.6972251742249898,-0.03466793055380457,0.7318931047787943,0.7161617215820294,-0.015731383196764925,0.7318931047787943,0.7477897015968973,0.01589659681810296,0.7318931047787943,0.7489299349753562,0.01703683019656188,0.7318931047787943,0.7152106454104632,-0.016682459368331126,0.7318931047787943,0.7307147834630954,-0.0011783213156989492
6.0,3.0,2.0,1.0,2.0,5.0,3.0,2.0,3.0,3.0,1.0,1.0,0.0,0.0,0.0,0.0,0.0,0.0,1.0,0.0,0.0,0.0,1.0,0.0,0.0,0.0,0.0,0.0,0.0,0.0,0.0,1.0,0.0,0.0,0.0,0.0,0.0,0.0,0.0,0.0,0.7594061193777193,0.7269686378764646,-0.032437481501254695,0.7594061193777193,0.7447260222670514,-0.014680097110667867,0.7594061193777193,0.7741747516414528,0.014768632263733483,0.7594061193777193,0.7752315537766532,0.015825434398933913,0.7594061193777193,0.7438364231297719,-0.015569696247947351,0.7594061193777193,0.7583087861704917,-0.001097333207227602
3.0,1.0,5.0,1.0,2.0,4.0,3.0,3.0,7.0,8.0,3.0,5.0,1.0,0.0,0.0,0.0,0.0,0.0,1.0,0.0,0.0,0.0,0.0,1.0,0.0,0.0,0.0,0.0,0.0,0.0,0.0,0.0,0.0,0.0,0.0,0.0,0.0,0.0,0.0,0.0,0.8031345813703943,0.7748447094144085,-0.028289871955985757,0.8031345813703943,0.7903861549694359,-0.012748426400958413,0.8031345813703943,0.8158698173842726,0.01273523601387827,0.8031345813703943,0.8167776767699853,0.013643095399590965,0.8031345813703943,0.7896107235944024,-0.013523857775991854,0.8031345813703943,0.8021847386756161,-0.000949842694778158
2.0,2.0,3.0,4.0,1.0,5.0,2.0,2.0,0.0,2.0,2.0,7.0,1.0,0.0,0.0,0.0,0.0,0.0,1.0,0.0,1.0,0.0,0.0,0.0,0.0,0.0,0.0,0.0,0.0,0.0,0.0,0.0,0.0,0.0,0.0,0.0,0.0,1.0,0.0,0.0,0.857856541339152,0.8358228138074304,-0.022033727531721614,0.857856541339152,0.8479810020025103,-0.009875539336641759,0.857856541339152,0.8676352330471508,0.009778691707998832,0.857856541339152,0.8683290525054118,0.010472511166259801,0.857856541339152,0.8473774910498695,-0.010479050289282532,0.857856541339152,0.8571237534783792,-0.0007327878607727989
2.0,1.0,5.0,1.0,1.0,4.0,2.0,4.0,8.0,7.0,2.0,7.0,0.0,1.0,0.0,0.0,0.0,0.0,0.0,0.0,0.0,0.0,0.0,1.0,0.0,0.0,0.0,0.0,0.0,0.0,0.0,0.0,0.0,0.0,0.0,0.0,0.0,0.0,0.0,0.0,0.832820384598794,0.8077753971526869,-0.02504498744610717,0.832820384598794,0.8215672308502403,-0.011253153748553735,0.832820384598794,0.844008236345275,0.011187851746480959,0.832820384598794,0.8448037492794426,0.011983364680648534,0.832820384598794,0.8208810079764268,-0.011939376622367215,0.832820384598794,0.83198380734433,-0.0008365772544640659
4.0,1.0,4.0,1.0,2.0,5.0,2.0,4.0,8.0,8.0,5.0,7.0,1.0,0.0,0.0,0.0,0.0,0.0,0.0,0.0,0.0,0.0,0.0,0.0,1.0,0.0,0.0,0.0,0.0,0.0,0.0,0.0,0.0,0.0,0.0,0.0,0.0,0.0,0.0,0.0,0.8039493963414651,0.7757439199537284,-0.02820547638773674,0.8039493963414651,0.7912400196729804,-0.012709376668484706,0.8039493963414651,0.8166439557436567,0.012694559402191552,0.8039493963414651,0.8175488517845869,0.0135994554431218,,,,0.8039493963414651,0.8030025206893721,-0.0009468756520930599
6.0,1.0,3.0,2.0,2.0,5.0,2.0,2.0,10.0,10.0,3.0,10.0,0.0,0.0,1.0,0.0,0.0,0.0,1.0,0.0,0.0,0.0,0.0,0.0,0.0,0.0,0.0,0.0,0.0,0.0,0.0,0.0,0.0,0.0,0.0,0.0,0.0,0.0,0.0,0.0,0.6817480315455997,0.6437521383501545,-0.03799589319544516,0.6817480315455997,0.6644234064931763,-0.01732462505242338,,,,,,,0.6817480315455997,0.6633804535860599,-0.018367577959539805,,,
5.0,1.0,9.0,1.0,1.0,3.0,2.0,4.0,8.0,8.0,3.0,6.0,1.0,0.0,0.0,0.0,0.0,0.0,0.0,0.0,0.0,0.0,0.0,0.0,1.0,0.0,0.0,0.0,0.0,0.0,0.0,0.0,0.0,0.0,0.0,0.0,0.0,0.0,0.0,0.0,0.8424181761970793,0.8184976657584175,-0.023920510438661724,0.8424181761970793,0.8316804960874584,-0.01073768010962084,0.8424181761970793,0.8530770439577521,0.010658867760672819,0.8424181761970793,0.8538343178915989,0.011416141694519655,0.8424181761970793,0.8310251676925537,-0.011393008504525515,0.8424181761970793,0.8416204932985858,-0.0007976828984934681
5.0,1.0,1.0,1.0,1.0,5.0,2.0,4.0,5.0,4.0,4.0,5.0,0.0,0.0,0.0,0.0,0.0,0.0,0.0,0.0,0.0,1.0,0.0,0.0,0.0,0.0,0.0,0.0,0.0,0.0,0.0,0.0,1.0,0.0,0.0,0.0,0.0,0.0,0.0,0.0,0.9004461602921728,0.884122507936136,-0.016323652356036833,0.9004461602921728,0.8931610586240091,-0.007285101668163763,0.9004461602921728,0.9076104676162124,0.007164307324039609,0.9004461602921728,0.9081169382738149,0.007670777981642063,0.9004461602921728,0.8927142182621222,-0.007731942030050676,0.9004461602921728,0.8999073155442274,-0.0005388447479454106
4.0,3.0,6.0,2.0,2.0,2.0,2.0,4.0,5.0,5.0,5.0,5.0,0.0,1.0,0.0,0.0,0.0,0.0,1.0,0.0,0.0,1.0,0.0,0.0,0.0,0.0,0.0,0.0,0.0,0.0,0.0,0.0,0.0,0.0,0.0,1.0,0.0,0.0,0.0,0.0,0.31297247282022955,0.27760180215802555,-0.03537067066220401,0.31297247282022955,0.2962944167938944,-0.016678056026335153,0.31297247282022955,0.3310036296442824,0.018031156824052874,0.31297247282022955,0.3323457877686574,0.019373314948427867,,,,0.31297247282022955,0.3116845280508435,-0.0012879447693860402
6.0,1.0,2.0,2.0,2.0,3.0,2.0,4.0,8.0,8.0,3.0,9.0,0.0,0.0,0.0,0.0,0.0,0.0,1.0,0.0,0.0,0.0,0.0,0.0,0.0,0.0,0.0,0.0,0.0,0.0,0.0,1.0,0.0,0.0,0.0,0.0,0.0,0.0,0.0,0.0,0.7523783316339551,0.71934351844695,-0.033034813187005074,0.7523783316339551,0.7374176967783604,-0.014960634855594623,0.7523783316339551,0.767446251813938,0.01506792017998293,0.7523783316339551,0.7685251268875781,0.01614679525362306,0.7523783316339551,0.7365116399552479,-0.015866691678707134,0.7523783316339551,0.7512594440702572,-0.0011188875636978235
6.0,2.0,2.0,2.0,1.0,4.0,2.0,4.0,10.0,8.0,4.0,10.0,0.0,1.0,0.0,0.0,0.0,0.0,0.0,0.0,0.0,0.0,0.0,0.0,0.0,1.0,0.0,0.0,0.0,0.0,0.0,0.0,0.0,0.0,0.0,0.0,0.0,0.0,0.0,0.0,0.6237101903504099,0.5830232347480411,-0.04068695560236879,0.6237101903504099,0.6050564397055018,-0.01865375064490804,,,,0.6237101903504099,0.6442803158753462,0.02057012552493631,0.6237101903504099,0.6039389630668732,-0.01977122728353664,,,
5.0,1.0,3.0,3.0,2.0,4.0,3.0,3.0,6.0,7.0,4.0,7.0,0.0,1.0,0.0,0.0,0.0,0.0,0.0,0.0,0.0,0.0,0.0,0.0,0.0,1.0,0.0,0.0,0.0,0.0,0.0,0.0,0.0,0.0,0.0,0.0,0.0,0.0,0.0,0.0,0.5166904024949207,0.4741871580601538,-0.042503244434766885,0.5166904024949207,0.4970098085387933,-0.019680593956127423,0.5166904024949207,0.5372797502138816,0.020589347718960926,0.5166904024949207,0.5387847051947967,0.022094302699876,0.5166904024949207,0.49584135183114,-0.020849050663780733,0.5166904024949207,0.5151927776288221,-0.0014976248660986125
5.0,1.0,5.0,1.0,1.0,3.0,1.0,4.0,9.0,7.0,5.0,10.0,0.0,0.0,1.0,0.0,0.0,0.0,0.0,0.0,0.0,0.0,0.0,0.0,1.0,0.0,0.0,0.0,0.0,0.0,0.0,0.0,0.0,0.0,0.0,0.0,0.0,0.0,0.0,0.0,0.7106695341052438,0.6744778546867275,-0.03619167941851631,0.7106695341052438,0.6942131348655156,-0.016456399239728192,0.7106695341052438,0.72735574530504,0.016686211199796186,0.7106695341052438,0.7285548257874133,0.017885291682169457,,,,,,
5.0,1.0,10.0,3.0,2.0,4.0,2.0,3.0,6.0,6.0,4.0,8.0,0.0,0.0,0.0,0.0,0.0,0.0,1.0,0.0,0.0,0.0,0.0,0.0,1.0,0.0,0.0,0.0,0.0,0.0,0.0,1.0,0.0,0.0,0.0,0.0,0.0,0.0,0.0,0.0,0.8029865459213369,0.7746813691366663,-0.028305176784670594,0.8029865459213369,0.7902310370148231,-0.01275550890651378,0.8029865459213369,0.815729161147458,0.012742615226121079,0.8029865459213369,0.8166375581802922,0.013651012258955264,0.8029865459213369,0.7894551846657403,-0.013531361255596619,0.8029865459213369,0.8020361650341373,-0.0009503808871995645
4.0,1.0,8.0,2.0,2.0,4.0,2.0,3.0,10.0,10.0,5.0,10.0,0.0,0.0,0.0,0.0,0.0,0.0,1.0,0.0,0.0,1.0,0.0,0.0,0.0,0.0,0.0,0.0,0.0,0.0,0.0,0.0,0.0,0.0,0.0,1.0,0.0,0.0,0.0,0.0,0.8137699331096857,0.786602295002716,-0.02716763810696976,0.8137699331096857,0.8015400349508781,-0.012229898158807595,,,,,,,,,,,,
3.0,3.0,4.0,4.0,3.0,3.0,2.0,3.0,0.0,0.0,1.0,0.0,0.0,0.0,1.0,0.0,0.0,0.0,1.0,0.0,0.0,0.0,0.0,0.0,0.0,0.0,0.0,0.0,0.0,1.0,0.0,0.0,0.0,0.0,0.0,0.0,0.0,1.0,0.0,0.0,0.3656336491078661,0.32714542563912546,-0.038488223468740645,0.3656336491078661,0.3475690211643258,-0.0180646279435403,0.3656336491078661,0.3849985805078164,0.01936493139995027,0.3656336491078661,0.3864332118252395,0.020799562717373377,0.3656336491078661,0.3465098636720904,-0.019123785435775698,0.3656336491078661,0.36424388763543597,-0.00138976147243014
5.0,1.0,10.0,1.0,1.0,4.0,1.0,3.0,6.0,6.0,5.0,6.0,0.0,0.0,0.0,0.0,0.0,0.0,0.0,0.0,0.0,0.0,0.0,0.0,1.0,0.0,0.0,0.0,0.0,0.0,0.0,0.0,0.0,0.0,0.0,0.0,0.0,0.0,0.0,0.0,0.9041558682510997,0.8883650774434533,-0.01579079080764645,0.9041558682510997,0.8971112147709226,-0.007044653480177132,0.9041558682510997,0.9110795728958282,0.006923704644728468,0.9041558682510997,0.9115688791584918,0.0074130109073921036,,,,0.9041558682510997,0.9036349537996929,-0.0005209144514067843
3.0,1.0,3.0,1.0,1.0,5.0,2.0,4.0,8.0,8.0,4.0,10.0,1.0,0.0,0.0,0.0,0.0,0.0,1.0,0.0,0.0,0.0,0.0,0.0,0.0,0.0,0.0,0.0,1.0,0.0,0.0,0.0,0.0,0.0,0.0,0.0,0.0,0.0,0.0,0.0,0.8445026322712624,0.8208312404677633,-0.023671391803499087,0.8445026322712624,0.8338789789568896,-0.010623653314372872,0.8445026322712624,0.855044767714057,0.010542135442794587,0.8445026322712624,0.8557936140030824,0.011290981731819971,0.8445026322712624,0.8332304936893583,-0.011272138581904123,,,
6.0,2.0,7.0,2.0,5.0,5.0,3.0,4.0,4.0,4.0,1.0,4.0,0.0,0.0,0.0,0.0,0.0,0.0,1.0,0.0,0.0,0.0,0.0,0.0,0.0,0.0,0.0,0.0,0.0,0.0,0.0,1.0,0.0,0.0,0.0,0.0,0.0,0.0,0.0,0.0,0.5019663445926934,0.45952271183915244,-0.04244363275354096,0.5019663445926934,0.4822869373373915,-0.01967940725530193,0.5019663445926934,0.5226033944983581,0.02063704990566473,0.5019663445926934,0.5241138038610788,0.02214745926838535,0.5019663445926934,0.4811199856194586,-0.02084635897323478,0.5019663445926934,0.5004672046608993,-0.001499139931794069
4.0,1.0,4.0,1.0,1.0,2.0,1.0,2.0,0.0,7.0,4.0,10.0,0.0,0.0,0.0,0.0,0.0,0.0,0.0,0.0,0.0,0.0,0.0,0.0,1.0,0.0,0.0,0.0,0.0,0.0,0.0,0.0,0.0,0.0,0.0,0.0,0.0,0.0,0.0,0.0,0.8524218122092982,0.8297128715445145,-0.022708940664783794,0.8524218122092982,0.8422381287049182,-0.010183683504380037,0.8524218122092982,0.8625144632055781,0.010092650996279873,0.8524218122092982,0.8632308931545022,0.010809080945203942,0.8524218122092982,0.8416160770655451,-0.010805735143753159,,,
7.0,1.0,10.0,2.0,2.0,4.0,2.0,4.0,9.0,9.0,4.0,8.0,0.0,0.0,0.0,0.0,0.0,0.0,0.0,0.0,0.0,0.0,0.0,1.0,0.0,0.0,0.0,0.0,0.0,0.0,0.0,0.0,0.0,0.0,1.0,0.0,0.0,0.0,0.0,0.0,0.8394212106745073,0.8151455957027611,-0.02427561497174613,0.8394212106745073,0.8285208852963113,-0.010900325378195963,0.8394212106745073,0.8502467579286196,0.010825547254112333,0.8394212106745073,0.8510160721129233,0.011594861438416038,0.8394212106745073,0.8278558016084254,-0.011565409066081833,0.8394212106745073,0.8386112634393713,-0.0008099472351359438
5.0,1.0,8.0,1.0,1.0,5.0,2.0,3.0,8.0,8.0,4.0,9.0,1.0,0.0,0.0,0.0,0.0,0.0,1.0,0.0,0.0,0.0,0.0,0.0,1.0,0.0,0.0,0.0,0.0,0.0,0.0,0.0,0.0,0.0,0.0,0.0,0.0,0.0,0.0,0.0,0.8616611479640741,0.8401072522947844,-0.02155389566928967,0.8616611479640741,0.8520043355680926,-0.009656812395981484,0.8616611479640741,0.871217395751055,0.009556247786980832,0.8616611479640741,0.8718952108511668,0.01023406288709272,0.8616611479640741,0.8514139983749877,-0.010247149589086457,0.8616611479640741,0.8609447945601678,-0.0007163534039063002
4.0,1.0,2.0,1.0,1.0,4.0,2.0,3.0,8.0,9.0,5.0,9.0,0.0,0.0,0.0,0.0,0.0,0.0,0.0,0.0,0.0,0.0,0.0,1.0,0.0,0.0,0.0,0.0,0.0,0.0,0.0,0.0,0.0,0.0,0.0,0.0,0.0,0.0,0.0,0.0,0.8949776110840396,0.8778788998241426,-0.017098711259897037,0.8949776110840396,0.8873424017284356,-0.007635209355604022,0.8949776110840396,0.9024928424480314,0.007515231363991792,0.8949776110840396,0.9030243699146021,0.008046758830562495,,,,0.8949776110840396,0.8944126381055802,-0.000564972978459366
6.0,3.0,4.0,2.0,1.0,2.0,2.0,4.0,8.0,7.0,4.0,7.0,0.0,0.0,0.0,0.0,0.0,0.0,0.0,0.0,0.0,0.0,0.0,0.0,0.0,0.0,0.0,0.0,0.0,0.0,0.0,1.0,0.0,0.0,0.0,0.0,0.0,0.0,0.0,0.0,0.7502723807849785,0.7170622700625887,-0.033210110722389774,0.7502723807849785,0.7352292858381528,-0.015043094946825653,0.7502723807849785,0.7654284960512934,0.015156115266314885,0.7502723807849785,0.766513884067936,0.01624150328295748,0.7502723807849785,0.7343183983779557,-0.015953982407022838,0.7502723807849785,0.7491471501037769,-0.0011252306812016277
2.0,1.0,2.0,4.0,2.0,4.0,2.0,2.0,7.0,7.0,3.0,8.0,0.0,0.0,0.0,0.0,0.0,0.0,1.0,0.0,1.0,0.0,0.0,0.0,0.0,0.0,0.0,0.0,0.0,0.0,0.0,0.0,0.0,0.0,0.0,0.0,0.0,1.0,0.0,0.0,0.9010121912588078,0.8847694728460023,-0.016242718412805557,0.9010121912588078,0.8937636234267025,-0.007248567832105368,0.9010121912588078,0.9081399201669135,0.007127728908105646,0.9010121912588078,0.9086437805599734,0.007631589301165587,0.9010121912588078,0.8933190022038642,-0.00769318905494365,0.9010121912588078,0.9004760715856707,-0.0005361196731371587
5.0,3.0,5.0,3.0,5.0,5.0,2.0,4.0,9.0,9.0,4.0,8.0,0.0,1.0,0.0,0.0,0.0,0.0,1.0,0.0,0.0,0.0,0.0,0.0,0.0,1.0,0.0,0.0,0.0,0.0,0.0,1.0,0.0,0.0,0.0,0.0,0.0,0.0,0.0,0.0,0.29231432383901523,0.2584002328427626,-0.033914090996252644,0.29231432383901523,0.2762944047724146,-0.016019919066600607,0.29231432383901523,0.3096918045150615,0.017377480676046275,0.29231432383901523,0.3109877180068019,0.018673394167786683,0.29231432383901523,0.275360775685366,-0.016953548153649245,0.29231432383901523,0.2910753739920339,-0.0012389498469813076
4.0,1.0,5.0,1.0,2.0,4.0,2.0,4.0,7.0,7.0,2.0,6.0,0.0,0.0,0.0,0.0,0.0,0.0,0.0,0.0,0.0,0.0,0.0,0.0,0.0,0.0,0.0,0.0,0.0,0.0,0.0,0.0,0.0,0.0,0.0,0.0,0.0,0.0,0.0,1.0,0.8650079179327328,0.8438809888771392,-0.021126929055593546,0.8650079179327328,0.8555455624212133,-0.009462355511519527,0.8650079179327328,0.8743666840348835,0.009358766102150695,0.8650079179327328,0.8750303012740163,0.01002238334128347,0.8650079179327328,0.8549669462336082,-0.010040971699124546,0.8650079179327328,0.8643061657634901,-0.0007017521692427309
7.0,2.0,3.0,1.0,3.0,5.0,3.0,4.0,6.0,7.0,5.0,10.0,0.0,0.0,0.0,0.0,0.0,0.0,1.0,0.0,0.0,0.0,0.0,0.0,0.0,0.0,0.0,0.0,0.0,0.0,0.0,0.0,0.0,0.0,1.0,0.0,0.0,0.0,0.0,0.0,0.6144233718795449,0.5734190448013687,-0.04100432707817614,0.6144233718795449,0.5956077379672831,-0.01881563391226182,0.6144233718795449,0.6338000657161283,0.01937669383658347,0.6144233718795449,0.635204241230107,0.020780869350562114,,,,,,
5.0,2.0,5.0,1.0,1.0,5.0,4.0,2.0,6.0,8.0,5.0,7.0,0.0,0.0,0.0,0.0,0.0,0.0,0.0,0.0,0.0,0.0,0.0,0.0,0.0,0.0,0.0,0.0,0.0,1.0,0.0,0.0,0.0,0.0,0.0,0.0,0.0,0.0,0.0,0.0,0.8384137647808098,0.8140195920168823,-0.024394172763927413,0.8384137647808098,0.8274591092435938,-0.010954655537215974,0.8384137647808098,0.8492950362296472,0.010881271448837437,0.8384137647808098,0.8500683774545277,0.011654612673717923,,,,0.8384137647808098,0.8375997191636771,-0.0008140456171326083
3.0,1.0,4.0,1.0,1.0,3.0,1.0,2.0,6.0,8.0,3.0,5.0,0.0,0.0,0.0,0.0,0.0,0.0,0.0,0.0,0.0,0.0,0.0,1.0,0.0,0.0,0.0,0.0,0.0,0.0,0.0,0.0,0.0,0.0,0.0,0.0,0.0,0.0,0.0,0.0,0.9268912873540185,0.9144920226101859,-0.012399264743832572,0.9268912873540185,0.9213723920715583,-0.00551889528246019,0.9268912873540185,0.9322955875064541,0.005404300152435648,0.9268912873540185,0.9326767743301544,0.005785486976135901,0.9268912873540185,0.9210331101858538,-0.005858177168164724,0.9268912873540185,0.9264838931303618,-0.0004073942236566541
3.0,1.0,4.0,1.0,2.0,4.0,3.0,3.0,8.0,9.0,2.0,8.0,0.0,0.0,0.0,0.0,1.0,0.0,1.0,0.0,0.0,0.0,0.0,1.0,0.0,0.0,0.0,0.0,0.0,0.0,0.0,0.0,0.0,0.0,0.0,0.0,0.0,0.0,0.0,0.0,0.8536720893491245,0.8311174216706079,-0.02255466767851666,0.8536720893491245,0.8435588478367128,-0.010113241512411775,0.8536720893491245,0.8636929084344324,0.01002081908530783,0.8536720893491245,0.8644041629641652,0.010732073615040694,0.8536720893491245,0.8429410326670606,-0.010731056682063977,0.8536720893491245,0.8529214280021981,-0.0007506613469264733
2.0,1.0,9.0,4.0,2.0,3.0,3.0,3.0,5.0,7.0,2.0,6.0,0.0,1.0,0.0,0.0,0.0,0.0,1.0,0.0,0.0,0.0,0.0,0.0,0.0,0.0,0.0,0.0,1.0,0.0,0.0,0.0,0.0,0.0,0.0,0.0,0.0,1.0,0.0,0.0,0.6465502083594957,0.6067758749255087,-0.039774333433987064,0.6465502083594957,0.6283540392923541,-0.01819616906714161,0.6465502083594957,0.6651921675573803,0.018641959197884583,0.6465502083594957,0.666539302546743,0.01998909418724726,0.6465502083594957,0.6272618732368224,-0.01928833512267336,0.6465502083594957,0.6451786459573411,-0.0013715624021546358
3.0,1.0,4.0,1.0,1.0,2.0,1.0,3.0,8.0,8.0,3.0,8.0,0.0,0.0,0.0,0.0,0.0,0.0,1.0,0.0,0.0,0.0,0.0,1.0,0.0,0.0,0.0,0.0,0.0,0.0,0.0,0.0,0.0,0.0,0.0,0.0,0.0,0.0,0.0,0.0,0.9018669327068892,0.8857466823296517,-0.01612025037723752,0.9018669327068892,0.894673638279575,-0.007193294427314201,0.9018669327068892,0.908939335192572,0.007072402485682749,0.9018669327068892,0.9094392479890908,0.0075723152822015916,0.9018669327068892,0.8942323749489948,-0.007634557757894456,0.9018669327068892,0.9013349353986574,-0.0005319973082318352
4.0,1.0,3.0,1.0,1.0,5.0,2.0,3.0,8.0,8.0,3.0,8.0,0.0,0.0,0.0,0.0,1.0,0.0,0.0,0.0,0.0,0.0,0.0,1.0,0.0,0.0,0.0,0.0,0.0,0.0,0.0,0.0,0.0,0.0,0.0,0.0,0.0,0.0,0.0,0.0,0.9106444890793212,0.8957995285577627,-0.014844960521558481,0.9106444890793212,0.904026132693917,-0.0066183563854042005,0.9106444890793212,0.9171424159254502,0.006497926846129043,0.9106444890793212,0.9176013772256679,0.0069568881463467624,0.9106444890793212,0.9036198305486716,-0.007024658530649597,0.9106444890793212,0.9101553360822192,-0.0004891529971019493
4.0,1.0,10.0,3.0,1.0,4.0,2.0,2.0,4.0,3.0,4.0,6.0,0.0,1.0,0.0,0.0,0.0,0.0,0.0,0.0,0.0,0.0,0.0,0.0,1.0,0.0,0.0,0.0,0.0,0.0,0.0,1.0,0.0,0.0,0.0,0.0,0.0,0.0,0.0,0.0,0.7179019261725019,0.6822103833836108,-0.035691542788891084,0.7179019261725019,0.7016842117838662,-0.01621771438863573,0.7179019261725019,0.7343269606765468,0.016425034504044866,0.7179019261725019,0.7355065307938085,0.01760460462130653,0.7179019261725019,0.7007048982438451,-0.01719702792865685,0.7179019261725019,0.7166859170074503,-0.0012160091650516014
5.0,1.0,5.0,1.0,2.0,4.0,3.0,4.0,8.0,8.0,4.0,8.0,1.0,0.0,0.0,0.0,0.0,0.0,1.0,0.0,0.0,0.0,0.0,0.0,1.0,0.0,0.0,0.0,0.0,0.0,0.0,0.0,0.0,0.0,0.0,0.0,0.0,0.0,0.0,0.0,0.705815563795298,0.6692992519420629,-0.03651631185323512,0.705815563795298,0.6892038212532821,-0.016611742542015917,0.705815563795298,0.7226724711648667,0.016856907369568686,0.705815563795298,0.7238843296316214,0.01806876583632344,0.705815563795298,0.6882017426122914,-0.017613821183006584,0.705815563795298,0.704568895209937,-0.0012466685853609327
7.0,3.0,2.0,2.0,3.0,3.0,4.0,3.0,7.0,7.0,3.0,5.0,1.0,0.0,0.0,0.0,0.0,0.0,0.0,0.0,0.0,0.0,0.0,0.0,0.0,1.0,0.0,0.0,0.0,0.0,0.0,0.0,0.0,0.0,0.0,0.0,0.0,0.0,0.0,0.0,0.3842345994574555,0.3448527708788828,-0.0393818285785727,0.3842345994574555,0.3657808722690068,-0.018453727188448676,0.3842345994574555,0.4039573505521338,0.019722751094678304,0.3842345994574555,0.4054160574167603,0.021181457959304817,0.3842345994574555,0.3646972393773084,-0.01953736008014706,0.3842345994574555,0.38281680220468595,-0.001417797252769526
6.0,1.0,4.0,1.0,2.0,4.0,1.0,3.0,3.0,3.0,2.0,5.0,0.0,1.0,0.0,0.0,0.0,0.0,0.0,0.0,0.0,0.0,0.0,0.0,0.0,1.0,0.0,0.0,0.0,0.0,0.0,0.0,0.0,0.0,0.0,1.0,0.0,0.0,0.0,0.0,0.5684202270233035,0.526295453805315,-0.042124773217988576,0.5684202270233035,0.5490074726227839,-0.019412754400519594,0.5684202270233035,0.588560669880612,0.020140442857308427,0.5684202270233035,0.5900261056094807,0.02160587858617713,0.5684202270233035,0.5478499184782757,-0.020570308545027838,0.5684202270233035,0.5669485497346723,-0.001471677288631179
4.0,1.0,2.0,1.0,1.0,4.0,1.0,2.0,6.0,8.0,3.0,9.0,0.0,0.0,1.0,0.0,0.0,0.0,1.0,0.0,0.0,1.0,0.0,0.0,0.0,0.0,0.0,0.0,0.0,0.0,0.0,0.0,0.0,0.0,0.0,0.0,0.0,0.0,0.0,0.0,0.7404885255601437,0.7064863118959082,-0.0340022136642355,0.7404885255601437,0.7250720342587084,-0.015416491301435298,0.7404885255601437,0.7560453557549105,0.015556830194766835,0.7404885255601437,0.7571603861822149,0.016671860622071266,0.7404885255601437,0.7241393139956214,-0.016349211564522292,0.7404885255601437,0.7393345266197399,-0.0011539989404037998
4.0,1.0,8.0,1.0,3.0,4.0,2.0,4.0,7.0,8.0,5.0,8.0,0.0,0.0,0.0,0.0,0.0,0.0,1.0,0.0,0.0,0.0,0.0,0.0,0.0,0.0,0.0,1.0,0.0,0.0,0.0,0.0,0.0,0.0,0.0,0.0,0.0,0.0,0.0,0.0,0.7014398882182128,0.6646385037716537,-0.036801384446559116,0.7014398882182128,0.6846914426233197,-0.01674844559489308,0.7014398882182128,0.7184475074108714,0.017007619192658585,0.7014398882182128,0.719670666430452,0.018230778212239174,,,,0.7014398882182128,0.700182553445028,-0.0012573347731847928
3.0,1.0,10.0,1.0,1.0,4.0,1.0,4.0,6.0,7.0,4.0,8.0,0.0,0.0,0.0,0.0,0.0,1.0,0.0,0.0,1.0,0.0,0.0,0.0,0.0,0.0,0.0,0.0,0.0,0.0,0.0,0.0,0.0,0.0,0.0,0.0,0.0,0.0,0.0,0.0,0.9036594736874399,0.8877970485129557,-0.015862425174484218,0.9036594736874399,0.8965825078633767,-0.007076965824063253,0.9036594736874399,0.9106154924624889,0.006956018775048922,0.9036594736874399,0.9111071032777115,0.007447629590271565,0.9036594736874399,0.8961483134206042,-0.007511160266835737,0.9036594736874399,0.9031361503555745,-0.000523323331865444
4.0,1.0,10.0,1.0,1.0,4.0,2.0,4.0,6.0,7.0,2.0,7.0,0.0,0.0,0.0,0.0,0.0,0.0,0.0,0.0,0.0,0.0,0.0,0.0,1.0,0.0,0.0,0.0,0.0,0.0,0.0,0.0,0.0,0.0,0.0,0.0,0.0,0.0,0.0,0.0,0.913534019361782,0.89911592589108,-0.014418093470701998,0.913534019361782,0.9071078521811106,-0.00642616718067146,0.913534019361782,0.9198403161844417,0.006306296822659707,0.913534019361782,0.9202856322686707,0.006751612906888638,0.913534019361782,0.9067132501341494,-0.006820769227632639,0.913534019361782,0.9130591741613732,-0.0004748452004088577
7.0,1.0,3.0,1.0,2.0,4.0,2.0,3.0,6.0,7.0,3.0,6.0,0.0,1.0,0.0,0.0,0.0,0.0,0.0,0.0,0.0,0.0,0.0,0.0,0.0,0.0,0.0,0.0,0.0,0.0,0.0,0.0,0.0,0.0,1.0,0.0,0.0,0.0,0.0,0.0,0.6029526723759384,0.5615988762417923,-0.04135379613414614,0.6029526723759384,0.5839563096001944,-0.018996362775744013,0.6029526723759384,0.6225516940297805,0.019599021653842086,0.6029526723759384,0.6239734115290368,0.021020739153098433,0.6029526723759384,0.5828202948426059,-0.020132377533332524,0.6029526723759384,0.6015161993940362,-0.0014364729819021926
5.0,1.0,4.0,1.0,4.0,4.0,3.0,3.0,6.0,6.0,2.0,6.0,0.0,0.0,0.0,0.0,0.0,0.0,0.0,0.0,0.0,0.0,0.0,1.0,0.0,0.0,0.0,0.0,0.0,0.0,0.0,0.0,0.0,0.0,0.0,0.0,0.0,0.0,0.0,1.0,0.6759213817509062,0.6375996336012402,-0.038321748149666046,0.6759213817509062,0.6584384844163846,-0.017482897334521574,0.6759213817509062,0.6937479938710643,0.017826612120158125,0.6759213817509062,0.6950329078509494,0.019111526100043186,0.6759213817509062,0.6573865223128826,-0.018534859438023576,0.6759213817509062,0.6746064333422361,-0.0013149484086700802
6.0,2.0,6.0,1.0,1.0,4.0,3.0,4.0,8.0,8.0,4.0,8.0,0.0,0.0,0.0,0.0,0.0,0.0,1.0,0.0,0.0,0.0,0.0,0.0,0.0,1.0,0.0,0.0,0.0,0.0,0.0,0.0,0.0,0.0,0.0,0.0,0.0,0.0,0.0,0.0,0.802654234745139,0.7743147330680277,-0.0283395016771113,0.802654234745139,0.7898828404585762,-0.01277139428656282,0.802654234745139,0.8154134026698839,0.012759167924744963,0.802654234745139,0.8163230057964216,0.013668771051282613,0.802654234745139,0.7891060439626107,-0.013548190782528224,0.802654234745139,0.8017026466816572,-0.0009515880634817231
2.0,3.0,4.0,4.0,1.0,4.0,2.0,3.0,8.0,9.0,4.0,8.0,0.0,1.0,0.0,0.0,0.0,0.0,0.0,0.0,0.0,0.0,0.0,0.0,0.0,0.0,0.0,0.0,1.0,0.0,0.0,0.0,0.0,0.0,0.0,0.0,0.0,1.0,0.0,0.0,0.7264938122805801,0.6914220755321472,-0.03507173674843289,0.7264938122805801,0.7105709038170386,-0.015922908463541496,0.7264938122805801,0.7425979546407182,0.01610414236013813,0.7264938122805801,0.7437536166280032,0.017259804347423136,0.7264938122805801,0.7096086902396036,-0.016885122040976475,0.7264938122805801,0.7253006676526496,-0.0011931446279305202
6.0,1.0,10.0,1.0,1.0,5.0,1.0,3.0,8.0,10.0,5.0,9.0,1.0,0.0,0.0,0.0,0.0,0.0,1.0,0.0,0.0,0.0,0.0,1.0,0.0,0.0,0.0,0.0,0.0,0.0,0.0,0.0,0.0,0.0,1.0,0.0,0.0,0.0,0.0,0.0,0.8964724501616937,0.8795843687586486,-0.016888081403045097,0.8964724501616937,0.8889324299795416,-0.007540020182152163,0.8964724501616937,0.9038922001332801,0.007419749971586342,,,,,,,0.8964724501616937,0.8959145835128056,-0.0005578666488881279
5.0,1.0,6.0,1.0,1.0,4.0,4.0,4.0,9.0,9.0,3.0,9.0,0.0,0.0,0.0,0.0,0.0,0.0,1.0,0.0,0.0,0.0,0.0,1.0,0.0,0.0,0.0,0.0,0.0,0.0,0.0,0.0,0.0,0.0,0.0,0.0,0.0,0.0,0.0,0.0,0.8489484781682407,0.8258142842931954,-0.02313419387504534,0.8489484781682407,0.8385705057867479,-0.01037797238149285,0.8489484781682407,0.8592394408940566,0.010290962725815866,0.8489484781682407,0.8599701661407945,0.011021687972553762,0.8489484781682407,0.8379367754400856,-0.011011702728155104,0.8489484781682407,0.8481778943029528,-0.0007705838652879438
4.0,1.0,5.0,1.0,2.0,4.0,2.0,4.0,4.0,5.0,3.0,7.0,1.0,0.0,0.0,0.0,0.0,0.0,0.0,0.0,0.0,0.0,0.0,0.0,1.0,0.0,0.0,0.0,0.0,0.0,0.0,0.0,0.0,0.0,0.0,0.0,0.0,0.0,0.0,0.0,0.7574961291289412,0.7248944244071477,-0.03260170472179347,0.7574961291289412,0.7427389717297972,-0.01475715739914396,0.7574961291289412,0.7723468575230802,0.014850728394139034,0.7574961291289412,0.7734097100617103,0.015913580932769178,0.7574961291289412,0.741844848345628,-0.015651280783313126,0.7574961291289412,0.7563928790589416,-0.0011032500699995618
7.0,1.0,3.0,1.0,2.0,4.0,2.0,3.0,8.0,7.0,4.0,8.0,0.0,0.0,0.0,0.0,0.0,0.0,1.0,0.0,0.0,0.0,0.0,1.0,0.0,0.0,0.0,0.0,0.0,0.0,0.0,0.0,0.0,0.0,1.0,0.0,0.0,0.0,0.0,0.0,0.7835199292445792,0.7532772912234835,-0.030242638021095725,0.7835199292445792,0.769865282204696,-0.013654647039883283,0.7835199292445792,0.7972036401564108,0.013683710911831515,0.7835199292445792,0.798180767481993,0.01466083823741371,0.7835199292445792,0.7690361204804093,-0.014483808764169992,0.7835199292445792,0.782501078135307,-0.0010188511092722452
5.0,1.0,10.0,1.0,3.0,5.0,2.0,3.0,0.0,2.0,1.0,3.0,0.0,1.0,0.0,0.0,0.0,0.0,0.0,0.0,0.0,0.0,0.0,0.0,0.0,0.0,0.0,0.0,0.0,0.0,0.0,0.0,0.0,0.0,0.0,0.0,0.0,0.0,0.0,0.0,0.6085613759835361,0.5673725979020642,-0.04118877808147192,0.6085613759835361,0.5896507310836846,-0.018910644899851503,0.6085613759835361,0.6280543266724339,0.01949295068889778,0.6085613759835361,0.6294676537302121,0.020906277746675972,0.6085613759835361,0.5885193087503049,-0.02004206723323121,0.6085613759835361,0.6071319731538308,-0.001429402829705273
2.0,1.0,5.0,2.0,3.0,2.0,2.0,3.0,8.0,8.0,1.0,6.0,0.0,0.0,1.0,0.0,0.0,0.0,0.0,0.0,0.0,0.0,0.0,0.0,0.0,0.0,0.0,0.0,1.0,0.0,0.0,0.0,0.0,0.0,0.0,0.0,0.0,0.0,0.0,1.0,0.586492826958568,0.5447191623146915,-0.04177366464387644,0.586492826958568,0.567274133881568,-0.01921869307699997,0.586492826958568,0.606373920007787,0.019881093049219034,0.586492826958568,0.6078181863816117,0.0213253594230437,0.586492826958568,0.5661264120579976,-0.02036641490057034,0.586492826958568,0.5850377873278728,-0.001455039630695154
2.0,1.0,6.0,1.0,3.0,2.0,4.0,2.0,3.0,3.0,1.0,0.0,0.0,1.0,0.0,0.0,0.0,0.0,0.0,0.0,0.0,0.0,0.0,0.0,0.0,0.0,0.0,0.0,1.0,0.0,0.0,0.0,0.0,0.0,0.0,0.0,0.0,0.0,0.0,0.0,0.46737428183963037,0.42535747209993324,-0.042016809739697125,0.46737428183963037,0.4478315772166775,-0.019542704622952878,0.46737428183963037,0.48798263047405005,0.020608348634419682,0.46737428183963037,0.48949557571369295,0.022121293874062586,0.46737428183963037,0.4466760648042313,-0.02069821703539909,0.46737428183963037,0.46588181137635787,-0.0014924704632724994
6.0,2.0,8.0,1.0,2.0,2.0,2.0,4.0,8.0,8.0,5.0,8.0,0.0,1.0,0.0,0.0,0.0,0.0,1.0,0.0,0.0,0.0,0.0,1.0,0.0,0.0,0.0,0.0,0.0,0.0,0.0,0.0,0.0,0.0,0.0,0.0,0.0,0.0,0.0,1.0,0.4809978714336286,0.4387652323550601,-0.0422326390785685,0.4809978714336286,0.46137896692103153,-0.01961890451259707,0.4809978714336286,0.501641165710475,0.020643294276846413,0.4809978714336286,0.5031548439362886,0.02215697250266002,,,,0.4809978714336286,0.4795010618021338,-0.0014968096314947887
4.0,1.0,6.0,2.0,2.0,5.0,3.0,3.0,6.0,7.0,2.0,6.0,0.0,0.0,0.0,0.0,0.0,0.0,1.0,0.0,0.0,0.0,0.0,0.0,0.0,0.0,0.0,0.0,0.0,0.0,0.0,1.0,0.0,0.0,0.0,0.0,0.0,0.0,0.0,0.0,0.8530886190110044,0.8304618774172581,-0.022626741593746336,0.8530886190110044,0.8429424708650401,-0.010146148145964262,0.8530886190110044,0.8631429895145464,0.010054370503541965,0.8530886190110044,0.8638566612214859,0.010768042210481443,0.8530886190110044,0.8423226765044854,-0.010765942506518966,0.8530886190110044,0.8523354822153184,-0.0007531367956860047
4.0,1.0,7.0,1.0,4.0,4.0,5.0,3.0,5.0,5.0,2.0,7.0,1.0,0.0,0.0,0.0,0.0,0.0,1.0,0.0,0.0,0.0,0.0,1.0,0.0,0.0,0.0,0.0,0.0,0.0,0.0,0.0,0.0,0.0,0.0,0.0,0.0,0.0,0.0,0.0,,,,0.515416011492567,0.4957341696745342,-0.019681841818032786,0.515416011492567,0.53601089667395,0.02059488518138297,0.515416011492567,0.5375164261619954,0.02210041466942836,0.515416011492567,0.4945657631960887,-0.020850248296478302,0.515416011492567,0.5139181526927871,-0.0014978587997799275
4.0,1.0,3.0,1.0,2.0,4.0,2.0,3.0,7.0,7.0,5.0,7.0,0.0,0.0,0.0,0.0,0.0,0.0,0.0,0.0,0.0,0.0,0.0,1.0,0.0,0.0,0.0,0.0,0.0,0.0,0.0,0.0,0.0,0.0,0.0,0.0,0.0,0.0,0.0,0.0,0.8448861045417023,0.8212607334788083,-0.023625371062893974,0.8448861045417023,0.8342835092104024,-0.010602595331299924,0.8448861045417023,0.8554066933081931,0.010520588766490757,0.8448861045417023,0.8561539844188248,0.011267879877122522,,,,0.8448861045417023,0.844098602401624,-0.0007875021400782778
7.0,3.0,7.0,1.0,1.0,3.0,3.0,4.0,10.0,9.0,5.0,9.0,0.0,0.0,0.0,0.0,0.0,0.0,0.0,0.0,0.0,0.0,0.0,0.0,0.0,0.0,0.0,0.0,0.0,0.0,0.0,0.0,0.0,0.0,1.0,0.0,0.0,0.0,0.0,0.0,0.782890736352716,0.7525879549691873,-0.03030278138352871,0.782890736352716,0.7692080925511678,-0.013682643801548156,,,,0.782890736352716,0.7975831775557187,0.014692441203002726,,,,0.782890736352716,0.7818697483914767,-0.0010209879612392836
6.0,1.0,9.0,1.0,2.0,3.0,2.0,4.0,9.0,8.0,3.0,9.0,0.0,0.0,0.0,0.0,0.0,0.0,0.0,0.0,0.0,0.0,0.0,0.0,1.0,0.0,0.0,0.0,0.0,0.0,0.0,0.0,0.0,0.0,0.0,0.0,0.0,0.0,0.0,0.0,0.8285894994483481,0.8030605701260946,-0.02552892932225359,0.8285894994483481,0.817114096401403,-0.011475403046945165,0.8285894994483481,0.8400060934216824,0.011416593973334277,0.8285894994483481,0.8408181668000694,0.012228667351721234,0.8285894994483481,0.8164145744485573,-0.012174924999790893,0.8285894994483481,0.8277361298004754,-0.0008533696478727482
2.0,1.0,4.0,4.0,2.0,4.0,3.0,5.0,5.0,3.0,2.0,6.0,0.0,0.0,0.0,0.0,1.0,0.0,1.0,0.0,0.0,0.0,0.0,0.0,0.0,0.0,0.0,0.0,0.0,1.0,0.0,0.0,0.0,0.0,0.0,0.0,0.0,1.0,0.0,0.0,0.7712814634211513,0.7398966674385761,-0.031384795982575264,,,,0.7712814634211513,0.7855270121844853,0.014245548763333948,0.7712814634211513,0.7865453364829764,0.015263873061825084,0.7712814634211513,0.7562335791185092,-0.015047884302642145,0.7712814634211513,0.770221904564759,-0.0010595588563923064
6.0,1.0,6.0,1.0,1.0,4.0,2.0,4.0,8.0,9.0,4.0,9.0,1.0,0.0,0.0,0.0,0.0,0.0,0.0,0.0,0.0,0.0,0.0,1.0,0.0,0.0,0.0,0.0,0.0,0.0,0.0,0.0,0.0,0.0,0.0,0.0,0.0,0.0,0.0,0.0,0.8351365101497942,0.8103594893208526,-0.02477702082894162,0.8351365101497942,0.824006313180526,-0.011130196969268202,0.8351365101497942,0.8461979884998886,0.011061478350094411,0.8351365101497942,0.8469843588860811,0.01184784873628697,0.8351365101497942,0.8233274534410377,-0.011809056708756427,0.8351365101497942,0.8343092170783486,-0.0008272930714455784
4.0,1.0,3.0,1.0,3.0,4.0,2.0,2.0,7.0,8.0,4.0,8.0,0.0,0.0,0.0,0.0,0.0,0.0,1.0,0.0,0.0,0.0,0.0,0.0,1.0,0.0,0.0,0.0,0.0,0.0,0.0,0.0,0.0,0.0,0.0,0.0,0.0,0.0,0.0,1.0,0.7754869570903554,0.7444880637173248,-0.030998893373030634,0.7754869570903554,0.761479870114433,-0.014007086975922456,0.7754869570903554,0.789542043950854,0.014055086860498611,0.7754869570903554,0.7905463878624955,0.015059430772140114,0.7754869570903554,0.7606298899485527,-0.014857067141802682,0.7754869570903554,0.7744411830123509,-0.0010457740780045466
2.0,2.0,2.0,4.0,2.0,4.0,2.0,3.0,3.0,6.0,2.0,7.0,0.0,0.0,0.0,0.0,1.0,0.0,0.0,0.0,1.0,0.0,0.0,0.0,0.0,0.0,0.0,0.0,0.0,0.0,0.0,0.0,0.0,0.0,0.0,0.0,0.0,1.0,0.0,0.0,0.861422457693177,0.8398382854213484,-0.021584172271828628,0.861422457693177,0.8517518500702077,-0.00967060762296934,0.861422457693177,0.8709927252308478,0.009570267537670762,0.861422457693177,0.8716715486488763,0.010249090955699258,0.861422457693177,0.8511606816818711,-0.010261776011305956,0.861422457693177,0.8607050681007086,-0.0007173895924684759
5.0,1.0,2.0,1.0,2.0,4.0,2.0,4.0,9.0,8.0,5.0,9.0,0.0,0.0,0.0,0.0,0.0,0.0,1.0,0.0,0.0,0.0,0.0,0.0,0.0,1.0,0.0,0.0,0.0,0.0,0.0,0.0,0.0,0.0,0.0,0.0,0.0,0.0,0.0,0.0,0.7919651019207772,0.7625447146808663,-0.029420387239910917,0.7919651019207772,0.7786926821143846,-0.013272419806392599,0.7919651019207772,0.8052476798569945,0.013282577936217344,0.7919651019207772,0.806195471202509,0.014230369281731825,,,,0.7919651019207772,0.7909753940483312,-0.0009897078724460107
5.0,1.0,1.0,1.0,1.0,5.0,2.0,3.0,10.0,9.0,3.0,9.0,0.0,0.0,1.0,0.0,0.0,0.0,0.0,0.0,0.0,0.0,0.0,0.0,1.0,0.0,0.0,0.0,0.0,0.0,0.0,0.0,1.0,0.0,0.0,0.0,0.0,0.0,0.0,0.0,0.8705550546915798,0.8501458807875547,-0.02040917390402508,0.8705550546915798,0.8614192357489578,-0.009135818942621943,,,,0.8705550546915798,0.8802226228879012,0.009667568196321419,0.8705550546915798,0.8608603204347978,-0.009694734256782023,0.8705550546915798,0.8698778012802513,-0.0006772534113285156
3.0,1.0,5.0,1.0,1.0,4.0,2.0,2.0,4.0,8.0,3.0,5.0,0.0,0.0,0.0,0.0,0.0,0.0,1.0,0.0,1.0,0.0,0.0,0.0,0.0,0.0,0.0,0.0,0.0,0.0,0.0,0.0,0.0,0.0,0.0,0.0,0.0,0.0,0.0,0.0,0.9288217884309476,0.9167205198652958,-0.012101268565651857,0.9288217884309476,0.9234365867679839,-0.005385201662963746,0.9288217884309476,0.9340935302404149,0.005271741809467212,0.9288217884309476,0.9344653059196272,0.005643517488679528,0.9288217884309476,0.9231054686255935,-0.005716319805354142,0.9288217884309476,0.9284243211011011,-0.0003974673298465792
4.0,1.0,3.0,1.0,1.0,3.0,1.0,4.0,7.0,8.0,2.0,9.0,0.0,1.0,0.0,0.0,0.0,0.0,1.0,0.0,0.0,0.0,0.0,0.0,1.0,0.0,0.0,0.0,0.0,0.0,0.0,0.0,0.0,0.0,0.0,0.0,0.0,0.0,0.0,0.0,0.7341612417295154,0.6996662458513422,-0.034494995878173174,0.7341612417295154,0.718511758478864,-0.015649483250651408,0.7341612417295154,0.749969298278767,0.01580805654925166,0.7341612417295154,0.7511029575814441,0.016941715851928718,0.7341612417295154,0.7175654512767964,-0.016595790452718973,0.7341612417295154,0.7329892521153268,-0.0011719896141885178
5.0,1.0,8.0,1.0,2.0,4.0,3.0,4.0,7.0,5.0,2.0,7.0,1.0,0.0,0.0,0.0,0.0,0.0,1.0,0.0,0.0,0.0,0.0,0.0,0.0,0.0,0.0,0.0,0.0,0.0,0.0,0.0,0.0,0.0,0.0,0.0,0.0,0.0,0.0,0.0,0.7469638297320483,0.7134817556333772,-0.0334820740986711,0.7469638297320483,0.7317926801932157,-0.015171149538832585,0.7469638297320483,0.76225711497593,0.015293285243881627,0.7469638297320483,0.7633526404613072,0.016388810729258907,0.7469638297320483,0.730874297517593,-0.016089532214455304,0.7469638297320483,0.7458287416122784,-0.0011350881197699225
3.0,1.0,3.0,1.0,2.0,5.0,2.0,4.0,5.0,5.0,1.0,6.0,0.0,0.0,0.0,1.0,0.0,0.0,1.0,0.0,0.0,0.0,0.0,0.0,0.0,0.0,0.0,0.0,0.0,0.0,0.0,0.0,0.0,0.0,0.0,0.0,0.0,0.0,0.0,0.0,0.7244469489710842,0.6892250202445999,-0.03522192872648433,0.7244469489710842,0.7084526980583401,-0.01599425091274409,0.7244469489710842,0.7406285835429158,0.016181634571831638,0.7244469489710842,0.741790013008814,0.017343064037729783,0.7244469489710842,0.7074863413775163,-0.016960607593567878,0.7244469489710842,0.7232482766186721,-0.0011986723524121112
3.0,2.0,5.0,4.0,1.0,5.0,5.0,5.0,7.0,6.0,3.0,6.0,1.0,0.0,0.0,0.0,0.0,0.0,0.0,0.0,1.0,0.0,0.0,0.0,0.0,0.0,0.0,0.0,0.0,0.0,0.0,0.0,0.0,0.0,0.0,0.0,0.0,1.0,0.0,0.0,,,,,,,0.8016068640004219,0.8144180917316778,0.01281122773125587,0.8016068640004219,0.8153314887632289,0.013724624762807003,0.8016068640004219,0.7880057601445839,-0.013601103855838015,0.8016068640004219,0.8006514798989435,-0.0009553841014784403
5.0,1.0,9.0,1.0,1.0,4.0,1.0,4.0,8.0,8.0,4.0,8.0,0.0,0.0,0.0,0.0,0.0,0.0,0.0,0.0,0.0,0.0,0.0,0.0,0.0,1.0,0.0,0.0,0.0,0.0,0.0,0.0,0.0,0.0,0.0,0.0,0.0,0.0,0.0,0.0,0.916234960098811,0.9022190384199568,-0.014015921678854237,0.916234960098811,0.9099897490137108,-0.006245211085100233,0.916234960098811,0.9223610086082846,0.006126048509473625,0.916234960098811,0.9227934967004101,0.0065585366015991076,0.916234960098811,0.9096061692062674,-0.006628790892543646,0.916234960098811,0.9157735800968019,-0.0004613800020091263
3.0,1.0,2.0,1.0,2.0,4.0,2.0,4.0,4.0,7.0,1.0,7.0,0.0,1.0,0.0,0.0,0.0,0.0,0.0,0.0,1.0,0.0,0.0,0.0,0.0,0.0,0.0,0.0,0.0,0.0,0.0,0.0,0.0,0.0,0.0,0.0,0.0,0.0,0.0,0.0,0.7515751322040473,0.7184732604351307,-0.033101871768916546,0.7515751322040473,0.7365829601602442,-0.014992172043803098,0.7515751322040473,0.7666767706507845,0.015101638446737287,0.7515751322040473,0.7677581352552254,0.016183003051178146,0.7515751322040473,0.735675055463849,-0.01590007674019822,0.7515751322040473,0.7504538191030815,-0.0011213131009657484
6.0,1.0,3.0,1.0,5.0,4.0,3.0,2.0,8.0,8.0,4.0,5.0,1.0,0.0,0.0,0.0,0.0,0.0,1.0,0.0,0.0,0.0,0.0,1.0,0.0,0.0,0.0,0.0,0.0,0.0,0.0,0.0,0.0,0.0,0.0,0.0,0.0,0.0,0.0,0.0,0.4579308593887728,0.4160997822534503,-0.041831077135322525,0.4579308593887728,0.4384579666473927,-0.019472892741380088,0.4579308593887728,0.4784968910804492,0.020566031691676367,0.4579308593887728,0.48000799774026365,0.022077138351490833,0.4579308593887728,0.437307485388798,-0.020623373999974826,0.4579308593887728,0.4564427021928842,-0.0014881571958886286
6.0,1.0,7.0,1.0,4.0,4.0,4.0,3.0,8.0,8.0,4.0,8.0,0.0,0.0,0.0,0.0,0.0,0.0,1.0,0.0,0.0,0.0,0.0,1.0,0.0,0.0,0.0,0.0,0.0,0.0,0.0,0.0,0.0,0.0,0.0,0.0,0.0,0.0,0.0,1.0,0.6000214953089629,0.5585859076704762,-0.04143558763848665,0.6000214953089629,0.5809823514831449,-0.01903914382581795,0.6000214953089629,0.6196739399321188,0.019652444623155962,0.6000214953089629,0.6210998997506164,0.021078404441653542,0.6000214953089629,0.5798440589317887,-0.020177436377174174,0.6000214953089629,0.5985814777643633,-0.0014400175445995478
4.0,1.0,9.0,1.0,2.0,5.0,4.0,4.0,6.0,5.0,2.0,7.0,0.0,0.0,0.0,0.0,0.0,0.0,0.0,0.0,0.0,0.0,0.0,0.0,1.0,0.0,0.0,0.0,0.0,0.0,0.0,0.0,0.0,0.0,0.0,0.0,0.0,0.0,0.0,0.0,0.8342724556944277,0.8093952152943648,-0.024877240400062894,0.8342724556944277,0.823096281631071,-0.011176174063356692,0.8342724556944277,0.8453811742462964,0.01110871855186879,0.8342724556944277,0.8461709617037599,0.011898506009332288,0.8342724556944277,0.8224146681428015,-0.011857787551626142,0.8342724556944277,0.8334416914939773,-0.0008307642004503624
6.0,1.0,7.0,1.0,1.0,5.0,2.0,3.0,6.0,6.0,4.0,8.0,0.0,0.0,0.0,0.0,0.0,0.0,1.0,0.0,0.0,0.0,0.0,1.0,0.0,0.0,0.0,0.0,0.0,0.0,0.0,0.0,0.0,0.0,0.0,0.0,0.0,0.0,0.0,0.0,0.8756543717290521,0.8559161236230003,-0.019738248106051848,0.8756543717290521,0.8668233904317881,-0.008830981297264007,0.8756543717290521,0.88437370015116,0.008719328422107875,0.8756543717290521,0.8849914112835935,0.009337039554541349,0.8756543717290521,0.8662828874966025,-0.0093714842324496,0.8756543717290521,0.8749999670220208,-0.0006544047070313752
3.0,1.0,6.0,2.0,2.0,4.0,2.0,3.0,7.0,5.0,2.0,5.0,0.0,0.0,0.0,0.0,0.0,1.0,1.0,0.0,0.0,1.0,0.0,0.0,0.0,0.0,0.0,0.0,0.0,0.0,0.0,0.0,0.0,0.0,0.0,1.0,0.0,0.0,0.0,0.0,0.6789984767909351,0.6408472511955966,-0.038151225595338456,0.6789984767909351,0.6615984703986104,-0.01740000639232464,0.6789984767909351,0.6967317703656386,0.017733293574703546,0.6789984767909351,0.6980096150343214,0.019011138243386294,0.6789984767909351,0.6605512232526144,-0.018447253538320663,0.6789984767909351,0.6776900601294945,-0.001308416661440548
3.0,1.0,8.0,1.0,2.0,5.0,2.0,3.0,5.0,8.0,3.0,8.0,1.0,0.0,0.0,0.0,0.0,0.0,0.0,0.0,0.0,0.0,0.0,1.0,0.0,0.0,0.0,0.0,0.0,0.0,0.0,0.0,0.0,0.0,0.0,0.0,0.0,0.0,0.0,0.0,0.8757919240463334,0.8560719216992988,-0.019720002347034638,0.8757919240463334,0.8669692275557916,-0.008822696490541793,0.8757919240463334,0.8845028792745385,0.008710955228205086,0.8757919240463334,0.8851199899382678,0.009328065891934356,0.8757919240463334,0.8664292253017002,-0.009362698744633247,0.8757919240463334,0.8751381400239688,-0.0006537840223646008
4.0,1.0,8.0,1.0,4.0,4.0,2.0,4.0,7.0,8.0,3.0,8.0,0.0,0.0,0.0,0.0,0.0,0.0,1.0,0.0,0.0,0.0,0.0,0.0,1.0,0.0,0.0,0.0,0.0,0.0,0.0,0.0,0.0,0.0,0.0,0.0,0.0,0.0,0.0,0.0,0.738715649273213,0.70457382077056,-0.034141828502653015,0.738715649273213,0.7232332031545428,-0.015482446118670223,0.738715649273213,0.7543434997583112,0.015627850485098183,0.738715649273213,0.7554637928538622,0.016748143580649244,0.738715649273213,0.7222966337954451,-0.016419015477767918,0.738715649273213,0.7375565608013697,-0.001159088471843317
4.0,1.0,3.0,1.0,1.0,4.0,1.0,4.0,8.0,8.0,4.0,9.0,0.0,0.0,0.0,0.0,1.0,0.0,0.0,0.0,0.0,0.0,0.0,0.0,1.0,0.0,0.0,0.0,0.0,0.0,0.0,0.0,0.0,0.0,0.0,0.0,0.0,0.0,0.0,0.0,0.8899923593742645,0.8721979014418753,-0.017794457932389207,0.8899923593742645,0.8820424866200806,-0.007949872754183906,0.8899923593742645,0.8978235999098315,0.007831240535567052,0.8899923593742645,0.898377714150574,0.008385354776309528,0.8899923593742645,0.8815553110052743,-0.008437048368990174,0.8899923593742645,0.8894038820568,-0.0005884773174644753
