LCA_Class,year,N,Sum_wt_final,Mean_wt_final,Mean_MEMS7_ALL,Median_MEMS7_ALL,SD_MEMS7_ALL,Mean_MEMS7_SPORTCOUNT_A01,Median_MEMS7_SPORTCOUNT_A01,Mean_MEMS7_IN_SPORTCOUNT_A01,Median_MEMS7_IN_SPORTCOUNT_A01,Mean_MEMS7_OUT_SPORTCOUNT_A01,Median_MEMS7_OUT_SPORTCOUNT_A01,Mean_MEMS7_FITNESS_B06,Median_MEMS7_FITNESS_B06,Mean_MEMS7_WALKALL_C01,Median_MEMS7_WALKALL_C01,Mean_MEMS7_CYCALL_C02,Median_MEMS7_CYCALL_C02,Mean_MEMS7_ACTTRAV_C03,Median_MEMS7_ACTTRAV_C03,Mean_MEMS7_DANCEALL_C04,Median_MEMS7_DANCEALL_C04,Mean_MEMS7_TEAMSPORT_C05,Median_MEMS7_TEAMSPORT_C05,Mean_MEMS7_RACKETSPORT_C06,Median_MEMS7_RACKETSPORT_C06,Mean_MEMS7_ADVWATERSPORT_C07,Median_MEMS7_ADVWATERSPORT_C07,Mean_MEMS7_LEISURE_C08,Median_MEMS7_LEISURE_C08,Mean_MEMS7_COMBATTARGET_C09,Median_MEMS7_COMBATTARGET_C09,Mean_MEMS7_WINTER_C10,Median_MEMS7_WINTER_C10,Mean_MEMS7_RUNATHMULTI_C11,Median_MEMS7_RUNATHMULTI_C11,Median_ACT7GR_ALL,Median_ACT7GR_SPORTCOUNT_A01,Mean_Number_Activities,Median_Number_Activities,Mean_CLUB_SPORTCOUNT_A01,Mean_Number_Club,Median_Number_Club,Mean_VolAny,Mean_VolCnt,Median_VolCnt,Mean_VolDur,Median_VolDur,Mean_VolFrqB_Pop,Median_VolFrqB_Pop,Mean_volint1,Mean_volint2,Mean_volint3,Mean_volint4,Mean_volint5,Mean_volint6,Mean_volint7,Mean_DVBMI,Median_DVBMI,Mean_FruitVegPor,Median_FruitVegPor
0,2016/17,404,1201.8362368190042,2.9748421703440697,786.059405940594,240.0,2355.4757602119475,721.5,210.0,103.6875,0.0,370.1770833333333,40.0,155.31621287128712,0.0,283.5142326732673,0.0,104.65841584158416,0.0,217.06621287128712,0.0,5.1138613861386135,0.0,54.43440594059406,0.0,12.401608910891088,0.0,12.407178217821782,0.0,11.788366336633663,0.0,11.992574257425742,0.0,21.08910891089109,0.0,54.12747524752475,0.0,4.0,4.0,1.8787128712871286,1.0,0.2834008097165992,0.6234817813765182,0.0,0.25274725274725274,0.46153846153846156,0.0,,,0.13405797101449277,0.0,0.11355311355311355,0.09523809523809523,0.06593406593406594,0.06227106227106227,0.047619047619047616,0.03663003663003663,0.040293040293040296,26.501320202924102,25.61728395061728,4.7795275590551185,4.0
0,2017/18,326,1163.584546624075,3.5692777503805986,652.092791411043,307.5,1198.8424559748773,584.8888036809816,243.75,192.29901960784315,0.0,509.5220588235294,187.5,119.0713190184049,0.0,234.47315950920245,0.0,115.74003067484662,0.0,197.39877300613497,0.0,11.253834355828221,0.0,37.15490797546012,0.0,11.40260736196319,0.0,6.641104294478527,0.0,0.3374233128834356,0.0,6.1656441717791415,0.0,5.245398773006135,0.0,26.96319018404908,0.0,4.0,0.0,1.677914110429448,1.0,0.2549019607843137,0.4019607843137255,0.0,0.20754716981132076,0.3867924528301887,0.0,,,0.11363636363636363,0.0,0.08018867924528301,0.09433962264150944,0.05660377358490566,0.0330188679245283,0.02358490566037736,0.03773584905660377,0.06132075471698113,26.3029185339556,25.854976872988026,4.513245033112582,4.0
0,2018/19,283,1038.7029241961206,3.670328354049896,537.5220848056537,232.5,843.1547856947527,501.0379858657244,193.75,126.6359649122807,0.0,474.64912280701753,127.5,76.56802120141343,0.0,244.55035335689047,0.0,82.7773851590106,0.0,186.55742049469964,0.0,21.242049469964666,0.0,23.445229681978798,0.0,10.318021201413428,0.0,1.480565371024735,0.0,1.5371024734982333,0.0,1.1660777385159011,0.0,0.053003533568904596,0.0,24.10070671378092,0.0,4.0,0.0,1.4558303886925794,1.0,0.205607476635514,0.3644859813084112,0.0,0.24855491329479767,0.4393063583815029,0.0,,,,,0.12138728323699421,0.11560693641618497,0.08092485549132948,0.023121387283236993,0.05202312138728324,0.017341040462427744,0.028901734104046242,26.530358042875836,25.95155709342561,4.458646616541353,4.0
0,2019/20,215,679.7931661691309,3.161828679856423,583.5488372093023,150.0,964.3420090684884,522.2813953488372,122.5,105.63084112149532,0.0,426.1518691588785,0.0,75.0906976744186,0.0,297.00348837209305,0.0,88.86279069767441,0.0,214.90813953488373,0.0,19.08139534883721,0.0,17.49418604651163,0.0,5.186046511627907,0.0,11.19767441860465,0.0,1.686046511627907,0.0,2.0186046511627906,0.0,0.13953488372093023,0.0,19.8,0.0,0.0,0.0,1.2697674418604652,1.0,0.26851851851851855,0.6481481481481481,0.0,0.19534883720930232,0.3209302325581395,0.0,3.0,3.0,0.4095238095238095,0.0,0.07441860465116279,0.07441860465116279,0.05116279069767442,0.03255813953488372,0.037209302325581395,0.0,0.05116279069767442,25.94538101543322,26.035105400184765,4.805,4.0
0,2020/21,272,807.3643124866344,2.9682511488479206,568.2178308823529,168.75,1964.4309125234117,522.4237132352941,137.5,155.1463963963964,0.0,535.509009009009,90.0,89.98345588235294,0.0,211.27389705882354,0.0,75.70772058823529,0.0,120.84742647058823,0.0,7.610294117647059,0.0,45.29319852941177,0.0,11.121323529411764,0.0,33.455882352941174,0.0,6.424632352941177,0.0,7.830882352941177,0.0,0.0,0.0,25.88235294117647,0.0,0.0,0.0,1.4411764705882353,1.0,0.16981132075471697,0.29245283018867924,0.0,0.08755760368663594,0.16589861751152074,0.0,3.0,3.0,0.24074074074074073,0.0,0.04608294930875576,0.02304147465437788,0.03225806451612903,0.009216589861751152,0.013824884792626729,0.027649769585253458,0.013824884792626729,26.521058583596893,25.687482900574004,3.2563025210084033,3.0
0,2021/22,265,814.0258701355699,3.071795736360641,763.0641509433963,240.0,2127.169940020993,696.2292452830188,195.0,106.44067796610169,0.0,772.9025423728814,183.75,78.68773584905661,0.0,256.5943396226415,0.0,187.62169811320754,0.0,218.72169811320754,0.0,2.830188679245283,0.0,97.9622641509434,0.0,29.0,0.0,18.358490566037737,0.0,11.075471698113208,0.0,8.787735849056604,0.0,0.0,0.0,36.77735849056604,0.0,0.0,0.0,1.5773584905660378,1.0,0.2376237623762376,0.5346534653465347,0.0,0.136986301369863,0.1872146118721461,0.0,3.08,3.0,0.2916666666666667,0.0,0.045662100456621,0.0410958904109589,0.045662100456621,0.0182648401826484,0.0045662100456621,0.0136986301369863,0.0182648401826484,27.250015648476925,26.550353783754147,3.1913043478260867,3.0
0,2022/23,252,784.7202890886168,3.113969401145305,652.2271825396825,225.0,1185.3236556109873,606.5525793650794,180.0,83.91145833333333,0.0,595.9453125,172.5,103.64583333333333,0.0,274.96031746031747,27.5,79.58928571428571,0.0,190.5952380952381,0.0,21.607142857142858,0.0,52.63095238095238,0.0,12.817460317460318,0.0,25.009920634920636,0.0,9.097222222222221,0.0,3.3333333333333335,0.0,5.773809523809524,0.0,43.71230158730159,0.0,0.0,0.0,1.5555555555555556,1.0,0.11507936507936507,0.25,0.0,0.19534883720930232,0.35348837209302325,0.0,3.081081081081081,3.0,0.42857142857142855,0.0,0.07441860465116279,0.05581395348837209,0.07441860465116279,0.046511627906976744,0.03255813953488372,0.03255813953488372,0.037209302325581395,26.87436430887446,25.826446280991732,2.9051724137931036,2.0
1,2016/17,927,1393.2257032748305,1.5029403487322874,748.5558252427185,430.0,1002.5669770065022,735.4096548004316,412.5,226.3739316239316,15.0,508.3440170940171,217.5,206.48435814455232,0.0,256.1324163969795,75.0,104.2470334412082,0.0,197.9460625674218,10.0,38.351941747572816,0.0,19.57928802588997,0.0,14.43797195253506,0.0,33.400485436893206,0.0,6.599244875943905,0.0,7.297734627831715,0.0,14.808522114347356,0.0,67.00485436893204,0.0,4.0,4.0,2.5447680690399137,2.0,0.46111111111111114,0.8666666666666667,0.0,0.18617021276595744,0.28900709219858156,0.0,,,0.07420494699646643,0.0,0.10106382978723404,0.014184397163120567,0.06028368794326241,0.02127659574468085,0.028368794326241134,0.024822695035460994,0.03900709219858156,24.13642257818149,23.456790123456788,5.249723756906078,5.0
1,2017/18,822,1436.409797077189,1.7474571740598408,764.0352798053528,435.0,972.4083811894119,750.8327250608272,426.0,237.0024193548387,38.75,493.06774193548387,225.0,217.3926399026764,0.0,274.0155109489051,86.25,95.44464720194647,0.0,208.2889294403893,30.0,38.3397201946472,0.0,16.9860097323601,0.0,12.828467153284672,0.0,58.50851581508516,0.0,0.7709854014598541,0.0,5.514598540145985,0.0,8.242092457420924,0.0,56.76459854014598,0.0,4.0,1.0,2.6155717761557176,2.0,0.48405797101449277,0.9043478260869565,0.0,0.14596949891067537,0.23311546840958605,0.0,,,0.057815845824411134,0.0,0.06535947712418301,0.02832244008714597,0.04793028322440087,0.02178649237472767,0.02178649237472767,0.015250544662309368,0.032679738562091505,23.810290596280062,23.148148148148145,5.082089552238806,5.0
1,2018/19,850,1440.307660805798,1.6944796009479977,840.9838235294118,496.25,1161.5444813960296,822.4085294117647,490.0,252.60683760683762,45.0,556.4551282051282,302.5,248.58588235294118,15.0,318.35264705882355,120.0,117.61823529411765,0.0,225.70117647058822,45.0,34.22294117647059,0.0,18.63235294117647,0.0,8.362058823529411,0.0,60.364117647058826,0.0,0.5117647058823529,0.0,7.04235294117647,0.0,5.885294117647059,0.0,64.79617647058824,0.0,4.0,1.0,2.736470588235294,2.0,0.5119047619047619,0.9107142857142857,1.0,0.15247524752475247,0.25544554455445545,0.0,,,,,0.08316831683168317,0.02178217821782178,0.04554455445544554,0.007920792079207921,0.03564356435643564,0.02574257425742574,0.03564356435643564,24.040764607974836,23.47968915853865,4.98927294398093,5.0
1,2019/20,756,1256.9222968066927,1.6625956306966834,714.2443783068783,390.0,1137.7167745784077,686.8723544973545,361.25,166.8337912087912,0.0,422.31043956043953,210.0,202.88425925925927,0.0,273.1170634920635,75.0,80.03174603174604,0.0,133.0866402116402,0.0,37.285714285714285,0.0,9.806878306878307,0.0,8.100198412698413,0.0,51.66468253968254,0.0,1.5178571428571428,0.0,7.5132275132275135,0.0,2.3511904761904763,0.0,54.44973544973545,0.0,0.0,0.0,2.306878306878307,2.0,0.47959183673469385,0.8724489795918368,0.0,0.10846560846560846,0.14417989417989419,0.0,3.26027397260274,3.0,0.23138297872340424,0.0,0.027777777777777776,0.018518518518518517,0.04365079365079365,0.005291005291005291,0.01455026455026455,0.017195767195767195,0.017195767195767195,23.802802123082575,23.24598478444632,4.9568733153638815,4.0
1,2020/21,761,1289.9872577663998,1.6951212322817344,693.8327858081472,395.0,902.9629082618521,676.8186596583442,370.0,153.82485465116278,0.0,453.0675872093023,252.5,178.98455978975034,0.0,299.7766097240473,90.0,87.54139290407359,0.0,155.56603153745073,0.0,19.330157687253614,0.0,10.47503285151117,0.0,5.578186596583443,0.0,39.39553219448094,0.0,4.4710906701708275,0.0,4.655059132720105,0.0,0.0,0.0,57.437582128777926,0.0,0.0,0.0,2.3350854139290407,2.0,0.3780487804878049,0.5609756097560976,0.0,0.0744047619047619,0.10863095238095238,0.0,3.0851063829787235,3.0,0.18236173393124067,0.0,0.03422619047619048,0.020833333333333332,0.019345238095238096,0.008928571428571428,0.01488095238095238,0.005952380952380952,0.004464285714285714,24.14899149213064,23.719609250647608,3.598901098901099,3.0
1,2021/22,829,1358.7173234212194,1.6389835023175143,802.4433051869722,530.0,941.2655193306779,787.2738238841978,510.0,175.44256756756758,0.0,584.5452702702703,297.5,191.57901085645355,0.0,359.3015681544029,120.0,110.20174909529554,0.0,213.0955971049457,22.5,29.278648974668275,0.0,14.900482509047045,0.0,15.034680337756333,0.0,51.191194209891435,0.0,6.4837153196622435,0.0,8.781664656212303,0.0,11.444511459589867,0.0,51.24065138721351,0.0,0.0,0.0,2.499396863691194,2.0,0.412568306010929,0.7622950819672131,0.0,0.12364130434782608,0.18342391304347827,0.0,3.4698795180722892,3.0,0.2568306010928962,0.0,0.04755434782608696,0.025815217391304348,0.03804347826086957,0.010869565217391304,0.02309782608695652,0.012228260869565218,0.025815217391304348,24.313905356830404,23.507805325987142,3.325224071702945,3.0
1,2022/23,782,1207.5750543045456,1.5442136244303653,860.2583120204604,525.0,1198.7814737047725,840.5882352941177,495.0,280.7107142857143,30.0,552.01,270.0,246.52877237851663,0.0,340.74264705882354,105.0,116.82864450127877,0.0,221.87116368286445,15.0,32.53005115089514,0.0,11.92455242966752,0.0,15.128196930946292,0.0,52.43286445012788,0.0,2.477621483375959,0.0,8.014705882352942,0.0,5.057544757033248,0.0,50.97602301790281,0.0,0.0,0.0,2.6956521739130435,2.0,0.21483375959079284,0.45907928388746805,0.0,0.10212765957446808,0.1702127659574468,0.0,3.1538461538461537,3.0,0.2264957264957265,0.0,0.03404255319148936,0.018439716312056736,0.029787234042553193,0.01702127659574468,0.028368794326241134,0.00851063829787234,0.03404255319148936,24.374359598785826,23.51020408163265,3.430263157894737,3.0
2,2016/17,239,497.12792539090634,2.080033160631407,531.9121338912134,135.0,1057.1815111413978,471.4623430962343,112.5,58.5304054054054,0.0,328.9831081081081,47.5,101.28556485355648,0.0,285.9048117154812,45.0,46.17573221757322,0.0,169.03347280334728,0.0,12.960251046025105,0.0,3.7709205020920504,0.0,0.7531380753138075,0.0,15.06276150627615,0.0,0.0,0.0,0.502092050209205,0.0,0.0,0.0,20.517782426778243,0.0,3.0,3.0,1.200836820083682,1.0,0.19879518072289157,0.4036144578313253,0.0,0.12025316455696203,0.2468354430379747,0.0,,,0.09202453987730061,0.0,0.04430379746835443,0.012658227848101266,0.0189873417721519,0.02531645569620253,0.04430379746835443,0.04430379746835443,0.056962025316455694,26.142882354999298,25.15975293860607,4.651785714285714,4.0
2,2017/18,216,537.641197193692,2.489079616637463,552.0995370370371,165.0,869.3090666836447,499.41319444444446,150.0,76.41883116883118,0.0,471.3538961038961,150.0,65.75578703703704,0.0,327.0949074074074,33.75,51.523148148148145,0.0,183.94791666666666,0.0,16.306712962962962,0.0,15.277777777777779,0.0,7.5405092592592595,0.0,22.47337962962963,0.0,0.023148148148148147,0.0,1.1111111111111112,0.0,0.0,0.0,21.425925925925927,0.0,4.0,0.0,1.4027777777777777,1.0,0.22727272727272727,0.4090909090909091,0.0,0.11594202898550725,0.2028985507246377,0.0,,,0.0821917808219178,0.0,0.028985507246376812,0.014492753623188406,0.028985507246376812,0.014492753623188406,0.014492753623188406,0.050724637681159424,0.050724637681159424,25.84129517456004,25.029760996306585,4.768844221105527,5.0
2,2018/19,248,586.5327387338242,2.3650513658621946,595.7197580645161,258.75,936.9163014721827,546.5967741935484,220.0,62.30555555555556,0.0,357.2861111111111,128.5,88.9133064516129,0.0,375.1381048387097,105.0,47.06149193548387,0.0,217.11491935483872,0.0,18.205645161290324,0.0,10.463709677419354,0.0,2.9838709677419355,0.0,11.008064516129032,0.0,2.056451612903226,0.0,1.5120967741935485,0.0,1.814516129032258,0.0,15.524193548387096,0.0,4.0,0.0,1.471774193548387,1.0,0.1348314606741573,0.1797752808988764,0.0,0.15584415584415584,0.23376623376623376,0.0,,,,,0.07792207792207792,0.025974025974025976,0.01948051948051948,0.012987012987012988,0.03896103896103896,0.012987012987012988,0.045454545454545456,26.896963453719152,25.213328995996825,4.393939393939394,4.0
2,2019/20,180,446.62424656229905,2.481245814234995,532.1388888888889,150.0,951.4503054886269,460.44444444444446,120.0,72.9326923076923,0.0,384.06009615384613,160.625,76.92777777777778,0.0,228.24722222222223,0.0,64.54166666666667,0.0,136.11111111111111,0.0,23.541666666666668,0.0,3.1666666666666665,0.0,18.93611111111111,0.0,12.569444444444445,0.0,0.6666666666666666,0.0,0.6666666666666666,0.0,0.5,0.0,21.333333333333332,0.0,0.0,0.0,1.2722222222222221,1.0,0.21052631578947367,0.40789473684210525,0.0,0.16111111111111112,0.3,0.0,3.44,3.0,0.3854748603351955,0.0,0.05,0.05555555555555555,0.03333333333333333,0.022222222222222223,0.027777777777777776,0.044444444444444446,0.06666666666666667,27.019063275453476,26.28493282292378,4.678362573099415,4.0
2,2020/21,280,602.4313127323992,2.1515404026157112,626.3035714285714,239.0,1124.7766438115175,563.375,183.75,68.84615384615384,0.0,583.4014423076923,165.0,71.08482142857143,0.0,339.6089285714286,33.75,76.2375,0.0,145.2375,0.0,21.598214285714285,0.0,11.821428571428571,0.0,2.325,0.0,15.875,0.0,3.6785714285714284,0.0,0.8839285714285714,0.0,0.0,0.0,23.310714285714287,0.0,0.0,0.0,1.3178571428571428,1.0,0.10619469026548672,0.17699115044247787,0.0,0.11981566820276497,0.14746543778801843,0.0,3.0,3.0,0.2824074074074074,0.0,0.03686635944700461,0.03225806451612903,0.02304147465437788,0.009216589861751152,0.009216589861751152,0.0,0.03686635944700461,25.332410666907442,24.290890130289625,3.217741935483871,3.0
2,2021/22,242,595.6541119892485,2.4613806280547457,580.2066115702479,180.0,1277.767184943627,513.5537190082645,146.25,91.925,0.0,395.79,130.0,66.18595041322314,0.0,310.83264462809916,17.5,62.353305785123965,0.0,164.33161157024793,0.0,23.636363636363637,0.0,35.929752066115704,0.0,3.5020661157024793,0.0,5.991735537190083,0.0,2.479338842975207,0.0,0.8677685950413223,0.0,0.1859504132231405,0.0,11.010330578512397,0.0,0.0,0.0,1.2148760330578512,1.0,0.11764705882352941,0.16470588235294117,0.0,0.10810810810810811,0.1837837837837838,0.0,3.263157894736842,3.0,0.25,0.0,0.03783783783783784,0.03783783783783784,0.016216216216216217,0.016216216216216217,0.016216216216216217,0.021621621621621623,0.03783783783783784,26.647128645119853,25.10984810686388,3.2844036697247705,3.0
2,2022/23,217,462.56952066306474,2.1316567772491464,475.18202764976957,120.0,860.74416705005,446.39170506912444,120.0,122.47333333333333,0.0,234.14,0.0,97.00460829493088,0.0,264.8963133640553,0.0,36.8479262672811,0.0,158.50691244239633,0.0,26.17511520737327,0.0,6.981566820276497,0.0,3.456221198156682,0.0,12.894009216589861,0.0,0.4861751152073733,0.0,0.24193548387096775,0.0,0.14055299539170507,0.0,19.389400921658986,0.0,0.0,0.0,1.2857142857142858,1.0,0.07834101382488479,0.0967741935483871,0.0,0.11560693641618497,0.14450867052023122,0.0,3.1,3.0,0.2631578947368421,0.0,0.03468208092485549,0.028901734104046242,0.03468208092485549,0.0,0.011560693641618497,0.005780346820809248,0.028901734104046242,26.786380789302214,25.61991362,3.052910052910053,3.0
3,2016/17,297,779.6682360708376,2.6251455759960862,947.6952861952861,400.0,1635.9106867671765,936.9882154882155,400.0,316.5442708333333,0.0,624.2942708333334,253.75,213.9705387205387,0.0,304.3989898989899,30.0,144.14478114478115,0.0,233.21296296296296,0.0,85.82912457912458,0.0,82.47474747474747,0.0,13.282828282828282,0.0,37.205387205387204,0.0,1.3804713804713804,0.0,11.574074074074074,0.0,3.585858585858586,0.0,59.86363636363637,0.0,4.0,4.0,2.255892255892256,2.0,0.38,0.845,0.0,0.21649484536082475,0.37628865979381443,0.0,,,0.1116751269035533,0.0,0.07731958762886598,0.030927835051546393,0.08247422680412371,0.05154639175257732,0.03608247422680412,0.05154639175257732,0.04639175257731959,24.314263297744183,23.178586801121998,4.654545454545454,4.0
3,2017/18,226,773.8223844781896,3.4239928516734053,982.9966814159292,466.25,1595.715105190579,968.162610619469,466.25,347.6158536585366,67.5,619.3689024390244,180.0,204.96681415929203,0.0,342.37831858407077,45.0,71.26659292035399,0.0,256.23893805309734,0.0,65.5066371681416,0.0,146.93584070796462,0.0,9.258849557522124,0.0,69.7566371681416,0.0,10.398230088495575,0.0,15.138274336283185,0.0,17.787610619469028,0.0,50.92256637168141,0.0,4.0,0.0,2.1946902654867255,2.0,0.40476190476190477,0.9523809523809523,0.0,0.2740740740740741,0.5111111111111111,0.0,,,0.11594202898550725,0.0,0.13333333333333333,0.044444444444444446,0.08888888888888889,0.05185185185185185,0.06666666666666667,0.07407407407407407,0.05185185185185185,23.665806708925892,22.77325655111111,4.650485436893204,4.0
3,2018/19,233,656.8646800323859,2.8191617168771925,929.9195278969958,420.0,1412.3064447086983,896.4710300429184,400.0,249.48235294117646,0.0,521.0441176470588,202.5,200.75107296137338,0.0,357.9195278969957,15.0,87.6931330472103,0.0,249.92703862660943,0.0,47.19957081545064,0.0,104.50643776824035,0.0,14.104077253218884,0.0,58.802575107296136,0.0,4.007510729613734,0.0,10.815450643776824,0.0,16.142703862660944,0.0,48.83047210300429,0.0,4.0,1.0,2.1931330472103006,1.0,0.43478260869565216,0.8369565217391305,0.0,0.3142857142857143,0.6428571428571429,0.0,,,,,0.15,0.05,0.16428571428571428,0.08571428571428572,0.05714285714285714,0.07142857142857142,0.06428571428571428,24.145565466870007,23.041139245802476,4.566666666666666,4.0
3,2019/20,216,612.5045627888811,2.8356692721707457,692.3680555555555,266.25,1274.8397719468894,667.1828703703703,240.0,179.6651376146789,0.0,352.6834862385321,150.0,157.0439814814815,0.0,233.84953703703704,33.75,62.97800925925926,0.0,165.87152777777777,0.0,29.275462962962962,0.0,53.36805555555556,0.0,6.564814814814815,0.0,71.56018518518519,0.0,3.6574074074074074,0.0,16.11111111111111,0.0,3.125,0.0,51.976851851851855,0.0,0.0,0.0,1.9861111111111112,1.0,0.4205607476635514,0.8130841121495327,0.0,0.18055555555555555,0.27314814814814814,0.0,3.7142857142857144,3.0,0.41784037558685444,0.0,0.046296296296296294,0.037037037037037035,0.05092592592592592,0.027777777777777776,0.027777777777777776,0.032407407407407406,0.05092592592592592,25.4126831313749,24.045047505425217,4.690355329949239,4.0
3,2020/21,298,747.3831391149384,2.5079971111239545,780.1434563758389,397.5,1183.2689981867313,757.1736577181208,360.0,150.1144366197183,0.0,517.8609154929577,120.0,167.11912751677852,0.0,343.1308724832215,58.125,78.58892617449665,0.0,185.4261744966443,0.0,36.45302013422819,0.0,47.79530201342282,0.0,9.927013422818792,0.0,47.9496644295302,0.0,3.37248322147651,0.0,7.651006711409396,0.0,0.7046979865771812,0.0,52.47818791946309,0.0,0.0,0.0,2.0604026845637584,1.0,0.4166666666666667,0.8333333333333334,0.0,0.184,0.236,0.0,2.8863636363636362,3.0,0.4715447154471545,0.0,0.036,0.056,0.068,0.024,0.024,0.012,0.016,23.651727852410747,22.699583494188296,3.2911392405063293,3.0
3,2021/22,271,761.1152792056524,2.8085434657035147,975.5562730627306,420.0,1465.828588305548,919.6909594095941,405.0,194.2375,0.0,769.0208333333334,237.5,147.74815498154982,0.0,411.380073800738,60.0,96.61070110701107,0.0,266.93357933579335,0.0,54.45940959409594,0.0,100.3339483394834,0.0,14.441881918819188,0.0,18.673431734317344,0.0,5.392066420664206,0.0,24.096863468634687,0.0,6.642066420664206,0.0,45.22140221402214,0.0,0.0,0.0,1.911439114391144,1.0,0.4583333333333333,0.975,0.0,0.2375,0.37916666666666665,0.0,3.6,3.5,0.5822784810126582,0.0,0.09166666666666666,0.058333333333333334,0.07916666666666666,0.029166666666666667,0.03333333333333333,0.05416666666666667,0.03333333333333333,23.93027137749913,22.67400111124664,3.077272727272727,3.0
3,2022/23,280,677.4049287902805,2.4193033171081444,979.6375,450.0,1617.5577256502877,963.2125,443.125,209.9375,0.0,592.0446428571429,217.5,191.95892857142857,0.0,373.05267857142854,42.5,105.51785714285714,0.0,283.71160714285713,0.0,36.169642857142854,0.0,124.81964285714285,0.0,20.57857142857143,0.0,79.42321428571428,0.0,7.166071428571429,0.0,9.3375,0.0,8.035714285714286,0.0,45.19642857142857,0.0,0.0,0.0,2.067857142857143,1.0,0.1392857142857143,0.3607142857142857,0.0,0.25206611570247933,0.3925619834710744,0.0,3.189655172413793,3.0,0.5914893617021276,0.0,0.09090909090909091,0.06611570247933884,0.06611570247933884,0.03305785123966942,0.028925619834710745,0.049586776859504134,0.05785123966942149,24.33818013054452,23.367230435533884,3.1944444444444446,3.0
4,2016/17,382,440.63497634704913,1.1534947024791862,725.5857329842931,495.0,815.4269223107925,644.208115183246,406.25,157.68410852713177,0.0,453.19767441860466,270.0,169.315445026178,0.0,320.3259162303665,102.5,42.81151832460733,0.0,137.92146596858638,11.25,27.922774869109947,0.0,3.298429319371728,0.0,22.849476439790575,0.0,32.1151832460733,0.0,0.4319371727748691,0.0,3.298429319371728,0.0,14.646596858638743,0.0,26.100785340314136,0.0,4.0,4.0,2.400523560209424,2.0,0.49416342412451364,0.8560311284046692,0.0,0.20816326530612245,0.363265306122449,0.0,,,0.12550607287449392,0.0,0.09387755102040816,0.053061224489795916,0.053061224489795916,0.012244897959183673,0.061224489795918366,0.036734693877551024,0.053061224489795916,24.208970151949433,23.29703302047948,5.957559681697613,6.0
4,2017/18,334,415.60798700884857,1.2443352904456544,843.8375748502993,480.0,1071.7758519063286,742.872754491018,437.5,192.92525773195877,30.0,487.14690721649487,270.0,178.71482035928145,2.5,366.29116766467064,152.5,66.69086826347305,0.0,163.41167664670658,0.0,43.89745508982036,0.0,2.2005988023952097,0.0,21.642964071856287,0.0,41.83832335329341,0.0,0.12350299401197605,0.0,0.17964071856287425,0.0,7.848053892215569,0.0,36.528443113772454,0.0,4.0,1.0,2.604790419161677,2.0,0.432,0.696,0.0,0.23469387755102042,0.413265306122449,0.0,,,0.13793103448275862,0.0,0.11734693877551021,0.061224489795918366,0.04591836734693878,0.015306122448979591,0.0663265306122449,0.030612244897959183,0.07653061224489796,24.66167561316108,23.92302675138353,5.54380664652568,5.0
4,2018/19,335,466.91429243485703,1.3937740072682299,683.0305970149253,420.0,830.6423065698705,598.594776119403,360.0,198.1782608695652,60.0,415.54782608695655,189.0,174.87537313432836,30.0,293.12985074626863,120.0,63.799253731343285,0.0,124.74626865671642,0.0,28.64179104477612,0.0,1.6119402985074627,0.0,11.343283582089553,0.0,17.753731343283583,0.0,0.14925373134328357,0.0,0.1791044776119403,0.0,10.029850746268657,0.0,33.26940298507463,0.0,4.0,1.0,2.573134328358209,2.0,0.38,0.72,0.0,0.21929824561403508,0.3508771929824561,0.0,,,,,0.12280701754385964,0.04824561403508772,0.021929824561403508,0.008771929824561403,0.06140350877192982,0.03508771929824561,0.05263157894736842,24.762426879325673,23.687456582363563,5.930091185410334,6.0
4,2019/20,243,295.8860643986872,1.2176381250974782,799.548353909465,450.0,1068.490852046179,687.3364197530864,380.0,164.5037037037037,0.0,477.5962962962963,300.0,161.2582304526749,0.0,351.42798353909467,192.5,68.32304526748972,0.0,110.59876543209876,0.0,14.588477366255145,0.0,0.6172839506172839,0.0,23.580246913580247,0.0,18.703703703703702,0.0,0.06172839506172839,0.0,2.2016460905349793,0.0,5.185185185185185,0.0,43.41358024691358,0.0,1.0,0.0,2.2098765432098766,2.0,0.4351851851851852,0.6759259259259259,0.0,0.18106995884773663,0.3045267489711934,0.0,3.4473684210526314,4.0,0.3625,0.0,0.06584362139917696,0.03292181069958848,0.037037037037037035,0.00411522633744856,0.05761316872427984,0.04526748971193416,0.06172839506172839,24.92485497754642,24.508724625658648,5.755186721991701,6.0
4,2020/21,328,394.8726490385607,1.2038800275565875,707.1783536585366,515.0,777.8188566434901,634.0990853658536,427.5,89.77459016393442,0.0,499.3053278688525,300.0,109.00685975609755,0.0,393.7888719512195,210.0,61.27286585365854,0.0,97.3483231707317,0.0,16.638719512195124,0.0,2.7286585365853657,0.0,16.977896341463413,0.0,18.783536585365855,0.0,0.4573170731707317,0.0,4.984756097560975,0.0,0.0,0.0,20.309451219512194,0.0,1.0,0.0,2.192073170731707,2.0,0.330188679245283,0.5754716981132075,0.0,0.11842105263157894,0.15350877192982457,0.0,3.5,3.0,0.30973451327433627,0.0,0.043859649122807015,0.021929824561403508,0.021929824561403508,0.008771929824561403,0.021929824561403508,0.0043859649122807015,0.03070175438596491,24.534992357679357,23.73866213151928,4.833333333333333,5.0
4,2021/22,335,481.3526516325534,1.436873586962846,819.1089552238806,565.0,872.845095691245,734.2395522388059,520.0,211.126,0.0,596.904,375.0,189.3179104477612,0.0,397.61567164179104,172.5,42.99626865671642,0.0,137.38432835820896,0.0,36.83955223880597,0.0,1.1417910447761195,0.0,17.253731343283583,0.0,25.350746268656717,0.0,3.1865671641791047,0.0,1.507462686567164,0.0,9.26865671641791,0.0,29.252238805970148,0.0,1.0,1.0,2.453731343283582,2.0,0.3416666666666667,0.55,0.0,0.14285714285714285,0.20816326530612245,0.0,3.5483870967741935,3.0,0.30327868852459017,0.0,0.06938775510204082,0.004081632653061225,0.02857142857142857,0.004081632653061225,0.036734693877551024,0.0163265306122449,0.04897959183673469,24.812397014632023,23.836878777089908,4.592705167173253,4.0
4,2022/23,347,451.26920234000016,1.3004876148126805,804.7262247838617,510.0,914.396213326647,718.5317002881844,425.0,142.84191176470588,0.0,435.4742647058824,183.75,157.22262247838617,0.0,412.10446685878964,200.0,68.342939481268,0.0,150.93515850144092,0.0,22.388328530259365,0.0,3.112391930835735,0.0,10.612391930835734,0.0,53.46974063400577,0.0,1.7507204610951008,0.0,2.626080691642651,0.0,10.677233429394812,0.0,21.786743515850144,0.0,1.0,0.0,2.414985590778098,2.0,0.15561959654178675,0.345821325648415,0.0,0.15294117647058825,0.24313725490196078,0.0,3.5833333333333335,3.5,0.3661417322834646,0.0,0.07058823529411765,0.027450980392156862,0.0392156862745098,0.00784313725490196,0.047058823529411764,0.0196078431372549,0.03137254901960784,24.507066530413667,23.399598455194408,4.517857142857143,4.0
5,2016/17,230,354.6257494558688,1.5418510845907338,291.34565217391304,0.0,748.1116942523249,214.35652173913044,0.0,34.310344827586206,0.0,161.44396551724137,0.0,39.175,0.0,161.8608695652174,0.0,3.505434782608696,0.0,54.643478260869564,0.0,3.5869565217391304,0.0,0.6521739130434783,0.0,3.130434782608696,0.0,3.9130434782608696,0.0,0.5217391304347826,0.0,0.0,0.0,0.0,0.0,0.5652173913043478,0.0,1.0,1.0,0.991304347826087,1.0,0.10256410256410256,0.1452991452991453,0.0,0.06790123456790123,0.10493827160493827,0.0,,,0.03048780487804878,0.0,0.037037037037037035,0.018518518518518517,0.0,0.006172839506172839,0.018518518518518517,0.006172839506172839,0.018518518518518517,26.512586477300914,25.890708084616172,5.459821428571429,5.0
5,2017/18,204,366.2547055082306,1.7953662034717186,263.7046568627451,0.0,579.4092557771039,174.86274509803923,0.0,43.923611111111114,0.0,75.34722222222223,0.0,25.068627450980394,0.0,128.01470588235293,0.0,3.8872549019607843,0.0,89.65686274509804,0.0,15.294117647058824,0.0,0.8823529411764706,0.0,0.22058823529411764,0.0,0.8823529411764706,0.0,0.0,0.0,0.0,0.0,0.0,0.0,0.0,0.0,1.0,0.0,0.803921568627451,0.5,0.10526315789473684,0.13157894736842105,0.0,0.08053691275167785,0.11409395973154363,0.0,,,0.02531645569620253,0.0,0.053691275167785234,0.006711409395973154,0.006711409395973154,0.0,0.013422818791946308,0.0,0.03355704697986577,26.71699470163401,25.852660273064604,4.931578947368421,5.0
5,2018/19,165,261.6556136214908,1.5857915977060046,303.1060606060606,40.0,654.6005974551618,216.6060606060606,0.0,43.604651162790695,0.0,203.9825581395349,0.0,36.165151515151514,0.0,166.3287878787879,0.0,2.4727272727272727,0.0,72.15454545454546,0.0,8.272727272727273,0.0,0.0,0.0,0.0,0.0,19.272727272727273,0.0,0.0,0.0,2.1818181818181817,0.0,0.0,0.0,2.915151515151515,0.0,3.0,0.0,1.018181818181818,1.0,0.15384615384615385,0.1794871794871795,0.0,0.0847457627118644,0.15254237288135594,0.0,,,,,0.01694915254237288,0.025423728813559324,0.00847457627118644,0.00847457627118644,0.03389830508474576,0.00847457627118644,0.05084745762711865,25.593709730790806,25.24032834582756,5.5875,6.0
5,2019/20,99,185.3371382521006,1.8720923055767738,291.44444444444446,0.0,723.9004677358681,214.3989898989899,0.0,8.254716981132075,0.0,141.17924528301887,0.0,30.681818181818183,0.0,178.21212121212122,0.0,3.3333333333333335,0.0,80.37878787878788,0.0,7.171717171717172,0.0,0.0,0.0,0.0,0.0,0.0,0.0,0.0,0.0,0.0,0.0,0.0,0.0,0.45454545454545453,0.0,0.0,0.0,0.8282828282828283,0.0,0.15217391304347827,0.21739130434782608,0.0,0.1111111111111111,0.15151515151515152,0.0,3.2857142857142856,4.0,0.25510204081632654,0.0,0.04040404040404041,0.020202020202020204,0.010101010101010102,0.0,0.010101010101010102,0.030303030303030304,0.04040404040404041,25.930815674917877,25.14427116710212,5.071428571428571,5.0
5,2020/21,214,341.04249121107387,1.5936565009863264,406.553738317757,0.0,1125.812096313864,275.0,0.0,203.6153846153846,0.0,232.95384615384614,0.0,87.49065420560747,0.0,162.04439252336448,0.0,8.771028037383177,0.0,40.74766355140187,0.0,0.5257009345794392,0.0,1.8925233644859814,0.0,0.0,0.0,4.672897196261682,0.0,4.205607476635514,0.0,0.14018691588785046,0.0,0.0,0.0,4.287383177570093,0.0,0.0,0.0,0.9345794392523364,1.0,0.0,0.0,0.0,0.05511811023622047,0.06299212598425197,0.0,3.25,3.0,0.104,0.0,0.015748031496062992,0.0,0.0,0.0,0.023622047244094488,0.007874015748031496,0.015748031496062992,25.865203961132018,25.199210816424184,3.968421052631579,4.0
5,2021/22,213,321.6946118504336,1.510303342020815,249.6467136150235,0.0,624.959394823238,167.906103286385,0.0,10.3125,0.0,118.21691176470588,0.0,8.991784037558686,0.0,135.62793427230048,0.0,4.947183098591549,0.0,52.32394366197183,0.0,10.205399061032864,0.0,0.0,0.0,3.732394366197183,0.0,0.0,0.0,1.1267605633802817,0.0,0.0,0.0,0.0,0.0,0.3755868544600939,0.0,0.0,0.0,0.755868544600939,0.0,0.04838709677419355,0.04838709677419355,0.0,0.06153846153846154,0.06153846153846154,0.0,3.0,3.0,0.07751937984496124,0.0,0.015384615384615385,0.007692307692307693,0.0,0.0,0.023076923076923078,0.0,0.015384615384615385,26.143028727833254,25.54410843724718,3.900523560209424,4.0
5,2022/23,203,282.26706635072605,1.3904781593631825,428.01231527093597,30.0,1887.0405359655858,365.35221674876846,0.0,45.833333333333336,0.0,243.49537037037038,0.0,51.86699507389162,0.0,185.30418719211823,0.0,65.07881773399015,0.0,86.87192118226601,0.0,7.8817733990147785,0.0,10.467980295566502,0.0,8.719211822660098,0.0,13.81527093596059,0.0,5.763546798029557,0.0,3.252463054187192,0.0,11.970443349753694,0.0,9.605911330049262,0.0,0.0,0.0,1.1625615763546797,1.0,0.034482758620689655,0.3399014778325123,0.0,0.07258064516129033,0.14516129032258066,0.0,4.0,4.0,0.14754098360655737,0.0,0.024193548387096774,0.024193548387096774,0.024193548387096774,0.016129032258064516,0.016129032258064516,0.008064516129032258,0.03225806451612903,26.39889057887137,24.905849374094423,3.9672131147540983,4.0
6,2016/17,320,456.2189008177682,1.4256840650555256,663.175,390.0,947.284774812979,614.91875,315.0,251.875,21.25,407.4119318181818,210.0,198.390625,0.0,280.72265625,92.5,58.6484375,0.0,170.54375,15.0,41.9921875,0.0,5.9140625,0.0,10.33671875,0.0,11.078125,0.0,0.375,0.0,0.375,0.0,0.9375,0.0,38.07421875,0.0,4.0,4.0,2.09375,1.0,0.39712918660287083,0.6650717703349283,0.0,0.2328767123287671,0.3698630136986301,0.0,,,0.10666666666666667,0.0,0.1187214611872146,0.0365296803652968,0.0547945205479452,0.0182648401826484,0.0319634703196347,0.045662100456621,0.0639269406392694,26.44110802749075,25.23229070730032,5.790996784565916,5.0
6,2017/18,309,483.91120429648805,1.5660556773349128,752.843851132686,370.0,1284.960856797214,716.245145631068,360.0,312.4009900990099,45.0,574.8638613861386,240.0,207.91666666666666,0.0,361.2839805825243,90.0,57.333333333333336,0.0,216.52588996763754,15.0,56.15695792880259,0.0,5.679611650485437,0.0,8.024271844660195,0.0,15.016181229773462,0.0,10.194174757281553,0.0,12.877022653721683,0.0,0.1941747572815534,0.0,32.33009708737864,0.0,4.0,0.0,2.058252427184466,2.0,0.41836734693877553,0.6122448979591837,0.0,0.16580310880829016,0.21761658031088082,0.0,,,0.05365853658536585,0.0,0.09844559585492228,0.025906735751295335,0.031088082901554404,0.0,0.031088082901554404,0.015544041450777202,0.015544041450777202,26.477639646130513,25.340260442590765,5.66554054054054,5.0
6,2018/19,294,484.9771342535616,1.6495820892978286,588.531462585034,288.75,832.2038005214171,544.9600340136054,276.25,132.8183962264151,0.0,403.37971698113205,127.5,166.70195578231292,0.0,321.36309523809524,108.75,25.05952380952381,0.0,176.0612244897959,12.5,38.076530612244895,0.0,2.925170068027211,0.0,3.5799319727891157,0.0,14.438775510204081,0.0,0.5187074829931972,0.0,1.836734693877551,0.0,0.30612244897959184,0.0,20.632653061224488,0.0,4.0,0.5,1.9319727891156462,2.0,0.36,0.55,0.0,0.23783783783783785,0.32972972972972975,0.0,,,,,0.12972972972972974,0.032432432432432434,0.032432432432432434,0.005405405405405406,0.03783783783783784,0.02702702702702703,0.06486486486486487,26.48572776149366,25.21735857578381,5.3076923076923075,5.0
6,2019/20,184,277.9741775333729,1.5107292257248526,659.4524456521739,247.5,1212.9161623625166,601.9524456521739,210.0,168.82267441860466,0.0,493.5901162790698,195.0,211.66440217391303,0.0,295.4755434782609,53.125,42.03125,0.0,110.17663043478261,0.0,20.46875,0.0,0.5706521739130435,0.0,2.9347826086956523,0.0,6.195652173913044,0.0,0.0,0.0,3.3152173913043477,0.0,0.0,0.0,32.89673913043478,0.0,0.0,0.0,1.548913043478261,1.0,0.2755102040816326,0.40816326530612246,0.0,0.13043478260869565,0.15217391304347827,0.0,3.15,3.0,0.3131868131868132,0.0,0.04891304347826087,0.02717391304347826,0.02717391304347826,0.0,0.021739130434782608,0.0,0.02717391304347826,27.0500330023411,26.311971862310248,5.322222222222222,5.0
6,2020/21,260,402.80802175573757,1.5492616221374522,646.0384615384615,300.0,1031.4257990844173,588.425,267.5,132.59146341463415,0.0,604.7987804878048,213.75,108.30480769230769,0.0,339.8817307692308,120.0,51.07692307692308,0.0,147.89423076923077,0.0,25.01153846153846,0.0,0.5980769230769231,0.0,2.2211538461538463,0.0,9.14423076923077,0.0,12.442307692307692,0.0,2.6538461538461537,0.0,0.0,0.0,50.22692307692308,0.0,0.0,0.0,1.7884615384615385,1.0,0.24,0.41,0.0,0.1043956043956044,0.14285714285714285,0.0,3.9411764705882355,4.0,0.2154696132596685,0.0,0.038461538461538464,0.01098901098901099,0.027472527472527472,0.02197802197802198,0.016483516483516484,0.01098901098901099,0.016483516483516484,27.16437076996921,26.26218012392482,3.726890756302521,4.0
6,2021/22,232,401.2319235604148,1.7294479463810983,779.1153017241379,365.0,1074.9178262727205,744.8372844827586,360.0,141.08585858585857,0.0,543.9848484848485,232.5,146.40625,0.0,435.2273706896552,150.0,92.9040948275862,0.0,243.91271551724137,0.0,31.77801724137931,0.0,9.956896551724139,0.0,9.051724137931034,0.0,14.612068965517242,0.0,7.564655172413793,0.0,2.8448275862068964,0.0,3.103448275862069,0.0,17.03448275862069,0.0,0.0,0.0,2.185344827586207,2.0,0.3,0.5625,0.0,0.1452513966480447,0.22905027932960895,0.0,3.64,3.0,0.2897727272727273,0.0,0.055865921787709494,0.0446927374301676,0.01675977653631285,0.01675977653631285,0.0223463687150838,0.027932960893854747,0.0446927374301676,26.86098882673857,25.26408148638889,3.7788018433179724,3.0
6,2022/23,246,365.42594011255613,1.4854713012705534,684.9634146341464,317.5,948.6700907075051,647.2256097560976,287.5,224.40384615384616,0.0,315.28846153846155,116.25,172.6392276422764,0.0,310.515243902439,112.5,38.28760162601626,0.0,150.9512195121951,0.0,54.29471544715447,0.0,22.367886178861788,0.0,5.4573170731707314,0.0,27.15447154471545,0.0,7.682926829268292,0.0,2.66260162601626,0.0,2.4390243902439024,0.0,41.53455284552845,0.0,0.0,0.0,2.0813008130081303,2.0,0.17479674796747968,0.3252032520325203,0.0,0.13930348258706468,0.1791044776119403,0.0,3.48,4.0,0.2727272727272727,0.0,0.04975124378109453,0.014925373134328358,0.024875621890547265,0.0,0.01990049751243781,0.024875621890547265,0.04477611940298507,27.048272066444255,26.452556977029243,3.6202531645569622,3.0
7,2016/17,1299,1926.625903582047,1.483160818769859,692.747882986913,450.0,837.6209179810106,653.8081216320246,420.0,172.59684684684686,15.0,534.2134009009009,302.5,119.97555812163202,0.0,232.15531177829098,75.0,135.33525789068514,0.0,214.99865280985372,60.0,9.686682063125481,0.0,24.019438029253273,0.0,24.093918398768285,0.0,21.509815242494227,0.0,3.0369515011547343,0.0,3.8837567359507315,0.0,14.467282525019245,0.0,71.41878367975366,0.0,4.0,4.0,2.5850654349499615,2.0,0.43429844097995546,0.7984409799554566,0.0,0.3020457280385078,0.5631768953068592,0.0,,,0.15144230769230768,0.0,0.15282791817087846,0.10469314079422383,0.08062575210589651,0.05415162454873646,0.07701564380264742,0.0421179302045728,0.05174488567990373,25.014739333086048,24.673545382200004,5.485490196078431,5.0
7,2017/18,1126,1837.6997048421138,1.632060128634204,781.7277975133215,499.25,1015.9832838497726,739.9971136767318,480.0,165.90709046454768,0.0,588.1907090464548,345.0,145.75777087033748,0.0,251.48334813499113,75.0,149.7275754884547,0.0,229.2648756660746,60.0,13.39853463587922,0.0,34.33947602131439,0.0,19.8452486678508,0.0,28.613454706927175,0.0,8.13499111900533,0.0,10.384103019538188,0.0,19.087477797513323,0.0,68.72957371225577,0.0,4.0,1.0,2.783303730017762,2.0,0.45011600928074247,0.8561484918793504,0.0,0.30654761904761907,0.5848214285714286,0.0,,,0.18208516886930984,0.0,0.1488095238095238,0.10714285714285714,0.09077380952380952,0.052083333333333336,0.06547619047619048,0.05803571428571429,0.0625,25.108765078287973,24.530134575565977,5.234177215189874,5.0
7,2018/19,1134,1916.2666469142073,1.6898294946333399,751.5167548500882,470.0,902.2287826252297,715.1106701940035,448.75,131.67511520737327,0.0,604.6791474654378,330.0,121.7991622574956,0.0,256.0846560846561,98.75,146.63712522045856,0.0,227.2993827160494,60.0,8.79210758377425,0.0,24.078924162257497,0.0,22.509920634920636,0.0,37.160493827160494,0.0,3.6413139329805997,0.0,7.411816578483245,0.0,18.51851851851852,0.0,73.23500881834215,0.0,4.0,1.0,2.86331569664903,2.0,0.4382284382284382,0.8228438228438228,0.0,0.26598837209302323,0.5247093023255814,0.0,,,,,0.12209302325581395,0.12354651162790697,0.07267441860465117,0.061046511627906974,0.05232558139534884,0.0377906976744186,0.055232558139534885,25.01110764334003,24.61810377477591,5.363636363636363,5.0
7,2019/20,869,1580.1088045697181,1.8183070248213098,681.7842347525892,420.0,839.7426818091903,622.1205408515535,375.0,117.88930348258707,0.0,488.6710199004975,238.125,114.07451093210587,0.0,223.60327963176064,37.5,137.021001150748,0.0,138.2422324510932,0.0,13.826237054085155,0.0,18.209723820483315,0.0,16.631185270425778,0.0,19.732451093210585,0.0,3.5630034522439584,0.0,2.140391254315305,0.0,8.204833141542002,0.0,82.76179516685846,0.0,0.0,0.0,2.300345224395857,2.0,0.48394004282655245,0.8950749464668094,0.0,0.2289988492520138,0.4315304948216341,0.0,3.510752688172043,4.0,0.5352601156069364,0.0,0.09205983889528194,0.09666283084004602,0.0667433831990794,0.04948216340621404,0.04027617951668585,0.03682393555811277,0.04948216340621404,24.984690722143036,24.437330461512587,5.327124563445867,5.0
7,2020/21,1169,2113.911259311584,1.8083073219089685,620.3490162532079,440.0,728.0078952078093,579.8180068434559,400.0,116.7585685483871,0.0,477.56703629032256,270.0,109.7814371257485,0.0,222.05196749358427,60.0,110.09837467921301,0.0,115.38088109495295,0.0,8.767108639863132,0.0,20.575705731394354,0.0,14.698032506415739,0.0,17.981180496150557,0.0,17.22262617621899,0.0,3.4580838323353293,0.0,0.01283147989734816,0.0,66.13943541488452,0.0,1.0,1.0,2.32420872540633,2.0,0.3645621181262729,0.6476578411405295,0.0,0.1540020263424519,0.2563323201621074,0.0,3.3767123287671232,3.0,0.381243628950051,0.0,0.05572441742654509,0.0486322188449848,0.04660587639311044,0.03850050658561297,0.03951367781155015,0.017223910840932118,0.010131712259371834,25.27806246230171,24.683440174572443,3.7807486631016043,4.0
7,2021/22,1227,2149.5671176831615,1.7518884414695692,780.9455990220049,495.0,1090.938446649042,744.8367970660147,475.0,131.1338028169014,0.0,541.8053319919517,300.0,139.1138956805216,0.0,279.21108394458025,90.0,140.81601466992666,0.0,194.41279543602283,30.0,8.937041564792176,0.0,29.3520782396088,0.0,28.686634066829665,0.0,31.0240423797881,0.0,16.950285248573756,0.0,6.027302363488182,0.0,8.649551752241239,0.0,70.5961695191524,0.0,1.0,1.0,2.8158109209453954,2.0,0.39960629921259844,0.7145669291338582,0.0,0.21194029850746268,0.3681592039800995,0.0,3.405940594059406,4.0,0.5505505505505506,0.0,0.08059701492537313,0.07661691542288557,0.07064676616915423,0.03681592039800995,0.03880597014925373,0.025870646766169153,0.03880597014925373,25.268041584553323,24.80906477921255,3.682472480948349,4.0
7,2022/23,1265,2088.8092879800392,1.6512326387193985,763.4662055335968,450.0,1085.273398813543,714.1409090909091,420.0,160.46612595419847,0.0,488.52576335877865,225.0,129.48162055335968,0.0,264.5749011857707,90.0,129.58458498023717,0.0,187.69584980237155,30.0,14.179644268774704,0.0,41.00494071146245,0.0,24.99407114624506,0.0,37.78656126482213,0.0,14.340909090909092,0.0,5.790513833992095,0.0,13.393280632411066,0.0,57.78181818181818,0.0,1.0,1.0,2.7146245059288536,2.0,0.18972332015810275,0.3675889328063241,0.0,0.21951219512195122,0.3789868667917448,0.0,3.286995515695067,3.0,0.5726415094339623,0.0,0.08536585365853659,0.07598499061913697,0.06566604127579738,0.043151969981238276,0.04784240150093809,0.02626641651031895,0.03470919324577861,25.378772477689992,24.816326530612244,3.6136363636363638,3.0
8,2016/17,720,1552.4800135446017,2.156222241034169,933.39375,645.0,1039.0917629973276,922.4465277777778,640.0,310.4792490118577,75.0,571.8310276679842,360.0,247.7236111111111,30.0,319.3385416666667,100.0,143.63680555555555,0.0,265.7920138888889,60.0,50.46006944444444,0.0,40.00763888888889,0.0,11.64375,0.0,38.886805555555554,0.0,2.5052083333333335,0.0,6.458333333333333,0.0,17.914930555555557,0.0,77.75486111111111,0.0,4.0,4.0,3.1375,3.0,0.5669291338582677,1.2165354330708662,1.0,0.23672566371681417,0.42920353982300885,0.0,,,0.11159737417943107,0.0,0.1084070796460177,0.0420353982300885,0.08628318584070796,0.05530973451327434,0.05309734513274336,0.030973451327433628,0.05309734513274336,23.43981288395526,22.93975069252077,5.209335219236209,5.0
8,2017/18,656,1550.5891805286867,2.3637030190986077,990.657774390244,652.5,1194.5671364894852,978.546493902439,639.25,365.38186813186815,120.0,534.8195970695971,350.0,275.842987804878,65.0,336.5060975609756,128.75,149.155868902439,0.0,277.7176067073171,100.0,57.948170731707314,0.0,33.13376524390244,0.0,17.884908536585368,0.0,60.18292682926829,0.0,1.8102134146341464,0.0,7.465701219512195,0.0,14.108231707317072,0.0,73.16615853658537,0.0,4.0,1.0,3.2820121951219514,3.0,0.6551724137931034,1.3922413793103448,1.0,0.22033898305084745,0.4092009685230024,0.0,,,0.0883054892601432,0.0,0.11380145278450363,0.0387409200968523,0.07506053268765134,0.0387409200968523,0.06779661016949153,0.03389830508474576,0.04116222760290557,23.326628730964238,22.55340815590446,5.268025078369906,5.0
8,2018/19,719,1557.8818402290917,2.1667341310557604,1015.8772600834492,690.0,1060.5992003562153,1003.1331710709319,690.0,333.475,120.0,611.0958333333333,330.0,261.4009040333797,60.0,347.50625869262865,150.0,157.7096662030598,0.0,285.1449930458971,100.0,47.66550764951321,0.0,34.14186369958276,0.0,19.883518776077885,0.0,86.15333796940195,0.0,1.2969401947148818,0.0,9.707927677329625,0.0,15.625869262865091,0.0,75.7865090403338,0.0,4.0,1.0,3.388038942976356,3.0,0.5601503759398496,1.093984962406015,1.0,0.21973094170403587,0.36771300448430494,0.0,,,,,0.10089686098654709,0.03139013452914798,0.08295964125560538,0.033632286995515695,0.0515695067264574,0.02914798206278027,0.03811659192825112,23.580447112357234,22.833292822028838,5.209039548022599,5.0
8,2019/20,649,1292.273461122688,1.9911763653662375,911.9641756548536,630.0,1019.2066693866354,888.0350539291218,615.0,215.5976331360947,36.25,606.7884615384615,420.0,227.81548536209553,30.0,302.05701078582433,120.0,164.3771186440678,0.0,205.39483821263482,7.5,30.65292758089368,0.0,15.974576271186441,0.0,12.174499229583976,0.0,55.70493066255778,0.0,1.99537750385208,0.0,3.0161787365177197,0.0,7.696456086286595,0.0,98.11902927580894,0.0,1.0,1.0,3.0755007704160247,3.0,0.6045016077170418,1.3440514469453375,1.0,0.18335901386748846,0.3020030816640986,0.0,3.3518518518518516,3.5,0.3894080996884735,0.0,0.09090909090909091,0.023112480739599383,0.05701078582434515,0.023112480739599383,0.04930662557781202,0.02157164869029276,0.03697996918335902,23.75698728438321,23.12939649798659,5.249221183800623,5.0
8,2020/21,678,1524.085932354281,2.2479143545048395,809.702802359882,511.25,904.1640283091044,798.1762536873156,505.0,164.45272727272726,0.0,553.6663636363636,300.0,197.43215339233038,0.0,327.78134218289085,120.0,126.92662241887906,0.0,179.23082595870207,21.25,26.36135693215339,0.0,26.149705014749262,0.0,10.213126843657816,0.0,42.10398230088496,0.0,2.5966076696165192,0.0,7.632743362831858,0.0,0.5530973451327433,0.0,59.3783185840708,0.0,1.0,1.0,2.8392330383480826,2.0,0.4857142857142857,0.9333333333333333,0.0,0.1,0.13559322033898305,0.0,3.0,3.0,0.24744027303754265,0.0,0.03728813559322034,0.01864406779661017,0.030508474576271188,0.011864406779661017,0.01864406779661017,0.00847457627118644,0.010169491525423728,23.742202733582314,22.956349120721512,3.8271604938271606,4.0
8,2021/22,646,1449.6065873902621,2.243973045495762,1053.3839009287926,670.0,1493.8720069430365,1043.5696594427245,660.0,284.48104693140795,75.0,653.1768953068593,390.0,266.08049535603715,17.5,398.1377708978328,180.0,140.07430340557275,0.0,232.92453560371516,90.0,64.72910216718266,0.0,34.23761609907121,0.0,19.476393188854487,0.0,69.08862229102168,0.0,8.616486068111454,0.0,4.195046439628483,0.0,11.480263157894736,0.0,71.13390092879257,0.0,1.0,1.0,3.331269349845201,3.0,0.5324232081911263,1.204778156996587,1.0,0.1456140350877193,0.24385964912280703,0.0,3.486842105263158,3.0,0.3102836879432624,0.0,0.056140350877192984,0.03508771929824561,0.042105263157894736,0.021052631578947368,0.04912280701754386,0.010526315789473684,0.02982456140350877,23.5714422664998,22.78940016397816,3.8038585209003215,4.0
8,2022/23,692,1522.3998717638601,2.199999814687659,1056.4306358381502,759.375,1179.1684544268344,1044.2485549132948,747.5,296.6452464788732,120.0,703.6742957746479,443.125,261.1094653179191,45.0,431.8829479768786,184.5,119.42268786127168,0.0,278.8128612716763,100.0,44.74349710982659,0.0,37.32044797687861,0.0,15.803829479768787,0.0,80.66329479768787,0.0,5.527817919075145,0.0,6.217485549132948,0.0,9.563222543352602,0.0,77.4375,0.0,1.0,1.0,3.5346820809248554,3.0,0.27601156069364163,0.6170520231213873,0.0,0.1760797342192691,0.29900332225913623,0.0,3.326530612244898,3.0,0.3639398998330551,0.0,0.053156146179401995,0.03820598006644518,0.05149501661129568,0.03986710963455149,0.03986710963455149,0.026578073089700997,0.04983388704318937,24.108350930091852,23.30943205545386,3.736377025036819,3.0
9,2016/17,242,307.83187039072965,1.2720325222757423,446.55371900826447,75.0,911.6736593815673,419.6012396694215,60.0,60.91463414634146,0.0,263.1707317073171,0.0,47.164256198347104,0.0,279.97830578512395,0.0,47.31404958677686,0.0,175.2055785123967,0.0,14.659090909090908,0.0,6.9421487603305785,0.0,0.24793388429752067,0.0,14.674586776859504,0.0,1.6942148760330578,0.0,0.0,0.0,0.0,0.0,10.847107438016529,0.0,3.0,3.0,1.06198347107438,1.0,0.1292517006802721,0.1836734693877551,0.0,0.08387096774193549,0.13548387096774195,0.0,,,0.06289308176100629,0.0,0.04516129032258064,0.01935483870967742,0.03225806451612903,0.0,0.0064516129032258064,0.012903225806451613,0.01935483870967742,28.184963405894823,27.47252747252747,4.456521739130435,4.0
9,2017/18,227,317.26044198872114,1.3976230924613267,414.8887665198238,82.5,749.3124293114292,358.0220264317181,33.75,39.80821917808219,0.0,230.17123287671234,0.0,45.5,0.0,261.3116740088106,0.0,17.874449339207047,0.0,156.78964757709252,0.0,7.63215859030837,0.0,2.643171806167401,0.0,1.6079295154185023,0.0,4.797356828193832,0.0,0.0,0.0,3.8766519823788546,0.0,0.0,0.0,3.694933920704846,0.0,3.0,0.0,1.039647577092511,1.0,0.14925373134328357,0.16417910447761194,0.0,0.11486486486486487,0.21621621621621623,0.0,,,0.038461538461538464,0.0,0.08108108108108109,0.013513513513513514,0.033783783783783786,0.013513513513513514,0.02027027027027027,0.006756756756756757,0.0472972972972973,28.999023670190077,27.634652433544662,4.390697674418605,4.0
9,2018/19,193,242.38701755492005,1.2558912826679796,455.53756476683935,75.0,823.7372834759329,427.9080310880829,60.0,146.25,0.0,308.3541666666667,0.0,104.25906735751295,0.0,295.8873056994819,0.0,12.67098445595855,0.0,155.55310880829015,0.0,32.487046632124354,0.0,0.0,0.0,1.0880829015544042,0.0,3.4585492227979273,0.0,0.0,0.0,0.0,0.0,0.0,0.0,8.549222797927461,0.0,3.0,0.0,1.1088082901554404,1.0,0.10714285714285714,0.3392857142857143,0.0,0.03731343283582089,0.03731343283582089,0.0,,,,,0.014925373134328358,0.007462686567164179,0.007462686567164179,0.0,0.0,0.0,0.007462686567164179,28.68240912617621,28.1414111428184,4.342245989304812,4.0
9,2019/20,169,223.90415201231886,1.324876639126147,489.54881656804736,40.0,1097.9107097329043,427.77366863905326,0.0,72.16292134831461,0.0,367.05337078651684,0.0,72.8698224852071,0.0,252.60207100591717,0.0,57.77514792899408,0.0,107.68491124260355,0.0,25.576923076923077,0.0,0.0,0.0,5.325443786982248,0.0,1.301775147928994,0.0,0.0,0.0,2.6183431952662723,0.0,0.0,0.0,14.615384615384615,0.0,0.0,0.0,0.8579881656804734,0.0,0.125,0.175,0.0,0.09467455621301775,0.15384615384615385,0.0,3.1333333333333333,3.0,0.26785714285714285,0.0,0.03550295857988166,0.023668639053254437,0.029585798816568046,0.0,0.023668639053254437,0.011834319526627219,0.029585798816568046,28.883821748618224,28.073682672296385,4.5568862275449105,4.0
9,2020/21,207,253.1910460153632,1.2231451498326724,384.1159420289855,20.0,741.914287444662,332.3647342995169,0.0,40.22727272727273,0.0,275.84415584415586,0.0,44.4987922705314,0.0,231.68236714975845,0.0,24.420289855072465,0.0,71.78743961352657,0.0,7.886473429951691,0.0,14.347826086956522,0.0,0.8695652173913043,0.0,13.333333333333334,0.0,4.130434782608695,0.0,1.7391304347826086,0.0,0.0,0.0,6.696859903381642,0.0,0.0,0.0,0.8260869565217391,0.0,0.07142857142857142,0.08333333333333333,0.0,0.08695652173913043,0.16770186335403728,0.0,3.5,4.0,0.20625,0.0,0.037267080745341616,0.037267080745341616,0.024844720496894408,0.012422360248447204,0.031055900621118012,0.006211180124223602,0.018633540372670808,27.13461829879948,25.85887602104262,3.3131868131868134,3.0
9,2021/22,235,301.34144574259665,1.2823040244365815,369.2372340425532,37.5,818.7267667133611,329.8670212765957,15.0,38.68589743589744,0.0,168.3301282051282,0.0,70.29787234042553,0.0,211.98936170212767,0.0,22.1968085106383,0.0,91.0968085106383,0.0,10.73404255319149,0.0,1.0212765957446808,0.0,0.1276595744680851,0.0,3.4468085106382977,0.0,0.0,0.0,0.10638297872340426,0.0,0.0,0.0,9.595744680851064,0.0,0.0,0.0,0.8936170212765957,0.0,0.13725490196078433,0.21568627450980393,0.0,0.03333333333333333,0.06111111111111111,0.0,4.166666666666667,4.0,0.11666666666666667,0.0,0.005555555555555556,0.005555555555555556,0.011111111111111112,0.0,0.011111111111111112,0.005555555555555556,0.022222222222222223,28.494533719024968,27.34165680875717,3.3,3.0
9,2022/23,266,321.63533129521153,1.2091553808090658,370.52913533834584,22.5,880.6654349672424,326.937030075188,0.0,47.590090090090094,0.0,214.6509009009009,0.0,61.67763157894737,0.0,199.84586466165413,0.0,32.10526315789474,0.0,105.0140977443609,0.0,15.864661654135338,0.0,6.268796992481203,0.0,0.5639097744360902,0.0,21.81203007518797,0.0,1.3533834586466165,0.0,5.639097744360902,0.0,0.0,0.0,4.830827067669173,0.0,0.0,0.0,0.8045112781954887,0.0,0.03383458646616541,0.045112781954887216,0.0,0.0794392523364486,0.09345794392523364,0.0,3.25,3.0,0.20187793427230047,0.0,0.03271028037383177,0.018691588785046728,0.009345794392523364,0.004672897196261682,0.009345794392523364,0.004672897196261682,0.014018691588785047,30.01607422438525,28.468023064944447,3.1021276595744682,3.0
10,2016/17,570,838.3897661844621,1.470859238920109,816.3811403508772,596.25,849.3959635370527,731.1100877192982,502.5,190.05277777777778,0.0,604.7888888888889,360.0,155.52412280701753,0.0,292.22719298245613,120.0,102.47368421052632,0.0,175.27894736842106,13.75,20.178070175438595,0.0,12.595614035087719,0.0,32.85701754385965,0.0,42.35175438596491,0.0,1.7135964912280701,0.0,6.105263157894737,0.0,12.210526315789474,0.0,61.6719298245614,0.0,4.0,4.0,2.7017543859649122,2.0,0.4878048780487805,0.9214092140921409,0.0,0.2553191489361702,0.5398936170212766,0.0,,,0.14323607427055704,0.0,0.1702127659574468,0.061170212765957445,0.05851063829787234,0.05053191489361702,0.08776595744680851,0.0398936170212766,0.07180851063829788,25.569945932047695,24.963653859371657,5.927816901408451,6.0
10,2017/18,527,817.0588645106653,1.550396327344716,902.3799810246679,645.0,978.0388591085871,850.3145161290323,600.0,190.73358585858585,0.0,607.7676767676768,337.5,175.06261859582543,0.0,388.008064516129,150.5,144.03368121442125,0.0,241.01565464895637,56.25,17.116223908918407,0.0,15.19449715370019,0.0,22.604364326375713,0.0,55.10436432637571,0.0,0.44259962049335866,0.0,8.553130929791271,0.0,5.806451612903226,0.0,56.75237191650854,0.0,4.0,1.0,2.8975332068311195,3.0,0.5595238095238095,1.0238095238095237,1.0,0.3218390804597701,0.5890804597701149,0.0,,,0.14857142857142858,0.0,0.1839080459770115,0.09195402298850575,0.07758620689655173,0.040229885057471264,0.09482758620689655,0.04310344827586207,0.05747126436781609,25.900833880826422,25.41481593187693,5.638461538461539,5.0
10,2018/19,565,1007.0292197957292,1.7823526014083704,817.6495575221239,540.0,898.1609175906148,752.3070796460177,496.25,228.81456043956044,30.0,546.3763736263736,285.0,178.32477876106194,0.0,311.7092920353982,125.0,121.53407079646017,0.0,192.80752212389382,37.5,23.56637168141593,0.0,9.004424778761061,0.0,27.52212389380531,0.0,39.04070796460177,0.0,3.3185840707964602,0.0,5.424778761061947,0.0,7.008849557522124,0.0,48.684070796460176,0.0,4.0,1.0,2.83716814159292,2.0,0.5432692307692307,0.9567307692307693,1.0,0.24285714285714285,0.4114285714285714,0.0,,,,,0.12571428571428572,0.07142857142857142,0.05714285714285714,0.02857142857142857,0.05142857142857143,0.03142857142857143,0.045714285714285714,25.805736241516918,25.475857012275085,5.36231884057971,5.0
10,2019/20,448,765.0221258254744,1.7076386737175768,826.1222098214286,542.5,965.375595869079,729.4469866071429,428.75,124.6767441860465,0.0,526.2837209302326,250.0,115.53850446428571,0.0,335.05636160714283,123.75,153.82756696428572,0.0,156.84430803571428,0.0,9.9609375,0.0,14.196428571428571,0.0,15.864955357142858,0.0,35.083705357142854,0.0,0.13392857142857142,0.0,2.2098214285714284,0.0,9.274553571428571,0.0,62.75111607142857,0.0,1.0,0.0,2.330357142857143,2.0,0.5278969957081545,0.9356223175965666,1.0,0.22544642857142858,0.43973214285714285,0.0,3.648936170212766,4.0,0.5336322869955157,0.0,0.10714285714285714,0.060267857142857144,0.049107142857142856,0.033482142857142856,0.08258928571428571,0.060267857142857144,0.046875,25.917157722801942,25.10968482436883,5.291479820627803,5.0
10,2020/21,656,1199.6816901991149,1.828783064327919,814.4310213414634,536.25,952.8480230671232,741.7461890243902,480.0,173.4232365145228,0.0,623.6597510373444,307.5,152.9466463414634,0.0,339.7557164634146,135.0,134.4203506097561,0.0,123.07317073170732,0.0,7.636051829268292,0.0,8.54611280487805,0.0,14.977134146341463,0.0,32.858231707317074,0.0,2.294207317073171,0.0,2.6410060975609757,0.0,0.0,0.0,72.42378048780488,0.0,1.0,1.0,2.3826219512195124,2.0,0.4232209737827715,0.7453183520599251,0.0,0.16929133858267717,0.2578740157480315,0.0,3.2911392405063293,3.0,0.3872255489021956,0.0,0.07283464566929133,0.04330708661417323,0.03937007874015748,0.015748031496062992,0.03543307086614173,0.02952755905511811,0.021653543307086614,26.104606241067607,25.214646140708894,4.0883280757097795,4.0
10,2021/22,647,1132.5569247016101,1.7504743813007884,881.9072642967543,570.0,1132.4517739038804,810.1901081916537,487.5,170.8393536121673,0.0,534.6958174904943,300.0,181.91808346213293,0.0,360.0788253477589,150.0,140.09891808346214,0.0,197.3129829984544,0.0,13.498840803709427,0.0,10.050231839258114,0.0,17.66228748068006,0.0,51.255795981452856,0.0,2.8284389489953634,0.0,6.221020092735703,0.0,11.534003091190108,0.0,52.95401854714065,0.0,1.0,1.0,2.6043276661514683,2.0,0.4605809128630705,0.6929460580912863,0.0,0.19642857142857142,0.3630952380952381,0.0,3.597826086956522,4.0,0.4760956175298805,0.0,0.0992063492063492,0.057539682539682536,0.0496031746031746,0.027777777777777776,0.057539682539682536,0.02976190476190476,0.041666666666666664,25.91144585630643,25.193306871261193,3.8811410459587954,4.0
10,2022/23,701,1034.4206943465942,1.4756357979266679,949.7357346647647,600.0,1180.0676999994216,886.6558487874465,525.0,219.9478417266187,0.0,644.418165467626,375.0,208.8987161198288,0.0,399.58309557774606,170.0,132.25962910128388,0.0,208.29208273894437,37.5,20.283523537803138,0.0,8.712553495007132,0.0,19.380171184022824,0.0,61.47539229671897,0.0,3.3737517831669046,0.0,11.458630527817403,0.0,12.069186875891583,0.0,62.810271041369475,0.0,1.0,1.0,2.7774607703281027,2.0,0.15691868758915833,0.268188302425107,0.0,0.2062043795620438,0.3759124087591241,0.0,3.798076923076923,4.0,0.48811700182815354,0.0,0.09124087591240876,0.04927007299270073,0.05291970802919708,0.029197080291970802,0.051094890510948905,0.058394160583941604,0.043795620437956206,26.0564746941622,25.475857012275085,4.0,4.0
11,2016/17,554,1309.1375665415069,2.363064199533406,655.4350180505415,300.0,1073.9204758061023,569.6836642599278,240.0,145.9345238095238,0.0,394.2485119047619,183.75,126.32129963898917,0.0,279.2964801444043,60.0,68.78610108303249,0.0,175.60965703971118,0.0,30.245938628158846,0.0,7.1796028880866425,0.0,6.669675090252707,0.0,29.33664259927798,0.0,0.27752707581227437,0.0,0.21660649819494585,0.0,2.743682310469314,0.0,22.486462093862816,0.0,4.0,4.0,1.6588447653429603,1.0,0.2640449438202247,0.4044943820224719,0.0,0.14864864864864866,0.25405405405405407,0.0,,,0.0712401055408971,0.0,0.08648648648648649,0.03513513513513514,0.016216216216216217,0.016216216216216217,0.043243243243243246,0.024324324324324326,0.032432432432432434,26.55924897756766,25.723157448697496,4.869158878504673,4.0
11,2017/18,504,1313.8842910639382,2.6069132759205123,661.342757936508,300.0,1017.2615144443021,587.4300595238095,235.0,144.38425925925927,0.0,468.1296296296296,177.5,96.56001984126983,0.0,350.7554563492063,63.75,62.19940476190476,0.0,224.39632936507937,0.0,18.311011904761905,0.0,10.104166666666666,0.0,7.760416666666667,0.0,16.03174603174603,0.0,2.3288690476190474,0.0,1.4682539682539681,0.0,1.3095238095238095,0.0,21.846230158730158,0.0,4.0,1.0,1.6686507936507937,1.0,0.22289156626506024,0.3253012048192771,0.0,0.1524390243902439,0.27134146341463417,0.0,,,0.06845238095238096,0.0,0.07926829268292683,0.04878048780487805,0.021341463414634148,0.027439024390243903,0.03048780487804878,0.027439024390243903,0.036585365853658534,26.689411568903438,26.195476563854527,4.797570850202429,4.5
11,2018/19,470,1262.183788279808,2.685497421871932,610.0994680851064,307.5,817.8546791448201,530.4015957446809,268.125,67.48493975903614,0.0,423.05120481927713,150.0,132.16382978723405,0.0,277.53670212765957,75.0,47.76755319148936,0.0,167.83085106382978,0.0,20.79787234042553,0.0,12.73404255319149,0.0,9.925531914893616,0.0,9.47872340425532,0.0,3.765957446808511,0.0,7.508510638297873,0.0,0.4787234042553192,0.0,32.40106382978723,0.0,4.0,1.0,1.748936170212766,1.0,0.26143790849673204,0.33986928104575165,0.0,0.20132013201320131,0.35313531353135313,0.0,,,,,0.10891089108910891,0.056105610561056105,0.039603960396039604,0.019801980198019802,0.0462046204620462,0.033003300330033,0.04950495049504951,26.74853697840358,26.074663305928823,4.6173913043478265,4.0
11,2019/20,360,781.9154638114558,2.171987399476266,688.6520833333333,300.0,1214.925571571953,583.3763888888889,193.75,116.47916666666667,0.0,413.3638888888889,123.75,117.64236111111111,0.0,327.2965277777778,75.0,74.03819444444444,0.0,167.60694444444445,0.0,17.604166666666668,0.0,3.6083333333333334,0.0,1.0430555555555556,0.0,10.958333333333334,0.0,0.4166666666666667,0.0,0.7361111111111112,0.0,3.0,0.0,26.72361111111111,0.0,0.0,0.0,1.4222222222222223,1.0,0.26666666666666666,0.4222222222222222,0.0,0.14166666666666666,0.23055555555555557,0.0,3.8085106382978724,4.0,0.33519553072625696,0.0,0.06111111111111111,0.03333333333333333,0.03333333333333333,0.022222222222222223,0.030555555555555555,0.013888888888888888,0.03611111111111111,26.910073388343683,26.12244897959184,4.867435158501441,5.0
11,2020/21,504,1251.8497315261195,2.4838288323930944,529.4295634920635,225.0,878.8487820205783,453.80555555555554,150.0,32.27657004830918,0.0,339.1340579710145,105.0,57.961309523809526,0.0,293.51140873015873,45.375,57.385912698412696,0.0,127.47321428571429,0.0,5.773809523809524,0.0,3.751984126984127,0.0,5.817460317460317,0.0,12.049603174603174,0.0,4.513888888888889,0.0,6.502976190476191,0.0,0.11904761904761904,0.0,21.949404761904763,0.0,1.0,0.0,1.2638888888888888,1.0,0.17045454545454544,0.2727272727272727,0.0,0.06527415143603134,0.09399477806788512,0.0,3.608695652173913,4.0,0.13756613756613756,0.0,0.02610966057441253,0.02610966057441253,0.013054830287206266,0.0,0.010443864229765013,0.010443864229765013,0.007832898172323759,27.219015885933867,26.209758145330383,3.3714285714285714,3.0
11,2021/22,474,1051.4977108628102,2.218349600976393,675.7610759493671,300.0,1214.0892020992603,581.2278481012659,240.0,103.7874251497006,0.0,399.08383233532936,150.0,128.5210970464135,0.0,295.579641350211,47.5,73.38818565400844,0.0,178.39293248945148,0.0,24.709915611814345,0.0,11.112869198312236,0.0,7.579113924050633,0.0,14.098101265822784,0.0,2.668776371308017,0.0,8.386075949367088,0.0,5.443037974683544,0.0,20.466244725738395,0.0,0.0,0.0,1.5021097046413503,1.0,0.1827956989247312,0.23655913978494625,0.0,0.1274787535410765,0.2096317280453258,0.0,3.3902439024390243,3.0,0.3835227272727273,0.0,0.04815864022662889,0.014164305949008499,0.031161473087818695,0.0169971671388102,0.036827195467422094,0.031161473087818695,0.031161473087818695,27.075739483809585,26.28579482559425,3.4145785876993164,3.0
11,2022/23,449,969.1407386291444,2.15844262500923,622.1597995545657,240.0,1152.4887975631975,556.1442093541202,180.0,164.45698924731184,0.0,382.27150537634407,88.75,101.80623608017818,0.0,325.59298440979956,25.0,59.69933184855234,0.0,194.57572383073497,0.0,29.08129175946548,0.0,7.7461024498886415,0.0,1.8151447661469933,0.0,24.01336302895323,0.0,1.1024498886414253,0.0,6.848552338530067,0.0,0.5679287305122495,0.0,17.85077951002227,0.0,0.0,0.0,1.4810690423162582,1.0,0.08240534521158129,0.13808463251670378,0.0,0.11891891891891893,0.20540540540540542,0.0,3.682926829268293,4.0,0.31521739130434784,0.0,0.043243243243243246,0.03783783783783784,0.043243243243243246,0.013513513513513514,0.01891891891891892,0.02972972972972973,0.01891891891891892,27.512579583538283,26.59638583635676,3.2094117647058824,3.0
12,2016/17,237,426.19427053328,1.7982880613218566,583.3449367088608,201.25,871.8801027769368,553.4820675105485,160.0,107.62820512820512,0.0,395.12820512820514,140.625,96.01793248945148,0.0,344.48839662447256,70.0,21.213080168776372,0.0,222.51054852320675,0.0,42.24683544303797,0.0,4.451476793248945,0.0,0.9451476793248945,0.0,1.8987341772151898,0.0,4.435654008438819,0.0,2.278481012658228,0.0,0.4430379746835443,0.0,27.341772151898734,0.0,4.0,4.0,1.3544303797468353,1.0,0.20666666666666667,0.25333333333333335,0.0,0.17647058823529413,0.30718954248366015,0.0,,,0.0718954248366013,0.0,0.08496732026143791,0.05228758169934641,0.032679738562091505,0.0196078431372549,0.032679738562091505,0.05228758169934641,0.032679738562091505,27.02184132252417,25.79314370124514,4.578703703703703,4.0
12,2017/18,206,411.47620283974345,1.9974572953385605,536.9235436893204,180.0,799.9549769596431,482.50606796116506,155.0,148.65151515151516,0.0,268.8484848484849,65.0,88.83373786407768,0.0,294.04611650485435,52.5,23.1626213592233,0.0,179.84223300970874,0.0,47.62135922330097,0.0,5.946601941747573,0.0,1.8203883495145632,0.0,1.7354368932038835,0.0,1.0558252427184467,0.0,0.14563106796116504,0.0,1.6019417475728155,0.0,20.49757281553398,0.0,4.0,0.5,1.3737864077669903,1.0,0.19230769230769232,0.2692307692307692,0.0,0.1487603305785124,0.24793388429752067,0.0,,,0.06349206349206349,0.0,0.09090909090909091,0.049586776859504134,0.008264462809917356,0.008264462809917356,0.024793388429752067,0.0,0.06611570247933884,26.84391642630303,25.62673632252743,4.402061855670103,4.0
12,2018/19,199,402.2512924516568,2.021363278651542,737.643216080402,260.0,1408.6114362197973,666.2085427135678,240.0,74.55357142857143,0.0,450.86309523809524,127.5,83.71859296482413,0.0,441.39447236180905,120.0,29.472361809045225,0.0,251.88442211055278,0.0,47.04145728643216,0.0,38.29145728643216,0.0,6.407035175879397,0.0,19.849246231155778,0.0,10.175879396984925,0.0,1.8090452261306533,0.0,1.5075376884422111,0.0,14.585427135678392,0.0,4.0,0.0,1.5678391959798994,1.0,0.1935483870967742,0.3548387096774194,0.0,0.15671641791044777,0.1865671641791045,0.0,,,,,0.05223880597014925,0.05970149253731343,0.022388059701492536,0.007462686567164179,0.014925373134328358,0.014925373134328358,0.014925373134328358,26.868729080515322,26.433828360028905,4.372972972972973,4.0
12,2019/20,134,248.81336400675,1.8568161493041044,588.554104477612,112.5,1215.684745999537,523.125,84.375,80.94,0.0,438.15,30.0,125.75,0.0,277.5018656716418,0.0,29.90671641791045,0.0,129.4962686567164,0.0,36.51119402985075,0.0,34.58955223880597,0.0,0.0,0.0,1.8470149253731343,0.0,2.798507462686567,0.0,0.6716417910447762,0.0,0.11194029850746269,0.0,24.854477611940297,0.0,0.0,0.0,1.007462686567164,1.0,0.1694915254237288,0.3050847457627119,0.0,0.1865671641791045,0.31343283582089554,0.0,3.238095238095238,3.0,0.44696969696969696,0.0,0.08955223880597014,0.07462686567164178,0.029850746268656716,0.022388059701492536,0.022388059701492536,0.029850746268656716,0.04477611940298507,28.41719190988784,26.777124832237067,4.380952380952381,4.0
12,2020/21,180,313.8623703463375,1.7436798352574305,466.14444444444445,120.0,757.445697002439,432.4527777777778,82.5,49.8,0.0,268.56666666666666,25.0,72.75,0.0,274.6333333333333,0.0,29.444444444444443,0.0,148.85972222222222,0.0,23.40277777777778,0.0,9.347222222222221,0.0,3.375,0.0,6.694444444444445,0.0,3.6944444444444446,0.0,2.3333333333333335,0.0,0.0,0.0,17.5,0.0,0.0,0.0,1.238888888888889,1.0,0.11538461538461539,0.21794871794871795,0.0,0.08496732026143791,0.12418300653594772,0.0,3.8181818181818183,4.0,0.19736842105263158,0.0,0.026143790849673203,0.032679738562091505,0.0196078431372549,0.006535947712418301,0.006535947712418301,0.006535947712418301,0.026143790849673203,27.729597471141233,26.30867803912289,2.949044585987261,3.0
12,2021/22,193,327.673129531757,1.6977882359158394,626.1295336787565,200.0,1181.3307421405507,582.5790155440415,180.0,36.63461538461539,0.0,411.9935897435897,48.75,43.76424870466321,0.0,424.32512953367876,37.5,33.39378238341969,0.0,264.08678756476684,0.0,19.974093264248705,0.0,22.88860103626943,0.0,5.751295336787565,0.0,0.31088082901554404,0.0,15.479274611398964,0.0,5.284974093264249,0.0,0.0,0.0,11.036269430051814,0.0,0.0,0.0,1.1761658031088082,1.0,0.21978021978021978,0.2967032967032967,0.0,0.11834319526627218,0.16568047337278108,0.0,3.5294117647058822,4.0,0.25748502994011974,0.0,0.047337278106508875,0.04142011834319527,0.029585798816568046,0.005917159763313609,0.005917159763313609,0.005917159763313609,0.029585798816568046,29.311752840911897,28.084110299431803,2.8488372093023258,3.0
12,2022/23,181,299.12609589609747,1.652630364066837,592.7486187845304,150.0,1051.4428200418345,540.0138121546961,135.0,89.11971830985915,0.0,422.42957746478874,90.0,46.767955801104975,0.0,387.292817679558,0.0,15.151933701657459,0.0,259.896408839779,0.0,37.14088397790055,0.0,7.002762430939226,0.0,4.640883977900552,0.0,4.806629834254144,0.0,9.613259668508288,0.0,0.0,0.0,0.0,0.0,19.433701657458563,0.0,0.0,0.0,1.149171270718232,1.0,0.0718232044198895,0.09392265193370165,0.0,0.14102564102564102,0.23076923076923078,0.0,3.176470588235294,3.0,0.38311688311688313,0.0,0.0641025641025641,0.04487179487179487,0.038461538461538464,0.02564102564102564,0.02564102564102564,0.00641025641025641,0.02564102564102564,28.935798967487703,26.883931267212596,2.5950920245398774,2.0
13,2016/17,397,562.3719140922911,1.416553939779071,485.9792191435768,186.25,758.7288620789782,392.0686397984887,120.0,62.590090090090094,0.0,361.4594594594595,75.0,56.10264483627204,0.0,240.4615869017632,7.5,27.145465994962215,0.0,96.2015113350126,0.0,15.620277078085643,0.0,7.292191435768262,0.0,11.444584382871536,0.0,23.350125944584384,0.0,1.2846347607052897,0.0,2.6448362720403025,0.0,0.0,0.0,1.6435768261964736,0.0,4.0,3.0,1.7355163727959697,2.0,0.325,0.5208333333333334,0.0,0.19852941176470587,0.34558823529411764,0.0,,,0.11510791366906475,0.0,0.09558823529411764,0.03308823529411765,0.04411764705882353,0.022058823529411766,0.08455882352941177,0.025735294117647058,0.04044117647058824,25.013296898626603,24.5357491712404,5.802056555269923,6.0
13,2017/18,510,732.8523705396831,1.436965432430751,511.66960784313727,240.0,769.1561602359577,406.13823529411764,176.875,97.67276422764228,0.0,363.1727642276423,120.0,63.7093137254902,0.0,247.35245098039215,40.0,17.395588235294117,0.0,100.43578431372549,0.0,9.830882352941176,0.0,3.176470588235294,0.0,21.401960784313726,0.0,25.558823529411764,0.0,1.4705882352941178,0.0,3.0294117647058822,0.0,2.6470588235294117,0.0,6.9754901960784315,0.0,4.0,1.0,1.915686274509804,2.0,0.3181818181818182,0.5454545454545454,0.0,0.19832402234636873,0.3128491620111732,0.0,,,0.10743801652892562,0.0,0.09217877094972067,0.04189944134078212,0.0223463687150838,0.019553072625698324,0.08100558659217877,0.0111731843575419,0.0446927374301676,24.900947690627977,24.445407448062777,5.8388998035363455,6.0
13,2018/19,443,793.4074593036222,1.7909874927847003,546.757900677201,255.0,780.8965252444114,430.98758465011286,190.0,103.44166666666666,0.0,400.975,105.0,72.90857787810384,0.0,270.0609480812641,30.0,21.202031602708804,0.0,111.68171557562077,0.0,10.79683972911964,0.0,0.47404063205417607,0.0,12.968397291196387,0.0,14.661399548532732,0.0,0.20316027088036118,0.0,2.539503386004515,0.0,5.07900677200903,0.0,12.141647855530474,0.0,4.0,1.0,1.963882618510158,2.0,0.39473684210526316,0.6052631578947368,0.0,0.18553459119496854,0.31761006289308175,0.0,,,,,0.07861635220125786,0.031446540880503145,0.012578616352201259,0.0220125786163522,0.07232704402515723,0.040880503144654086,0.059748427672955975,24.88027394913687,24.54569776288398,6.088838268792711,6.0
13,2019/20,334,545.7412729792021,1.6339559071233596,542.248502994012,240.0,824.1891713453397,415.02919161676647,180.0,53.27155172413793,0.0,345.5545977011494,123.75,54.459580838323355,0.0,307.500748502994,42.5,37.33233532934132,0.0,75.13323353293413,0.0,4.199101796407185,0.0,0.0,0.0,6.6467065868263475,0.0,5.7043413173652695,0.0,0.2694610778443114,0.0,0.9206586826347305,0.0,0.2694610778443114,0.0,2.2979041916167664,0.0,1.0,0.0,1.4221556886227544,1.0,0.30625,0.4625,0.0,0.17065868263473055,0.2634730538922156,0.0,3.7551020408163267,4.0,0.4376899696048632,0.0,0.08083832335329341,0.038922155688622756,0.014970059880239521,0.005988023952095809,0.05389221556886228,0.008982035928143712,0.059880239520958084,25.023045997114107,24.61433440098711,6.027190332326284,6.0
13,2020/21,524,821.2643434324528,1.5672983653291084,610.5438931297709,300.0,906.1160803568057,481.07251908396944,210.0,45.84705882352941,0.0,406.3426470588235,137.5,65.36784351145039,0.0,333.72757633587787,120.0,31.963263358778626,0.0,56.8067748091603,0.0,5.391221374045801,0.0,0.40076335877862596,0.0,12.977099236641221,0.0,29.947519083969464,0.0,2.9293893129770994,0.0,1.3454198473282444,0.0,5.9541984732824424,0.0,5.39837786259542,0.0,1.0,1.0,1.7366412213740459,1.0,0.25874125874125875,0.3986013986013986,0.0,0.13099041533546327,0.2108626198083067,0.0,3.5,3.5,0.391025641025641,0.0,0.03194888178913738,0.01597444089456869,0.022364217252396165,0.01597444089456869,0.07667731629392971,0.012779552715654952,0.03514376996805112,24.7339185134636,24.248781344676186,4.740518962075848,5.0
13,2021/22,566,868.1148297007261,1.5337717839235443,602.7296819787986,240.0,1109.7403606021003,457.9275618374558,158.75,49.9375,0.0,283.75625,71.25,68.12720848056537,0.0,292.66033568904595,30.0,34.2208480565371,0.0,81.02694346289752,0.0,5.934187279151944,0.0,0.980565371024735,0.0,8.083038869257951,0.0,16.457597173144876,0.0,0.9098939929328622,0.0,1.0600706713780919,0.0,0.0,0.0,8.454063604240282,0.0,1.0,1.0,1.9240282685512367,2.0,0.3333333333333333,0.4915254237288136,0.0,0.17210682492581603,0.2878338278931751,0.0,3.2884615384615383,3.0,0.4350453172205438,0.0,0.07418397626112759,0.02967359050445104,0.026706231454005934,0.002967359050445104,0.08011869436201781,0.011869436201780416,0.06231454005934718,25.02878485675171,24.59724372818604,4.553734061930784,5.0
13,2022/23,670,874.4345013451783,1.305126121410714,583.8645522388059,270.0,846.3595893017417,468.4429104477612,191.25,59.52893518518518,0.0,353.369212962963,133.125,69.87873134328358,0.0,317.2194029850746,63.75,21.794776119402986,0.0,98.5205223880597,0.0,12.833955223880597,0.0,0.08955223880597014,0.0,16.925373134328357,0.0,27.85223880597015,0.0,0.7835820895522388,0.0,2.83955223880597,0.0,2.5522388059701493,0.0,5.085820895522388,0.0,1.0,1.0,1.9656716417910447,2.0,0.09850746268656717,0.15522388059701492,0.0,0.15560640732265446,0.2906178489702517,0.0,3.8095238095238093,4.0,0.4206896551724138,0.0,0.07322654462242563,0.034324942791762014,0.034324942791762014,0.009153318077803204,0.06407322654462243,0.016018306636155607,0.059496567505720827,25.13766196632369,24.6862920034858,4.454545454545454,4.0
14,2016/17,1003,790.0306784450523,0.7876676754187959,764.8180458624128,506.0,900.14548740544,709.8850947158525,450.0,203.9716216216216,12.625,547.9398648648648,298.75,151.49277168494515,0.0,330.6615154536391,120.0,107.75049850448654,0.0,215.83923230309074,67.5,27.551345962113658,0.0,5.836989032901296,0.0,11.994516450648057,0.0,64.98030907278165,0.0,2.046111665004985,0.0,4.703888334995015,0.0,5.477318045862413,0.0,39.84147557328016,0.0,4.0,4.0,2.606181455633101,2.0,0.48202396804260983,0.8854860186418109,0.0,0.20745542949756887,0.35980551053484605,0.0,,,0.10483870967741936,0.0,0.1085899513776337,0.03565640194489465,0.03403565640194489,0.019448946515397084,0.059967585089141004,0.04862236628849271,0.05348460291734198,25.11868887991968,24.212293388429757,5.657286432160804,5.0
14,2017/18,868,750.3708839278712,0.8644825851703586,826.945564516129,525.0,1075.8481756224285,777.4481566820276,480.0,183.010838150289,0.0,528.5895953757225,300.0,187.57027649769586,0.0,366.72523041474653,150.0,112.79925115207374,0.0,255.47667050691246,75.0,25.331797235023043,0.0,4.700460829493087,0.0,11.045506912442397,0.0,41.4544930875576,0.0,3.012672811059908,0.0,6.264400921658986,0.0,8.36405529953917,0.0,41.61059907834101,0.0,4.0,1.0,2.6059907834101383,2.0,0.4622093023255814,0.7819767441860465,0.0,0.16893203883495145,0.287378640776699,0.0,,,0.08897485493230174,0.0,0.0912621359223301,0.017475728155339806,0.036893203883495145,0.017475728155339806,0.05048543689320388,0.02524271844660194,0.04854368932038835,25.4991477147717,24.675283360282762,5.269767441860465,5.0
14,2018/19,935,842.6687263325235,0.9012499746871909,817.3211229946525,540.0,986.2893463247949,768.6264705882353,505.0,204.8125,0.0,568.3528225806451,335.0,196.36176470588236,0.0,352.6,180.0,119.67139037433155,0.0,228.96283422459894,75.0,22.144919786096256,0.0,5.340641711229947,0.0,11.87433155080214,0.0,56.0855614973262,0.0,0.7580213903743316,0.0,4.652406417112299,0.0,9.175133689839573,0.0,41.92085561497326,0.0,4.0,1.0,2.762566844919786,2.0,0.43425076452599387,0.7706422018348624,0.0,0.21535893155258765,0.3722871452420701,0.0,,,,,0.1018363939899833,0.035058430717863104,0.05008347245409015,0.02671118530884808,0.0651085141903172,0.038397328881469114,0.05509181969949917,25.17146460740145,24.5357491712404,5.416122004357298,5.0
14,2019/20,743,752.2707262131249,1.012477424243775,855.5555181695828,480.0,1112.7214820249517,781.7385598923285,420.0,194.95055710306406,0.0,590.2381615598886,270.0,160.66689098250336,0.0,370.6520861372813,120.0,139.7671601615074,0.0,206.53095558546434,0.0,29.784656796769852,0.0,2.3082099596231496,0.0,6.164199192462988,0.0,44.168909825033644,0.0,1.218034993270525,0.0,5.415545087483176,0.0,4.293405114401077,0.0,53.27254374158816,0.0,1.0,1.0,2.3781965006729475,2.0,0.4505208333333333,0.78125,0.0,0.1440107671601615,0.2503364737550471,0.0,3.7676767676767677,4.0,0.2953929539295393,0.0,0.059219380888290714,0.02557200538358008,0.04441453566621804,0.010767160161507403,0.039030955585464336,0.02826379542395693,0.04306864064602961,25.525518893122825,24.42482049931208,5.383468834688347,5.0
14,2020/21,835,830.9711128513935,0.9951749854507707,835.1592814371257,480.0,1415.4306932664456,791.6697604790419,450.0,149.83236994219652,0.0,570.221098265896,290.0,152.0802395209581,0.0,388.45868263473056,180.0,121.65718562874251,0.0,176.42604790419162,0.0,40.794610778443115,0.0,3.8323353293413174,0.0,7.547305389221557,0.0,48.48802395209581,0.0,3.1497005988023954,0.0,1.6730538922155689,0.0,0.03592814371257485,0.0,59.80059880239521,0.0,1.0,1.0,2.422754491017964,2.0,0.3484042553191489,0.5478723404255319,0.0,0.0997229916897507,0.1371191135734072,0.0,3.4411764705882355,3.0,0.24200278164116829,0.0,0.037396121883656507,0.006925207756232687,0.029085872576177285,0.004155124653739612,0.037396121883656507,0.008310249307479225,0.013850415512465374,25.333187077010784,24.45149277426495,4.257352941176471,4.0
14,2021/22,834,820.496977834136,0.9838093259402111,853.6801558752998,575.0,988.9396852555392,791.8177458033573,498.75,198.13138138138137,0.0,617.048048048048,360.0,173.50269784172662,0.0,380.5908273381295,191.25,131.0986211031175,0.0,221.7275179856115,60.0,24.25269784172662,0.0,3.3333333333333335,0.0,12.071342925659472,0.0,41.82943645083933,0.0,2.1058153477218227,0.0,6.531774580335731,0.0,5.822841726618705,0.0,46.75,0.0,1.0,1.0,2.7134292565947242,2.0,0.3869209809264305,0.6158038147138964,0.0,0.11571428571428571,0.19428571428571428,0.0,3.6153846153846154,4.0,0.2693409742120344,0.0,0.04285714285714286,0.017142857142857144,0.03571428571428571,0.011428571428571429,0.032857142857142856,0.027142857142857142,0.027142857142857142,25.555028937322064,24.74277732089057,4.1063040791100125,4.0
14,2022/23,841,721.480056561585,0.8578835393122295,888.9209274673009,547.5,1208.4571151254122,827.9943519619501,490.0,202.85201149425288,0.0,589.2801724137931,310.0,207.11385255648037,0.0,408.2071938168847,180.0,108.10969084423306,0.0,227.79518430439953,60.0,24.563020214030917,0.0,10.772889417360286,0.0,12.895362663495838,0.0,43.39655172413793,0.0,2.3632580261593343,0.0,7.431629013079667,0.0,7.067479191438763,0.0,45.917360285374556,0.0,1.0,1.0,2.7158145065398336,2.0,0.16884661117717004,0.31272294887039237,0.0,0.16138328530259366,0.27521613832853026,0.0,3.556603773584906,4.0,0.3661360347322721,0.0,0.059077809798270896,0.027377521613832854,0.06051873198847262,0.023054755043227664,0.03602305475504323,0.027377521613832854,0.04178674351585014,25.537505106893974,24.704790380692984,4.09939393939394,4.0
15,2016/17,59,111.47304601403006,1.8893736612547467,452.96610169491527,300.0,565.5812113124989,356.4830508474576,180.0,56.470588235294116,0.0,271.9117647058824,135.0,35.08474576271186,0.0,205.27542372881356,87.5,34.95762711864407,0.0,87.26694915254237,0.0,4.067796610169491,0.0,2.0338983050847457,0.0,32.03389830508475,0.0,12.457627118644067,0.0,1.271186440677966,0.0,0.0,0.0,0.0,0.0,18.050847457627118,0.0,4.0,4.0,1.6271186440677967,1.0,0.14285714285714285,0.22857142857142856,0.0,0.225,0.4,0.0,,,0.14634146341463414,0.0,0.1,0.125,0.05,0.05,0.025,0.025,0.025,26.711442510039628,25.759619427751154,5.568965517241379,5.0
15,2017/18,83,141.77676483443992,1.7081537931860231,455.85843373493975,250.0,603.7296406110893,419.65361445783134,210.0,108.26086956521739,0.0,261.4130434782609,120.0,50.15060240963855,0.0,229.00602409638554,60.0,55.63253012048193,0.0,100.0,0.0,3.825301204819277,0.0,0.0,0.0,18.46385542168675,0.0,13.644578313253012,0.0,0.0,0.0,5.783132530120482,0.0,24.93975903614458,0.0,22.228915662650603,0.0,4.0,0.0,1.9518072289156627,1.0,0.20689655172413793,0.3103448275862069,0.0,0.18,0.48,0.0,,,0.13725490196078433,0.0,0.1,0.08,0.08,0.06,0.08,0.04,0.04,27.509082544434925,26.11092026530517,5.402439024390244,5.0
15,2018/19,64,134.38827923973972,2.099816863120933,599.4765625,425.0,761.5643331780635,494.7109375,322.5,90.58928571428571,0.0,353.92857142857144,191.25,61.8984375,0.0,304.4921875,95.0,40.703125,0.0,73.125,0.0,17.2265625,0.0,4.6875,0.0,30.0,0.0,15.9375,0.0,0.0,0.0,0.0,0.0,5.625,0.0,30.0,0.0,4.0,1.0,1.90625,1.0,0.2631578947368421,0.3157894736842105,0.0,0.3023255813953488,0.4186046511627907,0.0,,,,,0.09302325581395349,0.09302325581395349,0.046511627906976744,0.023255813953488372,0.06976744186046512,0.06976744186046512,0.023255813953488372,26.41552840831361,25.54410843724718,5.779661016949152,6.0
15,2019/20,53,89.04997102265634,1.6801881325029497,631.5235849056604,240.0,1182.8792562090152,520.3443396226415,215.0,37.77777777777778,0.0,408.52777777777777,90.0,109.43867924528301,0.0,205.00471698113208,30.0,95.75471698113208,0.0,126.65094339622641,0.0,3.849056603773585,0.0,4.245283018867925,0.0,3.9622641509433962,0.0,15.18867924528302,0.0,3.9622641509433962,0.0,4.316037735849057,0.0,14.150943396226415,0.0,62.45283018867924,0.0,1.0,1.0,1.9056603773584906,1.0,0.2692307692307692,0.8076923076923077,0.0,0.20754716981132076,0.41509433962264153,0.0,4.181818181818182,4.0,0.5849056603773585,0.0,0.09433962264150944,0.05660377358490566,0.018867924528301886,0.03773584905660377,0.09433962264150944,0.03773584905660377,0.07547169811320754,26.171617277230062,25.40330404855099,5.660377358490566,5.0
15,2020/21,66,130.0618923895294,1.9706347331746876,622.2878787878788,215.5,1864.538234875422,561.5833333333334,183.75,66.11111111111111,0.0,749.4629629629629,127.5,80.53030303030303,0.0,311.2462121212121,100.0,109.26136363636364,0.0,133.75757575757575,0.0,5.2272727272727275,0.0,0.9090909090909091,0.0,12.727272727272727,0.0,0.0,0.0,1.7045454545454546,0.0,8.636363636363637,0.0,0.0,0.0,15.053030303030303,0.0,0.5,0.0,1.5454545454545454,1.0,0.25,0.7,0.0,0.06382978723404255,0.19148936170212766,0.0,3.3333333333333335,3.0,0.1702127659574468,0.0,0.0425531914893617,0.0425531914893617,0.02127659574468085,0.02127659574468085,0.02127659574468085,0.02127659574468085,0.02127659574468085,26.673045006557746,26.145377955862493,4.016129032258065,4.0
15,2021/22,87,146.7296019363862,1.6865471486940942,667.6408045977012,290.0,1349.0384116820142,579.735632183908,172.5,156.01351351351352,0.0,427.2162162162162,45.0,99.91379310344827,0.0,236.25862068965517,50.0,77.52873563218391,0.0,85.86206896551724,0.0,27.5,0.0,24.597701149425287,0.0,33.47701149425287,0.0,10.350574712643677,0.0,12.011494252873563,0.0,8.275862068965518,0.0,0.0,0.0,18.39080459770115,0.0,0.0,0.0,1.7586206896551724,1.0,0.35,0.75,0.0,0.22807017543859648,0.38596491228070173,0.0,4.166666666666667,4.0,0.5614035087719298,0.0,0.07017543859649122,0.08771929824561403,0.05263157894736842,0.03508771929824561,0.05263157894736842,0.017543859649122806,0.07017543859649122,26.964974728669763,25.510204081632654,3.430379746835443,3.0
15,2022/23,94,166.81824731887994,1.7746622055199994,838.8829787234042,430.0,1631.4355862798504,685.531914893617,307.5,65.0,0.0,460.8333333333333,315.0,73.5372340425532,0.0,364.0159574468085,125.0,32.765957446808514,0.0,174.9468085106383,7.5,21.96808510638298,0.0,15.638297872340425,0.0,9.25531914893617,0.0,12.446808510638299,0.0,140.69148936170214,0.0,2.7127659574468086,0.0,0.0,0.0,9.308510638297872,0.0,0.0,0.5,1.8404255319148937,1.0,0.031914893617021274,0.07446808510638298,0.0,0.15714285714285714,0.32857142857142857,0.0,3.3,3.0,0.37142857142857144,0.0,0.05714285714285714,0.04285714285714286,0.07142857142857142,0.02857142857142857,0.07142857142857142,0.02857142857142857,0.02857142857142857,27.029785697352196,25.213328995996825,4.325842696629214,4.0
16,2016/17,520,1856.48978005298,3.5701726539480383,1006.9625,372.5,2558.238908581271,994.1067307692308,370.0,341.10180412371136,0.0,655.5128865979382,155.0,185.79278846153846,0.0,287.7432692307692,55.0,113.25576923076923,0.0,236.04711538461538,0.0,72.81442307692308,0.0,180.7951923076923,0.0,40.238461538461536,0.0,38.409134615384616,0.0,6.1923076923076925,0.0,15.567307692307692,0.0,2.581730769230769,0.0,79.30480769230769,0.0,4.0,4.0,2.419230769230769,2.0,0.45066666666666666,1.1466666666666667,0.0,0.3438485804416404,0.6309148264984227,0.0,,,0.1875,0.0,0.17034700315457413,0.04416403785488959,0.15772870662460567,0.10094637223974763,0.031545741324921134,0.03785488958990536,0.08832807570977919,22.612381867561368,22.03856749311295,4.799171842650104,5.0
16,2017/18,385,1743.592672873597,4.528812137334018,1048.3733766233765,540.0,1683.2753316556518,1043.2564935064936,540.0,288.2907407407407,0.0,694.8777777777777,270.0,199.3896103896104,0.0,335.6928571428571,100.0,116.12272727272727,0.0,278.1974025974026,35.0,75.9038961038961,0.0,143.32467532467533,0.0,27.31103896103896,0.0,37.07532467532467,0.0,11.835714285714285,0.0,13.28961038961039,0.0,2.4805194805194803,0.0,68.1896103896104,0.0,4.0,1.0,2.657142857142857,2.0,0.55625,1.5625,1.0,0.34545454545454546,0.5863636363636363,0.0,,,0.18099547511312217,0.0,0.11363636363636363,0.031818181818181815,0.12727272727272726,0.07272727272727272,0.045454545454545456,0.08181818181818182,0.11363636363636363,21.895142663449015,20.983987603305785,5.02542372881356,5.0
16,2018/19,355,1528.706271462862,4.306214849191161,888.2260563380281,467.5,1276.8295742908826,884.2809859154929,467.5,250.79752066115702,20.0,548.8326446280992,300.0,166.04859154929576,0.0,295.5669014084507,42.5,64.9838028169014,0.0,226.3718309859155,15.0,84.64084507042253,0.0,120.2718309859155,0.0,27.590845070422535,0.0,45.232394366197184,0.0,4.652816901408451,0.0,10.007042253521126,0.0,11.074647887323943,0.0,63.462676056338026,0.0,4.0,0.0,2.447887323943662,2.0,0.4157303370786517,1.2415730337078652,0.0,0.3142857142857143,0.5314285714285715,0.0,,,,,0.13142857142857142,0.06857142857142857,0.12,0.07428571428571429,0.04,0.04,0.05714285714285714,22.448888800252313,21.527844083472225,4.773700305810397,4.0
16,2019/20,387,1355.450529485625,3.502456148541667,867.1815245478036,450.0,1524.7259682743165,855.140180878553,450.0,271.8489583333333,0.0,531.5559895833334,120.0,185.3249354005168,0.0,264.9735142118863,0.0,118.84948320413437,0.0,173.3985788113695,0.0,110.53617571059432,0.0,99.79715762273902,0.0,20.852713178294575,0.0,24.50904392764858,0.0,7.254521963824289,0.0,12.868217054263566,0.0,2.4806201550387597,0.0,57.29586563307493,0.0,0.0,0.0,2.0516795865633073,2.0,0.5128205128205128,1.5025641025641026,1.0,0.29198966408268734,0.4754521963824289,0.0,3.4903846153846154,4.0,0.6447368421052632,0.0,0.12919896640826872,0.03359173126614987,0.1111111111111111,0.059431524547803614,0.03617571059431524,0.03617571059431524,0.06976744186046512,22.488006278029715,21.753241426293165,5.041782729805014,5.0
16,2020/21,404,1453.0262114367517,3.5965995332592864,662.1132425742575,302.5,996.8642555529499,650.9313118811881,300.0,108.01355421686748,0.0,401.671686746988,117.5,137.4950495049505,0.0,229.65532178217822,0.0,63.646039603960396,0.0,155.34529702970298,0.0,40.551980198019805,0.0,93.87376237623762,0.0,23.236386138613863,0.0,15.068069306930694,0.0,5.037128712871287,0.0,4.808168316831683,0.0,0.0,0.0,47.54826732673267,0.0,0.0,0.0,1.948019801980198,1.0,0.43243243243243246,0.772972972972973,0.0,0.15384615384615385,0.22792022792022792,0.0,3.72,4.0,0.3706896551724138,0.0,0.045584045584045586,0.014245014245014245,0.06837606837606838,0.037037037037037035,0.03133903133903134,0.011396011396011397,0.019943019943019943,22.62703282548189,21.744902109857975,3.4553314121037464,3.0
16,2021/22,362,1426.850088695166,3.94157483064963,973.4516574585635,468.75,1521.3517074429656,961.1933701657458,461.25,216.26677852348993,0.0,608.5536912751678,180.0,193.16022099447514,0.0,360.3970994475138,0.0,77.86602209944752,0.0,245.41229281767957,0.0,41.71823204419889,0.0,145.03798342541435,0.0,21.743093922651934,0.0,47.4171270718232,0.0,11.691988950276244,0.0,10.482044198895027,0.0,12.140883977900552,0.0,50.99033149171271,0.0,0.0,0.0,2.2679558011049723,2.0,0.4429530201342282,1.0738255033557047,0.0,0.23154362416107382,0.37583892617449666,0.0,3.453125,3.0,0.5154639175257731,0.0,0.06375838926174497,0.03355704697986577,0.1040268456375839,0.06375838926174497,0.020134228187919462,0.0436241610738255,0.04697986577181208,22.415380112923824,21.57501453438665,3.2248322147651005,3.0
16,2022/23,419,1578.7285468207979,3.7678485604314984,1092.315632458234,516.25,2008.3973252215806,1084.3645584725537,510.0,283.9010416666667,0.0,757.66796875,246.25,195.013723150358,0.0,379.2714797136038,45.0,82.3263723150358,0.0,265.81861575179,0.0,54.39797136038186,0.0,171.67899761336517,0.0,39.92243436754177,0.0,48.872315035799524,0.0,11.939140811455847,0.0,16.324582338902147,0.0,4.02744630071599,0.0,88.34606205250597,0.0,0.0,0.0,2.520286396181384,2.0,0.25059665871121717,0.7040572792362768,0.0,0.2691292875989446,0.46174142480211083,0.0,3.6179775280898876,4.0,0.6260162601626016,0.0,0.09498680738786279,0.044854881266490766,0.13192612137203166,0.05804749340369393,0.044854881266490766,0.036939313984168866,0.05013192612137203,22.150781881689955,21.225936465944876,3.421333333333333,3.0
17,2016/17,277,921.8729168519212,3.3280610716675856,1022.0406137184116,615.0,1337.5739883444342,1016.5712996389892,610.0,280.10309278350513,65.0,792.2010309278351,380.0,250.33303249097472,0.0,347.95758122743683,100.0,162.6696750902527,0.0,275.8528880866426,90.0,55.15794223826715,0.0,63.53429602888087,0.0,10.819494584837544,0.0,47.40072202166065,0.0,2.3465703971119134,0.0,12.76173285198556,0.0,6.389891696750903,0.0,94.56137184115524,0.0,4.0,4.0,2.732851985559567,2.0,0.5324074074074074,1.2916666666666667,1.0,0.24431818181818182,0.5113636363636364,0.0,,,0.1564245810055866,0.0,0.14204545454545456,0.045454545454545456,0.09659090909090909,0.03977272727272727,0.07954545454545454,0.028409090909090908,0.07954545454545454,22.584123623294936,22.096522645444573,5.343283582089552,5.0
17,2017/18,238,891.243814394304,3.7447219092197646,1019.9779411764706,555.0,1583.4462754921633,1007.3098739495798,551.25,390.5570175438597,30.0,646.9649122807018,300.0,203.8046218487395,0.0,384.46008403361344,132.5,124.29306722689076,0.0,286.0745798319328,85.0,94.94327731092437,0.0,29.73739495798319,0.0,14.222689075630251,0.0,43.27731092436975,0.0,11.292016806722689,0.0,17.605042016806724,0.0,21.61764705882353,0.0,92.08613445378151,0.0,4.0,1.0,2.6512605042016806,2.0,0.5444444444444444,1.1222222222222222,1.0,0.25517241379310346,0.45517241379310347,0.0,,,0.11643835616438356,0.0,0.1310344827586207,0.034482758620689655,0.1103448275862069,0.041379310344827586,0.06896551724137931,0.027586206896551724,0.041379310344827586,23.073458873392145,22.177487661433403,4.986784140969163,4.0
17,2018/19,240,1004.8443835656567,4.186851598190236,1022.1916666666667,575.0,1201.2615950325478,1012.0041666666667,575.0,300.4207920792079,45.0,695.059405940594,360.0,268.546875,0.0,411.6510416666667,190.0,97.446875,0.0,350.28125,142.5,54.989583333333336,0.0,43.96875,0.0,10.28125,0.0,63.82083333333333,0.0,4.9375,0.0,11.635416666666666,0.0,17.0,0.0,69.94375,0.0,4.0,1.0,2.7875,2.0,0.5531914893617021,1.3191489361702127,1.0,0.2689655172413793,0.503448275862069,0.0,,,,,0.13793103448275862,0.06206896551724138,0.09655172413793103,0.020689655172413793,0.07586206896551724,0.034482758620689655,0.07586206896551724,22.530821252852338,21.83903083770187,5.291845493562231,5.0
17,2019/20,197,647.659652823138,3.287612450878873,782.3071065989848,476.25,969.5409915449549,746.1522842639594,472.5,199.38202247191012,15.0,450.96629213483146,255.0,194.49365482233503,15.0,277.494923857868,33.75,96.92131979695432,0.0,172.4733502538071,0.0,33.9492385786802,0.0,40.3997461928934,0.0,12.33502538071066,0.0,37.61421319796954,0.0,0.5329949238578681,0.0,4.2639593908629445,0.0,2.5888324873096447,0.0,61.934010152284266,0.0,1.0,1.0,2.4263959390862944,2.0,0.6388888888888888,1.2037037037037037,1.0,0.15736040609137056,0.29441624365482233,0.0,2.9615384615384617,3.0,0.3556701030927835,0.0,0.06598984771573604,0.050761421319796954,0.05583756345177665,0.025380710659898477,0.050761421319796954,0.02030456852791878,0.025380710659898477,23.24621475687955,22.316484843958673,5.56544502617801,5.0
17,2020/21,242,753.5721194837313,3.1139343780319475,777.2004132231405,420.0,1117.5701754771424,769.7623966942149,412.5,186.0995145631068,0.0,506.74029126213594,240.0,186.85227272727272,0.0,328.7861570247934,87.5,92.1900826446281,0.0,182.53099173553719,3.75,29.003099173553718,0.0,27.24173553719008,0.0,18.925619834710744,0.0,36.28099173553719,0.0,3.868801652892562,0.0,1.3429752066115703,0.0,0.0,0.0,76.84917355371901,0.0,0.0,0.0,2.2520661157024793,2.0,0.371900826446281,0.7851239669421488,0.0,0.11607142857142858,0.16964285714285715,0.0,3.24,3.0,0.25675675675675674,0.0,0.05357142857142857,0.008928571428571428,0.03125,0.004464285714285714,0.049107142857142856,0.017857142857142856,0.004464285714285714,23.40728385624461,22.64433563199416,3.6315789473684212,3.0
17,2021/22,204,623.4604437428038,3.0561786457980578,1187.3578431372548,630.0,1731.8162602093141,1175.0906862745098,630.0,409.04639175257734,110.0,832.0515463917526,320.0,239.40073529411765,0.0,443.8026960784314,180.0,133.26593137254903,0.0,317.7242647058824,90.0,97.62867647058823,0.0,65.2843137254902,0.0,27.120098039215687,0.0,84.375,0.0,4.708333333333333,0.0,1.838235294117647,0.0,7.5,0.0,113.40441176470588,0.0,0.0,0.0,2.823529411764706,2.0,0.43820224719101125,0.9887640449438202,0.0,0.16666666666666666,0.3333333333333333,0.0,3.5172413793103448,3.0,0.43010752688172044,0.0,0.03225806451612903,0.03225806451612903,0.08602150537634409,0.043010752688172046,0.05913978494623656,0.03225806451612903,0.04838709677419355,23.123784504614804,22.44382051919136,3.532608695652174,3.0
17,2022/23,197,556.9758125865072,2.827288388763996,965.6624365482234,525.0,1208.8028615312226,962.2868020304569,513.75,362.97752808988764,0.0,650.688202247191,270.0,225.4251269035533,0.0,409.0786802030457,120.0,116.16116751269035,0.0,288.0837563451777,26.25,79.44162436548223,0.0,29.47969543147208,0.0,8.673857868020304,0.0,89.23223350253807,0.0,4.49238578680203,0.0,4.784263959390863,0.0,5.710659898477157,0.0,48.588832487309645,0.0,1.0,1.0,2.5939086294416245,2.0,0.20304568527918782,0.39593908629441626,0.0,0.21428571428571427,0.34615384615384615,0.0,3.1142857142857143,3.0,0.45251396648044695,0.0,0.08791208791208792,0.027472527472527472,0.08791208791208792,0.02197802197802198,0.04395604395604396,0.03296703296703297,0.04395604395604396,22.4283137676457,21.513858510523864,3.5846994535519126,3.0
18,2016/17,226,695.0597875454996,3.0754857855995557,712.0342920353983,351.875,986.550801016094,697.5763274336283,333.75,264.7464788732394,0.0,389.88028169014086,180.0,263.6592920353982,0.0,247.2887168141593,37.5,34.71238938053097,0.0,148.87389380530973,0.0,34.67035398230089,0.0,34.203539823008846,0.0,15.780973451327434,0.0,27.94800884955752,0.0,1.0287610619469028,0.0,13.738938053097344,0.0,0.39823008849557523,0.0,62.5,0.0,4.0,4.0,2.411504424778761,2.0,0.4695121951219512,0.7134146341463414,0.0,0.2222222222222222,0.4117647058823529,0.0,,,0.11612903225806452,0.0,0.0718954248366013,0.058823529411764705,0.0915032679738562,0.06535947712418301,0.0392156862745098,0.026143790849673203,0.058823529411764705,24.421359243134134,23.387168806602496,5.009389671361502,5.0
18,2017/18,171,570.67944250724,3.3373066813288887,753.2675438596491,360.0,1116.225106625447,720.796783625731,345.0,369.12698412698415,0.0,407.1309523809524,106.25,251.04970760233917,0.0,303.24122807017545,60.0,26.28654970760234,0.0,204.40058479532163,13.0,34.400584795321635,0.0,38.333333333333336,0.0,13.333333333333334,0.0,10.64327485380117,0.0,0.8918128654970761,0.0,8.538011695906432,0.0,0.43859649122807015,0.0,43.98245614035088,0.0,4.0,1.0,2.181286549707602,2.0,0.4090909090909091,0.6212121212121212,0.0,0.22330097087378642,0.46601941747572817,0.0,,,0.10576923076923077,0.0,0.10679611650485436,0.06796116504854369,0.038834951456310676,0.02912621359223301,0.0970873786407767,0.019417475728155338,0.10679611650485436,24.232014048563727,23.19884079492816,4.778443113772455,4.0
18,2018/19,181,589.406368311561,3.2563887752019944,631.0041436464088,312.5,983.4322151819794,601.1146408839779,300.0,191.45714285714286,0.0,254.94642857142858,120.0,216.97375690607734,0.0,208.37845303867402,25.0,38.34254143646409,0.0,152.49309392265192,0.0,36.43646408839779,0.0,34.171270718232044,0.0,5.027624309392265,0.0,9.925414364640885,0.0,1.850828729281768,0.0,6.820441988950276,0.0,0.6629834254143646,0.0,54.19889502762431,0.0,4.0,0.0,2.1049723756906076,1.0,0.4583333333333333,0.6805555555555556,0.0,0.22429906542056074,0.3644859813084112,0.0,,,,,0.12149532710280374,0.037383177570093455,0.06542056074766354,0.056074766355140186,0.037383177570093455,0.028037383177570093,0.018691588785046728,24.21308176812012,23.46198632534668,4.300578034682081,4.0
18,2019/20,171,497.47842643179763,2.909230563928641,541.625730994152,240.0,914.266017237433,523.46783625731,210.0,135.79545454545453,0.0,395.19444444444446,75.0,136.0453216374269,0.0,230.44883040935673,0.0,63.35526315789474,0.0,125.34649122807018,0.0,28.055555555555557,0.0,33.333333333333336,0.0,8.523391812865498,0.0,10.43859649122807,0.0,2.982456140350877,0.0,4.56140350877193,0.0,0.0,0.0,31.228070175438596,0.0,0.0,0.0,1.871345029239766,1.0,0.4027777777777778,0.6805555555555556,0.0,0.14705882352941177,0.2235294117647059,0.0,3.4782608695652173,3.0,0.4117647058823529,0.0,0.052941176470588235,0.03529411764705882,0.041176470588235294,0.011764705882352941,0.01764705882352941,0.023529411764705882,0.041176470588235294,24.659616183078782,23.615983004313293,4.622754491017964,4.0
18,2020/21,228,651.5008656831078,2.857459937206613,610.8486842105264,307.5,799.9653455589045,587.5526315789474,300.0,129.80246913580248,0.0,295.66358024691357,80.0,180.68201754385964,0.0,292.8925438596491,90.0,32.90021929824562,0.0,130.0734649122807,0.0,23.25109649122807,0.0,16.94298245614035,0.0,16.907894736842106,0.0,17.25,0.0,5.493421052631579,0.0,1.7105263157894737,0.0,0.0,0.0,37.07236842105263,0.0,0.0,0.0,1.7850877192982457,1.0,0.2796610169491525,0.4661016949152542,0.0,0.12562814070351758,0.1507537688442211,0.0,2.84,3.0,0.3096446700507614,0.0,0.05025125628140704,0.035175879396984924,0.04522613065326633,0.0,0.005025125628140704,0.010050251256281407,0.005025125628140704,25.01592010310012,24.21043991330328,3.2200956937799043,3.0
18,2021/22,228,665.5486831115055,2.9190731715416907,725.3399122807018,360.0,1124.583540942416,712.0285087719299,327.5,184.92424242424244,0.0,590.8459595959596,162.5,194.75877192982455,0.0,288.5668859649123,75.0,61.87609649122807,0.0,184.75986842105263,0.0,35.5921052631579,0.0,53.00438596491228,0.0,16.030701754385966,0.0,18.221491228070175,0.0,4.243421052631579,0.0,1.9078947368421053,0.0,3.6842105263157894,0.0,43.921052631578945,0.0,0.0,0.0,2.074561403508772,2.0,0.4782608695652174,0.7717391304347826,0.0,0.17277486910994763,0.3612565445026178,0.0,3.46875,3.0,0.4117647058823529,0.0,0.05759162303664921,0.08900523560209424,0.04712041884816754,0.02617801047120419,0.05235602094240838,0.03664921465968586,0.05235602094240838,25.13986207228099,24.508945765204302,3.1527093596059115,3.0
18,2022/23,232,660.9291805854273,2.8488326749371864,807.9224137931035,397.5,1098.856868347509,759.9719827586207,390.0,284.63483146067415,0.0,435.88483146067415,175.0,244.3135775862069,0.0,338.01724137931035,90.0,70.32974137931035,0.0,180.79741379310346,0.0,34.581896551724135,0.0,35.883620689655174,0.0,17.219827586206897,0.0,23.426724137931036,0.0,8.25969827586207,0.0,4.375,0.0,3.2327586206896552,0.0,41.724137931034484,0.0,0.0,0.0,2.3275862068965516,2.0,0.2629310344827586,0.5560344827586207,0.0,0.21739130434782608,0.3333333333333333,0.0,3.2142857142857144,3.0,0.5172413793103449,0.0,0.043478260869565216,0.0821256038647343,0.07246376811594203,0.033816425120772944,0.028985507246376812,0.024154589371980676,0.04830917874396135,25.339962899150592,24.453505189886258,2.9420289855072466,3.0
19,2016/17,331,795.0326462868676,2.401911318087213,573.5173716012084,215.0,1026.5648584472526,533.0098187311178,200.0,100.99489795918367,0.0,385.4005102040816,100.0,82.22885196374622,0.0,331.5173716012085,90.0,29.503021148036254,0.0,222.68504531722056,0.0,34.37613293051359,0.0,6.729607250755287,0.0,5.777945619335347,0.0,3.9123867069486407,0.0,4.150302114803625,0.0,0.8459214501510574,0.0,0.0,0.0,33.48489425981873,0.0,4.0,4.0,1.5498489425981874,1.0,0.16113744075829384,0.2985781990521327,0.0,0.1409090909090909,0.21818181818181817,0.0,,,0.05217391304347826,0.0,0.05909090909090909,0.045454545454545456,0.013636363636363636,0.00909090909090909,0.01818181818181818,0.01818181818181818,0.05454545454545454,25.189250094394158,24.490164484501584,5.354098360655738,5.0
19,2017/18,250,630.2493089570252,2.5209972358281005,689.098,196.875,1539.4769488368445,664.82,174.375,148.36824324324326,0.0,330.76013513513516,45.0,102.057,0.0,391.935,45.0,48.115,0.0,260.525,0.0,29.415,0.0,4.508,0.0,13.03,0.0,32.78,0.0,4.16,0.0,0.6,0.0,6.24,0.0,33.352,0.0,4.0,0.0,1.576,1.0,0.20408163265306123,0.3673469387755102,0.0,0.11267605633802817,0.24647887323943662,0.0,,,0.04081632653061224,0.0,0.08450704225352113,0.04225352112676056,0.014084507042253521,0.007042253521126761,0.04225352112676056,0.02112676056338028,0.035211267605633804,25.480084370388873,25.0593423954494,4.904347826086957,5.0
19,2018/19,233,644.629083245238,2.7666484259452275,572.1598712446352,112.5,1222.1505494172688,554.4774678111588,112.5,154.73648648648648,0.0,387.55743243243245,41.25,86.61480686695279,0.0,320.7703862660944,0.0,16.78862660944206,0.0,196.52038626609442,0.0,55.712446351931334,0.0,31.888412017167383,0.0,3.234978540772532,0.0,13.704935622317597,0.0,2.1738197424892705,0.0,5.590128755364807,0.0,0.9656652360515021,0.0,20.036480686695278,0.0,3.0,0.0,1.3090128755364807,1.0,0.16981132075471697,0.29245283018867924,0.0,0.1322314049586777,0.2644628099173554,0.0,,,,,0.0743801652892562,0.01652892561983471,0.05785123966942149,0.008264462809917356,0.03305785123966942,0.01652892561983471,0.05785123966942149,25.990324990768816,25.20613689078414,4.86036036036036,4.0
19,2019/20,195,479.01858554670855,2.4565055669061975,522.5628205128205,135.0,1166.085167615881,475.825641025641,120.0,114.14563106796116,0.0,373.30582524271847,15.0,83.81410256410257,0.0,299.6461538461538,0.0,19.858974358974358,0.0,145.45897435897436,0.0,35.92948717948718,0.0,6.391025641025641,0.0,3.1794871794871793,0.0,12.666666666666666,0.0,2.3846153846153846,0.0,2.3076923076923075,0.0,2.4615384615384617,0.0,13.64102564102564,0.0,0.0,0.0,1.1846153846153846,1.0,0.1956521739130435,0.391304347826087,0.0,0.12307692307692308,0.1641025641025641,0.0,3.1904761904761907,3.0,0.27225130890052357,0.0,0.06666666666666667,0.020512820512820513,0.020512820512820513,0.005128205128205128,0.015384615384615385,0.010256410256410256,0.02564102564102564,25.741937104080176,24.799688715426004,5.088397790055248,4.0
19,2020/21,220,521.1999121256397,2.3690905096619987,492.12386363636364,150.0,855.390376413218,475.0034090909091,150.0,40.452127659574465,0.0,216.13297872340425,0.0,82.77272727272727,0.0,284.175,0.0,35.345454545454544,0.0,146.66590909090908,0.0,25.301136363636363,0.0,24.306818181818183,0.0,1.4659090909090908,0.0,5.340909090909091,0.0,12.409090909090908,0.0,0.0,0.0,0.0,0.0,29.079545454545453,0.0,0.0,0.0,1.240909090909091,1.0,0.13978494623655913,0.21505376344086022,0.0,0.0427807486631016,0.0855614973262032,0.0,2.4285714285714284,2.0,0.11229946524064172,0.0,0.0213903743315508,0.0106951871657754,0.0213903743315508,0.0,0.0106951871657754,0.016042780748663103,0.0053475935828877,26.84099609764341,26.11092026530517,3.2568306010928962,3.0
19,2021/22,219,512.6149594224026,2.340707577271245,547.6130136986301,150.0,1163.2732781598588,520.5673515981736,145.0,109.17058823529412,0.0,346.54411764705884,0.0,73.6027397260274,0.0,323.06278538812785,0.0,36.054794520547944,0.0,180.23744292237444,0.0,42.93036529680365,0.0,26.397260273972602,0.0,6.36986301369863,0.0,25.91552511415525,0.0,6.986301369863014,0.0,0.547945205479452,0.0,0.0,0.0,18.897260273972602,0.0,0.0,0.0,1.2191780821917808,1.0,0.16666666666666666,0.3854166666666667,0.0,0.11602209944751381,0.20994475138121546,0.0,3.2941176470588234,3.0,0.2611111111111111,0.0,0.06629834254143646,0.03867403314917127,0.022099447513812154,0.011049723756906077,0.011049723756906077,0.022099447513812154,0.03867403314917127,26.41124534578357,25.55932915514163,2.9732620320855614,3.0
19,2022/23,201,485.50081112435913,2.4154269210167123,516.4589552238806,150.0,856.650954221965,491.89925373134326,150.0,101.00549450549451,0.0,357.8434065934066,56.25,76.20149253731343,0.0,305.98383084577114,0.0,42.13930348258707,0.0,231.6728855721393,0.0,37.93532338308458,0.0,11.666666666666666,0.0,3.3955223880597014,0.0,7.5,0.0,6.878109452736318,0.0,0.8955223880597015,0.0,0.0,0.0,31.64179104477612,0.0,0.0,0.0,1.2587064676616915,1.0,0.04975124378109453,0.11940298507462686,0.0,0.08648648648648649,0.14054054054054055,0.0,3.3125,3.0,0.16483516483516483,0.0,0.043243243243243246,0.02702702702702703,0.032432432432432434,0.005405405405405406,0.016216216216216217,0.0,0.016216216216216217,26.455821013734926,25.405547818886674,3.0531914893617023,3.0
20,2016/17,1193,1554.6232737192718,1.3031209335450726,874.1150461022632,600.0,986.1538711317695,851.6737217099749,585.0,250.39461883408072,90.0,576.6597533632287,335.0,205.37678122380552,37.5,286.2738893545683,120.0,147.8243922883487,0.0,236.3044844928751,90.0,22.948658843252304,0.0,28.033738474434198,0.0,19.248952221290864,0.0,57.602263202011734,0.0,1.0907376362112322,0.0,7.2908633696563285,0.0,16.561609388097235,0.0,88.1580050293378,0.0,4.0,4.0,3.2422464375523887,3.0,0.571584699453552,1.1770491803278689,1.0,0.21606648199445982,0.389196675900277,0.0,,,0.09302325581395349,0.0,0.11634349030470914,0.055401662049861494,0.062326869806094184,0.03462603878116344,0.045706371191135735,0.0332409972299169,0.04155124653739612,23.96114162713619,23.43901294147448,5.141891891891892,5.0
20,2017/18,1038,1445.1396190600342,1.392234700443193,947.6363198458574,632.0,1053.3488970657384,927.1510115606936,621.25,328.8348101265823,120.0,569.7050632911393,360.0,265.5476878612717,67.5,299.48988439306356,135.0,147.67509633911368,0.0,248.4954238921002,105.0,40.84272639691715,0.0,23.152215799614645,0.0,17.789980732177263,0.0,53.53998073217726,0.0,3.717003853564547,0.0,5.534682080924855,0.0,21.390895953757227,0.0,91.09537572254335,0.0,4.0,1.0,3.494219653179191,3.0,0.5815602836879432,1.2505910165484633,1.0,0.2138047138047138,0.37542087542087543,0.0,,,0.0946843853820598,0.0,0.1127946127946128,0.04040404040404041,0.06734006734006734,0.03367003367003367,0.04713804713804714,0.03367003367003367,0.04040404040404041,23.83282906296373,23.261998146353875,5.270772238514174,5.0
20,2018/19,1100,1539.9497702665478,1.3999543366059526,948.395,671.25,970.1351045759419,922.5711363636364,650.0,274.7489451476793,60.0,574.7568565400844,360.0,253.64954545454546,60.0,337.33590909090907,165.0,136.8684090909091,0.0,255.75272727272727,112.5,23.261363636363637,0.0,23.744090909090907,0.0,16.089772727272727,0.0,64.49113636363636,0.0,2.044318181818182,0.0,6.923181818181818,0.0,20.817045454545454,0.0,86.87840909090909,0.0,4.0,1.0,3.4127272727272726,3.0,0.6041666666666666,1.349537037037037,1.0,0.17673716012084592,0.29607250755287007,0.0,,,,,0.09063444108761329,0.03474320241691843,0.04380664652567976,0.021148036253776436,0.03927492447129909,0.028700906344410877,0.0377643504531722,24.200974285089707,23.464605142884945,5.165593376264949,5.0
20,2019/20,1058,1553.9411955553903,1.4687534929635069,876.3818525519848,600.0,1075.3987054539903,848.0973534971645,561.25,186.28709055876686,15.0,572.3901734104046,360.0,215.5139413988658,0.0,307.4366729678639,126.25,149.17674858223063,0.0,180.44116257088848,15.0,28.64437618147448,0.0,11.611531190926277,0.0,11.169896030245747,0.0,43.99149338374291,0.0,2.2448015122873346,0.0,4.619565217391305,0.0,13.688563327032137,0.0,103.81710775047259,0.0,1.0,1.0,2.9281663516068055,3.0,0.640074211502783,1.3172541743970316,1.0,0.17580340264650285,0.276937618147448,0.0,3.462857142857143,3.0,0.3586337760910816,0.0,0.07372400756143667,0.043478260869565216,0.05198487712665406,0.017013232514177693,0.03497164461247637,0.027410207939508508,0.02835538752362949,24.06364023129146,23.49349821819394,5.191246431969553,5.0
20,2020/21,1339,2004.2248213229805,1.4968071854540557,777.4628454070202,480.0,980.7124842706083,759.8002240477969,480.0,191.67092651757187,0.0,512.6924920127796,300.0,196.07710978342047,0.0,291.2214339058999,120.0,128.12696041822255,0.0,147.31217326362957,0.0,12.815533980582524,0.0,18.036221060492906,0.0,11.003920836445108,0.0,44.70873786407767,0.0,1.7401045556385362,0.0,5.354742345033607,0.0,0.10082150858849888,0.0,83.84522031366691,0.0,1.0,1.0,2.8155339805825244,2.0,0.4654300168634064,0.8381112984822934,0.0,0.10418375717801477,0.15586546349466776,0.0,3.192982456140351,3.0,0.23127572016460907,0.0,0.043478260869565216,0.027071369975389663,0.02461033634126333,0.01394585726004922,0.029532403609515995,0.009023789991796555,0.008203445447087777,24.080500123965194,23.40787224576428,3.8803680981595092,4.0
20,2021/22,1259,1826.0250366162297,1.4503773126419617,966.5470611596505,692.5,1030.1693924137326,948.9686258935664,687.5,242.37564102564102,52.5,690.7632478632479,420.0,235.43844320889596,15.0,385.2019459888801,150.0,139.81433677521844,0.0,229.77184273232726,67.5,25.68844320889595,0.0,27.593328038125495,0.0,22.57724384432089,0.0,76.87907069102462,0.0,3.4970214455917397,0.0,3.762907069102462,0.0,13.97835583796664,0.0,70.88165210484512,0.0,1.0,1.0,3.243050039714059,3.0,0.5602189781021898,1.0583941605839415,1.0,0.13415710503089143,0.22065313327449249,0.0,3.2686567164179103,3.0,0.2975133214920071,0.0,0.05207413945278023,0.038834951456310676,0.037069726390114736,0.01147396293027361,0.03618711385701677,0.019417475728155338,0.02559576345984113,24.33208216543767,23.754561268217707,3.6848979591836737,4.0
20,2022/23,1275,1850.5945314520084,1.4514466913349084,972.3921568627451,660.0,1097.8334848314857,952.9133333333333,645.0,281.5831826401447,60.0,632.5461121157324,360.0,240.64764705882354,40.0,386.57235294117646,160.0,131.23,0.0,239.40607843137255,75.0,19.354901960784314,0.0,28.715098039215686,0.0,15.503725490196079,0.0,89.63352941176471,0.0,3.5725490196078433,0.0,9.645098039215686,0.0,10.66764705882353,0.0,84.70313725490196,0.0,1.0,1.0,3.4101960784313725,3.0,0.2784313725490196,0.6164705882352941,0.0,0.17647058823529413,0.2800702370500439,0.0,3.3222222222222224,3.0,0.4010600706713781,0.0,0.08165057067603161,0.03424056189640035,0.048287971905179985,0.021071115013169446,0.0456540825285338,0.019315188762071993,0.029850746268656716,24.246740765657783,23.800828409341236,3.686602870813397,4.0
21,2016/17,507,617.6721508625938,1.2182882660011711,565.5004930966469,247.5,898.6022518557754,547.6503944773176,240.0,138.32335329341316,0.0,315.21407185628743,87.5,144.4492110453649,0.0,245.26577909270216,50.0,44.62179487179487,0.0,166.94625246548324,0.0,42.59368836291913,0.0,17.377712031558186,0.0,4.773175542406312,0.0,15.070019723865878,0.0,4.990138067061144,0.0,7.40138067061144,0.0,3.63905325443787,0.0,34.32741617357002,0.0,4.0,4.0,1.9546351084812623,1.0,0.3212121212121212,0.5878787878787879,0.0,0.24924012158054712,0.3860182370820669,0.0,,,0.09850746268656717,0.0,0.1276595744680851,0.06382978723404255,0.0425531914893617,0.015197568389057751,0.03951367781155015,0.02127659574468085,0.07598784194528875,24.973373918396792,23.482304988435992,5.450304259634889,5.0
21,2017/18,422,589.2254512926999,1.3962688419258291,587.2197867298578,270.0,786.1171195935167,548.529028436019,248.75,200.5241379310345,0.0,348.21379310344827,120.0,128.96208530805688,0.0,260.00414691943126,72.5,55.968601895734594,0.0,174.04561611374407,0.0,26.46919431279621,0.0,8.885071090047393,0.0,7.748815165876778,0.0,25.908767772511847,0.0,1.716824644549763,0.0,4.928909952606635,0.0,4.940758293838862,0.0,30.86137440758294,0.0,4.0,1.0,2.080568720379147,1.0,0.3181818181818182,0.5324675324675324,0.0,0.24904214559386972,0.4789272030651341,0.0,,,0.1169811320754717,0.0,0.1417624521072797,0.05747126436781609,0.07662835249042145,0.038314176245210725,0.03065134099616858,0.06130268199233716,0.07279693486590039,25.281232614597556,24.14292276557419,5.148058252427185,5.0
21,2018/19,390,572.9496802645208,1.469101744268002,647.773717948718,270.0,1253.1711394707183,614.7153846153847,248.75,218.19354838709677,0.0,419.56935483870967,112.5,169.17179487179487,0.0,277.4852564102564,75.0,51.021153846153844,0.0,186.93589743589743,20.875,40.13461538461539,0.0,7.987179487179487,0.0,5.6923076923076925,0.0,21.36602564102564,0.0,2.6858974358974357,0.0,9.782051282051283,0.0,4.653846153846154,0.0,42.08461538461538,0.0,4.0,1.0,2.0846153846153848,2.0,0.3202614379084967,0.41830065359477125,0.0,0.2183406113537118,0.40611353711790393,0.0,,,,,0.08296943231441048,0.09170305676855896,0.07423580786026202,0.008733624454148471,0.03056768558951965,0.043668122270742356,0.07423580786026202,25.158095424021482,24.17026825143685,5.356020942408377,5.0
21,2019/20,313,452.09036562809416,1.4443781649459877,567.9337060702875,225.0,1024.3618838225716,501.63178913738017,180.0,134.10030864197532,0.0,326.89351851851853,75.0,128.37859424920129,0.0,252.23801916932908,40.0,48.02476038338658,0.0,115.96086261980831,0.0,39.83626198083067,0.0,7.0287539936102235,0.0,4.073482428115016,0.0,17.63738019169329,0.0,7.444089456869009,0.0,3.536741214057508,0.0,2.4920127795527156,0.0,26.544728434504794,0.0,0.0,0.0,1.6900958466453675,1.0,0.2980132450331126,0.6423841059602649,0.0,0.16932907348242812,0.25559105431309903,0.0,3.549019607843137,3.0,0.34185303514376997,0.0,0.06070287539936102,0.06389776357827476,0.025559105431309903,0.0,0.022364217252396165,0.025559105431309903,0.05750798722044728,25.400732879459717,24.214594956651638,5.12621359223301,5.0
21,2020/21,342,481.7784507543315,1.4087089203343026,810.3961988304094,365.625,2355.533757908866,783.2909356725146,338.75,210.86472602739727,0.0,514.5650684931506,185.0,169.7982456140351,0.0,312.18055555555554,112.5,68.01388888888889,0.0,159.2017543859649,0.0,99.37280701754386,0.0,38.72076023391813,0.0,12.697368421052632,0.0,15.713450292397662,0.0,25.8406432748538,0.0,18.42105263157895,0.0,0.0,0.0,45.760233918128655,0.0,0.0,0.0,2.1198830409356724,2.0,0.29411764705882354,0.5147058823529411,0.0,0.11347517730496454,0.1347517730496454,0.0,3.1333333333333333,3.0,0.27402135231316727,0.0,0.03546099290780142,0.014184397163120567,0.0425531914893617,0.0,0.0035460992907801418,0.02127659574468085,0.01773049645390071,25.861495636349318,24.70087470360434,3.888888888888889,4.0
21,2021/22,374,567.7654101810422,1.518089332034872,650.2339572192514,287.5,1321.6146305354766,621.6109625668449,248.75,122.68795620437956,0.0,412.93978102189783,135.0,141.3475935828877,0.0,340.8836898395722,90.0,34.55213903743316,0.0,171.39371657754012,0.0,54.63569518716577,0.0,7.616978609625669,0.0,5.183155080213904,0.0,12.526737967914439,0.0,4.90975935828877,0.0,1.0628342245989304,0.0,2.266042780748663,0.0,30.03342245989305,0.0,0.0,0.0,1.8074866310160427,1.0,0.23493975903614459,0.4578313253012048,0.0,0.12871287128712872,0.19141914191419143,0.0,3.4864864864864864,3.0,0.2913907284768212,0.0,0.04950495049504951,0.026402640264026403,0.026402640264026403,0.0165016501650165,0.033003300330033,0.009900990099009901,0.0297029702970297,25.792780508889944,24.84098008957808,3.5014245014245016,3.0
21,2022/23,358,481.72244463215515,1.3455934207602098,614.5188547486033,315.0,900.3092986034885,581.6696927374302,307.5,136.86170212765958,0.0,308.4751773049645,120.0,113.94972067039106,0.0,294.6480446927374,90.0,44.287709497206706,0.0,179.2046089385475,0.0,38.63826815642458,0.0,10.460893854748603,0.0,15.481843575418994,0.0,19.625698324022345,0.0,15.618016759776536,0.0,1.7318435754189945,0.0,4.022346368715084,0.0,29.49022346368715,0.0,1.0,1.0,2.131284916201117,1.0,0.15083798882681565,0.2430167597765363,0.0,0.16666666666666666,0.23,0.0,3.130434782608696,3.0,0.34121621621621623,0.0,0.07,0.05,0.02,0.01,0.03,0.013333333333333334,0.03666666666666667,25.90135795768396,24.908249352777776,3.770348837209302,4.0
22,2016/17,787,772.879128003831,0.9820573418091881,600.787166454892,360.0,971.5756023337057,574.5829097839899,315.0,134.10894941634243,0.0,360.44163424124514,175.0,139.30654383735705,0.0,276.0330368487929,100.0,45.79955527318933,0.0,165.6931385006353,17.5,22.759212198221093,0.0,6.429479034307497,0.0,10.061626429479034,0.0,12.417407878017789,0.0,2.488881829733164,0.0,2.1950444726810674,0.0,10.025412960609911,0.0,48.099110546378654,0.0,4.0,4.0,2.2947903430749683,2.0,0.33137254901960783,0.5725490196078431,0.0,0.28714859437751006,0.4538152610441767,0.0,,,0.1111111111111111,0.0,0.142570281124498,0.09236947791164658,0.04417670682730924,0.01606425702811245,0.04216867469879518,0.03413654618473896,0.0823293172690763,23.61083799367909,22.919216451260432,5.824583866837388,5.0
22,2017/18,711,712.3996382528941,1.0019685488788945,627.4282700421941,375.0,843.4643340863531,598.746835443038,360.0,118.36831275720165,0.0,421.2489711934156,180.0,146.30133614627286,0.0,284.69866385372717,120.0,49.70710267229254,0.0,162.93248945147678,25.0,25.59071729957806,0.0,5.952883263009845,0.0,14.231715893108298,0.0,23.11181434599156,0.0,3.8132911392405062,0.0,2.5509845288326303,0.0,6.831926863572433,0.0,53.634317862165965,0.0,4.0,1.0,2.5358649789029535,2.0,0.3292181069958848,0.5967078189300411,0.0,0.23788546255506607,0.3788546255506608,0.0,,,0.08609271523178808,0.0,0.1299559471365639,0.08370044052863436,0.037444933920704845,0.011013215859030838,0.03303964757709251,0.03303964757709251,0.05066079295154185,23.953215790331704,23.242022316771145,5.582857142857143,5.0
22,2018/19,665,725.0639938625036,1.0903217952819604,666.884962406015,435.0,815.0892192596771,631.9101503759398,420.0,140.16489361702128,15.0,492.73297872340424,310.0,133.0624060150376,0.0,320.8466165413534,150.0,52.24924812030075,0.0,190.17781954887218,56.25,26.364285714285714,0.0,4.38984962406015,0.0,14.539473684210526,0.0,30.229323308270676,0.0,0.9379699248120301,0.0,2.526315789473684,0.0,12.805263157894737,0.0,49.00451127819549,0.0,4.0,1.0,2.663157894736842,2.0,0.37751004016064255,0.6626506024096386,0.0,0.28361858190709044,0.4889975550122249,0.0,,,,,0.15158924205378974,0.11735941320293398,0.039119804400977995,0.012224938875305624,0.05378973105134474,0.04156479217603912,0.07334963325183375,24.077438171443635,23.134792276245413,5.813918305597579,6.0
22,2019/20,476,581.9554339011644,1.222595449372194,640.7027310924369,377.5,788.6850514575043,601.4663865546219,356.25,159.56652360515022,0.0,420.72639484978544,220.0,168.74947478991598,0.0,268.44485294117646,86.25,74.67174369747899,0.0,127.50997899159664,0.0,17.522058823529413,0.0,8.813025210084033,0.0,9.083508403361344,0.0,12.836134453781513,0.0,2.9149159663865545,0.0,3.2195378151260505,0.0,3.349264705882353,0.0,52.17121848739496,0.0,0.0,0.0,2.4159663865546217,2.0,0.36213991769547327,0.6131687242798354,0.0,0.20588235294117646,0.35714285714285715,0.0,3.241758241758242,3.0,0.4873417721518987,0.0,0.09243697478991597,0.07563025210084033,0.04201680672268908,0.01680672268907563,0.04831932773109244,0.03361344537815126,0.04831932773109244,23.743127470594217,23.066187145904387,5.871035940803383,6.0
22,2020/21,656,734.0384826156255,1.1189611015482097,632.8464176829268,377.5,934.5575506105437,599.686737804878,340.0,104.71507352941177,0.0,487.6727941176471,217.5,113.55182926829268,0.0,315.0647865853659,120.0,57.614329268292686,0.0,125.00914634146342,0.0,15.649771341463415,0.0,9.916158536585366,0.0,9.636432926829269,0.0,25.986661585365855,0.0,25.70922256097561,0.0,2.1932164634146343,0.0,0.15434451219512196,0.0,47.57545731707317,0.0,1.0,1.0,2.2667682926829267,2.0,0.28185328185328185,0.5405405405405406,0.0,0.12429378531073447,0.19962335216572505,0.0,3.3666666666666667,3.0,0.29961832061068705,0.0,0.0583804143126177,0.030131826741996232,0.022598870056497175,0.005649717514124294,0.035781544256120526,0.018832391713747645,0.02824858757062147,24.399844492525997,23.447248608032538,4.196875,4.0
22,2021/22,614,688.8078504784737,1.1218368900300875,618.1946254071661,382.5,800.807482844378,591.9662052117263,360.0,68.14435146443515,0.0,434.5407949790795,240.0,99.93811074918567,0.0,323.64657980456025,120.0,54.281351791530945,0.0,160.52524429967426,0.0,14.320032573289902,0.0,14.88843648208469,0.0,6.425081433224756,0.0,20.70439739413681,0.0,24.971498371335503,0.0,1.1074918566775245,0.0,7.182410423452769,0.0,38.754885993485345,0.0,1.0,1.0,2.3762214983713354,2.0,0.30451127819548873,0.6090225563909775,0.0,0.1485148514851485,0.24554455445544554,0.0,3.196969696969697,3.0,0.3185483870967742,0.0,0.06534653465346535,0.047524752475247525,0.023762376237623763,0.007920792079207921,0.04356435643564356,0.02574257425742574,0.031683168316831684,24.12335207709819,23.29703302047948,4.0889261744966445,4.0
22,2022/23,591,633.0329678324223,1.071121772982102,693.8079526226734,397.5,1253.919494062195,653.7635363790187,383.5,186.1820987654321,0.0,435.8528806584362,225.0,138.98223350253807,0.0,343.7690355329949,138.75,56.77030456852792,0.0,184.0710659898477,50.0,22.70939086294416,0.0,13.948815566835872,0.0,12.692470389170897,0.0,22.436548223350254,0.0,17.857445008460235,0.0,2.8934010152284264,0.0,5.088832487309645,0.0,37.7165820642978,0.0,1.0,1.0,2.483925549915398,2.0,0.11844331641285956,0.20473773265651438,0.0,0.19668737060041408,0.33540372670807456,0.0,3.127906976744186,3.0,0.44166666666666665,0.0,0.09937888198757763,0.08074534161490683,0.026915113871635612,0.018633540372670808,0.041407867494824016,0.014492753623188406,0.053830227743271224,24.350047091545253,23.47140132819505,3.9072164948453607,4.0
23,2016/17,546,509.66936238955697,0.9334603706768443,480.97893772893775,206.25,716.9718751381068,361.64285714285717,120.0,78.65506329113924,0.0,271.876582278481,95.0,68.67445054945055,0.0,213.96886446886447,30.0,24.235347985347985,0.0,88.61309523809524,0.0,21.788003663003664,0.0,1.9047619047619047,0.0,7.367216117216117,0.0,7.802197802197802,0.0,0.0,0.0,6.538461538461538,0.0,0.0,0.0,4.166666666666667,0.0,4.0,3.0,1.664835164835165,1.0,0.2984126984126984,0.4634920634920635,0.0,0.1620879120879121,0.25824175824175827,0.0,,,0.08579088471849866,0.0,0.07967032967032966,0.03571428571428571,0.038461538461538464,0.013736263736263736,0.04395604395604396,0.013736263736263736,0.03296703296703297,26.690036010526846,26.026174895895306,5.369202226345084,5.0
23,2017/18,480,522.4763491610254,1.0884923940854696,525.2182291666667,210.0,807.2724836743116,404.1921875,150.0,92.45454545454545,0.0,305.57272727272726,95.0,86.67604166666666,0.0,231.35989583333333,30.0,15.927083333333334,0.0,92.06354166666667,0.0,17.010416666666668,0.0,5.203125,0.0,12.760416666666666,0.0,11.114583333333334,0.0,3.609375,0.0,0.65625,0.0,0.0,0.0,11.557291666666666,0.0,4.0,0.0,1.63125,1.0,0.20588235294117646,0.3014705882352941,0.0,0.11180124223602485,0.18012422360248448,0.0,,,0.05120481927710843,0.0,0.049689440993788817,0.027950310559006212,0.009316770186335404,0.009316770186335404,0.034161490683229816,0.015527950310559006,0.034161490683229816,26.390288988819865,25.520808617899227,5.359574468085106,5.0
23,2018/19,457,496.15718055304814,1.0856831084311775,597.554704595186,240.0,925.0877847835138,483.73851203501096,172.5,76.66666666666667,0.0,278.77256944444446,120.0,82.82385120350109,0.0,310.4266958424508,70.0,25.525164113785557,0.0,122.43654266958424,0.0,23.769146608315097,0.0,0.6892778993435449,0.0,9.37910284463895,0.0,13.00875273522976,0.0,7.87746170678337,0.0,1.263676148796499,0.0,3.3479212253829322,0.0,14.826039387308533,0.0,4.0,1.0,1.6805251641137855,1.0,0.24285714285714285,0.35,0.0,0.13043478260869565,0.23411371237458195,0.0,,,,,0.06688963210702341,0.03678929765886288,0.016722408026755852,0.016722408026755852,0.026755852842809364,0.04013377926421405,0.030100334448160536,26.9459897350911,25.85082591636118,5.192743764172335,5.0
23,2019/20,290,295.02203773700893,1.0173173715069272,522.7922413793103,180.0,891.8406174911916,349.4413793103448,63.75,42.10664335664335,0.0,252.8846153846154,0.0,61.37413793103448,0.0,235.58189655172413,0.0,53.008620689655174,0.0,69.24137931034483,0.0,6.931034482758621,0.0,2.3448275862068964,0.0,5.179310344827586,0.0,2.3275862068965516,0.0,0.0,0.0,0.03879310344827586,0.0,0.0,0.0,3.793103448275862,0.0,0.0,0.0,1.210344827586207,1.0,0.23809523809523808,0.3673469387755102,0.0,0.1103448275862069,0.16551724137931034,0.0,3.4,3.5,0.21052631578947367,0.0,0.04827586206896552,0.027586206896551724,0.0,0.0,0.02413793103448276,0.017241379310344827,0.04827586206896552,26.745785194972658,26.452556977029243,5.307420494699647,5.0
23,2020/21,457,513.0605868483123,1.122670868377051,546.1673960612692,240.0,840.67995753203,415.14551422319477,155.0,56.92953020134228,0.0,328.9748322147651,60.0,63.78391684901532,0.0,286.35284463894965,60.0,32.48796498905908,0.0,62.368161925601754,0.0,5.711159737417943,0.0,0.2188183807439825,0.0,1.214442013129103,0.0,9.141137855579869,0.0,0.6072210065645515,0.0,2.035010940919037,0.0,0.0,0.0,10.105032822757112,0.0,1.0,0.0,1.3610503282275712,1.0,0.16883116883116883,0.22727272727272727,0.0,0.06930693069306931,0.14521452145214522,0.0,4.157894736842105,4.0,0.2059800664451827,0.0,0.0165016501650165,0.0165016501650165,0.0231023102310231,0.019801980198019802,0.026402640264026403,0.0165016501650165,0.026402640264026403,27.063619303938335,26.45758562020385,4.028436018957346,4.0
23,2021/22,420,468.3056397572313,1.1150134279934079,601.4773809523809,240.0,970.2699573108243,508.8797619047619,158.75,74.91379310344827,0.0,358.17758620689654,90.0,72.23392857142858,0.0,364.86011904761904,63.75,17.779761904761905,0.0,121.83452380952382,0.0,18.56547619047619,0.0,2.642857142857143,0.0,6.482142857142857,0.0,15.089285714285714,0.0,0.14285714285714285,0.0,4.892857142857143,0.0,0.0,0.0,12.744047619047619,0.0,1.0,0.0,1.5809523809523809,1.0,0.17073170731707318,0.23577235772357724,0.0,0.09701492537313433,0.12686567164179105,0.0,3.375,3.0,0.23018867924528302,0.0,0.029850746268656716,0.018656716417910446,0.011194029850746268,0.0037313432835820895,0.018656716417910446,0.018656716417910446,0.026119402985074626,26.966353222402642,25.82710439077937,3.925831202046036,4.0
23,2022/23,426,454.28475351826955,1.066396135019412,622.218896713615,314.375,1038.8783177915343,505.19776995305165,217.5,110.10761589403974,0.0,380.9503311258278,100.0,82.00410798122066,0.0,330.85035211267603,73.75,38.2599765258216,0.0,115.6631455399061,0.0,27.705399061032864,0.0,2.323943661971831,0.0,2.4119718309859155,0.0,21.431924882629108,0.0,2.4354460093896715,0.0,0.8450704225352113,0.0,0.0,0.0,15.096830985915492,0.0,0.0,0.0,1.7018779342723005,1.0,0.06338028169014084,0.09154929577464789,0.0,0.1095890410958904,0.1678082191780822,0.0,3.6666666666666665,4.0,0.31724137931034485,0.0,0.030821917808219176,0.030821917808219176,0.017123287671232876,0.010273972602739725,0.030821917808219176,0.0136986301369863,0.03424657534246575,26.700702518284928,25.84450140906959,3.934508816120907,4.0
24,2016/17,1514,1241.5662387799355,0.82005696088503,713.0926354029062,440.0,902.7975987229925,596.0918097754293,342.5,152.11345776031433,0.0,427.7853634577603,225.0,116.97440554821665,0.0,311.91165785997356,120.0,54.079755614266844,0.0,129.84329590488773,0.0,23.914299867899604,0.0,1.7866578599735798,0.0,18.89431968295905,0.0,36.794914134742406,0.0,0.7926023778071334,0.0,4.299207397622193,0.0,5.855350066050198,0.0,20.936756935270807,0.0,4.0,4.0,2.5759577278731838,2.0,0.46316851664984865,0.7991927346115035,0.0,0.2312435765673176,0.4224049331963001,0.0,,,0.13835198372329605,0.0,0.13052415210688592,0.052415210688591986,0.03699897225077081,0.020554984583761562,0.09455292908530319,0.03597122302158273,0.051387461459403906,25.281218208544498,24.80278867651543,6.045303131245836,6.0
24,2017/18,1388,1256.9146627025955,0.9055581143390458,751.366174351585,480.0,923.7786908301457,632.3085374639769,375.0,141.56972789115648,0.0,463.6808390022676,240.0,122.04034582132564,0.0,335.2316282420749,120.0,63.044848703170025,0.0,124.78386167146974,0.0,19.417867435158502,0.0,3.2744956772334293,0.0,23.407780979827088,0.0,44.48757204610951,0.0,1.25,0.0,1.3274495677233429,0.0,6.181556195965418,0.0,25.46829971181556,0.0,4.0,1.0,2.538184438040346,2.0,0.4190064794816415,0.6587473002159827,0.0,0.20451977401129945,0.3231638418079096,0.0,,,0.11457174638487208,0.0,0.08700564971751412,0.0327683615819209,0.03389830508474576,0.01694915254237288,0.06666666666666667,0.0327683615819209,0.05310734463276836,25.43698218293402,24.80341169365312,5.787063953488372,6.0
24,2018/19,1270,1259.5598254646718,0.9917793901296629,721.7665354330709,480.0,821.3397934871105,616.4409448818898,375.0,164.80238095238096,0.0,446.5565476190476,238.75,133.68740157480315,0.0,353.4501968503937,150.0,44.76240157480315,0.0,142.38996062992126,0.0,24.075787401574804,0.0,1.858267716535433,0.0,20.519685039370078,0.0,42.72086614173228,0.0,1.5145669291338584,0.0,1.8720472440944882,0.0,6.8858267716535435,0.0,17.779133858267716,0.0,4.0,1.0,2.603937007874016,2.0,0.4758771929824561,0.7456140350877193,0.0,0.21563682219419925,0.3745271122320303,0.0,,,,,0.1021437578814628,0.04918032786885246,0.03026481715006305,0.02269861286254729,0.07566204287515763,0.031525851197982346,0.06305170239596469,25.317431466739077,24.799688715426004,5.948248407643312,6.0
24,2019/20,958,902.2894285419768,0.9418470026534205,722.866388308977,455.125,859.8765863506992,599.5125260960334,370.0,123.24357601713062,0.0,509.2237687366167,285.0,98.80949895615866,0.0,329.1972860125261,120.0,85.8277661795407,0.0,109.03366388308977,0.0,17.93971816283925,0.0,1.6753653444676408,0.0,19.93919624217119,0.0,29.17536534446764,0.0,0.44363256784968685,0.0,2.0041753653444676,0.0,2.0511482254697286,0.0,21.252609603340293,0.0,1.0,1.0,2.1576200417536535,2.0,0.42769857433808556,0.7393075356415478,0.0,0.18162839248434237,0.31315240083507306,0.0,3.7975460122699385,4.0,0.4528301886792453,0.0,0.0720250521920668,0.032359081419624215,0.033402922755741124,0.017745302713987474,0.06993736951983298,0.03444676409185804,0.05323590814196242,25.404724639467055,24.831461169805188,6.0210970464135025,6.0
24,2020/21,1315,1345.7734071845375,1.0234018305585837,801.8351711026615,540.0,1085.235731099667,682.7296577946768,420.0,110.39427083333334,0.0,575.0260416666666,341.25,101.77680608365019,0.0,406.18022813688214,225.0,82.34714828897339,0.0,103.11178707224335,0.0,28.244486692015208,0.0,3.634980988593156,0.0,17.2361216730038,0.0,24.8574144486692,0.0,3.2519011406844105,0.0,3.3916349809885933,0.0,0.11406844106463879,0.0,20.435361216730037,0.0,1.0,1.0,2.2988593155893535,2.0,0.3747534516765286,0.5700197238658777,0.0,0.1580547112462006,0.232016210739615,0.0,3.585714285714286,4.0,0.41020408163265304,0.0,0.06180344478216818,0.02127659574468085,0.030395136778115502,0.016210739614994935,0.05572441742654509,0.0182370820668693,0.028368794326241134,25.19864270017926,24.631818850202635,4.69315499606609,5.0
24,2021/22,1321,1351.379334790529,1.0229972254281066,804.7399697199091,525.0,936.9589196367245,700.6612414837244,437.5,126.38735177865613,0.0,522.3616600790514,271.875,112.37869038607116,0.0,420.26078728236183,180.0,79.81226343679032,0.0,132.8158591975776,0.0,16.498485995457987,0.0,1.9928084784254352,0.0,21.459121877365632,0.0,43.04901589704769,0.0,1.1705147615442846,0.0,2.9295987887963664,0.0,4.752081756245269,0.0,16.69871309613929,0.0,1.0,1.0,2.5806207418622256,2.0,0.348993288590604,0.6196868008948546,0.0,0.1584470094438615,0.28961175236096537,0.0,3.8686131386861313,4.0,0.42177589852008457,0.0,0.07135362014690451,0.03252885624344176,0.02938090241343127,0.00944386149003148,0.06400839454354669,0.02833158447009444,0.05456453305351522,25.517810858680093,24.73398012691593,4.433385579937304,4.0
24,2022/23,1370,1267.416096066674,0.9251212380048716,875.6330291970803,525.0,1249.0371500059175,753.9071167883212,420.0,132.4904397705545,0.0,539.7695984703632,300.0,141.68740875912408,0.0,427.4383211678832,180.0,78.35985401459854,0.0,156.82189781021899,0.0,18.545620437956206,0.0,2.9507299270072993,0.0,24.42007299270073,0.0,62.66423357664234,0.0,2.1742700729927007,0.0,3.9927007299270074,0.0,1.1934306569343065,0.0,22.458029197080293,0.0,1.0,1.0,2.675912408759124,2.0,0.15693430656934307,0.27664233576642333,0.0,0.17913385826771652,0.3021653543307087,0.0,3.897727272727273,4.0,0.46844181459566075,0.0,0.0610236220472441,0.03740157480314961,0.0344488188976378,0.01968503937007874,0.06791338582677166,0.028543307086614175,0.0531496062992126,25.591235148205495,24.8560516443247,4.5280478683620045,4.0
