LCA_Class,calendar_year,N,Sum_wt_final,Mean_wt_final,Mean_active,Mean_MEMS7_ALL,Median_MEMS7_ALL,SD_MEMS7_ALL,Mean_MEMS7_SPORTCOUNT_A01,Median_MEMS7_SPORTCOUNT_A01,Mean_MEMS7_IN_SPORTCOUNT_A01,Median_MEMS7_IN_SPORTCOUNT_A01,Mean_MEMS7_OUT_SPORTCOUNT_A01,Median_MEMS7_OUT_SPORTCOUNT_A01,Mean_MEMS7_FITNESS_B06,Median_MEMS7_FITNESS_B06,Mean_MEMS7_WALKALL_C01,Median_MEMS7_WALKALL_C01,Mean_MEMS7_CYCALL_C02,Median_MEMS7_CYCALL_C02,Mean_MEMS7_ACTTRAV_C03,Median_MEMS7_ACTTRAV_C03,Mean_MEMS7_DANCEALL_C04,Median_MEMS7_DANCEALL_C04,Mean_MEMS7_TEAMSPORT_C05,Median_MEMS7_TEAMSPORT_C05,Mean_MEMS7_RACKETSPORT_C06,Median_MEMS7_RACKETSPORT_C06,Mean_MEMS7_ADVWATERSPORT_C07,Median_MEMS7_ADVWATERSPORT_C07,Mean_MEMS7_LEISURE_C08,Median_MEMS7_LEISURE_C08,Mean_MEMS7_COMBATTARGET_C09,Median_MEMS7_COMBATTARGET_C09,Mean_MEMS7_WINTER_C10,Median_MEMS7_WINTER_C10,Mean_MEMS7_RUNATHMULTI_C11,Median_MEMS7_RUNATHMULTI_C11,Median_ACT7GR_ALL,Median_ACT7GR_SPORTCOUNT_A01,Mean_Number_Activities,Median_Number_Activities,Mean_CLUB_SPORTCOUNT_A01,Mean_Number_Club,Median_Number_Club,Mean_VolAny,Mean_VolCnt,Median_VolCnt,Mean_VolDur,Median_VolDur,Mean_VolFrqB_Pop,Median_VolFrqB_Pop,Mean_volint1,Mean_volint2,Mean_volint3,Mean_volint4,Mean_volint5,Mean_volint6,Mean_volint7,Mean_DVBMI,Median_DVBMI,Mean_FruitVegPor,Median_FruitVegPor
0,2016,66,187.0682404822655,2.834367280034326,0.6515151515151515,887.219696969697,307.5,1378.8863319270706,1351.8636363636363,300.0,233.7962962962963,0.0,458.14814814814815,45.0,284.65909090909093,0.0,381.8333333333333,18.75,231.4469696969697,0.0,300.6212121212121,0.0,4.545454545454546,0.0,96.04545454545455,0.0,12.31060606060606,0.0,30.681818181818183,0.0,60.0,0.0,60.0,0.0,80.0,0.0,126.81818181818181,0.0,4.0,4.0,2.4545454545454546,1.0,0.3023255813953488,1.372093023255814,0.0,0.2857142857142857,0.7428571428571429,0.0,,,0.15789473684210525,0.0,0.17142857142857143,0.08571428571428572,0.17142857142857143,0.11428571428571428,0.05714285714285714,0.08571428571428572,0.05714285714285714,25.755235810972845,24.8145871367149,4.491525423728813,4.0
0,2017,392,1189.110916141974,3.033446214647893,0.5586734693877551,637.8794642857143,203.75,1094.5608159327717,595.7308673469388,166.25,79.00442477876106,0.0,426.70575221238937,45.0,126.05293367346938,0.0,264.70599489795916,0.0,81.54081632653062,0.0,200.05994897959184,0.0,7.910714285714286,0.0,41.77295918367347,0.0,12.57079081632653,0.0,7.908163265306122,0.0,1.9706632653061225,0.0,2.4872448979591835,0.0,8.26530612244898,0.0,37.66581632653061,0.0,4.0,4.0,1.663265306122449,1.0,0.2675438596491228,0.43859649122807015,0.0,0.2574626865671642,0.44029850746268656,0.0,,,0.13284132841328414,0.0,0.11194029850746269,0.09701492537313433,0.05223880597014925,0.048507462686567165,0.048507462686567165,0.03731343283582089,0.04477611940298507,26.552054099091663,26.01456815816857,4.8,4.0
0,2018,320,1244.5820331738596,3.8893188536683114,0.60625,621.07265625,277.25,944.0328763888226,590.60234375,240.0,200.78773584905662,0.0,459.0919811320755,136.25,126.99921875,0.0,232.8984375,0.0,120.234375,0.0,207.171875,0.0,10.77421875,0.0,40.35,0.0,9.14765625,0.0,5.203125,0.0,0.34375,0.0,6.0,0.0,5.34375,0.0,34.6875,0.0,4.0,0.0,1.6375,1.0,0.21428571428571427,0.32653061224489793,0.0,0.18867924528301888,0.3490566037735849,0.0,,,0.09473684210526316,0.0,0.07547169811320754,0.08962264150943396,0.06132075471698113,0.02358490566037736,0.02830188679245283,0.02358490566037736,0.04716981132075472,26.527863055948508,26.028920179847226,4.568965517241379,4.0
0,2019,270,939.9153611163532,3.4811680041346413,0.6,548.2157407407408,240.0,851.0633262570037,496.1972222222222,191.25,109.73809523809524,0.0,484.0095238095238,142.5,85.48425925925926,0.0,246.53703703703704,0.0,71.51944444444445,0.0,176.91203703703704,0.0,11.36111111111111,0.0,30.61111111111111,0.0,11.648148148148149,0.0,1.4592592592592593,0.0,1.6111111111111112,0.0,1.2222222222222223,0.0,0.16666666666666666,0.0,19.881481481481483,0.0,4.0,0.0,1.5148148148148148,1.0,0.22413793103448276,0.49137931034482757,0.0,0.25443786982248523,0.44970414201183434,0.0,3.375,4.0,0.8275862068965517,0.0,0.13609467455621302,0.11242603550295859,0.0650887573964497,0.029585798816568046,0.04142011834319527,0.029585798816568046,0.03550295857988166,26.191688470312815,25.51665977143187,4.32806324110672,4.0
0,2020,222,732.1462788056292,3.2979562108361677,0.5135135135135135,560.5765765765766,150.0,1028.0483755326331,518.6959459459459,120.0,86.98660714285714,0.0,449.828125,11.25,58.1981981981982,0.0,300.6114864864865,0.0,83.65990990990991,0.0,217.8355855855856,0.0,15.43918918918919,0.0,29.5777027027027,0.0,2.9279279279279278,0.0,12.93918918918919,0.0,2.2635135135135136,0.0,2.3603603603603602,0.0,0.0,0.0,31.213963963963963,0.0,0.0,0.0,1.2387387387387387,1.0,0.2616822429906542,0.5327102803738317,0.0,0.1643835616438356,0.3013698630136986,0.0,2.838709677419355,3.0,0.34579439252336447,0.0,0.0593607305936073,0.0730593607305936,0.0502283105022831,0.0273972602739726,0.0319634703196347,0.0136986301369863,0.045662100456621,26.27874069708815,26.40445925540655,4.4754901960784315,4.0
0,2021,283,843.960290744084,2.982191840085102,0.5265017667844523,489.8904593639576,157.5,856.3095987525458,526.4593639575971,120.0,152.4491869918699,0.0,554.1686991869918,105.0,85.49646643109541,0.0,212.8100706713781,0.0,72.93639575971731,0.0,133.8047703180212,0.0,8.42756183745583,0.0,45.96731448763251,0.0,12.597173144876326,0.0,30.335689045936395,0.0,5.750883392226148,0.0,9.222614840989399,0.0,0.0,0.0,27.553003533568905,0.0,0.0,0.0,1.4169611307420495,1.0,0.1485148514851485,0.16831683168316833,0.0,0.11160714285714286,0.19642857142857142,0.0,3.2083333333333335,3.0,0.25675675675675674,0.0,0.05357142857142857,0.03571428571428571,0.044642857142857144,0.004464285714285714,0.013392857142857142,0.026785714285714284,0.017857142857142856,26.72448398162587,26.04300736781273,3.1142857142857143,3.0
0,2022,255,787.5667364335548,3.0884970056217833,0.5686274509803921,691.663725490196,225.0,1130.814315721895,724.7264705882353,187.5,134.9056603773585,0.0,782.3584905660377,225.0,84.2,0.0,277.2127450980392,0.0,186.4107843137255,0.0,242.52745098039216,0.0,13.638235294117647,0.0,94.15686274509804,0.0,29.235294117647058,0.0,22.058823529411764,0.0,11.509803921568627,0.0,8.470588235294118,0.0,0.0,0.0,40.641176470588235,0.0,0.0,0.0,1.5254901960784313,1.0,0.17796610169491525,0.3728813559322034,0.0,0.15639810426540285,0.2037914691943128,0.0,3.0689655172413794,3.0,0.3300970873786408,0.0,0.037914691943127965,0.04739336492890995,0.04739336492890995,0.023696682464454975,0.009478672985781991,0.018957345971563982,0.018957345971563982,27.287499274148995,26.550353783754147,3.125,3.0
0,2023,220,667.0924150122281,3.0322382500555825,0.5636363636363636,669.8465909090909,240.0,1163.1477323649292,630.2102272727273,185.0,78.18235294117648,0.0,594.45,150.0,108.6590909090909,0.0,269.53977272727275,15.0,88.96136363636364,0.0,180.52272727272728,0.0,16.78409090909091,0.0,57.30909090909091,0.0,14.477272727272727,0.0,25.920454545454547,0.0,12.875,0.0,3.8181818181818183,0.0,6.613636363636363,0.0,49.10454545454545,0.0,0.0,0.0,1.6636363636363636,1.0,0.11818181818181818,0.2590909090909091,0.0,0.19021739130434784,0.34782608695652173,0.0,3.1333333333333333,3.0,0.43646408839779005,0.0,0.07608695652173914,0.05434782608695652,0.07065217391304347,0.05434782608695652,0.02717391304347826,0.02717391304347826,0.03804347826086957,26.779478518596612,25.75347873380737,2.990049751243781,3.0
1,2016,77,98.24303010495044,1.2758835078564992,0.6493506493506493,540.5032467532468,285.0,749.9833676812642,532.5162337662338,285.0,163.23275862068965,0.0,261.07758620689657,120.0,162.5974025974026,0.0,252.7435064935065,90.0,40.25974025974026,0.0,193.32792207792207,30.0,44.188311688311686,0.0,2.6298701298701297,0.0,2.987012987012987,0.0,11.46103896103896,0.0,0.0,0.0,0.5194805194805194,0.0,0.0,0.0,47.3051948051948,0.0,4.0,4.0,2.064935064935065,2.0,0.375,0.6607142857142857,0.0,0.2127659574468085,0.2553191489361702,0.0,,,0.02127659574468085,0.0,0.0851063829787234,0.0851063829787234,0.02127659574468085,0.02127659574468085,0.02127659574468085,0.02127659574468085,0.0,25.66415019976904,24.928794899312194,4.909090909090909,5.0
1,2017,516,707.5775178978587,1.3712742594919742,0.6046511627906976,550.6700581395348,247.5,869.5324657593362,534.3183139534884,225.0,147.10798816568047,0.0,319.2618343195266,100.0,146.4622093023256,0.0,243.77761627906978,60.0,40.64341085271318,0.0,160.56056201550388,0.0,44.11821705426357,0.0,4.637596899224806,0.0,4.578488372093023,0.0,11.77422480620155,0.0,5.077519379844961,0.0,8.299418604651162,0.0,3.7209302325581395,0.0,32.58042635658915,0.0,4.0,4.0,1.9147286821705427,1.0,0.3238095238095238,0.5587301587301587,0.0,0.22522522522522523,0.34534534534534533,0.0,,,0.09467455621301775,0.0,0.10510510510510511,0.057057057057057055,0.042042042042042045,0.009009009009009009,0.03903903903903904,0.021021021021021023,0.07207207207207207,25.08904821275106,24.03075305457173,5.502,5.0
1,2018,417,597.6713220972965,1.4332645613844042,0.6211031175059952,620.31654676259,300.0,857.3400798621553,604.494004796163,270.0,277.97482014388487,0.0,391.29676258992805,90.0,147.17985611510792,0.0,273.70623501199043,75.0,63.752997601918466,0.0,174.48381294964028,0.0,36.51378896882494,0.0,9.585131894484412,0.0,7.505995203836931,0.0,23.353717026378895,0.0,1.9712230215827338,0.0,9.232613908872901,0.0,5.107913669064748,0.0,31.70863309352518,0.0,4.0,1.0,2.1199040767386093,2.0,0.35064935064935066,0.5584415584415584,0.0,0.24015748031496062,0.4763779527559055,0.0,,,0.1288888888888889,0.0,0.14173228346456693,0.06299212598425197,0.08267716535433071,0.03543307086614173,0.031496062992125984,0.051181102362204724,0.07086614173228346,25.703958597432223,24.552417219166667,5.159313725490196,5.0
1,2019,371,563.8648989721713,1.5198514797093567,0.6172506738544474,619.9299191374663,270.0,1037.946763857581,586.7621293800539,240.0,139.10211267605635,0.0,363.931338028169,127.5,161.37398921832883,0.0,266.72708894878707,71.25,46.32277628032345,0.0,176.66846361185983,0.0,37.59097035040431,0.0,8.504043126684635,0.0,5.761455525606469,0.0,17.38611859838275,0.0,5.006738544474394,0.0,5.6738544474393535,0.0,7.407008086253369,0.0,44.54986522911051,0.0,4.0,1.0,2.0053908355795147,1.0,0.2986111111111111,0.4236111111111111,0.0,0.24786324786324787,0.44017094017094016,0.0,2.75,3.0,0.53125,0.0,0.10256410256410256,0.10256410256410256,0.05555555555555555,0.017094017094017096,0.038461538461538464,0.05128205128205128,0.07264957264957266,25.119808346231952,24.06093961763564,5.265753424657534,5.0
1,2020,324,493.94320501528614,1.5245160648619942,0.5648148148148148,540.5246913580247,225.0,827.8295693124751,498.8117283950617,180.0,138.07602339181287,0.0,335.2733918128655,75.0,129.03317901234567,0.0,243.42746913580248,23.75,52.37808641975309,0.0,109.08796296296296,0.0,40.204475308641975,0.0,6.697530864197531,0.0,4.513888888888889,0.0,16.575617283950617,0.0,7.6080246913580245,0.0,2.1203703703703702,0.0,2.2222222222222223,0.0,27.47222222222222,0.0,0.0,0.0,1.654320987654321,1.0,0.2676056338028169,0.6126760563380281,0.0,0.1853035143769968,0.268370607028754,0.0,3.526315789473684,3.0,0.36741214057507987,0.0,0.0670926517571885,0.06070287539936102,0.022364217252396165,0.003194888178913738,0.03194888178913738,0.025559105431309903,0.05750798722044728,25.520853718834985,24.3046178773967,4.859375,5.0
1,2021,359,521.3006873692296,1.4520910511677707,0.6740947075208914,675.2896935933147,330.0,1056.8225787614838,788.5376044568245,300.0,209.5979020979021,0.0,511.7132867132867,162.5,165.31267409470752,0.0,328.674791086351,112.5,70.1483286908078,0.0,165.1859331476323,0.0,93.6016713091922,0.0,39.66573816155989,0.0,11.632311977715878,0.0,15.324512534818941,0.0,24.575208913649025,0.0,18.008356545961004,0.0,0.04178272980501393,0.0,44.05292479108635,0.0,0.0,0.0,2.064066852367688,2.0,0.3057324840764331,0.5668789808917197,0.0,0.12666666666666668,0.16,0.0,3.085714285714286,3.0,0.32441471571906355,0.0,0.03666666666666667,0.02666666666666667,0.05,0.0033333333333333335,0.013333333333333334,0.016666666666666666,0.013333333333333334,26.06387367031303,25.070008535093635,3.776758409785933,4.0
1,2022,391,566.7760554879268,1.4495551291251325,0.618925831202046,630.2570332480818,285.0,980.6473436514591,613.2365728900256,250.0,128.90296052631578,0.0,411.9342105263158,128.0,110.89002557544757,0.0,349.4386189258312,75.0,45.12148337595908,0.0,196.22122762148337,0.0,52.10677749360614,0.0,8.609335038363172,0.0,6.758312020460358,0.0,14.207161125319693,0.0,8.104219948849105,0.0,1.1445012787723785,0.0,2.129156010230179,0.0,30.952685421994886,0.0,0.0,0.0,1.8797953964194374,1.0,0.23195876288659795,0.41237113402061853,0.0,0.140625,0.2,0.0,3.5,3.5,0.2911392405063291,0.0,0.059375,0.028125,0.028125,0.01875,0.025,0.00625,0.034375,26.10137011076712,24.849467317516314,3.3875338753387534,3.0
1,2023,312,401.6959451607626,1.287487003720393,0.6282051282051282,582.5865384615385,306.25,842.9545939556518,552.9070512820513,285.0,119.15289256198348,0.0,281.25,112.5,100.27724358974359,0.0,292.17387820512823,90.0,46.217948717948715,0.0,178.52003205128204,0.0,36.68269230769231,0.0,3.7740384615384617,0.0,9.639423076923077,0.0,19.923076923076923,0.0,10.709134615384615,0.0,1.6346153846153846,0.0,4.615384615384615,0.0,25.072115384615383,0.0,1.0,1.0,2.0384615384615383,1.0,0.14743589743589744,0.23076923076923078,0.0,0.16475095785440613,0.2413793103448276,0.0,3.175,3.0,0.3281853281853282,0.0,0.07279693486590039,0.04597701149425287,0.022988505747126436,0.0038314176245210726,0.038314176245210725,0.011494252873563218,0.04597701149425287,26.396944080878104,25.209201358495854,3.6943521594684388,3.0
2,2016,206,335.1877463849023,1.6271249824509821,0.8058252427184466,679.1614077669902,432.75,797.5868736862118,644.2463592233009,398.75,198.875,12.5,507.028125,240.0,115.69660194174757,0.0,224.18082524271844,90.0,128.54004854368932,0.0,218.24635922330097,26.25,9.095873786407767,0.0,26.237864077669904,0.0,26.07281553398058,0.0,12.12378640776699,0.0,0.6310679611650486,0.0,3.495145631067961,0.0,3.8592233009708736,0.0,78.77427184466019,0.0,4.0,4.0,2.466019417475728,2.0,0.43333333333333335,0.8066666666666666,0.0,0.3089430894308943,0.6260162601626016,0.0,,,0.16,0.0,0.14634146341463414,0.12195121951219512,0.08130081300813008,0.04878048780487805,0.08943089430894309,0.056910569105691054,0.08130081300813008,25.276790934850254,24.897060231734173,5.351219512195122,5.0
2,2017,1222,1867.389528141843,1.5281420033893969,0.7495908346972177,687.4541734860884,450.0,810.7957631868416,654.0270049099836,420.0,160.52176470588236,15.0,524.5288235294117,300.0,121.74815875613749,0.0,229.76288870703763,67.5,139.21133387888707,0.0,215.25163666121114,60.0,11.563420621931261,0.0,25.328355155482814,0.0,23.894844517184943,0.0,20.80298690671031,0.0,3.1219312602291325,0.0,3.9627659574468086,0.0,17.69885433715221,0.0,66.0556464811784,0.0,4.0,4.0,2.585924713584288,2.0,0.44072164948453607,0.7951030927835051,0.0,0.3048469387755102,0.5586734693877551,0.0,,,0.1503184713375796,0.0,0.1568877551020408,0.10714285714285714,0.08035714285714286,0.05739795918367347,0.06760204081632654,0.04081632653061224,0.04846938775510204,25.024609975489692,24.59579044102495,5.429406850459482,5.0
2,2018,1065,1760.0480556405532,1.6526272822915993,0.7859154929577464,801.8279342723005,532.5,951.8669981774831,767.1335680751174,501.25,163.50701530612244,0.0,634.2716836734694,400.0,139.69154929577465,0.0,267.66971830985915,75.0,160.84014084507044,0.0,253.7363849765258,60.0,9.451408450704225,0.0,34.345539906103284,0.0,20.1462441314554,0.0,28.69600938967136,0.0,8.448356807511738,0.0,11.028169014084508,0.0,21.41549295774648,0.0,71.55446009389671,0.0,4.0,1.0,2.851643192488263,2.0,0.4430379746835443,0.8708860759493671,0.0,0.30030959752321984,0.5712074303405573,0.0,,,0.18914185639229422,0.0,0.14396284829721362,0.10990712074303406,0.08513931888544891,0.05727554179566564,0.06346749226006192,0.05572755417956656,0.05572755417956656,25.003464422335696,24.51782242839892,5.25095785440613,5.0
2,2019,1076,1852.5070821831787,1.7216608570475638,0.7723048327137546,756.7967007434944,465.625,899.4208361771312,721.7676579925651,435.625,142.15925480769232,0.0,593.1298076923077,315.0,127.00511152416357,0.0,261.76092007434943,100.0,140.97583643122675,0.0,227.94702602230484,60.0,10.076672862453531,0.0,24.931459107806692,0.0,23.374767657992564,0.0,37.899628252788105,0.0,3.963057620817844,0.0,7.4907063197026025,0.0,14.363382899628252,0.0,73.71840148698885,0.0,4.0,1.0,2.8392193308550184,2.0,0.4295774647887324,0.7934272300469484,0.0,0.27492877492877493,0.5584045584045584,0.0,3.7096774193548385,4.0,0.7545454545454545,0.0,0.1282051282051282,0.13105413105413105,0.08831908831908832,0.06837606837606838,0.05413105413105413,0.029914529914529916,0.0584045584045584,25.060751415256117,24.583279049894845,5.350710900473934,5.0
2,2020,888,1646.3311018250436,1.8539764660191933,0.740990990990991,682.5976914414415,450.0,798.9767283141367,627.5974099099099,400.0,105.89781021897811,0.0,490.537104622871,240.0,118.71002252252252,0.0,215.84600225225225,54.375,141.00929054054055,0.0,123.25309684684684,0.0,10.309684684684685,0.0,20.1821509009009,0.0,15.557432432432432,0.0,20.39132882882883,0.0,7.808277027027027,0.0,2.7646396396396398,0.0,5.917792792792793,0.0,86.20495495495496,0.0,0.0,0.0,2.356981981981982,2.0,0.5,0.9547413793103449,0.5,0.22171428571428572,0.4057142857142857,0.0,3.4644808743169397,4.0,0.5057339449541285,0.0,0.08228571428571428,0.08571428571428572,0.064,0.045714285714285714,0.044571428571428574,0.036571428571428574,0.046857142857142854,25.083445111190883,24.53735703654227,5.145475372279496,5.0
2,2021,1109,2055.015081146687,1.8530343382747403,0.7258791704238052,643.5279531109107,440.0,810.1528891918689,603.8248422001803,402.5,117.09549356223177,0.0,486.5992489270386,282.5,117.15126239855726,0.0,228.7669071235347,67.5,113.392696122633,0.0,122.13390441839495,0.0,10.837917042380523,0.0,22.791253381424706,0.0,17.536744815148783,0.0,19.50180342651037,0.0,14.289449954914337,0.0,6.9431920649233545,0.0,0.0811541929666366,0.0,66.7321911632101,0.0,1.0,1.0,2.3137962128043283,2.0,0.35714285714285715,0.6515151515151515,0.0,0.1584051724137931,0.2790948275862069,0.0,3.425531914893617,4.0,0.4067245119305857,0.0,0.05603448275862069,0.04956896551724138,0.059267241379310345,0.04418103448275862,0.03987068965517242,0.021551724137931036,0.008620689655172414,25.288544231908528,24.723288757900168,3.6407129455909946,4.0
2,2022,1203,2057.704152701071,1.7104772674156867,0.7489609310058188,766.0806317539484,525.0,911.1941256689917,741.6837073981712,487.5,121.74438775510204,0.0,534.8755102040816,300.0,129.2643391521197,0.0,282.23815461346635,90.0,146.47942643391522,0.0,202.80465502909394,40.0,7.701579384871155,0.0,30.802161263507898,0.0,28.148171238570242,0.0,31.06525353283458,0.0,17.530133000831256,0.0,2.8505818786367416,0.0,7.980049875311721,0.0,69.19534497090606,0.0,1.0,1.0,2.832086450540316,2.0,0.3333333333333333,0.6303630363036303,0.0,0.21747967479674796,0.3902439024390244,0.0,3.4504950495049505,3.5,0.558282208588957,0.0,0.09044715447154472,0.08333333333333333,0.06707317073170732,0.039634146341463415,0.041666666666666664,0.029471544715447155,0.03861788617886179,25.36427415881212,24.970093171464278,3.6632034632034634,3.0
2,2023,1010,1666.981502111468,1.6504767347638296,0.7752475247524753,790.5388613861386,483.75,972.9970332670457,757.4891089108911,450.0,184.97982885085574,7.5,541.9101466992665,285.0,138.4730198019802,0.0,262.1232673267327,75.0,144.47846534653465,0.0,188.85222772277228,30.0,16.613861386138613,0.0,47.617574257425744,0.0,28.245049504950494,0.0,42.853960396039604,0.0,13.535891089108912,0.0,7.1138613861386135,0.0,15.207920792079207,0.0,62.328217821782175,0.0,1.0,1.0,2.8396039603960395,2.0,0.19702970297029704,0.3722772277227723,0.0,0.2206405693950178,0.37129300118623965,0.0,3.3055555555555554,3.0,0.5763723150357996,0.0,0.08066429418742586,0.07354685646500593,0.06880189798339265,0.04033214709371293,0.04744958481613286,0.02609727164887307,0.03440094899169632,25.385038448424737,24.801587301587304,3.6670061099796336,3.0
3,2016,140,156.04927430611104,1.114637673615079,0.6428571428571429,474.8142857142857,288.75,571.6867030857877,460.6625,266.25,139.125,0.0,350.575,105.0,112.55892857142857,0.0,231.5392857142857,60.0,45.885714285714286,0.0,162.00892857142858,0.0,34.075,0.0,0.42857142857142855,0.0,9.142857142857142,0.0,14.035714285714286,0.0,0.75,0.0,0.0,0.0,5.035714285714286,0.0,44.42857142857143,0.0,4.0,4.0,2.0357142857142856,2.0,0.29,0.62,0.0,0.3023255813953488,0.4883720930232558,0.0,,,0.11627906976744186,0.0,0.12790697674418605,0.11627906976744186,0.03488372093023256,0.0,0.05813953488372093,0.046511627906976744,0.10465116279069768,22.722136640341496,22.503143147098708,5.579710144927536,5.0
3,2017,864,875.1688824657331,1.0129269472983022,0.7060185185185185,596.1542245370371,336.25,817.3891651061947,579.9401041666666,301.875,135.82255244755245,0.0,354.48776223776224,180.0,138.35474537037038,0.0,287.10069444444446,106.875,40.430844907407405,0.0,161.49016203703704,16.25,18.325810185185187,0.0,6.77662037037037,0.0,9.159143518518519,0.0,16.166087962962962,0.0,2.349537037037037,0.0,1.4525462962962963,0.0,10.639467592592593,0.0,48.558449074074076,0.0,4.0,4.0,2.2847222222222223,2.0,0.332703213610586,0.5689981096408318,0.0,0.25364963503649635,0.40145985401459855,0.0,,,0.10108303249097472,0.0,0.12956204379562045,0.07846715328467153,0.03832116788321168,0.014598540145985401,0.03832116788321168,0.03102189781021898,0.07116788321167883,23.82247045170305,23.04551718532082,5.831775700934579,5.0
3,2018,751,794.9871764123568,1.0585714732521396,0.7043941411451398,593.4743675099867,360.0,767.9434551181265,570.3518641810919,355.0,116.45384615384616,0.0,406.2125,161.25,138.63715046604528,0.0,267.1165113182423,105.0,44.080892143808256,0.0,156.9430758988016,30.0,31.33155792276964,0.0,6.284953395472703,0.0,13.80659121171771,0.0,23.332223701731024,0.0,3.690079893475366,0.0,2.4450732356857525,0.0,4.923435419440746,0.0,54.021304926764316,0.0,4.0,1.0,2.4620505992010653,2.0,0.33587786259541985,0.583969465648855,0.0,0.2605932203389831,0.4300847457627119,0.0,,,0.09069767441860466,0.0,0.13559322033898305,0.09322033898305085,0.038135593220338986,0.012711864406779662,0.03389830508474576,0.046610169491525424,0.06991525423728813,24.19200494327378,23.316772813120863,5.4507422402159245,5.0
3,2019,775,904.7309371613671,1.1673947576275705,0.7303225806451613,598.6187096774194,360.0,725.9018418159731,566.5725806451613,330.0,134.79537366548044,10.0,445.63967971530246,240.0,124.22387096774193,0.0,295.70193548387095,120.0,45.03322580645161,0.0,169.9235483870968,31.25,18.673870967741937,0.0,3.311935483870968,0.0,12.853225806451613,0.0,26.83225806451613,0.0,0.8516129032258064,0.0,2.47741935483871,0.0,11.46774193548387,0.0,39.14774193548387,0.0,4.0,1.0,2.5161290322580645,2.0,0.3713355048859935,0.6156351791530945,0.0,0.2568627450980392,0.4372549019607843,0.0,3.227272727272727,3.0,0.6344086021505376,0.0,0.12745098039215685,0.11372549019607843,0.03529411764705882,0.013725490196078431,0.050980392156862744,0.03725490196078431,0.058823529411764705,24.149568636647214,23.29703302047948,5.688396349413298,5.0
3,2020,573,735.8885475084276,1.2842732068209906,0.7155322862129145,620.2225130890052,360.0,763.3895612117709,575.1500872600349,325.0,136.6060070671378,0.0,429.3789752650177,210.0,146.39223385689354,0.0,274.14005235602093,81.25,71.32940663176265,0.0,115.7369109947644,0.0,13.844677137870855,0.0,7.713787085514834,0.0,8.405322862129145,0.0,14.013961605584642,0.0,7.059336823734729,0.0,2.386561954624782,0.0,4.896160558464223,0.0,48.08638743455497,0.0,0.0,0.0,2.2338568935427574,2.0,0.3607142857142857,0.625,0.0,0.17761989342806395,0.3108348134991119,0.0,3.2717391304347827,3.0,0.40966010733452596,0.0,0.0905861456483126,0.055062166962699825,0.03374777975133215,0.014209591474245116,0.04440497335701599,0.02664298401420959,0.046181172291296625,23.905343594284012,23.043328215561647,5.587610619469027,5.0
3,2021,755,848.4919215319604,1.1238303596449808,0.6569536423841059,592.5420529801324,339.0,824.7267210574369,567.2966887417218,315.0,109.29444444444445,0.0,466.0373015873016,200.0,108.49966887417219,0.0,297.5860927152318,108.75,48.96125827814569,0.0,123.92350993377484,0.0,15.924834437086092,0.0,10.206622516556292,0.0,9.531788079470198,0.0,24.5658940397351,0.0,24.717218543046357,0.0,1.8162251655629138,0.0,0.1390728476821192,0.0,44.94039735099338,0.0,1.0,1.0,2.2264900662251654,2.0,0.2691029900332226,0.49169435215946844,0.0,0.1185064935064935,0.1737012987012987,0.0,3.3333333333333335,3.0,0.26885245901639343,0.0,0.05519480519480519,0.025974025974025976,0.021103896103896104,0.0016233766233766235,0.027597402597402596,0.01948051948051948,0.022727272727272728,24.401338650037648,23.54788069073783,4.100817438692098,4.0
3,2022,714,814.1769890899841,1.1403039062884932,0.680672268907563,598.1372549019608,365.0,771.1263573109916,590.1435574229691,330.0,89.40567765567765,0.0,407.98443223443223,200.0,119.43067226890756,0.0,308.48494397759106,120.0,50.41841736694678,0.0,152.37219887955183,0.0,19.54201680672269,0.0,11.94047619047619,0.0,5.962885154061625,0.0,18.182773109243698,0.0,22.714285714285715,0.0,1.8137254901960784,0.0,9.09733893557423,0.0,35.09803921568628,0.0,1.0,1.0,2.288515406162465,2.0,0.22432432432432434,0.4243243243243243,0.0,0.14726027397260275,0.2465753424657534,0.0,3.1973684210526314,3.0,0.3454861111111111,0.0,0.05821917808219178,0.05136986301369863,0.0273972602739726,0.0136986301369863,0.0410958904109589,0.025684931506849314,0.02910958904109589,24.38553984346258,23.3441601101554,4.03,4.0
3,2023,594,671.2201904714675,1.130000320659036,0.7289562289562289,671.7840909090909,390.0,908.8396890030624,654.6123737373738,375.0,164.24493927125505,0.0,420.75,195.0,137.64267676767676,0.0,345.95959595959596,150.0,57.323232323232325,0.0,185.87584175084174,50.0,15.873316498316498,0.0,18.571127946127945,0.0,15.023148148148149,0.0,21.755050505050505,0.0,19.290824915824917,0.0,2.6262626262626263,0.0,5.77020202020202,0.0,38.00673400673401,0.0,1.0,1.0,2.484848484848485,2.0,0.12457912457912458,0.2255892255892256,0.0,0.19047619047619047,0.3146997929606625,0.0,2.9390243902439024,3.0,0.41631799163179917,0.0,0.10144927536231885,0.07867494824016563,0.020703933747412008,0.016563146997929608,0.033126293995859216,0.010351966873706004,0.053830227743271224,24.53238646825048,23.54788069073783,3.8784246575342465,4.0
4,2016,54,102.23835489147055,1.8933028683605657,0.7222222222222222,625.2546296296297,360.0,929.5400877543223,542.3379629629629,257.5,284.1666666666667,0.0,294.1666666666667,180.0,142.82407407407408,0.0,273.7037037037037,135.0,28.98148148148148,0.0,136.80555555555554,0.0,23.680555555555557,0.0,7.314814814814815,0.0,0.0,0.0,42.22222222222222,0.0,0.0,0.0,0.0,0.0,0.0,0.0,13.055555555555555,0.0,4.0,4.0,1.7962962962962963,1.0,0.42424242424242425,0.9090909090909091,0.0,0.11428571428571428,0.22857142857142856,0.0,,,0.08823529411764706,0.0,0.08571428571428572,0.05714285714285714,0.02857142857142857,0.0,0.02857142857142857,0.0,0.02857142857142857,26.06944747474581,25.06356970072444,4.92,5.0
4,2017,490,1087.7258493178974,2.2198486720773416,0.6265306122448979,627.9877551020409,345.0,938.9542059505624,537.4673469387756,245.0,146.54936305732485,0.0,404.7452229299363,200.0,121.99744897959184,0.0,289.0795918367347,75.0,55.8469387755102,0.0,166.34489795918367,0.0,20.59438775510204,0.0,2.372448979591837,0.0,5.045918367346939,0.0,20.18877551020408,0.0,0.15306122448979592,0.0,0.24489795918367346,0.0,2.145408163265306,0.0,23.229591836734695,0.0,4.0,4.0,1.626530612244898,1.0,0.2653061224489796,0.40816326530612246,0.0,0.15217391304347827,0.2515527950310559,0.0,,,0.07598784194528875,0.0,0.08385093167701864,0.031055900621118012,0.018633540372670808,0.015527950310559006,0.034161490683229816,0.027950310559006212,0.040372670807453416,26.495101609293403,25.670670755992433,5.067940552016985,5.0
4,2018,441,1081.421942045431,2.452203950216397,0.6258503401360545,603.8236961451247,300.0,863.7604079163434,525.0068027210884,230.0,95.56390977443608,0.0,411.34586466165416,150.0,108.50170068027211,0.0,326.39739229024946,75.0,44.10147392290249,0.0,181.00963718820861,0.0,14.139455782312925,0.0,4.812925170068027,0.0,7.032312925170068,0.0,9.331065759637188,0.0,2.2448979591836733,0.0,0.8503401360544217,0.0,1.4285714285714286,0.0,19.824263038548754,0.0,4.0,1.0,1.6689342403628118,1.0,0.2517482517482518,0.36363636363636365,0.0,0.156794425087108,0.30662020905923343,0.0,,,0.07604562737642585,0.0,0.09407665505226481,0.05226480836236934,0.027874564459930314,0.024390243902439025,0.03484320557491289,0.024390243902439025,0.04878048780487805,26.707227030810234,25.97058830406148,4.781902552204176,5.0
4,2019,443,1126.0043091446219,2.5417704495363926,0.6049661399548533,561.7477426636569,277.5,788.718639253985,484.9407449209932,210.0,81.09939759036145,0.0,322.02710843373495,116.25,103.3058690744921,0.0,288.95598194130923,75.0,25.313205417607225,0.0,151.37697516930024,0.0,24.892776523702032,0.0,8.397291196388261,0.0,8.770880361173814,0.0,4.926636568848759,0.0,1.8284424379232507,0.0,4.783295711060948,0.0,0.5079006772009029,0.0,30.21388261851016,0.0,4.0,1.0,1.5936794582392777,1.0,0.2746478873239437,0.34507042253521125,0.0,0.16013071895424835,0.2908496732026144,0.0,3.5,3.5,0.1956521739130435,0.0,0.08496732026143791,0.03594771241830065,0.02287581699346405,0.026143790849673203,0.0392156862745098,0.029411764705882353,0.05228758169934641,26.767938046362676,25.87468812837347,4.824884792626728,5.0
4,2020,327,715.1645521867417,2.1870475602041033,0.6207951070336392,571.104740061162,247.5,852.2278157416489,482.79357798165137,180.0,60.64935064935065,0.0,364.9155844155844,150.0,60.960244648318046,0.0,293.27446483180427,70.0,70.38990825688073,0.0,123.78440366972477,0.0,14.908256880733944,0.0,0.45871559633027525,0.0,1.2155963302752293,0.0,9.357798165137615,0.0,0.0,0.0,1.9954128440366972,0.0,3.302752293577982,0.0,20.81804281345566,0.0,0.0,0.0,1.238532110091743,1.0,0.25308641975308643,0.36419753086419754,0.0,0.12974683544303797,0.23734177215189872,0.0,3.7567567567567566,4.0,0.33015873015873015,0.0,0.06329113924050633,0.0379746835443038,0.0379746835443038,0.00949367088607595,0.03481012658227848,0.015822784810126583,0.0379746835443038,26.922409812410244,26.489176158609403,4.712025316455696,5.0
4,2021,441,1008.2025594531303,2.2861736042021095,0.5419501133786848,485.2267573696145,180.0,788.067369133997,435.7040816326531,120.0,28.858381502890172,0.0,308.53034682080926,67.5,63.08219954648526,0.0,283.1541950113379,30.0,47.009637188208615,0.0,123.04308390022676,0.0,6.530612244897959,0.0,4.886621315192744,0.0,4.917800453514739,0.0,7.465986394557823,0.0,5.0566893424036286,0.0,5.068027210884353,0.0,0.1360544217687075,0.0,20.334467120181404,0.0,1.0,0.0,1.2040816326530612,1.0,0.17218543046357615,0.2781456953642384,0.0,0.06172839506172839,0.07407407407407407,0.0,2.9444444444444446,3.0,0.14375,0.0,0.024691358024691357,0.018518518518518517,0.009259259259259259,0.0,0.009259259259259259,0.009259259259259259,0.0030864197530864196,27.392197568870127,26.45639802429172,3.6116751269035534,3.0
4,2022,408,866.9680502841092,2.1249216918728164,0.6470588235294118,652.2101715686274,360.0,879.7600337191125,545.3480392156863,261.25,159.70357142857142,0.0,400.05357142857144,150.0,101.99632352941177,0.0,316.0876225490196,56.25,51.997549019607845,0.0,150.17769607843138,0.0,32.95955882352941,0.0,5.661764705882353,0.0,5.772058823529412,0.0,10.680147058823529,0.0,2.3651960784313726,0.0,4.926470588235294,0.0,1.9852941176470589,0.0,18.084558823529413,0.0,1.0,0.0,1.4950980392156863,1.0,0.15591397849462366,0.22580645161290322,0.0,0.12374581939799331,0.21739130434782608,0.0,3.4705882352941178,3.5,0.3745819397993311,0.0,0.043478260869565216,0.013377926421404682,0.026755852842809364,0.020066889632107024,0.043478260869565216,0.03678929765886288,0.033444816053511704,26.65841926451993,26.062000146174586,3.6387434554973823,3.0
4,2023,339,674.6016933464629,1.9899754965972356,0.5722713864306784,597.6799410029498,225.0,1039.012514836553,531.8141592920354,162.5,147.9078014184397,0.0,332.43794326241135,75.0,106.23008849557522,0.0,326.26106194690266,60.0,34.756637168141594,0.0,176.6334808259587,0.0,29.38053097345133,0.0,8.342182890855458,0.0,1.6740412979351031,0.0,13.008849557522124,0.0,1.6814159292035398,0.0,0.8849557522123894,0.0,0.0,0.0,23.55457227138643,0.0,0.0,0.0,1.463126843657817,1.0,0.07669616519174041,0.14454277286135694,0.0,0.11538461538461539,0.2153846153846154,0.0,4.178571428571429,4.0,0.3474903474903475,0.0,0.05,0.023076923076923078,0.03461538461538462,0.015384615384615385,0.03076923076923077,0.03076923076923077,0.03076923076923077,27.302486121577594,26.605476596132984,3.521604938271605,3.0
5,2016,107,95.35083057199891,0.8911292576822328,0.616822429906542,531.8808411214953,270.0,961.392344360287,469.83644859813086,235.0,244.0581395348837,0.0,310.44767441860466,235.0,125.39719626168224,0.0,191.19626168224298,82.5,93.3644859813084,0.0,112.83177570093459,0.0,12.92056074766355,0.0,1.308411214953271,0.0,6.238317757009346,0.0,18.22429906542056,0.0,0.0,0.0,0.8411214953271028,0.0,0.0,0.0,8.69158878504673,0.0,4.0,4.0,2.130841121495327,2.0,0.43661971830985913,0.8169014084507042,0.0,0.12903225806451613,0.14516129032258066,0.0,,,0.04918032786885246,0.0,0.08064516129032258,0.0,0.0,0.0,0.016129032258064516,0.0,0.04838709677419355,25.591175615434427,24.44727891156463,5.726415094339623,6.0
5,2017,629,508.5533743370183,0.8085109289936697,0.7170111287758346,670.0170906200318,390.0,864.0388579775702,585.8469793322735,310.0,154.75618811881188,0.0,413.26732673267327,210.0,126.44634340222575,0.0,347.3779809220986,150.0,38.493640699523056,0.0,148.6081081081081,0.0,24.809220985691574,0.0,0.3815580286168522,0.0,7.654213036565978,0.0,37.408585055643876,0.0,0.7790143084260731,0.0,2.575516693163752,0.0,1.8124006359300477,0.0,20.9439586645469,0.0,4.0,4.0,2.461049284578696,2.0,0.3832923832923833,0.6486486486486487,0.0,0.18407960199004975,0.2885572139303483,0.0,,,0.085995085995086,0.0,0.10696517412935323,0.03482587064676617,0.02736318407960199,0.012437810945273632,0.0472636815920398,0.02736318407960199,0.03233830845771144,25.402787199626555,24.685119800952545,6.117552334943639,6.0
5,2018,581,513.783728695415,0.8843093437098365,0.7039586919104991,692.0598106712564,397.5,946.5217881521205,586.1742685025818,300.0,119.46910112359551,0.0,382.18398876404495,150.0,136.18588640275388,0.0,325.8145438898451,105.0,51.13166953528399,0.0,126.82573149741825,0.0,29.042598967297764,0.0,1.8072289156626506,0.0,9.593373493975903,0.0,47.5,0.0,0.025817555938037865,0.0,1.2779690189328743,0.0,2.7882960413080893,0.0,20.86919104991394,0.0,4.0,1.0,2.2461273666092945,2.0,0.38235294117647056,0.5735294117647058,0.0,0.1863013698630137,0.28493150684931506,0.0,,,0.10429447852760736,0.0,0.0958904109589041,0.01643835616438356,0.03561643835616438,0.00821917808219178,0.049315068493150684,0.024657534246575342,0.0547945205479452,25.812015612753246,24.8560516443247,5.7665505226480835,6.0
5,2019,574,523.8693593352237,0.9126643890857556,0.7003484320557491,682.954268292683,406.875,818.5809595153382,586.2434668989547,317.5,140.15131578947367,0.0,481.0434210526316,238.75,107.20078397212544,0.0,368.8297038327526,150.0,36.86411149825784,0.0,164.15200348432055,0.0,26.68554006968641,0.0,1.1149825783972125,0.0,11.206445993031359,0.0,41.77264808362369,0.0,1.0844947735191637,0.0,2.770034843205575,0.0,2.1167247386759582,0.0,16.3493031358885,0.0,4.0,1.0,2.3641114982578397,2.0,0.3972602739726027,0.6666666666666666,0.0,0.16883116883116883,0.2909090909090909,0.0,4.0,4.0,0.3384615384615385,0.0,0.08311688311688312,0.025974025974025976,0.02077922077922078,0.01818181818181818,0.05194805194805195,0.023376623376623377,0.06753246753246753,25.57317609607252,24.8560516443247,5.761484098939929,5.0
5,2020,412,341.4514393827213,0.8287656295697118,0.662621359223301,661.0612864077669,360.0,928.8658554435098,563.5904126213592,300.0,86.47814207650273,0.0,494.6666666666667,202.5,99.41808252427184,0.0,341.39016990291265,116.25,81.45873786407768,0.0,117.72815533980582,0.0,15.030339805825243,0.0,1.1407766990291262,0.0,10.41868932038835,0.0,26.868932038834952,0.0,0.03640776699029126,0.0,1.2378640776699028,0.0,1.7475728155339805,0.0,9.884708737864077,0.0,1.0,0.0,1.8737864077669903,2.0,0.38288288288288286,0.5945945945945946,0.0,0.14814814814814814,0.25679012345679014,0.0,3.7735849056603774,4.0,0.37376237623762376,0.0,0.05432098765432099,0.027160493827160494,0.03950617283950617,0.012345679012345678,0.06172839506172839,0.024691358024691357,0.037037037037037035,25.779036384666483,25.16701607058006,6.093596059113301,6.0
5,2021,484,472.7361704507476,0.9767276248982388,0.6818181818181818,706.3347107438017,420.0,902.2102783956593,635.7231404958678,350.0,84.85284810126582,0.0,425.1629746835443,240.0,91.52272727272727,0.0,385.058367768595,157.5,54.48915289256198,0.0,111.21332644628099,0.0,55.12138429752066,0.0,0.8057851239669421,0.0,13.067148760330578,0.0,25.676652892561982,0.0,0.8961776859504132,0.0,4.628099173553719,0.0,0.1859504132231405,0.0,20.542355371900825,0.0,1.0,1.0,2.2107438016528924,2.0,0.297029702970297,0.4504950495049505,0.0,0.1111111111111111,0.14166666666666666,0.0,3.8666666666666667,4.0,0.2773109243697479,0.0,0.044444444444444446,0.013888888888888888,0.013888888888888888,0.005555555555555556,0.030555555555555555,0.008333333333333333,0.025,25.034904981564537,24.382554183016396,4.877995642701525,5.0
5,2022,588,546.993800167675,0.9302615649110119,0.7074829931972789,731.3214285714286,420.0,913.7454311498306,645.5654761904761,358.125,123.03167420814479,0.0,574.7760180995475,250.0,106.3562925170068,0.0,397.2423469387755,150.0,77.09481292517007,0.0,146.70875850340136,0.0,16.666666666666668,0.0,0.0,0.0,11.062925170068027,0.0,36.449829931972786,0.0,0.6292517006802721,0.0,2.878401360544218,0.0,3.163265306122449,0.0,13.926020408163266,0.0,1.0,0.0,2.3945578231292517,2.0,0.1976284584980237,0.36363636363636365,0.0,0.14218009478672985,0.23459715639810427,0.0,3.8461538461538463,4.0,0.35799522673031026,0.0,0.045023696682464455,0.02132701421800948,0.03317535545023697,0.0071090047393364926,0.052132701421800945,0.023696682464454975,0.052132701421800945,25.842454683886473,24.72518293294129,4.588441330998249,4.0
5,2023,457,392.2274612345303,0.8582657795066309,0.7111597374179431,804.1504376367615,430.0,1080.3914007809326,703.6137855579868,360.0,127.61146496815287,0.0,543.1751592356688,240.0,138.17833698030634,0.0,424.5339168490153,180.0,61.665754923413566,0.0,158.4535010940919,0.0,29.570568927789935,0.0,0.22975929978118162,0.0,21.12800875273523,0.0,56.53719912472648,0.0,1.2664113785557987,0.0,2.8172866520787747,0.0,0.0,0.0,16.324945295404813,0.0,1.0,1.0,2.5076586433260393,2.0,0.13785557986870897,0.22538293216630198,0.0,0.14873417721518986,0.25949367088607594,0.0,4.1521739130434785,4.0,0.38924050632911394,0.0,0.04746835443037975,0.0189873417721519,0.03164556962025317,0.012658227848101266,0.06645569620253164,0.028481012658227847,0.05379746835443038,25.51191794159035,24.677246403075696,4.614349775784754,4.0
6,2016,41,85.310664921038,2.0807479249033656,0.6585365853658537,619.2073170731708,300.0,772.0023556927283,617.3780487804878,300.0,197.77777777777777,180.0,242.22222222222223,120.0,204.5731707317073,0.0,270.7926829268293,82.5,60.91463414634146,0.0,148.90243902439025,0.0,67.5,0.0,5.853658536585366,0.0,13.048780487804878,0.0,0.0,0.0,0.0,0.0,2.1951219512195124,0.0,0.0,0.0,41.15853658536585,0.0,4.0,4.0,2.048780487804878,1.0,0.5,0.8636363636363636,0.5,0.1,0.16666666666666666,0.0,,,0.03125,0.0,0.06666666666666667,0.03333333333333333,0.0,0.0,0.03333333333333333,0.0,0.03333333333333333,25.784403771736336,24.12840969832228,5.7,5.0
6,2017,272,430.0049102609862,1.5809004053712727,0.6838235294117647,682.0431985294117,317.5,1063.1787782841561,643.8354779411765,295.0,223.92857142857142,0.0,455.3392857142857,207.5,209.0045955882353,0.0,284.8391544117647,75.0,70.52389705882354,0.0,183.19485294117646,8.125,44.57720588235294,0.0,5.854779411764706,0.0,11.508272058823529,0.0,12.34375,0.0,0.6617647058823529,0.0,0.11029411764705882,0.0,0.22058823529411764,0.0,42.23345588235294,0.0,4.0,4.0,2.0220588235294117,1.0,0.38372093023255816,0.6162790697674418,0.0,0.20555555555555555,0.35,0.0,,,0.10810810810810811,0.0,0.08333333333333333,0.03333333333333333,0.05555555555555555,0.022222222222222223,0.03888888888888889,0.05555555555555555,0.06111111111111111,26.725121284908926,25.757931781393356,5.515267175572519,5.0
6,2018,263,458.0891494279409,1.741783838129053,0.6539923954372624,655.4201520912547,330.0,990.8353041717409,650.1482889733841,300.0,300.625,42.5,509.7774390243902,180.0,196.90779467680608,0.0,316.54277566539923,60.0,50.536121673003805,0.0,210.34410646387832,0.0,49.61216730038023,0.0,7.47148288973384,0.0,4.29467680608365,0.0,12.281368821292777,0.0,11.749049429657795,0.0,15.300380228136882,0.0,0.0,0.0,31.769961977186313,0.0,4.0,0.0,1.9695817490494296,1.0,0.4090909090909091,0.5340909090909091,0.0,0.19375,0.28125,0.0,,,0.06896551724137931,0.0,0.11875,0.025,0.025,0.0,0.04375,0.025,0.04375,26.508839192402117,25.691447099338085,5.445783132530121,5.0
6,2019,263,447.95296770393014,1.70324322320886,0.6996197718631179,653.2366920152091,360.0,930.3149505758626,629.111216730038,300.0,137.55376344086022,0.0,435.52150537634407,142.5,215.76093155893537,0.0,348.05893536121675,120.0,26.85361216730038,0.0,195.20247148288973,30.0,50.73003802281369,0.0,3.612167300380228,0.0,5.598859315589354,0.0,19.53422053231939,0.0,0.6939163498098859,0.0,0.7414448669201521,0.0,1.7110266159695817,0.0,18.492395437262356,0.0,4.0,0.0,1.9315589353612168,2.0,0.3404255319148936,0.5106382978723404,0.0,0.2411764705882353,0.31176470588235294,0.0,2.5,2.5,0.19047619047619047,0.0,0.12941176470588237,0.041176470588235294,0.03529411764705882,0.0058823529411764705,0.01764705882352941,0.029411764705882353,0.052941176470588235,26.260302681390662,25.0802913684578,5.2784313725490195,5.0
6,2020,189,318.9776247080215,1.6877123000424417,0.5661375661375662,558.9854497354497,221.75,872.157579723762,492.1732804232804,180.0,171.49147727272728,0.0,400.32670454545456,158.75,132.9695767195767,0.0,242.56878306878306,60.0,52.07010582010582,0.0,86.28968253968254,0.0,25.511904761904763,0.0,2.2116402116402116,0.0,6.031746031746032,0.0,4.169312169312169,0.0,0.23809523809523808,0.0,8.492063492063492,0.0,0.0,0.0,29.433862433862434,0.0,0.0,0.0,1.5238095238095237,1.0,0.2872340425531915,0.46808510638297873,0.0,0.15934065934065933,0.2032967032967033,0.0,3.3703703703703702,3.0,0.40331491712707185,0.0,0.054945054945054944,0.02197802197802198,0.03296703296703297,0.005494505494505495,0.03296703296703297,0.005494505494505495,0.04945054945054945,27.856106786537154,26.45639802429172,5.105555555555555,5.0
6,2021,243,376.3420084443428,1.5487325450384477,0.6172839506172839,578.3508230452675,265.0,898.44434544318,530.7788065843621,217.5,113.14024390243902,0.0,542.9298780487804,180.0,90.1574074074074,0.0,322.10699588477365,105.0,61.26543209876543,0.0,167.119341563786,0.0,24.362139917695472,0.0,0.09259259259259259,0.0,1.3580246913580247,0.0,15.337448559670781,0.0,0.0205761316872428,0.0,2.654320987654321,0.0,0.0,0.0,36.641975308641975,0.0,0.0,0.0,1.6378600823045268,1.0,0.24,0.43,0.0,0.1043956043956044,0.13736263736263737,0.0,3.888888888888889,4.0,0.18994413407821228,0.0,0.038461538461538464,0.01098901098901099,0.027472527472527472,0.02197802197802198,0.0,0.02197802197802198,0.016483516483516484,27.489280881487353,26.433828360028905,3.408256880733945,3.0
6,2022,203,356.37025974696525,1.7555185209210111,0.6699507389162561,794.5591133004926,360.0,1070.610876712381,767.6625615763547,360.0,132.15361445783134,0.0,506.8313253012048,225.0,144.4704433497537,0.0,478.02093596059115,180.0,52.61699507389162,0.0,247.79187192118226,0.0,39.083743842364534,0.0,9.310344827586206,0.0,7.019704433497537,0.0,11.822660098522167,0.0,9.901477832512315,0.0,11.231527093596059,0.0,3.6945812807881775,0.0,16.980295566502463,0.0,0.0,0.0,2.0738916256157633,2.0,0.28421052631578947,0.5157894736842106,0.0,0.12658227848101267,0.22784810126582278,0.0,3.473684210526316,3.0,0.28662420382165604,0.0,0.06329113924050633,0.04430379746835443,0.0189873417721519,0.006329113924050633,0.02531645569620253,0.0189873417721519,0.05063291139240506,26.546401277789126,25.60765060493401,3.5806451612903225,3.0
6,2023,188,281.2797394929811,1.496168827090325,0.6542553191489362,707.8311170212766,360.0,1024.1872624339264,650.7912234042553,300.0,279.3855421686747,0.0,314.5,105.0,185.78058510638297,0.0,290.1914893617021,90.0,37.799202127659576,0.0,140.3031914893617,0.0,60.53191489361702,0.0,28.289893617021278,0.0,5.38563829787234,0.0,29.54787234042553,0.0,7.73936170212766,0.0,2.2872340425531914,0.0,2.393617021276596,0.0,51.05053191489362,0.0,0.0,0.0,2.1968085106382977,2.0,0.14361702127659576,0.2712765957446808,0.0,0.1568627450980392,0.21568627450980393,0.0,3.409090909090909,3.0,0.31543624161073824,0.0,0.058823529411764705,0.0196078431372549,0.0392156862745098,0.006535947712418301,0.0196078431372549,0.026143790849673203,0.0457516339869281,27.447844818298936,26.743263270819387,3.4916201117318435,3.0
7,2016,133,129.35841224596783,0.9726196409471265,0.6842105263157895,666.5695488721805,390.0,744.9014402172103,575.9492481203008,300.0,170.0,0.0,438.97727272727275,195.0,109.59774436090225,0.0,327.5921052631579,75.0,33.85338345864662,0.0,121.9342105263158,0.0,18.270676691729324,0.0,2.481203007518797,0.0,39.92481203007519,0.0,21.672932330827066,0.0,2.255639097744361,0.0,3.3834586466165413,0.0,13.082706766917294,0.0,13.026315789473685,0.0,4.0,4.0,2.6315789473684212,2.0,0.4606741573033708,0.8539325842696629,0.0,0.29411764705882354,0.6470588235294118,0.0,,,0.20930232558139536,0.0,0.17647058823529413,0.10588235294117647,0.07058823529411765,0.047058823529411764,0.12941176470588237,0.07058823529411765,0.047058823529411764,25.006928888431904,24.772894665466143,5.804511278195489,5.0
7,2017,851,758.5400348638232,0.8913513923194162,0.7743830787309048,763.7400117508813,510.0,841.5764148067253,622.9982373678026,412.5,137.2608695652174,0.0,457.3102006688963,250.0,114.37426556991774,0.0,312.1310223266745,150.0,58.41715628672151,0.0,121.9180376028202,0.0,24.936251468860164,0.0,2.708578143360752,0.0,22.980611045828436,0.0,38.78084606345476,0.0,1.7978848413631023,0.0,0.8607520564042304,0.0,9.835487661574618,0.0,22.407755581668624,0.0,4.0,4.0,2.708578143360752,2.0,0.5038461538461538,0.8538461538461538,1.0,0.23191094619666047,0.42857142857142855,0.0,,,0.14917127071823205,0.0,0.11317254174397032,0.05009276437847866,0.04267161410018553,0.02040816326530612,0.10204081632653061,0.04267161410018553,0.0575139146567718,25.283911974650938,24.963169981862073,5.988179669030733,6.0
7,2018,739,743.5391359431666,1.0061422678527288,0.7672530446549392,770.1461434370772,502.5,866.4058017669184,655.4830852503383,420.0,141.6856846473029,0.0,502.9304979253112,300.0,120.32138024357239,0.0,339.55412719891746,165.0,66.6001353179973,0.0,119.81562922868741,0.0,13.61637347767253,0.0,4.7293640054127195,0.0,35.11332882273342,0.0,46.54769959404601,0.0,2.547361299052774,0.0,0.8288227334235453,0.0,5.7645466847090665,0.0,27.539242219215154,0.0,4.0,1.0,2.611637347767253,2.0,0.4817813765182186,0.7894736842105263,0.0,0.21748400852878466,0.3752665245202559,0.0,,,0.13221153846153846,0.0,0.10660980810234541,0.046908315565031986,0.031982942430703626,0.02771855010660981,0.07462686567164178,0.031982942430703626,0.05543710021321962,25.203420544020176,24.68882501408858,5.871759890859481,6.0
7,2019,681,732.1677932895336,1.0751362603370538,0.7870778267254038,765.6886930983848,525.0,832.9779119775951,659.1629955947136,420.0,188.18426294820716,0.0,448.01792828685257,300.0,146.69787077826726,0.0,361.33627019089573,150.0,48.01395007342144,0.0,137.80837004405285,0.0,21.628120411160058,0.0,4.464023494860499,0.0,28.907856093979444,0.0,47.6769456681351,0.0,2.461086637298091,0.0,3.3370044052863435,0.0,7.356828193832599,0.0,21.084434654919235,0.0,4.0,1.0,2.790014684287812,2.0,0.48760330578512395,0.7644628099173554,0.0,0.24364406779661016,0.4300847457627119,0.0,3.736842105263158,4.0,0.5783132530120482,0.0,0.09745762711864407,0.0635593220338983,0.04025423728813559,0.03177966101694915,0.09745762711864407,0.04025423728813559,0.059322033898305086,25.176879549421137,24.799688715426004,6.005934718100891,6.0
7,2020,596,631.1427497180338,1.0589643451644861,0.7802013422818792,778.3934563758389,532.5,854.1493608533498,633.8326342281879,420.0,106.18578767123287,0.0,531.0753424657535,315.0,90.66023489932886,0.0,346.91359060402687,150.0,106.58389261744966,0.0,86.71224832214764,0.0,8.578020134228188,0.0,0.0,0.0,21.036073825503355,0.0,25.956375838926174,0.0,2.466442953020134,0.0,0.7046979865771812,0.0,1.5604026845637584,0.0,26.690436241610737,0.0,1.0,1.0,2.2416107382550337,2.0,0.4928571428571429,0.8821428571428571,0.0,0.2097902097902098,0.3513986013986014,0.0,3.6106194690265485,4.0,0.5157894736842106,0.0,0.0944055944055944,0.038461538461538464,0.03146853146853147,0.013986013986013986,0.07342657342657342,0.04020979020979021,0.05944055944055944,24.984004603300328,24.673545382200004,5.753378378378378,5.0
7,2021,823,886.9378606868316,1.0776887736170493,0.7946537059538274,874.7594167679223,615.0,948.0158277790567,742.169198055893,510.0,151.6293103448276,0.0,639.6998432601881,405.0,122.9775212636695,0.0,441.0814094775213,232.5,87.31075334143378,0.0,109.47995139732686,0.0,19.617253948967193,0.0,5.558930741190766,0.0,21.793438639125153,0.0,28.547995139732684,0.0,3.5297691373025515,0.0,2.6245443499392467,0.0,0.10935601458080195,0.0,22.24483596597813,0.0,1.0,1.0,2.428918590522479,2.0,0.3993055555555556,0.6111111111111112,0.0,0.17627677100494235,0.30642504118616143,0.0,3.588235294117647,4.0,0.4892205638474295,0.0,0.07248764415156507,0.032948929159802305,0.036243822075782535,0.02471169686985173,0.08072487644151564,0.02800658978583196,0.03130148270181219,25.387888346429612,24.905849374094423,4.533001245330013,5.0
7,2022,773,821.29495964102,1.062477308720595,0.7723156532988357,818.1672056921087,540.0,912.3079120882172,705.7664941785252,457.0,119.91720779220779,0.0,521.2045454545455,318.75,114.13292367399741,0.0,411.32697283311774,180.0,77.18014230271669,0.0,122.98932729624838,0.0,8.194695989650711,0.0,4.424320827943079,0.0,27.926908150064683,0.0,46.66979301423027,0.0,0.889391979301423,0.0,3.127425614489004,0.0,5.598318240620958,0.0,19.709573091849936,0.0,1.0,1.0,2.6377749029754205,2.0,0.3252279635258359,0.5714285714285714,0.0,0.17437722419928825,0.33274021352313166,0.0,3.89010989010989,4.0,0.4444444444444444,0.0,0.08718861209964412,0.033807829181494664,0.028469750889679714,0.010676156583629894,0.07295373665480427,0.03202846975088968,0.06761565836298933,25.410635412787887,24.935915379217484,4.384,4.0
7,2023,692,697.6133945490238,1.0081118418338495,0.8020231213872833,964.5856213872833,630.0,1103.9618370594583,808.253612716763,508.75,145.00480769230768,0.0,574.7221153846153,360.0,121.80527456647398,0.0,448.0704479768786,180.0,100.11018786127168,0.0,159.6979768786127,0.0,18.003973988439306,0.0,5.733381502890174,0.0,29.429190751445088,0.0,66.78251445086705,0.0,3.143063583815029,0.0,4.411127167630058,0.0,2.36271676300578,0.0,23.84393063583815,0.0,1.0,1.0,2.9263005780346822,3.0,0.1676300578034682,0.29624277456647397,0.0,0.22111553784860558,0.3565737051792829,0.0,3.7981651376146788,4.0,0.5891783567134269,0.0,0.0697211155378486,0.05179282868525897,0.037848605577689244,0.027888446215139442,0.08366533864541832,0.029880478087649404,0.055776892430278883,25.467023947380092,24.817413679494614,4.542222222222223,4.0
8,2016,39,167.75812934735208,4.301490496085951,0.7948717948717948,928.1410256410256,680.0,904.9152544555146,927.3717948717949,680.0,322.0,37.5,565.25,348.75,170.3846153846154,0.0,237.56410256410257,50.0,73.78205128205128,0.0,163.65384615384616,0.0,98.78205128205128,0.0,150.3846153846154,0.0,15.64102564102564,0.0,19.23076923076923,0.0,9.23076923076923,0.0,60.0,0.0,0.0,0.0,99.55128205128206,0.0,4.0,4.0,2.3846153846153846,2.0,0.47619047619047616,1.2380952380952381,0.0,0.4074074074074074,1.0,0.0,,,0.27586206896551724,0.0,0.25925925925925924,0.1111111111111111,0.25925925925925924,0.037037037037037035,0.1111111111111111,0.037037037037037035,0.18518518518518517,22.18474634621883,22.07746654730718,5.743589743589744,4.0
8,2017,271,879.0085120209274,3.243573845095673,0.7675276752767528,995.2795202952029,570.0,1236.7722546101495,1011.5987084870849,565.0,280.8009708737864,60.0,776.9514563106796,350.0,251.559963099631,0.0,349.6559040590406,112.5,181.4188191881919,0.0,285.0691881918819,100.0,54.451107011070114,0.0,46.45387453874539,0.0,9.619926199261993,0.0,46.90036900369004,0.0,1.070110701107011,0.0,5.516605166051661,0.0,9.85239852398524,0.0,93.20479704797047,0.0,4.0,4.0,2.7601476014760147,2.0,0.5402843601895735,1.3080568720379147,1.0,0.20481927710843373,0.4036144578313253,0.0,,,0.1317365269461078,0.0,0.1144578313253012,0.030120481927710843,0.06626506024096386,0.03614457831325301,0.06626506024096386,0.030120481927710843,0.060240963855421686,22.831444458873353,22.177487661433403,5.340996168582375,5.0
8,2018,249,1018.9385870994196,4.092122839756705,0.7630522088353414,984.2871485943775,570.0,1244.0981365075647,1019.5783132530121,570.0,392.052,90.0,635.374,330.0,229.26305220883535,0.0,385.6937751004016,127.5,118.48192771084338,0.0,301.609437751004,105.0,93.6144578313253,0.0,31.79718875502008,0.0,13.473895582329318,0.0,42.911646586345384,0.0,11.154618473895582,0.0,16.70682730923695,0.0,20.903614457831324,0.0,97.3855421686747,0.0,4.0,1.0,2.7228915662650603,2.0,0.5581395348837209,1.069767441860465,1.0,0.25,0.45,0.0,,,0.11450381679389313,0.0,0.13125,0.0375,0.1,0.04375,0.075,0.01875,0.04375,22.75777431224875,22.12377056329152,4.8474576271186445,4.0
8,2019,226,876.6394353372934,3.878935554589794,0.8053097345132744,970.9977876106195,540.0,1147.8576252187647,961.8384955752213,540.0,292.98850574712645,15.0,675.4281609195402,360.0,245.77986725663717,0.0,389.7566371681416,153.75,83.21902654867256,0.0,317.4225663716814,106.25,44.38274336283186,0.0,54.07632743362832,0.0,14.225663716814159,0.0,67.73008849557522,0.0,5.376106194690266,0.0,14.745575221238939,0.0,16.194690265486727,0.0,51.13495575221239,0.0,4.0,1.0,2.7389380530973453,2.0,0.5544554455445545,1.396039603960396,1.0,0.2569444444444444,0.4722222222222222,0.0,3.0,3.0,0.18518518518518517,0.0,0.11805555555555555,0.0625,0.09722222222222222,0.020833333333333332,0.06944444444444445,0.034722222222222224,0.06944444444444445,22.76927731080263,21.89824024516961,5.218181818181818,5.0
8,2020,214,702.4646498222556,3.282545092627363,0.719626168224299,723.0350467289719,422.0,902.7352566514952,691.9953271028037,395.0,175.54123711340208,0.0,415.7319587628866,180.0,186.76518691588785,0.0,281.2196261682243,39.25,85.26635514018692,0.0,167.96612149532712,0.0,32.28971962616822,0.0,23.294392523364486,0.0,12.161214953271028,0.0,36.518691588785046,0.0,1.5595794392523366,0.0,0.2803738317757009,0.0,0.0,0.0,59.794392523364486,0.0,0.0,0.0,2.2523364485981308,2.0,0.5752212389380531,0.9823008849557522,1.0,0.1523809523809524,0.28095238095238095,0.0,3.0357142857142856,3.0,0.34615384615384615,0.0,0.0761904761904762,0.04285714285714286,0.05238095238095238,0.01904761904761905,0.047619047619047616,0.023809523809523808,0.01904761904761905,23.253389369947485,22.316484843958673,5.295566502463054,5.0
8,2021,222,665.4114438337083,2.9973488460977853,0.6981981981981982,839.1385135135135,481.875,1166.1986712128019,843.5304054054054,481.875,236.4575,0.0,544.7425,285.0,203.26914414414415,0.0,351.43581081081084,75.0,96.48648648648648,0.0,197.27477477477478,0.0,55.81644144144144,0.0,35.37162162162162,0.0,15.09009009009009,0.0,34.95495495495496,0.0,6.092342342342342,0.0,1.4639639639639639,0.0,0.2702702702702703,0.0,80.74324324324324,0.0,0.0,0.0,2.31981981981982,2.0,0.3523809523809524,0.780952380952381,0.0,0.11219512195121951,0.17073170731707318,0.0,3.227272727272727,3.0,0.2660098522167488,0.0,0.05365853658536585,0.014634146341463415,0.02926829268292683,0.004878048780487805,0.04390243902439024,0.014634146341463415,0.00975609756097561,23.08143737288111,22.620166733865535,3.6095238095238096,3.0
8,2022,202,636.864090858273,3.1527925290013514,0.8366336633663366,1163.730198019802,660.0,1381.773689217194,1205.2648514851485,660.0,407.98387096774195,30.0,873.5913978494624,360.0,247.84777227722773,0.0,463.8032178217822,210.0,153.21163366336634,0.0,332.7017326732673,102.5,79.9319306930693,0.0,66.0049504950495,0.0,28.056930693069308,0.0,91.39851485148515,0.0,4.680693069306931,0.0,1.8564356435643565,0.0,7.5,0.0,111.76732673267327,0.0,0.0,0.0,2.9603960396039604,3.0,0.41,0.95,0.0,0.20108695652173914,0.3804347826086957,0.0,3.235294117647059,3.0,0.4945652173913043,0.0,0.04891304347826087,0.03260869565217391,0.09239130434782608,0.04891304347826087,0.07065217391304347,0.03804347826086957,0.04891304347826087,23.19336773937689,22.44382051919136,3.6065573770491803,3.0
8,2023,177,479.63817662921593,2.709820206944723,0.7288135593220338,946.2740112994351,513.75,1181.8870596602455,943.5338983050848,483.75,333.2317073170732,0.0,628.8567073170732,228.75,213.8771186440678,0.0,408.409604519774,105.0,101.75847457627118,0.0,282.99435028248587,0.0,74.09604519774011,0.0,27.471751412429377,0.0,11.094632768361581,0.0,87.1680790960452,0.0,4.067796610169491,0.0,4.646892655367232,0.0,0.0,0.0,56.09887005649718,0.0,1.0,1.0,2.5028248587570623,2.0,0.2033898305084746,0.384180790960452,0.0,0.1901840490797546,0.294478527607362,0.0,3.2142857142857144,3.0,0.4,0.0,0.06748466257668712,0.024539877300613498,0.08588957055214724,0.018404907975460124,0.03067484662576687,0.024539877300613498,0.04294478527607362,22.336909783613162,21.481911555215405,3.4939024390243905,3.0
9,2016,52,130.98168626009107,2.5188785819248283,0.6153846153846154,975.2115384615385,315.0,1538.564066182038,909.9230769230769,315.0,195.39473684210526,0.0,676.6315789473684,422.5,247.69230769230768,0.0,359.13461538461536,0.0,127.64423076923077,0.0,282.5480769230769,0.0,25.576923076923077,0.0,55.19230769230769,0.0,0.0,0.0,64.32692307692308,0.0,0.5769230769230769,0.0,6.923076923076923,0.0,15.625,0.0,41.94230769230769,0.0,4.0,4.0,2.1346153846153846,2.0,0.35135135135135137,0.6216216216216216,0.0,0.0625,0.0625,0.0,,,0.03125,0.0,0.0,0.0,0.0,0.0,0.0,0.0,0.0625,25.134787811135393,25.10633270321361,5.204081632653061,5.0
9,2017,363,1020.201917680084,2.810473602424474,0.6694214876033058,754.0936639118457,375.0,1128.2136063171197,744.4084022038568,345.0,166.268115942029,0.0,432.3659420289855,145.0,184.55785123966942,0.0,282.83953168044076,37.5,124.0771349862259,0.0,237.14325068870522,0.0,58.97382920110193,0.0,27.493112947658403,0.0,7.534435261707989,0.0,13.099173553719009,0.0,16.694214876033058,0.0,0.4132231404958678,0.0,5.371900826446281,0.0,43.59504132231405,0.0,4.0,4.0,2.041322314049587,1.0,0.332,0.608,0.0,0.18552036199095023,0.28054298642533937,0.0,,,0.0752212389380531,0.0,0.058823529411764705,0.049773755656108594,0.04072398190045249,0.013574660633484163,0.04524886877828054,0.03619909502262444,0.03619909502262444,24.657378171606897,24.167162403331357,4.637640449438202,4.0
9,2018,324,1021.3675942543349,3.152369118068935,0.7006172839506173,824.2006172839506,420.0,1210.151372155165,811.2608024691358,390.0,233.21581196581195,0.0,545.1559829059829,227.5,180.9537037037037,0.0,314.662037037037,90.0,148.4483024691358,0.0,258.13271604938274,41.25,32.51234567901235,0.0,25.938271604938272,0.0,18.993055555555557,0.0,48.44135802469136,0.0,1.6898148148148149,0.0,3.557098765432099,0.0,1.2037037037037037,0.0,46.77469135802469,0.0,4.0,1.0,2.2839506172839505,2.0,0.3106060606060606,0.6212121212121212,0.0,0.1793478260869565,0.27717391304347827,0.0,,,0.07975460122699386,0.0,0.059782608695652176,0.03260869565217391,0.043478260869565216,0.021739130434782608,0.03260869565217391,0.03260869565217391,0.05434782608695652,25.011277313616077,24.424576469183027,4.884615384615385,4.0
9,2019,346,1016.827920352613,2.938809018360153,0.6907514450867052,821.210260115607,506.25,1004.3575587626653,770.9226878612717,488.75,155.28571428571428,0.0,625.4785714285714,332.5,202.40679190751445,0.0,368.4588150289017,101.25,114.91690751445087,0.0,255.51589595375722,2.5,33.433526011560694,0.0,36.91184971098266,0.0,6.329479768786127,0.0,42.53468208092485,0.0,3.2947976878612715,0.0,7.290462427745664,0.0,1.430635838150289,0.0,27.333815028901736,0.0,4.0,1.0,2.2023121387283235,2.0,0.3795620437956204,0.583941605839416,0.0,0.14666666666666667,0.25333333333333335,0.0,5.0,5.0,0.2972972972972973,0.0,0.057777777777777775,0.03111111111111111,0.04888888888888889,0.0044444444444444444,0.017777777777777778,0.03111111111111111,0.06222222222222222,25.392246053017317,24.86084734433505,4.854166666666667,4.0
9,2020,286,744.5391856114229,2.603283865774206,0.6188811188811189,593.4152097902098,303.0,875.7725203946379,579.2456293706293,300.0,95.97826086956522,0.0,353.3876811594203,162.5,117.93881118881119,0.0,294.5201048951049,7.5,79.12937062937063,0.0,158.03846153846155,0.0,18.435314685314687,0.0,7.1328671328671325,0.0,6.284965034965035,0.0,37.94580419580419,0.0,0.8741258741258742,0.0,1.3461538461538463,0.0,0.3146853146853147,0.0,40.62062937062937,0.0,0.0,0.0,1.632867132867133,1.0,0.3125,0.4583333333333333,0.0,0.1453900709219858,0.2127659574468085,0.0,3.5526315789473686,3.0,0.35125448028673834,0.0,0.04964539007092199,0.03900709219858156,0.03900709219858156,0.01773049645390071,0.014184397163120567,0.03546099290780142,0.01773049645390071,25.207217712547713,24.700341601678865,4.494545454545454,4.0
9,2021,319,832.4041281233154,2.609417329540174,0.664576802507837,723.6583072100314,380.0,986.356737104643,662.4905956112852,360.0,66.16541353383458,0.0,428.82706766917295,180.0,132.90360501567397,0.0,318.8863636363636,60.0,109.60971786833856,0.0,191.42084639498432,0.0,16.261755485893417,0.0,9.93730407523511,0.0,5.893416927899686,0.0,37.22257053291536,0.0,1.786833855799373,0.0,4.098746081504702,0.0,3.0094043887147337,0.0,53.206896551724135,0.0,0.0,0.0,2.031347962382445,1.0,0.3161764705882353,0.5441176470588235,0.0,0.08921933085501858,0.13382899628252787,0.0,3.0476190476190474,3.0,0.20599250936329588,0.0,0.02973977695167286,0.03345724907063197,0.02973977695167286,0.0037174721189591076,0.01486988847583643,0.011152416356877323,0.011152416356877323,25.087057790993466,24.45356840961236,3.4526315789473685,3.0
9,2022,305,791.851276287127,2.5962336927446787,0.6852459016393443,794.6352459016393,380.0,1180.2762329072843,782.7549180327869,375.0,166.38779527559055,0.0,683.4862204724409,375.0,123.97950819672131,0.0,360.9450819672131,112.5,122.65163934426229,0.0,256.40983606557376,0.0,27.65573770491803,0.0,24.92622950819672,0.0,9.655737704918034,0.0,27.777049180327868,0.0,1.680327868852459,0.0,22.39344262295082,0.0,4.377049180327869,0.0,52.12622950819672,0.0,0.5,0.0,1.980327868852459,1.0,0.2830188679245283,0.5345911949685535,0.0,0.1471698113207547,0.19245283018867926,0.0,3.2285714285714286,3.0,0.3574144486692015,0.0,0.03773584905660377,0.018867924528301886,0.06415094339622641,0.011320754716981131,0.022641509433962263,0.01509433962264151,0.022641509433962263,25.339967865356847,24.85840672863511,3.2214022140221403,3.0
9,2023,245,615.067255243439,2.5104785928303635,0.710204081632653,1006.4489795918367,540.0,1340.2522668437055,1029.2591836734694,525.0,292.6682692307692,0.0,604.5192307692307,210.625,285.47244897959183,0.0,348.25,75.0,165.30102040816325,0.0,284.44897959183675,0.0,45.265306122448976,0.0,41.816326530612244,0.0,12.653061224489797,0.0,113.71428571428571,0.0,1.1020408163265305,0.0,16.591836734693878,0.0,0.24489795918367346,0.0,38.95918367346939,0.0,0.0,0.0,2.2612244897959184,2.0,0.1306122448979592,0.33877551020408164,0.0,0.14018691588785046,0.22897196261682243,0.0,3.0,3.0,0.3160377358490566,0.0,0.037383177570093455,0.0514018691588785,0.0514018691588785,0.014018691588785047,0.028037383177570093,0.014018691588785047,0.03271028037383177,26.325207660136574,25.193461007375543,2.896551724137931,2.0
10,2016,85,134.3395742922107,1.5804655799083611,0.8352941176470589,1007.7647058823529,712.5,1037.8323523559277,991.0,680.0,301.75,67.5,648.8461538461538,390.0,261.1470588235294,110.0,221.6764705882353,0.0,250.23529411764707,5.0,276.70588235294116,90.0,13.941176470588236,0.0,27.529411764705884,0.0,20.941176470588236,0.0,66.70588235294117,0.0,2.823529411764706,0.0,26.523529411764706,0.0,3.5294117647058822,0.0,81.97058823529412,0.0,4.0,4.0,3.623529411764706,3.0,0.6470588235294118,1.411764705882353,1.0,0.34545454545454546,0.6363636363636364,0.0,,,0.14545454545454545,0.0,0.18181818181818182,0.01818181818181818,0.14545454545454545,0.07272727272727272,0.09090909090909091,0.07272727272727272,0.05454545454545454,23.971747005774667,23.544526317822594,5.773809523809524,6.0
10,2017,535,803.3136785563199,1.5015208944977942,0.8803738317757009,1061.761214953271,762.5,1014.9927852160605,1043.5415887850468,752.5,303.82094594594594,153.75,737.6216216216217,477.5,250.60327102803737,80.0,281.82850467289717,105.0,207.34112149532712,0.0,251.33130841121496,100.0,36.13317757009346,0.0,43.99672897196262,0.0,27.69626168224299,0.0,62.904205607476634,0.0,3.9962616822429906,0.0,7.780373831775701,0.0,22.226635514018692,0.0,119.74299065420561,35.5,4.0,4.0,3.7514018691588786,4.0,0.6751269035532995,1.49746192893401,1.0,0.3076923076923077,0.6454849498327759,0.0,,,0.15460526315789475,0.0,0.18729096989966554,0.11036789297658862,0.10702341137123746,0.06354515050167224,0.07357859531772576,0.043478260869565216,0.06020066889632107,23.93286947473127,23.464605142884945,5.24577861163227,5.0
10,2018,473,750.4819183877926,1.5866425335894134,0.9154334038054969,1178.9614164904863,870.0,1116.6429400095628,1160.9001057082453,847.5,417.1720297029703,165.0,730.789603960396,462.5,331.0480972515856,120.0,341.32505285412265,150.0,194.51585623678648,0.0,302.6316067653277,150.0,49.18816067653277,0.0,43.27325581395349,0.0,21.44291754756871,0.0,62.383720930232556,0.0,4.312896405919662,0.0,7.8171247357293865,0.0,24.307610993657505,0.0,117.64059196617336,25.0,4.0,1.0,4.0,4.0,0.7005649717514124,1.7514124293785311,1.0,0.2743055555555556,0.46875,0.0,,,0.13278008298755187,0.0,0.1284722222222222,0.04513888888888889,0.09722222222222222,0.04513888888888889,0.059027777777777776,0.04513888888888889,0.04861111111111111,24.162381676218182,23.846227292461545,5.36830835117773,5.0
10,2019,510,821.9201476052813,1.611608132559375,0.9313725490196079,1241.5225490196078,933.75,1128.07439073093,1216.7602941176472,902.5,415.26400862068965,188.75,713.2650862068965,463.125,347.5112745098039,146.25,367.23039215686276,160.0,204.10294117647058,0.0,296.88823529411764,143.75,35.64950980392157,0.0,41.69607843137255,0.0,21.762254901960784,0.0,84.3578431372549,0.0,3.088235294117647,0.0,15.951960784313725,0.0,34.80882352941177,0.0,108.57549019607843,22.5,4.0,1.0,4.149019607843138,4.0,0.7106598984771574,1.6243654822335025,1.0,0.2238372093023256,0.3808139534883721,0.0,3.35,4.0,0.6081081081081081,0.0,0.09302325581395349,0.040697674418604654,0.07848837209302326,0.03197674418604651,0.05813953488372093,0.040697674418604654,0.0377906976744186,24.039595515309543,23.56748099865067,5.463366336633664,5.0
10,2020,526,860.0394982162051,1.6350560802589449,0.8802281368821293,1067.2000950570343,712.5,1126.8537955002523,1060.6577946768061,682.875,222.73694029850745,52.5,778.0401119402985,540.0,238.94153992395437,21.25,352.3916349809886,123.75,211.57984790874525,0.0,202.31511406844106,30.0,17.238593155893536,0.0,21.763307984790874,0.0,12.914923954372624,0.0,69.92395437262357,0.0,3.7452471482889735,0.0,6.1216730038022815,0.0,17.69486692015209,0.0,158.33650190114068,53.75,1.0,1.0,3.317490494296578,3.0,0.69921875,1.5546875,1.0,0.22137404580152673,0.3893129770992366,0.0,3.5,3.0,0.46641074856046066,0.0,0.10114503816793893,0.05725190839694656,0.08206106870229007,0.026717557251908396,0.05534351145038168,0.03816793893129771,0.02862595419847328,23.551696815097216,23.31810404501408,5.332692307692308,5.0
10,2021,597,931.6298414176166,1.5605189973494416,0.8710217755443886,985.1084589614741,720.0,1034.1532001110718,975.8609715242881,720.0,262.87108013937285,45.0,676.794425087108,450.0,279.28182579564486,30.0,307.78978224455614,135.0,175.72529313232832,0.0,172.04480737018426,22.5,16.78433835845896,0.0,31.281407035175878,0.0,19.889028475711893,0.0,64.92043551088777,0.0,2.430904522613065,0.0,6.415410385259632,0.0,7.983668341708543,0.0,106.13107202680067,0.0,1.0,1.0,3.4455611390284755,3.0,0.5776892430278885,1.0597609561752988,1.0,0.13382899628252787,0.19330855018587362,0.0,3.0307692307692307,3.0,0.3258845437616387,0.0,0.03531598513011153,0.03717472118959108,0.03345724907063197,0.01858736059479554,0.03717472118959108,0.016728624535315983,0.01486988847583643,24.13443690812293,23.507805325987142,4.024054982817869,4.0
10,2022,590,958.3238601714036,1.6242777291040738,0.9067796610169492,1183.9245762711864,930.0,1108.8839095513445,1173.4322033898304,900.0,278.3251811594203,90.25,862.4230072463768,600.0,302.51271186440675,90.0,400.5987288135593,178.75,190.3372881355932,0.0,265.58432203389833,90.0,26.65,0.0,51.021186440677965,0.0,25.37923728813559,0.0,102.49491525423728,0.0,5.621186440677966,0.0,5.796610169491525,0.0,21.610169491525422,0.0,105.49915254237288,0.0,1.0,1.0,3.794915254237288,3.0,0.5399361022364217,1.1118210862619808,1.0,0.18233082706766918,0.3157894736842105,0.0,3.404494382022472,3.0,0.43453510436432635,0.0,0.06766917293233082,0.05639097744360902,0.06015037593984962,0.02631578947368421,0.05827067669172932,0.022556390977443608,0.02443609022556391,24.01498079780826,23.55983987517545,3.7552447552447554,4.0
10,2023,491,797.0344714991114,1.6232881293260926,0.9103869653767821,1217.5290224032588,840.0,1225.223820264165,1209.687881873727,840.0,367.30670103092785,103.75,793.75,550.0,316.29938900203666,80.0,381.4460285132383,150.0,209.60437881873727,0.0,260.3503054989817,75.0,12.179226069246436,0.0,59.89307535641548,0.0,24.61048879837067,0.0,115.33350305498982,0.0,2.8767820773930755,0.0,12.281059063136457,0.0,6.827902240325866,0.0,133.21283095723015,0.0,1.0,1.0,4.04887983706721,4.0,0.3421588594704684,0.824847250509165,0.0,0.2186046511627907,0.3581395348837209,0.0,3.292682926829268,3.0,0.5446009389671361,0.0,0.08372093023255814,0.05581395348837209,0.06976744186046512,0.023255813953488372,0.05813953488372093,0.030232558139534883,0.037209302325581395,24.514065620510316,24.040890372400003,3.9278350515463916,4.0
11,2016,106,251.28485805997994,2.3706118684903768,0.7830188679245284,728.7122641509434,530.0,746.3602736522445,724.6084905660377,530.0,356.05,15.0,366.7857142857143,290.0,209.19575471698113,30.0,238.89150943396226,100.0,122.15094339622641,0.0,215.8490566037736,38.75,42.41745283018868,0.0,47.193396226415096,0.0,11.297169811320755,0.0,32.948113207547166,0.0,0.2358490566037736,0.0,1.6981132075471699,0.0,5.188679245283019,0.0,74.69339622641509,0.0,4.0,4.0,3.009433962264151,2.5,0.5555555555555556,1.271604938271605,1.0,0.2571428571428571,0.38571428571428573,0.0,,,0.1267605633802817,0.0,0.14285714285714285,0.05714285714285714,0.08571428571428572,0.02857142857142857,0.04285714285714286,0.014285714285714285,0.014285714285714285,23.09374152602874,22.93975069252077,4.8,4.0
11,2017,682,1431.4241272826478,2.0988623567194247,0.8460410557184751,949.1477272727273,690.0,1003.0582689280171,940.1722873900293,677.5,340.142578125,120.0,611.9951171875,386.875,254.72800586510263,60.0,331.54985337243403,135.0,141.5817448680352,0.0,279.69208211143695,90.0,54.11290322580645,0.0,30.682551319648095,0.0,15.309384164222873,0.0,47.95967741935484,0.0,1.6752199413489737,0.0,5.762463343108505,0.0,17.59530791788856,0.0,82.3409090909091,0.0,4.0,4.0,3.272727272727273,3.0,0.5826271186440678,1.228813559322034,1.0,0.18527315914489312,0.334916864608076,0.0,,,0.07962529274004684,0.0,0.07838479809976247,0.023752969121140142,0.06413301662707839,0.04513064133016627,0.04513064133016627,0.023752969121140142,0.05463182897862233,23.514234319160344,22.74164271427818,5.375558867362146,5.0
11,2018,616,1436.0282742329093,2.33121473089758,0.836038961038961,953.0616883116883,668.75,998.5133237837792,953.8246753246754,665.0,366.9761904761905,112.5,577.8150183150183,350.0,273.13352272727275,60.0,319.1444805194805,123.75,160.9797077922078,0.0,278.79464285714283,100.0,41.530438311688314,0.0,29.5487012987013,0.0,13.587662337662337,0.0,64.98051948051948,0.0,1.6578733766233766,0.0,6.550324675324675,0.0,10.119724025974026,0.0,83.57954545454545,0.0,4.0,1.0,3.3896103896103895,3.0,0.6359447004608295,1.2857142857142858,1.0,0.20051413881748073,0.33676092544987146,0.0,,,0.06927710843373494,0.0,0.09768637532133675,0.033419023136246784,0.05398457583547558,0.028277634961439587,0.06683804627249357,0.02570694087403599,0.030848329048843187,23.192077897040523,22.49410497926694,5.121464226289517,5.0
11,2019,664,1451.2866573611318,2.1856726767486925,0.8493975903614458,1010.1611445783133,690.0,1042.8907224745185,1007.9503012048193,681.875,316.2957746478873,150.0,580.1091549295775,300.0,281.48004518072287,75.0,351.45256024096386,150.0,152.49284638554218,0.0,294.82379518072287,90.0,44.11746987951807,0.0,33.76807228915663,0.0,11.57605421686747,0.0,80.03539156626506,0.0,2.579066265060241,0.0,6.547439759036145,0.0,20.96385542168675,0.0,84.10165662650603,0.0,4.0,1.0,3.3825301204819276,3.0,0.5826771653543307,1.1574803149606299,1.0,0.20319634703196346,0.3378995433789954,0.0,3.2941176470588234,3.0,0.4567901234567901,0.0,0.0958904109589041,0.02511415525114155,0.0684931506849315,0.02054794520547945,0.05707762557077625,0.0319634703196347,0.03881278538812785,23.493922738052362,22.78471400729764,5.09618320610687,5.0
11,2020,602,1233.4617837041126,2.0489398400400542,0.8471760797342193,903.7304817275748,632.5,921.3859123702779,877.0693521594684,616.875,221.8186813186813,60.0,630.3827838827839,420.0,225.22674418604652,30.0,299.5988372093023,122.5,162.33513289036546,0.0,194.39742524916943,2.5,35.82225913621262,0.0,9.5265780730897,0.0,8.633720930232558,0.0,55.20556478405316,0.0,1.2965116279069768,0.0,2.7242524916943522,0.0,7.6245847176079735,0.0,97.78363787375416,0.0,1.0,1.0,3.0548172757475083,3.0,0.6214511041009464,1.337539432176656,1.0,0.16610169491525423,0.25084745762711863,0.0,3.36144578313253,3.0,0.3161512027491409,0.0,0.08135593220338982,0.01864406779661017,0.05593220338983051,0.015254237288135594,0.03728813559322034,0.01864406779661017,0.023728813559322035,23.318376980682935,22.79418785308824,5.021885521885522,5.0
11,2021,588,1319.0175039511437,2.243227047535959,0.7755102040816326,798.6943027210884,487.5,887.2066231641846,790.6670918367347,487.5,165.6513671875,8.75,519.0107421875,257.5,182.5106292517007,0.0,322.09608843537416,120.0,131.99447278911563,0.0,188.74489795918367,30.0,23.053571428571427,0.0,32.48639455782313,0.0,11.69982993197279,0.0,38.208333333333336,0.0,3.1760204081632653,0.0,5.76530612244898,0.0,1.08843537414966,0.0,56.36649659863946,0.0,1.0,1.0,2.857142857142857,2.0,0.4797047970479705,0.966789667896679,0.0,0.0967741935483871,0.1347248576850095,0.0,3.127659574468085,3.0,0.2361904761904762,0.0,0.028462998102466792,0.018975332068311195,0.03225806451612903,0.011385199240986717,0.022770398481973434,0.013282732447817837,0.007590132827324478,23.97917350665384,23.091907857700004,3.8221830985915495,4.0
11,2022,604,1334.7429467878258,2.2098393158738836,0.847682119205298,1040.9209437086092,762.5,1089.5024763621575,1048.8886589403974,753.75,281.26082677165357,90.0,727.2027559055118,420.0,266.32781456953643,45.0,382.4987582781457,182.5,152.09312913907286,0.0,252.34064569536423,116.25,68.73592715231788,0.0,38.115894039735096,0.0,19.224751655629138,0.0,77.63824503311258,0.0,8.549254966887418,0.0,5.1448675496688745,0.0,11.91432119205298,0.0,75.41473509933775,0.0,1.0,1.0,3.5264900662251657,3.0,0.5228758169934641,1.1764705882352942,1.0,0.14095238095238094,0.2571428571428571,0.0,3.5303030303030303,3.0,0.2821497120921305,0.0,0.05904761904761905,0.03428571428571429,0.04380952380952381,0.022857142857142857,0.0419047619047619,0.01904761904761905,0.03619047619047619,23.43272565028267,22.83951429600939,3.8461538461538463,4.0
11,2023,525,1123.598372804813,2.140187376771072,0.8761904761904762,1091.6838095238095,775.0,1161.9738040105872,1092.5695238095238,765.0,318.44407894736844,147.5,736.9078947368421,452.625,290.38952380952384,65.0,427.8285714285714,180.0,130.23666666666668,0.0,286.41809523809525,100.0,47.77904761904762,0.0,35.535714285714285,0.0,19.442857142857143,0.0,85.61714285714285,0.0,5.838571428571429,0.0,5.514285714285714,0.0,15.655238095238095,0.0,85.65333333333334,0.0,1.0,1.0,3.763809523809524,3.0,0.26857142857142857,0.64,0.0,0.18666666666666668,0.29333333333333333,0.0,3.1818181818181817,3.0,0.37276785714285715,0.0,0.06222222222222222,0.024444444444444446,0.04,0.04,0.04666666666666667,0.017777777777777778,0.06222222222222222,23.764018271274495,22.9839417582128,3.8233009708737864,3.0
12,2016,74,73.0342277807268,0.9869490240638756,0.7567567567567568,797.3344594594595,463.125,948.7882631454611,730.847972972973,376.25,253.66071428571428,0.0,474.64285714285717,225.0,196.94256756756758,8.75,325.2195945945946,151.25,111.35135135135135,0.0,180.74324324324326,50.625,51.48986486486486,0.0,0.0,0.0,12.567567567567568,0.0,20.81081081081081,0.0,1.0135135135135136,0.0,7.297297297297297,0.0,1.0135135135135136,0.0,42.5,0.0,4.0,4.0,2.810810810810811,2.0,0.5652173913043478,1.1521739130434783,1.0,0.275,0.45,0.0,,,0.13636363636363635,0.0,0.2,0.0,0.025,0.0,0.05,0.025,0.15,24.356648126866915,22.70514805678711,5.824324324324325,5.0
12,2017,584,588.1496789935188,1.0071056147149295,0.7876712328767124,719.0171232876712,501.25,760.56258611023,638.648544520548,419.375,151.9368131868132,11.25,458.54945054945057,270.0,166.28082191780823,15.0,312.3411815068493,127.5,43.929794520547944,0.0,130.21061643835617,0.0,27.902397260273972,0.0,3.3047945205479454,0.0,20.57277397260274,0.0,40.394691780821915,0.0,0.1541095890410959,0.0,4.683219178082192,0.0,12.636986301369863,0.0,32.209760273972606,0.0,4.0,4.0,2.5445205479452055,2.0,0.4708994708994709,0.7962962962962963,0.0,0.23177083333333334,0.4010416666666667,0.0,,,0.12532637075718014,0.0,0.12760416666666666,0.049479166666666664,0.049479166666666664,0.013020833333333334,0.06510416666666667,0.03125,0.06510416666666667,24.70849027239968,23.67444759891569,6.242268041237113,6.0
12,2018,501,555.7789696568933,1.1093392607922021,0.7904191616766467,742.3228542914171,487.5,877.6813904724403,670.5294411177645,440.0,193.10276073619633,30.0,436.5398773006135,245.0,160.23203592814372,0.0,326.41616766467064,150.0,68.01746506986028,0.0,169.91067864271457,37.5,44.344810379241515,0.0,1.4970059880239521,0.0,19.743013972055888,0.0,38.32634730538922,0.0,0.059880239520958084,0.0,0.8383233532934131,0.0,7.125748502994012,0.0,31.991017964071855,0.0,4.0,1.0,2.600798403193613,2.0,0.5120481927710844,0.8795180722891566,1.0,0.2445141065830721,0.3887147335423197,0.0,,,0.12367491166077739,0.0,0.109717868338558,0.07210031347962383,0.050156739811912224,0.009404388714733543,0.06269592476489028,0.025078369905956112,0.05956112852664577,24.39539060415996,23.29703302047948,5.971774193548387,6.0
12,2019,438,543.783244375127,1.2415142565642168,0.8310502283105022,791.3915525114155,522.5,898.2265534382043,708.5730593607306,437.5,259.2913907284768,90.0,436.60099337748346,210.0,208.28538812785388,60.0,320.96004566210047,150.0,74.44406392694064,0.0,163.888698630137,30.0,39.01255707762557,0.0,0.821917808219178,0.0,14.537671232876713,0.0,24.21232876712329,0.0,0.6506849315068494,0.0,3.6301369863013697,0.0,18.550228310502284,0.0,32.507990867579906,0.0,4.0,1.0,2.7534246575342465,2.0,0.4485294117647059,0.8382352941176471,0.0,0.25961538461538464,0.40705128205128205,0.0,3.5454545454545454,4.0,0.7254901960784313,0.0,0.13782051282051283,0.060897435897435896,0.04487179487179487,0.00641025641025641,0.05448717948717949,0.028846153846153848,0.07371794871794872,24.395132803657987,23.49313349573381,5.894859813084112,6.0
12,2020,418,520.9886220462482,1.2463842632685365,0.7583732057416268,798.6004784688995,469.0,1025.6461043784204,711.2978468899521,400.0,165.2887323943662,0.0,528.9988262910798,285.0,142.70334928229664,0.0,393.91148325358853,180.0,78.40071770334929,0.0,122.11064593301435,0.0,30.891148325358852,0.0,1.722488038277512,0.0,18.06937799043062,0.0,24.18062200956938,0.0,0.07177033492822966,0.0,1.3516746411483254,0.0,5.34688995215311,0.0,40.36363636363637,0.0,1.0,1.0,2.2057416267942584,2.0,0.3979591836734694,0.6683673469387755,0.0,0.15403422982885084,0.2665036674816626,0.0,3.5,4.0,0.32019704433497537,0.0,0.07334963325183375,0.014669926650366748,0.03667481662591687,0.009779951100244499,0.05378973105134474,0.03178484107579462,0.04645476772616137,24.654153960771257,23.639801081810134,5.635491606714628,6.0
12,2021,547,713.9934803863537,1.305289726483279,0.7787934186471663,800.5251371115173,590.0,876.6608366220001,729.0900365630713,520.0,174.27118644067798,0.0,623.319209039548,345.0,164.06672760511884,0.0,379.1791590493601,200.0,80.98628884826326,0.0,114.83957952468008,0.0,24.39488117001828,0.0,0.34963436928702013,0.0,12.96617915904936,0.0,25.585923217550274,0.0,5.621572212065813,0.0,2.3720292504570386,0.0,2.5228519195612433,0.0,53.82998171846435,0.0,0.0,0.0,2.493601462522852,2.0,0.37850467289719625,0.6355140186915887,0.0,0.13043478260869565,0.16624040920716113,0.0,3.3777777777777778,3.0,0.2942708333333333,0.0,0.04603580562659847,0.020460358056265986,0.017902813299232736,0.005115089514066497,0.030690537084398978,0.020460358056265986,0.02557544757033248,24.730937215438125,23.72623111503721,4.642322097378277,4.5
12,2022,538,706.0846868096203,1.3124250684193686,0.7676579925650557,759.5436802973977,500.0,914.5509073573044,718.1073420074349,432.5,179.50358851674642,0.0,430.13038277511964,202.5,214.8550185873606,0.0,337.5557620817844,150.0,59.71654275092937,0.0,144.6807620817844,0.0,27.17007434944238,0.0,2.049256505576208,0.0,19.1682156133829,0.0,34.41449814126394,0.0,2.653345724907063,0.0,2.2699814126394053,0.0,5.074349442379182,0.0,37.92657992565056,0.0,1.0,1.0,2.5353159851301115,2.0,0.3403361344537815,0.6260504201680672,0.0,0.16326530612244897,0.25,0.0,3.5689655172413794,3.0,0.3676092544987147,0.0,0.08163265306122448,0.02040816326530612,0.02806122448979592,0.007653061224489796,0.04591836734693878,0.01020408163265306,0.05612244897959184,24.871405154352964,23.74026767550315,4.517958412098299,4.0
12,2023,490,603.0317295378467,1.23067699905683,0.763265306122449,863.3581632653061,540.0,1053.1594333042667,798.704081632653,450.0,217.27272727272728,0.0,528.6644385026738,210.0,192.33877551020407,0.0,431.82448979591834,180.0,79.85714285714286,0.0,176.65816326530611,0.0,23.308673469387756,0.0,3.061224489795918,0.0,10.383673469387755,0.0,64.58367346938776,0.0,2.229591836734694,0.0,2.127551020408163,0.0,9.705102040816326,0.0,42.474489795918366,0.0,1.0,0.0,2.557142857142857,2.0,0.13877551020408163,0.2897959183673469,0.0,0.16477272727272727,0.2897727272727273,0.0,3.849056603773585,4.0,0.38746438746438744,0.0,0.07954545454545454,0.045454545454545456,0.03977272727272727,0.014204545454545454,0.03409090909090909,0.04261363636363636,0.03409090909090909,24.9817320136145,23.96266253535032,4.574688796680498,4.0
13,2016,33,75.24570998045627,2.280173029710796,0.3939393939393939,264.65909090909093,30.0,470.93006305583503,264.65909090909093,30.0,113.0,0.0,263.0,30.0,24.583333333333332,0.0,205.75757575757575,0.0,1.3636363636363635,0.0,158.4848484848485,0.0,6.363636363636363,0.0,5.454545454545454,0.0,0.0,0.0,0.0,0.0,0.0,0.0,1.8181818181818181,0.0,0.0,0.0,12.424242424242424,0.0,3.0,3.0,0.8787878787878788,0.0,0.16666666666666666,0.375,0.0,0.08695652173913043,0.13043478260869565,0.0,,,0.043478260869565216,0.0,0.08695652173913043,0.0,0.0,0.0,0.043478260869565216,0.0,0.0,28.052036089105258,26.728813839508767,4.37037037037037,4.0
13,2017,213,478.84590678137266,2.2481028487388386,0.49765258215962443,527.3826291079812,135.0,946.9638578475261,490.86150234741785,105.0,73.23214285714286,0.0,326.62142857142857,28.0,126.85328638497653,0.0,280.6913145539906,15.0,52.6924882629108,0.0,152.6232394366197,0.0,14.530516431924882,0.0,3.761737089201878,0.0,0.28169014084507044,0.0,17.323943661971832,0.0,0.0,0.0,0.3873239436619718,0.0,0.0,0.0,16.745305164319248,0.0,3.0,3.0,1.215962441314554,1.0,0.17557251908396945,0.3511450381679389,0.0,0.1323529411764706,0.27941176470588236,0.0,,,0.09154929577464789,0.0,0.04411764705882353,0.014705882352941176,0.022058823529411766,0.029411764705882353,0.051470588235294115,0.0661764705882353,0.051470588235294115,26.18888332548322,25.240011908232333,4.675,4.0
13,2018,177,454.9462656284314,2.570317884906392,0.576271186440678,645.6483050847457,225.0,975.3141780941302,587.8997175141243,210.0,82.04779411764706,0.0,522.7352941176471,225.0,54.644067796610166,0.0,380.75141242937855,100.0,70.44632768361582,0.0,202.87146892655366,0.0,19.40536723163842,0.0,18.361581920903955,0.0,10.494350282485875,0.0,31.492937853107346,0.0,0.02824858757062147,0.0,1.3559322033898304,0.0,0.0,0.0,29.110169491525422,0.0,4.0,0.0,1.5875706214689265,1.0,0.20408163265306123,0.40816326530612246,0.0,0.13559322033898305,0.23728813559322035,0.0,,,0.0990990990990991,0.0,0.0423728813559322,0.01694915254237288,0.05084745762711865,0.01694915254237288,0.025423728813559324,0.0423728813559322,0.0423728813559322,25.819790880778854,25.10441078848889,4.785276073619632,5.0
13,2019,190,443.4637786363368,2.3340198875596676,0.5736842105263158,613.65,248.0,1007.9764686616752,569.5763157894737,198.75,55.86805555555556,0.0,439.78472222222223,142.5,89.66842105263157,0.0,367.7447368421053,105.0,37.80263157894737,0.0,185.18552631578947,0.0,42.71052631578947,0.0,1.894736842105263,0.0,17.978947368421053,0.0,16.721052631578946,0.0,2.6842105263157894,0.0,1.9736842105263157,0.0,2.3684210526315788,0.0,16.789473684210527,0.0,4.0,0.0,1.4105263157894736,1.0,0.058823529411764705,0.10294117647058823,0.0,0.144,0.216,0.0,2.0,2.0,0.26666666666666666,0.0,0.08,0.024,0.016,0.016,0.04,0.008,0.032,26.616085457375863,25.252083793127067,4.329479768786127,4.0
13,2020,165,404.2664285288174,2.4500995668413177,0.4909090909090909,515.8590909090909,140.0,932.9229045323083,416.78333333333336,120.0,87.15053763440861,0.0,370.4005376344086,147.5,90.57727272727273,0.0,214.06969696969696,0.0,63.68181818181818,0.0,123.39696969696969,0.0,4.363636363636363,0.0,1.0909090909090908,0.0,1.6363636363636365,0.0,7.821212121212121,0.0,0.18181818181818182,0.0,0.7272727272727273,0.0,0.0,0.0,23.696969696969695,0.0,0.0,0.0,1.393939393939394,1.0,0.2676056338028169,0.5070422535211268,0.0,0.13414634146341464,0.25,0.0,3.6842105263157894,4.0,0.3067484662576687,0.0,0.036585365853658534,0.036585365853658534,0.036585365853658534,0.018292682926829267,0.03048780487804878,0.03048780487804878,0.06097560975609756,26.573231177997354,26.209758145330383,4.538461538461538,4.0
13,2021,275,635.2696494717646,2.310071452624599,0.5563636363636364,576.2863636363636,210.0,964.3045109416915,544.8372727272728,180.0,68.7128712871287,0.0,540.1930693069307,60.0,77.12272727272727,0.0,303.78818181818184,22.5,79.60818181818182,0.0,119.0990909090909,0.0,20.463636363636365,0.0,32.10909090909091,0.0,1.930909090909091,0.0,12.345454545454546,0.0,3.581818181818182,0.0,0.9,0.0,0.0,0.0,14.850909090909092,0.0,0.0,0.0,1.3127272727272727,1.0,0.12037037037037036,0.18518518518518517,0.0,0.11961722488038277,0.14354066985645933,0.0,3.0,3.0,0.27884615384615385,0.0,0.04784688995215311,0.03827751196172249,0.019138755980861243,0.014354066985645933,0.0,0.0,0.023923444976076555,25.421160872352704,24.97229913682778,3.1885245901639343,3.0
13,2022,216,553.0503745097851,2.5604184005082646,0.5416666666666666,548.2870370370371,165.0,929.0102709365481,524.2708333333334,150.0,103.54761904761905,0.0,354.5357142857143,146.25,65.78472222222223,0.0,325.0138888888889,37.5,58.64351851851852,0.0,173.74421296296296,0.0,22.55787037037037,0.0,19.421296296296298,0.0,2.3958333333333335,0.0,7.0625,0.0,2.9189814814814814,0.0,0.2777777777777778,0.0,0.34953703703703703,0.0,14.04861111111111,0.0,0.0,0.0,1.1666666666666667,1.0,0.12,0.14,0.0,0.11904761904761904,0.18452380952380953,0.0,3.55,3.5,0.27380952380952384,0.0,0.03571428571428571,0.023809523809523808,0.02976190476190476,0.011904761904761904,0.017857142857142856,0.023809523809523808,0.041666666666666664,26.753030196206158,25.16470969980572,3.1288659793814433,3.0
13,2023,171,341.2859512291354,1.9958242761937741,0.4678362573099415,463.8377192982456,120.0,862.8015566070751,436.2938596491228,90.0,164.19354838709677,0.0,271.0725806451613,0.0,109.80263157894737,0.0,267.50584795321635,0.0,27.362573099415204,0.0,162.25730994152048,0.0,20.146198830409357,0.0,4.298245614035087,0.0,6.842105263157895,0.0,18.728070175438596,0.0,0.0,0.0,0.30701754385964913,0.0,0.0,0.0,13.347953216374268,0.0,0.0,0.0,1.391812865497076,1.0,0.06432748538011696,0.08771929824561403,0.0,0.12030075187969924,0.13533834586466165,0.0,2.8125,2.5,0.24427480916030533,0.0,0.03759398496240601,0.045112781954887216,0.015037593984962405,0.0,0.0,0.007518796992481203,0.03007518796992481,26.927531549620046,25.6668636931848,3.12,3.0
14,2016,45,65.05527854689717,1.4456728565977148,0.5111111111111111,540.1888888888889,175.0,1111.3495330150763,534.1888888888889,107.5,16.0,0.0,332.0,0.0,26.333333333333332,0.0,323.55,0.0,144.38888888888889,0.0,310.49444444444447,0.0,19.666666666666668,0.0,0.0,0.0,1.3333333333333333,0.0,0.25,0.0,0.0,0.0,0.0,0.0,13.333333333333334,0.0,4.222222222222222,0.0,4.0,3.0,0.9333333333333333,1.0,0.034482758620689655,0.06896551724137931,0.0,0.1,0.13333333333333333,0.0,,,0.06666666666666667,0.0,0.06666666666666667,0.03333333333333333,0.03333333333333333,0.0,0.0,0.0,0.0,28.505804624295134,27.34165680875717,4.142857142857143,4.0
14,2017,247,312.8059125683429,1.2664206986572586,0.41700404858299595,385.12145748987854,65.0,790.476050303072,358.168016194332,30.0,60.76219512195122,0.0,212.4390243902439,0.0,46.659919028340084,0.0,251.04757085020242,0.0,18.694331983805668,0.0,140.8906882591093,0.0,10.232793522267206,0.0,7.044534412955466,0.0,1.2246963562753037,0.0,14.089068825910932,0.0,1.45748987854251,0.0,0.97165991902834,0.0,0.0,0.0,11.052631578947368,0.0,3.0,2.0,1.0242914979757085,1.0,0.1276595744680851,0.14893617021276595,0.0,0.09375,0.16875,0.0,,,0.06060606060606061,0.0,0.05,0.01875,0.04375,0.00625,0.00625,0.0125,0.03125,28.194725018320053,27.34736309213581,4.459574468085107,4.0
14,2018,238,326.85939666724533,1.373358809526241,0.4327731092436975,401.0231092436975,90.0,726.55304159333,345.4296218487395,52.5,56.40909090909091,0.0,219.8538961038961,0.0,44.97268907563025,0.0,249.42857142857142,0.0,17.153361344537814,0.0,147.5420168067227,0.0,13.329831932773109,0.0,2.26890756302521,0.0,1.5336134453781514,0.0,5.205882352941177,0.0,0.0,0.0,3.697478991596639,0.0,0.0,0.0,3.482142857142857,0.0,3.0,0.0,1.0630252100840336,1.0,0.13333333333333333,0.14666666666666667,0.0,0.09868421052631579,0.18421052631578946,0.0,,,0.027777777777777776,0.0,0.06578947368421052,0.019736842105263157,0.02631578947368421,0.006578947368421052,0.019736842105263157,0.006578947368421052,0.039473684210526314,29.286968755230927,28.404794276803628,4.265486725663717,4.0
14,2019,202,255.81851405108424,1.266428287381605,0.45544554455445546,481.5470297029703,86.25,799.2567623456886,443.88613861386136,77.5,119.55882352941177,0.0,382.5,0.0,93.01732673267327,0.0,319.13366336633663,32.5,20.237623762376238,0.0,180.07673267326732,0.0,14.888613861386139,0.0,0.0,0.0,1.0396039603960396,0.0,6.46039603960396,0.0,0.0,0.0,0.11138613861386139,0.0,0.0,0.0,7.772277227722772,0.0,3.0,0.0,1.1386138613861385,1.0,0.13559322033898305,0.3898305084745763,0.0,0.0410958904109589,0.0410958904109589,0.0,3.0,3.0,0.18181818181818182,0.0,0.02054794520547945,0.0,0.00684931506849315,0.0,0.0,0.0,0.0136986301369863,28.291627004632886,27.614851867337787,4.303030303030303,4.0
14,2020,176,241.6867382505441,1.3732201036962732,0.3465909090909091,481.64772727272725,22.5,1168.3565359918198,434.3181818181818,0.0,96.23493975903614,0.0,410.89156626506025,0.0,81.10795454545455,0.0,260.77272727272725,0.0,53.07670454545455,0.0,114.5596590909091,0.0,25.44034090909091,0.0,0.0,0.0,0.0,0.0,0.9090909090909091,0.0,0.0,0.0,2.3863636363636362,0.0,0.0,0.0,13.806818181818182,0.0,0.0,0.0,0.8011363636363636,0.0,0.12903225806451613,0.16129032258064516,0.0,0.08522727272727272,0.14204545454545456,0.0,3.3076923076923075,4.0,0.22857142857142856,0.0,0.03977272727272727,0.017045454545454544,0.028409090909090908,0.0,0.03409090909090909,0.005681818181818182,0.017045454545454544,28.713856901556028,26.777124832237067,4.385964912280702,4.0
14,2021,231,288.9415794145029,1.250829348114731,0.3463203463203463,334.5487012987013,0.0,708.8515064635874,284.8625541125541,0.0,38.75,0.0,205.23529411764707,0.0,62.18614718614719,0.0,194.88419913419912,0.0,14.047619047619047,0.0,57.03463203463203,0.0,5.378787878787879,0.0,0.0,0.0,0.7792207792207793,0.0,11.948051948051948,0.0,3.7012987012987013,0.0,1.5584415584415585,0.0,0.0,0.0,4.182900432900433,0.0,0.0,0.0,0.7402597402597403,0.0,0.06382978723404255,0.10638297872340426,0.0,0.07262569832402235,0.12849162011173185,0.0,3.3636363636363638,3.0,0.20224719101123595,0.0,0.01675977653631285,0.027932960893854747,0.0111731843575419,0.0111731843575419,0.0223463687150838,0.01675977653631285,0.0223463687150838,27.974815677295588,26.366551109569183,3.1911764705882355,3.0
14,2022,263,335.7870377605067,1.2767567975684664,0.376425855513308,330.13593155893534,30.0,711.5826311443823,273.06558935361215,0.0,32.79255319148936,0.0,146.9787234042553,0.0,50.342205323193916,0.0,181.52566539923956,0.0,20.55133079847909,0.0,80.54752851711027,0.0,9.543726235741445,0.0,0.9125475285171103,0.0,0.45627376425855515,0.0,3.079847908745247,0.0,0.0,0.0,1.2357414448669202,0.0,0.0,0.0,8.574144486692015,0.0,0.0,0.0,0.844106463878327,0.0,0.0962962962962963,0.14074074074074075,0.0,0.04926108374384237,0.059113300492610835,0.0,3.3333333333333335,4.0,0.13366336633663367,0.0,0.0049261083743842365,0.009852216748768473,0.014778325123152709,0.0049261083743842365,0.0049261083743842365,0.0049261083743842365,0.014778325123152709,28.443383424503637,27.358845456721728,3.1483050847457625,3.0
14,2023,243,303.56362835129454,1.2492330384826935,0.3497942386831276,364.62757201646093,0.0,910.4467966362657,323.462962962963,0.0,43.156565656565654,0.0,203.93939393939394,0.0,59.98456790123457,0.0,205.09362139917695,0.0,27.397119341563787,0.0,105.79218106995884,0.0,16.502057613168724,0.0,0.2777777777777778,0.0,0.24691358024691357,0.0,21.160493827160494,0.0,0.49382716049382713,0.0,4.938271604938271,0.0,0.0,0.0,5.473251028806584,0.0,0.0,0.0,0.7325102880658436,0.0,0.024691358024691357,0.024691358024691357,0.0,0.06770833333333333,0.08333333333333333,0.0,3.25,3.5,0.16230366492146597,0.0,0.026041666666666668,0.015625,0.010416666666666666,0.005208333333333333,0.010416666666666666,0.0,0.015625,30.426243293682063,28.469475441000004,3.0238095238095237,3.0
15,2016,147,120.0890724782792,0.8169324658386341,0.7074829931972789,653.3486394557823,380.0,801.1525780951762,610.1768707482993,330.0,252.7107843137255,0.0,488.8872549019608,240.0,140.50340136054422,0.0,272.9183673469388,67.5,92.15136054421768,0.0,181.59013605442178,60.0,15.035714285714286,0.0,1.6326530612244898,0.0,15.040816326530612,0.0,43.534013605442176,0.0,0.10204081632653061,0.0,2.4489795918367347,0.0,0.10204081632653061,0.0,47.76190476190476,0.0,4.0,4.0,2.6054421768707483,2.0,0.4392523364485981,0.8878504672897196,0.0,0.22340425531914893,0.35106382978723405,0.0,,,0.10526315789473684,0.0,0.1276595744680851,0.010638297872340425,0.031914893617021274,0.031914893617021274,0.0851063829787234,0.0425531914893617,0.02127659574468085,24.81523024411175,24.112457243507063,5.178082191780822,5.0
15,2017,812,601.5144032087475,0.7407812847398367,0.7832512315270936,804.1560960591133,540.0,919.4872986890365,749.1819581280788,480.0,199.61698717948718,0.0,563.5705128205128,301.25,148.92795566502463,0.0,346.44181034482756,150.0,118.35621921182266,0.0,230.16564039408868,75.0,27.25677339901478,0.0,2.8374384236453203,0.0,15.725985221674877,0.0,68.17887931034483,0.0,1.0865147783251232,0.0,4.376847290640394,0.0,6.507081280788177,0.0,45.610837438423644,0.0,4.0,4.0,2.62192118226601,2.0,0.4883720930232558,0.8711985688729875,0.0,0.2217741935483871,0.39919354838709675,0.0,,,0.11222444889779559,0.0,0.11693548387096774,0.04233870967741935,0.04233870967741935,0.024193548387096774,0.06451612903225806,0.05443548387096774,0.05443548387096774,25.22649864932104,24.54682142719492,5.47394540942928,5.0
15,2018,729,639.9430228599596,0.8778367940465838,0.757201646090535,795.2390260631001,502.5,932.8884488793324,741.8940329218107,470.0,187.3487762237762,0.0,501.631993006993,270.0,163.74417009602195,0.0,349.3539094650206,120.0,116.79046639231825,0.0,235.1526063100137,55.0,20.979080932784637,0.0,6.323731138545953,0.0,5.98079561042524,0.0,39.650205761316876,0.0,5.531550068587106,0.0,7.513717421124828,0.0,9.0380658436214,0.0,39.81138545953361,0.0,4.0,1.0,2.618655692729767,2.0,0.4880546075085324,0.8976109215017065,0.0,0.20843091334894615,0.3700234192037471,0.0,,,0.10655737704918032,0.0,0.11007025761124122,0.02810304449648712,0.05152224824355972,0.02810304449648712,0.06791569086651054,0.02576112412177986,0.0585480093676815,25.762022497594938,24.880950509209562,5.2699724517906334,5.0
15,2019,754,681.701125343551,0.904112898333622,0.7705570291777188,822.8839522546419,510.0,1023.9496800812085,776.789124668435,476.875,170.5764802631579,0.0,621.6685855263158,342.5,177.6399204244032,0.0,362.3401856763926,176.25,140.03580901856765,0.0,243.45954907161803,61.25,18.677055702917773,0.0,5.462201591511937,0.0,12.21816976127321,0.0,56.94628647214854,0.0,0.3779840848806366,0.0,4.95026525198939,0.0,7.175066312997347,0.0,44.634946949602124,0.0,4.0,1.0,2.6591511936339525,2.0,0.41198501872659177,0.6891385767790262,0.0,0.2045889101338432,0.3862332695984704,0.0,3.9444444444444446,4.0,0.4105263157894737,0.0,0.09369024856596558,0.05353728489483748,0.045889101338432124,0.032504780114722756,0.06309751434034416,0.04397705544933078,0.05353728489483748,25.537411789731284,24.799688715426004,5.256375838926174,5.0
15,2020,596,571.6328820689445,0.959115573941182,0.7734899328859061,757.9710570469799,467.5,885.1029372677832,686.0776006711409,416.25,101.02925531914893,0.0,581.9148936170212,300.0,113.61409395973155,0.0,337.753355704698,150.0,132.3854865771812,0.0,172.54320469798657,0.0,11.556208053691275,0.0,3.942953020134228,0.0,9.202181208053691,0.0,40.02181208053691,0.0,1.2751677852348993,0.0,0.5432046979865772,0.0,3.0704697986577183,0.0,61.91526845637584,0.0,1.0,1.0,2.2869127516778525,2.0,0.44625407166123776,0.8013029315960912,0.0,0.1460101867572156,0.22920203735144312,0.0,3.6875,4.0,0.3174061433447099,0.0,0.07130730050933787,0.02037351443123939,0.03225806451612903,0.008488964346349746,0.03735144312393888,0.028862478777589132,0.030560271646859084,25.777553349344572,24.83643595360815,5.236886632825719,5.0
15,2021,691,633.30175679763,0.9165003716318814,0.7901591895803184,822.7695369030391,480.0,1005.2231715483657,810.8458755426917,450.0,145.56794425087108,0.0,593.0548780487804,300.0,170.082489146165,0.0,400.01447178002894,180.0,131.8867583212735,0.0,175.93849493487699,0.0,10.926917510853835,0.0,4.182344428364689,0.0,9.894356005788712,0.0,55.365412445730826,0.0,3.8766280752532563,0.0,4.08465991316932,0.0,0.04341534008683068,0.0,54.555716353111436,0.0,1.0,0.5,2.460202604920405,2.0,0.37662337662337664,0.6006493506493507,0.0,0.1361344537815126,0.1899159663865546,0.0,3.4210526315789473,4.0,0.32040472175379425,0.0,0.047058823529411764,0.025210084033613446,0.03865546218487395,0.0067226890756302525,0.04201680672268908,0.015126050420168067,0.015126050420168067,25.593216757519915,24.683440174572443,4.141802067946824,4.0
15,2022,694,661.1570278698356,0.9526758326654692,0.7809798270893372,857.0666426512968,560.0,994.0708497932976,814.6988472622478,497.5,166.95390070921985,0.0,622.6586879432624,360.0,193.09798270893373,0.0,376.0356628242075,180.0,143.25396253602307,0.0,222.5108069164265,60.0,16.67687319884726,0.0,8.170028818443804,0.0,12.507204610951009,0.0,41.597622478386164,0.0,2.0479106628242074,0.0,2.564841498559078,0.0,2.7611671469740635,0.0,44.961815561959654,0.0,1.0,1.0,2.749279538904899,2.0,0.30726256983240224,0.4972067039106145,0.0,0.13969335604770017,0.23850085178875638,0.0,3.6266666666666665,4.0,0.3259005145797599,0.0,0.06473594548551959,0.017035775127768313,0.04258943781942078,0.017035775127768313,0.03747870528109029,0.027257240204429302,0.03236797274275979,26.13954085210676,25.23229070730032,4.076005961251863,4.0
15,2023,575,461.9732241702325,0.8034316942091001,0.7913043478260869,894.3226086956522,555.0,1053.4509472944399,852.1595652173913,490.0,213.3015350877193,0.0,609.4561403508771,330.0,205.54260869565218,0.0,417.2130434782609,180.0,121.35478260869566,0.0,255.34260869565216,90.0,26.591304347826085,0.0,11.104347826086956,0.0,11.017391304347827,0.0,41.62608695652174,0.0,4.160869565217391,0.0,6.104347826086957,0.0,9.710869565217392,0.0,48.02434782608696,0.0,1.0,1.0,2.688695652173913,2.0,0.1791304347826087,0.3182608695652174,0.0,0.17012448132780084,0.2966804979253112,0.0,3.6794871794871793,4.0,0.3941908713692946,0.0,0.06016597510373444,0.03319502074688797,0.058091286307053944,0.024896265560165973,0.03319502074688797,0.035269709543568464,0.05186721991701245,26.06111797713776,24.9898728871,4.067495559502665,4.0
16,2016,79,214.67962378421316,2.7174635922052297,0.4936708860759494,633.6360759493671,105.0,1191.3838658052537,604.9018987341772,105.0,97.27272727272727,0.0,226.76136363636363,0.0,83.79746835443038,0.0,399.49050632911394,35.0,48.924050632911396,0.0,283.1012658227848,0.0,73.08227848101266,0.0,0.0,0.0,5.8734177215189876,0.0,0.0,0.0,0.0,0.0,0.0,0.0,0.0,0.0,14.936708860759493,0.0,3.0,3.0,1.1265822784810127,1.0,0.13725490196078433,0.1568627450980392,0.0,0.2037037037037037,0.35185185185185186,0.0,,,0.09090909090909091,0.0,0.09259259259259259,0.07407407407407407,0.018518518518518517,0.018518518518518517,0.037037037037037035,0.05555555555555555,0.05555555555555555,25.941803631230915,25.0,5.1571428571428575,4.0
16,2017,470,1024.1173258700194,2.1789730337659985,0.574468085106383,550.329255319149,237.5,835.090016738284,519.929255319149,210.0,93.81756756756756,0.0,405.1706081081081,110.0,80.79308510638297,0.0,326.77659574468083,90.0,23.493085106382978,0.0,223.59574468085106,0.0,27.148936170212767,0.0,6.101063829787234,0.0,2.952127659574468,0.0,5.132978723404255,0.0,4.976063829787234,0.0,2.0,0.0,1.372340425531915,0.0,32.38510638297873,0.0,4.0,4.0,1.5468085106382978,1.0,0.16896551724137931,0.3103448275862069,0.0,0.14814814814814814,0.24915824915824916,0.0,,,0.05592105263157895,0.0,0.07744107744107744,0.037037037037037035,0.013468013468013467,0.013468013468013467,0.02356902356902357,0.02356902356902357,0.06060606060606061,26.09783345825347,24.99377816493828,4.969907407407407,4.5
16,2018,396,941.5521036900203,2.377656827500051,0.5656565656565656,685.0599747474747,210.0,1120.3376731735384,684.7657828282828,180.0,179.84923664122138,0.0,350.26335877862596,75.0,113.43497474747475,0.0,389.4488636363636,60.0,41.10858585858586,0.0,252.70833333333334,0.0,52.77462121212121,0.0,6.943181818181818,0.0,6.950757575757576,0.0,22.568181818181817,0.0,4.441919191919192,0.0,4.116161616161616,0.0,3.522727272727273,0.0,34.167929292929294,0.0,4.0,0.0,1.6186868686868687,1.0,0.21019108280254778,0.36942675159235666,0.0,0.12,0.24444444444444444,0.0,,,0.04830917874396135,0.0,0.07555555555555556,0.02666666666666667,0.035555555555555556,0.0044444444444444444,0.044444444444444446,0.008888888888888889,0.04888888888888889,26.005809286768017,25.282569898869724,4.814516129032258,4.0
16,2019,366,906.506838383489,2.4767946403920464,0.546448087431694,610.6591530054645,195.0,1085.7093516901746,596.4774590163935,180.0,101.22661870503597,0.0,440.7769784172662,100.0,74.47199453551913,0.0,392.7766393442623,45.0,21.05532786885246,0.0,232.39071038251367,0.0,48.971311475409834,0.0,35.513661202185794,0.0,6.253415300546448,0.0,17.858606557377048,0.0,3.551912568306011,0.0,0.33469945355191255,0.0,0.22540983606557377,0.0,15.78825136612022,0.0,4.0,0.0,1.3770491803278688,1.0,0.16428571428571428,0.35714285714285715,0.0,0.1452991452991453,0.23076923076923078,0.0,3.3333333333333335,3.5,0.42105263157894735,0.0,0.07692307692307693,0.042735042735042736,0.03418803418803419,0.004273504273504274,0.01282051282051282,0.017094017094017096,0.042735042735042736,26.3640536924765,25.7748337325926,4.783625730994152,4.0
16,2020,298,658.5898417219315,2.210033025912522,0.4697986577181208,463.7743288590604,120.0,830.7586668699364,436.5134228187919,90.0,85.56210191082802,0.0,332.1050955414013,0.0,79.74244966442953,0.0,262.16946308724835,0.0,24.66694630872483,0.0,108.00587248322148,0.0,39.51761744966443,0.0,4.8364093959731544,0.0,1.174496644295302,0.0,10.645973154362416,0.0,5.989932885906041,0.0,1.8120805369127517,0.0,0.050335570469798654,0.0,16.67953020134228,0.0,0.0,0.0,1.151006711409396,1.0,0.18705035971223022,0.302158273381295,0.0,0.11148648648648649,0.14527027027027026,0.0,3.1379310344827585,3.0,0.27147766323024053,0.0,0.05067567567567568,0.033783783783783786,0.016891891891891893,0.0,0.010135135135135136,0.006756756756756757,0.02702702702702703,26.90822197078759,25.736994422877107,4.583941605839416,4.0
16,2021,376,789.8900578778523,2.100771430526203,0.46808510638297873,470.05252659574467,108.75,852.7610738459706,449.35837765957444,90.0,41.6722972972973,0.0,247.16554054054055,0.0,78.11170212765957,0.0,278.6901595744681,0.0,28.273936170212767,0.0,148.71742021276594,0.0,31.878324468085108,0.0,17.73005319148936,0.0,1.25,0.0,5.026595744680851,0.0,6.196808510638298,0.0,0.5585106382978723,0.0,0.0797872340425532,0.0,20.518617021276597,0.0,0.0,0.0,1.1914893617021276,1.0,0.13095238095238096,0.36904761904761907,0.0,0.056962025316455694,0.09177215189873418,0.0,3.0,3.0,0.14240506329113925,0.0,0.028481012658227847,0.0189873417721519,0.012658227848101266,0.0,0.012658227848101266,0.00949367088607595,0.00949367088607595,27.278179969902645,26.23686396358325,3.00974025974026,3.0
16,2022,361,760.9526963698708,2.1079022060107224,0.5041551246537396,540.26108033241,150.0,1063.7617620196825,522.6142659279778,145.0,68.621875,0.0,356.2765625,0.0,56.68005540166205,0.0,357.21606648199446,0.0,27.015235457063714,0.0,221.1668975069252,0.0,27.843490304709142,0.0,22.426592797783933,0.0,7.770083102493075,0.0,15.950138504155124,0.0,10.948753462603879,0.0,3.1578947368421053,0.0,0.0,0.0,12.821329639889196,0.0,0.0,0.0,1.1301939058171746,1.0,0.15789473684210525,0.26842105263157895,0.0,0.11214953271028037,0.18691588785046728,0.0,3.466666666666667,3.5,0.24842767295597484,0.0,0.04672897196261682,0.040498442367601244,0.024922118380062305,0.009345794392523364,0.009345794392523364,0.01557632398753894,0.040498442367601244,27.265702893013355,25.71166207529844,2.9015873015873015,3.0
16,2023,294,613.1664357278027,2.085600121523138,0.5374149659863946,594.3265306122449,180.0,1000.4546172725936,553.5391156462586,150.0,108.60743801652893,0.0,443.62603305785126,110.0,74.35884353741497,0.0,371.81632653061223,0.0,26.658163265306122,0.0,259.88520408163265,0.0,45.935374149659864,0.0,10.127551020408163,0.0,2.0153061224489797,0.0,8.112244897959183,0.0,6.3520408163265305,0.0,0.6122448979591837,0.0,0.0,0.0,30.62925170068027,0.0,0.0,0.0,1.2551020408163265,1.0,0.05102040816326531,0.09183673469387756,0.0,0.12260536398467432,0.1839080459770115,0.0,3.142857142857143,3.0,0.29069767441860467,0.0,0.06130268199233716,0.038314176245210725,0.03065134099616858,0.011494252873563218,0.019157088122605363,0.0038314176245210726,0.019157088122605363,27.403846554089903,26.16536151641976,2.9213483146067416,3.0
17,2016,109,159.14310935280614,1.4600285261725334,0.6697247706422018,538.4036697247707,320.0,729.6385940334263,534.6422018348624,300.0,89.38265306122449,0.0,362.015306122449,150.0,96.88990825688073,0.0,295.5848623853211,67.5,34.90596330275229,0.0,206.42201834862385,30.0,23.738532110091743,0.0,9.357798165137615,0.0,8.05045871559633,0.0,20.40137614678899,0.0,0.27522935779816515,0.0,11.422018348623853,0.0,22.844036697247706,0.0,42.13302752293578,0.0,4.0,4.0,2.1559633027522938,2.0,0.42168674698795183,0.7951807228915663,0.0,0.11864406779661017,0.11864406779661017,0.0,,,0.05,0.0,0.01694915254237288,0.01694915254237288,0.03389830508474576,0.01694915254237288,0.0,0.0,0.03389830508474576,24.270061473856334,23.814691434874614,4.679245283018868,4.0
17,2017,675,875.2486000223937,1.2966645926257685,0.7244444444444444,622.2648148148148,390.0,817.5703379951559,611.0796296296296,375.0,148.53176229508196,0.0,371.2827868852459,203.75,143.54777777777778,0.0,281.81333333333333,120.0,80.62037037037037,0.0,208.42481481481482,60.0,23.709629629629628,0.0,9.993333333333334,0.0,9.92962962962963,0.0,36.42962962962963,0.0,1.3185185185185184,0.0,1.7444444444444445,0.0,6.092592592592593,0.0,40.91111111111111,0.0,4.0,4.0,2.4340740740740743,2.0,0.434,0.74,0.0,0.15102974828375287,0.22654462242562928,0.0,,,0.04772727272727273,0.0,0.09382151029748284,0.02517162471395881,0.02745995423340961,0.011441647597254004,0.020594965675057208,0.016018306636155607,0.032036613272311214,24.05598100844712,23.403425249526503,4.880952380952381,5.0
17,2018,636,907.3566571386385,1.4266614105953437,0.7814465408805031,652.0982704402516,456.25,742.1554135404505,634.50393081761,450.0,198.94385593220338,42.5,373.90466101694915,235.625,181.92924528301887,0.0,281.27358490566036,120.0,72.31800314465409,0.0,185.6179245283019,60.0,23.486635220125788,0.0,8.266509433962264,0.0,8.783018867924529,0.0,39.06996855345912,0.0,2.6957547169811322,0.0,2.4292452830188678,0.0,12.64937106918239,0.0,40.45518867924528,0.0,4.0,1.0,2.738993710691824,2.0,0.4909090909090909,0.8981818181818182,0.0,0.14450867052023122,0.2398843930635838,0.0,,,0.044585987261146494,0.0,0.0953757225433526,0.02601156069364162,0.031791907514450865,0.02023121387283237,0.02023121387283237,0.02023121387283237,0.02601156069364162,23.780344862545988,23.1798917157907,5.043408360128617,5.0
17,2019,667,893.6514720210349,1.3398073043793628,0.775112443778111,674.5412293853074,472.5,769.1240696053102,655.3976761619191,460.0,137.1099221789883,0.0,383.75,270.0,153.45764617691154,0.0,330.3392053973013,175.0,67.19940029985007,0.0,215.7856071964018,90.0,24.10232383808096,0.0,6.535232383808096,0.0,9.355322338830584,0.0,52.80584707646177,0.0,0.3823088455772114,0.0,6.4767616191904045,0.0,10.067466266866568,0.0,49.9763868065967,0.0,4.0,1.0,2.6146926536731634,2.0,0.46688741721854304,0.9205298013245033,0.0,0.12408759124087591,0.19951338199513383,0.0,4.375,4.5,0.1827956989247312,0.0,0.058394160583941604,0.019464720194647202,0.024330900243309004,0.012165450121654502,0.0364963503649635,0.019464720194647202,0.029197080291970802,24.450505276950256,23.41543273414325,4.925418569254186,5.0
17,2020,736,1028.2389041781857,1.3970637285029697,0.7269021739130435,593.9038722826087,366.25,744.7708633943565,573.2856657608696,360.0,122.04432132963989,0.0,409.0567867036011,225.0,152.21127717391303,0.0,252.92085597826087,90.0,78.40047554347827,0.0,118.59782608695652,0.0,25.26256793478261,0.0,5.610054347826087,0.0,4.1915760869565215,0.0,22.21195652173913,0.0,1.3349184782608696,0.0,1.9327445652173914,0.0,3.6684782608695654,0.0,60.19021739130435,0.0,1.0,1.0,2.2622282608695654,2.0,0.47368421052631576,0.814404432132964,0.0,0.09833795013850416,0.12880886426592797,0.0,3.2,3.0,0.19833564493758668,0.0,0.04986149584487535,0.013850415512465374,0.018005540166204988,0.006925207756232687,0.019390581717451522,0.006925207756232687,0.013850415512465374,24.314740308187993,23.65749937364081,4.740638002773925,4.0
17,2021,769,1151.9931061769091,1.4980404501650313,0.6996098829648895,566.4105981794538,360.0,690.9862172031695,550.9301040312093,345.0,104.81,0.0,389.3614285714286,210.0,119.49089726918075,0.0,282.2665799739922,120.0,70.79778933680105,0.0,135.02893368010402,0.0,12.706436931079324,0.0,6.223016905071521,0.0,5.615084525357608,0.0,35.68205461638492,0.0,3.5695708712613783,0.0,0.9915474642392718,0.0,0.029258777633289986,0.0,42.200910273081924,0.0,1.0,1.0,2.2665799739921977,2.0,0.3039772727272727,0.48863636363636365,0.0,0.06837606837606838,0.09259259259259259,0.0,3.372093023255814,3.0,0.14142857142857143,0.0,0.03133903133903134,0.019943019943019943,0.011396011396011397,0.005698005698005698,0.011396011396011397,0.005698005698005698,0.007122507122507123,24.286116335057443,23.25501863821347,3.510094212651413,3.0
17,2022,777,1101.3272920901486,1.4174096423296636,0.7413127413127413,672.5109395109395,420.0,823.8597523071921,674.3706563706563,397.5,165.8048245614035,0.0,459.55555555555554,240.0,160.0019305019305,0.0,354.507722007722,142.5,70.61003861003861,0.0,178.47876447876448,60.0,27.665379665379664,0.0,7.574002574002574,0.0,11.341377091377092,0.0,41.37516087516087,0.0,2.9536679536679538,0.0,2.2104247104247103,0.0,11.40926640926641,0.0,29.49227799227799,0.0,1.0,1.0,2.4633204633204633,2.0,0.3615023474178404,0.6314553990610329,0.0,0.07042253521126761,0.1028169014084507,0.0,3.369565217391304,3.0,0.13399153737658676,0.0,0.022535211267605635,0.01971830985915493,0.011267605633802818,0.0028169014084507044,0.02112676056338028,0.007042253521126761,0.018309859154929577,24.507840513368265,23.80730127932632,3.459387483355526,3.0
17,2023,641,884.6632836802575,1.3801299277383112,0.748829953198128,743.4177067082684,435.0,912.2583893288273,723.7460998439938,420.0,210.5814814814815,23.75,531.6425925925926,265.0,163.2464898595944,0.0,385.6392355694228,150.0,72.67472698907956,0.0,216.63182527301092,40.0,23.88455538221529,0.0,4.8701248049922,0.0,8.58229329173167,0.0,66.57566302652106,0.0,3.036271450858034,0.0,4.875195007800312,0.0,10.524570982839313,0.0,39.601404056162245,0.0,1.0,1.0,2.5694227769110762,2.0,0.21840873634945399,0.42589703588143524,0.0,0.11785095320623917,0.17850953206239167,0.0,3.3278688524590163,3.0,0.24390243902439024,0.0,0.058925476603119586,0.02079722703639515,0.029462738301559793,0.008665511265164644,0.024263431542461005,0.008665511265164644,0.02772963604852686,24.621697190039313,24.03075305457173,3.4251592356687897,3.0
18,2016,14,23.71599029969282,1.6939993071209156,0.6428571428571429,351.60714285714283,225.0,411.04797720027716,309.55357142857144,205.625,54.0,0.0,332.5,240.0,0.0,0.0,203.48214285714286,138.125,47.142857142857146,0.0,78.83928571428571,0.0,0.0,0.0,0.0,0.0,23.571428571428573,0.0,10.714285714285714,0.0,5.357142857142857,0.0,0.0,0.0,0.0,0.0,0.0,0.0,4.0,4.0,1.5,1.0,0.18181818181818182,0.18181818181818182,0.0,0.375,0.875,0.0,,,0.2222222222222222,0.0,0.25,0.125,0.25,0.125,0.0,0.125,0.0,27.615544370964862,27.67278414035111,6.0,6.0
18,2017,64,129.90093763922815,2.02970215061294,0.5625,494.4140625,300.0,731.3198809626131,407.87109375,195.0,6.923076923076923,0.0,269.61538461538464,87.5,25.78125,0.0,242.0703125,88.75,53.9453125,0.0,107.5,0.0,2.8125,0.0,1.875,0.0,24.375,0.0,6.796875,0.0,0.0,0.0,0.0,0.0,26.25,0.0,16.171875,0.0,4.0,3.0,1.5625,1.0,0.06451612903225806,0.06451612903225806,0.0,0.2127659574468085,0.2765957446808511,0.0,,,0.10869565217391304,0.0,0.0851063829787234,0.10638297872340426,0.02127659574468085,0.02127659574468085,0.02127659574468085,0.0,0.02127659574468085,26.798997317266142,25.759619427751154,5.2063492063492065,5.0
18,2018,89,157.8392793585689,1.773475048972684,0.5168539325842697,371.55898876404495,150.0,428.1477797895705,334.0870786516854,120.0,92.22222222222223,0.0,253.14814814814815,120.0,46.09550561797753,0.0,189.52247191011236,10.0,38.87640449438202,0.0,68.84831460674157,0.0,3.735955056179775,0.0,0.0,0.0,17.219101123595507,0.0,14.073033707865168,0.0,0.0,0.0,5.393258426966292,0.0,4.382022471910112,0.0,20.224719101123597,0.0,4.0,1.0,1.696629213483146,1.0,0.17142857142857143,0.2571428571428571,0.0,0.1568627450980392,0.43137254901960786,0.0,,,0.1276595744680851,0.0,0.09803921568627451,0.058823529411764705,0.0784313725490196,0.0392156862745098,0.0784313725490196,0.0392156862745098,0.0392156862745098,27.549292664725865,26.11092026530517,5.2,5.0
18,2019,71,147.39662159232245,2.076008754821443,0.6197183098591549,734.137323943662,450.0,1095.0790397017765,594.9119718309859,327.0,102.14516129032258,0.0,470.0806451612903,210.0,134.72535211267606,0.0,347.73943661971833,100.0,31.725352112676056,0.0,126.12676056338029,0.0,18.116197183098592,0.0,4.225352112676056,0.0,27.464788732394368,0.0,9.295774647887324,0.0,0.0,0.0,0.0,0.0,5.070422535211268,0.0,27.992957746478872,0.0,4.0,1.0,2.0,1.0,0.3888888888888889,0.6111111111111112,0.0,0.2222222222222222,0.3148148148148148,0.0,,,0.0,0.0,0.05555555555555555,0.07407407407407407,0.037037037037037035,0.018518518518518517,0.05555555555555555,0.05555555555555555,0.018518518518518517,27.154175924239873,26.679586697153987,5.686567164179104,5.0
18,2020,64,106.84399966167237,1.6694374947136308,0.640625,524.65234375,257.5,661.0847711430636,437.26953125,252.5,52.58064516129032,0.0,344.0403225806452,210.0,50.83984375,0.0,163.75390625,22.5,79.21875,0.0,73.9453125,0.0,0.53125,0.0,27.890625,0.0,15.9375,0.0,12.578125,0.0,3.28125,0.0,12.48046875,0.0,11.71875,0.0,58.4140625,0.0,1.0,1.0,1.84375,1.0,0.22580645161290322,0.6451612903225806,0.0,0.24193548387096775,0.41935483870967744,0.0,4.133333333333334,4.0,0.5967741935483871,0.0,0.11290322580645161,0.06451612903225806,0.016129032258064516,0.04838709677419355,0.08064516129032258,0.03225806451612903,0.06451612903225806,25.89075873860075,24.97461106156128,5.515625,5.0
18,2021,76,153.20890484438095,2.015906642689223,0.5394736842105263,439.3388157894737,183.75,878.1353034545675,494.1875,140.0,69.5,0.0,648.1,26.25,46.348684210526315,0.0,295.81907894736844,102.5,98.98026315789474,0.0,142.29276315789474,0.0,14.046052631578947,0.0,0.8026315789473685,0.0,2.960526315789474,0.0,0.0,0.0,1.480263157894737,0.0,9.473684210526315,0.0,0.0,0.0,2.6973684210526314,0.0,0.0,0.0,1.236842105263158,1.0,0.16666666666666666,0.5416666666666666,0.0,0.12962962962962962,0.2962962962962963,0.0,3.2857142857142856,3.0,0.3333333333333333,0.0,0.037037037037037035,0.05555555555555555,0.037037037037037035,0.037037037037037035,0.05555555555555555,0.037037037037037035,0.037037037037037035,27.467053549626144,26.619268244442534,3.375,3.0
18,2022,95,163.65938126222696,1.7227303290760732,0.5473684210526316,626.3131578947368,225.0,1075.8672114192082,581.1,145.0,136.3125,0.0,443.1125,39.375,93.97368421052632,0.0,277.9947368421053,22.5,71.89473684210526,0.0,120.78947368421052,0.0,23.05263157894737,0.0,22.526315789473685,0.0,28.289473684210527,0.0,9.478947368421053,0.0,11.0,0.0,0.0,0.0,0.0,0.0,16.842105263157894,0.0,0.0,0.0,1.6421052631578947,1.0,0.22580645161290322,0.4838709677419355,0.0,0.15151515151515152,0.25757575757575757,0.0,4.111111111111111,4.0,0.3787878787878788,0.0,0.045454545454545456,0.06060606060606061,0.030303030303030304,0.030303030303030304,0.030303030303030304,0.015151515151515152,0.045454545454545456,27.38893819842817,25.73250113102539,3.558139534883721,3.0
18,2023,93,161.47631925597102,1.7363045081287207,0.7634408602150538,796.6666666666666,457.5,1159.7288929195752,745.1612903225806,315.0,61.80555555555556,0.0,420.06944444444446,307.5,74.48924731182795,0.0,354.6505376344086,135.0,82.31182795698925,0.0,200.99462365591398,0.0,24.838709677419356,0.0,19.193548387096776,0.0,18.06451612903226,0.0,12.580645161290322,0.0,143.1720430107527,0.0,2.7419354838709675,0.0,0.0,0.0,9.408602150537634,0.0,0.0,1.0,1.8709677419354838,1.0,0.053763440860215055,0.15053763440860216,0.0,0.19402985074626866,0.4626865671641791,0.0,3.5833333333333335,3.5,0.44776119402985076,0.0,0.08955223880597014,0.05970149253731343,0.1044776119402985,0.04477611940298507,0.1044776119402985,0.029850746268656716,0.029850746268656716,26.44894147207012,24.879178701135288,4.2727272727272725,4.0
19,2016,73,104.41665585174395,1.4303651486540268,0.4931506849315068,410.6506849315069,110.0,724.9214549643153,310.82191780821915,78.75,3.0,0.0,431.4166666666667,0.0,47.842465753424655,0.0,201.54109589041096,0.0,26.90068493150685,0.0,76.95205479452055,0.0,9.64041095890411,0.0,10.479452054794521,0.0,0.0,0.0,0.2054794520547945,0.0,2.0547945205479454,0.0,0.0,0.0,0.0,0.0,0.821917808219178,0.0,3.0,3.0,1.5753424657534247,1.0,0.3,0.375,0.0,0.16981132075471697,0.3018867924528302,0.0,,,0.12280701754385964,0.0,0.07547169811320754,0.03773584905660377,0.03773584905660377,0.0,0.11320754716981132,0.0,0.03773584905660377,24.824948578414695,24.392265257958293,5.513888888888889,6.0
19,2017,426,625.921355532177,1.4692989566483028,0.5539906103286385,498.77523474178406,210.0,758.4548302362961,411.09330985915494,150.0,77.61627906976744,0.0,320.64728682170545,90.0,56.852112676056336,0.0,253.00234741784038,32.5,22.747652582159624,0.0,97.65140845070422,0.0,15.22887323943662,0.0,5.0,0.0,17.82511737089202,0.0,31.795774647887324,0.0,0.8450704225352113,0.0,5.0,0.0,0.0,0.0,2.998826291079812,0.0,4.0,3.0,1.784037558685446,2.0,0.3177966101694915,0.5466101694915254,0.0,0.2198581560283688,0.38652482269503546,0.0,,,0.13028169014084506,0.0,0.09929078014184398,0.05319148936170213,0.0425531914893617,0.028368794326241134,0.08156028368794327,0.028368794326241134,0.05319148936170213,24.910034889224338,24.5357491712404,5.940334128878281,6.0
19,2018,495,734.5171241354873,1.4838729780514894,0.6080808080808081,518.3232323232323,247.5,769.7837406729963,407.74545454545455,180.0,108.22745901639344,0.0,403.4938524590164,171.25,70.30151515151515,0.0,253.4989898989899,45.0,18.756060606060608,0.0,106.07525252525252,0.0,11.401515151515152,0.0,3.272727272727273,0.0,16.31313131313131,0.0,18.939393939393938,0.0,1.5151515151515151,0.0,0.9393939393939394,0.0,2.727272727272727,0.0,6.075757575757576,0.0,4.0,1.0,1.9232323232323232,2.0,0.30597014925373134,0.5298507462686567,0.0,0.18694362017804153,0.2878338278931751,0.0,,,0.0932475884244373,0.0,0.08605341246290801,0.03560830860534125,0.017804154302670624,0.01483679525222552,0.0771513353115727,0.017804154302670624,0.03857566765578635,24.853413552939262,24.412282656154606,5.783400809716599,6.0
19,2019,440,755.859845026114,1.7178632841502592,0.5909090909090909,547.8142045454546,252.5,762.5328535791231,425.8198863636364,180.0,86.25822368421052,0.0,406.7680921052632,127.5,62.226704545454545,0.0,276.00625,26.25,21.02840909090909,0.0,114.09943181818181,0.0,8.10909090909091,0.0,0.4772727272727273,0.0,13.670454545454545,0.0,17.352272727272727,0.0,0.20454545454545456,0.0,2.5568181818181817,0.0,5.113636363636363,0.0,12.803977272727273,0.0,4.0,1.0,1.934090909090909,2.0,0.41025641025641024,0.5555555555555556,0.0,0.17261904761904762,0.28869047619047616,0.0,2.25,2.0,0.20408163265306123,0.0,0.07738095238095238,0.02976190476190476,0.01488095238095238,0.017857142857142856,0.0625,0.02976190476190476,0.05654761904761905,24.833168998349,24.53324577881399,6.094252873563218,6.0
19,2020,355,585.1694961532958,1.6483647778966077,0.6112676056338028,554.4485915492958,285.0,802.3589065809402,429.62112676056336,180.0,46.325581395348834,0.0,372.6700581395349,120.0,49.907042253521126,0.0,323.74929577464786,70.0,38.3774647887324,0.0,67.05492957746479,0.0,5.197183098591549,0.0,0.0,0.0,8.450704225352112,0.0,11.606338028169015,0.0,0.5070422535211268,0.0,0.8661971830985915,0.0,0.2535211267605634,0.0,1.2922535211267605,0.0,1.0,0.0,1.3971830985915492,1.0,0.30357142857142855,0.4523809523809524,0.0,0.18235294117647058,0.2823529411764706,0.0,3.792452830188679,4.0,0.47604790419161674,0.0,0.07352941176470588,0.041176470588235294,0.020588235294117647,0.0058823529411764705,0.07058823529411765,0.011764705882352941,0.058823529411764705,25.119416655121373,24.80341169365312,5.9,6.0
19,2021,533,831.6793172161189,1.5603739535011611,0.6322701688555347,636.8044090056285,300.0,942.5368770802954,507.60787992495307,225.0,50.3496835443038,0.0,403.72151898734177,150.0,73.8639774859287,0.0,331.50422138836774,120.0,41.02063789868668,0.0,66.08724202626642,0.0,5.881801125703565,0.0,0.39399624765478425,0.0,13.658536585365853,0.0,23.23170731707317,0.0,4.455909943714822,0.0,1.322701688555347,0.0,5.853658536585366,0.0,7.969043151969982,0.0,1.0,1.0,1.829268292682927,1.0,0.2827586206896552,0.4413793103448276,0.0,0.12871287128712872,0.2145214521452145,0.0,3.473684210526316,3.0,0.38741721854304634,0.0,0.033003300330033,0.0165016501650165,0.019801980198019802,0.0165016501650165,0.06930693069306931,0.019801980198019802,0.039603960396039604,24.75413338265699,24.248781344676186,4.724070450097847,5.0
19,2022,615,894.7878705302504,1.454939626878456,0.5707317073170731,554.880081300813,236.25,877.6217433606436,431.4178861788618,150.0,54.95652173913044,0.0,284.61005434782606,116.25,61.926016260162605,0.0,284.0060975609756,30.0,24.40691056910569,0.0,79.15813008130081,0.0,6.5,0.0,0.9024390243902439,0.0,10.902439024390244,0.0,18.83089430894309,0.0,1.3373983739837398,0.0,1.3170731707317074,0.0,1.5609756097560976,0.0,6.365853658536586,0.0,1.0,1.0,1.8699186991869918,2.0,0.22868217054263565,0.35271317829457366,0.0,0.16580310880829016,0.27461139896373055,0.0,3.310344827586207,3.0,0.4146981627296588,0.0,0.07772020725388601,0.031088082901554404,0.023316062176165803,0.0025906735751295338,0.06994818652849741,0.010362694300518135,0.05958549222797927,25.076411736245657,24.66518864012528,4.55685618729097,5.0
19,2023,571,740.131247513649,1.2962018345247792,0.6217162872154116,623.3261821366025,300.0,835.0589554626554,496.07574430823115,210.0,58.032786885245905,0.0,370.26229508196724,131.25,76.13922942206655,0.0,338.53809106830124,67.5,23.384413309982488,0.0,107.32749562171628,0.0,14.638791593695272,0.0,0.10507880910683012,0.0,13.92294220665499,0.0,28.318739054290717,0.0,0.4071803852889667,0.0,2.9640980735551663,0.0,1.3134851138353765,0.0,5.967600700525394,0.0,1.0,1.0,2.043782837127846,2.0,0.09807355516637478,0.14711033274956217,0.0,0.15730337078651685,0.2949438202247191,0.0,3.8846153846153846,4.0,0.4378531073446328,0.0,0.0702247191011236,0.03651685393258427,0.03651685393258427,0.011235955056179775,0.0702247191011236,0.011235955056179775,0.05898876404494382,25.08864792367249,24.546838066467515,4.4537205081669695,4.0
20,2016,125,126.84645587773403,1.0147716470218722,0.792,740.858,510.0,822.3126480022765,728.978,492.5,184.99489795918367,67.5,436.19897959183675,230.0,220.836,30.0,244.716,120.0,80.98,0.0,180.65,15.0,36.92,0.0,5.28,0.0,18.156,0.0,38.1,0.0,3.12,0.0,19.96,0.0,17.52,0.0,71.568,0.0,4.0,4.0,2.76,2.0,0.449438202247191,0.9662921348314607,0.0,0.2191780821917808,0.3150684931506849,0.0,,,0.0945945945945946,0.0,0.136986301369863,0.0,0.0547945205479452,0.0,0.0410958904109589,0.0273972602739726,0.0547945205479452,24.226443660199717,23.331106567874134,5.30327868852459,5.0
20,2017,767,758.8048898855668,0.9893153714283791,0.7627118644067796,796.1509126466754,505.0,956.9774679395933,783.759778357236,480.0,282.31006493506493,105.0,534.8108766233767,258.75,233.03585397653194,40.0,264.9201434159061,90.0,110.44719687092568,0.0,207.5694263363755,45.0,41.039439374185136,0.0,16.38200782268579,0.0,18.048891786179922,0.0,47.48598435462842,0.0,0.4921773142112125,0.0,6.0267275097783575,0.0,16.72490221642764,0.0,73.09973924380704,0.0,4.0,4.0,2.847457627118644,2.0,0.5372050816696915,1.0508166969147006,1.0,0.18502202643171806,0.30616740088105726,0.0,,,0.0881057268722467,0.0,0.11013215859030837,0.019823788546255508,0.05947136563876652,0.024229074889867842,0.03524229074889868,0.028634361233480177,0.028634361233480177,24.084806141390704,23.460274350306825,5.645805592543276,5.0
20,2018,702,853.2755672167416,1.2154922609925094,0.7592592592592593,885.0213675213676,540.0,1113.2379840360065,889.7261396011396,540.0,305.18,80.0,582.584,256.25,277.40491452991455,37.5,306.83867521367523,105.0,124.20477207977208,0.0,233.21331908831908,45.0,44.12108262108262,0.0,13.555555555555555,0.0,14.768518518518519,0.0,66.42307692307692,0.0,0.40064102564102566,0.0,5.185897435897436,0.0,12.478632478632479,0.0,70.62179487179488,0.0,4.0,1.0,3.0213675213675213,3.0,0.5419354838709678,0.9870967741935484,1.0,0.16578947368421051,0.25,0.0,,,0.06896551724137931,0.0,0.07631578947368421,0.031578947368421054,0.05263157894736842,0.018421052631578946,0.02368421052631579,0.013157894736842105,0.034210526315789476,23.70994253573949,23.060971642680023,5.3508005822416305,5.0
20,2019,717,820.3082592881909,1.1440840436376443,0.796373779637378,873.4668758716875,577.5,1023.9207022203801,849.7995118549512,555.0,304.34375,79.375,573.4,360.0,275.92852161785214,53.0,316.3465829846583,120.0,114.66317991631799,0.0,225.4839609483961,60.0,36.33403068340307,0.0,11.127615062761507,0.0,12.953277545327754,0.0,55.06903765690377,0.0,1.705020920502092,0.0,6.671548117154812,0.0,4.832635983263598,0.0,68.43933054393305,0.0,4.0,1.0,2.9665271966527196,2.0,0.5238095238095238,0.8681318681318682,1.0,0.16735537190082644,0.26859504132231404,0.0,3.4166666666666665,3.5,0.27906976744186046,0.0,0.08057851239669421,0.03305785123966942,0.030991735537190084,0.012396694214876033,0.03925619834710744,0.028925619834710745,0.04338842975206612,24.067157492424855,23.6276807421072,5.137834036568214,5.0
20,2020,635,728.702954629313,1.1475637080776584,0.721259842519685,750.0590551181102,415.0,1066.0691948695887,751.1110236220472,390.0,206.72549019607843,0.0,471.33496732026146,237.5,224.8244094488189,0.0,293.93110236220474,75.0,107.52165354330708,0.0,137.18700787401573,0.0,28.309842519685038,0.0,4.9433070866141735,0.0,7.021653543307087,0.0,47.03740157480315,0.0,2.622047244094488,0.0,7.251968503937008,0.0,0.9448818897637795,0.0,68.98267716535433,0.0,1.0,0.0,2.35748031496063,2.0,0.5248447204968945,1.0590062111801242,1.0,0.11305732484076433,0.18152866242038215,0.0,3.1639344262295084,3.0,0.25,0.0,0.03343949044585987,0.022292993630573247,0.04777070063694268,0.012738853503184714,0.020700636942675158,0.014331210191082803,0.030254777070063694,24.07529399391218,23.46198632534668,4.925278219395866,5.0
20,2021,711,851.3856914772714,1.1974482299258389,0.7721518987341772,794.3614627285514,540.0,932.7707262706285,801.5126582278481,525.0,207.63095238095238,0.0,514.5626984126984,300.0,198.96167369901548,0.0,337.5910689170183,150.0,111.26617440225036,0.0,170.90225035161745,0.0,54.121308016877634,0.0,12.563291139240507,0.0,10.256680731364275,0.0,39.97538677918425,0.0,1.7686357243319268,0.0,5.094936708860759,0.0,1.3185654008438819,0.0,67.5014064697609,0.0,1.0,1.0,2.6441631504922642,2.0,0.4212218649517685,0.6913183279742765,0.0,0.09584664536741214,0.13258785942492013,0.0,3.207547169811321,3.0,0.21990369181380418,0.0,0.04472843450479233,0.019169329073482427,0.02875399361022364,0.006389776357827476,0.01757188498402556,0.006389776357827476,0.009584664536741214,23.98854222588958,23.41543273414325,3.832611832611833,4.0
20,2022,804,916.0711989647313,1.1393920385133474,0.8034825870646766,869.092972636816,608.75,923.1992910659387,853.9891169154229,600.0,256.72596153846155,30.0,597.0398351648352,356.25,219.4542910447761,15.0,382.4505597014925,165.0,110.1669776119403,0.0,213.61971393034827,42.5,32.660136815920396,0.0,11.684701492537313,0.0,20.301616915422887,0.0,64.9092039800995,0.0,6.7288557213930345,0.0,10.180348258706468,0.0,7.739427860696518,0.0,61.55876865671642,0.0,0.0,0.0,2.8445273631840795,3.0,0.4323671497584541,0.7367149758454107,0.0,0.12605042016806722,0.211484593837535,0.0,3.506172839506173,3.0,0.2577464788732394,0.0,0.06162464985994398,0.028011204481792718,0.0392156862745098,0.018207282913165267,0.022408963585434174,0.014005602240896359,0.028011204481792718,24.259352561401386,23.456790123456788,3.4902975420439843,3.0
20,2023,639,694.5941269852202,1.0870017636701412,0.7996870109546166,896.2648669796557,607.5,1011.3614858345211,877.0492957746479,600.0,263.5689655172414,52.5,586.0034482758621,330.0,246.85915492957747,30.0,371.65884194053206,135.0,109.93505477308294,0.0,207.67605633802816,37.5,30.700312989045383,0.0,9.491392801251957,0.0,18.759780907668233,0.0,69.74178403755869,0.0,3.6580594679186227,0.0,10.344287949921753,0.0,3.270735524256651,0.0,64.18270735524257,0.0,1.0,0.0,3.05320813771518,3.0,0.2237871674491393,0.49921752738654146,0.0,0.13176895306859207,0.2003610108303249,0.0,3.3333333333333335,4.0,0.2898550724637681,0.0,0.05415162454873646,0.018050541516245487,0.039711191335740074,0.018050541516245487,0.02888086642599278,0.018050541516245487,0.023465703971119134,24.140898724790866,23.36518149597989,3.7830940988835726,3.0
21,2016,84,317.12576001861305,3.7753066668882505,0.7380952380952381,977.3869047619048,418.25,1374.563923952345,1434.8869047619048,418.25,1163.9112903225807,0.0,1265.032258064516,300.0,179.6875,0.0,385.70238095238096,90.0,274.13690476190476,0.0,270.44940476190476,60.0,180.0,0.0,207.11309523809524,0.0,89.25,0.0,92.1875,0.0,47.5,0.0,35.357142857142854,0.0,0.7142857142857143,0.0,68.32738095238095,0.0,4.0,4.0,2.6547619047619047,2.0,0.43548387096774194,0.9838709677419355,0.0,0.42,0.78,0.0,,,0.27450980392156865,0.0,0.18,0.06,0.2,0.08,0.02,0.14,0.1,22.28171899875321,22.08537443128423,4.810126582278481,5.0
21,2017,521,1941.75403864766,3.726975122164415,0.6794625719769674,879.9318618042226,391.0,1255.3764104390045,908.4952015355086,390.0,200.2487244897959,0.0,535.5063775510204,177.5,185.66890595009596,0.0,280.21976967370443,50.0,74.8690019193858,0.0,226.4299424184261,0.0,61.602687140115165,0.0,162.04606525911709,0.0,29.01535508637236,0.0,27.322456813819578,0.0,5.019193857965451,0.0,14.587332053742802,0.0,2.7207293666026873,0.0,74.00959692898273,0.0,4.0,4.0,2.36468330134357,2.0,0.4666666666666667,1.2305555555555556,0.0,0.31309904153354634,0.5686900958466453,0.0,,,0.1592356687898089,0.0,0.15335463258785942,0.03514376996805112,0.14057507987220447,0.0926517571884984,0.03194888178913738,0.025559105431309903,0.08945686900958466,22.472090081520836,21.61368281607511,4.808247422680412,5.0
21,2018,370,1689.8623943711043,4.567195660462444,0.7351351351351352,958.2621621621622,480.0,1313.2383203480404,1031.6202702702703,457.5,270.64285714285717,0.0,681.4398496240601,270.0,189.45675675675676,0.0,314.80405405405406,90.0,116.9554054054054,0.0,274.977027027027,30.0,90.08918918918918,0.0,147.21621621621622,0.0,26.28310810810811,0.0,36.83513513513513,0.0,11.288513513513514,0.0,14.112162162162162,0.0,6.513513513513513,0.0,74.89324324324325,0.0,4.0,1.0,2.616216216216216,2.0,0.4966887417218543,1.3377483443708609,0.0,0.37383177570093457,0.6448598130841121,0.0,,,0.19576719576719576,0.0,0.12149532710280374,0.0514018691588785,0.14485981308411214,0.08411214953271028,0.0514018691588785,0.07476635514018691,0.11682242990654206,21.895622779450825,21.062621419828044,5.023598820058997,5.0
21,2019,353,1534.8240540490772,4.347943495889737,0.7053824362606232,885.1926345609065,467.5,1230.9947612992366,891.7535410764873,467.5,237.66929133858267,15.0,570.9015748031496,225.0,162.94546742209633,0.0,316.3271954674221,30.0,64.84348441926346,0.0,246.77974504249292,0.0,52.48583569405099,0.0,141.72237960339945,0.0,28.653682719546744,0.0,44.256373937677054,0.0,4.254249291784703,0.0,9.128895184135978,0.0,6.6331444759206795,0.0,57.95821529745042,0.0,4.0,0.0,2.3994334277620397,2.0,0.45714285714285713,1.32,0.0,0.3229166666666667,0.515625,0.0,3.3846153846153846,3.0,0.8,0.0,0.14583333333333334,0.0625,0.11458333333333333,0.078125,0.03125,0.046875,0.036458333333333336,22.72573850526414,21.79435194022523,4.6984615384615385,4.0
21,2020,419,1433.2793608297702,3.4207144649875185,0.6706443914081146,777.9737470167064,410.0,1131.0507322302171,809.8556085918855,382.5,264.845297029703,0.0,497.0259900990099,120.0,174.65871121718376,0.0,253.16169451073986,0.0,109.00417661097852,0.0,161.76193317422434,0.0,103.65751789976133,0.0,91.07398568019093,0.0,18.24582338902148,0.0,23.353221957040574,0.0,7.195704057279237,0.0,14.033412887828161,0.0,2.2911694510739857,0.0,66.18377088305489,0.0,0.0,0.0,2.059665871121718,2.0,0.514018691588785,1.4532710280373833,1.0,0.28365384615384615,0.47115384615384615,0.0,3.5233644859813085,4.0,0.6341463414634146,0.0,0.13221153846153846,0.03125,0.11057692307692307,0.052884615384615384,0.04567307692307692,0.03125,0.0673076923076923,22.447056936621433,21.645037080849708,4.821243523316062,5.0
21,2021,405,1491.2455576380703,3.6820877966372105,0.6172839506172839,663.5296296296297,315.0,954.3982504536151,648.7827160493828,305.0,112.8826219512195,0.0,383.015243902439,95.625,140.43333333333334,0.0,236.4358024691358,0.0,64.74197530864197,0.0,165.89567901234568,0.0,37.48148148148148,0.0,89.38395061728394,0.0,23.62962962962963,0.0,14.58641975308642,0.0,7.4753086419753085,0.0,2.8703703703703702,0.0,0.0,0.0,40.239506172839505,0.0,0.0,0.0,1.9111111111111112,1.0,0.41711229946524064,0.8021390374331551,0.0,0.1452991452991453,0.21652421652421652,0.0,3.62,4.0,0.3438395415472779,0.0,0.02849002849002849,0.011396011396011397,0.07122507122507123,0.045584045584045586,0.02564102564102564,0.011396011396011397,0.022792022792022793,22.523290965677173,21.70576015027778,3.4868035190615836,3.0
21,2022,368,1421.2426266209532,3.8620723549482423,0.6711956521739131,971.7601902173913,521.25,1293.1776999926476,1003.2207880434783,513.75,241.10294117647058,0.0,688.6666666666666,300.0,191.61684782608697,0.0,383.4429347826087,0.0,77.9211956521739,0.0,260.5027173913044,0.0,45.041440217391305,0.0,156.91372282608697,0.0,24.87703804347826,0.0,52.26902173913044,0.0,8.872282608695652,0.0,11.35054347826087,0.0,12.004076086956522,0.0,50.516304347826086,0.0,0.0,0.0,2.3315217391304346,2.0,0.3670212765957447,0.8723404255319149,0.0,0.2459016393442623,0.4163934426229508,0.0,3.5441176470588234,3.0,0.5340136054421769,0.0,0.07868852459016394,0.036065573770491806,0.11147540983606558,0.06229508196721312,0.029508196721311476,0.04590163934426229,0.05245901639344262,22.378068730390456,21.519981466933338,3.192182410423453,3.0
21,2023,359,1325.5236373806638,3.6922663993890357,0.7047353760445683,1024.5898328690807,516.25,1326.4867776205715,1124.0160167130919,516.25,277.0722891566265,0.0,735.941265060241,240.0,207.5550139275766,0.0,375.93105849582173,45.0,91.55222841225627,0.0,264.3635097493036,0.0,57.360724233983284,0.0,170.68384401114207,0.0,41.64693593314763,0.0,53.11281337047354,0.0,13.706128133704736,0.0,20.473537604456826,0.0,7.646239554317549,0.0,95.63509749303621,0.0,0.0,0.0,2.5766016713091924,2.0,0.2479108635097493,0.7214484679665738,0.0,0.2755417956656347,0.4582043343653251,0.0,3.6794871794871793,4.0,0.6719242902208202,0.0,0.09597523219814241,0.043343653250773995,0.13312693498452013,0.05572755417956656,0.04643962848297214,0.03715170278637771,0.04643962848297214,22.2470279655424,21.344069327644412,3.425925925925926,3.0
22,2016,104,101.28653080947572,0.9739089500911127,0.5480769230769231,416.2019230769231,172.5,629.1615076935778,369.0144230769231,142.5,236.20689655172413,0.0,287.9310344827586,52.5,118.41346153846153,0.0,152.5,0.0,23.26923076923077,0.0,77.09134615384616,0.0,67.33173076923077,0.0,1.1538461538461537,0.0,17.091346153846153,0.0,2.668269230769231,0.0,0.0,0.0,0.0,0.0,0.0,0.0,4.375,0.0,4.0,3.5,1.8557692307692308,1.0,0.39285714285714285,0.7678571428571429,0.0,0.22388059701492538,0.34328358208955223,0.0,,,0.11428571428571428,0.0,0.14925373134328357,0.014925373134328358,0.029850746268656716,0.0,0.029850746268656716,0.05970149253731343,0.05970149253731343,26.684766356260543,26.154832996038703,5.427184466019417,5.0
22,2017,509,483.91038455396586,0.9507080246639801,0.5422396856581533,480.79076620825145,180.0,780.8074946388862,377.0083497053045,120.0,36.144366197183096,0.0,260.67957746478874,95.0,71.59037328094303,0.0,215.0834970530452,28.5,25.535363457760315,0.0,87.80844793713163,0.0,9.771611001964637,0.0,1.8074656188605107,0.0,5.294695481335953,0.0,8.914538310412574,0.0,0.0,0.0,15.74459724950884,0.0,0.0,0.0,11.824656188605108,0.0,4.0,3.0,1.5972495088408645,1.0,0.27238805970149255,0.3843283582089552,0.0,0.14942528735632185,0.2442528735632184,0.0,,,0.08123249299719888,0.0,0.06609195402298851,0.03735632183908046,0.031609195402298854,0.017241379310344827,0.05172413793103448,0.017241379310344827,0.022988505747126436,26.77244968106636,26.03679619998434,5.281437125748503,5.0
22,2018,459,512.782957474012,1.1171741992897866,0.5577342047930284,510.2434640522876,195.0,742.9321437808875,389.431917211329,150.0,115.06818181818181,0.0,306.2204545454546,90.0,59.24455337690632,0.0,242.54575163398692,40.0,14.82843137254902,0.0,107.62799564270152,0.0,25.119825708061,0.0,5.4411764705882355,0.0,14.038671023965142,0.0,8.518518518518519,0.0,1.3725490196078431,0.0,0.26143790849673204,0.0,0.0,0.0,6.617647058823529,0.0,4.0,0.0,1.579520697167756,1.0,0.16806722689075632,0.2605042016806723,0.0,0.11598746081504702,0.1724137931034483,0.0,,,0.03424657534246575,0.0,0.047021943573667714,0.034482758620689655,0.003134796238244514,0.009404388714733543,0.034482758620689655,0.012539184952978056,0.03134796238244514,26.501509929375775,25.497502489198162,5.216035634743875,5.0
22,2019,433,472.05808973834917,1.0902034405042706,0.5935334872979214,593.3198614318707,225.0,927.4940294421885,477.5092378752887,150.0,61.097122302158276,0.0,258.6061151079137,97.5,80.88452655889145,0.0,311.26847575057735,60.0,29.907621247113163,0.0,115.42956120092379,0.0,17.89838337182448,0.0,0.5196304849884527,0.0,5.178983833718245,0.0,13.27944572748268,0.0,8.314087759815243,0.0,1.333718244803695,0.0,3.533487297921478,0.0,12.483833718244803,0.0,4.0,1.0,1.6766743648960738,1.0,0.23741007194244604,0.33093525179856115,0.0,0.1267123287671233,0.2191780821917808,0.0,2.6666666666666665,1.0,0.1282051282051282,0.0,0.06506849315068493,0.030821917808219176,0.017123287671232876,0.010273972602739725,0.0273972602739726,0.03424657534246575,0.03424657534246575,27.11510619765426,26.09053188782073,5.253012048192771,5.0
22,2020,288,305.53624613349876,1.060889743519093,0.5208333333333334,492.0763888888889,180.0,853.2978519307093,332.9904513888889,60.0,27.00925925925926,0.0,257.25925925925924,0.0,59.35069444444444,0.0,234.65277777777777,0.0,45.06944444444444,0.0,69.01041666666667,0.0,6.848958333333333,0.0,1.1111111111111112,0.0,5.605902777777778,0.0,1.9791666666666667,0.0,0.3125,0.0,0.0390625,0.0,0.0,0.0,0.859375,0.0,0.0,0.0,1.1284722222222223,1.0,0.18571428571428572,0.2857142857142857,0.0,0.08727272727272728,0.13090909090909092,0.0,4.043478260869565,4.0,0.18382352941176472,0.0,0.03636363636363636,0.02181818181818182,0.0036363636363636364,0.0,0.014545454545454545,0.014545454545454545,0.04,26.752806467613343,26.31230951522187,5.168458781362007,5.0
22,2021,451,500.63257025190853,1.1100500449044535,0.5565410199556541,499.14578713968956,200.0,778.3896649522231,384.3741685144124,120.0,51.94244604316547,0.0,256.87410071942446,35.0,58.036031042128606,0.0,269.13968957871396,40.0,24.194013303769403,0.0,59.38747228381375,0.0,10.005543237250555,0.0,0.19955654101995565,0.0,0.6319290465631929,0.0,8.353658536585366,0.0,0.4157427937915743,0.0,2.161862527716186,0.0,0.0,0.0,9.674057649667406,0.0,1.0,0.0,1.3082039911308203,1.0,0.16666666666666666,0.21153846153846154,0.0,0.05423728813559322,0.10508474576271186,0.0,4.0625,4.0,0.17687074829931973,0.0,0.006779661016949152,0.01694915254237288,0.013559322033898305,0.013559322033898305,0.01694915254237288,0.013559322033898305,0.023728813559322035,27.04825609320063,26.373068937625387,3.8076923076923075,4.0
22,2022,393,433.43172030634486,1.102879695435992,0.5826972010178118,597.1736641221374,240.0,965.9869336364944,513.9013994910941,175.0,51.41379310344828,0.0,331.5741379310345,75.0,63.4529262086514,0.0,384.0235368956743,75.0,22.334605597964376,0.0,139.53053435114504,0.0,13.982188295165395,0.0,1.1450381679389312,0.0,3.530534351145038,0.0,13.568702290076336,0.0,0.15267175572519084,0.0,4.961832061068702,0.0,0.0,0.0,11.650763358778626,0.0,1.0,0.0,1.5368956743002544,1.0,0.10416666666666667,0.125,0.0,0.0967741935483871,0.14919354838709678,0.0,3.5,3.5,0.24489795918367346,0.0,0.04838709677419355,0.012096774193548387,0.008064516129032258,0.004032258064516129,0.024193548387096774,0.024193548387096774,0.028225806451612902,26.998179020426736,25.8257868158181,3.904632152588556,4.0
22,2023,374,400.785756593412,1.071619670035861,0.5855614973262032,620.2613636363636,300.0,996.9445346652636,517.0340909090909,180.0,121.44886363636364,0.0,393.2651515151515,121.875,93.35561497326204,0.0,333.4284759358289,73.75,28.205213903743317,0.0,118.49598930481284,0.0,30.093582887700535,0.0,2.406417112299465,0.0,2.787433155080214,0.0,27.72459893048128,0.0,2.4532085561497325,0.0,0.9625668449197861,0.0,0.0,0.0,16.61764705882353,0.0,0.5,0.0,1.6978609625668448,1.0,0.05080213903743316,0.07219251336898395,0.0,0.1067193675889328,0.1422924901185771,0.0,3.730769230769231,4.0,0.30158730158730157,0.0,0.011857707509881422,0.03162055335968379,0.019762845849802372,0.011857707509881422,0.02766798418972332,0.011857707509881422,0.02766798418972332,26.919081294411495,25.974573968319312,3.8092485549132946,4.0
23,2016,63,97.51367383585311,1.5478360926325891,0.7777777777777778,693.7222222222222,535.0,665.9188899302601,628.9603174603175,510.0,171.2608695652174,60.0,731.9565217391304,550.0,124.03968253968254,0.0,252.6547619047619,60.0,134.28174603174602,0.0,190.78968253968253,0.0,5.222222222222222,0.0,3.8095238095238093,0.0,17.896825396825395,0.0,45.55555555555556,0.0,0.0,0.0,0.0,0.0,0.0,0.0,67.38888888888889,0.0,4.0,4.0,2.6031746031746033,2.0,0.5365853658536586,0.975609756097561,1.0,0.225,0.675,0.0,,,0.125,0.0,0.2,0.05,0.05,0.05,0.15,0.075,0.1,25.727299515962265,25.1609774940842,5.682539682539683,4.0
23,2017,386,674.3542911903726,1.7470318424621052,0.8082901554404145,849.7681347150259,602.5,935.4316765127875,755.9922279792746,537.5,185.62396694214877,0.0,658.0805785123966,375.0,132.2972797927461,0.0,321.74028497409324,108.125,103.62046632124353,0.0,197.36917098445596,10.625,13.095854922279793,0.0,21.923575129533678,0.0,37.137305699481864,0.0,39.32642487046632,0.0,2.2053108808290154,0.0,8.082901554404145,0.0,18.497409326424872,0.0,60.85362694300518,0.0,4.0,4.0,2.5854922279792745,2.0,0.4495798319327731,0.8151260504201681,0.0,0.2550607287449393,0.5465587044534413,0.0,,,0.148,0.0,0.145748987854251,0.08502024291497975,0.06882591093117409,0.06072874493927125,0.08097165991902834,0.04048582995951417,0.06477732793522267,26.177806307832245,25.622527896900003,5.625974025974026,5.0
23,2018,349,630.389457948416,1.8062735184768366,0.833810888252149,941.7743553008596,660.0,973.3430741860933,873.6912607449857,600.0,212.67407407407407,0.0,626.7870370370371,360.0,156.0888252148997,0.0,364.46418338108884,120.0,165.1704871060172,0.0,235.7256446991404,30.0,8.781518624641834,0.0,27.736389684813755,0.0,34.777936962750715,0.0,53.48137535816619,0.0,0.6683381088825215,0.0,12.055873925501432,0.0,6.189111747851003,0.0,70.121776504298,0.0,4.0,1.0,2.8853868194842405,2.0,0.5247524752475248,0.9504950495049505,1.0,0.2916666666666667,0.5541666666666667,0.0,,,0.1792452830188679,0.0,0.15833333333333333,0.09166666666666666,0.0625,0.05,0.10833333333333334,0.04583333333333333,0.0375,26.32719172652895,25.87280683083375,5.410404624277457,5.0
23,2019,389,787.8055987738395,2.0252071947913612,0.8354755784061697,856.1632390745501,575.0,917.7711908678023,776.012853470437,525.0,215.81866197183098,35.0,568.3802816901408,322.5,153.06169665809767,0.0,327.25835475578407,120.0,137.30269922879177,0.0,184.33033419023135,45.0,13.116966580976865,0.0,7.326478149100257,0.0,33.94601542416452,0.0,66.4987146529563,0.0,0.5012853470437018,0.0,3.2390745501285347,0.0,6.940874035989717,0.0,59.55141388174807,0.0,4.0,1.0,2.8174807197943443,2.0,0.5323741007194245,0.9784172661870504,1.0,0.2783882783882784,0.5274725274725275,0.0,4.3076923076923075,4.0,0.559322033898305,0.0,0.1391941391941392,0.07326007326007326,0.07692307692307693,0.04395604395604396,0.08791208791208792,0.06593406593406594,0.040293040293040296,26.55075548273097,25.945206247612806,5.25,5.0
23,2020,308,592.4655481648738,1.923589442093746,0.7922077922077922,859.0706168831168,570.0,1006.9989178377145,734.6047077922078,424.25,127.05985915492958,0.0,565.7411971830986,330.0,143.0625,0.0,301.7459415584416,108.75,166.6112012987013,0.0,142.69886363636363,0.0,3.2142857142857144,0.0,17.808441558441558,0.0,15.75487012987013,0.0,14.805194805194805,0.0,0.16233766233766234,0.0,2.24025974025974,0.0,10.324675324675324,0.0,55.41233766233766,0.0,1.0,0.0,2.220779220779221,2.0,0.5569620253164557,0.930379746835443,1.0,0.21333333333333335,0.37333333333333335,0.0,3.559322033898305,4.0,0.47474747474747475,0.0,0.08666666666666667,0.056666666666666664,0.03,0.03,0.07666666666666666,0.043333333333333335,0.05,26.328935835374047,25.399756797765235,4.92483660130719,5.0
23,2021,401,807.7460082866018,2.014329197722199,0.7930174563591023,869.1701995012469,540.0,1016.6927352897532,795.3796758104738,505.0,135.27083333333334,0.0,667.1180555555555,360.0,154.8160847880299,0.0,365.8765586034913,135.0,155.20324189526184,0.0,152.46633416458852,0.0,1.9183291770573565,0.0,11.820448877805486,0.0,16.714463840399002,0.0,36.17206982543641,0.0,2.836658354114713,0.0,6.938902743142145,0.0,3.7967581047381547,0.0,64.28927680798004,0.0,1.0,0.0,2.42643391521197,2.0,0.4161490683229814,0.6583850931677019,0.0,0.1737704918032787,0.2786885245901639,0.0,3.4791666666666665,4.0,0.4370860927152318,0.0,0.06885245901639345,0.05245901639344262,0.04918032786885246,0.01639344262295082,0.03934426229508197,0.02622950819672131,0.02622950819672131,26.552805017785158,25.990448816317915,3.9293193717277486,4.0
23,2022,415,795.2725223846907,1.9163193310474473,0.8,904.1072289156626,615.0,995.647619852843,839.2265060240964,543.75,155.3860759493671,0.0,540.4319620253165,315.0,153.60060240963855,0.0,361.90301204819275,165.0,175.44819277108434,0.0,205.294578313253,0.0,9.671686746987952,0.0,13.120481927710843,0.0,23.819277108433734,0.0,58.209638554216866,0.0,2.8734939759036147,0.0,8.313253012048193,0.0,11.132530120481928,0.0,57.63012048192771,0.0,1.0,0.5,2.616867469879518,2.0,0.4072164948453608,0.6134020618556701,0.0,0.21495327102803738,0.43302180685358255,0.0,3.417910447761194,3.0,0.5514018691588785,0.0,0.09657320872274143,0.06853582554517133,0.06542056074766354,0.04361370716510903,0.08099688473520249,0.04361370716510903,0.03426791277258567,26.44444076557214,25.61991362,3.6898263027295286,4.0
23,2023,385,642.93835073134,1.6699697421593247,0.8103896103896104,996.9493506493507,630.0,1130.1343762426939,929.8863636363636,585.0,194.23447204968943,0.0,679.3586956521739,375.0,197.52077922077922,0.0,411.6064935064935,180.0,162.58961038961039,0.0,215.59545454545454,37.5,14.016233766233766,0.0,11.53896103896104,0.0,27.642857142857142,0.0,71.62012987012987,0.0,1.7012987012987013,0.0,19.064935064935064,0.0,19.246753246753247,0.0,57.676623376623375,0.0,1.0,1.0,2.85974025974026,2.0,0.14285714285714285,0.22597402597402597,0.0,0.2185430463576159,0.38741721854304634,0.0,3.6166666666666667,4.0,0.49333333333333335,0.0,0.08940397350993377,0.04966887417218543,0.06622516556291391,0.033112582781456956,0.04304635761589404,0.059602649006622516,0.046357615894039736,26.30108095700847,25.85887602104262,3.7904509283819627,3.0
24,2016,45,84.74324465307824,1.8831832145128498,0.28888888888888886,238.9,0.0,568.0476092403138,226.12222222222223,0.0,0.0,0.0,2.5,0.0,23.333333333333332,0.0,193.45555555555555,0.0,0.0,0.0,61.733333333333334,0.0,4.0,0.0,0.0,0.0,0.0,0.0,0.0,0.0,0.0,0.0,0.0,0.0,0.0,0.0,0.0,0.0,1.0,1.0,0.9333333333333333,1.0,0.058823529411764705,0.058823529411764705,0.0,0.05555555555555555,0.1111111111111111,0.0,,,0.05555555555555555,0.0,0.05555555555555555,0.0,0.0,0.0,0.027777777777777776,0.0,0.027777777777777776,25.83878765589492,26.433828360028905,4.744186046511628,4.0
24,2017,215,334.1295438598923,1.5540909016739177,0.2651162790697674,272.6,0.0,735.1472473936548,199.22790697674418,0.0,42.241379310344826,0.0,136.61637931034483,0.0,41.51279069767442,0.0,144.11627906976744,0.0,2.354651162790698,0.0,67.32558139534883,0.0,5.627906976744186,0.0,0.6976744186046512,0.0,3.3488372093023258,0.0,4.186046511627907,0.0,0.5581395348837209,0.0,0.0,0.0,0.0,0.0,0.6046511627906976,0.0,1.0,1.0,0.8883720930232558,1.0,0.1188118811881188,0.1782178217821782,0.0,0.06535947712418301,0.0915032679738562,0.0,,,0.03205128205128205,0.0,0.0457516339869281,0.006535947712418301,0.0,0.006535947712418301,0.013071895424836602,0.006535947712418301,0.013071895424836602,27.30448987681258,26.443192668529072,5.4396135265700485,5.0
24,2018,185,343.91167650043934,1.85898203513751,0.34054054054054056,271.67972972972973,5.0,583.7919095675761,173.30810810810812,0.0,38.27205882352941,0.0,72.20588235294117,0.0,32.954054054054055,0.0,120.85135135135135,0.0,4.286486486486487,0.0,81.82432432432432,0.0,13.891891891891891,0.0,0.972972972972973,0.0,0.24324324324324326,0.0,0.972972972972973,0.0,0.0,0.0,0.0,0.0,0.0,0.0,0.0,0.0,2.0,0.0,0.8486486486486486,1.0,0.0975609756097561,0.14634146341463414,0.0,0.06870229007633588,0.0916030534351145,0.0,,,0.015873015873015872,0.0,0.03816793893129771,0.007633587786259542,0.007633587786259542,0.0,0.007633587786259542,0.0,0.030534351145038167,26.050068426281076,25.060642471196235,5.132947976878612,5.0
24,2019,163,282.488516582166,1.733058383939669,0.34355828220858897,275.1993865030675,20.0,632.4355424870239,202.54601226993864,0.0,38.06603773584906,0.0,165.63679245283018,0.0,37.65184049079755,0.0,146.63650306748465,0.0,4.8343558282208585,0.0,61.989263803680984,0.0,6.717791411042945,0.0,0.0,0.0,0.0,0.0,18.03680981595092,0.0,0.0,0.0,2.208588957055215,0.0,0.0,0.0,2.8588957055214723,0.0,2.0,0.0,1.030674846625767,1.0,0.09375,0.125,0.0,0.1171875,0.2109375,0.0,3.6666666666666665,4.0,0.5625,0.0,0.03125,0.0234375,0.015625,0.015625,0.03125,0.03125,0.0625,25.98290867542755,25.37258417539252,5.325,5.0
24,2020,108,187.10430043732723,1.7324472262715485,0.2962962962962963,219.53703703703704,0.0,658.8219758111438,156.78240740740742,0.0,1.7857142857142858,0.0,120.58035714285714,0.0,21.11111111111111,0.0,133.91203703703704,0.0,4.722222222222222,0.0,61.43518518518518,0.0,1.4351851851851851,0.0,0.0,0.0,0.0,0.0,0.0,0.0,0.0,0.0,0.0,0.0,0.0,0.0,0.0,0.0,0.0,0.0,0.6388888888888888,0.0,0.06666666666666667,0.13333333333333333,0.0,0.07920792079207921,0.09900990099009901,0.0,3.6,5.0,0.16,0.0,0.039603960396039604,0.0,0.0,0.0,0.009900990099009901,0.009900990099009901,0.039603960396039604,25.53026601066797,24.99808622514941,4.689320388349515,4.0
24,2021,212,335.03148017840084,1.5803371706528342,0.28773584905660377,329.9268867924528,0.0,803.670826123374,224.87971698113208,0.0,191.91176470588235,0.0,136.94117647058823,0.0,80.80188679245283,0.0,131.10849056603774,0.0,8.830188679245284,0.0,31.17924528301887,0.0,0.8490566037735849,0.0,1.9103773584905661,0.0,0.0,0.0,7.40566037735849,0.0,0.0,0.0,0.14150943396226415,0.0,0.0,0.0,2.063679245283019,0.0,0.0,0.0,0.7877358490566038,0.0,0.030303030303030304,0.030303030303030304,0.0,0.03731343283582089,0.04477611940298507,0.0,3.25,3.0,0.08270676691729323,0.0,0.007462686567164179,0.0,0.0,0.0,0.022388059701492536,0.007462686567164179,0.007462686567164179,26.169373259401514,25.129929128177785,3.8225806451612905,4.0
24,2022,220,344.9786407019203,1.5680847304632741,0.3181818181818182,226.74318181818182,0.0,594.6562463500771,167.70568181818183,0.0,7.714285714285714,0.0,108.76785714285714,0.0,8.967045454545454,0.0,138.42613636363637,0.0,2.164772727272727,0.0,58.43181818181818,0.0,6.3522727272727275,0.0,0.8181818181818182,0.0,1.4318181818181819,0.0,0.0,0.0,1.0909090909090908,0.0,0.0,0.0,0.0,0.0,0.36363636363636365,0.0,0.0,0.0,0.759090909090909,0.0,0.05,0.05,0.0,0.08270676691729323,0.09774436090225563,0.0,3.0,3.0,0.09923664122137404,0.0,0.03007518796992481,0.007518796992481203,0.0,0.0,0.03759398496240601,0.0,0.022556390977443608,26.518165781441592,25.613021912956007,3.7577319587628866,4.0
24,2023,183,240.93510993755137,1.3165853002051988,0.3114754098360656,324.00956284153006,15.0,886.4352173070663,372.17349726775956,0.0,52.32142857142857,0.0,284.5833333333333,0.0,50.15846994535519,0.0,178.75956284153006,0.0,69.97814207650273,0.0,90.47814207650273,0.0,8.53825136612022,0.0,11.612021857923498,0.0,9.672131147540984,0.0,15.325136612021858,0.0,6.39344262295082,0.0,3.6079234972677594,0.0,13.278688524590164,0.0,10.655737704918034,0.0,0.0,0.0,1.1311475409836065,1.0,0.03278688524590164,0.37158469945355194,0.0,0.05660377358490566,0.1320754716981132,0.0,4.25,4.0,0.12380952380952381,0.0,0.018867924528301886,0.018867924528301886,0.02830188679245283,0.018867924528301886,0.009433962264150943,0.009433962264150943,0.02830188679245283,26.12500653392901,24.84279073114802,4.0476190476190474,4.0
25,2016,41,136.13668636810394,3.3204069845879007,0.7804878048780488,678.7439024390244,392.5,850.9264427078232,677.280487804878,392.5,98.07692307692308,0.0,213.3846153846154,150.0,245.39634146341464,0.0,261.2134146341463,120.0,21.71951219512195,0.0,211.1829268292683,75.0,52.68292682926829,0.0,31.097560975609756,0.0,9.878048780487806,0.0,24.390243902439025,0.0,2.5609756097560976,0.0,41.707317073170735,0.0,0.36585365853658536,0.0,19.073170731707318,0.0,4.0,4.0,2.1219512195121952,2.0,0.2857142857142857,0.7142857142857143,0.0,0.17857142857142858,0.5357142857142857,0.0,,,0.07142857142857142,0.0,0.14285714285714285,0.07142857142857142,0.07142857142857142,0.07142857142857142,0.03571428571428571,0.03571428571428571,0.10714285714285714,24.20188645690789,22.74164271427818,4.368421052631579,4.0
25,2017,210,573.7994525072329,2.7323783452725374,0.7095238095238096,952.0928571428572,450.0,1438.4077164284097,1006.3976190476191,450.0,216.11986301369862,0.0,707.2191780821918,337.5,159.025,0.0,354.26428571428573,0.0,164.4047619047619,0.0,248.6642857142857,0.0,82.54642857142858,0.0,144.35714285714286,0.0,14.464285714285714,0.0,68.53571428571429,0.0,3.0,0.0,6.583333333333333,0.0,0.0,0.0,62.07857142857143,0.0,4.0,4.0,2.0142857142857142,1.0,0.427536231884058,0.8188405797101449,0.0,0.296875,0.5078125,0.0,,,0.12121212121212122,0.0,0.140625,0.015625,0.1015625,0.078125,0.046875,0.0703125,0.0546875,24.08024083576265,22.86256710157528,4.66120218579235,4.0
25,2018,168,589.752877287798,3.5104337933797503,0.6904761904761905,891.389880952381,441.25,1301.781768857333,897.8779761904761,441.25,298.825,0.0,467.2583333333333,127.5,195.63839285714286,0.0,304.90625,0.0,79.9702380952381,0.0,255.73660714285714,0.0,50.57738095238095,0.0,143.92857142857142,0.0,7.946428571428571,0.0,37.5,0.0,12.738095238095237,0.0,16.19047619047619,0.0,19.821428571428573,0.0,43.339285714285715,0.0,4.0,0.0,2.130952380952381,2.0,0.4117647058823529,0.8970588235294118,0.0,0.29473684210526313,0.5052631578947369,0.0,,,0.1590909090909091,0.0,0.09473684210526316,0.07368421052631578,0.09473684210526316,0.07368421052631578,0.05263157894736842,0.07368421052631578,0.042105263157894736,24.151063726712916,22.78940016397816,4.613333333333333,4.0
25,2019,181,511.29726649831014,2.8248467762337577,0.6685082872928176,873.939226519337,450.0,1207.7441223355486,877.060773480663,405.0,207.06923076923076,0.0,480.3115384615385,192.5,177.85911602209944,0.0,344.01243093922653,0.0,95.31767955801105,0.0,241.4792817679558,0.0,37.091160220994475,0.0,118.75690607734806,0.0,13.03867403314917,0.0,45.1243093922652,0.0,6.8853591160221,0.0,12.92817679558011,0.0,20.614640883977902,0.0,53.687845303867405,0.0,4.0,0.0,2.160220994475138,1.0,0.4473684210526316,0.8157894736842105,0.0,0.3017241379310345,0.5172413793103449,0.0,3.4,3.0,0.7142857142857143,0.0,0.13793103448275862,0.04310344827586207,0.1206896551724138,0.06896551724137931,0.034482758620689655,0.05172413793103448,0.0603448275862069,23.41119832595486,22.723835421442903,4.355828220858895,4.0
25,2020,160,452.69038144018606,2.829314884001163,0.60625,727.565625,271.25,1110.955297633181,752.190625,242.5,169.8343373493976,0.0,498.8072289156627,150.0,105.4921875,0.0,260.5546875,15.0,110.903125,0.0,173.59375,0.0,40.40625,0.0,72.9375,0.0,5.678125,0.0,101.96875,0.0,5.203125,0.0,19.5,0.0,0.0,0.0,48.578125,0.0,0.0,0.0,1.9875,1.0,0.40789473684210525,0.8157894736842105,0.0,0.22641509433962265,0.31446540880503143,0.0,3.727272727272727,3.0,0.5769230769230769,0.0,0.03773584905660377,0.050314465408805034,0.08176100628930817,0.025157232704402517,0.03773584905660377,0.031446540880503145,0.050314465408805034,24.21597180392835,23.148148148148145,4.702127659574468,4.0
25,2021,219,544.7173669790794,2.4872939131464813,0.6666666666666666,827.082191780822,450.0,1133.8146834173513,808.324200913242,420.0,171.39175257731958,0.0,576.2886597938144,150.0,189.56506849315068,0.0,365.76027397260276,75.0,63.84474885844749,0.0,198.1997716894977,0.0,39.87899543378995,0.0,76.70776255707763,0.0,9.829908675799087,0.0,42.70091324200913,0.0,3.356164383561644,0.0,8.219178082191782,0.0,1.917808219178082,0.0,43.1324200913242,0.0,0.0,0.0,2.0913242009132422,2.0,0.425,0.9625,0.0,0.24858757062146894,0.3672316384180791,0.0,2.880952380952381,3.0,0.6184971098265896,0.0,0.062146892655367235,0.0847457627118644,0.096045197740113,0.04519774011299435,0.03389830508474576,0.02824858757062147,0.01694915254237288,23.22233857704993,22.44382051919136,3.151898734177215,3.0
25,2022,202,496.9161313289037,2.4599808481628895,0.6782178217821783,1008.539603960396,465.0,1412.932033268994,1066.8762376237623,463.125,201.16666666666666,0.0,707.6344086021505,240.0,161.00123762376236,0.0,356.80940594059405,20.0,127.68069306930693,0.0,259.90841584158414,0.0,73.11138613861387,0.0,198.3638613861386,0.0,30.222772277227723,0.0,51.83910891089109,0.0,17.14727722772277,0.0,17.327970297029704,0.0,12.029702970297029,0.0,52.25247524752475,0.0,0.0,0.0,2.1485148514851486,1.0,0.35185185185185186,0.9259259259259259,0.0,0.287292817679558,0.4088397790055249,0.0,3.391304347826087,3.0,0.7262569832402235,0.0,0.11049723756906077,0.06629834254143646,0.09944751381215469,0.027624309392265192,0.027624309392265192,0.03867403314917127,0.03867403314917127,23.738955695260113,22.45897920818988,3.2349397590361444,3.0
25,2023,169,365.827765846569,2.1646613363702305,0.6627218934911243,911.6804733727811,460.0,1259.323159444811,918.594674556213,450.0,243.27941176470588,0.0,537.4117647058823,180.0,173.55621301775147,0.0,390.4260355029586,30.0,110.1923076923077,0.0,304.3121301775148,0.0,28.357988165680474,0.0,139.9526627218935,0.0,25.485207100591715,0.0,15.420118343195266,0.0,6.414201183431953,0.0,7.304733727810651,0.0,7.633136094674557,0.0,35.72189349112426,0.0,0.0,0.0,2.0236686390532546,1.0,0.15976331360946747,0.3254437869822485,0.0,0.23648648648648649,0.3783783783783784,0.0,3.235294117647059,3.0,0.5734265734265734,0.0,0.0945945945945946,0.05405405405405406,0.060810810810810814,0.04054054054054054,0.02702702702702703,0.060810810810810814,0.04054054054054054,23.8061588124205,23.321831090428244,3.1666666666666665,3.0
26,2016,53,140.30574792058778,2.6472782626525997,0.6415094339622641,877.9952830188679,447.5,1357.9274529684562,1005.5047169811321,447.5,644.2307692307693,0.0,666.9615384615385,100.0,244.76415094339623,0.0,277.5943396226415,75.0,69.62264150943396,0.0,213.89150943396226,45.0,67.83018867924528,0.0,141.03773584905662,0.0,4.528301886792453,0.0,3.018867924528302,0.0,2.7122641509433962,0.0,25.471698113207548,0.0,2.05188679245283,0.0,85.00943396226415,0.0,4.0,4.0,2.6226415094339623,2.0,0.5,1.2333333333333334,0.5,0.275,0.45,0.0,,,0.1282051282051282,0.0,0.1,0.05,0.15,0.05,0.0,0.025,0.075,23.567989278741074,22.11435200745004,6.196078431372549,6.0
26,2017,377,1036.4899322201525,2.749310165040192,0.7108753315649867,782.498673740053,400.0,1079.7802552368235,776.106100795756,360.0,329.50619834710744,45.0,538.3760330578513,210.0,272.0954907161804,0.0,288.9257294429708,43.75,51.6657824933687,0.0,187.92506631299736,0.0,38.204244031830235,0.0,40.55702917771883,0.0,11.847480106100797,0.0,18.657161803713528,0.0,0.610079575596817,0.0,10.941644562334217,0.0,3.023872679045093,0.0,64.0132625994695,0.0,4.0,4.0,2.506631299734748,2.0,0.4666666666666667,0.8541666666666666,0.0,0.22440944881889763,0.4409448818897638,0.0,,,0.11372549019607843,0.0,0.09448818897637795,0.047244094488188976,0.08661417322834646,0.06299212598425197,0.05511811023622047,0.047244094488188976,0.047244094488188976,24.007356709619852,23.185413471899437,4.908587257617729,5.0
26,2018,298,818.5372447748674,2.7467692777680113,0.7348993288590604,804.0201342281879,461.25,967.372840292374,777.238255033557,448.75,262.925,0.0,403.575,165.0,240.46224832214764,0.0,294.78104026845637,116.25,70.27097315436242,0.0,210.58137583892616,33.75,52.5503355704698,0.0,25.981543624161073,0.0,14.186241610738255,0.0,41.09731543624161,0.0,0.5620805369127517,0.0,7.302852348993288,0.0,13.993288590604028,0.0,43.8255033557047,0.0,4.0,0.5,2.4865771812080535,2.0,0.5675675675675675,1.2522522522522523,1.0,0.2717391304347826,0.592391304347826,0.0,,,0.14906832298136646,0.0,0.1358695652173913,0.08695652173913043,0.08152173913043478,0.05434782608695652,0.09782608695652174,0.043478260869565216,0.09239130434782608,24.531907887885396,23.321855788189012,4.9655172413793105,4.0
26,2019,306,845.1811865301781,2.7620300213404514,0.738562091503268,822.0334967320262,510.0,1006.1578868853056,806.9109477124183,472.5,256.17540322580646,0.0,426.0221774193548,180.0,245.734477124183,0.0,271.95098039215685,60.0,75.27369281045752,0.0,187.43218954248366,0.0,45.52287581699346,0.0,40.08169934640523,0.0,28.03921568627451,0.0,34.53104575163399,0.0,0.8660130718954249,0.0,16.436274509803923,0.0,0.7352941176470589,0.0,63.29248366013072,0.0,4.0,1.0,2.8300653594771243,2.0,0.44554455445544555,0.8217821782178217,0.0,0.2072072072072072,0.38288288288288286,0.0,2.0,2.0,0.06382978723404255,0.0,0.0945945945945946,0.03153153153153153,0.09009009009009009,0.05855855855855856,0.04504504504504504,0.02252252252252252,0.04054054054054054,24.04741556977308,23.387168806602496,4.622895622895623,4.0
26,2020,304,715.4722953086601,2.35352728719954,0.6677631578947368,650.1143092105264,341.25,915.1727182659388,619.7935855263158,308.75,147.2559171597633,0.0,428.54881656804736,150.0,165.28536184210526,0.0,279.09292763157896,75.0,70.14720394736842,0.0,138.7639802631579,0.0,18.951480263157894,0.0,24.86842105263158,0.0,14.463815789473685,0.0,24.20230263157895,0.0,2.442434210526316,0.0,2.1052631578947367,0.0,4.144736842105263,0.0,50.42434210526316,0.0,0.0,0.0,2.1315789473684212,2.0,0.46616541353383456,0.8421052631578947,0.0,0.1423841059602649,0.22185430463576158,0.0,3.268292682926829,3.0,0.3654485049833887,0.0,0.059602649006622516,0.033112582781456956,0.04966887417218543,0.016556291390728478,0.023178807947019868,0.009933774834437087,0.029801324503311258,25.063206303957756,24.29779753658709,4.579124579124579,4.0
26,2021,377,995.3414656373817,2.6401630388259463,0.6339522546419099,661.5576923076923,322.5,952.6499626220311,646.9449602122016,315.0,170.89864864864865,0.0,393.9780405405405,127.5,176.67572944297083,0.0,304.9980106100796,75.0,58.812997347480106,0.0,139.86472148541114,0.0,32.189655172413794,0.0,16.175066312997348,0.0,12.53315649867374,0.0,27.083554376657826,0.0,3.3985411140583555,0.0,11.795755968169761,0.0,0.26856763925729443,0.0,36.60477453580902,0.0,0.0,0.0,1.9628647214854111,1.0,0.3333333333333333,0.4971751412429379,0.0,0.12307692307692308,0.19692307692307692,0.0,3.138888888888889,3.0,0.29283489096573206,0.0,0.04923076923076923,0.04,0.043076923076923075,0.012307692307692308,0.018461538461538463,0.021538461538461538,0.012307692307692308,24.683920965351533,23.74117628459463,3.4447674418604652,3.0
26,2022,354,919.4177263232316,2.597225215602349,0.6836158192090396,783.9258474576271,375.0,1070.5507974353702,761.4329096045198,345.0,202.08053691275168,0.0,512.0469798657718,172.5,200.72033898305085,0.0,343.7747175141243,90.0,56.90042372881356,0.0,213.56002824858757,0.0,29.612994350282484,0.0,45.57203389830509,0.0,11.4795197740113,0.0,20.437853107344633,0.0,6.694915254237288,0.0,4.533898305084746,0.0,6.970338983050848,0.0,44.94774011299435,0.0,0.0,0.0,2.2033898305084745,2.0,0.37222222222222223,0.7555555555555555,0.0,0.19528619528619529,0.3468013468013468,0.0,3.3636363636363638,3.0,0.4444444444444444,0.0,0.06397306397306397,0.07407407407407407,0.06397306397306397,0.030303030303030304,0.04713804713804714,0.030303030303030304,0.037037037037037035,25.161007805381956,24.005323686260017,3.2321981424148607,3.0
26,2023,327,832.8960322417284,2.5470826674058973,0.7155963302752294,822.2966360856269,487.5,1053.841818917083,778.6934250764526,450.0,212.14661654135338,0.0,432.6503759398496,180.0,227.77217125382262,0.0,383.5619266055046,150.0,51.48776758409786,0.0,216.88990825688074,20.0,32.79816513761468,0.0,31.880733944954127,0.0,12.93960244648318,0.0,28.845565749235472,0.0,6.06651376146789,0.0,10.359327217125383,0.0,0.1834862385321101,0.0,38.95489296636086,0.0,0.0,0.0,2.3363914373088686,2.0,0.22629969418960244,0.45871559633027525,0.0,0.21724137931034482,0.3689655172413793,0.0,3.3333333333333335,3.0,0.5017421602787456,0.0,0.05862068965517241,0.08620689655172414,0.05862068965517241,0.03103448275862069,0.04482758620689655,0.027586206896551724,0.06206896551724138,25.002672652170336,24.17026825143685,3.216666666666667,3.0
