feature_names,values,is_pred,model_name,std
Age9_3.0,0.9381596111702036,False,bayesian_ridge,0.0
Age9_3.0,1.0635442376058195,False,bayesian_ridge,0.0
Age9_3.0,1.2343127815001749,False,bayesian_ridge,0.0
Age9_3.0,0.9938027912404552,False,bayesian_ridge,0.0
Age9_3.0,0.9295853268670388,False,bayesian_ridge,0.0
Age9_3.0,0.9540826646820842,False,bayesian_ridge,0.0
Age9_3.0,0.8745826985737142,False,bayesian_ridge,0.0
Age9_3.0,0.955579576018813,True,bayesian_ridge,0.11753676554270037
Age9_3.0,0.9449005374649629,True,bayesian_ridge,0.12375288691396158
Age9_3.0,0.934221498911113,True,bayesian_ridge,0.13095026052927217
Age9_3.0,0.923542460357263,True,bayesian_ridge,0.1389765174181351
Age9_3.0,0.912863421803413,True,bayesian_ridge,0.14769658764679236
Age9_3.0,0.902184383249563,True,bayesian_ridge,0.15699490297198976
Age9_3.0,0.891505344695713,True,bayesian_ridge,0.16677477346321534
Age9_3.0,0.9381596111702036,False,simple_exp,0.0
Age9_3.0,1.0635442376058195,False,simple_exp,0.0
Age9_3.0,1.2343127815001749,False,simple_exp,0.0
Age9_3.0,0.9938027912404552,False,simple_exp,0.0
Age9_3.0,0.9295853268670388,False,simple_exp,0.0
Age9_3.0,0.9540826646820842,False,simple_exp,0.0
Age9_3.0,0.8745826985737142,False,simple_exp,0.0
Age9_3.0,0.9588301256691768,True,simple_exp,0.0
Age9_3.0,0.9588301256691768,True,simple_exp,0.0
Age9_3.0,0.9588301256691768,True,simple_exp,0.0
Age9_3.0,0.9588301256691768,True,simple_exp,0.0
Age9_3.0,0.9588301256691768,True,simple_exp,0.0
Age9_3.0,0.9588301256691768,True,simple_exp,0.0
Age9_3.0,0.9588301256691768,True,simple_exp,0.0
Age9_3.0,0.9381596111702036,False,exp,0.0
Age9_3.0,1.0635442376058195,False,exp,0.0
Age9_3.0,1.2343127815001749,False,exp,0.0
Age9_3.0,0.9938027912404552,False,exp,0.0
Age9_3.0,0.9295853268670388,False,exp,0.0
Age9_3.0,0.9540826646820842,False,exp,0.0
Age9_3.0,0.8745826985737142,False,exp,0.0
Age9_3.0,0.9982957263995444,True,exp,0.0
Age9_3.0,0.9982957263995444,True,exp,0.0
Age9_3.0,0.9982957263995444,True,exp,0.0
Age9_3.0,0.9982957263995444,True,exp,0.0
Age9_3.0,0.9982957263995444,True,exp,0.0
Age9_3.0,0.9982957263995444,True,exp,0.0
Age9_3.0,0.9982957263995444,True,exp,0.0
Age9_3.0,0.9381596111702036,False,holt,0.0
Age9_3.0,1.0635442376058195,False,holt,0.0
Age9_3.0,1.2343127815001749,False,holt,0.0
Age9_3.0,0.9938027912404552,False,holt,0.0
Age9_3.0,0.9295853268670388,False,holt,0.0
Age9_3.0,0.9540826646820842,False,holt,0.0
Age9_3.0,0.8745826985737142,False,holt,0.0
Age9_3.0,0.8521662594244253,True,holt,0.0
Age9_3.0,0.8188583888591469,True,holt,0.0
Age9_3.0,0.7922120924069243,True,holt,0.0
Age9_3.0,0.770895055245146,True,holt,0.0
Age9_3.0,0.7538414255157235,True,holt,0.0
Age9_3.0,0.7401985217321855,True,holt,0.0
Age9_3.0,0.7292841987053551,True,holt,0.0
Age9_4.0,1.01090043810032,False,bayesian_ridge,0.0
Age9_4.0,1.0803124324969362,False,bayesian_ridge,0.0
Age9_4.0,1.2704583833610228,False,bayesian_ridge,0.0
Age9_4.0,1.0208594566526443,False,bayesian_ridge,0.0
Age9_4.0,0.9496365247664396,False,bayesian_ridge,0.0
Age9_4.0,0.9228452136374856,False,bayesian_ridge,0.0
Age9_4.0,0.9267441584300142,False,bayesian_ridge,0.0
Age9_4.0,0.9440968725756544,True,bayesian_ridge,0.11794292906209075
Age9_4.0,0.9236297833108231,True,bayesian_ridge,0.1265633120016426
Age9_4.0,0.9031626940459917,True,bayesian_ridge,0.13636126821519357
Age9_4.0,0.8826956047811603,True,bayesian_ridge,0.1471016828219101
Age9_4.0,0.8622285155163288,True,bayesian_ridge,0.15859319280527392
Age9_4.0,0.8417614262514974,True,bayesian_ridge,0.1706841604093795
Age9_4.0,0.8212943369866661,True,bayesian_ridge,0.1832559699450194
Age9_4.0,1.01090043810032,False,simple_exp,0.0
Age9_4.0,1.0803124324969362,False,simple_exp,0.0
Age9_4.0,1.2704583833610228,False,simple_exp,0.0
Age9_4.0,1.0208594566526443,False,simple_exp,0.0
Age9_4.0,0.9496365247664396,False,simple_exp,0.0
Age9_4.0,0.9228452136374856,False,simple_exp,0.0
Age9_4.0,0.9267441584300142,False,simple_exp,0.0
Age9_4.0,1.0109004396717,True,simple_exp,0.0
Age9_4.0,1.0109004396717,True,simple_exp,0.0
Age9_4.0,1.0109004396717,True,simple_exp,0.0
Age9_4.0,1.0109004396717,True,simple_exp,0.0
Age9_4.0,1.0109004396717,True,simple_exp,0.0
Age9_4.0,1.0109004396717,True,simple_exp,0.0
Age9_4.0,1.0109004396717,True,simple_exp,0.0
Age9_4.0,1.01090043810032,False,exp,0.0
Age9_4.0,1.0803124324969362,False,exp,0.0
Age9_4.0,1.2704583833610228,False,exp,0.0
Age9_4.0,1.0208594566526443,False,exp,0.0
Age9_4.0,0.9496365247664396,False,exp,0.0
Age9_4.0,0.9228452136374856,False,exp,0.0
Age9_4.0,0.9267441584300142,False,exp,0.0
Age9_4.0,1.0259652254037974,True,exp,0.0
Age9_4.0,1.0259652254037974,True,exp,0.0
Age9_4.0,1.0259652254037974,True,exp,0.0
Age9_4.0,1.0259652254037974,True,exp,0.0
Age9_4.0,1.0259652254037974,True,exp,0.0
Age9_4.0,1.0259652254037974,True,exp,0.0
Age9_4.0,1.0259652254037974,True,exp,0.0
Age9_4.0,1.01090043810032,False,holt,0.0
Age9_4.0,1.0803124324969362,False,holt,0.0
Age9_4.0,1.2704583833610228,False,holt,0.0
Age9_4.0,1.0208594566526443,False,holt,0.0
Age9_4.0,0.9496365247664396,False,holt,0.0
Age9_4.0,0.9228452136374856,False,holt,0.0
Age9_4.0,0.9267441584300142,False,holt,0.0
Age9_4.0,0.9403876048631248,True,holt,0.0
Age9_4.0,0.9497039250469874,True,holt,0.0
Age9_4.0,0.9571569811940774,True,holt,0.0
Age9_4.0,0.9631194261117495,True,holt,0.0
Age9_4.0,0.9678893820458871,True,holt,0.0
Age9_4.0,0.9717053467931972,True,holt,0.0
Age9_4.0,0.9747581185910453,True,holt,0.0
Age9_5.0,1.025709649375029,False,bayesian_ridge,0.0
Age9_5.0,1.0791245784339067,False,bayesian_ridge,0.0
Age9_5.0,1.2432589526788984,False,bayesian_ridge,0.0
Age9_5.0,1.0483546931695968,False,bayesian_ridge,0.0
Age9_5.0,1.0679191844097886,False,bayesian_ridge,0.0
Age9_5.0,1.0789309268953111,False,bayesian_ridge,0.0
Age9_5.0,0.8503472875093578,False,bayesian_ridge,0.0
Age9_5.0,1.0119362412799264,True,bayesian_ridge,0.1133790071944874
Age9_5.0,1.0008615418687692,True,bayesian_ridge,0.11963455102197912
Age9_5.0,0.9897868424576118,True,bayesian_ridge,0.12686200900896946
Age9_5.0,0.9787121430464546,True,bayesian_ridge,0.13490526256262797
Age9_5.0,0.9676374436352974,True,bayesian_ridge,0.1436273212523639
Age9_5.0,0.95656274422414,True,bayesian_ridge,0.15291207263949547
Age9_5.0,0.9454880448129828,True,bayesian_ridge,0.162663190407115
Age9_5.0,1.025709649375029,False,simple_exp,0.0
Age9_5.0,1.0791245784339067,False,simple_exp,0.0
Age9_5.0,1.2432589526788984,False,simple_exp,0.0
Age9_5.0,1.0483546931695968,False,simple_exp,0.0
Age9_5.0,1.0679191844097886,False,simple_exp,0.0
Age9_5.0,1.0789309268953111,False,simple_exp,0.0
Age9_5.0,0.8503472875093578,False,simple_exp,0.0
Age9_5.0,1.025709652559075,True,simple_exp,0.0
Age9_5.0,1.025709652559075,True,simple_exp,0.0
Age9_5.0,1.025709652559075,True,simple_exp,0.0
Age9_5.0,1.025709652559075,True,simple_exp,0.0
Age9_5.0,1.025709652559075,True,simple_exp,0.0
Age9_5.0,1.025709652559075,True,simple_exp,0.0
Age9_5.0,1.025709652559075,True,simple_exp,0.0
Age9_5.0,1.025709649375029,False,exp,0.0
Age9_5.0,1.0791245784339067,False,exp,0.0
Age9_5.0,1.2432589526788984,False,exp,0.0
Age9_5.0,1.0483546931695968,False,exp,0.0
Age9_5.0,1.0679191844097886,False,exp,0.0
Age9_5.0,1.0789309268953111,False,exp,0.0
Age9_5.0,0.8503472875093578,False,exp,0.0
Age9_5.0,1.0562350335147743,True,exp,0.0
Age9_5.0,1.0562350335147743,True,exp,0.0
Age9_5.0,1.0562350335147743,True,exp,0.0
Age9_5.0,1.0562350335147743,True,exp,0.0
Age9_5.0,1.0562350335147743,True,exp,0.0
Age9_5.0,1.0562350335147743,True,exp,0.0
Age9_5.0,1.0562350335147743,True,exp,0.0
Age9_5.0,1.025709649375029,False,holt,0.0
Age9_5.0,1.0791245784339067,False,holt,0.0
Age9_5.0,1.2432589526788984,False,holt,0.0
Age9_5.0,1.0483546931695968,False,holt,0.0
Age9_5.0,1.0679191844097886,False,holt,0.0
Age9_5.0,1.0789309268953111,False,holt,0.0
Age9_5.0,0.8503472875093578,False,holt,0.0
Age9_5.0,0.9039779039094447,True,holt,0.0
Age9_5.0,0.8597436353067412,True,holt,0.0
Age9_5.0,0.8243562204245786,True,holt,0.0
Age9_5.0,0.7960462885188484,True,holt,0.0
Age9_5.0,0.7733983429942644,True,holt,0.0
Age9_5.0,0.755279986574597,True,holt,0.0
Age9_5.0,0.7407853014388632,True,holt,0.0
Age9_6.0,0.897298612898095,False,bayesian_ridge,0.0
Age9_6.0,0.8881771675108902,False,bayesian_ridge,0.0
Age9_6.0,1.0478135860961066,False,bayesian_ridge,0.0
Age9_6.0,0.9523267909774548,False,bayesian_ridge,0.0
Age9_6.0,1.1101043686848844,False,bayesian_ridge,0.0
Age9_6.0,0.8829939861739788,False,bayesian_ridge,0.0
Age9_6.0,0.7406356628943995,False,bayesian_ridge,0.0
Age9_6.0,0.9261875657432842,True,bayesian_ridge,0.11468862907519121
Age9_6.0,0.9249005223492549,True,bayesian_ridge,0.11619302383490779
Age9_6.0,0.9236134789552256,True,bayesian_ridge,0.11800568617532059
Age9_6.0,0.9223264355611963,True,bayesian_ridge,0.12011266038421259
Age9_6.0,0.9210393921671671,True,bayesian_ridge,0.12249876094268988
Age9_6.0,0.9197523487731378,True,bayesian_ridge,0.1251480232104028
Age9_6.0,0.9184653053791085,True,bayesian_ridge,0.12804411359959075
Age9_6.0,0.897298612898095,False,simple_exp,0.0
Age9_6.0,0.8881771675108902,False,simple_exp,0.0
Age9_6.0,1.0478135860961066,False,simple_exp,0.0
Age9_6.0,0.9523267909774548,False,simple_exp,0.0
Age9_6.0,1.1101043686848844,False,simple_exp,0.0
Age9_6.0,0.8829939861739788,False,simple_exp,0.0
Age9_6.0,0.7406356628943995,False,simple_exp,0.0
Age9_6.0,0.8972986164484437,True,simple_exp,0.0
Age9_6.0,0.8972986164484437,True,simple_exp,0.0
Age9_6.0,0.8972986164484437,True,simple_exp,0.0
Age9_6.0,0.8972986164484437,True,simple_exp,0.0
Age9_6.0,0.8972986164484437,True,simple_exp,0.0
Age9_6.0,0.8972986164484437,True,simple_exp,0.0
Age9_6.0,0.8972986164484437,True,simple_exp,0.0
Age9_6.0,0.897298612898095,False,exp,0.0
Age9_6.0,0.8881771675108902,False,exp,0.0
Age9_6.0,1.0478135860961066,False,exp,0.0
Age9_6.0,0.9523267909774548,False,exp,0.0
Age9_6.0,1.1101043686848844,False,exp,0.0
Age9_6.0,0.8829939861739788,False,exp,0.0
Age9_6.0,0.7406356628943995,False,exp,0.0
Age9_6.0,0.9313357342727164,True,exp,0.0
Age9_6.0,0.9313357342727164,True,exp,0.0
Age9_6.0,0.9313357342727164,True,exp,0.0
Age9_6.0,0.9313357342727164,True,exp,0.0
Age9_6.0,0.9313357342727164,True,exp,0.0
Age9_6.0,0.9313357342727164,True,exp,0.0
Age9_6.0,0.9313357342727164,True,exp,0.0
Age9_6.0,0.897298612898095,False,holt,0.0
Age9_6.0,0.8881771675108902,False,holt,0.0
Age9_6.0,1.0478135860961066,False,holt,0.0
Age9_6.0,0.9523267909774548,False,holt,0.0
Age9_6.0,1.1101043686848844,False,holt,0.0
Age9_6.0,0.8829939861739788,False,holt,0.0
Age9_6.0,0.7406356628943995,False,holt,0.0
Age9_6.0,0.881853915467721,True,holt,0.0
Age9_6.0,0.8806296557917742,True,holt,0.0
Age9_6.0,0.8796502480510169,True,holt,0.0
Age9_6.0,0.878866721858411,True,holt,0.0
Age9_6.0,0.8782399009043262,True,holt,0.0
Age9_6.0,0.8777384441410585,True,holt,0.0
Age9_6.0,0.8773372787304443,True,holt,0.0
Age9_7.0,0.6236855010565583,False,bayesian_ridge,0.0
Age9_7.0,0.6318342182536245,False,bayesian_ridge,0.0
Age9_7.0,0.7870539137076629,False,bayesian_ridge,0.0
Age9_7.0,0.740312812071442,False,bayesian_ridge,0.0
Age9_7.0,0.9007729986573052,False,bayesian_ridge,0.0
Age9_7.0,0.6176673511829908,False,bayesian_ridge,0.0
Age9_7.0,0.6013306237267417,False,bayesian_ridge,0.0
Age9_7.0,0.7016646359209556,True,bayesian_ridge,0.11834309571222061
Age9_7.0,0.7019858870920401,True,bayesian_ridge,0.1254234868560761
Age9_7.0,0.7023071382631245,True,bayesian_ridge,0.13356856323936572
Age9_7.0,0.702628389434209,True,bayesian_ridge,0.14259599712063536
Age9_7.0,0.7029496406052934,True,bayesian_ridge,0.1523490170041662
Age9_7.0,0.7032708917763779,True,bayesian_ridge,0.1626971875840233
Age9_7.0,0.7035921429474623,True,bayesian_ridge,0.1735340715585088
Age9_7.0,0.6236855010565583,False,simple_exp,0.0
Age9_7.0,0.6318342182536245,False,simple_exp,0.0
Age9_7.0,0.7870539137076629,False,simple_exp,0.0
Age9_7.0,0.740312812071442,False,simple_exp,0.0
Age9_7.0,0.9007729986573052,False,simple_exp,0.0
Age9_7.0,0.6176673511829908,False,simple_exp,0.0
Age9_7.0,0.6013306237267417,False,simple_exp,0.0
Age9_7.0,0.6806130176921926,True,simple_exp,0.0
Age9_7.0,0.6806130176921926,True,simple_exp,0.0
Age9_7.0,0.6806130176921926,True,simple_exp,0.0
Age9_7.0,0.6806130176921926,True,simple_exp,0.0
Age9_7.0,0.6806130176921926,True,simple_exp,0.0
Age9_7.0,0.6806130176921926,True,simple_exp,0.0
Age9_7.0,0.6806130176921926,True,simple_exp,0.0
Age9_7.0,0.6236855010565583,False,exp,0.0
Age9_7.0,0.6318342182536245,False,exp,0.0
Age9_7.0,0.7870539137076629,False,exp,0.0
Age9_7.0,0.740312812071442,False,exp,0.0
Age9_7.0,0.9007729986573052,False,exp,0.0
Age9_7.0,0.6176673511829908,False,exp,0.0
Age9_7.0,0.6013306237267417,False,exp,0.0
Age9_7.0,0.7003796261104023,True,exp,0.0
Age9_7.0,0.7003796261104023,True,exp,0.0
Age9_7.0,0.7003796261104023,True,exp,0.0
Age9_7.0,0.7003796261104023,True,exp,0.0
Age9_7.0,0.7003796261104023,True,exp,0.0
Age9_7.0,0.7003796261104023,True,exp,0.0
Age9_7.0,0.7003796261104023,True,exp,0.0
Age9_7.0,0.6236855010565583,False,holt,0.0
Age9_7.0,0.6318342182536245,False,holt,0.0
Age9_7.0,0.7870539137076629,False,holt,0.0
Age9_7.0,0.740312812071442,False,holt,0.0
Age9_7.0,0.9007729986573052,False,holt,0.0
Age9_7.0,0.6176673511829908,False,holt,0.0
Age9_7.0,0.6013306237267417,False,holt,0.0
Age9_7.0,0.6903357766256689,True,holt,0.0
Age9_7.0,0.6981255948100016,True,holt,0.0
Age9_7.0,0.7058764639034125,True,holt,0.0
Age9_7.0,0.7135885786513565,True,holt,0.0
Age9_7.0,0.7212621328255607,True,holt,0.0
Age9_7.0,0.7288973192288939,True,holt,0.0
Age9_7.0,0.7364943297002104,True,holt,0.0
Disab3_2.0,1.4311425346586129,False,bayesian_ridge,0.0
Disab3_2.0,1.3628455561510713,False,bayesian_ridge,0.0
Disab3_2.0,1.2102966899998395,False,bayesian_ridge,0.0
Disab3_2.0,1.5022574035810277,False,bayesian_ridge,0.0
Disab3_2.0,1.6662620470682203,False,bayesian_ridge,0.0
Disab3_2.0,1.3438904575503687,False,bayesian_ridge,0.0
Disab3_2.0,1.3987083888500076,False,bayesian_ridge,0.0
Disab3_2.0,1.4191297725336216,True,bayesian_ridge,0.1339832359329793
Disab3_2.0,1.4197906771720572,True,bayesian_ridge,0.1351805511946638
Disab3_2.0,1.420451581810493,True,bayesian_ridge,0.1366296884136363
Disab3_2.0,1.4211124864489288,True,bayesian_ridge,0.1383227331829987
Disab3_2.0,1.4217733910873647,True,bayesian_ridge,0.14025085275646723
Disab3_2.0,1.4224342957258005,True,bayesian_ridge,0.14240449890052967
Disab3_2.0,1.423095200364236,True,bayesian_ridge,0.14477360719343546
Disab3_2.0,1.4311425346586129,False,simple_exp,0.0
Disab3_2.0,1.3628455561510713,False,simple_exp,0.0
Disab3_2.0,1.2102966899998395,False,simple_exp,0.0
Disab3_2.0,1.5022574035810277,False,simple_exp,0.0
Disab3_2.0,1.6662620470682203,False,simple_exp,0.0
Disab3_2.0,1.3438904575503687,False,simple_exp,0.0
Disab3_2.0,1.3987083888500076,False,simple_exp,0.0
Disab3_2.0,1.431142533129833,True,simple_exp,0.0
Disab3_2.0,1.431142533129833,True,simple_exp,0.0
Disab3_2.0,1.431142533129833,True,simple_exp,0.0
Disab3_2.0,1.431142533129833,True,simple_exp,0.0
Disab3_2.0,1.431142533129833,True,simple_exp,0.0
Disab3_2.0,1.431142533129833,True,simple_exp,0.0
Disab3_2.0,1.431142533129833,True,simple_exp,0.0
Disab3_2.0,1.4311425346586129,False,exp,0.0
Disab3_2.0,1.3628455561510713,False,exp,0.0
Disab3_2.0,1.2102966899998395,False,exp,0.0
Disab3_2.0,1.5022574035810277,False,exp,0.0
Disab3_2.0,1.6662620470682203,False,exp,0.0
Disab3_2.0,1.3438904575503687,False,exp,0.0
Disab3_2.0,1.3987083888500076,False,exp,0.0
Disab3_2.0,1.416486149476165,True,exp,0.0
Disab3_2.0,1.416486149476165,True,exp,0.0
Disab3_2.0,1.416486149476165,True,exp,0.0
Disab3_2.0,1.416486149476165,True,exp,0.0
Disab3_2.0,1.416486149476165,True,exp,0.0
Disab3_2.0,1.416486149476165,True,exp,0.0
Disab3_2.0,1.416486149476165,True,exp,0.0
Disab3_2.0,1.4311425346586129,False,holt,0.0
Disab3_2.0,1.3628455561510713,False,holt,0.0
Disab3_2.0,1.2102966899998395,False,holt,0.0
Disab3_2.0,1.5022574035810277,False,holt,0.0
Disab3_2.0,1.6662620470682203,False,holt,0.0
Disab3_2.0,1.3438904575503687,False,holt,0.0
Disab3_2.0,1.3987083888500076,False,holt,0.0
Disab3_2.0,1.3805596785447476,True,holt,0.0
Disab3_2.0,1.3713930132602004,True,holt,0.0
Disab3_2.0,1.364059681032563,True,holt,0.0
Disab3_2.0,1.3581930152504527,True,holt,0.0
Disab3_2.0,1.3534996826247645,True,holt,0.0
Disab3_2.0,1.3497450165242142,True,holt,0.0
Disab3_2.0,1.3467412836437738,True,holt,0.0
Disab3_3.0,1.290212450421867,False,bayesian_ridge,0.0
Disab3_3.0,1.2225671096779076,False,bayesian_ridge,0.0
Disab3_3.0,1.1800808273466572,False,bayesian_ridge,0.0
Disab3_3.0,1.2638995455686093,False,bayesian_ridge,0.0
Disab3_3.0,1.2551325731964034,False,bayesian_ridge,0.0
Disab3_3.0,1.0900196202348396,False,bayesian_ridge,0.0
Disab3_3.0,1.1751315026393605,False,bayesian_ridge,0.0
Disab3_3.0,1.1560372042514948,True,bayesian_ridge,0.06459496025242062
Disab3_3.0,1.1422949471327384,True,bayesian_ridge,0.06968415580479527
Disab3_3.0,1.128552690013982,True,bayesian_ridge,0.075439478034021
Disab3_3.0,1.1148104328952255,True,bayesian_ridge,0.08172030786449269
Disab3_3.0,1.101068175776469,True,bayesian_ridge,0.08841472266818896
Disab3_3.0,1.0873259186577127,True,bayesian_ridge,0.09543572835747335
Disab3_3.0,1.0735836615389562,True,bayesian_ridge,0.10271637603300407
Disab3_3.0,1.290212450421867,False,simple_exp,0.0
Disab3_3.0,1.2225671096779076,False,simple_exp,0.0
Disab3_3.0,1.1800808273466572,False,simple_exp,0.0
Disab3_3.0,1.2638995455686093,False,simple_exp,0.0
Disab3_3.0,1.2551325731964034,False,simple_exp,0.0
Disab3_3.0,1.0900196202348396,False,simple_exp,0.0
Disab3_3.0,1.1751315026393605,False,simple_exp,0.0
Disab3_3.0,1.1751896921835776,True,simple_exp,0.0
Disab3_3.0,1.1751896921835776,True,simple_exp,0.0
Disab3_3.0,1.1751896921835776,True,simple_exp,0.0
Disab3_3.0,1.1751896921835776,True,simple_exp,0.0
Disab3_3.0,1.1751896921835776,True,simple_exp,0.0
Disab3_3.0,1.1751896921835776,True,simple_exp,0.0
Disab3_3.0,1.1751896921835776,True,simple_exp,0.0
Disab3_3.0,1.290212450421867,False,exp,0.0
Disab3_3.0,1.2225671096779076,False,exp,0.0
Disab3_3.0,1.1800808273466572,False,exp,0.0
Disab3_3.0,1.2638995455686093,False,exp,0.0
Disab3_3.0,1.2551325731964034,False,exp,0.0
Disab3_3.0,1.0900196202348396,False,exp,0.0
Disab3_3.0,1.1751315026393605,False,exp,0.0
Disab3_3.0,1.2110062308555853,True,exp,0.0
Disab3_3.0,1.2110062308555853,True,exp,0.0
Disab3_3.0,1.2110062308555853,True,exp,0.0
Disab3_3.0,1.2110062308555853,True,exp,0.0
Disab3_3.0,1.2110062308555853,True,exp,0.0
Disab3_3.0,1.2110062308555853,True,exp,0.0
Disab3_3.0,1.2110062308555853,True,exp,0.0
Disab3_3.0,1.290212450421867,False,holt,0.0
Disab3_3.0,1.2225671096779076,False,holt,0.0
Disab3_3.0,1.1800808273466572,False,holt,0.0
Disab3_3.0,1.2638995455686093,False,holt,0.0
Disab3_3.0,1.2551325731964034,False,holt,0.0
Disab3_3.0,1.0900196202348396,False,holt,0.0
Disab3_3.0,1.1751315026393605,False,holt,0.0
Disab3_3.0,1.1497310813826125,True,holt,0.0
Disab3_3.0,1.1440103234877577,True,holt,0.0
Disab3_3.0,1.139433717171874,True,holt,0.0
Disab3_3.0,1.135772432119167,True,holt,0.0
Disab3_3.0,1.1328434040770015,True,holt,0.0
Disab3_3.0,1.130500181643269,True,holt,0.0
Disab3_3.0,1.128625603696283,True,holt,0.0
Educ6,0.8886832466070475,False,bayesian_ridge,0.0
Educ6,0.8624388355406724,False,bayesian_ridge,0.0
Educ6,0.8696265175791383,False,bayesian_ridge,0.0
Educ6,0.8617079329771881,False,bayesian_ridge,0.0
Educ6,0.864765942152438,False,bayesian_ridge,0.0
Educ6,0.8707696855218722,False,bayesian_ridge,0.0
Educ6,0.8715274665126662,False,bayesian_ridge,0.0
Educ6,0.8663114020578911,True,bayesian_ridge,0.009907146769063437
Educ6,0.8654064087548274,True,bayesian_ridge,0.010626195257044783
Educ6,0.8645014154517637,True,bayesian_ridge,0.011443840578501492
Educ6,0.8635964221487,True,bayesian_ridge,0.012340500060358695
Educ6,0.8626914288456363,True,bayesian_ridge,0.013300202603776677
Educ6,0.8617864355425726,True,bayesian_ridge,0.014310270083808418
Educ6,0.8608814422395088,True,bayesian_ridge,0.015360770275276426
Educ6,0.8886832466070475,False,simple_exp,0.0
Educ6,0.8624388355406724,False,simple_exp,0.0
Educ6,0.8696265175791383,False,simple_exp,0.0
Educ6,0.8617079329771881,False,simple_exp,0.0
Educ6,0.864765942152438,False,simple_exp,0.0
Educ6,0.8707696855218722,False,simple_exp,0.0
Educ6,0.8715274665126662,False,simple_exp,0.0
Educ6,0.8710422986155845,True,simple_exp,0.0
Educ6,0.8710422986155845,True,simple_exp,0.0
Educ6,0.8710422986155845,True,simple_exp,0.0
Educ6,0.8710422986155845,True,simple_exp,0.0
Educ6,0.8710422986155845,True,simple_exp,0.0
Educ6,0.8710422986155845,True,simple_exp,0.0
Educ6,0.8710422986155845,True,simple_exp,0.0
Educ6,0.8886832466070475,False,exp,0.0
Educ6,0.8624388355406724,False,exp,0.0
Educ6,0.8696265175791383,False,exp,0.0
Educ6,0.8617079329771881,False,exp,0.0
Educ6,0.864765942152438,False,exp,0.0
Educ6,0.8707696855218722,False,exp,0.0
Educ6,0.8715274665126662,False,exp,0.0
Educ6,0.8699313702719296,True,exp,0.0
Educ6,0.8699313702719296,True,exp,0.0
Educ6,0.8699313702719296,True,exp,0.0
Educ6,0.8699313702719296,True,exp,0.0
Educ6,0.8699313702719296,True,exp,0.0
Educ6,0.8699313702719296,True,exp,0.0
Educ6,0.8699313702719296,True,exp,0.0
Educ6,0.8886832466070475,False,holt,0.0
Educ6,0.8624388355406724,False,holt,0.0
Educ6,0.8696265175791383,False,holt,0.0
Educ6,0.8617079329771881,False,holt,0.0
Educ6,0.864765942152438,False,holt,0.0
Educ6,0.8707696855218722,False,holt,0.0
Educ6,0.8715274665126662,False,holt,0.0
Educ6,0.8734531981783408,True,holt,0.0
Educ6,0.8754322714169958,True,holt,0.0
Educ6,0.8770155300079197,True,holt,0.0
Educ6,0.8782821368806588,True,holt,0.0
Educ6,0.8792954223788502,True,holt,0.0
Educ6,0.8801060507774032,True,holt,0.0
Educ6,0.8807545534962457,True,holt,0.0
Eth7_2.0,0.706860359464077,False,bayesian_ridge,0.0
Eth7_2.0,0.6779186033750318,False,bayesian_ridge,0.0
Eth7_2.0,0.6451320318474201,False,bayesian_ridge,0.0
Eth7_2.0,0.7121905393061501,False,bayesian_ridge,0.0
Eth7_2.0,0.8227742449650495,False,bayesian_ridge,0.0
Eth7_2.0,0.7350902865140083,False,bayesian_ridge,0.0
Eth7_2.0,0.8331923997605309,False,bayesian_ridge,0.0
Eth7_2.0,0.8154664852405723,True,bayesian_ridge,0.05872221790999871
Eth7_2.0,0.8360060185067059,True,bayesian_ridge,0.06392169365205634
Eth7_2.0,0.8565455517728393,True,bayesian_ridge,0.06975223672079443
Eth7_2.0,0.8770850850389729,True,bayesian_ridge,0.07606887471816962
Eth7_2.0,0.8976246183051064,True,bayesian_ridge,0.08276037964721925
Eth7_2.0,0.9181641515712399,True,bayesian_ridge,0.08974293700867816
Eth7_2.0,0.9387036848373733,True,bayesian_ridge,0.09695368281640326
Eth7_2.0,0.706860359464077,False,simple_exp,0.0
Eth7_2.0,0.6779186033750318,False,simple_exp,0.0
Eth7_2.0,0.6451320318474201,False,simple_exp,0.0
Eth7_2.0,0.7121905393061501,False,simple_exp,0.0
Eth7_2.0,0.8227742449650495,False,simple_exp,0.0
Eth7_2.0,0.7350902865140083,False,simple_exp,0.0
Eth7_2.0,0.8331923997605309,False,simple_exp,0.0
Eth7_2.0,0.7954400343499877,True,simple_exp,0.0
Eth7_2.0,0.7954400343499877,True,simple_exp,0.0
Eth7_2.0,0.7954400343499877,True,simple_exp,0.0
Eth7_2.0,0.7954400343499877,True,simple_exp,0.0
Eth7_2.0,0.7954400343499877,True,simple_exp,0.0
Eth7_2.0,0.7954400343499877,True,simple_exp,0.0
Eth7_2.0,0.7954400343499877,True,simple_exp,0.0
Eth7_2.0,0.706860359464077,False,exp,0.0
Eth7_2.0,0.6779186033750318,False,exp,0.0
Eth7_2.0,0.6451320318474201,False,exp,0.0
Eth7_2.0,0.7121905393061501,False,exp,0.0
Eth7_2.0,0.8227742449650495,False,exp,0.0
Eth7_2.0,0.7350902865140083,False,exp,0.0
Eth7_2.0,0.8331923997605309,False,exp,0.0
Eth7_2.0,0.7956238072958184,True,exp,0.0
Eth7_2.0,0.7956238072958184,True,exp,0.0
Eth7_2.0,0.7956238072958184,True,exp,0.0
Eth7_2.0,0.7956238072958184,True,exp,0.0
Eth7_2.0,0.7956238072958184,True,exp,0.0
Eth7_2.0,0.7956238072958184,True,exp,0.0
Eth7_2.0,0.7956238072958184,True,exp,0.0
Eth7_2.0,0.706860359464077,False,holt,0.0
Eth7_2.0,0.6779186033750318,False,holt,0.0
Eth7_2.0,0.6451320318474201,False,holt,0.0
Eth7_2.0,0.7121905393061501,False,holt,0.0
Eth7_2.0,0.8227742449650495,False,holt,0.0
Eth7_2.0,0.7350902865140083,False,holt,0.0
Eth7_2.0,0.8331923997605309,False,holt,0.0
Eth7_2.0,0.8297933127289167,True,holt,0.0
Eth7_2.0,0.8493290064995276,True,holt,0.0
Eth7_2.0,0.8649575615160163,True,holt,0.0
Eth7_2.0,0.8774604055292073,True,holt,0.0
Eth7_2.0,0.8874626807397601,True,holt,0.0
Eth7_2.0,0.8954645009082024,True,holt,0.0
Eth7_2.0,0.9018659570429561,True,holt,0.0
Eth7_3.0,0.4247740011102203,False,bayesian_ridge,0.0
Eth7_3.0,0.4218367991214635,False,bayesian_ridge,0.0
Eth7_3.0,0.3689391410899624,False,bayesian_ridge,0.0
Eth7_3.0,0.4036096571709302,False,bayesian_ridge,0.0
Eth7_3.0,0.4893468336292922,False,bayesian_ridge,0.0
Eth7_3.0,0.4827695118340374,False,bayesian_ridge,0.0
Eth7_3.0,0.4778966416024461,False,bayesian_ridge,0.0
Eth7_3.0,0.4846951151958512,True,bayesian_ridge,0.04083483181621843
Eth7_3.0,0.49625558736773,True,bayesian_ridge,0.04430844029931779
Eth7_3.0,0.5078160595396087,True,bayesian_ridge,0.048215303300366365
Eth7_3.0,0.5193765317114876,True,bayesian_ridge,0.052458710060610314
Eth7_3.0,0.5309370038833664,True,bayesian_ridge,0.056963499263903934
Eth7_3.0,0.5424974760552452,True,bayesian_ridge,0.06167242036634477
Eth7_3.0,0.554057948227124,True,bayesian_ridge,0.06654215068350465
Eth7_3.0,0.4247740011102203,False,simple_exp,0.0
Eth7_3.0,0.4218367991214635,False,simple_exp,0.0
Eth7_3.0,0.3689391410899624,False,simple_exp,0.0
Eth7_3.0,0.4036096571709302,False,simple_exp,0.0
Eth7_3.0,0.4893468336292922,False,simple_exp,0.0
Eth7_3.0,0.4827695118340374,False,simple_exp,0.0
Eth7_3.0,0.4778966416024461,False,simple_exp,0.0
Eth7_3.0,0.4778966416750575,True,simple_exp,0.0
Eth7_3.0,0.4778966416750575,True,simple_exp,0.0
Eth7_3.0,0.4778966416750575,True,simple_exp,0.0
Eth7_3.0,0.4778966416750575,True,simple_exp,0.0
Eth7_3.0,0.4778966416750575,True,simple_exp,0.0
Eth7_3.0,0.4778966416750575,True,simple_exp,0.0
Eth7_3.0,0.4778966416750575,True,simple_exp,0.0
Eth7_3.0,0.4247740011102203,False,exp,0.0
Eth7_3.0,0.4218367991214635,False,exp,0.0
Eth7_3.0,0.3689391410899624,False,exp,0.0
Eth7_3.0,0.4036096571709302,False,exp,0.0
Eth7_3.0,0.4893468336292922,False,exp,0.0
Eth7_3.0,0.4827695118340374,False,exp,0.0
Eth7_3.0,0.4778966416024461,False,exp,0.0
Eth7_3.0,0.4778966416750575,True,exp,0.0
Eth7_3.0,0.4778966416750575,True,exp,0.0
Eth7_3.0,0.4778966416750575,True,exp,0.0
Eth7_3.0,0.4778966416750575,True,exp,0.0
Eth7_3.0,0.4778966416750575,True,exp,0.0
Eth7_3.0,0.4778966416750575,True,exp,0.0
Eth7_3.0,0.4778966416750575,True,exp,0.0
Eth7_3.0,0.4247740011102203,False,holt,0.0
Eth7_3.0,0.4218367991214635,False,holt,0.0
Eth7_3.0,0.3689391410899624,False,holt,0.0
Eth7_3.0,0.4036096571709302,False,holt,0.0
Eth7_3.0,0.4893468336292922,False,holt,0.0
Eth7_3.0,0.4827695118340374,False,holt,0.0
Eth7_3.0,0.4778966416024461,False,holt,0.0
Eth7_3.0,0.4774038609438687,True,holt,0.0
Eth7_3.0,0.4770096363662607,True,holt,0.0
Eth7_3.0,0.4766942567041743,True,holt,0.0
Eth7_3.0,0.47644195297450515,True,holt,0.0
Eth7_3.0,0.4762401099907699,True,holt,0.0
Eth7_3.0,0.4760786356037816,True,holt,0.0
Eth7_3.0,0.47594945609419104,True,holt,0.0
Eth7_4.0,0.4710077631512216,False,bayesian_ridge,0.0
Eth7_4.0,0.4127915356190659,False,bayesian_ridge,0.0
Eth7_4.0,0.4890669748354085,False,bayesian_ridge,0.0
Eth7_4.0,0.415304295215854,False,bayesian_ridge,0.0
Eth7_4.0,0.4388104657452904,False,bayesian_ridge,0.0
Eth7_4.0,0.4384862847867768,False,bayesian_ridge,0.0
Eth7_4.0,0.4681307359555717,False,bayesian_ridge,0.0
Eth7_4.0,0.44707441707980033,True,bayesian_ridge,0.03106130936908239
Eth7_4.0,0.44692880508870797,True,bayesian_ridge,0.033067472062692706
Eth7_4.0,0.4467831930976156,True,bayesian_ridge,0.035365236910149415
Eth7_4.0,0.44663758110652324,True,bayesian_ridge,0.03790160628527427
Eth7_4.0,0.4464919691154309,True,bayesian_ridge,0.040631921447253805
Eth7_4.0,0.4463463571243385,True,bayesian_ridge,0.0435196946931683
Eth7_4.0,0.44620074513324615,True,bayesian_ridge,0.04653562201234956
Eth7_4.0,0.4710077631512216,False,simple_exp,0.0
Eth7_4.0,0.4127915356190659,False,simple_exp,0.0
Eth7_4.0,0.4890669748354085,False,simple_exp,0.0
Eth7_4.0,0.415304295215854,False,simple_exp,0.0
Eth7_4.0,0.4388104657452904,False,simple_exp,0.0
Eth7_4.0,0.4384862847867768,False,simple_exp,0.0
Eth7_4.0,0.4681307359555717,False,simple_exp,0.0
Eth7_4.0,0.4533913665727082,True,simple_exp,0.0
Eth7_4.0,0.4533913665727082,True,simple_exp,0.0
Eth7_4.0,0.4533913665727082,True,simple_exp,0.0
Eth7_4.0,0.4533913665727082,True,simple_exp,0.0
Eth7_4.0,0.4533913665727082,True,simple_exp,0.0
Eth7_4.0,0.4533913665727082,True,simple_exp,0.0
Eth7_4.0,0.4533913665727082,True,simple_exp,0.0
Eth7_4.0,0.4710077631512216,False,exp,0.0
Eth7_4.0,0.4127915356190659,False,exp,0.0
Eth7_4.0,0.4890669748354085,False,exp,0.0
Eth7_4.0,0.415304295215854,False,exp,0.0
Eth7_4.0,0.4388104657452904,False,exp,0.0
Eth7_4.0,0.4384862847867768,False,exp,0.0
Eth7_4.0,0.4681307359555717,False,exp,0.0
Eth7_4.0,0.4476568600544684,True,exp,0.0
Eth7_4.0,0.4476568600544684,True,exp,0.0
Eth7_4.0,0.4476568600544684,True,exp,0.0
Eth7_4.0,0.4476568600544684,True,exp,0.0
Eth7_4.0,0.4476568600544684,True,exp,0.0
Eth7_4.0,0.4476568600544684,True,exp,0.0
Eth7_4.0,0.4476568600544684,True,exp,0.0
Eth7_4.0,0.4710077631512216,False,holt,0.0
Eth7_4.0,0.4127915356190659,False,holt,0.0
Eth7_4.0,0.4890669748354085,False,holt,0.0
Eth7_4.0,0.415304295215854,False,holt,0.0
Eth7_4.0,0.4388104657452904,False,holt,0.0
Eth7_4.0,0.4384862847867768,False,holt,0.0
Eth7_4.0,0.4681307359555717,False,holt,0.0
Eth7_4.0,0.45969083615315576,True,holt,0.0
Eth7_4.0,0.46570284194436795,True,holt,0.0
Eth7_4.0,0.4705124465773377,True,holt,0.0
Eth7_4.0,0.4743601302837135,True,holt,0.0
Eth7_4.0,0.4774382772488141,True,holt,0.0
Eth7_4.0,0.47990079482089465,True,holt,0.0
Eth7_4.0,0.48187080887855904,True,holt,0.0
Eth7_5.0,0.3473359400307557,False,bayesian_ridge,0.0
Eth7_5.0,0.6132453282429424,False,bayesian_ridge,0.0
Eth7_5.0,0.4392529727335831,False,bayesian_ridge,0.0
Eth7_5.0,0.5184072553279763,False,bayesian_ridge,0.0
Eth7_5.0,0.4504350140667547,False,bayesian_ridge,0.0
Eth7_5.0,0.5233852981803543,False,bayesian_ridge,0.0
Eth7_5.0,0.4655371114889873,False,bayesian_ridge,0.0
Eth7_5.0,0.48271310551863095,True,bayesian_ridge,0.07973099736645066
Eth7_5.0,0.4834771347528832,True,bayesian_ridge,0.08110166418063823
Eth7_5.0,0.48424116398713546,True,bayesian_ridge,0.08274609578291747
Eth7_5.0,0.4850051932213877,True,bayesian_ridge,0.08464833869834165
Eth7_5.0,0.48576922245563997,True,bayesian_ridge,0.08679144291973291
Eth7_5.0,0.4865332516898922,True,bayesian_ridge,0.0891580412885794
Eth7_5.0,0.4872972809241445,True,bayesian_ridge,0.09173083740689103
Eth7_5.0,0.3473359400307557,False,simple_exp,0.0
Eth7_5.0,0.6132453282429424,False,simple_exp,0.0
Eth7_5.0,0.4392529727335831,False,simple_exp,0.0
Eth7_5.0,0.5184072553279763,False,simple_exp,0.0
Eth7_5.0,0.4504350140667547,False,simple_exp,0.0
Eth7_5.0,0.5233852981803543,False,simple_exp,0.0
Eth7_5.0,0.4655371114889873,False,simple_exp,0.0
Eth7_5.0,0.4802392574445173,True,simple_exp,0.0
Eth7_5.0,0.4802392574445173,True,simple_exp,0.0
Eth7_5.0,0.4802392574445173,True,simple_exp,0.0
Eth7_5.0,0.4802392574445173,True,simple_exp,0.0
Eth7_5.0,0.4802392574445173,True,simple_exp,0.0
Eth7_5.0,0.4802392574445173,True,simple_exp,0.0
Eth7_5.0,0.4802392574445173,True,simple_exp,0.0
Eth7_5.0,0.3473359400307557,False,exp,0.0
Eth7_5.0,0.6132453282429424,False,exp,0.0
Eth7_5.0,0.4392529727335831,False,exp,0.0
Eth7_5.0,0.5184072553279763,False,exp,0.0
Eth7_5.0,0.4504350140667547,False,exp,0.0
Eth7_5.0,0.5233852981803543,False,exp,0.0
Eth7_5.0,0.4655371114889873,False,exp,0.0
Eth7_5.0,0.4796569905244393,True,exp,0.0
Eth7_5.0,0.4796569905244393,True,exp,0.0
Eth7_5.0,0.4796569905244393,True,exp,0.0
Eth7_5.0,0.4796569905244393,True,exp,0.0
Eth7_5.0,0.4796569905244393,True,exp,0.0
Eth7_5.0,0.4796569905244393,True,exp,0.0
Eth7_5.0,0.4796569905244393,True,exp,0.0
Eth7_5.0,0.3473359400307557,False,holt,0.0
Eth7_5.0,0.6132453282429424,False,holt,0.0
Eth7_5.0,0.4392529727335831,False,holt,0.0
Eth7_5.0,0.5184072553279763,False,holt,0.0
Eth7_5.0,0.4504350140667547,False,holt,0.0
Eth7_5.0,0.5233852981803543,False,holt,0.0
Eth7_5.0,0.4655371114889873,False,holt,0.0
Eth7_5.0,0.4689555614133486,True,holt,0.0
Eth7_5.0,0.4614764266177235,True,holt,0.0
Eth7_5.0,0.45549311878122345,True,holt,0.0
Eth7_5.0,0.4507064725120234,True,holt,0.0
Eth7_5.0,0.44687715549666335,True,holt,0.0
Eth7_5.0,0.4438137018843753,True,holt,0.0
Eth7_5.0,0.4413629389945449,True,holt,0.0
Eth7_6.0,0.9241108850245096,False,bayesian_ridge,0.0
Eth7_6.0,0.9080999373912176,False,bayesian_ridge,0.0
Eth7_6.0,0.6888692641900791,False,bayesian_ridge,0.0
Eth7_6.0,0.8353075255902097,False,bayesian_ridge,0.0
Eth7_6.0,1.0116008119245936,False,bayesian_ridge,0.0
Eth7_6.0,0.8010546443290426,False,bayesian_ridge,0.0
Eth7_6.0,0.6786436356481405,False,bayesian_ridge,0.0
Eth7_6.0,0.8142483199984719,True,bayesian_ridge,0.11965800409383472
Eth7_6.0,0.8089644462803116,True,bayesian_ridge,0.12358778632062803
Eth7_6.0,0.8036805725621513,True,bayesian_ridge,0.12822740267532626
Eth7_6.0,0.798396698843991,True,bayesian_ridge,0.13350286720292318
Eth7_6.0,0.7931128251258307,True,bayesian_ridge,0.13934197928569989
Eth7_6.0,0.7878289514076704,True,bayesian_ridge,0.14567697730398413
Eth7_6.0,0.7825450776895101,True,bayesian_ridge,0.15244605316933793
Eth7_6.0,0.9241108850245096,False,simple_exp,0.0
Eth7_6.0,0.9080999373912176,False,simple_exp,0.0
Eth7_6.0,0.6888692641900791,False,simple_exp,0.0
Eth7_6.0,0.8353075255902097,False,simple_exp,0.0
Eth7_6.0,1.0116008119245936,False,simple_exp,0.0
Eth7_6.0,0.8010546443290426,False,simple_exp,0.0
Eth7_6.0,0.6786436356481405,False,simple_exp,0.0
Eth7_6.0,0.8277905305155588,True,simple_exp,0.0
Eth7_6.0,0.8277905305155588,True,simple_exp,0.0
Eth7_6.0,0.8277905305155588,True,simple_exp,0.0
Eth7_6.0,0.8277905305155588,True,simple_exp,0.0
Eth7_6.0,0.8277905305155588,True,simple_exp,0.0
Eth7_6.0,0.8277905305155588,True,simple_exp,0.0
Eth7_6.0,0.8277905305155588,True,simple_exp,0.0
Eth7_6.0,0.9241108850245096,False,exp,0.0
Eth7_6.0,0.9080999373912176,False,exp,0.0
Eth7_6.0,0.6888692641900791,False,exp,0.0
Eth7_6.0,0.8353075255902097,False,exp,0.0
Eth7_6.0,1.0116008119245936,False,exp,0.0
Eth7_6.0,0.8010546443290426,False,exp,0.0
Eth7_6.0,0.6786436356481405,False,exp,0.0
Eth7_6.0,0.8353838095471549,True,exp,0.0
Eth7_6.0,0.8353838095471549,True,exp,0.0
Eth7_6.0,0.8353838095471549,True,exp,0.0
Eth7_6.0,0.8353838095471549,True,exp,0.0
Eth7_6.0,0.8353838095471549,True,exp,0.0
Eth7_6.0,0.8353838095471549,True,exp,0.0
Eth7_6.0,0.8353838095471549,True,exp,0.0
Eth7_6.0,0.9241108850245096,False,holt,0.0
Eth7_6.0,0.9080999373912176,False,holt,0.0
Eth7_6.0,0.6888692641900791,False,holt,0.0
Eth7_6.0,0.8353075255902097,False,holt,0.0
Eth7_6.0,1.0116008119245936,False,holt,0.0
Eth7_6.0,0.8010546443290426,False,holt,0.0
Eth7_6.0,0.6786436356481405,False,holt,0.0
Eth7_6.0,0.7988718997837704,True,holt,0.0
Eth7_6.0,0.7835672018014779,True,holt,0.0
Eth7_6.0,0.768339027309097,True,holt,0.0
Eth7_6.0,0.7531869936891779,True,holt,0.0
Eth7_6.0,0.7381107202373585,True,holt,0.0
Eth7_6.0,0.7231098281527981,True,holt,0.0
Eth7_6.0,0.7081839405286605,True,holt,0.0
Eth7_7.0,0.5737532270103315,False,bayesian_ridge,0.0
Eth7_7.0,0.4672723637578927,False,bayesian_ridge,0.0
Eth7_7.0,0.5142577825919155,False,bayesian_ridge,0.0
Eth7_7.0,0.4203846543287438,False,bayesian_ridge,0.0
Eth7_7.0,0.5201837661184544,False,bayesian_ridge,0.0
Eth7_7.0,0.5117149683835872,False,bayesian_ridge,0.0
Eth7_7.0,0.5990871339905276,False,bayesian_ridge,0.0
Eth7_7.0,0.5189347906249553,True,bayesian_ridge,0.05837254375212915
Eth7_7.0,0.519859420560428,True,bayesian_ridge,0.05966675963748238
Eth7_7.0,0.5207840504959007,True,bayesian_ridge,0.061211429223003926
Eth7_7.0,0.5217086804313734,True,bayesian_ridge,0.06298812943524677
Eth7_7.0,0.5226333103668461,True,bayesian_ridge,0.06497782969846594
Eth7_7.0,0.5235579403023188,True,bayesian_ridge,0.06716160194067097
Eth7_7.0,0.5244825702377915,True,bayesian_ridge,0.06952116022114632
Eth7_7.0,0.5737532270103315,False,simple_exp,0.0
Eth7_7.0,0.4672723637578927,False,simple_exp,0.0
Eth7_7.0,0.5142577825919155,False,simple_exp,0.0
Eth7_7.0,0.4203846543287438,False,simple_exp,0.0
Eth7_7.0,0.5201837661184544,False,simple_exp,0.0
Eth7_7.0,0.5117149683835872,False,simple_exp,0.0
Eth7_7.0,0.5990871339905276,False,simple_exp,0.0
Eth7_7.0,0.5561995619789839,True,simple_exp,0.0
Eth7_7.0,0.5561995619789839,True,simple_exp,0.0
Eth7_7.0,0.5561995619789839,True,simple_exp,0.0
Eth7_7.0,0.5561995619789839,True,simple_exp,0.0
Eth7_7.0,0.5561995619789839,True,simple_exp,0.0
Eth7_7.0,0.5561995619789839,True,simple_exp,0.0
Eth7_7.0,0.5561995619789839,True,simple_exp,0.0
Eth7_7.0,0.5737532270103315,False,exp,0.0
Eth7_7.0,0.4672723637578927,False,exp,0.0
Eth7_7.0,0.5142577825919155,False,exp,0.0
Eth7_7.0,0.4203846543287438,False,exp,0.0
Eth7_7.0,0.5201837661184544,False,exp,0.0
Eth7_7.0,0.5117149683835872,False,exp,0.0
Eth7_7.0,0.5990871339905276,False,exp,0.0
Eth7_7.0,0.5152362657367634,True,exp,0.0
Eth7_7.0,0.5152362657367634,True,exp,0.0
Eth7_7.0,0.5152362657367634,True,exp,0.0
Eth7_7.0,0.5152362657367634,True,exp,0.0
Eth7_7.0,0.5152362657367634,True,exp,0.0
Eth7_7.0,0.5152362657367634,True,exp,0.0
Eth7_7.0,0.5152362657367634,True,exp,0.0
Eth7_7.0,0.5737532270103315,False,holt,0.0
Eth7_7.0,0.4672723637578927,False,holt,0.0
Eth7_7.0,0.5142577825919155,False,holt,0.0
Eth7_7.0,0.4203846543287438,False,holt,0.0
Eth7_7.0,0.5201837661184544,False,holt,0.0
Eth7_7.0,0.5117149683835872,False,holt,0.0
Eth7_7.0,0.5990871339905276,False,holt,0.0
Eth7_7.0,0.6017555371659967,True,holt,0.0
Eth7_7.0,0.6300207033738497,True,holt,0.0
Eth7_7.0,0.6526328363401321,True,holt,0.0
Eth7_7.0,0.6707225427131581,True,holt,0.0
Eth7_7.0,0.6851943078115789,True,holt,0.0
Eth7_7.0,0.6967717198903155,True,holt,0.0
Eth7_7.0,0.7060336495533048,True,holt,0.0
Gend3_2.0,0.963272929723311,False,bayesian_ridge,0.0
Gend3_2.0,0.9722538519779292,False,bayesian_ridge,0.0
Gend3_2.0,0.969149882244546,False,bayesian_ridge,0.0
Gend3_2.0,1.113838950445737,False,bayesian_ridge,0.0
Gend3_2.0,1.0017412019313432,False,bayesian_ridge,0.0
Gend3_2.0,0.9182515937532104,False,bayesian_ridge,0.0
Gend3_2.0,1.0281307138442737,False,bayesian_ridge,0.0
Gend3_2.0,0.9974274387363699,True,bayesian_ridge,0.06024405332160268
Gend3_2.0,0.9979757582804498,True,bayesian_ridge,0.06139498129103412
Gend3_2.0,0.9985240778245297,True,bayesian_ridge,0.06277302055620836
Gend3_2.0,0.9990723973686096,True,bayesian_ridge,0.06436358525352119
Gend3_2.0,0.9996207169126895,True,bayesian_ridge,0.06615134706517947
Gend3_2.0,1.0001690364567695,True,bayesian_ridge,0.06812078203677473
Gend3_2.0,1.0007173560008493,True,bayesian_ridge,0.07025661383086376
Gend3_2.0,0.963272929723311,False,simple_exp,0.0
Gend3_2.0,0.9722538519779292,False,simple_exp,0.0
Gend3_2.0,0.969149882244546,False,simple_exp,0.0
Gend3_2.0,1.113838950445737,False,simple_exp,0.0
Gend3_2.0,1.0017412019313432,False,simple_exp,0.0
Gend3_2.0,0.9182515937532104,False,simple_exp,0.0
Gend3_2.0,1.0281307138442737,False,simple_exp,0.0
Gend3_2.0,0.9798888454356952,True,simple_exp,0.0
Gend3_2.0,0.9798888454356952,True,simple_exp,0.0
Gend3_2.0,0.9798888454356952,True,simple_exp,0.0
Gend3_2.0,0.9798888454356952,True,simple_exp,0.0
Gend3_2.0,0.9798888454356952,True,simple_exp,0.0
Gend3_2.0,0.9798888454356952,True,simple_exp,0.0
Gend3_2.0,0.9798888454356952,True,simple_exp,0.0
Gend3_2.0,0.963272929723311,False,exp,0.0
Gend3_2.0,0.9722538519779292,False,exp,0.0
Gend3_2.0,0.969149882244546,False,exp,0.0
Gend3_2.0,1.113838950445737,False,exp,0.0
Gend3_2.0,1.0017412019313432,False,exp,0.0
Gend3_2.0,0.9182515937532104,False,exp,0.0
Gend3_2.0,1.0281307138442737,False,exp,0.0
Gend3_2.0,0.9952341556284873,True,exp,0.0
Gend3_2.0,0.9952341556284873,True,exp,0.0
Gend3_2.0,0.9952341556284873,True,exp,0.0
Gend3_2.0,0.9952341556284873,True,exp,0.0
Gend3_2.0,0.9952341556284873,True,exp,0.0
Gend3_2.0,0.9952341556284873,True,exp,0.0
Gend3_2.0,0.9952341556284873,True,exp,0.0
Gend3_2.0,0.963272929723311,False,holt,0.0
Gend3_2.0,0.9722538519779292,False,holt,0.0
Gend3_2.0,0.969149882244546,False,holt,0.0
Gend3_2.0,1.113838950445737,False,holt,0.0
Gend3_2.0,1.0017412019313432,False,holt,0.0
Gend3_2.0,0.9182515937532104,False,holt,0.0
Gend3_2.0,1.0281307138442737,False,holt,0.0
Gend3_2.0,1.0127287825004683,True,holt,0.0
Gend3_2.0,1.0168173977485648,True,holt,0.0
Gend3_2.0,1.0205637155109124,True,holt,0.0
Gend3_2.0,1.0239963928172484,True,holt,0.0
Gend3_2.0,1.0271416875404733,True,holt,0.0
Gend3_2.0,1.0300236592532486,True,holt,0.0
Gend3_2.0,1.0326643532689497,True,holt,0.0
Gend3_3.0,2.58048823682224,False,bayesian_ridge,0.0
Gend3_3.0,0.345439791760076,False,bayesian_ridge,0.0
Gend3_3.0,0.8103282238996609,False,bayesian_ridge,0.0
Gend3_3.0,0.4436350021251827,False,bayesian_ridge,0.0
Gend3_3.0,1.2152986720895298,False,bayesian_ridge,0.0
Gend3_3.0,0.945323439576959,False,bayesian_ridge,0.0
Gend3_3.0,1.0301018854230777,True,bayesian_ridge,0.7509426534387378
Gend3_3.0,1.0224875019118784,True,bayesian_ridge,0.7583808985715265
Gend3_3.0,1.0148731184006794,True,bayesian_ridge,0.7675773482352352
Gend3_3.0,1.0072587348894801,True,bayesian_ridge,0.7784696932897587
Gend3_3.0,0.9996443513782809,True,bayesian_ridge,0.7909878765560207
Gend3_3.0,0.9920299678670818,True,bayesian_ridge,0.8050560589099929
Gend3_3.0,2.58048823682224,False,simple_exp,0.0
Gend3_3.0,0.345439791760076,False,simple_exp,0.0
Gend3_3.0,0.8103282238996609,False,simple_exp,0.0
Gend3_3.0,0.4436350021251827,False,simple_exp,0.0
Gend3_3.0,1.2152986720895298,False,simple_exp,0.0
Gend3_3.0,0.945323439576959,False,simple_exp,0.0
Gend3_3.0,0.9708646430373384,True,simple_exp,0.0
Gend3_3.0,0.9708646430373384,True,simple_exp,0.0
Gend3_3.0,0.9708646430373384,True,simple_exp,0.0
Gend3_3.0,0.9708646430373384,True,simple_exp,0.0
Gend3_3.0,0.9708646430373384,True,simple_exp,0.0
Gend3_3.0,0.9708646430373384,True,simple_exp,0.0
Gend3_3.0,2.58048823682224,False,exp,0.0
Gend3_3.0,0.345439791760076,False,exp,0.0
Gend3_3.0,0.8103282238996609,False,exp,0.0
Gend3_3.0,0.4436350021251827,False,exp,0.0
Gend3_3.0,1.2152986720895298,False,exp,0.0
Gend3_3.0,0.945323439576959,False,exp,0.0
Gend3_3.0,1.0567522245154877,True,exp,0.0
Gend3_3.0,1.0567522245154877,True,exp,0.0
Gend3_3.0,1.0567522245154877,True,exp,0.0
Gend3_3.0,1.0567522245154877,True,exp,0.0
Gend3_3.0,1.0567522245154877,True,exp,0.0
Gend3_3.0,1.0567522245154877,True,exp,0.0
Gend3_3.0,2.58048823682224,False,holt,0.0
Gend3_3.0,0.345439791760076,False,holt,0.0
Gend3_3.0,0.8103282238996609,False,holt,0.0
Gend3_3.0,0.4436350021251827,False,holt,0.0
Gend3_3.0,1.2152986720895298,False,holt,0.0
Gend3_3.0,0.945323439576959,False,holt,0.0
Gend3_3.0,1.1203883846268208,True,holt,0.0
Gend3_3.0,1.2375549241322088,True,holt,0.0
Gend3_3.0,1.3312881557365193,True,holt,0.0
Gend3_3.0,1.4062747410199676,True,holt,0.0
Gend3_3.0,1.4662640092467263,True,holt,0.0
Gend3_3.0,1.5142554238281334,True,holt,0.0
HHLiv12_10.0,0.990173444858254,False,bayesian_ridge,0.0
HHLiv12_10.0,1.093622805372118,False,bayesian_ridge,0.0
HHLiv12_10.0,0.983788212425432,False,bayesian_ridge,0.0
HHLiv12_10.0,0.9593338237522978,False,bayesian_ridge,0.0
HHLiv12_10.0,0.8720718300855402,False,bayesian_ridge,0.0
HHLiv12_10.0,0.7627974364794223,False,bayesian_ridge,0.0
HHLiv12_10.0,0.8184884429123542,False,bayesian_ridge,0.0
HHLiv12_10.0,0.7512453008647845,True,bayesian_ridge,0.0689150587587437
HHLiv12_10.0,0.7076181976565014,True,bayesian_ridge,0.07541904031974364
HHLiv12_10.0,0.6639910944482182,True,bayesian_ridge,0.0826764068818845
HHLiv12_10.0,0.6203639912399351,True,bayesian_ridge,0.09050610565130127
HHLiv12_10.0,0.5767368880316519,True,bayesian_ridge,0.09877212338786624
HHLiv12_10.0,0.5331097848233688,True,bayesian_ridge,0.10737373910807532
HHLiv12_10.0,0.4894826816150857,True,bayesian_ridge,0.11623647291047659
HHLiv12_10.0,0.990173444858254,False,simple_exp,0.0
HHLiv12_10.0,1.093622805372118,False,simple_exp,0.0
HHLiv12_10.0,0.983788212425432,False,simple_exp,0.0
HHLiv12_10.0,0.9593338237522978,False,simple_exp,0.0
HHLiv12_10.0,0.8720718300855402,False,simple_exp,0.0
HHLiv12_10.0,0.7627974364794223,False,simple_exp,0.0
HHLiv12_10.0,0.8184884429123542,False,simple_exp,0.0
HHLiv12_10.0,0.8156538698559896,True,simple_exp,0.0
HHLiv12_10.0,0.8156538698559896,True,simple_exp,0.0
HHLiv12_10.0,0.8156538698559896,True,simple_exp,0.0
HHLiv12_10.0,0.8156538698559896,True,simple_exp,0.0
HHLiv12_10.0,0.8156538698559896,True,simple_exp,0.0
HHLiv12_10.0,0.8156538698559896,True,simple_exp,0.0
HHLiv12_10.0,0.8156538698559896,True,simple_exp,0.0
HHLiv12_10.0,0.990173444858254,False,exp,0.0
HHLiv12_10.0,1.093622805372118,False,exp,0.0
HHLiv12_10.0,0.983788212425432,False,exp,0.0
HHLiv12_10.0,0.9593338237522978,False,exp,0.0
HHLiv12_10.0,0.8720718300855402,False,exp,0.0
HHLiv12_10.0,0.7627974364794223,False,exp,0.0
HHLiv12_10.0,0.8184884429123542,False,exp,0.0
HHLiv12_10.0,0.8152194192402187,True,exp,0.0
HHLiv12_10.0,0.8152194192402187,True,exp,0.0
HHLiv12_10.0,0.8152194192402187,True,exp,0.0
HHLiv12_10.0,0.8152194192402187,True,exp,0.0
HHLiv12_10.0,0.8152194192402187,True,exp,0.0
HHLiv12_10.0,0.8152194192402187,True,exp,0.0
HHLiv12_10.0,0.8152194192402187,True,exp,0.0
HHLiv12_10.0,0.990173444858254,False,holt,0.0
HHLiv12_10.0,1.093622805372118,False,holt,0.0
HHLiv12_10.0,0.983788212425432,False,holt,0.0
HHLiv12_10.0,0.9593338237522978,False,holt,0.0
HHLiv12_10.0,0.8720718300855402,False,holt,0.0
HHLiv12_10.0,0.7627974364794223,False,holt,0.0
HHLiv12_10.0,0.8184884429123542,False,holt,0.0
HHLiv12_10.0,0.773296608178368,True,holt,0.0
HHLiv12_10.0,0.7617951632422119,True,holt,0.0
HHLiv12_10.0,0.752594007293287,True,holt,0.0
HHLiv12_10.0,0.7452330825341471,True,holt,0.0
HHLiv12_10.0,0.7393443427268351,True,holt,0.0
HHLiv12_10.0,0.7346333508809857,True,holt,0.0
HHLiv12_10.0,0.730864557404306,True,holt,0.0
HHLiv12_11.0,0.8356232329706362,False,bayesian_ridge,0.0
HHLiv12_11.0,0.7262094918704362,False,bayesian_ridge,0.0
HHLiv12_11.0,1.0547037038576386,False,bayesian_ridge,0.0
HHLiv12_11.0,0.9153226512388134,False,bayesian_ridge,0.0
HHLiv12_11.0,0.800270079927584,False,bayesian_ridge,0.0
HHLiv12_11.0,0.8808673488309171,False,bayesian_ridge,0.0
HHLiv12_11.0,0.7089997775641931,False,bayesian_ridge,0.0
HHLiv12_11.0,0.8423930369541553,True,bayesian_ridge,0.11279273580319069
HHLiv12_11.0,0.8414914288262578,True,bayesian_ridge,0.11413305725055088
HHLiv12_11.0,0.8405898206983603,True,bayesian_ridge,0.11575015305845335
HHLiv12_11.0,0.8396882125704628,True,bayesian_ridge,0.11763260932692911
HHLiv12_11.0,0.8387866044425653,True,bayesian_ridge,0.11976791427330268
HHLiv12_11.0,0.8378849963146676,True,bayesian_ridge,0.12214280768838226
HHLiv12_11.0,0.8369833881867701,True,bayesian_ridge,0.12474360632486854
HHLiv12_11.0,0.8356232329706362,False,simple_exp,0.0
HHLiv12_11.0,0.7262094918704362,False,simple_exp,0.0
HHLiv12_11.0,1.0547037038576386,False,simple_exp,0.0
HHLiv12_11.0,0.9153226512388134,False,simple_exp,0.0
HHLiv12_11.0,0.800270079927584,False,simple_exp,0.0
HHLiv12_11.0,0.8808673488309171,False,simple_exp,0.0
HHLiv12_11.0,0.7089997775641931,False,simple_exp,0.0
HHLiv12_11.0,0.8356232340529619,True,simple_exp,0.0
HHLiv12_11.0,0.8356232340529619,True,simple_exp,0.0
HHLiv12_11.0,0.8356232340529619,True,simple_exp,0.0
HHLiv12_11.0,0.8356232340529619,True,simple_exp,0.0
HHLiv12_11.0,0.8356232340529619,True,simple_exp,0.0
HHLiv12_11.0,0.8356232340529619,True,simple_exp,0.0
HHLiv12_11.0,0.8356232340529619,True,simple_exp,0.0
HHLiv12_11.0,0.8356232329706362,False,exp,0.0
HHLiv12_11.0,0.7262094918704362,False,exp,0.0
HHLiv12_11.0,1.0547037038576386,False,exp,0.0
HHLiv12_11.0,0.9153226512388134,False,exp,0.0
HHLiv12_11.0,0.800270079927584,False,exp,0.0
HHLiv12_11.0,0.8808673488309171,False,exp,0.0
HHLiv12_11.0,0.7089997775641931,False,exp,0.0
HHLiv12_11.0,0.8459994641632015,True,exp,0.0
HHLiv12_11.0,0.8459994641632015,True,exp,0.0
HHLiv12_11.0,0.8459994641632015,True,exp,0.0
HHLiv12_11.0,0.8459994641632015,True,exp,0.0
HHLiv12_11.0,0.8459994641632015,True,exp,0.0
HHLiv12_11.0,0.8459994641632015,True,exp,0.0
HHLiv12_11.0,0.8459994641632015,True,exp,0.0
HHLiv12_11.0,0.8356232329706362,False,holt,0.0
HHLiv12_11.0,0.7262094918704362,False,holt,0.0
HHLiv12_11.0,1.0547037038576386,False,holt,0.0
HHLiv12_11.0,0.9153226512388134,False,holt,0.0
HHLiv12_11.0,0.800270079927584,False,holt,0.0
HHLiv12_11.0,0.8808673488309171,False,holt,0.0
HHLiv12_11.0,0.7089997775641931,False,holt,0.0
HHLiv12_11.0,0.7336726628744776,True,holt,0.0
HHLiv12_11.0,0.7193851572590613,True,holt,0.0
HHLiv12_11.0,0.7079551527667282,True,holt,0.0
HHLiv12_11.0,0.6988111491728617,True,holt,0.0
HHLiv12_11.0,0.6914959462977684,True,holt,0.0
HHLiv12_11.0,0.6856437839976939,True,holt,0.0
HHLiv12_11.0,0.6809620541576342,True,holt,0.0
HHLiv12_12.0,0.6379233329098752,False,bayesian_ridge,0.0
HHLiv12_12.0,0.7638707775912491,False,bayesian_ridge,0.0
HHLiv12_12.0,0.8455528735948238,False,bayesian_ridge,0.0
HHLiv12_12.0,0.562036858749827,False,bayesian_ridge,0.0
HHLiv12_12.0,0.6017904875942102,False,bayesian_ridge,0.0
HHLiv12_12.0,0.7144295763077538,False,bayesian_ridge,0.0
HHLiv12_12.0,0.495985650040865,False,bayesian_ridge,0.0
HHLiv12_12.0,0.606910618096312,True,bayesian_ridge,0.11959997962813747
HHLiv12_12.0,0.5935815027350826,True,bayesian_ridge,0.1266967084048319
HHLiv12_12.0,0.5802523873738533,True,bayesian_ridge,0.13486429888134888
HHLiv12_12.0,0.566923272012624,True,bayesian_ridge,0.14392054996930523
HHLiv12_12.0,0.5535941566513947,True,bayesian_ridge,0.15370846656169418
HHLiv12_12.0,0.5402650412901654,True,bayesian_ridge,0.1640971757240152
HHLiv12_12.0,0.526935925928936,True,bayesian_ridge,0.17497970129995044
HHLiv12_12.0,0.6379233329098752,False,simple_exp,0.0
HHLiv12_12.0,0.7638707775912491,False,simple_exp,0.0
HHLiv12_12.0,0.8455528735948238,False,simple_exp,0.0
HHLiv12_12.0,0.562036858749827,False,simple_exp,0.0
HHLiv12_12.0,0.6017904875942102,False,simple_exp,0.0
HHLiv12_12.0,0.7144295763077538,False,simple_exp,0.0
HHLiv12_12.0,0.495985650040865,False,simple_exp,0.0
HHLiv12_12.0,0.637923335236337,True,simple_exp,0.0
HHLiv12_12.0,0.637923335236337,True,simple_exp,0.0
HHLiv12_12.0,0.637923335236337,True,simple_exp,0.0
HHLiv12_12.0,0.637923335236337,True,simple_exp,0.0
HHLiv12_12.0,0.637923335236337,True,simple_exp,0.0
HHLiv12_12.0,0.637923335236337,True,simple_exp,0.0
HHLiv12_12.0,0.637923335236337,True,simple_exp,0.0
HHLiv12_12.0,0.6379233329098752,False,exp,0.0
HHLiv12_12.0,0.7638707775912491,False,exp,0.0
HHLiv12_12.0,0.8455528735948238,False,exp,0.0
HHLiv12_12.0,0.562036858749827,False,exp,0.0
HHLiv12_12.0,0.6017904875942102,False,exp,0.0
HHLiv12_12.0,0.7144295763077538,False,exp,0.0
HHLiv12_12.0,0.495985650040865,False,exp,0.0
HHLiv12_12.0,0.6602270737838082,True,exp,0.0
HHLiv12_12.0,0.6602270737838082,True,exp,0.0
HHLiv12_12.0,0.6602270737838082,True,exp,0.0
HHLiv12_12.0,0.6602270737838082,True,exp,0.0
HHLiv12_12.0,0.6602270737838082,True,exp,0.0
HHLiv12_12.0,0.6602270737838082,True,exp,0.0
HHLiv12_12.0,0.6602270737838082,True,exp,0.0
HHLiv12_12.0,0.6379233329098752,False,holt,0.0
HHLiv12_12.0,0.7638707775912491,False,holt,0.0
HHLiv12_12.0,0.8455528735948238,False,holt,0.0
HHLiv12_12.0,0.562036858749827,False,holt,0.0
HHLiv12_12.0,0.6017904875942102,False,holt,0.0
HHLiv12_12.0,0.7144295763077538,False,holt,0.0
HHLiv12_12.0,0.495985650040865,False,holt,0.0
HHLiv12_12.0,0.5368612190767595,True,holt,0.0
HHLiv12_12.0,0.5059226130874489,True,holt,0.0
HHLiv12_12.0,0.4811717282960004,True,holt,0.0
HHLiv12_12.0,0.4613710204628416,True,holt,0.0
HHLiv12_12.0,0.44553045419631454,True,holt,0.0
HHLiv12_12.0,0.4328580011830929,True,holt,0.0
HHLiv12_12.0,0.4227200387725156,True,holt,0.0
HHLiv12_2.0,1.3451252114894672,False,bayesian_ridge,0.0
HHLiv12_2.0,1.137374443381172,False,bayesian_ridge,0.0
HHLiv12_2.0,1.3084289618147935,False,bayesian_ridge,0.0
HHLiv12_2.0,1.514059573464679,False,bayesian_ridge,0.0
HHLiv12_2.0,0.9883285581685076,False,bayesian_ridge,0.0
HHLiv12_2.0,1.1154040800473533,False,bayesian_ridge,0.0
HHLiv12_2.0,1.2958501957337112,False,bayesian_ridge,0.0
HHLiv12_2.0,1.2394131320815185,True,bayesian_ridge,0.16456630092269586
HHLiv12_2.0,1.2383888785269095,True,bayesian_ridge,0.16599597003154284
HHLiv12_2.0,1.2373646249723005,True,bayesian_ridge,0.16772679503058444
HHLiv12_2.0,1.2363403714176915,True,bayesian_ridge,0.16974956410234385
HHLiv12_2.0,1.2353161178630825,True,bayesian_ridge,0.17205398074972006
HHLiv12_2.0,1.2342918643084733,True,bayesian_ridge,0.17462889539792542
HHLiv12_2.0,1.2332676107538643,True,bayesian_ridge,0.17746253396466352
HHLiv12_2.0,1.3451252114894672,False,simple_exp,0.0
HHLiv12_2.0,1.137374443381172,False,simple_exp,0.0
HHLiv12_2.0,1.3084289618147935,False,simple_exp,0.0
HHLiv12_2.0,1.514059573464679,False,simple_exp,0.0
HHLiv12_2.0,0.9883285581685076,False,simple_exp,0.0
HHLiv12_2.0,1.1154040800473533,False,simple_exp,0.0
HHLiv12_2.0,1.2958501957337112,False,simple_exp,0.0
HHLiv12_2.0,1.2748742794232266,True,simple_exp,0.0
HHLiv12_2.0,1.2748742794232266,True,simple_exp,0.0
HHLiv12_2.0,1.2748742794232266,True,simple_exp,0.0
HHLiv12_2.0,1.2748742794232266,True,simple_exp,0.0
HHLiv12_2.0,1.2748742794232266,True,simple_exp,0.0
HHLiv12_2.0,1.2748742794232266,True,simple_exp,0.0
HHLiv12_2.0,1.2748742794232266,True,simple_exp,0.0
HHLiv12_2.0,1.3451252114894672,False,exp,0.0
HHLiv12_2.0,1.137374443381172,False,exp,0.0
HHLiv12_2.0,1.3084289618147935,False,exp,0.0
HHLiv12_2.0,1.514059573464679,False,exp,0.0
HHLiv12_2.0,0.9883285581685076,False,exp,0.0
HHLiv12_2.0,1.1154040800473533,False,exp,0.0
HHLiv12_2.0,1.2958501957337112,False,exp,0.0
HHLiv12_2.0,1.2435101412830525,True,exp,0.0
HHLiv12_2.0,1.2435101412830525,True,exp,0.0
HHLiv12_2.0,1.2435101412830525,True,exp,0.0
HHLiv12_2.0,1.2435101412830525,True,exp,0.0
HHLiv12_2.0,1.2435101412830525,True,exp,0.0
HHLiv12_2.0,1.2435101412830525,True,exp,0.0
HHLiv12_2.0,1.2435101412830525,True,exp,0.0
HHLiv12_2.0,1.3451252114894672,False,holt,0.0
HHLiv12_2.0,1.137374443381172,False,holt,0.0
HHLiv12_2.0,1.3084289618147935,False,holt,0.0
HHLiv12_2.0,1.514059573464679,False,holt,0.0
HHLiv12_2.0,0.9883285581685076,False,holt,0.0
HHLiv12_2.0,1.1154040800473533,False,holt,0.0
HHLiv12_2.0,1.2958501957337112,False,holt,0.0
HHLiv12_2.0,1.187433368677694,True,holt,0.0
HHLiv12_2.0,1.1914207043557348,True,holt,0.0
HHLiv12_2.0,1.1946105728981675,True,holt,0.0
HHLiv12_2.0,1.1971624677321138,True,holt,0.0
HHLiv12_2.0,1.1992039835992707,True,holt,0.0
HHLiv12_2.0,1.2008371962929962,True,holt,0.0
HHLiv12_2.0,1.2021437664479766,True,holt,0.0
HHLiv12_3.0,0.7414898279124317,False,bayesian_ridge,0.0
HHLiv12_3.0,0.77360554420675,False,bayesian_ridge,0.0
HHLiv12_3.0,0.7350341367738992,False,bayesian_ridge,0.0
HHLiv12_3.0,0.6355589490234862,False,bayesian_ridge,0.0
HHLiv12_3.0,1.1525675221456408,False,bayesian_ridge,0.0
HHLiv12_3.0,0.6281649199469662,False,bayesian_ridge,0.0
HHLiv12_3.0,0.7087105340914598,False,bayesian_ridge,0.0
HHLiv12_3.0,0.7678954898789685,True,bayesian_ridge,0.1705048022779433
HHLiv12_3.0,0.7679003825594023,True,bayesian_ridge,0.17063696941129602
HHLiv12_3.0,0.7679052752398361,True,bayesian_ridge,0.17079836812881163
HHLiv12_3.0,0.7679101679202699,True,bayesian_ridge,0.170988915654264
HHLiv12_3.0,0.7679150606007036,True,bayesian_ridge,0.17120851466366796
HHLiv12_3.0,0.7679199532811374,True,bayesian_ridge,0.17145705353125676
HHLiv12_3.0,0.7679248459615712,True,bayesian_ridge,0.17173440660934416
HHLiv12_3.0,0.7414898279124317,False,simple_exp,0.0
HHLiv12_3.0,0.77360554420675,False,simple_exp,0.0
HHLiv12_3.0,0.7350341367738992,False,simple_exp,0.0
HHLiv12_3.0,0.6355589490234862,False,simple_exp,0.0
HHLiv12_3.0,1.1525675221456408,False,simple_exp,0.0
HHLiv12_3.0,0.6281649199469662,False,simple_exp,0.0
HHLiv12_3.0,0.7087105340914598,False,simple_exp,0.0
HHLiv12_3.0,0.7414898306647154,True,simple_exp,0.0
HHLiv12_3.0,0.7414898306647154,True,simple_exp,0.0
HHLiv12_3.0,0.7414898306647154,True,simple_exp,0.0
HHLiv12_3.0,0.7414898306647154,True,simple_exp,0.0
HHLiv12_3.0,0.7414898306647154,True,simple_exp,0.0
HHLiv12_3.0,0.7414898306647154,True,simple_exp,0.0
HHLiv12_3.0,0.7414898306647154,True,simple_exp,0.0
HHLiv12_3.0,0.7414898279124317,False,exp,0.0
HHLiv12_3.0,0.77360554420675,False,exp,0.0
HHLiv12_3.0,0.7350341367738992,False,exp,0.0
HHLiv12_3.0,0.6355589490234862,False,exp,0.0
HHLiv12_3.0,1.1525675221456408,False,exp,0.0
HHLiv12_3.0,0.6281649199469662,False,exp,0.0
HHLiv12_3.0,0.7087105340914598,False,exp,0.0
HHLiv12_3.0,0.7678759145640949,True,exp,0.0
HHLiv12_3.0,0.7678759145640949,True,exp,0.0
HHLiv12_3.0,0.7678759145640949,True,exp,0.0
HHLiv12_3.0,0.7678759145640949,True,exp,0.0
HHLiv12_3.0,0.7678759145640949,True,exp,0.0
HHLiv12_3.0,0.7678759145640949,True,exp,0.0
HHLiv12_3.0,0.7678759145640949,True,exp,0.0
HHLiv12_3.0,0.7414898279124317,False,holt,0.0
HHLiv12_3.0,0.77360554420675,False,holt,0.0
HHLiv12_3.0,0.7350341367738992,False,holt,0.0
HHLiv12_3.0,0.6355589490234862,False,holt,0.0
HHLiv12_3.0,1.1525675221456408,False,holt,0.0
HHLiv12_3.0,0.6281649199469662,False,holt,0.0
HHLiv12_3.0,0.7087105340914598,False,holt,0.0
HHLiv12_3.0,0.8484001961228854,True,holt,0.0
HHLiv12_3.0,0.8527106945970014,True,holt,0.0
HHLiv12_3.0,0.8561590933762941,True,holt,0.0
HHLiv12_3.0,0.8589178123997284,True,holt,0.0
HHLiv12_3.0,0.8611247876184758,True,holt,0.0
HHLiv12_3.0,0.8628903677934736,True,holt,0.0
HHLiv12_3.0,0.8643028319334719,True,holt,0.0
HHLiv12_4.0,0.933001957883281,False,bayesian_ridge,0.0
HHLiv12_4.0,0.944425963346425,False,bayesian_ridge,0.0
HHLiv12_4.0,0.843488521518543,False,bayesian_ridge,0.0
HHLiv12_4.0,0.7423932930207546,False,bayesian_ridge,0.0
HHLiv12_4.0,0.7860801015168825,False,bayesian_ridge,0.0
HHLiv12_4.0,0.6854222488083321,False,bayesian_ridge,0.0
HHLiv12_4.0,0.8989999204165143,False,bayesian_ridge,0.0
HHLiv12_4.0,0.7772120556875173,True,bayesian_ridge,0.09714423165250856
HHLiv12_4.0,0.7631646408054418,True,bayesian_ridge,0.10372778017638401
HHLiv12_4.0,0.7491172259233664,True,bayesian_ridge,0.1112464873000922
HHLiv12_4.0,0.735069811041291,True,bayesian_ridge,0.1195240034981436
HHLiv12_4.0,0.7210223961592155,True,bayesian_ridge,0.12841367453337765
HHLiv12_4.0,0.7069749812771401,True,bayesian_ridge,0.137797075881274
HHLiv12_4.0,0.6929275663950647,True,bayesian_ridge,0.14758006083146952
HHLiv12_4.0,0.933001957883281,False,simple_exp,0.0
HHLiv12_4.0,0.944425963346425,False,simple_exp,0.0
HHLiv12_4.0,0.843488521518543,False,simple_exp,0.0
HHLiv12_4.0,0.7423932930207546,False,simple_exp,0.0
HHLiv12_4.0,0.7860801015168825,False,simple_exp,0.0
HHLiv12_4.0,0.6854222488083321,False,simple_exp,0.0
HHLiv12_4.0,0.8989999204165143,False,simple_exp,0.0
HHLiv12_4.0,0.828035340523877,True,simple_exp,0.0
HHLiv12_4.0,0.828035340523877,True,simple_exp,0.0
HHLiv12_4.0,0.828035340523877,True,simple_exp,0.0
HHLiv12_4.0,0.828035340523877,True,simple_exp,0.0
HHLiv12_4.0,0.828035340523877,True,simple_exp,0.0
HHLiv12_4.0,0.828035340523877,True,simple_exp,0.0
HHLiv12_4.0,0.828035340523877,True,simple_exp,0.0
HHLiv12_4.0,0.933001957883281,False,exp,0.0
HHLiv12_4.0,0.944425963346425,False,exp,0.0
HHLiv12_4.0,0.843488521518543,False,exp,0.0
HHLiv12_4.0,0.7423932930207546,False,exp,0.0
HHLiv12_4.0,0.7860801015168825,False,exp,0.0
HHLiv12_4.0,0.6854222488083321,False,exp,0.0
HHLiv12_4.0,0.8989999204165143,False,exp,0.0
HHLiv12_4.0,0.8334017103738727,True,exp,0.0
HHLiv12_4.0,0.8334017103738727,True,exp,0.0
HHLiv12_4.0,0.8334017103738727,True,exp,0.0
HHLiv12_4.0,0.8334017103738727,True,exp,0.0
HHLiv12_4.0,0.8334017103738727,True,exp,0.0
HHLiv12_4.0,0.8334017103738727,True,exp,0.0
HHLiv12_4.0,0.8334017103738727,True,exp,0.0
HHLiv12_4.0,0.933001957883281,False,holt,0.0
HHLiv12_4.0,0.944425963346425,False,holt,0.0
HHLiv12_4.0,0.843488521518543,False,holt,0.0
HHLiv12_4.0,0.7423932930207546,False,holt,0.0
HHLiv12_4.0,0.7860801015168825,False,holt,0.0
HHLiv12_4.0,0.6854222488083321,False,holt,0.0
HHLiv12_4.0,0.8989999204165143,False,holt,0.0
HHLiv12_4.0,0.8445900104195664,True,holt,0.0
HHLiv12_4.0,0.8461233144774891,True,holt,0.0
HHLiv12_4.0,0.8473499577238274,True,holt,0.0
HHLiv12_4.0,0.848331272320898,True,holt,0.0
HHLiv12_4.0,0.8491163239985544,True,holt,0.0
HHLiv12_4.0,0.8497443653406795,True,holt,0.0
HHLiv12_4.0,0.8502467984143797,True,holt,0.0
HHLiv12_5.0,1.0084407571684515,False,bayesian_ridge,0.0
HHLiv12_5.0,1.238046372260876,False,bayesian_ridge,0.0
HHLiv12_5.0,1.18980402653879,False,bayesian_ridge,0.0
HHLiv12_5.0,1.180606409567463,False,bayesian_ridge,0.0
HHLiv12_5.0,1.114620256622402,False,bayesian_ridge,0.0
HHLiv12_5.0,1.1200517676348665,False,bayesian_ridge,0.0
HHLiv12_5.0,1.0767774248976707,False,bayesian_ridge,0.0
HHLiv12_5.0,1.1313636630442678,True,bayesian_ridge,0.07370761940850287
HHLiv12_5.0,1.1310493282806733,True,bayesian_ridge,0.07463938372901655
HHLiv12_5.0,1.130734993517079,True,bayesian_ridge,0.07576264641144576
HHLiv12_5.0,1.1304206587534844,True,bayesian_ridge,0.07706903478261444
HHLiv12_5.0,1.13010632398989,True,bayesian_ridge,0.0785494124524278
HHLiv12_5.0,1.1297919892262955,True,bayesian_ridge,0.08019414451292006
HHLiv12_5.0,1.1294776544627012,True,bayesian_ridge,0.08199334104021071
HHLiv12_5.0,1.0084407571684515,False,simple_exp,0.0
HHLiv12_5.0,1.238046372260876,False,simple_exp,0.0
HHLiv12_5.0,1.18980402653879,False,simple_exp,0.0
HHLiv12_5.0,1.180606409567463,False,simple_exp,0.0
HHLiv12_5.0,1.114620256622402,False,simple_exp,0.0
HHLiv12_5.0,1.1200517676348665,False,simple_exp,0.0
HHLiv12_5.0,1.0767774248976707,False,simple_exp,0.0
HHLiv12_5.0,1.0851181656304767,True,simple_exp,0.0
HHLiv12_5.0,1.0851181656304767,True,simple_exp,0.0
HHLiv12_5.0,1.0851181656304767,True,simple_exp,0.0
HHLiv12_5.0,1.0851181656304767,True,simple_exp,0.0
HHLiv12_5.0,1.0851181656304767,True,simple_exp,0.0
HHLiv12_5.0,1.0851181656304767,True,simple_exp,0.0
HHLiv12_5.0,1.0851181656304767,True,simple_exp,0.0
HHLiv12_5.0,1.0084407571684515,False,exp,0.0
HHLiv12_5.0,1.238046372260876,False,exp,0.0
HHLiv12_5.0,1.18980402653879,False,exp,0.0
HHLiv12_5.0,1.180606409567463,False,exp,0.0
HHLiv12_5.0,1.114620256622402,False,exp,0.0
HHLiv12_5.0,1.1200517676348665,False,exp,0.0
HHLiv12_5.0,1.0767774248976707,False,exp,0.0
HHLiv12_5.0,1.1326209967428504,True,exp,0.0
HHLiv12_5.0,1.1326209967428504,True,exp,0.0
HHLiv12_5.0,1.1326209967428504,True,exp,0.0
HHLiv12_5.0,1.1326209967428504,True,exp,0.0
HHLiv12_5.0,1.1326209967428504,True,exp,0.0
HHLiv12_5.0,1.1326209967428504,True,exp,0.0
HHLiv12_5.0,1.1326209967428504,True,exp,0.0
HHLiv12_5.0,1.0084407571684515,False,holt,0.0
HHLiv12_5.0,1.238046372260876,False,holt,0.0
HHLiv12_5.0,1.18980402653879,False,holt,0.0
HHLiv12_5.0,1.180606409567463,False,holt,0.0
HHLiv12_5.0,1.114620256622402,False,holt,0.0
HHLiv12_5.0,1.1200517676348665,False,holt,0.0
HHLiv12_5.0,1.0767774248976707,False,holt,0.0
HHLiv12_5.0,1.057151059077339,True,holt,0.0
HHLiv12_5.0,1.0370223431669268,True,holt,0.0
HHLiv12_5.0,1.020919370438597,True,holt,0.0
HHLiv12_5.0,1.0080369922559334,True,holt,0.0
HHLiv12_5.0,0.9977310897098024,True,holt,0.0
HHLiv12_5.0,0.9894863676728975,True,holt,0.0
HHLiv12_5.0,0.9828905900433738,True,holt,0.0
HHLiv12_6.0,0.7298591850590036,False,bayesian_ridge,0.0
HHLiv12_6.0,0.7922296043065857,False,bayesian_ridge,0.0
HHLiv12_6.0,0.754433423585054,False,bayesian_ridge,0.0
HHLiv12_6.0,0.779837423539678,False,bayesian_ridge,0.0
HHLiv12_6.0,0.6697632395451323,False,bayesian_ridge,0.0
HHLiv12_6.0,0.7328224742550199,False,bayesian_ridge,0.0
HHLiv12_6.0,0.7112814895493685,False,bayesian_ridge,0.0
HHLiv12_6.0,0.7193068410716951,True,bayesian_ridge,0.04136775249817238
HHLiv12_6.0,0.7144825927739101,True,bayesian_ridge,0.04395633071317258
HHLiv12_6.0,0.7096583444761253,True,bayesian_ridge,0.046926632785262025
HHLiv12_6.0,0.7048340961783405,True,bayesian_ridge,0.050210960069900445
HHLiv12_6.0,0.7000098478805555,True,bayesian_ridge,0.053751780896084955
HHLiv12_6.0,0.6951855995827707,True,bayesian_ridge,0.057501731970798824
HHLiv12_6.0,0.6903613512849858,True,bayesian_ridge,0.06142252194076478
HHLiv12_6.0,0.7298591850590036,False,simple_exp,0.0
HHLiv12_6.0,0.7922296043065857,False,simple_exp,0.0
HHLiv12_6.0,0.754433423585054,False,simple_exp,0.0
HHLiv12_6.0,0.779837423539678,False,simple_exp,0.0
HHLiv12_6.0,0.6697632395451323,False,simple_exp,0.0
HHLiv12_6.0,0.7328224742550199,False,simple_exp,0.0
HHLiv12_6.0,0.7112814895493685,False,simple_exp,0.0
HHLiv12_6.0,0.7298591859711413,True,simple_exp,0.0
HHLiv12_6.0,0.7298591859711413,True,simple_exp,0.0
HHLiv12_6.0,0.7298591859711413,True,simple_exp,0.0
HHLiv12_6.0,0.7298591859711413,True,simple_exp,0.0
HHLiv12_6.0,0.7298591859711413,True,simple_exp,0.0
HHLiv12_6.0,0.7298591859711413,True,simple_exp,0.0
HHLiv12_6.0,0.7298591859711413,True,simple_exp,0.0
HHLiv12_6.0,0.7298591850590036,False,exp,0.0
HHLiv12_6.0,0.7922296043065857,False,exp,0.0
HHLiv12_6.0,0.754433423585054,False,exp,0.0
HHLiv12_6.0,0.779837423539678,False,exp,0.0
HHLiv12_6.0,0.6697632395451323,False,exp,0.0
HHLiv12_6.0,0.7328224742550199,False,exp,0.0
HHLiv12_6.0,0.7112814895493685,False,exp,0.0
HHLiv12_6.0,0.7386038291129515,True,exp,0.0
HHLiv12_6.0,0.7386038291129515,True,exp,0.0
HHLiv12_6.0,0.7386038291129515,True,exp,0.0
HHLiv12_6.0,0.7386038291129515,True,exp,0.0
HHLiv12_6.0,0.7386038291129515,True,exp,0.0
HHLiv12_6.0,0.7386038291129515,True,exp,0.0
HHLiv12_6.0,0.7386038291129515,True,exp,0.0
HHLiv12_6.0,0.7298591850590036,False,holt,0.0
HHLiv12_6.0,0.7922296043065857,False,holt,0.0
HHLiv12_6.0,0.754433423585054,False,holt,0.0
HHLiv12_6.0,0.779837423539678,False,holt,0.0
HHLiv12_6.0,0.6697632395451323,False,holt,0.0
HHLiv12_6.0,0.7328224742550199,False,holt,0.0
HHLiv12_6.0,0.7112814895493685,False,holt,0.0
HHLiv12_6.0,0.7006957874957711,True,holt,0.0
HHLiv12_6.0,0.6945942596378685,True,holt,0.0
HHLiv12_6.0,0.6897130373515463,True,holt,0.0
HHLiv12_6.0,0.6858080595224886,True,holt,0.0
HHLiv12_6.0,0.6826840772592425,True,holt,0.0
HHLiv12_6.0,0.6801848914486456,True,holt,0.0
HHLiv12_6.0,0.678185542800168,True,holt,0.0
HHLiv12_7.0,1.0002501950228897,False,bayesian_ridge,0.0
HHLiv12_7.0,1.0407892290934069,False,bayesian_ridge,0.0
HHLiv12_7.0,0.9953565431000956,False,bayesian_ridge,0.0
HHLiv12_7.0,1.1374225060694696,False,bayesian_ridge,0.0
HHLiv12_7.0,0.7875256971000599,False,bayesian_ridge,0.0
HHLiv12_7.0,1.0985464932210702,False,bayesian_ridge,0.0
HHLiv12_7.0,1.0744954083499811,False,bayesian_ridge,0.0
HHLiv12_7.0,1.0202058236310079,True,bayesian_ridge,0.10811156835268003
HHLiv12_7.0,1.020457776968868,True,bayesian_ridge,0.10901943582057425
HHLiv12_7.0,1.020709730306728,True,bayesian_ridge,0.11011888747283188
HHLiv12_7.0,1.0209616836445883,True,bayesian_ridge,0.11140425120492448
HHLiv12_7.0,1.0212136369824483,True,bayesian_ridge,0.11286917564801924
HHLiv12_7.0,1.0214655903203083,True,bayesian_ridge,0.11450676946388245
HHLiv12_7.0,1.0217175436581685,True,bayesian_ridge,0.11630973953759775
HHLiv12_7.0,1.0002501950228897,False,simple_exp,0.0
HHLiv12_7.0,1.0407892290934069,False,simple_exp,0.0
HHLiv12_7.0,0.9953565431000956,False,simple_exp,0.0
HHLiv12_7.0,1.1374225060694696,False,simple_exp,0.0
HHLiv12_7.0,0.7875256971000599,False,simple_exp,0.0
HHLiv12_7.0,1.0985464932210702,False,simple_exp,0.0
HHLiv12_7.0,1.0744954083499811,False,simple_exp,0.0
HHLiv12_7.0,1.0002501969993012,True,simple_exp,0.0
HHLiv12_7.0,1.0002501969993012,True,simple_exp,0.0
HHLiv12_7.0,1.0002501969993012,True,simple_exp,0.0
HHLiv12_7.0,1.0002501969993012,True,simple_exp,0.0
HHLiv12_7.0,1.0002501969993012,True,simple_exp,0.0
HHLiv12_7.0,1.0002501969993012,True,simple_exp,0.0
HHLiv12_7.0,1.0002501969993012,True,simple_exp,0.0
HHLiv12_7.0,1.0002501950228897,False,exp,0.0
HHLiv12_7.0,1.0407892290934069,False,exp,0.0
HHLiv12_7.0,0.9953565431000956,False,exp,0.0
HHLiv12_7.0,1.1374225060694696,False,exp,0.0
HHLiv12_7.0,0.7875256971000599,False,exp,0.0
HHLiv12_7.0,1.0985464932210702,False,exp,0.0
HHLiv12_7.0,1.0744954083499811,False,exp,0.0
HHLiv12_7.0,1.0191980051988094,True,exp,0.0
HHLiv12_7.0,1.0191980051988094,True,exp,0.0
HHLiv12_7.0,1.0191980051988094,True,exp,0.0
HHLiv12_7.0,1.0191980051988094,True,exp,0.0
HHLiv12_7.0,1.0191980051988094,True,exp,0.0
HHLiv12_7.0,1.0191980051988094,True,exp,0.0
HHLiv12_7.0,1.0191980051988094,True,exp,0.0
HHLiv12_7.0,1.0002501950228897,False,holt,0.0
HHLiv12_7.0,1.0407892290934069,False,holt,0.0
HHLiv12_7.0,0.9953565431000956,False,holt,0.0
HHLiv12_7.0,1.1374225060694696,False,holt,0.0
HHLiv12_7.0,0.7875256971000599,False,holt,0.0
HHLiv12_7.0,1.0985464932210702,False,holt,0.0
HHLiv12_7.0,1.0744954083499811,False,holt,0.0
HHLiv12_7.0,1.0764012173197557,True,holt,0.0
HHLiv12_7.0,1.0797375097363828,True,holt,0.0
HHLiv12_7.0,1.0824065436696846,True,holt,0.0
HHLiv12_7.0,1.0845417708163259,True,holt,0.0
HHLiv12_7.0,1.086249952533639,True,holt,0.0
HHLiv12_7.0,1.0876164979074896,True,holt,0.0
HHLiv12_7.0,1.08870973420657,True,holt,0.0
HHLiv12_8.0,0.9317086021463874,False,bayesian_ridge,0.0
HHLiv12_8.0,1.0504125997569314,False,bayesian_ridge,0.0
HHLiv12_8.0,0.9964165430885036,False,bayesian_ridge,0.0
HHLiv12_8.0,0.7315716651150912,False,bayesian_ridge,0.0
HHLiv12_8.0,1.193340676427212,False,bayesian_ridge,0.0
HHLiv12_8.0,0.8794411527986847,False,bayesian_ridge,0.0
HHLiv12_8.0,0.9802722593884704,False,bayesian_ridge,0.0
HHLiv12_8.0,0.9662179363219583,True,bayesian_ridge,0.15196690830520462
HHLiv12_8.0,0.9662308668766879,True,bayesian_ridge,0.16171304864371847
HHLiv12_8.0,0.9662437974314175,True,bayesian_ridge,0.17288044957736481
HHLiv12_8.0,0.9662567279861471,True,bayesian_ridge,0.1852122038449973
HHLiv12_8.0,0.9662696585408767,True,bayesian_ridge,0.19849141523701427
HHLiv12_8.0,0.9662825890956063,True,bayesian_ridge,0.2125405708449277
HHLiv12_8.0,0.9662955196503359,True,bayesian_ridge,0.2272168951684834
HHLiv12_8.0,0.9317086021463874,False,simple_exp,0.0
HHLiv12_8.0,1.0504125997569314,False,simple_exp,0.0
HHLiv12_8.0,0.9964165430885036,False,simple_exp,0.0
HHLiv12_8.0,0.7315716651150912,False,simple_exp,0.0
HHLiv12_8.0,1.193340676427212,False,simple_exp,0.0
HHLiv12_8.0,0.8794411527986847,False,simple_exp,0.0
HHLiv12_8.0,0.9802722593884704,False,simple_exp,0.0
HHLiv12_8.0,0.9317086057405962,True,simple_exp,0.0
HHLiv12_8.0,0.9317086057405962,True,simple_exp,0.0
HHLiv12_8.0,0.9317086057405962,True,simple_exp,0.0
HHLiv12_8.0,0.9317086057405962,True,simple_exp,0.0
HHLiv12_8.0,0.9317086057405962,True,simple_exp,0.0
HHLiv12_8.0,0.9317086057405962,True,simple_exp,0.0
HHLiv12_8.0,0.9317086057405962,True,simple_exp,0.0
HHLiv12_8.0,0.9317086021463874,False,exp,0.0
HHLiv12_8.0,1.0504125997569314,False,exp,0.0
HHLiv12_8.0,0.9964165430885036,False,exp,0.0
HHLiv12_8.0,0.7315716651150912,False,exp,0.0
HHLiv12_8.0,1.193340676427212,False,exp,0.0
HHLiv12_8.0,0.8794411527986847,False,exp,0.0
HHLiv12_8.0,0.9802722593884704,False,exp,0.0
HHLiv12_8.0,0.9661662096298638,True,exp,0.0
HHLiv12_8.0,0.9661662096298638,True,exp,0.0
HHLiv12_8.0,0.9661662096298638,True,exp,0.0
HHLiv12_8.0,0.9661662096298638,True,exp,0.0
HHLiv12_8.0,0.9661662096298638,True,exp,0.0
HHLiv12_8.0,0.9661662096298638,True,exp,0.0
HHLiv12_8.0,0.9661662096298638,True,exp,0.0
HHLiv12_8.0,0.9317086021463874,False,holt,0.0
HHLiv12_8.0,1.0504125997569314,False,holt,0.0
HHLiv12_8.0,0.9964165430885036,False,holt,0.0
HHLiv12_8.0,0.7315716651150912,False,holt,0.0
HHLiv12_8.0,1.193340676427212,False,holt,0.0
HHLiv12_8.0,0.8794411527986847,False,holt,0.0
HHLiv12_8.0,0.9802722593884704,False,holt,0.0
HHLiv12_8.0,0.9820169951745643,True,holt,0.0
HHLiv12_8.0,0.9775434824297851,True,holt,0.0
HHLiv12_8.0,0.9739646722339615,True,holt,0.0
HHLiv12_8.0,0.9711016240773027,True,holt,0.0
HHLiv12_8.0,0.9688111855519758,True,holt,0.0
HHLiv12_8.0,0.9669788347317141,True,holt,0.0
HHLiv12_8.0,0.9655129540755047,True,holt,0.0
HHLiv12_9.0,0.6285757669551783,False,bayesian_ridge,0.0
HHLiv12_9.0,0.7756547383335073,False,bayesian_ridge,0.0
HHLiv12_9.0,0.5711213976295836,False,bayesian_ridge,0.0
HHLiv12_9.0,0.6828846738503466,False,bayesian_ridge,0.0
HHLiv12_9.0,0.6078090247067203,False,bayesian_ridge,0.0
HHLiv12_9.0,0.6427196120184051,False,bayesian_ridge,0.0
HHLiv12_9.0,0.8274780350694024,False,bayesian_ridge,0.0
HHLiv12_9.0,0.6833783907007105,True,bayesian_ridge,0.08905100724836681
HHLiv12_9.0,0.6850714437843473,True,bayesian_ridge,0.09075401847467085
HHLiv12_9.0,0.686764496867984,True,bayesian_ridge,0.09279304127081375
HHLiv12_9.0,0.6884575499516208,True,bayesian_ridge,0.09514647554642693
HHLiv12_9.0,0.6901506030352575,True,bayesian_ridge,0.09779162423827777
HHLiv12_9.0,0.6918436561188943,True,bayesian_ridge,0.10070550330070367
HHLiv12_9.0,0.6935367092025311,True,bayesian_ridge,0.10386549802783111
HHLiv12_9.0,0.6285757669551783,False,simple_exp,0.0
HHLiv12_9.0,0.7756547383335073,False,simple_exp,0.0
HHLiv12_9.0,0.5711213976295836,False,simple_exp,0.0
HHLiv12_9.0,0.6828846738503466,False,simple_exp,0.0
HHLiv12_9.0,0.6078090247067203,False,simple_exp,0.0
HHLiv12_9.0,0.6427196120184051,False,simple_exp,0.0
HHLiv12_9.0,0.8274780350694024,False,simple_exp,0.0
HHLiv12_9.0,0.6570251284035545,True,simple_exp,0.0
HHLiv12_9.0,0.6570251284035545,True,simple_exp,0.0
HHLiv12_9.0,0.6570251284035545,True,simple_exp,0.0
HHLiv12_9.0,0.6570251284035545,True,simple_exp,0.0
HHLiv12_9.0,0.6570251284035545,True,simple_exp,0.0
HHLiv12_9.0,0.6570251284035545,True,simple_exp,0.0
HHLiv12_9.0,0.6570251284035545,True,simple_exp,0.0
HHLiv12_9.0,0.6285757669551783,False,exp,0.0
HHLiv12_9.0,0.7756547383335073,False,exp,0.0
HHLiv12_9.0,0.5711213976295836,False,exp,0.0
HHLiv12_9.0,0.6828846738503466,False,exp,0.0
HHLiv12_9.0,0.6078090247067203,False,exp,0.0
HHLiv12_9.0,0.6427196120184051,False,exp,0.0
HHLiv12_9.0,0.8274780350694024,False,exp,0.0
HHLiv12_9.0,0.6766061734996855,True,exp,0.0
HHLiv12_9.0,0.6766061734996855,True,exp,0.0
HHLiv12_9.0,0.6766061734996855,True,exp,0.0
HHLiv12_9.0,0.6766061734996855,True,exp,0.0
HHLiv12_9.0,0.6766061734996855,True,exp,0.0
HHLiv12_9.0,0.6766061734996855,True,exp,0.0
HHLiv12_9.0,0.6766061734996855,True,exp,0.0
HHLiv12_9.0,0.6285757669551783,False,holt,0.0
HHLiv12_9.0,0.7756547383335073,False,holt,0.0
HHLiv12_9.0,0.5711213976295836,False,holt,0.0
HHLiv12_9.0,0.6828846738503466,False,holt,0.0
HHLiv12_9.0,0.6078090247067203,False,holt,0.0
HHLiv12_9.0,0.6427196120184051,False,holt,0.0
HHLiv12_9.0,0.8274780350694024,False,holt,0.0
HHLiv12_9.0,0.7958455403000765,True,holt,0.0
HHLiv12_9.0,0.8376587792502748,True,holt,0.0
HHLiv12_9.0,0.8711093704104335,True,holt,0.0
HHLiv12_9.0,0.8978698433385603,True,holt,0.0
HHLiv12_9.0,0.9192782216810619,True,holt,0.0
HHLiv12_9.0,0.9364049243550632,True,holt,0.0
HHLiv12_9.0,0.9501062864942641,True,holt,0.0
IMD10_10.0,1.2382796810760408,False,bayesian_ridge,0.0
IMD10_10.0,0.966093647546506,False,bayesian_ridge,0.0
IMD10_10.0,1.39470827769576,False,bayesian_ridge,0.0
IMD10_10.0,1.9218068188496025,False,bayesian_ridge,0.0
IMD10_10.0,0.9379502430952532,False,bayesian_ridge,0.0
IMD10_10.0,0.9413894865014152,False,bayesian_ridge,0.0
IMD10_10.0,1.2630308929413632,False,bayesian_ridge,0.0
IMD10_10.0,1.235193333621644,True,bayesian_ridge,0.33007145024360707
IMD10_10.0,1.2345895581804145,True,bayesian_ridge,0.33209616246514695
IMD10_10.0,1.233985782739185,True,bayesian_ridge,0.3345541705939824
IMD10_10.0,1.233382007297955,True,bayesian_ridge,0.3374360059021098
IMD10_10.0,1.2327782318567255,True,bayesian_ridge,0.34073091461753335
IMD10_10.0,1.232174456415496,True,bayesian_ridge,0.3444270421331982
IMD10_10.0,1.2315706809742661,True,bayesian_ridge,0.34851162334811436
IMD10_10.0,1.2382796810760408,False,simple_exp,0.0
IMD10_10.0,0.966093647546506,False,simple_exp,0.0
IMD10_10.0,1.39470827769576,False,simple_exp,0.0
IMD10_10.0,1.9218068188496025,False,simple_exp,0.0
IMD10_10.0,0.9379502430952532,False,simple_exp,0.0
IMD10_10.0,0.9413894865014152,False,simple_exp,0.0
IMD10_10.0,1.2630308929413632,False,simple_exp,0.0
IMD10_10.0,1.238279681006024,True,simple_exp,0.0
IMD10_10.0,1.238279681006024,True,simple_exp,0.0
IMD10_10.0,1.238279681006024,True,simple_exp,0.0
IMD10_10.0,1.238279681006024,True,simple_exp,0.0
IMD10_10.0,1.238279681006024,True,simple_exp,0.0
IMD10_10.0,1.238279681006024,True,simple_exp,0.0
IMD10_10.0,1.238279681006024,True,simple_exp,0.0
IMD10_10.0,1.2382796810760408,False,exp,0.0
IMD10_10.0,0.966093647546506,False,exp,0.0
IMD10_10.0,1.39470827769576,False,exp,0.0
IMD10_10.0,1.9218068188496025,False,exp,0.0
IMD10_10.0,0.9379502430952532,False,exp,0.0
IMD10_10.0,0.9413894865014152,False,exp,0.0
IMD10_10.0,1.2630308929413632,False,exp,0.0
IMD10_10.0,1.2376084308925281,True,exp,0.0
IMD10_10.0,1.2376084308925281,True,exp,0.0
IMD10_10.0,1.2376084308925281,True,exp,0.0
IMD10_10.0,1.2376084308925281,True,exp,0.0
IMD10_10.0,1.2376084308925281,True,exp,0.0
IMD10_10.0,1.2376084308925281,True,exp,0.0
IMD10_10.0,1.2376084308925281,True,exp,0.0
IMD10_10.0,1.2382796810760408,False,holt,0.0
IMD10_10.0,0.966093647546506,False,holt,0.0
IMD10_10.0,1.39470827769576,False,holt,0.0
IMD10_10.0,1.9218068188496025,False,holt,0.0
IMD10_10.0,0.9379502430952532,False,holt,0.0
IMD10_10.0,0.9413894865014152,False,holt,0.0
IMD10_10.0,1.2630308929413632,False,holt,0.0
IMD10_10.0,1.1081253223957006,True,holt,0.0
IMD10_10.0,1.091900629936141,True,holt,0.0
IMD10_10.0,1.078920875968493,True,holt,0.0
IMD10_10.0,1.0685370727943748,True,holt,0.0
IMD10_10.0,1.0602300302550802,True,holt,0.0
IMD10_10.0,1.0535843962236444,True,holt,0.0
IMD10_10.0,1.048267888998496,True,holt,0.0
IMD10_2.0,1.0408558414548792,False,bayesian_ridge,0.0
IMD10_2.0,0.8664433568369839,False,bayesian_ridge,0.0
IMD10_2.0,1.2844067163422106,False,bayesian_ridge,0.0
IMD10_2.0,1.0296113034292858,False,bayesian_ridge,0.0
IMD10_2.0,0.846277513105023,False,bayesian_ridge,0.0
IMD10_2.0,0.8921139167723539,False,bayesian_ridge,0.0
IMD10_2.0,1.3252462603035131,False,bayesian_ridge,0.0
IMD10_2.0,1.0437844599242108,True,bayesian_ridge,0.18424958789013676
IMD10_2.0,1.0445536138965403,True,bayesian_ridge,0.18557703324452327
IMD10_2.0,1.04532276786887,True,bayesian_ridge,0.1871866829137397
IMD10_2.0,1.0460919218411993,True,bayesian_ridge,0.18907132943657884
IMD10_2.0,1.0468610758135288,True,bayesian_ridge,0.19122284207656282
IMD10_2.0,1.0476302297858584,True,bayesian_ridge,0.19363232532564706
IMD10_2.0,1.048399383758188,True,bayesian_ridge,0.19629027956690245
IMD10_2.0,1.0408558414548792,False,simple_exp,0.0
IMD10_2.0,0.8664433568369839,False,simple_exp,0.0
IMD10_2.0,1.2844067163422106,False,simple_exp,0.0
IMD10_2.0,1.0296113034292858,False,simple_exp,0.0
IMD10_2.0,0.846277513105023,False,simple_exp,0.0
IMD10_2.0,0.8921139167723539,False,simple_exp,0.0
IMD10_2.0,1.3252462603035131,False,simple_exp,0.0
IMD10_2.0,1.0408558414394422,True,simple_exp,0.0
IMD10_2.0,1.0408558414394422,True,simple_exp,0.0
IMD10_2.0,1.0408558414394422,True,simple_exp,0.0
IMD10_2.0,1.0408558414394422,True,simple_exp,0.0
IMD10_2.0,1.0408558414394422,True,simple_exp,0.0
IMD10_2.0,1.0408558414394422,True,simple_exp,0.0
IMD10_2.0,1.0408558414394422,True,simple_exp,0.0
IMD10_2.0,1.0408558414548792,False,exp,0.0
IMD10_2.0,0.8664433568369839,False,exp,0.0
IMD10_2.0,1.2844067163422106,False,exp,0.0
IMD10_2.0,1.0296113034292858,False,exp,0.0
IMD10_2.0,0.846277513105023,False,exp,0.0
IMD10_2.0,0.8921139167723539,False,exp,0.0
IMD10_2.0,1.3252462603035131,False,exp,0.0
IMD10_2.0,1.040707839791243,True,exp,0.0
IMD10_2.0,1.040707839791243,True,exp,0.0
IMD10_2.0,1.040707839791243,True,exp,0.0
IMD10_2.0,1.040707839791243,True,exp,0.0
IMD10_2.0,1.040707839791243,True,exp,0.0
IMD10_2.0,1.040707839791243,True,exp,0.0
IMD10_2.0,1.040707839791243,True,exp,0.0
IMD10_2.0,1.0408558414548792,False,holt,0.0
IMD10_2.0,0.8664433568369839,False,holt,0.0
IMD10_2.0,1.2844067163422106,False,holt,0.0
IMD10_2.0,1.0296113034292858,False,holt,0.0
IMD10_2.0,0.846277513105023,False,holt,0.0
IMD10_2.0,0.8921139167723539,False,holt,0.0
IMD10_2.0,1.3252462603035131,False,holt,0.0
IMD10_2.0,1.1064143702456009,True,holt,0.0
IMD10_2.0,1.1381289222943258,True,holt,0.0
IMD10_2.0,1.163500563933306,True,holt,0.0
IMD10_2.0,1.1837978772444901,True,holt,0.0
IMD10_2.0,1.2000357278934373,True,holt,0.0
IMD10_2.0,1.213026008412595,True,holt,0.0
IMD10_2.0,1.2234182328279213,True,holt,0.0
IMD10_3.0,1.127423298537461,False,bayesian_ridge,0.0
IMD10_3.0,0.9455218623993128,False,bayesian_ridge,0.0
IMD10_3.0,1.2343558258332594,False,bayesian_ridge,0.0
IMD10_3.0,1.1541730115479745,False,bayesian_ridge,0.0
IMD10_3.0,0.987874038707807,False,bayesian_ridge,0.0
IMD10_3.0,0.8895055890679597,False,bayesian_ridge,0.0
IMD10_3.0,1.434136971057315,False,bayesian_ridge,0.0
IMD10_3.0,1.1145984511233884,True,bayesian_ridge,0.17734460222198103
IMD10_3.0,1.115641256863125,True,bayesian_ridge,0.1787778478757323
IMD10_3.0,1.1166840626028618,True,bayesian_ridge,0.1805141393389603
IMD10_3.0,1.1177268683425985,True,bayesian_ridge,0.1825448294745539
IMD10_3.0,1.1187696740823352,True,bayesian_ridge,0.1848602166257078
IMD10_3.0,1.1198124798220719,True,bayesian_ridge,0.18744975132102623
IMD10_3.0,1.1208552855618086,True,bayesian_ridge,0.19030224251470823
IMD10_3.0,1.127423298537461,False,simple_exp,0.0
IMD10_3.0,0.9455218623993128,False,simple_exp,0.0
IMD10_3.0,1.2343558258332594,False,simple_exp,0.0
IMD10_3.0,1.1541730115479745,False,simple_exp,0.0
IMD10_3.0,0.987874038707807,False,simple_exp,0.0
IMD10_3.0,0.8895055890679597,False,simple_exp,0.0
IMD10_3.0,1.434136971057315,False,simple_exp,0.0
IMD10_3.0,1.127423296764633,True,simple_exp,0.0
IMD10_3.0,1.127423296764633,True,simple_exp,0.0
IMD10_3.0,1.127423296764633,True,simple_exp,0.0
IMD10_3.0,1.127423296764633,True,simple_exp,0.0
IMD10_3.0,1.127423296764633,True,simple_exp,0.0
IMD10_3.0,1.127423296764633,True,simple_exp,0.0
IMD10_3.0,1.127423296764633,True,simple_exp,0.0
IMD10_3.0,1.127423298537461,False,exp,0.0
IMD10_3.0,0.9455218623993128,False,exp,0.0
IMD10_3.0,1.2343558258332594,False,exp,0.0
IMD10_3.0,1.1541730115479745,False,exp,0.0
IMD10_3.0,0.987874038707807,False,exp,0.0
IMD10_3.0,0.8895055890679597,False,exp,0.0
IMD10_3.0,1.434136971057315,False,exp,0.0
IMD10_3.0,1.1104272235083514,True,exp,0.0
IMD10_3.0,1.1104272235083514,True,exp,0.0
IMD10_3.0,1.1104272235083514,True,exp,0.0
IMD10_3.0,1.1104272235083514,True,exp,0.0
IMD10_3.0,1.1104272235083514,True,exp,0.0
IMD10_3.0,1.1104272235083514,True,exp,0.0
IMD10_3.0,1.1104272235083514,True,exp,0.0
IMD10_3.0,1.127423298537461,False,holt,0.0
IMD10_3.0,0.9455218623993128,False,holt,0.0
IMD10_3.0,1.2343558258332594,False,holt,0.0
IMD10_3.0,1.1541730115479745,False,holt,0.0
IMD10_3.0,0.987874038707807,False,holt,0.0
IMD10_3.0,0.8895055890679597,False,holt,0.0
IMD10_3.0,1.434136971057315,False,holt,0.0
IMD10_3.0,1.2006181037189683,True,holt,0.0
IMD10_3.0,1.238746102998263,True,holt,0.0
IMD10_3.0,1.2692485024216986,True,holt,0.0
IMD10_3.0,1.2936504219604472,True,holt,0.0
IMD10_3.0,1.3131719575914462,True,holt,0.0
IMD10_3.0,1.3287891860962453,True,holt,0.0
IMD10_3.0,1.3412829689000845,True,holt,0.0
IMD10_4.0,0.9675395677506612,False,bayesian_ridge,0.0
IMD10_4.0,0.9067298093538608,False,bayesian_ridge,0.0
IMD10_4.0,1.6331378003840658,False,bayesian_ridge,0.0
IMD10_4.0,1.273470820033504,False,bayesian_ridge,0.0
IMD10_4.0,1.0356106080398135,False,bayesian_ridge,0.0
IMD10_4.0,1.0134161082223607,False,bayesian_ridge,0.0
IMD10_4.0,1.513374728626537,False,bayesian_ridge,0.0
IMD10_4.0,1.2043000771072783,True,bayesian_ridge,0.2696507787173665
IMD10_4.0,1.207400830583712,True,bayesian_ridge,0.27252316207727467
IMD10_4.0,1.2105015840601459,True,bayesian_ridge,0.2759932588307642
IMD10_4.0,1.2136023375365794,True,bayesian_ridge,0.28003885019255487
IMD10_4.0,1.2167030910130132,True,bayesian_ridge,0.28463539829055956
IMD10_4.0,1.219803844489447,True,bayesian_ridge,0.28975668404472926
IMD10_4.0,1.2229045979658808,True,bayesian_ridge,0.2953754146554567
IMD10_4.0,0.9675395677506612,False,simple_exp,0.0
IMD10_4.0,0.9067298093538608,False,simple_exp,0.0
IMD10_4.0,1.6331378003840658,False,simple_exp,0.0
IMD10_4.0,1.273470820033504,False,simple_exp,0.0
IMD10_4.0,1.0356106080398135,False,simple_exp,0.0
IMD10_4.0,1.0134161082223607,False,simple_exp,0.0
IMD10_4.0,1.513374728626537,False,simple_exp,0.0
IMD10_4.0,1.201944142147388,True,simple_exp,0.0
IMD10_4.0,1.201944142147388,True,simple_exp,0.0
IMD10_4.0,1.201944142147388,True,simple_exp,0.0
IMD10_4.0,1.201944142147388,True,simple_exp,0.0
IMD10_4.0,1.201944142147388,True,simple_exp,0.0
IMD10_4.0,1.201944142147388,True,simple_exp,0.0
IMD10_4.0,1.201944142147388,True,simple_exp,0.0
IMD10_4.0,0.9675395677506612,False,exp,0.0
IMD10_4.0,0.9067298093538608,False,exp,0.0
IMD10_4.0,1.6331378003840658,False,exp,0.0
IMD10_4.0,1.273470820033504,False,exp,0.0
IMD10_4.0,1.0356106080398135,False,exp,0.0
IMD10_4.0,1.0134161082223607,False,exp,0.0
IMD10_4.0,1.513374728626537,False,exp,0.0
IMD10_4.0,1.1918970653617946,True,exp,0.0
IMD10_4.0,1.1918970653617946,True,exp,0.0
IMD10_4.0,1.1918970653617946,True,exp,0.0
IMD10_4.0,1.1918970653617946,True,exp,0.0
IMD10_4.0,1.1918970653617946,True,exp,0.0
IMD10_4.0,1.1918970653617946,True,exp,0.0
IMD10_4.0,1.1918970653617946,True,exp,0.0
IMD10_4.0,0.9675395677506612,False,holt,0.0
IMD10_4.0,0.9067298093538608,False,holt,0.0
IMD10_4.0,1.6331378003840658,False,holt,0.0
IMD10_4.0,1.273470820033504,False,holt,0.0
IMD10_4.0,1.0356106080398135,False,holt,0.0
IMD10_4.0,1.0134161082223607,False,holt,0.0
IMD10_4.0,1.513374728626537,False,holt,0.0
IMD10_4.0,1.2707986301843588,True,holt,0.0
IMD10_4.0,1.2936843128282154,True,holt,0.0
IMD10_4.0,1.3119928589433008,True,holt,0.0
IMD10_4.0,1.3266396958353692,True,holt,0.0
IMD10_4.0,1.3383571653490238,True,holt,0.0
IMD10_4.0,1.3477311409599475,True,holt,0.0
IMD10_4.0,1.3552303214486865,True,holt,0.0
IMD10_5.0,1.1718748125754612,False,bayesian_ridge,0.0
IMD10_5.0,0.8417712294530469,False,bayesian_ridge,0.0
IMD10_5.0,1.3762966085323978,False,bayesian_ridge,0.0
IMD10_5.0,1.069668627977226,False,bayesian_ridge,0.0
IMD10_5.0,0.9358613430532106,False,bayesian_ridge,0.0
IMD10_5.0,0.8774111774330703,False,bayesian_ridge,0.0
IMD10_5.0,1.4428864342739307,False,bayesian_ridge,0.0
IMD10_5.0,1.1041682035337748,True,bayesian_ridge,0.22383976038087106
IMD10_5.0,1.1046470317994204,True,bayesian_ridge,0.22490537471039707
IMD10_5.0,1.1051258600650662,True,bayesian_ridge,0.22620097501299316
IMD10_5.0,1.1056046883307118,True,bayesian_ridge,0.22772263589063713
IMD10_5.0,1.1060835165963576,True,bayesian_ridge,0.229465860149341
IMD10_5.0,1.1065623448620032,True,bayesian_ridge,0.23142564103426497
IMD10_5.0,1.107041173127649,True,bayesian_ridge,0.2335965281401038
IMD10_5.0,1.1718748125754612,False,simple_exp,0.0
IMD10_5.0,0.8417712294530469,False,simple_exp,0.0
IMD10_5.0,1.3762966085323978,False,simple_exp,0.0
IMD10_5.0,1.069668627977226,False,simple_exp,0.0
IMD10_5.0,0.9358613430532106,False,simple_exp,0.0
IMD10_5.0,0.8774111774330703,False,simple_exp,0.0
IMD10_5.0,1.4428864342739307,False,simple_exp,0.0
IMD10_5.0,1.1718748053133292,True,simple_exp,0.0
IMD10_5.0,1.1718748053133292,True,simple_exp,0.0
IMD10_5.0,1.1718748053133292,True,simple_exp,0.0
IMD10_5.0,1.1718748053133292,True,simple_exp,0.0
IMD10_5.0,1.1718748053133292,True,simple_exp,0.0
IMD10_5.0,1.1718748053133292,True,simple_exp,0.0
IMD10_5.0,1.1718748053133292,True,simple_exp,0.0
IMD10_5.0,1.1718748125754612,False,exp,0.0
IMD10_5.0,0.8417712294530469,False,exp,0.0
IMD10_5.0,1.3762966085323978,False,exp,0.0
IMD10_5.0,1.069668627977226,False,exp,0.0
IMD10_5.0,0.9358613430532106,False,exp,0.0
IMD10_5.0,0.8774111774330703,False,exp,0.0
IMD10_5.0,1.4428864342739307,False,exp,0.0
IMD10_5.0,1.102252883737684,True,exp,0.0
IMD10_5.0,1.102252883737684,True,exp,0.0
IMD10_5.0,1.102252883737684,True,exp,0.0
IMD10_5.0,1.102252883737684,True,exp,0.0
IMD10_5.0,1.102252883737684,True,exp,0.0
IMD10_5.0,1.102252883737684,True,exp,0.0
IMD10_5.0,1.102252883737684,True,exp,0.0
IMD10_5.0,1.1718748125754612,False,holt,0.0
IMD10_5.0,0.8417712294530469,False,holt,0.0
IMD10_5.0,1.3762966085323978,False,holt,0.0
IMD10_5.0,1.069668627977226,False,holt,0.0
IMD10_5.0,0.9358613430532106,False,holt,0.0
IMD10_5.0,0.8774111774330703,False,holt,0.0
IMD10_5.0,1.4428864342739307,False,holt,0.0
IMD10_5.0,1.2247355701287803,True,holt,0.0
IMD10_5.0,1.279728789063731,True,holt,0.0
IMD10_5.0,1.3237233642116915,True,holt,0.0
IMD10_5.0,1.35891902433006,True,holt,0.0
IMD10_5.0,1.3870755524247547,True,holt,0.0
IMD10_5.0,1.4096007749005104,True,holt,0.0
IMD10_5.0,1.427620952881115,True,holt,0.0
IMD10_6.0,1.3112221189063191,False,bayesian_ridge,0.0
IMD10_6.0,0.95194668883352,False,bayesian_ridge,0.0
IMD10_6.0,1.4397906369249498,False,bayesian_ridge,0.0
IMD10_6.0,1.240331124894658,False,bayesian_ridge,0.0
IMD10_6.0,1.0717870486534251,False,bayesian_ridge,0.0
IMD10_6.0,1.064512108495845,False,bayesian_ridge,0.0
IMD10_6.0,1.5848062930003557,False,bayesian_ridge,0.0
IMD10_6.0,1.2420134677723274,True,bayesian_ridge,0.21182477308676884
IMD10_6.0,1.2430741197257995,True,bayesian_ridge,0.21327483654837825
IMD10_6.0,1.244134771679272,True,bayesian_ridge,0.2150338574552795
IMD10_6.0,1.245195423632744,True,bayesian_ridge,0.21709432589393282
IMD10_6.0,1.2462560755862162,True,bayesian_ridge,0.21944775085306384
IMD10_6.0,1.2473167275396884,True,bayesian_ridge,0.22208481917834746
IMD10_6.0,1.2483773794931605,True,bayesian_ridge,0.22499555773475582
IMD10_6.0,1.3112221189063191,False,simple_exp,0.0
IMD10_6.0,0.95194668883352,False,simple_exp,0.0
IMD10_6.0,1.4397906369249498,False,simple_exp,0.0
IMD10_6.0,1.240331124894658,False,simple_exp,0.0
IMD10_6.0,1.0717870486534251,False,simple_exp,0.0
IMD10_6.0,1.064512108495845,False,simple_exp,0.0
IMD10_6.0,1.5848062930003557,False,simple_exp,0.0
IMD10_6.0,1.3112221112447562,True,simple_exp,0.0
IMD10_6.0,1.3112221112447562,True,simple_exp,0.0
IMD10_6.0,1.3112221112447562,True,simple_exp,0.0
IMD10_6.0,1.3112221112447562,True,simple_exp,0.0
IMD10_6.0,1.3112221112447562,True,simple_exp,0.0
IMD10_6.0,1.3112221112447562,True,simple_exp,0.0
IMD10_6.0,1.3112221112447562,True,simple_exp,0.0
IMD10_6.0,1.3112221189063191,False,exp,0.0
IMD10_6.0,0.95194668883352,False,exp,0.0
IMD10_6.0,1.4397906369249498,False,exp,0.0
IMD10_6.0,1.240331124894658,False,exp,0.0
IMD10_6.0,1.0717870486534251,False,exp,0.0
IMD10_6.0,1.064512108495845,False,exp,0.0
IMD10_6.0,1.5848062930003557,False,exp,0.0
IMD10_6.0,1.237770855782242,True,exp,0.0
IMD10_6.0,1.237770855782242,True,exp,0.0
IMD10_6.0,1.237770855782242,True,exp,0.0
IMD10_6.0,1.237770855782242,True,exp,0.0
IMD10_6.0,1.237770855782242,True,exp,0.0
IMD10_6.0,1.237770855782242,True,exp,0.0
IMD10_6.0,1.237770855782242,True,exp,0.0
IMD10_6.0,1.3112221189063191,False,holt,0.0
IMD10_6.0,0.95194668883352,False,holt,0.0
IMD10_6.0,1.4397906369249498,False,holt,0.0
IMD10_6.0,1.240331124894658,False,holt,0.0
IMD10_6.0,1.0717870486534251,False,holt,0.0
IMD10_6.0,1.064512108495845,False,holt,0.0
IMD10_6.0,1.5848062930003557,False,holt,0.0
IMD10_6.0,1.4208286132192087,True,holt,0.0
IMD10_6.0,1.4899827507071595,True,holt,0.0
IMD10_6.0,1.54530606069752,True,holt,0.0
IMD10_6.0,1.5895647086898084,True,holt,0.0
IMD10_6.0,1.6249716270836392,True,holt,0.0
IMD10_6.0,1.6532971617987038,True,holt,0.0
IMD10_6.0,1.6759575895707555,True,holt,0.0
IMD10_7.0,1.1199381984860728,False,bayesian_ridge,0.0
IMD10_7.0,1.0375317847730916,False,bayesian_ridge,0.0
IMD10_7.0,1.6877856789825707,False,bayesian_ridge,0.0
IMD10_7.0,1.329880210394571,False,bayesian_ridge,0.0
IMD10_7.0,1.1222767251251156,False,bayesian_ridge,0.0
IMD10_7.0,1.0021444286685546,False,bayesian_ridge,0.0
IMD10_7.0,1.7885667511476755,False,bayesian_ridge,0.0
IMD10_7.0,1.309830990641353,True,bayesian_ridge,0.299791030971091
IMD10_7.0,1.3127128891024895,True,bayesian_ridge,0.3025247832862978
IMD10_7.0,1.3155947875636258,True,bayesian_ridge,0.30583285291345064
IMD10_7.0,1.3184766860247623,True,bayesian_ridge,0.30969683644975493
IMD10_7.0,1.3213585844858986,True,bayesian_ridge,0.31409621815590083
IMD10_7.0,1.324240482947035,True,bayesian_ridge,0.3190088481213951
IMD10_7.0,1.3271223814081714,True,bayesian_ridge,0.32441141050629907
IMD10_7.0,1.1199381984860728,False,simple_exp,0.0
IMD10_7.0,1.0375317847730916,False,simple_exp,0.0
IMD10_7.0,1.6877856789825707,False,simple_exp,0.0
IMD10_7.0,1.329880210394571,False,simple_exp,0.0
IMD10_7.0,1.1222767251251156,False,simple_exp,0.0
IMD10_7.0,1.0021444286685546,False,simple_exp,0.0
IMD10_7.0,1.7885667511476755,False,simple_exp,0.0
IMD10_7.0,1.2527491178432666,True,simple_exp,0.0
IMD10_7.0,1.2527491178432666,True,simple_exp,0.0
IMD10_7.0,1.2527491178432666,True,simple_exp,0.0
IMD10_7.0,1.2527491178432666,True,simple_exp,0.0
IMD10_7.0,1.2527491178432666,True,simple_exp,0.0
IMD10_7.0,1.2527491178432666,True,simple_exp,0.0
IMD10_7.0,1.2527491178432666,True,simple_exp,0.0
IMD10_7.0,1.1199381984860728,False,exp,0.0
IMD10_7.0,1.0375317847730916,False,exp,0.0
IMD10_7.0,1.6877856789825707,False,exp,0.0
IMD10_7.0,1.329880210394571,False,exp,0.0
IMD10_7.0,1.1222767251251156,False,exp,0.0
IMD10_7.0,1.0021444286685546,False,exp,0.0
IMD10_7.0,1.7885667511476755,False,exp,0.0
IMD10_7.0,1.2983033905940673,True,exp,0.0
IMD10_7.0,1.2983033905940673,True,exp,0.0
IMD10_7.0,1.2983033905940673,True,exp,0.0
IMD10_7.0,1.2983033905940673,True,exp,0.0
IMD10_7.0,1.2983033905940673,True,exp,0.0
IMD10_7.0,1.2983033905940673,True,exp,0.0
IMD10_7.0,1.2983033905940673,True,exp,0.0
IMD10_7.0,1.1199381984860728,False,holt,0.0
IMD10_7.0,1.0375317847730916,False,holt,0.0
IMD10_7.0,1.6877856789825707,False,holt,0.0
IMD10_7.0,1.329880210394571,False,holt,0.0
IMD10_7.0,1.1222767251251156,False,holt,0.0
IMD10_7.0,1.0021444286685546,False,holt,0.0
IMD10_7.0,1.7885667511476755,False,holt,0.0
IMD10_7.0,1.3721243714171631,True,holt,0.0
IMD10_7.0,1.3997973108560138,True,holt,0.0
IMD10_7.0,1.4219356624070942,True,holt,0.0
IMD10_7.0,1.4396463436479587,True,holt,0.0
IMD10_7.0,1.4538148886406503,True,holt,0.0
IMD10_7.0,1.4651497246348035,True,holt,0.0
IMD10_7.0,1.4742175934301263,True,holt,0.0
IMD10_8.0,1.0919581965257317,False,bayesian_ridge,0.0
IMD10_8.0,1.0451917773035868,False,bayesian_ridge,0.0
IMD10_8.0,1.5148747327631316,False,bayesian_ridge,0.0
IMD10_8.0,1.2167769521825498,False,bayesian_ridge,0.0
IMD10_8.0,1.0554094876320244,False,bayesian_ridge,0.0
IMD10_8.0,1.0441134353155734,False,bayesian_ridge,0.0
IMD10_8.0,1.8334160366046992,False,bayesian_ridge,0.0
IMD10_8.0,1.345155518682229,True,bayesian_ridge,0.2984290313043075
IMD10_8.0,1.3670965191268112,True,bayesian_ridge,0.31205726891396274
IMD10_8.0,1.3890375195713935,True,bayesian_ridge,0.32794579966535203
IMD10_8.0,1.410978520015976,True,bayesian_ridge,0.3457831864529349
IMD10_8.0,1.4329195204605583,True,bayesian_ridge,0.365284043763528
IMD10_8.0,1.4548605209051404,True,bayesian_ridge,0.3861964646423074
IMD10_8.0,1.4768015213497228,True,bayesian_ridge,0.4083036150409286
IMD10_8.0,1.0919581965257317,False,simple_exp,0.0
IMD10_8.0,1.0451917773035868,False,simple_exp,0.0
IMD10_8.0,1.5148747327631316,False,simple_exp,0.0
IMD10_8.0,1.2167769521825498,False,simple_exp,0.0
IMD10_8.0,1.0554094876320244,False,simple_exp,0.0
IMD10_8.0,1.0441134353155734,False,simple_exp,0.0
IMD10_8.0,1.8334160366046992,False,simple_exp,0.0
IMD10_8.0,1.2415970503179883,True,simple_exp,0.0
IMD10_8.0,1.2415970503179883,True,simple_exp,0.0
IMD10_8.0,1.2415970503179883,True,simple_exp,0.0
IMD10_8.0,1.2415970503179883,True,simple_exp,0.0
IMD10_8.0,1.2415970503179883,True,simple_exp,0.0
IMD10_8.0,1.2415970503179883,True,simple_exp,0.0
IMD10_8.0,1.2415970503179883,True,simple_exp,0.0
IMD10_8.0,1.0919581965257317,False,exp,0.0
IMD10_8.0,1.0451917773035868,False,exp,0.0
IMD10_8.0,1.5148747327631316,False,exp,0.0
IMD10_8.0,1.2167769521825498,False,exp,0.0
IMD10_8.0,1.0554094876320244,False,exp,0.0
IMD10_8.0,1.0441134353155734,False,exp,0.0
IMD10_8.0,1.8334160366046992,False,exp,0.0
IMD10_8.0,1.2573915123403594,True,exp,0.0
IMD10_8.0,1.2573915123403594,True,exp,0.0
IMD10_8.0,1.2573915123403594,True,exp,0.0
IMD10_8.0,1.2573915123403594,True,exp,0.0
IMD10_8.0,1.2573915123403594,True,exp,0.0
IMD10_8.0,1.2573915123403594,True,exp,0.0
IMD10_8.0,1.2573915123403594,True,exp,0.0
IMD10_8.0,1.0919581965257317,False,holt,0.0
IMD10_8.0,1.0451917773035868,False,holt,0.0
IMD10_8.0,1.5148747327631316,False,holt,0.0
IMD10_8.0,1.2167769521825498,False,holt,0.0
IMD10_8.0,1.0554094876320244,False,holt,0.0
IMD10_8.0,1.0441134353155734,False,holt,0.0
IMD10_8.0,1.8334160366046992,False,holt,0.0
IMD10_8.0,1.3593589191365913,True,holt,0.0
IMD10_8.0,1.3911045473953734,True,holt,0.0
IMD10_8.0,1.4165010500023991,True,holt,0.0
IMD10_8.0,1.4368182520880195,True,holt,0.0
IMD10_8.0,1.453072013756516,True,holt,0.0
IMD10_8.0,1.466075023091313,True,holt,0.0
IMD10_8.0,1.4764774305591508,True,holt,0.0
IMD10_9.0,1.0076766369107637,False,bayesian_ridge,0.0
IMD10_9.0,1.055321448010827,False,bayesian_ridge,0.0
IMD10_9.0,1.642429604360044,False,bayesian_ridge,0.0
IMD10_9.0,1.3555802264199404,False,bayesian_ridge,0.0
IMD10_9.0,0.983565936141518,False,bayesian_ridge,0.0
IMD10_9.0,0.899563128565544,False,bayesian_ridge,0.0
IMD10_9.0,1.494484682480651,False,bayesian_ridge,0.0
IMD10_9.0,1.2071382228947036,True,bayesian_ridge,0.27003670538426766
IMD10_9.0,1.2075434335151907,True,bayesian_ridge,0.2710265746167447
IMD10_9.0,1.2079486441356777,True,bayesian_ridge,0.272231526904547
IMD10_9.0,1.208353854756165,True,bayesian_ridge,0.27364872104885757
IMD10_9.0,1.208759065376652,True,bayesian_ridge,0.2752748790230757
IMD10_9.0,1.209164275997139,True,bayesian_ridge,0.2771063220304827
IMD10_9.0,1.209569486617626,True,bayesian_ridge,0.27913900944861386
IMD10_9.0,1.0076766369107637,False,simple_exp,0.0
IMD10_9.0,1.055321448010827,False,simple_exp,0.0
IMD10_9.0,1.642429604360044,False,simple_exp,0.0
IMD10_9.0,1.3555802264199404,False,simple_exp,0.0
IMD10_9.0,0.983565936141518,False,simple_exp,0.0
IMD10_9.0,0.899563128565544,False,simple_exp,0.0
IMD10_9.0,1.494484682480651,False,simple_exp,0.0
IMD10_9.0,1.1605530276655487,True,simple_exp,0.0
IMD10_9.0,1.1605530276655487,True,simple_exp,0.0
IMD10_9.0,1.1605530276655487,True,simple_exp,0.0
IMD10_9.0,1.1605530276655487,True,simple_exp,0.0
IMD10_9.0,1.1605530276655487,True,simple_exp,0.0
IMD10_9.0,1.1605530276655487,True,simple_exp,0.0
IMD10_9.0,1.1605530276655487,True,simple_exp,0.0
IMD10_9.0,1.0076766369107637,False,exp,0.0
IMD10_9.0,1.055321448010827,False,exp,0.0
IMD10_9.0,1.642429604360044,False,exp,0.0
IMD10_9.0,1.3555802264199404,False,exp,0.0
IMD10_9.0,0.983565936141518,False,exp,0.0
IMD10_9.0,0.899563128565544,False,exp,0.0
IMD10_9.0,1.494484682480651,False,exp,0.0
IMD10_9.0,1.2055173751784762,True,exp,0.0
IMD10_9.0,1.2055173751784762,True,exp,0.0
IMD10_9.0,1.2055173751784762,True,exp,0.0
IMD10_9.0,1.2055173751784762,True,exp,0.0
IMD10_9.0,1.2055173751784762,True,exp,0.0
IMD10_9.0,1.2055173751784762,True,exp,0.0
IMD10_9.0,1.2055173751784762,True,exp,0.0
IMD10_9.0,1.0076766369107637,False,holt,0.0
IMD10_9.0,1.055321448010827,False,holt,0.0
IMD10_9.0,1.642429604360044,False,holt,0.0
IMD10_9.0,1.3555802264199404,False,holt,0.0
IMD10_9.0,0.983565936141518,False,holt,0.0
IMD10_9.0,0.899563128565544,False,holt,0.0
IMD10_9.0,1.494484682480651,False,holt,0.0
IMD10_9.0,1.3127438230861628,True,holt,0.0
IMD10_9.0,1.3428512237885764,True,holt,0.0
IMD10_9.0,1.3714616358672376,True,holt,0.0
IMD10_9.0,1.3986494920160142,True,holt,0.0
IMD10_9.0,1.424485524014934,True,holt,0.0
IMD10_9.0,1.4490369467456021,True,holt,0.0
IMD10_9.0,1.4723676330570747,True,holt,0.0
Motiva_POP,0.5694800364446329,False,bayesian_ridge,0.0
Motiva_POP,0.5797762061269712,False,bayesian_ridge,0.0
Motiva_POP,0.563553155008818,False,bayesian_ridge,0.0
Motiva_POP,0.6288266227532793,False,bayesian_ridge,0.0
Motiva_POP,0.5938770993727455,False,bayesian_ridge,0.0
Motiva_POP,0.5796552175061787,False,bayesian_ridge,0.0
Motiva_POP,0.5794607645062031,False,bayesian_ridge,0.0
Motiva_POP,0.587783457008913,True,bayesian_ridge,0.022040807660083983
Motiva_POP,0.5884925676283259,True,bayesian_ridge,0.023005170068652773
Motiva_POP,0.589201678247739,True,bayesian_ridge,0.02413155557990814
Motiva_POP,0.5899107888671519,True,bayesian_ridge,0.025398416816102776
Motiva_POP,0.5906198994865648,True,bayesian_ridge,0.026785829389110324
Motiva_POP,0.5913290101059777,True,bayesian_ridge,0.028276053695667977
Motiva_POP,0.5920381207253907,True,bayesian_ridge,0.029853697365281383
Motiva_POP,0.5694800364446329,False,simple_exp,0.0
Motiva_POP,0.5797762061269712,False,simple_exp,0.0
Motiva_POP,0.563553155008818,False,simple_exp,0.0
Motiva_POP,0.6288266227532793,False,simple_exp,0.0
Motiva_POP,0.5938770993727455,False,simple_exp,0.0
Motiva_POP,0.5796552175061787,False,simple_exp,0.0
Motiva_POP,0.5794607645062031,False,simple_exp,0.0
Motiva_POP,0.5831490417276783,True,simple_exp,0.0
Motiva_POP,0.5831490417276783,True,simple_exp,0.0
Motiva_POP,0.5831490417276783,True,simple_exp,0.0
Motiva_POP,0.5831490417276783,True,simple_exp,0.0
Motiva_POP,0.5831490417276783,True,simple_exp,0.0
Motiva_POP,0.5831490417276783,True,simple_exp,0.0
Motiva_POP,0.5831490417276783,True,simple_exp,0.0
Motiva_POP,0.5694800364446329,False,exp,0.0
Motiva_POP,0.5797762061269712,False,exp,0.0
Motiva_POP,0.563553155008818,False,exp,0.0
Motiva_POP,0.6288266227532793,False,exp,0.0
Motiva_POP,0.5938770993727455,False,exp,0.0
Motiva_POP,0.5796552175061787,False,exp,0.0
Motiva_POP,0.5794607645062031,False,exp,0.0
Motiva_POP,0.5849470095645188,True,exp,0.0
Motiva_POP,0.5849470095645188,True,exp,0.0
Motiva_POP,0.5849470095645188,True,exp,0.0
Motiva_POP,0.5849470095645188,True,exp,0.0
Motiva_POP,0.5849470095645188,True,exp,0.0
Motiva_POP,0.5849470095645188,True,exp,0.0
Motiva_POP,0.5849470095645188,True,exp,0.0
Motiva_POP,0.5694800364446329,False,holt,0.0
Motiva_POP,0.5797762061269712,False,holt,0.0
Motiva_POP,0.563553155008818,False,holt,0.0
Motiva_POP,0.6288266227532793,False,holt,0.0
Motiva_POP,0.5938770993727455,False,holt,0.0
Motiva_POP,0.5796552175061787,False,holt,0.0
Motiva_POP,0.5794607645062031,False,holt,0.0
Motiva_POP,0.6037550719220811,True,holt,0.0
Motiva_POP,0.605137000423947,True,holt,0.0
Motiva_POP,0.6062425432254398,True,holt,0.0
Motiva_POP,0.607126977466634,True,holt,0.0
Motiva_POP,0.6078345248595893,True,holt,0.0
Motiva_POP,0.6084005627739537,True,holt,0.0
Motiva_POP,0.6088533931054451,True,holt,0.0
NSSEC5,0.834893679309677,False,bayesian_ridge,0.0
NSSEC5,0.9274233660550262,False,bayesian_ridge,0.0
NSSEC5,0.8907733511254546,False,bayesian_ridge,0.0
NSSEC5,0.8025712453958663,False,bayesian_ridge,0.0
NSSEC5,0.837535469392771,False,bayesian_ridge,0.0
NSSEC5,0.8465388937767678,False,bayesian_ridge,0.0
NSSEC5,0.8507841723876662,False,bayesian_ridge,0.0
NSSEC5,0.8497789448833689,True,bayesian_ridge,0.040395701831589276
NSSEC5,0.8482765319098101,True,bayesian_ridge,0.041798445841096085
NSSEC5,0.8467741189362513,True,bayesian_ridge,0.043451456315560466
NSSEC5,0.8452717059626925,True,bayesian_ridge,0.04532736116412156
NSSEC5,0.8437692929891337,True,bayesian_ridge,0.04739970376711242
NSSEC5,0.8422668800155749,True,bayesian_ridge,0.049643889828104186
NSSEC5,0.8407644670420161,True,bayesian_ridge,0.052037691246514015
NSSEC5,0.834893679309677,False,simple_exp,0.0
NSSEC5,0.9274233660550262,False,simple_exp,0.0
NSSEC5,0.8907733511254546,False,simple_exp,0.0
NSSEC5,0.8025712453958663,False,simple_exp,0.0
NSSEC5,0.837535469392771,False,simple_exp,0.0
NSSEC5,0.8465388937767678,False,simple_exp,0.0
NSSEC5,0.8507841723876662,False,simple_exp,0.0
NSSEC5,0.8416608540852937,True,simple_exp,0.0
NSSEC5,0.8416608540852937,True,simple_exp,0.0
NSSEC5,0.8416608540852937,True,simple_exp,0.0
NSSEC5,0.8416608540852937,True,simple_exp,0.0
NSSEC5,0.8416608540852937,True,simple_exp,0.0
NSSEC5,0.8416608540852937,True,simple_exp,0.0
NSSEC5,0.8416608540852937,True,simple_exp,0.0
NSSEC5,0.834893679309677,False,exp,0.0
NSSEC5,0.9274233660550262,False,exp,0.0
NSSEC5,0.8907733511254546,False,exp,0.0
NSSEC5,0.8025712453958663,False,exp,0.0
NSSEC5,0.837535469392771,False,exp,0.0
NSSEC5,0.8465388937767678,False,exp,0.0
NSSEC5,0.8507841723876662,False,exp,0.0
NSSEC5,0.8557885917233065,True,exp,0.0
NSSEC5,0.8557885917233065,True,exp,0.0
NSSEC5,0.8557885917233065,True,exp,0.0
NSSEC5,0.8557885917233065,True,exp,0.0
NSSEC5,0.8557885917233065,True,exp,0.0
NSSEC5,0.8557885917233065,True,exp,0.0
NSSEC5,0.8557885917233065,True,exp,0.0
NSSEC5,0.834893679309677,False,holt,0.0
NSSEC5,0.9274233660550262,False,holt,0.0
NSSEC5,0.8907733511254546,False,holt,0.0
NSSEC5,0.8025712453958663,False,holt,0.0
NSSEC5,0.837535469392771,False,holt,0.0
NSSEC5,0.8465388937767678,False,holt,0.0
NSSEC5,0.8507841723876662,False,holt,0.0
NSSEC5,0.8502731434368487,True,holt,0.0
NSSEC5,0.8524992881881008,True,holt,0.0
NSSEC5,0.8542802039891026,True,holt,0.0
NSSEC5,0.855704936629904,True,holt,0.0
NSSEC5,0.8568447227425451,True,holt,0.0
NSSEC5,0.8577565516326581,True,holt,0.0
NSSEC5,0.8584860147447483,True,holt,0.0
VolAny,1.5481907718821106,False,bayesian_ridge,0.0
VolAny,1.5528700008611522,False,bayesian_ridge,0.0
VolAny,1.5708096860265115,False,bayesian_ridge,0.0
VolAny,1.3659017237376572,False,bayesian_ridge,0.0
VolAny,1.5500338807157863,False,bayesian_ridge,0.0
VolAny,1.5256537090117597,False,bayesian_ridge,0.0
VolAny,1.3660825960659593,False,bayesian_ridge,0.0
VolAny,1.4449187121813216,True,bayesian_ridge,0.08854555985692332
VolAny,1.43187901993019,True,bayesian_ridge,0.09459739684673928
VolAny,1.4188393276790583,True,bayesian_ridge,0.10150526638195985
VolAny,1.4057996354279267,True,bayesian_ridge,0.10910669553082178
VolAny,1.3927599431767952,True,bayesian_ridge,0.11726688880211636
VolAny,1.3797202509256634,True,bayesian_ridge,0.12587722471634838
VolAny,1.3666805586745319,True,bayesian_ridge,0.13485150532545745
VolAny,1.5481907718821106,False,simple_exp,0.0
VolAny,1.5528700008611522,False,simple_exp,0.0
VolAny,1.5708096860265115,False,simple_exp,0.0
VolAny,1.3659017237376572,False,simple_exp,0.0
VolAny,1.5500338807157863,False,simple_exp,0.0
VolAny,1.5256537090117597,False,simple_exp,0.0
VolAny,1.3660825960659593,False,simple_exp,0.0
VolAny,1.489075195441671,True,simple_exp,0.0
VolAny,1.489075195441671,True,simple_exp,0.0
VolAny,1.489075195441671,True,simple_exp,0.0
VolAny,1.489075195441671,True,simple_exp,0.0
VolAny,1.489075195441671,True,simple_exp,0.0
VolAny,1.489075195441671,True,simple_exp,0.0
VolAny,1.489075195441671,True,simple_exp,0.0
VolAny,1.5481907718821106,False,exp,0.0
VolAny,1.5528700008611522,False,exp,0.0
VolAny,1.5708096860265115,False,exp,0.0
VolAny,1.3659017237376572,False,exp,0.0
VolAny,1.5500338807157863,False,exp,0.0
VolAny,1.5256537090117597,False,exp,0.0
VolAny,1.3660825960659593,False,exp,0.0
VolAny,1.497077476851645,True,exp,0.0
VolAny,1.497077476851645,True,exp,0.0
VolAny,1.497077476851645,True,exp,0.0
VolAny,1.497077476851645,True,exp,0.0
VolAny,1.497077476851645,True,exp,0.0
VolAny,1.497077476851645,True,exp,0.0
VolAny,1.497077476851645,True,exp,0.0
VolAny,1.5481907718821106,False,holt,0.0
VolAny,1.5528700008611522,False,holt,0.0
VolAny,1.5708096860265115,False,holt,0.0
VolAny,1.3659017237376572,False,holt,0.0
VolAny,1.5500338807157863,False,holt,0.0
VolAny,1.5256537090117597,False,holt,0.0
VolAny,1.3660825960659593,False,holt,0.0
VolAny,1.46468912291272,True,holt,0.0
VolAny,1.456810475342889,True,holt,0.0
VolAny,1.450507557287024,True,holt,0.0
VolAny,1.4454652228423324,True,holt,0.0
VolAny,1.441431355286579,True,holt,0.0
VolAny,1.438204261241976,True,holt,0.0
VolAny,1.4356225860062939,True,holt,0.0
WorkStat10_10.0,1.3444625554781586,False,bayesian_ridge,0.0
WorkStat10_10.0,1.1201677350811965,False,bayesian_ridge,0.0
WorkStat10_10.0,0.958644429727136,False,bayesian_ridge,0.0
WorkStat10_10.0,1.0716547539280885,False,bayesian_ridge,0.0
WorkStat10_10.0,0.9614464852629384,False,bayesian_ridge,0.0
WorkStat10_10.0,1.1152188819381084,False,bayesian_ridge,0.0
WorkStat10_10.0,1.0098263255225266,False,bayesian_ridge,0.0
WorkStat10_10.0,0.9842147373369791,True,bayesian_ridge,0.12730370236774063
WorkStat10_10.0,0.9595033799948611,True,bayesian_ridge,0.1370001602764966
WorkStat10_10.0,0.9347920226527433,True,bayesian_ridge,0.14799111058657768
WorkStat10_10.0,0.9100806653106255,True,bayesian_ridge,0.16001002258334635
WorkStat10_10.0,0.8853693079685077,True,bayesian_ridge,0.1728425857802665
WorkStat10_10.0,0.8606579506263898,True,bayesian_ridge,0.18632075893175726
WorkStat10_10.0,0.835946593284272,True,bayesian_ridge,0.2003142645350417
WorkStat10_10.0,1.3444625554781586,False,simple_exp,0.0
WorkStat10_10.0,1.1201677350811965,False,simple_exp,0.0
WorkStat10_10.0,0.958644429727136,False,simple_exp,0.0
WorkStat10_10.0,1.0716547539280885,False,simple_exp,0.0
WorkStat10_10.0,0.9614464852629384,False,simple_exp,0.0
WorkStat10_10.0,1.1152188819381084,False,simple_exp,0.0
WorkStat10_10.0,1.0098263255225266,False,simple_exp,0.0
WorkStat10_10.0,1.023833118828847,True,simple_exp,0.0
WorkStat10_10.0,1.023833118828847,True,simple_exp,0.0
WorkStat10_10.0,1.023833118828847,True,simple_exp,0.0
WorkStat10_10.0,1.023833118828847,True,simple_exp,0.0
WorkStat10_10.0,1.023833118828847,True,simple_exp,0.0
WorkStat10_10.0,1.023833118828847,True,simple_exp,0.0
WorkStat10_10.0,1.023833118828847,True,simple_exp,0.0
WorkStat10_10.0,1.3444625554781586,False,exp,0.0
WorkStat10_10.0,1.1201677350811965,False,exp,0.0
WorkStat10_10.0,0.958644429727136,False,exp,0.0
WorkStat10_10.0,1.0716547539280885,False,exp,0.0
WorkStat10_10.0,0.9614464852629384,False,exp,0.0
WorkStat10_10.0,1.1152188819381084,False,exp,0.0
WorkStat10_10.0,1.0098263255225266,False,exp,0.0
WorkStat10_10.0,1.083060162595662,True,exp,0.0
WorkStat10_10.0,1.083060162595662,True,exp,0.0
WorkStat10_10.0,1.083060162595662,True,exp,0.0
WorkStat10_10.0,1.083060162595662,True,exp,0.0
WorkStat10_10.0,1.083060162595662,True,exp,0.0
WorkStat10_10.0,1.083060162595662,True,exp,0.0
WorkStat10_10.0,1.083060162595662,True,exp,0.0
WorkStat10_10.0,1.3444625554781586,False,holt,0.0
WorkStat10_10.0,1.1201677350811965,False,holt,0.0
WorkStat10_10.0,0.958644429727136,False,holt,0.0
WorkStat10_10.0,1.0716547539280885,False,holt,0.0
WorkStat10_10.0,0.9614464852629384,False,holt,0.0
WorkStat10_10.0,1.1152188819381084,False,holt,0.0
WorkStat10_10.0,1.0098263255225266,False,holt,0.0
WorkStat10_10.0,1.0233361433510564,True,holt,0.0
WorkStat10_10.0,1.0278092272278494,True,holt,0.0
WorkStat10_10.0,1.0313876943292841,True,holt,0.0
WorkStat10_10.0,1.0342504680104316,True,holt,0.0
WorkStat10_10.0,1.0365406869553497,True,holt,0.0
WorkStat10_10.0,1.0383728621112842,True,holt,0.0
WorkStat10_10.0,1.039838602236032,True,holt,0.0
WorkStat10_2.0,1.1240756430512178,False,bayesian_ridge,0.0
WorkStat10_2.0,1.0244967353486027,False,bayesian_ridge,0.0
WorkStat10_2.0,1.0769212472890382,False,bayesian_ridge,0.0
WorkStat10_2.0,1.0216525870438724,False,bayesian_ridge,0.0
WorkStat10_2.0,1.1142361770670577,False,bayesian_ridge,0.0
WorkStat10_2.0,1.0668204493932751,False,bayesian_ridge,0.0
WorkStat10_2.0,1.0066606338792363,False,bayesian_ridge,0.0
WorkStat10_2.0,1.0520022863265697,True,bayesian_ridge,0.04577145279607581
WorkStat10_2.0,1.0494720195842013,True,bayesian_ridge,0.0476573660801713
WorkStat10_2.0,1.046941752841833,True,bayesian_ridge,0.049865603857092024
WorkStat10_2.0,1.0444114860994647,True,bayesian_ridge,0.05235539714358305
WorkStat10_2.0,1.0418812193570963,True,bayesian_ridge,0.055088583461449445
WorkStat10_2.0,1.039350952614728,True,bayesian_ridge,0.058030782359130416
WorkStat10_2.0,1.0368206858723596,True,bayesian_ridge,0.06115183259995848
WorkStat10_2.0,1.1240756430512178,False,simple_exp,0.0
WorkStat10_2.0,1.0244967353486027,False,simple_exp,0.0
WorkStat10_2.0,1.0769212472890382,False,simple_exp,0.0
WorkStat10_2.0,1.0216525870438724,False,simple_exp,0.0
WorkStat10_2.0,1.1142361770670577,False,simple_exp,0.0
WorkStat10_2.0,1.0668204493932751,False,simple_exp,0.0
WorkStat10_2.0,1.0066606338792363,False,simple_exp,0.0
WorkStat10_2.0,1.0473058025766517,True,simple_exp,0.0
WorkStat10_2.0,1.0473058025766517,True,simple_exp,0.0
WorkStat10_2.0,1.0473058025766517,True,simple_exp,0.0
WorkStat10_2.0,1.0473058025766517,True,simple_exp,0.0
WorkStat10_2.0,1.0473058025766517,True,simple_exp,0.0
WorkStat10_2.0,1.0473058025766517,True,simple_exp,0.0
WorkStat10_2.0,1.0473058025766517,True,simple_exp,0.0
WorkStat10_2.0,1.1240756430512178,False,exp,0.0
WorkStat10_2.0,1.0244967353486027,False,exp,0.0
WorkStat10_2.0,1.0769212472890382,False,exp,0.0
WorkStat10_2.0,1.0216525870438724,False,exp,0.0
WorkStat10_2.0,1.1142361770670577,False,exp,0.0
WorkStat10_2.0,1.0668204493932751,False,exp,0.0
WorkStat10_2.0,1.0066606338792363,False,exp,0.0
WorkStat10_2.0,1.0621233485321684,True,exp,0.0
WorkStat10_2.0,1.0621233485321684,True,exp,0.0
WorkStat10_2.0,1.0621233485321684,True,exp,0.0
WorkStat10_2.0,1.0621233485321684,True,exp,0.0
WorkStat10_2.0,1.0621233485321684,True,exp,0.0
WorkStat10_2.0,1.0621233485321684,True,exp,0.0
WorkStat10_2.0,1.0621233485321684,True,exp,0.0
WorkStat10_2.0,1.1240756430512178,False,holt,0.0
WorkStat10_2.0,1.0244967353486027,False,holt,0.0
WorkStat10_2.0,1.0769212472890382,False,holt,0.0
WorkStat10_2.0,1.0216525870438724,False,holt,0.0
WorkStat10_2.0,1.1142361770670577,False,holt,0.0
WorkStat10_2.0,1.0668204493932751,False,holt,0.0
WorkStat10_2.0,1.0066606338792363,False,holt,0.0
WorkStat10_2.0,1.0300325525476772,True,holt,0.0
WorkStat10_2.0,1.0209912696478125,True,holt,0.0
WorkStat10_2.0,1.0137582433279206,True,holt,0.0
WorkStat10_2.0,1.007971822272007,True,holt,0.0
WorkStat10_2.0,1.0033426854272762,True,holt,0.0
WorkStat10_2.0,0.9996393759514917,True,holt,0.0
WorkStat10_2.0,0.996676728370864,True,holt,0.0
WorkStat10_3.0,1.4497822450687032,False,bayesian_ridge,0.0
WorkStat10_3.0,1.398301166855643,False,bayesian_ridge,0.0
WorkStat10_3.0,0.9345367508260508,False,bayesian_ridge,0.0
WorkStat10_3.0,1.0430516068921585,False,bayesian_ridge,0.0
WorkStat10_3.0,0.8056346281157065,False,bayesian_ridge,0.0
WorkStat10_3.0,0.9441624607286424,False,bayesian_ridge,0.0
WorkStat10_3.0,1.0162188851242646,False,bayesian_ridge,0.0
WorkStat10_3.0,0.796995979687727,True,bayesian_ridge,0.2013368124179534
WorkStat10_3.0,0.7251132694806883,True,bayesian_ridge,0.21921479186130433
WorkStat10_3.0,0.6532305592736497,True,bayesian_ridge,0.23925831392382765
WorkStat10_3.0,0.5813478490666111,True,bayesian_ridge,0.2609688860137465
WorkStat10_3.0,0.5094651388595725,True,bayesian_ridge,0.28396440098636283
WorkStat10_3.0,0.43758242865253383,True,bayesian_ridge,0.3079571487440046
WorkStat10_3.0,0.3656997184454952,True,bayesian_ridge,0.3327314724702716
WorkStat10_3.0,1.4497822450687032,False,simple_exp,0.0
WorkStat10_3.0,1.398301166855643,False,simple_exp,0.0
WorkStat10_3.0,0.9345367508260508,False,simple_exp,0.0
WorkStat10_3.0,1.0430516068921585,False,simple_exp,0.0
WorkStat10_3.0,0.8056346281157065,False,simple_exp,0.0
WorkStat10_3.0,0.9441624607286424,False,simple_exp,0.0
WorkStat10_3.0,1.0162188851242646,False,simple_exp,0.0
WorkStat10_3.0,1.0020849906483762,True,simple_exp,0.0
WorkStat10_3.0,1.0020849906483762,True,simple_exp,0.0
WorkStat10_3.0,1.0020849906483762,True,simple_exp,0.0
WorkStat10_3.0,1.0020849906483762,True,simple_exp,0.0
WorkStat10_3.0,1.0020849906483762,True,simple_exp,0.0
WorkStat10_3.0,1.0020849906483762,True,simple_exp,0.0
WorkStat10_3.0,1.0020849906483762,True,simple_exp,0.0
WorkStat10_3.0,1.4497822450687032,False,exp,0.0
WorkStat10_3.0,1.398301166855643,False,exp,0.0
WorkStat10_3.0,0.9345367508260508,False,exp,0.0
WorkStat10_3.0,1.0430516068921585,False,exp,0.0
WorkStat10_3.0,0.8056346281157065,False,exp,0.0
WorkStat10_3.0,0.9441624607286424,False,exp,0.0
WorkStat10_3.0,1.0162188851242646,False,exp,0.0
WorkStat10_3.0,1.001055269215331,True,exp,0.0
WorkStat10_3.0,1.001055269215331,True,exp,0.0
WorkStat10_3.0,1.001055269215331,True,exp,0.0
WorkStat10_3.0,1.001055269215331,True,exp,0.0
WorkStat10_3.0,1.001055269215331,True,exp,0.0
WorkStat10_3.0,1.001055269215331,True,exp,0.0
WorkStat10_3.0,1.001055269215331,True,exp,0.0
WorkStat10_3.0,1.4497822450687032,False,holt,0.0
WorkStat10_3.0,1.398301166855643,False,holt,0.0
WorkStat10_3.0,0.9345367508260508,False,holt,0.0
WorkStat10_3.0,1.0430516068921585,False,holt,0.0
WorkStat10_3.0,0.8056346281157065,False,holt,0.0
WorkStat10_3.0,0.9441624607286424,False,holt,0.0
WorkStat10_3.0,1.0162188851242646,False,holt,0.0
WorkStat10_3.0,0.8883463108783163,True,holt,0.0
WorkStat10_3.0,0.8391360847318418,True,holt,0.0
WorkStat10_3.0,0.7901719097160995,True,holt,0.0
WorkStat10_3.0,0.741452555575436,True,holt,0.0
WorkStat10_3.0,0.6929767982054758,True,holt,0.0
WorkStat10_3.0,0.6447434196223654,True,holt,0.0
WorkStat10_3.0,0.5967512079321705,True,holt,0.0
WorkStat10_4.0,0.8970826157966196,False,bayesian_ridge,0.0
WorkStat10_4.0,0.617637943171923,False,bayesian_ridge,0.0
WorkStat10_4.0,0.9933410493906156,False,bayesian_ridge,0.0
WorkStat10_4.0,0.8255805986077549,False,bayesian_ridge,0.0
WorkStat10_4.0,0.953494657721888,False,bayesian_ridge,0.0
WorkStat10_4.0,0.8892898249293055,False,bayesian_ridge,0.0
WorkStat10_4.0,0.6632511432692542,False,bayesian_ridge,0.0
WorkStat10_4.0,0.832448054624495,True,bayesian_ridge,0.13520218747572382
WorkStat10_4.0,0.8320001456774988,True,bayesian_ridge,0.13652373764726264
WorkStat10_4.0,0.8315522367305026,True,bayesian_ridge,0.13812179502290461
WorkStat10_4.0,0.8311043277835063,True,bayesian_ridge,0.13998689029953054
WorkStat10_4.0,0.8306564188365101,True,bayesian_ridge,0.14210850969357597
WorkStat10_4.0,0.8302085098895138,True,bayesian_ridge,0.14447535248317755
WorkStat10_4.0,0.8297606009425176,True,bayesian_ridge,0.14707558022717596
WorkStat10_4.0,0.8970826157966196,False,simple_exp,0.0
WorkStat10_4.0,0.617637943171923,False,simple_exp,0.0
WorkStat10_4.0,0.9933410493906156,False,simple_exp,0.0
WorkStat10_4.0,0.8255805986077549,False,simple_exp,0.0
WorkStat10_4.0,0.953494657721888,False,simple_exp,0.0
WorkStat10_4.0,0.8892898249293055,False,simple_exp,0.0
WorkStat10_4.0,0.6632511432692542,False,simple_exp,0.0
WorkStat10_4.0,0.8827022626493045,True,simple_exp,0.0
WorkStat10_4.0,0.8827022626493045,True,simple_exp,0.0
WorkStat10_4.0,0.8827022626493045,True,simple_exp,0.0
WorkStat10_4.0,0.8827022626493045,True,simple_exp,0.0
WorkStat10_4.0,0.8827022626493045,True,simple_exp,0.0
WorkStat10_4.0,0.8827022626493045,True,simple_exp,0.0
WorkStat10_4.0,0.8827022626493045,True,simple_exp,0.0
WorkStat10_4.0,0.8970826157966196,False,exp,0.0
WorkStat10_4.0,0.617637943171923,False,exp,0.0
WorkStat10_4.0,0.9933410493906156,False,exp,0.0
WorkStat10_4.0,0.8255805986077549,False,exp,0.0
WorkStat10_4.0,0.953494657721888,False,exp,0.0
WorkStat10_4.0,0.8892898249293055,False,exp,0.0
WorkStat10_4.0,0.6632511432692542,False,exp,0.0
WorkStat10_4.0,0.8342396851966942,True,exp,0.0
WorkStat10_4.0,0.8342396851966942,True,exp,0.0
WorkStat10_4.0,0.8342396851966942,True,exp,0.0
WorkStat10_4.0,0.8342396851966942,True,exp,0.0
WorkStat10_4.0,0.8342396851966942,True,exp,0.0
WorkStat10_4.0,0.8342396851966942,True,exp,0.0
WorkStat10_4.0,0.8342396851966942,True,exp,0.0
WorkStat10_4.0,0.8970826157966196,False,holt,0.0
WorkStat10_4.0,0.617637943171923,False,holt,0.0
WorkStat10_4.0,0.9933410493906156,False,holt,0.0
WorkStat10_4.0,0.8255805986077549,False,holt,0.0
WorkStat10_4.0,0.953494657721888,False,holt,0.0
WorkStat10_4.0,0.8892898249293055,False,holt,0.0
WorkStat10_4.0,0.6632511432692542,False,holt,0.0
WorkStat10_4.0,0.697190898136091,True,holt,0.0
WorkStat10_4.0,0.6409769960861011,True,holt,0.0
WorkStat10_4.0,0.5960058744461094,True,holt,0.0
WorkStat10_4.0,0.5600289771341159,True,holt,0.0
WorkStat10_4.0,0.5312474592845212,True,holt,0.0
WorkStat10_4.0,0.5082222450048454,True,holt,0.0
WorkStat10_4.0,0.4898020735811047,True,holt,0.0
WorkStat10_5.0,1.087352579760631,False,bayesian_ridge,0.0
WorkStat10_5.0,1.031731209740781,False,bayesian_ridge,0.0
WorkStat10_5.0,0.9714519586792738,False,bayesian_ridge,0.0
WorkStat10_5.0,0.9074786225895914,False,bayesian_ridge,0.0
WorkStat10_5.0,0.9473994863935896,False,bayesian_ridge,0.0
WorkStat10_5.0,1.160434855481117,False,bayesian_ridge,0.0
WorkStat10_5.0,1.0572181935592069,False,bayesian_ridge,0.0
WorkStat10_5.0,1.0252016650903688,True,bayesian_ridge,0.08362388883514976
WorkStat10_5.0,1.0256782632842398,True,bayesian_ridge,0.0848065916370712
WorkStat10_5.0,1.026154861478111,True,bayesian_ridge,0.086230090828673
WorkStat10_5.0,1.026631459671982,True,bayesian_ridge,0.08788268613092232
WorkStat10_5.0,1.0271080578658534,True,bayesian_ridge,0.08975172342017722
WorkStat10_5.0,1.0275846560597244,True,bayesian_ridge,0.09182398690014794
WorkStat10_5.0,1.0280612542535956,True,bayesian_ridge,0.09408604924018152
WorkStat10_5.0,1.087352579760631,False,simple_exp,0.0
WorkStat10_5.0,1.031731209740781,False,simple_exp,0.0
WorkStat10_5.0,0.9714519586792738,False,simple_exp,0.0
WorkStat10_5.0,0.9074786225895914,False,simple_exp,0.0
WorkStat10_5.0,0.9473994863935896,False,simple_exp,0.0
WorkStat10_5.0,1.160434855481117,False,simple_exp,0.0
WorkStat10_5.0,1.0572181935592069,False,simple_exp,0.0
WorkStat10_5.0,1.0424522152355145,True,simple_exp,0.0
WorkStat10_5.0,1.0424522152355145,True,simple_exp,0.0
WorkStat10_5.0,1.0424522152355145,True,simple_exp,0.0
WorkStat10_5.0,1.0424522152355145,True,simple_exp,0.0
WorkStat10_5.0,1.0424522152355145,True,simple_exp,0.0
WorkStat10_5.0,1.0424522152355145,True,simple_exp,0.0
WorkStat10_5.0,1.0424522152355145,True,simple_exp,0.0
WorkStat10_5.0,1.087352579760631,False,exp,0.0
WorkStat10_5.0,1.031731209740781,False,exp,0.0
WorkStat10_5.0,0.9714519586792738,False,exp,0.0
WorkStat10_5.0,0.9074786225895914,False,exp,0.0
WorkStat10_5.0,0.9473994863935896,False,exp,0.0
WorkStat10_5.0,1.160434855481117,False,exp,0.0
WorkStat10_5.0,1.0572181935592069,False,exp,0.0
WorkStat10_5.0,1.0232952672043742,True,exp,0.0
WorkStat10_5.0,1.0232952672043742,True,exp,0.0
WorkStat10_5.0,1.0232952672043742,True,exp,0.0
WorkStat10_5.0,1.0232952672043742,True,exp,0.0
WorkStat10_5.0,1.0232952672043742,True,exp,0.0
WorkStat10_5.0,1.0232952672043742,True,exp,0.0
WorkStat10_5.0,1.0232952672043742,True,exp,0.0
WorkStat10_5.0,1.087352579760631,False,holt,0.0
WorkStat10_5.0,1.031731209740781,False,holt,0.0
WorkStat10_5.0,0.9714519586792738,False,holt,0.0
WorkStat10_5.0,0.9074786225895914,False,holt,0.0
WorkStat10_5.0,0.9473994863935896,False,holt,0.0
WorkStat10_5.0,1.160434855481117,False,holt,0.0
WorkStat10_5.0,1.0572181935592069,False,holt,0.0
WorkStat10_5.0,1.0528472201659551,True,holt,0.0
WorkStat10_5.0,1.0453818462536435,True,holt,0.0
WorkStat10_5.0,1.0394095471237943,True,holt,0.0
WorkStat10_5.0,1.0346317078199148,True,holt,0.0
WorkStat10_5.0,1.0308094363768114,True,holt,0.0
WorkStat10_5.0,1.0277516192223286,True,holt,0.0
WorkStat10_5.0,1.0253053654987423,True,holt,0.0
WorkStat10_6.0,1.2424992021960544,False,bayesian_ridge,0.0
WorkStat10_6.0,0.9729128162676602,False,bayesian_ridge,0.0
WorkStat10_6.0,0.9199654647147246,False,bayesian_ridge,0.0
WorkStat10_6.0,0.868366854187087,False,bayesian_ridge,0.0
WorkStat10_6.0,0.8148295340643588,False,bayesian_ridge,0.0
WorkStat10_6.0,0.7649287134762774,False,bayesian_ridge,0.0
WorkStat10_6.0,0.7505127398948919,False,bayesian_ridge,0.0
WorkStat10_6.0,0.6293291738896883,True,bayesian_ridge,0.08700057137528257
WorkStat10_6.0,0.5604466343335013,True,bayesian_ridge,0.09530570941247307
WorkStat10_6.0,0.4915640947773142,True,bayesian_ridge,0.1045644252848789
WorkStat10_6.0,0.42268155522112716,True,bayesian_ridge,0.11454571919217418
WorkStat10_6.0,0.3537990156649402,True,bayesian_ridge,0.12507672244227125
WorkStat10_6.0,0.28491647610875315,True,bayesian_ridge,0.13602982456102278
WorkStat10_6.0,0.21603393655256609,True,bayesian_ridge,0.1473109018533844
WorkStat10_6.0,1.2424992021960544,False,simple_exp,0.0
WorkStat10_6.0,0.9729128162676602,False,simple_exp,0.0
WorkStat10_6.0,0.9199654647147246,False,simple_exp,0.0
WorkStat10_6.0,0.868366854187087,False,simple_exp,0.0
WorkStat10_6.0,0.8148295340643588,False,simple_exp,0.0
WorkStat10_6.0,0.7649287134762774,False,simple_exp,0.0
WorkStat10_6.0,0.7505127398948919,False,simple_exp,0.0
WorkStat10_6.0,0.7505127401097066,True,simple_exp,0.0
WorkStat10_6.0,0.7505127401097066,True,simple_exp,0.0
WorkStat10_6.0,0.7505127401097066,True,simple_exp,0.0
WorkStat10_6.0,0.7505127401097066,True,simple_exp,0.0
WorkStat10_6.0,0.7505127401097066,True,simple_exp,0.0
WorkStat10_6.0,0.7505127401097066,True,simple_exp,0.0
WorkStat10_6.0,0.7505127401097066,True,simple_exp,0.0
WorkStat10_6.0,1.2424992021960544,False,exp,0.0
WorkStat10_6.0,0.9729128162676602,False,exp,0.0
WorkStat10_6.0,0.9199654647147246,False,exp,0.0
WorkStat10_6.0,0.868366854187087,False,exp,0.0
WorkStat10_6.0,0.8148295340643588,False,exp,0.0
WorkStat10_6.0,0.7649287134762774,False,exp,0.0
WorkStat10_6.0,0.7505127398948919,False,exp,0.0
WorkStat10_6.0,0.7505127401097066,True,exp,0.0
WorkStat10_6.0,0.7505127401097066,True,exp,0.0
WorkStat10_6.0,0.7505127401097066,True,exp,0.0
WorkStat10_6.0,0.7505127401097066,True,exp,0.0
WorkStat10_6.0,0.7505127401097066,True,exp,0.0
WorkStat10_6.0,0.7505127401097066,True,exp,0.0
WorkStat10_6.0,0.7505127401097066,True,exp,0.0
WorkStat10_6.0,1.2424992021960544,False,holt,0.0
WorkStat10_6.0,0.9729128162676602,False,holt,0.0
WorkStat10_6.0,0.9199654647147246,False,holt,0.0
WorkStat10_6.0,0.868366854187087,False,holt,0.0
WorkStat10_6.0,0.8148295340643588,False,holt,0.0
WorkStat10_6.0,0.7649287134762774,False,holt,0.0
WorkStat10_6.0,0.7505127398948919,False,holt,0.0
WorkStat10_6.0,0.7217071147024046,True,holt,0.0
WorkStat10_6.0,0.7047476682559428,True,holt,0.0
WorkStat10_6.0,0.6911801110987735,True,holt,0.0
WorkStat10_6.0,0.6803260653730381,True,holt,0.0
WorkStat10_6.0,0.6716428287924497,True,holt,0.0
WorkStat10_6.0,0.664696239527979,True,holt,0.0
WorkStat10_6.0,0.6591389681164025,True,holt,0.0
WorkStat10_7.0,0.5424878049625798,False,bayesian_ridge,0.0
WorkStat10_7.0,0.4794383976254454,False,bayesian_ridge,0.0
WorkStat10_7.0,0.4306846024470858,False,bayesian_ridge,0.0
WorkStat10_7.0,0.4229784905275842,False,bayesian_ridge,0.0
WorkStat10_7.0,0.5563383786668034,False,bayesian_ridge,0.0
WorkStat10_7.0,0.4469621752119174,False,bayesian_ridge,0.0
WorkStat10_7.0,0.4167644664151469,False,bayesian_ridge,0.0
WorkStat10_7.0,0.45421310718421365,True,bayesian_ridge,0.056859541745057356
WorkStat10_7.0,0.4500644441282469,True,bayesian_ridge,0.05956771922559127
WorkStat10_7.0,0.44591578107228025,True,bayesian_ridge,0.06271911024802959
WorkStat10_7.0,0.4417671180163135,True,bayesian_ridge,0.06625049688232353
WorkStat10_7.0,0.43761845496034685,True,bayesian_ridge,0.070104477847636
WorkStat10_7.0,0.4334697919043801,True,bayesian_ridge,0.07423082393257717
WorkStat10_7.0,0.42932112884841345,True,bayesian_ridge,0.07858664364517366
WorkStat10_7.0,0.5424878049625798,False,simple_exp,0.0
WorkStat10_7.0,0.4794383976254454,False,simple_exp,0.0
WorkStat10_7.0,0.4306846024470858,False,simple_exp,0.0
WorkStat10_7.0,0.4229784905275842,False,simple_exp,0.0
WorkStat10_7.0,0.5563383786668034,False,simple_exp,0.0
WorkStat10_7.0,0.4469621752119174,False,simple_exp,0.0
WorkStat10_7.0,0.4167644664151469,False,simple_exp,0.0
WorkStat10_7.0,0.4508799653241773,True,simple_exp,0.0
WorkStat10_7.0,0.4508799653241773,True,simple_exp,0.0
WorkStat10_7.0,0.4508799653241773,True,simple_exp,0.0
WorkStat10_7.0,0.4508799653241773,True,simple_exp,0.0
WorkStat10_7.0,0.4508799653241773,True,simple_exp,0.0
WorkStat10_7.0,0.4508799653241773,True,simple_exp,0.0
WorkStat10_7.0,0.4508799653241773,True,simple_exp,0.0
WorkStat10_7.0,0.5424878049625798,False,exp,0.0
WorkStat10_7.0,0.4794383976254454,False,exp,0.0
WorkStat10_7.0,0.4306846024470858,False,exp,0.0
WorkStat10_7.0,0.4229784905275842,False,exp,0.0
WorkStat10_7.0,0.5563383786668034,False,exp,0.0
WorkStat10_7.0,0.4469621752119174,False,exp,0.0
WorkStat10_7.0,0.4167644664151469,False,exp,0.0
WorkStat10_7.0,0.47080775824177096,True,exp,0.0
WorkStat10_7.0,0.47080775824177096,True,exp,0.0
WorkStat10_7.0,0.47080775824177096,True,exp,0.0
WorkStat10_7.0,0.47080775824177096,True,exp,0.0
WorkStat10_7.0,0.47080775824177096,True,exp,0.0
WorkStat10_7.0,0.47080775824177096,True,exp,0.0
WorkStat10_7.0,0.47080775824177096,True,exp,0.0
WorkStat10_7.0,0.5424878049625798,False,holt,0.0
WorkStat10_7.0,0.4794383976254454,False,holt,0.0
WorkStat10_7.0,0.4306846024470858,False,holt,0.0
WorkStat10_7.0,0.4229784905275842,False,holt,0.0
WorkStat10_7.0,0.5563383786668034,False,holt,0.0
WorkStat10_7.0,0.4469621752119174,False,holt,0.0
WorkStat10_7.0,0.4167644664151469,False,holt,0.0
WorkStat10_7.0,0.4313180274425722,True,holt,0.0
WorkStat10_7.0,0.42822534361598885,True,holt,0.0
WorkStat10_7.0,0.42575119655472216,True,holt,0.0
WorkStat10_7.0,0.4237718789057088,True,holt,0.0
WorkStat10_7.0,0.4221884247864981,True,holt,0.0
WorkStat10_7.0,0.4209216614911296,True,holt,0.0
WorkStat10_7.0,0.41990825085483474,True,holt,0.0
WorkStat10_8.0,1.6656500803393128,False,bayesian_ridge,0.0
WorkStat10_8.0,1.5646193182407375,False,bayesian_ridge,0.0
WorkStat10_8.0,1.8712825239639004,False,bayesian_ridge,0.0
WorkStat10_8.0,2.059049853134657,False,bayesian_ridge,0.0
WorkStat10_8.0,1.5194234047171644,False,bayesian_ridge,0.0
WorkStat10_8.0,1.6831474816784942,False,bayesian_ridge,0.0
WorkStat10_8.0,1.459838341531912,False,bayesian_ridge,0.0
WorkStat10_8.0,1.683624663540016,True,bayesian_ridge,0.1983491413946275
WorkStat10_8.0,1.682280436439085,True,bayesian_ridge,0.19993461274858604
WorkStat10_8.0,1.6809362093381544,True,bayesian_ridge,0.2018555002103942
WorkStat10_8.0,1.6795919822372234,True,bayesian_ridge,0.2041023338004005
WorkStat10_8.0,1.6782477551362924,True,bayesian_ridge,0.2066644828403565
WorkStat10_8.0,1.6769035280353615,True,bayesian_ridge,0.20953038056543052
WorkStat10_8.0,1.6755593009344305,True,bayesian_ridge,0.21268774858800998
WorkStat10_8.0,1.6656500803393128,False,simple_exp,0.0
WorkStat10_8.0,1.5646193182407375,False,simple_exp,0.0
WorkStat10_8.0,1.8712825239639004,False,simple_exp,0.0
WorkStat10_8.0,2.059049853134657,False,simple_exp,0.0
WorkStat10_8.0,1.5194234047171644,False,simple_exp,0.0
WorkStat10_8.0,1.6831474816784942,False,simple_exp,0.0
WorkStat10_8.0,1.459838341531912,False,simple_exp,0.0
WorkStat10_8.0,1.6656500827750629,True,simple_exp,0.0
WorkStat10_8.0,1.6656500827750629,True,simple_exp,0.0
WorkStat10_8.0,1.6656500827750629,True,simple_exp,0.0
WorkStat10_8.0,1.6656500827750629,True,simple_exp,0.0
WorkStat10_8.0,1.6656500827750629,True,simple_exp,0.0
WorkStat10_8.0,1.6656500827750629,True,simple_exp,0.0
WorkStat10_8.0,1.6656500827750629,True,simple_exp,0.0
WorkStat10_8.0,1.6656500803393128,False,exp,0.0
WorkStat10_8.0,1.5646193182407375,False,exp,0.0
WorkStat10_8.0,1.8712825239639004,False,exp,0.0
WorkStat10_8.0,2.059049853134657,False,exp,0.0
WorkStat10_8.0,1.5194234047171644,False,exp,0.0
WorkStat10_8.0,1.6831474816784942,False,exp,0.0
WorkStat10_8.0,1.459838341531912,False,exp,0.0
WorkStat10_8.0,1.6890015685015938,True,exp,0.0
WorkStat10_8.0,1.6890015685015938,True,exp,0.0
WorkStat10_8.0,1.6890015685015938,True,exp,0.0
WorkStat10_8.0,1.6890015685015938,True,exp,0.0
WorkStat10_8.0,1.6890015685015938,True,exp,0.0
WorkStat10_8.0,1.6890015685015938,True,exp,0.0
WorkStat10_8.0,1.6890015685015938,True,exp,0.0
WorkStat10_8.0,1.6656500803393128,False,holt,0.0
WorkStat10_8.0,1.5646193182407375,False,holt,0.0
WorkStat10_8.0,1.8712825239639004,False,holt,0.0
WorkStat10_8.0,2.059049853134657,False,holt,0.0
WorkStat10_8.0,1.5194234047171644,False,holt,0.0
WorkStat10_8.0,1.6831474816784942,False,holt,0.0
WorkStat10_8.0,1.459838341531912,False,holt,0.0
WorkStat10_8.0,1.5411695101137703,True,holt,0.0
WorkStat10_8.0,1.527609390766791,True,holt,0.0
WorkStat10_8.0,1.5167612952892076,True,holt,0.0
WorkStat10_8.0,1.5080828189071407,True,holt,0.0
WorkStat10_8.0,1.5011400378014874,True,holt,0.0
WorkStat10_8.0,1.4955858129169646,True,holt,0.0
WorkStat10_8.0,1.4911424330093466,True,holt,0.0
WorkStat10_9.0,1.016644986352126,False,bayesian_ridge,0.0
WorkStat10_9.0,0.948410783793362,False,bayesian_ridge,0.0
WorkStat10_9.0,1.4687232003917914,False,bayesian_ridge,0.0
WorkStat10_9.0,1.1695795900167314,False,bayesian_ridge,0.0
WorkStat10_9.0,0.87565864884661,False,bayesian_ridge,0.0
WorkStat10_9.0,1.0390076823709655,False,bayesian_ridge,0.0
WorkStat10_9.0,1.28375149588539,False,bayesian_ridge,0.0
WorkStat10_9.0,1.1164800427882144,True,bayesian_ridge,0.19406489277938935
WorkStat10_9.0,1.1169651824975189,True,bayesian_ridge,0.19512858615374712
WorkStat10_9.0,1.1174503222068233,True,bayesian_ridge,0.19642083335503324
WorkStat10_9.0,1.1179354619161277,True,bayesian_ridge,0.19793715804277917
WorkStat10_9.0,1.118420601625432,True,bayesian_ridge,0.19967245530833624
WorkStat10_9.0,1.1189057413347365,True,bayesian_ridge,0.2016210713202068
WorkStat10_9.0,1.119390881044041,True,bayesian_ridge,0.20377688659020501
WorkStat10_9.0,1.016644986352126,False,simple_exp,0.0
WorkStat10_9.0,0.948410783793362,False,simple_exp,0.0
WorkStat10_9.0,1.4687232003917914,False,simple_exp,0.0
WorkStat10_9.0,1.1695795900167314,False,simple_exp,0.0
WorkStat10_9.0,0.87565864884661,False,simple_exp,0.0
WorkStat10_9.0,1.0390076823709655,False,simple_exp,0.0
WorkStat10_9.0,1.28375149588539,False,simple_exp,0.0
WorkStat10_9.0,1.0540857176140133,True,simple_exp,0.0
WorkStat10_9.0,1.0540857176140133,True,simple_exp,0.0
WorkStat10_9.0,1.0540857176140133,True,simple_exp,0.0
WorkStat10_9.0,1.0540857176140133,True,simple_exp,0.0
WorkStat10_9.0,1.0540857176140133,True,simple_exp,0.0
WorkStat10_9.0,1.0540857176140133,True,simple_exp,0.0
WorkStat10_9.0,1.0540857176140133,True,simple_exp,0.0
WorkStat10_9.0,1.016644986352126,False,exp,0.0
WorkStat10_9.0,0.948410783793362,False,exp,0.0
WorkStat10_9.0,1.4687232003917914,False,exp,0.0
WorkStat10_9.0,1.1695795900167314,False,exp,0.0
WorkStat10_9.0,0.87565864884661,False,exp,0.0
WorkStat10_9.0,1.0390076823709655,False,exp,0.0
WorkStat10_9.0,1.28375149588539,False,exp,0.0
WorkStat10_9.0,1.1145394785290925,True,exp,0.0
WorkStat10_9.0,1.1145394785290925,True,exp,0.0
WorkStat10_9.0,1.1145394785290925,True,exp,0.0
WorkStat10_9.0,1.1145394785290925,True,exp,0.0
WorkStat10_9.0,1.1145394785290925,True,exp,0.0
WorkStat10_9.0,1.1145394785290925,True,exp,0.0
WorkStat10_9.0,1.1145394785290925,True,exp,0.0
WorkStat10_9.0,1.016644986352126,False,holt,0.0
WorkStat10_9.0,0.948410783793362,False,holt,0.0
WorkStat10_9.0,1.4687232003917914,False,holt,0.0
WorkStat10_9.0,1.1695795900167314,False,holt,0.0
WorkStat10_9.0,0.87565864884661,False,holt,0.0
WorkStat10_9.0,1.0390076823709655,False,holt,0.0
WorkStat10_9.0,1.28375149588539,False,holt,0.0
WorkStat10_9.0,1.1151091430228746,True,holt,0.0
WorkStat10_9.0,1.1245738025743617,True,holt,0.0
WorkStat10_9.0,1.1321455302155514,True,holt,0.0
WorkStat10_9.0,1.1382029123285033,True,holt,0.0
WorkStat10_9.0,1.1430488180188647,True,holt,0.0
WorkStat10_9.0,1.1469255425711538,True,holt,0.0
WorkStat10_9.0,1.150026922212985,True,holt,0.0
motivd_POP,1.0110735053826625,False,bayesian_ridge,0.0
motivd_POP,1.0213442185389832,False,bayesian_ridge,0.0
motivd_POP,1.0352544885225117,False,bayesian_ridge,0.0
motivd_POP,0.9928245987336136,False,bayesian_ridge,0.0
motivd_POP,1.043369693585814,False,bayesian_ridge,0.0
motivd_POP,1.087837639991865,False,bayesian_ridge,0.0
motivd_POP,1.095633770841039,False,bayesian_ridge,0.0
motivd_POP,1.0920209718153158,True,bayesian_ridge,0.02868133447824007
motivd_POP,1.1047641463549844,True,bayesian_ridge,0.03130828914446729
motivd_POP,1.117507320894653,True,bayesian_ridge,0.034246445007867214
motivd_POP,1.1302504954343215,True,bayesian_ridge,0.03742257376267161
motivd_POP,1.1429936699739902,True,bayesian_ridge,0.040781111598272315
motivd_POP,1.1557368445136589,True,bayesian_ridge,0.04428057253673785
motivd_POP,1.1684800190533275,True,bayesian_ridge,0.047890073606064586
motivd_POP,1.0110735053826625,False,simple_exp,0.0
motivd_POP,1.0213442185389832,False,simple_exp,0.0
motivd_POP,1.0352544885225117,False,simple_exp,0.0
motivd_POP,0.9928245987336136,False,simple_exp,0.0
motivd_POP,1.043369693585814,False,simple_exp,0.0
motivd_POP,1.087837639991865,False,simple_exp,0.0
motivd_POP,1.095633770841039,False,simple_exp,0.0
motivd_POP,1.0955940561045587,True,simple_exp,0.0
motivd_POP,1.0955940561045587,True,simple_exp,0.0
motivd_POP,1.0955940561045587,True,simple_exp,0.0
motivd_POP,1.0955940561045587,True,simple_exp,0.0
motivd_POP,1.0955940561045587,True,simple_exp,0.0
motivd_POP,1.0955940561045587,True,simple_exp,0.0
motivd_POP,1.0955940561045587,True,simple_exp,0.0
motivd_POP,1.0110735053826625,False,exp,0.0
motivd_POP,1.0213442185389832,False,exp,0.0
motivd_POP,1.0352544885225117,False,exp,0.0
motivd_POP,0.9928245987336136,False,exp,0.0
motivd_POP,1.043369693585814,False,exp,0.0
motivd_POP,1.087837639991865,False,exp,0.0
motivd_POP,1.095633770841039,False,exp,0.0
motivd_POP,1.0955940561045587,True,exp,0.0
motivd_POP,1.0955940561045587,True,exp,0.0
motivd_POP,1.0955940561045587,True,exp,0.0
motivd_POP,1.0955940561045587,True,exp,0.0
motivd_POP,1.0955940561045587,True,exp,0.0
motivd_POP,1.0955940561045587,True,exp,0.0
motivd_POP,1.0955940561045587,True,exp,0.0
motivd_POP,1.0110735053826625,False,holt,0.0
motivd_POP,1.0213442185389832,False,holt,0.0
motivd_POP,1.0352544885225117,False,holt,0.0
motivd_POP,0.9928245987336136,False,holt,0.0
motivd_POP,1.043369693585814,False,holt,0.0
motivd_POP,1.087837639991865,False,holt,0.0
motivd_POP,1.095633770841039,False,holt,0.0
motivd_POP,1.0861807810623967,True,holt,0.0
motivd_POP,1.0947443242085655,True,holt,0.0
motivd_POP,1.103136635587819,True,holt,0.0
motivd_POP,1.1113611390537532,True,holt,0.0
motivd_POP,1.1194211899985245,True,holt,0.0
motivd_POP,1.1273200767217644,True,holt,0.0
motivd_POP,1.135061021772124,True,holt,0.0
nadult,0.9546278404859574,False,bayesian_ridge,0.0
nadult,1.079916951316124,False,bayesian_ridge,0.0
nadult,1.0459729470367745,False,bayesian_ridge,0.0
nadult,1.0184416636044735,False,bayesian_ridge,0.0
nadult,1.0586551619250404,False,bayesian_ridge,0.0
nadult,1.0274440524207633,False,bayesian_ridge,0.0
nadult,1.0520256799510193,False,bayesian_ridge,0.0
nadult,1.0436310234958674,True,bayesian_ridge,0.040063747843969544
nadult,1.046071483057686,True,bayesian_ridge,0.0418643905939799
nadult,1.0485119426195046,True,bayesian_ridge,0.04396513920994596
nadult,1.0509524021813232,True,bayesian_ridge,0.04632518417814458
nadult,1.0533928617431418,True,bayesian_ridge,0.048907002259109905
nadult,1.0558333213049604,True,bayesian_ridge,0.051677364563710304
nadult,1.058273780866779,True,bayesian_ridge,0.05460758284316508
nadult,0.9546278404859574,False,simple_exp,0.0
nadult,1.079916951316124,False,simple_exp,0.0
nadult,1.0459729470367745,False,simple_exp,0.0
nadult,1.0184416636044735,False,simple_exp,0.0
nadult,1.0586551619250404,False,simple_exp,0.0
nadult,1.0274440524207633,False,simple_exp,0.0
nadult,1.0520256799510193,False,simple_exp,0.0
nadult,1.0452072007996558,True,simple_exp,0.0
nadult,1.0452072007996558,True,simple_exp,0.0
nadult,1.0452072007996558,True,simple_exp,0.0
nadult,1.0452072007996558,True,simple_exp,0.0
nadult,1.0452072007996558,True,simple_exp,0.0
nadult,1.0452072007996558,True,simple_exp,0.0
nadult,1.0452072007996558,True,simple_exp,0.0
nadult,0.9546278404859574,False,exp,0.0
nadult,1.079916951316124,False,exp,0.0
nadult,1.0459729470367745,False,exp,0.0
nadult,1.0184416636044735,False,exp,0.0
nadult,1.0586551619250404,False,exp,0.0
nadult,1.0274440524207633,False,exp,0.0
nadult,1.0520256799510193,False,exp,0.0
nadult,1.0338691800387834,True,exp,0.0
nadult,1.0338691800387834,True,exp,0.0
nadult,1.0338691800387834,True,exp,0.0
nadult,1.0338691800387834,True,exp,0.0
nadult,1.0338691800387834,True,exp,0.0
nadult,1.0338691800387834,True,exp,0.0
nadult,1.0338691800387834,True,exp,0.0
nadult,0.9546278404859574,False,holt,0.0
nadult,1.079916951316124,False,holt,0.0
nadult,1.0459729470367745,False,holt,0.0
nadult,1.0184416636044735,False,holt,0.0
nadult,1.0586551619250404,False,holt,0.0
nadult,1.0274440524207633,False,holt,0.0
nadult,1.0520256799510193,False,holt,0.0
nadult,1.0444310762003393,True,holt,0.0
nadult,1.0452851280513777,True,holt,0.0
nadult,1.0459683695322084,True,holt,0.0
nadult,1.046514962716873,True,holt,0.0
nadult,1.0469522372646047,True,holt,0.0
nadult,1.04730205690279,True,holt,0.0
nadult,1.0475819126133383,True,holt,0.0
nchild,0.9887801484519676,False,bayesian_ridge,0.0
nchild,0.961172638762131,False,bayesian_ridge,0.0
nchild,0.9842700391519444,False,bayesian_ridge,0.0
nchild,1.009712566050016,False,bayesian_ridge,0.0
nchild,1.020134512597567,False,bayesian_ridge,0.0
nchild,0.9899391069046874,False,bayesian_ridge,0.0
nchild,1.0081003078135715,False,bayesian_ridge,0.0
nchild,1.0103451917869248,True,bayesian_ridge,0.018919665487515943
nchild,1.0142847283146603,True,bayesian_ridge,0.020424299724828742
nchild,1.0182242648423956,True,bayesian_ridge,0.02212477048528356
nchild,1.0221638013701309,True,bayesian_ridge,0.023979451442641606
nchild,1.0261033378978663,True,bayesian_ridge,0.025955305558598922
nchild,1.0300428744256016,True,bayesian_ridge,0.028026716798033313
nchild,1.0339824109533369,True,bayesian_ridge,0.030174011914241478
nchild,0.9887801484519676,False,simple_exp,0.0
nchild,0.961172638762131,False,simple_exp,0.0
nchild,0.9842700391519444,False,simple_exp,0.0
nchild,1.009712566050016,False,simple_exp,0.0
nchild,1.020134512597567,False,simple_exp,0.0
nchild,0.9899391069046874,False,simple_exp,0.0
nchild,1.0081003078135715,False,simple_exp,0.0
nchild,0.9887801490576743,True,simple_exp,0.0
nchild,0.9887801490576743,True,simple_exp,0.0
nchild,0.9887801490576743,True,simple_exp,0.0
nchild,0.9887801490576743,True,simple_exp,0.0
nchild,0.9887801490576743,True,simple_exp,0.0
nchild,0.9887801490576743,True,simple_exp,0.0
nchild,0.9887801490576743,True,simple_exp,0.0
nchild,0.9887801484519676,False,exp,0.0
nchild,0.961172638762131,False,exp,0.0
nchild,0.9842700391519444,False,exp,0.0
nchild,1.009712566050016,False,exp,0.0
nchild,1.020134512597567,False,exp,0.0
nchild,0.9899391069046874,False,exp,0.0
nchild,1.0081003078135715,False,exp,0.0
nchild,0.9945870408093125,True,exp,0.0
nchild,0.9945870408093125,True,exp,0.0
nchild,0.9945870408093125,True,exp,0.0
nchild,0.9945870408093125,True,exp,0.0
nchild,0.9945870408093125,True,exp,0.0
nchild,0.9945870408093125,True,exp,0.0
nchild,0.9945870408093125,True,exp,0.0
nchild,0.9887801484519676,False,holt,0.0
nchild,0.961172638762131,False,holt,0.0
nchild,0.9842700391519444,False,holt,0.0
nchild,1.009712566050016,False,holt,0.0
nchild,1.020134512597567,False,holt,0.0
nchild,0.9899391069046874,False,holt,0.0
nchild,1.0081003078135715,False,holt,0.0
nchild,1.0068310892496646,True,holt,0.0
nchild,1.0078528281623984,True,holt,0.0
nchild,1.0086702192925856,True,holt,0.0
nchild,1.0093241321967352,True,holt,0.0
nchild,1.009847262520055,True,holt,0.0
nchild,1.010265766778711,True,holt,0.0
nchild,1.0106005701856355,True,holt,0.0
