Age9,Gend3,Eth7,Disab2_POP,Educ6,NSSEC5,IMD10,WorkStat8,Child4,HHLiv9,Motiva_POP,motivd_POP,inclus_a,inclus_b,inclus_c,anxious,comm1,comm2,happy,indev,indevtry,lone,worthw,PREDS_Motiva_POP,PERTURBED_PREDS_Motiva_POP,DIFFERENCE_Motiva_POP,PREDS_motivd_POP,PERTURBED_PREDS_motivd_POP,DIFFERENCE_motivd_POP,PREDS_indev,PERTURBED_PREDS_indev,DIFFERENCE_indev,PREDS_indevtry,PERTURBED_PREDS_indevtry,DIFFERENCE_indevtry,PREDS_inclus_a,PERTURBED_PREDS_inclus_a,DIFFERENCE_inclus_a,PREDS_inclus_b,PERTURBED_PREDS_inclus_b,DIFFERENCE_inclus_b,PREDS_inclus_c,PERTURBED_PREDS_inclus_c,DIFFERENCE_inclus_c,PREDS_comm1,PERTURBED_PREDS_comm1,DIFFERENCE_comm1,PREDS_comm2,PERTURBED_PREDS_comm2,DIFFERENCE_comm2,PREDS_anxious,PERTURBED_PREDS_anxious,DIFFERENCE_anxious,PREDS_happy,PERTURBED_PREDS_happy,DIFFERENCE_happy,PREDS_lone,PERTURBED_PREDS_lone,DIFFERENCE_lone,PREDS_worthw,PERTURBED_PREDS_worthw,DIFFERENCE_worthw,labels
1,0,2,0,4,2,2,2,0,3,1.0,4.0,2.0,2.0,2.0,0.0,4.0,3.0,10.0,4.0,4.0,5.0,10.0,,,,0.33880937,0.50373155,0.16492218,0.33880937,0.33880937,0.0,0.33880937,0.33880937,0.0,0.33880937,0.42269143,0.08388206,0.33880937,0.2787776,-0.06003177,0.33880937,0.4855882,0.14677882,0.33880937,0.33880937,0.0,0.33880937,0.33880937,0.0,,,,,,,,,,,,,13
4,1,2,0,4,0,7,5,0,5,1.0,3.0,3.0,3.0,2.0,2.0,3.0,2.0,10.0,3.0,4.0,4.0,10.0,,,,0.14239845,0.27361327,0.13121483,0.14239845,0.14239845,0.0,0.14239845,0.14239845,0.0,0.14239845,0.2614934,0.11909497,0.14239845,0.082782716,-0.05961573,0.14239845,0.32610393,0.18370548,0.14239845,0.14239845,0.0,0.14239845,0.14239845,0.0,0.14239845,0.45238146,0.30998302,,,,0.14239845,0.15000854,0.0076100975,,,,12
5,0,0,0,0,0,6,3,0,3,2.0,3.0,1.0,2.0,2.0,2.0,4.0,3.0,7.0,4.0,4.0,4.0,9.0,0.9040341,0.9519055,0.04787141,0.9040341,0.9294478,0.025413752,0.9040341,0.9040341,0.0,0.9040341,0.9040341,0.0,,,,0.9040341,0.936218,0.032183945,0.9040341,0.96476007,0.060725987,0.9040341,0.9040341,0.0,0.9040341,0.9040341,0.0,0.9040341,0.50225043,-0.40178365,0.9040341,0.91074437,0.006710291,0.9040341,0.9091029,0.0050688386,0.9040341,0.970761,0.06672692,7
3,0,3,0,0,2,3,0,0,0,3.0,3.0,2.0,2.0,1.0,7.0,3.0,3.0,8.0,4.0,4.0,4.0,7.0,0.12806128,0.69614524,0.56808394,0.12806128,0.3880425,0.25998122,0.12806128,0.12806128,0.0,0.12806128,0.12806128,0.0,0.12806128,0.09919714,-0.028864138,0.12806128,0.11068292,-0.01737836,,,,0.12806128,0.12806128,0.0,0.12806128,0.12806128,0.0,0.12806128,0.22657613,0.098514855,0.12806128,0.1881699,0.060108617,0.12806128,0.16212253,0.034061253,0.12806128,0.10017018,-0.0278911,14
1,1,5,0,1,0,3,0,0,1,1.0,5.0,3.0,2.0,2.0,1.0,2.0,3.0,7.0,4.0,4.0,4.0,5.0,,,,,,,0.98776394,0.98776394,0.0,0.98776394,0.98776394,0.0,0.98776394,0.993871,0.0061070323,0.98776394,0.9929611,0.0051971674,0.98776394,0.98966485,0.0019009113,0.98776394,0.98776394,0.0,0.98776394,0.98776394,0.0,0.98776394,0.98916364,0.0013996959,0.98776394,0.99355894,0.005795002,0.98776394,0.98839885,0.0006349087,0.98776394,0.9924078,0.0046438575,11
0,1,6,0,2,2,7,1,0,7,1.0,4.0,4.0,3.0,3.0,2.0,3.0,2.0,7.0,3.0,3.0,3.0,5.0,,,,0.64856243,0.6899764,0.041413963,0.64856243,0.64856243,0.0,0.64856243,0.64856243,0.0,0.64856243,0.6617916,0.013229191,0.64856243,0.75162214,0.10305971,0.64856243,0.6604448,0.011882365,0.64856243,0.64856243,0.0,0.64856243,0.64856243,0.0,0.64856243,0.6032298,-0.04533261,0.64856243,0.46027306,-0.18828937,0.64856243,0.63144994,-0.017112494,0.64856243,0.7078319,0.059269488,25
2,1,0,0,0,1,4,0,0,0,5.0,5.0,1.0,3.0,1.0,2.0,3.0,2.0,2.0,4.0,2.0,1.0,0.0,0.056660935,0.056660935,0.0,,,,0.056660935,0.056660935,0.0,0.056660935,0.056660935,0.0,,,,0.056660935,0.27986747,0.22320653,,,,0.056660935,0.056660935,0.0,0.056660935,0.056660935,0.0,0.056660935,0.07171779,0.015056856,0.056660935,0.045071065,-0.01158987,0.056660935,0.16436797,0.10770704,0.056660935,0.051611647,-0.0050492883,15
0,1,2,0,5,3,6,6,0,7,1.0,4.0,1.0,1.0,1.0,6.0,3.0,3.0,6.0,3.0,3.0,2.0,6.0,,,,0.9858521,0.9847609,-0.0010912418,0.9858521,0.9858521,0.0,0.9858521,0.9858521,0.0,,,,,,,,,,0.9858521,0.9858521,0.0,0.9858521,0.9858521,0.0,0.9858521,0.957596,-0.028256118,0.9858521,0.97599846,-0.009853661,0.9858521,0.9843284,-0.0015237331,0.9858521,0.9958824,0.01003027,21
1,1,1,0,0,0,1,0,0,1,1.0,3.0,3.0,4.0,3.0,4.0,4.0,3.0,7.0,4.0,3.0,3.0,7.0,,,,0.9942673,0.99382824,-0.0004390478,0.9942673,0.9942673,0.0,0.9942673,0.9942673,0.0,0.9942673,0.9951916,0.0009242892,0.9942673,0.9948573,0.0005900264,0.9942673,0.9920637,-0.0022035837,0.9942673,0.9942673,0.0,0.9942673,0.9942673,0.0,0.9942673,0.9950932,0.00082594156,0.9942673,0.9941942,-7.3075294e-05,0.9942673,0.9919774,-0.0022898912,0.9942673,0.98572737,-0.008539915,11
4,0,0,0,0,0,4,1,0,0,2.0,5.0,3.0,2.0,2.0,7.0,4.0,4.0,8.0,4.0,4.0,3.0,8.0,0.9550464,0.9812275,0.026181102,,,,0.9550464,0.9550464,0.0,0.9550464,0.9550464,0.0,0.9550464,0.9825392,0.027492762,0.9550464,0.96280885,0.007762432,0.9550464,0.97771966,0.02267325,0.9550464,0.9550464,0.0,,,,0.9550464,0.903425,-0.051621437,0.9550464,0.8760899,-0.078956544,0.9550464,0.9504976,-0.004548788,0.9550464,0.9816844,0.026637971,15
3,0,0,0,2,0,1,0,0,0,2.0,5.0,2.0,4.0,2.0,6.0,2.0,2.0,8.0,5.0,5.0,5.0,8.0,0.45973605,0.7317518,0.27201575,,,,,,,,,,0.45973605,0.4318641,-0.027871937,0.45973605,0.41987413,-0.039861917,0.45973605,0.5576056,0.097869575,0.45973605,0.45973605,0.0,0.45973605,0.45973605,0.0,0.45973605,0.33042827,-0.12930778,0.45973605,0.45208228,-0.007653773,,,,0.45973605,0.5398337,0.080097675,15
0,1,2,0,5,3,4,6,3,8,4.0,5.0,4.0,5.0,3.0,4.0,3.0,3.0,4.0,4.0,3.0,3.0,2.0,0.17358847,0.25630805,0.08271958,,,,0.17358847,0.17358847,0.0,0.17358847,0.17358847,0.0,0.17358847,0.22635706,0.052768588,0.17358847,0.15951617,-0.014072299,0.17358847,0.124982506,-0.048605964,0.17358847,0.17358847,0.0,0.17358847,0.17358847,0.0,0.17358847,0.22764815,0.054059684,0.17358847,0.26959905,0.09601058,0.17358847,0.25537565,0.081787184,0.17358847,0.09932118,-0.07426729,21
1,1,1,0,0,0,1,0,0,3,1.0,2.0,1.0,3.0,2.0,3.0,3.0,3.0,6.0,4.0,4.0,2.0,8.0,,,,0.9833937,0.9891902,0.005796492,0.9833937,0.9833937,0.0,0.9833937,0.9833937,0.0,,,,0.9833937,0.98462695,0.0012332201,0.9833937,0.987473,0.0040792823,0.9833937,0.9833937,0.0,0.9833937,0.9833937,0.0,0.9833937,0.98040605,-0.0029876828,0.9833937,0.98976314,0.006369412,0.9833937,0.965744,-0.01764971,0.9833937,0.9527545,-0.030639231,11
4,1,5,0,0,0,2,0,0,5,1.0,5.0,2.0,4.0,1.0,1.0,3.0,4.0,9.0,4.0,5.0,5.0,8.0,,,,,,,0.9902304,0.9902304,0.0,,,,0.9902304,0.98223245,-0.00799793,0.9902304,0.9885966,-0.0016337633,,,,0.9902304,0.9902304,0.0,,,,0.9902304,0.99144226,0.0012118816,0.9902304,0.9902754,4.5001507e-05,,,,0.9902304,0.9693346,-0.02089578,6
3,1,2,0,1,2,4,0,1,4,2.0,4.0,3.0,3.0,3.0,7.0,3.0,3.0,6.0,3.0,3.0,4.0,7.0,0.17905654,0.49163866,0.31258214,0.17905654,0.16782919,-0.011227354,0.17905654,0.17905654,0.0,0.17905654,0.17905654,0.0,0.17905654,0.264785,0.08572845,0.17905654,0.08342079,-0.09563575,0.17905654,0.30418894,0.1251324,0.17905654,0.17905654,0.0,0.17905654,0.17905654,0.0,0.17905654,0.19651236,0.017455816,0.17905654,0.4141328,0.23507626,0.17905654,0.15940225,-0.019654289,0.17905654,0.31126854,0.132212,0
0,0,2,0,1,3,3,6,0,7,2.0,4.0,2.0,2.0,2.0,3.0,4.0,4.0,8.0,4.0,4.0,5.0,7.0,0.6230487,0.75776654,0.13471782,0.6230487,0.6841617,0.061113,0.6230487,0.6230487,0.0,0.6230487,0.6230487,0.0,0.6230487,0.572123,-0.05092573,0.6230487,0.68162084,0.058572114,0.6230487,0.74083346,0.11778474,0.6230487,0.6230487,0.0,,,,0.6230487,0.5423463,-0.080702424,0.6230487,0.665449,0.0424003,,,,0.6230487,0.6999797,0.076931,21
1,1,0,0,2,0,4,0,0,7,2.0,4.0,3.0,4.0,3.0,8.0,3.0,3.0,4.0,2.0,3.0,2.0,2.0,0.40996152,0.8873175,0.47735596,0.40996152,0.58662784,0.17666632,0.40996152,0.40996152,0.0,0.40996152,0.40996152,0.0,0.40996152,0.36723724,-0.04272428,0.40996152,0.54772246,0.13776094,0.40996152,0.36463028,-0.04533124,0.40996152,0.40996152,0.0,0.40996152,0.40996152,0.0,0.40996152,0.52115095,0.111189425,0.40996152,0.30332133,-0.10664019,0.40996152,0.3379795,-0.071982026,0.40996152,0.36276117,-0.047200352,26
1,1,1,0,0,0,6,7,1,4,2.0,5.0,2.0,2.0,2.0,6.0,2.0,2.0,8.0,5.0,4.0,4.0,9.0,0.90296704,0.95358497,0.050617933,,,,,,,0.90296704,0.90296704,0.0,0.90296704,0.8903896,-0.0125774145,0.90296704,0.9229272,0.019960165,0.90296704,0.96295553,0.0599885,0.90296704,0.90296704,0.0,0.90296704,0.90296704,0.0,0.90296704,0.98531055,0.08234352,0.90296704,0.89041746,-0.012549579,0.90296704,0.889664,-0.013303041,0.90296704,0.8467862,-0.056180835,3
2,1,2,0,0,0,3,1,0,3,3.0,3.0,2.0,3.0,2.0,9.0,3.0,2.0,9.0,1.0,3.0,5.0,2.0,0.013667039,0.020581806,0.0069147674,0.013667039,0.028476175,0.014809136,0.013667039,0.013667039,0.0,0.013667039,0.013667039,0.0,0.013667039,0.0133422045,-0.00032483414,0.013667039,0.012142857,-0.001524182,0.013667039,0.01042634,-0.003240699,0.013667039,0.013667039,0.0,0.013667039,0.013667039,0.0,0.013667039,0.07218165,0.05851461,0.013667039,0.013631513,-3.55253e-05,,,,0.013667039,0.019224808,0.005557769,17
1,1,1,0,0,0,9,0,0,3,2.0,5.0,2.0,2.0,2.0,3.0,3.0,3.0,5.0,5.0,4.0,3.0,8.0,0.8708743,0.94164336,0.07076907,,,,,,,0.8708743,0.8708743,0.0,0.8708743,0.90316266,0.032288373,0.8708743,0.9662545,0.09538019,0.8708743,0.9317599,0.06088561,0.8708743,0.8708743,0.0,0.8708743,0.8708743,0.0,0.8708743,0.9715817,0.10070741,0.8708743,0.93125665,0.060382366,0.8708743,0.7836591,-0.087215185,0.8708743,0.83266526,-0.03820902,17
5,0,1,0,0,0,1,3,0,0,2.0,4.0,2.0,3.0,2.0,2.0,2.0,3.0,8.0,4.0,3.0,2.0,8.0,0.8781991,0.9690635,0.09086442,0.8781991,0.8590918,-0.019107282,0.8781991,0.8781991,0.0,0.8781991,0.8781991,0.0,0.8781991,0.8538063,-0.024392784,0.8781991,0.9689192,0.09072012,0.8781991,0.88709515,0.008896053,0.8781991,0.8781991,0.0,0.8781991,0.8781991,0.0,0.8781991,0.5964539,-0.2817452,0.8781991,0.9115976,0.03339851,0.8781991,0.82422644,-0.05397266,0.8781991,0.9044398,0.026240706,5
2,1,0,0,0,0,3,7,2,4,1.0,4.0,3.0,4.0,4.0,2.0,2.0,3.0,4.0,4.0,5.0,2.0,7.0,,,,0.8145159,0.8213326,0.006816685,0.8145159,0.8145159,0.0,,,,0.8145159,0.8441273,0.029611409,0.8145159,0.83592486,0.021408975,0.8145159,0.87360895,0.059093058,0.8145159,0.8145159,0.0,0.8145159,0.8145159,0.0,0.8145159,0.80142945,-0.013086438,0.8145159,0.81986475,0.005348861,0.8145159,0.87083596,0.05632007,0.8145159,0.82529896,0.010783076,3
1,1,2,0,0,0,2,4,2,4,1.0,4.0,1.0,3.0,3.0,5.0,3.0,3.0,5.0,3.0,4.0,2.0,7.0,,,,0.88794726,0.8719785,-0.01596874,0.88794726,0.88794726,0.0,0.88794726,0.88794726,0.0,,,,0.88794726,0.69823533,-0.18971193,0.88794726,0.9190074,0.03106016,0.88794726,0.88794726,0.0,0.88794726,0.88794726,0.0,0.88794726,0.872318,-0.015629232,0.88794726,0.9140819,0.02613461,0.88794726,0.91291976,0.024972498,0.88794726,0.9227902,0.034842968,3
3,1,0,0,2,1,8,1,0,5,2.0,3.0,2.0,2.0,3.0,2.0,4.0,3.0,7.0,4.0,3.0,2.0,6.0,0.9538937,0.8724089,-0.081484795,0.9538937,0.96331173,0.009418011,0.9538937,0.9538937,0.0,0.9538937,0.9538937,0.0,0.9538937,0.9565509,0.002657175,0.9538937,0.9782145,0.024320781,0.9538937,0.95752394,0.003630221,0.9538937,0.9538937,0.0,0.9538937,0.9538937,0.0,0.9538937,0.87424916,-0.07964456,0.9538937,0.9516555,-0.002238214,0.9538937,0.9398531,-0.014040649,0.9538937,0.88161147,-0.072282255,4
2,1,0,0,0,0,8,0,2,4,1.0,3.0,2.0,2.0,2.0,2.0,4.0,3.0,8.0,4.0,4.0,5.0,8.0,,,,0.97241896,0.97967637,0.007257402,0.97241896,0.97241896,0.0,0.97241896,0.97241896,0.0,0.97241896,0.9727506,0.00033164024,0.97241896,0.9851591,0.012740135,0.97241896,0.98582065,0.013401687,0.97241896,0.97241896,0.0,0.97241896,0.97241896,0.0,0.97241896,0.8752192,-0.09719974,0.97241896,0.9906703,0.01825136,,,,0.97241896,0.96579236,-0.006626606,2
2,1,0,0,0,1,2,0,0,3,2.0,4.0,2.0,2.0,2.0,7.0,3.0,3.0,6.0,4.0,4.0,3.0,9.0,0.9453055,0.97047734,0.025171816,0.9453055,0.9489304,0.0036248565,0.9453055,0.9453055,0.0,0.9453055,0.9453055,0.0,0.9453055,0.923595,-0.021710515,0.9453055,0.98172164,0.036416113,0.9453055,0.95600134,0.010695815,0.9453055,0.9453055,0.0,0.9453055,0.9453055,0.0,0.9453055,0.9693755,0.024069965,0.9453055,0.9600643,0.014758766,0.9453055,0.87900966,-0.06629586,0.9453055,0.9361865,-0.009119034,17
1,1,0,0,0,1,2,0,0,3,2.0,5.0,2.0,3.0,4.0,5.0,4.0,3.0,6.0,3.0,4.0,2.0,7.0,0.83803886,0.9581027,0.12006384,,,,0.83803886,0.83803886,0.0,0.83803886,0.83803886,0.0,0.83803886,0.81838304,-0.019655824,0.83803886,0.9118292,0.07379031,0.83803886,0.88195896,0.0439201,0.83803886,0.83803886,0.0,0.83803886,0.83803886,0.0,0.83803886,0.9183362,0.08029735,0.83803886,0.8463195,0.008280635,0.83803886,0.8683194,0.03028053,0.83803886,0.5477914,-0.29024744,11
4,1,0,0,1,1,3,3,0,5,3.0,4.0,3.0,2.0,3.0,8.0,3.0,3.0,5.0,3.0,3.0,3.0,6.0,0.9045873,0.896118,-0.008469343,0.9045873,0.8695901,-0.034997225,0.9045873,0.9045873,0.0,0.9045873,0.9045873,0.0,0.9045873,0.92833793,0.023750603,0.9045873,0.9228275,0.018240154,0.9045873,0.8473585,-0.057228804,0.9045873,0.9045873,0.0,0.9045873,0.9045873,0.0,0.9045873,0.9309504,0.026363075,0.9045873,0.89176106,-0.012826264,0.9045873,0.8281513,-0.07643604,0.9045873,0.9160975,0.011510193,22
4,1,0,0,0,0,8,3,0,8,1.0,5.0,2.0,2.0,2.0,1.0,4.0,3.0,7.0,4.0,4.0,4.0,8.0,,,,,,,0.98316884,0.98316884,0.0,0.98316884,0.98316884,0.0,0.98316884,0.98122036,-0.0019484758,0.98316884,0.97662735,-0.0065414906,0.98316884,0.9867509,0.0035820603,0.98316884,0.98316884,0.0,0.98316884,0.98316884,0.0,0.98316884,0.9866344,0.0034655333,0.98316884,0.9828631,-0.00030571222,0.98316884,0.9814084,-0.0017604232,0.98316884,0.98649955,0.0033307076,7
3,1,1,0,0,0,4,0,0,0,1.0,4.0,1.0,1.0,1.0,3.0,3.0,3.0,7.0,4.0,3.0,3.0,7.0,,,,0.9926319,0.99454826,0.0019163489,0.9926319,0.9926319,0.0,0.9926319,0.9926319,0.0,,,,,,,,,,0.9926319,0.9926319,0.0,0.9926319,0.9926319,0.0,0.9926319,0.9860377,-0.0065942407,0.9926319,0.97099876,-0.021633148,0.9926319,0.97959775,-0.013034165,0.9926319,0.9954638,0.0028318763,20
2,1,4,0,0,0,2,0,0,3,3.0,3.0,2.0,2.0,2.0,5.0,3.0,3.0,5.0,3.0,4.0,3.0,6.0,0.5105497,0.77428824,0.2637385,0.5105497,0.85199505,0.34144533,0.5105497,0.5105497,0.0,0.5105497,0.5105497,0.0,0.5105497,0.40498558,-0.10556415,0.5105497,0.63632214,0.12577242,0.5105497,0.45725986,-0.05328986,0.5105497,0.5105497,0.0,0.5105497,0.5105497,0.0,0.5105497,0.5445591,0.034009397,0.5105497,0.61527234,0.10472262,0.5105497,0.40884897,-0.10170075,0.5105497,0.4423342,-0.06821552,17
1,0,2,0,0,0,7,0,0,0,2.0,4.0,1.0,1.0,1.0,5.0,4.0,1.0,3.0,4.0,4.0,5.0,2.0,0.130097,0.10600311,-0.024093889,0.130097,0.27534145,0.14524445,0.130097,0.130097,0.0,0.130097,0.130097,0.0,,,,,,,,,,0.130097,0.130097,0.0,0.130097,0.130097,0.0,0.130097,0.34912163,0.21902463,0.130097,0.1386071,0.008510098,,,,0.130097,0.35924482,0.22914782,17
2,1,2,0,1,0,5,1,1,2,2.0,4.0,2.0,2.0,3.0,5.0,3.0,3.0,5.0,3.0,3.0,3.0,5.0,0.2932066,0.53065854,0.23745194,0.2932066,0.3577323,0.06452569,0.2932066,0.2932066,0.0,0.2932066,0.2932066,0.0,0.2932066,0.25612816,-0.03707844,0.2932066,0.29263142,-0.0005751848,0.2932066,0.15164256,-0.14156404,0.2932066,0.2932066,0.0,0.2932066,0.2932066,0.0,0.2932066,0.3240142,0.030807585,0.2932066,0.35123226,0.058025658,0.2932066,0.2436102,-0.0495964,0.2932066,0.35243386,0.059227258,1
5,1,1,0,0,0,4,0,1,8,2.0,5.0,2.0,2.0,2.0,2.0,4.0,3.0,8.0,4.0,4.0,5.0,9.0,0.8887083,0.96158874,0.07288045,,,,0.8887083,0.8887083,0.0,0.8887083,0.8887083,0.0,0.8887083,0.8703178,-0.018390477,0.8887083,0.9221364,0.033428133,0.8887083,0.9425566,0.053848326,0.8887083,0.8887083,0.0,0.8887083,0.8887083,0.0,0.8887083,0.8609444,-0.027763903,0.8887083,0.78488564,-0.10382265,,,,0.8887083,0.91157764,0.022869349,18
4,0,3,0,0,1,2,0,0,0,1.0,3.0,3.0,2.0,2.0,6.0,2.0,4.0,5.0,3.0,4.0,2.0,8.0,,,,0.7722896,0.82621884,0.05392927,0.7722896,0.7722896,0.0,0.7722896,0.7722896,0.0,0.7722896,0.7539918,-0.018297791,0.7722896,0.8160615,0.043771923,0.7722896,0.88400036,0.11171079,0.7722896,0.7722896,0.0,,,,0.7722896,0.82383454,0.051544964,0.7722896,0.90166587,0.12937629,0.7722896,0.83673215,0.064442575,0.7722896,0.71114445,-0.061145127,6
3,1,0,0,0,1,7,0,1,4,1.0,2.0,2.0,1.0,2.0,6.0,4.0,3.0,9.0,4.0,4.0,4.0,8.0,,,,0.864032,0.84280074,-0.021231234,0.864032,0.864032,0.0,0.864032,0.864032,0.0,0.864032,0.83844113,-0.025590837,,,,0.864032,0.8501087,-0.013923287,0.864032,0.864032,0.0,0.864032,0.864032,0.0,0.864032,0.9884814,0.12444943,0.864032,0.8297261,-0.03430587,0.864032,0.9396269,0.0755949,0.864032,0.84509146,-0.018940508,3
3,0,2,0,0,0,5,0,0,3,2.0,4.0,2.0,2.0,2.0,6.0,3.0,3.0,9.0,4.0,4.0,4.0,9.0,0.7519539,0.9210691,0.16911519,0.7519539,0.78300315,0.031049252,0.7519539,0.7519539,0.0,0.7519539,0.7519539,0.0,0.7519539,0.7332531,-0.018700778,0.7519539,0.76009685,0.008142948,0.7519539,0.8560592,0.104105294,0.7519539,0.7519539,0.0,0.7519539,0.7519539,0.0,0.7519539,0.9274479,0.17549402,0.7519539,0.7414799,-0.010474026,0.7519539,0.8265503,0.074596405,0.7519539,0.72014177,-0.03181213,23
0,1,2,0,1,3,5,6,0,7,2.0,4.0,2.0,2.0,2.0,4.0,3.0,3.0,8.0,4.0,4.0,3.0,8.0,0.81349325,0.9252598,0.11176658,0.81349325,0.7839538,-0.029539466,0.81349325,0.81349325,0.0,0.81349325,0.81349325,0.0,0.81349325,0.75769186,-0.05580139,0.81349325,0.9108175,0.09732425,0.81349325,0.86882627,0.05533302,0.81349325,0.81349325,0.0,0.81349325,0.81349325,0.0,0.81349325,0.65317434,-0.16031891,0.81349325,0.84986293,0.03636968,0.81349325,0.772582,-0.040911257,0.81349325,0.8288776,0.015384376,21
2,1,2,0,0,0,4,1,1,4,1.0,4.0,1.0,1.0,1.0,5.0,2.0,3.0,7.0,4.0,4.0,4.0,8.0,,,,0.97468215,0.97131383,-0.003368318,0.97468215,0.97468215,0.0,0.97468215,0.97468215,0.0,,,,,,,,,,0.97468215,0.97468215,0.0,0.97468215,0.97468215,0.0,0.97468215,0.9604453,-0.014236867,0.97468215,0.98026407,0.0055819154,0.97468215,0.98008245,0.0054003,0.97468215,0.92268336,-0.051998794,3
2,0,0,0,0,0,7,0,2,4,2.0,4.0,1.0,1.0,1.0,2.0,4.0,2.0,10.0,4.0,2.0,4.0,6.0,0.99222356,0.98728174,-0.004941821,0.99222356,0.9946837,0.002460122,0.99222356,0.99222356,0.0,0.99222356,0.99222356,0.0,,,,,,,,,,0.99222356,0.99222356,0.0,0.99222356,0.99222356,0.0,0.99222356,0.9815693,-0.010654271,,,,0.99222356,0.9757283,-0.016495287,0.99222356,0.99055696,-0.0016666055,2
0,0,2,0,2,3,3,6,0,7,1.0,5.0,1.0,2.0,2.0,4.0,1.0,1.0,7.0,4.0,4.0,2.0,5.0,,,,,,,0.5257422,0.5257422,0.0,0.5257422,0.5257422,0.0,,,,0.5257422,0.6223497,0.09660751,0.5257422,0.63447475,0.10873258,0.5257422,0.5257422,0.0,0.5257422,0.5257422,0.0,0.5257422,0.37736604,-0.14837614,0.5257422,0.49351093,-0.03223124,0.5257422,0.37395567,-0.1517865,0.5257422,0.8445313,0.31878912,21
1,1,2,0,0,0,9,0,0,8,2.0,4.0,2.0,3.0,2.0,3.0,4.0,3.0,6.0,3.0,3.0,2.0,7.0,0.59452015,0.7511642,0.15664405,0.59452015,0.72499365,0.1304735,0.59452015,0.59452015,0.0,0.59452015,0.59452015,0.0,0.59452015,0.5826851,-0.011835039,0.59452015,0.5207191,-0.07380104,0.59452015,0.73832124,0.1438011,0.59452015,0.59452015,0.0,0.59452015,0.59452015,0.0,0.59452015,0.7287074,0.13418722,0.59452015,0.71117836,0.11665821,0.59452015,0.60535413,0.010833979,0.59452015,0.4111029,-0.18341726,26
7,0,1,0,0,4,2,3,0,0,5.0,4.0,3.0,3.0,3.0,0.0,3.0,3.0,2.0,3.0,3.0,3.0,5.0,0.09386172,0.09386172,0.0,0.09386172,0.049383797,-0.044477925,0.09386172,0.09386172,0.0,0.09386172,0.09386172,0.0,0.09386172,0.08129876,-0.01256296,0.09386172,0.300773,0.20691127,0.09386172,0.058436133,-0.03542559,0.09386172,0.09386172,0.0,0.09386172,0.09386172,0.0,,,,0.09386172,0.040190153,-0.05367157,0.09386172,0.12432314,0.030461416,0.09386172,0.120545596,0.026683874,24
0,1,0,0,0,3,7,6,0,1,1.0,5.0,2.0,2.0,1.0,1.0,4.0,3.0,9.0,4.0,5.0,3.0,9.0,,,,,,,0.9983365,0.9983365,0.0,,,,0.9983365,0.99862313,0.00028663874,0.9983365,0.99910223,0.0007657409,,,,0.9983365,0.9983365,0.0,0.9983365,0.9983365,0.0,0.9983365,0.9972627,-0.0010737777,0.9983365,0.9986891,0.00035262108,0.9983365,0.99201256,-0.0063239336,0.9983365,0.998099,-0.0002374649,8
1,0,0,0,2,0,1,2,0,3,2.0,4.0,2.0,4.0,2.0,6.0,2.0,3.0,5.0,2.0,3.0,3.0,7.0,0.8621311,0.9769653,0.11483419,0.8621311,0.8818172,0.019686103,0.8621311,0.8621311,0.0,0.8621311,0.8621311,0.0,0.8621311,0.78619385,-0.07593727,0.8621311,0.9506893,0.0885582,0.8621311,0.85368454,-0.008446574,0.8621311,0.8621311,0.0,0.8621311,0.8621311,0.0,0.8621311,0.78492934,-0.07720178,0.8621311,0.92689466,0.064763546,0.8621311,0.8224123,-0.039718807,0.8621311,0.7507942,-0.11133695,9
0,0,4,0,1,3,6,6,0,1,1.0,5.0,2.0,3.0,2.0,2.0,3.0,3.0,8.0,5.0,4.0,3.0,7.0,,,,,,,,,,0.9967597,0.9967597,0.0,0.9967597,0.99552155,-0.0012381673,0.9967597,0.997349,0.0005893111,0.9967597,0.9982052,0.0014454722,0.9967597,0.9967597,0.0,0.9967597,0.9967597,0.0,0.9967597,0.99713767,0.00037795305,0.9967597,0.9981494,0.0013896823,0.9967597,0.9970482,0.00028848648,0.9967597,0.9935802,-0.0031794906,8
0,0,2,0,2,3,3,6,0,7,1.0,4.0,2.0,2.0,2.0,2.0,3.0,2.0,8.0,4.0,4.0,4.0,8.0,,,,0.7783953,0.8069081,0.028512776,0.7783953,0.7783953,0.0,0.7783953,0.7783953,0.0,0.7783953,0.7373181,-0.041077197,0.7783953,0.8959001,0.117504776,0.7783953,0.7582026,-0.020192683,0.7783953,0.7783953,0.0,0.7783953,0.7783953,0.0,0.7783953,0.7568838,-0.021511495,0.7783953,0.8663264,0.0879311,0.7783953,0.7775934,-0.0008019209,0.7783953,0.7641832,-0.014212072,21
4,1,2,0,0,1,5,1,0,5,1.0,4.0,2.0,2.0,2.0,0.0,3.0,2.0,10.0,5.0,5.0,5.0,10.0,,,,0.4327794,0.6063043,0.17352489,,,,,,,0.4327794,0.46748266,0.034703255,0.4327794,0.45237678,0.019597381,0.4327794,0.42527074,-0.0075086653,0.4327794,0.4327794,0.0,0.4327794,0.4327794,0.0,,,,,,,,,,,,,12
1,0,6,0,0,0,3,0,0,3,1.0,4.0,1.0,1.0,1.0,4.0,1.0,4.0,8.0,5.0,5.0,4.0,9.0,,,,0.9924776,0.99013954,-0.0023380518,,,,,,,,,,,,,,,,0.9924776,0.9924776,0.0,,,,0.9924776,0.9978388,0.0053611994,0.9924776,0.9932134,0.00073581934,0.9924776,0.9940078,0.00153023,0.9924776,0.96946824,-0.02300936,10
6,0,0,0,5,4,2,3,0,3,2.0,4.0,2.0,2.0,2.0,0.0,3.0,3.0,10.0,3.0,3.0,5.0,9.0,0.40764734,0.8418059,0.43415853,0.40764734,0.5383545,0.13070717,0.40764734,0.40764734,0.0,0.40764734,0.40764734,0.0,0.40764734,0.32401285,-0.083634496,0.40764734,0.4054014,-0.0022459328,0.40764734,0.3452775,-0.062369853,0.40764734,0.40764734,0.0,0.40764734,0.40764734,0.0,,,,,,,,,,0.40764734,0.46383664,0.0561893,19
1,0,3,0,0,0,3,0,0,7,1.0,3.0,2.0,2.0,2.0,0.0,3.0,3.0,5.0,4.0,4.0,4.0,5.0,,,,0.74638575,0.7878153,0.04142952,0.74638575,0.74638575,0.0,0.74638575,0.74638575,0.0,0.74638575,0.6807194,-0.06566638,0.74638575,0.8638131,0.11742735,0.74638575,0.8316271,0.08524132,0.74638575,0.74638575,0.0,0.74638575,0.74638575,0.0,,,,0.74638575,0.7521389,0.0057531595,0.74638575,0.75107,0.0046842694,0.74638575,0.81596005,0.0695743,26
5,0,0,0,0,0,8,3,0,3,1.0,5.0,2.0,2.0,2.0,1.0,4.0,4.0,9.0,4.0,5.0,4.0,8.0,,,,,,,0.9396419,0.9396419,0.0,,,,0.9396419,0.92037773,-0.019264162,0.9396419,0.9342714,-0.0053704977,0.9396419,0.9573621,0.017720222,0.9396419,0.9396419,0.0,,,,0.9396419,0.9199595,-0.019682407,0.9396419,0.9542012,0.014559329,0.9396419,0.9342407,-0.005401194,0.9396419,0.9674004,0.02775848,7
3,1,0,0,0,2,9,1,1,4,2.0,4.0,2.0,2.0,2.0,10.0,3.0,3.0,6.0,3.0,3.0,4.0,8.0,0.9050206,0.9251104,0.020089805,0.9050206,0.9184083,0.01338768,0.9050206,0.9050206,0.0,0.9050206,0.9050206,0.0,0.9050206,0.8563445,-0.048676074,0.9050206,0.9327997,0.027779102,0.9050206,0.9363291,0.03130853,0.9050206,0.9050206,0.0,0.9050206,0.9050206,0.0,0.9050206,0.8252224,-0.07979822,0.9050206,0.90203804,-0.0029825568,0.9050206,0.8915222,-0.013498366,0.9050206,0.9253229,0.020302296,3
1,0,5,0,0,0,2,0,0,7,1.0,4.0,4.0,4.0,3.0,7.0,2.0,2.0,4.0,3.0,4.0,1.0,4.0,,,,0.9919316,0.9965719,0.004640281,0.9919316,0.9919316,0.0,0.9919316,0.9919316,0.0,0.9919316,0.989562,-0.0023696423,0.9919316,0.9958616,0.0039299726,0.9919316,0.9889059,-0.0030257106,0.9919316,0.9919316,0.0,0.9919316,0.9919316,0.0,0.9919316,0.9882256,-0.003706038,0.9919316,0.9869752,-0.0049564242,0.9919316,0.98821914,-0.0037124753,0.9919316,0.99326754,0.0013359189,26
2,0,0,0,0,0,5,0,0,3,2.0,2.0,1.0,1.0,1.0,0.0,4.0,3.0,8.0,4.0,2.0,3.0,7.0,0.9534389,0.99119884,0.03775996,0.9534389,0.97445303,0.021014154,0.9534389,0.9534389,0.0,0.9534389,0.9534389,0.0,,,,,,,,,,0.9534389,0.9534389,0.0,0.9534389,0.9534389,0.0,,,,0.9534389,0.9890297,0.035590827,0.9534389,0.96188754,0.00844866,0.9534389,0.9650455,0.011606634,17
2,1,0,0,1,0,7,1,1,4,2.0,4.0,3.0,2.0,2.0,2.0,2.0,2.0,9.0,3.0,3.0,5.0,8.0,0.95414317,0.99007404,0.035930872,0.95414317,0.95402706,-0.00011610985,0.95414317,0.95414317,0.0,0.95414317,0.95414317,0.0,0.95414317,0.9760835,0.02194035,0.95414317,0.9481104,-0.006032765,0.95414317,0.9437988,-0.010344386,0.95414317,0.95414317,0.0,0.95414317,0.95414317,0.0,0.95414317,0.9502617,-0.0038814545,0.95414317,0.9410062,-0.013136983,,,,0.95414317,0.95619315,0.0020499825,3
2,1,2,0,0,0,6,0,1,4,2.0,5.0,4.0,2.0,1.0,8.0,2.0,3.0,2.0,4.0,4.0,2.0,7.0,0.972399,0.9777579,0.005358875,,,,0.972399,0.972399,0.0,0.972399,0.972399,0.0,0.972399,0.9428097,-0.029589295,0.972399,0.9744256,0.0020266175,,,,0.972399,0.972399,0.0,0.972399,0.972399,0.0,0.972399,0.94539136,-0.02700764,0.972399,0.9784293,0.006030321,0.972399,0.98054755,0.008148551,0.972399,0.9698131,-0.002585888,3
0,1,5,0,1,3,0,6,0,7,2.0,4.0,2.0,2.0,2.0,9.0,2.0,2.0,9.0,4.0,4.0,3.0,3.0,0.8419196,0.92915434,0.087234735,0.8419196,0.92152137,0.079601765,0.8419196,0.8419196,0.0,0.8419196,0.8419196,0.0,0.8419196,0.7993938,-0.042525828,0.8419196,0.8955891,0.053669512,0.8419196,0.79667526,-0.045244336,0.8419196,0.8419196,0.0,0.8419196,0.8419196,0.0,0.8419196,0.92372376,0.08180416,0.8419196,0.882004,0.04008442,0.8419196,0.74262196,-0.09929764,0.8419196,0.8365427,-0.0053768754,21
3,1,0,0,1,1,5,4,0,0,1.0,5.0,3.0,2.0,2.0,1.0,3.0,3.0,9.0,5.0,5.0,4.0,8.0,,,,,,,,,,,,,0.44024506,0.6274362,0.18719116,0.44024506,0.53384036,0.093595296,0.44024506,0.47597185,0.035726786,0.44024506,0.44024506,0.0,0.44024506,0.44024506,0.0,0.44024506,0.716687,0.27644196,0.44024506,0.2751295,-0.16511557,0.44024506,0.5623888,0.122143716,0.44024506,0.3727191,-0.06752595,12
1,0,0,0,0,0,3,0,0,1,2.0,4.0,2.0,2.0,2.0,4.0,4.0,3.0,8.0,4.0,3.0,2.0,8.0,0.98250085,0.99609226,0.013591409,0.98250085,0.98700976,0.0045089126,0.98250085,0.98250085,0.0,0.98250085,0.98250085,0.0,0.98250085,0.9827847,0.00028383732,0.98250085,0.9944772,0.011976361,0.98250085,0.9889613,0.0064604282,0.98250085,0.98250085,0.0,0.98250085,0.98250085,0.0,0.98250085,0.92201453,-0.060486317,0.98250085,0.97756857,-0.0049322844,0.98250085,0.986245,0.0037441254,0.98250085,0.98685944,0.0043585896,11
3,0,1,0,0,0,7,1,1,4,1.0,4.0,1.0,2.0,2.0,4.0,4.0,3.0,7.0,3.0,3.0,3.0,7.0,,,,0.9809123,0.9812345,0.0003221631,0.9809123,0.9809123,0.0,0.9809123,0.9809123,0.0,,,,0.9809123,0.9842733,0.0033609867,0.9809123,0.98731935,0.0064070225,0.9809123,0.9809123,0.0,0.9809123,0.9809123,0.0,0.9809123,0.9467713,-0.034141004,0.9809123,0.9533104,-0.027601957,0.9809123,0.98493874,0.004026413,0.9809123,0.988155,0.0072426796,2
2,1,6,0,0,0,7,5,0,0,3.0,5.0,2.0,4.0,2.0,4.0,4.0,2.0,4.0,2.0,4.0,1.0,1.0,0.4784621,0.35008383,-0.12837827,,,,0.4784621,0.4784621,0.0,0.4784621,0.4784621,0.0,0.4784621,0.5308337,0.05237162,0.4784621,0.45820758,-0.020254523,0.4784621,0.49842307,0.01996097,0.4784621,0.4784621,0.0,0.4784621,0.4784621,0.0,0.4784621,0.5013547,0.022892594,0.4784621,0.6368225,0.15836042,0.4784621,0.76320684,0.28474474,0.4784621,0.6795737,0.20111161,14
1,0,0,0,0,0,6,0,0,3,1.0,4.0,3.0,2.0,2.0,4.0,3.0,3.0,7.0,4.0,3.0,3.0,7.0,,,,0.9712723,0.9746327,0.0033603907,0.9712723,0.9712723,0.0,0.9712723,0.9712723,0.0,0.9712723,0.9852646,0.01399231,0.9712723,0.9887467,0.017474413,0.9712723,0.98185366,0.010581374,0.9712723,0.9712723,0.0,0.9712723,0.9712723,0.0,0.9712723,0.9502425,-0.02102977,0.9712723,0.95818335,-0.013088942,0.9712723,0.9690083,-0.0022639632,0.9712723,0.9849531,0.013680816,10
3,1,0,0,1,1,4,2,0,3,2.0,4.0,1.0,1.0,2.0,1.0,3.0,3.0,8.0,4.0,4.0,2.0,7.0,0.6574848,0.86060166,0.20311683,0.6574848,0.81701887,0.15953404,0.6574848,0.6574848,0.0,0.6574848,0.6574848,0.0,,,,,,,0.6574848,0.77620965,0.11872482,0.6574848,0.6574848,0.0,0.6574848,0.6574848,0.0,0.6574848,0.55607086,-0.101413965,0.6574848,0.64280534,-0.0146794915,0.6574848,0.74193496,0.084450126,0.6574848,0.8210732,0.16358835,4
1,1,0,0,0,0,3,0,0,3,1.0,2.0,1.0,2.0,3.0,6.0,3.0,4.0,8.0,4.0,4.0,3.0,8.0,,,,0.917047,0.9183147,0.0012676716,0.917047,0.917047,0.0,0.917047,0.917047,0.0,,,,0.917047,0.9706506,0.05360359,0.917047,0.9602478,0.04320079,0.917047,0.917047,0.0,,,,0.917047,0.97062105,0.053574026,0.917047,0.91109705,-0.005949974,0.917047,0.8253547,-0.09169233,0.917047,0.9259052,0.008858204,10
3,0,0,0,0,0,8,0,1,4,1.0,1.0,1.0,1.0,1.0,0.0,3.0,3.0,9.0,5.0,5.0,5.0,10.0,,,,0.9931498,0.9958282,0.0026783943,,,,,,,,,,,,,,,,0.9931498,0.9931498,0.0,0.9931498,0.9931498,0.0,,,,0.9931498,0.9913182,-0.0018315911,,,,,,,2
1,1,4,0,0,3,3,6,0,3,4.0,3.0,2.0,4.0,2.0,8.0,4.0,3.0,2.0,3.0,4.0,3.0,2.0,0.049918775,0.056635655,0.006716881,0.049918775,0.098985575,0.0490668,0.049918775,0.049918775,0.0,0.049918775,0.049918775,0.0,0.049918775,0.040107694,-0.009811081,0.049918775,0.05863732,0.0087185465,0.049918775,0.029240327,-0.020678448,0.049918775,0.049918775,0.0,0.049918775,0.049918775,0.0,0.049918775,0.09821491,0.048296135,0.049918775,0.04721096,-0.002707813,0.049918775,0.054327738,0.004408963,0.049918775,0.11652105,0.066602275,8
4,0,6,0,0,1,2,0,0,0,3.0,5.0,4.0,3.0,5.0,1.0,3.0,4.0,7.0,3.0,4.0,3.0,8.0,0.22552161,0.7019456,0.47642398,,,,0.22552161,0.22552161,0.0,0.22552161,0.22552161,0.0,0.22552161,0.33010033,0.10457872,0.22552161,0.77688074,0.5513591,0.22552161,0.23955974,0.014038131,0.22552161,0.22552161,0.0,,,,0.22552161,0.32500267,0.09948106,0.22552161,0.3718755,0.14635389,0.22552161,0.31932235,0.09380074,0.22552161,0.15239936,-0.07312225,15
1,0,0,0,2,1,6,0,0,3,2.0,3.0,2.0,2.0,2.0,1.0,4.0,3.0,7.0,4.0,4.0,2.0,6.0,0.7366367,0.94148725,0.20485055,0.7366367,0.7938858,0.05724913,0.7366367,0.7366367,0.0,0.7366367,0.7366367,0.0,0.7366367,0.7668034,0.030166686,0.7366367,0.9077254,0.1710887,0.7366367,0.9191897,0.182553,0.7366367,0.7366367,0.0,0.7366367,0.7366367,0.0,0.7366367,0.73612577,-0.000510931,0.7366367,0.8416447,0.105008006,0.7366367,0.77724284,0.04060614,0.7366367,0.68727183,-0.049364865,9
5,1,0,0,0,0,5,3,0,0,2.0,4.0,2.0,3.0,2.0,0.0,4.0,4.0,8.0,3.0,4.0,5.0,8.0,0.74652135,0.9451502,0.19862884,0.74652135,0.7391229,-0.0073984265,0.74652135,0.74652135,0.0,0.74652135,0.74652135,0.0,0.74652135,0.74652135,0.0,0.74652135,0.80903625,0.0625149,0.74652135,0.9476977,0.20117635,0.74652135,0.74652135,0.0,,,,,,,0.74652135,0.6544378,-0.09208357,,,,0.74652135,0.6523143,-0.09420705,5
2,0,2,0,0,0,6,0,0,3,1.0,5.0,2.0,2.0,2.0,6.0,4.0,3.0,7.0,4.0,4.0,3.0,5.0,,,,,,,0.8801404,0.8801404,0.0,0.8801404,0.8801404,0.0,0.8801404,0.8775443,-0.00259614,0.8801404,0.88688433,0.006743908,0.8801404,0.9263121,0.046171665,0.8801404,0.8801404,0.0,0.8801404,0.8801404,0.0,0.8801404,0.9253891,0.045248687,0.8801404,0.76867336,-0.11146706,0.8801404,0.8808159,0.00067549944,0.8801404,0.96745336,0.08731294,10
2,1,3,0,0,0,7,0,0,3,1.0,5.0,1.0,5.0,1.0,6.0,1.0,1.0,4.0,4.0,4.0,1.0,6.0,,,,,,,0.92207605,0.92207605,0.0,0.92207605,0.92207605,0.0,,,,0.92207605,0.9198517,-0.0022243261,,,,0.92207605,0.92207605,0.0,0.92207605,0.92207605,0.0,0.92207605,0.9506831,0.02860707,0.92207605,0.9419639,0.019887865,0.92207605,0.9579179,0.035841882,0.92207605,0.95526826,0.033192217,20
4,1,0,0,0,0,4,1,0,0,2.0,3.0,3.0,2.0,2.0,5.0,4.0,3.0,5.0,3.0,4.0,3.0,4.0,0.8240632,0.85255826,0.028495073,0.8240632,0.837342,0.013278842,0.8240632,0.8240632,0.0,0.8240632,0.8240632,0.0,0.8240632,0.85156554,0.027502358,0.8240632,0.90446156,0.08039838,0.8240632,0.8613042,0.03724104,0.8240632,0.8240632,0.0,0.8240632,0.8240632,0.0,0.8240632,0.8802111,0.056147933,0.8240632,0.9054769,0.081413746,0.8240632,0.7941465,-0.029916704,0.8240632,0.68761945,-0.13644373,12
5,1,2,0,0,0,8,1,0,3,3.0,4.0,1.0,1.0,1.0,7.0,3.0,2.0,8.0,5.0,5.0,2.0,10.0,0.40442526,0.55528617,0.1508609,0.40442526,0.5438141,0.13938886,,,,,,,,,,,,,,,,0.40442526,0.40442526,0.0,0.40442526,0.40442526,0.0,0.40442526,0.4038806,-0.00054466724,0.40442526,0.5350439,0.13061863,0.40442526,0.32615092,-0.07827434,,,,7
1,1,3,0,2,3,3,6,3,8,3.0,3.0,2.0,3.0,1.0,7.0,3.0,3.0,0.0,2.0,3.0,1.0,0.0,0.11575087,0.4153985,0.29964763,0.11575087,0.19940257,0.0836517,0.11575087,0.11575087,0.0,0.11575087,0.11575087,0.0,0.11575087,0.11575087,0.0,0.11575087,0.13015427,0.014403395,,,,0.11575087,0.11575087,0.0,0.11575087,0.11575087,0.0,0.11575087,0.17967357,0.063922696,0.11575087,0.0995902,-0.016160674,0.11575087,0.092175744,-0.023575127,0.11575087,0.10049892,-0.015251949,16
1,0,0,0,0,0,4,0,0,0,1.0,4.0,1.0,1.0,2.0,6.0,4.0,3.0,6.0,4.0,4.0,2.0,8.0,,,,0.99021155,0.99449253,0.0042809844,0.99021155,0.99021155,0.0,0.99021155,0.99021155,0.0,,,,,,,0.99021155,0.99409664,0.0038850904,0.99021155,0.99021155,0.0,0.99021155,0.99021155,0.0,0.99021155,0.99687576,0.0066642165,0.99021155,0.98807657,-0.0021349788,0.99021155,0.99610376,0.005892217,0.99021155,0.9947349,0.004523337,10
2,0,0,0,1,0,2,0,0,1,1.0,5.0,2.0,1.0,4.0,0.0,2.0,3.0,2.0,5.0,5.0,3.0,7.0,,,,,,,,,,,,,0.99937576,0.99908984,-0.00028592348,,,,0.99937576,0.99943215,5.6385994e-05,0.99937576,0.99937576,0.0,0.99937576,0.99937576,0.0,,,,0.99937576,0.9982881,-0.0010876656,0.99937576,0.9989247,-0.00045108795,0.99937576,0.9994916,0.000115811825,10
3,0,2,0,0,2,5,0,0,5,1.0,3.0,1.0,1.0,1.0,7.0,3.0,3.0,10.0,5.0,4.0,5.0,8.0,,,,0.9638503,0.9623548,-0.0014955401,,,,0.9638503,0.9638503,0.0,,,,,,,,,,0.9638503,0.9638503,0.0,0.9638503,0.9638503,0.0,0.9638503,0.9910884,0.027238071,,,,,,,0.9638503,0.93911254,-0.024737775,23
1,1,0,0,0,0,6,0,0,0,3.0,4.0,4.0,2.0,4.0,3.0,4.0,3.0,7.0,4.0,4.0,1.0,6.0,0.95217574,0.9872219,0.03504616,0.95217574,0.95217574,0.0,0.95217574,0.95217574,0.0,0.95217574,0.95217574,0.0,0.95217574,0.9285863,-0.023589432,0.95217574,0.9850155,0.032839775,0.95217574,0.94168234,-0.010493398,0.95217574,0.95217574,0.0,0.95217574,0.95217574,0.0,0.95217574,0.7943213,-0.15785444,0.95217574,0.8941594,-0.05801636,0.95217574,0.96021473,0.008038998,0.95217574,0.91946405,-0.032711685,17
3,0,0,0,0,0,3,4,1,4,1.0,3.0,2.0,3.0,2.0,5.0,3.0,3.0,5.0,3.0,4.0,1.0,5.0,,,,0.8146836,0.8972635,0.08257991,0.8146836,0.8146836,0.0,0.8146836,0.8146836,0.0,0.8146836,0.7900041,-0.024679542,0.8146836,0.83245045,0.017766833,0.8146836,0.8666863,0.05200267,0.8146836,0.8146836,0.0,0.8146836,0.8146836,0.0,0.8146836,0.9511586,0.13647497,0.8146836,0.8608726,0.04618901,0.8146836,0.9054571,0.09077346,0.8146836,0.81033456,-0.004349053,2
3,0,0,0,0,0,6,0,0,5,2.0,5.0,2.0,3.0,1.0,2.0,4.0,3.0,8.0,5.0,5.0,4.0,5.0,0.9652641,0.9917902,0.026526093,,,,,,,,,,0.9652641,0.9551165,-0.010147572,0.9652641,0.9716361,0.0063720345,,,,0.9652641,0.9652641,0.0,0.9652641,0.9652641,0.0,0.9652641,0.95837724,-0.00688684,0.9652641,0.98161936,0.016355276,0.9652641,0.9591274,-0.006136656,0.9652641,0.98106915,0.015805066,23
3,1,0,0,0,0,2,0,1,2,3.0,5.0,2.0,2.0,2.0,8.0,3.0,3.0,5.0,3.0,4.0,2.0,6.0,0.75932086,0.66903186,-0.090289,,,,0.75932086,0.75932086,0.0,0.75932086,0.75932086,0.0,0.75932086,0.74421275,-0.0151081085,0.75932086,0.874939,0.11561817,0.75932086,0.7413155,-0.018005371,0.75932086,0.75932086,0.0,0.75932086,0.75932086,0.0,0.75932086,0.8798499,0.120529056,0.75932086,0.7894005,0.030079663,0.75932086,0.79224944,0.032928586,0.75932086,0.59966654,-0.15965432,1
4,1,0,0,1,1,2,3,0,3,2.0,5.0,2.0,2.0,2.0,0.0,3.0,3.0,8.0,4.0,2.0,5.0,9.0,0.908089,0.97944564,0.071356654,,,,0.908089,0.908089,0.0,0.908089,0.908089,0.0,0.908089,0.91495585,0.0068668723,0.908089,0.8889032,-0.019185781,0.908089,0.9242988,0.01620984,0.908089,0.908089,0.0,0.908089,0.908089,0.0,,,,0.908089,0.94840133,0.04031235,,,,0.908089,0.934302,0.02621299,22
4,0,0,0,0,2,4,0,0,0,2.0,4.0,2.0,2.0,2.0,5.0,3.0,3.0,8.0,4.0,3.0,3.0,7.0,0.66465837,0.87428087,0.2096225,0.66465837,0.8034845,0.13882613,0.66465837,0.66465837,0.0,0.66465837,0.66465837,0.0,0.66465837,0.52553684,-0.13912153,0.66465837,0.6873897,0.022731304,0.66465837,0.7712952,0.10663682,0.66465837,0.66465837,0.0,0.66465837,0.66465837,0.0,0.66465837,0.8764338,0.21177542,0.66465837,0.47732413,-0.18733424,0.66465837,0.70209455,0.037436187,0.66465837,0.79182893,0.12717056,23
2,1,1,0,0,0,5,0,0,0,1.0,4.0,3.0,2.0,5.0,6.0,4.0,3.0,5.0,4.0,4.0,3.0,9.0,,,,0.8359659,0.8331062,-0.002859652,0.8359659,0.8359659,0.0,0.8359659,0.8359659,0.0,0.8359659,0.9044556,0.06848973,0.8359659,0.9134584,0.077492535,0.8359659,0.8150504,-0.020915449,0.8359659,0.8359659,0.0,0.8359659,0.8359659,0.0,0.8359659,0.9677036,0.13173771,0.8359659,0.89589703,0.05993116,0.8359659,0.7981789,-0.03778696,0.8359659,0.8251134,-0.010852456,20
2,0,0,0,2,2,2,1,2,4,3.0,4.0,2.0,2.0,2.0,6.0,2.0,3.0,6.0,3.0,4.0,3.0,6.0,0.92013717,0.86992294,-0.05021423,0.92013717,0.9011906,-0.018946588,0.92013717,0.92013717,0.0,0.92013717,0.92013717,0.0,0.92013717,0.8670591,-0.053078055,0.92013717,0.93870354,0.01856637,0.92013717,0.8946113,-0.025525868,0.92013717,0.92013717,0.0,0.92013717,0.92013717,0.0,0.92013717,0.7411321,-0.17900509,0.92013717,0.9068821,-0.01325506,0.92013717,0.90986335,-0.010273814,0.92013717,0.88757914,-0.032558024,0
1,0,0,0,0,0,3,0,0,3,2.0,4.0,4.0,4.0,4.0,5.0,1.0,2.0,6.0,5.0,5.0,3.0,3.0,0.6897235,0.8089951,0.119271636,0.6897235,0.90767777,0.21795428,,,,,,,0.6897235,0.61307603,-0.07664746,0.6897235,0.7953725,0.105648994,0.6897235,0.6897235,0.0,0.6897235,0.6897235,0.0,0.6897235,0.6897235,0.0,0.6897235,0.79739636,0.10767287,0.6897235,0.72060895,0.030885458,0.6897235,0.61898196,-0.070741534,0.6897235,0.86571866,0.17599517,17
0,2,0,0,1,3,2,6,0,3,2.0,4.0,3.0,4.0,2.0,3.0,4.0,3.0,7.0,3.0,3.0,3.0,7.0,0.809063,0.9682124,0.15914941,0.809063,0.8323402,0.023277164,0.809063,0.809063,0.0,0.809063,0.809063,0.0,0.809063,0.90059364,0.09153062,0.809063,0.9248321,0.11576909,0.809063,0.784787,-0.024276018,0.809063,0.809063,0.0,0.809063,0.809063,0.0,0.809063,0.59474117,-0.21432185,0.809063,0.8636946,0.05463159,0.809063,0.684203,-0.12485999,0.809063,0.7519019,-0.057161093,8
2,0,1,0,0,0,2,0,0,3,1.0,3.0,3.0,3.0,2.0,5.0,3.0,3.0,8.0,4.0,3.0,4.0,9.0,,,,0.7872272,0.818476,0.031248808,0.7872272,0.7872272,0.0,0.7872272,0.7872272,0.0,0.7872272,0.86837685,0.08114964,0.7872272,0.90376776,0.11654055,0.7872272,0.82106787,0.033840656,0.7872272,0.7872272,0.0,0.7872272,0.7872272,0.0,0.7872272,0.9656957,0.17846847,0.7872272,0.71948546,-0.06774175,0.7872272,0.8869887,0.099761486,0.7872272,0.75849146,-0.028735757,10
0,1,2,0,5,3,4,6,1,7,2.0,4.0,3.0,3.0,2.0,4.0,3.0,3.0,4.0,3.0,3.0,5.0,5.0,0.17688537,0.43170455,0.25481918,0.17688537,0.21683462,0.039949253,0.17688537,0.17688537,0.0,0.17688537,0.17688537,0.0,0.17688537,0.2741123,0.09722695,0.17688537,0.17918795,0.002302587,0.17688537,0.21348527,0.036599904,0.17688537,0.17688537,0.0,0.17688537,0.17688537,0.0,0.17688537,0.0955604,-0.081324965,0.17688537,0.20065059,0.023765221,,,,0.17688537,0.108734936,-0.06815043,21
4,1,0,0,0,0,2,0,0,0,2.0,5.0,3.0,2.0,2.0,7.0,2.0,3.0,5.0,4.0,4.0,3.0,7.0,0.90738,0.9314924,0.024112403,,,,0.90738,0.90738,0.0,0.90738,0.90738,0.0,0.90738,0.941802,0.03442204,0.90738,0.9652043,0.057824314,0.90738,0.89778006,-0.009599924,0.90738,0.90738,0.0,0.90738,0.90738,0.0,0.90738,0.95134133,0.043961346,0.90738,0.9283341,0.020954132,0.90738,0.90980583,0.0024258494,0.90738,0.90279704,-0.0045829415,15
5,1,0,0,1,0,4,1,0,0,3.0,2.0,3.0,3.0,2.0,4.0,4.0,3.0,8.0,4.0,5.0,4.0,9.0,0.115577444,0.30306143,0.18748398,0.115577444,0.12986532,0.014287874,0.115577444,0.115577444,0.0,,,,0.115577444,0.38064557,0.2650681,0.115577444,0.30229646,0.18671902,0.115577444,0.090496816,-0.025080629,0.115577444,0.115577444,0.0,0.115577444,0.115577444,0.0,0.115577444,0.053645063,-0.06193238,0.115577444,0.11446431,-0.0011131316,0.115577444,0.12490628,0.009328835,0.115577444,0.14909856,0.033521116,5
2,0,0,0,0,0,2,2,0,1,2.0,4.0,2.0,2.0,2.0,3.0,3.0,3.0,5.0,4.0,4.0,2.0,4.0,0.97620946,0.9907494,0.014539957,0.97620946,0.98411,0.007900536,0.97620946,0.97620946,0.0,0.97620946,0.97620946,0.0,0.97620946,0.9716429,-0.0045665503,0.97620946,0.9759054,-0.0003040433,0.97620946,0.980624,0.0044145584,0.97620946,0.97620946,0.0,0.97620946,0.97620946,0.0,0.97620946,0.9498741,-0.026335359,0.97620946,0.9733412,-0.002868235,0.97620946,0.987318,0.011108518,0.97620946,0.9796832,0.0034737587,11
3,1,5,0,0,1,0,4,0,7,2.0,5.0,2.0,4.0,2.0,0.0,3.0,4.0,10.0,3.0,5.0,3.0,9.0,0.87349194,0.9840485,0.11055654,,,,0.87349194,0.87349194,0.0,,,,0.87349194,0.752976,-0.12051594,0.87349194,0.8766576,0.0031656623,0.87349194,0.8723874,-0.0011045337,0.87349194,0.87349194,0.0,,,,,,,,,,0.87349194,0.90904343,0.03555149,0.87349194,0.8577315,-0.015760422,9
1,1,2,0,1,0,2,1,3,4,3.0,4.0,3.0,3.0,3.0,3.0,2.0,1.0,6.0,3.0,3.0,4.0,5.0,0.5223945,0.76101476,0.23862028,0.5223945,0.52469486,0.0023003817,0.5223945,0.5223945,0.0,0.5223945,0.5223945,0.0,0.5223945,0.4384603,-0.08393419,0.5223945,0.8144103,0.29201585,0.5223945,0.67008054,0.14768606,0.5223945,0.5223945,0.0,0.5223945,0.5223945,0.0,0.5223945,0.32122475,-0.20116973,0.5223945,0.38411647,-0.13827801,0.5223945,0.403779,-0.11861548,0.5223945,0.5998573,0.07746279,16
5,1,1,0,0,0,6,0,0,0,1.0,4.0,2.0,2.0,2.0,5.0,5.0,4.0,8.0,5.0,5.0,4.0,9.0,,,,0.81923425,0.7954547,-0.023779571,,,,,,,0.81923425,0.7681791,-0.051055133,0.81923425,0.7740684,-0.045165837,0.81923425,0.93318933,0.11395508,,,,,,,0.81923425,0.9727736,0.15353936,0.81923425,0.65367645,-0.1655578,0.81923425,0.8640062,0.04477197,0.81923425,0.90429133,0.08505708,5
2,0,0,0,0,0,5,0,2,4,5.0,5.0,2.0,3.0,3.0,4.0,4.0,3.0,6.0,4.0,4.0,2.0,6.0,0.79020435,0.79020435,0.0,,,,0.79020435,0.79020435,0.0,0.79020435,0.79020435,0.0,0.79020435,0.83331656,0.04311222,0.79020435,0.94565356,0.15544921,0.79020435,0.8839663,0.09376198,0.79020435,0.79020435,0.0,0.79020435,0.79020435,0.0,0.79020435,0.5361099,-0.25409442,0.79020435,0.7836311,-0.00657326,0.79020435,0.71659285,-0.0736115,0.79020435,0.7272842,-0.06292015,2
4,1,2,0,0,1,3,3,0,5,1.0,2.0,2.0,2.0,2.0,5.0,3.0,3.0,5.0,4.0,4.0,4.0,5.0,,,,0.26081347,0.31931424,0.058500767,0.26081347,0.26081347,0.0,0.26081347,0.26081347,0.0,0.26081347,0.24645928,-0.014354199,0.26081347,0.25419623,-0.006617248,0.26081347,0.29317597,0.03236249,0.26081347,0.26081347,0.0,0.26081347,0.26081347,0.0,0.26081347,0.5572788,0.29646534,0.26081347,0.7507705,0.48995703,0.26081347,0.25311485,-0.0076986253,0.26081347,0.2528455,-0.007967979,12
0,1,0,0,1,1,2,0,0,7,3.0,4.0,2.0,2.0,2.0,4.0,2.0,2.0,5.0,3.0,3.0,5.0,5.0,0.7203333,0.6451116,-0.07522166,0.7203333,0.80864495,0.08831167,0.7203333,0.7203333,0.0,0.7203333,0.7203333,0.0,0.7203333,0.58725107,-0.13308221,0.7203333,0.80623204,0.08589876,0.7203333,0.6799422,-0.040391088,0.7203333,0.7203333,0.0,0.7203333,0.7203333,0.0,0.7203333,0.5643075,-0.15602577,0.7203333,0.74689347,0.026560187,,,,0.7203333,0.7817889,0.061455607,26
2,0,4,0,0,0,8,0,1,4,2.0,4.0,2.0,2.0,2.0,5.0,4.0,3.0,4.0,3.0,3.0,3.0,5.0,0.7417969,0.7688064,0.027009487,0.7417969,0.726373,-0.015423894,0.7417969,0.7417969,0.0,0.7417969,0.7417969,0.0,0.7417969,0.77988994,0.03809303,0.7417969,0.84199756,0.10020065,0.7417969,0.82534236,0.08354545,0.7417969,0.7417969,0.0,0.7417969,0.7417969,0.0,0.7417969,0.86343074,0.12163383,0.7417969,0.7202935,-0.021503389,0.7417969,0.7658305,0.024033606,0.7417969,0.8805865,0.1387896,2
1,1,3,0,0,0,1,0,0,3,1.0,5.0,1.0,1.0,1.0,0.0,3.0,4.0,10.0,5.0,5.0,4.0,10.0,,,,,,,,,,,,,,,,,,,,,,0.8993365,0.8993365,0.0,,,,,,,,,,0.8993365,0.92046833,0.021131814,,,,20
4,0,0,0,1,1,5,3,0,5,1.0,4.0,3.0,2.0,2.0,5.0,3.0,3.0,8.0,4.0,3.0,3.0,7.0,,,,0.9868024,0.9890758,0.0022733808,0.9868024,0.9868024,0.0,0.9868024,0.9868024,0.0,0.9868024,0.97991806,-0.0068843365,0.9868024,0.9858299,-0.0009725094,0.9868024,0.98859453,0.0017921329,0.9868024,0.9868024,0.0,0.9868024,0.9868024,0.0,0.9868024,0.9902665,0.0034641027,0.9868024,0.9338482,-0.052954197,0.9868024,0.9858562,-0.00094622374,0.9868024,0.98427814,-0.0025242567,7
1,1,0,0,0,0,2,0,0,1,1.0,4.0,2.0,2.0,4.0,6.0,2.0,2.0,8.0,4.0,4.0,2.0,7.0,,,,0.9715128,0.98150533,0.00999254,0.9715128,0.9715128,0.0,0.9715128,0.9715128,0.0,0.9715128,0.96396065,-0.007552147,0.9715128,0.97448564,0.0029728413,0.9715128,0.96546125,-0.0060515404,0.9715128,0.9715128,0.0,0.9715128,0.9715128,0.0,0.9715128,0.99535537,0.023842573,0.9715128,0.9383398,-0.033172965,0.9715128,0.9866261,0.015113294,0.9715128,0.9804716,0.0089588165,11
4,1,3,0,0,0,5,0,0,0,1.0,4.0,1.0,1.0,1.0,0.0,3.0,3.0,5.0,4.0,4.0,4.0,8.0,,,,0.875442,0.9093746,0.033932567,0.875442,0.875442,0.0,0.875442,0.875442,0.0,,,,,,,,,,0.875442,0.875442,0.0,0.875442,0.875442,0.0,,,,0.875442,0.97274214,0.09730011,0.875442,0.9152171,0.039775074,0.875442,0.64375937,-0.23168266,6
2,1,1,0,1,0,1,1,3,4,3.0,4.0,3.0,3.0,3.0,0.0,3.0,3.0,7.0,3.0,3.0,4.0,6.0,0.59388787,0.7789412,0.18505335,0.59388787,0.5176306,-0.07625729,0.59388787,0.59388787,0.0,0.59388787,0.59388787,0.0,0.59388787,0.6390371,0.045149207,0.59388787,0.7195313,0.12564343,0.59388787,0.760647,0.16675913,0.59388787,0.59388787,0.0,0.59388787,0.59388787,0.0,,,,0.59388787,0.21631165,-0.37757623,0.59388787,0.51672035,-0.07716751,0.59388787,0.76253176,0.16864389,3
4,1,0,0,0,0,4,3,0,0,2.0,4.0,2.0,3.0,4.0,1.0,2.0,2.0,6.0,4.0,3.0,5.0,4.0,0.91339153,0.82876986,-0.08462167,0.91339153,0.9643592,0.050967693,0.91339153,0.91339153,0.0,0.91339153,0.91339153,0.0,0.91339153,0.89747113,-0.0159204,0.91339153,0.8433954,-0.06999612,0.91339153,0.9045354,-0.008856118,0.91339153,0.91339153,0.0,0.91339153,0.91339153,0.0,0.91339153,0.931576,0.018184483,0.91339153,0.9003857,-0.013005853,,,,0.91339153,0.93849564,0.025104105,5
3,1,0,0,0,0,9,1,1,4,2.0,3.0,2.0,2.0,2.0,2.0,4.0,3.0,8.0,4.0,4.0,3.0,7.0,0.93424374,0.97526395,0.041020215,0.93424374,0.94745433,0.013210595,0.93424374,0.93424374,0.0,0.93424374,0.93424374,0.0,0.93424374,0.9295641,-0.0046796203,0.93424374,0.95634174,0.022098005,0.93424374,0.973485,0.039241254,0.93424374,0.93424374,0.0,0.93424374,0.93424374,0.0,0.93424374,0.519327,-0.41491675,0.93424374,0.964169,0.029925287,0.93424374,0.8815271,-0.052716613,0.93424374,0.89759195,-0.03665179,3
0,0,2,0,1,3,5,6,1,8,2.0,5.0,2.0,2.0,2.0,3.0,3.0,3.0,5.0,4.0,4.0,3.0,5.0,0.8126399,0.8222667,0.009626806,,,,0.8126399,0.8126399,0.0,0.8126399,0.8126399,0.0,0.8126399,0.7121186,-0.10052127,0.8126399,0.76565415,-0.046985745,0.8126399,0.86643213,0.05379224,0.8126399,0.8126399,0.0,0.8126399,0.8126399,0.0,0.8126399,0.9489186,0.13627869,0.8126399,0.8940381,0.08139819,0.8126399,0.8075123,-0.005127609,0.8126399,0.8413309,0.028690994,21
2,0,2,0,0,0,3,0,0,3,2.0,5.0,2.0,4.0,2.0,1.0,3.0,3.0,9.0,4.0,4.0,5.0,9.0,0.8073445,0.98067415,0.17332965,,,,0.8073445,0.8073445,0.0,0.8073445,0.8073445,0.0,0.8073445,0.8369853,0.029640794,0.8073445,0.87457573,0.06723124,0.8073445,0.9042844,0.09693992,0.8073445,0.8073445,0.0,0.8073445,0.8073445,0.0,0.8073445,0.8178354,0.010490894,0.8073445,0.81097966,0.003635168,,,,0.8073445,0.71399015,-0.093354344,20
6,1,0,0,0,4,6,3,0,0,1.0,4.0,1.0,2.0,2.0,7.0,4.0,4.0,3.0,3.0,4.0,1.0,5.0,,,,0.25788102,0.403436,0.14555499,0.25788102,0.25788102,0.0,0.25788102,0.25788102,0.0,,,,0.25788102,0.14941889,-0.108462125,0.25788102,0.34407344,0.08619243,0.25788102,0.25788102,0.0,,,,0.25788102,0.2052089,-0.052672118,0.25788102,0.3620396,0.10415858,0.25788102,0.2605554,0.002674371,0.25788102,0.37966985,0.12178883,19
5,1,0,0,1,0,2,3,0,0,3.0,5.0,3.0,3.0,3.0,4.0,4.0,3.0,6.0,5.0,5.0,5.0,10.0,0.17312434,0.5264932,0.35336885,,,,,,,,,,0.17312434,0.5043741,0.33124974,0.17312434,0.74085176,0.56772745,0.17312434,0.15809815,-0.015026197,0.17312434,0.17312434,0.0,0.17312434,0.17312434,0.0,0.17312434,0.21624427,0.043119922,0.17312434,0.13080315,-0.04232119,,,,,,,5
3,1,3,0,0,0,7,0,1,4,3.0,5.0,2.0,3.0,5.0,6.0,3.0,2.0,6.0,5.0,4.0,3.0,9.0,0.73284733,0.9241236,0.19127625,,,,,,,0.73284733,0.73284733,0.0,0.73284733,0.75592905,0.02308172,0.73284733,0.9615185,0.2286712,0.73284733,0.73552346,0.0026761293,0.73284733,0.73284733,0.0,0.73284733,0.73284733,0.0,0.73284733,0.6488929,-0.08395445,0.73284733,0.6468925,-0.085954845,0.73284733,0.64150536,-0.09134197,0.73284733,0.68568945,-0.047157884,1
3,1,1,0,0,0,5,0,0,0,2.0,5.0,2.0,3.0,2.0,2.0,3.0,3.0,8.0,4.0,4.0,2.0,7.0,0.9574137,0.97599494,0.018581271,,,,0.9574137,0.9574137,0.0,0.9574137,0.9574137,0.0,0.9574137,0.95092696,-0.006486714,0.9574137,0.97890365,0.021489978,0.9574137,0.9772106,0.019796908,0.9574137,0.9574137,0.0,0.9574137,0.9574137,0.0,0.9574137,0.848656,-0.108757675,0.9574137,0.9115897,-0.04582399,0.9574137,0.9480233,-0.009390354,0.9574137,0.87636876,-0.08104491,20
4,0,2,0,0,1,8,0,1,4,2.0,5.0,3.0,3.0,3.0,10.0,4.0,2.0,10.0,4.0,4.0,4.0,10.0,0.6168594,0.87337846,0.25651908,,,,0.6168594,0.6168594,0.0,0.6168594,0.6168594,0.0,0.6168594,0.84761846,0.23075908,0.6168594,0.78118265,0.16432327,0.6168594,0.78714085,0.17028147,0.6168594,0.6168594,0.0,0.6168594,0.6168594,0.0,0.6168594,0.45609874,-0.16076064,,,,0.6168594,0.63577336,0.018913984,,,,2
4,0,0,0,0,0,3,3,0,3,1.0,3.0,3.0,3.0,4.0,0.0,3.0,2.0,7.0,4.0,3.0,4.0,7.0,,,,0.8975453,0.93634886,0.038803577,0.8975453,0.8975453,0.0,0.8975453,0.8975453,0.0,0.8975453,0.88478893,-0.012756348,0.8975453,0.8761675,-0.021377802,0.8975453,0.8917203,-0.005824983,0.8975453,0.8975453,0.0,0.8975453,0.8975453,0.0,,,,0.8975453,0.9609433,0.063398,0.8975453,0.89364356,-0.00390172,0.8975453,0.84771156,-0.049833715,7
2,1,1,0,0,3,4,1,1,4,2.0,5.0,3.0,4.0,4.0,2.0,2.0,2.0,5.0,2.0,3.0,2.0,8.0,0.9674305,0.9910649,0.023634434,,,,0.9674305,0.9674305,0.0,0.9674305,0.9674305,0.0,0.9674305,0.97945684,0.01202637,0.9674305,0.96693826,-0.00049221516,0.9674305,0.9830183,0.015587807,0.9674305,0.9674305,0.0,0.9674305,0.9674305,0.0,0.9674305,0.8792462,-0.0881843,0.9674305,0.9725189,0.0050884485,0.9674305,0.96967816,0.0022476912,0.9674305,0.9610508,-0.006379664,16
2,0,0,0,0,0,9,0,2,4,1.0,4.0,2.0,2.0,2.0,0.0,4.0,3.0,6.0,3.0,4.0,2.0,7.0,,,,0.9297432,0.9447144,0.014971256,0.9297432,0.9297432,0.0,0.9297432,0.9297432,0.0,0.9297432,0.93295634,0.0032131672,0.9297432,0.9646716,0.03492844,0.9297432,0.9744366,0.04469341,0.9297432,0.9297432,0.0,0.9297432,0.9297432,0.0,,,,0.9297432,0.80074847,-0.1289947,0.9297432,0.95226836,0.022525191,0.9297432,0.95359683,0.02385366,2
3,1,3,0,2,1,0,0,0,2,2.0,4.0,3.0,2.0,2.0,0.0,3.0,3.0,8.0,4.0,4.0,3.0,9.0,0.107103944,0.20330456,0.096200615,0.107103944,0.20460874,0.097504795,0.107103944,0.107103944,0.0,0.107103944,0.107103944,0.0,0.107103944,0.26662937,0.15952542,0.107103944,0.1797264,0.07262246,0.107103944,0.08368271,-0.023421235,0.107103944,0.107103944,0.0,0.107103944,0.107103944,0.0,,,,0.107103944,0.37718147,0.27007753,0.107103944,0.12444738,0.01734344,0.107103944,0.10185975,-0.0052441955,6
2,1,0,0,0,0,7,0,0,0,2.0,4.0,2.0,2.0,2.0,0.0,4.0,3.0,8.0,5.0,5.0,4.0,10.0,0.91952163,0.97642297,0.056901336,0.91952163,0.9460888,0.026567161,,,,,,,0.91952163,0.92226523,0.0027436018,0.91952163,0.95116884,0.031647205,0.91952163,0.9443888,0.024867177,0.91952163,0.91952163,0.0,0.91952163,0.91952163,0.0,,,,0.91952163,0.8901197,-0.029401958,0.91952163,0.87282085,-0.046700776,,,,17
2,0,2,0,1,2,5,0,3,4,1.0,4.0,2.0,2.0,4.0,0.0,1.0,4.0,10.0,5.0,5.0,5.0,5.0,,,,0.7826522,0.8959394,0.11328721,,,,,,,0.7826522,0.75097036,-0.031681836,0.7826522,0.7642399,-0.018412292,0.7826522,0.82846504,0.045812845,0.7826522,0.7826522,0.0,,,,,,,,,,,,,0.7826522,0.86793137,0.08527917,0
2,0,3,0,1,0,1,0,2,4,2.0,4.0,2.0,2.0,2.0,5.0,3.0,3.0,9.0,3.0,3.0,4.0,8.0,0.7958589,0.5034087,-0.29245025,0.7958589,0.771529,-0.0243299,0.7958589,0.7958589,0.0,0.7958589,0.7958589,0.0,0.7958589,0.65159106,-0.14426786,0.7958589,0.86896604,0.07310712,0.7958589,0.7495579,-0.046301007,0.7958589,0.7958589,0.0,0.7958589,0.7958589,0.0,0.7958589,0.90052295,0.10466403,0.7958589,0.7837516,-0.012107313,0.7958589,0.8593279,0.06346899,0.7958589,0.79099977,-0.0048591495,0
4,0,2,0,2,0,7,0,0,3,1.0,1.0,1.0,1.0,1.0,0.0,4.0,3.0,8.0,3.0,3.0,5.0,8.0,,,,0.9765745,0.9254309,-0.051143587,0.9765745,0.9765745,0.0,0.9765745,0.9765745,0.0,,,,,,,,,,0.9765745,0.9765745,0.0,0.9765745,0.9765745,0.0,,,,0.9765745,0.9952201,0.018645644,,,,0.9765745,0.991772,0.0151975155,23
4,0,0,0,0,1,7,3,0,3,2.0,3.0,3.0,3.0,2.0,3.0,3.0,3.0,8.0,4.0,3.0,5.0,8.0,0.93275976,0.96236295,0.029603183,0.93275976,0.95534766,0.022587895,0.93275976,0.93275976,0.0,0.93275976,0.93275976,0.0,0.93275976,0.952857,0.020097256,0.93275976,0.9242876,-0.008472145,0.93275976,0.97191983,0.039160073,0.93275976,0.93275976,0.0,0.93275976,0.93275976,0.0,0.93275976,0.81029344,-0.122466326,0.93275976,0.9572338,0.024474025,,,,0.93275976,0.8573582,-0.075401545,7
5,1,0,0,5,1,7,3,0,3,2.0,3.0,3.0,2.0,2.0,0.0,4.0,3.0,8.0,3.0,4.0,5.0,9.0,0.7655398,0.91406256,0.14852273,0.7655398,0.78265214,0.017112315,0.7655398,0.7655398,0.0,0.7655398,0.7655398,0.0,0.7655398,0.85761714,0.092077315,0.7655398,0.73290604,-0.03263378,0.7655398,0.9253779,0.15983808,0.7655398,0.7655398,0.0,0.7655398,0.7655398,0.0,,,,0.7655398,0.88794523,0.12240541,,,,0.7655398,0.92546445,0.15992463,22
0,1,1,0,0,1,4,0,0,0,1.0,4.0,1.0,1.0,1.0,8.0,3.0,3.0,8.0,4.0,4.0,3.0,10.0,,,,0.94470817,0.9367765,-0.00793165,0.94470817,0.94470817,0.0,0.94470817,0.94470817,0.0,,,,,,,,,,0.94470817,0.94470817,0.0,0.94470817,0.94470817,0.0,0.94470817,0.82371354,-0.12099463,0.94470817,0.6656418,-0.27906638,0.94470817,0.86892885,-0.07577932,,,,11
1,0,0,0,1,1,5,0,1,4,2.0,4.0,2.0,2.0,2.0,1.0,2.0,1.0,8.0,4.0,4.0,5.0,8.0,0.91271865,0.9782617,0.065543056,0.91271865,0.9296103,0.016891658,0.91271865,0.91271865,0.0,0.91271865,0.91271865,0.0,0.91271865,0.9000503,-0.012668371,0.91271865,0.94010174,0.027383089,0.91271865,0.9807819,0.06806326,0.91271865,0.91271865,0.0,0.91271865,0.91271865,0.0,0.91271865,0.9066459,-0.0060727596,0.91271865,0.75181633,-0.16090232,,,,0.91271865,0.90950114,-0.0032175183,0
1,1,1,0,0,1,6,1,2,8,2.0,4.0,2.0,3.0,1.0,5.0,3.0,3.0,5.0,3.0,4.0,3.0,5.0,0.68664587,0.6662401,-0.02040577,0.68664587,0.73839027,0.0517444,0.68664587,0.68664587,0.0,0.68664587,0.68664587,0.0,0.68664587,0.54724365,-0.13940221,0.68664587,0.69674855,0.010102689,,,,0.68664587,0.68664587,0.0,0.68664587,0.68664587,0.0,0.68664587,0.8509424,0.16429651,0.68664587,0.73322916,0.046583295,0.68664587,0.56960887,-0.117037,0.68664587,0.73529136,0.048645496,3
2,1,1,0,0,1,2,1,1,4,2.0,4.0,2.0,2.0,2.0,7.0,3.0,3.0,6.0,4.0,3.0,2.0,7.0,0.77072847,0.82423526,0.05350679,0.77072847,0.7866579,0.01592946,0.77072847,0.77072847,0.0,0.77072847,0.77072847,0.0,0.77072847,0.65261245,-0.11811602,0.77072847,0.87011427,0.0993858,0.77072847,0.83876956,0.068041086,0.77072847,0.77072847,0.0,0.77072847,0.77072847,0.0,0.77072847,0.90145695,0.13072848,0.77072847,0.89302415,0.12229568,0.77072847,0.6461994,-0.12452906,0.77072847,0.8467529,0.07602441,3
5,1,0,0,0,0,6,1,0,3,2.0,4.0,2.0,2.0,2.0,3.0,3.0,3.0,8.0,3.0,3.0,3.0,6.0,0.8461332,0.9424423,0.096309125,0.8461332,0.9068433,0.060710132,0.8461332,0.8461332,0.0,0.8461332,0.8461332,0.0,0.8461332,0.82578075,-0.020352423,0.8461332,0.7348478,-0.11128539,0.8461332,0.9088537,0.06272054,0.8461332,0.8461332,0.0,0.8461332,0.8461332,0.0,0.8461332,0.30937013,-0.5367631,0.8461332,0.73555773,-0.11057544,0.8461332,0.8492889,0.0031557083,0.8461332,0.68072695,-0.16540623,7
4,0,3,0,5,1,4,0,0,3,2.0,4.0,2.0,2.0,3.0,0.0,3.0,3.0,8.0,4.0,4.0,5.0,8.0,0.15820989,0.4548816,0.29667172,0.15820989,0.17024617,0.012036279,0.15820989,0.15820989,0.0,0.15820989,0.15820989,0.0,0.15820989,0.15321688,-0.0049930066,0.15820989,0.27607974,0.117869854,0.15820989,0.2927348,0.13452491,0.15820989,0.15820989,0.0,0.15820989,0.15820989,0.0,,,,0.15820989,0.5814355,0.4232256,,,,0.15820989,0.14650896,-0.011700928,4
0,0,3,0,1,2,1,2,1,7,2.0,4.0,2.0,2.0,2.0,5.0,4.0,3.0,7.0,4.0,4.0,4.0,6.0,0.9645054,0.9215914,-0.042913973,0.9645054,0.93300533,-0.03150004,0.9645054,0.9645054,0.0,0.9645054,0.9645054,0.0,0.9645054,0.94490373,-0.019601643,0.9645054,0.9636117,-0.00089365244,0.9645054,0.92989594,-0.034609437,0.9645054,0.9645054,0.0,0.9645054,0.9645054,0.0,0.9645054,0.9176235,-0.046881855,0.9645054,0.95648897,-0.0080164075,0.9645054,0.966422,0.001916647,0.9645054,0.9206906,-0.04381478,25
4,1,0,0,0,1,3,5,0,2,1.0,5.0,2.0,2.0,2.0,0.0,4.0,3.0,10.0,2.0,1.0,3.0,9.0,,,,,,,0.8376544,0.8376544,0.0,0.8376544,0.8376544,0.0,0.8376544,0.85932547,0.021671057,0.8376544,0.9088907,0.07123631,0.8376544,0.8837863,0.04613191,0.8376544,0.8376544,0.0,0.8376544,0.8376544,0.0,,,,,,,0.8376544,0.83498174,-0.0026726723,0.8376544,0.8702634,0.032608986,14
3,0,1,0,1,0,5,0,1,4,1.0,5.0,2.0,3.0,2.0,5.0,4.0,3.0,3.0,3.0,4.0,4.0,5.0,,,,,,,0.8017835,0.8017835,0.0,0.8017835,0.8017835,0.0,0.8017835,0.8017835,0.0,0.8017835,0.73188823,-0.06989527,0.8017835,0.8503724,0.048588872,0.8017835,0.8017835,0.0,0.8017835,0.8017835,0.0,0.8017835,0.93973315,0.13794965,0.8017835,0.64478064,-0.15700287,0.8017835,0.79057264,-0.011210859,0.8017835,0.7760787,-0.025704801,2
5,0,0,0,1,0,9,3,0,3,2.0,3.0,2.0,1.0,1.0,0.0,4.0,3.0,10.0,4.0,4.0,5.0,5.0,0.9869931,0.9914869,0.0044938326,0.9869931,0.9729341,-0.014058948,0.9869931,0.9869931,0.0,0.9869931,0.9869931,0.0,0.9869931,0.9869931,0.0,,,,,,,0.9869931,0.9869931,0.0,0.9869931,0.9869931,0.0,,,,,,,,,,0.9869931,0.9953773,0.008384228,7
3,0,0,0,0,0,9,0,0,3,2.0,2.0,2.0,2.0,2.0,0.0,4.0,3.0,8.0,4.0,4.0,4.0,8.0,0.090402804,0.7826636,0.6922608,0.090402804,0.50937104,0.41896823,0.090402804,0.090402804,0.0,0.090402804,0.090402804,0.0,0.090402804,0.10336535,0.0129625425,0.090402804,0.21361496,0.12321215,0.090402804,0.3049824,0.21457958,0.090402804,0.090402804,0.0,0.090402804,0.090402804,0.0,,,,0.090402804,0.5956309,0.5052281,0.090402804,0.24480021,0.1543974,0.090402804,0.1343582,0.043955393,23
2,1,2,0,3,0,2,1,0,5,4.0,5.0,2.0,2.0,2.0,3.0,4.0,3.0,3.0,3.0,4.0,4.0,2.0,0.09593413,0.12783767,0.031903543,,,,0.09593413,0.09593413,0.0,0.09593413,0.09593413,0.0,0.09593413,0.08120452,-0.014729612,0.09593413,0.099459045,0.0035249144,0.09593413,0.09534398,-0.00059015304,0.09593413,0.09593413,0.0,0.09593413,0.09593413,0.0,0.09593413,0.07673799,-0.019196138,0.09593413,0.11102698,0.01509285,0.09593413,0.07851695,-0.017417178,0.09593413,0.20068437,0.10475024,14
1,1,0,0,0,0,7,0,0,3,2.0,4.0,3.0,2.0,3.0,1.0,3.0,3.0,9.0,4.0,3.0,4.0,8.0,0.8439867,0.9052957,0.06130904,0.8439867,0.912013,0.068026304,0.8439867,0.8439867,0.0,0.8439867,0.8439867,0.0,0.8439867,0.84862465,0.0046379566,0.8439867,0.9520351,0.10804844,0.8439867,0.81168336,-0.032303333,0.8439867,0.8439867,0.0,0.8439867,0.8439867,0.0,0.8439867,0.85960066,0.015613973,0.8439867,0.8033191,-0.040667593,0.8439867,0.85286206,0.00887537,0.8439867,0.5566395,-0.2873472,17
2,1,4,0,0,0,4,0,0,0,2.0,4.0,1.0,1.0,4.0,7.0,2.0,2.0,6.0,2.0,3.0,4.0,6.0,0.58434296,0.425653,-0.15868995,0.58434296,0.6243361,0.039993167,0.58434296,0.58434296,0.0,0.58434296,0.58434296,0.0,,,,,,,0.58434296,0.58434296,0.0,0.58434296,0.58434296,0.0,0.58434296,0.58434296,0.0,0.58434296,0.7395727,0.15522975,0.58434296,0.6695598,0.08521682,0.58434296,0.67377615,0.08943319,0.58434296,0.45384088,-0.13050207,20
2,1,0,0,0,0,8,4,2,4,1.0,4.0,2.0,2.0,2.0,0.0,4.0,3.0,9.0,5.0,4.0,4.0,9.0,,,,0.9496572,0.9575593,0.007902086,,,,0.9496572,0.9496572,0.0,0.9496572,0.95714235,0.0074851513,0.9496572,0.97261524,0.02295804,0.9496572,0.9739886,0.02433139,0.9496572,0.9496572,0.0,0.9496572,0.9496572,0.0,,,,0.9496572,0.9078424,-0.041814804,0.9496572,0.93483245,-0.014824748,0.9496572,0.95390856,0.004251361,3
4,1,5,0,0,0,3,0,0,7,3.0,3.0,2.0,3.0,2.0,5.0,2.0,3.0,6.0,4.0,3.0,4.0,5.0,0.5054375,0.8473594,0.34192193,0.5054375,0.8065486,0.3011111,0.5054375,0.5054375,0.0,0.5054375,0.5054375,0.0,0.5054375,0.47116274,-0.034274757,0.5054375,0.49574205,-0.0096954405,0.5054375,0.57994455,0.07450706,0.5054375,0.5054375,0.0,0.5054375,0.5054375,0.0,0.5054375,0.5638508,0.058413327,0.5054375,0.41726896,-0.08816853,0.5054375,0.45271462,-0.05272287,0.5054375,0.51242065,0.006983161,26
6,0,2,0,0,4,7,1,0,3,1.0,3.0,2.0,4.0,1.0,5.0,4.0,3.0,7.0,4.0,4.0,4.0,5.0,,,,0.9694685,0.970487,0.0010185242,0.9694685,0.9694685,0.0,0.9694685,0.9694685,0.0,0.9694685,0.96752864,-0.0019398332,0.9694685,0.96416515,-0.0053033233,,,,0.9694685,0.9694685,0.0,0.9694685,0.9694685,0.0,0.9694685,0.99725693,0.02778846,0.9694685,0.97653097,0.0070624948,0.9694685,0.9685649,-0.0009035468,0.9694685,0.9914426,0.021974146,19
2,1,5,0,0,0,8,0,0,0,2.0,4.0,2.0,2.0,2.0,8.0,2.0,2.0,6.0,4.0,3.0,2.0,6.0,0.9584702,0.9867573,0.028287053,0.9584702,0.97721577,0.018745542,0.9584702,0.9584702,0.0,0.9584702,0.9584702,0.0,0.9584702,0.9543949,-0.0040753484,0.9584702,0.9723344,0.01386416,0.9584702,0.97454596,0.01607573,0.9584702,0.9584702,0.0,0.9584702,0.9584702,0.0,0.9584702,0.9767397,0.01826948,0.9584702,0.9860415,0.02757126,0.9584702,0.9710448,0.0125745535,0.9584702,0.957783,-0.00068724155,17
1,1,0,0,0,0,5,0,0,3,2.0,4.0,2.0,2.0,4.0,8.0,2.0,3.0,5.0,3.0,2.0,4.0,8.0,0.90511817,0.94636565,0.041247487,0.90511817,0.91602343,0.010905266,0.90511817,0.90511817,0.0,0.90511817,0.90511817,0.0,0.90511817,0.90915155,0.0040333867,0.90511817,0.98282987,0.0777117,0.90511817,0.89458627,-0.010531902,0.90511817,0.90511817,0.0,0.90511817,0.90511817,0.0,0.90511817,0.85211337,-0.0530048,0.90511817,0.9468251,0.04170692,0.90511817,0.872588,-0.03253019,0.90511817,0.9410029,0.035884738,17
5,0,0,0,1,0,3,3,0,3,2.0,4.0,3.0,2.0,2.0,3.0,4.0,3.0,6.0,4.0,3.0,4.0,6.0,0.929508,0.9573583,0.02785033,0.929508,0.93706083,0.007552862,0.929508,0.929508,0.0,0.929508,0.929508,0.0,0.929508,0.91568464,-0.01382333,0.929508,0.9330241,0.0035161376,0.929508,0.95648074,0.02697277,0.929508,0.929508,0.0,0.929508,0.929508,0.0,0.929508,0.9199706,-0.009537399,0.929508,0.9296822,0.00017422438,0.929508,0.8749788,-0.05452919,0.929508,0.8952662,-0.034241796,7
3,1,0,0,0,0,4,0,1,2,4.0,2.0,2.0,2.0,4.0,3.0,3.0,3.0,6.0,3.0,4.0,5.0,8.0,0.37314746,0.31249472,-0.060652733,0.37314746,0.5726746,0.19952711,0.37314746,0.37314746,0.0,0.37314746,0.37314746,0.0,0.37314746,0.39596802,0.022820562,0.37314746,0.62254125,0.24939379,0.37314746,0.37314746,0.0,0.37314746,0.37314746,0.0,0.37314746,0.37314746,0.0,0.37314746,0.33674103,-0.036406428,0.37314746,0.29421854,-0.07892892,,,,0.37314746,0.4181271,0.044979632,1
2,1,1,0,0,0,2,0,0,0,1.0,4.0,3.0,2.0,5.0,9.0,3.0,1.0,7.0,4.0,3.0,3.0,6.0,,,,0.9686601,0.9733192,0.0046590567,0.9686601,0.9686601,0.0,0.9686601,0.9686601,0.0,0.9686601,0.97552353,0.0068634152,0.9686601,0.98565406,0.01699394,0.9686601,0.97053736,0.0018772483,0.9686601,0.9686601,0.0,0.9686601,0.9686601,0.0,0.9686601,0.8217683,-0.14689183,0.9686601,0.77780664,-0.19085348,0.9686601,0.96589166,-0.002768457,0.9686601,0.962322,-0.0063381195,20
2,0,0,0,1,1,8,0,0,3,1.0,4.0,3.0,3.0,3.0,9.0,3.0,3.0,3.0,4.0,3.0,2.0,7.0,,,,0.99454725,0.9958633,0.0013160706,0.99454725,0.99454725,0.0,0.99454725,0.99454725,0.0,0.99454725,0.99543506,0.0008878112,0.99454725,0.9933234,-0.0012238622,0.99454725,0.9927884,-0.0017588735,0.99454725,0.99454725,0.0,0.99454725,0.99454725,0.0,0.99454725,0.93057823,-0.063969016,0.99454725,0.9934643,-0.0010829568,0.99454725,0.98932296,-0.0052242875,0.99454725,0.9915582,-0.0029890537,9
2,1,0,0,0,0,2,0,0,3,2.0,4.0,2.0,2.0,2.0,3.0,3.0,3.0,8.0,5.0,5.0,4.0,8.0,0.93325174,0.9906517,0.05739999,0.93325174,0.9208317,-0.012420058,,,,,,,0.93325174,0.9094237,-0.02382803,0.93325174,0.9804433,0.04719156,0.93325174,0.8929831,-0.04026866,0.93325174,0.93325174,0.0,0.93325174,0.93325174,0.0,0.93325174,0.9119351,-0.021316648,0.93325174,0.956224,0.022972286,0.93325174,0.93182486,-0.0014268756,0.93325174,0.9467239,0.01347214,17
4,1,6,0,0,0,1,0,0,0,1.0,5.0,1.0,3.0,2.0,2.0,3.0,3.0,6.0,4.0,4.0,4.0,7.0,,,,,,,0.9645608,0.9645608,0.0,0.9645608,0.9645608,0.0,,,,0.9645608,0.97397757,0.009416759,0.9645608,0.94542867,-0.019132137,0.9645608,0.9645608,0.0,0.9645608,0.9645608,0.0,0.9645608,0.9686327,0.0040718913,0.9645608,0.9859336,0.021372795,0.9645608,0.96942264,0.0048618317,0.9645608,0.9498956,-0.014665186,6
2,1,0,0,0,0,0,0,0,0,1.0,4.0,2.0,2.0,2.0,3.0,2.0,3.0,9.0,2.0,2.0,2.0,6.0,,,,0.9777565,0.98850644,0.010749936,0.9777565,0.9777565,0.0,0.9777565,0.9777565,0.0,0.9777565,0.9702407,-0.007515788,0.9777565,0.9846697,0.006913185,0.9777565,0.9680186,-0.009737909,0.9777565,0.9777565,0.0,0.9777565,0.9777565,0.0,0.9777565,0.9195112,-0.0582453,0.9777565,0.98135227,0.0035957694,0.9777565,0.9846496,0.0068930984,0.9777565,0.9910685,0.013311982,20
5,1,0,0,0,0,8,0,0,5,2.0,3.0,2.0,2.0,2.0,0.0,3.0,3.0,8.0,4.0,5.0,3.0,8.0,0.48854068,0.88734657,0.3988059,0.48854068,0.3914741,-0.09706658,0.48854068,0.48854068,0.0,,,,0.48854068,0.48530424,-0.0032364428,0.48854068,0.6551965,0.16665581,0.48854068,0.58303815,0.09449747,0.48854068,0.48854068,0.0,0.48854068,0.48854068,0.0,,,,0.48854068,0.6892164,0.2006757,0.48854068,0.47558588,-0.012954801,0.48854068,0.66922015,0.18067947,7
1,1,0,0,0,0,8,0,0,0,2.0,4.0,3.0,2.0,2.0,5.0,4.0,2.0,9.0,4.0,4.0,4.0,7.0,0.90157384,0.9450841,0.04351026,0.90157384,0.9360727,0.03449887,0.90157384,0.90157384,0.0,0.90157384,0.90157384,0.0,0.90157384,0.96929306,0.06771922,0.90157384,0.88649285,-0.015080988,0.90157384,0.9097077,0.008133888,0.90157384,0.90157384,0.0,0.90157384,0.90157384,0.0,0.90157384,0.94384867,0.042274833,0.90157384,0.8898484,-0.011725426,0.90157384,0.8310972,-0.07047665,0.90157384,0.8609232,-0.040650666,17
1,1,6,0,0,0,5,0,0,7,1.0,5.0,4.0,3.0,3.0,5.0,2.0,2.0,5.0,3.0,3.0,3.0,5.0,,,,,,,0.9102328,0.9102328,0.0,0.9102328,0.9102328,0.0,0.9102328,0.88852394,-0.021708846,0.9102328,0.93495595,0.024723172,0.9102328,0.9102894,5.6624413e-05,0.9102328,0.9102328,0.0,0.9102328,0.9102328,0.0,0.9102328,0.8258895,-0.084343255,0.9102328,0.89132875,-0.01890403,0.9102328,0.91373867,0.0035058856,0.9102328,0.8125512,-0.09768158,26
2,0,2,0,0,0,4,0,1,4,1.0,5.0,3.0,2.0,2.0,7.0,2.0,2.0,7.0,4.0,3.0,2.0,7.0,,,,,,,0.94746286,0.94746286,0.0,0.94746286,0.94746286,0.0,0.94746286,0.98054415,0.033081293,0.94746286,0.9224951,-0.02496773,0.94746286,0.95145977,0.0039969087,0.94746286,0.94746286,0.0,0.94746286,0.94746286,0.0,0.94746286,0.9845728,0.03710997,0.94746286,0.84017104,-0.10729182,0.94746286,0.957167,0.009704173,0.94746286,0.9818024,0.034339547,2
2,1,2,0,0,1,5,4,3,4,3.0,5.0,2.0,2.0,3.0,0.0,3.0,3.0,10.0,4.0,4.0,5.0,10.0,0.0337394,0.07435963,0.040620234,,,,0.0337394,0.0337394,0.0,0.0337394,0.0337394,0.0,0.0337394,0.038180236,0.0044408366,0.0337394,0.04456309,0.010823689,0.0337394,0.06325583,0.029516432,0.0337394,0.0337394,0.0,0.0337394,0.0337394,0.0,,,,,,,,,,,,,3
4,0,1,0,0,0,1,0,2,4,2.0,5.0,4.0,4.0,2.0,4.0,3.0,3.0,6.0,2.0,4.0,2.0,4.0,0.98526484,0.9951782,0.009913385,,,,0.98526484,0.98526484,0.0,0.98526484,0.98526484,0.0,0.98526484,0.9733696,-0.011895239,0.98526484,0.98915964,0.003894806,0.98526484,0.98385555,-0.0014092922,0.98526484,0.98526484,0.0,0.98526484,0.98526484,0.0,0.98526484,0.9702308,-0.01503402,0.98526484,0.96292776,-0.022337079,0.98526484,0.9861719,0.0009070635,0.98526484,0.97274435,-0.012520492,2
1,1,2,0,0,0,2,0,0,1,2.0,2.0,3.0,4.0,3.0,7.0,3.0,3.0,6.0,3.0,4.0,2.0,5.0,0.72403604,0.930533,0.20649695,0.72403604,0.82506865,0.101032615,0.72403604,0.72403604,0.0,0.72403604,0.72403604,0.0,0.72403604,0.37580237,-0.34823367,0.72403604,0.8312554,0.10721934,0.72403604,0.68724114,-0.0367949,0.72403604,0.72403604,0.0,0.72403604,0.72403604,0.0,0.72403604,0.8864384,0.16240239,0.72403604,0.8813308,0.15729475,0.72403604,0.692087,-0.031949043,0.72403604,0.7158479,-0.0081881285,11
1,0,1,0,0,0,3,0,0,3,3.0,5.0,3.0,4.0,3.0,3.0,3.0,3.0,8.0,4.0,4.0,3.0,6.0,0.689902,0.9506742,0.26077217,,,,0.689902,0.689902,0.0,0.689902,0.689902,0.0,0.689902,0.7629506,0.07304859,0.689902,0.52594995,-0.16395205,0.689902,0.5816874,-0.10821462,0.689902,0.689902,0.0,0.689902,0.689902,0.0,0.689902,0.42364243,-0.26625958,0.689902,0.7562895,0.066387475,0.689902,0.67431813,-0.015583873,0.689902,0.7690626,0.07916057,20
0,0,2,0,2,1,2,1,0,1,1.0,2.0,1.0,1.0,1.0,9.0,4.0,4.0,4.0,4.0,4.0,2.0,6.0,,,,0.72192776,0.65043086,-0.071496904,0.72192776,0.72192776,0.0,0.72192776,0.72192776,0.0,,,,,,,,,,0.72192776,0.72192776,0.0,,,,0.72192776,0.7191413,-0.0027864575,0.72192776,0.69946665,-0.022461116,0.72192776,0.7571246,0.03519684,0.72192776,0.90457004,0.18264228,25
6,0,0,0,1,4,6,4,0,5,2.0,5.0,3.0,3.0,2.0,3.0,4.0,3.0,7.0,4.0,4.0,3.0,7.0,0.947478,0.9453904,-0.002087593,,,,0.947478,0.947478,0.0,0.947478,0.947478,0.0,0.947478,0.91563797,-0.031840026,0.947478,0.9645941,0.01711613,0.947478,0.9561138,0.008635819,0.947478,0.947478,0.0,0.947478,0.947478,0.0,0.947478,0.92969537,-0.017782629,0.947478,0.8335661,-0.11391187,0.947478,0.94067556,-0.0068024397,0.947478,0.9194296,-0.028048396,19
4,1,3,0,0,0,4,0,0,5,2.0,4.0,3.0,2.0,2.0,0.0,2.0,3.0,10.0,4.0,5.0,5.0,9.0,0.50180596,0.6459533,0.14414734,0.50180596,0.4640226,-0.037783355,0.50180596,0.50180596,0.0,,,,0.50180596,0.614019,0.112213016,0.50180596,0.581532,0.07972604,0.50180596,0.5839623,0.08215636,0.50180596,0.50180596,0.0,0.50180596,0.50180596,0.0,,,,,,,,,,0.50180596,0.43215117,-0.06965479,6
3,0,0,0,0,0,5,0,2,4,2.0,4.0,2.0,2.0,2.0,0.0,4.0,3.0,9.0,5.0,4.0,4.0,10.0,0.94471455,0.9754439,0.030729353,0.94471455,0.97258425,0.027869701,,,,0.94471455,0.94471455,0.0,0.94471455,0.95272994,0.008015394,0.94471455,0.9746173,0.029902756,0.94471455,0.98349947,0.03878492,0.94471455,0.94471455,0.0,0.94471455,0.94471455,0.0,,,,0.94471455,0.7970082,-0.14770633,0.94471455,0.9579081,0.013193548,,,,2
2,0,0,0,0,0,3,0,0,3,3.0,2.0,2.0,2.0,2.0,10.0,2.0,2.0,8.0,3.0,4.0,5.0,8.0,0.15987073,0.84333724,0.6834665,0.15987073,0.14286678,-0.017003953,0.15987073,0.15987073,0.0,0.15987073,0.15987073,0.0,0.15987073,0.16747479,0.0076040626,0.15987073,0.1509102,-0.00896053,0.15987073,0.18942843,0.029557705,0.15987073,0.15987073,0.0,0.15987073,0.15987073,0.0,0.15987073,0.39810348,0.23823275,0.15987073,0.28353834,0.12366761,,,,0.15987073,0.21859318,0.05872245,17
5,1,0,0,0,0,9,3,0,3,3.0,4.0,2.0,2.0,1.0,8.0,4.0,3.0,10.0,4.0,4.0,4.0,9.0,0.8541695,0.9426602,0.088490725,0.8541695,0.87941676,0.025247276,0.8541695,0.8541695,0.0,0.8541695,0.8541695,0.0,0.8541695,0.87896353,0.024794042,0.8541695,0.8688231,0.014653623,,,,0.8541695,0.8541695,0.0,0.8541695,0.8541695,0.0,0.8541695,0.93419015,0.080020666,,,,0.8541695,0.8890661,0.034896612,0.8541695,0.95090216,0.096732676,7
3,1,2,0,0,2,5,4,0,0,3.0,3.0,2.0,3.0,2.0,6.0,3.0,3.0,7.0,4.0,3.0,4.0,7.0,0.1625138,0.7273816,0.5648678,0.1625138,0.7236639,0.56115013,0.1625138,0.1625138,0.0,0.1625138,0.1625138,0.0,0.1625138,0.1399044,-0.022609413,0.1625138,0.17085111,0.008337304,0.1625138,0.16064799,-0.0018658191,0.1625138,0.1625138,0.0,0.1625138,0.1625138,0.0,0.1625138,0.40849605,0.24598224,0.1625138,0.16232716,-0.00018665195,0.1625138,0.16869172,0.006177917,0.1625138,0.115314424,-0.047199383,13
1,1,4,0,0,1,6,0,0,8,2.0,2.0,2.0,2.0,2.0,1.0,3.0,2.0,8.0,3.0,4.0,2.0,7.0,0.36378253,0.8778655,0.51408297,0.36378253,0.91124874,0.5474662,0.36378253,0.36378253,0.0,0.36378253,0.36378253,0.0,0.36378253,0.3165206,-0.047261924,0.36378253,0.52543104,0.16164851,0.36378253,0.4673122,0.10352966,0.36378253,0.36378253,0.0,0.36378253,0.36378253,0.0,0.36378253,0.35557118,-0.0082113445,0.36378253,0.52007735,0.15629482,0.36378253,0.39863837,0.034855843,0.36378253,0.56446636,0.20068383,26
1,1,2,0,0,2,9,2,2,4,1.0,4.0,1.0,1.0,2.0,5.0,4.0,4.0,8.0,4.0,3.0,2.0,8.0,,,,0.61547124,0.5425525,-0.07291877,0.61547124,0.61547124,0.0,0.61547124,0.61547124,0.0,,,,,,,0.61547124,0.71664155,0.1011703,0.61547124,0.61547124,0.0,,,,0.61547124,0.8914279,0.27595663,0.61547124,0.7559178,0.14044654,0.61547124,0.5512766,-0.06419462,0.61547124,0.3763581,-0.23911315,16
1,0,2,0,0,0,3,0,0,3,1.0,5.0,1.0,1.0,1.0,1.0,4.0,3.0,7.0,5.0,4.0,4.0,10.0,,,,,,,,,,0.98969436,0.98969436,0.0,,,,,,,,,,0.98969436,0.98969436,0.0,0.98969436,0.98969436,0.0,0.98969436,0.9901003,0.00040596724,0.98969436,0.9918894,0.0021950603,0.98969436,0.98137283,-0.008321524,,,,10
3,1,2,0,0,0,7,0,2,4,2.0,3.0,2.0,2.0,2.0,6.0,4.0,3.0,7.0,4.0,5.0,4.0,8.0,0.83125037,0.8828754,0.051625013,0.83125037,0.7978599,-0.033390462,0.83125037,0.83125037,0.0,,,,0.83125037,0.8010594,-0.030190945,0.83125037,0.81049556,-0.020754814,0.83125037,0.8172605,-0.013989866,0.83125037,0.83125037,0.0,0.83125037,0.83125037,0.0,0.83125037,0.9123534,0.08110303,0.83125037,0.85859317,0.027342796,0.83125037,0.89215624,0.060905874,0.83125037,0.8562876,0.025037229,2
3,0,6,0,2,1,4,0,0,3,3.0,3.0,4.0,2.0,3.0,1.0,3.0,3.0,5.0,3.0,3.0,3.0,5.0,0.11932659,0.7911308,0.6718042,0.11932659,0.5383411,0.4190145,0.11932659,0.11932659,0.0,0.11932659,0.11932659,0.0,0.11932659,0.08422747,-0.03509912,0.11932659,0.4198347,0.3005081,0.11932659,0.08259987,-0.03672672,0.11932659,0.11932659,0.0,0.11932659,0.11932659,0.0,0.11932659,0.16564085,0.046314254,0.11932659,0.11866066,-0.0006659329,0.11932659,0.15577818,0.036451593,0.11932659,0.04989588,-0.06943071,4
3,0,0,0,0,0,7,0,1,4,2.0,5.0,2.0,2.0,1.0,3.0,4.0,3.0,5.0,3.0,3.0,1.0,3.0,0.97884744,0.9598377,-0.019009769,,,,0.97884744,0.97884744,0.0,0.97884744,0.97884744,0.0,0.97884744,0.981924,0.0030765533,0.97884744,0.9912053,0.012357831,,,,0.97884744,0.97884744,0.0,0.97884744,0.97884744,0.0,0.97884744,0.97257507,-0.0062723756,0.97884744,0.9886363,0.009788871,0.97884744,0.98408026,0.005232811,0.97884744,0.9911737,0.012326241,2
4,1,0,0,0,0,7,0,0,0,2.0,5.0,3.0,3.0,2.0,0.0,3.0,3.0,8.0,4.0,3.0,3.0,7.0,0.84816587,0.9617805,0.11361462,,,,0.84816587,0.84816587,0.0,0.84816587,0.84816587,0.0,0.84816587,0.91841793,0.07025206,0.84816587,0.8123345,-0.03583139,0.84816587,0.943599,0.095433116,0.84816587,0.84816587,0.0,0.84816587,0.84816587,0.0,,,,0.84816587,0.87322193,0.025056064,0.84816587,0.8210905,-0.02707535,0.84816587,0.621869,-0.22629684,15
2,1,1,0,0,0,2,0,0,1,2.0,4.0,3.0,3.0,3.0,6.0,4.0,2.0,8.0,4.0,4.0,4.0,5.0,0.92585486,0.9428578,0.01700294,0.92585486,0.9313165,0.005461633,0.92585486,0.92585486,0.0,0.92585486,0.92585486,0.0,0.92585486,0.8307925,-0.095062375,0.92585486,0.9450106,0.01915574,0.92585486,0.8100895,-0.11576533,0.92585486,0.92585486,0.0,0.92585486,0.92585486,0.0,0.92585486,0.98694277,0.061087906,0.92585486,0.88306564,-0.04278922,0.92585486,0.85961026,-0.0662446,0.92585486,0.9156684,-0.010186434,20
4,0,0,0,2,1,6,0,0,3,3.0,4.0,2.0,2.0,2.0,0.0,4.0,3.0,10.0,4.0,4.0,5.0,10.0,0.73330516,0.8988464,0.16554123,0.73330516,0.7376993,0.004394114,0.73330516,0.73330516,0.0,0.73330516,0.73330516,0.0,0.73330516,0.7714011,0.03809595,0.73330516,0.7626301,0.029324949,0.73330516,0.8917823,0.15847713,0.73330516,0.73330516,0.0,0.73330516,0.73330516,0.0,,,,,,,,,,,,,4
2,1,0,0,0,0,9,0,0,3,2.0,2.0,2.0,2.0,2.0,0.0,4.0,3.0,8.0,4.0,4.0,4.0,8.0,0.25067818,0.852379,0.60170084,0.25067818,0.60755503,0.35687685,0.25067818,0.25067818,0.0,0.25067818,0.25067818,0.0,0.25067818,0.2795589,0.028880715,0.25067818,0.5169175,0.26623935,0.25067818,0.5551981,0.3045199,0.25067818,0.25067818,0.0,0.25067818,0.25067818,0.0,,,,0.25067818,0.80758613,0.55690795,0.25067818,0.307368,0.05668983,0.25067818,0.25974515,0.009066969,17
2,0,5,0,0,0,2,0,0,1,1.0,3.0,2.0,3.0,3.0,3.0,4.0,3.0,9.0,4.0,4.0,4.0,9.0,,,,0.99392587,0.9954665,0.0015406013,0.99392587,0.99392587,0.0,0.99392587,0.99392587,0.0,0.99392587,0.99357224,-0.00035363436,0.99392587,0.99744403,0.0035181642,0.99392587,0.9904828,-0.0034430623,0.99392587,0.99392587,0.0,0.99392587,0.99392587,0.0,0.99392587,0.9920738,-0.0018520951,0.99392587,0.9934685,-0.00045734644,0.99392587,0.99647176,0.0025458932,0.99392587,0.98593396,-0.00799191,20
5,1,0,0,1,0,2,3,0,0,1.0,5.0,2.0,3.0,1.0,1.0,4.0,4.0,8.0,4.0,4.0,4.0,7.0,,,,,,,0.96724,0.96724,0.0,0.96724,0.96724,0.0,0.96724,0.96724,0.0,0.96724,0.97926027,0.01202029,,,,0.96724,0.96724,0.0,,,,0.96724,0.9859963,0.01875633,0.96724,0.968937,0.0016970038,0.96724,0.97774315,0.010503173,0.96724,0.91999245,-0.04724753,5
4,1,0,0,1,0,4,3,0,5,3.0,4.0,2.0,3.0,2.0,5.0,4.0,3.0,9.0,4.0,4.0,5.0,9.0,0.8858643,0.9352079,0.049343586,0.8858643,0.857427,-0.028437316,0.8858643,0.8858643,0.0,0.8858643,0.8858643,0.0,0.8858643,0.9079224,0.02205807,0.8858643,0.914022,0.028157711,0.8858643,0.93945247,0.053588152,0.8858643,0.8858643,0.0,0.8858643,0.8858643,0.0,0.8858643,0.823901,-0.06196332,0.8858643,0.8493819,-0.036482394,,,,0.8858643,0.87751204,-0.00835228,12
1,1,5,0,0,0,3,0,0,3,2.0,4.0,3.0,3.0,3.0,7.0,3.0,3.0,8.0,4.0,3.0,2.0,8.0,0.97662973,0.97599626,-0.00063347816,0.97662973,0.9691583,-0.007471442,0.97662973,0.97662973,0.0,0.97662973,0.97662973,0.0,0.97662973,0.9729792,-0.003650546,0.97662973,0.9770896,0.00045984983,0.97662973,0.9777805,0.0011507869,0.97662973,0.97662973,0.0,0.97662973,0.97662973,0.0,0.97662973,0.98136234,0.004732609,0.97662973,0.97491056,-0.0017191768,0.97662973,0.9724124,-0.0042173266,0.97662973,0.94821244,-0.02841729,17
4,0,0,0,0,1,4,0,0,0,3.0,3.0,2.0,1.0,1.0,0.0,4.0,3.0,8.0,3.0,2.0,4.0,7.0,0.86810094,0.93595845,0.067857504,0.86810094,0.9301241,0.062023163,0.86810094,0.86810094,0.0,0.86810094,0.86810094,0.0,0.86810094,0.8688965,0.0007955432,,,,,,,0.86810094,0.86810094,0.0,0.86810094,0.86810094,0.0,,,,0.86810094,0.84235114,-0.025749803,0.86810094,0.8707416,0.0026406646,0.86810094,0.8947508,0.026649833,15
3,1,5,0,0,0,2,0,2,2,2.0,4.0,2.0,4.0,3.0,6.0,4.0,3.0,9.0,4.0,4.0,2.0,7.0,0.8352564,0.929339,0.094082594,0.8352564,0.8553601,0.020103693,0.8352564,0.8352564,0.0,0.8352564,0.8352564,0.0,0.8352564,0.83820623,0.0029498339,0.8352564,0.8155974,-0.019658983,0.8352564,0.8833157,0.048059285,0.8352564,0.8352564,0.0,0.8352564,0.8352564,0.0,0.8352564,0.74549353,-0.08976287,0.8352564,0.8374702,0.002213776,0.8352564,0.63005114,-0.20520526,0.8352564,0.8112908,-0.023965597,1
2,1,1,0,0,0,1,0,0,3,2.0,5.0,4.0,2.0,2.0,7.0,4.0,3.0,8.0,4.0,4.0,4.0,9.0,0.83147174,0.91645175,0.08498001,,,,0.83147174,0.83147174,0.0,0.83147174,0.83147174,0.0,0.83147174,0.76861775,-0.06285399,0.83147174,0.9219819,0.09051013,0.83147174,0.8595312,0.028059483,0.83147174,0.83147174,0.0,0.83147174,0.83147174,0.0,0.83147174,0.9078335,0.076361775,0.83147174,0.787947,-0.043524742,0.83147174,0.7265301,-0.104941666,0.83147174,0.8024558,-0.029015958,20
1,1,1,0,1,2,1,1,2,2,2.0,4.0,2.0,2.0,2.0,3.0,2.0,3.0,2.0,3.0,3.0,2.0,2.0,0.6846733,0.90337694,0.21870363,0.6846733,0.8455499,0.16087657,0.6846733,0.6846733,0.0,0.6846733,0.6846733,0.0,0.6846733,0.6796382,-0.0050351024,0.6846733,0.8225152,0.13784188,0.6846733,0.64196837,-0.04270494,0.6846733,0.6846733,0.0,0.6846733,0.6846733,0.0,0.6846733,0.513121,-0.1715523,0.6846733,0.16105255,-0.5236207,0.6846733,0.744078,0.05940467,0.6846733,0.8458368,0.16116351,16
1,0,2,0,1,2,3,5,2,8,1.0,3.0,1.0,2.0,2.0,3.0,3.0,3.0,5.0,3.0,3.0,1.0,4.0,,,,0.2431901,0.40594545,0.16275536,0.2431901,0.2431901,0.0,0.2431901,0.2431901,0.0,,,,0.2431901,0.40430787,0.16111778,0.2431901,0.18996723,-0.053222865,0.2431901,0.2431901,0.0,0.2431901,0.2431901,0.0,0.2431901,0.24042797,-0.002762124,0.2431901,0.7337572,0.4905671,0.2431901,0.25521696,0.012026861,0.2431901,0.33123285,0.08804275,0
0,0,0,0,0,0,9,0,0,3,1.0,1.0,1.0,1.0,1.0,0.0,5.0,4.0,8.0,5.0,5.0,3.0,8.0,,,,0.9984139,0.99388087,-0.0045330524,,,,,,,,,,,,,,,,,,,,,,,,,0.9984139,0.99971575,0.001301825,0.9984139,0.998181,-0.00023293495,0.9984139,0.99838114,-3.2782555e-05,10
1,1,1,0,0,0,5,0,0,1,1.0,5.0,1.0,2.0,1.0,5.0,2.0,3.0,8.0,4.0,3.0,3.0,7.0,,,,,,,0.889736,0.889736,0.0,0.889736,0.889736,0.0,,,,0.889736,0.91055924,0.02082324,,,,0.889736,0.889736,0.0,0.889736,0.889736,0.0,0.889736,0.9929113,0.10317528,0.889736,0.8265296,-0.063206375,0.889736,0.89390117,0.0041651726,0.889736,0.9126629,0.022926927,11
0,1,0,0,1,1,2,1,1,8,2.0,5.0,2.0,3.0,1.0,0.0,3.0,3.0,5.0,4.0,4.0,2.0,4.0,0.79481936,0.94827014,0.15345079,,,,0.79481936,0.79481936,0.0,0.79481936,0.79481936,0.0,0.79481936,0.7248842,-0.06993514,0.79481936,0.8551239,0.060304523,,,,0.79481936,0.79481936,0.0,0.79481936,0.79481936,0.0,,,,0.79481936,0.8720723,0.077252924,0.79481936,0.9193701,0.12455076,0.79481936,0.77245414,-0.022365212,25
1,1,1,0,0,2,3,0,0,3,1.0,5.0,1.0,2.0,1.0,0.0,1.0,1.0,10.0,5.0,5.0,4.0,10.0,,,,,,,,,,,,,,,,0.9827734,0.9834939,0.00072050095,,,,0.9827734,0.9827734,0.0,0.9827734,0.9827734,0.0,,,,,,,0.9827734,0.982676,-9.739399e-05,,,,9
2,0,0,0,0,0,2,0,2,4,1.0,4.0,3.0,2.0,2.0,7.0,4.0,4.0,7.0,3.0,3.0,3.0,7.0,,,,0.52860284,0.54684055,0.01823771,0.52860284,0.52860284,0.0,0.52860284,0.52860284,0.0,0.52860284,0.81957,0.29096717,0.52860284,0.65333545,0.12473261,0.52860284,0.62948835,0.10088551,0.52860284,0.52860284,0.0,,,,0.52860284,0.8946709,0.36606807,0.52860284,0.20899783,-0.319605,0.52860284,0.54127467,0.012671828,0.52860284,0.65958047,0.13097763,2
3,1,1,0,0,0,9,1,1,4,1.0,5.0,1.0,1.0,2.0,1.0,4.0,3.0,9.0,3.0,4.0,4.0,9.0,,,,,,,0.9180902,0.9180902,0.0,0.9180902,0.9180902,0.0,,,,,,,0.9180902,0.93544817,0.017357945,0.9180902,0.9180902,0.0,0.9180902,0.9180902,0.0,0.9180902,0.9352707,0.017180502,0.9180902,0.886149,-0.031941235,0.9180902,0.9353544,0.017264187,0.9180902,0.9148018,-0.0032884479,3
4,0,0,0,0,0,8,0,0,3,3.0,5.0,3.0,3.0,3.0,0.0,3.0,4.0,8.0,5.0,4.0,4.0,10.0,0.086081,0.6356783,0.54959726,,,,,,,0.086081,0.086081,0.0,0.086081,0.17930423,0.09322323,0.086081,0.36761498,0.281534,0.086081,0.107167356,0.021086358,0.086081,0.086081,0.0,,,,,,,0.086081,0.12049822,0.03441722,0.086081,0.08700656,0.0009255633,,,,23
1,1,2,0,0,0,2,0,0,3,1.0,3.0,1.0,1.0,1.0,6.0,4.0,4.0,9.0,5.0,5.0,3.0,9.0,,,,0.6316671,0.6173589,-0.014308155,,,,,,,,,,,,,,,,0.6316671,0.6316671,0.0,,,,0.6316671,0.85028154,0.21861446,0.6316671,0.7747143,0.14304721,0.6316671,0.37596393,-0.25570315,0.6316671,0.2987029,-0.33296418,10
5,1,0,0,2,1,5,3,0,3,4.0,3.0,3.0,2.0,2.0,1.0,2.0,3.0,8.0,4.0,2.0,5.0,8.0,0.21778822,0.35791737,0.14012915,0.21778822,0.63882256,0.42103434,0.21778822,0.21778822,0.0,0.21778822,0.21778822,0.0,0.21778822,0.18815735,-0.02963087,0.21778822,0.19993804,-0.017850175,0.21778822,0.2925471,0.07475889,0.21778822,0.21778822,0.0,0.21778822,0.21778822,0.0,0.21778822,0.40044042,0.1826522,0.21778822,0.6490385,0.43125027,,,,0.21778822,0.1769861,-0.04080212,22
2,0,0,0,0,0,8,1,2,4,1.0,3.0,3.0,1.0,1.0,0.0,4.0,3.0,8.0,4.0,4.0,4.0,5.0,,,,0.9624282,0.9598166,-0.002611637,0.9624282,0.9624282,0.0,0.9624282,0.9624282,0.0,0.9624282,0.98919487,0.026766658,,,,,,,0.9624282,0.9624282,0.0,0.9624282,0.9624282,0.0,,,,0.9624282,0.9826429,0.020214677,0.9624282,0.94906616,-0.01336205,0.9624282,0.97025406,0.007825851,2
1,0,1,0,5,1,2,1,0,7,2.0,4.0,2.0,2.0,3.0,4.0,3.0,2.0,4.0,5.0,5.0,3.0,8.0,0.15165311,0.32790783,0.17625472,0.15165311,0.14259249,-0.009060621,,,,,,,0.15165311,0.13060051,-0.021052599,0.15165311,0.30776402,0.15611091,0.15165311,0.10745958,-0.04419353,0.15165311,0.15165311,0.0,0.15165311,0.15165311,0.0,0.15165311,0.27610657,0.124453455,0.15165311,0.15813592,0.00648281,0.15165311,0.1524256,0.0007724911,0.15165311,0.13156207,-0.020091042,9
1,0,6,0,0,0,9,0,0,1,1.0,4.0,1.0,3.0,1.0,7.0,4.0,3.0,6.0,4.0,4.0,4.0,8.0,,,,0.9628775,0.9661876,0.0033100843,0.9628775,0.9628775,0.0,0.9628775,0.9628775,0.0,,,,0.9628775,0.98049384,0.017616332,,,,0.9628775,0.9628775,0.0,0.9628775,0.9628775,0.0,0.9628775,0.96985036,0.0069728494,0.9628775,0.97154343,0.008665919,0.9628775,0.97289497,0.010017455,0.9628775,0.9034876,-0.05938989,11
1,0,0,0,0,2,1,2,0,0,2.0,2.0,2.0,5.0,2.0,0.0,5.0,4.0,0.0,5.0,5.0,5.0,0.0,0.24303845,0.779193,0.5361545,0.24303845,0.26558644,0.02254799,,,,,,,0.24303845,0.24303845,0.0,0.24303845,0.21671554,-0.026322901,0.24303845,0.2505591,0.007520646,,,,,,,,,,0.24303845,0.31074384,0.06770539,,,,0.24303845,0.339347,0.09630856,13
5,1,0,0,2,0,4,3,0,0,3.0,4.0,3.0,2.0,2.0,10.0,3.0,3.0,5.0,3.0,3.0,1.0,6.0,0.098688975,0.38298276,0.28429377,0.098688975,0.079517804,-0.01917117,0.098688975,0.098688975,0.0,0.098688975,0.098688975,0.0,0.098688975,0.27087805,0.17218907,0.098688975,0.07788856,-0.020800412,0.098688975,0.09897722,0.00028824806,0.098688975,0.098688975,0.0,0.098688975,0.098688975,0.0,0.098688975,0.588492,0.48980302,0.098688975,0.080941886,-0.01774709,0.098688975,0.08580564,-0.012883335,0.098688975,0.079741135,-0.01894784,22
0,1,4,0,0,3,1,6,0,1,3.0,4.0,1.0,2.0,2.0,7.0,3.0,2.0,6.0,3.0,4.0,3.0,7.0,0.7875421,0.6709599,-0.116582215,0.7875421,0.7575698,-0.029972315,0.7875421,0.7875421,0.0,0.7875421,0.7875421,0.0,,,,0.7875421,0.7171278,-0.070414305,0.7875421,0.78335005,-0.0041920543,0.7875421,0.7875421,0.0,0.7875421,0.7875421,0.0,0.7875421,0.9328259,0.14528382,0.7875421,0.7044145,-0.08312762,0.7875421,0.793266,0.0057238936,0.7875421,0.8298094,0.042267323,8
5,1,2,0,4,1,7,3,0,0,2.0,4.0,1.0,1.0,2.0,6.0,3.0,3.0,4.0,3.0,3.0,5.0,5.0,0.22195312,0.266252,0.044298887,0.22195312,0.3888758,0.16692269,0.22195312,0.22195312,0.0,0.22195312,0.22195312,0.0,,,,,,,0.22195312,0.35672292,0.1347698,0.22195312,0.22195312,0.0,0.22195312,0.22195312,0.0,0.22195312,0.18871066,-0.033242464,0.22195312,0.15652703,-0.0654261,,,,0.22195312,0.21763606,-0.00431706,22
4,0,2,0,0,0,3,0,0,7,1.0,4.0,2.0,3.0,2.0,3.0,3.0,3.0,8.0,4.0,4.0,4.0,8.0,,,,0.9922455,0.9877571,-0.0044884086,0.9922455,0.9922455,0.0,0.9922455,0.9922455,0.0,0.9922455,0.9900782,-0.0021672845,0.9922455,0.9889342,-0.0033112764,0.9922455,0.9935469,0.0013014078,0.9922455,0.9922455,0.0,0.9922455,0.9922455,0.0,0.9922455,0.9798855,-0.012359977,0.9922455,0.99770504,0.005459547,0.9922455,0.9942346,0.0019891262,0.9922455,0.99173826,-0.0005072355,23
4,0,2,0,0,0,7,0,0,5,1.0,4.0,4.0,2.0,4.0,1.0,3.0,3.0,9.0,5.0,4.0,5.0,10.0,,,,0.97988564,0.98484635,0.004960716,,,,0.97988564,0.97988564,0.0,0.97988564,0.97549075,-0.004394889,0.97988564,0.98905385,0.009168208,0.97988564,0.97408503,-0.005800605,0.97988564,0.97988564,0.0,0.97988564,0.97988564,0.0,0.97988564,0.9819369,0.0020512342,0.97988564,0.9789726,-0.00091302395,,,,,,,23
2,1,5,0,0,0,8,0,1,4,2.0,5.0,2.0,2.0,2.0,2.0,4.0,3.0,7.0,3.0,3.0,3.0,8.0,0.91724175,0.96243155,0.045189798,,,,0.91724175,0.91724175,0.0,0.91724175,0.91724175,0.0,0.91724175,0.9313982,0.014156461,0.91724175,0.94588214,0.02864039,0.91724175,0.95652485,0.039283097,0.91724175,0.91724175,0.0,0.91724175,0.91724175,0.0,0.91724175,0.51016855,-0.4070732,0.91724175,0.9829495,0.06570774,0.91724175,0.8890395,-0.028202236,0.91724175,0.88575107,-0.031490684,2
4,0,0,0,0,0,6,1,0,3,3.0,3.0,2.0,3.0,2.0,7.0,4.0,3.0,5.0,2.0,5.0,3.0,6.0,0.8931775,0.9666062,0.07342869,0.8931775,0.9528532,0.059675694,0.8931775,0.8931775,0.0,,,,0.8931775,0.87835675,-0.0148207545,0.8931775,0.7170055,-0.17617202,0.8931775,0.8116425,-0.08153498,0.8931775,0.8931775,0.0,0.8931775,0.8931775,0.0,0.8931775,0.6649221,-0.22825539,0.8931775,0.9100761,0.016898572,0.8931775,0.80320567,-0.08997184,0.8931775,0.7969677,-0.096209824,7
2,0,6,0,0,0,2,0,2,4,1.0,2.0,1.0,1.0,3.0,4.0,4.0,3.0,8.0,4.0,3.0,4.0,6.0,,,,0.94698095,0.95313936,0.0061584115,0.94698095,0.94698095,0.0,0.94698095,0.94698095,0.0,,,,,,,0.94698095,0.9143175,-0.032663465,0.94698095,0.94698095,0.0,0.94698095,0.94698095,0.0,0.94698095,0.64490104,-0.30207992,0.94698095,0.9570326,0.010051668,0.94698095,0.95305735,0.0060763955,0.94698095,0.91129714,-0.03568381,2
6,1,1,0,3,4,2,3,0,8,1.0,4.0,1.0,1.0,1.0,7.0,2.0,3.0,10.0,4.0,4.0,3.0,10.0,,,,0.62181383,0.63680845,0.014994621,0.62181383,0.62181383,0.0,0.62181383,0.62181383,0.0,,,,,,,,,,0.62181383,0.62181383,0.0,0.62181383,0.62181383,0.0,0.62181383,0.9507597,0.32894588,,,,0.62181383,0.5567804,-0.065033436,,,,19
1,1,1,0,0,0,3,0,0,3,5.0,2.0,3.0,3.0,4.0,5.0,4.0,3.0,4.0,4.0,2.0,3.0,6.0,0.9785568,0.9785568,0.0,0.9785568,0.9588858,-0.019671023,0.9785568,0.9785568,0.0,0.9785568,0.9785568,0.0,0.9785568,0.97898346,0.00042665005,0.9785568,0.9775499,-0.0010069013,0.9785568,0.9785568,0.0,0.9785568,0.9785568,0.0,0.9785568,0.9785568,0.0,0.9785568,0.9928092,0.014252365,0.9785568,0.9674955,-0.011061311,0.9785568,0.9606212,-0.017935634,0.9785568,0.9677271,-0.010829687,17
5,1,0,0,0,0,5,3,0,0,2.0,3.0,2.0,3.0,2.0,0.0,4.0,3.0,9.0,4.0,4.0,4.0,8.0,0.87883747,0.97320515,0.09436768,0.87883747,0.85528535,-0.02355212,0.87883747,0.87883747,0.0,0.87883747,0.87883747,0.0,0.87883747,0.87883747,0.0,0.87883747,0.84709424,-0.03174323,0.87883747,0.9543505,0.075513005,0.87883747,0.87883747,0.0,0.87883747,0.87883747,0.0,,,,0.87883747,0.72046494,-0.15837252,0.87883747,0.90476704,0.02592957,0.87883747,0.6534572,-0.22538024,5
4,1,2,0,3,2,1,3,0,3,1.0,4.0,2.0,1.0,1.0,2.0,4.0,4.0,8.0,4.0,4.0,4.0,8.0,,,,0.11142968,0.18846212,0.07703245,0.11142968,0.11142968,0.0,0.11142968,0.11142968,0.0,0.11142968,0.16183594,0.050406262,,,,,,,0.11142968,0.11142968,0.0,,,,0.11142968,0.2776245,0.16619481,0.11142968,0.42594844,0.31451875,0.11142968,0.085239135,-0.026190542,0.11142968,0.1929437,0.08151403,22
1,1,1,0,2,0,3,0,1,2,2.0,2.0,2.0,2.0,2.0,5.0,2.0,3.0,5.0,4.0,4.0,2.0,6.0,0.44043863,0.92510206,0.48466343,0.44043863,0.85708886,0.41665024,0.44043863,0.44043863,0.0,0.44043863,0.44043863,0.0,0.44043863,0.3688306,-0.07160804,0.44043863,0.82750607,0.38706744,0.44043863,0.5313754,0.09093678,0.44043863,0.44043863,0.0,0.44043863,0.44043863,0.0,0.44043863,0.48696482,0.046526194,0.44043863,0.5618378,0.121399164,0.44043863,0.30035344,-0.14008519,0.44043863,0.38229614,-0.058142483,1
1,0,0,0,0,0,8,0,0,3,1.0,5.0,2.0,3.0,3.0,4.0,2.0,3.0,10.0,5.0,5.0,2.0,8.0,,,,,,,,,,,,,0.8844272,0.841381,-0.043046176,0.8844272,0.9716887,0.0872615,0.8844272,0.9509984,0.066571236,0.8844272,0.8844272,0.0,0.8844272,0.8844272,0.0,0.8844272,0.8979606,0.013533413,,,,0.8844272,0.7948916,-0.089535594,0.8844272,0.8170226,-0.06740457,10
2,1,5,0,0,0,3,0,1,4,4.0,4.0,3.0,2.0,2.0,2.0,2.0,3.0,8.0,4.0,3.0,2.0,10.0,0.7327447,0.60681397,-0.12593073,0.7327447,0.7327447,0.0,0.7327447,0.7327447,0.0,0.7327447,0.7327447,0.0,0.7327447,0.9071686,0.17442393,0.7327447,0.88231134,0.14956665,0.7327447,0.7229012,-0.009843469,0.7327447,0.7327447,0.0,0.7327447,0.7327447,0.0,0.7327447,0.124083,-0.6086617,0.7327447,0.6928067,-0.039937973,0.7327447,0.7392989,0.0065541863,,,,1
3,0,1,0,0,0,4,0,0,0,1.0,4.0,1.0,2.0,1.0,3.0,3.0,3.0,7.0,4.0,4.0,3.0,8.0,,,,0.98770565,0.99119496,0.0034893155,0.98770565,0.98770565,0.0,0.98770565,0.98770565,0.0,,,,0.98770565,0.98921764,0.001511991,,,,0.98770565,0.98770565,0.0,0.98770565,0.98770565,0.0,0.98770565,0.9877676,6.1929226e-05,0.98770565,0.9640981,-0.023607552,0.98770565,0.9695012,-0.01820445,0.98770565,0.9910138,0.003308177,20
3,0,1,0,0,1,5,0,2,4,1.0,4.0,1.0,1.0,1.0,1.0,3.0,3.0,9.0,5.0,5.0,5.0,10.0,,,,0.9908455,0.9941995,0.003354013,,,,,,,,,,,,,,,,0.9908455,0.9908455,0.0,0.9908455,0.9908455,0.0,0.9908455,0.9910307,0.00018519163,0.9908455,0.9596073,-0.031238198,,,,,,,2
4,0,0,0,0,0,6,0,0,2,2.0,2.0,1.0,1.0,1.0,6.0,3.0,3.0,7.0,3.0,4.0,3.0,9.0,0.9548472,0.9851136,0.030266404,0.9548472,0.98128164,0.026434422,0.9548472,0.9548472,0.0,0.9548472,0.9548472,0.0,,,,,,,,,,0.9548472,0.9548472,0.0,0.9548472,0.9548472,0.0,0.9548472,0.9292723,-0.025574923,0.9548472,0.8791987,-0.075648546,0.9548472,0.94950557,-0.005341649,0.9548472,0.9640465,0.009199262,23
4,1,0,0,0,0,9,1,0,3,2.0,4.0,2.0,2.0,2.0,2.0,5.0,4.0,10.0,5.0,5.0,4.0,9.0,0.8696462,0.9493799,0.07973373,0.8696462,0.9200801,0.050433934,,,,,,,0.8696462,0.8450441,-0.024602115,0.8696462,0.8833384,0.0136922,0.8696462,0.8241699,-0.045476317,,,,,,,0.8696462,0.5669161,-0.30273008,,,,0.8696462,0.8347548,-0.034891367,0.8696462,0.9018754,0.032229185,12
2,1,1,0,0,0,2,0,2,4,2.0,5.0,2.0,2.0,4.0,5.0,2.0,2.0,8.0,4.0,4.0,4.0,7.0,0.9251304,0.9053198,-0.019810617,,,,0.9251304,0.9251304,0.0,0.9251304,0.9251304,0.0,0.9251304,0.9031428,-0.021987617,0.9251304,0.94639534,0.02126491,0.9251304,0.9430951,0.017964661,0.9251304,0.9251304,0.0,0.9251304,0.9251304,0.0,0.9251304,0.9693737,0.044243276,0.9251304,0.8001471,-0.12498331,0.9251304,0.9137775,-0.011352956,0.9251304,0.96575844,0.040628016,2
3,0,2,0,2,0,1,0,0,3,3.0,3.0,4.0,4.0,3.0,10.0,2.0,3.0,2.0,2.0,3.0,3.0,4.0,0.055994544,0.44421494,0.3882204,0.055994544,0.06108571,0.0050911643,0.055994544,0.055994544,0.0,0.055994544,0.055994544,0.0,0.055994544,0.037687328,-0.018307216,0.055994544,0.058548238,0.002553694,0.055994544,0.08192544,0.025930893,0.055994544,0.055994544,0.0,0.055994544,0.055994544,0.0,0.055994544,0.05952291,0.003528364,0.055994544,0.039527465,-0.01646708,0.055994544,0.06445829,0.008463744,0.055994544,0.04610469,-0.009889856,4
1,1,1,0,0,0,1,0,0,3,1.0,5.0,2.0,3.0,3.0,1.0,2.0,2.0,1.0,5.0,4.0,2.0,6.0,,,,,,,,,,0.99648535,0.99648535,0.0,0.99648535,0.99700874,0.0005233884,0.99648535,0.9946525,-0.0018328428,0.99648535,0.9955165,-0.0009688735,0.99648535,0.99648535,0.0,0.99648535,0.99648535,0.0,0.99648535,0.9957071,-0.00077825785,0.99648535,0.99455786,-0.001927495,0.99648535,0.99528,-0.0012053251,0.99648535,0.99747187,0.0009865165,20
2,1,1,0,0,0,8,1,2,4,2.0,4.0,1.0,1.0,1.0,8.0,4.0,3.0,9.0,4.0,3.0,5.0,8.0,0.7520085,0.8799488,0.1279403,0.7520085,0.6353717,-0.11663681,0.7520085,0.7520085,0.0,0.7520085,0.7520085,0.0,,,,,,,,,,0.7520085,0.7520085,0.0,0.7520085,0.7520085,0.0,0.7520085,0.8038618,0.0518533,0.7520085,0.6977188,-0.0542897,,,,0.7520085,0.7279399,-0.024068594,3
5,1,0,0,2,0,2,1,0,0,1.0,5.0,1.0,3.0,1.0,0.0,4.0,3.0,10.0,5.0,5.0,5.0,10.0,,,,,,,,,,,,,,,,0.67886806,0.7148578,0.03598976,,,,0.67886806,0.67886806,0.0,0.67886806,0.67886806,0.0,,,,,,,,,,,,,5
6,0,0,0,0,4,6,3,0,3,4.0,3.0,3.0,4.0,2.0,2.0,4.0,3.0,7.0,2.0,2.0,3.0,6.0,0.40520236,0.50215656,0.0969542,0.40520236,0.67156047,0.2663581,0.40520236,0.40520236,0.0,0.40520236,0.40520236,0.0,0.40520236,0.595581,0.19037864,0.40520236,0.48110476,0.0759024,0.40520236,0.4418811,0.03667873,0.40520236,0.40520236,0.0,0.40520236,0.40520236,0.0,0.40520236,0.0798049,-0.32539746,0.40520236,0.6337584,0.22855607,0.40520236,0.4516721,0.046469748,0.40520236,0.27891642,-0.12628594,19
1,1,2,0,0,0,1,0,0,7,2.0,5.0,5.0,4.0,5.0,5.0,3.0,3.0,2.0,4.0,4.0,2.0,2.0,0.67568845,0.94267476,0.2669863,,,,0.67568845,0.67568845,0.0,0.67568845,0.67568845,0.0,0.67568845,0.68336314,0.007674694,0.67568845,0.7880971,0.11240864,0.67568845,0.67568845,0.0,0.67568845,0.67568845,0.0,0.67568845,0.67568845,0.0,0.67568845,0.38988376,-0.2858047,0.67568845,0.7619625,0.08627403,0.67568845,0.54590476,-0.12978369,0.67568845,0.839726,0.16403753,26
5,1,2,0,1,2,5,3,0,5,1.0,1.0,1.0,1.0,1.0,3.0,5.0,3.0,7.0,5.0,5.0,5.0,10.0,,,,0.80570954,0.66677165,-0.13893789,,,,,,,,,,,,,,,,,,,0.80570954,0.80570954,0.0,0.80570954,0.8251645,0.019454956,0.80570954,0.88195133,0.07624179,,,,,,,22
4,1,1,0,0,0,8,0,0,3,5.0,5.0,3.0,5.0,3.0,3.0,3.0,3.0,8.0,4.0,5.0,4.0,9.0,0.12579972,0.12579972,0.0,,,,0.12579972,0.12579972,0.0,,,,0.12579972,0.41772383,0.29192412,0.12579972,0.10149765,-0.024302065,0.12579972,0.08229362,-0.043506093,0.12579972,0.12579972,0.0,0.12579972,0.12579972,0.0,0.12579972,0.04196488,-0.083834834,0.12579972,0.19836387,0.072564155,0.12579972,0.11644973,-0.009349987,0.12579972,0.10315945,-0.022640266,12
0,1,3,0,1,3,5,6,0,7,2.0,5.0,2.0,2.0,4.0,5.0,3.0,3.0,5.0,3.0,3.0,3.0,5.0,0.8173517,0.7056077,-0.11174399,,,,0.8173517,0.8173517,0.0,0.8173517,0.8173517,0.0,0.8173517,0.75523067,-0.062121034,0.8173517,0.84288293,0.025531232,0.8173517,0.8397743,0.022422612,0.8173517,0.8173517,0.0,0.8173517,0.8173517,0.0,0.8173517,0.7913528,-0.02599889,0.8173517,0.82388794,0.0065362453,0.8173517,0.73467594,-0.082675755,0.8173517,0.7463953,-0.07095641,21
5,1,2,0,5,1,4,3,1,2,3.0,5.0,2.0,2.0,3.0,1.0,4.0,4.0,9.0,5.0,3.0,3.0,10.0,0.77675664,0.7914876,0.01473093,,,,,,,0.77675664,0.77675664,0.0,0.77675664,0.7092463,-0.06751037,0.77675664,0.8581289,0.08137226,0.77675664,0.7137856,-0.062971056,0.77675664,0.77675664,0.0,,,,0.77675664,0.82967913,0.052922487,0.77675664,0.7742759,-0.0024807453,0.77675664,0.8214033,0.04464668,,,,18
0,0,0,0,1,3,4,6,0,1,1.0,5.0,2.0,2.0,2.0,4.0,3.0,3.0,8.0,5.0,5.0,5.0,9.0,,,,,,,,,,,,,0.99349034,0.99355197,6.16312e-05,0.99349034,0.9946878,0.0011974573,0.99349034,0.9954804,0.0019900799,0.99349034,0.99349034,0.0,0.99349034,0.99349034,0.0,0.99349034,0.9966313,0.003140986,0.99349034,0.9878513,-0.0056390166,,,,0.99349034,0.993397,-9.3340874e-05,8
2,0,0,0,0,0,3,0,3,4,1.0,4.0,2.0,2.0,2.0,5.0,3.0,3.0,5.0,4.0,4.0,3.0,7.0,,,,0.9586707,0.9689984,0.010327697,0.9586707,0.9586707,0.0,0.9586707,0.9586707,0.0,0.9586707,0.94668096,-0.011989713,0.9586707,0.98118275,0.022512078,0.9586707,0.9753652,0.016694546,0.9586707,0.9586707,0.0,0.9586707,0.9586707,0.0,0.9586707,0.9887683,0.030097604,0.9586707,0.98509985,0.026429176,0.9586707,0.9616884,0.0030177236,0.9586707,0.99028754,0.031616867,2
4,1,0,0,2,0,6,3,0,2,3.0,4.0,3.0,2.0,2.0,8.0,3.0,3.0,9.0,4.0,4.0,5.0,8.0,0.21947476,0.23772807,0.018253312,0.21947476,0.2232134,0.0037386417,0.21947476,0.21947476,0.0,0.21947476,0.21947476,0.0,0.21947476,0.3701013,0.15062654,0.21947476,0.2739731,0.054498345,0.21947476,0.27315608,0.053681314,0.21947476,0.21947476,0.0,0.21947476,0.21947476,0.0,0.21947476,0.5572045,0.33772972,0.21947476,0.34321824,0.123743474,,,,0.21947476,0.2970467,0.07757193,12
5,1,0,0,0,0,9,3,0,0,3.0,3.0,2.0,2.0,3.0,0.0,4.0,3.0,5.0,3.0,3.0,3.0,3.0,0.5180415,0.7621996,0.24415809,0.5180415,0.33521023,-0.18283126,0.5180415,0.5180415,0.0,0.5180415,0.5180415,0.0,0.5180415,0.5180415,0.0,0.5180415,0.6486523,0.13061082,0.5180415,0.52784324,0.009801745,0.5180415,0.5180415,0.0,0.5180415,0.5180415,0.0,,,,0.5180415,0.35478672,-0.16325477,0.5180415,0.4475552,-0.07048628,0.5180415,0.72806233,0.21002084,5
1,0,5,0,0,0,5,1,0,7,2.0,4.0,3.0,2.0,2.0,3.0,2.0,3.0,8.0,4.0,4.0,3.0,10.0,0.9344579,0.97853506,0.044077158,0.9344579,0.9507973,0.016339421,0.9344579,0.9344579,0.0,0.9344579,0.9344579,0.0,0.9344579,0.96324545,0.028787553,0.9344579,0.9716163,0.03715843,0.9344579,0.95044,0.015982091,0.9344579,0.9344579,0.0,0.9344579,0.9344579,0.0,0.9344579,0.8720054,-0.062452495,0.9344579,0.907431,-0.027026892,0.9344579,0.94017434,0.005716443,,,,26
4,0,0,0,1,0,3,0,1,4,1.0,5.0,2.0,2.0,2.0,5.0,4.0,4.0,6.0,5.0,4.0,4.0,8.0,,,,,,,,,,0.9459277,0.9459277,0.0,0.9459277,0.93993145,-0.0059962273,0.9459277,0.96553916,0.019611478,0.9459277,0.9628943,0.016966641,0.9459277,0.9459277,0.0,,,,0.9459277,0.99425924,0.04833156,0.9459277,0.965407,0.019479334,0.9459277,0.9104056,-0.035522103,0.9459277,0.96003616,0.014108479,2
2,0,2,0,0,0,4,0,0,0,1.0,4.0,1.0,1.0,1.0,8.0,4.0,3.0,8.0,4.0,4.0,5.0,8.0,,,,0.97633004,0.9844019,0.00807184,0.97633004,0.97633004,0.0,0.97633004,0.97633004,0.0,,,,,,,,,,0.97633004,0.97633004,0.0,0.97633004,0.97633004,0.0,0.97633004,0.9522651,-0.024064958,0.97633004,0.914282,-0.062048018,,,,0.97633004,0.9666717,-0.009658337,20
2,0,4,0,2,0,1,0,0,7,3.0,5.0,3.0,3.0,3.0,7.0,3.0,2.0,4.0,3.0,4.0,3.0,4.0,0.07742889,0.19441253,0.11698364,,,,0.07742889,0.07742889,0.0,0.07742889,0.07742889,0.0,0.07742889,0.2486081,0.1711792,0.07742889,0.24554929,0.1681204,0.07742889,0.16061994,0.08319105,0.07742889,0.07742889,0.0,0.07742889,0.07742889,0.0,0.07742889,0.039182052,-0.03824684,0.07742889,0.049614735,-0.027814157,0.07742889,0.06992374,-0.0075051486,0.07742889,0.03962454,-0.037804354,26
2,1,2,0,0,0,4,0,2,4,2.0,3.0,2.0,2.0,2.0,4.0,4.0,3.0,6.0,4.0,4.0,4.0,7.0,0.48326072,0.5837082,0.100447506,0.48326072,0.66056347,0.17730275,0.48326072,0.48326072,0.0,0.48326072,0.48326072,0.0,0.48326072,0.5175983,0.03433755,0.48326072,0.4754038,-0.007856935,0.48326072,0.5235516,0.040290862,0.48326072,0.48326072,0.0,0.48326072,0.48326072,0.0,0.48326072,0.15499811,-0.32826263,0.48326072,0.7015513,0.2182906,0.48326072,0.5709799,0.08771917,0.48326072,0.5350184,0.051757663,2
0,1,0,0,2,0,1,1,0,7,1.0,3.0,2.0,2.0,2.0,2.0,4.0,3.0,8.0,4.0,4.0,4.0,8.0,,,,0.73565197,0.80029994,0.06464797,0.73565197,0.73565197,0.0,0.73565197,0.73565197,0.0,0.73565197,0.6869657,-0.048686266,0.73565197,0.95160353,0.21595156,0.73565197,0.76759976,0.03194779,0.73565197,0.73565197,0.0,0.73565197,0.73565197,0.0,0.73565197,0.7317176,-0.0039343834,0.73565197,0.9242012,0.18854922,0.73565197,0.74630815,0.010656178,0.73565197,0.8005584,0.06490642,25
2,1,1,0,0,0,2,0,0,0,1.0,4.0,3.0,2.0,2.0,8.0,4.0,3.0,7.0,3.0,3.0,3.0,8.0,,,,0.9859542,0.98709804,0.0011438131,0.9859542,0.9859542,0.0,0.9859542,0.9859542,0.0,0.9859542,0.99452114,0.008566916,0.9859542,0.9934881,0.0075338483,0.9859542,0.98327464,-0.0026795864,0.9859542,0.9859542,0.0,0.9859542,0.9859542,0.0,0.9859542,0.9786406,-0.007313609,0.9859542,0.91421485,-0.071739376,0.9859542,0.9776919,-0.008262336,0.9859542,0.98738027,0.0014260411,20
1,0,0,0,0,0,3,2,0,3,1.0,5.0,2.0,3.0,2.0,3.0,2.0,3.0,7.0,2.0,2.0,2.0,5.0,,,,,,,0.9914663,0.9914663,0.0,0.9914663,0.9914663,0.0,0.9914663,0.99104226,-0.00042402744,0.9914663,0.99325234,0.0017860532,0.9914663,0.9920364,0.0005701184,0.9914663,0.9914663,0.0,0.9914663,0.9914663,0.0,0.9914663,0.97408515,-0.017381132,0.9914663,0.99101853,-0.0004477501,0.9914663,0.98986197,-0.0016043186,0.9914663,0.9875141,-0.003952205,10
3,1,1,0,0,0,8,4,1,4,1.0,5.0,3.0,2.0,1.0,4.0,3.0,3.0,7.0,4.0,4.0,4.0,7.0,,,,,,,0.9295102,0.9295102,0.0,0.9295102,0.9295102,0.0,0.9295102,0.96606624,0.036556065,0.9295102,0.96286523,0.033355057,,,,0.9295102,0.9295102,0.0,0.9295102,0.9295102,0.0,0.9295102,0.9294519,-5.8293343e-05,0.9295102,0.87264264,-0.05686754,0.9295102,0.95601904,0.026508868,0.9295102,0.94492227,0.015412092,3
0,0,0,0,2,3,3,6,2,7,1.0,4.0,3.0,2.0,3.0,7.0,3.0,3.0,7.0,4.0,2.0,3.0,6.0,,,,0.9670811,0.9581315,-0.008949637,0.9670811,0.9670811,0.0,0.9670811,0.9670811,0.0,0.9670811,0.9780554,0.010974288,0.9670811,0.97768354,0.010602415,0.9670811,0.9500516,-0.017029524,0.9670811,0.9670811,0.0,0.9670811,0.9670811,0.0,0.9670811,0.9840497,0.016968548,0.9670811,0.9410373,-0.026043832,0.9670811,0.9479751,-0.01910603,0.9670811,0.9824607,0.015379548,21
2,1,5,0,0,0,5,0,0,0,2.0,5.0,2.0,3.0,2.0,4.0,2.0,3.0,4.0,2.0,4.0,4.0,5.0,0.9177167,0.96946734,0.05175066,,,,0.9177167,0.9177167,0.0,0.9177167,0.9177167,0.0,0.9177167,0.9181689,0.00045222044,0.9177167,0.9055724,-0.012144268,0.9177167,0.91876096,0.0010442734,0.9177167,0.9177167,0.0,0.9177167,0.9177167,0.0,0.9177167,0.8359599,-0.08175677,0.9177167,0.9434399,0.025723219,0.9177167,0.9053385,-0.012378156,0.9177167,0.85041183,-0.06730485,20
6,0,0,0,0,4,8,3,0,3,2.0,3.0,3.0,2.0,2.0,1.0,4.0,3.0,8.0,4.0,4.0,4.0,7.0,0.5671818,0.7976534,0.23047155,0.5671818,0.64925367,0.08207184,0.5671818,0.5671818,0.0,0.5671818,0.5671818,0.0,0.5671818,0.53543305,-0.03174877,0.5671818,0.4690289,-0.098152936,0.5671818,0.78072155,0.21353972,0.5671818,0.5671818,0.0,0.5671818,0.5671818,0.0,0.5671818,0.4562007,-0.11098114,0.5671818,0.79922676,0.23204494,0.5671818,0.69463223,0.1274504,0.5671818,0.7067404,0.13955855,19
1,0,0,0,0,0,7,0,0,0,1.0,5.0,2.0,2.0,3.0,7.0,2.0,3.0,8.0,4.0,5.0,3.0,8.0,,,,,,,0.98437876,0.98437876,0.0,,,,0.98437876,0.9815615,-0.0028172731,0.98437876,0.9887616,0.0043828487,0.98437876,0.9890013,0.004622519,0.98437876,0.98437876,0.0,0.98437876,0.98437876,0.0,0.98437876,0.9854482,0.0010694265,0.98437876,0.9510254,-0.03335333,0.98437876,0.9828744,-0.0015043616,0.98437876,0.9919105,0.007531762,10
4,1,0,0,0,0,3,4,2,4,2.0,4.0,2.0,2.0,2.0,5.0,3.0,3.0,5.0,3.0,3.0,2.0,7.0,0.95095044,0.9792891,0.02833867,0.95095044,0.9699383,0.018987834,0.95095044,0.95095044,0.0,0.95095044,0.95095044,0.0,0.95095044,0.9368685,-0.014081955,0.95095044,0.97720146,0.026251018,0.95095044,0.9565405,0.005590081,0.95095044,0.95095044,0.0,0.95095044,0.95095044,0.0,0.95095044,0.92963606,-0.021314383,0.95095044,0.9286964,-0.02225405,0.95095044,0.95316243,0.002211988,0.95095044,0.9831224,0.032171965,3
5,0,0,0,2,1,5,3,0,3,2.0,3.0,2.0,3.0,2.0,2.0,4.0,3.0,7.0,4.0,3.0,3.0,8.0,0.74706435,0.84657174,0.09950739,0.74706435,0.7998778,0.05281347,0.74706435,0.74706435,0.0,0.74706435,0.74706435,0.0,0.74706435,0.74706435,0.0,0.74706435,0.6253736,-0.12169075,0.74706435,0.86884534,0.12178099,0.74706435,0.74706435,0.0,0.74706435,0.74706435,0.0,0.74706435,0.81188846,0.064824104,0.74706435,0.8620987,0.11503434,0.74706435,0.646764,-0.10030037,0.74706435,0.76929796,0.022233605,22
2,0,0,0,0,0,6,0,0,0,2.0,4.0,2.0,2.0,2.0,5.0,3.0,3.0,5.0,3.0,3.0,2.0,4.0,0.82979745,0.7004971,-0.12930036,0.82979745,0.9555843,0.12578684,0.82979745,0.82979745,0.0,0.82979745,0.82979745,0.0,0.82979745,0.7886626,-0.041134834,0.82979745,0.94658226,0.11678481,0.82979745,0.89773774,0.067940295,0.82979745,0.82979745,0.0,0.82979745,0.82979745,0.0,0.82979745,0.9436924,0.11389494,0.82979745,0.89510775,0.0653103,0.82979745,0.83653355,0.0067360997,0.82979745,0.9480565,0.11825907,15
4,1,0,0,2,0,7,1,0,3,2.0,5.0,2.0,2.0,2.0,2.0,3.0,3.0,8.0,4.0,3.0,3.0,8.0,0.86844933,0.9502157,0.08176637,,,,0.86844933,0.86844933,0.0,0.86844933,0.86844933,0.0,0.86844933,0.8730602,0.004610896,0.86844933,0.9611489,0.09269959,0.86844933,0.94703794,0.078588605,0.86844933,0.86844933,0.0,0.86844933,0.86844933,0.0,0.86844933,0.8583172,-0.010132134,0.86844933,0.88429385,0.015844524,0.86844933,0.84527475,-0.023174584,0.86844933,0.89132166,0.022872329,12
2,1,0,0,0,0,4,0,0,0,2.0,5.0,2.0,3.0,2.0,1.0,3.0,3.0,10.0,4.0,3.0,3.0,8.0,0.6092401,0.87505317,0.26581305,,,,0.6092401,0.6092401,0.0,0.6092401,0.6092401,0.0,0.6092401,0.5970092,-0.012230933,0.6092401,0.79421073,0.18497062,0.6092401,0.8251532,0.21591306,0.6092401,0.6092401,0.0,0.6092401,0.6092401,0.0,0.6092401,0.684333,0.07509291,,,,0.6092401,0.6262222,0.016982079,0.6092401,0.4184949,-0.1907452,20
6,1,0,0,0,4,9,3,0,0,1.0,4.0,1.0,4.0,1.0,1.0,2.0,3.0,10.0,5.0,5.0,1.0,10.0,,,,0.52011704,0.40247688,-0.11764017,,,,,,,,,,0.52011704,0.52966964,0.009552598,,,,0.52011704,0.52011704,0.0,0.52011704,0.52011704,0.0,0.52011704,0.41342938,-0.106687665,,,,0.52011704,0.5847764,0.06465936,,,,19
4,1,1,0,2,0,4,0,0,3,1.0,4.0,2.0,2.0,2.0,6.0,3.0,3.0,7.0,4.0,4.0,3.0,7.0,,,,0.596744,0.5534934,-0.04325062,0.596744,0.596744,0.0,0.596744,0.596744,0.0,0.596744,0.5512163,-0.045527697,0.596744,0.87656,0.27981597,0.596744,0.695702,0.098958015,0.596744,0.596744,0.0,0.596744,0.596744,0.0,0.596744,0.91449493,0.31775093,0.596744,0.3118809,-0.2848631,0.596744,0.54837847,-0.048365533,0.596744,0.66457987,0.06783587,12
4,1,1,0,0,0,2,0,0,3,5.0,4.0,3.0,3.0,2.0,5.0,2.0,1.0,8.0,3.0,4.0,4.0,5.0,0.1871172,0.1871172,0.0,0.1871172,0.16401865,-0.023098558,0.1871172,0.1871172,0.0,0.1871172,0.1871172,0.0,0.1871172,0.2760084,0.08889119,0.1871172,0.4603834,0.2732662,0.1871172,0.1610407,-0.02607651,0.1871172,0.1871172,0.0,0.1871172,0.1871172,0.0,0.1871172,0.63403404,0.44691682,0.1871172,0.16585977,-0.02125743,0.1871172,0.2348536,0.04773639,0.1871172,0.36728737,0.18017016,15
1,1,1,0,0,0,5,0,0,0,3.0,5.0,3.0,2.0,3.0,7.0,4.0,3.0,4.0,4.0,4.0,4.0,8.0,0.9404328,0.95368546,0.0132526755,,,,0.9404328,0.9404328,0.0,0.9404328,0.9404328,0.0,0.9404328,0.96228963,0.021856844,0.9404328,0.9726968,0.032263994,0.9404328,0.86831707,-0.07211572,0.9404328,0.9404328,0.0,0.9404328,0.9404328,0.0,0.9404328,0.96265274,0.022219956,0.9404328,0.8710736,-0.06935918,0.9404328,0.9275183,-0.012914479,0.9404328,0.91409445,-0.026338339,20
3,1,1,0,0,0,2,0,1,4,2.0,1.0,2.0,2.0,2.0,1.0,3.0,3.0,10.0,4.0,4.0,3.0,10.0,0.71592873,0.97643197,0.26050323,0.71592873,0.7253216,0.009392858,0.71592873,0.71592873,0.0,0.71592873,0.71592873,0.0,0.71592873,0.67871743,-0.0372113,0.71592873,0.8284407,0.11251199,0.71592873,0.7066231,-0.009305656,0.71592873,0.71592873,0.0,0.71592873,0.71592873,0.0,0.71592873,0.70208883,-0.0138399005,,,,0.71592873,0.6631229,-0.05280584,,,,1
3,1,3,0,0,0,2,0,1,4,2.0,4.0,5.0,5.0,4.0,0.0,2.0,1.0,3.0,2.0,2.0,2.0,7.0,0.65502053,0.9411037,0.28608316,0.65502053,0.7386484,0.08362788,0.65502053,0.65502053,0.0,0.65502053,0.65502053,0.0,0.65502053,0.7700828,0.11506224,0.65502053,0.62212074,-0.032899797,0.65502053,0.6095366,-0.045483947,0.65502053,0.65502053,0.0,0.65502053,0.65502053,0.0,,,,0.65502053,0.55005854,-0.10496199,0.65502053,0.6884054,0.03338486,0.65502053,0.58872116,-0.06629938,1
5,0,0,0,2,1,7,3,0,3,3.0,4.0,3.0,2.0,2.0,0.0,4.0,4.0,8.0,4.0,4.0,2.0,7.0,0.47372112,0.7322373,0.25851616,0.47372112,0.6182821,0.14456096,0.47372112,0.47372112,0.0,0.47372112,0.47372112,0.0,0.47372112,0.24292819,-0.23079292,0.47372112,0.44811055,-0.025610566,0.47372112,0.6956541,0.22193298,0.47372112,0.47372112,0.0,,,,,,,0.47372112,0.884483,0.41076186,0.47372112,0.57496893,0.10124782,0.47372112,0.64432096,0.17059985,22
1,1,4,0,0,0,3,0,0,0,2.0,3.0,2.0,2.0,4.0,9.0,3.0,2.0,5.0,2.0,3.0,3.0,6.0,0.7686811,0.6955228,-0.073158324,0.7686811,0.6459771,-0.12270403,0.7686811,0.7686811,0.0,0.7686811,0.7686811,0.0,0.7686811,0.7770859,0.008404791,0.7686811,0.8665666,0.09788549,0.7686811,0.7472342,-0.021446884,0.7686811,0.7686811,0.0,0.7686811,0.7686811,0.0,0.7686811,0.8936423,0.1249612,0.7686811,0.85804445,0.08936334,0.7686811,0.7244783,-0.044202805,0.7686811,0.7533597,-0.015321434,17
1,0,2,0,0,0,2,0,0,8,3.0,5.0,3.0,5.0,2.0,0.0,3.0,3.0,0.0,3.0,4.0,1.0,0.0,0.24611005,0.3234197,0.07730964,,,,0.24611005,0.24611005,0.0,0.24611005,0.24611005,0.0,0.24611005,0.22068906,-0.025420994,0.24611005,0.19531168,-0.05079837,0.24611005,0.25073984,0.004629791,0.24611005,0.24611005,0.0,0.24611005,0.24611005,0.0,,,,0.24611005,0.21619919,-0.029910862,0.24611005,0.5016508,0.25554076,0.24611005,0.24611005,0.0,26
2,1,0,0,0,0,7,1,1,4,1.0,5.0,2.0,2.0,2.0,9.0,3.0,3.0,9.0,4.0,3.0,5.0,8.0,,,,,,,0.98052806,0.98052806,0.0,0.98052806,0.98052806,0.0,0.98052806,0.97610086,-0.0044271946,0.98052806,0.98778594,0.007257879,0.98052806,0.9834223,0.0028942227,0.98052806,0.98052806,0.0,0.98052806,0.98052806,0.0,0.98052806,0.98924106,0.008713007,0.98052806,0.9756836,-0.004844427,,,,0.98052806,0.9845147,0.0039866567,3
3,1,2,0,0,0,2,4,2,4,4.0,2.0,2.0,1.0,1.0,1.0,4.0,4.0,7.0,5.0,5.0,5.0,9.0,0.051636066,0.08391602,0.032279957,0.051636066,0.045832574,-0.005803492,,,,,,,0.051636066,0.037988544,-0.013647523,,,,,,,0.051636066,0.051636066,0.0,,,,0.051636066,0.054424345,0.0027882792,0.051636066,0.052976508,0.0013404414,,,,0.051636066,0.047973443,-0.0036626235,3
6,0,0,0,5,4,8,3,0,3,2.0,3.0,5.0,5.0,3.0,3.0,5.0,2.0,8.0,4.0,4.0,5.0,5.0,0.34721133,0.5069221,0.1597108,0.34721133,0.27544698,-0.07176435,0.34721133,0.34721133,0.0,0.34721133,0.34721133,0.0,0.34721133,0.42673278,0.07952145,0.34721133,0.3162985,-0.030912817,0.34721133,0.31879884,-0.028412491,,,,0.34721133,0.34721133,0.0,0.34721133,0.5211252,0.17391387,0.34721133,0.38708046,0.03986913,,,,0.34721133,0.17977399,-0.16743734,19
1,0,0,0,1,0,1,0,0,0,1.0,5.0,2.0,2.0,2.0,0.0,4.0,4.0,9.0,4.0,2.0,3.0,5.0,,,,,,,0.9843443,0.9843443,0.0,0.9843443,0.9843443,0.0,0.9843443,0.9862061,0.0018618107,0.9843443,0.9839272,-0.0004171133,0.9843443,0.98022777,-0.004116535,0.9843443,0.9843443,0.0,,,,,,,0.9843443,0.98523474,0.0008904338,0.9843443,0.97569364,-0.0086506605,0.9843443,0.99525285,0.010908544,10
1,0,1,0,0,0,8,0,0,3,1.0,5.0,2.0,3.0,2.0,6.0,4.0,3.0,7.0,4.0,4.0,2.0,7.0,,,,,,,0.93121725,0.93121725,0.0,0.93121725,0.93121725,0.0,0.93121725,0.9296389,-0.001578331,0.93121725,0.8896389,-0.041578352,0.93121725,0.9533191,0.02210182,0.93121725,0.93121725,0.0,0.93121725,0.93121725,0.0,0.93121725,0.9709335,0.039716244,0.93121725,0.9121949,-0.019022346,0.93121725,0.92360103,-0.007616222,0.93121725,0.85906017,-0.072157085,10
4,1,0,0,0,1,6,0,0,0,1.0,3.0,1.0,2.0,1.0,5.0,4.0,3.0,7.0,4.0,4.0,4.0,8.0,,,,0.8853147,0.92635757,0.041042864,0.8853147,0.8853147,0.0,0.8853147,0.8853147,0.0,,,,0.8853147,0.9252213,0.03990662,,,,0.8853147,0.8853147,0.0,0.8853147,0.8853147,0.0,0.8853147,0.9778721,0.09255737,0.8853147,0.8312682,-0.05404651,0.8853147,0.952262,0.06694728,0.8853147,0.9132426,0.027927876,15
4,1,0,0,0,0,8,1,0,5,2.0,4.0,2.0,2.0,2.0,3.0,2.0,3.0,4.0,4.0,5.0,4.0,8.0,0.49757352,0.5288506,0.03127709,0.49757352,0.5500509,0.05247739,0.49757352,0.49757352,0.0,,,,0.49757352,0.44271895,-0.05485457,0.49757352,0.72353035,0.22595683,0.49757352,0.37308836,-0.124485165,0.49757352,0.49757352,0.0,0.49757352,0.49757352,0.0,0.49757352,0.6094467,0.11187318,0.49757352,0.619532,0.121958464,0.49757352,0.44841236,-0.049161166,0.49757352,0.6817569,0.18418339,12
4,0,4,0,0,0,2,2,0,0,2.0,4.0,3.0,3.0,2.0,8.0,3.0,2.0,6.0,4.0,4.0,3.0,7.0,0.5632177,0.7539407,0.190723,0.5632177,0.7262657,0.16304803,0.5632177,0.5632177,0.0,0.5632177,0.5632177,0.0,0.5632177,0.620291,0.057073295,0.5632177,0.6101445,0.046926796,0.5632177,0.60711014,0.043892443,0.5632177,0.5632177,0.0,0.5632177,0.5632177,0.0,0.5632177,0.49712485,-0.06609285,0.5632177,0.55734587,-0.0058718324,0.5632177,0.5713669,0.008149207,0.5632177,0.64760935,0.08439165,20
0,1,1,0,0,0,7,0,0,0,1.0,5.0,1.0,1.0,1.0,3.0,2.0,3.0,9.0,1.0,4.0,3.0,10.0,,,,,,,0.9863739,0.9863739,0.0,0.9863739,0.9863739,0.0,,,,,,,,,,0.9863739,0.9863739,0.0,0.9863739,0.9863739,0.0,0.9863739,0.9709447,-0.015429199,0.9863739,0.98238945,-0.0039844513,0.9863739,0.97919035,-0.007183552,,,,11
4,1,2,0,1,0,3,3,0,5,2.0,5.0,1.0,2.0,2.0,7.0,3.0,3.0,6.0,4.0,4.0,2.0,5.0,0.9081041,0.76023513,-0.14786899,,,,0.9081041,0.9081041,0.0,0.9081041,0.9081041,0.0,,,,0.9081041,0.91080016,0.0026960373,0.9081041,0.89977473,-0.0083293915,0.9081041,0.9081041,0.0,0.9081041,0.9081041,0.0,0.9081041,0.8294951,-0.07860905,0.9081041,0.9365135,0.028409362,0.9081041,0.85042125,-0.05768287,0.9081041,0.8924373,-0.015666842,12
1,1,0,0,0,0,6,0,0,3,3.0,4.0,1.0,1.0,1.0,5.0,4.0,3.0,8.0,4.0,4.0,4.0,7.0,0.9709048,0.97610533,0.0052005053,0.9709048,0.9670638,-0.0038410425,0.9709048,0.9709048,0.0,0.9709048,0.9709048,0.0,,,,,,,,,,0.9709048,0.9709048,0.0,0.9709048,0.9709048,0.0,0.9709048,0.9933863,0.022481501,0.9709048,0.9635548,-0.0073500276,0.9709048,0.92873996,-0.042164862,0.9709048,0.97706085,0.0061560273,17
1,0,0,0,0,0,5,0,0,3,1.0,5.0,1.0,1.0,1.0,0.0,3.0,3.0,9.0,4.0,5.0,5.0,8.0,,,,,,,0.9877616,0.9877616,0.0,,,,,,,,,,,,,0.9877616,0.9877616,0.0,0.9877616,0.9877616,0.0,,,,0.9877616,0.986956,-0.0008056164,,,,0.9877616,0.9835113,-0.004250288,10
1,1,0,0,0,2,2,6,0,1,2.0,4.0,2.0,2.0,4.0,9.0,4.0,3.0,3.0,2.0,3.0,1.0,6.0,0.9635267,0.9870329,0.023506165,0.9635267,0.97349656,0.0099698305,0.9635267,0.9635267,0.0,0.9635267,0.9635267,0.0,0.9635267,0.9499036,-0.013623118,0.9635267,0.9875123,0.023985565,0.9635267,0.95585585,-0.0076708794,0.9635267,0.9635267,0.0,0.9635267,0.9635267,0.0,0.9635267,0.95843387,-0.0050928593,0.9635267,0.88329375,-0.08023298,0.9635267,0.96653247,0.003005743,0.9635267,0.97037965,0.006852925,8
4,1,0,0,0,0,8,0,0,0,1.0,3.0,2.0,2.0,2.0,7.0,4.0,4.0,7.0,4.0,4.0,3.0,8.0,,,,0.9583257,0.9659277,0.007602036,0.9583257,0.9583257,0.0,0.9583257,0.9583257,0.0,0.9583257,0.9525468,-0.0057789087,0.9583257,0.9736162,0.015290499,0.9583257,0.97913295,0.020807266,0.9583257,0.9583257,0.0,,,,0.9583257,0.98871183,0.03038615,0.9583257,0.9199448,-0.03838086,0.9583257,0.8936949,-0.06463081,0.9583257,0.978794,0.020468295,15
3,0,0,0,0,0,6,0,0,0,2.0,1.0,1.0,1.0,1.0,2.0,4.0,3.0,7.0,4.0,5.0,4.0,7.0,0.9960632,0.9986594,0.0025961995,0.9960632,0.9940289,-0.002034247,0.9960632,0.9960632,0.0,,,,,,,,,,,,,0.9960632,0.9960632,0.0,0.9960632,0.9960632,0.0,0.9960632,0.9916147,-0.0044484735,0.9960632,0.99667156,0.0006083846,0.9960632,0.99656844,0.0005052686,0.9960632,0.9921631,-0.0039000511,15
4,1,0,0,0,1,5,0,0,0,1.0,4.0,3.0,3.0,3.0,3.0,3.0,3.0,7.0,4.0,5.0,5.0,10.0,,,,0.8552866,0.70661914,-0.14866745,0.8552866,0.8552866,0.0,,,,0.8552866,0.94032466,0.085038066,0.8552866,0.716575,-0.13871157,0.8552866,0.89689225,0.04160565,0.8552866,0.8552866,0.0,0.8552866,0.8552866,0.0,0.8552866,0.7417465,-0.11354011,0.8552866,0.8649138,0.009627223,,,,,,,15
1,1,1,0,4,2,2,5,2,2,2.0,5.0,2.0,2.0,2.0,10.0,2.0,3.0,2.0,1.0,2.0,2.0,2.0,0.47295564,0.93513125,0.4621756,,,,0.47295564,0.47295564,0.0,0.47295564,0.47295564,0.0,0.47295564,0.4271977,-0.04575795,0.47295564,0.638032,0.16507638,0.47295564,0.5196024,0.046646774,0.47295564,0.47295564,0.0,0.47295564,0.47295564,0.0,0.47295564,0.9045641,0.43160844,0.47295564,0.3697325,-0.103223145,0.47295564,0.5980199,0.12506425,0.47295564,0.43472075,-0.03823489,16
3,1,3,0,2,0,2,1,2,4,2.0,4.0,1.0,2.0,1.0,0.0,4.0,3.0,10.0,4.0,5.0,5.0,8.0,0.41007632,0.5097219,0.099645555,0.41007632,0.39180523,-0.018271089,0.41007632,0.41007632,0.0,,,,,,,0.41007632,0.37368506,-0.03639126,,,,0.41007632,0.41007632,0.0,0.41007632,0.41007632,0.0,,,,,,,,,,0.41007632,0.15614656,-0.25392976,1
2,1,5,0,0,1,4,2,0,3,2.0,4.0,4.0,1.0,1.0,4.0,3.0,3.0,7.0,4.0,3.0,2.0,4.0,0.8813261,0.92718995,0.045863867,0.8813261,0.9101193,0.028793216,0.8813261,0.8813261,0.0,0.8813261,0.8813261,0.0,0.8813261,0.85631436,-0.025011718,,,,,,,0.8813261,0.8813261,0.0,0.8813261,0.8813261,0.0,0.8813261,0.7979175,-0.083408594,0.8813261,0.937256,0.0559299,0.8813261,0.87721133,-0.004114747,0.8813261,0.9292794,0.047953308,13
5,0,0,0,1,0,2,3,0,7,2.0,4.0,2.0,2.0,2.0,1.0,3.0,3.0,8.0,5.0,4.0,4.0,8.0,0.88907534,0.9757095,0.08663416,0.88907534,0.95163304,0.0625577,,,,0.88907534,0.88907534,0.0,0.88907534,0.8649424,-0.024132967,0.88907534,0.9264221,0.03734678,0.88907534,0.8471477,-0.041927636,0.88907534,0.88907534,0.0,0.88907534,0.88907534,0.0,0.88907534,0.93887186,0.04979652,0.88907534,0.9634998,0.074424446,0.88907534,0.9142709,0.025195539,0.88907534,0.9025181,0.013442755,5
1,0,2,0,0,0,5,1,0,1,1.0,2.0,2.0,3.0,2.0,5.0,3.0,3.0,2.0,3.0,3.0,3.0,6.0,,,,0.8536624,0.84657204,-0.00709033,0.8536624,0.8536624,0.0,0.8536624,0.8536624,0.0,0.8536624,0.8582247,0.0045623183,0.8536624,0.85422665,0.0005642772,0.8536624,0.9007719,0.047109544,0.8536624,0.8536624,0.0,0.8536624,0.8536624,0.0,0.8536624,0.87292457,0.019262195,0.8536624,0.76457167,-0.089090705,0.8536624,0.88642895,0.03276658,0.8536624,0.92923903,0.07557666,11
4,0,0,0,0,0,6,0,2,4,1.0,4.0,1.0,1.0,1.0,1.0,4.0,3.0,10.0,4.0,4.0,5.0,10.0,,,,0.98504686,0.9913858,0.006338954,0.98504686,0.98504686,0.0,0.98504686,0.98504686,0.0,,,,,,,,,,0.98504686,0.98504686,0.0,0.98504686,0.98504686,0.0,0.98504686,0.986678,0.0016311407,,,,,,,,,,2
4,0,0,0,0,0,3,1,0,3,1.0,4.0,2.0,2.0,2.0,3.0,4.0,3.0,4.0,2.0,4.0,3.0,5.0,,,,0.9280697,0.9621273,0.034057617,0.9280697,0.9280697,0.0,0.9280697,0.9280697,0.0,0.9280697,0.93401694,0.0059472322,0.9280697,0.9686866,0.04061687,0.9280697,0.9402675,0.0121977925,0.9280697,0.9280697,0.0,0.9280697,0.9280697,0.0,0.9280697,0.84600765,-0.082062066,0.9280697,0.96555805,0.03748834,0.9280697,0.9691603,0.041090608,0.9280697,0.9473549,0.019285202,23
2,1,0,0,1,1,7,4,2,4,1.0,5.0,1.0,1.0,1.0,0.0,3.0,3.0,10.0,4.0,4.0,5.0,10.0,,,,,,,0.9652165,0.9652165,0.0,0.9652165,0.9652165,0.0,,,,,,,,,,0.9652165,0.9652165,0.0,0.9652165,0.9652165,0.0,,,,,,,,,,,,,3
1,0,0,0,0,2,0,2,0,0,1.0,3.0,1.0,2.0,2.0,10.0,4.0,3.0,4.0,2.0,2.0,1.0,2.0,,,,0.76090914,0.7836759,0.022766769,0.76090914,0.76090914,0.0,0.76090914,0.76090914,0.0,,,,0.76090914,0.8006279,0.039718747,0.76090914,0.7342394,-0.02666974,0.76090914,0.76090914,0.0,0.76090914,0.76090914,0.0,0.76090914,0.69570076,-0.065208375,0.76090914,0.6534515,-0.10745764,0.76090914,0.68972355,-0.07118559,0.76090914,0.92445934,0.1635502,13
2,0,1,0,0,0,1,0,0,3,2.0,5.0,3.0,3.0,2.0,0.0,2.0,3.0,9.0,4.0,4.0,5.0,10.0,0.68240523,0.9275958,0.24519056,,,,0.68240523,0.68240523,0.0,0.68240523,0.68240523,0.0,0.68240523,0.7973351,0.114929855,0.68240523,0.88308483,0.2006796,0.68240523,0.7612961,0.07889086,0.68240523,0.68240523,0.0,0.68240523,0.68240523,0.0,,,,0.68240523,0.69347286,0.011067629,,,,,,,20
3,1,1,0,0,0,8,0,1,4,1.0,4.0,2.0,2.0,1.0,0.0,4.0,3.0,10.0,5.0,4.0,5.0,9.0,,,,0.98075956,0.9795719,-0.0011876822,,,,0.98075956,0.98075956,0.0,0.98075956,0.9831924,0.0024328232,0.98075956,0.9832803,0.00252074,,,,0.98075956,0.98075956,0.0,0.98075956,0.98075956,0.0,,,,,,,,,,0.98075956,0.9625848,-0.018174767,2
0,1,4,0,0,0,4,1,0,3,2.0,4.0,2.0,2.0,2.0,4.0,2.0,3.0,6.0,5.0,4.0,3.0,7.0,0.7271218,0.7693833,0.04226154,0.7271218,0.6690938,-0.058027983,,,,0.7271218,0.7271218,0.0,0.7271218,0.70222014,-0.024901628,0.7271218,0.8678739,0.14075214,0.7271218,0.7414062,0.014284432,0.7271218,0.7271218,0.0,0.7271218,0.7271218,0.0,0.7271218,0.7455253,0.01840353,0.7271218,0.86295086,0.13582909,0.7271218,0.69749796,-0.029623806,0.7271218,0.7446064,0.017484605,11
1,0,2,0,0,0,5,0,0,3,3.0,5.0,3.0,4.0,4.0,2.0,4.0,3.0,7.0,4.0,4.0,5.0,8.0,0.7000248,0.6316381,-0.068386674,,,,0.7000248,0.7000248,0.0,0.7000248,0.7000248,0.0,0.7000248,0.72792745,0.027902663,0.7000248,0.7500325,0.0500077,0.7000248,0.6524265,-0.047598302,0.7000248,0.7000248,0.0,0.7000248,0.7000248,0.0,0.7000248,0.42535508,-0.2746697,0.7000248,0.8695399,0.16951513,,,,0.7000248,0.3122822,-0.38774258,17
1,0,1,0,0,0,2,0,0,3,2.0,5.0,2.0,3.0,2.0,7.0,4.0,3.0,8.0,4.0,4.0,3.0,8.0,0.7808733,0.9006465,0.11977321,,,,0.7808733,0.7808733,0.0,0.7808733,0.7808733,0.0,0.7808733,0.7766725,-0.004200816,0.7808733,0.9054968,0.12462348,0.7808733,0.8039827,0.023109376,0.7808733,0.7808733,0.0,0.7808733,0.7808733,0.0,0.7808733,0.7989595,0.018086195,0.7808733,0.717474,-0.063399315,0.7808733,0.67738473,-0.103488564,0.7808733,0.7108138,-0.07005948,20
1,1,2,0,0,2,6,1,0,7,2.0,1.0,4.0,4.0,4.0,8.0,3.0,3.0,4.0,3.0,4.0,2.0,6.0,0.43106842,0.9424425,0.51137406,0.43106842,0.16632052,-0.26474792,0.43106842,0.43106842,0.0,0.43106842,0.43106842,0.0,0.43106842,0.5225363,0.09146786,0.43106842,0.5435781,0.11250967,0.43106842,0.53440046,0.10333204,0.43106842,0.43106842,0.0,0.43106842,0.43106842,0.0,0.43106842,0.56682473,0.13575631,0.43106842,0.6317461,0.2006777,0.43106842,0.5285552,0.097486794,0.43106842,0.59976506,0.16869664,25
0,0,2,0,0,0,6,7,0,0,1.0,4.0,1.0,2.0,2.0,5.0,3.0,3.0,9.0,4.0,4.0,3.0,8.0,,,,0.98021597,0.98700154,0.0067855716,0.98021597,0.98021597,0.0,0.98021597,0.98021597,0.0,,,,0.98021597,0.9785372,-0.0016787648,0.98021597,0.9829778,0.0027618408,0.98021597,0.98021597,0.0,0.98021597,0.98021597,0.0,0.98021597,0.9969344,0.016718447,0.98021597,0.98145294,0.0012369752,0.98021597,0.987422,0.0072060227,0.98021597,0.9266398,-0.05357617,26
1,0,5,0,0,0,2,0,0,8,1.0,5.0,1.0,1.0,1.0,0.0,2.0,3.0,10.0,5.0,5.0,4.0,9.0,,,,,,,,,,,,,,,,,,,,,,0.9971245,0.9971245,0.0,0.9971245,0.9971245,0.0,,,,,,,0.9971245,0.9969909,-0.00013357401,0.9971245,0.99402916,-0.0030953288,11
5,0,0,0,0,0,3,1,0,3,3.0,4.0,3.0,2.0,2.0,1.0,4.0,3.0,5.0,2.0,3.0,5.0,5.0,0.803085,0.8900263,0.08694124,0.803085,0.8426353,0.039550245,0.803085,0.803085,0.0,0.803085,0.803085,0.0,0.803085,0.8128095,0.009724498,0.803085,0.8686279,0.06554288,0.803085,0.8643261,0.06124109,0.803085,0.803085,0.0,0.803085,0.803085,0.0,0.803085,0.62821877,-0.17486626,0.803085,0.7736667,-0.02941835,,,,0.803085,0.8027532,-0.00033181906,7
3,1,2,0,0,0,9,0,2,8,1.0,4.0,3.0,2.0,2.0,0.0,3.0,3.0,10.0,4.0,4.0,4.0,8.0,,,,0.87178147,0.8921016,0.020320117,0.87178147,0.87178147,0.0,0.87178147,0.87178147,0.0,0.87178147,0.90511096,0.033329487,0.87178147,0.8888663,0.017084837,0.87178147,0.90970224,0.037920773,0.87178147,0.87178147,0.0,0.87178147,0.87178147,0.0,,,,,,,0.87178147,0.8909744,0.019192934,0.87178147,0.620317,-0.2514645,2
4,1,0,0,1,3,7,0,0,5,1.0,5.0,1.0,1.0,1.0,7.0,5.0,4.0,7.0,5.0,5.0,4.0,8.0,,,,,,,,,,,,,,,,,,,,,,,,,,,,0.83223826,0.9078559,0.07561767,0.83223826,0.8466467,0.014408469,0.83223826,0.8436405,0.011402249,0.83223826,0.86462826,0.03239,12
4,1,3,0,0,1,1,0,0,3,2.0,4.0,2.0,2.0,2.0,2.0,3.0,3.0,7.0,4.0,4.0,4.0,8.0,0.90826654,0.9482256,0.039959073,0.90826654,0.922741,0.014474452,0.90826654,0.90826654,0.0,0.90826654,0.90826654,0.0,0.90826654,0.89598984,-0.012276709,0.90826654,0.9575585,0.04929197,0.90826654,0.9210727,0.012806177,0.90826654,0.90826654,0.0,0.90826654,0.90826654,0.0,0.90826654,0.6050383,-0.30322826,0.90826654,0.9448674,0.03660083,0.90826654,0.9154389,0.007172346,0.90826654,0.81068486,-0.097581685,6
1,0,3,0,2,2,3,1,0,7,2.0,3.0,2.0,2.0,3.0,0.0,3.0,3.0,9.0,4.0,4.0,4.0,7.0,0.73319423,0.8981187,0.16492444,0.73319423,0.67066586,-0.06252837,0.73319423,0.73319423,0.0,0.73319423,0.73319423,0.0,0.73319423,0.6899886,-0.04320562,0.73319423,0.8500626,0.11686838,0.73319423,0.71384144,-0.019352794,0.73319423,0.73319423,0.0,0.73319423,0.73319423,0.0,,,,0.73319423,0.6484867,-0.08470756,0.73319423,0.81997716,0.08678293,0.73319423,0.7439518,0.0107575655,25
1,0,0,0,0,0,7,0,2,4,1.0,5.0,2.0,3.0,2.0,0.0,4.0,4.0,7.0,5.0,4.0,5.0,5.0,,,,,,,,,,0.8522237,0.8522237,0.0,0.8522237,0.87146074,0.019237041,0.8522237,0.86025083,0.008027136,0.8522237,0.93804246,0.08581877,0.8522237,0.8522237,0.0,,,,,,,0.8522237,0.91786385,0.06564015,,,,0.8522237,0.9384336,0.08620989,2
1,1,0,0,0,0,2,0,0,3,1.0,3.0,2.0,2.0,3.0,6.0,4.0,3.0,9.0,4.0,3.0,4.0,7.0,,,,0.92189294,0.93935263,0.01745969,0.92189294,0.92189294,0.0,0.92189294,0.92189294,0.0,0.92189294,0.9277137,0.005820751,0.92189294,0.9540185,0.032125533,0.92189294,0.9667703,0.04487735,0.92189294,0.92189294,0.0,0.92189294,0.92189294,0.0,0.92189294,0.96959645,0.047703505,0.92189294,0.9281526,0.00625968,0.92189294,0.95527977,0.033386827,0.92189294,0.82070553,-0.10118741,10
4,0,0,0,2,1,3,0,0,0,1.0,3.0,2.0,4.0,2.0,0.0,3.0,3.0,10.0,4.0,4.0,5.0,9.0,,,,0.95333326,0.9275925,-0.025740743,0.95333326,0.95333326,0.0,0.95333326,0.95333326,0.0,0.95333326,0.9617761,0.008442819,0.95333326,0.92721736,-0.026115894,0.95333326,0.98623705,0.03290379,0.95333326,0.95333326,0.0,0.95333326,0.95333326,0.0,,,,,,,,,,0.95333326,0.9072408,-0.04609245,4
0,1,3,0,1,3,0,6,0,7,3.0,4.0,3.0,2.0,2.0,4.0,3.0,3.0,5.0,3.0,4.0,3.0,4.0,0.5831595,0.62989646,0.046736956,0.5831595,0.6559971,0.07283759,0.5831595,0.5831595,0.0,0.5831595,0.5831595,0.0,0.5831595,0.84550744,0.26234794,0.5831595,0.604188,0.021028519,0.5831595,0.4580112,-0.1251483,0.5831595,0.5831595,0.0,0.5831595,0.5831595,0.0,0.5831595,0.5604323,-0.022727191,0.5831595,0.47602847,-0.107131034,0.5831595,0.5653224,-0.017837107,0.5831595,0.59563994,0.012480438,21
3,0,0,0,0,0,3,0,0,3,2.0,5.0,2.0,2.0,2.0,3.0,3.0,3.0,8.0,4.0,4.0,3.0,7.0,0.944196,0.9851618,0.040965796,,,,0.944196,0.944196,0.0,0.944196,0.944196,0.0,0.944196,0.93583095,-0.008365035,0.944196,0.9828243,0.03862834,0.944196,0.95521325,0.011017263,0.944196,0.944196,0.0,0.944196,0.944196,0.0,0.944196,0.79906785,-0.14512813,0.944196,0.9218526,-0.022343397,0.944196,0.95695573,0.012759745,0.944196,0.9727025,0.028506517,15
2,1,0,0,0,1,8,1,0,3,3.0,2.0,2.0,2.0,2.0,6.0,4.0,3.0,8.0,3.0,3.0,3.0,7.0,0.91548204,0.9623111,0.046829045,0.91548204,0.9335537,0.018071651,0.91548204,0.91548204,0.0,0.91548204,0.91548204,0.0,0.91548204,0.9196829,0.0042008758,0.91548204,0.9439143,0.02843225,0.91548204,0.9157145,0.00023245811,0.91548204,0.91548204,0.0,0.91548204,0.91548204,0.0,0.91548204,0.4513007,-0.46418133,0.91548204,0.93101466,0.015532613,0.91548204,0.7672323,-0.14824975,0.91548204,0.8966151,-0.018866956,17
1,1,3,0,0,2,2,1,2,2,2.0,4.0,2.0,2.0,2.0,0.0,3.0,3.0,8.0,4.0,4.0,3.0,8.0,0.25016186,0.6086819,0.35852006,0.25016186,0.41486022,0.16469836,0.25016186,0.25016186,0.0,0.25016186,0.25016186,0.0,0.25016186,0.25615254,0.005990684,0.25016186,0.43848035,0.18831849,0.25016186,0.24666752,-0.0034943372,0.25016186,0.25016186,0.0,0.25016186,0.25016186,0.0,,,,0.25016186,0.71080923,0.46064737,0.25016186,0.21832883,-0.031833023,0.25016186,0.27129745,0.021135598,16
1,1,1,0,0,3,1,6,0,1,1.0,4.0,2.0,2.0,2.0,2.0,4.0,3.0,7.0,4.0,4.0,3.0,7.0,,,,0.99134725,0.9939627,0.0026154518,0.99134725,0.99134725,0.0,0.99134725,0.99134725,0.0,0.99134725,0.98781186,-0.00353539,0.99134725,0.99402374,0.002676487,0.99134725,0.9906183,-0.0007289648,0.99134725,0.99134725,0.0,0.99134725,0.99134725,0.0,0.99134725,0.9727255,-0.018621743,0.99134725,0.9934321,0.0020848513,0.99134725,0.97854495,-0.012802303,0.99134725,0.9925881,0.0012408495,8
2,1,0,0,0,0,4,0,2,4,2.0,4.0,4.0,4.0,4.0,5.0,2.0,3.0,7.0,3.0,4.0,3.0,7.0,0.79246193,0.88574606,0.09328413,0.79246193,0.81848574,0.026023805,0.79246193,0.79246193,0.0,0.79246193,0.79246193,0.0,0.79246193,0.6214458,-0.17101616,0.79246193,0.7779436,-0.014518321,0.79246193,0.87078536,0.078323424,0.79246193,0.79246193,0.0,0.79246193,0.79246193,0.0,0.79246193,0.7151795,-0.07728243,0.79246193,0.5519842,-0.24047774,0.79246193,0.7996761,0.0072141886,0.79246193,0.8842827,0.09182078,3
1,0,2,0,0,0,5,0,0,3,1.0,4.0,4.0,4.0,4.0,10.0,3.0,4.0,7.0,4.0,4.0,4.0,7.0,,,,0.8892803,0.8821325,-0.0071478486,0.8892803,0.8892803,0.0,0.8892803,0.8892803,0.0,0.8892803,0.84543484,-0.043845475,0.8892803,0.88764757,-0.00163275,0.8892803,0.86596197,-0.02331835,0.8892803,0.8892803,0.0,,,,0.8892803,0.87914354,-0.010136783,0.8892803,0.80363446,-0.085645854,0.8892803,0.9205245,0.031244159,0.8892803,0.7582389,-0.13104141,10
4,0,0,0,0,1,5,1,1,4,4.0,3.0,2.0,2.0,2.0,7.0,2.0,3.0,6.0,3.0,2.0,2.0,6.0,0.9914186,0.9835919,-0.007826686,0.9914186,0.995884,0.004465401,0.9914186,0.9914186,0.0,0.9914186,0.9914186,0.0,0.9914186,0.98581284,-0.0056057572,0.9914186,0.994066,0.0026474,0.9914186,0.99153066,0.00011205673,0.9914186,0.9914186,0.0,0.9914186,0.9914186,0.0,0.9914186,0.9730521,-0.018366516,0.9914186,0.9927072,0.0012885928,0.9914186,0.99199754,0.0005789399,0.9914186,0.9899233,-0.0014953017,18
3,1,0,0,0,0,8,0,1,2,2.0,4.0,2.0,2.0,2.0,6.0,3.0,3.0,9.0,4.0,4.0,4.0,9.0,0.8619892,0.9613765,0.09938729,0.8619892,0.8659961,0.0040069222,0.8619892,0.8619892,0.0,0.8619892,0.8619892,0.0,0.8619892,0.8351419,-0.026847303,0.8619892,0.940659,0.07866979,0.8619892,0.8964704,0.034481227,0.8619892,0.8619892,0.0,0.8619892,0.8619892,0.0,0.8619892,0.85954046,-0.0024487376,0.8619892,0.8463517,-0.015637517,0.8619892,0.9162188,0.054229617,0.8619892,0.8401028,-0.021886408,1
3,0,1,0,0,0,2,0,1,8,1.0,4.0,2.0,1.0,1.0,8.0,4.0,4.0,2.0,4.0,4.0,5.0,2.0,,,,0.47304553,0.6111402,0.13809466,0.47304553,0.47304553,0.0,0.47304553,0.47304553,0.0,0.47304553,0.38573068,-0.087314844,,,,,,,0.47304553,0.47304553,0.0,,,,0.47304553,0.29832578,-0.17471975,0.47304553,0.4662436,-0.006801933,,,,0.47304553,0.6466486,0.17360306,2
1,0,5,0,0,0,3,0,0,0,2.0,5.0,5.0,4.0,2.0,4.0,1.0,2.0,8.0,4.0,3.0,4.0,8.0,0.8909275,0.9641982,0.07327068,,,,0.8909275,0.8909275,0.0,0.8909275,0.8909275,0.0,0.8909275,0.8868154,-0.004112065,0.8909275,0.8836349,-0.0072925687,0.8909275,0.87467825,-0.01624924,0.8909275,0.8909275,0.0,0.8909275,0.8909275,0.0,0.8909275,0.85481125,-0.036116242,0.8909275,0.9187921,0.027864635,0.8909275,0.8557002,-0.0352273,0.8909275,0.9468067,0.055879235,20
3,1,2,0,0,1,3,0,1,4,2.0,4.0,2.0,2.0,3.0,3.0,3.0,3.0,8.0,4.0,4.0,3.0,8.0,0.80598533,0.98864377,0.18265843,0.80598533,0.80598533,0.0,0.80598533,0.80598533,0.0,0.80598533,0.80598533,0.0,0.80598533,0.8245183,0.018532991,0.80598533,0.83453625,0.028550923,0.80598533,0.94264996,0.13666463,0.80598533,0.80598533,0.0,0.80598533,0.80598533,0.0,0.80598533,0.3742013,-0.43178403,0.80598533,0.6758419,-0.1301434,0.80598533,0.7856015,-0.020383835,0.80598533,0.81336445,0.0073791146,3
2,1,0,0,0,0,2,1,2,4,1.0,3.0,2.0,2.0,1.0,3.0,3.0,3.0,6.0,4.0,4.0,4.0,6.0,,,,0.7593433,0.8356679,0.07632458,0.7593433,0.7593433,0.0,0.7593433,0.7593433,0.0,0.7593433,0.7288176,-0.030525744,0.7593433,0.8395042,0.080160856,,,,0.7593433,0.7593433,0.0,0.7593433,0.7593433,0.0,0.7593433,0.74993056,-0.0094127655,0.7593433,0.819628,0.060284674,0.7593433,0.8861401,0.12679678,0.7593433,0.7233624,-0.03598094,3
0,1,2,0,2,3,1,6,1,7,1.0,5.0,2.0,2.0,3.0,2.0,4.0,3.0,5.0,3.0,4.0,4.0,6.0,,,,,,,0.49506107,0.49506107,0.0,0.49506107,0.49506107,0.0,0.49506107,0.37229067,-0.1227704,0.49506107,0.5587801,0.063719004,0.49506107,0.5078937,0.012832612,0.49506107,0.49506107,0.0,0.49506107,0.49506107,0.0,0.49506107,0.49809825,0.0030371845,0.49506107,0.6800001,0.18493906,0.49506107,0.40883136,-0.08622971,0.49506107,0.30573413,-0.18932694,21
4,1,1,0,0,0,3,0,0,3,1.0,5.0,3.0,4.0,2.0,2.0,4.0,3.0,1.0,4.0,4.0,4.0,7.0,,,,,,,0.99618196,0.99618196,0.0,0.99618196,0.99618196,0.0,0.99618196,0.99621814,3.618002e-05,0.99618196,0.9922684,-0.0039135814,0.99618196,0.99710804,0.00092607737,0.99618196,0.99618196,0.0,0.99618196,0.99618196,0.0,0.99618196,0.99697065,0.00078868866,0.99618196,0.99556583,-0.0006161332,0.99618196,0.9946601,-0.0015218854,0.99618196,0.9839978,-0.012184143,20
3,0,1,0,0,1,6,0,2,4,2.0,2.0,2.0,2.0,2.0,6.0,2.0,2.0,6.0,2.0,3.0,2.0,6.0,0.30200997,0.3895877,0.08757773,0.30200997,0.71184397,0.409834,0.30200997,0.30200997,0.0,0.30200997,0.30200997,0.0,0.30200997,0.25349844,-0.048511535,0.30200997,0.62343043,0.32142046,0.30200997,0.45147938,0.1494694,0.30200997,0.30200997,0.0,0.30200997,0.30200997,0.0,0.30200997,0.81550545,0.51349545,0.30200997,0.2920612,-0.00994876,0.30200997,0.33784044,0.035830468,0.30200997,0.43846723,0.13645726,2
4,0,0,0,0,0,3,7,0,3,1.0,3.0,2.0,2.0,1.0,6.0,3.0,3.0,6.0,4.0,3.0,4.0,7.0,,,,0.9064626,0.97686803,0.07040542,0.9064626,0.9064626,0.0,0.9064626,0.9064626,0.0,0.9064626,0.88700175,-0.019460857,0.9064626,0.95286584,0.04640323,,,,0.9064626,0.9064626,0.0,0.9064626,0.9064626,0.0,0.9064626,0.95991987,0.05345726,0.9064626,0.87362057,-0.03284204,0.9064626,0.92850095,0.02203834,0.9064626,0.8808801,-0.025582492,23
3,1,1,0,0,0,2,0,2,4,3.0,3.0,3.0,3.0,4.0,3.0,1.0,2.0,7.0,5.0,2.0,4.0,6.0,0.7667203,0.967165,0.2004447,0.7667203,0.9197828,0.15306252,,,,0.7667203,0.7667203,0.0,0.7667203,0.90194964,0.13522935,0.7667203,0.97121173,0.20449144,0.7667203,0.7470203,-0.01969999,0.7667203,0.7667203,0.0,0.7667203,0.7667203,0.0,0.7667203,0.6538646,-0.11285567,0.7667203,0.6759249,-0.0907954,0.7667203,0.7622126,-0.0045077205,0.7667203,0.66431415,-0.102406144,2
4,1,3,0,0,0,4,0,0,5,3.0,4.0,3.0,3.0,3.0,0.0,3.0,2.0,9.0,4.0,5.0,4.0,10.0,0.57625914,0.6743012,0.09804207,0.57625914,0.5170109,-0.05924821,0.57625914,0.57625914,0.0,,,,0.57625914,0.6468043,0.07054514,0.57625914,0.598275,0.02201587,0.57625914,0.43798932,-0.13826981,0.57625914,0.57625914,0.0,0.57625914,0.57625914,0.0,,,,0.57625914,0.24306847,-0.33319068,0.57625914,0.6799554,0.10369629,,,,6
3,0,2,0,0,0,7,0,2,4,1.0,5.0,1.0,1.0,1.0,1.0,5.0,4.0,8.0,5.0,5.0,5.0,7.0,,,,,,,,,,,,,,,,,,,,,,,,,,,,0.98713464,0.9864464,-0.00068825483,0.98713464,0.98089224,-0.0062423944,,,,0.98713464,0.9903357,0.0032010674,2
3,1,0,0,5,2,0,5,1,2,4.0,4.0,3.0,5.0,3.0,9.0,3.0,3.0,3.0,2.0,3.0,1.0,3.0,0.0024578623,0.0038271642,0.0013693019,0.0024578623,0.004465835,0.002007973,0.0024578623,0.0024578623,0.0,0.0024578623,0.0024578623,0.0,0.0024578623,0.0022112739,-0.00024658837,0.0024578623,0.0020552892,-0.00040257303,0.0024578623,0.00260135,0.0001434877,0.0024578623,0.0024578623,0.0,0.0024578623,0.0024578623,0.0,0.0024578623,0.0059071085,0.0034492463,0.0024578623,0.006125843,0.003667981,0.0024578623,0.0018893669,-0.00056849536,0.0024578623,0.0028958693,0.00043800706,14
2,0,0,0,0,2,4,0,0,3,1.0,5.0,2.0,4.0,2.0,0.0,4.0,4.0,8.0,4.0,3.0,5.0,7.0,,,,,,,0.8237478,0.8237478,0.0,0.8237478,0.8237478,0.0,0.8237478,0.8215064,-0.0022414327,0.8237478,0.7219799,-0.1017679,0.8237478,0.88338953,0.05964172,0.8237478,0.8237478,0.0,,,,,,,0.8237478,0.9474448,0.12369698,,,,0.8237478,0.6669755,-0.15677232,9
4,0,1,0,0,0,8,3,0,0,2.0,5.0,3.0,2.0,1.0,0.0,3.0,2.0,8.0,3.0,3.0,5.0,8.0,0.9618608,0.83300686,-0.12885392,,,,0.9618608,0.9618608,0.0,0.9618608,0.9618608,0.0,0.9618608,0.9790774,0.017216623,0.9618608,0.8964807,-0.0653801,,,,0.9618608,0.9618608,0.0,0.9618608,0.9618608,0.0,,,,0.9618608,0.9348019,-0.0270589,,,,0.9618608,0.9676778,0.005816996,5
1,1,2,0,2,0,2,0,0,3,2.0,4.0,2.0,2.0,3.0,0.0,3.0,3.0,7.0,4.0,4.0,4.0,10.0,0.11447038,0.5252694,0.41079903,0.11447038,0.17800446,0.06353408,0.11447038,0.11447038,0.0,0.11447038,0.11447038,0.0,0.11447038,0.10095786,-0.0135125145,0.11447038,0.24933094,0.13486056,0.11447038,0.30330405,0.18883367,0.11447038,0.11447038,0.0,0.11447038,0.11447038,0.0,,,,0.11447038,0.222133,0.10766262,0.11447038,0.09980418,-0.0146662,,,,17
1,1,1,0,0,1,5,0,0,0,4.0,4.0,3.0,3.0,3.0,8.0,3.0,3.0,3.0,3.0,3.0,3.0,5.0,0.63112015,0.7402688,0.10914868,0.63112015,0.44630396,-0.18481618,0.63112015,0.63112015,0.0,0.63112015,0.63112015,0.0,0.63112015,0.7670255,0.13590533,0.63112015,0.8464024,0.21528226,0.63112015,0.6302537,-0.0008664727,0.63112015,0.63112015,0.0,0.63112015,0.63112015,0.0,0.63112015,0.11417613,-0.516944,0.63112015,0.33706576,-0.2940544,0.63112015,0.60817134,-0.022948802,0.63112015,0.81451267,0.18339252,17
6,1,0,0,5,4,1,7,0,0,1.0,4.0,1.0,2.0,2.0,9.0,4.0,3.0,8.0,4.0,3.0,4.0,9.0,,,,0.92851466,0.9563369,0.027822256,0.92851466,0.92851466,0.0,0.92851466,0.92851466,0.0,,,,0.92851466,0.8453323,-0.083182335,0.92851466,0.902842,-0.025672674,0.92851466,0.92851466,0.0,0.92851466,0.92851466,0.0,0.92851466,0.9124759,-0.016038775,0.92851466,0.96312106,0.034606397,0.92851466,0.84548664,-0.08302802,0.92851466,0.93969977,0.01118511,24
1,1,0,0,0,0,2,0,0,0,2.0,5.0,3.0,3.0,3.0,6.0,2.0,3.0,7.0,4.0,4.0,3.0,7.0,0.94972664,0.9729188,0.023192167,,,,0.94972664,0.94972664,0.0,0.94972664,0.94972664,0.0,0.94972664,0.964028,0.01430136,0.94972664,0.97780687,0.028080225,0.94972664,0.96466285,0.014936209,0.94972664,0.94972664,0.0,0.94972664,0.94972664,0.0,0.94972664,0.9667117,0.016985059,0.94972664,0.86140585,-0.08832079,0.94972664,0.9556475,0.005920887,0.94972664,0.9063708,-0.043355823,11
1,0,5,0,0,0,1,0,0,7,1.0,4.0,4.0,4.0,3.0,8.0,2.0,3.0,2.0,2.0,2.0,1.0,5.0,,,,0.9823887,0.98429215,0.0019034743,0.9823887,0.9823887,0.0,0.9823887,0.9823887,0.0,0.9823887,0.97980344,-0.0025852323,0.9823887,0.9845197,0.0021310449,0.9823887,0.98418933,0.0018006563,0.9823887,0.9823887,0.0,0.9823887,0.9823887,0.0,0.9823887,0.9883031,0.0059144497,0.9823887,0.9833619,0.00097322464,0.9823887,0.9794575,-0.0029311776,0.9823887,0.96213394,-0.020254731,26
1,0,0,0,0,0,2,0,0,1,2.0,5.0,3.0,3.0,3.0,4.0,4.0,3.0,6.0,4.0,4.0,2.0,7.0,0.9547214,0.9913907,0.036669314,,,,0.9547214,0.9547214,0.0,0.9547214,0.9547214,0.0,0.9547214,0.9199974,-0.034723997,0.9547214,0.98334944,0.028628051,0.9547214,0.9432797,-0.011441708,0.9547214,0.9547214,0.0,0.9547214,0.9547214,0.0,0.9547214,0.94907457,-0.005646825,0.9547214,0.94449204,-0.010229349,0.9547214,0.9819763,0.02725488,0.9547214,0.94264656,-0.012074828,11
3,1,2,0,0,0,3,0,0,2,4.0,4.0,3.0,4.0,4.0,1.0,2.0,2.0,6.0,4.0,4.0,4.0,6.0,0.73149014,0.8579304,0.12644029,0.73149014,0.6364078,-0.09508234,0.73149014,0.73149014,0.0,0.73149014,0.73149014,0.0,0.73149014,0.786337,0.054846883,0.73149014,0.55983,-0.17166013,0.73149014,0.73149014,0.0,0.73149014,0.73149014,0.0,0.73149014,0.73149014,0.0,0.73149014,0.74105245,0.009562314,0.73149014,0.64802265,-0.08346748,0.73149014,0.77574116,0.044251025,0.73149014,0.74051225,0.009022117,6
1,0,5,0,0,0,9,0,0,0,2.0,2.0,2.0,2.0,3.0,0.0,4.0,3.0,8.0,4.0,4.0,4.0,7.0,0.9133424,0.9826166,0.06927419,0.9133424,0.9361038,0.022761405,0.9133424,0.9133424,0.0,0.9133424,0.9133424,0.0,0.9133424,0.9253205,0.01197809,0.9133424,0.9379245,0.024582088,0.9133424,0.88794845,-0.025393963,0.9133424,0.9133424,0.0,0.9133424,0.9133424,0.0,,,,0.9133424,0.9903053,0.07696289,0.9133424,0.9239792,0.0106368065,0.9133424,0.8578553,-0.055487096,17
2,1,2,0,1,2,7,2,1,4,3.0,3.0,3.0,2.0,2.0,3.0,4.0,3.0,4.0,3.0,2.0,2.0,6.0,0.25199568,0.27071026,0.018714577,0.25199568,0.448098,0.19610232,0.25199568,0.25199568,0.0,0.25199568,0.25199568,0.0,0.25199568,0.35589013,0.10389444,0.25199568,0.19000049,-0.061995193,0.25199568,0.27172598,0.0197303,0.25199568,0.25199568,0.0,0.25199568,0.25199568,0.0,0.25199568,0.15196641,-0.100029275,0.25199568,0.10663689,-0.1453588,0.25199568,0.15274426,-0.09925142,0.25199568,0.2620479,0.010052204,16
5,1,0,0,3,0,6,1,0,0,1.0,5.0,1.0,2.0,1.0,4.0,3.0,3.0,8.0,4.0,5.0,3.0,7.0,,,,,,,0.71258575,0.71258575,0.0,,,,,,,0.71258575,0.8032655,0.090679765,,,,0.71258575,0.71258575,0.0,0.71258575,0.71258575,0.0,0.71258575,0.79866374,0.08607799,0.71258575,0.5074834,-0.20510232,0.71258575,0.62530637,-0.08727938,0.71258575,0.7002309,-0.012354851,7
0,1,2,0,0,3,8,6,0,7,2.0,3.0,3.0,2.0,4.0,8.0,3.0,2.0,5.0,4.0,4.0,2.0,6.0,0.77165645,0.9278597,0.15620327,0.77165645,0.83582133,0.06416488,0.77165645,0.77165645,0.0,0.77165645,0.77165645,0.0,0.77165645,0.89350647,0.121850014,0.77165645,0.7454475,-0.026208937,0.77165645,0.79830456,0.026648104,0.77165645,0.77165645,0.0,0.77165645,0.77165645,0.0,0.77165645,0.6731646,-0.09849185,0.77165645,0.81406236,0.042405903,0.77165645,0.6523614,-0.11929506,0.77165645,0.91679496,0.1451385,21
3,1,0,0,0,0,5,0,0,3,3.0,4.0,2.0,2.0,2.0,1.0,4.0,3.0,1.0,2.0,3.0,2.0,4.0,0.76807827,0.8707997,0.10272145,0.76807827,0.7885043,0.020426035,0.76807827,0.76807827,0.0,0.76807827,0.76807827,0.0,0.76807827,0.7789627,0.010884404,0.76807827,0.9353233,0.16724503,0.76807827,0.82240987,0.0543316,0.76807827,0.76807827,0.0,0.76807827,0.76807827,0.0,0.76807827,0.52257204,-0.24550623,0.76807827,0.74876493,-0.019313335,0.76807827,0.79019207,0.0221138,0.76807827,0.73692083,-0.031157434,15
2,1,3,0,2,0,1,0,0,2,1.0,4.0,3.0,2.0,2.0,3.0,3.0,3.0,7.0,4.0,2.0,5.0,9.0,,,,0.12410044,0.32920128,0.20510083,0.12410044,0.12410044,0.0,0.12410044,0.12410044,0.0,0.12410044,0.26745138,0.14335093,0.12410044,0.3575378,0.23343736,0.12410044,0.20831619,0.08421575,0.12410044,0.12410044,0.0,0.12410044,0.12410044,0.0,0.12410044,0.50404775,0.3799473,0.12410044,0.19293699,0.06883655,,,,0.12410044,0.16515711,0.04105667,6
6,0,6,0,5,4,4,3,0,3,3.0,4.0,2.0,2.0,2.0,5.0,2.0,3.0,2.0,2.0,4.0,3.0,3.0,0.5107732,0.84804326,0.33727008,0.5107732,0.48015708,-0.030616105,0.5107732,0.5107732,0.0,0.5107732,0.5107732,0.0,0.5107732,0.5107732,0.0,0.5107732,0.59896475,0.08819157,0.5107732,0.4540204,-0.05675277,0.5107732,0.5107732,0.0,0.5107732,0.5107732,0.0,0.5107732,0.4707247,-0.04004848,0.5107732,0.14550671,-0.36526647,0.5107732,0.54809,0.0373168,0.5107732,0.59897006,0.08819687,24
0,0,2,0,1,0,1,0,1,6,1.0,5.0,2.0,2.0,2.0,6.0,3.0,4.0,4.0,4.0,4.0,3.0,4.0,,,,,,,0.21857603,0.21857603,0.0,0.21857603,0.21857603,0.0,0.21857603,0.12516344,-0.09341259,0.21857603,0.17944703,-0.039129004,0.21857603,0.18745151,-0.031124517,0.21857603,0.21857603,0.0,,,,0.21857603,0.26298028,0.044404253,0.21857603,0.17056683,-0.048009202,0.21857603,0.089580365,-0.12899566,0.21857603,0.23217003,0.0135940015,25
5,1,0,0,0,0,9,3,0,3,4.0,5.0,1.0,1.0,2.0,1.0,4.0,3.0,9.0,4.0,4.0,4.0,9.0,0.86595434,0.8784545,0.012500167,,,,0.86595434,0.86595434,0.0,0.86595434,0.86595434,0.0,,,,,,,0.86595434,0.93652236,0.070568025,0.86595434,0.86595434,0.0,0.86595434,0.86595434,0.0,0.86595434,0.6011703,-0.26478404,0.86595434,0.893303,0.027348638,0.86595434,0.87688553,0.010931194,0.86595434,0.9433059,0.07735157,7
2,1,0,0,0,0,3,1,2,4,1.0,3.0,1.0,1.0,1.0,4.0,4.0,3.0,9.0,5.0,5.0,4.0,9.0,,,,0.8402576,0.8281944,-0.012063205,,,,,,,,,,,,,,,,0.8402576,0.8402576,0.0,0.8402576,0.8402576,0.0,0.8402576,0.91898125,0.07872367,0.8402576,0.7469284,-0.09332919,0.8402576,0.8216361,-0.018621504,0.8402576,0.7689742,-0.0712834,3
5,0,0,0,0,0,7,3,0,0,2.0,4.0,3.0,2.0,1.0,3.0,4.0,3.0,8.0,3.0,3.0,3.0,6.0,0.9691207,0.979813,0.010692298,0.9691207,0.98779964,0.018678963,0.9691207,0.9691207,0.0,0.9691207,0.9691207,0.0,0.9691207,0.98803586,0.018915176,0.9691207,0.9035179,-0.06560278,,,,0.9691207,0.9691207,0.0,0.9691207,0.9691207,0.0,0.9691207,0.91028166,-0.058839023,0.9691207,0.9620591,-0.0070616007,0.9691207,0.9640396,-0.0050810575,0.9691207,0.95604116,-0.013079524,7
5,0,0,0,0,0,8,3,0,3,1.0,4.0,3.0,2.0,2.0,6.0,4.0,4.0,6.0,4.0,4.0,4.0,8.0,,,,0.9447819,0.95476115,0.009979248,0.9447819,0.9447819,0.0,0.9447819,0.9447819,0.0,0.9447819,0.9197039,-0.025077999,0.9447819,0.96179724,0.017015338,0.9447819,0.977027,0.0322451,0.9447819,0.9447819,0.0,,,,0.9447819,0.9465711,0.0017892122,0.9447819,0.9342432,-0.010538697,0.9447819,0.95888305,0.014101148,0.9447819,0.98801416,0.043232262,7
3,1,1,0,0,0,3,0,2,4,2.0,3.0,2.0,3.0,2.0,5.0,4.0,4.0,6.0,4.0,4.0,4.0,9.0,0.470089,0.40824968,-0.061839312,0.470089,0.56443644,0.09434745,0.470089,0.470089,0.0,0.470089,0.470089,0.0,0.470089,0.46401963,-0.006069362,0.470089,0.7049235,0.23483452,0.470089,0.81239784,0.34230885,0.470089,0.470089,0.0,,,,0.470089,0.7448476,0.2747586,0.470089,0.51908374,0.04899475,0.470089,0.5263247,0.0562357,0.470089,0.45677873,-0.013310254,2
1,1,2,0,0,0,2,0,0,0,1.0,5.0,4.0,3.0,1.0,7.0,4.0,2.0,4.0,4.0,3.0,3.0,3.0,,,,,,,0.9701203,0.9701203,0.0,0.9701203,0.9701203,0.0,0.9701203,0.9578122,-0.012308121,0.9701203,0.9611943,-0.008926034,,,,0.9701203,0.9701203,0.0,0.9701203,0.9701203,0.0,0.9701203,0.97353417,0.003413856,0.9701203,0.94845986,-0.021660447,0.9701203,0.9449592,-0.025161088,0.9701203,0.98629457,0.016174257,20
1,1,0,0,0,0,7,0,0,1,1.0,2.0,1.0,1.0,2.0,3.0,3.0,3.0,8.0,4.0,4.0,5.0,8.0,,,,0.99367636,0.9935448,-0.00013154745,0.99367636,0.99367636,0.0,0.99367636,0.99367636,0.0,,,,,,,0.99367636,0.9957698,0.0020934343,0.99367636,0.99367636,0.0,0.99367636,0.99367636,0.0,0.99367636,0.99150336,-0.0021730065,0.99367636,0.9964675,0.0027911067,,,,0.99367636,0.99140257,-0.002273798,11
5,0,0,0,2,2,4,3,0,0,3.0,5.0,3.0,3.0,3.0,1.0,4.0,4.0,6.0,4.0,3.0,5.0,5.0,0.025034748,0.2587312,0.23369643,,,,0.025034748,0.025034748,0.0,0.025034748,0.025034748,0.0,0.025034748,0.08905696,0.06402221,0.025034748,0.18280773,0.15777299,0.025034748,0.01943619,-0.005598558,0.025034748,0.025034748,0.0,,,,0.025034748,0.08537382,0.06033907,0.025034748,0.10889738,0.08386263,,,,0.025034748,0.019772263,-0.005262485,22
3,1,0,0,0,0,3,0,0,5,1.0,4.0,2.0,2.0,2.0,4.0,3.0,3.0,6.0,3.0,2.0,4.0,8.0,,,,0.9882924,0.99014914,0.0018567443,0.9882924,0.9882924,0.0,0.9882924,0.9882924,0.0,0.9882924,0.98754835,-0.0007440448,0.9882924,0.99500424,0.0067118406,0.9882924,0.9872158,-0.0010765791,0.9882924,0.9882924,0.0,0.9882924,0.9882924,0.0,0.9882924,0.98018986,-0.008102536,0.9882924,0.99375206,0.0054596663,0.9882924,0.9909763,0.002683878,0.9882924,0.9881444,-0.00014799833,12
1,0,2,0,0,0,1,0,0,3,1.0,4.0,2.0,2.0,2.0,2.0,4.0,4.0,4.0,4.0,3.0,4.0,8.0,,,,0.32599834,0.6457034,0.31970504,0.32599834,0.32599834,0.0,0.32599834,0.32599834,0.0,0.32599834,0.36645693,0.04045859,0.32599834,0.39621544,0.0702171,0.32599834,0.5291364,0.20313808,0.32599834,0.32599834,0.0,,,,0.32599834,0.36088082,0.034882486,0.32599834,0.26019713,-0.0658012,0.32599834,0.3947141,0.06871575,0.32599834,0.22783259,-0.09816575,10
2,1,5,0,1,1,4,0,0,3,4.0,4.0,3.0,3.0,3.0,6.0,2.0,1.0,7.0,4.0,3.0,3.0,2.0,0.18410635,0.2965954,0.112489045,0.18410635,0.20986082,0.025754467,0.18410635,0.18410635,0.0,0.18410635,0.18410635,0.0,0.18410635,0.32596228,0.14185593,0.18410635,0.4833784,0.29927206,0.18410635,0.1670261,-0.017080247,0.18410635,0.18410635,0.0,0.18410635,0.18410635,0.0,0.18410635,0.26976183,0.08565548,0.18410635,0.15626019,-0.027846158,0.18410635,0.14984117,-0.034265175,0.18410635,0.37909144,0.19498509,9
1,1,1,0,0,0,4,0,0,1,1.0,4.0,2.0,2.0,2.0,0.0,4.0,3.0,8.0,4.0,4.0,3.0,10.0,,,,0.98908347,0.9935847,0.0045012236,0.98908347,0.98908347,0.0,0.98908347,0.98908347,0.0,0.98908347,0.99206007,0.0029765964,0.98908347,0.9948773,0.00579381,0.98908347,0.9940106,0.0049271584,0.98908347,0.98908347,0.0,0.98908347,0.98908347,0.0,,,,0.98908347,0.9771688,-0.0119146705,0.98908347,0.9791911,-0.0098923445,,,,11
4,1,0,0,0,0,5,3,0,3,2.0,4.0,1.0,1.0,2.0,6.0,3.0,3.0,7.0,5.0,4.0,5.0,10.0,0.9156715,0.9594724,0.04380089,0.9156715,0.9339951,0.0183236,,,,0.9156715,0.9156715,0.0,,,,,,,0.9156715,0.9294976,0.013826072,0.9156715,0.9156715,0.0,0.9156715,0.9156715,0.0,0.9156715,0.96135324,0.045681715,0.9156715,0.9088548,-0.006816745,,,,,,,7
4,1,0,0,2,0,8,5,0,2,3.0,4.0,2.0,2.0,2.0,4.0,3.0,3.0,5.0,3.0,4.0,4.0,7.0,0.63672274,0.57740676,-0.05931598,0.63672274,0.6004319,-0.036290824,0.63672274,0.63672274,0.0,0.63672274,0.63672274,0.0,0.63672274,0.5834127,-0.053310037,0.63672274,0.90844494,0.2717222,0.63672274,0.64910495,0.012382209,0.63672274,0.63672274,0.0,0.63672274,0.63672274,0.0,0.63672274,0.42367247,-0.21305028,0.63672274,0.62202805,-0.014694691,0.63672274,0.54180497,-0.094917774,0.63672274,0.4580079,-0.17871484,14
1,0,0,0,0,0,4,0,2,4,2.0,2.0,2.0,2.0,2.0,0.0,4.0,3.0,8.0,5.0,4.0,4.0,8.0,0.12414146,0.7589625,0.63482106,0.12414146,0.51562655,0.3914851,,,,0.12414146,0.12414146,0.0,0.12414146,0.12820102,0.0040595606,0.12414146,0.34683385,0.2226924,0.12414146,0.3547163,0.23057485,0.12414146,0.12414146,0.0,0.12414146,0.12414146,0.0,,,,0.12414146,0.31693292,0.19279146,0.12414146,0.17412013,0.049978666,0.12414146,0.2744056,0.15026414,2
4,1,0,0,1,0,7,1,0,0,2.0,3.0,3.0,3.0,2.0,7.0,4.0,3.0,7.0,3.0,4.0,3.0,8.0,0.96857876,0.9872268,0.018648028,0.96857876,0.9783149,0.009736121,0.96857876,0.96857876,0.0,0.96857876,0.96857876,0.0,0.96857876,0.9821103,0.013531566,0.96857876,0.9574809,-0.011097848,0.96857876,0.9864435,0.017864764,0.96857876,0.96857876,0.0,0.96857876,0.96857876,0.0,0.96857876,0.8862957,-0.08228308,0.96857876,0.92577386,-0.042804897,0.96857876,0.9420724,-0.026506364,0.96857876,0.9802587,0.011679947,12
1,1,2,0,0,0,8,4,2,4,1.0,4.0,2.0,3.0,2.0,2.0,3.0,4.0,5.0,4.0,4.0,3.0,7.0,,,,0.9863945,0.9841218,-0.002272725,0.9863945,0.9863945,0.0,0.9863945,0.9863945,0.0,0.9863945,0.9867047,0.00031018257,0.9863945,0.961826,-0.024568498,0.9863945,0.99531376,0.008919239,0.9863945,0.9863945,0.0,,,,0.9863945,0.97127986,-0.015114665,0.9863945,0.9921543,0.0057597756,0.9863945,0.98622584,-0.00016868114,0.9863945,0.983877,-0.0025175214,3
3,1,0,0,0,2,8,1,2,4,1.0,3.0,2.0,2.0,2.0,7.0,3.0,3.0,8.0,4.0,4.0,4.0,7.0,,,,0.89818454,0.92824876,0.030064225,0.89818454,0.89818454,0.0,0.89818454,0.89818454,0.0,0.89818454,0.8313644,-0.066820145,0.89818454,0.8959677,-0.002216816,0.89818454,0.9302365,0.03205198,0.89818454,0.89818454,0.0,0.89818454,0.89818454,0.0,0.89818454,0.9560639,0.05787939,0.89818454,0.9425505,0.044365942,0.89818454,0.92312455,0.024940014,0.89818454,0.90109164,0.0029070973,3
4,0,2,0,0,0,7,0,1,4,3.0,4.0,1.0,3.0,2.0,7.0,4.0,3.0,6.0,4.0,3.0,3.0,5.0,0.5415497,0.8756522,0.3341025,0.5415497,0.5374135,-0.0041362047,0.5415497,0.5415497,0.0,0.5415497,0.5415497,0.0,,,,0.5415497,0.5997522,0.058202505,0.5415497,0.7013905,0.15984082,0.5415497,0.5415497,0.0,0.5415497,0.5415497,0.0,0.5415497,0.88828105,0.34673136,0.5415497,0.40238038,-0.1391693,0.5415497,0.41065502,-0.13089466,0.5415497,0.41994092,-0.121608764,2
5,0,0,0,1,1,8,3,0,3,3.0,5.0,3.0,3.0,3.0,7.0,3.0,3.0,7.0,4.0,4.0,5.0,7.0,0.1559476,0.6390097,0.48306212,,,,0.1559476,0.1559476,0.0,0.1559476,0.1559476,0.0,0.1559476,0.31467015,0.15872255,0.1559476,0.43347606,0.27752846,0.1559476,0.1330194,-0.022928193,0.1559476,0.1559476,0.0,0.1559476,0.1559476,0.0,0.1559476,0.17227179,0.016324192,0.1559476,0.27272758,0.11677998,,,,0.1559476,0.13364473,-0.022302866,7
5,1,0,0,0,0,8,3,0,3,3.0,3.0,2.0,2.0,1.0,6.0,4.0,3.0,7.0,3.0,3.0,4.0,7.0,0.63970894,0.9040734,0.26436448,0.63970894,0.8928179,0.25310898,0.63970894,0.63970894,0.0,0.63970894,0.63970894,0.0,0.63970894,0.63407,-0.005638957,0.63970894,0.74238145,0.10267252,,,,0.63970894,0.63970894,0.0,0.63970894,0.63970894,0.0,0.63970894,0.43162987,-0.20807907,0.63970894,0.9137155,0.27400655,0.63970894,0.6575995,0.017890573,0.63970894,0.6950006,0.055291653,7
3,0,1,0,0,0,5,0,2,4,1.0,5.0,1.0,2.0,1.0,3.0,4.0,3.0,8.0,5.0,5.0,3.0,9.0,,,,,,,,,,,,,,,,0.995317,0.997115,0.0017980337,,,,0.995317,0.995317,0.0,0.995317,0.995317,0.0,0.995317,0.9981908,0.002873838,0.995317,0.98511815,-0.010198832,0.995317,0.9909922,-0.004324794,0.995317,0.9952226,-9.435415e-05,2
5,1,2,0,0,0,4,0,0,0,2.0,5.0,2.0,2.0,1.0,3.0,4.0,3.0,4.0,3.0,3.0,1.0,2.0,0.12724976,0.39876786,0.2715181,,,,0.12724976,0.12724976,0.0,0.12724976,0.12724976,0.0,0.12724976,0.11791508,-0.009334683,0.12724976,0.11958663,-0.0076631308,,,,0.12724976,0.12724976,0.0,0.12724976,0.12724976,0.0,0.12724976,0.06438952,-0.06286024,0.12724976,0.15214662,0.02489686,0.12724976,0.29172492,0.16447516,0.12724976,0.7723026,0.64505285,5
4,0,0,0,0,0,9,0,0,2,1.0,1.0,3.0,3.0,2.0,2.0,4.0,3.0,9.0,3.0,3.0,3.0,7.0,,,,0.99696213,0.9904411,-0.006521046,0.99696213,0.99696213,0.0,0.99696213,0.99696213,0.0,0.99696213,0.9978841,0.00092196465,0.99696213,0.99108446,-0.0058776736,0.99696213,0.9974063,0.0004441738,0.99696213,0.99696213,0.0,0.99696213,0.99696213,0.0,0.99696213,0.995795,-0.0011671185,0.99696213,0.997437,0.0004748702,0.99696213,0.99816835,0.0012062192,0.99696213,0.9771383,-0.01982385,23
0,1,0,0,0,0,6,0,0,0,2.0,2.0,2.0,2.0,2.0,0.0,4.0,2.0,6.0,5.0,4.0,3.0,7.0,0.9845403,0.997471,0.012930691,0.9845403,0.9878015,0.0032612085,,,,0.9845403,0.9845403,0.0,0.9845403,0.98528695,0.0007466674,0.9845403,0.98831683,0.0037765503,0.9845403,0.9923723,0.007831991,0.9845403,0.9845403,0.0,0.9845403,0.9845403,0.0,,,,0.9845403,0.9570338,-0.02750647,0.9845403,0.97082484,-0.013715446,0.9845403,0.9806553,-0.0038849711,11
5,1,0,0,1,0,4,3,0,3,3.0,4.0,3.0,3.0,2.0,3.0,3.0,2.0,7.0,3.0,3.0,5.0,6.0,0.53313535,0.8507192,0.31758386,0.53313535,0.3604914,-0.17264396,0.53313535,0.53313535,0.0,0.53313535,0.53313535,0.0,0.53313535,0.8004801,0.26734477,0.53313535,0.7039362,0.17080086,0.53313535,0.6324025,0.099267125,0.53313535,0.53313535,0.0,0.53313535,0.53313535,0.0,0.53313535,0.60463464,0.07149929,0.53313535,0.6344899,0.10135454,,,,0.53313535,0.6708981,0.13776273,7
2,1,2,0,0,0,6,1,3,8,2.0,4.0,2.0,3.0,3.0,1.0,3.0,3.0,9.0,3.0,5.0,5.0,9.0,0.6857177,0.80365676,0.117939055,0.6857177,0.8219909,0.1362732,0.6857177,0.6857177,0.0,,,,0.6857177,0.68316466,-0.0025530457,0.6857177,0.6636987,-0.022019029,0.6857177,0.64214766,-0.04357004,0.6857177,0.6857177,0.0,0.6857177,0.6857177,0.0,0.6857177,0.6729365,-0.012781203,0.6857177,0.5621787,-0.12353903,,,,0.6857177,0.6552794,-0.030438304,3
1,1,0,0,0,0,9,0,0,1,1.0,5.0,1.0,1.0,1.0,0.0,4.0,3.0,9.0,4.0,4.0,5.0,8.0,,,,,,,0.99242884,0.99242884,0.0,0.99242884,0.99242884,0.0,,,,,,,,,,0.99242884,0.99242884,0.0,0.99242884,0.99242884,0.0,,,,0.99242884,0.98994887,-0.0024799705,,,,0.99242884,0.9857584,-0.0066704154,11
3,1,1,0,0,0,7,0,0,0,2.0,4.0,3.0,2.0,2.0,0.0,4.0,3.0,7.0,4.0,2.0,2.0,7.0,0.91743696,0.9866176,0.06918067,0.91743696,0.94108015,0.023643196,0.91743696,0.91743696,0.0,0.91743696,0.91743696,0.0,0.91743696,0.96713567,0.04969871,0.91743696,0.9610269,0.04358995,0.91743696,0.97297364,0.055536687,0.91743696,0.91743696,0.0,0.91743696,0.91743696,0.0,,,,0.91743696,0.88434815,-0.033088803,0.91743696,0.893166,-0.024270952,0.91743696,0.83095425,-0.0864827,20
2,1,0,0,0,0,2,0,1,4,1.0,5.0,2.0,2.0,3.0,6.0,2.0,3.0,7.0,4.0,4.0,2.0,9.0,,,,,,,0.8736392,0.8736392,0.0,0.8736392,0.8736392,0.0,0.8736392,0.8538131,-0.019826114,0.8736392,0.94549173,0.071852505,0.8736392,0.9338109,0.060171664,0.8736392,0.8736392,0.0,0.8736392,0.8736392,0.0,0.8736392,0.97318655,0.09954733,0.8736392,0.81416607,-0.059473157,0.8736392,0.9254624,0.0518232,0.8736392,0.85962063,-0.014018595,2
6,0,0,0,0,4,3,7,0,0,2.0,4.0,1.0,1.0,1.0,0.0,4.0,3.0,4.0,2.0,4.0,4.0,8.0,0.23348682,0.6114701,0.37798327,0.23348682,0.38650978,0.15302296,0.23348682,0.23348682,0.0,0.23348682,0.23348682,0.0,,,,,,,,,,0.23348682,0.23348682,0.0,0.23348682,0.23348682,0.0,,,,0.23348682,0.2664884,0.033001587,0.23348682,0.27636346,0.042876646,0.23348682,0.35412645,0.12063964,19
3,0,0,0,0,1,2,0,0,3,3.0,2.0,2.0,2.0,2.0,6.0,3.0,3.0,6.0,3.0,3.0,1.0,7.0,0.342237,0.5395545,0.19731748,0.342237,0.477224,0.134987,0.342237,0.342237,0.0,0.342237,0.342237,0.0,0.342237,0.3294605,-0.012776494,0.342237,0.6166923,0.2744553,0.342237,0.3871631,0.044926107,0.342237,0.342237,0.0,0.342237,0.342237,0.0,0.342237,0.40365636,0.061419368,0.342237,0.16972347,-0.17251353,0.342237,0.3765975,0.0343605,0.342237,0.44743514,0.105198145,15
5,0,0,0,2,0,4,7,0,3,2.0,3.0,1.0,2.0,2.0,4.0,4.0,2.0,9.0,4.0,4.0,3.0,8.0,0.76029843,0.9272388,0.16694039,0.76029843,0.82895595,0.06865752,0.76029843,0.76029843,0.0,0.76029843,0.76029843,0.0,,,,0.76029843,0.73776126,-0.022537172,0.76029843,0.8201211,0.05982268,0.76029843,0.76029843,0.0,0.76029843,0.76029843,0.0,0.76029843,0.78293335,0.022634923,0.76029843,0.7000764,-0.06022203,0.76029843,0.7902326,0.029934168,0.76029843,0.73553807,-0.024760365,7
5,1,3,0,0,0,2,0,0,7,1.0,5.0,4.0,5.0,2.0,5.0,2.0,2.0,7.0,5.0,5.0,2.0,10.0,,,,,,,,,,,,,0.96408635,0.95823485,-0.005851507,0.96408635,0.9654218,0.0013354421,0.96408635,0.9322114,-0.031874955,0.96408635,0.96408635,0.0,0.96408635,0.96408635,0.0,0.96408635,0.94641465,-0.017671704,0.96408635,0.9541187,-0.009967625,0.96408635,0.9638351,-0.00025123358,,,,6
0,0,0,0,0,0,2,0,0,1,2.0,5.0,1.0,2.0,1.0,2.0,3.0,3.0,9.0,4.0,4.0,3.0,6.0,0.99678075,0.99910873,0.0023279786,,,,0.99678075,0.99678075,0.0,0.99678075,0.99678075,0.0,,,,0.99678075,0.997698,0.0009172559,,,,0.99678075,0.99678075,0.0,0.99678075,0.99678075,0.0,0.99678075,0.9948644,-0.0019163489,0.99678075,0.99584645,-0.0009343028,0.99678075,0.9934076,-0.003373146,0.99678075,0.99758244,0.0008016825,11
6,1,0,0,4,4,5,3,0,3,2.0,4.0,3.0,3.0,2.0,7.0,4.0,3.0,7.0,4.0,5.0,3.0,8.0,0.422088,0.6478439,0.2257559,0.422088,0.17681825,-0.24526975,0.422088,0.422088,0.0,,,,0.422088,0.48713416,0.06504616,0.422088,0.36014837,-0.061939627,0.422088,0.44765162,0.025563627,0.422088,0.422088,0.0,0.422088,0.422088,0.0,0.422088,0.17801629,-0.2440717,0.422088,0.52272093,0.100632936,0.422088,0.49192706,0.06983906,0.422088,0.39503634,-0.027051657,19
2,1,5,0,0,0,2,0,2,4,2.0,3.0,2.0,3.0,2.0,0.0,3.0,3.0,9.0,4.0,4.0,5.0,10.0,0.41679028,0.7894285,0.3726382,0.41679028,0.34040272,-0.076387554,0.41679028,0.41679028,0.0,0.41679028,0.41679028,0.0,0.41679028,0.38228327,-0.034507006,0.41679028,0.42316756,0.0063772798,0.41679028,0.5221038,0.10531351,0.41679028,0.41679028,0.0,0.41679028,0.41679028,0.0,,,,0.41679028,0.3299769,-0.08681339,,,,,,,2
5,0,0,0,0,0,6,3,0,3,2.0,3.0,2.0,2.0,2.0,3.0,3.0,3.0,8.0,4.0,4.0,5.0,8.0,0.9055631,0.9635633,0.058000207,0.9055631,0.917282,0.011718869,0.9055631,0.9055631,0.0,0.9055631,0.9055631,0.0,0.9055631,0.8859387,-0.019624412,0.9055631,0.89510834,-0.010454774,0.9055631,0.9662919,0.06072879,0.9055631,0.9055631,0.0,0.9055631,0.9055631,0.0,0.9055631,0.74345565,-0.16210747,0.9055631,0.94920737,0.04364425,,,,0.9055631,0.9728971,0.067334,7
6,1,0,0,0,4,3,0,0,0,2.0,3.0,2.0,2.0,2.0,3.0,4.0,3.0,7.0,4.0,4.0,5.0,8.0,0.34640887,0.7529669,0.406558,0.34640887,0.28890228,-0.05750659,0.34640887,0.34640887,0.0,0.34640887,0.34640887,0.0,0.34640887,0.24511471,-0.10129416,0.34640887,0.34860024,0.0021913648,0.34640887,0.38351077,0.037101895,0.34640887,0.34640887,0.0,0.34640887,0.34640887,0.0,0.34640887,0.083075054,-0.26333383,0.34640887,0.7159892,0.3695803,,,,0.34640887,0.39270008,0.046291202,19
4,0,0,0,0,0,2,0,0,0,3.0,4.0,3.0,3.0,2.0,3.0,4.0,4.0,5.0,2.0,4.0,4.0,4.0,0.6760112,0.89245856,0.21644735,0.6760112,0.6772499,0.0012387037,0.6760112,0.6760112,0.0,0.6760112,0.6760112,0.0,0.6760112,0.63808185,-0.037929356,0.6760112,0.9420402,0.266029,0.6760112,0.64357316,-0.03243804,0.6760112,0.6760112,0.0,,,,0.6760112,0.49306324,-0.18294796,0.6760112,0.6566783,-0.019332886,0.6760112,0.62622875,-0.049782455,0.6760112,0.59399235,-0.08201885,15
5,0,0,0,5,2,1,0,0,5,2.0,2.0,2.0,4.0,4.0,0.0,5.0,2.0,5.0,5.0,5.0,5.0,7.0,0.4363517,0.9370355,0.5006838,0.4363517,0.62096643,0.18461475,,,,,,,0.4363517,0.4363517,0.0,0.4363517,0.56116873,0.12481704,0.4363517,0.3630943,-0.07325739,,,,0.4363517,0.4363517,0.0,,,,0.4363517,0.51704466,0.08069298,,,,0.4363517,0.17270124,-0.26365045,22
4,0,2,0,1,1,7,3,0,2,3.0,3.0,3.0,3.0,3.0,3.0,3.0,3.0,4.0,4.0,4.0,2.0,3.0,0.435399,0.92399025,0.48859125,0.435399,0.41720197,-0.01819703,0.435399,0.435399,0.0,0.435399,0.435399,0.0,0.435399,0.4561038,0.020704806,0.435399,0.3849634,-0.050435603,0.435399,0.33795094,-0.09744805,0.435399,0.435399,0.0,0.435399,0.435399,0.0,0.435399,0.5311477,0.09574872,0.435399,0.52929795,0.09389895,0.435399,0.25859272,-0.17680627,0.435399,0.33470866,-0.100690335,22
2,0,0,0,0,0,1,0,2,4,1.0,5.0,2.0,1.0,2.0,2.0,4.0,3.0,8.0,4.0,4.0,5.0,8.0,,,,,,,0.9813364,0.9813364,0.0,0.9813364,0.9813364,0.0,0.9813364,0.9787148,-0.002621591,,,,0.9813364,0.9689528,-0.01238364,0.9813364,0.9813364,0.0,0.9813364,0.9813364,0.0,0.9813364,0.9280384,-0.053297997,0.9813364,0.98419094,0.002854526,,,,0.9813364,0.9848556,0.0035191774,2
4,1,0,0,0,1,4,0,0,3,2.0,2.0,2.0,2.0,2.0,2.0,3.0,3.0,9.0,4.0,4.0,3.0,8.0,0.74221843,0.9855783,0.24335986,0.74221843,0.9240955,0.18187708,0.74221843,0.74221843,0.0,0.74221843,0.74221843,0.0,0.74221843,0.7602528,0.018034339,0.74221843,0.89205855,0.14984012,0.74221843,0.7846259,0.042407453,0.74221843,0.74221843,0.0,0.74221843,0.74221843,0.0,0.74221843,0.26406386,-0.47815457,0.74221843,0.7252706,-0.016947806,0.74221843,0.7095808,-0.032637656,0.74221843,0.7210803,-0.021138132,12
2,1,5,0,0,0,5,0,0,0,1.0,4.0,3.0,2.0,4.0,0.0,5.0,4.0,10.0,5.0,5.0,4.0,10.0,,,,0.869319,0.91748935,0.04817033,,,,,,,0.869319,0.87564415,0.0063251257,0.869319,0.8913168,0.02199775,0.869319,0.869319,0.0,,,,,,,,,,,,,0.869319,0.8551802,-0.014138818,,,,20
3,1,2,0,0,0,4,0,0,8,1.0,5.0,1.0,1.0,1.0,0.0,3.0,2.0,9.0,4.0,4.0,4.0,9.0,,,,,,,0.9724203,0.9724203,0.0,0.9724203,0.9724203,0.0,,,,,,,,,,0.9724203,0.9724203,0.0,0.9724203,0.9724203,0.0,,,,0.9724203,0.96901345,-0.0034068227,0.9724203,0.9655567,-0.006863594,0.9724203,0.9671317,-0.005288601,20
0,0,3,0,0,0,0,0,0,7,1.0,5.0,1.0,1.0,1.0,4.0,1.0,3.0,7.0,4.0,5.0,4.0,7.0,,,,,,,0.8070757,0.8070757,0.0,,,,,,,,,,,,,0.8070757,0.8070757,0.0,0.8070757,0.8070757,0.0,0.8070757,0.69347113,-0.113604546,0.8070757,0.7615904,-0.045485258,0.8070757,0.87026155,0.06318587,0.8070757,0.8194207,0.012345016,26
2,1,0,0,0,0,3,0,0,0,4.0,4.0,2.0,4.0,2.0,2.0,4.0,3.0,2.0,4.0,3.0,2.0,8.0,0.8276212,0.81611484,-0.011506379,0.8276212,0.8275265,-9.471178e-05,0.8276212,0.8276212,0.0,0.8276212,0.8276212,0.0,0.8276212,0.8613696,0.03374839,0.8276212,0.8352673,0.007646084,0.8276212,0.85500115,0.02737993,0.8276212,0.8276212,0.0,0.8276212,0.8276212,0.0,0.8276212,0.84222716,0.014605939,0.8276212,0.83558446,0.00796324,0.8276212,0.9050452,0.07742399,0.8276212,0.76416326,-0.063457966,17
1,1,2,0,0,0,5,0,0,1,2.0,3.0,2.0,2.0,2.0,6.0,4.0,3.0,5.0,4.0,3.0,2.0,7.0,0.6257404,0.7110498,0.085309386,0.6257404,0.6968241,0.071083665,0.6257404,0.6257404,0.0,0.6257404,0.6257404,0.0,0.6257404,0.63286585,0.0071254373,0.6257404,0.61142266,-0.014317751,0.6257404,0.7348378,0.10909736,0.6257404,0.6257404,0.0,0.6257404,0.6257404,0.0,0.6257404,0.8064361,0.18069571,0.6257404,0.9228278,0.29708737,0.6257404,0.7512788,0.12553841,0.6257404,0.7120642,0.0863238,11
5,1,0,0,2,0,3,3,0,3,1.0,3.0,1.0,1.0,1.0,2.0,2.0,3.0,9.0,3.0,3.0,4.0,9.0,,,,0.90446335,0.9259314,0.021468043,0.90446335,0.90446335,0.0,0.90446335,0.90446335,0.0,,,,,,,,,,0.90446335,0.90446335,0.0,0.90446335,0.90446335,0.0,0.90446335,0.9273684,0.022905052,0.90446335,0.9322894,0.02782607,0.90446335,0.90171325,-0.0027500987,0.90446335,0.9368598,0.032396436,7
2,1,2,0,0,3,2,6,0,5,3.0,4.0,4.0,4.0,4.0,5.0,3.0,3.0,6.0,5.0,3.0,2.0,5.0,0.40731806,0.5353244,0.12800634,0.40731806,0.4984576,0.091139555,,,,0.40731806,0.40731806,0.0,0.40731806,0.4596887,0.052370638,0.40731806,0.40731806,0.0,0.40731806,0.43521607,0.027898014,0.40731806,0.40731806,0.0,0.40731806,0.40731806,0.0,0.40731806,0.6412126,0.23389453,0.40731806,0.6214994,0.21418136,0.40731806,0.18862994,-0.21868812,0.40731806,0.32455024,-0.082767814,8
2,0,3,0,1,1,1,2,0,7,2.0,3.0,2.0,4.0,2.0,7.0,2.0,3.0,4.0,3.0,4.0,2.0,7.0,0.7183475,0.7537911,0.035443604,0.7183475,0.88480556,0.16645807,0.7183475,0.7183475,0.0,0.7183475,0.7183475,0.0,0.7183475,0.6791677,-0.039179802,0.7183475,0.8295656,0.111218095,0.7183475,0.7919963,0.07364881,0.7183475,0.7183475,0.0,0.7183475,0.7183475,0.0,0.7183475,0.6830371,-0.035310388,0.7183475,0.55881536,-0.15953213,0.7183475,0.85395324,0.13560575,0.7183475,0.8049523,0.08660483,9
0,1,0,0,0,0,7,0,0,1,3.0,4.0,4.0,4.0,4.0,4.0,4.0,3.0,7.0,4.0,4.0,4.0,8.0,0.91953814,0.82522845,-0.09430969,0.91953814,0.8657504,-0.053787768,0.91953814,0.91953814,0.0,0.91953814,0.91953814,0.0,0.91953814,0.9758001,0.056261957,0.91953814,0.9597111,0.040172935,0.91953814,0.91953814,0.0,0.91953814,0.91953814,0.0,0.91953814,0.91953814,0.0,0.91953814,0.9244292,0.004891038,0.91953814,0.9685457,0.049007535,0.91953814,0.8254499,-0.09408826,0.91953814,0.8407657,-0.078772426,11
4,0,0,0,2,2,3,1,0,0,1.0,4.0,2.0,2.0,2.0,2.0,3.0,3.0,6.0,4.0,3.0,2.0,7.0,,,,0.9859968,0.9913093,0.0053125024,0.9859968,0.9859968,0.0,0.9859968,0.9859968,0.0,0.9859968,0.98234034,-0.003656447,0.9859968,0.9893764,0.003379643,0.9859968,0.9901693,0.004172504,0.9859968,0.9859968,0.0,0.9859968,0.9859968,0.0,0.9859968,0.9853807,-0.0006160736,0.9859968,0.9870364,0.0010396242,0.9859968,0.98420805,-0.0017887354,0.9859968,0.9814341,-0.004562676,4
5,1,3,0,0,0,4,1,0,3,2.0,3.0,1.0,1.0,1.0,1.0,4.0,3.0,10.0,3.0,5.0,4.0,8.0,0.43289894,0.6654311,0.23253214,0.43289894,0.298373,-0.13452592,0.43289894,0.43289894,0.0,,,,,,,,,,,,,0.43289894,0.43289894,0.0,0.43289894,0.43289894,0.0,0.43289894,0.4715995,0.03870055,,,,0.43289894,0.6602195,0.22732055,0.43289894,0.12209431,-0.31080464,5
5,0,6,0,0,0,2,1,0,0,1.0,4.0,2.0,2.0,1.0,7.0,3.0,3.0,8.0,4.0,5.0,2.0,8.0,,,,0.96004176,0.9741755,0.014133751,0.96004176,0.96004176,0.0,,,,0.96004176,0.9460742,-0.013967574,0.96004176,0.909944,-0.050097764,,,,0.96004176,0.96004176,0.0,0.96004176,0.96004176,0.0,0.96004176,0.9582625,-0.0017792583,0.96004176,0.84844434,-0.11159742,0.96004176,0.95906895,-0.0009728074,0.96004176,0.9449484,-0.015093386,5
0,1,0,0,0,1,6,0,0,1,1.0,2.0,2.0,2.0,4.0,7.0,3.0,3.0,5.0,3.0,4.0,2.0,8.0,,,,0.97047925,0.9663156,-0.004163623,0.97047925,0.97047925,0.0,0.97047925,0.97047925,0.0,0.97047925,0.9662997,-0.0041795373,0.97047925,0.98856074,0.018081486,0.97047925,0.97047925,0.0,0.97047925,0.97047925,0.0,0.97047925,0.97047925,0.0,0.97047925,0.9933696,0.02289033,0.97047925,0.98406523,0.013585985,0.97047925,0.9754902,0.0050109625,0.97047925,0.9760801,0.0056008697,11
0,0,2,0,2,3,6,6,1,7,2.0,5.0,4.0,4.0,2.0,9.0,3.0,3.0,8.0,4.0,5.0,2.0,4.0,0.6638611,0.8316834,0.1678223,,,,0.6638611,0.6638611,0.0,,,,0.6638611,0.64709055,-0.016770542,0.6638611,0.8752091,0.211348,0.6638611,0.7204081,0.056546986,0.6638611,0.6638611,0.0,0.6638611,0.6638611,0.0,0.6638611,0.8028652,0.13900411,0.6638611,0.5550364,-0.10882467,0.6638611,0.56972873,-0.094132364,0.6638611,0.74720913,0.083348036,21
5,1,2,0,4,1,3,3,0,3,2.0,3.0,2.0,2.0,2.0,0.0,3.0,2.0,10.0,5.0,4.0,5.0,10.0,0.70806175,0.8649785,0.15691674,0.70806175,0.73168796,0.023626208,,,,0.70806175,0.70806175,0.0,0.70806175,0.6814396,-0.026622176,0.70806175,0.7000016,-0.008060157,0.70806175,0.80931437,0.101252615,0.70806175,0.70806175,0.0,0.70806175,0.70806175,0.0,,,,,,,,,,,,,22
2,1,3,0,1,1,3,1,2,2,5.0,3.0,2.0,2.0,3.0,3.0,3.0,3.0,9.0,4.0,4.0,3.0,9.0,0.118965454,0.118965454,0.0,0.118965454,0.3348196,0.21585417,0.118965454,0.118965454,0.0,0.118965454,0.118965454,0.0,0.118965454,0.14492674,0.025961287,0.118965454,0.18254274,0.06357729,0.118965454,0.07518935,-0.043776102,0.118965454,0.118965454,0.0,0.118965454,0.118965454,0.0,0.118965454,0.32372928,0.20476383,0.118965454,0.08611013,-0.032855324,0.118965454,0.19184323,0.07287777,0.118965454,0.10449517,-0.014470287,16
3,0,0,0,0,0,8,0,0,3,1.0,3.0,4.0,2.0,3.0,0.0,3.0,3.0,9.0,4.0,3.0,5.0,10.0,,,,0.9332098,0.9445548,0.011345029,0.9332098,0.9332098,0.0,0.9332098,0.9332098,0.0,0.9332098,0.9215494,-0.011660397,0.9332098,0.96167046,0.028460681,0.9332098,0.92079955,-0.0124102235,0.9332098,0.9332098,0.0,0.9332098,0.9332098,0.0,,,,0.9332098,0.923977,-0.0092327595,,,,,,,23
5,0,0,0,2,1,4,0,0,5,3.0,5.0,3.0,3.0,3.0,0.0,3.0,3.0,5.0,4.0,4.0,4.0,8.0,0.29211625,0.661623,0.36950675,,,,0.29211625,0.29211625,0.0,0.29211625,0.29211625,0.0,0.29211625,0.56605095,0.2739347,0.29211625,0.77300483,0.48088858,0.29211625,0.31685162,0.024735361,0.29211625,0.29211625,0.0,0.29211625,0.29211625,0.0,,,,0.29211625,0.3585397,0.066423446,0.29211625,0.2710711,-0.021045148,0.29211625,0.21675152,-0.07536474,4
0,1,0,0,0,0,1,0,0,1,2.0,5.0,3.0,2.0,2.0,2.0,1.0,3.0,6.0,4.0,4.0,4.0,5.0,0.9903424,0.9970487,0.0067062974,,,,0.9903424,0.9903424,0.0,0.9903424,0.9903424,0.0,0.9903424,0.9897725,-0.00056988,0.9903424,0.9970499,0.006707549,0.9903424,0.99074477,0.00040239096,0.9903424,0.9903424,0.0,0.9903424,0.9903424,0.0,0.9903424,0.9869599,-0.003382504,0.9903424,0.99075174,0.0004093647,0.9903424,0.9880581,-0.0022842884,0.9903424,0.97439814,-0.015944242,11
0,0,0,0,5,2,8,2,0,7,2.0,2.0,3.0,2.0,1.0,5.0,4.0,3.0,7.0,4.0,4.0,4.0,6.0,0.9149193,0.9701038,0.055184484,0.9149193,0.85772955,-0.057189763,0.9149193,0.9149193,0.0,0.9149193,0.9149193,0.0,0.9149193,0.97448266,0.05956334,0.9149193,0.9440013,0.029082,,,,0.9149193,0.9149193,0.0,0.9149193,0.9149193,0.0,0.9149193,0.8790479,-0.035871446,0.9149193,0.93109435,0.016175032,0.9149193,0.8368772,-0.07804209,0.9149193,0.8694587,-0.04546064,25
2,1,4,0,0,0,7,0,1,4,2.0,4.0,1.0,2.0,2.0,2.0,4.0,2.0,7.0,3.0,3.0,4.0,6.0,0.9094594,0.936112,0.026652575,0.9094594,0.90287036,-0.006589055,0.9094594,0.9094594,0.0,0.9094594,0.9094594,0.0,,,,0.9094594,0.9136872,0.004227817,0.9094594,0.91342866,0.003969252,0.9094594,0.9094594,0.0,0.9094594,0.9094594,0.0,0.9094594,0.6516766,-0.25778282,0.9094594,0.872229,-0.037230432,0.9094594,0.9139943,0.0045349,0.9094594,0.9307707,0.021311283,3
4,1,0,0,2,1,6,1,0,5,2.0,4.0,2.0,2.0,2.0,8.0,4.0,3.0,8.0,4.0,5.0,5.0,8.0,0.9743071,0.97843164,0.004124522,0.9743071,0.9661709,-0.008136213,0.9743071,0.9743071,0.0,,,,0.9743071,0.9743071,0.0,0.9743071,0.9871176,0.012810469,0.9743071,0.96770144,-0.0066056848,0.9743071,0.9743071,0.0,0.9743071,0.9743071,0.0,0.9743071,0.87115985,-0.10314727,0.9743071,0.9494325,-0.024874628,,,,0.9743071,0.98464286,0.010335743,4
1,0,0,0,1,0,4,0,0,3,2.0,4.0,3.0,3.0,3.0,2.0,4.0,3.0,7.0,4.0,4.0,4.0,7.0,0.9658685,0.9927618,0.026893318,0.9658685,0.9526591,-0.013209403,0.9658685,0.9658685,0.0,0.9658685,0.9658685,0.0,0.9658685,0.9578477,-0.008020759,0.9658685,0.9559679,-0.00990057,0.9658685,0.9644127,-0.0014557838,0.9658685,0.9658685,0.0,0.9658685,0.9658685,0.0,0.9658685,0.9463582,-0.01951027,0.9658685,0.9868721,0.021003604,0.9658685,0.9074369,-0.058431566,0.9658685,0.903593,-0.06227547,17
3,0,1,0,0,0,1,0,1,2,3.0,4.0,2.0,3.0,2.0,2.0,3.0,3.0,7.0,4.0,3.0,3.0,8.0,0.5034563,0.75184107,0.24838477,0.5034563,0.40277067,-0.100685626,0.5034563,0.5034563,0.0,0.5034563,0.5034563,0.0,0.5034563,0.52595234,0.022496045,0.5034563,0.66992587,0.16646957,0.5034563,0.45743158,-0.04602471,0.5034563,0.5034563,0.0,0.5034563,0.5034563,0.0,0.5034563,0.6151258,0.11166948,0.5034563,0.63237906,0.12892276,0.5034563,0.59318125,0.08972496,0.5034563,0.36395037,-0.13950592,2
2,1,1,0,0,0,5,0,0,0,2.0,5.0,1.0,2.0,1.0,0.0,3.0,3.0,3.0,4.0,5.0,1.0,3.0,0.76257014,0.69458175,-0.067988396,,,,0.76257014,0.76257014,0.0,,,,,,,0.76257014,0.82690287,0.06433272,,,,0.76257014,0.76257014,0.0,0.76257014,0.76257014,0.0,,,,0.76257014,0.77771527,0.015145123,0.76257014,0.89147675,0.12890661,0.76257014,0.91795313,0.15538299,20
4,1,2,0,0,0,7,0,0,3,2.0,4.0,2.0,4.0,3.0,3.0,4.0,3.0,9.0,4.0,2.0,4.0,7.0,0.97252685,0.9965892,0.024062335,0.97252685,0.974725,0.0021981597,0.97252685,0.97252685,0.0,0.97252685,0.97252685,0.0,0.97252685,0.9739866,0.0014597774,0.97252685,0.97489864,0.002371788,0.97252685,0.9676443,-0.004882574,0.97252685,0.97252685,0.0,0.97252685,0.97252685,0.0,0.97252685,0.9758614,0.0033345222,0.97252685,0.970696,-0.0018308759,0.97252685,0.9679713,-0.0045555234,0.97252685,0.88556355,-0.086963296,12
6,0,0,0,0,4,6,3,0,3,1.0,3.0,2.0,4.0,1.0,0.0,3.0,3.0,10.0,4.0,3.0,4.0,9.0,,,,0.94030917,0.9420615,0.001752317,0.94030917,0.94030917,0.0,0.94030917,0.94030917,0.0,0.94030917,0.93275344,-0.007555723,0.94030917,0.9320137,-0.008295476,,,,0.94030917,0.94030917,0.0,0.94030917,0.94030917,0.0,,,,,,,0.94030917,0.95958173,0.019272566,0.94030917,0.97433203,0.034022868,19
3,1,1,0,0,0,4,0,2,4,2.0,4.0,2.0,1.0,1.0,0.0,4.0,4.0,10.0,5.0,4.0,4.0,10.0,0.96566844,0.9461541,-0.019514322,0.96566844,0.98535985,0.019691408,,,,0.96566844,0.96566844,0.0,0.96566844,0.95991236,-0.00575608,,,,,,,0.96566844,0.96566844,0.0,,,,,,,,,,0.96566844,0.93502116,-0.030647278,,,,2
1,0,4,0,0,0,4,0,0,0,1.0,4.0,2.0,2.0,2.0,3.0,3.0,2.0,7.0,5.0,4.0,3.0,7.0,,,,0.9794698,0.98521686,0.00574708,,,,0.9794698,0.9794698,0.0,0.9794698,0.9799579,0.00048810244,0.9794698,0.9828279,0.0033581257,0.9794698,0.9715883,-0.007881463,0.9794698,0.9794698,0.0,0.9794698,0.9794698,0.0,0.9794698,0.93062603,-0.04884374,0.9794698,0.9693366,-0.010133147,0.9794698,0.9805213,0.0010515451,0.9794698,0.9476609,-0.031808853,20
3,0,0,0,0,0,3,0,0,0,2.0,3.0,3.0,2.0,2.0,6.0,4.0,3.0,7.0,4.0,4.0,4.0,7.0,0.84163797,0.87034905,0.02871108,0.84163797,0.8883065,0.04666853,0.84163797,0.84163797,0.0,0.84163797,0.84163797,0.0,0.84163797,0.9452304,0.103592455,0.84163797,0.9309538,0.08931583,0.84163797,0.8791821,0.03754413,0.84163797,0.84163797,0.0,0.84163797,0.84163797,0.0,0.84163797,0.9341698,0.09253186,0.84163797,0.79555976,-0.046078205,0.84163797,0.86271715,0.021079183,0.84163797,0.88963354,0.047995567,15
1,0,0,0,5,2,1,2,0,0,1.0,1.0,1.0,1.0,1.0,3.0,5.0,3.0,3.0,5.0,5.0,3.0,3.0,,,,0.9745737,0.975463,0.0008893013,,,,,,,,,,,,,,,,,,,0.9745737,0.9745737,0.0,0.9745737,0.9595406,-0.015033066,0.9745737,0.93738943,-0.03718424,0.9745737,0.9667841,-0.007789552,0.9745737,0.96048576,-0.014087915,13
4,1,0,0,0,0,2,3,0,3,3.0,3.0,2.0,2.0,2.0,6.0,3.0,2.0,7.0,4.0,4.0,3.0,7.0,0.22753654,0.81170195,0.5841654,0.22753654,0.5624879,0.33495134,0.22753654,0.22753654,0.0,0.22753654,0.22753654,0.0,0.22753654,0.2214448,-0.0060917437,0.22753654,0.33853775,0.11100121,0.22753654,0.27344,0.04590346,0.22753654,0.22753654,0.0,0.22753654,0.22753654,0.0,0.22753654,0.3544712,0.12693466,0.22753654,0.45984584,0.2323093,0.22753654,0.15773804,-0.0697985,0.22753654,0.30079064,0.07325409,5
2,1,0,0,0,3,3,1,0,3,2.0,5.0,2.0,2.0,2.0,5.0,3.0,3.0,6.0,2.0,3.0,3.0,8.0,0.7726323,0.9780448,0.2054125,,,,0.7726323,0.7726323,0.0,0.7726323,0.7726323,0.0,0.7726323,0.67980427,-0.092828035,0.7726323,0.87414324,0.10151094,0.7726323,0.76857346,-0.004058838,0.7726323,0.7726323,0.0,0.7726323,0.7726323,0.0,0.7726323,0.8343608,0.061728477,0.7726323,0.7426507,-0.029981613,0.7726323,0.5838089,-0.1888234,0.7726323,0.849106,0.07647371,9
2,1,1,0,0,0,7,1,1,2,1.0,5.0,1.0,1.0,1.0,0.0,3.0,3.0,5.0,4.0,4.0,3.0,3.0,,,,,,,0.91141903,0.91141903,0.0,0.91141903,0.91141903,0.0,,,,,,,,,,0.91141903,0.91141903,0.0,0.91141903,0.91141903,0.0,,,,0.91141903,0.95281696,0.04139793,0.91141903,0.8559959,-0.05542314,0.91141903,0.9789854,0.067566395,1
0,0,0,0,1,0,8,1,2,2,4.0,2.0,3.0,3.0,5.0,3.0,4.0,3.0,2.0,4.0,4.0,2.0,6.0,0.861978,0.7714843,-0.09049368,0.861978,0.8126989,-0.049279094,0.861978,0.861978,0.0,0.861978,0.861978,0.0,0.861978,0.8593661,-0.0026118755,0.861978,0.94324785,0.08126986,0.861978,0.83896863,-0.02300936,0.861978,0.861978,0.0,0.861978,0.861978,0.0,0.861978,0.7584762,-0.1035018,0.861978,0.89547145,0.03349346,0.861978,0.7737863,-0.08819169,0.861978,0.86779875,0.005820751,25
5,0,0,0,5,2,4,3,0,3,2.0,2.0,1.0,1.0,3.0,3.0,3.0,3.0,7.0,2.0,2.0,5.0,7.0,0.5697071,0.89253473,0.32282764,0.5697071,0.7138863,0.14417922,0.5697071,0.5697071,0.0,0.5697071,0.5697071,0.0,,,,,,,0.5697071,0.43443114,-0.13527596,0.5697071,0.5697071,0.0,0.5697071,0.5697071,0.0,0.5697071,0.34925655,-0.22045055,0.5697071,0.56601375,-0.0036933422,,,,0.5697071,0.74591964,0.17621255,22
2,1,0,0,0,1,1,1,2,4,4.0,4.0,3.0,3.0,4.0,5.0,3.0,3.0,9.0,2.0,3.0,3.0,9.0,0.18424697,0.26312613,0.07887916,0.18424697,0.2084219,0.024174929,0.18424697,0.18424697,0.0,0.18424697,0.18424697,0.0,0.18424697,0.24328278,0.059035808,0.18424697,0.72522473,0.5409778,0.18424697,0.20207569,0.017828718,0.18424697,0.18424697,0.0,0.18424697,0.18424697,0.0,0.18424697,0.26787272,0.08362575,0.18424697,0.17564853,-0.008598447,0.18424697,0.26580536,0.08155839,0.18424697,0.18424697,0.0,3
2,0,0,0,0,0,7,0,2,4,1.0,5.0,1.0,3.0,1.0,6.0,4.0,4.0,6.0,3.0,4.0,5.0,8.0,,,,,,,0.9643672,0.9643672,0.0,0.9643672,0.9643672,0.0,,,,0.9643672,0.95403236,-0.010334849,,,,0.9643672,0.9643672,0.0,,,,0.9643672,0.99291164,0.028544426,0.9643672,0.9522823,-0.012084901,,,,0.9643672,0.96499336,0.0006261468,2
2,1,0,0,0,0,6,0,3,4,2.0,4.0,3.0,4.0,3.0,6.0,4.0,3.0,8.0,4.0,2.0,4.0,10.0,0.88079363,0.8703292,-0.01046443,0.88079363,0.8881216,0.007327974,0.88079363,0.88079363,0.0,0.88079363,0.88079363,0.0,0.88079363,0.89938754,0.018593907,0.88079363,0.85243523,-0.0283584,0.88079363,0.8998857,0.019092083,0.88079363,0.88079363,0.0,0.88079363,0.88079363,0.0,0.88079363,0.82127476,-0.059518874,0.88079363,0.8408034,-0.039990246,0.88079363,0.7996747,-0.08111894,,,,3
2,1,0,0,0,0,6,1,1,4,2.0,5.0,2.0,2.0,2.0,0.0,4.0,3.0,8.0,4.0,5.0,3.0,8.0,0.89962816,0.9829056,0.083277464,,,,0.89962816,0.89962816,0.0,,,,0.89962816,0.8829279,-0.016700268,0.89962816,0.9543165,0.054688334,0.89962816,0.9517934,0.05216521,0.89962816,0.89962816,0.0,0.89962816,0.89962816,0.0,,,,0.89962816,0.93202394,0.03239578,0.89962816,0.8247233,-0.07490486,0.89962816,0.9172524,0.017624259,3
1,1,1,0,0,0,2,0,0,7,1.0,5.0,2.0,2.0,2.0,6.0,4.0,3.0,8.0,5.0,5.0,4.0,10.0,,,,,,,,,,,,,0.9277211,0.88313967,-0.044581413,0.9277211,0.95658886,0.028867781,0.9277211,0.89046514,-0.037255943,0.9277211,0.9277211,0.0,0.9277211,0.9277211,0.0,0.9277211,0.9834292,0.05570811,0.9277211,0.85668737,-0.071033716,0.9277211,0.8873681,-0.040353,,,,26
4,1,1,0,0,1,7,5,0,0,1.0,5.0,1.0,1.0,1.0,0.0,4.0,3.0,8.0,3.0,4.0,2.0,8.0,,,,,,,0.998147,0.998147,0.0,0.998147,0.998147,0.0,,,,,,,,,,0.998147,0.998147,0.0,0.998147,0.998147,0.0,,,,0.998147,0.9940738,-0.0040732026,0.998147,0.99725866,-0.0008883476,0.998147,0.9985763,0.00042927265,12
0,1,2,0,1,3,3,6,1,7,2.0,5.0,2.0,2.0,4.0,7.0,3.0,3.0,4.0,5.0,4.0,3.0,5.0,0.9843779,0.9926329,0.008255005,,,,,,,0.9843779,0.9843779,0.0,0.9843779,0.9719791,-0.012398839,0.9843779,0.98590916,0.0015312433,0.9843779,0.9866312,0.002253294,0.9843779,0.9843779,0.0,0.9843779,0.9843779,0.0,0.9843779,0.9387501,-0.045627832,0.9843779,0.9793062,-0.0050716996,0.9843779,0.95242393,-0.03195399,0.9843779,0.9701838,-0.014194131,21
2,1,6,0,5,2,2,7,3,4,4.0,3.0,2.0,2.0,3.0,5.0,3.0,3.0,6.0,4.0,4.0,4.0,6.0,0.4500366,0.34818593,-0.10185066,0.4500366,0.6604374,0.21040082,0.4500366,0.4500366,0.0,0.4500366,0.4500366,0.0,0.4500366,0.42229304,-0.027743548,0.4500366,0.66876775,0.21873116,0.4500366,0.5951567,0.14512014,0.4500366,0.4500366,0.0,0.4500366,0.4500366,0.0,0.4500366,0.3253774,-0.12465918,0.4500366,0.61604244,0.16600585,0.4500366,0.5241723,0.07413572,0.4500366,0.5370377,0.087001085,16
4,1,1,0,0,0,8,0,0,3,2.0,4.0,2.0,2.0,2.0,2.0,4.0,3.0,7.0,5.0,4.0,3.0,8.0,0.9671122,0.9863542,0.019241989,0.9671122,0.98096955,0.013857365,,,,0.9671122,0.9671122,0.0,0.9671122,0.9729891,0.0058768988,0.9671122,0.991041,0.023928821,0.9671122,0.9865014,0.019389212,0.9671122,0.9671122,0.0,0.9671122,0.9671122,0.0,0.9671122,0.9047043,-0.06240791,0.9671122,0.97501457,0.007902384,0.9671122,0.9683875,0.001275301,0.9671122,0.971161,0.0040488243,12
2,1,2,0,0,1,4,1,1,4,1.0,5.0,1.0,1.0,2.0,2.0,3.0,3.0,7.0,4.0,4.0,4.0,8.0,,,,,,,0.9734168,0.9734168,0.0,0.9734168,0.9734168,0.0,,,,,,,0.9734168,0.96328384,-0.010132968,0.9734168,0.9734168,0.0,0.9734168,0.9734168,0.0,0.9734168,0.9445167,-0.028900087,0.9734168,0.982637,0.009220183,0.9734168,0.98001903,0.0066022277,0.9734168,0.91040653,-0.063010275,3
4,0,1,0,0,0,1,0,0,0,2.0,3.0,2.0,2.0,2.0,6.0,3.0,3.0,5.0,3.0,4.0,3.0,6.0,0.86797136,0.88442737,0.016456008,0.86797136,0.87196267,0.003991306,0.86797136,0.86797136,0.0,0.86797136,0.86797136,0.0,0.86797136,0.78094643,-0.08702493,0.86797136,0.9470753,0.07910395,0.86797136,0.80524343,-0.06272793,0.86797136,0.86797136,0.0,0.86797136,0.86797136,0.0,0.86797136,0.95134646,0.0833751,0.86797136,0.93915474,0.07118338,0.86797136,0.85400087,-0.013970494,0.86797136,0.8878187,0.019847333,15
3,0,1,0,0,1,1,4,1,4,1.0,5.0,2.0,2.0,2.0,4.0,3.0,3.0,9.0,3.0,4.0,4.0,9.0,,,,,,,0.94321173,0.94321173,0.0,0.94321173,0.94321173,0.0,0.94321173,0.8804057,-0.06280601,0.94321173,0.96780664,0.024594903,0.94321173,0.92193425,-0.021277487,0.94321173,0.94321173,0.0,0.94321173,0.94321173,0.0,0.94321173,0.86499417,-0.078217566,0.94321173,0.9539771,0.010765374,0.94321173,0.9540849,0.010873139,0.94321173,0.94147784,-0.0017338991,0
2,1,0,0,0,0,1,0,0,0,1.0,5.0,1.0,1.0,1.0,5.0,3.0,3.0,6.0,5.0,4.0,2.0,8.0,,,,,,,,,,0.9791734,0.9791734,0.0,,,,,,,,,,0.9791734,0.9791734,0.0,0.9791734,0.9791734,0.0,0.9791734,0.9972366,0.018063188,0.9791734,0.9868226,0.0076491833,0.9791734,0.985473,0.0062995553,0.9791734,0.9853749,0.0062015057,20
2,1,0,0,0,0,1,0,1,4,2.0,5.0,2.0,2.0,3.0,3.0,3.0,3.0,7.0,3.0,3.0,4.0,6.0,0.90867394,0.9614176,0.052743673,,,,0.90867394,0.90867394,0.0,0.90867394,0.90867394,0.0,0.90867394,0.8859857,-0.02268827,0.90867394,0.96268266,0.054008722,0.90867394,0.9573133,0.048639357,0.90867394,0.90867394,0.0,0.90867394,0.90867394,0.0,0.90867394,0.5013047,-0.40736926,0.90867394,0.8689474,-0.039726555,0.90867394,0.89782417,-0.010849774,0.90867394,0.8971072,-0.011566758,1
1,1,2,0,0,0,2,0,0,7,2.0,3.0,2.0,2.0,2.0,1.0,3.0,3.0,9.0,5.0,5.0,4.0,9.0,0.39845306,0.8159788,0.41752577,0.39845306,0.40771887,0.00926581,,,,,,,0.39845306,0.3521164,-0.04633665,0.39845306,0.6108909,0.21243787,0.39845306,0.2572643,-0.14118877,0.39845306,0.39845306,0.0,0.39845306,0.39845306,0.0,0.39845306,0.42500493,0.026551872,0.39845306,0.42695713,0.028504074,0.39845306,0.60005045,0.2015974,0.39845306,0.3524169,-0.046036154,26
4,0,0,0,0,0,8,1,0,5,1.0,5.0,3.0,2.0,2.0,2.0,4.0,3.0,8.0,4.0,5.0,5.0,8.0,,,,,,,0.991886,0.991886,0.0,,,,0.991886,0.98782754,-0.0040584803,0.991886,0.99596786,0.0040818453,0.991886,0.99096984,-0.000916183,0.991886,0.991886,0.0,0.991886,0.991886,0.0,0.991886,0.988734,-0.0031520128,0.991886,0.99437535,0.0024893284,,,,0.991886,0.9946195,0.002733469,23
3,0,0,0,2,0,3,0,1,4,1.0,3.0,3.0,3.0,3.0,6.0,3.0,2.0,6.0,3.0,4.0,1.0,7.0,,,,0.6621001,0.7869989,0.12489885,0.6621001,0.6621001,0.0,0.6621001,0.6621001,0.0,0.6621001,0.7343003,0.07220024,0.6621001,0.6209291,-0.041170955,0.6621001,0.78668797,0.12458789,0.6621001,0.6621001,0.0,0.6621001,0.6621001,0.0,0.6621001,0.8895968,0.22749674,0.6621001,0.82859004,0.16648996,0.6621001,0.661755,-0.0003450513,0.6621001,0.942847,0.28074694,2
1,0,6,0,0,0,6,0,0,3,1.0,4.0,2.0,2.0,2.0,6.0,2.0,3.0,7.0,4.0,4.0,5.0,8.0,,,,0.9816964,0.97819126,-0.0035051703,0.9816964,0.9816964,0.0,0.9816964,0.9816964,0.0,0.9816964,0.9774998,-0.004196644,0.9816964,0.99501616,0.013319731,0.9816964,0.99170715,0.010010719,0.9816964,0.9816964,0.0,0.9816964,0.9816964,0.0,0.9816964,0.9946648,0.012968361,0.9816964,0.98455805,0.002861619,,,,0.9816964,0.96480334,-0.016893089,10
1,1,5,0,0,0,6,1,2,4,2.0,5.0,2.0,3.0,2.0,0.0,4.0,3.0,7.0,4.0,4.0,4.0,8.0,0.6238843,0.93525386,0.31136954,,,,0.6238843,0.6238843,0.0,0.6238843,0.6238843,0.0,0.6238843,0.658005,0.03412068,0.6238843,0.73260593,0.108721614,0.6238843,0.87946564,0.25558132,0.6238843,0.6238843,0.0,0.6238843,0.6238843,0.0,,,,0.6238843,0.8010045,0.17712021,0.6238843,0.53814423,-0.08574009,0.6238843,0.6300679,0.0061835647,3
4,1,0,0,0,0,6,0,0,3,1.0,5.0,2.0,3.0,2.0,8.0,3.0,3.0,6.0,4.0,5.0,4.0,8.0,,,,,,,0.94901174,0.94901174,0.0,,,,0.94901174,0.9383262,-0.010685563,0.94901174,0.934185,-0.014826715,0.94901174,0.9272974,-0.02171433,0.94901174,0.94901174,0.0,0.94901174,0.94901174,0.0,0.94901174,0.7127881,-0.23622364,0.94901174,0.9197777,-0.029234052,0.94901174,0.9636404,0.014628649,0.94901174,0.9616701,0.012658358,12
4,1,0,0,0,0,4,3,0,0,4.0,3.0,3.0,4.0,2.0,6.0,4.0,3.0,8.0,4.0,4.0,4.0,6.0,0.35201177,0.4592251,0.10721332,0.35201177,0.54565513,0.19364336,0.35201177,0.35201177,0.0,0.35201177,0.35201177,0.0,0.35201177,0.6876761,0.3356643,0.35201177,0.34372285,-0.00828892,0.35201177,0.37967265,0.027660877,0.35201177,0.35201177,0.0,0.35201177,0.35201177,0.0,0.35201177,0.4138499,0.06183812,0.35201177,0.5551583,0.20314655,0.35201177,0.35931972,0.0073079467,0.35201177,0.35260162,0.00058984756,5
4,0,0,0,0,0,7,0,0,3,2.0,5.0,2.0,3.0,2.0,3.0,2.0,3.0,5.0,4.0,4.0,4.0,8.0,0.868714,0.9566015,0.087887526,,,,0.868714,0.868714,0.0,0.868714,0.868714,0.0,0.868714,0.88708943,0.018375456,0.868714,0.8904242,0.021710217,0.868714,0.9433855,0.07467151,0.868714,0.868714,0.0,0.868714,0.868714,0.0,0.868714,0.8931817,0.024467707,0.868714,0.88319165,0.01447767,0.868714,0.8727919,0.0040779114,0.868714,0.92428285,0.055568874,23
4,0,1,0,0,0,8,0,0,5,1.0,5.0,1.0,1.0,1.0,2.0,4.0,3.0,9.0,5.0,4.0,5.0,8.0,,,,,,,,,,0.99753654,0.99753654,0.0,,,,,,,,,,0.99753654,0.99753654,0.0,0.99753654,0.99753654,0.0,0.99753654,0.99785715,0.00032061338,0.99753654,0.9979024,0.0003658533,,,,0.99753654,0.9984719,0.0009353757,23
1,1,0,0,0,0,4,0,0,0,1.0,4.0,1.0,1.0,1.0,2.0,4.0,3.0,9.0,4.0,4.0,3.0,8.0,,,,0.9975274,0.9983974,0.0008699894,0.9975274,0.9975274,0.0,0.9975274,0.9975274,0.0,,,,,,,,,,0.9975274,0.9975274,0.0,0.9975274,0.9975274,0.0,0.9975274,0.99134564,-0.0061817765,0.9975274,0.99549085,-0.0020365715,0.9975274,0.98958254,-0.007944882,0.9975274,0.9928034,-0.0047240257,10
4,0,1,0,0,0,9,0,1,4,2.0,4.0,2.0,2.0,2.0,0.0,4.0,3.0,8.0,4.0,4.0,4.0,8.0,0.57913804,0.9076026,0.32846457,0.57913804,0.73258245,0.15344441,0.57913804,0.57913804,0.0,0.57913804,0.57913804,0.0,0.57913804,0.5880862,0.008948147,0.57913804,0.73516834,0.1560303,0.57913804,0.8719736,0.29283553,0.57913804,0.57913804,0.0,0.57913804,0.57913804,0.0,,,,0.57913804,0.79219496,0.21305692,0.57913804,0.6953874,0.11624938,0.57913804,0.67666143,0.09752339,2
4,0,3,0,0,2,3,2,0,3,2.0,5.0,2.0,2.0,2.0,8.0,4.0,3.0,8.0,4.0,4.0,3.0,9.0,0.80319947,0.77569246,-0.027507007,,,,0.80319947,0.80319947,0.0,0.80319947,0.80319947,0.0,0.80319947,0.7929524,-0.010247052,0.80319947,0.76056916,-0.042630315,0.80319947,0.8248799,0.021680415,0.80319947,0.80319947,0.0,0.80319947,0.80319947,0.0,0.80319947,0.64133644,-0.16186303,0.80319947,0.71272653,-0.09047294,0.80319947,0.7792477,-0.023951769,0.80319947,0.7917362,-0.0114632845,13
3,1,2,0,0,0,8,0,0,0,1.0,5.0,1.0,1.0,1.0,0.0,3.0,3.0,10.0,5.0,5.0,3.0,9.0,,,,,,,,,,,,,,,,,,,,,,0.8067763,0.8067763,0.0,0.8067763,0.8067763,0.0,,,,,,,0.8067763,0.731005,-0.07577127,0.8067763,0.78656995,-0.020206332,20
1,0,1,0,0,0,1,0,0,1,1.0,5.0,1.0,1.0,2.0,4.0,3.0,2.0,5.0,3.0,4.0,3.0,7.0,,,,,,,0.9795242,0.9795242,0.0,0.9795242,0.9795242,0.0,,,,,,,0.9795242,0.9674962,-0.012027979,0.9795242,0.9795242,0.0,0.9795242,0.9795242,0.0,0.9795242,0.9898956,0.010371387,0.9795242,0.9932145,0.013690293,0.9795242,0.9753846,-0.004139602,0.9795242,0.99188143,0.012357235,11
5,0,0,0,0,0,4,3,0,0,2.0,4.0,2.0,3.0,2.0,8.0,4.0,3.0,3.0,3.0,3.0,1.0,3.0,0.5410182,0.84976906,0.30875087,0.5410182,0.7227749,0.18175673,0.5410182,0.5410182,0.0,0.5410182,0.5410182,0.0,0.5410182,0.54859304,0.0075748563,0.5410182,0.56248516,0.02146697,0.5410182,0.7146205,0.17360228,0.5410182,0.5410182,0.0,0.5410182,0.5410182,0.0,0.5410182,0.6590884,0.118070185,0.5410182,0.41693276,-0.12408543,0.5410182,0.54742897,0.0064107776,0.5410182,0.81220436,0.27118617,5
2,1,0,0,0,2,5,0,0,0,2.0,3.0,2.0,3.0,2.0,4.0,4.0,3.0,4.0,2.0,2.0,2.0,4.0,0.8372602,0.7678709,-0.06938928,0.8372602,0.8626644,0.025404215,0.8372602,0.8372602,0.0,0.8372602,0.8372602,0.0,0.8372602,0.82787865,-0.009381533,0.8372602,0.8981748,0.060914636,0.8372602,0.89307755,0.055817366,0.8372602,0.8372602,0.0,0.8372602,0.8372602,0.0,0.8372602,0.6857531,-0.15150708,0.8372602,0.865133,0.0278728,0.8372602,0.8272595,-0.010000706,0.8372602,0.83879185,0.0015316606,9
3,1,1,0,0,0,9,7,0,3,1.0,5.0,2.0,3.0,1.0,2.0,3.0,3.0,8.0,3.0,4.0,2.0,7.0,,,,,,,0.9937402,0.9937402,0.0,0.9937402,0.9937402,0.0,0.9937402,0.9927448,-0.0009953976,0.9937402,0.9924455,-0.0012946725,,,,0.9937402,0.9937402,0.0,0.9937402,0.9937402,0.0,0.9937402,0.97706586,-0.01667434,0.9937402,0.99416095,0.0004207492,0.9937402,0.99275464,-0.0009855628,0.9937402,0.995729,0.0019888282,12
4,1,0,0,0,1,8,1,0,1,1.0,4.0,1.0,1.0,1.0,4.0,5.0,4.0,8.0,5.0,4.0,3.0,7.0,,,,0.99435127,0.997995,0.0036437511,,,,0.99435127,0.99435127,0.0,,,,,,,,,,,,,,,,0.99435127,0.9862476,-0.008103669,0.99435127,0.9923375,-0.002013743,0.99435127,0.992081,-0.0022702813,0.99435127,0.99385935,-0.00049191713,12
1,1,0,0,0,0,1,0,0,1,2.0,4.0,2.0,2.0,2.0,6.0,4.0,3.0,8.0,4.0,4.0,3.0,9.0,0.9505296,0.98630375,0.03577417,0.9505296,0.9629522,0.012422621,0.9505296,0.9505296,0.0,0.9505296,0.9505296,0.0,0.9505296,0.9475306,-0.002998948,0.9505296,0.9814998,0.030970216,0.9505296,0.9631485,0.012618899,0.9505296,0.9505296,0.0,0.9505296,0.9505296,0.0,0.9505296,0.9746245,0.02409494,0.9505296,0.92298526,-0.02754432,0.9505296,0.9205755,-0.029954076,0.9505296,0.9479509,-0.0025786757,11
4,1,0,0,0,0,6,5,0,0,3.0,4.0,2.0,3.0,3.0,6.0,2.0,3.0,3.0,4.0,3.0,4.0,4.0,0.70599866,0.88773835,0.18173969,0.70599866,0.7624784,0.056479752,0.70599866,0.70599866,0.0,0.70599866,0.70599866,0.0,0.70599866,0.7077654,0.0017667413,0.70599866,0.82616967,0.12017101,0.70599866,0.74380845,0.03780979,0.70599866,0.70599866,0.0,0.70599866,0.70599866,0.0,0.70599866,0.5950446,-0.110954046,0.70599866,0.7197662,0.01376754,0.70599866,0.6643963,-0.041602373,0.70599866,0.8163796,0.11038095,14
3,1,0,0,0,0,5,0,0,0,1.0,4.0,2.0,2.0,2.0,0.0,4.0,2.0,7.0,4.0,4.0,2.0,6.0,,,,0.9717059,0.98472494,0.013019025,0.9717059,0.9717059,0.0,0.9717059,0.9717059,0.0,0.9717059,0.970316,-0.0013899207,0.9717059,0.9848844,0.013178468,0.9717059,0.9804232,0.0087172985,0.9717059,0.9717059,0.0,0.9717059,0.9717059,0.0,,,,0.9717059,0.921309,-0.05039692,0.9717059,0.96980155,-0.0019043684,0.9717059,0.96817446,-0.003531456,15
2,1,2,0,0,2,3,2,0,0,1.0,3.0,3.0,3.0,3.0,10.0,3.0,3.0,1.0,3.0,3.0,1.0,1.0,,,,0.54787296,0.603049,0.05517602,0.54787296,0.54787296,0.0,0.54787296,0.54787296,0.0,0.54787296,0.29329845,-0.2545745,0.54787296,0.49775246,-0.050120503,0.54787296,0.52924633,-0.01862663,0.54787296,0.54787296,0.0,0.54787296,0.54787296,0.0,0.54787296,0.6624066,0.11453366,0.54787296,0.54787296,0.0,0.54787296,0.6713076,0.12343466,0.54787296,0.83093643,0.28306347,13
5,1,0,0,0,0,8,3,0,3,2.0,3.0,2.0,2.0,2.0,7.0,3.0,3.0,8.0,3.0,2.0,4.0,7.0,0.8007558,0.8803235,0.07956773,0.8007558,0.85500306,0.05424726,0.8007558,0.8007558,0.0,0.8007558,0.8007558,0.0,0.8007558,0.7650036,-0.035752177,0.8007558,0.6941874,-0.106568396,0.8007558,0.9061622,0.1054064,0.8007558,0.8007558,0.0,0.8007558,0.8007558,0.0,0.8007558,0.7940469,-0.00670892,0.8007558,0.9234974,0.12274158,0.8007558,0.85314214,0.052386343,0.8007558,0.7867233,-0.014032483,7
5,1,0,0,1,0,6,3,0,3,1.0,4.0,1.0,5.0,1.0,0.0,5.0,4.0,10.0,5.0,4.0,3.0,10.0,,,,0.99683315,0.9977894,0.0009562373,,,,0.99683315,0.99683315,0.0,,,,0.99683315,0.99659234,-0.00024080276,,,,,,,,,,,,,,,,0.99683315,0.998028,0.0011948347,,,,7
5,0,0,0,0,0,6,3,0,3,3.0,4.0,1.0,2.0,3.0,0.0,2.0,3.0,9.0,4.0,5.0,4.0,10.0,0.7834209,0.8884643,0.10504335,0.7834209,0.8550282,0.07160729,0.7834209,0.7834209,0.0,,,,,,,0.7834209,0.7877415,0.004320562,0.7834209,0.7577715,-0.025649428,0.7834209,0.7834209,0.0,0.7834209,0.7834209,0.0,,,,0.7834209,0.73621213,-0.047208786,0.7834209,0.86863434,0.08521342,,,,7
4,1,0,0,2,1,4,0,0,2,3.0,4.0,3.0,3.0,3.0,5.0,3.0,3.0,5.0,2.0,4.0,5.0,7.0,0.1585662,0.36525267,0.20668647,0.1585662,0.06904718,-0.089519024,0.1585662,0.1585662,0.0,0.1585662,0.1585662,0.0,0.1585662,0.28123364,0.12266743,0.1585662,0.3677606,0.20919439,0.1585662,0.11590692,-0.04265929,0.1585662,0.1585662,0.0,0.1585662,0.1585662,0.0,0.1585662,0.2162258,0.057659596,0.1585662,0.21153574,0.05296953,,,,0.1585662,0.12745927,-0.031106934,4
0,1,0,0,0,0,7,0,0,7,3.0,4.0,2.0,2.0,2.0,3.0,4.0,3.0,7.0,4.0,2.0,3.0,6.0,0.98844343,0.9894757,0.0010322928,0.98844343,0.98688644,-0.0015569925,0.98844343,0.98844343,0.0,0.98844343,0.98844343,0.0,0.98844343,0.98630756,-0.0021358728,0.98844343,0.995372,0.006928563,0.98844343,0.99287295,0.004429519,0.98844343,0.98844343,0.0,0.98844343,0.98844343,0.0,0.98844343,0.9354838,-0.05295962,0.98844343,0.99118537,0.0027419329,0.98844343,0.9714965,-0.016946912,0.98844343,0.98772454,-0.0007188916,26
3,0,2,0,0,1,5,0,0,5,1.0,3.0,3.0,3.0,3.0,0.0,3.0,3.0,10.0,4.0,4.0,5.0,10.0,,,,0.76490706,0.7970398,0.032132745,0.76490706,0.76490706,0.0,0.76490706,0.76490706,0.0,0.76490706,0.85117775,0.08627069,0.76490706,0.68640774,-0.07849932,0.76490706,0.71820396,-0.0467031,0.76490706,0.76490706,0.0,0.76490706,0.76490706,0.0,,,,,,,,,,,,,23
4,1,0,0,0,0,1,0,0,0,1.0,4.0,3.0,1.0,3.0,0.0,2.0,2.0,9.0,4.0,4.0,4.0,9.0,,,,0.89326453,0.94927484,0.056010306,0.89326453,0.89326453,0.0,0.89326453,0.89326453,0.0,0.89326453,0.9254839,0.03221935,,,,0.89326453,0.91446704,0.021202505,0.89326453,0.89326453,0.0,0.89326453,0.89326453,0.0,,,,0.89326453,0.89880246,0.005537927,0.89326453,0.9024157,0.009151161,0.89326453,0.8079617,-0.08530283,15
3,1,0,0,0,0,3,0,0,3,2.0,3.0,2.0,2.0,2.0,7.0,3.0,3.0,7.0,4.0,3.0,4.0,7.0,0.7842239,0.8123769,0.028153002,0.7842239,0.8588929,0.074669,0.7842239,0.7842239,0.0,0.7842239,0.7842239,0.0,0.7842239,0.7464446,-0.03777933,0.7842239,0.93242,0.1481961,0.7842239,0.82086563,0.036641717,0.7842239,0.7842239,0.0,0.7842239,0.7842239,0.0,0.7842239,0.92356807,0.13934416,0.7842239,0.8117123,0.02748841,0.7842239,0.8630307,0.07880676,0.7842239,0.8088131,0.024589181,15
3,0,0,0,0,0,9,0,1,4,1.0,5.0,1.0,1.0,1.0,5.0,4.0,3.0,9.0,4.0,5.0,4.0,9.0,,,,,,,0.8643302,0.8643302,0.0,,,,,,,,,,,,,0.8643302,0.8643302,0.0,0.8643302,0.8643302,0.0,0.8643302,0.9941479,0.12981772,0.8643302,0.8718242,0.0074940324,0.8643302,0.8965156,0.032185435,0.8643302,0.87990284,0.015572667,2
2,0,3,0,0,0,2,0,1,4,1.0,5.0,1.0,3.0,1.0,3.0,3.0,2.0,6.0,5.0,5.0,5.0,7.0,,,,,,,,,,,,,,,,0.7803152,0.7441714,-0.03614384,,,,0.7803152,0.7803152,0.0,0.7803152,0.7803152,0.0,0.7803152,0.7868206,0.00650537,0.7803152,0.9054588,0.12514359,,,,0.7803152,0.7620312,-0.018284023,2
2,1,0,0,0,0,4,0,2,4,2.0,2.0,2.0,2.0,2.0,0.0,4.0,3.0,8.0,4.0,4.0,4.0,8.0,0.046154052,0.6177766,0.5716225,0.046154052,0.2962589,0.25010484,0.046154052,0.046154052,0.0,0.046154052,0.046154052,0.0,0.046154052,0.047802523,0.0016484708,0.046154052,0.12525155,0.079097494,0.046154052,0.101653874,0.055499822,0.046154052,0.046154052,0.0,0.046154052,0.046154052,0.0,,,,0.046154052,0.18351582,0.13736176,0.046154052,0.06714226,0.020988211,0.046154052,0.1138433,0.06768925,2
4,1,0,0,0,0,7,3,0,3,1.0,4.0,2.0,1.0,2.0,1.0,4.0,3.0,9.0,4.0,4.0,4.0,7.0,,,,0.8835865,0.9500472,0.06646067,0.8835865,0.8835865,0.0,0.8835865,0.8835865,0.0,0.8835865,0.9046646,0.02107805,,,,0.8835865,0.93287253,0.049286008,0.8835865,0.8835865,0.0,0.8835865,0.8835865,0.0,0.8835865,0.9343569,0.050770402,0.8835865,0.8533408,-0.030245721,0.8835865,0.91683614,0.033249617,0.8835865,0.78818077,-0.09540576,7
3,1,4,0,0,0,1,0,0,3,1.0,5.0,3.0,3.0,2.0,2.0,3.0,3.0,7.0,5.0,5.0,2.0,8.0,,,,,,,,,,,,,0.85890496,0.88933915,0.030434191,0.85890496,0.9016407,0.042735755,0.85890496,0.7983723,-0.06053263,0.85890496,0.85890496,0.0,0.85890496,0.85890496,0.0,0.85890496,0.7504098,-0.108495176,0.85890496,0.90678036,0.047875404,0.85890496,0.8817052,0.022800267,0.85890496,0.74881864,-0.11008632,20
4,1,1,0,0,0,4,1,0,0,1.0,4.0,1.0,1.0,1.0,2.0,3.0,3.0,7.0,4.0,4.0,4.0,8.0,,,,0.9758101,0.98186654,0.006056428,0.9758101,0.9758101,0.0,0.9758101,0.9758101,0.0,,,,,,,,,,0.9758101,0.9758101,0.0,0.9758101,0.9758101,0.0,0.9758101,0.9730454,-0.0027647018,0.9758101,0.9233328,-0.0524773,0.9758101,0.98677456,0.010964453,0.9758101,0.96782076,-0.007989347,12
2,0,0,0,0,0,5,0,2,4,1.0,5.0,2.0,3.0,2.0,2.0,4.0,3.0,5.0,4.0,4.0,4.0,8.0,,,,,,,0.95947003,0.95947003,0.0,0.95947003,0.95947003,0.0,0.95947003,0.9658825,0.0064124465,0.95947003,0.9561668,-0.0033032298,0.95947003,0.96311915,0.0036491156,0.95947003,0.95947003,0.0,0.95947003,0.95947003,0.0,0.95947003,0.9229006,-0.036569417,0.95947003,0.9915753,0.032105267,0.95947003,0.9565576,-0.0029124618,0.95947003,0.9771647,0.017694652,2
1,0,0,0,0,0,3,0,0,3,3.0,4.0,2.0,2.0,2.0,4.0,4.0,3.0,4.0,3.0,5.0,2.0,5.0,0.9458282,0.9835517,0.03772348,0.9458282,0.95509154,0.009263337,0.9458282,0.9458282,0.0,,,,0.9458282,0.9397786,-0.0060495734,0.9458282,0.98437077,0.03854257,0.9458282,0.9229595,-0.022868693,0.9458282,0.9458282,0.0,0.9458282,0.9458282,0.0,0.9458282,0.87361616,-0.07221204,0.9458282,0.9567858,0.010957599,0.9458282,0.9402634,-0.005564809,0.9458282,0.9491847,0.0033565164,17
1,1,0,0,0,0,8,0,1,4,4.0,5.0,2.0,2.0,1.0,8.0,4.0,3.0,8.0,5.0,4.0,4.0,10.0,0.9317317,0.8797332,-0.051998496,,,,,,,0.9317317,0.9317317,0.0,0.9317317,0.922563,-0.0091686845,0.9317317,0.97574776,0.044016063,,,,0.9317317,0.9317317,0.0,0.9317317,0.9317317,0.0,0.9317317,0.87423307,-0.057498634,0.9317317,0.89930886,-0.03242284,0.9317317,0.86003387,-0.07169783,,,,3
1,0,0,0,0,0,5,0,0,3,2.0,4.0,2.0,2.0,2.0,2.0,4.0,4.0,8.0,4.0,3.0,4.0,7.0,0.9630097,0.9809651,0.017955363,0.9630097,0.9754308,0.0124210715,0.9630097,0.9630097,0.0,0.9630097,0.9630097,0.0,0.9630097,0.96760464,0.004594922,0.9630097,0.9809902,0.017980456,0.9630097,0.9841421,0.02113241,0.9630097,0.9630097,0.0,,,,0.9630097,0.6690659,-0.29394382,0.9630097,0.97174466,0.0087349415,0.9630097,0.92217773,-0.040831983,0.9630097,0.9716683,0.008658588,17
4,0,0,0,2,2,2,2,0,0,2.0,2.0,2.0,2.0,2.0,6.0,4.0,3.0,6.0,3.0,4.0,1.0,8.0,0.55033034,0.82951087,0.27918053,0.55033034,0.8554086,0.30507827,0.55033034,0.55033034,0.0,0.55033034,0.55033034,0.0,0.55033034,0.5226048,-0.027725518,0.55033034,0.55478424,0.0044538975,0.55033034,0.55055654,0.00022619963,0.55033034,0.55033034,0.0,0.55033034,0.55033034,0.0,0.55033034,0.37312916,-0.17720118,0.55033034,0.687571,0.13724065,0.55033034,0.4728319,-0.077498436,0.55033034,0.8228218,0.27249146,13
6,1,0,0,2,4,2,3,3,6,2.0,4.0,2.0,2.0,2.0,0.0,4.0,3.0,10.0,4.0,4.0,5.0,10.0,0.65614766,0.81194323,0.15579557,0.65614766,0.70039964,0.04425198,0.65614766,0.65614766,0.0,0.65614766,0.65614766,0.0,0.65614766,0.54640806,-0.1097396,0.65614766,0.59104556,-0.0651021,0.65614766,0.5369459,-0.11920178,0.65614766,0.65614766,0.0,0.65614766,0.65614766,0.0,,,,,,,,,,,,,24
2,1,0,0,0,0,5,0,1,2,2.0,4.0,1.0,1.0,3.0,8.0,4.0,3.0,6.0,4.0,5.0,3.0,10.0,0.972864,0.9866,0.01373601,0.972864,0.9744203,0.0015563369,0.972864,0.972864,0.0,,,,,,,,,,0.972864,0.94178444,-0.03107953,0.972864,0.972864,0.0,0.972864,0.972864,0.0,0.972864,0.9774154,0.0045514107,0.972864,0.9380611,-0.034802854,0.972864,0.95189446,-0.02096951,,,,1
3,1,3,0,2,2,2,1,1,2,1.0,5.0,2.0,1.0,2.0,6.0,3.0,4.0,6.0,4.0,4.0,5.0,7.0,,,,,,,0.9048461,0.9048461,0.0,0.9048461,0.9048461,0.0,0.9048461,0.8426424,-0.062203646,,,,0.9048461,0.92218727,0.017341197,0.9048461,0.9048461,0.0,,,,0.9048461,0.6390901,-0.26575595,0.9048461,0.9237973,0.018951237,,,,0.9048461,0.7859972,-0.11884886,16
5,0,0,0,0,0,6,3,0,5,2.0,4.0,1.0,1.0,3.0,0.0,4.0,3.0,7.0,3.0,3.0,5.0,7.0,0.9447251,0.9865363,0.041811228,0.9447251,0.964501,0.019775927,0.9447251,0.9447251,0.0,0.9447251,0.9447251,0.0,,,,,,,0.9447251,0.89923614,-0.045488954,0.9447251,0.9447251,0.0,0.9447251,0.9447251,0.0,,,,0.9447251,0.97923374,0.034508646,,,,0.9447251,0.90875596,-0.03596914,7
2,0,0,0,5,2,2,2,1,4,1.0,2.0,1.0,1.0,1.0,0.0,5.0,4.0,0.0,5.0,5.0,1.0,0.0,,,,0.6891963,0.82930315,0.14010686,,,,,,,,,,,,,,,,,,,,,,,,,0.6891963,0.75691015,0.06771386,0.6891963,0.83496886,0.14577258,0.6891963,0.80628014,0.11708385,0
3,0,0,0,0,0,5,0,1,4,2.0,4.0,3.0,4.0,2.0,5.0,3.0,3.0,5.0,3.0,2.0,2.0,3.0,0.7703241,0.6011978,-0.16912633,0.7703241,0.9112297,0.14090562,0.7703241,0.7703241,0.0,0.7703241,0.7703241,0.0,0.7703241,0.7769182,0.006594062,0.7703241,0.80546886,0.035144746,0.7703241,0.841627,0.07130289,0.7703241,0.7703241,0.0,0.7703241,0.7703241,0.0,0.7703241,0.8839437,0.113619566,0.7703241,0.8902313,0.1199072,0.7703241,0.8258924,0.055568278,0.7703241,0.7035991,-0.066725016,2
3,1,4,0,0,0,4,0,0,7,2.0,4.0,1.0,1.0,2.0,0.0,2.0,2.0,8.0,4.0,2.0,5.0,8.0,0.58400464,0.94378626,0.35978162,0.58400464,0.56023234,-0.0237723,0.58400464,0.58400464,0.0,0.58400464,0.58400464,0.0,,,,,,,0.58400464,0.67832905,0.09432441,0.58400464,0.58400464,0.0,0.58400464,0.58400464,0.0,,,,0.58400464,0.75442654,0.1704219,,,,0.58400464,0.6527697,0.068765044,26
0,1,0,0,2,3,9,6,0,7,1.0,5.0,4.0,2.0,2.0,6.0,3.0,4.0,7.0,5.0,5.0,3.0,10.0,,,,,,,,,,,,,0.98161227,0.98580116,0.004188895,0.98161227,0.98683727,0.0052250028,0.98161227,0.988442,0.0068297386,0.98161227,0.98161227,0.0,,,,0.98161227,0.8413947,-0.14021754,0.98161227,0.98324674,0.0016344786,0.98161227,0.9373222,-0.044290066,,,,21
0,1,6,0,1,3,1,6,1,7,3.0,3.0,2.0,2.0,3.0,5.0,3.0,3.0,8.0,4.0,4.0,2.0,5.0,0.73561156,0.87033886,0.1347273,0.73561156,0.92881155,0.19319999,0.73561156,0.73561156,0.0,0.73561156,0.73561156,0.0,0.73561156,0.5854397,-0.15017188,0.73561156,0.7695504,0.033938825,0.73561156,0.77194613,0.036334574,0.73561156,0.73561156,0.0,0.73561156,0.73561156,0.0,0.73561156,0.75061196,0.015000403,0.73561156,0.81910926,0.0834977,0.73561156,0.6260316,-0.10957998,0.73561156,0.732741,-0.0028705597,21
3,1,1,0,0,0,6,0,0,0,3.0,4.0,2.0,2.0,2.0,1.0,4.0,3.0,7.0,5.0,5.0,4.0,10.0,0.9593819,0.9642895,0.004907608,0.9593819,0.9740383,0.0146564245,,,,,,,0.9593819,0.9608245,0.0014426112,0.9593819,0.98345727,0.024075389,0.9593819,0.966942,0.007560134,0.9593819,0.9593819,0.0,0.9593819,0.9593819,0.0,0.9593819,0.9438427,-0.015539169,0.9593819,0.94579726,-0.013584614,0.9593819,0.97127026,0.011888385,,,,20
1,1,6,0,1,0,1,1,2,2,1.0,4.0,1.0,1.0,1.0,0.0,4.0,3.0,10.0,5.0,4.0,3.0,9.0,,,,0.95755565,0.990738,0.033182323,,,,0.95755565,0.95755565,0.0,,,,,,,,,,0.95755565,0.95755565,0.0,0.95755565,0.95755565,0.0,,,,,,,0.95755565,0.91902333,-0.038532317,0.95755565,0.9532624,-0.004293263,16
2,1,3,0,1,1,2,1,0,2,5.0,4.0,2.0,2.0,4.0,5.0,2.0,3.0,5.0,3.0,2.0,2.0,7.0,0.25702894,0.25702894,0.0,0.25702894,0.26200137,0.004972428,0.25702894,0.25702894,0.0,0.25702894,0.25702894,0.0,0.25702894,0.23607631,-0.020952627,0.25702894,0.3848785,0.12784955,0.25702894,0.3209053,0.06387636,0.25702894,0.25702894,0.0,0.25702894,0.25702894,0.0,0.25702894,0.13510649,-0.12192245,0.25702894,0.5537917,0.29676276,0.25702894,0.28801367,0.03098473,0.25702894,0.30332935,0.04630041,14
1,1,1,0,0,1,0,0,0,1,2.0,5.0,1.0,1.0,1.0,6.0,3.0,3.0,8.0,4.0,4.0,3.0,7.0,0.23697728,0.7096532,0.47267592,,,,0.23697728,0.23697728,0.0,0.23697728,0.23697728,0.0,,,,,,,,,,0.23697728,0.23697728,0.0,0.23697728,0.23697728,0.0,0.23697728,0.8091849,0.5722076,0.23697728,0.12393853,-0.11303875,0.23697728,0.20741251,-0.029564768,0.23697728,0.17027204,-0.06670524,11
2,1,0,0,1,2,4,1,1,2,1.0,3.0,2.0,1.0,1.0,6.0,4.0,4.0,10.0,4.0,4.0,5.0,7.0,,,,0.9916653,0.9901182,-0.0015470982,0.9916653,0.9916653,0.0,0.9916653,0.9916653,0.0,0.9916653,0.9888853,-0.0027800202,,,,,,,0.9916653,0.9916653,0.0,,,,0.9916653,0.97597903,-0.015686274,,,,,,,0.9916653,0.979193,-0.0124723315,16
6,0,0,0,0,4,6,3,0,0,2.0,4.0,3.0,2.0,2.0,1.0,3.0,3.0,8.0,4.0,5.0,3.0,6.0,0.5649996,0.4850374,-0.079962194,0.5649996,0.74814564,0.18314606,0.5649996,0.5649996,0.0,,,,0.5649996,0.67813694,0.113137364,0.5649996,0.34422693,-0.22077265,0.5649996,0.6740397,0.10904014,0.5649996,0.5649996,0.0,0.5649996,0.5649996,0.0,0.5649996,0.6807401,0.11574054,0.5649996,0.5142692,-0.050730407,0.5649996,0.58077997,0.01578039,0.5649996,0.57166487,0.0066652894,19
2,0,5,0,0,0,2,0,0,3,1.0,5.0,2.0,2.0,3.0,8.0,3.0,2.0,8.0,3.0,4.0,3.0,8.0,,,,,,,0.9720068,0.9720068,0.0,0.9720068,0.9720068,0.0,0.9720068,0.96975964,-0.0022471547,0.9720068,0.9723092,0.00030237436,0.9720068,0.9845375,0.0125306845,0.9720068,0.9720068,0.0,0.9720068,0.9720068,0.0,0.9720068,0.9884289,0.016422093,0.9720068,0.95749754,-0.014509261,0.9720068,0.9780742,0.006067395,0.9720068,0.9835437,0.011536896,10
2,0,1,0,0,0,1,0,0,1,1.0,5.0,2.0,2.0,2.0,2.0,3.0,3.0,7.0,4.0,4.0,3.0,9.0,,,,,,,0.9930306,0.9930306,0.0,0.9930306,0.9930306,0.0,0.9930306,0.9926259,-0.00040471554,0.9930306,0.9976617,0.004631102,0.9930306,0.9938214,0.0007907748,0.9930306,0.9930306,0.0,0.9930306,0.9930306,0.0,0.9930306,0.99365824,0.0006276369,0.9930306,0.9926346,-0.00039601326,0.9930306,0.98912597,-0.0039046407,0.9930306,0.98740804,-0.0056225657,20
2,1,1,0,0,0,8,0,1,4,1.0,4.0,1.0,1.0,1.0,2.0,4.0,3.0,8.0,5.0,5.0,4.0,9.0,,,,0.97866166,0.98395336,0.0052917004,,,,,,,,,,,,,,,,0.97866166,0.97866166,0.0,0.97866166,0.97866166,0.0,0.97866166,0.98664016,0.007978499,0.97866166,0.95970064,-0.018961012,0.97866166,0.98407114,0.005409479,0.97866166,0.9610093,-0.017652333,2
3,1,2,0,0,0,4,0,1,2,2.0,4.0,2.0,2.0,2.0,5.0,3.0,3.0,5.0,4.0,4.0,2.0,7.0,0.26460984,0.74311674,0.4785069,0.26460984,0.43864965,0.17403981,0.26460984,0.26460984,0.0,0.26460984,0.26460984,0.0,0.26460984,0.23542476,-0.029185086,0.26460984,0.3174249,0.05281505,0.26460984,0.38949367,0.12488383,0.26460984,0.26460984,0.0,0.26460984,0.26460984,0.0,0.26460984,0.17365165,-0.09095819,0.26460984,0.602915,0.33830515,0.26460984,0.2074121,-0.05719775,0.26460984,0.19695207,-0.06765777,1
3,1,2,0,0,0,2,1,1,4,2.0,4.0,2.0,3.0,2.0,0.0,3.0,3.0,8.0,4.0,4.0,4.0,9.0,0.88285506,0.9893567,0.10650164,0.88285506,0.8851219,0.0022668242,0.88285506,0.88285506,0.0,0.88285506,0.88285506,0.0,0.88285506,0.87420064,-0.008654416,0.88285506,0.75754845,-0.1253066,0.88285506,0.89242065,0.009565592,0.88285506,0.88285506,0.0,0.88285506,0.88285506,0.0,,,,0.88285506,0.82440954,-0.058445513,0.88285506,0.8235705,-0.059284568,0.88285506,0.8883558,0.005500734,3
2,1,0,0,0,0,4,0,0,0,4.0,2.0,3.0,2.0,3.0,6.0,3.0,3.0,7.0,4.0,4.0,3.0,7.0,0.8243487,0.8071283,-0.017220378,0.8243487,0.77079207,-0.05355662,0.8243487,0.8243487,0.0,0.8243487,0.8243487,0.0,0.8243487,0.90668744,0.08233875,0.8243487,0.9298549,0.10550624,0.8243487,0.76936364,-0.054985046,0.8243487,0.8243487,0.0,0.8243487,0.8243487,0.0,0.8243487,0.820785,-0.003563702,0.8243487,0.7046995,-0.11964917,0.8243487,0.6587359,-0.16561282,0.8243487,0.8450486,0.020699918,17
1,0,5,0,2,1,1,0,2,4,2.0,4.0,3.0,3.0,3.0,0.0,2.0,2.0,9.0,3.0,4.0,5.0,7.0,0.43905088,0.7503763,0.3113254,0.43905088,0.43171564,-0.0073352456,0.43905088,0.43905088,0.0,0.43905088,0.43905088,0.0,0.43905088,0.42940962,-0.00964126,0.43905088,0.52173156,0.08268067,0.43905088,0.46940452,0.030353636,0.43905088,0.43905088,0.0,0.43905088,0.43905088,0.0,,,,0.43905088,0.42117262,-0.017878264,,,,0.43905088,0.49621394,0.05716306,0
3,0,1,0,0,0,1,0,0,3,2.0,3.0,1.0,2.0,2.0,8.0,4.0,4.0,5.0,4.0,4.0,2.0,7.0,0.7269367,0.9321885,0.20525181,0.7269367,0.718265,-0.008671701,0.7269367,0.7269367,0.0,0.7269367,0.7269367,0.0,,,,0.7269367,0.8672996,0.14036292,0.7269367,0.85365665,0.12671995,0.7269367,0.7269367,0.0,,,,0.7269367,0.75137544,0.024438739,0.7269367,0.5106308,-0.21630591,0.7269367,0.799903,0.07296628,0.7269367,0.7019113,-0.025025427,20
2,1,2,0,1,0,5,0,1,4,2.0,4.0,2.0,2.0,2.0,1.0,3.0,4.0,9.0,4.0,5.0,2.0,9.0,0.6220929,0.73928374,0.11719084,0.6220929,0.696288,0.07419509,0.6220929,0.6220929,0.0,,,,0.6220929,0.6580835,0.035990596,0.6220929,0.64498746,0.022894561,0.6220929,0.8601061,0.23801321,0.6220929,0.6220929,0.0,,,,0.6220929,0.54715115,-0.074941754,0.6220929,0.49078712,-0.13130578,0.6220929,0.5872251,-0.034867823,0.6220929,0.56285524,-0.05923766,3
3,1,0,0,0,0,3,1,0,0,1.0,5.0,1.0,1.0,1.0,1.0,4.0,3.0,9.0,5.0,4.0,4.0,10.0,,,,,,,,,,0.89883703,0.89883703,0.0,,,,,,,,,,0.89883703,0.89883703,0.0,0.89883703,0.89883703,0.0,0.89883703,0.93702567,0.038188636,0.89883703,0.71927416,-0.17956287,0.89883703,0.9219294,0.02309239,,,,15
1,1,2,0,0,0,7,0,0,3,2.0,2.0,2.0,2.0,2.0,7.0,4.0,3.0,9.0,4.0,4.0,4.0,7.0,0.8576491,0.9239944,0.066345334,0.8576491,0.85719055,-0.00045853853,0.8576491,0.8576491,0.0,0.8576491,0.8576491,0.0,0.8576491,0.8642983,0.006649196,0.8576491,0.9112375,0.05358839,0.8576491,0.89788115,0.040232062,0.8576491,0.8576491,0.0,0.8576491,0.8576491,0.0,0.8576491,0.9079891,0.050339997,0.8576491,0.8416102,-0.016038895,0.8576491,0.90562344,0.047974348,0.8576491,0.69129366,-0.16635543,17
2,0,0,0,0,0,8,0,0,0,1.0,5.0,2.0,1.0,2.0,0.0,5.0,2.0,9.0,5.0,4.0,4.0,8.0,,,,,,,,,,0.9878207,0.9878207,0.0,0.9878207,0.982802,-0.005018711,,,,0.9878207,0.98604566,-0.0017750263,,,,0.9878207,0.9878207,0.0,,,,0.9878207,0.98096013,-0.006860554,0.9878207,0.98232436,-0.005496323,0.9878207,0.9789771,-0.008843601,10
4,0,0,0,0,0,7,0,0,0,1.0,5.0,1.0,3.0,1.0,0.0,4.0,3.0,9.0,5.0,5.0,3.0,10.0,,,,,,,,,,,,,,,,0.9451437,0.9825494,0.03740573,,,,0.9451437,0.9451437,0.0,0.9451437,0.9451437,0.0,,,,0.9451437,0.9258574,-0.019286275,0.9451437,0.9496244,0.0044807196,,,,15
3,1,1,0,0,0,3,0,0,3,2.0,3.0,2.0,3.0,2.0,4.0,4.0,3.0,7.0,4.0,4.0,3.0,8.0,0.9551932,0.9880931,0.032899857,0.9551932,0.9536354,-0.001557827,0.9551932,0.9551932,0.0,0.9551932,0.9551932,0.0,0.9551932,0.96311885,0.00792563,0.9551932,0.9636328,0.0084396005,0.9551932,0.96090186,0.005708635,0.9551932,0.9551932,0.0,0.9551932,0.9551932,0.0,0.9551932,0.94620407,-0.008989155,0.9551932,0.90323234,-0.051960886,0.9551932,0.95881116,0.0036179423,0.9551932,0.9155603,-0.039632916,20
4,1,0,0,0,0,5,1,0,0,1.0,5.0,1.0,1.0,4.0,6.0,2.0,3.0,8.0,3.0,4.0,5.0,10.0,,,,,,,0.96823823,0.96823823,0.0,0.96823823,0.96823823,0.0,,,,,,,0.96823823,0.96823823,0.0,0.96823823,0.96823823,0.0,0.96823823,0.96823823,0.0,0.96823823,0.9720152,0.0037769675,0.96823823,0.90916616,-0.059072077,,,,,,,12
3,1,0,0,1,0,6,0,1,4,2.0,3.0,2.0,2.0,2.0,6.0,3.0,3.0,8.0,4.0,4.0,5.0,8.0,0.91634,0.90941197,-0.0069280267,0.91634,0.9076927,-0.008647323,0.91634,0.91634,0.0,0.91634,0.91634,0.0,0.91634,0.8904915,-0.025848508,0.91634,0.9377335,0.021393478,0.91634,0.97564065,0.05930066,0.91634,0.91634,0.0,0.91634,0.91634,0.0,0.91634,0.955408,0.039067984,0.91634,0.9022499,-0.014090121,,,,0.91634,0.9395755,0.0232355,3
1,1,1,0,0,0,7,0,0,1,1.0,3.0,1.0,1.0,4.0,3.0,4.0,2.0,6.0,4.0,4.0,3.0,6.0,,,,0.9815957,0.9824421,0.00084638596,0.9815957,0.9815957,0.0,0.9815957,0.9815957,0.0,,,,,,,0.9815957,0.9815957,0.0,0.9815957,0.9815957,0.0,0.9815957,0.9815957,0.0,0.9815957,0.9939925,0.012396812,0.9815957,0.9789813,-0.002614379,0.9815957,0.9722497,-0.009346008,0.9815957,0.9937144,0.012118697,11
1,0,5,0,0,0,7,0,0,3,2.0,5.0,2.0,2.0,2.0,7.0,4.0,3.0,9.0,4.0,4.0,3.0,8.0,0.9722214,0.9644875,-0.0077338815,,,,0.9722214,0.9722214,0.0,0.9722214,0.9722214,0.0,0.9722214,0.9620654,-0.010155976,0.9722214,0.9836654,0.011444032,0.9722214,0.9791424,0.006921053,0.9722214,0.9722214,0.0,0.9722214,0.9722214,0.0,0.9722214,0.98281497,0.010593593,0.9722214,0.97405744,0.0018360615,0.9722214,0.9791008,0.006879449,0.9722214,0.9608615,-0.01135987,17
2,0,0,0,1,1,4,0,0,3,1.0,3.0,3.0,1.0,1.0,2.0,3.0,3.0,8.0,5.0,5.0,4.0,8.0,,,,0.98371017,0.9869162,0.0032060146,,,,,,,0.98371017,0.9925924,0.008882225,,,,,,,0.98371017,0.98371017,0.0,0.98371017,0.98371017,0.0,0.98371017,0.9897668,0.006056607,0.98371017,0.98469526,0.000985086,0.98371017,0.9880255,0.0043153167,0.98371017,0.98058736,-0.0031228065,9
4,1,0,0,0,0,7,7,0,5,1.0,4.0,2.0,2.0,2.0,8.0,4.0,3.0,8.0,2.0,2.0,4.0,8.0,,,,0.9966407,0.99732745,0.0006867647,0.9966407,0.9966407,0.0,0.9966407,0.9966407,0.0,0.9966407,0.996558,-8.267164e-05,0.9966407,0.99772996,0.0010892749,0.9966407,0.99764866,0.0010079741,0.9966407,0.9966407,0.0,0.9966407,0.9966407,0.0,0.9966407,0.98839533,-0.008245349,0.9966407,0.994344,-0.0022966862,0.9966407,0.9964244,-0.00021630526,0.9966407,0.9987149,0.0020742416,12
1,1,0,0,0,0,8,0,0,3,1.0,4.0,1.0,1.0,1.0,3.0,2.0,2.0,9.0,5.0,5.0,3.0,8.0,,,,0.82958084,0.79373264,-0.0358482,,,,,,,,,,,,,,,,0.82958084,0.82958084,0.0,0.82958084,0.82958084,0.0,0.82958084,0.90824944,0.078668594,0.82958084,0.8630439,0.03346306,0.82958084,0.68598676,-0.14359409,0.82958084,0.8565794,0.02699858,10
1,0,0,0,0,0,2,0,0,3,1.0,5.0,1.0,1.0,2.0,2.0,2.0,4.0,8.0,4.0,5.0,5.0,7.0,,,,,,,0.98774743,0.98774743,0.0,,,,,,,,,,0.98774743,0.983039,-0.0047084093,0.98774743,0.98774743,0.0,,,,0.98774743,0.97654516,-0.011202276,0.98774743,0.9914944,0.0037469864,,,,0.98774743,0.9924225,0.0046750903,10
5,1,3,0,2,0,2,3,0,0,2.0,4.0,2.0,2.0,1.0,0.0,3.0,3.0,8.0,4.0,4.0,3.0,10.0,0.7655067,0.9758984,0.2103917,0.7655067,0.8447211,0.079214394,0.7655067,0.7655067,0.0,0.7655067,0.7655067,0.0,0.7655067,0.7306849,-0.03482181,0.7655067,0.6145808,-0.15092587,,,,0.7655067,0.7655067,0.0,0.7655067,0.7655067,0.0,,,,0.7655067,0.64675915,-0.11874753,0.7655067,0.7564883,-0.009018362,,,,22
2,1,1,0,0,0,8,0,0,7,2.0,4.0,2.0,2.0,2.0,0.0,3.0,3.0,8.0,4.0,4.0,3.0,8.0,0.8450654,0.98550344,0.14043802,0.8450654,0.87701654,0.03195113,0.8450654,0.8450654,0.0,0.8450654,0.8450654,0.0,0.8450654,0.8083896,-0.03667581,0.8450654,0.9331146,0.08804917,0.8450654,0.9714398,0.12637436,0.8450654,0.8450654,0.0,0.8450654,0.8450654,0.0,,,,0.8450654,0.9558236,0.110758185,0.8450654,0.78182,-0.063245416,0.8450654,0.8576025,0.012537062,26
4,0,2,0,0,0,6,3,0,6,1.0,5.0,2.0,2.0,1.0,7.0,3.0,3.0,8.0,4.0,4.0,3.0,8.0,,,,,,,0.8997735,0.8997735,0.0,0.8997735,0.8997735,0.0,0.8997735,0.8791066,-0.020666897,0.8997735,0.8692112,-0.030562282,,,,0.8997735,0.8997735,0.0,0.8997735,0.8997735,0.0,0.8997735,0.9753566,0.0755831,0.8997735,0.912719,0.012945533,0.8997735,0.9061802,0.0064067245,0.8997735,0.9309639,0.031190395,23
3,0,2,0,0,1,1,0,0,3,1.0,2.0,1.0,1.0,1.0,9.0,2.0,3.0,9.0,5.0,5.0,3.0,9.0,,,,0.9081449,0.7676599,-0.14048499,,,,,,,,,,,,,,,,0.9081449,0.9081449,0.0,0.9081449,0.9081449,0.0,0.9081449,0.92073333,0.012588441,0.9081449,0.92621654,0.018071651,0.9081449,0.872042,-0.03610289,0.9081449,0.90336037,-0.0047845244,9
4,0,2,0,0,2,7,2,0,5,2.0,3.0,2.0,2.0,5.0,2.0,2.0,2.0,2.0,3.0,5.0,2.0,7.0,0.5837475,0.47845516,-0.10529235,0.5837475,0.68579507,0.10204756,0.5837475,0.5837475,0.0,,,,0.5837475,0.5001786,-0.08356893,0.5837475,0.4462911,-0.13745642,0.5837475,0.56517714,-0.018570364,0.5837475,0.5837475,0.0,0.5837475,0.5837475,0.0,0.5837475,0.4655062,-0.11824131,0.5837475,0.7445343,0.16078681,0.5837475,0.6940436,0.11029607,0.5837475,0.59406334,0.0103158355,13
2,1,0,0,0,3,4,6,0,0,2.0,4.0,2.0,3.0,3.0,7.0,2.0,3.0,5.0,3.0,4.0,3.0,5.0,0.87317765,0.9150599,0.041882277,0.87317765,0.9137586,0.04058093,0.87317765,0.87317765,0.0,0.87317765,0.87317765,0.0,0.87317765,0.80398846,-0.06918919,0.87317765,0.90356946,0.030391812,0.87317765,0.84170747,-0.03147018,0.87317765,0.87317765,0.0,0.87317765,0.87317765,0.0,0.87317765,0.81648135,-0.056696296,0.87317765,0.8966175,0.023439825,0.87317765,0.8448261,-0.028351545,0.87317765,0.907502,0.034324348,8
1,1,0,0,0,0,2,0,0,0,2.0,5.0,2.0,2.0,2.0,3.0,3.0,3.0,7.0,4.0,3.0,3.0,7.0,0.9896427,0.99628663,0.006643951,,,,0.9896427,0.9896427,0.0,0.9896427,0.9896427,0.0,0.9896427,0.98497075,-0.0046719313,0.9896427,0.99669904,0.0070563555,0.9896427,0.98676026,-0.002882421,0.9896427,0.9896427,0.0,0.9896427,0.9896427,0.0,0.9896427,0.9515133,-0.03812939,0.9896427,0.96955764,-0.020085037,0.9896427,0.9873564,-0.0022862554,0.9896427,0.9878099,-0.0018327832,11
6,0,0,0,0,4,1,3,0,0,1.0,4.0,1.0,2.0,2.0,2.0,4.0,4.0,9.0,4.0,4.0,4.0,9.0,,,,0.9182227,0.9426491,0.0244264,0.9182227,0.9182227,0.0,0.9182227,0.9182227,0.0,,,,0.9182227,0.8300885,-0.08813423,0.9182227,0.89729947,-0.020923257,0.9182227,0.9182227,0.0,,,,0.9182227,0.62153345,-0.29668927,0.9182227,0.92687213,0.008649409,0.9182227,0.9214767,0.0032539964,0.9182227,0.93943775,0.021215022,19
2,1,0,0,0,0,2,1,2,4,1.0,5.0,2.0,3.0,2.0,5.0,4.0,3.0,8.0,5.0,4.0,5.0,7.0,,,,,,,,,,0.8450321,0.8450321,0.0,0.8450321,0.8313259,-0.013706207,0.8450321,0.8253899,-0.019642174,0.8450321,0.8624556,0.01742351,0.8450321,0.8450321,0.0,0.8450321,0.8450321,0.0,0.8450321,0.9435415,0.09850943,0.8450321,0.8021808,-0.04285127,,,,0.8450321,0.76137435,-0.08365774,3
1,2,0,0,0,0,5,7,0,3,1.0,5.0,4.0,4.0,4.0,6.0,4.0,3.0,5.0,5.0,4.0,4.0,6.0,,,,,,,,,,0.9971826,0.9971826,0.0,0.9971826,0.99689794,-0.00028467178,0.9971826,0.99756384,0.0003812313,0.9971826,0.9977233,0.00054067373,0.9971826,0.9971826,0.0,0.9971826,0.9971826,0.0,0.9971826,0.9949297,-0.0022529364,0.9971826,0.9984067,0.0012241006,0.9971826,0.9969326,-0.00024998188,0.9971826,0.9827255,-0.014457107,20
2,1,0,0,0,0,8,0,2,4,2.0,2.0,2.0,2.0,2.0,0.0,4.0,3.0,8.0,4.0,4.0,4.0,8.0,0.06486615,0.6558486,0.5909825,0.06486615,0.4706028,0.40573665,0.06486615,0.06486615,0.0,0.06486615,0.06486615,0.0,0.06486615,0.06713592,0.0022697747,0.06486615,0.17030632,0.10544018,0.06486615,0.19121449,0.12634835,0.06486615,0.06486615,0.0,0.06486615,0.06486615,0.0,,,,0.06486615,0.46113995,0.3962738,0.06486615,0.13496758,0.07010143,0.06486615,0.100638665,0.035772517,3
3,1,0,0,0,0,2,0,0,0,3.0,4.0,3.0,2.0,3.0,5.0,2.0,3.0,7.0,4.0,4.0,2.0,6.0,0.8397077,0.864144,0.024436355,0.8397077,0.850961,0.011253357,0.8397077,0.8397077,0.0,0.8397077,0.8397077,0.0,0.8397077,0.878921,0.0392133,0.8397077,0.9465734,0.106865704,0.8397077,0.7872366,-0.0524711,0.8397077,0.8397077,0.0,0.8397077,0.8397077,0.0,0.8397077,0.9437752,0.104067504,0.8397077,0.6126868,-0.22702086,0.8397077,0.8743024,0.034594715,0.8397077,0.74345106,-0.096256614,15
1,0,5,0,5,2,4,5,0,6,2.0,3.0,3.0,5.0,3.0,7.0,2.0,3.0,7.0,3.0,2.0,2.0,5.0,0.57879287,0.9119921,0.3331992,0.57879287,0.7673908,0.18859792,0.57879287,0.57879287,0.0,0.57879287,0.57879287,0.0,0.57879287,0.5513867,-0.027406156,0.57879287,0.57073975,-0.008053124,0.57879287,0.5085337,-0.070259154,0.57879287,0.57879287,0.0,0.57879287,0.57879287,0.0,0.57879287,0.62299204,0.04419917,0.57879287,0.6838843,0.10509145,0.57879287,0.57723814,-0.0015547276,0.57879287,0.7372676,0.15847474,14
1,0,1,0,0,0,5,0,0,3,1.0,5.0,3.0,2.0,3.0,0.0,2.0,2.0,8.0,4.0,3.0,3.0,7.0,,,,,,,0.97776365,0.97776365,0.0,0.97776365,0.97776365,0.0,0.97776365,0.98382944,0.006065786,0.97776365,0.98112845,0.0033648014,0.97776365,0.96798384,-0.009779811,0.97776365,0.97776365,0.0,0.97776365,0.97776365,0.0,,,,0.97776365,0.97592485,-0.0018388033,0.97776365,0.9803386,0.0025749207,0.97776365,0.9899762,0.0122125745,10
5,1,0,0,0,0,7,3,3,6,1.0,4.0,2.0,3.0,2.0,0.0,4.0,3.0,10.0,4.0,4.0,4.0,9.0,,,,0.9700491,0.97552776,0.00547868,0.9700491,0.9700491,0.0,0.9700491,0.9700491,0.0,0.9700491,0.9772044,0.007155299,0.9700491,0.9693737,-0.00067538023,0.9700491,0.9828469,0.0127978325,0.9700491,0.9700491,0.0,0.9700491,0.9700491,0.0,,,,,,,0.9700491,0.9506134,-0.019435704,0.9700491,0.98712695,0.017077863,18
5,0,0,0,0,1,6,3,0,3,2.0,4.0,2.0,3.0,3.0,3.0,3.0,3.0,8.0,3.0,3.0,3.0,8.0,0.94061315,0.96989936,0.029286206,0.94061315,0.9078483,-0.032764852,0.94061315,0.94061315,0.0,0.94061315,0.94061315,0.0,0.94061315,0.9041767,-0.03643644,0.94061315,0.90943414,-0.03117901,0.94061315,0.92628115,-0.014331996,0.94061315,0.94061315,0.0,0.94061315,0.94061315,0.0,0.94061315,0.69245327,-0.24815989,0.94061315,0.93727076,-0.00334239,0.94061315,0.9472883,0.006675124,0.94061315,0.91838557,-0.022227585,7
1,1,0,0,0,0,5,0,0,7,2.0,5.0,2.0,3.0,3.0,8.0,4.0,3.0,6.0,4.0,4.0,3.0,9.0,0.94736785,0.9894142,0.042046368,,,,0.94736785,0.94736785,0.0,0.94736785,0.94736785,0.0,0.94736785,0.95310134,0.00573349,0.94736785,0.96120787,0.01384002,0.94736785,0.9532467,0.0058788657,0.94736785,0.94736785,0.0,0.94736785,0.94736785,0.0,0.94736785,0.85644567,-0.09092218,0.94736785,0.88384145,-0.06352639,0.94736785,0.92349833,-0.023869514,0.94736785,0.9447904,-0.002577424,26
3,0,0,0,0,0,0,0,0,3,1.0,4.0,1.0,1.0,1.0,4.0,3.0,3.0,6.0,4.0,3.0,3.0,9.0,,,,0.9956866,0.9965951,0.000908494,0.9956866,0.9956866,0.0,0.9956866,0.9956866,0.0,,,,,,,,,,0.9956866,0.9956866,0.0,0.9956866,0.9956866,0.0,0.9956866,0.9879957,-0.0076909065,0.9956866,0.9944119,-0.0012747049,0.9956866,0.99309653,-0.0025900602,0.9956866,0.99430543,-0.0013811588,15
1,0,0,0,0,0,2,0,0,3,1.0,3.0,1.0,1.0,1.0,4.0,4.0,4.0,10.0,4.0,4.0,4.0,10.0,,,,0.9879616,0.9916031,0.0036414862,0.9879616,0.9879616,0.0,0.9879616,0.9879616,0.0,,,,,,,,,,0.9879616,0.9879616,0.0,,,,0.9879616,0.9758375,-0.012124062,,,,0.9879616,0.9915672,0.0036056042,,,,10
3,1,0,0,0,0,2,0,1,2,2.0,5.0,2.0,2.0,2.0,3.0,3.0,3.0,8.0,4.0,4.0,3.0,7.0,0.8840304,0.989777,0.10574663,,,,0.8840304,0.8840304,0.0,0.8840304,0.8840304,0.0,0.8840304,0.8498511,-0.03417933,0.8840304,0.9626635,0.07863307,0.8840304,0.8779649,-0.006065488,0.8840304,0.8840304,0.0,0.8840304,0.8840304,0.0,0.8840304,0.9252918,0.041261375,0.8840304,0.8749499,-0.009080529,0.8840304,0.86718524,-0.016845167,0.8840304,0.85864556,-0.025384843,1
0,1,0,0,1,3,7,6,0,7,1.0,5.0,3.0,4.0,3.0,0.0,3.0,3.0,9.0,4.0,3.0,3.0,10.0,,,,,,,0.88195777,0.88195777,0.0,0.88195777,0.88195777,0.0,0.88195777,0.9449855,0.06302774,0.88195777,0.88216233,0.00020456314,0.88195777,0.8313524,-0.050605357,0.88195777,0.88195777,0.0,0.88195777,0.88195777,0.0,,,,0.88195777,0.88017774,-0.0017800331,0.88195777,0.8691059,-0.012851894,,,,21
1,0,2,0,1,1,5,0,0,7,1.0,1.0,1.0,1.0,1.0,2.0,3.0,3.0,7.0,5.0,3.0,5.0,8.0,,,,0.99694616,0.9906826,-0.006263554,,,,0.99694616,0.99694616,0.0,,,,,,,,,,0.99694616,0.99694616,0.0,0.99694616,0.99694616,0.0,0.99694616,0.9979857,0.0010395646,0.99694616,0.99939203,0.0024458766,,,,0.99694616,0.9953223,-0.001623869,26
2,1,2,0,0,1,1,0,0,3,2.0,3.0,2.0,2.0,2.0,6.0,4.0,3.0,6.0,4.0,4.0,2.0,8.0,0.63735676,0.69880235,0.061445594,0.63735676,0.79962635,0.16226959,0.63735676,0.63735676,0.0,0.63735676,0.63735676,0.0,0.63735676,0.62253267,-0.014824092,0.63735676,0.6714647,0.034107924,0.63735676,0.68976,0.05240327,0.63735676,0.63735676,0.0,0.63735676,0.63735676,0.0,0.63735676,0.5851053,-0.05225146,0.63735676,0.6347705,-0.0025862455,0.63735676,0.5631336,-0.07422316,0.63735676,0.5261415,-0.111215234,17
2,1,3,0,0,0,3,0,0,3,1.0,4.0,2.0,4.0,2.0,3.0,4.0,3.0,7.0,4.0,5.0,3.0,4.0,,,,0.97124904,0.9712809,3.182888e-05,0.97124904,0.97124904,0.0,,,,0.97124904,0.9661932,-0.005055845,0.97124904,0.9711646,-8.445978e-05,0.97124904,0.96264094,-0.008608103,0.97124904,0.97124904,0.0,0.97124904,0.97124904,0.0,0.97124904,0.9675835,-0.0036655664,0.97124904,0.95283824,-0.018410802,0.97124904,0.9768702,0.0056211352,0.97124904,0.9890984,0.017849386,20
5,0,1,0,0,0,4,3,0,3,1.0,4.0,3.0,3.0,2.0,5.0,3.0,3.0,7.0,3.0,4.0,5.0,6.0,,,,0.92376924,0.846735,-0.077034235,0.92376924,0.92376924,0.0,0.92376924,0.92376924,0.0,0.92376924,0.9503734,0.026604176,0.92376924,0.90805256,-0.015716672,0.92376924,0.9455822,0.021812975,0.92376924,0.92376924,0.0,0.92376924,0.92376924,0.0,0.92376924,0.9598207,0.036051452,0.92376924,0.919152,-0.004617214,,,,0.92376924,0.94212085,0.018351614,7
2,0,1,0,1,1,4,0,0,3,2.0,5.0,2.0,2.0,2.0,3.0,2.0,1.0,7.0,4.0,4.0,4.0,7.0,0.89437747,0.95720834,0.062830865,,,,0.89437747,0.89437747,0.0,0.89437747,0.89437747,0.0,0.89437747,0.8920365,-0.0023409724,0.89437747,0.9436735,0.04929602,0.89437747,0.9200759,0.025698423,0.89437747,0.89437747,0.0,0.89437747,0.89437747,0.0,0.89437747,0.9748966,0.08051914,0.89437747,0.80372846,-0.09064901,0.89437747,0.8480851,-0.046292365,0.89437747,0.97870755,0.08433008,9
6,0,0,0,0,4,4,3,0,3,2.0,4.0,3.0,4.0,2.0,1.0,3.0,3.0,8.0,4.0,5.0,4.0,8.0,0.25608915,0.7553139,0.49922472,0.25608915,0.2232146,-0.032874554,0.25608915,0.25608915,0.0,,,,0.25608915,0.28032982,0.024240673,0.25608915,0.45947638,0.20338723,0.25608915,0.32346004,0.06737089,0.25608915,0.25608915,0.0,0.25608915,0.25608915,0.0,0.25608915,0.22370724,-0.032381907,0.25608915,0.26268554,0.0065963864,0.25608915,0.30288842,0.046799272,0.25608915,0.1800552,-0.07603395,19
1,0,0,0,0,0,6,0,0,7,1.0,1.0,1.0,1.0,1.0,2.0,5.0,4.0,6.0,4.0,3.0,4.0,8.0,,,,0.99910116,0.99746895,-0.0016322136,0.99910116,0.99910116,0.0,0.99910116,0.99910116,0.0,,,,,,,,,,,,,,,,0.99910116,0.9993943,0.00029313564,0.99910116,0.99899906,-0.00010210276,0.99910116,0.99944025,0.00033909082,0.99910116,0.99880874,-0.0002924204,10
2,1,0,0,1,2,2,5,0,0,3.0,1.0,1.0,1.0,1.0,10.0,2.0,1.0,5.0,3.0,3.0,1.0,6.0,0.03992765,0.03997894,5.1289797e-05,0.03992765,0.039212257,-0.0007153936,0.03992765,0.03992765,0.0,0.03992765,0.03992765,0.0,,,,,,,,,,0.03992765,0.03992765,0.0,0.03992765,0.03992765,0.0,0.03992765,0.22460403,0.18467638,0.03992765,0.02656655,-0.0133611,0.03992765,0.025098905,-0.014828745,0.03992765,0.019001763,-0.020925887,13
3,1,1,0,2,1,3,0,0,0,3.0,4.0,3.0,4.0,3.0,6.0,3.0,2.0,5.0,4.0,5.0,4.0,7.0,0.43718857,0.36958042,-0.06760815,0.43718857,0.3544827,-0.082705855,0.43718857,0.43718857,0.0,,,,0.43718857,0.72277963,0.28559107,0.43718857,0.32997882,-0.10720974,0.43718857,0.38415915,-0.053029418,0.43718857,0.43718857,0.0,0.43718857,0.43718857,0.0,0.43718857,0.83995056,0.402762,0.43718857,0.283321,-0.15386757,0.43718857,0.35346392,-0.08372465,0.43718857,0.37871477,-0.058473796,4
3,1,0,0,2,0,2,0,0,0,2.0,5.0,2.0,2.0,2.0,4.0,2.0,2.0,6.0,3.0,3.0,1.0,6.0,0.9897496,0.9904316,0.00068199635,,,,0.9897496,0.9897496,0.0,0.9897496,0.9897496,0.0,0.9897496,0.98706007,-0.0026895404,0.9897496,0.995742,0.0059924126,0.9897496,0.990591,0.00084137917,0.9897496,0.9897496,0.0,0.9897496,0.9897496,0.0,0.9897496,0.9767903,-0.0129593015,0.9897496,0.9917162,0.0019665956,0.9897496,0.9904169,0.000667274,0.9897496,0.9910589,0.0013092756,15
2,0,0,0,2,1,5,0,0,3,1.0,4.0,2.0,2.0,2.0,2.0,1.0,3.0,9.0,5.0,5.0,3.0,9.0,,,,0.9422392,0.92248285,-0.019756377,,,,,,,0.9422392,0.94744146,0.005202234,0.9422392,0.9770215,0.03478229,0.9422392,0.9529848,0.010745585,0.9422392,0.9422392,0.0,0.9422392,0.9422392,0.0,0.9422392,0.9715408,0.029301584,0.9422392,0.92347634,-0.018762887,0.9422392,0.91761774,-0.024621487,0.9422392,0.935114,-0.007125199,9
4,0,0,0,0,0,3,0,0,5,2.0,4.0,2.0,2.0,2.0,8.0,4.0,3.0,9.0,4.0,5.0,4.0,8.0,0.93671405,0.98305005,0.046335995,0.93671405,0.93517077,-0.0015432835,0.93671405,0.93671405,0.0,,,,0.93671405,0.9236588,-0.013055265,0.93671405,0.9738603,0.03714627,0.93671405,0.93469465,-0.0020194054,0.93671405,0.93671405,0.0,0.93671405,0.93671405,0.0,0.93671405,0.96455395,0.027839899,0.93671405,0.90588117,-0.030832887,0.93671405,0.9611519,0.024437845,0.93671405,0.93866825,0.001954198,23
1,1,4,0,0,0,7,0,0,8,4.0,5.0,2.0,2.0,2.0,5.0,2.0,4.0,7.0,4.0,4.0,1.0,6.0,0.19838019,0.38203436,0.18365417,,,,0.19838019,0.19838019,0.0,0.19838019,0.19838019,0.0,0.19838019,0.17745629,-0.020923898,0.19838019,0.2253308,0.026950613,0.19838019,0.18400314,-0.014377043,0.19838019,0.19838019,0.0,,,,0.19838019,0.31612557,0.117745385,0.19838019,0.2596927,0.06131251,0.19838019,0.33315164,0.13477145,0.19838019,0.5513853,0.3530051,26
5,1,0,0,0,0,4,4,0,3,3.0,3.0,4.0,4.0,3.0,5.0,3.0,3.0,5.0,4.0,3.0,4.0,8.0,0.3786474,0.7398181,0.3611707,0.3786474,0.5217819,0.14313453,0.3786474,0.3786474,0.0,0.3786474,0.3786474,0.0,0.3786474,0.49128172,0.11263433,0.3786474,0.34627512,-0.032372266,0.3786474,0.2985976,-0.08004978,0.3786474,0.3786474,0.0,0.3786474,0.3786474,0.0,0.3786474,0.12727377,-0.25137362,0.3786474,0.46772715,0.08907977,0.3786474,0.42617798,0.04753059,0.3786474,0.18191358,-0.1967338,5
2,1,0,0,0,0,9,0,2,4,1.0,5.0,1.0,2.0,3.0,3.0,4.0,3.0,9.0,4.0,4.0,3.0,7.0,,,,,,,0.95705795,0.95705795,0.0,0.95705795,0.95705795,0.0,,,,0.95705795,0.975874,0.018816054,0.95705795,0.9656604,0.00860244,0.95705795,0.95705795,0.0,0.95705795,0.95705795,0.0,0.95705795,0.9534846,-0.003573358,0.95705795,0.9518676,-0.0051903725,0.95705795,0.93729746,-0.01976049,0.95705795,0.9587366,0.0016786456,3
2,1,0,0,0,0,1,1,2,4,2.0,5.0,2.0,2.0,3.0,2.0,4.0,4.0,8.0,5.0,5.0,4.0,9.0,0.68306947,0.9115478,0.22847831,,,,,,,,,,0.68306947,0.5749199,-0.10814959,0.68306947,0.81210387,0.1290344,0.68306947,0.7234671,0.040397644,0.68306947,0.68306947,0.0,,,,0.68306947,0.39135653,-0.29171294,0.68306947,0.6354897,-0.047579765,0.68306947,0.40123272,-0.28183675,0.68306947,0.69470733,0.0116378665,3
1,1,4,0,0,0,5,0,0,0,1.0,5.0,1.0,1.0,3.0,5.0,4.0,2.0,7.0,4.0,5.0,3.0,8.0,,,,,,,0.87977594,0.87977594,0.0,,,,,,,,,,0.87977594,0.9220746,0.042298675,0.87977594,0.87977594,0.0,0.87977594,0.87977594,0.0,0.87977594,0.89919883,0.019422889,0.87977594,0.7236759,-0.15610003,0.87977594,0.8902347,0.010458767,0.87977594,0.52144754,-0.3583284,20
2,1,0,0,0,0,4,0,2,4,1.0,2.0,1.0,1.0,4.0,5.0,4.0,3.0,8.0,4.0,4.0,3.0,10.0,,,,0.939028,0.9247231,-0.014304936,0.939028,0.939028,0.0,0.939028,0.939028,0.0,,,,,,,0.939028,0.9538245,0.014796495,0.939028,0.939028,0.0,0.939028,0.939028,0.0,0.939028,0.9932052,0.054177165,0.939028,0.84759504,-0.09143299,0.939028,0.88615566,-0.05287236,,,,2
2,0,0,0,0,0,2,0,0,3,1.0,5.0,2.0,2.0,1.0,8.0,2.0,1.0,5.0,4.0,4.0,2.0,3.0,,,,,,,0.6914889,0.6914889,0.0,0.6914889,0.6914889,0.0,0.6914889,0.68225384,-0.009235084,0.6914889,0.8243423,0.13285339,,,,0.6914889,0.6914889,0.0,0.6914889,0.6914889,0.0,0.6914889,0.8998486,0.20835966,0.6914889,0.5952515,-0.09623742,0.6914889,0.6310295,-0.060459435,0.6914889,0.93034196,0.23885304,10
1,0,2,0,1,0,3,0,0,7,2.0,2.0,2.0,2.0,4.0,6.0,2.0,3.0,7.0,4.0,5.0,3.0,6.0,0.9064564,0.96114904,0.054692626,0.9064564,0.74407226,-0.16238415,0.9064564,0.9064564,0.0,,,,0.9064564,0.8964391,-0.010017335,0.9064564,0.9096354,0.0031790137,0.9064564,0.9012743,-0.0051820874,0.9064564,0.9064564,0.0,0.9064564,0.9064564,0.0,0.9064564,0.77026725,-0.13618916,0.9064564,0.83087903,-0.07557738,0.9064564,0.9046597,-0.0017967224,0.9064564,0.87744594,-0.029010475,26
2,1,0,0,0,0,8,1,0,7,2.0,5.0,2.0,3.0,2.0,2.0,3.0,3.0,8.0,3.0,4.0,3.0,8.0,0.950246,0.9917522,0.04150623,,,,0.950246,0.950246,0.0,0.950246,0.950246,0.0,0.950246,0.94158214,-0.008663833,0.950246,0.9774645,0.02721852,0.950246,0.98014075,0.02989477,0.950246,0.950246,0.0,0.950246,0.950246,0.0,0.950246,0.734598,-0.215648,0.950246,0.9747517,0.024505734,0.950246,0.92238986,-0.027856112,0.950246,0.9449355,-0.005310476,26
2,0,0,0,0,0,9,0,2,2,1.0,4.0,3.0,2.0,2.0,3.0,4.0,3.0,8.0,2.0,4.0,3.0,6.0,,,,0.90541506,0.9090243,0.00360924,0.90541506,0.90541506,0.0,0.90541506,0.90541506,0.0,0.90541506,0.97867405,0.073258996,0.90541506,0.9399781,0.034563065,0.90541506,0.9532324,0.04781735,0.90541506,0.90541506,0.0,0.90541506,0.90541506,0.0,0.90541506,0.86143106,-0.043983996,0.90541506,0.8746929,-0.030722141,0.90541506,0.90578765,0.00037258863,0.90541506,0.88391894,-0.021496117,2
2,1,0,0,0,0,3,0,0,0,1.0,4.0,3.0,2.0,3.0,4.0,4.0,3.0,7.0,4.0,3.0,3.0,8.0,,,,0.9866642,0.9901112,0.0034469962,0.9866642,0.9866642,0.0,0.9866642,0.9866642,0.0,0.9866642,0.9926717,0.006007552,0.9866642,0.9943241,0.007659912,0.9866642,0.99135745,0.0046932697,0.9866642,0.9866642,0.0,0.9866642,0.9866642,0.0,0.9866642,0.94157207,-0.045092106,0.9866642,0.9768662,-0.00979799,0.9866642,0.97771525,-0.008948922,0.9866642,0.9869292,0.00026500225,20
2,0,0,0,0,0,3,0,0,3,3.0,5.0,2.0,3.0,2.0,2.0,4.0,3.0,7.0,4.0,3.0,4.0,6.0,0.81189376,0.9791443,0.16725051,,,,0.81189376,0.81189376,0.0,0.81189376,0.81189376,0.0,0.81189376,0.8319858,0.02009201,0.81189376,0.91807204,0.10617828,0.81189376,0.84756213,0.035668373,0.81189376,0.81189376,0.0,0.81189376,0.81189376,0.0,0.81189376,0.35334095,-0.4585528,0.81189376,0.7220183,-0.08987546,0.81189376,0.6849429,-0.12695086,0.81189376,0.78643286,-0.025460899,15
3,1,1,0,0,0,2,0,3,4,1.0,5.0,1.0,3.0,1.0,7.0,3.0,4.0,6.0,4.0,3.0,2.0,8.0,,,,,,,0.9786103,0.9786103,0.0,0.9786103,0.9786103,0.0,,,,0.9786103,0.9697137,-0.008896589,,,,0.9786103,0.9786103,0.0,,,,0.9786103,0.9963697,0.017759442,0.9786103,0.9742028,-0.0044074655,0.9786103,0.9438018,-0.034808457,0.9786103,0.97916585,0.0005555749,2
0,1,6,0,0,2,0,2,2,7,2.0,5.0,3.0,3.0,5.0,8.0,2.0,3.0,7.0,5.0,4.0,4.0,3.0,0.8047273,0.9480279,0.1433006,,,,,,,0.8047273,0.8047273,0.0,0.8047273,0.7664329,-0.038294435,0.8047273,0.7903449,-0.014382422,0.8047273,0.80932987,0.0046025515,0.8047273,0.8047273,0.0,0.8047273,0.8047273,0.0,0.8047273,0.901504,0.096776664,0.8047273,0.7385581,-0.0661692,0.8047273,0.7785646,-0.026162744,0.8047273,0.77723306,-0.027494252,25
5,0,0,0,0,0,2,0,0,0,3.0,3.0,1.0,2.0,2.0,6.0,3.0,3.0,6.0,3.0,4.0,3.0,7.0,0.76548404,0.89896977,0.13348573,0.76548404,0.8926734,0.12718934,0.76548404,0.76548404,0.0,0.76548404,0.76548404,0.0,,,,0.76548404,0.839985,0.07450098,0.76548404,0.68925387,-0.07623017,0.76548404,0.76548404,0.0,0.76548404,0.76548404,0.0,0.76548404,0.8559458,0.09046179,0.76548404,0.73574257,-0.029741466,0.76548404,0.70202607,-0.063457966,0.76548404,0.7980687,0.032584667,15
3,1,0,0,0,0,4,0,0,0,2.0,4.0,2.0,2.0,2.0,3.0,4.0,3.0,6.0,4.0,4.0,2.0,6.0,0.9774154,0.99243563,0.015020251,0.9774154,0.9891131,0.01169771,0.9774154,0.9774154,0.0,0.9774154,0.9774154,0.0,0.9774154,0.9757283,-0.0016871095,0.9774154,0.99117064,0.013755262,0.9774154,0.9871356,0.009720206,0.9774154,0.9774154,0.0,0.9774154,0.9774154,0.0,0.9774154,0.93965477,-0.037760615,0.9774154,0.98004043,0.0026250482,0.9774154,0.9720005,-0.005414903,0.9774154,0.9243264,-0.053088963,15
4,0,1,0,1,1,3,0,0,5,1.0,5.0,1.0,1.0,1.0,7.0,3.0,3.0,5.0,4.0,4.0,5.0,8.0,,,,,,,0.96196634,0.96196634,0.0,0.96196634,0.96196634,0.0,,,,,,,,,,0.96196634,0.96196634,0.0,0.96196634,0.96196634,0.0,0.96196634,0.9629793,0.0010129809,0.96196634,0.9684853,0.00651896,,,,0.96196634,0.9738089,0.011842549,23
5,1,0,0,1,1,2,3,0,0,1.0,5.0,1.0,2.0,1.0,0.0,4.0,4.0,10.0,5.0,5.0,4.0,9.0,,,,,,,,,,,,,,,,0.970356,0.97028726,-6.8724155e-05,,,,0.970356,0.970356,0.0,,,,,,,,,,0.970356,0.9752256,0.00486964,0.970356,0.9659065,-0.0044494867,22
3,0,2,0,0,0,4,0,1,4,1.0,4.0,2.0,2.0,3.0,4.0,3.0,3.0,7.0,4.0,4.0,4.0,7.0,,,,0.9900643,0.99292916,0.0028648376,0.9900643,0.9900643,0.0,0.9900643,0.9900643,0.0,0.9900643,0.9900366,-2.771616e-05,0.9900643,0.9885739,-0.0014904141,0.9900643,0.99441385,0.0043495297,0.9900643,0.9900643,0.0,0.9900643,0.9900643,0.0,0.9900643,0.9755005,-0.014563799,0.9900643,0.98543406,-0.0046302676,0.9900643,0.9905227,0.00045835972,0.9900643,0.9957787,0.005714357,2
3,1,0,0,0,0,5,0,0,3,3.0,2.0,2.0,3.0,2.0,3.0,4.0,3.0,8.0,4.0,3.0,5.0,9.0,0.44587526,0.71159637,0.2657211,0.44587526,0.42474884,-0.02112642,0.44587526,0.44587526,0.0,0.44587526,0.44587526,0.0,0.44587526,0.55623794,0.11036268,0.44587526,0.4462959,0.00042062998,0.44587526,0.48073366,0.034858406,0.44587526,0.44587526,0.0,0.44587526,0.44587526,0.0,0.44587526,0.090970114,-0.35490513,0.44587526,0.5786253,0.13275006,,,,0.44587526,0.4296777,-0.016197562,17
0,1,0,0,0,0,8,0,0,7,1.0,4.0,2.0,2.0,2.0,2.0,4.0,3.0,5.0,5.0,4.0,3.0,6.0,,,,0.98405784,0.99101967,0.0069618225,,,,0.98405784,0.98405784,0.0,0.98405784,0.98500687,0.00094902515,0.98405784,0.99129033,0.007232487,0.98405784,0.99096346,0.0069056153,0.98405784,0.98405784,0.0,0.98405784,0.98405784,0.0,0.98405784,0.9920493,0.007991433,0.98405784,0.9970036,0.012945771,0.98405784,0.9420177,-0.04204017,0.98405784,0.9894247,0.005366862,26
1,1,0,0,0,0,7,0,0,0,3.0,3.0,2.0,2.0,2.0,5.0,3.0,3.0,8.0,4.0,4.0,3.0,7.0,0.89430124,0.98006755,0.085766315,0.89430124,0.9473669,0.053065658,0.89430124,0.89430124,0.0,0.89430124,0.89430124,0.0,0.89430124,0.86837846,-0.025922775,0.89430124,0.9309484,0.03664714,0.89430124,0.9249212,0.030619979,0.89430124,0.89430124,0.0,0.89430124,0.89430124,0.0,0.89430124,0.9438353,0.049534082,0.89430124,0.8089602,-0.08534104,0.89430124,0.78429645,-0.11000478,0.89430124,0.94187593,0.0475747,17
3,1,0,0,2,1,3,1,0,5,1.0,5.0,1.0,2.0,2.0,4.0,2.0,3.0,8.0,4.0,4.0,3.0,8.0,,,,,,,0.86457604,0.86457604,0.0,0.86457604,0.86457604,0.0,,,,0.86457604,0.9873783,0.12280226,0.86457604,0.8576567,-0.0069193244,0.86457604,0.86457604,0.0,0.86457604,0.86457604,0.0,0.86457604,0.90284485,0.038268805,0.86457604,0.57137907,-0.29319698,0.86457604,0.869507,0.004930973,0.86457604,0.87734437,0.012768328,4
1,0,0,0,0,1,3,0,0,3,2.0,3.0,2.0,3.0,2.0,2.0,3.0,3.0,9.0,4.0,4.0,4.0,8.0,0.9473191,0.9932359,0.045916796,0.9473191,0.94901043,0.0016913414,0.9473191,0.9473191,0.0,0.9473191,0.9473191,0.0,0.9473191,0.9287317,-0.01858741,0.9473191,0.95759165,0.0102725625,0.9473191,0.9646319,0.017312825,0.9473191,0.9473191,0.0,0.9473191,0.9473191,0.0,0.9473191,0.8222039,-0.12511522,0.9473191,0.94535685,-0.0019622445,0.9473191,0.9599697,0.012650609,0.9473191,0.7955228,-0.15179628,17
2,0,2,0,1,1,1,0,2,2,4.0,4.0,3.0,3.0,3.0,5.0,3.0,3.0,5.0,3.0,3.0,4.0,5.0,0.06761123,0.10866808,0.04105685,0.06761123,0.06822076,0.00060952455,0.06761123,0.06761123,0.0,0.06761123,0.06761123,0.0,0.06761123,0.07850034,0.0108891055,0.06761123,0.25060794,0.1829967,0.06761123,0.053448953,-0.01416228,0.06761123,0.06761123,0.0,0.06761123,0.06761123,0.0,0.06761123,0.061538737,-0.006072495,0.06761123,0.13283512,0.06522389,0.06761123,0.07319441,0.0055831745,0.06761123,0.10348568,0.03587445,0
3,0,5,0,0,0,8,7,0,3,1.0,4.0,2.0,2.0,2.0,4.0,4.0,3.0,10.0,4.0,4.0,5.0,9.0,,,,0.99237275,0.9936121,0.0012393594,0.99237275,0.99237275,0.0,0.99237275,0.99237275,0.0,0.99237275,0.993256,0.0008832216,0.99237275,0.9899199,-0.0024528503,0.99237275,0.9950099,0.002637148,0.99237275,0.99237275,0.0,0.99237275,0.99237275,0.0,0.99237275,0.97855127,-0.013821483,,,,,,,0.99237275,0.9848877,-0.007485032,23
2,1,2,0,0,0,3,4,3,4,3.0,5.0,2.0,2.0,5.0,4.0,4.0,3.0,8.0,5.0,5.0,5.0,10.0,0.061535686,0.30701014,0.24547446,,,,,,,,,,0.061535686,0.058389373,-0.0031463131,0.061535686,0.1665872,0.10505152,0.061535686,0.064534225,0.0029985383,0.061535686,0.061535686,0.0,0.061535686,0.061535686,0.0,0.061535686,0.028736297,-0.03279939,0.061535686,0.06794774,0.0064120516,,,,,,,3
1,0,1,0,0,1,4,0,0,3,2.0,4.0,1.0,1.0,1.0,4.0,3.0,4.0,7.0,4.0,5.0,3.0,8.0,0.90218323,0.97875917,0.076575935,0.90218323,0.8911878,-0.010995448,0.90218323,0.90218323,0.0,,,,,,,,,,,,,0.90218323,0.90218323,0.0,,,,0.90218323,0.9502516,0.048068345,0.90218323,0.6934128,-0.20877045,0.90218323,0.89921975,-0.0029634833,0.90218323,0.96034247,0.058159232,17
2,0,3,0,0,0,4,0,0,0,1.0,4.0,1.0,1.0,1.0,0.0,3.0,4.0,10.0,5.0,5.0,5.0,10.0,,,,0.7934752,0.8458752,0.052399993,,,,,,,,,,,,,,,,0.7934752,0.7934752,0.0,,,,,,,,,,,,,,,,20
0,1,0,0,0,1,5,0,0,1,3.0,4.0,3.0,2.0,2.0,4.0,3.0,2.0,8.0,4.0,3.0,3.0,7.0,0.917047,0.9218488,0.00480175,0.917047,0.917047,0.0,0.917047,0.917047,0.0,0.917047,0.917047,0.0,0.917047,0.96581185,0.048764825,0.917047,0.9162392,-0.00080782175,0.917047,0.9102292,-0.0068178177,0.917047,0.917047,0.0,0.917047,0.917047,0.0,0.917047,0.9090238,-0.008023202,0.917047,0.8441201,-0.07292694,0.917047,0.9257267,0.008679688,0.917047,0.9086702,-0.008376837,11
0,0,5,0,2,3,9,6,1,7,2.0,5.0,2.0,2.0,1.0,3.0,4.0,3.0,7.0,4.0,3.0,2.0,7.0,0.9763876,0.99310994,0.016722322,,,,0.9763876,0.9763876,0.0,0.9763876,0.9763876,0.0,0.9763876,0.9660018,-0.010385811,0.9763876,0.98243225,0.0060446262,,,,0.9763876,0.9763876,0.0,0.9763876,0.9763876,0.0,0.9763876,0.95708925,-0.019298375,0.9763876,0.9814286,0.005041003,0.9763876,0.9592917,-0.017095923,0.9763876,0.981921,0.005533397,21
2,1,1,0,0,0,3,0,0,3,2.0,4.0,2.0,3.0,2.0,6.0,2.0,2.0,3.0,3.0,3.0,3.0,6.0,0.9559393,0.9616239,0.005684614,0.9559393,0.9163999,-0.039539397,0.9559393,0.9559393,0.0,0.9559393,0.9559393,0.0,0.9559393,0.9488913,-0.007048011,0.9559393,0.9526709,-0.0032684207,0.9559393,0.94856626,-0.007373035,0.9559393,0.9559393,0.0,0.9559393,0.9559393,0.0,0.9559393,0.9878549,0.031915605,0.9559393,0.9335813,-0.022358,0.9559393,0.95025307,-0.0056862235,0.9559393,0.95295376,-0.002985537,17
2,0,1,0,0,1,2,0,2,4,1.0,5.0,2.0,2.0,2.0,1.0,4.0,3.0,8.0,4.0,4.0,4.0,8.0,,,,,,,0.8837671,0.8837671,0.0,0.8837671,0.8837671,0.0,0.8837671,0.8874967,0.0037295818,0.8837671,0.9326851,0.04891795,0.8837671,0.8602624,-0.023504734,0.8837671,0.8837671,0.0,0.8837671,0.8837671,0.0,0.8837671,0.88617015,0.0024030209,0.8837671,0.8178259,-0.065941215,0.8837671,0.8227468,-0.061020315,0.8837671,0.9345465,0.050779343,2
4,0,0,0,1,0,7,0,0,5,2.0,3.0,3.0,2.0,2.0,5.0,5.0,4.0,7.0,5.0,4.0,2.0,6.0,0.98086333,0.99197054,0.011107206,0.98086333,0.9865959,0.005732596,,,,0.98086333,0.98086333,0.0,0.98086333,0.95776254,-0.023100793,0.98086333,0.9917521,0.010888755,0.98086333,0.98357046,0.0027071238,,,,,,,0.98086333,0.96322876,-0.01763457,0.98086333,0.99314183,0.012278497,0.98086333,0.9707764,-0.010086954,0.98086333,0.9599354,-0.020927906,23
5,0,2,0,0,0,4,1,0,0,3.0,3.0,2.0,3.0,2.0,3.0,4.0,3.0,7.0,4.0,4.0,2.0,9.0,0.22478499,0.78580916,0.5610242,0.22478499,0.429898,0.20511301,0.22478499,0.22478499,0.0,0.22478499,0.22478499,0.0,0.22478499,0.26210147,0.037316486,0.22478499,0.5236314,0.29884642,0.22478499,0.27184305,0.04705806,0.22478499,0.22478499,0.0,0.22478499,0.22478499,0.0,0.22478499,0.04661573,-0.17816925,0.22478499,0.11774626,-0.10703873,0.22478499,0.26534405,0.04055907,0.22478499,0.23306723,0.008282244,5
1,0,1,0,0,0,6,0,1,4,1.0,3.0,1.0,2.0,1.0,8.0,3.0,3.0,3.0,2.0,4.0,2.0,3.0,,,,0.53232294,0.52351916,-0.008803785,0.53232294,0.53232294,0.0,0.53232294,0.53232294,0.0,,,,0.53232294,0.5709469,0.03862393,,,,0.53232294,0.53232294,0.0,0.53232294,0.53232294,0.0,0.53232294,0.29802725,-0.2342957,0.53232294,0.3232512,-0.20907176,0.53232294,0.5676723,0.03534937,0.53232294,0.7805915,0.24826854,2
4,0,2,0,4,0,3,0,0,8,3.0,3.0,2.0,3.0,2.0,6.0,3.0,2.0,7.0,3.0,3.0,4.0,7.0,0.3601001,0.61137915,0.25127906,0.3601001,0.5850036,0.22490352,0.3601001,0.3601001,0.0,0.3601001,0.3601001,0.0,0.3601001,0.3345284,-0.025571704,0.3601001,0.43801442,0.07791433,0.3601001,0.46212995,0.10202986,0.3601001,0.3601001,0.0,0.3601001,0.3601001,0.0,0.3601001,0.54372954,0.18362945,0.3601001,0.2802652,-0.07983488,0.3601001,0.31204873,-0.048051357,0.3601001,0.3827532,0.022653103,23
5,1,0,0,0,0,4,3,0,0,1.0,4.0,1.0,1.0,1.0,0.0,5.0,3.0,9.0,5.0,4.0,5.0,5.0,,,,0.86380786,0.97058016,0.1067723,,,,0.86380786,0.86380786,0.0,,,,,,,,,,,,,0.86380786,0.86380786,0.0,,,,0.86380786,0.732899,-0.13090885,,,,0.86380786,0.89665604,0.03284818,5
4,1,0,0,0,0,7,0,0,0,1.0,5.0,2.0,2.0,2.0,2.0,4.0,3.0,8.0,5.0,3.0,2.0,7.0,,,,,,,,,,0.99826837,0.99826837,0.0,0.99826837,0.99813604,-0.00013232231,0.99826837,0.9989361,0.00066775084,0.99826837,0.99893564,0.000667274,0.99826837,0.99826837,0.0,0.99826837,0.99826837,0.0,0.99826837,0.994589,-0.0036793947,0.99826837,0.9975389,-0.00072944164,0.99826837,0.99800366,-0.00026470423,0.99826837,0.99702626,-0.0012421012,15
1,1,1,0,0,3,5,6,0,3,1.0,4.0,2.0,3.0,2.0,3.0,2.0,3.0,7.0,4.0,3.0,2.0,6.0,,,,0.962931,0.924081,-0.03884995,0.962931,0.962931,0.0,0.962931,0.962931,0.0,0.962931,0.95019853,-0.012732446,0.962931,0.92165256,-0.041278422,0.962931,0.95381725,-0.009113729,0.962931,0.962931,0.0,0.962931,0.962931,0.0,0.962931,0.70525867,-0.2576723,0.962931,0.95845026,-0.0044807196,0.962931,0.95703655,-0.0058944225,0.962931,0.94511026,-0.017820716,8
1,1,5,0,0,0,1,0,0,3,2.0,3.0,2.0,3.0,1.0,4.0,3.0,3.0,8.0,4.0,4.0,3.0,8.0,0.9710081,0.99444985,0.023441732,0.9710081,0.9780332,0.007025063,0.9710081,0.9710081,0.0,0.9710081,0.9710081,0.0,0.9710081,0.97041,-0.0005981326,0.9710081,0.9759134,0.0049052835,,,,0.9710081,0.9710081,0.0,0.9710081,0.9710081,0.0,0.9710081,0.94039,-0.030618131,0.9710081,0.97589713,0.0048890114,0.9710081,0.9641422,-0.0068659186,0.9710081,0.95588744,-0.015120685,17
3,1,2,0,0,0,9,1,1,2,3.0,4.0,3.0,3.0,3.0,2.0,4.0,3.0,8.0,3.0,4.0,4.0,10.0,0.32558507,0.32644078,0.0008557141,0.32558507,0.26880622,-0.05677885,0.32558507,0.32558507,0.0,0.32558507,0.32558507,0.0,0.32558507,0.4849254,0.15934032,0.32558507,0.29272503,-0.03286004,0.32558507,0.24749163,-0.07809344,0.32558507,0.32558507,0.0,0.32558507,0.32558507,0.0,0.32558507,0.17549683,-0.15008824,0.32558507,0.5065614,0.18097633,0.32558507,0.32129607,-0.004289001,,,,3
1,1,0,0,0,0,3,0,0,0,3.0,5.0,4.0,2.0,3.0,0.0,4.0,3.0,7.0,4.0,3.0,3.0,7.0,0.69037646,0.9331557,0.24277925,,,,0.69037646,0.69037646,0.0,0.69037646,0.69037646,0.0,0.69037646,0.6729616,-0.017414868,0.69037646,0.8893312,0.19895476,0.69037646,0.6385446,-0.05183184,0.69037646,0.69037646,0.0,0.69037646,0.69037646,0.0,,,,0.69037646,0.5825599,-0.10781658,0.69037646,0.631064,-0.059312463,0.69037646,0.667761,-0.022615433,20
4,1,5,0,0,0,1,0,0,0,2.0,5.0,3.0,3.0,3.0,0.0,4.0,4.0,8.0,3.0,4.0,5.0,7.0,0.49495324,0.934743,0.43978974,,,,0.49495324,0.49495324,0.0,0.49495324,0.49495324,0.0,0.49495324,0.5095209,0.014567643,0.49495324,0.3298536,-0.16509965,0.49495324,0.68842375,0.19347051,0.49495324,0.49495324,0.0,,,,,,,0.49495324,0.74497604,0.2500228,,,,0.49495324,0.26966232,-0.22529092,6
1,1,0,0,5,0,2,7,2,8,3.0,3.0,3.0,3.0,3.0,1.0,1.0,3.0,1.0,3.0,2.0,3.0,1.0,0.7050376,0.8741626,0.16912502,0.7050376,0.787971,0.082933426,0.7050376,0.7050376,0.0,0.7050376,0.7050376,0.0,0.7050376,0.69628096,-0.008756638,0.7050376,0.82576954,0.12073195,0.7050376,0.5802192,-0.124818385,0.7050376,0.7050376,0.0,0.7050376,0.7050376,0.0,0.7050376,0.7050562,1.859665e-05,0.7050376,0.6473245,-0.05771309,0.7050376,0.7822353,0.07719773,0.7050376,0.68437386,-0.020663738,16
5,1,0,0,0,0,5,3,0,0,1.0,4.0,1.0,1.0,1.0,0.0,3.0,3.0,10.0,3.0,4.0,4.0,10.0,,,,0.76962084,0.8792202,0.10959935,0.76962084,0.76962084,0.0,0.76962084,0.76962084,0.0,,,,,,,,,,0.76962084,0.76962084,0.0,0.76962084,0.76962084,0.0,,,,,,,0.76962084,0.7048542,-0.064766645,,,,5
3,1,0,0,0,0,8,0,1,4,1.0,5.0,1.0,1.0,1.0,2.0,4.0,3.0,7.0,1.0,1.0,5.0,10.0,,,,,,,0.9966813,0.9966813,0.0,0.9966813,0.9966813,0.0,,,,,,,,,,0.9966813,0.9966813,0.0,0.9966813,0.9966813,0.0,0.9966813,0.9750632,-0.021618068,0.9966813,0.99598783,-0.00069344044,,,,,,,2
3,0,4,0,0,1,1,0,1,4,2.0,4.0,3.0,2.0,4.0,2.0,2.0,3.0,5.0,2.0,2.0,3.0,6.0,0.7481651,0.8523014,0.10413635,0.7481651,0.7551479,0.0069828033,0.7481651,0.7481651,0.0,0.7481651,0.7481651,0.0,0.7481651,0.6155124,-0.1326527,0.7481651,0.8391219,0.09095681,0.7481651,0.7481651,0.0,0.7481651,0.7481651,0.0,0.7481651,0.7481651,0.0,0.7481651,0.24960859,-0.4985565,0.7481651,0.938239,0.1900739,0.7481651,0.7571183,0.008953214,0.7481651,0.82702386,0.07885879,0
2,1,0,0,0,3,2,6,0,0,1.0,5.0,2.0,2.0,1.0,0.0,3.0,2.0,9.0,5.0,4.0,3.0,10.0,,,,,,,,,,0.7504509,0.7504509,0.0,0.7504509,0.74517304,-0.005277872,0.7504509,0.72221816,-0.028232753,,,,0.7504509,0.7504509,0.0,0.7504509,0.7504509,0.0,,,,0.7504509,0.79584575,0.045394838,0.7504509,0.67021096,-0.08023995,,,,8
2,1,1,0,0,1,2,0,2,2,2.0,4.0,2.0,4.0,2.0,3.0,2.0,3.0,7.0,3.0,4.0,3.0,7.0,0.95220304,0.9969715,0.044768453,0.95220304,0.9465278,-0.0056752563,0.95220304,0.95220304,0.0,0.95220304,0.95220304,0.0,0.95220304,0.9089573,-0.043245733,0.95220304,0.9578878,0.005684793,0.95220304,0.9420492,-0.01015383,0.95220304,0.95220304,0.0,0.95220304,0.95220304,0.0,0.95220304,0.9332069,-0.01899612,0.95220304,0.9147595,-0.03744352,0.95220304,0.936553,-0.015650034,0.95220304,0.9444311,-0.0077719092,1
5,0,0,0,4,1,5,2,0,3,2.0,4.0,3.0,3.0,2.0,5.0,2.0,3.0,5.0,2.0,2.0,3.0,8.0,0.70664346,0.95791364,0.25127017,0.70664346,0.6391705,-0.067472935,0.70664346,0.70664346,0.0,0.70664346,0.70664346,0.0,0.70664346,0.7921888,0.08554536,0.70664346,0.8189779,0.11233443,0.70664346,0.79590726,0.0892638,0.70664346,0.70664346,0.0,0.70664346,0.70664346,0.0,0.70664346,0.7194428,0.012799323,0.70664346,0.829059,0.12241554,0.70664346,0.654868,-0.051775455,0.70664346,0.85779,0.15114653,22
1,0,0,0,0,0,7,0,0,3,1.0,5.0,1.0,1.0,2.0,3.0,4.0,3.0,9.0,4.0,4.0,4.0,10.0,,,,,,,0.9973308,0.9973308,0.0,0.9973308,0.9973308,0.0,,,,,,,0.9973308,0.99845266,0.0011218786,0.9973308,0.9973308,0.0,0.9973308,0.9973308,0.0,0.9973308,0.9951828,-0.0021479726,0.9973308,0.9965724,-0.0007584095,0.9973308,0.99527305,-0.0020577312,,,,10
1,1,0,0,0,0,6,0,2,2,1.0,5.0,2.0,3.0,3.0,8.0,2.0,3.0,5.0,3.0,5.0,3.0,6.0,,,,,,,0.92420757,0.92420757,0.0,,,,0.92420757,0.9092684,-0.014939189,0.92420757,0.86901224,-0.05519533,0.92420757,0.9323301,0.008122504,0.92420757,0.92420757,0.0,0.92420757,0.92420757,0.0,0.92420757,0.9253928,0.0011852384,0.92420757,0.85518545,-0.06902212,0.92420757,0.87062514,-0.05358243,0.92420757,0.9184693,-0.0057382584,1
5,0,0,0,0,0,9,3,0,3,4.0,4.0,4.0,4.0,4.0,0.0,4.0,3.0,8.0,4.0,4.0,4.0,8.0,0.27733555,0.2706916,-0.006643951,0.27733555,0.102816164,-0.17451939,0.27733555,0.27733555,0.0,0.27733555,0.27733555,0.0,0.27733555,0.5030073,0.22567174,0.27733555,0.27007216,-0.007263392,0.27733555,0.23736696,-0.039968595,0.27733555,0.27733555,0.0,0.27733555,0.27733555,0.0,,,,0.27733555,0.4979679,0.22063234,0.27733555,0.33038658,0.053051025,0.27733555,0.09116519,-0.18617037,7
0,1,2,0,5,3,3,6,3,7,2.0,4.0,3.0,2.0,3.0,9.0,2.0,3.0,9.0,4.0,3.0,4.0,10.0,0.6676994,0.91459274,0.24689335,0.6676994,0.62597084,-0.041728556,0.6676994,0.6676994,0.0,0.6676994,0.6676994,0.0,0.6676994,0.6077436,-0.059955776,0.6676994,0.84707636,0.17937696,0.6676994,0.57022357,-0.09747583,0.6676994,0.6676994,0.0,0.6676994,0.6676994,0.0,0.6676994,0.844202,0.17650259,0.6676994,0.61929184,-0.048407555,0.6676994,0.6102108,-0.05748862,,,,21
2,1,2,0,2,0,5,0,0,0,3.0,5.0,3.0,4.0,3.0,6.0,4.0,2.0,4.0,4.0,3.0,3.0,6.0,0.11014339,0.42187047,0.31172708,,,,0.11014339,0.11014339,0.0,0.11014339,0.11014339,0.0,0.11014339,0.2796687,0.1695253,0.11014339,0.15164581,0.041502416,0.11014339,0.13260859,0.0224652,0.11014339,0.11014339,0.0,0.11014339,0.11014339,0.0,0.11014339,0.08385041,-0.02629298,0.11014339,0.058767445,-0.051375948,0.11014339,0.099075176,-0.011068217,0.11014339,0.16374116,0.053597763,6
4,1,2,0,0,0,9,0,0,2,3.0,4.0,2.0,3.0,2.0,8.0,3.0,3.0,8.0,4.0,3.0,4.0,9.0,0.12702301,0.52816534,0.40114233,0.12702301,0.17318152,0.046158507,0.12702301,0.12702301,0.0,0.12702301,0.12702301,0.0,0.12702301,0.1528302,0.025807187,0.12702301,0.31746998,0.19044697,0.12702301,0.17238384,0.045360833,0.12702301,0.12702301,0.0,0.12702301,0.12702301,0.0,0.12702301,0.20389378,0.07687077,0.12702301,0.10868732,-0.018335693,0.12702301,0.1385576,0.011534587,0.12702301,0.12563454,-0.0013884753,12
2,1,0,0,0,0,4,0,2,4,1.0,4.0,1.0,1.0,1.0,3.0,3.0,3.0,7.0,4.0,3.0,5.0,10.0,,,,0.96482617,0.9705673,0.0057411194,0.96482617,0.96482617,0.0,0.96482617,0.96482617,0.0,,,,,,,,,,0.96482617,0.96482617,0.0,0.96482617,0.96482617,0.0,0.96482617,0.8689052,-0.09592098,0.96482617,0.94814813,-0.016678035,,,,,,,2
3,1,1,0,0,0,1,0,2,4,1.0,4.0,1.0,1.0,3.0,0.0,3.0,3.0,8.0,5.0,5.0,5.0,10.0,,,,0.9508761,0.9571698,0.0062936544,,,,,,,,,,,,,0.9508761,0.95998424,0.009108126,0.9508761,0.9508761,0.0,0.9508761,0.9508761,0.0,,,,0.9508761,0.9110452,-0.039830923,,,,,,,2
2,0,1,0,0,0,9,0,0,3,3.0,5.0,2.0,2.0,2.0,8.0,4.0,3.0,9.0,3.0,4.0,5.0,10.0,0.37260142,0.66095394,0.28835252,,,,0.37260142,0.37260142,0.0,0.37260142,0.37260142,0.0,0.37260142,0.42406556,0.05146414,0.37260142,0.45365918,0.08105776,0.37260142,0.5559463,0.18334487,0.37260142,0.37260142,0.0,0.37260142,0.37260142,0.0,0.37260142,0.4213892,0.048787773,0.37260142,0.39586058,0.023259163,,,,,,,20
5,0,0,0,0,0,8,3,0,3,1.0,4.0,2.0,3.0,2.0,0.0,4.0,3.0,9.0,5.0,4.0,4.0,7.0,,,,0.98411673,0.9678495,-0.01626724,,,,0.98411673,0.98411673,0.0,0.98411673,0.9819972,-0.0021195412,0.98411673,0.9663992,-0.01771754,0.98411673,0.9945168,0.010400057,0.98411673,0.98411673,0.0,0.98411673,0.98411673,0.0,,,,0.98411673,0.9843424,0.00022566319,0.98411673,0.9846005,0.0004837513,0.98411673,0.9286377,-0.05547905,7
2,1,1,0,4,3,2,3,3,2,2.0,1.0,2.0,2.0,2.0,1.0,4.0,3.0,7.0,4.0,5.0,5.0,2.0,0.22137628,0.5642734,0.34289712,0.22137628,0.23272291,0.011346623,0.22137628,0.22137628,0.0,,,,0.22137628,0.21977934,-0.0015969425,0.22137628,0.1982103,-0.023165986,0.22137628,0.18727611,-0.034100175,0.22137628,0.22137628,0.0,0.22137628,0.22137628,0.0,0.22137628,0.2589954,0.03761913,0.22137628,0.26645872,0.045082435,,,,0.22137628,0.20748511,-0.013891175,16
1,1,1,0,0,0,2,0,0,1,1.0,5.0,2.0,2.0,2.0,3.0,4.0,3.0,8.0,1.0,5.0,4.0,9.0,,,,,,,0.99905366,0.99905366,0.0,,,,0.99905366,0.99833953,-0.00071412325,0.99905366,0.99941957,0.0003659129,0.99905366,0.99900216,-5.1498413e-05,0.99905366,0.99905366,0.0,0.99905366,0.99905366,0.0,0.99905366,0.9990465,-7.1525574e-06,0.99905366,0.9986413,-0.00041234493,0.99905366,0.9986197,-0.00043398142,0.99905366,0.9982913,-0.0007623434,11
0,1,4,0,1,3,4,6,0,7,2.0,4.0,2.0,4.0,3.0,3.0,3.0,2.0,6.0,2.0,2.0,2.0,6.0,0.7727775,0.82608914,0.053311646,0.7727775,0.85656655,0.08378905,0.7727775,0.7727775,0.0,0.7727775,0.7727775,0.0,0.7727775,0.7336532,-0.03912431,0.7727775,0.75991356,-0.012863934,0.7727775,0.59616876,-0.17660874,0.7727775,0.7727775,0.0,0.7727775,0.7727775,0.0,0.7727775,0.54227006,-0.23050743,0.7727775,0.72547257,-0.04730493,0.7727775,0.72944,-0.043337524,0.7727775,0.9127812,0.14000368,8
3,0,2,0,0,0,6,0,1,4,2.0,2.0,2.0,2.0,2.0,6.0,4.0,3.0,9.0,4.0,3.0,3.0,9.0,0.5631901,0.89951867,0.33632857,0.5631901,0.7963295,0.2331394,0.5631901,0.5631901,0.0,0.5631901,0.5631901,0.0,0.5631901,0.5768069,0.0136168,0.5631901,0.66267455,0.09948444,0.5631901,0.65140635,0.088216245,0.5631901,0.5631901,0.0,0.5631901,0.5631901,0.0,0.5631901,0.85886145,0.29567134,0.5631901,0.5454147,-0.017775416,0.5631901,0.73934394,0.17615384,0.5631901,0.600661,0.037470877,2
3,0,0,0,0,0,5,0,1,4,1.0,5.0,1.0,3.0,1.0,2.0,4.0,4.0,7.0,4.0,4.0,5.0,7.0,,,,,,,0.99879646,0.99879646,0.0,0.99879646,0.99879646,0.0,,,,0.99879646,0.99806374,-0.0007327199,,,,0.99879646,0.99879646,0.0,,,,0.99879646,0.9948025,-0.003993988,0.99879646,0.9989411,0.00014466047,,,,0.99879646,0.9988544,5.7935715e-05,2
3,1,1,0,0,0,4,0,1,2,3.0,5.0,2.0,2.0,2.0,7.0,4.0,3.0,5.0,5.0,4.0,2.0,8.0,0.89054054,0.67207515,-0.21846539,,,,,,,0.89054054,0.89054054,0.0,0.89054054,0.8823936,-0.008146942,0.89054054,0.9574041,0.06686354,0.89054054,0.916318,0.02577746,0.89054054,0.89054054,0.0,0.89054054,0.89054054,0.0,0.89054054,0.83875495,-0.05178559,0.89054054,0.9223494,0.031808853,0.89054054,0.8013303,-0.08921021,0.89054054,0.75273997,-0.13780057,1
2,0,0,0,0,0,7,0,1,4,2.0,2.0,2.0,2.0,2.0,7.0,3.0,2.0,7.0,4.0,4.0,4.0,6.0,0.91445124,0.84149164,-0.0729596,0.91445124,0.96013814,0.0456869,0.91445124,0.91445124,0.0,0.91445124,0.91445124,0.0,0.91445124,0.8934944,-0.020956814,0.91445124,0.9711576,0.05670637,0.91445124,0.95210004,0.037648797,0.91445124,0.91445124,0.0,0.91445124,0.91445124,0.0,0.91445124,0.9590601,0.04460883,0.91445124,0.9342555,0.01980424,0.91445124,0.9327048,0.018253565,0.91445124,0.8712219,-0.04322934,2
1,1,1,0,0,0,6,0,0,0,1.0,5.0,2.0,2.0,2.0,1.0,3.0,3.0,8.0,4.0,4.0,4.0,9.0,,,,,,,0.95013005,0.95013005,0.0,0.95013005,0.95013005,0.0,0.95013005,0.9604891,0.010359049,0.95013005,0.96976984,0.01963979,0.95013005,0.97081506,0.020685017,0.95013005,0.95013005,0.0,0.95013005,0.95013005,0.0,0.95013005,0.96701664,0.016886592,0.95013005,0.93078774,-0.019342303,0.95013005,0.95807797,0.007947922,0.95013005,0.9403964,-0.009733617,20
5,0,0,0,0,0,6,3,0,3,1.0,4.0,1.0,1.0,1.0,2.0,4.0,3.0,8.0,4.0,4.0,5.0,8.0,,,,0.9872168,0.9917612,0.004544437,0.9872168,0.9872168,0.0,0.9872168,0.9872168,0.0,,,,,,,,,,0.9872168,0.9872168,0.0,0.9872168,0.9872168,0.0,0.9872168,0.97057277,-0.016644001,0.9872168,0.9881544,0.00093764067,,,,0.9872168,0.99472874,0.0075119734,7
2,1,1,0,0,1,5,0,0,3,1.0,5.0,2.0,4.0,2.0,0.0,4.0,3.0,10.0,4.0,4.0,5.0,10.0,,,,,,,0.85548407,0.85548407,0.0,0.85548407,0.85548407,0.0,0.85548407,0.9008738,0.04538971,0.85548407,0.8035688,-0.051915288,0.85548407,0.91929257,0.0638085,0.85548407,0.85548407,0.0,0.85548407,0.85548407,0.0,,,,,,,,,,,,,20
1,1,2,0,0,0,1,0,0,8,2.0,2.0,2.0,2.0,4.0,6.0,4.0,2.0,3.0,3.0,4.0,3.0,5.0,0.07441952,0.04955876,-0.024860762,0.07441952,0.30051038,0.22609085,0.07441952,0.07441952,0.0,0.07441952,0.07441952,0.0,0.07441952,0.07872752,0.004308,0.07441952,0.103705004,0.029285483,0.07441952,0.07441952,0.0,0.07441952,0.07441952,0.0,0.07441952,0.07441952,0.0,0.07441952,0.07859343,0.004173912,0.07441952,0.099689655,0.025270134,0.07441952,0.048784528,-0.025634993,0.07441952,0.08869034,0.01427082,26
5,0,0,0,0,1,6,3,0,0,3.0,3.0,2.0,2.0,2.0,3.0,4.0,2.0,5.0,2.0,3.0,2.0,6.0,0.908493,0.94205374,0.033560753,0.908493,0.9632763,0.054783344,0.908493,0.908493,0.0,0.908493,0.908493,0.0,0.908493,0.8759629,-0.03253007,0.908493,0.8888691,-0.019623876,0.908493,0.9296283,0.02113533,0.908493,0.908493,0.0,0.908493,0.908493,0.0,0.908493,0.8810361,-0.02745688,0.908493,0.8838647,-0.024628282,0.908493,0.89508206,-0.013410926,0.908493,0.88657683,-0.021916151,7
1,1,0,0,0,0,3,0,1,8,1.0,5.0,1.0,1.0,1.0,7.0,3.0,2.0,9.0,1.0,1.0,4.0,9.0,,,,,,,0.8789171,0.8789171,0.0,0.8789171,0.8789171,0.0,,,,,,,,,,0.8789171,0.8789171,0.0,0.8789171,0.8789171,0.0,0.8789171,0.9848985,0.10598141,0.8789171,0.88820344,0.009286344,0.8789171,0.9132895,0.03437239,0.8789171,0.90979415,0.030877054,1
4,0,0,0,0,0,7,0,0,3,1.0,2.0,3.0,2.0,1.0,1.0,3.0,3.0,8.0,4.0,4.0,4.0,7.0,,,,0.9161755,0.9524236,0.036248088,0.9161755,0.9161755,0.0,0.9161755,0.9161755,0.0,0.9161755,0.90537274,-0.010802746,0.9161755,0.9615107,0.045335233,,,,0.9161755,0.9161755,0.0,0.9161755,0.9161755,0.0,0.9161755,0.9413485,0.025173008,0.9161755,0.9860745,0.06989902,0.9161755,0.9608748,0.04469931,0.9161755,0.92537767,0.009202182,23
1,1,1,0,1,1,5,2,1,2,1.0,4.0,1.0,2.0,1.0,0.0,3.0,3.0,8.0,5.0,5.0,3.0,10.0,,,,0.99832934,0.9986945,0.00036513805,,,,,,,,,,0.99832934,0.997538,-0.00079137087,,,,0.99832934,0.99832934,0.0,0.99832934,0.99832934,0.0,,,,0.99832934,0.9983646,3.528595e-05,0.99832934,0.9980812,-0.00024813414,,,,16
5,1,0,0,1,1,8,4,0,3,3.0,3.0,2.0,2.0,2.0,2.0,4.0,3.0,6.0,3.0,3.0,3.0,6.0,0.08861154,0.30456942,0.21595788,0.08861154,0.37666532,0.28805378,0.08861154,0.08861154,0.0,0.08861154,0.08861154,0.0,0.08861154,0.08861154,0.0,0.08861154,0.11445366,0.025842115,0.08861154,0.1295565,0.040944964,0.08861154,0.08861154,0.0,0.08861154,0.08861154,0.0,0.08861154,0.12618755,0.037576005,0.08861154,0.035706207,-0.052905336,0.08861154,0.102467075,0.013855532,0.08861154,0.05762676,-0.030984782,22
5,0,0,0,0,0,2,3,0,3,2.0,4.0,2.0,3.0,2.0,0.0,4.0,3.0,8.0,3.0,4.0,4.0,6.0,0.79286283,0.95334136,0.16047853,0.79286283,0.81530356,0.022440732,0.79286283,0.79286283,0.0,0.79286283,0.79286283,0.0,0.79286283,0.7305922,-0.06227064,0.79286283,0.7116789,-0.08118391,0.79286283,0.7536254,-0.03923744,0.79286283,0.79286283,0.0,0.79286283,0.79286283,0.0,,,,0.79286283,0.91059726,0.11773443,0.79286283,0.8329098,0.04004699,0.79286283,0.7954065,0.0025436878,7
2,0,4,0,0,0,8,0,1,4,1.0,4.0,2.0,3.0,2.0,5.0,4.0,3.0,8.0,5.0,5.0,4.0,8.0,,,,0.97598517,0.9776904,0.0017052293,,,,,,,0.97598517,0.9707784,-0.0052067637,0.97598517,0.9766531,0.00066792965,0.97598517,0.97489136,-0.0010938048,0.97598517,0.97598517,0.0,0.97598517,0.97598517,0.0,0.97598517,0.9909637,0.014978528,0.97598517,0.97158414,-0.004401028,0.97598517,0.9824163,0.0064311028,0.97598517,0.884981,-0.09100419,2
3,1,2,0,0,0,8,0,0,0,3.0,4.0,3.0,3.0,2.0,5.0,3.0,3.0,7.0,3.0,4.0,2.0,7.0,0.42457196,0.71670204,0.29213008,0.42457196,0.4184044,-0.006167561,0.42457196,0.42457196,0.0,0.42457196,0.42457196,0.0,0.42457196,0.6974588,0.27288684,0.42457196,0.3270728,-0.09749916,0.42457196,0.53518414,0.110612184,0.42457196,0.42457196,0.0,0.42457196,0.42457196,0.0,0.42457196,0.80437577,0.3798038,0.42457196,0.24729323,-0.17727873,0.42457196,0.37210956,-0.0524624,0.42457196,0.45676872,0.03219676,12
2,0,0,0,4,1,3,0,3,4,4.0,5.0,4.0,5.0,4.0,0.0,2.0,1.0,9.0,5.0,4.0,5.0,8.0,0.10493586,0.2702492,0.16531333,,,,,,,0.10493586,0.10493586,0.0,0.10493586,0.17013776,0.0652019,0.10493586,0.08158905,-0.023346812,0.10493586,0.10493586,0.0,0.10493586,0.10493586,0.0,0.10493586,0.10493586,0.0,,,,0.10493586,0.08998181,-0.014954053,,,,0.10493586,0.16222906,0.0572932,0
4,0,0,0,0,2,0,2,0,1,2.0,2.0,2.0,2.0,2.0,2.0,4.0,3.0,7.0,4.0,4.0,4.0,8.0,0.42955157,0.9217112,0.49215963,0.42955157,0.7269216,0.29737005,0.42955157,0.42955157,0.0,0.42955157,0.42955157,0.0,0.42955157,0.43387586,0.004324287,0.42955157,0.35000947,-0.0795421,0.42955157,0.53173,0.102178425,0.42955157,0.42955157,0.0,0.42955157,0.42955157,0.0,0.42955157,0.20373663,-0.22581494,0.42955157,0.7853157,0.35576412,0.42955157,0.45615834,0.026606768,0.42955157,0.6313758,0.20182422,13
4,0,6,0,0,0,2,5,0,0,4.0,3.0,5.0,5.0,4.0,8.0,2.0,1.0,3.0,1.0,2.0,1.0,1.0,0.085668206,0.07533441,-0.010333799,0.085668206,0.111149155,0.025480948,0.085668206,0.085668206,0.0,0.085668206,0.085668206,0.0,0.085668206,0.09635815,0.010689944,0.085668206,0.081101425,-0.004566781,0.085668206,0.08850676,0.002838552,0.085668206,0.085668206,0.0,0.085668206,0.085668206,0.0,0.085668206,0.24533835,0.15967014,0.085668206,0.06198043,-0.023687776,0.085668206,0.09023317,0.0045649633,0.085668206,0.28301877,0.19735056,14
2,1,2,0,0,0,6,1,2,2,2.0,4.0,3.0,2.0,2.0,1.0,4.0,4.0,9.0,4.0,4.0,2.0,9.0,0.30246326,0.63429594,0.33183268,0.30246326,0.47161487,0.1691516,0.30246326,0.30246326,0.0,0.30246326,0.30246326,0.0,0.30246326,0.64821565,0.3457524,0.30246326,0.40069208,0.09822881,0.30246326,0.5882638,0.28580055,0.30246326,0.30246326,0.0,,,,0.30246326,0.24159408,-0.060869187,0.30246326,0.24021369,-0.06224957,0.30246326,0.3567267,0.054263443,0.30246326,0.2741842,-0.028279066,3
1,0,1,0,0,1,5,0,0,3,1.0,4.0,2.0,3.0,2.0,6.0,4.0,3.0,8.0,5.0,5.0,4.0,8.0,,,,0.897204,0.77562314,-0.12158084,,,,,,,0.897204,0.8678985,-0.029305458,0.897204,0.90872437,0.011520386,0.897204,0.8600042,-0.037199795,0.897204,0.897204,0.0,0.897204,0.897204,0.0,0.897204,0.97292525,0.075721264,0.897204,0.88003665,-0.01716733,0.897204,0.91389376,0.016689777,0.897204,0.79999757,-0.097206414,11
2,1,5,0,0,2,7,2,2,4,1.0,5.0,4.0,4.0,3.0,7.0,3.0,3.0,5.0,2.0,3.0,1.0,8.0,,,,,,,0.74665326,0.74665326,0.0,0.74665326,0.74665326,0.0,0.74665326,0.7941347,0.047481418,0.74665326,0.7268166,-0.019836664,0.74665326,0.7911119,0.044458628,0.74665326,0.74665326,0.0,0.74665326,0.74665326,0.0,0.74665326,0.8665156,0.11986232,0.74665326,0.68632674,-0.060326517,0.74665326,0.756569,0.009915769,0.74665326,0.7533197,0.006666422,16
6,1,0,0,3,4,4,3,0,0,3.0,3.0,3.0,3.0,3.0,6.0,3.0,3.0,6.0,3.0,3.0,3.0,6.0,0.013257242,0.037550706,0.024293464,0.013257242,0.014478227,0.0012209853,0.013257242,0.013257242,0.0,0.013257242,0.013257242,0.0,0.013257242,0.037752,0.024494756,0.013257242,0.09794909,0.084691845,0.013257242,0.009697077,-0.003560165,0.013257242,0.013257242,0.0,0.013257242,0.013257242,0.0,0.013257242,0.0062308516,-0.00702639,0.013257242,0.12796073,0.114703484,0.013257242,0.0171382,0.003880958,0.013257242,0.015209212,0.0019519702,24
1,1,3,0,0,2,1,2,3,2,1.0,4.0,2.0,3.0,4.0,8.0,2.0,3.0,6.0,2.0,3.0,1.0,7.0,,,,0.8441421,0.91301614,0.06887406,0.8441421,0.8441421,0.0,0.8441421,0.8441421,0.0,0.8441421,0.8182766,-0.025865495,0.8441421,0.78988576,-0.05425632,0.8441421,0.8638238,0.019681692,0.8441421,0.8441421,0.0,0.8441421,0.8441421,0.0,0.8441421,0.7404403,-0.10370177,0.8441421,0.93705004,0.092907965,0.8441421,0.79001606,-0.054126024,0.8441421,0.7930312,-0.051110864,16
3,1,3,0,0,0,4,1,1,6,1.0,4.0,1.0,2.0,1.0,0.0,3.0,4.0,9.0,5.0,5.0,5.0,10.0,,,,0.8783374,0.9260127,0.04767531,,,,,,,,,,0.8783374,0.8227078,-0.05562961,,,,0.8783374,0.8783374,0.0,,,,,,,0.8783374,0.7388576,-0.13947976,,,,,,,1
3,0,1,0,0,0,3,0,0,5,3.0,5.0,2.0,2.0,1.0,0.0,4.0,3.0,10.0,3.0,4.0,5.0,9.0,0.7348945,0.87889904,0.14400452,,,,0.7348945,0.7348945,0.0,0.7348945,0.7348945,0.0,0.7348945,0.78519565,0.050301135,0.7348945,0.8078895,0.07299501,,,,0.7348945,0.7348945,0.0,0.7348945,0.7348945,0.0,,,,,,,,,,0.7348945,0.6898354,-0.045059085,23
3,0,1,0,0,0,7,0,0,5,2.0,4.0,2.0,3.0,2.0,3.0,4.0,3.0,8.0,4.0,4.0,4.0,8.0,0.9190004,0.9841669,0.06516653,0.9190004,0.90363014,-0.01537025,0.9190004,0.9190004,0.0,0.9190004,0.9190004,0.0,0.9190004,0.9277618,0.008761406,0.9190004,0.96714973,0.048149347,0.9190004,0.96569365,0.046693265,0.9190004,0.9190004,0.0,0.9190004,0.9190004,0.0,0.9190004,0.74266857,-0.17633182,0.9190004,0.94805855,0.029058158,0.9190004,0.9371191,0.01811874,0.9190004,0.950598,0.031597614,23
2,0,1,0,0,0,4,0,0,3,1.0,5.0,3.0,3.0,2.0,4.0,4.0,3.0,6.0,4.0,4.0,3.0,6.0,,,,,,,0.9887477,0.9887477,0.0,0.9887477,0.9887477,0.0,0.9887477,0.98894995,0.00020223856,0.9887477,0.9862797,-0.00246799,0.9887477,0.98912394,0.00037622452,0.9887477,0.9887477,0.0,0.9887477,0.9887477,0.0,0.9887477,0.99279845,0.0040507317,0.9887477,0.98362434,-0.005123377,0.9887477,0.9841384,-0.004609287,0.9887477,0.97689646,-0.011851251,20
4,0,0,0,2,1,9,0,0,3,2.0,4.0,1.0,2.0,2.0,0.0,3.0,3.0,9.0,3.0,3.0,5.0,7.0,0.7749409,0.89329743,0.118356526,0.7749409,0.7944077,0.019466817,0.7749409,0.7749409,0.0,0.7749409,0.7749409,0.0,,,,0.7749409,0.8663037,0.091362774,0.7749409,0.9344067,0.15946579,0.7749409,0.7749409,0.0,0.7749409,0.7749409,0.0,,,,0.7749409,0.79874015,0.02379924,,,,0.7749409,0.75659376,-0.018347144,4
1,0,6,0,0,0,2,0,0,0,1.0,4.0,2.0,3.0,2.0,0.0,3.0,3.0,10.0,5.0,5.0,5.0,10.0,,,,0.60221034,0.40187562,-0.20033473,,,,,,,0.60221034,0.6244391,0.022228777,0.60221034,0.6884469,0.08623654,0.60221034,0.78280526,0.18059492,0.60221034,0.60221034,0.0,0.60221034,0.60221034,0.0,,,,,,,,,,,,,20
0,1,2,0,1,0,9,1,0,7,2.0,3.0,2.0,2.0,2.0,2.0,4.0,2.0,3.0,3.0,4.0,2.0,2.0,0.34287214,0.4955572,0.15268505,0.34287214,0.16711655,-0.17575559,0.34287214,0.34287214,0.0,0.34287214,0.34287214,0.0,0.34287214,0.3373749,-0.005497247,0.34287214,0.36970696,0.026834816,0.34287214,0.5208932,0.17802107,0.34287214,0.34287214,0.0,0.34287214,0.34287214,0.0,0.34287214,0.28899023,-0.053881913,0.34287214,0.36073506,0.017862916,0.34287214,0.34420004,0.0013279021,0.34287214,0.5373515,0.19447935,25
2,0,4,0,0,1,4,0,2,4,4.0,5.0,3.0,3.0,3.0,0.0,3.0,3.0,8.0,4.0,2.0,4.0,7.0,0.04483524,0.082114734,0.037279494,,,,0.04483524,0.04483524,0.0,0.04483524,0.04483524,0.0,0.04483524,0.04425679,-0.0005784482,0.04483524,0.15874848,0.11391324,0.04483524,0.074125186,0.029289946,0.04483524,0.04483524,0.0,0.04483524,0.04483524,0.0,,,,0.04483524,0.074997045,0.030161805,0.04483524,0.08698792,0.04215268,0.04483524,0.14219505,0.09735981,2
3,1,2,0,0,0,3,3,1,2,1.0,4.0,1.0,1.0,1.0,0.0,3.0,4.0,10.0,5.0,5.0,5.0,10.0,,,,0.996847,0.99685293,5.9604645e-06,,,,,,,,,,,,,,,,0.996847,0.996847,0.0,,,,,,,,,,,,,,,,18
3,1,0,0,2,1,1,1,0,0,2.0,5.0,2.0,3.0,2.0,8.0,2.0,3.0,7.0,4.0,5.0,2.0,8.0,0.1242761,0.49263236,0.36835626,,,,0.1242761,0.1242761,0.0,,,,0.1242761,0.116164446,-0.008111656,0.1242761,0.19883426,0.074558154,0.1242761,0.10209285,-0.022183254,0.1242761,0.1242761,0.0,0.1242761,0.1242761,0.0,0.1242761,0.6211632,0.4968871,0.1242761,0.09706125,-0.027214855,0.1242761,0.33741012,0.21313402,0.1242761,0.17362392,0.049347818,4
2,0,2,0,0,0,3,0,2,4,1.0,5.0,2.0,2.0,2.0,2.0,4.0,3.0,8.0,4.0,4.0,5.0,8.0,,,,,,,0.9629135,0.9629135,0.0,0.9629135,0.9629135,0.0,0.9629135,0.9670951,0.004181564,0.9629135,0.9782081,0.015294611,0.9629135,0.9727508,0.00983727,0.9629135,0.9629135,0.0,0.9629135,0.9629135,0.0,0.9629135,0.87260514,-0.09030837,0.9629135,0.9709425,0.008028984,,,,0.9629135,0.8715113,-0.09140223,2
3,0,3,0,0,2,1,0,3,4,2.0,5.0,2.0,2.0,2.0,0.0,3.0,2.0,7.0,3.0,3.0,4.0,7.0,0.9442671,0.9812918,0.037024677,,,,0.9442671,0.9442671,0.0,0.9442671,0.9442671,0.0,0.9442671,0.90460604,-0.03966105,0.9442671,0.9519511,0.0076839924,0.9442671,0.91462225,-0.029644847,0.9442671,0.9442671,0.0,0.9442671,0.9442671,0.0,,,,0.9442671,0.9181824,-0.026084721,0.9442671,0.9187921,-0.025474966,0.9442671,0.9551806,0.010913491,0
1,0,1,0,1,2,3,0,0,3,3.0,4.0,4.0,3.0,3.0,5.0,1.0,1.0,9.0,3.0,2.0,5.0,7.0,0.37885818,0.69169664,0.31283846,0.37885818,0.20048665,-0.17837153,0.37885818,0.37885818,0.0,0.37885818,0.37885818,0.0,0.37885818,0.26444113,-0.11441705,0.37885818,0.40817896,0.029320776,0.37885818,0.3233102,-0.055547982,0.37885818,0.37885818,0.0,0.37885818,0.37885818,0.0,0.37885818,0.5076689,0.12881073,0.37885818,0.32057518,-0.058283,,,,0.37885818,0.2974586,-0.08139959,9
4,0,1,0,0,0,4,0,0,3,1.0,4.0,2.0,2.0,2.0,2.0,2.0,3.0,7.0,4.0,4.0,3.0,8.0,,,,0.9929797,0.99499476,0.0020150542,0.9929797,0.9929797,0.0,0.9929797,0.9929797,0.0,0.9929797,0.99309444,0.00011473894,0.9929797,0.9977576,0.0047779083,0.9929797,0.9945644,0.0015847087,0.9929797,0.9929797,0.0,0.9929797,0.9929797,0.0,0.9929797,0.9841859,-0.008793831,0.9929797,0.9928489,-0.0001308322,0.9929797,0.9912478,-0.0017319322,0.9929797,0.99264777,-0.00033193827,23
1,1,4,0,0,0,3,0,0,1,2.0,4.0,2.0,4.0,2.0,5.0,3.0,3.0,6.0,4.0,4.0,3.0,6.0,0.66758066,0.92742956,0.2598489,0.66758066,0.80962354,0.14204288,0.66758066,0.66758066,0.0,0.66758066,0.66758066,0.0,0.66758066,0.61929315,-0.04828751,0.66758066,0.6897728,0.02219212,0.66758066,0.788982,0.12140131,0.66758066,0.66758066,0.0,0.66758066,0.66758066,0.0,0.66758066,0.8332775,0.16569686,0.66758066,0.90205914,0.23447847,0.66758066,0.65669566,-0.010885,0.66758066,0.63218594,-0.03539473,11
2,1,0,0,0,1,4,1,1,4,1.0,5.0,2.0,2.0,2.0,6.0,3.0,3.0,8.0,4.0,3.0,3.0,9.0,,,,,,,0.9770742,0.9770742,0.0,0.9770742,0.9770742,0.0,0.9770742,0.96384996,-0.013224244,0.9770742,0.98639107,0.009316862,0.9770742,0.98401296,0.0069387555,0.9770742,0.9770742,0.0,0.9770742,0.9770742,0.0,0.9770742,0.9957384,0.018664181,0.9770742,0.9262614,-0.05081278,0.9770742,0.9705366,-0.0065376163,0.9770742,0.97676885,-0.0003053546,3
1,1,1,0,0,0,4,0,0,0,1.0,5.0,3.0,3.0,5.0,0.0,3.0,4.0,9.0,5.0,5.0,1.0,9.0,,,,,,,,,,,,,0.8913284,0.89587164,0.004543245,0.8913284,0.91274256,0.02141416,0.8913284,0.8729533,-0.018375099,0.8913284,0.8913284,0.0,,,,,,,0.8913284,0.7845453,-0.10678309,0.8913284,0.91775167,0.026423275,0.8913284,0.82291687,-0.06841153,20
2,1,0,0,4,0,1,0,0,3,2.0,4.0,2.0,2.0,4.0,8.0,3.0,3.0,4.0,4.0,3.0,2.0,5.0,0.626455,0.9012345,0.2747795,0.626455,0.5658076,-0.060647428,0.626455,0.626455,0.0,0.626455,0.626455,0.0,0.626455,0.6091052,-0.01734978,0.626455,0.89852345,0.27206844,0.626455,0.63503665,0.008581638,0.626455,0.626455,0.0,0.626455,0.626455,0.0,0.626455,0.8907172,0.2642622,0.626455,0.563523,-0.062932014,0.626455,0.8615015,0.2350465,0.626455,0.75620556,0.12975055,17
3,1,3,0,0,0,4,0,0,0,1.0,3.0,1.0,2.0,3.0,1.0,5.0,4.0,8.0,5.0,4.0,3.0,8.0,,,,0.77669656,0.77393013,-0.0027664304,,,,0.77669656,0.77669656,0.0,,,,0.77669656,0.7511746,-0.025521934,0.77669656,0.8982883,0.12159175,,,,,,,0.77669656,0.77379644,-0.0029001236,0.77669656,0.7476708,-0.029025733,0.77669656,0.6875021,-0.08919448,0.77669656,0.4749557,-0.30174085,6
0,1,5,0,1,3,2,6,0,7,2.0,4.0,3.0,2.0,1.0,8.0,4.0,4.0,7.0,4.0,3.0,1.0,8.0,0.95738155,0.9914226,0.034041047,0.95738155,0.96157247,0.004190922,0.95738155,0.95738155,0.0,0.95738155,0.95738155,0.0,0.95738155,0.99200237,0.03462082,0.95738155,0.970205,0.0128234625,,,,0.95738155,0.95738155,0.0,,,,0.95738155,0.92481065,-0.0325709,0.95738155,0.9562615,-0.0011200309,0.95738155,0.96766245,0.010280907,0.95738155,0.9726346,0.015253067,21
1,0,0,0,0,0,2,0,0,3,4.0,3.0,4.0,2.0,2.0,8.0,2.0,2.0,5.0,4.0,4.0,3.0,7.0,0.81717503,0.7217494,-0.095425606,0.81717503,0.9206039,0.10342884,0.81717503,0.81717503,0.0,0.81717503,0.81717503,0.0,0.81717503,0.7552066,-0.061968446,0.81717503,0.8949687,0.07779366,0.81717503,0.8379066,0.020731568,0.81717503,0.81717503,0.0,0.81717503,0.81717503,0.0,0.81717503,0.75420356,-0.06297147,0.81717503,0.68157995,-0.13559508,0.81717503,0.7892856,-0.02788943,0.81717503,0.90168166,0.08450663,17
6,0,0,0,0,4,5,3,0,3,3.0,3.0,2.0,2.0,2.0,0.0,2.0,3.0,9.0,4.0,4.0,4.0,5.0,0.09962007,0.6830896,0.58346957,0.09962007,0.12623374,0.026613675,0.09962007,0.09962007,0.0,0.09962007,0.09962007,0.0,0.09962007,0.08994578,-0.009674288,0.09962007,0.070435286,-0.029184781,0.09962007,0.11046696,0.0108468905,0.09962007,0.09962007,0.0,0.09962007,0.09962007,0.0,,,,0.09962007,0.07242092,-0.02719915,0.09962007,0.17517151,0.07555144,0.09962007,0.1165284,0.016908333,19
5,1,0,0,0,0,4,3,0,3,3.0,2.0,1.0,1.0,1.0,2.0,5.0,4.0,8.0,2.0,2.0,4.0,9.0,0.7150217,0.73974603,0.024724305,0.7150217,0.7459995,0.030977786,0.7150217,0.7150217,0.0,0.7150217,0.7150217,0.0,,,,,,,,,,,,,,,,0.7150217,0.13815922,-0.5768625,0.7150217,0.82534105,0.11031932,0.7150217,0.71036446,-0.0046572685,0.7150217,0.83847886,0.123457134,7
4,0,1,0,0,0,5,0,0,0,1.0,4.0,2.0,2.0,2.0,3.0,3.0,3.0,7.0,3.0,3.0,3.0,6.0,,,,0.95860153,0.9615328,0.0029312372,0.95860153,0.95860153,0.0,0.95860153,0.95860153,0.0,0.95860153,0.9469561,-0.011645436,0.95860153,0.9813812,0.022779644,0.95860153,0.9762355,0.017633975,0.95860153,0.95860153,0.0,0.95860153,0.95860153,0.0,0.95860153,0.923392,-0.035209537,0.95860153,0.8510421,-0.10755944,0.95860153,0.9653676,0.006766081,0.95860153,0.9310589,-0.02754265,15
2,0,0,0,0,0,3,0,0,0,1.0,5.0,1.0,1.0,1.0,0.0,3.0,2.0,10.0,5.0,5.0,5.0,10.0,,,,,,,,,,,,,,,,,,,,,,0.8502601,0.8502601,0.0,0.8502601,0.8502601,0.0,,,,,,,,,,,,,10
4,0,0,0,4,2,3,0,0,0,4.0,5.0,2.0,4.0,2.0,5.0,3.0,3.0,7.0,4.0,4.0,3.0,5.0,0.11875707,0.21247108,0.09371401,,,,0.11875707,0.11875707,0.0,0.11875707,0.11875707,0.0,0.11875707,0.107446074,-0.011310995,0.11875707,0.06297203,-0.055785038,0.11875707,0.11973561,0.0009785444,0.11875707,0.11875707,0.0,0.11875707,0.11875707,0.0,0.11875707,0.210279,0.09152193,0.11875707,0.11165168,-0.0071053877,0.11875707,0.1687604,0.050003335,0.11875707,0.18466195,0.065904886,4
1,1,0,0,0,0,4,0,0,3,1.0,4.0,2.0,2.0,1.0,3.0,4.0,3.0,9.0,5.0,5.0,5.0,8.0,,,,0.9872385,0.9812811,-0.0059574246,,,,,,,0.9872385,0.9756506,-0.011587918,0.9872385,0.99079704,0.0035585165,,,,0.9872385,0.9872385,0.0,0.9872385,0.9872385,0.0,0.9872385,0.9938885,0.006649971,0.9872385,0.9860978,-0.0011407137,,,,0.9872385,0.9687694,-0.018469155,10
4,1,3,0,0,0,3,0,0,2,2.0,4.0,2.0,2.0,3.0,2.0,4.0,3.0,9.0,4.0,4.0,3.0,8.0,0.81015503,0.9714751,0.16132009,0.81015503,0.85596794,0.045812905,0.81015503,0.81015503,0.0,0.81015503,0.81015503,0.0,0.81015503,0.82739043,0.017235398,0.81015503,0.91724646,0.10709143,0.81015503,0.81835306,0.008198023,0.81015503,0.81015503,0.0,0.81015503,0.81015503,0.0,0.81015503,0.85716826,0.047013223,0.81015503,0.79931706,-0.010837972,0.81015503,0.7698355,-0.040319562,0.81015503,0.525338,-0.28481704,6
1,0,0,0,0,0,5,0,0,0,1.0,4.0,2.0,2.0,1.0,3.0,4.0,3.0,8.0,4.0,4.0,3.0,7.0,,,,0.99684685,0.9981949,0.0013480186,0.99684685,0.99684685,0.0,0.99684685,0.99684685,0.0,0.99684685,0.9969272,8.034706e-05,0.99684685,0.9977984,0.00095152855,,,,0.99684685,0.99684685,0.0,0.99684685,0.99684685,0.0,0.99684685,0.9918943,-0.00495255,0.99684685,0.9891601,-0.007686734,0.99684685,0.9947187,-0.0021281838,0.99684685,0.9970681,0.00022125244,10
3,1,1,0,0,0,8,1,1,4,3.0,4.0,2.0,3.0,3.0,6.0,3.0,3.0,6.0,4.0,3.0,5.0,9.0,0.6916438,0.709754,0.018110216,0.6916438,0.5678605,-0.12378329,0.6916438,0.6916438,0.0,0.6916438,0.6916438,0.0,0.6916438,0.6760886,-0.015555203,0.6916438,0.8260448,0.13440102,0.6916438,0.6820895,-0.009554267,0.6916438,0.6916438,0.0,0.6916438,0.6916438,0.0,0.6916438,0.79408747,0.102443695,0.6916438,0.5524252,-0.13921857,,,,0.6916438,0.7627064,0.071062624,3
1,0,4,0,0,0,4,0,0,3,2.0,5.0,2.0,2.0,2.0,5.0,3.0,3.0,8.0,2.0,2.0,3.0,6.0,0.9597817,0.9562021,-0.0035796165,,,,0.9597817,0.9597817,0.0,0.9597817,0.9597817,0.0,0.9597817,0.9508121,-0.008969605,0.9597817,0.96502364,0.0052419305,0.9597817,0.96016794,0.0003862381,0.9597817,0.9597817,0.0,0.9597817,0.9597817,0.0,0.9597817,0.9668,0.007018268,0.9597817,0.9064961,-0.0532856,0.9597817,0.9495428,-0.010238886,0.9597817,0.97359246,0.013810754,17
4,0,0,0,4,0,7,3,0,5,1.0,4.0,1.0,4.0,3.0,3.0,3.0,3.0,7.0,4.0,4.0,3.0,8.0,,,,0.8987322,0.93291587,0.03418368,0.8987322,0.8987322,0.0,0.8987322,0.8987322,0.0,,,,0.8987322,0.8407588,-0.057973385,0.8987322,0.86751354,-0.031218648,0.8987322,0.8987322,0.0,0.8987322,0.8987322,0.0,0.8987322,0.95971644,0.060984254,0.8987322,0.8698479,-0.028884292,0.8987322,0.93184775,0.033115566,0.8987322,0.9018044,0.0030722022,7
4,0,0,0,0,0,3,3,0,5,1.0,2.0,1.0,1.0,1.0,0.0,4.0,3.0,10.0,3.0,4.0,5.0,9.0,,,,0.9894338,0.97538656,-0.014047265,0.9894338,0.9894338,0.0,0.9894338,0.9894338,0.0,,,,,,,,,,0.9894338,0.9894338,0.0,0.9894338,0.9894338,0.0,,,,,,,,,,0.9894338,0.9883648,-0.0010690093,23
0,1,2,0,2,3,7,6,1,2,2.0,5.0,2.0,2.0,1.0,9.0,4.0,1.0,7.0,4.0,4.0,2.0,8.0,0.95049113,0.9830162,0.032525063,,,,0.95049113,0.95049113,0.0,0.95049113,0.95049113,0.0,0.95049113,0.94132715,-0.009163976,0.95049113,0.9543082,0.0038170815,,,,0.95049113,0.95049113,0.0,0.95049113,0.95049113,0.0,0.95049113,0.95212966,0.0016385317,0.95049113,0.8567691,-0.093722045,0.95049113,0.95055836,6.723404e-05,0.95049113,0.9422897,-0.00820142,21
5,1,0,0,5,1,6,3,0,5,2.0,4.0,1.0,1.0,1.0,1.0,3.0,3.0,8.0,4.0,4.0,5.0,9.0,0.9376926,0.96957785,0.031885266,0.9376926,0.95541066,0.017718077,0.9376926,0.9376926,0.0,0.9376926,0.9376926,0.0,,,,,,,,,,0.9376926,0.9376926,0.0,0.9376926,0.9376926,0.0,0.9376926,0.92142326,-0.016269326,0.9376926,0.8857661,-0.051926494,,,,0.9376926,0.9762804,0.03858781,22
2,1,2,0,0,0,9,0,0,3,3.0,5.0,2.0,2.0,2.0,4.0,3.0,3.0,4.0,3.0,5.0,4.0,7.0,0.5642816,0.40113425,-0.16314733,,,,0.5642816,0.5642816,0.0,,,,0.5642816,0.55294555,-0.011336029,0.5642816,0.5960449,0.031763315,0.5642816,0.43031928,-0.1339623,0.5642816,0.5642816,0.0,0.5642816,0.5642816,0.0,0.5642816,0.6742781,0.1099965,0.5642816,0.50979084,-0.054490745,0.5642816,0.5972537,0.032972097,0.5642816,0.47892046,-0.08536112,17
2,1,5,0,0,0,2,4,2,4,3.0,4.0,2.0,2.0,2.0,5.0,4.0,4.0,7.0,4.0,4.0,4.0,9.0,0.585168,0.3766885,-0.2084795,0.585168,0.5853002,0.0001322031,0.585168,0.585168,0.0,0.585168,0.585168,0.0,0.585168,0.5257413,-0.059426725,0.585168,0.63825864,0.053090632,0.585168,0.6909587,0.105790675,0.585168,0.585168,0.0,,,,0.585168,0.46913344,-0.11603457,0.585168,0.5847893,-0.0003787279,0.585168,0.45266736,-0.13250065,0.585168,0.56076604,-0.024401963,3
2,1,4,0,0,0,6,2,0,3,2.0,4.0,2.0,4.0,3.0,0.0,3.0,3.0,9.0,4.0,3.0,4.0,10.0,0.9109054,0.878378,-0.032527447,0.9109054,0.8963705,-0.01453495,0.9109054,0.9109054,0.0,0.9109054,0.9109054,0.0,0.9109054,0.9167971,0.0058916807,0.9109054,0.9210952,0.010189772,0.9109054,0.76817924,-0.14272618,0.9109054,0.9109054,0.0,0.9109054,0.9109054,0.0,,,,0.9109054,0.8584681,-0.052437305,0.9109054,0.92765284,0.016747415,,,,17
1,0,5,0,0,0,2,0,0,3,4.0,4.0,4.0,2.0,2.0,1.0,1.0,1.0,8.0,2.0,2.0,4.0,6.0,0.8564365,0.92045224,0.064015746,0.8564365,0.9071592,0.05072272,0.8564365,0.8564365,0.0,0.8564365,0.8564365,0.0,0.8564365,0.79826456,-0.058171928,0.8564365,0.9104143,0.053977787,0.8564365,0.8890345,0.03259802,0.8564365,0.8564365,0.0,0.8564365,0.8564365,0.0,0.8564365,0.65857726,-0.19785923,0.8564365,0.8744596,0.018023133,0.8564365,0.9151022,0.058665693,0.8564365,0.8347171,-0.021719396,17
3,1,0,0,0,0,1,0,0,5,2.0,2.0,1.0,2.0,2.0,1.0,5.0,4.0,9.0,5.0,3.0,5.0,9.0,0.39337867,0.8890628,0.49568415,0.39337867,0.59919107,0.2058124,,,,0.39337867,0.39337867,0.0,,,,0.39337867,0.5711381,0.17775941,0.39337867,0.53173935,0.13836068,,,,,,,0.39337867,0.3958802,0.0025015175,0.39337867,0.4925983,0.09921962,,,,0.39337867,0.43663374,0.04325506,12
1,1,4,0,0,0,1,0,0,8,1.0,4.0,3.0,2.0,4.0,7.0,2.0,2.0,3.0,2.0,4.0,1.0,2.0,,,,0.11011616,0.27300027,0.16288412,0.11011616,0.11011616,0.0,0.11011616,0.11011616,0.0,0.11011616,0.07258858,-0.037527584,0.11011616,0.17844665,0.06833049,0.11011616,0.11011616,0.0,0.11011616,0.11011616,0.0,0.11011616,0.11011616,0.0,0.11011616,0.17889151,0.06877535,0.11011616,0.09724347,-0.0128726885,0.11011616,0.14632402,0.036207862,0.11011616,0.2514834,0.14136726,11
3,0,0,0,0,0,1,0,2,4,1.0,5.0,2.0,3.0,2.0,3.0,4.0,3.0,7.0,4.0,4.0,4.0,9.0,,,,,,,0.98499864,0.98499864,0.0,0.98499864,0.98499864,0.0,0.98499864,0.98672444,0.0017257929,0.98499864,0.9885949,0.0035962462,0.98499864,0.9745734,-0.01042527,0.98499864,0.98499864,0.0,0.98499864,0.98499864,0.0,0.98499864,0.953117,-0.03188163,0.98499864,0.9672163,-0.01778233,0.98499864,0.9812195,-0.003779173,0.98499864,0.98469985,-0.00029879808,2
4,1,0,0,0,0,3,0,0,5,2.0,4.0,2.0,2.0,2.0,6.0,5.0,4.0,5.0,2.0,4.0,2.0,5.0,0.86570954,0.81130946,-0.054400086,0.86570954,0.873342,0.0076324344,0.86570954,0.86570954,0.0,0.86570954,0.86570954,0.0,0.86570954,0.8692212,0.0035116673,0.86570954,0.9363322,0.07062268,0.86570954,0.88490057,0.019191027,,,,,,,0.86570954,0.88246185,0.016752303,0.86570954,0.919189,0.053479433,0.86570954,0.8267116,-0.03899795,0.86570954,0.9533158,0.08760625,12
4,0,2,0,2,1,1,1,0,1,1.0,4.0,2.0,2.0,4.0,5.0,4.0,3.0,5.0,3.0,3.0,1.0,5.0,,,,0.42291778,0.61709327,0.19417548,0.42291778,0.42291778,0.0,0.42291778,0.42291778,0.0,0.42291778,0.42291778,0.0,0.42291778,0.39014837,-0.03276941,0.42291778,0.42291778,0.0,0.42291778,0.42291778,0.0,0.42291778,0.42291778,0.0,0.42291778,0.58551306,0.16259527,0.42291778,0.656697,0.23377919,0.42291778,0.5025841,0.07966632,0.42291778,0.63008285,0.20716506,4
4,1,0,0,0,0,3,0,0,3,1.0,4.0,1.0,4.0,1.0,6.0,4.0,3.0,7.0,5.0,4.0,2.0,10.0,,,,0.9045157,0.9135705,0.00905484,,,,0.9045157,0.9045157,0.0,,,,0.9045157,0.90404886,-0.00046682358,,,,0.9045157,0.9045157,0.0,0.9045157,0.9045157,0.0,0.9045157,0.9717306,0.067214906,0.9045157,0.9297211,0.025205433,0.9045157,0.9300641,0.025548398,,,,15
3,1,0,0,0,0,5,0,0,0,1.0,4.0,1.0,1.0,4.0,0.0,3.0,3.0,8.0,4.0,5.0,3.0,8.0,,,,0.91807103,0.9303047,0.0122336745,0.91807103,0.91807103,0.0,,,,,,,,,,0.91807103,0.91807103,0.0,0.91807103,0.91807103,0.0,0.91807103,0.91807103,0.0,,,,0.91807103,0.75036204,-0.167709,0.91807103,0.9251897,0.0071186423,0.91807103,0.76694316,-0.15112787,15
4,0,0,0,0,0,7,0,0,3,2.0,2.0,2.0,1.0,2.0,7.0,2.0,2.0,7.0,3.0,4.0,4.0,8.0,0.3303866,0.5850557,0.2546691,0.3303866,0.60954213,0.27915552,0.3303866,0.3303866,0.0,0.3303866,0.3303866,0.0,0.3303866,0.30220512,-0.028181493,,,,0.3303866,0.53218764,0.20180103,0.3303866,0.3303866,0.0,0.3303866,0.3303866,0.0,0.3303866,0.5142525,0.18386588,0.3303866,0.33071965,0.00033304095,0.3303866,0.35175982,0.021373212,0.3303866,0.74581766,0.41543105,23
4,0,0,0,0,0,8,0,0,3,3.0,3.0,3.0,3.0,3.0,0.0,4.0,3.0,8.0,4.0,4.0,4.0,8.0,0.13149938,0.668198,0.5366986,0.13149938,0.27866587,0.14716649,0.13149938,0.13149938,0.0,0.13149938,0.13149938,0.0,0.13149938,0.1670355,0.035536125,0.13149938,0.107338406,-0.024160974,0.13149938,0.098303296,-0.033196084,0.13149938,0.13149938,0.0,0.13149938,0.13149938,0.0,,,,0.13149938,0.3961908,0.2646914,0.13149938,0.15189889,0.02039951,0.13149938,0.03106492,-0.10043446,23
3,1,0,0,0,0,7,0,0,0,1.0,5.0,1.0,1.0,3.0,7.0,2.0,2.0,5.0,5.0,3.0,5.0,7.0,,,,,,,,,,0.9651378,0.9651378,0.0,,,,,,,0.9651378,0.9779714,0.012833595,0.9651378,0.9651378,0.0,0.9651378,0.9651378,0.0,0.9651378,0.99193317,0.026795387,0.9651378,0.9709499,0.0058121085,,,,0.9651378,0.9708632,0.0057254434,15
5,1,0,0,0,0,8,3,0,3,1.0,5.0,3.0,4.0,3.0,2.0,5.0,4.0,10.0,5.0,5.0,5.0,9.0,,,,,,,,,,,,,0.73081386,0.7607931,0.029979229,0.73081386,0.6441303,-0.08668357,0.73081386,0.73607343,0.0052595735,,,,,,,0.73081386,0.68802834,-0.042785525,,,,,,,0.73081386,0.78286666,0.052052796,7
5,1,5,0,0,0,3,3,0,0,5.0,5.0,4.0,4.0,3.0,6.0,4.0,3.0,7.0,3.0,3.0,4.0,7.0,0.5569705,0.5569705,0.0,,,,0.5569705,0.5569705,0.0,0.5569705,0.5569705,0.0,0.5569705,0.6603344,0.10336393,0.5569705,0.55371314,-0.0032573342,0.5569705,0.48011118,-0.076859295,0.5569705,0.5569705,0.0,0.5569705,0.5569705,0.0,0.5569705,0.5242665,-0.032703996,0.5569705,0.669804,0.1128335,0.5569705,0.44261026,-0.11436021,0.5569705,0.46727642,-0.08969405,5
5,1,0,0,2,1,4,3,0,3,2.0,5.0,3.0,2.0,2.0,0.0,3.0,3.0,10.0,4.0,4.0,5.0,10.0,0.81534696,0.94622606,0.1308791,,,,0.81534696,0.81534696,0.0,0.81534696,0.81534696,0.0,0.81534696,0.90449524,0.08914828,0.81534696,0.8146972,-0.00064975023,0.81534696,0.9233279,0.10798097,0.81534696,0.81534696,0.0,0.81534696,0.81534696,0.0,,,,,,,,,,,,,22
1,1,0,0,1,1,7,0,2,4,2.0,4.0,1.0,1.0,2.0,7.0,3.0,1.0,7.0,3.0,3.0,2.0,7.0,0.59827894,0.24125275,-0.3570262,0.59827894,0.5891917,-0.009087265,0.59827894,0.59827894,0.0,0.59827894,0.59827894,0.0,,,,,,,0.59827894,0.8228066,0.22452766,0.59827894,0.59827894,0.0,0.59827894,0.59827894,0.0,0.59827894,0.92414117,0.32586223,0.59827894,0.22802977,-0.37024915,0.59827894,0.54525435,-0.05302459,0.59827894,0.7284138,0.13013488,3
2,1,0,0,2,0,2,4,3,2,4.0,4.0,3.0,3.0,3.0,10.0,2.0,2.0,3.0,2.0,2.0,1.0,4.0,0.41420782,0.46166793,0.04746011,0.41420782,0.5168263,0.102618456,0.41420782,0.41420782,0.0,0.41420782,0.41420782,0.0,0.41420782,0.29290774,-0.12130007,0.41420782,0.8510438,0.436836,0.41420782,0.3841303,-0.030077517,0.41420782,0.41420782,0.0,0.41420782,0.41420782,0.0,0.41420782,0.62766993,0.21346211,0.41420782,0.42045125,0.0062434375,0.41420782,0.3177466,-0.09646121,0.41420782,0.65496826,0.24076045,16
3,1,0,0,2,2,5,1,0,2,3.0,4.0,3.0,2.0,3.0,1.0,2.0,1.0,5.0,3.0,4.0,3.0,6.0,0.810277,0.7328341,-0.077442884,0.810277,0.7956274,-0.01464957,0.810277,0.810277,0.0,0.810277,0.810277,0.0,0.810277,0.84886044,0.038583457,0.810277,0.89681,0.08653301,0.810277,0.6873997,-0.1228773,0.810277,0.810277,0.0,0.810277,0.810277,0.0,0.810277,0.8347643,0.024487317,0.810277,0.7884025,-0.021874487,0.810277,0.8141847,0.00390774,0.810277,0.62173676,-0.18854022,4
3,0,6,0,0,1,2,0,0,1,1.0,4.0,1.0,1.0,1.0,4.0,3.0,2.0,6.0,3.0,3.0,2.0,5.0,,,,0.9811968,0.9945322,0.013335407,0.9811968,0.9811968,0.0,0.9811968,0.9811968,0.0,,,,,,,,,,0.9811968,0.9811968,0.0,0.9811968,0.9811968,0.0,0.9811968,0.9839548,0.0027579665,0.9811968,0.97390306,-0.007293761,0.9811968,0.96199393,-0.019202888,0.9811968,0.9840794,0.0028825998,9
2,1,1,0,4,0,2,1,1,4,2.0,4.0,2.0,3.0,4.0,2.0,3.0,2.0,9.0,2.0,3.0,4.0,8.0,0.97572017,0.9833746,0.0076544285,0.97572017,0.97306234,-0.0026578307,0.97572017,0.97572017,0.0,0.97572017,0.97572017,0.0,0.97572017,0.9664092,-0.009310961,0.97572017,0.9824123,0.0066921115,0.97572017,0.983723,0.008002818,0.97572017,0.97572017,0.0,0.97572017,0.97572017,0.0,0.97572017,0.96197087,-0.013749301,0.97572017,0.9655267,-0.010193467,0.97572017,0.9583385,-0.017381668,0.97572017,0.9685462,-0.0071739554,3
0,1,0,0,2,3,2,6,2,7,2.0,2.0,2.0,3.0,2.0,8.0,3.0,3.0,5.0,3.0,3.0,2.0,5.0,0.6221001,0.9412805,0.31918037,0.6221001,0.85016614,0.22806603,0.6221001,0.6221001,0.0,0.6221001,0.6221001,0.0,0.6221001,0.56227624,-0.05982387,0.6221001,0.7319976,0.109897494,0.6221001,0.60615116,-0.015948951,0.6221001,0.6221001,0.0,0.6221001,0.6221001,0.0,0.6221001,0.6643495,0.04224938,0.6221001,0.89464897,0.27254885,0.6221001,0.6547668,0.032666683,0.6221001,0.56748724,-0.054612875,21
2,1,2,0,0,2,2,2,0,7,3.0,1.0,2.0,2.0,2.0,5.0,2.0,3.0,5.0,4.0,5.0,3.0,5.0,0.9543259,0.93771017,-0.016615748,0.9543259,0.9574771,0.0031511784,0.9543259,0.9543259,0.0,,,,0.9543259,0.95422316,-0.00010275841,0.9543259,0.9569766,0.0026506782,0.9543259,0.9478528,-0.006473124,0.9543259,0.9543259,0.0,0.9543259,0.9543259,0.0,0.9543259,0.96650445,0.01217854,0.9543259,0.889219,-0.06510693,0.9543259,0.95858705,0.004261136,0.9543259,0.9300052,-0.024320722,13
1,1,0,0,0,0,2,0,0,3,2.0,5.0,2.0,2.0,2.0,4.0,4.0,3.0,7.0,4.0,3.0,4.0,8.0,0.9656425,0.9873367,0.021694183,,,,0.9656425,0.9656425,0.0,0.9656425,0.9656425,0.0,0.9656425,0.9683945,0.002752006,0.9656425,0.99305665,0.027414143,0.9656425,0.9721122,0.006469667,0.9656425,0.9656425,0.0,0.9656425,0.9656425,0.0,0.9656425,0.90299326,-0.06264925,0.9656425,0.9559388,-0.009703696,0.9656425,0.936816,-0.028826535,0.9656425,0.9786614,0.013018906,11
3,1,3,0,0,0,6,0,0,7,1.0,5.0,2.0,2.0,2.0,8.0,4.0,4.0,4.0,4.0,5.0,4.0,8.0,,,,,,,0.940852,0.940852,0.0,,,,0.940852,0.92473984,-0.016112149,0.940852,0.96057385,0.019721866,0.940852,0.9613705,0.020518541,0.940852,0.940852,0.0,,,,0.940852,0.91803014,-0.022821844,0.940852,0.95542,0.014568031,0.940852,0.9278789,-0.01297307,0.940852,0.94715947,0.0063074827,26
0,0,2,0,0,0,5,0,0,7,1.0,4.0,1.0,2.0,1.0,0.0,1.0,2.0,7.0,4.0,3.0,4.0,6.0,,,,0.91839993,0.9520199,0.03361994,0.91839993,0.91839993,0.0,0.91839993,0.91839993,0.0,,,,0.91839993,0.94875306,0.030353129,,,,0.91839993,0.91839993,0.0,0.91839993,0.91839993,0.0,,,,0.91839993,0.96749276,0.04909283,0.91839993,0.93562114,0.017221212,0.91839993,0.95903814,0.04063821,26
2,1,1,0,0,0,3,0,1,4,1.0,4.0,1.0,4.0,2.0,1.0,4.0,3.0,9.0,3.0,3.0,3.0,9.0,,,,0.9798821,0.9812764,0.0013942719,0.9798821,0.9798821,0.0,0.9798821,0.9798821,0.0,,,,0.9798821,0.969545,-0.010337114,0.9798821,0.987107,0.007224858,0.9798821,0.9798821,0.0,0.9798821,0.9798821,0.0,0.9798821,0.98006743,0.00018531084,0.9798821,0.9647715,-0.015110612,0.9798821,0.95110995,-0.028772175,0.9798821,0.96102846,-0.018853664,2
5,1,0,0,0,0,6,0,0,0,1.0,5.0,1.0,1.0,4.0,0.0,3.0,2.0,10.0,5.0,4.0,5.0,10.0,,,,,,,,,,0.9454193,0.9454193,0.0,,,,,,,0.9454193,0.9335469,-0.011872411,0.9454193,0.9454193,0.0,0.9454193,0.9454193,0.0,,,,,,,,,,,,,15
4,1,0,0,4,2,2,7,0,3,1.0,5.0,1.0,1.0,1.0,10.0,3.0,3.0,5.0,5.0,3.0,4.0,10.0,,,,,,,,,,0.98630685,0.98630685,0.0,,,,,,,,,,0.98630685,0.98630685,0.0,0.98630685,0.98630685,0.0,0.98630685,0.92468995,-0.061616898,0.98630685,0.9947048,0.008397937,0.98630685,0.98164153,-0.004665315,,,,14
2,1,0,0,0,0,3,0,0,7,1.0,3.0,1.0,1.0,1.0,3.0,2.0,3.0,7.0,4.0,4.0,2.0,3.0,,,,0.99241734,0.9859511,-0.00646621,0.99241734,0.99241734,0.0,0.99241734,0.99241734,0.0,,,,,,,,,,0.99241734,0.99241734,0.0,0.99241734,0.99241734,0.0,0.99241734,0.9722526,-0.020164728,0.99241734,0.9706414,-0.02177596,0.99241734,0.9872634,-0.005153954,0.99241734,0.9949362,0.0025188923,26
2,1,0,0,0,0,3,0,0,3,1.0,4.0,2.0,3.0,2.0,7.0,2.0,3.0,7.0,4.0,5.0,2.0,8.0,,,,0.9803981,0.94242036,-0.037977755,0.9803981,0.9803981,0.0,,,,0.9803981,0.9733487,-0.0070494413,0.9803981,0.978803,-0.0015951395,0.9803981,0.9785201,-0.0018780231,0.9803981,0.9803981,0.0,0.9803981,0.9803981,0.0,0.9803981,0.993093,0.012694895,0.9803981,0.9773902,-0.0030078888,0.9803981,0.9771566,-0.003241539,0.9803981,0.97043455,-0.009963572,10
5,0,0,0,0,0,2,3,0,0,1.0,3.0,2.0,2.0,2.0,2.0,4.0,3.0,8.0,5.0,2.0,4.0,8.0,,,,0.98986685,0.9941479,0.004281044,,,,0.98986685,0.98986685,0.0,0.98986685,0.98840874,-0.0014581084,0.98986685,0.9749761,-0.01489073,0.98986685,0.9883001,-0.0015667677,0.98986685,0.98986685,0.0,0.98986685,0.98986685,0.0,0.98986685,0.9701104,-0.019756436,0.98986685,0.99020326,0.00033640862,0.98986685,0.9929315,0.0030646324,0.98986685,0.9967116,0.006844759,5
0,1,6,0,0,0,5,5,1,2,2.0,5.0,2.0,2.0,2.0,7.0,4.0,2.0,4.0,5.0,5.0,1.0,8.0,0.8498468,0.9170249,0.06717813,,,,,,,,,,0.8498468,0.83015746,-0.019689322,0.8498468,0.9056529,0.0558061,0.8498468,0.8760261,0.026179314,0.8498468,0.8498468,0.0,0.8498468,0.8498468,0.0,0.8498468,0.79429936,-0.055547416,0.8498468,0.88398266,0.034135878,0.8498468,0.9009757,0.051128924,0.8498468,0.8162892,-0.033557594,16
6,0,0,0,4,4,7,3,0,3,2.0,5.0,2.0,2.0,2.0,3.0,3.0,3.0,8.0,4.0,3.0,3.0,8.0,0.74379265,0.8900654,0.14627272,,,,0.74379265,0.74379265,0.0,0.74379265,0.74379265,0.0,0.74379265,0.7067071,-0.037085533,0.74379265,0.6497128,-0.09407985,0.74379265,0.8835642,0.13977152,0.74379265,0.74379265,0.0,0.74379265,0.74379265,0.0,0.74379265,0.87677044,0.13297778,0.74379265,0.7971895,0.05339682,0.74379265,0.7782838,0.03449112,0.74379265,0.9283367,0.18454403,19
3,1,0,0,1,1,2,4,3,2,3.0,5.0,2.0,2.0,2.0,5.0,4.0,3.0,8.0,3.0,4.0,2.0,6.0,0.90691274,0.9402395,0.033326745,,,,0.90691274,0.90691274,0.0,0.90691274,0.90691274,0.0,0.90691274,0.8935335,-0.013379216,0.90691274,0.9436138,0.036701083,0.90691274,0.919931,0.01301825,0.90691274,0.90691274,0.0,0.90691274,0.90691274,0.0,0.90691274,0.8494382,-0.057474554,0.90691274,0.5332363,-0.37367642,0.90691274,0.92946714,0.022554398,0.90691274,0.8839312,-0.022981524,16
3,1,0,0,0,0,2,1,1,4,4.0,5.0,2.0,2.0,3.0,7.0,2.0,3.0,6.0,3.0,3.0,4.0,8.0,0.9652456,0.9166154,-0.048630178,,,,0.9652456,0.9652456,0.0,0.9652456,0.9652456,0.0,0.9652456,0.9531069,-0.012138724,0.9652456,0.9783474,0.013101816,0.9652456,0.9772735,0.012027919,0.9652456,0.9652456,0.0,0.9652456,0.9652456,0.0,0.9652456,0.96477604,-0.0004695654,0.9652456,0.9707764,0.0055307746,0.9652456,0.96103066,-0.0042149425,0.9652456,0.968782,0.0035364032,3
2,0,0,0,0,1,1,1,0,0,1.0,3.0,3.0,2.0,2.0,3.0,4.0,2.0,8.0,4.0,5.0,4.0,9.0,,,,0.95404756,0.9477779,-0.006269634,0.95404756,0.95404756,0.0,,,,0.95404756,0.98339844,0.029350877,0.95404756,0.93773586,-0.016311705,0.95404756,0.9007967,-0.05325085,0.95404756,0.95404756,0.0,0.95404756,0.95404756,0.0,0.95404756,0.9182983,-0.035749257,0.95404756,0.9131628,-0.040884733,0.95404756,0.9509816,-0.0030659437,0.95404756,0.9401906,-0.013856947,9
3,0,1,0,0,0,7,0,0,5,1.0,5.0,3.0,2.0,2.0,0.0,4.0,3.0,8.0,4.0,4.0,4.0,8.0,,,,,,,0.9914102,0.9914102,0.0,0.9914102,0.9914102,0.0,0.9914102,0.98925775,-0.002152443,0.9914102,0.99599165,0.0045814514,0.9914102,0.9966023,0.005192101,0.9914102,0.9914102,0.0,0.9914102,0.9914102,0.0,,,,0.9914102,0.99419916,0.002788961,0.9914102,0.9900712,-0.0013390183,0.9914102,0.9846016,-0.006808579,23
2,0,6,0,0,0,4,0,1,4,1.0,5.0,3.0,2.0,5.0,5.0,1.0,1.0,0.0,3.0,4.0,2.0,2.0,,,,,,,0.9023476,0.9023476,0.0,0.9023476,0.9023476,0.0,0.9023476,0.90974957,0.007401943,0.9023476,0.9427752,0.040427566,0.9023476,0.8788512,-0.023496449,0.9023476,0.9023476,0.0,0.9023476,0.9023476,0.0,0.9023476,0.89856946,-0.0037781596,0.9023476,0.88646185,-0.01588577,0.9023476,0.8388217,-0.063525915,0.9023476,0.9778486,0.075500965,2
2,1,1,0,0,0,4,0,0,0,1.0,4.0,1.0,1.0,3.0,3.0,3.0,3.0,7.0,4.0,4.0,3.0,7.0,,,,0.9921484,0.9931545,0.0010061264,0.9921484,0.9921484,0.0,0.9921484,0.9921484,0.0,,,,,,,0.9921484,0.9928347,0.0006862879,0.9921484,0.9921484,0.0,0.9921484,0.9921484,0.0,0.9921484,0.9835496,-0.0085988045,0.9921484,0.97287005,-0.019278347,0.9921484,0.984037,-0.008111417,0.9921484,0.9955171,0.0033686757,20
4,1,0,0,0,1,3,0,0,2,3.0,4.0,3.0,2.0,2.0,5.0,3.0,3.0,7.0,3.0,3.0,2.0,8.0,0.45570952,0.36296204,-0.09274748,0.45570952,0.43112057,-0.024588943,0.45570952,0.45570952,0.0,0.45570952,0.45570952,0.0,0.45570952,0.7353793,0.27966976,0.45570952,0.6833736,0.22766405,0.45570952,0.4273384,-0.028371125,0.45570952,0.45570952,0.0,0.45570952,0.45570952,0.0,0.45570952,0.37402433,-0.081685185,0.45570952,0.30924407,-0.14646545,0.45570952,0.34623513,-0.10947439,0.45570952,0.5512328,0.0955233,12
6,1,0,0,0,4,6,3,0,3,2.0,4.0,2.0,2.0,2.0,3.0,2.0,2.0,4.0,4.0,3.0,4.0,5.0,0.8634138,0.84550864,-0.017905176,0.8634138,0.9104538,0.047039986,0.8634138,0.8634138,0.0,0.8634138,0.8634138,0.0,0.8634138,0.76597774,-0.09743607,0.8634138,0.8043393,-0.05907452,0.8634138,0.9031998,0.03978598,0.8634138,0.8634138,0.0,0.8634138,0.8634138,0.0,0.8634138,0.81438905,-0.04902476,0.8634138,0.83871216,-0.024701655,0.8634138,0.8412864,-0.02212739,0.8634138,0.73576176,-0.12765205,19
5,0,0,0,1,0,7,3,0,2,2.0,5.0,2.0,3.0,2.0,9.0,4.0,1.0,10.0,3.0,3.0,3.0,10.0,0.8248497,0.7275609,-0.09728885,,,,0.8248497,0.8248497,0.0,0.8248497,0.8248497,0.0,0.8248497,0.8248497,0.0,0.8248497,0.87256664,0.047716916,0.8248497,0.93291795,0.10806823,0.8248497,0.8248497,0.0,0.8248497,0.8248497,0.0,0.8248497,0.8623017,0.037451982,,,,0.8248497,0.87883806,0.053988338,,,,5
0,1,5,0,0,0,1,0,0,7,1.0,5.0,1.0,1.0,1.0,4.0,2.0,2.0,9.0,5.0,5.0,5.0,10.0,,,,,,,,,,,,,,,,,,,,,,0.95233905,0.95233905,0.0,0.95233905,0.95233905,0.0,0.95233905,0.97305274,0.020713687,0.95233905,0.96768445,0.015345395,,,,,,,26
2,0,0,0,0,0,6,0,0,1,2.0,5.0,2.0,2.0,2.0,1.0,4.0,3.0,7.0,4.0,4.0,4.0,7.0,0.9881606,0.9972128,0.009052217,,,,0.9881606,0.9881606,0.0,0.9881606,0.9881606,0.0,0.9881606,0.9878705,-0.0002900958,0.9881606,0.99597543,0.007814825,0.9881606,0.996761,0.008600414,0.9881606,0.9881606,0.0,0.9881606,0.9881606,0.0,0.9881606,0.98645604,-0.0017045736,0.9881606,0.99354196,0.0053813457,0.9881606,0.97570974,-0.012450874,0.9881606,0.98249406,-0.005666554,15
3,1,0,0,4,1,1,1,0,3,2.0,5.0,3.0,2.0,4.0,7.0,2.0,1.0,7.0,4.0,4.0,4.0,9.0,0.78782755,0.8562116,0.06838405,,,,0.78782755,0.78782755,0.0,0.78782755,0.78782755,0.0,0.78782755,0.80602765,0.0182001,0.78782755,0.87696767,0.08914012,0.78782755,0.8226037,0.03477615,0.78782755,0.78782755,0.0,0.78782755,0.78782755,0.0,0.78782755,0.79879713,0.010969579,0.78782755,0.6219408,-0.16588676,0.78782755,0.7992145,0.011386931,0.78782755,0.7783058,-0.009521723,4
2,0,0,0,0,0,7,0,2,4,1.0,4.0,1.0,1.0,2.0,5.0,4.0,3.0,7.0,4.0,4.0,4.0,5.0,,,,0.9649203,0.98041695,0.015496671,0.9649203,0.9649203,0.0,0.9649203,0.9649203,0.0,,,,,,,0.9649203,0.9808241,0.01590383,0.9649203,0.9649203,0.0,0.9649203,0.9649203,0.0,0.9649203,0.9946753,0.029754996,0.9649203,0.91335344,-0.05156684,0.9649203,0.9559205,-0.008999765,0.9649203,0.9626908,-0.0022295117,2
2,0,0,0,0,0,3,0,0,0,1.0,4.0,2.0,3.0,2.0,7.0,2.0,3.0,3.0,4.0,3.0,1.0,4.0,,,,0.9024711,0.97235817,0.06988704,0.9024711,0.9024711,0.0,0.9024711,0.9024711,0.0,0.9024711,0.8878737,-0.014597416,0.9024711,0.95347923,0.051008105,0.9024711,0.9209338,0.018462658,0.9024711,0.9024711,0.0,0.9024711,0.9024711,0.0,0.9024711,0.8454686,-0.057002544,0.9024711,0.7837361,-0.118735015,0.9024711,0.9185698,0.016098678,0.9024711,0.9673605,0.06488937,10
0,0,5,0,1,3,2,6,0,7,2.0,5.0,3.0,2.0,2.0,6.0,4.0,3.0,5.0,4.0,4.0,2.0,5.0,0.96413535,0.96702945,0.0028941035,,,,0.96413535,0.96413535,0.0,0.96413535,0.96413535,0.0,0.96413535,0.99385095,0.029715598,0.96413535,0.9683626,0.0042272806,0.96413535,0.96669275,0.002557397,0.96413535,0.96413535,0.0,0.96413535,0.96413535,0.0,0.96413535,0.7294342,-0.23470116,0.96413535,0.9189262,-0.04520917,0.96413535,0.9099369,-0.054198444,0.96413535,0.97171986,0.0075845122,21
0,1,4,0,1,3,4,6,0,8,1.0,5.0,1.0,1.0,1.0,3.0,4.0,4.0,2.0,5.0,5.0,2.0,0.0,,,,,,,,,,,,,,,,,,,,,,0.96539557,0.96539557,0.0,,,,0.96539557,0.94492173,-0.020473838,0.96539557,0.91746706,-0.047928512,0.96539557,0.9594544,-0.0059411526,0.96539557,0.9619434,-0.0034521818,8
3,0,4,0,0,0,6,0,0,3,1.0,2.0,3.0,4.0,2.0,6.0,4.0,3.0,6.0,3.0,3.0,3.0,7.0,,,,0.92567056,0.9438777,0.018207133,0.92567056,0.92567056,0.0,0.92567056,0.92567056,0.0,0.92567056,0.9516329,0.025962353,0.92567056,0.9188782,-0.0067923665,0.92567056,0.9331343,0.007463753,0.92567056,0.92567056,0.0,0.92567056,0.92567056,0.0,0.92567056,0.90483946,-0.020831108,0.92567056,0.95745456,0.031783998,0.92567056,0.93558586,0.009915292,0.92567056,0.9156,-0.010070562,10
4,1,0,0,0,0,2,1,0,5,3.0,4.0,1.0,1.0,1.0,5.0,4.0,3.0,8.0,4.0,4.0,5.0,7.0,0.9397414,0.95267725,0.012935877,0.9397414,0.9311968,-0.008544564,0.9397414,0.9397414,0.0,0.9397414,0.9397414,0.0,,,,,,,,,,0.9397414,0.9397414,0.0,0.9397414,0.9397414,0.0,0.9397414,0.9753794,0.035638034,0.9397414,0.9365925,-0.0031488538,,,,0.9397414,0.9301838,-0.009557545,12
1,1,0,0,0,0,2,0,0,0,1.0,3.0,2.0,2.0,2.0,5.0,3.0,3.0,8.0,4.0,4.0,2.0,8.0,,,,0.9583363,0.9689089,0.010572612,0.9583363,0.9583363,0.0,0.9583363,0.9583363,0.0,0.9583363,0.9306517,-0.02768457,0.9583363,0.9752584,0.016922116,0.9583363,0.95997214,0.0016358495,0.9583363,0.9583363,0.0,0.9583363,0.9583363,0.0,0.9583363,0.9930641,0.03472781,0.9583363,0.8927565,-0.06557977,0.9583363,0.9750113,0.016674995,0.9583363,0.96965337,0.011317074,10
5,1,0,0,2,0,6,3,0,3,2.0,4.0,2.0,2.0,2.0,0.0,3.0,3.0,10.0,4.0,4.0,5.0,10.0,0.9758514,0.98364395,0.0077925324,0.9758514,0.9892898,0.013438404,0.9758514,0.9758514,0.0,0.9758514,0.9758514,0.0,0.9758514,0.9754463,-0.00040513277,0.9758514,0.9697346,-0.0061168075,0.9758514,0.99329525,0.017443836,0.9758514,0.9758514,0.0,0.9758514,0.9758514,0.0,,,,,,,,,,,,,7
5,0,0,0,0,0,8,3,0,3,2.0,3.0,2.0,2.0,2.0,2.0,3.0,3.0,7.0,4.0,4.0,4.0,7.0,0.81757385,0.9226255,0.10505164,0.81757385,0.86799705,0.050423205,0.81757385,0.81757385,0.0,0.81757385,0.81757385,0.0,0.81757385,0.78402567,-0.033548176,0.81757385,0.8683248,0.05075097,0.81757385,0.93165237,0.11407852,0.81757385,0.81757385,0.0,0.81757385,0.81757385,0.0,0.81757385,0.30178434,-0.5157895,0.81757385,0.94425964,0.1266858,0.81757385,0.81666625,-0.0009075999,0.81757385,0.8521593,0.034585476,7
1,1,0,0,0,3,4,6,0,3,2.0,3.0,2.0,2.0,2.0,5.0,4.0,4.0,7.0,4.0,4.0,3.0,8.0,0.7614659,0.9542035,0.19273758,0.7614659,0.8392348,0.07776892,0.7614659,0.7614659,0.0,0.7614659,0.7614659,0.0,0.7614659,0.7061382,-0.055327713,0.7614659,0.85664964,0.09518373,0.7614659,0.8146111,0.05314517,0.7614659,0.7614659,0.0,,,,0.7614659,0.8853006,0.12383467,0.7614659,0.8240419,0.062575996,0.7614659,0.52367365,-0.23779225,0.7614659,0.81935126,0.05788535,8
3,0,0,0,0,0,9,0,0,7,2.0,2.0,2.0,2.0,2.0,0.0,4.0,3.0,8.0,4.0,4.0,4.0,8.0,0.40102258,0.9666645,0.5656419,0.40102258,0.72568077,0.3246582,0.40102258,0.40102258,0.0,0.40102258,0.40102258,0.0,0.40102258,0.36571026,-0.035312325,0.40102258,0.6825066,0.28148404,0.40102258,0.72975296,0.32873037,0.40102258,0.40102258,0.0,0.40102258,0.40102258,0.0,,,,0.40102258,0.88111013,0.48008755,0.40102258,0.6209312,0.21990862,0.40102258,0.6021864,0.2011638,26
1,1,1,0,4,0,0,0,0,3,3.0,3.0,2.0,2.0,1.0,3.0,3.0,3.0,5.0,4.0,4.0,3.0,6.0,0.3225857,0.5269794,0.20439368,0.3225857,0.5882049,0.26561922,0.3225857,0.3225857,0.0,0.3225857,0.3225857,0.0,0.3225857,0.33337256,0.010786861,0.3225857,0.63363487,0.31104916,,,,0.3225857,0.3225857,0.0,0.3225857,0.3225857,0.0,0.3225857,0.28374788,-0.03883782,0.3225857,0.24140912,-0.08117658,0.3225857,0.27888572,-0.04369998,0.3225857,0.5311138,0.2085281,20
3,0,0,0,0,0,8,0,1,4,1.0,4.0,2.0,3.0,2.0,0.0,2.0,3.0,10.0,4.0,5.0,5.0,10.0,,,,0.96129066,0.96887916,0.0075885057,0.96129066,0.96129066,0.0,,,,0.96129066,0.9710687,0.009778023,0.96129066,0.97398597,0.0126953125,0.96129066,0.9781959,0.016905248,0.96129066,0.96129066,0.0,0.96129066,0.96129066,0.0,,,,,,,,,,,,,2
1,0,5,0,0,0,1,0,0,3,1.0,4.0,2.0,2.0,2.0,5.0,3.0,2.0,7.0,4.0,4.0,3.0,6.0,,,,0.9834714,0.98563296,0.0021615624,0.9834714,0.9834714,0.0,0.9834714,0.9834714,0.0,0.9834714,0.97967327,-0.0037981272,0.9834714,0.99014133,0.0066699386,0.9834714,0.97409725,-0.009374142,0.9834714,0.9834714,0.0,0.9834714,0.9834714,0.0,0.9834714,0.9934794,0.0100079775,0.9834714,0.95743054,-0.026040852,0.9834714,0.97163785,-0.011833549,0.9834714,0.98129106,-0.002180338,10
5,1,0,0,0,0,6,3,0,3,4.0,4.0,2.0,2.0,3.0,2.0,4.0,3.0,8.0,4.0,4.0,5.0,8.0,0.90708286,0.93809396,0.031011105,0.90708286,0.9236304,0.01654756,0.90708286,0.90708286,0.0,0.90708286,0.90708286,0.0,0.90708286,0.90083754,-0.006245315,0.90708286,0.9384296,0.03134674,0.90708286,0.864357,-0.04272586,0.90708286,0.90708286,0.0,0.90708286,0.90708286,0.0,0.90708286,0.40557218,-0.5015107,0.90708286,0.94901067,0.041927814,,,,0.90708286,0.84148943,-0.06559342,7
6,0,0,0,0,4,2,3,0,3,2.0,4.0,2.0,4.0,1.0,5.0,4.0,3.0,5.0,1.0,1.0,4.0,4.0,0.10534555,0.5830678,0.47772223,0.10534555,0.2705488,0.16520324,0.10534555,0.10534555,0.0,0.10534555,0.10534555,0.0,0.10534555,0.06221442,-0.043131128,0.10534555,0.2068513,0.10150576,,,,0.10534555,0.10534555,0.0,0.10534555,0.10534555,0.0,0.10534555,0.20450051,0.099154964,0.10534555,0.09658186,-0.008763686,0.10534555,0.08832595,-0.0170196,0.10534555,0.34723875,0.2418932,19
4,1,0,0,1,1,2,0,0,5,1.0,5.0,1.0,1.0,1.0,3.0,2.0,3.0,10.0,5.0,4.0,2.0,9.0,,,,,,,,,,0.99329245,0.99329245,0.0,,,,,,,,,,0.99329245,0.99329245,0.0,0.99329245,0.99329245,0.0,0.99329245,0.9943509,0.0010584593,,,,0.99329245,0.99146456,-0.0018278956,0.99329245,0.9854731,-0.0078193545,4
0,1,2,0,0,3,8,6,0,7,2.0,5.0,2.0,2.0,3.0,5.0,3.0,3.0,5.0,2.0,3.0,3.0,5.0,0.9768837,0.9893589,0.012475193,,,,0.9768837,0.9768837,0.0,0.9768837,0.9768837,0.0,0.9768837,0.9579309,-0.018952787,0.9768837,0.9733044,-0.0035793185,0.9768837,0.9643591,-0.012524605,0.9768837,0.9768837,0.0,0.9768837,0.9768837,0.0,0.9768837,0.9699969,-0.0068867803,0.9768837,0.9585276,-0.018356085,0.9768837,0.9278623,-0.049021423,0.9768837,0.9640509,-0.01283282,21
3,1,1,0,0,0,4,0,1,4,1.0,4.0,3.0,2.0,3.0,0.0,4.0,3.0,3.0,5.0,4.0,1.0,7.0,,,,0.9824865,0.98894113,0.0064546466,,,,0.9824865,0.9824865,0.0,0.9824865,0.98647887,0.0039923787,0.9824865,0.98998356,0.007497072,0.9824865,0.9665364,-0.015950084,0.9824865,0.9824865,0.0,0.9824865,0.9824865,0.0,,,,0.9824865,0.95051664,-0.031969845,0.9824865,0.9875245,0.005038023,0.9824865,0.976238,-0.006248474,2
5,1,0,0,1,0,7,1,0,0,1.0,4.0,1.0,1.0,2.0,2.0,4.0,3.0,9.0,4.0,4.0,3.0,9.0,,,,0.9445303,0.97742337,0.03289306,0.9445303,0.9445303,0.0,0.9445303,0.9445303,0.0,,,,,,,0.9445303,0.95418566,0.009655356,0.9445303,0.9445303,0.0,0.9445303,0.9445303,0.0,0.9445303,0.88814694,-0.05638337,0.9445303,0.94778275,0.0032524467,0.9445303,0.9342029,-0.010327399,0.9445303,0.9798329,0.03530258,7
1,1,3,0,1,0,1,0,1,2,2.0,5.0,3.0,5.0,5.0,7.0,4.0,3.0,7.0,3.0,3.0,3.0,8.0,0.25088084,0.6703073,0.41942644,,,,0.25088084,0.25088084,0.0,0.25088084,0.25088084,0.0,0.25088084,0.526924,0.27604318,0.25088084,0.2663588,0.015477955,0.25088084,0.24953428,-0.0013465583,0.25088084,0.25088084,0.0,0.25088084,0.25088084,0.0,0.25088084,0.14677446,-0.10410638,0.25088084,0.23662116,-0.014259681,0.25088084,0.24334137,-0.007539466,0.25088084,0.20776919,-0.043111652,1
3,1,1,0,0,0,6,0,0,0,1.0,4.0,2.0,3.0,3.0,3.0,4.0,2.0,4.0,4.0,3.0,2.0,4.0,,,,0.98550504,0.98196304,-0.003542006,0.98550504,0.98550504,0.0,0.98550504,0.98550504,0.0,0.98550504,0.98790574,0.0024006963,0.98550504,0.97300714,-0.012497902,0.98550504,0.9747482,-0.01075685,0.98550504,0.98550504,0.0,0.98550504,0.98550504,0.0,0.98550504,0.9864146,0.0009095669,0.98550504,0.9904308,0.004925728,0.98550504,0.9835829,-0.0019221306,0.98550504,0.98315984,-0.0023452044,20
1,0,1,0,2,0,2,0,0,3,1.0,3.0,2.0,2.0,2.0,8.0,3.0,3.0,7.0,1.0,1.0,4.0,9.0,,,,0.98777485,0.9866976,-0.0010772347,0.98777485,0.98777485,0.0,0.98777485,0.98777485,0.0,0.98777485,0.98154575,-0.0062291026,0.98777485,0.99734527,0.00957042,0.98777485,0.9914892,0.003714323,0.98777485,0.98777485,0.0,0.98777485,0.98777485,0.0,0.98777485,0.98734635,-0.0004284978,0.98777485,0.95486104,-0.032913804,0.98777485,0.99122345,0.0034486055,0.98777485,0.98932064,0.0015457869,10
2,1,1,0,0,0,1,7,0,0,2.0,3.0,3.0,3.0,2.0,3.0,4.0,3.0,6.0,5.0,2.0,2.0,3.0,0.87254876,0.9734691,0.10092032,0.87254876,0.9579499,0.08540112,,,,0.87254876,0.87254876,0.0,0.87254876,0.75797045,-0.11457831,0.87254876,0.9191003,0.046551526,0.87254876,0.9147556,0.042206824,0.87254876,0.87254876,0.0,0.87254876,0.87254876,0.0,0.87254876,0.86763674,-0.004912019,0.87254876,0.9137678,0.041219056,0.87254876,0.89166814,0.019119382,0.87254876,0.84378505,-0.028763711,20
0,0,0,0,1,2,6,1,0,7,1.0,4.0,2.0,2.0,2.0,3.0,3.0,3.0,7.0,5.0,4.0,3.0,8.0,,,,0.9809349,0.9872909,0.006356001,,,,0.9809349,0.9809349,0.0,0.9809349,0.97693175,-0.004003167,0.9809349,0.99460596,0.013671041,0.9809349,0.9903054,0.009370506,0.9809349,0.9809349,0.0,0.9809349,0.9809349,0.0,0.9809349,0.98783106,0.006896138,0.9809349,0.98346275,0.002527833,0.9809349,0.97118133,-0.009753585,0.9809349,0.9761179,-0.004817009,25
1,1,2,0,0,1,2,1,2,4,2.0,4.0,2.0,2.0,3.0,5.0,4.0,3.0,7.0,4.0,4.0,5.0,8.0,0.40472472,0.72971916,0.32499444,0.40472472,0.34050208,-0.064222634,0.40472472,0.40472472,0.0,0.40472472,0.40472472,0.0,0.40472472,0.36038086,-0.04434386,0.40472472,0.5012182,0.09649348,0.40472472,0.6231657,0.21844101,0.40472472,0.40472472,0.0,0.40472472,0.40472472,0.0,0.40472472,0.3605121,-0.04421261,0.40472472,0.4612807,0.056555986,,,,0.40472472,0.21859205,-0.18613267,3
0,0,0,0,0,0,0,0,0,1,3.0,5.0,1.0,1.0,1.0,10.0,5.0,2.0,10.0,5.0,5.0,2.0,10.0,0.04663592,0.1188849,0.07224898,,,,,,,,,,,,,,,,,,,,,,0.04663592,0.04663592,0.0,0.04663592,0.44087064,0.39423472,,,,0.04663592,0.21488023,0.1682443,,,,11
5,0,0,0,4,1,8,3,0,0,1.0,4.0,1.0,1.0,2.0,0.0,4.0,3.0,10.0,4.0,4.0,5.0,10.0,,,,0.87402266,0.9472164,0.07319373,0.87402266,0.87402266,0.0,0.87402266,0.87402266,0.0,,,,,,,0.87402266,0.9469686,0.07294595,0.87402266,0.87402266,0.0,0.87402266,0.87402266,0.0,,,,,,,,,,,,,22
1,1,2,0,0,0,1,0,0,0,2.0,3.0,1.0,4.0,2.0,6.0,2.0,3.0,7.0,4.0,4.0,4.0,7.0,0.49547473,0.74704736,0.25157264,0.49547473,0.59914565,0.103670925,0.49547473,0.49547473,0.0,0.49547473,0.49547473,0.0,,,,0.49547473,0.52400655,0.02853182,0.49547473,0.45939067,-0.036084056,0.49547473,0.49547473,0.0,0.49547473,0.49547473,0.0,0.49547473,0.7283132,0.23283848,0.49547473,0.35308194,-0.14239278,0.49547473,0.6246715,0.1291968,0.49547473,0.40630105,-0.089173675,17
3,0,0,0,0,0,4,0,0,3,2.0,5.0,2.0,1.0,2.0,3.0,4.0,3.0,8.0,4.0,4.0,4.0,7.0,0.981574,0.993929,0.01235503,,,,0.981574,0.981574,0.0,0.981574,0.981574,0.0,0.981574,0.98225147,0.0006774664,,,,0.981574,0.99052215,0.008948147,0.981574,0.981574,0.0,0.981574,0.981574,0.0,0.981574,0.91926396,-0.06231004,0.981574,0.97637004,-0.0052039623,0.981574,0.97333944,-0.0082345605,0.981574,0.98896605,0.007392049,15
2,0,0,0,0,0,4,0,0,3,1.0,5.0,2.0,1.0,2.0,7.0,4.0,3.0,5.0,2.0,5.0,5.0,2.0,,,,,,,0.8893848,0.8893848,0.0,,,,0.8893848,0.8214362,-0.06794858,,,,0.8893848,0.8388508,-0.05053401,0.8893848,0.8893848,0.0,0.8893848,0.8893848,0.0,0.8893848,0.96626383,0.076879025,0.8893848,0.8904223,0.0010374784,,,,0.8893848,0.97937864,0.089993834,10
2,1,3,0,0,0,7,0,0,3,1.0,5.0,1.0,5.0,2.0,7.0,1.0,1.0,6.0,5.0,5.0,1.0,5.0,,,,,,,,,,,,,,,,0.8120433,0.76204526,-0.049998045,0.8120433,0.66337126,-0.14867204,0.8120433,0.8120433,0.0,0.8120433,0.8120433,0.0,0.8120433,0.7758925,-0.036150813,0.8120433,0.82331544,0.011272132,0.8120433,0.89390105,0.08185774,0.8120433,0.9109518,0.098908484,20
3,0,2,0,0,0,8,0,2,4,1.0,3.0,2.0,2.0,2.0,3.0,1.0,2.0,7.0,5.0,4.0,2.0,4.0,,,,0.98288757,0.98119557,-0.001691997,,,,0.98288757,0.98288757,0.0,0.98288757,0.9815777,-0.0013098717,0.98288757,0.98110044,-0.0017871261,0.98288757,0.9866129,0.00372535,0.98288757,0.98288757,0.0,0.98288757,0.98288757,0.0,0.98288757,0.97094405,-0.011943519,0.98288757,0.98204845,-0.0008391142,0.98288757,0.97415686,-0.00873071,0.98288757,0.9809121,-0.0019754767,2
3,1,0,0,0,0,8,1,1,4,3.0,5.0,2.0,3.0,4.0,3.0,4.0,3.0,6.0,4.0,4.0,3.0,9.0,0.8893673,0.9572808,0.06791353,,,,0.8893673,0.8893673,0.0,0.8893673,0.8893673,0.0,0.8893673,0.90375286,0.014385581,0.8893673,0.9447467,0.05537939,0.8893673,0.86701745,-0.022349834,0.8893673,0.8893673,0.0,0.8893673,0.8893673,0.0,0.8893673,0.84047335,-0.04889393,0.8893673,0.8326532,-0.056714058,0.8893673,0.8379822,-0.051385105,0.8893673,0.91263413,0.023266852,3
2,0,1,0,0,0,3,7,0,1,2.0,5.0,2.0,2.0,3.0,6.0,4.0,3.0,7.0,4.0,4.0,2.0,7.0,0.99791235,0.9990841,0.0011717677,,,,0.99791235,0.99791235,0.0,0.99791235,0.99791235,0.0,0.99791235,0.99787235,-3.9994717e-05,0.99791235,0.9989497,0.0010373592,0.99791235,0.9948696,-0.0030427575,0.99791235,0.99791235,0.0,0.99791235,0.99791235,0.0,0.99791235,0.9988417,0.0009293556,0.99791235,0.99753064,-0.00038170815,0.99791235,0.99765515,-0.00025719404,0.99791235,0.9977664,-0.00014597178,20
5,1,6,0,0,0,9,3,0,3,2.0,4.0,2.0,2.0,1.0,7.0,2.0,3.0,8.0,4.0,4.0,4.0,8.0,0.95511836,0.94928485,-0.0058335066,0.95511836,0.9772274,0.022109032,0.95511836,0.95511836,0.0,0.95511836,0.95511836,0.0,0.95511836,0.9350864,-0.020031929,0.95511836,0.9566479,0.0015295148,,,,0.95511836,0.95511836,0.0,0.95511836,0.95511836,0.0,0.95511836,0.9822253,0.02710694,0.95511836,0.9747985,0.019680142,0.95511836,0.9610995,0.0059811473,0.95511836,0.9879743,0.032855928,7
4,1,0,0,0,0,6,0,0,2,2.0,4.0,2.0,2.0,2.0,2.0,3.0,3.0,8.0,4.0,4.0,3.0,8.0,0.90893465,0.9888543,0.079919636,0.90893465,0.9408076,0.03187293,0.90893465,0.90893465,0.0,0.90893465,0.90893465,0.0,0.90893465,0.9007657,-0.008168936,0.90893465,0.9723832,0.06344855,0.90893465,0.95241183,0.043477178,0.90893465,0.90893465,0.0,0.90893465,0.90893465,0.0,0.90893465,0.8315051,-0.07742953,0.90893465,0.9333888,0.024454176,0.90893465,0.8807642,-0.028170466,0.90893465,0.9304655,0.021530867,12
0,1,2,0,1,3,5,6,0,7,2.0,5.0,2.0,2.0,2.0,3.0,4.0,3.0,4.0,4.0,4.0,2.0,2.0,0.9748136,0.9788386,0.004025042,,,,0.9748136,0.9748136,0.0,0.9748136,0.9748136,0.0,0.9748136,0.96905017,-0.0057634115,0.9748136,0.9744444,-0.00036919117,0.9748136,0.9811591,0.0063455105,0.9748136,0.9748136,0.0,0.9748136,0.9748136,0.0,0.9748136,0.976591,0.0017774105,0.9748136,0.95287347,-0.021940112,0.9748136,0.94241536,-0.032398224,0.9748136,0.9312889,-0.043524683,21
2,0,0,0,0,0,3,0,0,7,1.0,5.0,2.0,3.0,1.0,0.0,5.0,3.0,10.0,5.0,5.0,3.0,10.0,,,,,,,,,,,,,0.96753824,0.97527826,0.0077400208,0.96753824,0.9841956,0.016657352,,,,,,,0.96753824,0.96753824,0.0,,,,,,,0.96753824,0.9633572,-0.0041810274,,,,10
1,0,3,0,0,0,0,0,0,3,1.0,5.0,1.0,3.0,1.0,0.0,2.0,2.0,8.0,4.0,4.0,5.0,10.0,,,,,,,0.5176754,0.5176754,0.0,0.5176754,0.5176754,0.0,,,,0.5176754,0.8198895,0.3022141,,,,0.5176754,0.5176754,0.0,0.5176754,0.5176754,0.0,,,,0.5176754,0.6358629,0.11818749,,,,,,,20
2,0,4,0,0,0,5,0,1,4,2.0,4.0,3.0,2.0,2.0,6.0,4.0,3.0,7.0,4.0,4.0,4.0,8.0,0.8574491,0.81409276,-0.04335636,0.8574491,0.82972866,-0.027720451,0.8574491,0.8574491,0.0,0.8574491,0.8574491,0.0,0.8574491,0.98540246,0.12795335,0.8574491,0.9144457,0.056996584,0.8574491,0.8664924,0.009043276,0.8574491,0.8574491,0.0,0.8574491,0.8574491,0.0,0.8574491,0.8745461,0.017096996,0.8574491,0.799463,-0.05798614,0.8574491,0.8854905,0.028041363,0.8574491,0.78556347,-0.071885645,2
2,1,0,0,1,0,2,5,2,4,3.0,5.0,3.0,3.0,4.0,3.0,4.0,3.0,8.0,4.0,3.0,4.0,5.0,0.310485,0.4631024,0.1526174,,,,0.310485,0.310485,0.0,0.310485,0.310485,0.0,0.310485,0.59590364,0.28541863,0.310485,0.61221915,0.30173415,0.310485,0.310485,0.0,0.310485,0.310485,0.0,0.310485,0.310485,0.0,0.310485,0.22443932,-0.08604568,0.310485,0.24814537,-0.062339634,0.310485,0.21527387,-0.09521113,0.310485,0.17921226,-0.13127275,16
3,1,1,0,0,0,1,0,0,0,1.0,5.0,1.0,1.0,1.0,2.0,5.0,4.0,4.0,5.0,5.0,5.0,9.0,,,,,,,,,,,,,,,,,,,,,,,,,,,,0.9726676,0.9869147,0.014247119,0.9726676,0.9879026,0.015235007,,,,0.9726676,0.96083343,-0.011834145,20
3,1,1,0,0,0,3,0,0,5,3.0,2.0,3.0,2.0,2.0,5.0,4.0,4.0,8.0,4.0,4.0,5.0,7.0,0.42168137,0.8914813,0.4697999,0.42168137,0.2762708,-0.14541057,0.42168137,0.42168137,0.0,0.42168137,0.42168137,0.0,0.42168137,0.44593537,0.024253994,0.42168137,0.5578719,0.1361905,0.42168137,0.58479893,0.16311756,0.42168137,0.42168137,0.0,,,,0.42168137,0.8568717,0.43519035,0.42168137,0.60984087,0.1881595,,,,0.42168137,0.3857308,-0.03595057,12
2,0,1,0,0,0,6,0,1,4,1.0,5.0,3.0,3.0,4.0,6.0,3.0,2.0,9.0,4.0,5.0,5.0,7.0,,,,,,,0.58659697,0.58659697,0.0,,,,0.58659697,0.7167469,0.13014996,0.58659697,0.6825972,0.096000254,0.58659697,0.65554714,0.068950176,0.58659697,0.58659697,0.0,0.58659697,0.58659697,0.0,0.58659697,0.93579024,0.34919327,0.58659697,0.6253382,0.03874123,,,,0.58659697,0.5498931,-0.036703885,2
3,1,0,0,2,0,5,4,1,4,1.0,4.0,2.0,2.0,2.0,4.0,3.0,3.0,8.0,4.0,4.0,3.0,8.0,,,,0.8508845,0.79023474,-0.060649753,0.8508845,0.8508845,0.0,0.8508845,0.8508845,0.0,0.8508845,0.809027,-0.04185748,0.8508845,0.96117383,0.110289335,0.8508845,0.89335483,0.042470336,0.8508845,0.8508845,0.0,0.8508845,0.8508845,0.0,0.8508845,0.8327963,-0.018088222,0.8508845,0.47854528,-0.37233922,0.8508845,0.90535474,0.05447024,0.8508845,0.8695834,0.01869893,3
2,0,2,0,0,0,2,0,3,4,1.0,3.0,3.0,4.0,2.0,3.0,5.0,3.0,6.0,3.0,4.0,3.0,7.0,,,,0.95881665,0.9723485,0.013531864,0.95881665,0.95881665,0.0,0.95881665,0.95881665,0.0,0.95881665,0.9761772,0.017360568,0.95881665,0.9217402,-0.037076473,0.95881665,0.9614672,0.002650559,,,,0.95881665,0.95881665,0.0,0.95881665,0.9541248,-0.004691839,0.95881665,0.9669098,0.008093178,0.95881665,0.94660145,-0.012215197,0.95881665,0.9697835,0.010966837,2
2,1,1,0,0,3,6,6,2,4,2.0,4.0,3.0,2.0,3.0,3.0,2.0,3.0,10.0,5.0,5.0,4.0,10.0,0.5650832,0.6206811,0.0555979,0.5650832,0.5798284,0.014745176,,,,,,,0.5650832,0.5284784,-0.03660482,0.5650832,0.77187,0.20678681,0.5650832,0.5825886,0.017505407,0.5650832,0.5650832,0.0,0.5650832,0.5650832,0.0,0.5650832,0.5063648,-0.058718383,,,,0.5650832,0.56828105,0.0031978488,,,,16
2,1,2,0,0,1,6,0,0,0,1.0,3.0,2.0,2.0,2.0,7.0,2.0,2.0,4.0,3.0,2.0,1.0,4.0,,,,0.5965557,0.6215841,0.025028408,0.5965557,0.5965557,0.0,0.5965557,0.5965557,0.0,0.5965557,0.5488773,-0.04767841,0.5965557,0.67046887,0.07391316,0.5965557,0.67401254,0.07745683,0.5965557,0.5965557,0.0,0.5965557,0.5965557,0.0,0.5965557,0.8080432,0.21148747,0.5965557,0.42972153,-0.16683418,0.5965557,0.6806019,0.084046185,0.5965557,0.70993966,0.11338395,20
3,1,2,0,4,1,2,0,0,5,2.0,4.0,2.0,3.0,2.0,5.0,3.0,3.0,6.0,4.0,4.0,2.0,9.0,0.103323035,0.29845014,0.1951271,0.103323035,0.121614724,0.01829169,0.103323035,0.103323035,0.0,0.103323035,0.103323035,0.0,0.103323035,0.0967105,-0.006612532,0.103323035,0.14208001,0.038756974,0.103323035,0.16919035,0.06586731,0.103323035,0.103323035,0.0,0.103323035,0.103323035,0.0,0.103323035,0.059166465,-0.04415657,0.103323035,0.46480533,0.3614823,0.103323035,0.06391705,-0.039405987,0.103323035,0.08399869,-0.019324347,4
3,0,4,0,0,0,6,0,1,4,2.0,3.0,2.0,2.0,2.0,3.0,3.0,3.0,7.0,4.0,4.0,3.0,7.0,0.98602355,0.9880434,0.0020198822,0.98602355,0.9877609,0.0017373562,0.98602355,0.98602355,0.0,0.98602355,0.98602355,0.0,0.98602355,0.98382103,-0.0022025108,0.98602355,0.9911759,0.0051523447,0.98602355,0.9927469,0.0067233443,0.98602355,0.98602355,0.0,0.98602355,0.98602355,0.0,0.98602355,0.9341709,-0.051852643,0.98602355,0.9835827,-0.0024408698,0.98602355,0.99168855,0.0056650043,0.98602355,0.99293476,0.006911218,2
5,1,1,0,0,0,1,3,0,0,3.0,4.0,2.0,3.0,2.0,1.0,3.0,3.0,8.0,4.0,4.0,4.0,7.0,0.82142097,0.94935405,0.12793308,0.82142097,0.7935854,-0.027835548,0.82142097,0.82142097,0.0,0.82142097,0.82142097,0.0,0.82142097,0.80426395,-0.017157018,0.82142097,0.8937967,0.072375715,0.82142097,0.7663909,-0.055030048,0.82142097,0.82142097,0.0,0.82142097,0.82142097,0.0,0.82142097,0.83457005,0.013149083,0.82142097,0.88451517,0.0630942,0.82142097,0.83825463,0.016833663,0.82142097,0.6715918,-0.14982915,5
3,0,2,0,0,0,3,0,1,4,3.0,2.0,4.0,4.0,3.0,4.0,3.0,2.0,4.0,3.0,3.0,2.0,5.0,0.850384,0.81098264,-0.039401352,0.850384,0.80968064,-0.040703356,0.850384,0.850384,0.0,0.850384,0.850384,0.0,0.850384,0.80336106,-0.04702294,0.850384,0.8562045,0.005820513,0.850384,0.8627861,0.012402117,0.850384,0.850384,0.0,0.850384,0.850384,0.0,0.850384,0.7955627,-0.054821312,0.850384,0.7673927,-0.0829913,0.850384,0.78128135,-0.069102645,0.850384,0.5880687,-0.26231527,2
3,1,0,0,0,0,5,0,0,0,2.0,4.0,2.0,1.0,2.0,0.0,4.0,3.0,8.0,4.0,4.0,2.0,7.0,0.87526315,0.97386575,0.09860259,0.87526315,0.9641513,0.08888817,0.87526315,0.87526315,0.0,0.87526315,0.87526315,0.0,0.87526315,0.8522532,-0.023009956,,,,0.87526315,0.9519398,0.07667667,0.87526315,0.87526315,0.0,0.87526315,0.87526315,0.0,,,,0.87526315,0.76383734,-0.11142582,0.87526315,0.86775136,-0.0075117946,0.87526315,0.73293287,-0.14233029,15
2,0,1,0,0,0,3,0,0,0,2.0,4.0,2.0,2.0,2.0,6.0,4.0,3.0,8.0,4.0,4.0,4.0,8.0,0.95803773,0.96107316,0.0030354261,0.95803773,0.9487076,-0.009330153,0.95803773,0.95803773,0.0,0.95803773,0.95803773,0.0,0.95803773,0.9522209,-0.0058168173,0.95803773,0.97330993,0.0152722,0.95803773,0.96514165,0.00710392,0.95803773,0.95803773,0.0,0.95803773,0.95803773,0.0,0.95803773,0.9699468,0.011909068,0.95803773,0.8875323,-0.07050544,0.95803773,0.940715,-0.01732272,0.95803773,0.96697414,0.008936405,20
6,0,4,0,0,4,4,3,0,3,2.0,2.0,2.0,2.0,2.0,0.0,4.0,3.0,8.0,2.0,3.0,3.0,8.0,0.17936021,0.8695218,0.6901616,0.17936021,0.42867014,0.24930993,0.17936021,0.17936021,0.0,0.17936021,0.17936021,0.0,0.17936021,0.17936021,0.0,0.17936021,0.18762128,0.00826107,0.17936021,0.20619543,0.026835218,0.17936021,0.17936021,0.0,0.17936021,0.17936021,0.0,,,,0.17936021,0.5179815,0.33862132,0.17936021,0.22663887,0.047278658,0.17936021,0.24739161,0.0680314,19
3,0,1,0,0,1,2,0,2,4,1.0,3.0,2.0,2.0,5.0,5.0,2.0,1.0,5.0,4.0,4.0,2.0,7.0,,,,0.9049049,0.96476895,0.059864044,0.9049049,0.9049049,0.0,0.9049049,0.9049049,0.0,0.9049049,0.8730661,-0.031838775,0.9049049,0.91346586,0.0085609555,0.9049049,0.9187335,0.013828576,0.9049049,0.9049049,0.0,0.9049049,0.9049049,0.0,0.9049049,0.9821915,0.0772866,0.9049049,0.93480176,0.029896855,0.9049049,0.9117087,0.0068038106,0.9049049,0.9760741,0.0711692,0
1,0,2,0,0,0,1,0,0,3,2.0,4.0,5.0,3.0,1.0,4.0,4.0,1.0,8.0,3.0,3.0,4.0,8.0,0.3004393,0.3365659,0.036126614,0.3004393,0.26807302,-0.032366276,0.3004393,0.3004393,0.0,0.3004393,0.3004393,0.0,0.3004393,0.38092077,0.08048147,0.3004393,0.45307076,0.15263146,,,,0.3004393,0.3004393,0.0,0.3004393,0.3004393,0.0,0.3004393,0.38933107,0.088891774,0.3004393,0.4522265,0.15178719,0.3004393,0.42328978,0.12285048,0.3004393,0.253556,-0.046883285,17
3,1,2,0,0,0,6,0,2,4,1.0,4.0,1.0,2.0,2.0,1.0,4.0,3.0,9.0,4.0,4.0,4.0,10.0,,,,0.84367555,0.9022044,0.05852884,0.84367555,0.84367555,0.0,0.84367555,0.84367555,0.0,,,,0.84367555,0.868208,0.024532437,0.84367555,0.84319025,-0.00048530102,0.84367555,0.84367555,0.0,0.84367555,0.84367555,0.0,0.84367555,0.88617295,0.042497396,0.84367555,0.76999366,-0.07368189,0.84367555,0.8405306,-0.0031449795,,,,2
6,0,0,0,2,4,7,3,0,0,1.0,2.0,3.0,2.0,2.0,5.0,5.0,3.0,10.0,4.0,3.0,2.0,9.0,,,,0.73104036,0.57009435,-0.16094601,0.73104036,0.73104036,0.0,0.73104036,0.73104036,0.0,0.73104036,0.8629726,0.13193226,0.73104036,0.61573756,-0.1153028,0.73104036,0.8534869,0.12244654,,,,0.73104036,0.73104036,0.0,0.73104036,0.7662195,0.03517914,,,,0.73104036,0.75336856,0.022328198,0.73104036,0.8433414,0.11230105,19
0,1,0,0,0,3,1,6,0,1,2.0,4.0,2.0,4.0,4.0,4.0,2.0,4.0,7.0,5.0,4.0,3.0,8.0,0.8951821,0.99421364,0.09903157,0.8951821,0.9095036,0.014321506,,,,0.8951821,0.8951821,0.0,0.8951821,0.84453917,-0.050642908,0.8951821,0.9642628,0.06908071,0.8951821,0.8750016,-0.020180464,0.8951821,0.8951821,0.0,,,,0.8951821,0.9739941,0.078812,0.8951821,0.9328291,0.03764701,0.8951821,0.8755734,-0.019608676,0.8951821,0.8938744,-0.0013076663,8
2,1,1,0,0,0,6,1,2,4,2.0,5.0,3.0,2.0,2.0,7.0,3.0,3.0,6.0,4.0,3.0,3.0,7.0,0.36857215,0.23468125,-0.1338909,,,,0.36857215,0.36857215,0.0,0.36857215,0.36857215,0.0,0.36857215,0.7173911,0.34881893,0.36857215,0.5648856,0.19631347,0.36857215,0.55127597,0.18270382,0.36857215,0.36857215,0.0,0.36857215,0.36857215,0.0,0.36857215,0.6866374,0.31806526,0.36857215,0.30953145,-0.059040695,0.36857215,0.42262205,0.05404991,0.36857215,0.40036273,0.031790584,3
1,0,3,0,0,0,2,0,0,0,1.0,5.0,1.0,1.0,1.0,0.0,5.0,4.0,10.0,5.0,4.0,4.0,10.0,,,,,,,,,,0.5853271,0.5853271,0.0,,,,,,,,,,,,,,,,,,,,,,0.5853271,0.7550832,0.16975611,,,,20
2,0,1,0,0,0,1,0,0,0,2.0,4.0,2.0,2.0,2.0,4.0,4.0,3.0,9.0,4.0,4.0,5.0,10.0,0.88347507,0.9468783,0.06340325,0.88347507,0.89064115,0.0071660876,0.88347507,0.88347507,0.0,0.88347507,0.88347507,0.0,0.88347507,0.88474965,0.0012745857,0.88347507,0.9146493,0.031174242,0.88347507,0.83349085,-0.049984217,0.88347507,0.88347507,0.0,0.88347507,0.88347507,0.0,0.88347507,0.59969974,-0.28377533,0.88347507,0.88278157,-0.00069350004,,,,,,,20
5,1,0,0,2,1,8,3,0,3,3.0,3.0,2.0,3.0,3.0,0.0,3.0,3.0,9.0,3.0,3.0,5.0,9.0,0.3075243,0.7337227,0.4261984,0.3075243,0.48422173,0.17669743,0.3075243,0.3075243,0.0,0.3075243,0.3075243,0.0,0.3075243,0.23654151,-0.070982784,0.3075243,0.31896785,0.011443555,0.3075243,0.3199653,0.012441009,0.3075243,0.3075243,0.0,0.3075243,0.3075243,0.0,,,,0.3075243,0.48803946,0.18051517,,,,0.3075243,0.5143658,0.2068415,22
3,0,6,0,0,1,4,0,3,4,2.0,4.0,2.0,2.0,2.0,6.0,3.0,3.0,5.0,4.0,4.0,5.0,8.0,0.987283,0.98902506,0.001742065,0.987283,0.9869802,-0.0003027916,0.987283,0.987283,0.0,0.987283,0.987283,0.0,0.987283,0.98085874,-0.006424248,0.987283,0.99274194,0.005458951,0.987283,0.99422175,0.0069387555,0.987283,0.987283,0.0,0.987283,0.987283,0.0,0.987283,0.9821539,-0.005129099,0.987283,0.9940454,0.0067623854,,,,0.987283,0.9923228,0.005039811,0
2,1,3,0,0,0,7,0,2,4,2.0,5.0,2.0,4.0,2.0,7.0,3.0,3.0,8.0,3.0,3.0,3.0,9.0,0.7837582,0.8808806,0.09712237,,,,0.7837582,0.7837582,0.0,0.7837582,0.7837582,0.0,0.7837582,0.7667114,-0.01704681,0.7837582,0.7524159,-0.031342328,0.7837582,0.88963085,0.10587263,0.7837582,0.7837582,0.0,0.7837582,0.7837582,0.0,0.7837582,0.8504686,0.06671035,0.7837582,0.69500047,-0.08875775,0.7837582,0.730482,-0.05327624,0.7837582,0.74842376,-0.035334468,2
4,1,0,0,0,0,1,4,0,8,2.0,4.0,1.0,5.0,5.0,10.0,1.0,1.0,3.0,3.0,5.0,1.0,7.0,0.7752042,0.7983354,0.023131192,0.7752042,0.7684592,-0.006744981,0.7752042,0.7752042,0.0,,,,,,,0.7752042,0.73546714,-0.039737046,0.7752042,0.80838966,0.033185482,0.7752042,0.7752042,0.0,0.7752042,0.7752042,0.0,0.7752042,0.8957668,0.12056261,0.7752042,0.7526079,-0.0225963,0.7752042,0.75324285,-0.021961331,0.7752042,0.7404831,-0.034721076,12
2,1,2,0,0,0,7,4,3,4,2.0,3.0,3.0,3.0,3.0,0.0,3.0,3.0,10.0,3.0,4.0,5.0,10.0,0.6376185,0.80602497,0.16840649,0.6376185,0.62342894,-0.014189541,0.6376185,0.6376185,0.0,0.6376185,0.6376185,0.0,0.6376185,0.67603755,0.038419068,0.6376185,0.33721936,-0.30039912,0.6376185,0.7495229,0.11190444,0.6376185,0.6376185,0.0,0.6376185,0.6376185,0.0,,,,,,,,,,,,,3
6,1,1,0,0,4,2,0,0,2,3.0,4.0,3.0,3.0,2.0,3.0,3.0,3.0,9.0,3.0,2.0,5.0,9.0,0.4538595,0.61053324,0.15667373,0.4538595,0.56091785,0.107058346,0.4538595,0.4538595,0.0,0.4538595,0.4538595,0.0,0.4538595,0.6572393,0.20337981,0.4538595,0.59098417,0.13712466,0.4538595,0.35648787,-0.09737164,0.4538595,0.4538595,0.0,0.4538595,0.4538595,0.0,0.4538595,0.8016217,0.34776217,0.4538595,0.49958864,0.04572913,,,,0.4538595,0.37874877,-0.07511073,24
2,0,1,0,5,2,4,0,2,4,3.0,3.0,3.0,3.0,3.0,0.0,3.0,3.0,10.0,4.0,5.0,5.0,7.0,0.07956144,0.4258823,0.34632087,0.07956144,0.0923908,0.012829356,0.07956144,0.07956144,0.0,,,,0.07956144,0.25879866,0.17923722,0.07956144,0.29111347,0.21155202,0.07956144,0.058762368,-0.020799074,0.07956144,0.07956144,0.0,0.07956144,0.07956144,0.0,,,,,,,,,,0.07956144,0.0806868,0.001125358,0
2,0,0,0,0,0,5,0,0,3,2.0,5.0,2.0,2.0,2.0,0.0,4.0,4.0,9.0,4.0,4.0,5.0,8.0,0.92599386,0.98771954,0.061725676,,,,0.92599386,0.92599386,0.0,0.92599386,0.92599386,0.0,0.92599386,0.915084,-0.010909855,0.92599386,0.95056254,0.024568677,0.92599386,0.9845871,0.058593214,0.92599386,0.92599386,0.0,,,,,,,0.92599386,0.9143186,-0.011675239,,,,0.92599386,0.85250515,-0.07348871,10
1,1,0,0,0,0,2,1,1,4,2.0,4.0,4.0,4.0,4.0,0.0,3.0,3.0,8.0,4.0,3.0,4.0,8.0,0.12885696,0.7237853,0.5949283,0.12885696,0.15044874,0.021591783,0.12885696,0.12885696,0.0,0.12885696,0.12885696,0.0,0.12885696,0.12812208,-0.00073488057,0.12885696,0.15296939,0.024112433,0.12885696,0.14226052,0.013403565,0.12885696,0.12885696,0.0,0.12885696,0.12885696,0.0,,,,0.12885696,0.24385773,0.11500077,0.12885696,0.11826434,-0.010592617,0.12885696,0.1291443,0.0002873391,3
4,0,2,0,2,0,2,1,0,6,3.0,4.0,3.0,3.0,3.0,5.0,3.0,3.0,5.0,3.0,3.0,2.0,5.0,0.10549739,0.12782598,0.022328585,0.10549739,0.103358835,-0.002138555,0.10549739,0.10549739,0.0,0.10549739,0.10549739,0.0,0.10549739,0.11645242,0.010955028,0.10549739,0.19416544,0.08866805,0.10549739,0.07751079,-0.027986601,0.10549739,0.10549739,0.0,0.10549739,0.10549739,0.0,0.10549739,0.20245719,0.0969598,0.10549739,0.37730476,0.27180737,0.10549739,0.0638687,-0.04162869,0.10549739,0.13356028,0.028062895,4
0,1,1,0,0,2,1,2,0,1,2.0,4.0,2.0,2.0,2.0,7.0,3.0,3.0,6.0,4.0,4.0,3.0,8.0,0.4200859,0.7590413,0.3389554,0.4200859,0.3740293,-0.0460566,0.4200859,0.4200859,0.0,0.4200859,0.4200859,0.0,0.4200859,0.3115714,-0.10851452,0.4200859,0.42405584,0.0039699376,0.4200859,0.4229552,0.0028692782,0.4200859,0.4200859,0.0,0.4200859,0.4200859,0.0,0.4200859,0.7191618,0.2990759,0.4200859,0.35184327,-0.06824264,0.4200859,0.3540359,-0.06604999,0.4200859,0.37877148,-0.041314423,13
2,0,0,0,0,0,3,0,0,3,2.0,4.0,3.0,2.0,4.0,1.0,3.0,3.0,9.0,4.0,4.0,5.0,9.0,0.878433,0.9907969,0.112363935,0.878433,0.90100986,0.022576869,0.878433,0.878433,0.0,0.878433,0.878433,0.0,0.878433,0.9129263,0.034493327,0.878433,0.93970466,0.061271667,0.878433,0.8532071,-0.025225878,0.878433,0.878433,0.0,0.878433,0.878433,0.0,0.878433,0.8776425,-0.0007904768,0.878433,0.86038566,-0.018047333,,,,0.878433,0.8391372,-0.039295793,17
4,0,2,0,2,1,7,1,0,6,3.0,4.0,2.0,2.0,1.0,0.0,2.0,3.0,7.0,3.0,2.0,3.0,6.0,0.50793296,0.89214486,0.3842119,0.50793296,0.54392374,0.035990775,0.50793296,0.50793296,0.0,0.50793296,0.50793296,0.0,0.50793296,0.44886652,-0.059066445,0.50793296,0.58341426,0.075481296,,,,0.50793296,0.50793296,0.0,0.50793296,0.50793296,0.0,,,,0.50793296,0.6223621,0.114429116,0.50793296,0.59128064,0.08334768,0.50793296,0.5978287,0.089895725,4
3,0,0,0,0,0,7,0,0,0,2.0,4.0,2.0,3.0,2.0,4.0,3.0,3.0,6.0,4.0,4.0,2.0,5.0,0.96307546,0.97973275,0.016657293,0.96307546,0.9880292,0.024953723,0.96307546,0.96307546,0.0,0.96307546,0.96307546,0.0,0.96307546,0.95741284,-0.00566262,0.96307546,0.9786259,0.015550435,0.96307546,0.987981,0.024905562,0.96307546,0.96307546,0.0,0.96307546,0.96307546,0.0,0.96307546,0.93842494,-0.024650514,0.96307546,0.9392409,-0.023834586,0.96307546,0.9587423,-0.0043331385,0.96307546,0.95156306,-0.011512399,15
4,0,0,0,3,1,2,4,2,4,3.0,3.0,3.0,2.0,2.0,2.0,3.0,3.0,6.0,4.0,4.0,2.0,5.0,0.25853527,0.22178023,-0.03675504,0.25853527,0.338459,0.07992375,0.25853527,0.25853527,0.0,0.25853527,0.25853527,0.0,0.25853527,0.38503915,0.12650388,0.25853527,0.37929356,0.120758295,0.25853527,0.3105649,0.05202964,0.25853527,0.25853527,0.0,0.25853527,0.25853527,0.0,0.25853527,0.19461092,-0.06392434,0.25853527,0.04768929,-0.21084598,0.25853527,0.1010909,-0.15744436,0.25853527,0.18049315,-0.07804212,18
1,0,2,0,0,0,4,7,0,8,1.0,3.0,1.0,1.0,1.0,4.0,3.0,2.0,7.0,2.0,4.0,2.0,6.0,,,,0.97502464,0.993775,0.01875037,0.97502464,0.97502464,0.0,0.97502464,0.97502464,0.0,,,,,,,,,,0.97502464,0.97502464,0.0,0.97502464,0.97502464,0.0,0.97502464,0.96587557,-0.009149075,0.97502464,0.98299444,0.007969797,0.97502464,0.96695316,-0.008071482,0.97502464,0.9876402,0.0126155615,26
3,1,0,0,0,0,3,0,0,0,1.0,3.0,2.0,2.0,2.0,0.0,3.0,3.0,7.0,3.0,3.0,3.0,7.0,,,,0.98252386,0.9836089,0.001085043,0.98252386,0.98252386,0.0,0.98252386,0.98252386,0.0,0.98252386,0.9779808,-0.004543066,0.98252386,0.990949,0.008425117,0.98252386,0.9872579,0.0047340393,0.98252386,0.98252386,0.0,0.98252386,0.98252386,0.0,,,,0.98252386,0.97201127,-0.01051259,0.98252386,0.9612411,-0.021282732,0.98252386,0.97205204,-0.010471821,15
3,1,5,0,0,0,4,0,0,0,3.0,5.0,3.0,4.0,2.0,2.0,4.0,4.0,9.0,4.0,3.0,3.0,9.0,0.5041064,0.88052267,0.37641627,,,,0.5041064,0.5041064,0.0,0.5041064,0.5041064,0.0,0.5041064,0.7473653,0.2432589,0.5041064,0.46803406,-0.036072344,0.5041064,0.5705566,0.06645018,0.5041064,0.5041064,0.0,,,,0.5041064,0.23951668,-0.26458973,0.5041064,0.4860743,-0.018032104,0.5041064,0.59367996,0.08957356,0.5041064,0.5562427,0.052136302,20
0,1,0,0,0,0,3,0,0,1,1.0,4.0,2.0,2.0,2.0,7.0,2.0,3.0,6.0,5.0,5.0,2.0,8.0,,,,0.981356,0.9822786,0.0009225607,,,,,,,0.981356,0.9743603,-0.0069957376,0.981356,0.9921136,0.0107575655,0.981356,0.98608285,0.004726827,0.981356,0.981356,0.0,0.981356,0.981356,0.0,0.981356,0.9946608,0.01330477,0.981356,0.9882196,0.006863594,0.981356,0.990969,0.0096129775,0.981356,0.9869984,0.0056423545,11
1,0,1,0,0,0,1,0,0,3,1.0,5.0,3.0,3.0,3.0,3.0,4.0,4.0,10.0,4.0,4.0,4.0,9.0,,,,,,,0.7999158,0.7999158,0.0,0.7999158,0.7999158,0.0,0.7999158,0.7621127,-0.037803113,0.7999158,0.94001675,0.14010096,0.7999158,0.737984,-0.06193179,0.7999158,0.7999158,0.0,,,,0.7999158,0.7787872,-0.021128595,,,,0.7999158,0.8059326,0.006016791,0.7999158,0.68629295,-0.113622844,10
4,1,1,0,0,1,8,2,0,3,5.0,4.0,4.0,4.0,2.0,3.0,4.0,3.0,7.0,3.0,4.0,5.0,10.0,0.12859283,0.12859283,0.0,0.12859283,0.08299531,-0.045597523,0.12859283,0.12859283,0.0,0.12859283,0.12859283,0.0,0.12859283,0.3654835,0.23689066,0.12859283,0.14065775,0.012064919,0.12859283,0.19588454,0.06729171,0.12859283,0.12859283,0.0,0.12859283,0.12859283,0.0,0.12859283,0.037143495,-0.091449335,0.12859283,0.20508404,0.07649121,,,,,,,14
6,1,0,0,1,4,8,3,0,3,4.0,4.0,3.0,3.0,2.0,7.0,4.0,3.0,8.0,4.0,4.0,4.0,8.0,0.48398432,0.50702,0.023035675,0.48398432,0.22690228,-0.25708205,0.48398432,0.48398432,0.0,0.48398432,0.48398432,0.0,0.48398432,0.68886614,0.20488182,0.48398432,0.8398652,0.3558809,0.48398432,0.53449064,0.050506324,0.48398432,0.48398432,0.0,0.48398432,0.48398432,0.0,0.48398432,0.4178684,-0.066115916,0.48398432,0.6039625,0.11997816,0.48398432,0.45138434,-0.032599986,0.48398432,0.55075943,0.06677511,19
4,0,0,0,2,0,9,0,0,5,3.0,4.0,3.0,3.0,3.0,0.0,4.0,3.0,10.0,5.0,5.0,5.0,10.0,0.789686,0.9244877,0.13480169,0.789686,0.7318982,-0.057787836,,,,,,,0.789686,0.8902938,0.10060775,0.789686,0.93232054,0.14263451,0.789686,0.83172435,0.04203832,0.789686,0.789686,0.0,0.789686,0.789686,0.0,,,,,,,,,,,,,23
0,1,2,0,1,3,4,6,1,7,3.0,4.0,2.0,3.0,3.0,7.0,4.0,3.0,7.0,3.0,2.0,3.0,8.0,0.7640781,0.9566472,0.19256914,0.7640781,0.79192156,0.027843475,0.7640781,0.7640781,0.0,0.7640781,0.7640781,0.0,0.7640781,0.6662042,-0.09787387,0.7640781,0.68730146,-0.076776624,0.7640781,0.5400184,-0.2240597,0.7640781,0.7640781,0.0,0.7640781,0.7640781,0.0,0.7640781,0.6861959,-0.07788217,0.7640781,0.7972419,0.033163846,0.7640781,0.7095954,-0.0544827,0.7640781,0.73479056,-0.029287517,21
3,0,2,0,0,0,3,0,1,4,1.0,4.0,1.0,1.0,1.0,7.0,4.0,3.0,7.0,3.0,3.0,1.0,7.0,,,,0.9849584,0.9885958,0.0036373734,0.9849584,0.9849584,0.0,0.9849584,0.9849584,0.0,,,,,,,,,,0.9849584,0.9849584,0.0,0.9849584,0.9849584,0.0,0.9849584,0.99670345,0.011745036,0.9849584,0.96158797,-0.023370445,0.9849584,0.98324454,-0.001713872,0.9849584,0.9828964,-0.0020620227,2
1,0,3,0,0,3,4,0,0,1,1.0,4.0,2.0,2.0,1.0,3.0,3.0,3.0,7.0,5.0,4.0,2.0,7.0,,,,0.9948382,0.99410725,-0.00073093176,,,,0.9948382,0.9948382,0.0,0.9948382,0.99369663,-0.0011415482,0.9948382,0.99591833,0.0010801554,,,,0.9948382,0.9948382,0.0,0.9948382,0.9948382,0.0,0.9948382,0.9952813,0.00044310093,0.9948382,0.9961671,0.0013289452,0.9948382,0.99264514,-0.0021930337,0.9948382,0.99181354,-0.0030246377,11
4,0,0,0,0,0,3,0,0,5,1.0,5.0,2.0,2.0,2.0,0.0,3.0,3.0,9.0,4.0,5.0,5.0,8.0,,,,,,,0.98666775,0.98666775,0.0,,,,0.98666775,0.9804402,-0.006227553,0.98666775,0.9947954,0.00812763,0.98666775,0.9904552,0.003787458,0.98666775,0.98666775,0.0,0.98666775,0.98666775,0.0,,,,0.98666775,0.9762758,-0.010391951,,,,0.98666775,0.95987713,-0.026790619,23
1,1,2,0,0,2,3,4,3,4,2.0,4.0,2.0,2.0,2.0,3.0,3.0,4.0,5.0,4.0,3.0,1.0,6.0,0.58578324,0.94319284,0.3574096,0.58578324,0.64530903,0.059525788,0.58578324,0.58578324,0.0,0.58578324,0.58578324,0.0,0.58578324,0.4936033,-0.092179954,0.58578324,0.5329154,-0.05286783,0.58578324,0.74811727,0.16233402,0.58578324,0.58578324,0.0,,,,0.58578324,0.18371528,-0.40206796,0.58578324,0.8183905,0.23260725,0.58578324,0.68191713,0.09613389,0.58578324,0.40313876,-0.18264449,16
5,1,0,0,2,1,9,3,0,0,1.0,3.0,2.0,2.0,2.0,7.0,3.0,3.0,7.0,4.0,4.0,2.0,3.0,,,,0.83787,0.79024374,-0.047626257,0.83787,0.83787,0.0,0.83787,0.83787,0.0,0.83787,0.8111429,-0.02672708,0.83787,0.8473669,0.009496927,0.83787,0.9155653,0.07769531,0.83787,0.83787,0.0,0.83787,0.83787,0.0,0.83787,0.90093833,0.06306833,0.83787,0.7837395,-0.054130495,0.83787,0.6291181,-0.20875192,0.83787,0.94310045,0.10523045,22
0,0,0,0,2,3,9,6,1,7,1.0,2.0,2.0,2.0,2.0,2.0,4.0,4.0,8.0,4.0,4.0,2.0,8.0,,,,0.997101,0.9960968,-0.001004219,0.997101,0.997101,0.0,0.997101,0.997101,0.0,0.997101,0.99629897,-0.0008020401,0.997101,0.9987795,0.0016784668,0.997101,0.99866354,0.0015625358,0.997101,0.997101,0.0,,,,0.997101,0.9880884,-0.00901258,0.997101,0.99840933,0.001308322,0.997101,0.996786,-0.00031501055,0.997101,0.9974051,0.0003041029,21
2,1,3,0,1,2,7,1,1,2,2.0,3.0,3.0,3.0,3.0,10.0,3.0,3.0,1.0,4.0,3.0,3.0,7.0,0.53153545,0.7881263,0.25659084,0.53153545,0.59706265,0.0655272,0.53153545,0.53153545,0.0,0.53153545,0.53153545,0.0,0.53153545,0.6870487,0.15551323,0.53153545,0.5843171,0.05278164,0.53153545,0.46403491,-0.06750053,0.53153545,0.53153545,0.0,0.53153545,0.53153545,0.0,0.53153545,0.54770327,0.01616782,0.53153545,0.5811046,0.04956913,0.53153545,0.43613616,-0.09539929,0.53153545,0.2834098,-0.24812564,16
4,1,0,0,0,0,3,0,0,0,2.0,3.0,1.0,1.0,1.0,9.0,3.0,4.0,5.0,1.0,5.0,1.0,5.0,0.8041689,0.9560093,0.15184045,0.8041689,0.7747484,-0.029420495,0.8041689,0.8041689,0.0,,,,,,,,,,,,,0.8041689,0.8041689,0.0,,,,0.8041689,0.91201735,0.107848465,0.8041689,0.819116,0.014947116,0.8041689,0.78110373,-0.02306515,0.8041689,0.8406897,0.03652084,15
4,1,0,0,0,0,2,1,0,3,1.0,3.0,2.0,2.0,2.0,1.0,4.0,2.0,4.0,4.0,4.0,2.0,2.0,,,,0.45459694,0.5117728,0.057175875,0.45459694,0.45459694,0.0,0.45459694,0.45459694,0.0,0.45459694,0.47004247,0.01544553,0.45459694,0.7323394,0.27774245,0.45459694,0.38870376,-0.06589317,0.45459694,0.45459694,0.0,0.45459694,0.45459694,0.0,0.45459694,0.4101911,-0.044405848,0.45459694,0.549851,0.09525406,0.45459694,0.7246568,0.27005988,0.45459694,0.85067445,0.3960775,12
4,1,0,0,0,0,4,0,0,0,2.0,4.0,2.0,3.0,4.0,1.0,2.0,3.0,5.0,3.0,4.0,1.0,4.0,0.76290184,0.92920923,0.16630739,0.76290184,0.8479913,0.085089445,0.76290184,0.76290184,0.0,0.76290184,0.76290184,0.0,0.76290184,0.7397107,-0.023191154,0.76290184,0.71009064,-0.052811205,0.76290184,0.74298763,-0.01991421,0.76290184,0.76290184,0.0,0.76290184,0.76290184,0.0,0.76290184,0.8488741,0.08597225,0.76290184,0.7583981,-0.004503727,0.76290184,0.8310165,0.06811464,0.76290184,0.808575,0.045673132,15
0,0,1,0,0,0,7,0,0,0,1.0,4.0,2.0,3.0,2.0,4.0,5.0,3.0,6.0,5.0,4.0,3.0,5.0,,,,0.9839542,0.97874695,-0.0052072406,,,,0.9839542,0.9839542,0.0,0.9839542,0.9835646,-0.00038957596,0.9839542,0.9884567,0.004502535,0.9839542,0.9916679,0.007713735,,,,0.9839542,0.9839542,0.0,0.9839542,0.98841596,0.0044617653,0.9839542,0.98407805,0.00012385845,0.9839542,0.9817209,-0.0022332668,0.9839542,0.9864537,0.0024995208,11
4,0,1,0,0,0,4,0,0,5,2.0,5.0,2.0,2.0,2.0,0.0,3.0,3.0,9.0,5.0,4.0,5.0,9.0,0.9665582,0.99347407,0.026915848,,,,,,,0.9665582,0.9665582,0.0,0.9665582,0.97443277,0.007874548,0.9665582,0.98295987,0.016401649,0.9665582,0.9893482,0.022789955,0.9665582,0.9665582,0.0,0.9665582,0.9665582,0.0,,,,0.9665582,0.9414219,-0.025136292,,,,0.9665582,0.9677952,0.0012369752,23
1,1,0,0,0,0,2,0,0,0,1.0,4.0,1.0,1.0,1.0,2.0,3.0,3.0,8.0,4.0,5.0,4.0,9.0,,,,0.94896996,0.95645154,0.007481575,0.94896996,0.94896996,0.0,,,,,,,,,,,,,0.94896996,0.94896996,0.0,0.94896996,0.94896996,0.0,0.94896996,0.9488961,-7.3850155e-05,0.94896996,0.8735067,-0.075463235,0.94896996,0.97417307,0.025203109,0.94896996,0.9155784,-0.033391535,10
5,0,0,0,0,0,2,3,0,3,2.0,5.0,1.0,2.0,2.0,1.0,4.0,4.0,10.0,5.0,4.0,5.0,9.0,0.91655844,0.97864896,0.062090516,,,,,,,0.91655844,0.91655844,0.0,,,,0.91655844,0.920879,0.004320562,0.91655844,0.94711447,0.030556023,0.91655844,0.91655844,0.0,,,,0.91655844,0.9235334,0.0069749355,,,,,,,0.91655844,0.88015234,-0.0364061,7
4,0,0,0,3,2,3,2,0,8,2.0,3.0,3.0,5.0,3.0,10.0,4.0,2.0,2.0,3.0,3.0,2.0,10.0,0.7848135,0.93057525,0.14576173,0.7848135,0.829744,0.044930458,0.7848135,0.7848135,0.0,0.7848135,0.7848135,0.0,0.7848135,0.74350244,-0.041311085,0.7848135,0.72125256,-0.06356096,0.7848135,0.7369469,-0.047866642,0.7848135,0.7848135,0.0,0.7848135,0.7848135,0.0,0.7848135,0.8323319,0.047518373,0.7848135,0.83940893,0.05459541,0.7848135,0.7919863,0.0071727633,,,,13
6,1,4,0,0,4,4,4,0,3,2.0,2.0,2.0,2.0,2.0,0.0,4.0,3.0,7.0,2.0,2.0,3.0,8.0,0.00752692,0.19228286,0.18475594,0.00752692,0.049268216,0.041741297,0.00752692,0.00752692,0.0,0.00752692,0.00752692,0.0,0.00752692,0.005914118,-0.001612802,0.00752692,0.009172378,0.0016454579,0.00752692,0.01071069,0.00318377,0.00752692,0.00752692,0.0,0.00752692,0.00752692,0.0,,,,0.00752692,0.05725896,0.04973204,0.00752692,0.009751168,0.002224248,0.00752692,0.008549604,0.0010226835,19
1,0,0,0,0,0,6,0,0,1,2.0,2.0,1.0,1.0,2.0,7.0,3.0,3.0,7.0,4.0,4.0,3.0,8.0,0.9820579,0.98578435,0.0037264228,0.9820579,0.971659,-0.010398924,0.9820579,0.9820579,0.0,0.9820579,0.9820579,0.0,,,,,,,0.9820579,0.9921802,0.010122299,0.9820579,0.9820579,0.0,0.9820579,0.9820579,0.0,0.9820579,0.9919979,0.009939969,0.9820579,0.96666825,-0.015389681,0.9820579,0.9780221,-0.0040358305,0.9820579,0.9931298,0.011071861,11
5,0,0,0,0,1,7,3,0,1,1.0,4.0,2.0,2.0,2.0,0.0,4.0,2.0,3.0,3.0,3.0,4.0,10.0,,,,0.9784061,0.98422444,0.005818367,0.9784061,0.9784061,0.0,0.9784061,0.9784061,0.0,0.9784061,0.9807232,0.0023171306,0.9784061,0.97250915,-0.005896926,0.9784061,0.98985857,0.011452496,0.9784061,0.9784061,0.0,0.9784061,0.9784061,0.0,,,,0.9784061,0.98441803,0.006011963,0.9784061,0.98789984,0.009493768,,,,7
4,0,0,0,0,0,3,7,0,1,3.0,5.0,2.0,2.0,2.0,4.0,2.0,2.0,6.0,3.0,4.0,3.0,4.0,0.9863499,0.995874,0.009524107,,,,0.9863499,0.9863499,0.0,0.9863499,0.9863499,0.0,0.9863499,0.9823446,-0.0040052533,0.9863499,0.9918081,0.0054582357,0.9863499,0.9842069,-0.0021429658,0.9863499,0.9863499,0.0,0.9863499,0.9863499,0.0,0.9863499,0.97768867,-0.008661211,0.9863499,0.9845841,-0.0017657876,0.9863499,0.9921312,0.005781293,0.9863499,0.97927296,-0.007076919,15
1,1,1,0,0,0,1,1,0,1,1.0,5.0,2.0,2.0,3.0,3.0,3.0,3.0,9.0,4.0,3.0,4.0,5.0,,,,,,,0.9740205,0.9740205,0.0,0.9740205,0.9740205,0.0,0.9740205,0.9713018,-0.002718687,0.9740205,0.9825355,0.008515,0.9740205,0.9307797,-0.043240786,0.9740205,0.9740205,0.0,0.9740205,0.9740205,0.0,0.9740205,0.9604631,-0.0135573745,0.9740205,0.97519785,0.0011773705,0.9740205,0.9725672,-0.0014532804,0.9740205,0.9863262,0.012305737,11
3,1,2,0,2,2,4,1,0,5,5.0,5.0,2.0,2.0,2.0,0.0,4.0,3.0,9.0,4.0,4.0,4.0,8.0,0.14725982,0.14725982,0.0,,,,0.14725982,0.14725982,0.0,0.14725982,0.14725982,0.0,0.14725982,0.1294734,-0.017786413,0.14725982,0.22072653,0.07346672,0.14725982,0.1862505,0.038990676,0.14725982,0.14725982,0.0,0.14725982,0.14725982,0.0,,,,0.14725982,0.23474723,0.087487414,0.14725982,0.13036196,-0.016897857,0.14725982,0.03702875,-0.11023107,4
4,0,0,0,0,0,5,0,0,3,1.0,4.0,2.0,3.0,2.0,1.0,4.0,3.0,8.0,4.0,4.0,4.0,8.0,,,,0.939748,0.8734033,-0.06634468,0.939748,0.939748,0.0,0.939748,0.939748,0.0,0.939748,0.9476198,0.007871807,0.939748,0.90558445,-0.034163535,0.939748,0.97257316,0.032825172,0.939748,0.939748,0.0,0.939748,0.939748,0.0,0.939748,0.95615673,0.016408741,0.939748,0.9606052,0.020857215,0.939748,0.9654398,0.025691807,0.939748,0.8656299,-0.07411808,23
0,1,2,0,1,3,7,6,0,7,2.0,3.0,2.0,3.0,3.0,2.0,4.0,3.0,5.0,3.0,3.0,2.0,4.0,0.98290724,0.98032516,-0.0025820732,0.98290724,0.9840432,0.0011359453,0.98290724,0.98290724,0.0,0.98290724,0.98290724,0.0,0.98290724,0.978956,-0.0039512515,0.98290724,0.96447444,-0.018432796,0.98290724,0.9484583,-0.03444892,0.98290724,0.98290724,0.0,0.98290724,0.98290724,0.0,0.98290724,0.98575157,0.0028443336,0.98290724,0.9810627,-0.0018445253,0.98290724,0.98143655,-0.001470685,0.98290724,0.9334265,-0.049480736,21
2,1,3,0,2,1,4,1,2,2,1.0,4.0,1.0,1.0,2.0,0.0,3.0,3.0,10.0,5.0,5.0,5.0,10.0,,,,0.67215925,0.6868713,0.014712036,,,,,,,,,,,,,0.67215925,0.7841926,0.11203337,0.67215925,0.67215925,0.0,0.67215925,0.67215925,0.0,,,,,,,,,,,,,16
1,1,0,0,0,0,5,0,0,3,2.0,4.0,2.0,2.0,2.0,4.0,4.0,3.0,7.0,4.0,3.0,3.0,6.0,0.9815714,0.9883555,0.006784141,0.9815714,0.98654026,0.0049688816,0.9815714,0.9815714,0.0,0.9815714,0.9815714,0.0,0.9815714,0.98389924,0.0023278594,0.9815714,0.99380964,0.012238264,0.9815714,0.98489386,0.003322482,0.9815714,0.9815714,0.0,0.9815714,0.9815714,0.0,0.9815714,0.8871631,-0.09440827,0.9815714,0.9665443,-0.015027106,0.9815714,0.9676608,-0.013910592,0.9815714,0.97392976,-0.0076416135,17
3,1,0,0,2,2,1,1,1,2,2.0,4.0,4.0,4.0,1.0,8.0,2.0,2.0,0.0,4.0,4.0,1.0,5.0,0.34896025,0.6132258,0.26426557,0.34896025,0.46207932,0.113119066,0.34896025,0.34896025,0.0,0.34896025,0.34896025,0.0,0.34896025,0.40155125,0.052590996,0.34896025,0.46211997,0.113159716,,,,0.34896025,0.34896025,0.0,0.34896025,0.34896025,0.0,0.34896025,0.6336755,0.28471527,0.34896025,0.42661336,0.07765311,0.34896025,0.36206922,0.013108969,0.34896025,0.5272915,0.17833123,16
0,1,1,0,1,3,7,6,0,7,2.0,4.0,3.0,4.0,3.0,4.0,3.0,3.0,7.0,4.0,4.0,5.0,6.0,0.2369038,0.84258205,0.60567826,0.2369038,0.18427707,-0.05262673,0.2369038,0.2369038,0.0,0.2369038,0.2369038,0.0,0.2369038,0.5480748,0.311171,0.2369038,0.47958252,0.24267872,0.2369038,0.17702532,-0.059878483,0.2369038,0.2369038,0.0,0.2369038,0.2369038,0.0,0.2369038,0.1897218,-0.04718201,0.2369038,0.2658817,0.028977886,,,,0.2369038,0.5082058,0.27130198,21
0,0,2,0,0,3,8,6,0,7,1.0,4.0,2.0,2.0,2.0,4.0,4.0,3.0,8.0,4.0,4.0,3.0,8.0,,,,0.9837584,0.9819021,-0.0018562675,0.9837584,0.9837584,0.0,0.9837584,0.9837584,0.0,0.9837584,0.98003745,-0.0037209392,0.9837584,0.99299836,0.009239972,0.9837584,0.99172443,0.007966042,0.9837584,0.9837584,0.0,0.9837584,0.9837584,0.0,0.9837584,0.9500488,-0.033709586,0.9837584,0.99364674,0.009888351,0.9837584,0.9752387,-0.008519709,0.9837584,0.96299565,-0.020762742,21
5,0,0,0,0,0,0,3,0,3,3.0,5.0,3.0,2.0,1.0,1.0,4.0,3.0,8.0,2.0,4.0,5.0,5.0,0.79438925,0.94618815,0.1517989,,,,0.79438925,0.79438925,0.0,0.79438925,0.79438925,0.0,0.79438925,0.7112786,-0.08311063,0.79438925,0.8196445,0.025255263,,,,0.79438925,0.79438925,0.0,0.79438925,0.79438925,0.0,0.79438925,0.61289275,-0.1814965,0.79438925,0.89885235,0.1044631,,,,0.79438925,0.7323391,-0.062050164,5
0,1,0,0,0,3,2,6,1,7,1.0,4.0,1.0,1.0,1.0,5.0,3.0,3.0,6.0,4.0,4.0,3.0,8.0,,,,0.9939859,0.9903894,-0.0035964847,0.9939859,0.9939859,0.0,0.9939859,0.9939859,0.0,,,,,,,,,,0.9939859,0.9939859,0.0,0.9939859,0.9939859,0.0,0.9939859,0.9855678,-0.008418083,0.9939859,0.9927659,-0.0012199879,0.9939859,0.96812683,-0.025859058,0.9939859,0.9927234,-0.001262486,21
1,0,3,0,5,1,2,3,0,7,2.0,4.0,2.0,2.0,4.0,10.0,4.0,3.0,10.0,4.0,3.0,3.0,10.0,0.86584556,0.96133906,0.095493495,0.86584556,0.7653099,-0.10053569,0.86584556,0.86584556,0.0,0.86584556,0.86584556,0.0,0.86584556,0.86584556,0.0,0.86584556,0.8702569,0.0044113398,0.86584556,0.8058389,-0.060006678,0.86584556,0.86584556,0.0,0.86584556,0.86584556,0.0,0.86584556,0.8683749,0.002529323,,,,0.86584556,0.8698417,0.003996134,,,,9
2,1,0,0,0,0,4,7,1,4,1.0,4.0,1.0,1.0,3.0,3.0,3.0,3.0,6.0,4.0,4.0,4.0,7.0,,,,0.9757732,0.9803925,0.0046193004,0.9757732,0.9757732,0.0,0.9757732,0.9757732,0.0,,,,,,,0.9757732,0.9823315,0.006558299,0.9757732,0.9757732,0.0,0.9757732,0.9757732,0.0,0.9757732,0.9283087,-0.04746449,0.9757732,0.9824677,0.0066944957,0.9757732,0.9865428,0.010769606,0.9757732,0.9870515,0.011278272,3
2,1,0,0,0,0,4,0,0,0,2.0,4.0,2.0,2.0,2.0,2.0,4.0,3.0,7.0,3.0,2.0,2.0,7.0,0.9951786,0.9983057,0.003127098,0.9951786,0.9970565,0.0018779039,0.9951786,0.9951786,0.0,0.9951786,0.9951786,0.0,0.9951786,0.9953011,0.00012254715,0.9951786,0.99813926,0.002960682,0.9951786,0.99708563,0.0019070506,0.9951786,0.9951786,0.0,0.9951786,0.9951786,0.0,0.9951786,0.94434065,-0.050837934,0.9951786,0.9919363,-0.0032422543,0.9951786,0.99500763,-0.00017094612,0.9951786,0.99263,-0.0025485754,17
3,0,0,0,0,0,2,0,0,1,4.0,4.0,2.0,2.0,2.0,2.0,3.0,3.0,6.0,3.0,4.0,3.0,8.0,0.9794471,0.97461796,-0.0048291683,0.9794471,0.9805423,0.0010951757,0.9794471,0.9794471,0.0,0.9794471,0.9794471,0.0,0.9794471,0.96841997,-0.011027157,0.9794471,0.9926882,0.013241053,0.9794471,0.9817529,0.002305746,0.9794471,0.9794471,0.0,0.9794471,0.9794471,0.0,0.9794471,0.96356356,-0.015883565,0.9794471,0.971713,-0.00773412,0.9794471,0.9907727,0.011325598,0.9794471,0.9764549,-0.0029922128,15
3,1,1,0,4,0,5,1,2,4,1.0,2.0,1.0,1.0,1.0,0.0,4.0,3.0,9.0,4.0,2.0,5.0,9.0,,,,0.9520779,0.97857475,0.026496828,0.9520779,0.9520779,0.0,0.9520779,0.9520779,0.0,,,,,,,,,,0.9520779,0.9520779,0.0,0.9520779,0.9520779,0.0,,,,0.9520779,0.90507275,-0.047005177,,,,0.9520779,0.9373995,-0.014678419,3
2,1,2,0,4,2,2,4,1,4,3.0,4.0,1.0,1.0,2.0,3.0,4.0,3.0,7.0,3.0,4.0,4.0,8.0,0.39643982,0.46043894,0.06399912,0.39643982,0.37027773,-0.026162088,0.39643982,0.39643982,0.0,0.39643982,0.39643982,0.0,,,,,,,0.39643982,0.29101723,-0.105422586,0.39643982,0.39643982,0.0,0.39643982,0.39643982,0.0,0.39643982,0.1314195,-0.2650203,0.39643982,0.26689664,-0.12954319,0.39643982,0.44315034,0.04671052,0.39643982,0.33717957,-0.05926025,16
0,1,3,0,2,2,0,1,0,7,1.0,4.0,2.0,2.0,2.0,0.0,4.0,4.0,10.0,4.0,5.0,4.0,10.0,,,,0.42972177,0.6609372,0.23121542,0.42972177,0.42972177,0.0,,,,0.42972177,0.34917882,-0.08054295,0.42972177,0.5189359,0.089214146,0.42972177,0.5417891,0.11206734,0.42972177,0.42972177,0.0,,,,,,,,,,0.42972177,0.24444376,-0.18527801,,,,25
3,0,0,0,0,0,4,0,0,0,4.0,4.0,2.0,2.0,2.0,5.0,4.0,3.0,1.0,4.0,2.0,5.0,0.0,0.5777981,0.51190937,-0.06588876,0.5777981,0.68922037,0.11142224,0.5777981,0.5777981,0.0,0.5777981,0.5777981,0.0,0.5777981,0.55792916,-0.01986897,0.5777981,0.738685,0.16088688,0.5777981,0.6487268,0.07092869,0.5777981,0.5777981,0.0,0.5777981,0.5777981,0.0,0.5777981,0.8785644,0.3007663,0.5777981,0.50443006,-0.07336807,,,,0.5777981,0.5604788,-0.017319322,15
6,0,0,0,0,4,4,7,0,3,2.0,3.0,3.0,3.0,2.0,3.0,3.0,3.0,7.0,3.0,3.0,4.0,7.0,0.5093846,0.9342094,0.42482483,0.5093846,0.7316432,0.22225863,0.5093846,0.5093846,0.0,0.5093846,0.5093846,0.0,0.5093846,0.40861812,-0.10076645,0.5093846,0.44405633,-0.06532824,0.5093846,0.53360677,0.024222195,0.5093846,0.5093846,0.0,0.5093846,0.5093846,0.0,0.5093846,0.20878935,-0.30059522,0.5093846,0.76250726,0.2531227,0.5093846,0.66917413,0.15978956,0.5093846,0.28943133,-0.21995324,19
4,0,0,0,0,0,7,3,0,3,1.0,4.0,2.0,2.0,1.0,1.0,4.0,3.0,9.0,4.0,4.0,4.0,9.0,,,,0.96411914,0.97920024,0.015081108,0.96411914,0.96411914,0.0,0.96411914,0.96411914,0.0,0.96411914,0.9726513,0.0085321665,0.96411914,0.9401113,-0.024007857,,,,0.96411914,0.96411914,0.0,0.96411914,0.96411914,0.0,0.96411914,0.9835714,0.019452274,0.96411914,0.968614,0.004494846,0.96411914,0.98000526,0.015886128,0.96411914,0.97913605,0.015016913,7
1,1,1,0,2,0,2,1,1,7,3.0,4.0,3.0,3.0,2.0,3.0,3.0,3.0,4.0,3.0,3.0,1.0,8.0,0.42315173,0.49201664,0.06886491,0.42315173,0.43846574,0.015314013,0.42315173,0.42315173,0.0,0.42315173,0.42315173,0.0,0.42315173,0.58460635,0.16145462,0.42315173,0.7421135,0.31896174,0.42315173,0.46488428,0.04173255,0.42315173,0.42315173,0.0,0.42315173,0.42315173,0.0,0.42315173,0.39829835,-0.024853379,0.42315173,0.44998357,0.026831836,0.42315173,0.36239532,-0.060756415,0.42315173,0.42701575,0.00386402,25
3,0,0,0,0,0,8,0,0,3,2.0,2.0,2.0,2.0,2.0,0.0,4.0,3.0,8.0,3.0,3.0,4.0,8.0,0.078989364,0.7238643,0.64487493,0.078989364,0.47254193,0.39355257,0.078989364,0.078989364,0.0,0.078989364,0.078989364,0.0,0.078989364,0.0904782,0.0114888325,0.078989364,0.19741961,0.11843025,0.078989364,0.26144028,0.18245092,0.078989364,0.078989364,0.0,0.078989364,0.078989364,0.0,,,,0.078989364,0.5495648,0.47057542,0.078989364,0.21857814,0.13958877,0.078989364,0.12921868,0.05022932,23
6,1,1,0,0,4,9,7,0,0,2.0,4.0,3.0,3.0,3.0,0.0,4.0,3.0,10.0,5.0,4.0,5.0,10.0,0.7281417,0.5976253,-0.13051641,0.7281417,0.7888197,0.060677946,,,,0.7281417,0.7281417,0.0,0.7281417,0.86028695,0.13214523,0.7281417,0.9056269,0.17748517,0.7281417,0.81463146,0.08648974,0.7281417,0.7281417,0.0,0.7281417,0.7281417,0.0,,,,,,,,,,,,,19
1,0,0,0,1,0,3,0,0,3,2.0,4.0,1.0,1.0,1.0,7.0,3.0,3.0,7.0,4.0,4.0,4.0,7.0,0.983707,0.98750275,0.003795743,0.983707,0.9872229,0.0035158992,0.983707,0.983707,0.0,0.983707,0.983707,0.0,,,,,,,,,,0.983707,0.983707,0.0,0.983707,0.983707,0.0,0.983707,0.99145764,0.0077506304,0.983707,0.94745505,-0.036251962,0.983707,0.9627387,-0.020968318,0.983707,0.99338233,0.009675324,17
2,1,0,0,0,0,6,0,0,3,2.0,4.0,2.0,2.0,3.0,4.0,3.0,3.0,7.0,3.0,4.0,3.0,6.0,0.969327,0.9700337,0.0007067323,0.969327,0.9762641,0.006937146,0.969327,0.969327,0.0,0.969327,0.969327,0.0,0.969327,0.9720786,0.0027516484,0.969327,0.9900946,0.02076763,0.969327,0.97382486,0.0044978857,0.969327,0.969327,0.0,0.969327,0.969327,0.0,0.969327,0.8246587,-0.14466828,0.969327,0.94185793,-0.027469039,0.969327,0.9324976,-0.036829352,0.969327,0.9723688,0.0030418038,17
3,0,2,0,0,0,5,1,1,7,2.0,5.0,2.0,2.0,1.0,4.0,4.0,3.0,6.0,5.0,5.0,4.0,8.0,0.5893743,0.8441641,0.25478977,,,,,,,,,,0.5893743,0.5049286,-0.084445715,0.5893743,0.68911433,0.09974003,,,,0.5893743,0.5893743,0.0,0.5893743,0.5893743,0.0,0.5893743,0.62822247,0.03884816,0.5893743,0.77793914,0.18856484,0.5893743,0.6372151,0.047840774,0.5893743,0.48577553,-0.10359877,26
4,0,0,0,0,0,8,3,0,3,1.0,2.0,1.0,1.0,1.0,1.0,4.0,3.0,8.0,4.0,5.0,5.0,7.0,,,,0.9190748,0.9589817,0.03990692,0.9190748,0.9190748,0.0,,,,,,,,,,,,,0.9190748,0.9190748,0.0,0.9190748,0.9190748,0.0,0.9190748,0.9027961,-0.016278684,0.9190748,0.99033034,0.071255565,,,,0.9190748,0.96683586,0.047761083,7
4,1,1,0,0,0,2,1,0,3,1.0,4.0,3.0,2.0,2.0,4.0,2.0,2.0,8.0,4.0,3.0,4.0,9.0,,,,0.9543855,0.95944554,0.005060017,0.9543855,0.9543855,0.0,0.9543855,0.9543855,0.0,0.9543855,0.94792205,-0.006463468,0.9543855,0.9672248,0.012839258,0.9543855,0.96128386,0.0068983436,0.9543855,0.9543855,0.0,0.9543855,0.9543855,0.0,0.9543855,0.9537142,-0.0006713271,0.9543855,0.9238659,-0.030519605,0.9543855,0.95186615,-0.0025193691,0.9543855,0.9586478,0.0042622685,12
5,0,0,0,5,2,4,3,0,5,3.0,3.0,3.0,3.0,3.0,0.0,3.0,2.0,9.0,3.0,3.0,5.0,7.0,0.8116938,0.9543745,0.1426807,0.8116938,0.84256023,0.030866444,0.8116938,0.8116938,0.0,0.8116938,0.8116938,0.0,0.8116938,0.8382432,0.026549399,0.8116938,0.9085796,0.0968858,0.8116938,0.65726554,-0.15442824,0.8116938,0.8116938,0.0,0.8116938,0.8116938,0.0,,,,0.8116938,0.7428889,-0.06880486,,,,0.8116938,0.7687904,-0.042903364,22
1,0,0,0,0,0,7,0,0,0,1.0,5.0,2.0,1.0,1.0,2.0,5.0,3.0,9.0,5.0,4.0,4.0,10.0,,,,,,,,,,0.99745876,0.99745876,0.0,0.99745876,0.99663204,-0.0008267164,,,,,,,,,,0.99745876,0.99745876,0.0,0.99745876,0.9949992,-0.0024595857,0.99745876,0.99608576,-0.001372993,0.99745876,0.99733967,-0.00011909008,,,,10
0,0,2,0,1,3,0,6,0,7,2.0,4.0,2.0,2.0,3.0,2.0,4.0,3.0,7.0,4.0,4.0,4.0,8.0,0.561047,0.58318317,0.022136152,0.561047,0.5627115,0.0016644597,0.561047,0.561047,0.0,0.561047,0.561047,0.0,0.561047,0.5049953,-0.05605173,0.561047,0.72860295,0.16755593,0.561047,0.49325973,-0.06778729,0.561047,0.561047,0.0,0.561047,0.561047,0.0,0.561047,0.35503674,-0.20601028,0.561047,0.90037227,0.33932525,0.561047,0.6101217,0.04907471,0.561047,0.6702715,0.1092245,21
3,1,3,0,0,0,5,0,1,2,2.0,5.0,2.0,4.0,5.0,7.0,4.0,3.0,5.0,2.0,4.0,1.0,9.0,0.17728288,0.49508417,0.3178013,,,,0.17728288,0.17728288,0.0,0.17728288,0.17728288,0.0,0.17728288,0.17452818,-0.0027547032,0.17728288,0.19715503,0.019872144,0.17728288,0.1446428,-0.032640085,0.17728288,0.17728288,0.0,0.17728288,0.17728288,0.0,0.17728288,0.07396899,-0.10331389,0.17728288,0.30571398,0.1284311,0.17728288,0.17994644,0.0026635528,0.17728288,0.13678476,-0.040498123,1
1,1,0,0,0,0,3,0,0,3,2.0,4.0,2.0,2.0,2.0,1.0,3.0,3.0,9.0,4.0,3.0,4.0,8.0,0.86043096,0.972407,0.11197603,0.86043096,0.92735374,0.066922784,0.86043096,0.86043096,0.0,0.86043096,0.86043096,0.0,0.86043096,0.815052,-0.045378983,0.86043096,0.9526739,0.092242956,0.86043096,0.93508685,0.07465589,0.86043096,0.86043096,0.0,0.86043096,0.86043096,0.0,0.86043096,0.8595421,-0.00088888407,0.86043096,0.8401974,-0.020233572,0.86043096,0.852143,-0.008287966,0.86043096,0.7538313,-0.10659963,17
6,1,0,0,1,4,8,3,0,0,2.0,4.0,2.0,2.0,2.0,3.0,4.0,2.0,10.0,4.0,4.0,4.0,8.0,0.724797,0.64411736,-0.080679655,0.724797,0.84312886,0.11833185,0.724797,0.724797,0.0,0.724797,0.724797,0.0,0.724797,0.658825,-0.06597203,0.724797,0.59359235,-0.13120466,0.724797,0.7140679,-0.010729134,0.724797,0.724797,0.0,0.724797,0.724797,0.0,0.724797,0.75996166,0.035164654,,,,0.724797,0.66219676,-0.062600255,0.724797,0.91990286,0.19510585,19
0,1,0,0,1,2,8,7,1,7,2.0,4.0,3.0,3.0,3.0,6.0,3.0,3.0,5.0,4.0,4.0,3.0,8.0,0.9819241,0.9906294,0.008705258,0.9819241,0.9889225,0.00699836,0.9819241,0.9819241,0.0,0.9819241,0.9819241,0.0,0.9819241,0.9889359,0.007011771,0.9819241,0.98087776,-0.0010463595,0.9819241,0.98235244,0.00042831898,0.9819241,0.9819241,0.0,0.9819241,0.9819241,0.0,0.9819241,0.9389773,-0.042946815,0.9819241,0.98245746,0.00053334236,0.9819241,0.9575065,-0.024417639,0.9819241,0.98286545,0.00094133615,25
4,1,3,0,0,1,7,0,0,3,2.0,4.0,3.0,3.0,3.0,2.0,4.0,3.0,10.0,4.0,2.0,4.0,10.0,0.58324057,0.77246195,0.18922138,0.58324057,0.61274487,0.0295043,0.58324057,0.58324057,0.0,0.58324057,0.58324057,0.0,0.58324057,0.8733726,0.29013205,0.58324057,0.77167064,0.18843007,0.58324057,0.51586205,-0.06737852,0.58324057,0.58324057,0.0,0.58324057,0.58324057,0.0,0.58324057,0.41647613,-0.16676444,,,,0.58324057,0.6928032,0.109562635,,,,12
3,1,1,0,0,0,2,0,1,2,2.0,4.0,1.0,1.0,1.0,5.0,3.0,3.0,9.0,4.0,4.0,4.0,10.0,0.46143237,0.7396966,0.27826425,0.46143237,0.5268721,0.06543973,0.46143237,0.46143237,0.0,0.46143237,0.46143237,0.0,,,,,,,,,,0.46143237,0.46143237,0.0,0.46143237,0.46143237,0.0,0.46143237,0.8812713,0.41983894,0.46143237,0.38156015,-0.07987222,0.46143237,0.4944824,0.03305003,,,,1
2,0,2,0,0,0,3,0,2,4,2.0,5.0,4.0,4.0,4.0,6.0,4.0,3.0,7.0,5.0,4.0,5.0,8.0,0.48583776,0.89397734,0.4081396,,,,,,,0.48583776,0.48583776,0.0,0.48583776,0.38882938,-0.09700838,0.48583776,0.5582006,0.07236284,0.48583776,0.59795785,0.11212009,0.48583776,0.48583776,0.0,0.48583776,0.48583776,0.0,0.48583776,0.30589616,-0.1799416,0.48583776,0.6149693,0.12913156,,,,0.48583776,0.32693958,-0.15889817,2
1,1,4,0,0,0,7,4,0,3,3.0,5.0,3.0,3.0,4.0,6.0,4.0,3.0,7.0,4.0,4.0,3.0,8.0,0.95505077,0.95709527,0.002044499,,,,0.95505077,0.95505077,0.0,0.95505077,0.95505077,0.0,0.95505077,0.9385398,-0.016510963,0.95505077,0.97620416,0.02115339,0.95505077,0.9451518,-0.009898961,0.95505077,0.95505077,0.0,0.95505077,0.95505077,0.0,0.95505077,0.65182394,-0.30322683,0.95505077,0.96278113,0.007730365,0.95505077,0.9461158,-0.008934975,0.95505077,0.8055597,-0.14949107,17
2,1,1,0,0,0,8,0,0,0,1.0,3.0,3.0,3.0,3.0,5.0,3.0,2.0,8.0,5.0,3.0,4.0,8.0,,,,0.94294643,0.9521116,0.009165168,,,,0.94294643,0.94294643,0.0,0.94294643,0.95170385,0.008757412,0.94294643,0.95713514,0.014188707,0.94294643,0.9288033,-0.014143109,0.94294643,0.94294643,0.0,0.94294643,0.94294643,0.0,0.94294643,0.9933015,0.050355077,0.94294643,0.9046597,-0.038286746,0.94294643,0.956545,0.013598561,0.94294643,0.93322194,-0.009724498,20
1,0,3,0,3,1,0,0,1,4,2.0,3.0,3.0,3.0,4.0,3.0,2.0,3.0,7.0,3.0,3.0,4.0,7.0,0.26320234,0.2941933,0.030990958,0.26320234,0.3266778,0.06347546,0.26320234,0.26320234,0.0,0.26320234,0.26320234,0.0,0.26320234,0.27791324,0.014710903,0.26320234,0.42219663,0.15899429,0.26320234,0.24716249,-0.016039848,0.26320234,0.26320234,0.0,0.26320234,0.26320234,0.0,0.26320234,0.11753889,-0.14566344,0.26320234,0.32381424,0.060611904,0.26320234,0.22548164,-0.037720695,0.26320234,0.246739,-0.01646334,0
0,1,4,0,0,0,1,0,0,3,1.0,5.0,2.0,3.0,3.0,0.0,2.0,2.0,8.0,3.0,3.0,2.0,4.0,,,,,,,0.7471265,0.7471265,0.0,0.7471265,0.7471265,0.0,0.7471265,0.7352009,-0.011925638,0.7471265,0.62463593,-0.122490585,0.7471265,0.77117294,0.024046421,0.7471265,0.7471265,0.0,0.7471265,0.7471265,0.0,,,,0.7471265,0.81628895,0.06916243,0.7471265,0.75510895,0.007982433,0.7471265,0.7557529,0.008626401,11
2,1,5,0,1,2,5,2,0,0,2.0,3.0,3.0,3.0,4.0,7.0,2.0,2.0,7.0,4.0,4.0,1.0,7.0,0.6215337,0.6822558,0.060722113,0.6215337,0.6644877,0.042954028,0.6215337,0.6215337,0.0,0.6215337,0.6215337,0.0,0.6215337,0.75864506,0.13711137,0.6215337,0.7114962,0.08996248,0.6215337,0.6799046,0.05837089,0.6215337,0.6215337,0.0,0.6215337,0.6215337,0.0,0.6215337,0.7700167,0.14848298,0.6215337,0.76698214,0.14544845,0.6215337,0.59451485,-0.027018845,0.6215337,0.70638704,0.08485335,13
4,0,0,0,0,0,5,0,0,0,3.0,5.0,4.0,2.0,2.0,2.0,4.0,3.0,7.0,4.0,4.0,3.0,8.0,0.6162484,0.92021406,0.30396563,,,,0.6162484,0.6162484,0.0,0.6162484,0.6162484,0.0,0.6162484,0.8610634,0.24481499,0.6162484,0.8193644,0.203116,0.6162484,0.6557111,0.039462686,0.6162484,0.6162484,0.0,0.6162484,0.6162484,0.0,0.6162484,0.37857544,-0.23767298,0.6162484,0.51879954,-0.097448885,0.6162484,0.68349344,0.06724501,0.6162484,0.54604596,-0.07020247,15
4,1,0,0,4,0,5,5,0,5,1.0,3.0,2.0,1.0,1.0,5.0,3.0,2.0,7.0,3.0,3.0,2.0,10.0,,,,0.9632704,0.97323567,0.009965241,0.9632704,0.9632704,0.0,0.9632704,0.9632704,0.0,0.9632704,0.9453019,-0.017968535,,,,,,,0.9632704,0.9632704,0.0,0.9632704,0.9632704,0.0,0.9632704,0.9639564,0.00068598986,0.9632704,0.9497146,-0.013555825,0.9632704,0.96201223,-0.0012581944,,,,14
2,1,2,0,0,1,7,0,2,4,2.0,4.0,3.0,3.0,4.0,9.0,2.0,3.0,7.0,2.0,5.0,3.0,10.0,0.44505733,0.667072,0.22201467,0.44505733,0.3953194,-0.04973793,0.44505733,0.44505733,0.0,,,,0.44505733,0.515903,0.07084566,0.44505733,0.4352143,-0.009843022,0.44505733,0.5818095,0.13675219,0.44505733,0.44505733,0.0,0.44505733,0.44505733,0.0,0.44505733,0.7658399,0.32078254,0.44505733,0.24627945,-0.19877788,0.44505733,0.2728155,-0.17224184,,,,3
1,0,0,0,0,3,3,6,0,3,1.0,5.0,2.0,4.0,5.0,2.0,5.0,1.0,6.0,4.0,2.0,2.0,7.0,,,,,,,0.9948566,0.9948566,0.0,0.9948566,0.9948566,0.0,0.9948566,0.99284863,-0.0020079613,0.9948566,0.98800814,-0.0068484545,0.9948566,0.99255764,-0.0022989511,,,,0.9948566,0.9948566,0.0,0.9948566,0.9866425,-0.008214116,0.9948566,0.9955426,0.00068598986,0.9948566,0.99414474,-0.0007118583,0.9948566,0.9838468,-0.011009812,8
1,1,3,0,0,0,1,0,0,7,3.0,5.0,1.0,2.0,1.0,3.0,3.0,3.0,10.0,4.0,4.0,2.0,10.0,0.29089478,0.38817847,0.09728369,,,,0.29089478,0.29089478,0.0,0.29089478,0.29089478,0.0,,,,0.29089478,0.30831409,0.017419308,,,,0.29089478,0.29089478,0.0,0.29089478,0.29089478,0.0,0.29089478,0.2951015,0.004206717,,,,0.29089478,0.2544322,-0.036462575,,,,26
3,1,1,0,0,0,6,1,0,2,2.0,4.0,2.0,2.0,2.0,3.0,4.0,3.0,8.0,4.0,4.0,3.0,10.0,0.82354623,0.9725658,0.1490196,0.82354623,0.87165827,0.048112035,0.82354623,0.82354623,0.0,0.82354623,0.82354623,0.0,0.82354623,0.83643764,0.012891412,0.82354623,0.9319069,0.10836065,0.82354623,0.9227238,0.0991776,0.82354623,0.82354623,0.0,0.82354623,0.82354623,0.0,0.82354623,0.8014824,-0.022063851,0.82354623,0.78519064,-0.03835559,0.82354623,0.82237625,-0.0011699796,,,,12
5,1,0,0,0,1,8,1,0,3,2.0,4.0,2.0,2.0,2.0,2.0,4.0,4.0,8.0,4.0,5.0,3.0,8.0,0.82760113,0.9338225,0.10622138,0.82760113,0.90620655,0.07860541,0.82760113,0.82760113,0.0,,,,0.82760113,0.77269065,-0.05491048,0.82760113,0.8226894,-0.0049117208,0.82760113,0.8069747,-0.020626426,0.82760113,0.82760113,0.0,,,,0.82760113,0.3853617,-0.44223943,0.82760113,0.8986169,0.071015775,0.82760113,0.7485542,-0.079046905,0.82760113,0.9057751,0.078173995,7
4,0,1,0,0,0,3,0,1,4,2.0,4.0,3.0,3.0,2.0,0.0,4.0,3.0,9.0,4.0,4.0,4.0,10.0,0.42845485,0.63138777,0.20293292,0.42845485,0.39817291,-0.030281931,0.42845485,0.42845485,0.0,0.42845485,0.42845485,0.0,0.42845485,0.8442705,0.41581568,0.42845485,0.5279488,0.09949395,0.42845485,0.7026605,0.27420565,0.42845485,0.42845485,0.0,0.42845485,0.42845485,0.0,,,,0.42845485,0.25697035,-0.1714845,0.42845485,0.30369428,-0.12476057,,,,2
2,0,0,0,0,0,6,0,0,3,2.0,4.0,2.0,2.0,2.0,2.0,2.0,2.0,8.0,3.0,4.0,4.0,7.0,0.9692003,0.9887102,0.019509912,0.9692003,0.9742167,0.0050163865,0.9692003,0.9692003,0.0,0.9692003,0.9692003,0.0,0.9692003,0.9677058,-0.0014945269,0.9692003,0.9814202,0.012219906,0.9692003,0.9885018,0.019301474,0.9692003,0.9692003,0.0,0.9692003,0.9692003,0.0,0.9692003,0.80609745,-0.16310287,0.9692003,0.9401522,-0.029048085,0.9692003,0.9421116,-0.027088702,0.9692003,0.9813664,0.012166083,17
2,1,0,0,0,0,3,0,2,4,2.0,5.0,2.0,4.0,4.0,4.0,4.0,3.0,9.0,5.0,5.0,3.0,9.0,0.82388616,0.9684436,0.14455742,,,,,,,,,,0.82388616,0.8301881,0.0063019395,0.82388616,0.8596611,0.035774946,0.82388616,0.8804322,0.056546032,0.82388616,0.82388616,0.0,0.82388616,0.82388616,0.0,0.82388616,0.67128855,-0.1525976,0.82388616,0.74793845,-0.0759477,0.82388616,0.7961499,-0.027736247,0.82388616,0.75141954,-0.07246661,2
5,1,0,0,0,1,9,3,0,3,2.0,4.0,3.0,2.0,2.0,8.0,4.0,3.0,7.0,3.0,3.0,3.0,8.0,0.78518146,0.96022475,0.17504328,0.78518146,0.8611227,0.075941265,0.78518146,0.78518146,0.0,0.78518146,0.78518146,0.0,0.78518146,0.8354525,0.050271034,0.78518146,0.78527033,8.8870525e-05,0.78518146,0.8791774,0.09399593,0.78518146,0.78518146,0.0,0.78518146,0.78518146,0.0,0.78518146,0.6498102,-0.13537127,0.78518146,0.83829796,0.0531165,0.78518146,0.79817283,0.012991369,0.78518146,0.9362312,0.15104973,7
6,0,0,0,0,4,6,1,0,3,1.0,3.0,1.0,1.0,1.0,2.0,5.0,3.0,10.0,4.0,5.0,5.0,9.0,,,,0.9623232,0.90775526,-0.054567933,0.9623232,0.9623232,0.0,,,,,,,,,,,,,,,,0.9623232,0.9623232,0.0,0.9623232,0.9513929,-0.0109303,,,,,,,0.9623232,0.976033,0.013709784,19
3,0,0,0,1,2,3,0,2,4,1.0,3.0,2.0,2.0,2.0,3.0,3.0,3.0,8.0,4.0,4.0,4.0,3.0,,,,0.94769084,0.933995,-0.013695836,0.94769084,0.94769084,0.0,0.94769084,0.94769084,0.0,0.94769084,0.9412539,-0.006436944,0.94769084,0.9651146,0.017423749,0.94769084,0.92724,-0.02045083,0.94769084,0.94769084,0.0,0.94769084,0.94769084,0.0,0.94769084,0.94428927,-0.0034015775,0.94769084,0.9219462,-0.025744617,0.94769084,0.9626711,0.014980257,0.94769084,0.9495381,0.0018472672,0
1,0,0,0,0,1,5,0,0,3,1.0,5.0,2.0,2.0,2.0,2.0,4.0,3.0,7.0,5.0,4.0,3.0,8.0,,,,,,,,,,0.99376196,0.99376196,0.0,0.99376196,0.99340034,-0.00036162138,0.99376196,0.9980957,0.0043337345,0.99376196,0.99556017,0.0017982125,0.99376196,0.99376196,0.0,0.99376196,0.99376196,0.0,0.99376196,0.98342913,-0.010332823,0.99376196,0.9972029,0.0034409165,0.99376196,0.9909697,-0.0027922392,0.99376196,0.99486923,0.0011072755,10
4,1,1,0,0,0,3,0,0,0,4.0,5.0,2.0,4.0,2.0,1.0,5.0,4.0,8.0,2.0,3.0,4.0,8.0,0.07565323,0.20494743,0.12929419,,,,0.07565323,0.07565323,0.0,0.07565323,0.07565323,0.0,0.07565323,0.07565323,0.0,0.07565323,0.04876517,-0.026888061,0.07565323,0.19215909,0.116505854,,,,,,,0.07565323,0.084698334,0.009045102,0.07565323,0.085681014,0.010027781,0.07565323,0.054431435,-0.021221798,0.07565323,0.055356115,-0.020297118,15
1,1,0,0,0,0,1,0,1,4,1.0,4.0,3.0,2.0,4.0,4.0,4.0,3.0,7.0,4.0,4.0,2.0,9.0,,,,0.72363544,0.703755,-0.019880414,0.72363544,0.72363544,0.0,0.72363544,0.72363544,0.0,0.72363544,0.94017035,0.21653491,0.72363544,0.91000855,0.18637311,0.72363544,0.6821545,-0.04148096,0.72363544,0.72363544,0.0,0.72363544,0.72363544,0.0,0.72363544,0.6544787,-0.06915671,0.72363544,0.67162776,-0.052007675,0.72363544,0.8534621,0.12982666,0.72363544,0.60488594,-0.1187495,1
0,0,2,0,2,1,4,1,0,7,1.0,3.0,2.0,2.0,2.0,5.0,3.0,3.0,4.0,3.0,3.0,3.0,5.0,,,,0.4778867,0.5119096,0.034022897,0.4778867,0.4778867,0.0,0.4778867,0.4778867,0.0,0.4778867,0.39613947,-0.081747234,0.4778867,0.60219115,0.12430444,0.4778867,0.69273525,0.21484855,0.4778867,0.4778867,0.0,0.4778867,0.4778867,0.0,0.4778867,0.41585138,-0.062035322,0.4778867,0.58236843,0.10448173,0.4778867,0.37697732,-0.10090938,0.4778867,0.4788096,0.0009228885,25
0,0,6,0,0,3,3,6,0,7,2.0,2.0,2.0,2.0,2.0,8.0,4.0,3.0,9.0,4.0,4.0,2.0,8.0,0.95781076,0.9948783,0.037067533,0.95781076,0.92557454,-0.03223622,0.95781076,0.95781076,0.0,0.95781076,0.95781076,0.0,0.95781076,0.95223755,-0.005573213,0.95781076,0.9819018,0.024091065,0.95781076,0.9685723,0.010761559,0.95781076,0.95781076,0.0,0.95781076,0.95781076,0.0,0.95781076,0.9498213,-0.007989466,0.95781076,0.95980114,0.001990378,0.95781076,0.93881106,-0.018999696,0.95781076,0.94375914,-0.014051616,21
4,0,0,0,0,0,6,0,0,5,3.0,3.0,4.0,2.0,3.0,5.0,2.0,3.0,7.0,4.0,4.0,4.0,8.0,0.7810931,0.94927657,0.16818345,0.7810931,0.8777786,0.09668547,0.7810931,0.7810931,0.0,0.7810931,0.7810931,0.0,0.7810931,0.7832567,0.002163589,0.7810931,0.93424,0.15314686,0.7810931,0.8015209,0.020427763,0.7810931,0.7810931,0.0,0.7810931,0.7810931,0.0,0.7810931,0.7928639,0.011770785,0.7810931,0.8798164,0.09872329,0.7810931,0.78488153,0.0037884116,0.7810931,0.8460996,0.065006495,23
1,1,1,0,0,0,2,4,1,4,1.0,5.0,1.0,1.0,1.0,0.0,2.0,2.0,10.0,5.0,4.0,5.0,10.0,,,,,,,,,,0.26387188,0.26387188,0.0,,,,,,,,,,0.26387188,0.26387188,0.0,0.26387188,0.26387188,0.0,,,,,,,,,,,,,3
4,1,0,0,2,0,6,0,0,3,2.0,4.0,3.0,3.0,3.0,4.0,3.0,3.0,8.0,3.0,4.0,3.0,8.0,0.74480224,0.8070185,0.062216282,0.74480224,0.5709866,-0.17381561,0.74480224,0.74480224,0.0,0.74480224,0.74480224,0.0,0.74480224,0.7210746,-0.023727655,0.74480224,0.63802475,-0.10677749,0.74480224,0.7003492,-0.044453025,0.74480224,0.74480224,0.0,0.74480224,0.74480224,0.0,0.74480224,0.70526093,-0.039541304,0.74480224,0.7144821,-0.030320108,0.74480224,0.7597603,0.014958084,0.74480224,0.54929006,-0.19551218,12
5,1,2,0,2,2,7,3,0,3,1.0,1.0,1.0,1.0,1.0,9.0,3.0,3.0,10.0,4.0,4.0,5.0,9.0,,,,0.9548407,0.8832118,-0.07162893,0.9548407,0.9548407,0.0,0.9548407,0.9548407,0.0,,,,,,,,,,0.9548407,0.9548407,0.0,0.9548407,0.9548407,0.0,0.9548407,0.91608745,-0.03875327,,,,,,,0.9548407,0.9839901,0.029149354,22
0,1,6,0,1,0,5,0,1,4,1.0,5.0,3.0,3.0,2.0,2.0,2.0,2.0,8.0,5.0,3.0,3.0,7.0,,,,,,,,,,0.91944206,0.91944206,0.0,0.91944206,0.9858154,0.06637335,0.91944206,0.955619,0.03617692,0.91944206,0.8956356,-0.023806453,0.91944206,0.91944206,0.0,0.91944206,0.91944206,0.0,0.91944206,0.83006394,-0.08937812,0.91944206,0.73903686,-0.1804052,0.91944206,0.9463068,0.026864767,0.91944206,0.9351402,0.015698135,1
3,0,0,0,2,2,6,5,0,3,4.0,4.0,4.0,4.0,4.0,9.0,2.0,1.0,0.0,2.0,2.0,1.0,0.0,0.030450087,0.06467164,0.034221556,0.030450087,0.032083843,0.0016337559,0.030450087,0.030450087,0.0,0.030450087,0.030450087,0.0,0.030450087,0.02609815,-0.0043519363,0.030450087,0.025180228,-0.005269859,0.030450087,0.030450087,0.0,0.030450087,0.030450087,0.0,0.030450087,0.030450087,0.0,0.030450087,0.08367885,0.053228762,0.030450087,0.041773874,0.011323787,0.030450087,0.06325175,0.03280166,0.030450087,0.030450087,0.0,14
3,1,2,0,2,2,7,7,0,3,3.0,3.0,3.0,3.0,3.0,8.0,4.0,3.0,8.0,4.0,4.0,5.0,8.0,0.21885523,0.6723382,0.45348296,0.21885523,0.5586843,0.33982906,0.21885523,0.21885523,0.0,0.21885523,0.21885523,0.0,0.21885523,0.1243884,-0.094466835,0.21885523,0.48097345,0.26211822,0.21885523,0.21193732,-0.006917909,0.21885523,0.21885523,0.0,0.21885523,0.21885523,0.0,0.21885523,0.09203745,-0.1268178,0.21885523,0.49589878,0.27704355,,,,0.21885523,0.10520934,-0.11364589,4
4,1,3,0,1,0,3,0,0,2,2.0,4.0,3.0,2.0,3.0,0.0,3.0,2.0,8.0,3.0,5.0,3.0,9.0,0.21610297,0.40261954,0.18651657,0.21610297,0.23767735,0.021574378,0.21610297,0.21610297,0.0,,,,0.21610297,0.41972533,0.20362236,0.21610297,0.2590665,0.04296352,0.21610297,0.21005191,-0.0060510635,0.21610297,0.21610297,0.0,0.21610297,0.21610297,0.0,,,,0.21610297,0.5067085,0.29060555,0.21610297,0.30959502,0.093492046,0.21610297,0.20038888,-0.015714094,6
6,0,0,0,0,4,7,3,0,3,2.0,5.0,2.0,3.0,3.0,2.0,5.0,3.0,4.0,4.0,5.0,4.0,3.0,0.86868924,0.9556362,0.086946964,,,,0.86868924,0.86868924,0.0,,,,0.86868924,0.8260387,-0.04265052,0.86868924,0.87996924,0.01128,0.86868924,0.8127516,-0.055937648,,,,0.86868924,0.86868924,0.0,0.86868924,0.9091945,0.04050529,0.86868924,0.87131065,0.0026214123,0.86868924,0.81939334,-0.049295902,0.86868924,0.87998605,0.011296809,19
2,1,0,0,0,0,8,1,3,4,2.0,3.0,3.0,3.0,2.0,2.0,3.0,3.0,8.0,4.0,4.0,4.0,9.0,0.98172647,0.9950282,0.01330173,0.98172647,0.98712873,0.005402267,0.98172647,0.98172647,0.0,0.98172647,0.98172647,0.0,0.98172647,0.9821957,0.00046920776,0.98172647,0.97747576,-0.0042507052,0.98172647,0.9894972,0.007770717,0.98172647,0.98172647,0.0,0.98172647,0.98172647,0.0,0.98172647,0.9301413,-0.051585138,0.98172647,0.9245059,-0.05722058,0.98172647,0.9728343,-0.008892179,0.98172647,0.98267555,0.00094908476,3
0,0,5,0,5,3,2,6,0,7,1.0,4.0,3.0,2.0,3.0,0.0,3.0,3.0,8.0,4.0,3.0,4.0,8.0,,,,0.82638484,0.81470495,-0.011679888,0.82638484,0.82638484,0.0,0.82638484,0.82638484,0.0,0.82638484,0.8543442,0.027959347,0.82638484,0.8973894,0.07100457,0.82638484,0.7676949,-0.058689952,0.82638484,0.82638484,0.0,0.82638484,0.82638484,0.0,,,,0.82638484,0.9696792,0.14329433,0.82638484,0.7413884,-0.08499646,0.82638484,0.8482579,0.021873057,21
2,0,2,0,0,0,7,0,1,4,1.0,2.0,2.0,1.0,2.0,5.0,5.0,4.0,8.0,4.0,5.0,5.0,9.0,,,,0.9429155,0.9651949,0.022279382,0.9429155,0.9429155,0.0,,,,0.9429155,0.940338,-0.0025774837,,,,0.9429155,0.9701433,0.027227819,,,,,,,0.9429155,0.9758999,0.032984376,0.9429155,0.96007836,0.01716286,,,,0.9429155,0.81619006,-0.12672544,2
1,1,1,0,0,0,7,0,0,3,2.0,4.0,1.0,2.0,3.0,3.0,4.0,3.0,8.0,5.0,5.0,3.0,9.0,0.9502493,0.9820087,0.03175938,0.9502493,0.9600675,0.009818196,,,,,,,,,,0.9502493,0.97202986,0.02178055,0.9502493,0.9311591,-0.019090235,0.9502493,0.9502493,0.0,0.9502493,0.9502493,0.0,0.9502493,0.96594006,0.015690744,0.9502493,0.9671017,0.016852379,0.9502493,0.90162694,-0.04862237,0.9502493,0.9105885,-0.03966081,17
1,1,0,0,0,0,4,0,0,1,1.0,5.0,1.0,1.0,3.0,0.0,4.0,2.0,8.0,3.0,1.0,5.0,6.0,,,,,,,0.9955375,0.9955375,0.0,0.9955375,0.9955375,0.0,,,,,,,0.9955375,0.9949005,-0.00063699484,0.9955375,0.9955375,0.0,0.9955375,0.9955375,0.0,,,,0.9955375,0.98769337,-0.00784415,,,,0.9955375,0.9979569,0.0024193525,11
2,1,5,0,0,0,2,0,0,3,1.0,1.0,1.0,1.0,1.0,5.0,3.0,3.0,8.0,4.0,4.0,4.0,8.0,,,,0.98753464,0.9896095,0.0020748377,0.98753464,0.98753464,0.0,0.98753464,0.98753464,0.0,,,,,,,,,,0.98753464,0.98753464,0.0,0.98753464,0.98753464,0.0,0.98753464,0.9983871,0.010852456,0.98753464,0.9882582,0.0007235408,0.98753464,0.9897453,0.0022106767,0.98753464,0.98972255,0.0021879077,10
1,0,0,0,0,0,6,0,0,3,1.0,5.0,2.0,3.0,2.0,0.0,4.0,3.0,10.0,5.0,5.0,4.0,10.0,,,,,,,,,,,,,0.9513279,0.96352714,0.012199223,0.9513279,0.9899474,0.03861946,0.9513279,0.963105,0.011777103,0.9513279,0.9513279,0.0,0.9513279,0.9513279,0.0,,,,,,,0.9513279,0.9168543,-0.034473598,,,,10
1,0,2,0,0,0,6,0,0,0,1.0,2.0,1.0,2.0,3.0,2.0,5.0,4.0,7.0,4.0,4.0,2.0,6.0,,,,0.85420245,0.8419006,-0.012301862,0.85420245,0.85420245,0.0,0.85420245,0.85420245,0.0,,,,0.85420245,0.824243,-0.02995944,0.85420245,0.8470235,-0.007178962,,,,,,,0.85420245,0.6750752,-0.17912728,0.85420245,0.9732598,0.11905736,0.85420245,0.8647157,0.010513246,0.85420245,0.86936617,0.01516372,10
6,0,0,0,0,4,9,3,0,0,2.0,3.0,2.0,3.0,2.0,2.0,3.0,3.0,7.0,4.0,4.0,2.0,7.0,0.87555027,0.8963142,0.020763934,0.87555027,0.83313483,-0.04241544,0.87555027,0.87555027,0.0,0.87555027,0.87555027,0.0,0.87555027,0.81466144,-0.060888827,0.87555027,0.8719759,-0.0035743713,0.87555027,0.9526754,0.07712513,0.87555027,0.87555027,0.0,0.87555027,0.87555027,0.0,0.87555027,0.5821689,-0.2933814,0.87555027,0.85104036,-0.024509907,0.87555027,0.7868178,-0.08873248,0.87555027,0.89294714,0.017396867,19
2,1,0,0,0,0,2,0,0,0,1.0,5.0,3.0,3.0,3.0,3.0,2.0,2.0,9.0,4.0,4.0,5.0,8.0,,,,,,,0.9743522,0.9743522,0.0,0.9743522,0.9743522,0.0,0.9743522,0.9817786,0.0074264407,0.9743522,0.9812868,0.006934643,0.9743522,0.979783,0.0054308176,0.9743522,0.9743522,0.0,0.9743522,0.9743522,0.0,0.9743522,0.9124374,-0.0619148,0.9743522,0.97108227,-0.0032699108,,,,0.9743522,0.9547128,-0.019639373,20
2,0,2,0,0,0,6,0,2,4,2.0,3.0,2.0,3.0,2.0,3.0,3.0,3.0,7.0,3.0,4.0,2.0,6.0,0.77825135,0.87772995,0.0994786,0.77825135,0.8826275,0.10437614,0.77825135,0.77825135,0.0,0.77825135,0.77825135,0.0,0.77825135,0.76969296,-0.0085583925,0.77825135,0.8002603,0.022008955,0.77825135,0.92975456,0.1515032,0.77825135,0.77825135,0.0,0.77825135,0.77825135,0.0,0.77825135,0.47385684,-0.3043945,0.77825135,0.6386157,-0.13963562,0.77825135,0.7865518,0.008300424,0.77825135,0.8359197,0.05766833,2
5,1,0,0,1,0,7,1,0,3,2.0,4.0,3.0,2.0,2.0,8.0,2.0,3.0,9.0,3.0,2.0,5.0,9.0,0.8644847,0.9764841,0.11199939,0.8644847,0.90146697,0.03698224,0.8644847,0.8644847,0.0,0.8644847,0.8644847,0.0,0.8644847,0.8934624,0.028977692,0.8644847,0.75418186,-0.110302866,0.8644847,0.9091025,0.044617772,0.8644847,0.8644847,0.0,0.8644847,0.8644847,0.0,0.8644847,0.743065,-0.12141973,0.8644847,0.8481307,-0.016354024,,,,0.8644847,0.9356,0.071115255,7
2,1,0,0,0,0,5,0,0,3,2.0,4.0,2.0,2.0,2.0,7.0,4.0,3.0,7.0,4.0,4.0,4.0,6.0,0.9576754,0.95172817,-0.0059472322,0.9576754,0.9725178,0.014842391,0.9576754,0.9576754,0.0,0.9576754,0.9576754,0.0,0.9576754,0.95667595,-0.0009994507,0.9576754,0.98720574,0.029530346,0.9576754,0.97403425,0.016358852,0.9576754,0.9576754,0.0,0.9576754,0.9576754,0.0,0.9576754,0.9738627,0.01618731,0.9576754,0.94413424,-0.013541162,0.9576754,0.9234694,-0.034205973,0.9576754,0.9447502,-0.012925208,17
4,0,3,0,1,1,3,0,0,0,2.0,4.0,3.0,2.0,2.0,5.0,2.0,2.0,7.0,4.0,4.0,2.0,6.0,0.9082914,0.84443516,-0.063856244,0.9082914,0.92673665,0.018445253,0.9082914,0.9082914,0.0,0.9082914,0.9082914,0.0,0.9082914,0.92087996,0.012588561,0.9082914,0.9358833,0.027591884,0.9082914,0.9536028,0.04531139,0.9082914,0.9082914,0.0,0.9082914,0.9082914,0.0,0.9082914,0.95587295,0.047581553,0.9082914,0.7439532,-0.16433817,0.9082914,0.8988282,-0.009463191,0.9082914,0.8404103,-0.06788111,6
5,1,0,0,0,0,8,3,0,0,1.0,5.0,2.0,3.0,2.0,3.0,3.0,3.0,6.0,5.0,4.0,3.0,8.0,,,,,,,,,,0.9514136,0.9514136,0.0,0.9514136,0.9446625,-0.0067510605,0.9514136,0.9579428,0.006529212,0.9514136,0.97274345,0.02132988,0.9514136,0.9514136,0.0,0.9514136,0.9514136,0.0,0.9514136,0.93171453,-0.019699037,0.9514136,0.962104,0.010690451,0.9514136,0.9592388,0.007825255,0.9514136,0.9785338,0.027120233,7
4,1,2,0,0,0,8,7,0,0,3.0,4.0,1.0,2.0,2.0,6.0,3.0,3.0,5.0,3.0,3.0,3.0,5.0,0.9633416,0.9441748,-0.019166768,0.9633416,0.9750093,0.011667728,0.9633416,0.9633416,0.0,0.9633416,0.9633416,0.0,,,,0.9633416,0.9470408,-0.016300797,0.9633416,0.97510207,0.011760473,0.9633416,0.9633416,0.0,0.9633416,0.9633416,0.0,0.9633416,0.9673516,0.0040100217,0.9633416,0.96073294,-0.0026086569,0.9633416,0.91951555,-0.043826044,0.9633416,0.9778372,0.014495611,12
6,0,0,0,0,4,3,1,0,0,5.0,4.0,3.0,3.0,2.0,4.0,3.0,3.0,1.0,4.0,5.0,2.0,8.0,0.027356477,0.027356477,0.0,0.027356477,0.03905773,0.011701254,0.027356477,0.027356477,0.0,,,,0.027356477,0.0357875,0.008431023,0.027356477,0.055290695,0.027934218,0.027356477,0.03488681,0.0075303335,0.027356477,0.027356477,0.0,0.027356477,0.027356477,0.0,0.027356477,0.047289357,0.01993288,0.027356477,0.026236953,-0.0011195242,0.027356477,0.01308433,-0.014272148,0.027356477,0.066337235,0.03898076,19
4,0,0,0,0,0,4,3,0,0,5.0,3.0,1.0,2.0,1.0,2.0,3.0,3.0,8.0,4.0,4.0,3.0,8.0,0.82919174,0.82919174,0.0,0.82919174,0.9360205,0.10682875,0.82919174,0.82919174,0.0,0.82919174,0.82919174,0.0,,,,0.82919174,0.86574763,0.036555886,,,,0.82919174,0.82919174,0.0,0.82919174,0.82919174,0.0,0.82919174,0.572362,-0.25682974,0.82919174,0.89616334,0.0669716,0.82919174,0.8834378,0.054246068,0.82919174,0.9066606,0.07746887,5
2,0,4,0,0,2,2,1,0,0,1.0,3.0,1.0,1.0,1.0,7.0,4.0,3.0,8.0,5.0,5.0,4.0,8.0,,,,0.9671748,0.9276952,-0.039479613,,,,,,,,,,,,,,,,0.9671748,0.9671748,0.0,0.9671748,0.9671748,0.0,0.9671748,0.89581394,-0.071360886,0.9671748,0.97320664,0.0060318112,0.9671748,0.97887933,0.0117045045,0.9671748,0.9142445,-0.052930355,13
6,1,0,0,5,4,7,3,0,3,3.0,3.0,3.0,3.0,2.0,0.0,3.0,3.0,9.0,5.0,3.0,5.0,8.0,0.8032233,0.9723433,0.16912001,0.8032233,0.8627107,0.059487402,,,,0.8032233,0.8032233,0.0,0.8032233,0.89639235,0.09316903,0.8032233,0.8950697,0.09184641,0.8032233,0.8323418,0.029118478,0.8032233,0.8032233,0.0,0.8032233,0.8032233,0.0,,,,0.8032233,0.8292611,0.026037812,,,,0.8032233,0.65130967,-0.15191364,19
5,0,1,0,0,1,9,1,0,2,2.0,4.0,2.0,2.0,2.0,2.0,4.0,3.0,8.0,4.0,4.0,4.0,8.0,0.820542,0.97149515,0.15095317,0.820542,0.90115404,0.08061206,0.820542,0.820542,0.0,0.820542,0.820542,0.0,0.820542,0.7812242,-0.039317787,0.820542,0.8710063,0.050464332,0.820542,0.8797954,0.059253395,0.820542,0.820542,0.0,0.820542,0.820542,0.0,0.820542,0.64428633,-0.17625564,0.820542,0.90131867,0.08077669,0.820542,0.8188905,-0.0016514659,0.820542,0.94133985,0.12079787,5
3,0,0,0,0,0,1,0,0,5,2.0,5.0,3.0,3.0,2.0,3.0,3.0,4.0,7.0,4.0,4.0,3.0,7.0,0.8740701,0.9741449,0.10007477,,,,0.8740701,0.8740701,0.0,0.8740701,0.8740701,0.0,0.8740701,0.9208215,0.04675138,0.8740701,0.96294636,0.08887625,0.8740701,0.9086064,0.034536302,0.8740701,0.8740701,0.0,,,,0.8740701,0.61476195,-0.25930816,0.8740701,0.90493244,0.030862331,0.8740701,0.89694124,0.022871137,0.8740701,0.8710248,-0.0030453205,23
0,0,0,0,0,0,8,0,0,3,2.0,1.0,2.0,2.0,2.0,7.0,4.0,4.0,6.0,4.0,4.0,4.0,5.0,0.91322935,0.89595443,-0.017274916,0.91322935,0.76586086,-0.14736849,0.91322935,0.91322935,0.0,0.91322935,0.91322935,0.0,0.91322935,0.9166697,0.00344038,0.91322935,0.97826743,0.065038085,0.91322935,0.9268834,0.013654053,0.91322935,0.91322935,0.0,,,,0.91322935,0.97200656,0.058777213,0.91322935,0.83693475,-0.0762946,0.91322935,0.77597666,-0.13725269,0.91322935,0.98522514,0.071995795,11
3,0,0,0,0,0,8,0,0,0,1.0,4.0,1.0,1.0,1.0,0.0,4.0,3.0,5.0,4.0,5.0,3.0,8.0,,,,0.99601376,0.99700564,0.0009918809,0.99601376,0.99601376,0.0,,,,,,,,,,,,,0.99601376,0.99601376,0.0,0.99601376,0.99601376,0.0,,,,0.99601376,0.9977278,0.0017140508,0.99601376,0.99574584,-0.00026792288,0.99601376,0.9922323,-0.0037814379,15
6,0,2,0,0,4,1,3,0,0,1.0,5.0,2.0,2.0,2.0,1.0,3.0,4.0,7.0,4.0,3.0,2.0,7.0,,,,,,,0.9604222,0.9604222,0.0,0.9604222,0.9604222,0.0,0.9604222,0.94404495,-0.01637727,0.9604222,0.9315526,-0.028869629,0.9604222,0.97940457,0.01898235,0.9604222,0.9604222,0.0,,,,0.9604222,0.9592577,-0.001164496,0.9604222,0.9572035,-0.0032187104,0.9604222,0.8938733,-0.06654894,0.9604222,0.93151546,-0.028906763,24
3,1,0,0,0,0,4,4,2,4,2.0,4.0,2.0,2.0,2.0,2.0,4.0,2.0,8.0,3.0,3.0,3.0,10.0,0.95082814,0.97285664,0.022028506,0.95082814,0.9628589,0.01203078,0.95082814,0.95082814,0.0,0.95082814,0.95082814,0.0,0.95082814,0.9440703,-0.0067578554,0.95082814,0.96365756,0.012829423,0.95082814,0.95435613,0.003527999,0.95082814,0.95082814,0.0,0.95082814,0.95082814,0.0,0.95082814,0.8336855,-0.11714262,0.95082814,0.8178404,-0.13298774,0.95082814,0.9479975,-0.0028306246,,,,3
0,1,5,0,0,0,2,0,0,0,1.0,3.0,2.0,2.0,2.0,2.0,3.0,4.0,9.0,4.0,4.0,3.0,7.0,,,,0.9953107,0.9956605,0.00034976006,0.9953107,0.9953107,0.0,0.9953107,0.9953107,0.0,0.9953107,0.9926434,-0.0026673079,0.9953107,0.9959353,0.0006245971,0.9953107,0.99817,0.0028592944,0.9953107,0.9953107,0.0,,,,0.9953107,0.98171896,-0.013591766,0.9953107,0.994997,-0.00031369925,0.9953107,0.9908098,-0.0045009255,0.9953107,0.99064565,-0.0046650767,11
3,1,3,0,0,0,1,0,1,4,3.0,4.0,2.0,2.0,2.0,4.0,3.0,3.0,9.0,5.0,5.0,3.0,10.0,0.72011507,0.84667414,0.12655908,0.72011507,0.6902711,-0.029843986,,,,,,,0.72011507,0.62603074,-0.09408432,0.72011507,0.87573063,0.15561557,0.72011507,0.7071654,-0.0129496455,0.72011507,0.72011507,0.0,0.72011507,0.72011507,0.0,0.72011507,0.71387714,-0.006237924,0.72011507,0.6929343,-0.02718079,0.72011507,0.78807825,0.06796318,,,,1
2,0,1,0,0,0,7,0,0,3,1.0,5.0,3.0,4.0,4.0,0.0,3.0,3.0,8.0,5.0,5.0,3.0,9.0,,,,,,,,,,,,,0.9844744,0.99240535,0.007930934,0.9844744,0.9679835,-0.016490936,0.9844744,0.9844744,0.0,0.9844744,0.9844744,0.0,0.9844744,0.9844744,0.0,,,,0.9844744,0.9916543,0.0071798563,0.9844744,0.9860891,0.0016146898,0.9844744,0.968106,-0.016368449,10
4,1,3,0,0,0,3,0,0,6,2.0,4.0,1.0,2.0,3.0,5.0,3.0,3.0,9.0,4.0,4.0,4.0,9.0,0.8706788,0.7828502,-0.08782858,0.8706788,0.8450662,-0.025612593,0.8706788,0.8706788,0.0,0.8706788,0.8706788,0.0,,,,0.8706788,0.8377643,-0.03291446,0.8706788,0.86661035,-0.0040684342,0.8706788,0.8706788,0.0,0.8706788,0.8706788,0.0,0.8706788,0.96479654,0.09411776,0.8706788,0.79299074,-0.07768804,0.8706788,0.867998,-0.0026807785,0.8706788,0.8896834,0.019004643,6
5,0,0,0,5,0,7,1,0,8,2.0,4.0,2.0,2.0,2.0,2.0,3.0,3.0,7.0,4.0,5.0,5.0,8.0,0.83196384,0.85021836,0.018254519,0.83196384,0.8252498,-0.006714046,0.83196384,0.83196384,0.0,,,,0.83196384,0.7747207,-0.05724311,0.83196384,0.8764637,0.044499874,0.83196384,0.8082457,-0.023718119,0.83196384,0.83196384,0.0,0.83196384,0.83196384,0.0,0.83196384,0.86691386,0.034950018,0.83196384,0.78618526,-0.045778573,,,,0.83196384,0.91240495,0.08044112,22
0,1,3,0,1,3,3,6,0,7,4.0,5.0,4.0,4.0,4.0,3.0,2.0,3.0,9.0,4.0,4.0,2.0,6.0,0.8061038,0.7722338,-0.03387004,,,,0.8061038,0.8061038,0.0,0.8061038,0.8061038,0.0,0.8061038,0.81662023,0.010516405,0.8061038,0.7609336,-0.045170248,0.8061038,0.7631138,-0.04299003,0.8061038,0.8061038,0.0,0.8061038,0.8061038,0.0,0.8061038,0.9423185,0.13621467,0.8061038,0.80419916,-0.0019046664,0.8061038,0.7053096,-0.100794196,0.8061038,0.8829774,0.0768736,21
1,0,0,0,0,0,7,0,0,0,1.0,3.0,1.0,1.0,2.0,7.0,3.0,3.0,5.0,4.0,4.0,3.0,6.0,,,,0.97683424,0.9838898,0.0070555806,0.97683424,0.97683424,0.0,0.97683424,0.97683424,0.0,,,,,,,0.97683424,0.9879062,0.01107198,0.97683424,0.97683424,0.0,0.97683424,0.97683424,0.0,0.97683424,0.9804874,0.0036531687,0.97683424,0.9886747,0.011840463,0.97683424,0.9686545,-0.008179724,0.97683424,0.96964943,-0.0071848035,10
4,0,0,0,0,0,5,3,0,3,2.0,4.0,2.0,2.0,2.0,3.0,4.0,3.0,6.0,4.0,3.0,4.0,6.0,0.9564122,0.97187626,0.015464067,0.9564122,0.9615433,0.0051311255,0.9564122,0.9564122,0.0,0.9564122,0.9564122,0.0,0.9564122,0.95538425,-0.0010279417,0.9564122,0.9628208,0.006408632,0.9564122,0.97717243,0.020760238,0.9564122,0.9564122,0.0,0.9564122,0.9564122,0.0,0.9564122,0.8678817,-0.08853048,0.9564122,0.9248485,-0.0315637,0.9564122,0.94980454,-0.0066076517,0.9564122,0.8992247,-0.057187498,7
1,1,4,0,0,0,2,7,0,0,2.0,4.0,2.0,2.0,2.0,5.0,3.0,3.0,8.0,4.0,4.0,4.0,8.0,0.8403528,0.92098653,0.08063376,0.8403528,0.8461755,0.005822718,0.8403528,0.8403528,0.0,0.8403528,0.8403528,0.0,0.8403528,0.7979326,-0.04242015,0.8403528,0.9110251,0.07067233,0.8403528,0.7791898,-0.06116295,0.8403528,0.8403528,0.0,0.8403528,0.8403528,0.0,0.8403528,0.85881853,0.018465757,0.8403528,0.8698821,0.029529333,0.8403528,0.8651438,0.024791002,0.8403528,0.8032332,-0.037119567,20
3,0,2,0,0,0,2,0,0,0,3.0,5.0,2.0,3.0,2.0,9.0,4.0,3.0,4.0,3.0,3.0,1.0,5.0,0.3841013,0.75164354,0.36754224,,,,0.3841013,0.3841013,0.0,0.3841013,0.3841013,0.0,0.3841013,0.39135242,0.0072511137,0.3841013,0.3963454,0.012244105,0.3841013,0.3616247,-0.022476614,0.3841013,0.3841013,0.0,0.3841013,0.3841013,0.0,0.3841013,0.7085804,0.32447907,0.3841013,0.17975777,-0.20434353,0.3841013,0.39420107,0.010099769,0.3841013,0.38178724,-0.002314061,20
6,1,0,0,0,4,6,3,0,3,2.0,4.0,3.0,2.0,2.0,1.0,4.0,3.0,8.0,4.0,4.0,3.0,6.0,0.74093145,0.8195248,0.07859337,0.74093145,0.9163758,0.17544436,0.74093145,0.74093145,0.0,0.74093145,0.74093145,0.0,0.74093145,0.62887406,-0.11205739,0.74093145,0.60539955,-0.1355319,0.74093145,0.83208597,0.091154516,0.74093145,0.74093145,0.0,0.74093145,0.74093145,0.0,0.74093145,0.62564063,-0.11529082,0.74093145,0.8156346,0.07470316,0.74093145,0.6870485,-0.053882957,0.74093145,0.7571243,0.016192853,19
6,1,0,0,0,4,3,3,0,3,2.0,3.0,2.0,1.0,1.0,8.0,4.0,4.0,9.0,4.0,4.0,4.0,10.0,0.6331804,0.9715679,0.33838755,0.6331804,0.6749866,0.04180622,0.6331804,0.6331804,0.0,0.6331804,0.6331804,0.0,0.6331804,0.39650968,-0.2366707,,,,,,,0.6331804,0.6331804,0.0,,,,0.6331804,0.27762502,-0.35555536,0.6331804,0.6149014,-0.018278956,0.6331804,0.70483154,0.07165116,,,,19
4,0,0,0,0,0,8,1,0,5,1.0,4.0,2.0,3.0,1.0,1.0,4.0,3.0,10.0,4.0,4.0,5.0,9.0,,,,0.9906669,0.99384826,0.0031813383,0.9906669,0.9906669,0.0,0.9906669,0.9906669,0.0,0.9906669,0.9939009,0.0032339692,0.9906669,0.9815906,-0.009076297,,,,0.9906669,0.9906669,0.0,0.9906669,0.9906669,0.0,0.9906669,0.9921571,0.0014901757,,,,,,,0.9906669,0.9921813,0.0015143752,23
2,1,2,0,0,0,6,0,2,4,2.0,4.0,2.0,2.0,2.0,5.0,2.0,2.0,8.0,4.0,4.0,5.0,7.0,0.8239039,0.9287741,0.1048702,0.8239039,0.79537237,-0.028531551,0.8239039,0.8239039,0.0,0.8239039,0.8239039,0.0,0.8239039,0.79122245,-0.032681465,0.8239039,0.7592196,-0.06468433,0.8239039,0.9174343,0.09353036,0.8239039,0.8239039,0.0,0.8239039,0.8239039,0.0,0.8239039,0.8706637,0.046759784,0.8239039,0.8066489,-0.017255008,,,,0.8239039,0.9187439,0.09483999,2
1,0,2,0,1,1,5,1,0,2,2.0,2.0,2.0,3.0,2.0,8.0,4.0,4.0,6.0,4.0,3.0,3.0,8.0,0.25195456,0.7276429,0.47568834,0.25195456,0.7135829,0.46162832,0.25195456,0.25195456,0.0,0.25195456,0.25195456,0.0,0.25195456,0.25195456,0.0,0.25195456,0.12971006,-0.12224449,0.25195456,0.4843117,0.23235714,0.25195456,0.25195456,0.0,,,,0.25195456,0.32093722,0.06898266,0.25195456,0.2760829,0.024128348,0.25195456,0.25644898,0.0044944286,0.25195456,0.3944985,0.14254394,25
1,1,1,0,0,0,2,0,0,3,3.0,5.0,3.0,4.0,5.0,3.0,3.0,1.0,7.0,4.0,4.0,4.0,5.0,0.5251017,0.93717664,0.41207492,,,,0.5251017,0.5251017,0.0,0.5251017,0.5251017,0.0,0.5251017,0.6216109,0.09650916,0.5251017,0.3259803,-0.19912142,0.5251017,0.49993074,-0.025170982,0.5251017,0.5251017,0.0,0.5251017,0.5251017,0.0,0.5251017,0.3506541,-0.17444763,0.5251017,0.6148985,0.08979678,0.5251017,0.3823985,-0.14270324,0.5251017,0.62780046,0.10269874,20
6,0,0,0,0,4,3,3,0,3,3.0,5.0,3.0,4.0,3.0,1.0,3.0,2.0,9.0,4.0,4.0,5.0,9.0,0.1875953,0.5466262,0.3590309,,,,0.1875953,0.1875953,0.0,0.1875953,0.1875953,0.0,0.1875953,0.33021364,0.14261834,0.1875953,0.10352393,-0.08407136,0.1875953,0.091780335,-0.09581496,0.1875953,0.1875953,0.0,0.1875953,0.1875953,0.0,0.1875953,0.20474574,0.017150447,0.1875953,0.12507367,-0.06252162,,,,0.1875953,0.19004542,0.0024501234,19
0,0,6,0,0,1,5,1,0,7,1.0,5.0,3.0,4.0,3.0,5.0,4.0,3.0,6.0,5.0,5.0,3.0,8.0,,,,,,,,,,,,,0.4867101,0.7814191,0.294709,0.4867101,0.40537617,-0.081333935,0.4867101,0.62669075,0.13998064,0.4867101,0.4867101,0.0,0.4867101,0.4867101,0.0,0.4867101,0.679526,0.19281587,0.4867101,0.2958496,-0.19086051,0.4867101,0.35329327,-0.13341683,0.4867101,0.2490212,-0.2376889,25
1,0,2,0,0,0,4,0,0,1,1.0,5.0,1.0,2.0,3.0,1.0,3.0,3.0,8.0,4.0,5.0,3.0,8.0,,,,,,,0.996666,0.996666,0.0,,,,,,,0.996666,0.99769455,0.0010285378,0.996666,0.996597,-6.902218e-05,0.996666,0.996666,0.0,0.996666,0.996666,0.0,0.996666,0.9967642,9.816885e-05,0.996666,0.9987165,0.0020504594,0.996666,0.9958417,-0.00082433224,0.996666,0.9910501,-0.00561589,11
0,1,0,0,1,3,0,6,0,3,2.0,5.0,3.0,2.0,3.0,1.0,3.0,3.0,5.0,3.0,3.0,4.0,5.0,0.64859694,0.67418385,0.025586903,,,,0.64859694,0.64859694,0.0,0.64859694,0.64859694,0.0,0.64859694,0.6127132,-0.035883725,0.64859694,0.8051781,0.15658116,0.64859694,0.65685683,0.008259892,0.64859694,0.64859694,0.0,0.64859694,0.64859694,0.0,0.64859694,0.64642686,-0.002170086,0.64859694,0.44300464,-0.2055923,0.64859694,0.54914147,-0.099455476,0.64859694,0.7010741,0.05247718,8
6,0,0,0,5,4,7,3,0,3,3.0,3.0,2.0,2.0,2.0,0.0,4.0,3.0,10.0,4.0,4.0,4.0,5.0,0.5756309,0.95478433,0.37915343,0.5756309,0.64690214,0.07127124,0.5756309,0.5756309,0.0,0.5756309,0.5756309,0.0,0.5756309,0.5756309,0.0,0.5756309,0.4299789,-0.145652,0.5756309,0.5846223,0.00899142,0.5756309,0.5756309,0.0,0.5756309,0.5756309,0.0,,,,,,,0.5756309,0.746583,0.17095208,0.5756309,0.47905207,-0.09657884,19
3,0,5,0,0,2,4,2,1,4,2.0,5.0,2.0,3.0,3.0,5.0,2.0,1.0,5.0,4.0,4.0,4.0,1.0,0.98553526,0.966149,-0.019386292,,,,0.98553526,0.98553526,0.0,0.98553526,0.98553526,0.0,0.98553526,0.98265254,-0.002882719,0.98553526,0.9727693,-0.012765944,0.98553526,0.9864547,0.00091946125,0.98553526,0.98553526,0.0,0.98553526,0.98553526,0.0,0.98553526,0.9953497,0.009814441,0.98553526,0.9819827,-0.003552556,0.98553526,0.9816134,-0.0039218664,0.98553526,0.9883762,0.0028409362,0
3,1,0,0,0,0,7,0,0,3,3.0,1.0,1.0,1.0,1.0,5.0,5.0,4.0,8.0,4.0,3.0,1.0,0.0,0.18757121,0.072606795,-0.11496442,0.18757121,0.049115587,-0.13845563,0.18757121,0.18757121,0.0,0.18757121,0.18757121,0.0,,,,,,,,,,,,,,,,0.18757121,0.23250394,0.044932723,0.18757121,0.26480272,0.07723151,0.18757121,0.5378926,0.35032135,0.18757121,0.18757121,0.0,12
2,1,2,0,0,0,2,2,2,2,2.0,5.0,2.0,2.0,1.0,2.0,4.0,3.0,9.0,4.0,2.0,4.0,9.0,0.9622165,0.9936295,0.03141302,,,,0.9622165,0.9622165,0.0,0.9622165,0.9622165,0.0,0.9622165,0.96523297,0.0030164719,0.9622165,0.9685528,0.0063363314,,,,0.9622165,0.9622165,0.0,0.9622165,0.9622165,0.0,0.9622165,0.9445368,-0.017679691,0.9622165,0.961631,-0.0005854964,0.9622165,0.95155376,-0.0106627345,0.9622165,0.9433442,-0.01887232,16
3,1,2,0,1,0,3,0,0,2,3.0,4.0,2.0,4.0,2.0,5.0,4.0,4.0,7.0,4.0,5.0,2.0,5.0,0.2603353,0.32206532,0.061730027,0.2603353,0.36405054,0.10371524,0.2603353,0.2603353,0.0,,,,0.2603353,0.2603353,0.0,0.2603353,0.1953557,-0.0649796,0.2603353,0.29446542,0.034130126,0.2603353,0.2603353,0.0,,,,0.2603353,0.24316943,-0.01716587,0.2603353,0.103638716,-0.15669659,0.2603353,0.16852565,-0.091809645,0.2603353,0.4902193,0.229884,6
1,0,0,0,0,1,1,0,0,1,3.0,2.0,2.0,2.0,2.0,2.0,3.0,3.0,5.0,4.0,4.0,2.0,6.0,0.89458716,0.74949086,-0.1450963,0.89458716,0.8355643,-0.059022844,0.89458716,0.89458716,0.0,0.89458716,0.89458716,0.0,0.89458716,0.8920283,-0.002558887,0.89458716,0.95615304,0.061565876,0.89458716,0.89687103,0.0022838712,0.89458716,0.89458716,0.0,0.89458716,0.89458716,0.0,0.89458716,0.85629654,-0.03829062,0.89458716,0.9392578,0.04467064,0.89458716,0.9296076,0.03502047,0.89458716,0.9053665,0.010779321,11
5,0,0,0,0,1,6,0,0,0,3.0,1.0,3.0,3.0,3.0,0.0,3.0,2.0,8.0,4.0,4.0,3.0,8.0,0.5090772,0.6596317,0.15055454,0.5090772,0.3307756,-0.1783016,0.5090772,0.5090772,0.0,0.5090772,0.5090772,0.0,0.5090772,0.67045903,0.16138184,0.5090772,0.7552801,0.24620289,0.5090772,0.46659002,-0.042487174,0.5090772,0.5090772,0.0,0.5090772,0.5090772,0.0,,,,0.5090772,0.6550701,0.14599293,0.5090772,0.5214028,0.012325585,0.5090772,0.3810905,-0.1279867,7
2,1,0,0,0,0,9,0,0,3,4.0,5.0,3.0,3.0,4.0,7.0,3.0,1.0,1.0,1.0,3.0,1.0,3.0,0.24383634,0.29223505,0.048398703,,,,0.24383634,0.24383634,0.0,0.24383634,0.24383634,0.0,0.24383634,0.3096693,0.06583294,0.24383634,0.59707135,0.353235,0.24383634,0.20731065,-0.036525697,0.24383634,0.24383634,0.0,0.24383634,0.24383634,0.0,0.24383634,0.1320568,-0.11177954,0.24383634,0.24054244,-0.0032939017,0.24383634,0.4487273,0.20489097,0.24383634,0.33668983,0.09285349,15
1,0,3,0,0,0,4,0,0,3,2.0,5.0,1.0,1.0,1.0,2.0,3.0,3.0,9.0,4.0,4.0,4.0,10.0,0.9818916,0.96463215,-0.017259419,,,,0.9818916,0.9818916,0.0,0.9818916,0.9818916,0.0,,,,,,,,,,0.9818916,0.9818916,0.0,0.9818916,0.9818916,0.0,0.9818916,0.97605896,-0.0058326125,0.9818916,0.97416615,-0.0077254176,0.9818916,0.9750846,-0.0068069696,,,,20
3,1,0,0,0,0,4,0,0,3,4.0,2.0,3.0,4.0,3.0,6.0,2.0,2.0,5.0,4.0,3.0,4.0,4.0,0.12607825,0.17110133,0.045023084,0.12607825,0.15418248,0.02810423,0.12607825,0.12607825,0.0,0.12607825,0.12607825,0.0,0.12607825,0.22198585,0.0959076,0.12607825,0.09403373,-0.032044515,0.12607825,0.103605814,-0.022472434,0.12607825,0.12607825,0.0,0.12607825,0.12607825,0.0,0.12607825,0.38046393,0.25438568,0.12607825,0.09822123,-0.02785702,0.12607825,0.13504425,0.008965999,0.12607825,0.26488882,0.13881058,17
7,0,0,0,0,4,9,1,0,3,1.0,4.0,1.0,2.0,2.0,2.0,4.0,3.0,8.0,3.0,4.0,3.0,8.0,,,,0.90637565,0.9303391,0.023963451,0.90637565,0.90637565,0.0,0.90637565,0.90637565,0.0,,,,0.90637565,0.8894048,-0.016970873,0.90637565,0.947628,0.041252375,0.90637565,0.90637565,0.0,0.90637565,0.90637565,0.0,0.90637565,0.68502426,-0.22135139,0.90637565,0.92049396,0.014118314,0.90637565,0.91739976,0.0110241175,0.90637565,0.9556395,0.049263835,19
0,0,2,0,1,0,2,2,2,4,3.0,2.0,1.0,5.0,2.0,7.0,2.0,3.0,4.0,4.0,4.0,2.0,4.0,0.42048877,0.34083122,-0.079657555,0.42048877,0.3728781,-0.04761067,0.42048877,0.42048877,0.0,0.42048877,0.42048877,0.0,,,,0.42048877,0.44557163,0.025082856,0.42048877,0.39313802,-0.027350754,0.42048877,0.42048877,0.0,0.42048877,0.42048877,0.0,0.42048877,0.62427807,0.2037893,0.42048877,0.32100073,-0.09948805,0.42048877,0.46335557,0.042866796,0.42048877,0.16089731,-0.25959146,0
1,1,3,0,0,0,1,0,2,2,1.0,1.0,1.0,1.0,1.0,4.0,3.0,2.0,4.0,3.0,3.0,2.0,4.0,,,,0.114787176,0.12706287,0.012275696,0.114787176,0.114787176,0.0,0.114787176,0.114787176,0.0,,,,,,,,,,0.114787176,0.114787176,0.0,0.114787176,0.114787176,0.0,0.114787176,0.06482318,-0.049963996,0.114787176,0.17864496,0.06385778,0.114787176,0.07280629,-0.041980885,0.114787176,0.12660047,0.011813298,1
3,1,0,0,0,0,4,0,1,4,1.0,4.0,1.0,1.0,1.0,9.0,2.0,2.0,5.0,2.0,4.0,1.0,6.0,,,,0.6929423,0.77611417,0.083171844,0.6929423,0.6929423,0.0,0.6929423,0.6929423,0.0,,,,,,,,,,0.6929423,0.6929423,0.0,0.6929423,0.6929423,0.0,0.6929423,0.771628,0.0786857,0.6929423,0.8006163,0.107674,0.6929423,0.73603225,0.043089926,0.6929423,0.735684,0.042741656,2
1,0,2,0,0,1,7,0,0,0,1.0,4.0,1.0,1.0,1.0,5.0,3.0,3.0,5.0,3.0,3.0,5.0,5.0,,,,0.47807533,0.76755923,0.2894839,0.47807533,0.47807533,0.0,0.47807533,0.47807533,0.0,,,,,,,,,,0.47807533,0.47807533,0.0,0.47807533,0.47807533,0.0,0.47807533,0.8878264,0.40975106,0.47807533,0.74179643,0.2637211,,,,0.47807533,0.8401434,0.36206806,20
0,1,0,0,1,3,3,6,0,1,1.0,5.0,2.0,2.0,2.0,2.0,4.0,3.0,10.0,5.0,4.0,4.0,10.0,,,,,,,,,,0.99685043,0.99685043,0.0,0.99685043,0.99669194,-0.00015848875,0.99685043,0.99783736,0.0009869337,0.99685043,0.99730253,0.00045210123,0.99685043,0.99685043,0.0,0.99685043,0.99685043,0.0,0.99685043,0.99683017,-2.026558e-05,,,,0.99685043,0.99583936,-0.0010110736,,,,8
4,1,0,0,0,1,6,0,0,0,4.0,4.0,1.0,1.0,1.0,2.0,3.0,3.0,7.0,5.0,4.0,4.0,7.0,0.9434822,0.9774041,0.033921897,0.9434822,0.9615847,0.018102467,,,,0.9434822,0.9434822,0.0,,,,,,,,,,0.9434822,0.9434822,0.0,0.9434822,0.9434822,0.0,0.9434822,0.79623944,-0.14724278,0.9434822,0.9106271,-0.032855093,0.9434822,0.9733611,0.029878855,0.9434822,0.94569266,0.0022104383,15
4,0,0,0,0,0,6,3,0,2,1.0,4.0,2.0,2.0,2.0,4.0,4.0,3.0,7.0,4.0,4.0,4.0,6.0,,,,0.97347665,0.9817946,0.008317947,0.97347665,0.97347665,0.0,0.97347665,0.97347665,0.0,0.97347665,0.9697324,-0.0037442446,0.97347665,0.96763605,-0.0058405995,0.97347665,0.9786267,0.0051500797,0.97347665,0.97347665,0.0,0.97347665,0.97347665,0.0,0.97347665,0.9639069,-0.009569764,0.97347665,0.9686827,-0.004793942,0.97347665,0.9798452,0.0063685775,0.97347665,0.9728895,-0.00058716536,5
1,0,0,0,0,0,2,2,0,3,2.0,5.0,4.0,3.0,2.0,9.0,3.0,3.0,8.0,4.0,4.0,4.0,7.0,0.97533774,0.9876968,0.012359083,,,,0.97533774,0.97533774,0.0,0.97533774,0.97533774,0.0,0.97533774,0.9640242,-0.011313558,0.97533774,0.975382,4.4226646e-05,0.97533774,0.9781065,0.002768755,0.97533774,0.97533774,0.0,0.97533774,0.97533774,0.0,0.97533774,0.9819629,0.0066251755,0.97533774,0.9650885,-0.010249257,0.97533774,0.9787098,0.0033720732,0.97533774,0.8774753,-0.09786242,11
5,0,0,0,1,0,2,3,0,3,1.0,4.0,1.0,3.0,2.0,0.0,4.0,3.0,9.0,4.0,4.0,4.0,9.0,,,,0.9706544,0.9441883,-0.026466131,0.9706544,0.9706544,0.0,0.9706544,0.9706544,0.0,,,,0.9706544,0.9799989,0.009344459,0.9706544,0.97636414,0.0057097077,0.9706544,0.9706544,0.0,0.9706544,0.9706544,0.0,,,,0.9706544,0.96639955,-0.0042548776,0.9706544,0.9806145,0.009960055,0.9706544,0.98521477,0.014560342,7
1,1,0,0,0,0,5,0,1,4,1.0,4.0,2.0,2.0,2.0,2.0,4.0,3.0,10.0,5.0,5.0,5.0,10.0,,,,0.8990682,0.91658723,0.017519057,,,,,,,0.8990682,0.86929435,-0.029773831,0.8990682,0.93994606,0.04087788,0.8990682,0.949972,0.050903797,0.8990682,0.8990682,0.0,0.8990682,0.8990682,0.0,0.8990682,0.6861836,-0.2128846,,,,,,,,,,2
6,0,0,0,4,4,6,3,0,3,3.0,4.0,3.0,3.0,2.0,7.0,4.0,3.0,6.0,5.0,5.0,3.0,7.0,0.32523632,0.8901258,0.5648895,0.32523632,0.17409089,-0.15114543,,,,,,,0.32523632,0.63070375,0.30546743,0.32523632,0.50011915,0.17488283,0.32523632,0.22605073,-0.099185586,0.32523632,0.32523632,0.0,0.32523632,0.32523632,0.0,0.32523632,0.055037454,-0.27019888,0.32523632,0.81716526,0.49192894,0.32523632,0.28790173,-0.03733459,0.32523632,0.13416246,-0.19107386,19
2,0,0,0,0,0,1,0,0,1,2.0,3.0,2.0,2.0,2.0,5.0,4.0,3.0,7.0,4.0,4.0,3.0,5.0,0.97179043,0.9787901,0.0069996715,0.97179043,0.97873175,0.0069413185,0.97179043,0.97179043,0.0,0.97179043,0.97179043,0.0,0.97179043,0.9711142,-0.0006762147,0.97179043,0.99231887,0.020528436,0.97179043,0.9688885,-0.0029019117,0.97179043,0.97179043,0.0,0.97179043,0.97179043,0.0,0.97179043,0.98131096,0.009520531,0.97179043,0.9540416,-0.017748833,0.97179043,0.96268237,-0.009108067,0.97179043,0.962828,-0.008962452,11
6,1,0,0,1,4,9,7,0,0,2.0,5.0,2.0,2.0,2.0,8.0,4.0,4.0,4.0,3.0,3.0,4.0,8.0,0.9194381,0.9842179,0.06477976,,,,0.9194381,0.9194381,0.0,0.9194381,0.9194381,0.0,0.9194381,0.8889879,-0.030450225,0.9194381,0.8612444,-0.058193743,0.9194381,0.9347858,0.01534766,0.9194381,0.9194381,0.0,,,,0.9194381,0.73695457,-0.18248355,0.9194381,0.9161874,-0.0032507181,0.9194381,0.877142,-0.04229611,0.9194381,0.9738676,0.05442947,24
5,0,0,0,0,1,6,1,0,3,3.0,4.0,3.0,3.0,3.0,6.0,4.0,3.0,6.0,4.0,4.0,3.0,5.0,0.936755,0.982844,0.046088994,0.936755,0.947724,0.010968983,0.936755,0.936755,0.0,0.936755,0.936755,0.0,0.936755,0.96908206,0.032327056,0.936755,0.94166225,0.0049072504,0.936755,0.9245377,-0.012217283,0.936755,0.936755,0.0,0.936755,0.936755,0.0,0.936755,0.7920265,-0.14472848,0.936755,0.95158607,0.014831066,0.936755,0.8585934,-0.0781616,0.936755,0.9429738,0.006218791,7
0,0,1,0,0,0,5,0,0,3,1.0,3.0,2.0,2.0,2.0,3.0,4.0,3.0,7.0,4.0,4.0,3.0,6.0,,,,0.9860211,0.9855532,-0.00046789646,0.9860211,0.9860211,0.0,0.9860211,0.9860211,0.0,0.9860211,0.98779386,0.0017727613,0.9860211,0.99440694,0.008385837,0.9860211,0.9864872,0.00046610832,0.9860211,0.9860211,0.0,0.9860211,0.9860211,0.0,0.9860211,0.98146987,-0.004551232,0.9860211,0.9835437,-0.0024774075,0.9860211,0.9855267,-0.0004944205,0.9860211,0.9865283,0.0005071759,11
5,1,0,0,4,1,7,3,0,3,3.0,4.0,2.0,1.0,2.0,0.0,3.0,3.0,9.0,4.0,3.0,5.0,9.0,0.6293876,0.8026772,0.1732896,0.6293876,0.7581826,0.12879497,0.6293876,0.6293876,0.0,0.6293876,0.6293876,0.0,0.6293876,0.64245266,0.01306504,,,,0.6293876,0.74645835,0.117070735,0.6293876,0.6293876,0.0,0.6293876,0.6293876,0.0,,,,0.6293876,0.8192045,0.18981689,,,,0.6293876,0.89994437,0.27055675,22
3,1,0,0,1,0,7,5,0,7,2.0,5.0,3.0,2.0,2.0,3.0,3.0,2.0,5.0,3.0,3.0,2.0,4.0,0.9535553,0.92745256,-0.026102722,,,,0.9535553,0.9535553,0.0,0.9535553,0.9535553,0.0,0.9535553,0.96892047,0.015365183,0.9535553,0.9797681,0.026212811,0.9535553,0.96195704,0.0084017515,0.9535553,0.9535553,0.0,0.9535553,0.9535553,0.0,0.9535553,0.9535664,1.1086464e-05,0.9535553,0.9653073,0.011752009,0.9535553,0.91571105,-0.03784424,0.9535553,0.91044104,-0.043114245,14
7,0,0,0,2,4,2,3,0,3,3.0,4.0,3.0,4.0,3.0,0.0,3.0,3.0,8.0,4.0,4.0,5.0,6.0,0.23487312,0.36632708,0.13145396,0.23487312,0.14137167,-0.09350145,0.23487312,0.23487312,0.0,0.23487312,0.23487312,0.0,0.23487312,0.29759595,0.06272283,0.23487312,0.2254832,-0.009389922,0.23487312,0.21812,-0.016753122,0.23487312,0.23487312,0.0,0.23487312,0.23487312,0.0,,,,0.23487312,0.39615926,0.16128615,,,,0.23487312,0.28540862,0.0505355,19
0,0,0,0,0,0,5,0,0,1,2.0,4.0,2.0,2.0,2.0,2.0,3.0,3.0,6.0,4.0,4.0,3.0,7.0,0.98980534,0.9965739,0.0067685843,0.98980534,0.9954229,0.005617559,0.98980534,0.98980534,0.0,0.98980534,0.98980534,0.0,0.98980534,0.9869919,-0.0028134584,0.98980534,0.99560803,0.005802691,0.98980534,0.99511504,0.005309701,0.98980534,0.98980534,0.0,0.98980534,0.98980534,0.0,0.98980534,0.9796719,-0.010133445,0.98980534,0.99502534,0.005219996,0.98980534,0.98311824,-0.0066871047,0.98980534,0.99018455,0.00037920475,11
4,1,0,0,0,0,5,0,0,3,3.0,3.0,2.0,2.0,2.0,7.0,3.0,3.0,2.0,2.0,4.0,4.0,5.0,0.23755132,0.6693706,0.43181926,0.23755132,0.4628744,0.2253231,0.23755132,0.23755132,0.0,0.23755132,0.23755132,0.0,0.23755132,0.24312808,0.0055767596,0.23755132,0.46226457,0.22471325,0.23755132,0.3442169,0.1066656,0.23755132,0.23755132,0.0,0.23755132,0.23755132,0.0,0.23755132,0.36650172,0.1289504,0.23755132,0.22724842,-0.010302901,0.23755132,0.2271135,-0.010437816,0.23755132,0.41468465,0.17713334,15
2,1,1,0,0,0,4,0,0,3,5.0,5.0,3.0,2.0,2.0,5.0,5.0,4.0,10.0,2.0,2.0,5.0,8.0,0.6656122,0.6656122,0.0,,,,0.6656122,0.6656122,0.0,0.6656122,0.6656122,0.0,0.6656122,0.63391256,-0.031699657,0.6656122,0.7489747,0.08336246,0.6656122,0.81605947,0.15044725,,,,,,,0.6656122,0.77256745,0.10695523,,,,,,,0.6656122,0.27090153,-0.3947107,20
1,1,0,0,0,3,8,6,0,7,1.0,4.0,1.0,4.0,2.0,2.0,3.0,3.0,10.0,5.0,5.0,4.0,9.0,,,,0.73935956,0.73743236,-0.001927197,,,,,,,,,,0.73935956,0.82552505,0.08616549,0.73935956,0.6894204,-0.049939156,0.73935956,0.73935956,0.0,0.73935956,0.73935956,0.0,0.73935956,0.48126242,-0.25809714,,,,0.73935956,0.7459377,0.0065781474,0.73935956,0.6696606,-0.06969893,8
5,1,2,0,1,0,7,0,0,0,1.0,3.0,2.0,2.0,2.0,2.0,4.0,3.0,8.0,5.0,4.0,2.0,9.0,,,,0.83008325,0.87715805,0.047074795,,,,0.83008325,0.83008325,0.0,0.83008325,0.85978705,0.029703796,0.83008325,0.8033309,-0.026752353,0.83008325,0.9297348,0.099651575,0.83008325,0.83008325,0.0,0.83008325,0.83008325,0.0,0.83008325,0.72225076,-0.10783249,0.83008325,0.80454457,-0.025538683,0.83008325,0.7380367,-0.09204656,0.83008325,0.90485203,0.07476878,7
4,1,0,0,0,0,8,3,2,4,1.0,4.0,2.0,1.0,2.0,1.0,4.0,3.0,9.0,4.0,4.0,5.0,8.0,,,,0.97211593,0.9649468,-0.0071691275,0.97211593,0.97211593,0.0,0.97211593,0.97211593,0.0,0.97211593,0.97212124,5.3048134e-06,,,,0.97211593,0.9818649,0.009748995,0.97211593,0.97211593,0.0,0.97211593,0.97211593,0.0,0.97211593,0.97392297,0.001807034,0.97211593,0.9628269,-0.009289026,,,,0.97211593,0.96481097,-0.0073049664,18
2,0,2,0,0,0,4,2,0,0,1.0,4.0,1.0,1.0,1.0,8.0,4.0,3.0,7.0,3.0,4.0,3.0,8.0,,,,0.99451256,0.99547935,0.00096678734,0.99451256,0.99451256,0.0,0.99451256,0.99451256,0.0,,,,,,,,,,0.99451256,0.99451256,0.0,0.99451256,0.99451256,0.0,0.99451256,0.9882179,-0.0062946677,0.99451256,0.97132933,-0.023183227,0.99451256,0.9911271,-0.0033854842,0.99451256,0.9917293,-0.002783239,20
1,0,2,0,0,0,6,0,0,3,4.0,5.0,1.0,4.0,1.0,2.0,4.0,2.0,8.0,5.0,4.0,4.0,5.0,0.87383735,0.9497726,0.075935245,,,,,,,0.87383735,0.87383735,0.0,,,,0.87383735,0.8373031,-0.03653425,,,,0.87383735,0.87383735,0.0,0.87383735,0.87383735,0.0,0.87383735,0.73962617,-0.13421118,0.87383735,0.8821691,0.008331776,0.87383735,0.7849363,-0.08890104,0.87383735,0.87377363,-6.3717365e-05,10
1,1,5,0,0,0,3,0,0,8,2.0,5.0,1.0,1.0,1.0,7.0,3.0,3.0,8.0,4.0,4.0,2.0,7.0,0.93476176,0.9765767,0.041814923,,,,0.93476176,0.93476176,0.0,0.93476176,0.93476176,0.0,,,,,,,,,,0.93476176,0.93476176,0.0,0.93476176,0.93476176,0.0,0.93476176,0.9664057,0.031643927,0.93476176,0.9516176,0.016855836,0.93476176,0.9185612,-0.016200542,0.93476176,0.9121554,-0.022606373,11
3,1,0,0,0,0,4,0,1,4,1.0,3.0,1.0,2.0,2.0,7.0,3.0,3.0,9.0,2.0,2.0,4.0,7.0,,,,0.72165805,0.8154058,0.093747735,0.72165805,0.72165805,0.0,0.72165805,0.72165805,0.0,,,,0.72165805,0.6971527,-0.024505377,0.72165805,0.6677942,-0.053863823,0.72165805,0.72165805,0.0,0.72165805,0.72165805,0.0,0.72165805,0.9776984,0.25604033,0.72165805,0.5150869,-0.20657116,0.72165805,0.87464607,0.15298802,0.72165805,0.8518088,0.13015074,2
5,0,0,0,2,2,6,3,0,0,2.0,4.0,3.0,2.0,2.0,7.0,4.0,2.0,4.0,4.0,4.0,2.0,6.0,0.835402,0.8281369,-0.007265091,0.835402,0.90905845,0.07365644,0.835402,0.835402,0.0,0.835402,0.835402,0.0,0.835402,0.91271466,0.07731265,0.835402,0.7393326,-0.096069396,0.835402,0.91134053,0.07593852,0.835402,0.835402,0.0,0.835402,0.835402,0.0,0.835402,0.746743,-0.08865899,0.835402,0.6996094,-0.13579261,0.835402,0.8883307,0.052928686,0.835402,0.7845279,-0.050874114,22
2,1,1,0,0,0,1,0,0,1,3.0,3.0,2.0,2.0,2.0,6.0,4.0,3.0,7.0,4.0,5.0,3.0,6.0,0.89780015,0.9299283,0.032128155,0.89780015,0.83910567,-0.05869448,0.89780015,0.89780015,0.0,,,,0.89780015,0.87366945,-0.024130702,0.89780015,0.97407496,0.07627481,0.89780015,0.8549158,-0.04288435,0.89780015,0.89780015,0.0,0.89780015,0.89780015,0.0,0.89780015,0.95243055,0.0546304,0.89780015,0.7591586,-0.13864154,0.89780015,0.85516024,-0.04263991,0.89780015,0.8487406,-0.04905957,20
4,1,0,0,0,0,6,4,0,5,1.0,4.0,2.0,1.0,2.0,1.0,4.0,3.0,9.0,4.0,5.0,4.0,8.0,,,,0.85034066,0.8601298,0.009789109,0.85034066,0.85034066,0.0,,,,0.85034066,0.7364997,-0.11384094,,,,0.85034066,0.8801562,0.029815555,0.85034066,0.85034066,0.0,0.85034066,0.85034066,0.0,0.85034066,0.9198103,0.06946963,0.85034066,0.76425916,-0.086081505,0.85034066,0.91000074,0.059660077,0.85034066,0.8280126,-0.022328079,12
5,1,0,0,0,0,9,3,0,3,1.0,5.0,1.0,1.0,1.0,2.0,4.0,4.0,8.0,4.0,4.0,5.0,7.0,,,,,,,0.98589176,0.98589176,0.0,0.98589176,0.98589176,0.0,,,,,,,,,,0.98589176,0.98589176,0.0,,,,0.98589176,0.92441064,-0.06148112,0.98589176,0.9932139,0.0073221326,,,,0.98589176,0.99008805,0.004196286,7
5,1,0,0,2,0,5,7,0,3,2.0,4.0,2.0,3.0,2.0,0.0,4.0,3.0,8.0,4.0,3.0,4.0,8.0,0.9298945,0.98771775,0.05782324,0.9298945,0.91366076,-0.016233742,0.9298945,0.9298945,0.0,0.9298945,0.9298945,0.0,0.9298945,0.93897,0.009075522,0.9298945,0.80779994,-0.12209457,0.9298945,0.97071755,0.040823042,0.9298945,0.9298945,0.0,0.9298945,0.9298945,0.0,,,,0.9298945,0.9664411,0.036546588,0.9298945,0.92892355,-0.00097095966,0.9298945,0.9517059,0.021811366,7
2,0,1,0,0,0,2,0,0,3,1.0,5.0,1.0,1.0,1.0,5.0,4.0,4.0,9.0,4.0,2.0,4.0,7.0,,,,,,,0.8711113,0.8711113,0.0,0.8711113,0.8711113,0.0,,,,,,,,,,0.8711113,0.8711113,0.0,,,,0.8711113,0.98989236,0.11878109,0.8711113,0.8994743,0.028363049,0.8711113,0.85814774,-0.012963533,0.8711113,0.9286642,0.057552934,20
1,0,1,0,0,0,2,0,1,4,1.0,3.0,2.0,2.0,2.0,1.0,2.0,1.0,9.0,4.0,4.0,4.0,8.0,,,,0.96538126,0.9357358,-0.029645443,0.96538126,0.96538126,0.0,0.96538126,0.96538126,0.0,0.96538126,0.9600218,-0.005359471,0.96538126,0.9764672,0.0110859275,0.96538126,0.97759426,0.012212992,0.96538126,0.96538126,0.0,0.96538126,0.96538126,0.0,0.96538126,0.96886474,0.0034834743,0.96538126,0.95035,-0.015031278,0.96538126,0.98030967,0.0149284005,0.96538126,0.9363659,-0.029015362,2
3,0,0,0,0,1,7,0,0,3,3.0,4.0,2.0,4.0,3.0,0.0,4.0,3.0,10.0,5.0,5.0,5.0,10.0,0.64332795,0.7668056,0.12347764,0.64332795,0.42727622,-0.21605173,,,,,,,0.64332795,0.6767833,0.03345537,0.64332795,0.6158434,-0.027484536,0.64332795,0.71276176,0.06943381,0.64332795,0.64332795,0.0,0.64332795,0.64332795,0.0,,,,,,,,,,,,,15
6,1,0,0,5,4,9,3,0,0,2.0,4.0,3.0,2.0,2.0,0.0,4.0,3.0,10.0,4.0,4.0,4.0,9.0,0.33768678,0.6192712,0.28158444,0.33768678,0.6209203,0.28323352,0.33768678,0.33768678,0.0,0.33768678,0.33768678,0.0,0.33768678,0.57364905,0.23596227,0.33768678,0.2204293,-0.117257476,0.33768678,0.3568416,0.019154817,0.33768678,0.33768678,0.0,0.33768678,0.33768678,0.0,,,,,,,0.33768678,0.38426352,0.04657674,0.33768678,0.5556886,0.21800184,19
6,0,2,0,0,4,5,3,0,0,1.0,4.0,1.0,1.0,1.0,0.0,4.0,4.0,7.0,2.0,5.0,2.0,7.0,,,,0.9748337,0.981612,0.0067783,0.9748337,0.9748337,0.0,,,,,,,,,,,,,0.9748337,0.9748337,0.0,,,,,,,0.9748337,0.97180647,-0.0030272603,0.9748337,0.96329635,-0.011537373,0.9748337,0.9796674,0.0048336983,19
3,1,0,0,0,0,5,0,2,2,1.0,5.0,3.0,2.0,3.0,2.0,4.0,3.0,9.0,4.0,4.0,4.0,10.0,,,,,,,0.7400716,0.7400716,0.0,0.7400716,0.7400716,0.0,0.7400716,0.93137896,0.19130737,0.7400716,0.9120587,0.17198712,0.7400716,0.68707067,-0.053000927,0.7400716,0.7400716,0.0,0.7400716,0.7400716,0.0,0.7400716,0.7281082,-0.011963367,0.7400716,0.67456365,-0.06550795,0.7400716,0.6872231,-0.052848518,,,,1
4,1,3,0,2,1,1,1,0,0,1.0,5.0,3.0,1.0,1.0,0.0,3.0,3.0,9.0,5.0,4.0,3.0,8.0,,,,,,,,,,0.9038661,0.9038661,0.0,0.9038661,0.9492076,0.04534149,,,,,,,0.9038661,0.9038661,0.0,0.9038661,0.9038661,0.0,,,,0.9038661,0.82854736,-0.07531875,0.9038661,0.95045245,0.046586335,0.9038661,0.8264647,-0.0774014,6
2,1,0,0,0,0,1,0,0,3,3.0,3.0,3.0,2.0,2.0,7.0,3.0,3.0,7.0,4.0,3.0,4.0,8.0,0.48559067,0.8318571,0.34626642,0.48559067,0.8363063,0.3507156,0.48559067,0.48559067,0.0,0.48559067,0.48559067,0.0,0.48559067,0.58250767,0.096917,0.48559067,0.7659191,0.28032842,0.48559067,0.60279244,0.117201775,0.48559067,0.48559067,0.0,0.48559067,0.48559067,0.0,0.48559067,0.63237077,0.1467801,0.48559067,0.5349167,0.049326032,0.48559067,0.47384688,-0.011743784,0.48559067,0.56488425,0.07929358,17
5,0,2,0,0,0,8,1,0,5,1.0,3.0,2.0,3.0,4.0,6.0,3.0,3.0,8.0,3.0,4.0,5.0,7.0,,,,0.9535191,0.9529337,-0.0005853772,0.9535191,0.9535191,0.0,0.9535191,0.9535191,0.0,0.9535191,0.9406336,-0.012885511,0.9535191,0.95436,0.0008409023,0.9535191,0.940576,-0.012943089,0.9535191,0.9535191,0.0,0.9535191,0.9535191,0.0,0.9535191,0.97157615,0.018057048,0.9535191,0.97444975,0.020930648,,,,0.9535191,0.93567383,-0.017845273,23
6,1,0,0,0,4,6,3,0,0,1.0,5.0,3.0,2.0,2.0,3.0,4.0,3.0,8.0,4.0,4.0,3.0,5.0,,,,,,,0.89932656,0.89932656,0.0,0.89932656,0.89932656,0.0,0.89932656,0.9535491,0.054222524,0.89932656,0.78798485,-0.111341715,0.89932656,0.93610257,0.036776006,0.89932656,0.89932656,0.0,0.89932656,0.89932656,0.0,0.89932656,0.56988114,-0.32944542,0.89932656,0.910399,0.011072457,0.89932656,0.90446275,0.005136192,0.89932656,0.83100235,-0.06832421,19
2,0,0,0,0,0,7,0,2,4,2.0,4.0,2.0,2.0,2.0,3.0,3.0,3.0,7.0,4.0,4.0,4.0,7.0,0.97746176,0.97980267,0.0023409128,0.97746176,0.982312,0.0048502684,0.97746176,0.97746176,0.0,0.97746176,0.97746176,0.0,0.97746176,0.97364265,-0.003819108,0.97746176,0.99028873,0.012826979,0.97746176,0.9882317,0.010769963,0.97746176,0.97746176,0.0,0.97746176,0.97746176,0.0,0.97746176,0.8296571,-0.14780468,0.97746176,0.9655714,-0.011890352,0.97746176,0.96698415,-0.0104776025,0.97746176,0.98856574,0.011103988,2
1,0,0,0,0,0,2,0,0,3,2.0,3.0,2.0,3.0,2.0,2.0,4.0,3.0,9.0,4.0,4.0,4.0,9.0,0.90227836,0.9833906,0.081112266,0.90227836,0.93246084,0.03018248,0.90227836,0.90227836,0.0,0.90227836,0.90227836,0.0,0.90227836,0.91267675,0.010398388,0.90227836,0.9645706,0.06229222,0.90227836,0.91968757,0.017409205,0.90227836,0.90227836,0.0,0.90227836,0.90227836,0.0,0.90227836,0.6932999,-0.20897847,0.90227836,0.9070599,0.004781544,0.90227836,0.9443251,0.042046726,0.90227836,0.88684434,-0.015434027,17
4,0,0,0,0,1,1,3,0,7,2.0,5.0,3.0,3.0,2.0,3.0,3.0,4.0,7.0,3.0,3.0,3.0,10.0,0.69069237,0.9605729,0.26988053,,,,0.69069237,0.69069237,0.0,0.69069237,0.69069237,0.0,0.69069237,0.83782756,0.1471352,0.69069237,0.861844,0.17115164,0.69069237,0.74601746,0.05532509,0.69069237,0.69069237,0.0,,,,0.69069237,0.4494367,-0.24125567,0.69069237,0.7719681,0.08127576,0.69069237,0.71195424,0.02126187,,,,5
4,1,0,0,2,1,3,0,0,5,4.0,4.0,4.0,4.0,4.0,6.0,2.0,3.0,7.0,3.0,3.0,5.0,5.0,0.44571757,0.6536655,0.20794791,0.44571757,0.44100434,-0.0047132373,0.44571757,0.44571757,0.0,0.44571757,0.44571757,0.0,0.44571757,0.39416528,-0.051552296,0.44571757,0.4060456,-0.039671987,0.44571757,0.41943586,-0.026281714,0.44571757,0.44571757,0.0,0.44571757,0.44571757,0.0,0.44571757,0.4072502,-0.038467377,0.44571757,0.4626376,0.01692003,,,,0.44571757,0.34979072,-0.09592685,4
4,1,0,0,0,0,7,3,0,5,1.0,4.0,2.0,2.0,2.0,2.0,4.0,4.0,9.0,4.0,4.0,5.0,10.0,,,,0.97487473,0.9745984,-0.00027632713,0.97487473,0.97487473,0.0,0.97487473,0.97487473,0.0,0.97487473,0.9742706,-0.0006041527,0.97487473,0.9768163,0.0019415617,0.97487473,0.988166,0.01329124,0.97487473,0.97487473,0.0,,,,0.97487473,0.9331721,-0.041702628,0.97487473,0.9751025,0.00022774935,,,,,,,7
5,1,0,0,5,2,5,7,0,0,2.0,5.0,1.0,1.0,1.0,7.0,3.0,2.0,6.0,4.0,4.0,3.0,8.0,0.8763916,0.88040704,0.0040154457,,,,0.8763916,0.8763916,0.0,0.8763916,0.8763916,0.0,,,,,,,,,,0.8763916,0.8763916,0.0,0.8763916,0.8763916,0.0,0.8763916,0.93190604,0.055514455,0.8763916,0.8867603,0.010368705,0.8763916,0.8595492,-0.016842365,0.8763916,0.96345043,0.08705884,22
2,0,5,0,0,1,6,0,2,4,2.0,3.0,2.0,3.0,3.0,7.0,3.0,3.0,10.0,3.0,3.0,4.0,7.0,0.88094217,0.6980633,-0.18287885,0.88094217,0.8061512,-0.074790955,0.88094217,0.88094217,0.0,0.88094217,0.88094217,0.0,0.88094217,0.86957544,-0.011366725,0.88094217,0.919882,0.038939834,0.88094217,0.8781562,-0.0027859807,0.88094217,0.88094217,0.0,0.88094217,0.88094217,0.0,0.88094217,0.9568944,0.07595223,,,,0.88094217,0.94628114,0.06533897,0.88094217,0.89866287,0.0177207,2
1,1,0,0,0,0,2,0,0,3,1.0,4.0,4.0,3.0,4.0,5.0,2.0,2.0,5.0,3.0,4.0,3.0,6.0,,,,0.9935035,0.98623013,-0.007273376,0.9935035,0.9935035,0.0,0.9935035,0.9935035,0.0,0.9935035,0.98939836,-0.0041051507,0.9935035,0.9858106,-0.007692933,0.9935035,0.99442446,0.00092095137,0.9935035,0.9935035,0.0,0.9935035,0.9935035,0.0,0.9935035,0.99571085,0.0022073388,0.9935035,0.99142927,-0.0020742416,0.9935035,0.98830986,-0.0051936507,0.9935035,0.97385037,-0.019653141,10
4,0,0,0,0,0,2,3,0,5,3.0,3.0,4.0,2.0,4.0,2.0,2.0,2.0,6.0,3.0,3.0,4.0,4.0,0.88515407,0.98161066,0.09645659,0.88515407,0.9638121,0.078658044,0.88515407,0.88515407,0.0,0.88515407,0.88515407,0.0,0.88515407,0.9197192,0.03456515,0.88515407,0.9464628,0.06130874,0.88515407,0.8633377,-0.021816373,0.88515407,0.88515407,0.0,0.88515407,0.88515407,0.0,0.88515407,0.8461055,-0.039048553,0.88515407,0.87286144,-0.0122926235,0.88515407,0.84992033,-0.035233736,0.88515407,0.9012901,0.01613605,5
3,0,2,0,2,2,2,0,0,5,1.0,4.0,2.0,1.0,2.0,2.0,3.0,2.0,9.0,5.0,5.0,3.0,9.0,,,,0.8531712,0.8698972,0.016725957,,,,,,,0.8531712,0.8553064,0.0021351576,,,,0.8531712,0.74091136,-0.112259865,0.8531712,0.8531712,0.0,0.8531712,0.8531712,0.0,0.8531712,0.92918664,0.07601541,0.8531712,0.8584399,0.005268693,0.8531712,0.8538708,0.0006995797,0.8531712,0.87371415,0.02054292,4
1,1,0,0,0,1,2,6,2,2,1.0,5.0,2.0,3.0,3.0,5.0,3.0,3.0,7.0,5.0,5.0,3.0,8.0,,,,,,,,,,,,,0.96703845,0.9476885,-0.019349933,0.96703845,0.9713289,0.0042904615,0.96703845,0.98952395,0.022485495,0.96703845,0.96703845,0.0,0.96703845,0.96703845,0.0,0.96703845,0.97614735,0.009108901,0.96703845,0.9644212,-0.00261724,0.96703845,0.9466022,-0.020436227,0.96703845,0.96959037,0.0025519133,16
3,1,0,0,0,0,5,1,1,4,1.0,5.0,2.0,2.0,3.0,2.0,4.0,3.0,8.0,5.0,4.0,5.0,8.0,,,,,,,,,,0.99717426,0.99717426,0.0,0.99717426,0.9973815,0.00020724535,0.99717426,0.9981439,0.00096964836,0.99717426,0.9976821,0.0005078316,0.99717426,0.99717426,0.0,0.99717426,0.99717426,0.0,0.99717426,0.989622,-0.007552266,0.99717426,0.9945701,-0.0026041865,,,,0.99717426,0.9954678,-0.001706481,3
5,0,2,0,0,0,4,3,0,5,2.0,4.0,2.0,2.0,4.0,0.0,3.0,2.0,9.0,4.0,4.0,4.0,9.0,0.9428492,0.94373333,0.0008841157,0.9428492,0.9652016,0.022352397,0.9428492,0.9428492,0.0,0.9428492,0.9428492,0.0,0.9428492,0.9457301,0.0028808713,0.9428492,0.9662448,0.023395598,0.9428492,0.940102,-0.0027472377,0.9428492,0.9428492,0.0,0.9428492,0.9428492,0.0,,,,0.9428492,0.83129084,-0.11155838,0.9428492,0.9479748,0.005125582,0.9428492,0.95337486,0.010525644,7
3,1,4,0,0,0,7,4,0,5,2.0,3.0,1.0,2.0,2.0,0.0,4.0,3.0,10.0,4.0,4.0,3.0,9.0,0.43772203,0.2711721,-0.16654992,0.43772203,0.45009512,0.01237309,0.43772203,0.43772203,0.0,0.43772203,0.43772203,0.0,,,,0.43772203,0.63045645,0.19273442,0.43772203,0.6099815,0.17225945,0.43772203,0.43772203,0.0,0.43772203,0.43772203,0.0,,,,,,,0.43772203,0.42391825,-0.01380378,0.43772203,0.47914204,0.041420013,12
3,1,4,0,0,0,4,0,0,8,2.0,5.0,2.0,2.0,2.0,5.0,2.0,2.0,7.0,3.0,4.0,3.0,7.0,0.6923026,0.59567046,-0.09663212,,,,0.6923026,0.6923026,0.0,0.6923026,0.6923026,0.0,0.6923026,0.64570034,-0.04660225,0.6923026,0.7191333,0.026830733,0.6923026,0.70767695,0.0153743625,0.6923026,0.6923026,0.0,0.6923026,0.6923026,0.0,0.6923026,0.8242805,0.13197792,0.6923026,0.77234036,0.08003777,0.6923026,0.6631752,-0.02912736,0.6923026,0.5593898,-0.13291276,20
0,0,2,0,0,0,5,0,0,7,3.0,2.0,4.0,4.0,4.0,8.0,2.0,1.0,3.0,2.0,1.0,1.0,0.0,0.10881402,0.11886508,0.010051057,0.10881402,0.05072371,-0.058090314,0.10881402,0.10881402,0.0,0.10881402,0.10881402,0.0,0.10881402,0.09369181,-0.0151222125,0.10881402,0.12548105,0.01666703,0.10881402,0.15609169,0.047277667,0.10881402,0.10881402,0.0,0.10881402,0.10881402,0.0,0.10881402,0.62441295,0.51559895,0.10881402,0.0913168,-0.017497227,0.10881402,0.13833134,0.029517315,0.10881402,0.102151096,-0.0066629276,26
1,1,0,0,0,0,2,0,0,7,3.0,4.0,5.0,5.0,5.0,7.0,2.0,3.0,5.0,3.0,4.0,3.0,5.0,0.5345812,0.87923646,0.34465528,0.5345812,0.62917286,0.09459168,0.5345812,0.5345812,0.0,0.5345812,0.5345812,0.0,0.5345812,0.49643797,-0.038143218,0.5345812,0.5078124,-0.026768804,0.5345812,0.53779566,0.0032144785,0.5345812,0.5345812,0.0,0.5345812,0.5345812,0.0,0.5345812,0.38497788,-0.1496033,0.5345812,0.6228895,0.088308334,0.5345812,0.51428837,-0.020292819,0.5345812,0.4849467,-0.049634486,26
5,0,0,0,0,1,7,3,0,3,1.0,3.0,3.0,2.0,2.0,1.0,3.0,3.0,7.0,4.0,4.0,5.0,8.0,,,,0.88734055,0.9241071,0.03676653,0.88734055,0.88734055,0.0,0.88734055,0.88734055,0.0,0.88734055,0.9112129,0.023872375,0.88734055,0.9205681,0.033227563,0.88734055,0.96173483,0.074394286,0.88734055,0.88734055,0.0,0.88734055,0.88734055,0.0,0.88734055,0.9129227,0.025582135,0.88734055,0.96828353,0.08094299,,,,0.88734055,0.9672404,0.07989985,7
4,0,1,0,0,0,8,0,0,3,1.0,5.0,1.0,1.0,1.0,1.0,4.0,4.0,9.0,5.0,4.0,5.0,9.0,,,,,,,,,,0.99628544,0.99628544,0.0,,,,,,,,,,0.99628544,0.99628544,0.0,,,,0.99628544,0.9968087,0.0005232692,0.99628544,0.9972217,0.00093626976,,,,0.99628544,0.99593973,-0.00034570694,23
1,1,3,0,0,0,4,0,0,1,4.0,4.0,4.0,4.0,4.0,3.0,3.0,3.0,6.0,4.0,3.0,1.0,6.0,0.65719175,0.7609313,0.10373956,0.65719175,0.6650485,0.007856727,0.65719175,0.65719175,0.0,0.65719175,0.65719175,0.0,0.65719175,0.57926905,-0.0779227,0.65719175,0.7556292,0.09843743,0.65719175,0.65719175,0.0,0.65719175,0.65719175,0.0,0.65719175,0.65719175,0.0,0.65719175,0.8093963,0.15220457,0.65719175,0.81492335,0.1577316,0.65719175,0.66321987,0.0060281157,0.65719175,0.6902787,0.033086956,11
2,1,6,0,4,0,5,0,0,0,1.0,5.0,2.0,2.0,2.0,1.0,4.0,3.0,10.0,5.0,4.0,4.0,8.0,,,,,,,,,,0.8599438,0.8599438,0.0,0.8599438,0.86658496,0.0066411495,0.8599438,0.9008927,0.040948868,0.8599438,0.91171604,0.051772237,0.8599438,0.8599438,0.0,0.8599438,0.8599438,0.0,0.8599438,0.95230573,0.09236193,,,,0.8599438,0.74305534,-0.11688846,0.8599438,0.52358633,-0.33635747,20
2,0,2,0,0,2,6,0,0,0,2.0,5.0,2.0,3.0,2.0,1.0,3.0,3.0,9.0,3.0,4.0,4.0,8.0,0.9130099,0.9319673,0.018957436,,,,0.9130099,0.9130099,0.0,0.9130099,0.9130099,0.0,0.9130099,0.9021103,-0.010899603,0.9130099,0.94620776,0.03319788,0.9130099,0.90590304,-0.0071068406,0.9130099,0.9130099,0.0,0.9130099,0.9130099,0.0,0.9130099,0.9080871,-0.004922807,0.9130099,0.9135618,0.000551939,0.9130099,0.9146114,0.0016015172,0.9130099,0.79922324,-0.11378664,9
5,0,0,0,0,0,8,3,0,0,1.0,5.0,2.0,2.0,1.0,4.0,5.0,4.0,7.0,4.0,3.0,4.0,6.0,,,,,,,0.9771613,0.9771613,0.0,0.9771613,0.9771613,0.0,0.9771613,0.9739232,-0.003238082,0.9771613,0.9664978,-0.010663509,,,,,,,,,,0.9771613,0.9470687,-0.030092597,0.9771613,0.982382,0.005220711,0.9771613,0.9837585,0.006597221,0.9771613,0.98853534,0.011374056,7
6,1,0,0,2,4,3,3,0,3,2.0,3.0,1.0,1.0,2.0,3.0,5.0,4.0,7.0,4.0,4.0,2.0,9.0,0.1947103,0.68782467,0.49311435,0.1947103,0.24623336,0.05152306,0.1947103,0.1947103,0.0,0.1947103,0.1947103,0.0,,,,,,,0.1947103,0.2828782,0.08816789,,,,,,,0.1947103,0.16334404,-0.03136626,0.1947103,0.10826123,-0.08644907,0.1947103,0.1044287,-0.0902816,0.1947103,0.19239272,-0.0023175776,19
2,1,1,0,2,0,5,0,0,0,2.0,5.0,2.0,2.0,2.0,1.0,2.0,2.0,5.0,2.0,3.0,2.0,5.0,0.8600547,0.89427483,0.03422016,,,,0.8600547,0.8600547,0.0,0.8600547,0.8600547,0.0,0.8600547,0.8428618,-0.0171929,0.8600547,0.9582797,0.09822506,0.8600547,0.943227,0.08317232,0.8600547,0.8600547,0.0,0.8600547,0.8600547,0.0,0.8600547,0.85264343,-0.0074112415,0.8600547,0.9069534,0.046898723,0.8600547,0.84207153,-0.017983139,0.8600547,0.9449075,0.084852815,15
3,0,0,0,1,0,1,0,0,0,2.0,4.0,2.0,2.0,2.0,4.0,3.0,3.0,5.0,2.0,3.0,3.0,5.0,0.92718995,0.9604794,0.033289433,0.92718995,0.9634414,0.036251426,0.92718995,0.92718995,0.0,0.92718995,0.92718995,0.0,0.92718995,0.8769596,-0.050230324,0.92718995,0.97515386,0.047963917,0.92718995,0.8937423,-0.033447623,0.92718995,0.92718995,0.0,0.92718995,0.92718995,0.0,0.92718995,0.822203,-0.104986966,0.92718995,0.9581593,0.030969381,0.92718995,0.93898404,0.01179409,0.92718995,0.9502362,0.023046255,15
4,1,0,0,1,0,8,3,0,3,2.0,4.0,3.0,2.0,2.0,3.0,3.0,3.0,8.0,4.0,4.0,4.0,8.0,0.87830645,0.9172117,0.038905263,0.87830645,0.904914,0.026607573,0.87830645,0.87830645,0.0,0.87830645,0.87830645,0.0,0.87830645,0.8688582,-0.00944823,0.87830645,0.8401492,-0.038157225,0.87830645,0.9392337,0.06092727,0.87830645,0.87830645,0.0,0.87830645,0.87830645,0.0,0.87830645,0.857819,-0.020487428,0.87830645,0.9578053,0.07949883,0.87830645,0.8460459,-0.032260537,0.87830645,0.8685208,-0.009785652,7
3,0,0,0,1,0,3,0,2,4,2.0,3.0,4.0,3.0,3.0,6.0,3.0,3.0,6.0,4.0,4.0,4.0,5.0,0.8548923,0.87134784,0.016455531,0.8548923,0.8791954,0.024303079,0.8548923,0.8548923,0.0,0.8548923,0.8548923,0.0,0.8548923,0.7277233,-0.12716901,0.8548923,0.9094587,0.054566383,0.8548923,0.8792474,0.024355114,0.8548923,0.8548923,0.0,0.8548923,0.8548923,0.0,0.8548923,0.87625885,0.021366537,0.8548923,0.9133295,0.05843717,0.8548923,0.84179837,-0.013093948,0.8548923,0.7134845,-0.14140779,2
3,1,5,0,2,0,1,1,0,2,2.0,5.0,2.0,2.0,2.0,1.0,2.0,2.0,7.0,4.0,4.0,5.0,9.0,0.5345258,0.92391616,0.38939035,,,,0.5345258,0.5345258,0.0,0.5345258,0.5345258,0.0,0.5345258,0.5919073,0.05738151,0.5345258,0.6759083,0.14138252,0.5345258,0.56678575,0.03225994,0.5345258,0.5345258,0.0,0.5345258,0.5345258,0.0,0.5345258,0.7547371,0.22021127,0.5345258,0.7763023,0.24177647,,,,0.5345258,0.52055454,-0.013971269,6
2,0,2,0,0,1,4,0,1,4,1.0,1.0,1.0,1.0,1.0,5.0,5.0,4.0,8.0,5.0,5.0,2.0,9.0,,,,0.9462698,0.95247215,0.00620234,,,,,,,,,,,,,,,,,,,,,,0.9462698,0.9801354,0.03386557,0.9462698,0.91139174,-0.034878075,0.9462698,0.96552306,0.019253254,0.9462698,0.83006084,-0.11620897,0
2,1,1,0,0,0,4,1,2,4,2.0,4.0,2.0,2.0,2.0,7.0,3.0,3.0,8.0,3.0,3.0,3.0,8.0,0.96255654,0.94908917,-0.013467371,0.96255654,0.960257,-0.0022995472,0.96255654,0.96255654,0.0,0.96255654,0.96255654,0.0,0.96255654,0.9490455,-0.013511062,0.96255654,0.9790978,0.016541243,0.96255654,0.98261297,0.020056427,0.96255654,0.96255654,0.0,0.96255654,0.96255654,0.0,0.96255654,0.97829986,0.015743315,0.96255654,0.8844571,-0.07809943,0.96255654,0.9685301,0.0059735775,0.96255654,0.94743013,-0.015126407,3
2,1,0,0,1,0,8,5,1,4,2.0,5.0,3.0,1.0,2.0,6.0,4.0,2.0,6.0,3.0,3.0,3.0,8.0,0.8356634,0.65761393,-0.17804945,,,,0.8356634,0.8356634,0.0,0.8356634,0.8356634,0.0,0.8356634,0.9717006,0.13603723,,,,0.8356634,0.8986762,0.06301284,0.8356634,0.8356634,0.0,0.8356634,0.8356634,0.0,0.8356634,0.7904758,-0.045187593,0.8356634,0.72185355,-0.113809824,0.8356634,0.7264055,-0.10925788,0.8356634,0.8575276,0.021864235,1
3,1,1,0,0,0,3,1,2,4,2.0,4.0,3.0,3.0,2.0,0.0,3.0,3.0,8.0,5.0,4.0,2.0,8.0,0.93185115,0.9901058,0.05825466,0.93185115,0.930348,-0.0015031695,,,,0.93185115,0.93185115,0.0,0.93185115,0.9631676,0.03131646,0.93185115,0.94962853,0.017777383,0.93185115,0.9792183,0.047367156,0.93185115,0.93185115,0.0,0.93185115,0.93185115,0.0,,,,0.93185115,0.8080259,-0.12382525,0.93185115,0.94177336,0.009922206,0.93185115,0.9231918,-0.008659363,3
6,0,0,0,0,4,4,3,0,3,1.0,3.0,1.0,1.0,1.0,0.0,4.0,3.0,9.0,4.0,3.0,5.0,9.0,,,,0.54627717,0.60064995,0.054372787,0.54627717,0.54627717,0.0,0.54627717,0.54627717,0.0,,,,,,,,,,0.54627717,0.54627717,0.0,0.54627717,0.54627717,0.0,,,,0.54627717,0.6551274,0.10885024,,,,0.54627717,0.6794796,0.13320243,19
4,0,1,0,0,0,8,0,3,4,1.0,4.0,2.0,2.0,2.0,3.0,4.0,3.0,8.0,4.0,4.0,4.0,8.0,,,,0.99242544,0.9926495,0.00022405386,0.99242544,0.99242544,0.0,0.99242544,0.99242544,0.0,0.99242544,0.9925183,9.286404e-05,0.99242544,0.99549615,0.003070712,0.99242544,0.99514776,0.002722323,0.99242544,0.99242544,0.0,0.99242544,0.99242544,0.0,0.99242544,0.98856014,-0.0038653016,0.99242544,0.9937034,0.0012779832,0.99242544,0.9939541,0.0015286803,0.99242544,0.9952642,0.0028387308,2
0,1,4,0,0,0,5,0,0,1,1.0,5.0,1.0,4.0,2.0,6.0,3.0,3.0,6.0,5.0,4.0,1.0,7.0,,,,,,,,,,0.9725973,0.9725973,0.0,,,,0.9725973,0.96852195,-0.0040753484,0.9725973,0.9765936,0.0039963126,0.9725973,0.9725973,0.0,0.9725973,0.9725973,0.0,0.9725973,0.9840768,0.011479497,0.9725973,0.9839991,0.0114017725,0.9725973,0.9856209,0.013023615,0.9725973,0.95864964,-0.013947666,11
5,1,0,0,2,1,9,3,0,8,2.0,5.0,3.0,2.0,2.0,9.0,4.0,3.0,10.0,4.0,5.0,5.0,10.0,0.6988335,0.6010247,-0.09780884,,,,0.6988335,0.6988335,0.0,,,,0.6988335,0.6310535,-0.06778002,0.6988335,0.7095494,0.010715902,0.6988335,0.7330514,0.034217894,0.6988335,0.6988335,0.0,0.6988335,0.6988335,0.0,0.6988335,0.8088569,0.11002338,,,,,,,,,,22
4,1,0,0,3,2,5,1,0,3,3.0,3.0,2.0,3.0,4.0,3.0,3.0,3.0,7.0,3.0,3.0,3.0,5.0,0.50410104,0.9168974,0.41279638,0.50410104,0.6682348,0.16413379,0.50410104,0.50410104,0.0,0.50410104,0.50410104,0.0,0.50410104,0.491426,-0.012675047,0.50410104,0.23031873,-0.2737823,0.50410104,0.5211878,0.017086744,0.50410104,0.50410104,0.0,0.50410104,0.50410104,0.0,0.50410104,0.37634075,-0.12776029,0.50410104,0.38676554,-0.1173355,0.50410104,0.5124549,0.008353889,0.50410104,0.37598172,-0.12811932,4
2,0,0,0,0,0,2,0,1,4,1.0,2.0,2.0,1.0,2.0,7.0,3.0,3.0,2.0,4.0,4.0,3.0,3.0,,,,0.95960164,0.96168303,0.0020813942,0.95960164,0.95960164,0.0,0.95960164,0.95960164,0.0,0.95960164,0.93135333,-0.02824831,,,,0.95960164,0.9612922,0.0016905665,0.95960164,0.95960164,0.0,0.95960164,0.95960164,0.0,0.95960164,0.97802657,0.018424928,0.95960164,0.8691197,-0.09048194,0.95960164,0.96460754,0.005005896,0.95960164,0.9679598,0.0083581805,2
4,0,0,0,0,0,7,3,0,5,2.0,4.0,2.0,2.0,2.0,5.0,4.0,3.0,7.0,3.0,4.0,3.0,7.0,0.9694568,0.9794328,0.009976029,0.9694568,0.97474957,0.0052927732,0.9694568,0.9694568,0.0,0.9694568,0.9694568,0.0,0.9694568,0.9687265,-0.0007302761,0.9694568,0.9733141,0.0038573146,0.9694568,0.98233795,0.01288116,0.9694568,0.9694568,0.0,0.9694568,0.9694568,0.0,0.9694568,0.98817515,0.018718362,0.9694568,0.96993154,0.000474751,0.9694568,0.97818315,0.008726358,0.9694568,0.9700215,0.0005646944,7
1,1,1,0,0,0,3,0,0,0,4.0,5.0,2.0,3.0,3.0,2.0,3.0,3.0,7.0,4.0,4.0,5.0,8.0,0.81976783,0.86740816,0.047640324,,,,0.81976783,0.81976783,0.0,0.81976783,0.81976783,0.0,0.81976783,0.84179574,0.02202791,0.81976783,0.9513516,0.13158375,0.81976783,0.77064246,-0.049125373,0.81976783,0.81976783,0.0,0.81976783,0.81976783,0.0,0.81976783,0.6147039,-0.20506394,0.81976783,0.7719811,-0.047786713,,,,0.81976783,0.59555095,-0.22421688,20
0,0,0,0,2,3,9,6,1,7,1.0,3.0,3.0,2.0,1.0,6.0,5.0,4.0,9.0,4.0,4.0,4.0,7.0,,,,0.9831042,0.9840004,0.00089615583,0.9831042,0.9831042,0.0,0.9831042,0.9831042,0.0,0.9831042,0.9949825,0.011878252,0.9831042,0.9871181,0.004013896,,,,,,,,,,0.9831042,0.91207814,-0.07102609,0.9831042,0.98699445,0.0038902164,0.9831042,0.98653156,0.0034273267,0.9831042,0.98733795,0.004233718,21
5,0,0,0,0,0,3,3,0,8,2.0,3.0,2.0,1.0,1.0,3.0,5.0,3.0,7.0,4.0,4.0,5.0,9.0,0.97729445,0.99428433,0.016989887,0.97729445,0.976073,-0.0012214184,0.97729445,0.97729445,0.0,0.97729445,0.97729445,0.0,0.97729445,0.9740747,-0.0032197237,,,,,,,,,,0.97729445,0.97729445,0.0,0.97729445,0.9612053,-0.016089141,0.97729445,0.9615416,-0.015752852,,,,0.97729445,0.9682101,-0.009084344,7
1,0,0,0,0,0,6,0,0,3,1.0,2.0,4.0,3.0,4.0,1.0,2.0,3.0,7.0,4.0,5.0,4.0,5.0,,,,0.990593,0.99576604,0.0051730275,0.990593,0.990593,0.0,,,,0.990593,0.9882763,-0.0023167133,0.990593,0.9883284,-0.0022646189,0.990593,0.98842645,-0.0021665692,0.990593,0.990593,0.0,0.990593,0.990593,0.0,0.990593,0.99325424,0.0026612282,0.990593,0.99822766,0.0076346397,0.990593,0.9912915,0.00069850683,0.990593,0.97597015,-0.014622867,10
5,1,0,0,0,0,5,3,0,0,2.0,4.0,1.0,2.0,2.0,5.0,4.0,3.0,7.0,5.0,5.0,3.0,8.0,0.8801578,0.9441099,0.06395209,0.8801578,0.9135868,0.033428967,,,,,,,,,,0.8801578,0.8759508,-0.004207015,0.8801578,0.89072114,0.010563314,0.8801578,0.8801578,0.0,0.8801578,0.8801578,0.0,0.8801578,0.9367991,0.05664128,0.8801578,0.8164008,-0.063757,0.8801578,0.8415423,-0.038615525,0.8801578,0.9063297,0.026171863,5
2,1,0,0,0,0,5,0,2,4,2.0,4.0,2.0,2.0,3.0,7.0,2.0,3.0,2.0,4.0,4.0,2.0,8.0,0.94195867,0.8024985,-0.13946015,0.94195867,0.94440037,0.0024417043,0.94195867,0.94195867,0.0,0.94195867,0.94195867,0.0,0.94195867,0.9445219,0.0025632381,0.94195867,0.9744632,0.03250456,0.94195867,0.94656503,0.004606366,0.94195867,0.94195867,0.0,0.94195867,0.94195867,0.0,0.94195867,0.9457141,0.0037554502,0.94195867,0.8958205,-0.046138167,0.94195867,0.9515182,0.009559512,0.94195867,0.949229,0.007270336,3
2,1,2,0,0,0,2,0,2,4,1.0,3.0,1.0,1.0,1.0,6.0,4.0,2.0,7.0,2.0,2.0,2.0,9.0,,,,0.91992265,0.9689498,0.049027145,0.91992265,0.91992265,0.0,0.91992265,0.91992265,0.0,,,,,,,,,,0.91992265,0.91992265,0.0,0.91992265,0.91992265,0.0,0.91992265,0.9596584,0.039735734,0.91992265,0.8290225,-0.09090012,0.91992265,0.9116483,-0.008274376,0.91992265,0.79421127,-0.12571138,2
5,1,1,0,0,0,1,3,0,0,1.0,4.0,2.0,3.0,2.0,2.0,4.0,3.0,8.0,4.0,4.0,3.0,8.0,,,,0.9947259,0.9864531,-0.008272767,0.9947259,0.9947259,0.0,0.9947259,0.9947259,0.0,0.9947259,0.9945964,-0.00012946129,0.9947259,0.9968829,0.0021570325,0.9947259,0.99375904,-0.00096684694,0.9947259,0.9947259,0.0,0.9947259,0.9947259,0.0,0.9947259,0.99133,-0.0033958554,0.9947259,0.9974716,0.002745688,0.9947259,0.99116606,-0.0035598278,0.9947259,0.99603564,0.0013097525,5
2,0,0,0,0,0,7,0,2,4,1.0,5.0,1.0,1.0,1.0,3.0,4.0,3.0,8.0,4.0,4.0,4.0,8.0,,,,,,,0.99549305,0.99549305,0.0,0.99549305,0.99549305,0.0,,,,,,,,,,0.99549305,0.99549305,0.0,0.99549305,0.99549305,0.0,0.99549305,0.9954833,-9.775162e-06,0.99549305,0.9945269,-0.0009661317,0.99549305,0.99559575,0.0001026988,0.99549305,0.9976043,0.0021112561,2
2,0,1,0,0,0,3,0,0,3,1.0,4.0,2.0,1.0,1.0,3.0,4.0,3.0,8.0,4.0,5.0,4.0,7.0,,,,0.9952909,0.9930733,-0.0022175908,0.9952909,0.9952909,0.0,,,,0.9952909,0.9916293,-0.003661573,,,,,,,0.9952909,0.9952909,0.0,0.9952909,0.9952909,0.0,0.9952909,0.99650794,0.0012170672,0.9952909,0.99501497,-0.0002759099,0.9952909,0.9941644,-0.0011264682,0.9952909,0.9974106,0.00211972,10
3,0,1,0,0,1,2,0,2,4,1.0,2.0,2.0,2.0,2.0,5.0,3.0,3.0,5.0,4.0,3.0,3.0,8.0,,,,0.47697756,0.6556668,0.17868927,0.47697756,0.47697756,0.0,0.47697756,0.47697756,0.0,0.47697756,0.43057126,-0.0464063,0.47697756,0.63539433,0.15841678,0.47697756,0.51544124,0.038463682,0.47697756,0.47697756,0.0,0.47697756,0.47697756,0.0,0.47697756,0.87001175,0.3930342,0.47697756,0.6762146,0.19923702,0.47697756,0.3631045,-0.113873065,0.47697756,0.68044025,0.20346269,2
2,1,0,0,2,0,4,4,0,5,2.0,4.0,2.0,2.0,4.0,0.0,3.0,2.0,7.0,2.0,4.0,4.0,7.0,0.8433389,0.47009784,-0.37324107,0.8433389,0.86080444,0.017465532,0.8433389,0.8433389,0.0,0.8433389,0.8433389,0.0,0.8433389,0.8171198,-0.02621913,0.8433389,0.9130973,0.069758415,0.8433389,0.87834847,0.035009563,0.8433389,0.8433389,0.0,0.8433389,0.8433389,0.0,,,,0.8433389,0.7200417,-0.123297215,0.8433389,0.7558834,-0.08745551,0.8433389,0.90257883,0.059239924,12
1,1,1,0,0,0,6,0,0,7,1.0,2.0,4.0,1.0,5.0,3.0,3.0,2.0,4.0,4.0,5.0,2.0,6.0,,,,0.9768072,0.9749868,-0.0018203855,0.9768072,0.9768072,0.0,,,,0.9768072,0.97122484,-0.0055823326,,,,0.9768072,0.9676695,-0.00913769,0.9768072,0.9768072,0.0,0.9768072,0.9768072,0.0,0.9768072,0.99041826,0.013611078,0.9768072,0.9891741,0.0123669505,0.9768072,0.95739305,-0.019414127,0.9768072,0.9778621,0.0010549426,26
5,0,0,0,2,1,7,3,0,0,1.0,4.0,1.0,2.0,2.0,0.0,4.0,3.0,10.0,4.0,4.0,2.0,9.0,,,,0.95790625,0.9754606,0.017554343,0.95790625,0.95790625,0.0,0.95790625,0.95790625,0.0,,,,0.95790625,0.92614406,-0.031762183,0.95790625,0.977446,0.019539773,0.95790625,0.95790625,0.0,0.95790625,0.95790625,0.0,,,,,,,0.95790625,0.93534315,-0.0225631,0.95790625,0.9828022,0.024895966,22
1,1,5,0,0,1,1,0,1,4,2.0,5.0,2.0,2.0,3.0,4.0,4.0,3.0,6.0,4.0,4.0,1.0,3.0,0.22635303,0.56518424,0.3388312,,,,0.22635303,0.22635303,0.0,0.22635303,0.22635303,0.0,0.22635303,0.27188602,0.045532987,0.22635303,0.34740195,0.12104891,0.22635303,0.35381895,0.12746592,0.22635303,0.22635303,0.0,0.22635303,0.22635303,0.0,0.22635303,0.106674165,-0.11967887,0.22635303,0.45111957,0.22476654,0.22635303,0.30026424,0.073911205,0.22635303,0.52504164,0.2986886,1
4,1,2,0,0,1,4,1,0,3,1.0,3.0,3.0,3.0,3.0,2.0,4.0,3.0,9.0,4.0,4.0,3.0,5.0,,,,0.98414445,0.98170877,-0.0024356842,0.98414445,0.98414445,0.0,0.98414445,0.98414445,0.0,0.98414445,0.99143654,0.007292092,0.98414445,0.9346517,-0.049492776,0.98414445,0.9768267,-0.007317722,0.98414445,0.98414445,0.0,0.98414445,0.98414445,0.0,0.98414445,0.9801104,-0.0040340424,0.98414445,0.98578936,0.0016449094,0.98414445,0.98487943,0.0007349849,0.98414445,0.98596364,0.0018191934,12
1,0,0,0,0,0,8,0,0,0,3.0,3.0,4.0,4.0,4.0,6.0,5.0,3.0,7.0,4.0,4.0,3.0,5.0,0.5405227,0.9351843,0.3946616,0.5405227,0.6947344,0.1542117,0.5405227,0.5405227,0.0,0.5405227,0.5405227,0.0,0.5405227,0.512066,-0.028456688,0.5405227,0.573489,0.032966316,0.5405227,0.51685786,-0.023664832,,,,0.5405227,0.5405227,0.0,0.5405227,0.50646394,-0.03405875,0.5405227,0.35164127,-0.18888143,0.5405227,0.3595314,-0.18099129,0.5405227,0.6406499,0.10012722,17
0,1,5,0,0,3,3,6,0,8,2.0,4.0,3.0,3.0,3.0,6.0,5.0,4.0,5.0,5.0,5.0,2.0,6.0,0.84337384,0.9676118,0.124237955,0.84337384,0.8927284,0.049354553,,,,,,,0.84337384,0.8925258,0.049151957,0.84337384,0.7881774,-0.055196464,0.84337384,0.77937776,-0.06399608,,,,,,,0.84337384,0.78713715,-0.056236684,0.84337384,0.88496256,0.041588724,0.84337384,0.86949176,0.02611792,0.84337384,0.87379724,0.030423403,8
5,1,3,0,3,2,2,3,0,5,4.0,5.0,2.0,2.0,2.0,5.0,2.0,3.0,5.0,2.0,5.0,2.0,8.0,0.14916188,0.27830616,0.12914428,,,,0.14916188,0.14916188,0.0,,,,0.14916188,0.13539995,-0.013761923,0.14916188,0.2314345,0.08227262,0.14916188,0.18360372,0.034441844,0.14916188,0.14916188,0.0,0.14916188,0.14916188,0.0,0.14916188,0.19950303,0.05034116,0.14916188,0.31566983,0.16650796,0.14916188,0.112122834,-0.03703904,0.14916188,0.12784167,-0.021320209,22
2,0,1,0,0,0,5,0,0,0,1.0,3.0,3.0,2.0,2.0,3.0,3.0,3.0,9.0,5.0,5.0,4.0,9.0,,,,0.94010377,0.9203751,-0.01972866,,,,,,,0.94010377,0.973097,0.032993257,0.94010377,0.9574481,0.017344356,0.94010377,0.9418218,0.0017180443,0.94010377,0.94010377,0.0,0.94010377,0.94010377,0.0,0.94010377,0.9587044,0.018600643,0.94010377,0.9079035,-0.032200277,0.94010377,0.9604941,0.020390332,0.94010377,0.89962584,-0.04047793,20
4,0,0,0,0,0,5,1,0,0,2.0,4.0,2.0,3.0,2.0,5.0,3.0,4.0,5.0,5.0,4.0,1.0,9.0,0.8421467,0.88985556,0.04770887,0.8421467,0.9429779,0.10083121,,,,0.8421467,0.8421467,0.0,0.8421467,0.846165,0.0040183067,0.8421467,0.89601195,0.053865254,0.8421467,0.94716763,0.10502094,0.8421467,0.8421467,0.0,,,,0.8421467,0.9148462,0.07269949,0.8421467,0.9305012,0.08835453,0.8421467,0.84199286,-0.00015383959,0.8421467,0.7843459,-0.05780077,15
2,0,2,0,0,0,2,0,3,4,2.0,3.0,2.0,3.0,1.0,3.0,2.0,3.0,7.0,3.0,3.0,3.0,8.0,0.983526,0.994269,0.010743022,0.983526,0.99234927,0.008823276,0.983526,0.983526,0.0,0.983526,0.983526,0.0,0.983526,0.97727513,-0.0062508583,0.983526,0.98398167,0.0004556775,,,,0.983526,0.983526,0.0,0.983526,0.983526,0.0,0.983526,0.92300874,-0.06051725,0.983526,0.95310265,-0.030423343,0.983526,0.97747713,-0.006048858,0.983526,0.9905234,0.0069974065,2
4,0,3,0,0,0,4,0,0,5,2.0,4.0,2.0,2.0,2.0,2.0,4.0,4.0,8.0,4.0,3.0,3.0,7.0,0.9527425,0.9504595,-0.0022830367,0.9527425,0.9241499,-0.028592646,0.9527425,0.9527425,0.0,0.9527425,0.9527425,0.0,0.9527425,0.95441365,0.0016711354,0.9527425,0.9770213,0.02427876,0.9527425,0.97203505,0.019292533,0.9527425,0.9527425,0.0,,,,0.9527425,0.6542347,-0.2985078,0.9527425,0.96145266,0.008710146,0.9527425,0.96513444,0.012391925,0.9527425,0.86122066,-0.09152186,23
4,1,0,0,1,0,2,7,0,0,3.0,3.0,2.0,2.0,3.0,5.0,4.0,3.0,5.0,2.0,2.0,2.0,5.0,0.83843935,0.9038223,0.06538296,0.83843935,0.92884403,0.09040469,0.83843935,0.83843935,0.0,0.83843935,0.83843935,0.0,0.83843935,0.83843935,0.0,0.83843935,0.9158574,0.07741803,0.83843935,0.7892062,-0.04923314,0.83843935,0.83843935,0.0,0.83843935,0.83843935,0.0,0.83843935,0.93724406,0.09880471,0.83843935,0.82407546,-0.014363885,0.83843935,0.9296242,0.091184855,0.83843935,0.87168205,0.033242702,14
3,0,0,0,0,0,2,0,2,4,2.0,2.0,2.0,2.0,2.0,0.0,4.0,3.0,8.0,4.0,4.0,4.0,8.0,0.09006657,0.743065,0.65299845,0.09006657,0.5269438,0.43687725,0.09006657,0.09006657,0.0,0.09006657,0.09006657,0.0,0.09006657,0.09313031,0.0030637458,0.09006657,0.14251874,0.052452177,0.09006657,0.093759485,0.0036929175,0.09006657,0.09006657,0.0,0.09006657,0.09006657,0.0,,,,0.09006657,0.46205497,0.37198842,0.09006657,0.34466726,0.2546007,0.09006657,0.32270285,0.23263629,2
4,1,0,0,0,0,8,5,0,1,2.0,5.0,1.0,1.0,1.0,8.0,3.0,4.0,4.0,1.0,5.0,3.0,1.0,0.53815484,0.8305614,0.29240656,,,,0.53815484,0.53815484,0.0,,,,,,,,,,,,,0.53815484,0.53815484,0.0,,,,0.53815484,0.5296529,-0.008501947,0.53815484,0.42834863,-0.10980621,0.53815484,0.32640392,-0.21175092,0.53815484,0.7958955,0.25774068,14
4,0,0,0,1,0,4,7,0,3,3.0,4.0,3.0,3.0,3.0,2.0,3.0,2.0,8.0,3.0,4.0,4.0,10.0,0.5629668,0.8863283,0.32336146,0.5629668,0.49577013,-0.0671967,0.5629668,0.5629668,0.0,0.5629668,0.5629668,0.0,0.5629668,0.70605606,0.14308923,0.5629668,0.86541504,0.3024482,0.5629668,0.39350566,-0.16946116,0.5629668,0.5629668,0.0,0.5629668,0.5629668,0.0,0.5629668,0.6850501,0.12208325,0.5629668,0.6917678,0.12880099,0.5629668,0.50479364,-0.05817318,,,,15
4,0,2,0,4,2,3,0,0,6,2.0,3.0,3.0,2.0,3.0,4.0,1.0,1.0,4.0,3.0,3.0,3.0,5.0,0.08796014,0.36117876,0.27321863,0.08796014,0.1139621,0.02600196,0.08796014,0.08796014,0.0,0.08796014,0.08796014,0.0,0.08796014,0.07905708,-0.008903056,0.08796014,0.11065199,0.022691853,0.08796014,0.14271724,0.054757103,0.08796014,0.08796014,0.0,0.08796014,0.08796014,0.0,0.08796014,0.05829044,-0.029669698,0.08796014,0.07241745,-0.015542686,0.08796014,0.11448309,0.02652295,0.08796014,0.048986915,-0.038973223,4
0,1,2,0,1,3,2,6,2,7,3.0,4.0,2.0,2.0,2.0,3.0,3.0,3.0,8.0,4.0,4.0,4.0,8.0,0.3914107,0.54580665,0.15439594,0.3914107,0.42322636,0.031815648,0.3914107,0.3914107,0.0,0.3914107,0.3914107,0.0,0.3914107,0.23876084,-0.15264986,0.3914107,0.562984,0.17157328,0.3914107,0.381145,-0.010265708,0.3914107,0.3914107,0.0,0.3914107,0.3914107,0.0,0.3914107,0.13292354,-0.25848716,0.3914107,0.5790966,0.1876859,0.3914107,0.39131105,-9.9658966e-05,0.3914107,0.2666073,-0.124803394,21
1,0,0,0,0,1,7,0,0,8,2.0,2.0,2.0,2.0,2.0,5.0,3.0,3.0,9.0,4.0,4.0,4.0,8.0,0.9001498,0.95996743,0.059817612,0.9001498,0.9310624,0.030912578,0.9001498,0.9001498,0.0,0.9001498,0.9001498,0.0,0.9001498,0.876164,-0.023985803,0.9001498,0.96539104,0.06524122,0.9001498,0.90495235,0.004802525,0.9001498,0.9001498,0.0,0.9001498,0.9001498,0.0,0.9001498,0.9638563,0.06370646,0.9001498,0.9138239,0.01367408,0.9001498,0.900105,-4.4822693e-05,0.9001498,0.8795511,-0.02059871,26
0,1,0,0,0,0,3,0,0,0,1.0,3.0,5.0,2.0,3.0,8.0,3.0,4.0,9.0,5.0,5.0,4.0,9.0,,,,0.85598415,0.8689152,0.012931049,,,,,,,0.85598415,0.89641726,0.04043311,0.85598415,0.8496412,-0.0063429475,0.85598415,0.8890737,0.03308958,0.85598415,0.85598415,0.0,,,,0.85598415,0.83921754,-0.016766608,0.85598415,0.81690013,-0.039084017,0.85598415,0.92554516,0.069561005,0.85598415,0.8649149,0.008930743,11
2,1,3,0,1,3,2,1,3,2,3.0,5.0,3.0,3.0,3.0,4.0,1.0,1.0,2.0,4.0,3.0,4.0,5.0,0.21427615,0.52625495,0.31197882,,,,0.21427615,0.21427615,0.0,0.21427615,0.21427615,0.0,0.21427615,0.08062567,-0.13365048,0.21427615,0.68831736,0.47404122,0.21427615,0.19508316,-0.019192994,0.21427615,0.21427615,0.0,0.21427615,0.21427615,0.0,0.21427615,0.23314196,0.018865809,0.21427615,0.1501586,-0.06411755,0.21427615,0.172451,-0.041825145,0.21427615,0.25647148,0.042195335,16
2,1,1,0,0,0,5,0,0,3,2.0,5.0,2.0,2.0,2.0,7.0,4.0,3.0,9.0,4.0,2.0,4.0,9.0,0.9068725,0.95633805,0.049465537,,,,0.9068725,0.9068725,0.0,0.9068725,0.9068725,0.0,0.9068725,0.90479267,-0.0020798445,0.9068725,0.947104,0.040231466,0.9068725,0.9438859,0.03701341,0.9068725,0.9068725,0.0,0.9068725,0.9068725,0.0,0.9068725,0.98347396,0.076601446,0.9068725,0.9065518,-0.0003207326,0.9068725,0.8517371,-0.05513543,0.9068725,0.8984409,-0.008431613,20
3,1,3,0,0,0,5,0,0,0,1.0,4.0,1.0,3.0,1.0,7.0,5.0,4.0,8.0,3.0,5.0,3.0,10.0,,,,0.91798633,0.805862,-0.112124324,0.91798633,0.91798633,0.0,,,,,,,0.91798633,0.90600914,-0.011977196,,,,,,,,,,0.91798633,0.915043,-0.002943337,0.91798633,0.73499805,-0.18298829,0.91798633,0.9096384,-0.0083479285,,,,6
4,1,1,0,2,1,4,0,0,1,2.0,5.0,2.0,2.0,2.0,1.0,4.0,2.0,7.0,3.0,3.0,1.0,4.0,0.7060873,0.9233893,0.21730202,,,,0.7060873,0.7060873,0.0,0.7060873,0.7060873,0.0,0.7060873,0.67968285,-0.02640444,0.7060873,0.88020843,0.17412114,0.7060873,0.85596573,0.14987844,0.7060873,0.7060873,0.0,0.7060873,0.7060873,0.0,0.7060873,0.7415929,0.035505593,0.7060873,0.5959203,-0.11016697,0.7060873,0.79870695,0.09261966,0.7060873,0.83642703,0.13033974,9
2,0,2,0,0,1,1,7,3,4,1.0,3.0,1.0,2.0,2.0,0.0,3.0,4.0,8.0,4.0,5.0,5.0,7.0,,,,0.9131101,0.91313523,2.515316e-05,0.9131101,0.9131101,0.0,,,,,,,0.9131101,0.9245158,0.011405706,0.9131101,0.9518224,0.038712323,0.9131101,0.9131101,0.0,,,,,,,0.9131101,0.90139526,-0.011714816,,,,0.9131101,0.8448187,-0.068291366,0
3,0,2,0,0,1,3,0,0,6,2.0,4.0,2.0,4.0,2.0,0.0,3.0,2.0,9.0,4.0,4.0,4.0,8.0,0.99040496,0.9971167,0.0067117214,0.99040496,0.9859644,-0.004440546,0.99040496,0.99040496,0.0,0.99040496,0.99040496,0.0,0.99040496,0.9839346,-0.006470382,0.99040496,0.9815429,-0.008862078,0.99040496,0.9941076,0.0037026405,0.99040496,0.99040496,0.0,0.99040496,0.99040496,0.0,,,,0.99040496,0.98212254,-0.008282423,0.99040496,0.9898419,-0.0005630851,0.99040496,0.9860136,-0.004391372,23
4,1,0,0,0,0,7,0,1,4,1.0,4.0,2.0,2.0,2.0,7.0,4.0,3.0,7.0,4.0,4.0,4.0,8.0,,,,0.7892417,0.81452656,0.025284886,0.7892417,0.7892417,0.0,0.7892417,0.7892417,0.0,0.7892417,0.76574725,-0.023494422,0.7892417,0.8683799,0.07913822,0.7892417,0.85115445,0.061912775,0.7892417,0.7892417,0.0,0.7892417,0.7892417,0.0,0.7892417,0.97504616,0.18580449,0.7892417,0.81797004,0.028728366,0.7892417,0.87404007,0.084798396,0.7892417,0.855606,0.06636435,2
6,0,2,0,1,4,2,3,0,0,1.0,5.0,1.0,1.0,2.0,0.0,3.0,3.0,10.0,4.0,5.0,3.0,10.0,,,,,,,0.8653295,0.8653295,0.0,,,,,,,,,,0.8653295,0.9131555,0.047825992,0.8653295,0.8653295,0.0,0.8653295,0.8653295,0.0,,,,,,,0.8653295,0.8402832,-0.025046289,,,,19
1,0,0,0,0,0,5,0,0,0,1.0,5.0,2.0,1.0,2.0,3.0,3.0,3.0,8.0,4.0,3.0,3.0,8.0,,,,,,,0.9958157,0.9958157,0.0,0.9958157,0.9958157,0.0,0.9958157,0.9925476,-0.0032681227,,,,0.9958157,0.99730706,0.0014913678,0.9958157,0.9958157,0.0,0.9958157,0.9958157,0.0,0.9958157,0.99226224,-0.00355345,0.9958157,0.98248106,-0.013334632,0.9958157,0.99673295,0.0009172559,0.9958157,0.9976865,0.001870811,10
5,1,0,0,1,0,5,3,0,3,3.0,3.0,2.0,2.0,2.0,4.0,4.0,3.0,7.0,3.0,4.0,3.0,7.0,0.3512517,0.79058635,0.43933466,0.3512517,0.6992564,0.34800473,0.3512517,0.3512517,0.0,0.3512517,0.3512517,0.0,0.3512517,0.3512517,0.0,0.3512517,0.56866693,0.21741524,0.3512517,0.36546144,0.014209747,0.3512517,0.3512517,0.0,0.3512517,0.3512517,0.0,0.3512517,0.2516202,-0.09963149,0.3512517,0.4878324,0.1365807,0.3512517,0.3407581,-0.010493606,0.3512517,0.35046524,-0.0007864535,7
1,0,2,0,0,0,3,0,0,3,2.0,3.0,2.0,2.0,2.0,4.0,4.0,3.0,7.0,4.0,4.0,2.0,9.0,0.902735,0.9875185,0.084783494,0.902735,0.9396977,0.036962688,0.902735,0.902735,0.0,0.902735,0.902735,0.0,0.902735,0.9191542,0.016419232,0.902735,0.9366611,0.03392613,0.902735,0.9321879,0.02945292,0.902735,0.902735,0.0,0.902735,0.902735,0.0,0.902735,0.5877188,-0.3150162,0.902735,0.8379433,-0.06479168,0.902735,0.9193527,0.016617715,0.902735,0.84293693,-0.05979806,17
1,0,5,0,2,2,1,0,0,7,2.0,3.0,2.0,2.0,2.0,7.0,2.0,1.0,7.0,5.0,4.0,3.0,7.0,0.6658802,0.7936672,0.127787,0.6658802,0.66169935,-0.0041808486,,,,0.6658802,0.6658802,0.0,0.6658802,0.6403229,-0.02555728,0.6658802,0.7612033,0.095323086,0.6658802,0.5914832,-0.07439703,0.6658802,0.6658802,0.0,0.6658802,0.6658802,0.0,0.6658802,0.59095913,-0.07492107,0.6658802,0.58698285,-0.07889736,0.6658802,0.54989403,-0.11598617,0.6658802,0.5886075,-0.07727271,25
3,1,2,0,0,1,3,0,0,0,3.0,4.0,2.0,2.0,4.0,6.0,3.0,3.0,9.0,4.0,4.0,3.0,8.0,0.20057079,0.2708754,0.0703046,0.20057079,0.20082258,0.00025178492,0.20057079,0.20057079,0.0,0.20057079,0.20057079,0.0,0.20057079,0.18160759,-0.018963203,0.20057079,0.15897593,-0.041594863,0.20057079,0.20057079,0.0,0.20057079,0.20057079,0.0,0.20057079,0.20057079,0.0,0.20057079,0.45763397,0.25706318,0.20057079,0.18422069,-0.016350105,0.20057079,0.25983155,0.059260756,0.20057079,0.10556847,-0.09500232,6
3,0,2,0,0,0,3,1,2,4,2.0,5.0,2.0,3.0,2.0,1.0,4.0,3.0,5.0,3.0,4.0,4.0,5.0,0.7593161,0.9629877,0.20367163,,,,0.7593161,0.7593161,0.0,0.7593161,0.7593161,0.0,0.7593161,0.77048886,0.011172771,0.7593161,0.80162394,0.042307854,0.7593161,0.75560343,-0.003712654,0.7593161,0.7593161,0.0,0.7593161,0.7593161,0.0,0.7593161,0.6806279,-0.078688204,0.7593161,0.9333392,0.17402309,0.7593161,0.6730825,-0.086233616,0.7593161,0.5174018,-0.24191427,2
0,2,0,0,0,0,5,0,0,7,3.0,4.0,2.0,3.0,3.0,3.0,3.0,3.0,7.0,3.0,4.0,2.0,5.0,0.7330562,0.8828623,0.14980614,0.7330562,0.7331379,8.171797e-05,0.7330562,0.7330562,0.0,0.7330562,0.7330562,0.0,0.7330562,0.72767836,-0.005377829,0.7330562,0.8221779,0.0891217,0.7330562,0.82218057,0.08912438,0.7330562,0.7330562,0.0,0.7330562,0.7330562,0.0,0.7330562,0.4607423,-0.2723139,0.7330562,0.49926436,-0.23379183,0.7330562,0.6852286,-0.0478276,0.7330562,0.6590503,-0.0740059,26
0,0,6,0,2,3,2,6,3,4,2.0,3.0,1.0,1.0,1.0,5.0,3.0,3.0,9.0,5.0,5.0,4.0,5.0,0.70208544,0.36747488,-0.33461055,0.70208544,0.63288194,-0.069203496,,,,,,,,,,,,,,,,0.70208544,0.70208544,0.0,0.70208544,0.70208544,0.0,0.70208544,0.72600967,0.023924232,0.70208544,0.57113963,-0.1309458,0.70208544,0.67228866,-0.02979678,0.70208544,0.61566067,-0.08642477,21
2,1,1,0,0,0,3,0,0,0,1.0,3.0,1.0,1.0,3.0,4.0,3.0,3.0,3.0,4.0,5.0,2.0,5.0,,,,0.99162346,0.99029374,-0.00132972,0.99162346,0.99162346,0.0,,,,,,,,,,0.99162346,0.99265033,0.0010268688,0.99162346,0.99162346,0.0,0.99162346,0.99162346,0.0,0.99162346,0.9939663,0.0023428202,0.99162346,0.98705566,-0.004567802,0.99162346,0.9903217,-0.0013017654,0.99162346,0.993648,0.0020245314,20
0,1,1,0,0,0,2,0,0,7,3.0,4.0,2.0,2.0,5.0,8.0,3.0,4.0,0.0,4.0,2.0,4.0,10.0,0.4921097,0.6481745,0.15606484,0.4921097,0.4216084,-0.0705013,0.4921097,0.4921097,0.0,0.4921097,0.4921097,0.0,0.4921097,0.5224368,0.030327111,0.4921097,0.6594462,0.1673365,0.4921097,0.46696502,-0.025144666,0.4921097,0.4921097,0.0,,,,0.4921097,0.7386826,0.24657294,0.4921097,0.65250254,0.16039285,0.4921097,0.34103587,-0.15107381,,,,26
4,0,0,0,0,0,8,0,0,1,4.0,5.0,4.0,4.0,2.0,1.0,5.0,4.0,8.0,4.0,4.0,3.0,9.0,0.3537726,0.3260721,-0.027700514,,,,0.3537726,0.3537726,0.0,0.3537726,0.3537726,0.0,0.3537726,0.59243554,0.23866293,0.3537726,0.34546435,-0.008308262,0.3537726,0.55305725,0.19928464,,,,,,,0.3537726,0.19611926,-0.15765335,0.3537726,0.61659116,0.26281855,0.3537726,0.5488513,0.1950787,0.3537726,0.38592777,0.032155156,15
2,1,1,0,0,0,6,0,2,4,2.0,4.0,2.0,2.0,2.0,0.0,3.0,3.0,10.0,5.0,5.0,5.0,9.0,0.842801,0.9257959,0.08299494,0.842801,0.83965343,-0.0031475425,,,,,,,0.842801,0.847727,0.004926026,0.842801,0.8889469,0.046145916,0.842801,0.9190335,0.07623255,0.842801,0.842801,0.0,0.842801,0.842801,0.0,,,,,,,,,,0.842801,0.7938066,-0.048994362,3
3,1,2,0,0,0,8,0,0,0,1.0,5.0,1.0,3.0,1.0,0.0,4.0,3.0,10.0,5.0,4.0,5.0,7.0,,,,,,,,,,0.9786986,0.9786986,0.0,,,,0.9786986,0.9747096,-0.003989041,,,,0.9786986,0.9786986,0.0,0.9786986,0.9786986,0.0,,,,,,,,,,0.9786986,0.9333119,-0.04538673,20
4,1,0,0,2,1,8,3,0,0,3.0,3.0,1.0,1.0,1.0,0.0,3.0,3.0,10.0,5.0,5.0,5.0,10.0,0.98224247,0.95307523,-0.029167235,0.98224247,0.9365114,-0.045731068,,,,,,,,,,,,,,,,0.98224247,0.98224247,0.0,0.98224247,0.98224247,0.0,,,,,,,,,,,,,22
5,0,0,0,0,0,4,0,0,5,2.0,3.0,1.0,2.0,1.0,2.0,4.0,3.0,9.0,4.0,4.0,4.0,9.0,0.9850994,0.99539316,0.010293782,0.9850994,0.9899856,0.00488621,0.9850994,0.9850994,0.0,0.9850994,0.9850994,0.0,,,,0.9850994,0.99244726,0.007347882,,,,0.9850994,0.9850994,0.0,0.9850994,0.9850994,0.0,0.9850994,0.9499372,-0.03516215,0.9850994,0.9642342,-0.020865202,0.9850994,0.9926484,0.0075490475,0.9850994,0.98103744,-0.0040619373,23
4,0,0,0,0,0,3,3,0,3,1.0,5.0,2.0,2.0,2.0,0.0,3.0,2.0,9.0,4.0,4.0,4.0,7.0,,,,,,,0.92128664,0.92128664,0.0,0.92128664,0.92128664,0.0,0.92128664,0.87886727,-0.042419374,0.92128664,0.87233263,-0.04895401,0.92128664,0.95432615,0.03303951,0.92128664,0.92128664,0.0,0.92128664,0.92128664,0.0,,,,0.92128664,0.90310216,-0.018184483,0.92128664,0.9201191,-0.0011675358,0.92128664,0.9444298,0.023143172,7
1,1,1,0,0,2,3,2,2,4,1.0,2.0,2.0,1.0,2.0,7.0,3.0,3.0,2.0,4.0,3.0,4.0,6.0,,,,0.9089493,0.8803377,-0.0286116,0.9089493,0.9089493,0.0,0.9089493,0.9089493,0.0,0.9089493,0.8900405,-0.018908799,,,,0.9089493,0.94084257,0.031893253,0.9089493,0.9089493,0.0,0.9089493,0.9089493,0.0,0.9089493,0.9419169,0.032967567,0.9089493,0.7794508,-0.12949854,0.9089493,0.91934794,0.010398626,0.9089493,0.93948025,0.03053093,16
4,1,2,0,0,0,8,0,1,4,2.0,4.0,4.0,3.0,4.0,1.0,3.0,3.0,10.0,4.0,4.0,4.0,8.0,0.86941904,0.9475258,0.07810676,0.86941904,0.84525985,-0.024159193,0.86941904,0.86941904,0.0,0.86941904,0.86941904,0.0,0.86941904,0.83230674,-0.037112296,0.86941904,0.74090236,-0.12851667,0.86941904,0.8219196,-0.04749942,0.86941904,0.86941904,0.0,0.86941904,0.86941904,0.0,0.86941904,0.8770446,0.00762558,,,,0.86941904,0.89997584,0.030556798,0.86941904,0.7697036,-0.09971541,2
1,1,1,0,0,0,5,1,1,4,1.0,5.0,2.0,2.0,2.0,6.0,4.0,3.0,7.0,5.0,5.0,2.0,10.0,,,,,,,,,,,,,0.8959259,0.86290663,-0.033019245,0.8959259,0.9509512,0.05502534,0.8959259,0.9445597,0.048633814,0.8959259,0.8959259,0.0,0.8959259,0.8959259,0.0,0.8959259,0.9741814,0.078255534,0.8959259,0.8939183,-0.0020076036,0.8959259,0.87079686,-0.02512902,,,,3
5,1,0,0,0,0,8,3,0,0,1.0,5.0,2.0,2.0,1.0,5.0,3.0,3.0,8.0,4.0,4.0,4.0,8.0,,,,,,,0.9097011,0.9097011,0.0,0.9097011,0.9097011,0.0,0.9097011,0.8591491,-0.05055201,0.9097011,0.82896006,-0.08074105,,,,0.9097011,0.9097011,0.0,0.9097011,0.9097011,0.0,0.9097011,0.9707343,0.06103319,0.9097011,0.9182793,0.008578181,0.9097011,0.92630553,0.016604424,0.9097011,0.9640322,0.054331064,7
2,0,6,0,0,0,3,0,0,3,2.0,4.0,4.0,2.0,2.0,2.0,3.0,2.0,7.0,4.0,3.0,4.0,6.0,0.9861813,0.9744664,-0.011714935,0.9861813,0.9857738,-0.00040751696,0.9861813,0.9861813,0.0,0.9861813,0.9861813,0.0,0.9861813,0.9773261,-0.008855224,0.9861813,0.9961992,0.010017872,0.9861813,0.9906957,0.004514396,0.9861813,0.9861813,0.0,0.9861813,0.9861813,0.0,0.9861813,0.96471035,-0.021470964,0.9861813,0.9759346,-0.010246694,0.9861813,0.9761288,-0.010052502,0.9861813,0.96461153,-0.021569788,17
3,0,0,0,0,0,4,0,0,3,1.0,4.0,2.0,2.0,1.0,0.0,3.0,3.0,10.0,4.0,4.0,3.0,10.0,,,,0.9196487,0.9676279,0.047979176,0.9196487,0.9196487,0.0,0.9196487,0.9196487,0.0,0.9196487,0.94643205,0.026783347,0.9196487,0.9486188,0.028970122,,,,0.9196487,0.9196487,0.0,0.9196487,0.9196487,0.0,,,,,,,0.9196487,0.91896206,-0.0006866455,,,,15
1,0,0,0,0,0,2,0,0,0,1.0,4.0,2.0,2.0,3.0,6.0,2.0,2.0,6.0,4.0,3.0,1.0,6.0,,,,0.96272105,0.9834169,0.020695865,0.96272105,0.96272105,0.0,0.96272105,0.96272105,0.0,0.96272105,0.9603183,-0.0024027228,0.96272105,0.9842554,0.021534324,0.96272105,0.9746651,0.011944056,0.96272105,0.96272105,0.0,0.96272105,0.96272105,0.0,0.96272105,0.98640114,0.02368009,0.96272105,0.9773587,0.014637649,0.96272105,0.96446455,0.0017434955,0.96272105,0.9591845,-0.0035365224,10
4,0,1,0,1,1,7,0,2,4,2.0,5.0,1.0,1.0,1.0,5.0,3.0,3.0,5.0,3.0,4.0,3.0,5.0,0.80873877,0.49990514,-0.30883363,,,,0.80873877,0.80873877,0.0,0.80873877,0.80873877,0.0,,,,,,,,,,0.80873877,0.80873877,0.0,0.80873877,0.80873877,0.0,0.80873877,0.9382375,0.12949872,0.80873877,0.8429316,0.03419286,0.80873877,0.85271055,0.043971777,0.80873877,0.77746,-0.03127879,0
3,0,0,0,2,0,2,2,0,0,1.0,2.0,1.0,1.0,1.0,6.0,5.0,4.0,7.0,1.0,5.0,1.0,6.0,,,,0.95905507,0.9716799,0.01262486,0.95905507,0.95905507,0.0,,,,,,,,,,,,,,,,,,,0.95905507,0.9492802,-0.009774864,0.95905507,0.9649405,0.005885422,0.95905507,0.9537577,-0.005297363,0.95905507,0.9656961,0.0066410303,14
2,0,0,0,0,0,7,0,2,4,2.0,4.0,4.0,4.0,4.0,6.0,2.0,2.0,6.0,2.0,3.0,4.0,7.0,0.9258797,0.91306627,-0.012813449,0.9258797,0.95889586,0.033016145,0.9258797,0.9258797,0.0,0.9258797,0.9258797,0.0,0.9258797,0.8430255,-0.08285421,0.9258797,0.93040985,0.004530132,0.9258797,0.94703436,0.021154642,0.9258797,0.9258797,0.0,0.9258797,0.9258797,0.0,0.9258797,0.9570283,0.031148612,0.9258797,0.95144707,0.025567353,0.9258797,0.9030268,-0.022852898,0.9258797,0.9703317,0.04445201,2
4,0,0,0,4,1,5,0,0,5,3.0,4.0,2.0,2.0,3.0,5.0,3.0,3.0,8.0,4.0,3.0,3.0,8.0,0.603546,0.81758505,0.21403903,0.603546,0.537113,-0.06643301,0.603546,0.603546,0.0,0.603546,0.603546,0.0,0.603546,0.5762549,-0.02729112,0.603546,0.8684109,0.26486486,0.603546,0.4889737,-0.11457232,0.603546,0.603546,0.0,0.603546,0.603546,0.0,0.603546,0.53262776,-0.07091826,0.603546,0.3850777,-0.21846834,0.603546,0.57840216,-0.025143862,0.603546,0.7601278,0.15658176,4
2,0,2,0,0,2,5,2,2,4,1.0,4.0,1.0,1.0,1.0,6.0,4.0,3.0,6.0,3.0,3.0,1.0,6.0,,,,0.856983,0.8845788,0.027595818,0.856983,0.856983,0.0,0.856983,0.856983,0.0,,,,,,,,,,0.856983,0.856983,0.0,0.856983,0.856983,0.0,0.856983,0.90599376,0.049010754,0.856983,0.90307516,0.046092153,0.856983,0.8659168,0.008933783,0.856983,0.8611751,0.004192114,0
3,1,6,0,0,0,5,1,1,4,2.0,5.0,1.0,1.0,1.0,10.0,4.0,3.0,3.0,4.0,5.0,2.0,10.0,0.94868547,0.89058596,-0.05809951,,,,0.94868547,0.94868547,0.0,,,,,,,,,,,,,0.94868547,0.94868547,0.0,0.94868547,0.94868547,0.0,0.94868547,0.9665055,0.01782006,0.94868547,0.9064967,-0.042188764,0.94868547,0.9719782,0.02329272,,,,1
1,1,1,0,4,0,4,0,0,0,2.0,4.0,2.0,2.0,2.0,4.0,3.0,3.0,6.0,4.0,4.0,2.0,5.0,0.88319314,0.9546765,0.07148337,0.88319314,0.9028357,0.019642591,0.88319314,0.88319314,0.0,0.88319314,0.88319314,0.0,0.88319314,0.86840796,-0.014785171,0.88319314,0.9661431,0.08294994,0.88319314,0.9380641,0.054870963,0.88319314,0.88319314,0.0,0.88319314,0.88319314,0.0,0.88319314,0.79792583,-0.085267305,0.88319314,0.84862524,-0.034567893,0.88319314,0.8311349,-0.05205822,0.88319314,0.9055912,0.022398055,20
3,0,0,0,0,0,6,0,0,0,2.0,4.0,2.0,2.0,2.0,4.0,4.0,4.0,8.0,3.0,4.0,4.0,8.0,0.9510921,0.9770219,0.025929749,0.9510921,0.9712812,0.020189047,0.9510921,0.9510921,0.0,0.9510921,0.9510921,0.0,0.9510921,0.95166755,0.00057542324,0.9510921,0.9608193,0.00972718,0.9510921,0.97359496,0.02250284,0.9510921,0.9510921,0.0,,,,0.9510921,0.6186264,-0.3324657,0.9510921,0.9527347,0.0016425848,0.9510921,0.9591167,0.008024573,0.9510921,0.9743571,0.023265004,15
4,1,0,0,0,1,7,1,0,0,3.0,5.0,2.0,2.0,3.0,9.0,4.0,4.0,4.0,4.0,2.0,2.0,8.0,0.9977034,0.9966319,-0.0010714531,,,,0.9977034,0.9977034,0.0,0.9977034,0.9977034,0.0,0.9977034,0.99680305,-0.00090032816,0.9977034,0.99808985,0.00038647652,0.9977034,0.9917082,-0.0059951544,0.9977034,0.9977034,0.0,,,,0.9977034,0.9976725,-3.0875206e-05,0.9977034,0.99727005,-0.00043332577,0.9977034,0.99896204,0.0012586713,0.9977034,0.9991886,0.0014852285,12
0,1,3,0,2,3,3,6,1,7,1.0,4.0,1.0,1.0,1.0,2.0,3.0,2.0,7.0,5.0,5.0,3.0,10.0,,,,0.29278478,0.24776171,-0.04502307,,,,,,,,,,,,,,,,0.29278478,0.29278478,0.0,0.29278478,0.29278478,0.0,0.29278478,0.16181344,-0.13097134,0.29278478,0.4151847,0.122399926,0.29278478,0.15146294,-0.14132184,,,,21
3,0,0,0,0,0,5,0,0,0,3.0,5.0,2.0,2.0,2.0,2.0,4.0,3.0,8.0,4.0,4.0,3.0,5.0,0.9146807,0.9872464,0.072565675,,,,0.9146807,0.9146807,0.0,0.9146807,0.9146807,0.0,0.9146807,0.90874493,-0.005935788,0.9146807,0.95079905,0.03611833,0.9146807,0.937756,0.023075283,0.9146807,0.9146807,0.0,0.9146807,0.9146807,0.0,0.9146807,0.71950895,-0.19517177,0.9146807,0.8779502,-0.036730528,0.9146807,0.93371564,0.019034922,0.9146807,0.9225015,0.007820785,15
4,0,5,0,0,0,3,0,2,4,2.0,4.0,4.0,5.0,2.0,0.0,3.0,3.0,10.0,5.0,4.0,5.0,10.0,0.907287,0.98514843,0.07786143,0.907287,0.8812836,-0.02600342,,,,0.907287,0.907287,0.0,0.907287,0.91245097,0.0051639676,0.907287,0.9009161,-0.006370902,0.907287,0.96941257,0.062125564,0.907287,0.907287,0.0,0.907287,0.907287,0.0,,,,,,,,,,,,,2
3,0,1,0,5,0,0,5,1,2,3.0,4.0,4.0,4.0,4.0,2.0,3.0,3.0,9.0,2.0,4.0,5.0,9.0,0.10113632,0.18706019,0.08592387,0.10113632,0.08506102,-0.016075298,0.10113632,0.10113632,0.0,0.10113632,0.10113632,0.0,0.10113632,0.18170081,0.08056449,0.10113632,0.08908804,-0.012048282,0.10113632,0.111164965,0.010028645,0.10113632,0.10113632,0.0,0.10113632,0.10113632,0.0,0.10113632,0.44149008,0.34035376,0.10113632,0.12494742,0.023811102,,,,0.10113632,0.08626565,-0.014870666,14
0,2,2,0,1,3,2,6,0,3,2.0,4.0,2.0,2.0,2.0,0.0,4.0,3.0,9.0,2.0,4.0,2.0,5.0,0.755134,0.7969415,0.041807532,0.755134,0.86983484,0.114700854,0.755134,0.755134,0.0,0.755134,0.755134,0.0,0.755134,0.7181761,-0.03695786,0.755134,0.6747051,-0.0804289,0.755134,0.64943206,-0.10570192,0.755134,0.755134,0.0,0.755134,0.755134,0.0,,,,0.755134,0.73728895,-0.017845035,0.755134,0.80380315,0.04866916,0.755134,0.84389186,0.08875787,8
5,0,0,0,3,1,3,3,0,3,2.0,4.0,2.0,2.0,2.0,1.0,3.0,3.0,8.0,3.0,4.0,5.0,8.0,0.38334122,0.81077224,0.42743102,0.38334122,0.5130045,0.12966326,0.38334122,0.38334122,0.0,0.38334122,0.38334122,0.0,0.38334122,0.34035328,-0.042987943,0.38334122,0.45949435,0.07615313,0.38334122,0.634677,0.25133577,0.38334122,0.38334122,0.0,0.38334122,0.38334122,0.0,0.38334122,0.53001505,0.14667383,0.38334122,0.6230226,0.2396814,,,,0.38334122,0.4747568,0.091415584,22
2,1,0,0,0,0,6,0,2,4,2.0,4.0,3.0,2.0,2.0,7.0,4.0,3.0,6.0,4.0,4.0,4.0,7.0,0.50493044,0.25344646,-0.25148398,0.50493044,0.6050596,0.10012919,0.50493044,0.50493044,0.0,0.50493044,0.50493044,0.0,0.50493044,0.8881978,0.38326734,0.50493044,0.7057189,0.20078844,0.50493044,0.58137965,0.076449215,0.50493044,0.50493044,0.0,0.50493044,0.50493044,0.0,0.50493044,0.66985565,0.16492522,0.50493044,0.40662867,-0.09830177,0.50493044,0.38294858,-0.12198186,0.50493044,0.4851236,-0.019806832,3
2,1,2,0,0,0,6,1,1,4,4.0,5.0,5.0,4.0,5.0,4.0,3.0,3.0,9.0,3.0,2.0,2.0,10.0,0.2196606,0.34917435,0.12951376,,,,0.2196606,0.2196606,0.0,0.2196606,0.2196606,0.0,0.2196606,0.2294165,0.009755909,0.2196606,0.23078547,0.011124879,0.2196606,0.2196606,0.0,0.2196606,0.2196606,0.0,0.2196606,0.2196606,0.0,0.2196606,0.13831332,-0.08134727,0.2196606,0.23514062,0.015480027,0.2196606,0.2196606,0.0,,,,3
0,1,0,0,2,3,8,6,0,7,3.0,2.0,2.0,3.0,2.0,7.0,4.0,3.0,7.0,2.0,2.0,2.0,9.0,0.9829562,0.98275304,-0.00020313263,0.9829562,0.9659981,-0.016958058,0.9829562,0.9829562,0.0,0.9829562,0.9829562,0.0,0.9829562,0.98276514,-0.00019103289,0.9829562,0.9911379,0.008181751,0.9829562,0.9847675,0.0018113256,0.9829562,0.9829562,0.0,0.9829562,0.9829562,0.0,0.9829562,0.96603775,-0.01691842,0.9829562,0.99123424,0.008278072,0.9829562,0.9799155,-0.0030406713,0.9829562,0.9838426,0.0008864403,21
3,0,0,0,0,0,6,0,1,4,3.0,4.0,3.0,3.0,2.0,0.0,4.0,3.0,10.0,4.0,4.0,4.0,9.0,0.36497566,0.57969713,0.21472147,0.36497566,0.27601218,-0.08896348,0.36497566,0.36497566,0.0,0.36497566,0.36497566,0.0,0.36497566,0.6868995,0.32192382,0.36497566,0.36612716,0.0011515021,0.36497566,0.665403,0.30042735,0.36497566,0.36497566,0.0,0.36497566,0.36497566,0.0,,,,,,,0.36497566,0.29493836,-0.070037305,0.36497566,0.4301538,0.065178126,2
2,0,0,0,0,0,8,0,1,4,1.0,5.0,2.0,2.0,2.0,1.0,4.0,4.0,8.0,5.0,4.0,4.0,8.0,,,,,,,,,,0.9764841,0.9764841,0.0,0.9764841,0.97731507,0.00083094835,0.9764841,0.9861252,0.009641051,0.9764841,0.9878005,0.011316359,0.9764841,0.9764841,0.0,,,,0.9764841,0.97696507,0.00048094988,0.9764841,0.97916037,0.0026762486,0.9764841,0.9726849,-0.0037992,0.9764841,0.97158694,-0.004897177,2
0,0,2,0,0,0,2,4,3,2,1.0,2.0,1.0,3.0,2.0,5.0,4.0,2.0,5.0,2.0,3.0,2.0,5.0,,,,0.5065289,0.505684,-0.00084489584,0.5065289,0.5065289,0.0,0.5065289,0.5065289,0.0,,,,0.5065289,0.50562894,-0.00089997053,0.5065289,0.5281253,0.021596372,0.5065289,0.5065289,0.0,0.5065289,0.5065289,0.0,0.5065289,0.5902056,0.083676696,0.5065289,0.63396055,0.12743163,0.5065289,0.57410616,0.06757724,0.5065289,0.80868363,0.30215472,16
1,0,0,0,0,0,3,5,0,0,4.0,4.0,3.0,2.0,2.0,9.0,3.0,3.0,1.0,2.0,3.0,1.0,1.0,0.0407732,0.054882232,0.01410903,0.0407732,0.07641499,0.035641786,0.0407732,0.0407732,0.0,0.0407732,0.0407732,0.0,0.0407732,0.024086228,-0.016686974,0.0407732,0.08673044,0.04595724,0.0407732,0.028584413,-0.0121887885,0.0407732,0.0407732,0.0,0.0407732,0.0407732,0.0,0.0407732,0.45197296,0.41119975,0.0407732,0.044532016,0.0037588142,0.0407732,0.07417391,0.03340071,0.0407732,0.1646119,0.12383871,14
5,0,1,0,0,0,1,3,0,0,4.0,4.0,2.0,3.0,2.0,2.0,2.0,3.0,8.0,4.0,4.0,2.0,8.0,0.5493645,0.6606096,0.111245096,0.5493645,0.4095129,-0.1398516,0.5493645,0.5493645,0.0,0.5493645,0.5493645,0.0,0.5493645,0.5152141,-0.03415042,0.5493645,0.8420816,0.2927171,0.5493645,0.56832826,0.018963754,0.5493645,0.5493645,0.0,0.5493645,0.5493645,0.0,0.5493645,0.35704502,-0.19231948,0.5493645,0.7796708,0.23030627,0.5493645,0.4628722,-0.0864923,0.5493645,0.4773795,-0.07198501,5
1,0,3,0,0,0,3,0,0,3,2.0,5.0,4.0,5.0,3.0,0.0,3.0,2.0,10.0,4.0,4.0,5.0,8.0,0.7700455,0.93350285,0.16345733,,,,0.7700455,0.7700455,0.0,0.7700455,0.7700455,0.0,0.7700455,0.7197476,-0.050297916,0.7700455,0.76981556,-0.00022995472,0.7700455,0.7201336,-0.049911916,0.7700455,0.7700455,0.0,0.7700455,0.7700455,0.0,,,,,,,,,,0.7700455,0.37060148,-0.39944404,20
5,0,0,0,0,0,9,3,0,3,2.0,3.0,2.0,3.0,3.0,1.0,3.0,3.0,8.0,4.0,4.0,4.0,8.0,0.66334796,0.89439,0.23104203,0.66334796,0.7297044,0.06635642,0.66334796,0.66334796,0.0,0.66334796,0.66334796,0.0,0.66334796,0.6205585,-0.04278946,0.66334796,0.5355962,-0.12775177,0.66334796,0.7252112,0.061863244,0.66334796,0.66334796,0.0,0.66334796,0.66334796,0.0,0.66334796,0.50346327,-0.15988469,0.66334796,0.8698605,0.20651251,0.66334796,0.73169845,0.068350494,0.66334796,0.5126096,-0.15073836,7
5,0,0,0,0,0,5,0,0,3,1.0,4.0,1.0,1.0,1.0,0.0,1.0,4.0,10.0,5.0,5.0,5.0,10.0,,,,0.93678147,0.95976245,0.022980988,,,,,,,,,,,,,,,,0.93678147,0.93678147,0.0,,,,,,,,,,,,,,,,7
3,0,0,0,0,0,4,0,2,4,1.0,3.0,1.0,1.0,1.0,5.0,3.0,3.0,8.0,4.0,5.0,4.0,8.0,,,,0.8688851,0.8922144,0.023329318,0.8688851,0.8688851,0.0,,,,,,,,,,,,,0.8688851,0.8688851,0.0,0.8688851,0.8688851,0.0,0.8688851,0.97334087,0.10445577,0.8688851,0.7298612,-0.1390239,0.8688851,0.94261193,0.07372683,0.8688851,0.9548737,0.08598858,2
3,1,2,0,1,0,2,1,0,5,2.0,3.0,4.0,2.0,2.0,2.0,3.0,1.0,8.0,4.0,4.0,2.0,10.0,0.13422194,0.103813715,-0.030408226,0.13422194,0.22817416,0.09395222,0.13422194,0.13422194,0.0,0.13422194,0.13422194,0.0,0.13422194,0.20038903,0.06616709,0.13422194,0.18718585,0.052963912,0.13422194,0.20718157,0.07295963,0.13422194,0.13422194,0.0,0.13422194,0.13422194,0.0,0.13422194,0.082874395,-0.051347546,0.13422194,0.13695914,0.0027371943,0.13422194,0.07021546,-0.06400648,,,,12
1,1,0,0,0,0,7,0,0,3,2.0,4.0,3.0,1.0,2.0,3.0,4.0,3.0,8.0,4.0,5.0,4.0,8.0,0.96210414,0.97320044,0.011096299,0.96210414,0.9604485,-0.0016556382,0.96210414,0.96210414,0.0,,,,0.96210414,0.970988,0.008883834,,,,0.96210414,0.9661332,0.0040290356,0.96210414,0.96210414,0.0,0.96210414,0.96210414,0.0,0.96210414,0.92262256,-0.03948158,0.96210414,0.9642064,0.0021022558,0.96210414,0.90988743,-0.05221671,0.96210414,0.92843944,-0.033664703,17
0,0,1,0,2,3,4,6,0,0,1.0,2.0,1.0,1.0,2.0,9.0,2.0,3.0,7.0,4.0,4.0,4.0,8.0,,,,0.95416135,0.975656,0.021494627,0.95416135,0.95416135,0.0,0.95416135,0.95416135,0.0,,,,,,,0.95416135,0.96079844,0.0066370964,0.95416135,0.95416135,0.0,0.95416135,0.95416135,0.0,0.95416135,0.8208314,-0.13332993,0.95416135,0.913987,-0.040174365,0.95416135,0.948519,-0.0056423545,0.95416135,0.97822237,0.024061024,8
2,0,0,0,0,0,8,0,0,0,1.0,5.0,1.0,1.0,1.0,5.0,3.0,3.0,5.0,3.0,4.0,4.0,6.0,,,,,,,0.9834241,0.9834241,0.0,0.9834241,0.9834241,0.0,,,,,,,,,,0.9834241,0.9834241,0.0,0.9834241,0.9834241,0.0,0.9834241,0.9915378,0.008113682,0.9834241,0.99401397,0.010589838,0.9834241,0.9858824,0.0024582744,0.9834241,0.9746473,-0.008776844,10
2,1,4,0,0,0,3,0,1,4,2.0,4.0,2.0,2.0,2.0,0.0,4.0,3.0,9.0,3.0,4.0,4.0,10.0,0.6249983,0.5120167,-0.11298156,0.6249983,0.68645364,0.06145537,0.6249983,0.6249983,0.0,0.6249983,0.6249983,0.0,0.6249983,0.659073,0.034074724,0.6249983,0.777544,0.15254575,0.6249983,0.71954286,0.09454459,0.6249983,0.6249983,0.0,0.6249983,0.6249983,0.0,,,,0.6249983,0.4393708,-0.18562746,0.6249983,0.56078833,-0.06420994,,,,2
3,1,0,0,0,0,7,0,0,3,1.0,5.0,2.0,1.0,2.0,3.0,4.0,4.0,8.0,3.0,3.0,5.0,9.0,,,,,,,0.99024045,0.99024045,0.0,0.99024045,0.99024045,0.0,0.99024045,0.99137187,0.0011314154,,,,0.99024045,0.99303013,0.0027896762,0.99024045,0.99024045,0.0,,,,0.99024045,0.9631277,-0.027112782,0.99024045,0.99157035,0.0013298988,,,,0.99024045,0.9864834,-0.0037570596,15
1,1,6,0,0,2,1,0,0,0,1.0,5.0,1.0,5.0,3.0,10.0,4.0,4.0,5.0,1.0,1.0,1.0,5.0,,,,,,,0.84319484,0.84319484,0.0,0.84319484,0.84319484,0.0,,,,0.84319484,0.7758335,-0.067361355,0.84319484,0.86665154,0.023456693,0.84319484,0.84319484,0.0,,,,0.84319484,0.95082223,0.10762739,0.84319484,0.90618616,0.06299132,0.84319484,0.83727616,-0.0059186816,0.84319484,0.9296688,0.08647394,9
3,1,0,0,0,0,4,4,2,4,2.0,4.0,4.0,4.0,1.0,0.0,2.0,4.0,10.0,4.0,4.0,5.0,10.0,0.40990195,0.8411002,0.43119827,0.40990195,0.4398125,0.029910564,0.40990195,0.40990195,0.0,0.40990195,0.40990195,0.0,0.40990195,0.3227134,-0.08718854,0.40990195,0.39450458,-0.01539737,,,,0.40990195,0.40990195,0.0,,,,,,,,,,,,,,,,3
4,1,2,0,0,0,3,1,0,0,2.0,1.0,2.0,4.0,2.0,1.0,2.0,2.0,9.0,3.0,4.0,5.0,9.0,0.968826,0.99490815,0.026082158,0.968826,0.9426155,-0.026210487,0.968826,0.968826,0.0,0.968826,0.968826,0.0,0.968826,0.97626334,0.0074373484,0.968826,0.9696889,0.00086289644,0.968826,0.98007274,0.011246741,0.968826,0.968826,0.0,0.968826,0.968826,0.0,0.968826,0.9694751,0.0006490946,0.968826,0.9708887,0.0020626783,,,,0.968826,0.9652213,-0.00360471,6
3,1,1,0,0,0,3,0,1,4,1.0,3.0,2.0,2.0,4.0,0.0,4.0,3.0,10.0,4.0,5.0,1.0,8.0,,,,0.989846,0.98803943,-0.0018065572,0.989846,0.989846,0.0,,,,0.989846,0.9908023,0.0009562969,0.989846,0.9933373,0.0034912825,0.989846,0.9893323,-0.0005136728,0.989846,0.989846,0.0,0.989846,0.989846,0.0,,,,,,,0.989846,0.9921515,0.0023055077,0.989846,0.96077025,-0.029075742,2
6,1,0,0,3,4,7,3,0,3,1.0,3.0,2.0,2.0,2.0,0.0,5.0,4.0,10.0,4.0,4.0,5.0,10.0,,,,0.98254967,0.9763164,-0.006233275,0.98254967,0.98254967,0.0,0.98254967,0.98254967,0.0,0.98254967,0.9739497,-0.008599997,0.98254967,0.97331727,-0.009232402,0.98254967,0.99194735,0.0093976855,,,,,,,,,,,,,,,,,,,19
4,0,1,0,0,0,7,0,0,3,1.0,4.0,2.0,2.0,2.0,7.0,3.0,3.0,8.0,4.0,4.0,2.0,8.0,,,,0.8245493,0.81987536,-0.004673958,0.8245493,0.8245493,0.0,0.8245493,0.8245493,0.0,0.8245493,0.79195744,-0.03259188,0.8245493,0.89293516,0.06838584,0.8245493,0.8943609,0.06981158,0.8245493,0.8245493,0.0,0.8245493,0.8245493,0.0,0.8245493,0.9651019,0.14055258,0.8245493,0.8314938,0.0069444776,0.8245493,0.70153904,-0.12301028,0.8245493,0.909808,0.08525866,23
2,0,0,0,0,0,6,2,1,4,1.0,5.0,3.0,2.0,2.0,1.0,4.0,3.0,9.0,4.0,4.0,5.0,9.0,,,,,,,0.71420026,0.71420026,0.0,0.71420026,0.71420026,0.0,0.71420026,0.9163328,0.20213252,0.71420026,0.6024107,-0.111789584,0.71420026,0.81669056,0.102490306,0.71420026,0.71420026,0.0,0.71420026,0.71420026,0.0,0.71420026,0.74657035,0.03237009,0.71420026,0.71293086,-0.0012694001,,,,0.71420026,0.6686174,-0.04558283,2
3,0,0,0,0,1,8,0,1,4,1.0,5.0,1.0,1.0,1.0,4.0,4.0,3.0,7.0,4.0,4.0,4.0,8.0,,,,,,,0.9939558,0.9939558,0.0,0.9939558,0.9939558,0.0,,,,,,,,,,0.9939558,0.9939558,0.0,0.9939558,0.9939558,0.0,0.9939558,0.9927545,-0.001201272,0.9939558,0.9924604,-0.0014953613,0.9939558,0.9956167,0.0016608834,0.9939558,0.9966282,0.0026724339,2
1,1,0,0,2,0,4,0,3,2,1.0,4.0,2.0,2.0,3.0,0.0,3.0,3.0,10.0,4.0,4.0,4.0,10.0,,,,0.86362755,0.89268684,0.02905929,0.86362755,0.86362755,0.0,0.86362755,0.86362755,0.0,0.86362755,0.869292,0.005664468,0.86362755,0.95817846,0.09455091,0.86362755,0.8972521,0.03362453,0.86362755,0.86362755,0.0,0.86362755,0.86362755,0.0,,,,,,,0.86362755,0.72954553,-0.13408202,,,,1
3,0,4,0,0,0,8,0,0,3,2.0,4.0,2.0,3.0,4.0,3.0,4.0,3.0,4.0,4.0,4.0,2.0,6.0,0.92881364,0.9840963,0.055282652,0.92881364,0.9050524,-0.023761213,0.92881364,0.92881364,0.0,0.92881364,0.92881364,0.0,0.92881364,0.9400328,0.011219144,0.92881364,0.85385656,-0.07495707,0.92881364,0.913659,-0.01515466,0.92881364,0.92881364,0.0,0.92881364,0.92881364,0.0,0.92881364,0.8774476,-0.05136603,0.92881364,0.90102774,-0.027785897,0.92881364,0.907054,-0.02175963,0.92881364,0.84492975,-0.08388388,23
0,1,6,0,1,3,4,6,1,7,2.0,4.0,2.0,4.0,2.0,3.0,3.0,3.0,3.0,3.0,4.0,3.0,6.0,0.30801585,0.5246186,0.21660277,0.30801585,0.39925253,0.09123668,0.30801585,0.30801585,0.0,0.30801585,0.30801585,0.0,0.30801585,0.22520676,-0.08280909,0.30801585,0.56667656,0.2586607,0.30801585,0.40331754,0.09530169,0.30801585,0.30801585,0.0,0.30801585,0.30801585,0.0,0.30801585,0.4540246,0.14600876,0.30801585,0.45226562,0.14424977,0.30801585,0.24690555,-0.061110303,0.30801585,0.477599,0.16958314,21
0,0,2,0,0,3,3,6,0,0,3.0,3.0,2.0,3.0,3.0,6.0,4.0,3.0,6.0,4.0,4.0,4.0,6.0,0.4503086,0.8692786,0.41897002,0.4503086,0.7783771,0.32806852,0.4503086,0.4503086,0.0,0.4503086,0.4503086,0.0,0.4503086,0.34717882,-0.103129774,0.4503086,0.6701742,0.21986559,0.4503086,0.41751185,-0.03279674,0.4503086,0.4503086,0.0,0.4503086,0.4503086,0.0,0.4503086,0.32985282,-0.12045577,0.4503086,0.39525667,-0.055051923,0.4503086,0.46348268,0.013174087,0.4503086,0.5342754,0.08396682,8
1,1,1,0,0,0,2,0,0,3,1.0,4.0,1.0,2.0,3.0,6.0,2.0,2.0,7.0,3.0,5.0,3.0,6.0,,,,0.82866836,0.8020622,-0.026606143,0.82866836,0.82866836,0.0,,,,,,,0.82866836,0.8886986,0.060030222,0.82866836,0.8979756,0.06930727,0.82866836,0.82866836,0.0,0.82866836,0.82866836,0.0,0.82866836,0.97420067,0.14553231,0.82866836,0.6542801,-0.17438823,0.82866836,0.71094537,-0.11772299,0.82866836,0.84725386,0.018585503,11
1,1,4,0,0,0,3,0,0,0,1.0,5.0,2.0,3.0,1.0,0.0,3.0,4.0,7.0,2.0,5.0,3.0,9.0,,,,,,,0.6745105,0.6745105,0.0,,,,0.6745105,0.6567929,-0.0177176,0.6745105,0.67598855,0.001478076,,,,0.6745105,0.6745105,0.0,,,,,,,0.6745105,0.7691436,0.0946331,0.6745105,0.49751723,-0.17699325,0.6745105,0.39958426,-0.27492622,20
2,1,1,0,0,0,7,0,0,0,1.0,5.0,2.0,2.0,4.0,1.0,3.0,3.0,7.0,4.0,3.0,3.0,7.0,,,,,,,0.8745912,0.8745912,0.0,0.8745912,0.8745912,0.0,0.8745912,0.8718745,-0.0027166605,0.8745912,0.9415908,0.066999614,0.8745912,0.8745912,0.0,0.8745912,0.8745912,0.0,0.8745912,0.8745912,0.0,0.8745912,0.9112248,0.03663361,0.8745912,0.828861,-0.045730174,0.8745912,0.88185465,0.0072634816,0.8745912,0.87446016,-0.00013101101,20
2,0,0,0,0,0,2,0,0,3,2.0,5.0,2.0,1.0,2.0,1.0,4.0,4.0,8.0,4.0,3.0,4.0,7.0,0.937141,0.982165,0.045023978,,,,0.937141,0.937141,0.0,0.937141,0.937141,0.0,0.937141,0.9460438,0.008902788,,,,0.937141,0.9594316,0.022290587,0.937141,0.937141,0.0,,,,0.937141,0.91796285,-0.019178152,0.937141,0.9664226,0.029281616,0.937141,0.877224,-0.059916973,0.937141,0.9512838,0.014142811,10
4,1,0,0,0,0,2,1,0,2,5.0,5.0,2.0,5.0,3.0,2.0,2.0,3.0,5.0,2.0,2.0,4.0,8.0,0.7255038,0.7255038,0.0,,,,0.7255038,0.7255038,0.0,0.7255038,0.7255038,0.0,0.7255038,0.69169456,-0.033809245,0.7255038,0.67477304,-0.050730765,0.7255038,0.640922,-0.08458179,0.7255038,0.7255038,0.0,0.7255038,0.7255038,0.0,0.7255038,0.38974205,-0.33576176,0.7255038,0.86653155,0.14102775,0.7255038,0.7403997,0.014895916,0.7255038,0.7794685,0.053964674,14
2,0,2,0,0,0,1,0,0,0,2.0,2.0,4.0,4.0,2.0,4.0,3.0,2.0,4.0,2.0,4.0,1.0,4.0,0.8724866,0.9614572,0.0889706,0.8724866,0.91163695,0.039150357,0.8724866,0.8724866,0.0,0.8724866,0.8724866,0.0,0.8724866,0.73812187,-0.13436472,0.8724866,0.9332617,0.0607751,0.8724866,0.897978,0.025491416,0.8724866,0.8724866,0.0,0.8724866,0.8724866,0.0,0.8724866,0.84812915,-0.024357438,0.8724866,0.89480144,0.022314847,0.8724866,0.8622038,-0.0102828145,0.8724866,0.81538886,-0.057097733,17
1,1,1,0,0,0,8,0,0,3,2.0,4.0,1.0,1.0,1.0,3.0,5.0,3.0,8.0,5.0,5.0,3.0,8.0,0.82653654,0.95772064,0.1311841,0.82653654,0.84069705,0.014160514,,,,,,,,,,,,,,,,,,,0.82653654,0.82653654,0.0,0.82653654,0.94342715,0.11689061,0.82653654,0.869739,0.04320246,0.82653654,0.74427724,-0.0822593,0.82653654,0.83880997,0.012273431,17
1,1,1,0,4,0,6,1,0,3,1.0,5.0,1.0,1.0,1.0,0.0,2.0,3.0,8.0,5.0,5.0,4.0,8.0,,,,,,,,,,,,,,,,,,,,,,0.854068,0.854068,0.0,0.854068,0.854068,0.0,,,,0.854068,0.8190017,-0.035066307,0.854068,0.85724205,0.0031740665,0.854068,0.80741847,-0.046649516,20
4,1,2,0,1,1,2,7,0,0,3.0,4.0,3.0,3.0,2.0,4.0,4.0,3.0,8.0,4.0,4.0,2.0,10.0,0.33241677,0.8895858,0.557169,0.33241677,0.29658768,-0.035829097,0.33241677,0.33241677,0.0,0.33241677,0.33241677,0.0,0.33241677,0.3479463,0.015529513,0.33241677,0.43323308,0.10081631,0.33241677,0.43713754,0.10472077,0.33241677,0.33241677,0.0,0.33241677,0.33241677,0.0,0.33241677,0.16370879,-0.16870798,0.33241677,0.40586355,0.07344678,0.33241677,0.29307514,-0.03934163,,,,4
1,0,0,0,0,0,5,0,0,0,2.0,2.0,2.0,2.0,2.0,6.0,4.0,3.0,7.0,4.0,4.0,3.0,7.0,0.9882361,0.9910644,0.0028283,0.9882361,0.9899428,0.0017066598,0.9882361,0.9882361,0.0,0.9882361,0.9882361,0.0,0.9882361,0.9875674,-0.0006687045,0.9882361,0.9952166,0.0069804788,0.9882361,0.99289966,0.004663527,0.9882361,0.9882361,0.0,0.9882361,0.9882361,0.0,0.9882361,0.9878198,-0.00041633844,0.9882361,0.9774374,-0.010798752,0.9882361,0.98808134,-0.00015479326,0.9882361,0.98848253,0.0002464056,17
1,1,4,0,0,3,6,6,0,0,5.0,5.0,2.0,3.0,2.0,9.0,3.0,3.0,0.0,3.0,5.0,1.0,3.0,0.20819633,0.20819633,0.0,,,,0.20819633,0.20819633,0.0,,,,0.20819633,0.17293969,-0.03525664,0.20819633,0.19873987,-0.009456456,0.20819633,0.11613351,-0.092062816,0.20819633,0.20819633,0.0,0.20819633,0.20819633,0.0,0.20819633,0.36928627,0.16108994,0.20819633,0.23817994,0.02998361,0.20819633,0.24407744,0.035881117,0.20819633,0.2795564,0.07136007,8
5,0,3,0,1,3,3,3,1,2,2.0,2.0,2.0,1.0,1.0,9.0,3.0,4.0,10.0,4.0,4.0,1.0,6.0,0.79733366,0.8680836,0.07074994,0.79733366,0.79932207,0.001988411,0.79733366,0.79733366,0.0,0.79733366,0.79733366,0.0,0.79733366,0.76579213,-0.031541526,,,,,,,0.79733366,0.79733366,0.0,,,,0.79733366,0.9120831,0.11474943,,,,0.79733366,0.8202595,0.022925854,0.79733366,0.75510144,-0.042232215,18
2,0,0,0,0,0,5,0,0,0,1.0,5.0,3.0,1.0,4.0,3.0,1.0,2.0,8.0,4.0,5.0,4.0,8.0,,,,,,,0.9820123,0.9820123,0.0,,,,0.9820123,0.989035,0.0070227385,,,,0.9820123,0.9820123,0.0,0.9820123,0.9820123,0.0,0.9820123,0.9820123,0.0,0.9820123,0.98161113,-0.00040113926,0.9820123,0.9609198,-0.021092474,0.9820123,0.9875634,0.0055511,0.9820123,0.98174745,-0.00026482344,10
4,0,0,0,0,0,5,1,0,0,2.0,4.0,2.0,2.0,2.0,4.0,4.0,4.0,6.0,3.0,4.0,5.0,5.0,0.938581,0.9729796,0.034398615,0.938581,0.98116755,0.042586565,0.938581,0.938581,0.0,0.938581,0.938581,0.0,0.938581,0.93418837,-0.004392624,0.938581,0.94915724,0.010576248,0.938581,0.97069,0.032109022,0.938581,0.938581,0.0,,,,0.938581,0.93089575,-0.007685244,0.938581,0.94125855,0.0026775599,,,,0.938581,0.9599426,0.02136159,15
0,1,0,0,2,3,4,6,0,7,2.0,4.0,3.0,5.0,3.0,7.0,2.0,3.0,4.0,4.0,5.0,3.0,7.0,0.31842923,0.7318178,0.41338855,0.31842923,0.34563482,0.027205586,0.31842923,0.31842923,0.0,,,,0.31842923,0.4029465,0.08451727,0.31842923,0.31132114,-0.0071080923,0.31842923,0.3525604,0.03413117,0.31842923,0.31842923,0.0,0.31842923,0.31842923,0.0,0.31842923,0.14072731,-0.17770192,0.31842923,0.39369643,0.075267196,0.31842923,0.18421976,-0.13420947,0.31842923,0.46451116,0.14608192,21
4,0,3,0,1,1,1,0,0,3,1.0,3.0,1.0,2.0,1.0,0.0,4.0,4.0,8.0,4.0,4.0,5.0,8.0,,,,0.85339373,0.79687184,-0.056521893,0.85339373,0.85339373,0.0,0.85339373,0.85339373,0.0,,,,0.85339373,0.82105887,-0.032334864,,,,0.85339373,0.85339373,0.0,,,,,,,0.85339373,0.9829601,0.12956637,,,,0.85339373,0.7551684,-0.098225355,4
1,0,0,0,1,0,7,0,0,3,1.0,1.0,1.0,1.0,1.0,0.0,5.0,4.0,10.0,5.0,5.0,5.0,10.0,,,,0.9994941,0.9980422,-0.0014518499,,,,,,,,,,,,,,,,,,,,,,,,,,,,,,,,,,10
1,0,2,0,0,0,1,0,0,0,3.0,4.0,2.0,2.0,3.0,8.0,3.0,3.0,9.0,4.0,4.0,4.0,9.0,0.05707341,0.1728787,0.11580528,0.05707341,0.05968666,0.0026132502,0.05707341,0.05707341,0.0,0.05707341,0.05707341,0.0,0.05707341,0.06396727,0.006893862,0.05707341,0.054985523,-0.0020878874,0.05707341,0.05121995,-0.0058534592,0.05707341,0.05707341,0.0,0.05707341,0.05707341,0.0,0.05707341,0.21396224,0.15688883,0.05707341,0.06035891,0.0032855012,0.05707341,0.115682356,0.058608945,0.05707341,0.05524474,-0.0018286705,17
5,1,1,0,0,0,9,3,0,0,2.0,3.0,2.0,2.0,2.0,1.0,3.0,3.0,8.0,4.0,4.0,3.0,8.0,0.7625089,0.9214309,0.15892196,0.7625089,0.80492485,0.042415917,0.7625089,0.7625089,0.0,0.7625089,0.7625089,0.0,0.7625089,0.70446044,-0.058048487,0.7625089,0.5993286,-0.16318035,0.7625089,0.93309903,0.1705901,0.7625089,0.7625089,0.0,0.7625089,0.7625089,0.0,0.7625089,0.68740577,-0.07510316,0.7625089,0.85902774,0.096518815,0.7625089,0.67712045,-0.08538848,0.7625089,0.84559923,0.083090305,5
0,0,2,0,0,0,7,0,0,7,1.0,5.0,1.0,1.0,1.0,3.0,3.0,3.0,6.0,5.0,4.0,4.0,5.0,,,,,,,,,,0.9895174,0.9895174,0.0,,,,,,,,,,0.9895174,0.9895174,0.0,0.9895174,0.9895174,0.0,0.9895174,0.99538463,0.005867243,0.9895174,0.984609,-0.004908383,0.9895174,0.9940865,0.0045691133,0.9895174,0.99323905,0.0037216544,26
5,1,1,0,0,0,3,1,0,3,1.0,3.0,3.0,2.0,3.0,9.0,3.0,2.0,9.0,5.0,5.0,4.0,9.0,,,,0.88458115,0.85847056,-0.02611059,,,,,,,0.88458115,0.92362255,0.0390414,0.88458115,0.88194895,-0.0026322007,0.88458115,0.87932867,-0.0052524805,0.88458115,0.88458115,0.0,0.88458115,0.88458115,0.0,0.88458115,0.562688,-0.32189316,0.88458115,0.8935955,0.009014368,0.88458115,0.88867825,0.004097104,0.88458115,0.8613772,-0.023203969,5
5,0,0,0,0,1,9,3,0,3,2.0,4.0,2.0,2.0,2.0,0.0,4.0,4.0,9.0,4.0,4.0,4.0,8.0,0.8255171,0.9542977,0.1287806,0.8255171,0.8995291,0.07401198,0.8255171,0.8255171,0.0,0.8255171,0.8255171,0.0,0.8255171,0.74636525,-0.07915187,0.8255171,0.78659827,-0.038918853,0.8255171,0.95331615,0.12779903,0.8255171,0.8255171,0.0,,,,,,,0.8255171,0.84576446,0.02024734,0.8255171,0.8933788,0.067861676,0.8255171,0.84512603,0.019608915,7
4,0,0,0,0,0,3,0,0,3,2.0,3.0,2.0,2.0,2.0,2.0,4.0,4.0,10.0,4.0,3.0,5.0,9.0,0.95677054,0.9867715,0.030000985,0.95677054,0.95301765,-0.0037528872,0.95677054,0.95677054,0.0,0.95677054,0.95677054,0.0,0.95677054,0.9616171,0.004846573,0.95677054,0.96673524,0.0099647045,0.95677054,0.97863376,0.021863222,0.95677054,0.95677054,0.0,,,,0.95677054,0.734833,-0.22193754,,,,,,,0.95677054,0.9444154,-0.012355149,23
4,1,0,0,0,1,1,1,0,0,2.0,3.0,2.0,2.0,2.0,1.0,4.0,4.0,8.0,4.0,4.0,3.0,9.0,0.35783273,0.8826761,0.5248434,0.35783273,0.37071,0.012877256,0.35783273,0.35783273,0.0,0.35783273,0.35783273,0.0,0.35783273,0.36635125,0.008518517,0.35783273,0.3263577,-0.031475037,0.35783273,0.37220493,0.0143722,0.35783273,0.35783273,0.0,,,,0.35783273,0.41418746,0.05635473,0.35783273,0.26602685,-0.091805875,0.35783273,0.31226644,-0.04556629,0.35783273,0.37282065,0.014987916,5
5,0,0,0,0,0,2,0,0,3,4.0,4.0,3.0,2.0,2.0,1.0,3.0,4.0,7.0,4.0,4.0,4.0,8.0,0.24670513,0.34726122,0.10055609,0.24670513,0.33291703,0.086211905,0.24670513,0.24670513,0.0,0.24670513,0.24670513,0.0,0.24670513,0.33738983,0.0906847,0.24670513,0.50457346,0.25786835,0.24670513,0.42506915,0.17836402,0.24670513,0.24670513,0.0,,,,0.24670513,0.14238127,-0.104323864,0.24670513,0.42147234,0.17476721,0.24670513,0.40560198,0.15889685,0.24670513,0.30840445,0.061699316,15
2,0,0,0,1,0,4,0,0,3,4.0,4.0,3.0,3.0,3.0,7.0,2.0,2.0,6.0,2.0,3.0,3.0,4.0,0.54689956,0.66106606,0.1141665,0.54689956,0.45133442,-0.09556514,0.54689956,0.54689956,0.0,0.54689956,0.54689956,0.0,0.54689956,0.61657876,0.0696792,0.54689956,0.8436626,0.29676306,0.54689956,0.44886836,-0.09803119,0.54689956,0.54689956,0.0,0.54689956,0.54689956,0.0,0.54689956,0.5350314,-0.011868179,0.54689956,0.5864205,0.03952092,0.54689956,0.465635,-0.081264555,0.54689956,0.66043556,0.113536,15
6,1,0,0,0,4,2,3,0,0,3.0,4.0,2.0,2.0,2.0,6.0,4.0,3.0,6.0,4.0,4.0,4.0,7.0,0.19562893,0.23546834,0.039839417,0.19562893,0.16098998,-0.03463894,0.19562893,0.19562893,0.0,0.19562893,0.19562893,0.0,0.19562893,0.113833755,-0.08179517,0.19562893,0.13263272,-0.06299621,0.19562893,0.14389464,-0.051734284,0.19562893,0.19562893,0.0,0.19562893,0.19562893,0.0,0.19562893,0.24285848,0.04722956,0.19562893,0.50866896,0.31304002,0.19562893,0.28163517,0.08600624,0.19562893,0.39595273,0.2003238,19
5,1,0,0,0,0,5,3,0,3,3.0,5.0,2.0,2.0,2.0,3.0,3.0,2.0,9.0,3.0,2.0,4.0,5.0,0.8698387,0.92771125,0.057872534,,,,0.8698387,0.8698387,0.0,0.8698387,0.8698387,0.0,0.8698387,0.83683884,-0.032999873,0.8698387,0.83255315,-0.037285566,0.8698387,0.88903576,0.019197047,0.8698387,0.8698387,0.0,0.8698387,0.8698387,0.0,0.8698387,0.5330507,-0.336788,0.8698387,0.852239,-0.017599702,0.8698387,0.9157567,0.045917988,0.8698387,0.8444554,-0.025383294,7
3,0,4,0,0,1,2,0,1,4,1.0,5.0,4.0,2.0,5.0,6.0,1.0,3.0,5.0,2.0,3.0,3.0,6.0,,,,,,,0.9481218,0.9481218,0.0,0.9481218,0.9481218,0.0,0.9481218,0.89478827,-0.05333352,0.9481218,0.9681276,0.020005822,0.9481218,0.9523077,0.004185915,0.9481218,0.9481218,0.0,0.9481218,0.9481218,0.0,0.9481218,0.96666193,0.018540144,0.9481218,0.9742856,0.026163816,0.9481218,0.91745555,-0.030666232,0.9481218,0.9555719,0.0074501038,2
2,1,3,0,2,1,1,0,3,2,2.0,2.0,1.0,2.0,2.0,0.0,2.0,1.0,10.0,5.0,5.0,5.0,0.0,0.6074697,0.24600294,-0.36146674,0.6074697,0.4507211,-0.15674856,,,,,,,,,,0.6074697,0.67771333,0.07024366,0.6074697,0.547125,-0.060344696,0.6074697,0.6074697,0.0,0.6074697,0.6074697,0.0,,,,,,,,,,0.6074697,0.6074697,0.0,16
2,0,2,0,0,0,9,0,2,4,3.0,2.0,2.0,2.0,2.0,2.0,3.0,3.0,7.0,3.0,4.0,2.0,8.0,0.5811448,0.7903513,0.20920646,0.5811448,0.6351993,0.0540545,0.5811448,0.5811448,0.0,0.5811448,0.5811448,0.0,0.5811448,0.6218705,0.040725708,0.5811448,0.58520925,0.0040644407,0.5811448,0.69273967,0.111594856,0.5811448,0.5811448,0.0,0.5811448,0.5811448,0.0,0.5811448,0.15873788,-0.4224069,0.5811448,0.87778825,0.29664344,0.5811448,0.52015954,-0.060985267,0.5811448,0.77957666,0.19843185,2
2,0,0,0,0,0,4,0,1,4,1.0,4.0,1.0,2.0,1.0,5.0,3.0,3.0,8.0,3.0,3.0,4.0,8.0,,,,0.9690178,0.9749502,0.0059323907,0.9690178,0.9690178,0.0,0.9690178,0.9690178,0.0,,,,0.9690178,0.96874267,-0.00027513504,,,,0.9690178,0.9690178,0.0,0.9690178,0.9690178,0.0,0.9690178,0.99078804,0.021770239,0.9690178,0.9176867,-0.051331103,0.9690178,0.98171884,0.012701035,0.9690178,0.98468274,0.015664935,2
1,1,5,0,0,0,1,0,0,1,1.0,4.0,2.0,2.0,2.0,3.0,3.0,3.0,10.0,4.0,2.0,3.0,9.0,,,,0.99141824,0.9925884,0.0011701584,0.99141824,0.99141824,0.0,0.99141824,0.99141824,0.0,0.99141824,0.990576,-0.00084221363,0.99141824,0.99419135,0.002773106,0.99141824,0.9937157,0.002297461,0.99141824,0.99141824,0.0,0.99141824,0.99141824,0.0,0.99141824,0.99294245,0.00152421,,,,0.99141824,0.992339,0.00092077255,0.99141824,0.9826917,-0.008726537,11
5,1,0,0,0,0,6,3,0,3,1.0,5.0,1.0,1.0,1.0,0.0,4.0,3.0,10.0,5.0,4.0,5.0,10.0,,,,,,,,,,0.99379325,0.99379325,0.0,,,,,,,,,,0.99379325,0.99379325,0.0,0.99379325,0.99379325,0.0,,,,,,,,,,,,,7
1,0,0,0,0,0,9,0,0,3,1.0,1.0,1.0,1.0,1.0,0.0,5.0,4.0,8.0,5.0,5.0,4.0,8.0,,,,0.99681467,0.98776674,-0.0090479255,,,,,,,,,,,,,,,,,,,,,,,,,0.99681467,0.99960965,0.002794981,0.99681467,0.9976025,0.0007878542,0.99681467,0.9964055,-0.0004091859,10
4,0,0,0,1,0,9,3,0,3,3.0,3.0,2.0,2.0,2.0,2.0,4.0,3.0,5.0,3.0,2.0,2.0,2.0,0.19359536,0.52229136,0.328696,0.19359536,0.47385657,0.28026122,0.19359536,0.19359536,0.0,0.19359536,0.19359536,0.0,0.19359536,0.19359536,0.0,0.19359536,0.37959358,0.18599822,0.19359536,0.21082735,0.017231986,0.19359536,0.19359536,0.0,0.19359536,0.19359536,0.0,0.19359536,0.14522244,-0.048372924,0.19359536,0.20848373,0.014888361,0.19359536,0.23111221,0.037516847,0.19359536,0.36650023,0.17290486,7
0,0,1,0,2,3,4,6,0,7,2.0,4.0,2.0,2.0,2.0,3.0,4.0,3.0,7.0,4.0,4.0,5.0,9.0,0.52639145,0.93167603,0.40528458,0.52639145,0.441658,-0.08473346,0.52639145,0.52639145,0.0,0.52639145,0.52639145,0.0,0.52639145,0.4890532,-0.037338257,0.52639145,0.68903035,0.1626389,0.52639145,0.6298298,0.10343838,0.52639145,0.52639145,0.0,0.52639145,0.52639145,0.0,0.52639145,0.37759697,-0.14879447,0.52639145,0.46112058,-0.06527087,,,,0.52639145,0.53329426,0.006902814,21
3,0,0,0,0,0,5,0,1,2,2.0,3.0,1.0,2.0,2.0,0.0,4.0,4.0,10.0,4.0,4.0,5.0,10.0,0.86897516,0.9324089,0.06343377,0.86897516,0.83489853,-0.03407663,0.86897516,0.86897516,0.0,0.86897516,0.86897516,0.0,,,,0.86897516,0.9400317,0.071056545,0.86897516,0.96705586,0.098080695,0.86897516,0.86897516,0.0,,,,,,,,,,,,,,,,2
0,1,0,0,0,3,6,6,0,8,2.0,2.0,3.0,2.0,3.0,6.0,4.0,3.0,7.0,4.0,4.0,2.0,8.0,0.88865095,0.9878049,0.099153936,0.88865095,0.9676069,0.07895595,0.88865095,0.88865095,0.0,0.88865095,0.88865095,0.0,0.88865095,0.92638534,0.03773439,0.88865095,0.95657784,0.06792688,0.88865095,0.7792171,-0.10943383,0.88865095,0.88865095,0.0,0.88865095,0.88865095,0.0,0.88865095,0.93111646,0.042465508,0.88865095,0.947261,0.058610022,0.88865095,0.91792095,0.029269993,0.88865095,0.89830506,0.009654105,8
2,1,0,0,0,0,1,0,1,4,2.0,5.0,2.0,3.0,2.0,2.0,3.0,3.0,9.0,3.0,3.0,4.0,8.0,0.9660412,0.99054986,0.024508655,,,,0.9660412,0.9660412,0.0,0.9660412,0.9660412,0.0,0.9660412,0.93291724,-0.03312397,0.9660412,0.9600699,-0.0059713125,0.9660412,0.9449921,-0.021049082,0.9660412,0.9660412,0.0,0.9660412,0.9660412,0.0,0.9660412,0.79611665,-0.16992456,0.9660412,0.96756804,0.0015268326,0.9660412,0.9560672,-0.009974003,0.9660412,0.93684775,-0.029193461,1
6,1,2,0,0,4,2,3,0,0,3.0,5.0,2.0,4.0,2.0,0.0,3.0,3.0,10.0,4.0,4.0,3.0,10.0,0.15176357,0.70676595,0.5550024,,,,0.15176357,0.15176357,0.0,0.15176357,0.15176357,0.0,0.15176357,0.09887166,-0.05289191,0.15176357,0.14412367,-0.0076399,0.15176357,0.10069567,-0.051067904,0.15176357,0.15176357,0.0,0.15176357,0.15176357,0.0,,,,,,,0.15176357,0.18966506,0.03790149,,,,19
3,0,0,0,0,0,8,0,0,5,1.0,4.0,1.0,1.0,1.0,0.0,4.0,4.0,8.0,4.0,4.0,4.0,8.0,,,,0.9969951,0.9979691,0.0009739995,0.9969951,0.9969951,0.0,0.9969951,0.9969951,0.0,,,,,,,,,,0.9969951,0.9969951,0.0,,,,,,,0.9969951,0.9977233,0.00072818995,0.9969951,0.99741554,0.00042045116,0.9969951,0.99512804,-0.0018670559,23
3,1,0,0,5,2,0,2,0,8,2.0,3.0,3.0,4.0,2.0,7.0,2.0,2.0,5.0,2.0,2.0,3.0,3.0,0.2748215,0.37535447,0.10053298,0.2748215,0.3158471,0.04102561,0.2748215,0.2748215,0.0,0.2748215,0.2748215,0.0,0.2748215,0.22117034,-0.053651154,0.2748215,0.38047555,0.10565406,0.2748215,0.19813572,-0.07668577,0.2748215,0.2748215,0.0,0.2748215,0.2748215,0.0,0.2748215,0.62837934,0.35355785,0.2748215,0.36562082,0.09079933,0.2748215,0.27869746,0.0038759708,0.2748215,0.39610493,0.12128344,13
2,1,6,0,2,2,4,2,3,4,4.0,3.0,3.0,3.0,2.0,3.0,3.0,3.0,6.0,4.0,3.0,2.0,8.0,0.2837454,0.39811516,0.11436975,0.2837454,0.57902,0.29527462,0.2837454,0.2837454,0.0,0.2837454,0.2837454,0.0,0.2837454,0.20559429,-0.07815112,0.2837454,0.866676,0.58293056,0.2837454,0.26866195,-0.015083462,0.2837454,0.2837454,0.0,0.2837454,0.2837454,0.0,0.2837454,0.16340695,-0.120338455,0.2837454,0.53351194,0.24976653,0.2837454,0.16164711,-0.1220983,0.2837454,0.212705,-0.07104041,16
3,1,1,0,0,0,1,0,0,2,2.0,4.0,2.0,4.0,4.0,5.0,4.0,3.0,8.0,4.0,4.0,3.0,9.0,0.7236453,0.9379611,0.21431577,0.7236453,0.7692016,0.045556247,0.7236453,0.7236453,0.0,0.7236453,0.7236453,0.0,0.7236453,0.71217734,-0.011467993,0.7236453,0.72040695,-0.00323838,0.7236453,0.77435654,0.050711215,0.7236453,0.7236453,0.0,0.7236453,0.7236453,0.0,0.7236453,0.83513445,0.11148912,0.7236453,0.6796154,-0.04402995,0.7236453,0.754088,0.030442655,0.7236453,0.6897008,-0.033944547,6
2,1,4,0,0,2,4,0,0,8,3.0,5.0,3.0,3.0,4.0,6.0,2.0,3.0,8.0,3.0,3.0,2.0,8.0,0.20815855,0.18588796,-0.02227059,,,,0.20815855,0.20815855,0.0,0.20815855,0.20815855,0.0,0.20815855,0.18628724,-0.021871313,0.20815855,0.4833659,0.27520734,0.20815855,0.16922595,-0.038932607,0.20815855,0.20815855,0.0,0.20815855,0.20815855,0.0,0.20815855,0.20453486,-0.0036236942,0.20815855,0.42139095,0.2132324,0.20815855,0.1608636,-0.04729496,0.20815855,0.10800265,-0.100155905,9
0,1,6,0,2,0,1,2,0,7,3.0,5.0,4.0,3.0,4.0,5.0,3.0,3.0,2.0,3.0,3.0,3.0,4.0,0.68378246,0.89667076,0.2128883,,,,0.68378246,0.68378246,0.0,0.68378246,0.68378246,0.0,0.68378246,0.6898255,0.006043017,0.68378246,0.93081313,0.24703068,0.68378246,0.7169236,0.033141136,0.68378246,0.68378246,0.0,0.68378246,0.68378246,0.0,0.68378246,0.5811606,-0.10262185,0.68378246,0.63571954,-0.04806292,0.68378246,0.7051349,0.02135247,0.68378246,0.65814674,-0.02563572,25
3,0,0,0,0,0,8,0,1,4,1.0,5.0,1.0,4.0,2.0,4.0,4.0,3.0,7.0,4.0,4.0,5.0,6.0,,,,,,,0.99793315,0.99793315,0.0,0.99793315,0.99793315,0.0,,,,0.99793315,0.9968561,-0.0010770559,0.99793315,0.99911326,0.0011801124,0.99793315,0.99793315,0.0,0.99793315,0.99793315,0.0,0.99793315,0.993476,-0.0044571757,0.99793315,0.998691,0.00075787306,,,,0.99793315,0.99675435,-0.0011788011,2
6,0,0,0,0,4,6,3,0,3,2.0,4.0,1.0,2.0,2.0,2.0,4.0,4.0,7.0,3.0,3.0,4.0,7.0,0.6849722,0.7411816,0.056209385,0.6849722,0.7931324,0.1081602,0.6849722,0.6849722,0.0,0.6849722,0.6849722,0.0,,,,0.6849722,0.5931401,-0.0918321,0.6849722,0.8762429,0.19127065,0.6849722,0.6849722,0.0,,,,0.6849722,0.3118983,-0.37307394,0.6849722,0.68799615,0.0030239224,0.6849722,0.6974873,0.012515068,0.6849722,0.73354113,0.048568904,19
3,1,1,0,2,1,2,1,0,5,3.0,4.0,2.0,3.0,3.0,6.0,3.0,3.0,7.0,4.0,4.0,4.0,8.0,0.68696153,0.35485104,-0.3321105,0.68696153,0.6593896,-0.027571917,0.68696153,0.68696153,0.0,0.68696153,0.68696153,0.0,0.68696153,0.64482975,-0.04213178,0.68696153,0.8034622,0.116500676,0.68696153,0.5504061,-0.13655543,0.68696153,0.68696153,0.0,0.68696153,0.68696153,0.0,0.68696153,0.5700835,-0.11687803,0.68696153,0.7843074,0.09734589,0.68696153,0.71899265,0.03203112,0.68696153,0.65834314,-0.028618395,4
5,1,1,0,0,0,6,3,0,3,2.0,4.0,2.0,2.0,2.0,0.0,5.0,4.0,8.0,5.0,4.0,4.0,10.0,0.80866456,0.96419704,0.15553248,0.80866456,0.920272,0.11160743,,,,0.80866456,0.80866456,0.0,0.80866456,0.82772857,0.01906401,0.80866456,0.81379783,0.005133271,0.80866456,0.9685074,0.15984285,,,,,,,,,,0.80866456,0.8895319,0.08086735,0.80866456,0.8539982,0.045333624,,,,5
2,0,6,0,0,0,8,0,1,2,1.0,2.0,1.0,1.0,1.0,9.0,3.0,3.0,10.0,4.0,5.0,3.0,10.0,,,,0.9721556,0.94893414,-0.023221433,0.9721556,0.9721556,0.0,,,,,,,,,,,,,0.9721556,0.9721556,0.0,0.9721556,0.9721556,0.0,0.9721556,0.9896998,0.01754421,,,,0.9721556,0.977482,0.00532645,,,,2
1,1,0,0,0,0,1,0,0,1,3.0,5.0,2.0,2.0,3.0,2.0,4.0,3.0,9.0,4.0,3.0,3.0,8.0,0.98679906,0.9944583,0.0076592565,,,,0.98679906,0.98679906,0.0,0.98679906,0.98679906,0.0,0.98679906,0.98532015,-0.0014789104,0.98679906,0.99507374,0.008274674,0.98679906,0.9846311,-0.0021679401,0.98679906,0.98679906,0.0,0.98679906,0.98679906,0.0,0.98679906,0.9604544,-0.026344657,0.98679906,0.98740476,0.0006057024,0.98679906,0.98065555,-0.0061435103,0.98679906,0.9656234,-0.021175683,11
5,1,0,0,0,0,6,3,0,0,3.0,4.0,2.0,2.0,2.0,5.0,3.0,3.0,7.0,3.0,3.0,3.0,7.0,0.5634887,0.8165975,0.2531088,0.5634887,0.6164642,0.052975476,0.5634887,0.5634887,0.0,0.5634887,0.5634887,0.0,0.5634887,0.5016451,-0.061843634,0.5634887,0.5520282,-0.011460543,0.5634887,0.5990811,0.035592377,0.5634887,0.5634887,0.0,0.5634887,0.5634887,0.0,0.5634887,0.83261836,0.26912963,0.5634887,0.58658725,0.023098528,0.5634887,0.64618456,0.08269584,0.5634887,0.5496209,-0.0138677955,5
2,1,2,0,2,2,2,4,1,2,2.0,5.0,2.0,2.0,4.0,2.0,4.0,3.0,8.0,4.0,4.0,4.0,9.0,0.38635403,0.82471806,0.43836403,,,,0.38635403,0.38635403,0.0,0.38635403,0.38635403,0.0,0.38635403,0.37747133,-0.008882701,0.38635403,0.5447506,0.15839654,0.38635403,0.28819144,-0.09816259,0.38635403,0.38635403,0.0,0.38635403,0.38635403,0.0,0.38635403,0.4879936,0.10163957,0.38635403,0.47908303,0.092729,0.38635403,0.2536889,-0.13266513,0.38635403,0.38197425,-0.004379779,16
5,0,0,0,0,0,7,3,0,3,3.0,3.0,2.0,3.0,3.0,2.0,2.0,3.0,8.0,3.0,4.0,4.0,8.0,0.822195,0.930427,0.10823202,0.822195,0.9534924,0.13129741,0.822195,0.822195,0.0,0.822195,0.822195,0.0,0.822195,0.7935542,-0.028640807,0.822195,0.7050197,-0.11717528,0.822195,0.73988503,-0.08230996,0.822195,0.822195,0.0,0.822195,0.822195,0.0,0.822195,0.42823723,-0.39395776,0.822195,0.9243322,0.10213721,0.822195,0.8435386,0.021343589,0.822195,0.55372036,-0.26847464,7
0,1,2,0,1,3,4,6,1,7,4.0,4.0,2.0,2.0,2.0,0.0,4.0,3.0,10.0,4.0,4.0,4.0,10.0,0.70615005,0.6272419,-0.078908145,0.70615005,0.83545655,0.1293065,0.70615005,0.70615005,0.0,0.70615005,0.70615005,0.0,0.70615005,0.63286424,-0.07328582,0.70615005,0.8309113,0.124761224,0.70615005,0.77374214,0.067592084,0.70615005,0.70615005,0.0,0.70615005,0.70615005,0.0,,,,,,,0.70615005,0.62470895,-0.081441104,,,,21
3,1,1,0,0,0,8,0,2,4,1.0,4.0,1.0,1.0,1.0,7.0,4.0,3.0,8.0,4.0,5.0,5.0,7.0,,,,0.20617895,0.15734535,-0.048833594,0.20617895,0.20617895,0.0,,,,,,,,,,,,,0.20617895,0.20617895,0.0,0.20617895,0.20617895,0.0,0.20617895,0.96428263,0.75810367,0.20617895,0.21388894,0.007709995,,,,0.20617895,0.30747727,0.10129832,2
4,0,1,0,0,0,7,1,0,5,1.0,5.0,1.0,2.0,1.0,0.0,4.0,3.0,9.0,5.0,5.0,3.0,9.0,,,,,,,,,,,,,,,,0.98505616,0.9889036,0.0038474202,,,,0.98505616,0.98505616,0.0,0.98505616,0.98505616,0.0,,,,0.98505616,0.9866753,0.0016191602,0.98505616,0.9896597,0.0046035647,0.98505616,0.9885753,0.0035191178,23
2,1,0,0,2,0,1,0,1,4,2.0,3.0,3.0,2.0,2.0,4.0,3.0,3.0,8.0,4.0,4.0,4.0,8.0,0.5551029,0.62414855,0.06904566,0.5551029,0.67633563,0.12123275,0.5551029,0.5551029,0.0,0.5551029,0.5551029,0.0,0.5551029,0.8286604,0.27355754,0.5551029,0.7584923,0.2033894,0.5551029,0.4773614,-0.077741474,0.5551029,0.5551029,0.0,0.5551029,0.5551029,0.0,0.5551029,0.30985194,-0.24525094,0.5551029,0.5723508,0.017247915,0.5551029,0.43236142,-0.12274146,0.5551029,0.5587211,0.0036182404,1
3,1,1,0,0,0,7,0,0,7,3.0,4.0,2.0,2.0,3.0,2.0,4.0,3.0,9.0,4.0,3.0,4.0,9.0,0.7654362,0.93702555,0.17158937,0.7654362,0.7654362,0.0,0.7654362,0.7654362,0.0,0.7654362,0.7654362,0.0,0.7654362,0.81839424,0.05295807,0.7654362,0.9041201,0.13868392,0.7654362,0.8169786,0.0515424,0.7654362,0.7654362,0.0,0.7654362,0.7654362,0.0,0.7654362,0.5448008,-0.22063535,0.7654362,0.7544634,-0.010972798,0.7654362,0.7353753,-0.030060887,0.7654362,0.75457454,-0.010861635,26
1,1,0,0,0,0,7,0,0,3,1.0,4.0,1.0,2.0,1.0,2.0,3.0,3.0,10.0,5.0,4.0,3.0,8.0,,,,0.998672,0.99902034,0.00034832954,,,,0.998672,0.998672,0.0,,,,0.998672,0.9992066,0.00053459406,,,,0.998672,0.998672,0.0,0.998672,0.998672,0.0,0.998672,0.9975636,-0.001108408,,,,0.998672,0.99660337,-0.0020686388,0.998672,0.9976172,-0.0010548234,10
2,1,1,0,0,1,4,0,2,4,1.0,4.0,2.0,2.0,2.0,3.0,4.0,4.0,8.0,4.0,4.0,4.0,7.0,,,,0.83469963,0.8627384,0.02803874,0.83469963,0.83469963,0.0,0.83469963,0.83469963,0.0,0.83469963,0.77001387,-0.06468576,0.83469963,0.8856352,0.050935566,0.83469963,0.92859715,0.09389752,0.83469963,0.83469963,0.0,,,,0.83469963,0.6053062,-0.22939342,0.83469963,0.7305409,-0.10415876,0.83469963,0.7946689,-0.040030718,0.83469963,0.9326615,0.09796184,3
2,1,1,0,0,1,3,0,0,0,1.0,5.0,1.0,1.0,1.0,7.0,4.0,3.0,6.0,4.0,4.0,4.0,2.0,,,,,,,0.6146011,0.6146011,0.0,0.6146011,0.6146011,0.0,,,,,,,,,,0.6146011,0.6146011,0.0,0.6146011,0.6146011,0.0,0.6146011,0.832359,0.21775794,0.6146011,0.42716396,-0.18743712,0.6146011,0.60994864,-0.0046524405,0.6146011,0.95110714,0.33650607,20
2,1,3,0,5,0,3,1,0,3,2.0,4.0,2.0,2.0,2.0,1.0,4.0,3.0,9.0,5.0,5.0,5.0,9.0,0.33889323,0.44625092,0.10735768,0.33889323,0.3055108,-0.033382446,,,,,,,0.33889323,0.30825102,-0.030642211,0.33889323,0.44418538,0.10529214,0.33889323,0.40739316,0.06849992,0.33889323,0.33889323,0.0,0.33889323,0.33889323,0.0,0.33889323,0.49337584,0.1544826,0.33889323,0.30743214,-0.03146109,,,,0.33889323,0.2763449,-0.06254834,9
2,1,2,0,2,1,5,4,3,2,2.0,2.0,2.0,2.0,2.0,5.0,4.0,3.0,5.0,4.0,4.0,5.0,5.0,0.076733835,0.29852292,0.22178909,0.076733835,0.15390408,0.077170245,0.076733835,0.076733835,0.0,0.076733835,0.076733835,0.0,0.076733835,0.076733835,0.0,0.076733835,0.11202888,0.035295047,0.076733835,0.114167854,0.03743402,0.076733835,0.076733835,0.0,0.076733835,0.076733835,0.0,0.076733835,0.16790704,0.09117321,0.076733835,0.08151499,0.004781157,,,,0.076733835,0.104400836,0.027667,16
1,0,0,0,0,0,5,0,0,1,3.0,3.0,2.0,2.0,2.0,5.0,2.0,2.0,7.0,5.0,2.0,4.0,10.0,0.89546233,0.95347965,0.058017313,0.89546233,0.95851,0.06304765,,,,0.89546233,0.89546233,0.0,0.89546233,0.9139432,0.018480837,0.89546233,0.96782523,0.0723629,0.89546233,0.9313372,0.035874844,0.89546233,0.89546233,0.0,0.89546233,0.89546233,0.0,0.89546233,0.97509944,0.07963711,0.89546233,0.8061557,-0.08930665,0.89546233,0.81514716,-0.08031517,,,,11
0,1,5,0,0,0,5,0,0,1,2.0,4.0,2.0,2.0,3.0,4.0,3.0,2.0,7.0,3.0,3.0,3.0,7.0,0.99311674,0.9973309,0.0042141676,0.99311674,0.99350256,0.00038582087,0.99311674,0.99311674,0.0,0.99311674,0.99311674,0.0,0.99311674,0.9913536,-0.001763165,0.99311674,0.9913328,-0.0017839074,0.99311674,0.9922781,-0.00083863735,0.99311674,0.99311674,0.0,0.99311674,0.99311674,0.0,0.99311674,0.98626536,-0.006851375,0.99311674,0.9889163,-0.0042004585,0.99311674,0.9941816,0.001064837,0.99311674,0.99424344,0.0011267066,11
3,0,0,0,1,0,5,0,0,5,1.0,5.0,1.0,2.0,2.0,4.0,4.0,3.0,7.0,4.0,4.0,5.0,8.0,,,,,,,0.98862773,0.98862773,0.0,0.98862773,0.98862773,0.0,,,,0.98862773,0.9960769,0.00744915,0.98862773,0.9953556,0.0067278743,0.98862773,0.98862773,0.0,0.98862773,0.98862773,0.0,0.98862773,0.99216706,0.0035393238,0.98862773,0.98390305,-0.0047246814,,,,0.98862773,0.9908439,0.0022161603,23
5,0,2,0,0,0,2,3,0,0,2.0,4.0,2.0,2.0,2.0,4.0,3.0,2.0,6.0,4.0,3.0,3.0,6.0,0.87447476,0.88860774,0.0141329765,0.87447476,0.9383248,0.063850045,0.87447476,0.87447476,0.0,0.87447476,0.87447476,0.0,0.87447476,0.8494639,-0.025010884,0.87447476,0.8301636,-0.044311166,0.87447476,0.89302945,0.018554688,0.87447476,0.87447476,0.0,0.87447476,0.87447476,0.0,0.87447476,0.7359075,-0.13856727,0.87447476,0.96701413,0.09253937,0.87447476,0.88933736,0.014862597,0.87447476,0.9131707,0.03869593,5
5,0,0,0,0,0,7,3,0,3,2.0,4.0,2.0,2.0,2.0,0.0,4.0,3.0,8.0,4.0,3.0,4.0,8.0,0.65329134,0.92155606,0.2682647,0.65329134,0.8531109,0.19981956,0.65329134,0.65329134,0.0,0.65329134,0.65329134,0.0,0.65329134,0.65329134,0.0,0.65329134,0.49194714,-0.1613442,0.65329134,0.89663684,0.2433455,0.65329134,0.65329134,0.0,0.65329134,0.65329134,0.0,,,,0.65329134,0.8612287,0.20793736,0.65329134,0.76942784,0.11613649,0.65329134,0.861819,0.20852768,7
3,0,0,0,0,0,6,0,0,0,2.0,5.0,2.0,1.0,2.0,7.0,3.0,3.0,7.0,4.0,3.0,3.0,7.0,0.99403447,0.98973364,-0.0043008327,,,,0.99403447,0.99403447,0.0,0.99403447,0.99403447,0.0,0.99403447,0.9867181,-0.007316351,,,,0.99403447,0.99737775,0.0033432841,0.99403447,0.99403447,0.0,0.99403447,0.99403447,0.0,0.99403447,0.9970561,0.0030216575,0.99403447,0.9702185,-0.02381599,0.99403447,0.9945651,0.00053066015,0.99403447,0.9944589,0.00042444468,15
0,1,0,0,0,0,4,0,0,3,2.0,5.0,1.0,4.0,1.0,5.0,4.0,4.0,8.0,5.0,4.0,3.0,6.0,0.91474223,0.966271,0.05152875,,,,,,,0.91474223,0.91474223,0.0,,,,0.91474223,0.86452204,-0.05022019,,,,0.91474223,0.91474223,0.0,,,,0.91474223,0.96408296,0.049340725,0.91474223,0.9432538,0.028511584,0.91474223,0.8489628,-0.06577945,0.91474223,0.92557085,0.010828614,11
2,1,0,0,0,0,2,1,2,2,2.0,4.0,2.0,2.0,1.0,2.0,4.0,4.0,7.0,4.0,4.0,4.0,10.0,0.9218882,0.98397934,0.06209117,0.9218882,0.9462602,0.024372041,0.9218882,0.9218882,0.0,0.9218882,0.9218882,0.0,0.9218882,0.9297567,0.007868528,0.9218882,0.9739677,0.0520795,,,,0.9218882,0.9218882,0.0,,,,0.9218882,0.8245668,-0.09732139,0.9218882,0.8711012,-0.050786972,0.9218882,0.79746425,-0.12442392,,,,3
5,1,2,0,4,2,7,3,0,3,2.0,4.0,2.0,2.0,2.0,2.0,3.0,3.0,8.0,3.0,3.0,4.0,8.0,0.5355177,0.8132856,0.2777679,0.5355177,0.53913534,0.0036176443,0.5355177,0.5355177,0.0,0.5355177,0.5355177,0.0,0.5355177,0.48899686,-0.04652083,0.5355177,0.4018704,-0.1336473,0.5355177,0.7329236,0.19740593,0.5355177,0.5355177,0.0,0.5355177,0.5355177,0.0,0.5355177,0.44457304,-0.09094465,0.5355177,0.69509155,0.15957385,0.5355177,0.5218506,-0.013667107,0.5355177,0.66705406,0.13153636,22
0,0,2,0,2,3,4,6,0,7,1.0,4.0,2.0,1.0,2.0,4.0,4.0,3.0,7.0,4.0,4.0,2.0,7.0,,,,0.94742393,0.9516139,0.004189968,0.94742393,0.94742393,0.0,0.94742393,0.94742393,0.0,0.94742393,0.9529723,0.005548358,,,,0.94742393,0.97025406,0.022830129,0.94742393,0.94742393,0.0,0.94742393,0.94742393,0.0,0.94742393,0.8352706,-0.11215335,0.94742393,0.95582825,0.0084043145,0.94742393,0.9134137,-0.03401023,0.94742393,0.97041804,0.022994101,21
1,1,1,0,0,0,5,0,0,3,1.0,2.0,1.0,1.0,2.0,7.0,4.0,3.0,8.0,4.0,4.0,3.0,8.0,,,,0.9597012,0.9376865,-0.022014678,0.9597012,0.9597012,0.0,0.9597012,0.9597012,0.0,,,,,,,0.9597012,0.9619924,0.0022912025,0.9597012,0.9597012,0.0,0.9597012,0.9597012,0.0,0.9597012,0.99262965,0.032928467,0.9597012,0.9348876,-0.024813592,0.9597012,0.9371985,-0.02250266,0.9597012,0.9559626,-0.0037385821,11
0,1,2,0,2,3,0,6,2,7,2.0,4.0,1.0,2.0,2.0,3.0,3.0,3.0,10.0,4.0,4.0,4.0,10.0,0.4939274,0.4288509,-0.0650765,0.4939274,0.55860853,0.06468114,0.4939274,0.4939274,0.0,0.4939274,0.4939274,0.0,,,,0.4939274,0.8136814,0.31975403,0.4939274,0.4357684,-0.058158994,0.4939274,0.4939274,0.0,0.4939274,0.4939274,0.0,0.4939274,0.5386117,0.04468432,,,,0.4939274,0.4691119,-0.0248155,,,,21
3,1,0,0,0,0,8,4,2,4,3.0,3.0,3.0,2.0,2.0,6.0,4.0,3.0,6.0,3.0,3.0,3.0,7.0,0.5323074,0.63014096,0.097833574,0.5323074,0.8748056,0.34249824,0.5323074,0.5323074,0.0,0.5323074,0.5323074,0.0,0.5323074,0.8111394,0.27883202,0.5323074,0.741587,0.2092796,0.5323074,0.5715239,0.03921652,0.5323074,0.5323074,0.0,0.5323074,0.5323074,0.0,0.5323074,0.2162907,-0.31601667,0.5323074,0.31922886,-0.21307853,0.5323074,0.28854567,-0.24376172,0.5323074,0.6776022,0.14529479,3
3,0,0,0,0,0,7,0,2,4,2.0,5.0,2.0,2.0,2.0,5.0,4.0,3.0,7.0,4.0,4.0,4.0,8.0,0.97881764,0.96220136,-0.016616285,,,,0.97881764,0.97881764,0.0,0.97881764,0.97881764,0.0,0.97881764,0.9758086,-0.0030090213,0.97881764,0.99088025,0.012062609,0.97881764,0.9908512,0.012033582,0.97881764,0.97881764,0.0,0.97881764,0.97881764,0.0,0.97881764,0.9959668,0.01714915,0.97881764,0.97631454,-0.002503097,0.97881764,0.9731671,-0.0056505203,0.97881764,0.9889081,0.01009047,2
4,1,0,0,0,0,5,2,0,2,3.0,4.0,1.0,1.0,1.0,7.0,4.0,3.0,6.0,3.0,4.0,2.0,6.0,0.98705494,0.97119665,-0.015858293,0.98705494,0.9819664,-0.0050885677,0.98705494,0.98705494,0.0,0.98705494,0.98705494,0.0,,,,,,,,,,0.98705494,0.98705494,0.0,0.98705494,0.98705494,0.0,0.98705494,0.95954245,-0.02751249,0.98705494,0.97728527,-0.009769678,0.98705494,0.98550457,-0.0015503764,0.98705494,0.97612643,-0.010928512,12
2,0,0,0,0,0,5,0,2,4,1.0,5.0,2.0,2.0,2.0,4.0,4.0,3.0,7.0,3.0,4.0,4.0,7.0,,,,,,,0.9773886,0.9773886,0.0,0.9773886,0.9773886,0.0,0.9773886,0.97795355,0.0005649328,0.9773886,0.99005413,0.01266551,0.9773886,0.979459,0.0020703673,0.9773886,0.9773886,0.0,0.9773886,0.9773886,0.0,0.9773886,0.9187525,-0.05863613,0.9773886,0.9572044,-0.020184219,0.9773886,0.9767383,-0.0006503463,0.9773886,0.9902519,0.012863278,2
5,1,0,0,0,0,8,3,0,0,1.0,4.0,1.0,1.0,1.0,2.0,4.0,3.0,8.0,4.0,3.0,3.0,8.0,,,,0.92773706,0.9608082,0.03307116,0.92773706,0.92773706,0.0,0.92773706,0.92773706,0.0,,,,,,,,,,0.92773706,0.92773706,0.0,0.92773706,0.92773706,0.0,0.92773706,0.81968206,-0.108054996,0.92773706,0.96298325,0.035246193,0.92773706,0.8874164,-0.040320635,0.92773706,0.98512846,0.057391405,7
5,1,6,0,3,2,3,3,0,0,2.0,3.0,2.0,2.0,2.0,1.0,3.0,3.0,10.0,3.0,4.0,4.0,9.0,0.32768977,0.50145763,0.17376786,0.32768977,0.48564994,0.15796018,0.32768977,0.32768977,0.0,0.32768977,0.32768977,0.0,0.32768977,0.28542027,-0.042269498,0.32768977,0.31460118,-0.013088584,0.32768977,0.28687406,-0.04081571,0.32768977,0.32768977,0.0,0.32768977,0.32768977,0.0,0.32768977,0.5758749,0.24818516,,,,0.32768977,0.36714962,0.039459854,0.32768977,0.28042164,-0.047268122,22
4,0,2,0,1,0,7,0,0,6,2.0,3.0,1.0,1.0,2.0,8.0,4.0,3.0,9.0,4.0,5.0,4.0,10.0,0.9376383,0.7956371,-0.14200121,0.9376383,0.88635004,-0.051288247,0.9376383,0.9376383,0.0,,,,,,,,,,0.9376383,0.9414551,0.003816843,0.9376383,0.9376383,0.0,0.9376383,0.9376383,0.0,0.9376383,0.71539354,-0.22224474,0.9376383,0.90813947,-0.029498816,0.9376383,0.95466423,0.017025948,,,,23
1,0,2,0,0,0,5,0,0,0,1.0,4.0,2.0,1.0,1.0,1.0,5.0,4.0,9.0,4.0,5.0,4.0,9.0,,,,0.8538554,0.89105546,0.037200093,0.8538554,0.8538554,0.0,,,,0.8538554,0.8746873,0.020831943,,,,,,,,,,,,,0.8538554,0.9194098,0.06555444,0.8538554,0.8109772,-0.04287815,0.8538554,0.927896,0.07404065,0.8538554,0.5305983,-0.3232571,10
0,1,3,0,1,3,2,6,1,7,1.0,5.0,2.0,2.0,2.0,1.0,3.0,3.0,8.0,4.0,4.0,4.0,8.0,,,,,,,0.55224264,0.55224264,0.0,0.55224264,0.55224264,0.0,0.55224264,0.364015,-0.18822762,0.55224264,0.73516405,0.18292141,0.55224264,0.49444094,-0.057801694,0.55224264,0.55224264,0.0,0.55224264,0.55224264,0.0,0.55224264,0.56737393,0.015131295,0.55224264,0.85592854,0.3036859,0.55224264,0.5934441,0.041201472,0.55224264,0.558882,0.0066393614,21
2,1,1,0,0,0,4,0,0,0,1.0,5.0,2.0,2.0,2.0,7.0,4.0,3.0,6.0,4.0,3.0,1.0,5.0,,,,,,,0.96117204,0.96117204,0.0,0.96117204,0.96117204,0.0,0.96117204,0.9557696,-0.005402446,0.96117204,0.98358756,0.022415519,0.96117204,0.9739986,0.012826562,0.96117204,0.96117204,0.0,0.96117204,0.96117204,0.0,0.96117204,0.97274745,0.011575401,0.96117204,0.9517843,-0.009387732,0.96117204,0.9623412,0.0011691451,0.96117204,0.97291744,0.011745393,20
3,0,0,0,1,0,1,0,0,0,1.0,5.0,1.0,1.0,1.0,8.0,3.0,2.0,2.0,4.0,4.0,2.0,6.0,,,,,,,0.9221415,0.9221415,0.0,0.9221415,0.9221415,0.0,,,,,,,,,,0.9221415,0.9221415,0.0,0.9221415,0.9221415,0.0,0.9221415,0.9471026,0.024961114,0.9221415,0.9060962,-0.016045272,0.9221415,0.9366716,0.014530122,0.9221415,0.8786144,-0.043527067,15
4,0,0,0,0,0,3,3,0,3,3.0,4.0,2.0,1.0,2.0,2.0,3.0,3.0,6.0,3.0,3.0,4.0,3.0,0.84393114,0.9601289,0.116197765,0.84393114,0.8913644,0.047433257,0.84393114,0.84393114,0.0,0.84393114,0.84393114,0.0,0.84393114,0.88227195,0.038340807,,,,0.84393114,0.82373124,-0.020199895,0.84393114,0.84393114,0.0,0.84393114,0.84393114,0.0,0.84393114,0.61435664,-0.2295745,0.84393114,0.6226015,-0.22132963,0.84393114,0.81842464,-0.025506496,0.84393114,0.95241904,0.108487904,7
2,1,0,0,2,0,2,1,2,2,3.0,3.0,2.0,2.0,1.0,0.0,3.0,3.0,8.0,4.0,4.0,4.0,9.0,0.7497727,0.8127054,0.06293267,0.7497727,0.87081784,0.12104511,0.7497727,0.7497727,0.0,0.7497727,0.7497727,0.0,0.7497727,0.79737747,0.04760474,0.7497727,0.9240186,0.1742459,,,,0.7497727,0.7497727,0.0,0.7497727,0.7497727,0.0,,,,0.7497727,0.75584716,0.0060744286,0.7497727,0.638514,-0.111258745,0.7497727,0.78993285,0.04016012,16
5,0,2,0,1,0,5,3,1,4,2.0,2.0,2.0,2.0,2.0,3.0,4.0,3.0,7.0,4.0,3.0,3.0,6.0,0.67284673,0.88209754,0.20925081,0.67284673,0.8967426,0.22389585,0.67284673,0.67284673,0.0,0.67284673,0.67284673,0.0,0.67284673,0.67284673,0.0,0.67284673,0.5915719,-0.08127481,0.67284673,0.7656031,0.09275639,0.67284673,0.67284673,0.0,0.67284673,0.67284673,0.0,0.67284673,0.42288223,-0.2499645,0.67284673,0.5924673,-0.08037943,0.67284673,0.79967207,0.12682533,0.67284673,0.5650013,-0.107845426,18
0,1,0,0,1,3,2,6,0,1,1.0,4.0,1.0,1.0,1.0,4.0,4.0,4.0,7.0,5.0,4.0,3.0,7.0,,,,0.99890316,0.9992291,0.0003259182,,,,0.99890316,0.99890316,0.0,,,,,,,,,,0.99890316,0.99890316,0.0,,,,0.99890316,0.9979406,-0.0009625554,0.99890316,0.9991013,0.00019812584,0.99890316,0.9972216,-0.0016815662,0.99890316,0.99920386,0.00030070543,8
3,0,3,0,4,0,5,0,0,1,2.0,2.0,2.0,2.0,2.0,5.0,4.0,3.0,7.0,4.0,5.0,3.0,8.0,0.4707865,0.69160944,0.22082293,0.4707865,0.7148179,0.24403137,0.4707865,0.4707865,0.0,,,,0.4707865,0.4707865,0.0,0.4707865,0.6161456,0.1453591,0.4707865,0.61401826,0.14323175,0.4707865,0.4707865,0.0,0.4707865,0.4707865,0.0,0.4707865,0.47957823,0.008791715,0.4707865,0.23607378,-0.23471273,0.4707865,0.54183346,0.07104695,0.4707865,0.4609634,-0.009823114,9
3,0,0,0,0,0,2,0,0,0,2.0,4.0,3.0,1.0,3.0,7.0,2.0,3.0,6.0,2.0,3.0,2.0,3.0,0.9296437,0.9070136,-0.022630095,0.9296437,0.98185456,0.052210867,0.9296437,0.9296437,0.0,0.9296437,0.9296437,0.0,0.9296437,0.85487264,-0.07477105,,,,0.9296437,0.9029672,-0.026676476,0.9296437,0.9296437,0.0,0.9296437,0.9296437,0.0,0.9296437,0.98890764,0.059263945,0.9296437,0.9070628,-0.022580862,0.9296437,0.9641432,0.034499526,0.9296437,0.94891554,0.01927185,15
3,1,0,0,0,1,2,1,1,4,2.0,3.0,2.0,2.0,2.0,2.0,3.0,3.0,7.0,4.0,4.0,4.0,8.0,0.7395909,0.95494694,0.21535605,0.7395909,0.85098505,0.11139417,0.7395909,0.7395909,0.0,0.7395909,0.7395909,0.0,0.7395909,0.63031894,-0.10927194,0.7395909,0.83528876,0.09569788,0.7395909,0.700114,-0.03947687,0.7395909,0.7395909,0.0,0.7395909,0.7395909,0.0,0.7395909,0.2392531,-0.5003378,0.7395909,0.8413963,0.10180539,0.7395909,0.81735164,0.077760756,0.7395909,0.7690532,0.029462337,3
2,1,2,0,0,0,8,6,0,0,2.0,4.0,2.0,1.0,2.0,5.0,4.0,3.0,9.0,4.0,4.0,4.0,10.0,0.6640103,0.45798874,-0.20602155,0.6640103,0.68428147,0.020271182,0.6640103,0.6640103,0.0,0.6640103,0.6640103,0.0,0.6640103,0.6351503,-0.028859973,,,,0.6640103,0.76303095,0.09902066,0.6640103,0.6640103,0.0,0.6640103,0.6640103,0.0,0.6640103,0.83126867,0.16725838,0.6640103,0.5964123,-0.067597985,0.6640103,0.683364,0.019353688,,,,20
3,1,0,0,0,1,3,0,2,8,3.0,4.0,2.0,3.0,3.0,2.0,4.0,3.0,8.0,4.0,4.0,4.0,7.0,0.59949535,0.855731,0.25623566,0.59949535,0.53668445,-0.0628109,0.59949535,0.59949535,0.0,0.59949535,0.59949535,0.0,0.59949535,0.5001425,-0.09935284,0.59949535,0.75164086,0.1521455,0.59949535,0.62366164,0.024166286,0.59949535,0.59949535,0.0,0.59949535,0.59949535,0.0,0.59949535,0.5208422,-0.07865316,0.59949535,0.6354081,0.035912752,0.59949535,0.47735733,-0.12213802,0.59949535,0.47169167,-0.12780368,1
3,0,2,0,0,0,4,0,2,4,1.0,3.0,3.0,3.0,3.0,2.0,5.0,3.0,10.0,5.0,5.0,2.0,10.0,,,,0.7553083,0.6598324,-0.09547585,,,,,,,0.7553083,0.9616138,0.2063055,0.7553083,0.6690297,-0.08627856,0.7553083,0.7686785,0.013370216,,,,0.7553083,0.7553083,0.0,0.7553083,0.5571939,-0.1981144,,,,0.7553083,0.7874309,0.032122612,,,,2
4,1,5,0,0,1,2,7,0,0,1.0,5.0,4.0,4.0,2.0,1.0,4.0,3.0,8.0,3.0,4.0,3.0,10.0,,,,,,,0.9828621,0.9828621,0.0,0.9828621,0.9828621,0.0,0.9828621,0.9863984,0.003536284,0.9828621,0.98112375,-0.0017383695,0.9828621,0.986784,0.0039218664,0.9828621,0.9828621,0.0,0.9828621,0.9828621,0.0,0.9828621,0.98362124,0.00075912476,0.9828621,0.9774541,-0.005407989,0.9828621,0.97811025,-0.004751861,,,,6
3,1,1,0,0,0,7,0,3,4,2.0,4.0,3.0,3.0,2.0,3.0,4.0,3.0,6.0,2.0,2.0,2.0,3.0,0.9354201,0.9591598,0.023739696,0.9354201,0.9542975,0.018877387,0.9354201,0.9354201,0.0,0.9354201,0.9354201,0.0,0.9354201,0.9193231,-0.01609701,0.9354201,0.9665867,0.031166613,0.9354201,0.96948236,0.034062266,0.9354201,0.9354201,0.0,0.9354201,0.9354201,0.0,0.9354201,0.68918836,-0.24623173,0.9354201,0.8789756,-0.056444526,0.9354201,0.9240843,-0.01133579,0.9354201,0.9221873,-0.013232768,3
1,1,1,0,0,0,5,0,0,0,1.0,5.0,2.0,1.0,2.0,5.0,4.0,4.0,6.0,5.0,5.0,3.0,8.0,,,,,,,,,,,,,0.9710787,0.95496225,-0.01611644,,,,0.9710787,0.9937919,0.022713184,0.9710787,0.9710787,0.0,,,,0.9710787,0.9940229,0.022944212,0.9710787,0.91403985,-0.057038844,0.9710787,0.96272093,-0.008357763,0.9710787,0.9734032,0.0023245215,20
5,0,0,0,0,0,6,3,0,3,1.0,4.0,2.0,2.0,2.0,3.0,4.0,3.0,8.0,3.0,3.0,3.0,7.0,,,,0.91655385,0.9363919,0.019838035,0.91655385,0.91655385,0.0,0.91655385,0.91655385,0.0,0.91655385,0.91466993,-0.001883924,0.91655385,0.85667413,-0.05987972,0.91655385,0.9492345,0.03268063,0.91655385,0.91655385,0.0,0.91655385,0.91655385,0.0,0.91655385,0.81388754,-0.10266632,0.91655385,0.94505686,0.028503,0.91655385,0.93897885,0.022424996,0.91655385,0.919858,0.0033041239,7
5,0,2,0,0,0,2,3,0,0,2.0,5.0,2.0,3.0,2.0,0.0,4.0,3.0,9.0,5.0,5.0,4.0,9.0,0.823726,0.90757257,0.08384657,,,,,,,,,,0.823726,0.81191903,-0.011806965,0.823726,0.9155173,0.09179127,0.823726,0.78485477,-0.03887123,0.823726,0.823726,0.0,0.823726,0.823726,0.0,,,,0.823726,0.6594573,-0.16426867,0.823726,0.82612,0.0023940206,0.823726,0.8608459,0.037119925,5
2,1,1,0,0,0,2,0,0,0,1.0,4.0,2.0,2.0,4.0,8.0,2.0,1.0,5.0,4.0,4.0,1.0,5.0,,,,0.9125609,0.9680083,0.0554474,0.9125609,0.9125609,0.0,0.9125609,0.9125609,0.0,0.9125609,0.9163071,0.0037462115,0.9125609,0.9586767,0.046115816,0.9125609,0.90276647,-0.009794414,0.9125609,0.9125609,0.0,0.9125609,0.9125609,0.0,0.9125609,0.78148097,-0.13107991,0.9125609,0.9301593,0.01759839,0.9125609,0.9285016,0.015940726,0.9125609,0.95653343,0.04397255,20
2,1,4,0,0,0,5,1,1,4,2.0,2.0,3.0,3.0,3.0,0.0,2.0,3.0,10.0,4.0,4.0,5.0,10.0,0.32124168,0.6408707,0.319629,0.32124168,0.4333502,0.11210853,0.32124168,0.32124168,0.0,0.32124168,0.32124168,0.0,0.32124168,0.4551365,0.13389483,0.32124168,0.3701372,0.048895538,0.32124168,0.30238128,-0.0188604,0.32124168,0.32124168,0.0,0.32124168,0.32124168,0.0,,,,,,,,,,,,,3
2,0,1,0,0,0,1,0,0,0,1.0,4.0,3.0,3.0,1.0,4.0,4.0,3.0,4.0,3.0,5.0,2.0,3.0,,,,0.9246547,0.9312319,0.0065771937,0.9246547,0.9246547,0.0,,,,0.9246547,0.8686368,-0.056017935,0.9246547,0.955749,0.031094253,,,,0.9246547,0.9246547,0.0,0.9246547,0.9246547,0.0,0.9246547,0.91776603,-0.0068886876,0.9246547,0.96353775,0.03888303,0.9246547,0.9469748,0.022320092,0.9246547,0.9796705,0.055015802,20
3,0,0,0,0,0,9,0,0,3,2.0,4.0,3.0,2.0,3.0,2.0,4.0,3.0,9.0,3.0,4.0,4.0,7.0,0.957961,0.9839099,0.025948882,0.957961,0.9700714,0.0121103525,0.957961,0.957961,0.0,0.957961,0.957961,0.0,0.957961,0.9392372,-0.018723845,0.957961,0.9787676,0.020806551,0.957961,0.9565053,-0.0014557242,0.957961,0.957961,0.0,0.957961,0.957961,0.0,0.957961,0.7848418,-0.17311925,0.957961,0.96093106,0.0029700398,0.957961,0.9540805,-0.0038805008,0.957961,0.9375389,-0.020422101,23
3,0,0,0,0,0,9,0,2,4,2.0,2.0,3.0,4.0,1.0,3.0,1.0,2.0,10.0,5.0,4.0,2.0,10.0,0.9250258,0.983727,0.058701158,0.9250258,0.9790871,0.054061294,,,,0.9250258,0.9250258,0.0,0.9250258,0.9280462,0.0030204058,0.9250258,0.9653913,0.040365458,,,,0.9250258,0.9250258,0.0,0.9250258,0.9250258,0.0,0.9250258,0.9527914,0.027765572,,,,0.9250258,0.91464657,-0.010379255,,,,2
3,0,0,0,0,0,7,0,0,5,2.0,3.0,2.0,3.0,3.0,8.0,4.0,3.0,5.0,3.0,4.0,3.0,7.0,0.97880596,0.9898155,0.011009514,0.97880596,0.98426545,0.0054594874,0.97880596,0.97880596,0.0,0.97880596,0.97880596,0.0,0.97880596,0.98118275,0.0023767948,0.97880596,0.9842017,0.00539577,0.97880596,0.9752588,-0.003547132,0.97880596,0.97880596,0.0,0.97880596,0.97880596,0.0,0.97880596,0.895468,-0.08333796,0.97880596,0.9769403,-0.001865685,0.97880596,0.98336095,0.004554987,0.97880596,0.9747394,-0.0040665865,23
1,1,3,0,0,1,6,0,0,1,1.0,5.0,1.0,1.0,2.0,3.0,5.0,4.0,5.0,3.0,4.0,2.0,4.0,,,,,,,0.78141123,0.78141123,0.0,0.78141123,0.78141123,0.0,,,,,,,0.78141123,0.87595415,0.09454292,,,,,,,0.78141123,0.861675,0.08026379,0.78141123,0.8790296,0.09761834,0.78141123,0.66817313,-0.113238096,0.78141123,0.768276,-0.013135254,11
1,1,0,0,2,0,2,1,2,4,5.0,5.0,2.0,3.0,3.0,5.0,1.0,1.0,8.0,4.0,4.0,4.0,5.0,0.3292616,0.3292616,0.0,,,,0.3292616,0.3292616,0.0,0.3292616,0.3292616,0.0,0.3292616,0.28882658,-0.040435016,0.3292616,0.6755422,0.34628057,0.3292616,0.5587246,0.22946298,0.3292616,0.3292616,0.0,0.3292616,0.3292616,0.0,0.3292616,0.3000582,-0.029203415,0.3292616,0.25638574,-0.07287586,0.3292616,0.34966698,0.020405382,0.3292616,0.3236398,-0.005621791,3
2,1,4,0,2,1,2,0,2,4,3.0,4.0,2.0,3.0,3.0,2.0,3.0,3.0,8.0,4.0,4.0,4.0,8.0,0.19618174,0.08582987,-0.110351875,0.19618174,0.15525928,-0.040922463,0.19618174,0.19618174,0.0,0.19618174,0.19618174,0.0,0.19618174,0.16918501,-0.026996732,0.19618174,0.3795963,0.18341455,0.19618174,0.33567733,0.13949558,0.19618174,0.19618174,0.0,0.19618174,0.19618174,0.0,0.19618174,0.13175713,-0.06442462,0.19618174,0.21808785,0.021906108,0.19618174,0.1437713,-0.05241044,0.19618174,0.15676546,-0.039416283,3
2,1,2,0,0,0,8,0,0,0,2.0,4.0,2.0,2.0,4.0,5.0,3.0,1.0,8.0,4.0,4.0,3.0,8.0,0.7719357,0.8861589,0.11422318,0.7719357,0.75827676,-0.013658941,0.7719357,0.7719357,0.0,0.7719357,0.7719357,0.0,0.7719357,0.76029813,-0.0116375685,0.7719357,0.6508752,-0.12106049,0.7719357,0.7329851,-0.038950622,0.7719357,0.7719357,0.0,0.7719357,0.7719357,0.0,0.7719357,0.8441834,0.072247684,0.7719357,0.6322656,-0.13967007,0.7719357,0.6962011,-0.075734615,0.7719357,0.82383025,0.051894546,17
3,0,2,0,4,1,7,0,1,4,1.0,3.0,1.0,1.0,1.0,1.0,4.0,4.0,8.0,4.0,4.0,5.0,8.0,,,,0.8842808,0.7915679,-0.09271288,0.8842808,0.8842808,0.0,0.8842808,0.8842808,0.0,,,,,,,,,,0.8842808,0.8842808,0.0,,,,0.8842808,0.873271,-0.011009812,0.8842808,0.9655854,0.08130461,,,,0.8842808,0.9305362,0.04625541,0
3,1,1,0,0,0,2,0,3,4,2.0,4.0,2.0,2.0,2.0,0.0,4.0,3.0,10.0,4.0,3.0,4.0,8.0,0.57335174,0.7395904,0.16623867,0.57335174,0.6600925,0.08674073,0.57335174,0.57335174,0.0,0.57335174,0.57335174,0.0,0.57335174,0.50592506,-0.06742668,0.57335174,0.6806433,0.10729158,0.57335174,0.538265,-0.03508675,0.57335174,0.57335174,0.0,0.57335174,0.57335174,0.0,,,,,,,0.57335174,0.5308788,-0.04247296,0.57335174,0.47747472,-0.09587702,2
6,0,1,0,5,4,2,3,0,3,3.0,4.0,1.0,1.0,2.0,7.0,2.0,3.0,7.0,2.0,4.0,3.0,7.0,0.6255375,0.56988555,-0.055651963,0.6255375,0.67532164,0.049784124,0.6255375,0.6255375,0.0,0.6255375,0.6255375,0.0,,,,,,,0.6255375,0.56414497,-0.061392546,0.6255375,0.6255375,0.0,0.6255375,0.6255375,0.0,0.6255375,0.5764887,-0.04904884,0.6255375,0.46635568,-0.15918183,0.6255375,0.5718341,-0.053703427,0.6255375,0.7712111,0.14567357,24
4,0,6,0,0,0,5,0,0,3,2.0,4.0,2.0,3.0,2.0,3.0,4.0,3.0,9.0,3.0,4.0,5.0,9.0,0.94805986,0.9875832,0.039523363,0.94805986,0.8840486,-0.064011276,0.94805986,0.94805986,0.0,0.94805986,0.94805986,0.0,0.94805986,0.9538359,0.0057760477,0.94805986,0.9585415,0.010481656,0.94805986,0.9751144,0.027054548,0.94805986,0.94805986,0.0,0.94805986,0.94805986,0.0,0.94805986,0.9032763,-0.044783533,0.94805986,0.9462261,-0.0018337369,,,,0.94805986,0.936004,-0.012055874,23
5,1,6,0,0,3,7,3,0,0,1.0,4.0,1.0,1.0,1.0,7.0,3.0,3.0,9.0,5.0,5.0,3.0,7.0,,,,0.9241138,0.93134475,0.0072309375,,,,,,,,,,,,,,,,0.9241138,0.9241138,0.0,0.9241138,0.9241138,0.0,0.9241138,0.96214175,0.038027942,0.9241138,0.9570283,0.03291452,0.9241138,0.8682445,-0.05586928,0.9241138,0.9332421,0.0091282725,5
5,1,0,0,2,0,5,0,0,0,1.0,3.0,1.0,1.0,1.0,0.0,4.0,4.0,10.0,5.0,5.0,2.0,0.0,,,,0.62798303,0.5761458,-0.051837206,,,,,,,,,,,,,,,,0.62798303,0.62798303,0.0,,,,,,,,,,0.62798303,0.70890933,0.0809263,0.62798303,0.70116544,0.073182404,7
4,1,1,0,0,0,1,3,0,3,2.0,3.0,3.0,4.0,2.0,8.0,2.0,3.0,7.0,2.0,4.0,3.0,7.0,0.6576027,0.9634438,0.3058411,0.6576027,0.7385116,0.080908895,0.6576027,0.6576027,0.0,0.6576027,0.6576027,0.0,0.6576027,0.71562743,0.058024704,0.6576027,0.65396047,-0.003642261,0.6576027,0.66036534,0.0027626157,0.6576027,0.6576027,0.0,0.6576027,0.6576027,0.0,0.6576027,0.71219933,0.054596603,0.6576027,0.70591307,0.04831034,0.6576027,0.6030804,-0.054522336,0.6576027,0.37366834,-0.28393438,5
5,0,0,0,4,1,8,0,0,0,1.0,3.0,2.0,2.0,2.0,3.0,3.0,3.0,9.0,4.0,3.0,4.0,8.0,,,,0.9449508,0.9398377,-0.005113125,0.9449508,0.9449508,0.0,0.9449508,0.9449508,0.0,0.9449508,0.93663603,-0.008314788,0.9449508,0.9300609,-0.014889896,0.9449508,0.9573845,0.012433708,0.9449508,0.9449508,0.0,0.9449508,0.9449508,0.0,0.9449508,0.94272316,-0.002227664,0.9449508,0.96471924,0.019768417,0.9449508,0.86593014,-0.07902068,0.9449508,0.980004,0.035053194,22
4,1,0,0,1,0,9,0,0,3,1.0,3.0,2.0,2.0,2.0,2.0,4.0,3.0,8.0,4.0,4.0,4.0,8.0,,,,0.96153015,0.9746558,0.013125658,0.96153015,0.96153015,0.0,0.96153015,0.96153015,0.0,0.96153015,0.9666571,0.005126953,0.96153015,0.9775104,0.015980244,0.96153015,0.9816605,0.020130336,0.96153015,0.96153015,0.0,0.96153015,0.96153015,0.0,0.96153015,0.9665936,0.005063474,0.96153015,0.9872498,0.025719643,0.96153015,0.9757362,0.014206052,0.96153015,0.9411142,-0.020415962,12
0,1,3,0,2,3,3,6,0,7,2.0,4.0,4.0,4.0,4.0,2.0,3.0,3.0,8.0,4.0,4.0,2.0,7.0,0.31270316,0.55501205,0.24230888,0.31270316,0.30670023,-0.006002933,0.31270316,0.31270316,0.0,0.31270316,0.31270316,0.0,0.31270316,0.31658834,0.0038851798,0.31270316,0.35223815,0.039534986,0.31270316,0.28330812,-0.029395044,0.31270316,0.31270316,0.0,0.31270316,0.31270316,0.0,0.31270316,0.13796966,-0.1747335,0.31270316,0.5036168,0.19091365,0.31270316,0.25779906,-0.054904103,0.31270316,0.44789922,0.13519606,21
1,0,0,0,0,0,1,0,0,1,1.0,4.0,1.0,2.0,2.0,3.0,3.0,3.0,5.0,4.0,3.0,2.0,7.0,,,,0.9466852,0.97117627,0.024491072,0.9466852,0.9466852,0.0,0.9466852,0.9466852,0.0,,,,0.9466852,0.9794489,0.03276372,0.9466852,0.9604809,0.013795733,0.9466852,0.9466852,0.0,0.9466852,0.9466852,0.0,0.9466852,0.96202713,0.015341938,0.9466852,0.98855513,0.04186994,0.9466852,0.9709838,0.024298608,0.9466852,0.9707615,0.024076283,11
3,0,1,0,0,0,7,0,2,4,2.0,5.0,2.0,2.0,4.0,6.0,4.0,3.0,7.0,4.0,4.0,4.0,8.0,0.8614184,0.79372317,-0.06769526,,,,0.8614184,0.8614184,0.0,0.8614184,0.8614184,0.0,0.8614184,0.87528217,0.013863742,0.8614184,0.9359624,0.07454395,0.8614184,0.8553571,-0.0060613155,0.8614184,0.8614184,0.0,0.8614184,0.8614184,0.0,0.8614184,0.98249996,0.12108153,0.8614184,0.8060868,-0.055331647,0.8614184,0.8298934,-0.031525016,0.8614184,0.93302876,0.07161033,2
2,1,2,0,0,0,3,0,2,4,2.0,3.0,3.0,4.0,2.0,2.0,3.0,3.0,5.0,4.0,4.0,5.0,8.0,0.74982214,0.8994228,0.14960068,0.74982214,0.837332,0.08750987,0.74982214,0.74982214,0.0,0.74982214,0.74982214,0.0,0.74982214,0.857724,0.10790187,0.74982214,0.6919644,-0.05785775,0.74982214,0.8429444,0.093122244,0.74982214,0.74982214,0.0,0.74982214,0.74982214,0.0,0.74982214,0.47383854,-0.2759836,0.74982214,0.85876554,0.1089434,,,,0.74982214,0.55851954,-0.1913026,2
5,1,3,0,2,1,1,7,0,5,3.0,4.0,4.0,3.0,3.0,4.0,2.0,1.0,6.0,4.0,4.0,2.0,8.0,0.18270376,0.5773629,0.39465913,0.18270376,0.23366717,0.0509634,0.18270376,0.18270376,0.0,0.18270376,0.18270376,0.0,0.18270376,0.33918038,0.15647662,0.18270376,0.5080538,0.32535002,0.18270376,0.1760725,-0.00663127,0.18270376,0.18270376,0.0,0.18270376,0.18270376,0.0,0.18270376,0.22777025,0.04506649,0.18270376,0.3180965,0.13539273,0.18270376,0.0738077,-0.10889606,0.18270376,0.13213784,-0.05056593,22
0,1,5,0,0,0,2,1,2,7,1.0,1.0,1.0,1.0,1.0,10.0,5.0,4.0,10.0,5.0,5.0,3.0,10.0,,,,0.98266315,0.9824174,-0.00024574995,,,,,,,,,,,,,,,,,,,,,,0.98266315,0.9918184,0.009155273,,,,0.98266315,0.97335964,-0.00930351,,,,25
3,0,2,0,3,0,2,4,2,4,3.0,4.0,3.0,2.0,3.0,7.0,4.0,2.0,7.0,3.0,2.0,2.0,7.0,0.6346053,0.61711,-0.017495275,0.6346053,0.6346053,0.0,0.6346053,0.6346053,0.0,0.6346053,0.6346053,0.0,0.6346053,0.7706565,0.13605124,0.6346053,0.5052082,-0.1293971,0.6346053,0.70962816,0.075022876,0.6346053,0.6346053,0.0,0.6346053,0.6346053,0.0,0.6346053,0.69208485,0.05747956,0.6346053,0.41299716,-0.22160813,0.6346053,0.6777815,0.043176234,0.6346053,0.6411511,0.006545782,16
1,0,2,0,5,1,7,7,2,8,2.0,4.0,2.0,3.0,2.0,1.0,3.0,2.0,8.0,3.0,4.0,4.0,10.0,0.98726904,0.9872607,-8.34465e-06,0.98726904,0.99156743,0.004298389,0.98726904,0.98726904,0.0,0.98726904,0.98726904,0.0,0.98726904,0.98655915,-0.0007098913,0.98726904,0.9827995,-0.0044695735,0.98726904,0.9938757,0.0066066384,0.98726904,0.98726904,0.0,0.98726904,0.98726904,0.0,0.98726904,0.9922827,0.0050136447,0.98726904,0.9904067,0.003137648,0.98726904,0.9856069,-0.0016621351,,,,0
2,0,1,0,0,0,2,0,2,4,2.0,2.0,2.0,2.0,3.0,8.0,3.0,3.0,8.0,3.0,3.0,4.0,8.0,0.8000961,0.82409096,0.023994863,0.8000961,0.95496255,0.15486646,0.8000961,0.8000961,0.0,0.8000961,0.8000961,0.0,0.8000961,0.80016184,6.574392e-05,0.8000961,0.93876594,0.13866985,0.8000961,0.7676796,-0.032416523,0.8000961,0.8000961,0.0,0.8000961,0.8000961,0.0,0.8000961,0.87538755,0.075291455,0.8000961,0.7153633,-0.08473277,0.8000961,0.9281972,0.12810111,0.8000961,0.8728772,0.072781086,2
2,0,0,0,1,0,1,0,0,7,2.0,3.0,2.0,2.0,2.0,3.0,4.0,3.0,7.0,4.0,4.0,4.0,8.0,0.74097866,0.9716267,0.23064804,0.74097866,0.81063676,0.0696581,0.74097866,0.74097866,0.0,0.74097866,0.74097866,0.0,0.74097866,0.7112788,-0.029699862,0.74097866,0.9313038,0.19032514,0.74097866,0.68578947,-0.055189192,0.74097866,0.74097866,0.0,0.74097866,0.74097866,0.0,0.74097866,0.6416887,-0.09928995,0.74097866,0.77943,0.038451314,0.74097866,0.77955276,0.0385741,0.74097866,0.86325365,0.122274995,26
3,0,0,0,1,0,7,0,0,5,1.0,4.0,3.0,2.0,2.0,2.0,2.0,3.0,7.0,4.0,4.0,3.0,3.0,,,,0.9801974,0.9875903,0.0073928833,0.9801974,0.9801974,0.0,0.9801974,0.9801974,0.0,0.9801974,0.9701985,-0.009998918,0.9801974,0.991799,0.011601567,0.9801974,0.98324007,0.0030426383,0.9801974,0.9801974,0.0,0.9801974,0.9801974,0.0,0.9801974,0.9839389,0.0037414432,0.9801974,0.9699463,-0.010251105,0.9801974,0.98791724,0.007719815,0.9801974,0.99197584,0.011778414,23
4,0,0,0,1,1,6,3,0,0,2.0,3.0,3.0,2.0,3.0,7.0,2.0,3.0,6.0,3.0,2.0,2.0,8.0,0.94053847,0.9181821,-0.022356391,0.94053847,0.9454821,0.0049436092,0.94053847,0.94053847,0.0,0.94053847,0.94053847,0.0,0.94053847,0.94494945,0.004410982,0.94053847,0.9439576,0.0034191608,0.94053847,0.8974431,-0.04309535,0.94053847,0.94053847,0.0,0.94053847,0.94053847,0.0,0.94053847,0.9749296,0.034391105,0.94053847,0.9702444,0.029705942,0.94053847,0.96384346,0.023304999,0.94053847,0.9773052,0.036766708,22
4,1,0,0,0,0,8,1,0,0,1.0,4.0,1.0,1.0,1.0,5.0,4.0,3.0,6.0,3.0,4.0,2.0,7.0,,,,0.9914547,0.99606115,0.0046064258,0.9914547,0.9914547,0.0,0.9914547,0.9914547,0.0,,,,,,,,,,0.9914547,0.9914547,0.0,0.9914547,0.9914547,0.0,0.9914547,0.99704844,0.005593717,0.9914547,0.9899412,-0.0015135407,0.9914547,0.99387723,0.0024225116,0.9914547,0.99100435,-0.0004503727,12
4,0,2,0,1,1,1,0,0,5,1.0,4.0,2.0,3.0,2.0,0.0,4.0,4.0,10.0,4.0,5.0,4.0,10.0,,,,0.27876303,0.40315455,0.124391526,0.27876303,0.27876303,0.0,,,,0.27876303,0.28939977,0.010636747,0.27876303,0.14818789,-0.13057514,0.27876303,0.455443,0.17667997,0.27876303,0.27876303,0.0,,,,,,,,,,0.27876303,0.39841405,0.11965102,,,,4
1,1,0,0,0,0,2,1,0,1,2.0,1.0,2.0,2.0,2.0,8.0,4.0,3.0,8.0,4.0,4.0,4.0,8.0,0.85253286,0.98496187,0.132429,0.85253286,0.85869396,0.0061610937,0.85253286,0.85253286,0.0,0.85253286,0.85253286,0.0,0.85253286,0.87128866,0.018755794,0.85253286,0.9306255,0.078092635,0.85253286,0.89962524,0.04709238,0.85253286,0.85253286,0.0,0.85253286,0.85253286,0.0,0.85253286,0.7870266,-0.06550628,0.85253286,0.8495564,-0.0029764771,0.85253286,0.7724688,-0.08006406,0.85253286,0.9163065,0.06377363,11
2,0,0,0,0,0,3,0,0,3,2.0,4.0,3.0,2.0,2.0,3.0,4.0,3.0,8.0,3.0,4.0,4.0,6.0,0.97813624,0.99265033,0.014514089,0.97813624,0.98442394,0.006287694,0.97813624,0.97813624,0.0,0.97813624,0.97813624,0.0,0.97813624,0.9770109,-0.0011253357,0.97813624,0.9884871,0.010350883,0.97813624,0.98588145,0.0077452064,0.97813624,0.97813624,0.0,0.97813624,0.97813624,0.0,0.97813624,0.8027891,-0.17534715,0.97813624,0.97269386,-0.005442381,0.97813624,0.9543769,-0.023759365,0.97813624,0.9720296,-0.006106615,17
0,1,1,0,2,3,2,6,1,7,2.0,4.0,2.0,2.0,2.0,8.0,4.0,4.0,6.0,4.0,4.0,3.0,8.0,0.84580487,0.99192375,0.14611888,0.84580487,0.82391393,-0.021890938,0.84580487,0.84580487,0.0,0.84580487,0.84580487,0.0,0.84580487,0.83069277,-0.015112102,0.84580487,0.9114864,0.06568152,0.84580487,0.87923235,0.033427477,0.84580487,0.84580487,0.0,,,,0.84580487,0.78970486,-0.05610001,0.84580487,0.8766347,0.030829847,0.84580487,0.7397258,-0.10607904,0.84580487,0.8097206,-0.036084294,21
1,1,0,0,0,0,6,0,0,3,1.0,4.0,2.0,2.0,4.0,6.0,4.0,3.0,8.0,5.0,4.0,4.0,10.0,,,,0.90068936,0.92618954,0.025500178,,,,0.90068936,0.90068936,0.0,0.90068936,0.9110302,0.01034081,0.90068936,0.96460307,0.0639137,0.90068936,0.880319,-0.020370364,0.90068936,0.90068936,0.0,0.90068936,0.90068936,0.0,0.90068936,0.9119375,0.011248112,0.90068936,0.8818172,-0.018872142,0.90068936,0.90283126,0.002141893,,,,10
4,0,0,0,0,0,4,0,2,4,1.0,4.0,2.0,2.0,2.0,2.0,4.0,3.0,8.0,4.0,4.0,5.0,8.0,,,,0.9941831,0.9944351,0.00025194883,0.9941831,0.9941831,0.0,0.9941831,0.9941831,0.0,0.9941831,0.99425465,7.1525574e-05,0.9941831,0.9965438,0.0023607016,0.9941831,0.9955297,0.0013465881,0.9941831,0.9941831,0.0,0.9941831,0.9941831,0.0,0.9941831,0.9730986,-0.021084547,0.9941831,0.9894901,-0.0046930313,,,,0.9941831,0.99430954,0.00012642145,2
1,1,3,0,0,0,3,0,0,7,2.0,5.0,4.0,4.0,2.0,5.0,4.0,3.0,7.0,2.0,4.0,2.0,6.0,0.5390198,0.9316833,0.39266348,,,,0.5390198,0.5390198,0.0,0.5390198,0.5390198,0.0,0.5390198,0.4509436,-0.088076234,0.5390198,0.40612885,-0.13289097,0.5390198,0.62226486,0.08324504,0.5390198,0.5390198,0.0,0.5390198,0.5390198,0.0,0.5390198,0.20865215,-0.33036768,0.5390198,0.24448833,-0.2945315,0.5390198,0.41438502,-0.1246348,0.5390198,0.3685463,-0.17047352,26
4,0,0,0,0,0,3,0,0,3,1.0,5.0,2.0,2.0,2.0,1.0,3.0,3.0,8.0,5.0,5.0,4.0,8.0,,,,,,,,,,,,,0.973217,0.97071415,-0.0025028586,0.973217,0.98751277,0.014295757,0.973217,0.977892,0.004674971,0.973217,0.973217,0.0,0.973217,0.973217,0.0,0.973217,0.9709191,-0.0022979379,0.973217,0.9847312,0.011514187,0.973217,0.9760109,0.0027939081,0.973217,0.97226804,-0.00094896555,23
4,1,0,0,1,1,7,0,0,0,2.0,4.0,2.0,2.0,2.0,5.0,3.0,3.0,8.0,4.0,4.0,3.0,8.0,0.9304655,0.9407339,0.01026839,0.9304655,0.94771475,0.017249227,0.9304655,0.9304655,0.0,0.9304655,0.9304655,0.0,0.9304655,0.9085458,-0.021919727,0.9304655,0.9381029,0.0076373816,0.9304655,0.9678026,0.037337065,0.9304655,0.9304655,0.0,0.9304655,0.9304655,0.0,0.9304655,0.9807438,0.050278306,0.9304655,0.8612146,-0.06925094,0.9304655,0.91361785,-0.01684767,0.9304655,0.9674928,0.0370273,4
0,1,3,0,0,3,1,6,0,7,1.0,3.0,3.0,4.0,3.0,6.0,3.0,3.0,4.0,4.0,4.0,1.0,6.0,,,,0.80962765,0.84898055,0.039352894,0.80962765,0.80962765,0.0,0.80962765,0.80962765,0.0,0.80962765,0.90565574,0.09602809,0.80962765,0.7914427,-0.01818496,0.80962765,0.79117477,-0.018452883,0.80962765,0.80962765,0.0,0.80962765,0.80962765,0.0,0.80962765,0.44137764,-0.36825,0.80962765,0.75991863,-0.049709022,0.80962765,0.7800728,-0.029554844,0.80962765,0.893485,0.08385736,21
2,0,2,0,0,0,1,0,2,4,2.0,3.0,2.0,2.0,2.0,1.0,4.0,3.0,9.0,4.0,4.0,4.0,10.0,0.4392437,0.3768439,-0.062399805,0.4392437,0.40658244,-0.03266126,0.4392437,0.4392437,0.0,0.4392437,0.4392437,0.0,0.4392437,0.47550339,0.03625968,0.4392437,0.5531937,0.113949984,0.4392437,0.30779395,-0.13144976,0.4392437,0.4392437,0.0,0.4392437,0.4392437,0.0,0.4392437,0.46582466,0.02658096,0.4392437,0.40818235,-0.031061351,0.4392437,0.4675033,0.028259605,,,,2
4,1,0,0,0,0,4,0,0,0,1.0,5.0,1.0,1.0,2.0,8.0,3.0,3.0,8.0,3.0,5.0,5.0,10.0,,,,,,,0.9615966,0.9615966,0.0,,,,,,,,,,0.9615966,0.9639497,0.0023530722,0.9615966,0.9615966,0.0,0.9615966,0.9615966,0.0,0.9615966,0.9342058,-0.027390838,0.9615966,0.7772864,-0.1843102,,,,,,,15
2,0,4,0,0,0,5,0,1,4,1.0,5.0,1.0,3.0,3.0,2.0,4.0,4.0,7.0,4.0,5.0,5.0,10.0,,,,,,,0.77186126,0.77186126,0.0,,,,,,,0.77186126,0.85747015,0.0856089,0.77186126,0.8415937,0.06973243,0.77186126,0.77186126,0.0,,,,0.77186126,0.75016147,-0.021699786,0.77186126,0.75630635,-0.015554905,,,,,,,2
3,1,0,0,2,2,1,7,0,5,2.0,5.0,2.0,2.0,2.0,4.0,2.0,3.0,7.0,4.0,4.0,2.0,5.0,0.5217755,0.77142435,0.24964887,,,,0.5217755,0.5217755,0.0,0.5217755,0.5217755,0.0,0.5217755,0.47159266,-0.05018282,0.5217755,0.7328477,0.2110722,0.5217755,0.5223935,0.00061804056,0.5217755,0.5217755,0.0,0.5217755,0.5217755,0.0,0.5217755,0.52447206,0.0026965737,0.5217755,0.5527408,0.030965328,0.5217755,0.5376147,0.01583922,0.5217755,0.39846167,-0.123313814,4
7,1,0,0,0,4,7,3,0,3,4.0,4.0,2.0,3.0,2.0,5.0,5.0,3.0,4.0,3.0,4.0,2.0,4.0,0.10644013,0.090242386,-0.016197741,0.10644013,0.091528505,-0.014911622,0.10644013,0.10644013,0.0,0.10644013,0.10644013,0.0,0.10644013,0.1017817,-0.0046584234,0.10644013,0.19284335,0.08640322,0.10644013,0.101274334,-0.005165793,,,,0.10644013,0.10644013,0.0,0.10644013,0.084646806,-0.02179332,0.10644013,0.23938012,0.13294,0.10644013,0.17884675,0.07240662,0.10644013,0.29086754,0.18442741,24
5,0,2,0,2,0,6,3,0,3,1.0,3.0,3.0,3.0,2.0,5.0,3.0,3.0,8.0,3.0,3.0,3.0,6.0,,,,0.39260554,0.53189695,0.1392914,0.39260554,0.39260554,0.0,0.39260554,0.39260554,0.0,0.39260554,0.35544902,-0.037156522,0.39260554,0.37276188,-0.019843668,0.39260554,0.64123935,0.2486338,0.39260554,0.39260554,0.0,0.39260554,0.39260554,0.0,0.39260554,0.4398345,0.047228962,0.39260554,0.45260182,0.059996277,0.39260554,0.4651353,0.07252976,0.39260554,0.5194988,0.12689328,7
1,1,2,0,0,0,4,0,0,3,2.0,4.0,4.0,5.0,4.0,7.0,2.0,1.0,8.0,4.0,5.0,4.0,9.0,0.44325173,0.7836163,0.34036458,0.44325173,0.40956712,-0.03368461,0.44325173,0.44325173,0.0,,,,0.44325173,0.41343948,-0.029812247,0.44325173,0.4131658,-0.030085921,0.44325173,0.3513198,-0.09193194,0.44325173,0.44325173,0.0,0.44325173,0.44325173,0.0,0.44325173,0.38833925,-0.054912478,0.44325173,0.46519348,0.021941751,0.44325173,0.5190657,0.07581395,0.44325173,0.34562427,-0.09762746,17
0,1,3,0,1,3,2,6,0,7,2.0,3.0,3.0,3.0,1.0,3.0,4.0,3.0,7.0,4.0,3.0,3.0,7.0,0.24108432,0.37632024,0.13523592,0.24108432,0.24523085,0.004146531,0.24108432,0.24108432,0.0,0.24108432,0.24108432,0.0,0.24108432,0.47960204,0.23851772,0.24108432,0.10657208,-0.13451225,,,,0.24108432,0.24108432,0.0,0.24108432,0.24108432,0.0,0.24108432,0.17128372,-0.0698006,0.24108432,0.41644073,0.1753564,0.24108432,0.1316158,-0.10946852,0.24108432,0.1813072,-0.059777126,21
4,1,2,0,0,1,2,3,0,8,5.0,3.0,3.0,3.0,3.0,2.0,3.0,3.0,8.0,4.0,3.0,5.0,5.0,0.30667803,0.30667803,0.0,0.30667803,0.43859747,0.13191944,0.30667803,0.30667803,0.0,0.30667803,0.30667803,0.0,0.30667803,0.23902273,-0.067655295,0.30667803,0.6080001,0.30132207,0.30667803,0.10923523,-0.1974428,0.30667803,0.30667803,0.0,0.30667803,0.30667803,0.0,0.30667803,0.359532,0.05285397,0.30667803,0.72964734,0.4229693,,,,0.30667803,0.2524217,-0.05425632,22
2,0,3,0,1,0,1,0,0,0,1.0,4.0,1.0,2.0,1.0,8.0,3.0,4.0,9.0,5.0,5.0,2.0,10.0,,,,0.27656826,0.36020088,0.08363262,,,,,,,,,,0.27656826,0.19118573,-0.085382536,,,,0.27656826,0.27656826,0.0,,,,0.27656826,0.77891,0.50234175,0.27656826,0.25184405,-0.024724215,0.27656826,0.17196795,-0.10460031,,,,6
2,0,0,0,0,0,9,0,0,0,1.0,4.0,2.0,1.0,2.0,6.0,3.0,3.0,5.0,4.0,4.0,1.0,5.0,,,,0.9400237,0.9858094,0.045785666,0.9400237,0.9400237,0.0,0.9400237,0.9400237,0.0,0.9400237,0.89827967,-0.041744053,,,,0.9400237,0.96949065,0.029466927,0.9400237,0.9400237,0.0,0.9400237,0.9400237,0.0,0.9400237,0.98160994,0.04158622,0.9400237,0.9844573,0.044433594,0.9400237,0.944891,0.0048672557,0.9400237,0.9767054,0.036681652,10
2,1,0,0,2,1,3,0,0,0,3.0,3.0,1.0,3.0,3.0,2.0,3.0,3.0,8.0,3.0,4.0,4.0,6.0,0.31785747,0.81305295,0.49519548,0.31785747,0.6430716,0.32521412,0.31785747,0.31785747,0.0,0.31785747,0.31785747,0.0,,,,0.31785747,0.56561923,0.24776176,0.31785747,0.38576972,0.06791225,0.31785747,0.31785747,0.0,0.31785747,0.31785747,0.0,0.31785747,0.23592551,-0.08193196,0.31785747,0.40563318,0.08777571,0.31785747,0.22310768,-0.09474979,0.31785747,0.56494814,0.24709067,4
2,1,0,0,0,1,1,0,0,2,2.0,4.0,3.0,2.0,2.0,3.0,4.0,3.0,10.0,4.0,2.0,5.0,8.0,0.44372648,0.9534562,0.50972974,0.44372648,0.48340043,0.039673954,0.44372648,0.44372648,0.0,0.44372648,0.44372648,0.0,0.44372648,0.81107086,0.36734438,0.44372648,0.6384569,0.1947304,0.44372648,0.3805045,-0.06322199,0.44372648,0.44372648,0.0,0.44372648,0.44372648,0.0,0.44372648,0.56717116,0.12344468,,,,,,,0.44372648,0.26782706,-0.17589942,6
2,0,0,0,0,0,2,0,0,0,2.0,4.0,3.0,5.0,1.0,6.0,4.0,3.0,2.0,3.0,2.0,1.0,1.0,0.43318266,0.70743185,0.2742492,0.43318266,0.7316144,0.29843175,0.43318266,0.43318266,0.0,0.43318266,0.43318266,0.0,0.43318266,0.25895646,-0.1742262,0.43318266,0.37108842,-0.06209424,,,,0.43318266,0.43318266,0.0,0.43318266,0.43318266,0.0,0.43318266,0.4042853,-0.028897345,0.43318266,0.34765536,-0.0855273,0.43318266,0.48700044,0.05381778,0.43318266,0.9269735,0.49379086,15
4,1,0,0,0,0,2,1,0,5,2.0,2.0,2.0,3.0,2.0,7.0,4.0,3.0,8.0,4.0,2.0,4.0,6.0,0.7979665,0.95814407,0.16017759,0.7979665,0.8527842,0.054817736,0.7979665,0.7979665,0.0,0.7979665,0.7979665,0.0,0.7979665,0.79453367,-0.0034328103,0.7979665,0.79533905,-0.0026274323,0.7979665,0.8654719,0.06750542,0.7979665,0.7979665,0.0,0.7979665,0.7979665,0.0,0.7979665,0.8804174,0.08245093,0.7979665,0.8771463,0.07917982,0.7979665,0.8109444,0.012977898,0.7979665,0.56033736,-0.23762912,12
3,1,4,0,0,1,3,0,0,3,3.0,4.0,2.0,2.0,2.0,2.0,3.0,3.0,7.0,4.0,4.0,4.0,8.0,0.82678396,0.8377201,0.010936141,0.82678396,0.8493054,0.022521436,0.82678396,0.82678396,0.0,0.82678396,0.82678396,0.0,0.82678396,0.788261,-0.03852296,0.82678396,0.8936799,0.06689596,0.82678396,0.8476766,0.02089262,0.82678396,0.82678396,0.0,0.82678396,0.82678396,0.0,0.82678396,0.33094355,-0.4958404,0.82678396,0.8518873,0.02510333,0.82678396,0.83588296,0.009099007,0.82678396,0.6465965,-0.18018746,17
1,0,1,0,0,0,6,0,0,1,4.0,4.0,2.0,2.0,2.0,2.0,4.0,3.0,6.0,4.0,4.0,2.0,6.0,0.9055867,0.8849971,-0.02058959,0.9055867,0.89559084,-0.009995878,0.9055867,0.9055867,0.0,0.9055867,0.9055867,0.0,0.9055867,0.901324,-0.0042627454,0.9055867,0.97140425,0.065817535,0.9055867,0.9459389,0.040352166,0.9055867,0.9055867,0.0,0.9055867,0.9055867,0.0,0.9055867,0.8746126,-0.03097409,0.9055867,0.8596383,-0.045948446,0.9055867,0.8865818,-0.019004941,0.9055867,0.9046001,-0.0009866357,11
2,0,2,0,0,0,8,0,0,3,3.0,5.0,4.0,4.0,1.0,2.0,3.0,3.0,7.0,4.0,4.0,3.0,7.0,0.7209695,0.9573373,0.23636782,,,,0.7209695,0.7209695,0.0,0.7209695,0.7209695,0.0,0.7209695,0.8547797,0.13381022,0.7209695,0.7283902,0.0074207187,,,,0.7209695,0.7209695,0.0,0.7209695,0.7209695,0.0,0.7209695,0.67112225,-0.049847245,0.7209695,0.71474767,-0.006221831,0.7209695,0.77309144,0.052121937,0.7209695,0.319982,-0.4009875,20
4,0,1,0,0,0,7,0,0,0,1.0,5.0,2.0,3.0,2.0,2.0,4.0,2.0,7.0,4.0,4.0,2.0,8.0,,,,,,,0.96243936,0.96243936,0.0,0.96243936,0.96243936,0.0,0.96243936,0.96912473,0.006685376,0.96243936,0.9921341,0.029694736,0.96243936,0.9776004,0.015161037,0.96243936,0.96243936,0.0,0.96243936,0.96243936,0.0,0.96243936,0.9474357,-0.015003681,0.96243936,0.9282731,-0.034166276,0.96243936,0.9640213,0.0015819669,0.96243936,0.945976,-0.01646334,15
2,1,0,0,1,0,0,5,0,0,4.0,5.0,3.0,2.0,2.0,2.0,1.0,3.0,3.0,1.0,2.0,3.0,3.0,0.6540337,0.72831875,0.07428503,,,,0.6540337,0.6540337,0.0,0.6540337,0.6540337,0.0,0.6540337,0.6198001,-0.03423363,0.6540337,0.8056081,0.15157437,0.6540337,0.5324032,-0.12163055,0.6540337,0.6540337,0.0,0.6540337,0.6540337,0.0,0.6540337,0.5977661,-0.05626762,0.6540337,0.70752025,0.053486526,0.6540337,0.7200992,0.06606549,0.6540337,0.55564374,-0.09838998,14
1,0,3,0,0,2,3,1,0,1,1.0,4.0,2.0,2.0,2.0,4.0,4.0,3.0,9.0,4.0,4.0,3.0,8.0,,,,0.96527725,0.9622209,-0.0030563474,0.96527725,0.96527725,0.0,0.96527725,0.96527725,0.0,0.96527725,0.9612227,-0.0040545464,0.96527725,0.9752441,0.00996685,0.96527725,0.9789994,0.013722122,0.96527725,0.96527725,0.0,0.96527725,0.96527725,0.0,0.96527725,0.9768222,0.011544943,0.96527725,0.9525349,-0.012742341,0.96527725,0.9839548,0.018677533,0.96527725,0.83254087,-0.13273638,9
1,0,2,0,0,0,6,0,0,7,1.0,5.0,2.0,2.0,2.0,4.0,3.0,3.0,7.0,4.0,4.0,4.0,6.0,,,,,,,0.97666216,0.97666216,0.0,0.97666216,0.97666216,0.0,0.97666216,0.9706552,-0.006006956,0.97666216,0.9772843,0.0006221533,0.97666216,0.9846832,0.008021057,0.97666216,0.97666216,0.0,0.97666216,0.97666216,0.0,0.97666216,0.938265,-0.038397133,0.97666216,0.9847339,0.008071721,0.97666216,0.98460835,0.007946193,0.97666216,0.97643375,-0.000228405,26
4,0,0,0,1,0,8,0,0,3,5.0,5.0,2.0,3.0,2.0,8.0,3.0,3.0,6.0,3.0,4.0,5.0,9.0,0.29863688,0.29863688,0.0,,,,0.29863688,0.29863688,0.0,0.29863688,0.29863688,0.0,0.29863688,0.35104555,0.052408665,0.29863688,0.67351675,0.37487987,0.29863688,0.6054668,0.3068299,0.29863688,0.29863688,0.0,0.29863688,0.29863688,0.0,0.29863688,0.15982977,-0.13880712,0.29863688,0.2869798,-0.011657089,,,,0.29863688,0.28908125,-0.009555638,15
7,0,0,0,2,4,7,3,0,8,2.0,3.0,1.0,2.0,1.0,0.0,4.0,3.0,10.0,4.0,4.0,5.0,9.0,0.9906063,0.9899546,-0.0006517172,0.9906063,0.9840679,-0.006538391,0.9906063,0.9906063,0.0,0.9906063,0.9906063,0.0,,,,0.9906063,0.98296875,-0.0076375604,,,,0.9906063,0.9906063,0.0,0.9906063,0.9906063,0.0,,,,,,,,,,0.9906063,0.99481213,0.004205823,19
0,0,2,0,2,3,9,6,1,8,2.0,4.0,2.0,2.0,2.0,0.0,3.0,3.0,7.0,3.0,2.0,3.0,5.0,0.8234514,0.8389461,0.015494704,0.8234514,0.86376417,0.040312767,0.8234514,0.8234514,0.0,0.8234514,0.8234514,0.0,0.8234514,0.72678035,-0.096671045,0.8234514,0.82768106,0.004229665,0.8234514,0.878757,0.0553056,0.8234514,0.8234514,0.0,0.8234514,0.8234514,0.0,,,,0.8234514,0.89343596,0.069984555,0.8234514,0.7211058,-0.102345586,0.8234514,0.89484406,0.071392655,21
4,1,4,0,0,0,5,0,0,2,1.0,4.0,2.0,1.0,1.0,4.0,4.0,3.0,8.0,4.0,4.0,3.0,8.0,,,,0.98681486,0.98728836,0.0004734993,0.98681486,0.98681486,0.0,0.98681486,0.98681486,0.0,0.98681486,0.9871209,0.00030606985,,,,,,,0.98681486,0.98681486,0.0,0.98681486,0.98681486,0.0,0.98681486,0.98129326,-0.0055215955,0.98681486,0.9858371,-0.0009777546,0.98681486,0.98040855,-0.006406307,0.98681486,0.96572167,-0.02109319,12
2,0,0,0,1,0,8,0,2,4,1.0,4.0,1.0,1.0,1.0,1.0,4.0,3.0,8.0,4.0,4.0,4.0,9.0,,,,0.9977106,0.9983897,0.0006791353,0.9977106,0.9977106,0.0,0.9977106,0.9977106,0.0,,,,,,,,,,0.9977106,0.9977106,0.0,0.9977106,0.9977106,0.0,0.9977106,0.99858534,0.00087475777,0.9977106,0.9961236,-0.0015869737,0.9977106,0.9985329,0.0008223057,0.9977106,0.99727803,-0.0004325509,2
3,1,3,0,0,1,9,1,0,5,1.0,5.0,2.0,2.0,3.0,8.0,4.0,3.0,3.0,2.0,2.0,5.0,5.0,,,,,,,0.6350253,0.6350253,0.0,0.6350253,0.6350253,0.0,0.6350253,0.608893,-0.026132345,0.6350253,0.7359819,0.10095656,0.6350253,0.6628311,0.027805805,0.6350253,0.6350253,0.0,0.6350253,0.6350253,0.0,0.6350253,0.36752376,-0.26750156,0.6350253,0.6495532,0.014527857,,,,0.6350253,0.82687396,0.19184864,12
2,1,0,0,1,2,1,2,2,2,2.0,4.0,3.0,3.0,4.0,3.0,3.0,2.0,3.0,2.0,4.0,2.0,3.0,0.9391484,0.8935747,-0.04557371,0.9391484,0.95129085,0.01214242,0.9391484,0.9391484,0.0,0.9391484,0.9391484,0.0,0.9391484,0.9310483,-0.008100152,0.9391484,0.96958524,0.030436814,0.9391484,0.9391484,0.0,0.9391484,0.9391484,0.0,0.9391484,0.9391484,0.0,0.9391484,0.81429183,-0.12485659,0.9391484,0.9596922,0.020543754,0.9391484,0.9549835,0.015835047,0.9391484,0.9479099,0.008761466,16
5,0,0,0,2,2,3,0,0,3,1.0,3.0,3.0,2.0,2.0,1.0,3.0,3.0,7.0,4.0,4.0,5.0,7.0,,,,0.89584035,0.9053443,0.009503961,0.89584035,0.89584035,0.0,0.89584035,0.89584035,0.0,0.89584035,0.9579448,0.062104464,0.89584035,0.9468728,0.051032424,0.89584035,0.96758556,0.07174522,0.89584035,0.89584035,0.0,0.89584035,0.89584035,0.0,0.89584035,0.8421242,-0.053716123,0.89584035,0.9615515,0.06571114,,,,0.89584035,0.8878873,-0.007953048,4
3,0,0,0,0,0,4,0,0,3,1.0,3.0,2.0,2.0,3.0,5.0,4.0,2.0,6.0,4.0,4.0,2.0,6.0,,,,0.9231417,0.94794905,0.024807334,0.9231417,0.9231417,0.0,0.9231417,0.9231417,0.0,0.9231417,0.93132293,0.008181214,0.9231417,0.97185016,0.04870844,0.9231417,0.9622576,0.039115906,0.9231417,0.9231417,0.0,0.9231417,0.9231417,0.0,0.9231417,0.972014,0.048872292,0.9231417,0.8547568,-0.068384945,0.9231417,0.8506179,-0.07252383,0.9231417,0.84625906,-0.07688266,15
6,1,0,0,4,4,4,3,0,0,3.0,3.0,2.0,2.0,2.0,0.0,3.0,3.0,10.0,4.0,4.0,5.0,10.0,0.71124023,0.33056346,-0.38067678,0.71124023,0.65911376,-0.052126467,0.71124023,0.71124023,0.0,0.71124023,0.71124023,0.0,0.71124023,0.5368971,-0.17434311,0.71124023,0.6344115,-0.07682872,0.71124023,0.6930021,-0.018238127,0.71124023,0.71124023,0.0,0.71124023,0.71124023,0.0,,,,,,,,,,,,,19
2,1,0,0,0,0,1,0,0,0,1.0,4.0,1.0,3.0,2.0,7.0,3.0,3.0,7.0,4.0,4.0,4.0,8.0,,,,0.96199465,0.9453775,-0.01661712,0.96199465,0.96199465,0.0,0.96199465,0.96199465,0.0,,,,0.96199465,0.95607924,-0.0059154034,0.96199465,0.9330532,-0.028941453,0.96199465,0.96199465,0.0,0.96199465,0.96199465,0.0,0.96199465,0.99173003,0.029735386,0.96199465,0.95188606,-0.01010859,0.96199465,0.97293717,0.010942519,0.96199465,0.96604085,0.0040462017,20
0,1,2,0,1,3,7,6,0,7,1.0,4.0,2.0,2.0,1.0,2.0,2.0,3.0,4.0,2.0,3.0,2.0,5.0,,,,0.9766986,0.98660976,0.00991118,0.9766986,0.9766986,0.0,0.9766986,0.9766986,0.0,0.9766986,0.9592161,-0.01748246,0.9766986,0.97522265,-0.0014759302,,,,0.9766986,0.9766986,0.0,0.9766986,0.9766986,0.0,0.9766986,0.9701628,-0.0065357685,0.9766986,0.9828772,0.0061786175,0.9766986,0.9762515,-0.00044709444,0.9766986,0.9673681,-0.0093304515,21
2,1,0,0,0,0,6,0,0,3,1.0,4.0,1.0,2.0,2.0,2.0,4.0,3.0,10.0,4.0,5.0,4.0,9.0,,,,0.9835691,0.9876407,0.0040715933,0.9835691,0.9835691,0.0,,,,,,,0.9835691,0.98490727,0.0013381839,0.9835691,0.97509253,-0.008476555,0.9835691,0.9835691,0.0,0.9835691,0.9835691,0.0,0.9835691,0.981382,-0.0021870732,,,,0.9835691,0.9855003,0.0019311905,0.9835691,0.9707168,-0.012852311,10
3,1,0,0,0,1,4,1,0,0,4.0,5.0,2.0,2.0,2.0,0.0,2.0,3.0,9.0,2.0,3.0,4.0,5.0,0.87086356,0.865344,-0.005519569,,,,0.87086356,0.87086356,0.0,0.87086356,0.87086356,0.0,0.87086356,0.86111885,-0.009744704,0.87086356,0.88440526,0.013541698,0.87086356,0.8505571,-0.020306468,0.87086356,0.87086356,0.0,0.87086356,0.87086356,0.0,,,,0.87086356,0.779505,-0.09135854,0.87086356,0.88238955,0.011525989,0.87086356,0.80408907,-0.06677449,15
1,1,0,0,0,0,7,0,0,3,3.0,4.0,2.0,2.0,2.0,6.0,4.0,3.0,8.0,4.0,4.0,4.0,6.0,0.9576243,0.9532914,-0.0043329,0.9576243,0.9576243,0.0,0.9576243,0.9576243,0.0,0.9576243,0.9576243,0.0,0.9576243,0.9566237,-0.0010006428,0.9576243,0.97463,0.017005682,0.9576243,0.97936374,0.021739423,0.9576243,0.9576243,0.0,0.9576243,0.9576243,0.0,0.9576243,0.9401226,-0.017501712,0.9576243,0.96489465,0.007270336,0.9576243,0.9057541,-0.051870227,0.9576243,0.9645578,0.0069335103,17
1,1,3,0,0,0,6,0,0,1,2.0,3.0,3.0,3.0,2.0,4.0,3.0,4.0,7.0,5.0,5.0,1.0,5.0,0.39389575,0.6618871,0.26799136,0.39389575,0.32562947,-0.06826627,,,,,,,0.39389575,0.41837534,0.024479598,0.39389575,0.54837817,0.15448242,0.39389575,0.6749506,0.28105485,0.39389575,0.39389575,0.0,,,,0.39389575,0.46233615,0.06844041,0.39389575,0.6147757,0.22087997,0.39389575,0.6138763,0.21998054,0.39389575,0.7260664,0.33217067,11
5,1,0,0,0,0,6,3,0,0,2.0,3.0,2.0,2.0,2.0,0.0,4.0,4.0,10.0,4.0,4.0,5.0,10.0,0.65281,0.81208587,0.15927589,0.65281,0.6018661,-0.05094385,0.65281,0.65281,0.0,0.65281,0.65281,0.0,0.65281,0.61446476,-0.038345218,0.65281,0.5076408,-0.1451692,0.65281,0.90749335,0.25468338,0.65281,0.65281,0.0,,,,,,,,,,,,,,,,5
4,1,0,0,0,0,5,7,0,5,3.0,3.0,2.0,2.0,2.0,5.0,3.0,3.0,6.0,3.0,4.0,2.0,7.0,0.73808634,0.85661656,0.118530214,0.73808634,0.95482934,0.21674299,0.73808634,0.73808634,0.0,0.73808634,0.73808634,0.0,0.73808634,0.7107065,-0.02737987,0.73808634,0.900816,0.16272968,0.73808634,0.766497,0.028410673,0.73808634,0.73808634,0.0,0.73808634,0.73808634,0.0,0.73808634,0.74268526,0.0045989156,0.73808634,0.72360486,-0.014481485,0.73808634,0.6423505,-0.09573585,0.73808634,0.6254025,-0.11268383,12
1,1,2,0,0,0,4,0,1,4,4.0,4.0,4.0,4.0,3.0,5.0,3.0,3.0,7.0,4.0,4.0,3.0,7.0,0.12657386,0.28148887,0.154915,0.12657386,0.09686684,-0.029707022,0.12657386,0.12657386,0.0,0.12657386,0.12657386,0.0,0.12657386,0.12534769,-0.0012261719,0.12657386,0.13379261,0.0072187483,0.12657386,0.22811887,0.101545006,0.12657386,0.12657386,0.0,0.12657386,0.12657386,0.0,0.12657386,0.07012148,-0.05645238,0.12657386,0.07237794,-0.05419592,0.12657386,0.13421464,0.007640779,0.12657386,0.18991202,0.06333816,3
4,1,0,0,2,2,2,2,1,6,1.0,5.0,2.0,1.0,1.0,9.0,2.0,2.0,3.0,3.0,2.0,4.0,2.0,,,,,,,0.721356,0.721356,0.0,0.721356,0.721356,0.0,0.721356,0.6406176,-0.080738366,,,,,,,0.721356,0.721356,0.0,0.721356,0.721356,0.0,0.721356,0.774627,0.053270996,0.721356,0.86803234,0.14667636,0.721356,0.705327,-0.016029,0.721356,0.56921786,-0.15213811,18
3,0,2,0,0,0,7,1,2,4,2.0,2.0,3.0,2.0,3.0,6.0,3.0,2.0,4.0,2.0,2.0,3.0,6.0,0.82384574,0.97241193,0.14856619,0.82384574,0.8991424,0.07529664,0.82384574,0.82384574,0.0,0.82384574,0.82384574,0.0,0.82384574,0.8056565,-0.018189251,0.82384574,0.82811695,0.0042712092,0.82384574,0.69832605,-0.1255197,0.82384574,0.82384574,0.0,0.82384574,0.82384574,0.0,0.82384574,0.9250939,0.101248145,0.82384574,0.63287425,-0.1909715,0.82384574,0.76812994,-0.0557158,0.82384574,0.8993626,0.07551688,2
6,0,0,0,2,4,3,3,0,3,2.0,4.0,2.0,2.0,2.0,2.0,4.0,3.0,9.0,4.0,4.0,3.0,9.0,0.43012732,0.90622413,0.4760968,0.43012732,0.61895794,0.18883061,0.43012732,0.43012732,0.0,0.43012732,0.43012732,0.0,0.43012732,0.43012732,0.0,0.43012732,0.39054593,-0.03958139,0.43012732,0.49672827,0.06660095,0.43012732,0.43012732,0.0,0.43012732,0.43012732,0.0,0.43012732,0.5695413,0.13941395,0.43012732,0.36393887,-0.066188455,0.43012732,0.3858219,-0.044305414,0.43012732,0.4487757,0.018648386,19
0,0,4,0,0,3,2,6,0,0,1.0,5.0,2.0,2.0,1.0,2.0,3.0,3.0,9.0,4.0,5.0,4.0,7.0,,,,,,,0.7397267,0.7397267,0.0,,,,0.7397267,0.6394029,-0.100323796,0.7397267,0.7870297,0.04730296,,,,0.7397267,0.7397267,0.0,0.7397267,0.7397267,0.0,0.7397267,0.6327722,-0.106954515,0.7397267,0.7699053,0.030178607,0.7397267,0.8503871,0.110660374,0.7397267,0.6565568,-0.08316994,8
3,1,5,0,0,0,2,0,3,4,2.0,3.0,2.0,2.0,2.0,3.0,3.0,3.0,6.0,4.0,4.0,2.0,8.0,0.5363009,0.8320854,0.29578447,0.5363009,0.6310298,0.09472889,0.5363009,0.5363009,0.0,0.5363009,0.5363009,0.0,0.5363009,0.5404243,0.0041233897,0.5363009,0.6846158,0.1483149,0.5363009,0.6043081,0.06800723,0.5363009,0.5363009,0.0,0.5363009,0.5363009,0.0,0.5363009,0.12700161,-0.40929928,0.5363009,0.865678,0.3293771,0.5363009,0.33320627,-0.20309463,0.5363009,0.5760566,0.039755702,2
0,0,2,0,1,0,7,0,3,7,1.0,4.0,1.0,1.0,1.0,10.0,5.0,4.0,10.0,1.0,1.0,5.0,10.0,,,,0.99711716,0.9969213,-0.00019586086,0.99711716,0.99711716,0.0,0.99711716,0.99711716,0.0,,,,,,,,,,,,,,,,0.99711716,0.9950105,-0.0021066666,,,,,,,,,,25
3,1,0,0,0,0,7,1,2,4,3.0,4.0,3.0,4.0,4.0,2.0,4.0,2.0,7.0,4.0,4.0,4.0,9.0,0.95394033,0.9620119,0.008071542,0.95394033,0.9356724,-0.01826793,0.95394033,0.95394033,0.0,0.95394033,0.95394033,0.0,0.95394033,0.9869653,0.033024967,0.95394033,0.9431682,-0.010772109,0.95394033,0.9378541,-0.01608622,0.95394033,0.95394033,0.0,0.95394033,0.95394033,0.0,0.95394033,0.8796589,-0.074281454,0.95394033,0.9473334,-0.0066069365,0.95394033,0.93482834,-0.01911199,0.95394033,0.96417415,0.0102338195,3
1,1,1,0,0,0,5,0,0,0,1.0,2.0,3.0,2.0,2.0,6.0,4.0,3.0,5.0,4.0,4.0,2.0,4.0,,,,0.66360205,0.7910786,0.12747657,0.66360205,0.66360205,0.0,0.66360205,0.66360205,0.0,0.66360205,0.65572155,-0.007880509,0.66360205,0.8268611,0.16325903,0.66360205,0.725646,0.062043965,0.66360205,0.66360205,0.0,0.66360205,0.66360205,0.0,0.66360205,0.956826,0.29322392,0.66360205,0.9078749,0.24427283,0.66360205,0.67773885,0.014136791,0.66360205,0.6020385,-0.06156355,11
5,0,0,0,2,0,8,3,0,3,1.0,4.0,2.0,2.0,1.0,3.0,3.0,3.0,7.0,4.0,3.0,4.0,5.0,,,,0.81968987,0.8601772,0.04048735,0.81968987,0.81968987,0.0,0.81968987,0.81968987,0.0,0.81968987,0.79049605,-0.029193819,0.81968987,0.8590815,0.039391637,,,,0.81968987,0.81968987,0.0,0.81968987,0.81968987,0.0,0.81968987,0.9295076,0.10981774,0.81968987,0.8441203,0.024430454,0.81968987,0.75645685,-0.06323302,0.81968987,0.8666612,0.04697132,7
1,1,2,0,0,0,5,1,0,3,2.0,3.0,2.0,2.0,2.0,4.0,3.0,3.0,5.0,3.0,3.0,3.0,5.0,0.47268587,0.82569534,0.35300946,0.47268587,0.53983974,0.06715387,0.47268587,0.47268587,0.0,0.47268587,0.47268587,0.0,0.47268587,0.47418246,0.0014965832,0.47268587,0.49192452,0.01923865,0.47268587,0.5231873,0.050501406,0.47268587,0.47268587,0.0,0.47268587,0.47268587,0.0,0.47268587,0.3206195,-0.15206638,0.47268587,0.60201335,0.12932748,0.47268587,0.45321515,-0.019470721,0.47268587,0.44272575,-0.029960126,17
1,1,0,0,0,0,2,0,0,3,1.0,3.0,3.0,1.0,4.0,7.0,3.0,4.0,7.0,4.0,4.0,3.0,6.0,,,,0.9424986,0.95949495,0.016996324,0.9424986,0.9424986,0.0,0.9424986,0.9424986,0.0,0.9424986,0.93840367,-0.0040949583,,,,0.9424986,0.93893695,-0.0035616755,0.9424986,0.9424986,0.0,,,,0.9424986,0.9821721,0.039673448,0.9424986,0.8904802,-0.052018404,0.9424986,0.8808914,-0.06160724,0.9424986,0.94009405,-0.0024045706,10
2,1,0,0,0,0,7,0,0,3,1.0,5.0,2.0,3.0,2.0,4.0,4.0,3.0,6.0,4.0,3.0,3.0,6.0,,,,,,,0.99667704,0.99667704,0.0,0.99667704,0.99667704,0.0,0.99667704,0.99710244,0.00042539835,0.99667704,0.99633056,-0.0003464818,0.99667704,0.9971631,0.00048607588,0.99667704,0.99667704,0.0,0.99667704,0.99667704,0.0,0.99667704,0.9978896,0.0012125373,0.99667704,0.99132895,-0.0053480864,0.99667704,0.9947849,-0.0018921494,0.99667704,0.9882578,-0.008419216,10
0,1,2,0,1,3,4,6,3,7,2.0,4.0,3.0,3.0,2.0,7.0,4.0,3.0,5.0,4.0,4.0,2.0,5.0,0.93491846,0.8878041,-0.047114372,0.93491846,0.97654253,0.04162407,0.93491846,0.93491846,0.0,0.93491846,0.93491846,0.0,0.93491846,0.9830746,0.048156142,0.93491846,0.88231385,-0.052604616,0.93491846,0.95234984,0.017431378,0.93491846,0.93491846,0.0,0.93491846,0.93491846,0.0,0.93491846,0.80057496,-0.1343435,0.93491846,0.9027344,-0.032184064,0.93491846,0.9192195,-0.01569897,0.93491846,0.9390471,0.004128635,21
1,0,0,0,0,0,2,0,0,3,2.0,4.0,3.0,2.0,2.0,4.0,3.0,3.0,6.0,4.0,4.0,2.0,7.0,0.98266184,0.9960305,0.013368666,0.98266184,0.98319244,0.00053060055,0.98266184,0.98266184,0.0,0.98266184,0.98266184,0.0,0.98266184,0.9768609,-0.0058009624,0.98266184,0.9950582,0.012396336,0.98266184,0.9846644,0.0020025373,0.98266184,0.98266184,0.0,0.98266184,0.98266184,0.0,0.98266184,0.9482461,-0.034415722,0.98266184,0.95846516,-0.024196684,0.98266184,0.98611754,0.0034556985,0.98266184,0.9843725,0.0017106533,17
3,0,0,0,0,1,3,0,3,4,2.0,5.0,2.0,2.0,2.0,0.0,2.0,2.0,4.0,5.0,5.0,5.0,4.0,0.85944086,0.9650925,0.10565162,,,,,,,,,,0.85944086,0.8206871,-0.038753748,0.85944086,0.9181245,0.058683634,0.85944086,0.88015014,0.020709276,0.85944086,0.85944086,0.0,0.85944086,0.85944086,0.0,,,,0.85944086,0.88204634,0.022605479,,,,0.85944086,0.90973026,0.050289392,0
5,1,0,0,2,3,3,3,0,3,2.0,4.0,3.0,2.0,3.0,3.0,3.0,3.0,9.0,4.0,3.0,4.0,9.0,0.47487098,0.85730433,0.38243335,0.47487098,0.6223886,0.14751762,0.47487098,0.47487098,0.0,0.47487098,0.47487098,0.0,0.47487098,0.7132356,0.23836464,0.47487098,0.3941305,-0.08074048,0.47487098,0.4098967,-0.06497428,0.47487098,0.47487098,0.0,0.47487098,0.47487098,0.0,0.47487098,0.71018296,0.23531199,0.47487098,0.3935477,-0.081323266,0.47487098,0.30035952,-0.17451146,0.47487098,0.47169995,-0.0031710267,22
6,0,0,0,2,4,8,3,0,5,2.0,2.0,3.0,3.0,2.0,0.0,4.0,4.0,10.0,5.0,4.0,5.0,10.0,0.97863847,0.99453074,0.015892267,0.97863847,0.9816202,0.0029817224,,,,0.97863847,0.97863847,0.0,0.97863847,0.96739936,-0.011239111,0.97863847,0.98450327,0.005864799,0.97863847,0.9931096,0.014471114,0.97863847,0.97863847,0.0,,,,,,,,,,,,,,,,19
1,1,0,0,0,1,8,1,2,8,2.0,4.0,3.0,2.0,2.0,7.0,3.0,3.0,7.0,4.0,4.0,3.0,8.0,0.9051295,0.8905755,-0.014553964,0.9051295,0.9211533,0.016023815,0.9051295,0.9051295,0.0,0.9051295,0.9051295,0.0,0.9051295,0.9532726,0.04814309,0.9051295,0.95839334,0.053263843,0.9051295,0.9334202,0.028290689,0.9051295,0.9051295,0.0,0.9051295,0.9051295,0.0,0.9051295,0.93938756,0.034258068,0.9051295,0.913999,0.008869529,0.9051295,0.7822194,-0.12291008,0.9051295,0.9109813,0.005851805,3
2,0,0,0,0,0,3,0,0,0,1.0,3.0,2.0,2.0,3.0,4.0,4.0,3.0,7.0,4.0,4.0,4.0,8.0,,,,0.99272764,0.99493873,0.002211094,0.99272764,0.99272764,0.0,0.99272764,0.99272764,0.0,0.99272764,0.99443734,0.0017096996,0.99272764,0.9969157,0.0041880608,0.99272764,0.9945925,0.0018648505,0.99272764,0.99272764,0.0,0.99272764,0.99272764,0.0,0.99272764,0.961698,-0.031029642,0.99272764,0.9919884,-0.0007392168,0.99272764,0.9950465,0.002318859,0.99272764,0.9936652,0.00093758106,10
2,0,5,0,0,0,5,0,3,4,1.0,3.0,1.0,2.0,2.0,2.0,3.0,3.0,9.0,4.0,4.0,4.0,7.0,,,,0.99155664,0.9869643,-0.004592359,0.99155664,0.99155664,0.0,0.99155664,0.99155664,0.0,,,,0.99155664,0.99270403,0.0011473894,0.99155664,0.9905376,-0.0010190606,0.99155664,0.99155664,0.0,0.99155664,0.99155664,0.0,0.99155664,0.98339546,-0.008161187,0.99155664,0.98606133,-0.00549531,0.99155664,0.99556726,0.0040106177,0.99155664,0.9953933,0.0038366318,2
3,0,2,0,0,0,4,0,1,4,3.0,5.0,2.0,2.0,2.0,1.0,3.0,2.0,9.0,5.0,3.0,5.0,9.0,0.9569443,0.9799509,0.023006618,,,,,,,0.9569443,0.9569443,0.0,0.9569443,0.9670054,0.010061085,0.9569443,0.9483973,-0.008547008,0.9569443,0.9802816,0.023337305,0.9569443,0.9569443,0.0,0.9569443,0.9569443,0.0,0.9569443,0.9328489,-0.024095416,0.9569443,0.9004517,-0.056492567,,,,0.9569443,0.9533147,-0.0036295652,2
0,1,1,0,1,3,2,6,0,7,2.0,5.0,2.0,3.0,2.0,5.0,4.0,4.0,7.0,2.0,3.0,3.0,8.0,0.8709209,0.9688983,0.0979774,,,,0.8709209,0.8709209,0.0,0.8709209,0.8709209,0.0,0.8709209,0.79378605,-0.07713485,0.8709209,0.92774415,0.056823254,0.8709209,0.88625515,0.015334249,0.8709209,0.8709209,0.0,,,,0.8709209,0.72239345,-0.14852744,0.8709209,0.8956353,0.02471441,0.8709209,0.7694217,-0.1014992,0.8709209,0.8698841,-0.0010368228,21
5,1,0,0,0,0,6,0,0,2,4.0,4.0,2.0,2.0,2.0,3.0,4.0,3.0,8.0,4.0,4.0,3.0,10.0,0.7686749,0.84358597,0.07491106,0.7686749,0.8317754,0.06310052,0.7686749,0.7686749,0.0,0.7686749,0.7686749,0.0,0.7686749,0.8222391,0.05356419,0.7686749,0.8927994,0.12412447,0.7686749,0.82461303,0.055938125,0.7686749,0.7686749,0.0,0.7686749,0.7686749,0.0,0.7686749,0.6070357,-0.16163921,0.7686749,0.755932,-0.012742937,0.7686749,0.81499386,0.04631895,,,,5
3,1,0,0,0,0,8,0,0,0,2.0,4.0,2.0,2.0,2.0,7.0,4.0,3.0,6.0,4.0,3.0,5.0,8.0,0.96610725,0.97077334,0.00466609,0.96610725,0.98036903,0.014261782,0.96610725,0.96610725,0.0,0.96610725,0.96610725,0.0,0.96610725,0.961364,-0.004743278,0.96610725,0.9814465,0.015339255,0.96610725,0.98225385,0.0161466,0.96610725,0.96610725,0.0,0.96610725,0.96610725,0.0,0.96610725,0.9855698,0.019462526,0.96610725,0.96256524,-0.003542006,,,,0.96610725,0.9685628,0.0024555326,15
1,0,0,0,0,0,2,0,0,3,1.0,4.0,2.0,2.0,2.0,3.0,3.0,3.0,8.0,4.0,4.0,3.0,7.0,,,,0.99461925,0.994484,-0.00013524294,0.99461925,0.99461925,0.0,0.99461925,0.99461925,0.0,0.99461925,0.994351,-0.0002682209,0.99461925,0.99697554,0.0023562908,0.99461925,0.9939732,-0.00064605474,0.99461925,0.99461925,0.0,0.99461925,0.99461925,0.0,0.99461925,0.9848016,-0.00981766,0.99461925,0.993415,-0.0012042522,0.99461925,0.9908828,-0.0037364364,0.99461925,0.9969452,0.002325952,10
1,0,2,0,0,0,1,0,0,3,1.0,4.0,1.0,3.0,1.0,2.0,3.0,4.0,8.0,5.0,5.0,5.0,8.0,,,,0.65802026,0.68795425,0.029933989,,,,,,,,,,0.65802026,0.66429263,0.0062723756,,,,0.65802026,0.65802026,0.0,,,,0.65802026,0.6960104,0.037990153,0.65802026,0.8431161,0.18509585,,,,0.65802026,0.45988026,-0.19814,10
5,0,5,0,0,0,2,3,0,0,3.0,4.0,3.0,4.0,2.0,3.0,3.0,3.0,8.0,4.0,4.0,3.0,7.0,0.69041157,0.9150781,0.22466654,0.69041157,0.65920365,-0.03120792,0.69041157,0.69041157,0.0,0.69041157,0.69041157,0.0,0.69041157,0.8679956,0.17758405,0.69041157,0.66098595,-0.029425621,0.69041157,0.75111157,0.0607,0.69041157,0.69041157,0.0,0.69041157,0.69041157,0.0,0.69041157,0.55125445,-0.13915712,0.69041157,0.8363329,0.14592135,0.69041157,0.7632157,0.07280415,0.69041157,0.66181153,-0.028600037,5
1,1,1,0,0,0,3,0,0,1,2.0,5.0,1.0,1.0,1.0,8.0,1.0,3.0,7.0,4.0,3.0,2.0,7.0,0.94051903,0.9935201,0.053001046,,,,0.94051903,0.94051903,0.0,0.94051903,0.94051903,0.0,,,,,,,,,,0.94051903,0.94051903,0.0,0.94051903,0.94051903,0.0,0.94051903,0.9764006,0.03588158,0.94051903,0.7835325,-0.15698653,0.94051903,0.976761,0.03624195,0.94051903,0.90692437,-0.033594668,11
5,0,0,0,1,0,4,0,0,0,1.0,2.0,1.0,2.0,2.0,6.0,4.0,3.0,7.0,4.0,5.0,4.0,8.0,,,,0.9637158,0.96109235,-0.0026234388,0.9637158,0.9637158,0.0,,,,,,,0.9637158,0.97267216,0.008956373,0.9637158,0.97366685,0.009951055,0.9637158,0.9637158,0.0,0.9637158,0.9637158,0.0,0.9637158,0.9893393,0.0256235,0.9637158,0.9552543,-0.008461475,0.9637158,0.9574813,-0.006234467,0.9637158,0.9886919,0.024976134,15
5,0,0,0,0,0,3,3,0,3,2.0,4.0,2.0,2.0,1.0,2.0,5.0,4.0,8.0,4.0,5.0,4.0,7.0,0.90754795,0.943563,0.036015034,0.90754795,0.92558783,0.018039882,0.90754795,0.90754795,0.0,,,,0.90754795,0.8891877,-0.018360257,0.90754795,0.8850446,-0.022503376,,,,,,,,,,0.90754795,0.77080506,-0.13674289,0.90754795,0.9190122,0.011464238,0.90754795,0.8903916,-0.017156363,0.90754795,0.9610037,0.05345577,7
5,1,0,0,0,0,4,1,0,3,1.0,5.0,2.0,4.0,2.0,1.0,5.0,4.0,9.0,4.0,4.0,4.0,10.0,,,,,,,0.88149995,0.88149995,0.0,0.88149995,0.88149995,0.0,0.88149995,0.9077995,0.026299536,0.88149995,0.8462648,-0.035235167,0.88149995,0.9275128,0.04601288,,,,,,,0.88149995,0.8747587,-0.0067412257,0.88149995,0.79400086,-0.08749908,0.88149995,0.8909618,0.00946188,,,,7
5,0,0,0,0,0,8,3,0,0,1.0,5.0,1.0,1.0,1.0,2.0,4.0,3.0,6.0,4.0,4.0,2.0,7.0,,,,,,,0.98748416,0.98748416,0.0,0.98748416,0.98748416,0.0,,,,,,,,,,0.98748416,0.98748416,0.0,0.98748416,0.98748416,0.0,0.98748416,0.98641276,-0.0010713935,0.98748416,0.9911005,0.003616333,0.98748416,0.98130083,-0.0061833262,0.98748416,0.9814532,-0.006030977,7
0,1,0,0,0,1,6,0,0,7,2.0,2.0,2.0,2.0,2.0,7.0,3.0,3.0,8.0,4.0,4.0,4.0,8.0,0.8853223,0.9651319,0.079809606,0.8853223,0.9159022,0.030579925,0.8853223,0.8853223,0.0,0.8853223,0.8853223,0.0,0.8853223,0.85695034,-0.02837193,0.8853223,0.9680839,0.082761645,0.8853223,0.92200685,0.036684573,0.8853223,0.8853223,0.0,0.8853223,0.8853223,0.0,0.8853223,0.8319001,-0.053422153,0.8853223,0.89147353,0.006151259,0.8853223,0.86245835,-0.022863925,0.8853223,0.92491,0.039587736,26
1,1,3,0,0,0,5,0,0,8,2.0,4.0,3.0,2.0,2.0,8.0,4.0,3.0,8.0,5.0,5.0,2.0,9.0,0.25828952,0.43921852,0.180929,0.25828952,0.22003968,-0.038249835,,,,,,,0.25828952,0.55407953,0.29579002,0.25828952,0.38172486,0.12343535,0.25828952,0.22729605,-0.030993462,0.25828952,0.25828952,0.0,0.25828952,0.25828952,0.0,0.25828952,0.518719,0.2604295,0.25828952,0.2352112,-0.023078322,0.25828952,0.30771962,0.049430102,0.25828952,0.120702185,-0.13758734,26
1,0,2,0,0,1,1,0,0,7,1.0,5.0,2.0,2.0,2.0,4.0,2.0,3.0,7.0,4.0,2.0,4.0,8.0,,,,,,,0.95706046,0.95706046,0.0,0.95706046,0.95706046,0.0,0.95706046,0.9435456,-0.013514876,0.95706046,0.9799401,0.02287966,0.95706046,0.9513071,-0.0057533383,0.95706046,0.95706046,0.0,0.95706046,0.95706046,0.0,0.95706046,0.84760493,-0.109455526,0.95706046,0.9533455,-0.0037149787,0.95706046,0.9612175,0.0041570663,0.95706046,0.97939247,0.022332013,26
2,1,1,0,0,0,9,1,0,0,3.0,3.0,2.0,2.0,2.0,4.0,3.0,2.0,6.0,5.0,3.0,1.0,7.0,0.96579236,0.97930443,0.013512075,0.96579236,0.9935923,0.027799964,,,,0.96579236,0.96579236,0.0,0.96579236,0.9628,-0.002992332,0.96579236,0.9730679,0.0072755218,0.96579236,0.9602187,-0.0055736303,0.96579236,0.96579236,0.0,0.96579236,0.96579236,0.0,0.96579236,0.9501232,-0.015669167,0.96579236,0.92772037,-0.03807199,0.96579236,0.98102564,0.015233278,0.96579236,0.9779888,0.012196422,15
4,0,0,0,0,0,7,0,0,5,1.0,4.0,2.0,2.0,2.0,3.0,4.0,3.0,6.0,4.0,4.0,4.0,8.0,,,,0.9931705,0.9947509,0.0015804172,0.9931705,0.9931705,0.0,0.9931705,0.9931705,0.0,0.9931705,0.9939619,0.00079137087,0.9931705,0.9976502,0.0044797063,0.9931705,0.9961086,0.0029380918,0.9931705,0.9931705,0.0,0.9931705,0.9931705,0.0,0.9931705,0.9964826,0.003312111,0.9931705,0.9945398,0.0013692975,0.9931705,0.9963027,0.003132224,0.9931705,0.9954977,0.0023272038,23
1,1,0,0,0,0,5,0,0,0,5.0,5.0,2.0,4.0,4.0,4.0,3.0,2.0,8.0,5.0,5.0,4.0,7.0,0.8375777,0.8375777,0.0,,,,,,,,,,0.8375777,0.81846935,-0.019108355,0.8375777,0.69632494,-0.14125276,0.8375777,0.8375777,0.0,0.8375777,0.8375777,0.0,0.8375777,0.8375777,0.0,0.8375777,0.50096583,-0.33661187,0.8375777,0.7711983,-0.06637943,0.8375777,0.7823891,-0.055188596,0.8375777,0.78680307,-0.050774634,10
2,1,1,0,0,0,7,1,3,4,1.0,4.0,3.0,3.0,3.0,0.0,2.0,1.0,9.0,4.0,3.0,5.0,10.0,,,,0.82377285,0.8613411,0.03756827,0.82377285,0.82377285,0.0,0.82377285,0.82377285,0.0,0.82377285,0.88222045,0.0584476,0.82377285,0.8926991,0.068926275,0.82377285,0.77180755,-0.051965296,0.82377285,0.82377285,0.0,0.82377285,0.82377285,0.0,,,,0.82377285,0.7882033,-0.03556955,,,,,,,3
3,0,0,0,4,0,2,0,0,0,1.0,4.0,2.0,2.0,2.0,5.0,4.0,3.0,8.0,4.0,4.0,3.0,9.0,,,,0.9638792,0.9782517,0.014372468,0.9638792,0.9638792,0.0,0.9638792,0.9638792,0.0,0.9638792,0.95978904,-0.00409019,0.9638792,0.96504676,0.0011675358,0.9638792,0.9684183,0.0045390725,0.9638792,0.9638792,0.0,0.9638792,0.9638792,0.0,0.9638792,0.9367542,-0.027125001,0.9638792,0.85499567,-0.10888356,0.9638792,0.96600324,0.0021240115,0.9638792,0.95930815,-0.00457108,20
2,0,2,0,1,1,2,1,0,0,2.0,3.0,3.0,3.0,4.0,10.0,4.0,3.0,10.0,4.0,4.0,3.0,10.0,0.26657107,0.5609973,0.29442623,0.26657107,0.26126918,-0.0053018928,0.26657107,0.26657107,0.0,0.26657107,0.26657107,0.0,0.26657107,0.28821573,0.021644652,0.26657107,0.37980065,0.11322957,0.26657107,0.3197721,0.05320102,0.26657107,0.26657107,0.0,0.26657107,0.26657107,0.0,0.26657107,0.18434122,-0.08222985,,,,0.26657107,0.2806562,0.014085114,,,,9
1,1,0,0,1,1,3,2,2,4,2.0,4.0,2.0,2.0,2.0,5.0,4.0,3.0,6.0,4.0,4.0,3.0,5.0,0.8609241,0.78653216,-0.07439196,0.8609241,0.8874468,0.026522696,0.8609241,0.8609241,0.0,0.8609241,0.8609241,0.0,0.8609241,0.8470258,-0.013898313,0.8609241,0.8529094,-0.008014739,0.8609241,0.93366766,0.072743535,0.8609241,0.8609241,0.0,0.8609241,0.8609241,0.0,0.8609241,0.9280789,0.067154765,0.8609241,0.7903599,-0.07056421,0.8609241,0.8700704,0.009146273,0.8609241,0.8682335,0.007309377,16
4,1,1,0,4,0,4,2,0,2,3.0,2.0,2.0,2.0,2.0,10.0,3.0,3.0,0.0,3.0,4.0,4.0,2.0,0.19944145,0.043385345,-0.1560561,0.19944145,0.21641332,0.016971871,0.19944145,0.19944145,0.0,0.19944145,0.19944145,0.0,0.19944145,0.18222973,-0.01721172,0.19944145,0.33789292,0.13845147,0.19944145,0.2228186,0.02337715,0.19944145,0.19944145,0.0,0.19944145,0.19944145,0.0,0.19944145,0.39791113,0.19846968,0.19944145,0.35991126,0.16046982,0.19944145,0.255001,0.05555956,0.19944145,0.12420953,-0.07523192,6
3,0,2,0,0,0,4,0,1,4,3.0,3.0,3.0,3.0,3.0,5.0,3.0,2.0,5.0,3.0,4.0,2.0,5.0,0.17215252,0.57093054,0.39877802,0.17215252,0.5793777,0.4072252,0.17215252,0.17215252,0.0,0.17215252,0.17215252,0.0,0.17215252,0.29145846,0.11930594,0.17215252,0.38378146,0.21162894,0.17215252,0.19196966,0.019817144,0.17215252,0.17215252,0.0,0.17215252,0.17215252,0.0,0.17215252,0.41242218,0.24026966,0.17215252,0.28237945,0.11022693,0.17215252,0.13421111,-0.03794141,0.17215252,0.11811098,-0.054041542,2
1,1,2,0,0,0,1,1,1,4,3.0,3.0,2.0,2.0,2.0,4.0,4.0,3.0,6.0,3.0,3.0,2.0,5.0,0.43374944,0.7033663,0.26961684,0.43374944,0.7428743,0.3091249,0.43374944,0.43374944,0.0,0.43374944,0.43374944,0.0,0.43374944,0.46775344,0.034004003,0.43374944,0.4224626,-0.011286825,0.43374944,0.29565495,-0.13809448,0.43374944,0.43374944,0.0,0.43374944,0.43374944,0.0,0.43374944,0.24144275,-0.19230668,0.43374944,0.3114825,-0.12226695,0.43374944,0.58855283,0.1548034,0.43374944,0.43834114,0.0045917034,3
6,0,0,0,4,4,3,3,0,0,3.0,4.0,3.0,2.0,3.0,6.0,3.0,3.0,7.0,3.0,5.0,1.0,8.0,0.26181823,0.30114672,0.039328486,0.26181823,0.32977682,0.06795859,0.26181823,0.26181823,0.0,,,,0.26181823,0.3003368,0.038518578,0.26181823,0.24988198,-0.011936247,0.26181823,0.16435282,-0.09746541,0.26181823,0.26181823,0.0,0.26181823,0.26181823,0.0,0.26181823,0.14008805,-0.12173018,0.26181823,0.47152257,0.20970434,0.26181823,0.22699222,-0.03482601,0.26181823,0.5568072,0.294989,19
2,1,1,0,0,0,4,0,0,5,1.0,2.0,1.0,2.0,2.0,4.0,3.0,3.0,5.0,4.0,4.0,2.0,4.0,,,,0.972231,0.981644,0.009413004,0.972231,0.972231,0.0,0.972231,0.972231,0.0,,,,0.972231,0.9787789,0.006547928,0.972231,0.9712909,-0.00094008446,0.972231,0.972231,0.0,0.972231,0.972231,0.0,0.972231,0.95033824,-0.021892726,0.972231,0.98995364,0.017722666,0.972231,0.9560096,-0.016221344,0.972231,0.9796919,0.007460952,6
2,1,0,0,0,0,3,0,0,1,2.0,5.0,2.0,2.0,1.0,2.0,4.0,3.0,9.0,4.0,4.0,3.0,7.0,0.9989656,0.99976236,0.0007967353,,,,0.9989656,0.9989656,0.0,0.9989656,0.9989656,0.0,0.9989656,0.99879825,-0.00016736984,0.9989656,0.9995426,0.00057697296,,,,0.9989656,0.9989656,0.0,0.9989656,0.9989656,0.0,0.9989656,0.9979638,-0.0010018349,0.9989656,0.9985164,-0.0004492402,0.9989656,0.99809533,-0.0008702874,0.9989656,0.99728703,-0.001678586,11
3,0,0,0,0,1,8,1,2,4,1.0,4.0,2.0,2.0,2.0,6.0,4.0,2.0,6.0,2.0,4.0,5.0,7.0,,,,0.9536297,0.9750048,0.02137512,0.9536297,0.9536297,0.0,0.9536297,0.9536297,0.0,0.9536297,0.9326457,-0.020983994,0.9536297,0.9465161,-0.007113576,0.9536297,0.97101486,0.017385185,0.9536297,0.9536297,0.0,0.9536297,0.9536297,0.0,0.9536297,0.99207324,0.038443565,0.9536297,0.97203064,0.018400967,,,,0.9536297,0.97618437,0.022554696,2
3,0,3,0,0,2,5,2,0,0,2.0,2.0,2.0,3.0,2.0,6.0,4.0,4.0,5.0,4.0,4.0,2.0,6.0,0.51371104,0.870122,0.35641098,0.51371104,0.6527478,0.13903677,0.51371104,0.51371104,0.0,0.51371104,0.51371104,0.0,0.51371104,0.5412427,0.027531683,0.51371104,0.6197731,0.106062055,0.51371104,0.717137,0.20342594,0.51371104,0.51371104,0.0,,,,0.51371104,0.61297053,0.099259496,0.51371104,0.834129,0.32041794,0.51371104,0.54273784,0.029026806,0.51371104,0.30355495,-0.21015608,13
4,0,3,0,3,1,7,0,0,5,2.0,3.0,2.0,2.0,2.0,0.0,4.0,3.0,8.0,4.0,4.0,4.0,7.0,0.5660574,0.7082959,0.1422385,0.5660574,0.7294325,0.16337514,0.5660574,0.5660574,0.0,0.5660574,0.5660574,0.0,0.5660574,0.581254,0.015196621,0.5660574,0.7661896,0.20013219,0.5660574,0.80035853,0.23430115,0.5660574,0.5660574,0.0,0.5660574,0.5660574,0.0,,,,0.5660574,0.895026,0.32896864,0.5660574,0.7970467,0.23098934,0.5660574,0.15386459,-0.4121928,4
1,0,0,0,0,0,3,0,0,0,2.0,3.0,2.0,2.0,2.0,0.0,4.0,3.0,6.0,4.0,4.0,3.0,7.0,0.9691395,0.9962289,0.027089357,0.9691395,0.971031,0.0018914938,0.9691395,0.9691395,0.0,0.9691395,0.9691395,0.0,0.9691395,0.97060794,0.00146842,0.9691395,0.9888786,0.019739091,0.9691395,0.98301816,0.0138786435,0.9691395,0.9691395,0.0,0.9691395,0.9691395,0.0,,,,0.9691395,0.90270936,-0.06643015,0.9691395,0.9447421,-0.024397433,0.9691395,0.9580375,-0.011102021,17
1,1,1,0,0,0,3,0,0,3,3.0,3.0,2.0,2.0,2.0,5.0,3.0,3.0,8.0,4.0,4.0,2.0,8.0,0.33650938,0.87885153,0.5423422,0.33650938,0.57669806,0.24018869,0.33650938,0.33650938,0.0,0.33650938,0.33650938,0.0,0.33650938,0.30658853,-0.029920846,0.33650938,0.53688323,0.20037386,0.33650938,0.3472016,0.010692209,0.33650938,0.33650938,0.0,0.33650938,0.33650938,0.0,0.33650938,0.84333503,0.5068257,0.33650938,0.33962458,0.003115207,0.33650938,0.22664975,-0.10985963,0.33650938,0.23897094,-0.09753844,17
2,1,2,0,0,0,6,0,2,4,1.0,3.0,1.0,1.0,2.0,1.0,4.0,3.0,9.0,4.0,4.0,3.0,9.0,,,,0.8705225,0.8730365,0.0025140047,0.8705225,0.8705225,0.0,0.8705225,0.8705225,0.0,,,,,,,0.8705225,0.90997726,0.03945476,0.8705225,0.8705225,0.0,0.8705225,0.8705225,0.0,0.8705225,0.897686,0.027163506,0.8705225,0.77736706,-0.09315544,0.8705225,0.73634815,-0.13417435,0.8705225,0.6137522,-0.2567703,2
1,0,0,0,1,1,2,0,0,3,1.0,3.0,2.0,1.0,3.0,3.0,3.0,3.0,7.0,4.0,3.0,4.0,8.0,,,,0.9838622,0.98992515,0.006062925,0.9838622,0.9838622,0.0,0.9838622,0.9838622,0.0,0.9838622,0.9832544,-0.00060784817,,,,0.9838622,0.9915884,0.0077261925,0.9838622,0.9838622,0.0,0.9838622,0.9838622,0.0,0.9838622,0.98578936,0.0019271374,0.9838622,0.9779007,-0.0059615374,0.9838622,0.99088985,0.007027626,0.9838622,0.9917754,0.007913172,9
2,0,2,0,0,0,1,0,0,0,2.0,4.0,2.0,2.0,2.0,7.0,4.0,2.0,5.0,4.0,4.0,1.0,5.0,0.46907714,0.29243338,-0.17664376,0.46907714,0.78096133,0.3118842,0.46907714,0.46907714,0.0,0.46907714,0.46907714,0.0,0.46907714,0.4766909,0.0076137483,0.46907714,0.525384,0.05630687,0.46907714,0.4615889,-0.0074882507,0.46907714,0.46907714,0.0,0.46907714,0.46907714,0.0,0.46907714,0.5971012,0.12802407,0.46907714,0.7297654,0.26068828,0.46907714,0.6189932,0.14991608,0.46907714,0.75007606,0.28099892,20
2,0,1,0,0,1,1,5,0,8,2.0,2.0,2.0,1.0,2.0,3.0,4.0,3.0,3.0,4.0,4.0,3.0,6.0,0.5000916,0.9584817,0.45839012,0.5000916,0.61185116,0.11175954,0.5000916,0.5000916,0.0,0.5000916,0.5000916,0.0,0.5000916,0.43117434,-0.068917274,,,,0.5000916,0.46186513,-0.038226485,0.5000916,0.5000916,0.0,0.5000916,0.5000916,0.0,0.5000916,0.48777023,-0.012321383,0.5000916,0.47958186,-0.02050975,0.5000916,0.55659413,0.05650252,0.5000916,0.38273358,-0.11735803,14
2,1,1,0,0,0,1,0,0,0,4.0,4.0,2.0,2.0,4.0,7.0,2.0,3.0,4.0,1.0,1.0,1.0,4.0,0.9352034,0.95787,0.022666633,0.9352034,0.96045804,0.025254667,0.9352034,0.9352034,0.0,0.9352034,0.9352034,0.0,0.9352034,0.9357183,0.0005149245,0.9352034,0.9759201,0.040716708,0.9352034,0.9352034,0.0,0.9352034,0.9352034,0.0,0.9352034,0.9352034,0.0,0.9352034,0.95315546,0.017952085,0.9352034,0.8334215,-0.101781845,0.9352034,0.9446424,0.009439051,0.9352034,0.9706203,0.0354169,20
4,0,0,0,0,0,4,0,0,5,1.0,4.0,2.0,2.0,1.0,3.0,3.0,4.0,7.0,4.0,4.0,3.0,7.0,,,,0.99694,0.9977108,0.00077080727,0.99694,0.99694,0.0,0.99694,0.99694,0.0,0.99694,0.9964515,-0.00048851967,0.99694,0.9986084,0.0016683936,,,,0.99694,0.99694,0.0,,,,0.99694,0.9934824,-0.0034576058,0.99694,0.9963827,-0.0005573034,0.99694,0.99772733,0.00078731775,0.99694,0.9975299,0.00058990717,23
1,0,0,0,0,0,6,0,0,0,2.0,4.0,2.0,2.0,3.0,4.0,3.0,3.0,9.0,5.0,4.0,3.0,9.0,0.9664561,0.9875624,0.021106303,0.9664561,0.97700363,0.010547519,,,,0.9664561,0.9664561,0.0,0.9664561,0.9760946,0.009638488,0.9664561,0.9855864,0.01913029,0.9664561,0.9777525,0.0112963915,0.9664561,0.9664561,0.0,0.9664561,0.9664561,0.0,0.9664561,0.8501014,-0.116354704,0.9664561,0.9628156,-0.0036405325,0.9664561,0.96298856,-0.0034675598,0.9664561,0.95423704,-0.012219071,17
6,0,0,0,0,4,5,3,0,0,1.0,3.0,2.0,2.0,2.0,0.0,4.0,3.0,10.0,5.0,4.0,5.0,9.0,,,,0.5995391,0.41507182,-0.18446729,,,,0.5995391,0.5995391,0.0,0.5995391,0.45723724,-0.14230186,0.5995391,0.5111775,-0.08836162,0.5995391,0.68109125,0.08155215,0.5995391,0.5995391,0.0,0.5995391,0.5995391,0.0,,,,,,,,,,0.5995391,0.5678488,-0.0316903,19
4,0,0,0,2,0,7,3,0,3,2.0,4.0,2.0,3.0,2.0,0.0,3.0,3.0,9.0,4.0,4.0,5.0,9.0,0.94244057,0.96567965,0.023239076,0.94244057,0.9319936,-0.010446966,0.94244057,0.94244057,0.0,0.94244057,0.94244057,0.0,0.94244057,0.9415086,-0.0009319782,0.94244057,0.96598214,0.02354157,0.94244057,0.98759836,0.04515779,0.94244057,0.94244057,0.0,0.94244057,0.94244057,0.0,,,,0.94244057,0.96152276,0.019082189,,,,0.94244057,0.9698687,0.02742815,7
2,0,1,0,0,0,6,0,0,3,1.0,3.0,2.0,2.0,2.0,7.0,4.0,3.0,8.0,4.0,5.0,5.0,9.0,,,,0.9525865,0.9388491,-0.0137373805,0.9525865,0.9525865,0.0,,,,0.9525865,0.94260484,-0.009981632,0.9525865,0.96672165,0.014135182,0.9525865,0.9469957,-0.0055907965,0.9525865,0.9525865,0.0,0.9525865,0.9525865,0.0,0.9525865,0.99524623,0.04265976,0.9525865,0.9528466,0.00026011467,,,,0.9525865,0.9380553,-0.014531195,10
1,0,0,0,0,0,2,0,0,3,2.0,4.0,2.0,2.0,2.0,1.0,5.0,3.0,10.0,5.0,5.0,4.0,10.0,0.9065297,0.9855906,0.07906085,0.9065297,0.92498016,0.018450439,,,,,,,0.9065297,0.8995929,-0.006936848,0.9065297,0.9463726,0.039842904,0.9065297,0.8650857,-0.041444004,,,,0.9065297,0.9065297,0.0,0.9065297,0.9225967,0.016066968,,,,0.9065297,0.8959067,-0.010623038,,,,17
2,1,2,0,1,1,5,0,2,4,2.0,5.0,3.0,3.0,5.0,0.0,3.0,3.0,10.0,1.0,4.0,5.0,10.0,0.21210945,0.27034935,0.058239907,,,,0.21210945,0.21210945,0.0,0.21210945,0.21210945,0.0,0.21210945,0.36357704,0.15146759,0.21210945,0.14833452,-0.06377493,0.21210945,0.22071953,0.008610085,0.21210945,0.21210945,0.0,0.21210945,0.21210945,0.0,,,,,,,,,,,,,3
5,0,6,0,0,2,8,0,0,3,1.0,5.0,2.0,2.0,2.0,3.0,4.0,3.0,10.0,4.0,4.0,4.0,9.0,,,,,,,0.9789932,0.9789932,0.0,0.9789932,0.9789932,0.0,0.9789932,0.97601366,-0.002979517,0.9789932,0.97917455,0.00018137693,0.9789932,0.98260915,0.0036159754,0.9789932,0.9789932,0.0,0.9789932,0.9789932,0.0,0.9789932,0.9773562,-0.001636982,,,,0.9789932,0.9809248,0.0019316077,0.9789932,0.9903409,0.011347711,23
4,0,0,0,0,0,7,0,0,5,2.0,5.0,2.0,2.0,2.0,0.0,4.0,3.0,9.0,4.0,4.0,4.0,8.0,0.9651975,0.99361694,0.028419435,,,,0.9651975,0.9651975,0.0,0.9651975,0.9651975,0.0,0.9651975,0.9598163,-0.0053812265,0.9651975,0.9884984,0.023300886,0.9651975,0.99131775,0.026120245,0.9651975,0.9651975,0.0,0.9651975,0.9651975,0.0,,,,0.9651975,0.9654979,0.0003004074,0.9651975,0.96459556,-0.0006019473,0.9651975,0.94803756,-0.017159939,23
1,1,1,0,0,0,4,0,0,3,2.0,5.0,2.0,2.0,2.0,2.0,4.0,4.0,7.0,4.0,4.0,3.0,7.0,0.9577838,0.98430866,0.026524842,,,,0.9577838,0.9577838,0.0,0.9577838,0.9577838,0.0,0.9577838,0.96300316,0.0052193403,0.9577838,0.9828845,0.025100708,0.9577838,0.9819062,0.024122357,0.9577838,0.9577838,0.0,,,,0.9577838,0.78705525,-0.17072856,0.9577838,0.9423129,-0.015470922,0.9577838,0.9280836,-0.02970022,0.9577838,0.9798686,0.022084773,20
3,0,6,0,0,0,4,0,0,0,2.0,3.0,1.0,1.0,3.0,7.0,4.0,4.0,6.0,4.0,5.0,2.0,9.0,0.96496946,0.96556973,0.0006002784,0.96496946,0.97651005,0.011540592,0.96496946,0.96496946,0.0,,,,,,,,,,0.96496946,0.9775442,0.012574732,0.96496946,0.96496946,0.0,,,,0.96496946,0.969549,0.004579544,0.96496946,0.92145455,-0.043514907,0.96496946,0.9829069,0.017937422,0.96496946,0.9630243,-0.001945138,15
0,0,1,0,0,3,7,6,0,0,1.0,1.0,1.0,1.0,1.0,0.0,4.0,1.0,10.0,5.0,5.0,1.0,10.0,,,,0.8537632,0.85837984,0.004616618,,,,,,,,,,,,,,,,0.8537632,0.8537632,0.0,0.8537632,0.8537632,0.0,,,,,,,0.8537632,0.88020474,0.026441514,,,,8
3,0,0,0,0,0,7,0,2,4,1.0,5.0,2.0,2.0,2.0,5.0,3.0,4.0,5.0,2.0,4.0,4.0,6.0,,,,,,,0.7031901,0.7031901,0.0,0.7031901,0.7031901,0.0,0.7031901,0.6844669,-0.01872319,0.7031901,0.7801715,0.076981425,0.7031901,0.76231664,0.059126556,0.7031901,0.7031901,0.0,,,,0.7031901,0.91075605,0.20756596,0.7031901,0.8880996,0.18490952,0.7031901,0.78362066,0.08043057,0.7031901,0.83214754,0.12895745,2
0,1,0,0,0,0,6,0,0,7,2.0,3.0,1.0,3.0,3.0,5.0,4.0,3.0,5.0,4.0,4.0,2.0,7.0,0.94836175,0.95495516,0.006593406,0.94836175,0.95888203,0.010520279,0.94836175,0.94836175,0.0,0.94836175,0.94836175,0.0,,,,0.94836175,0.9696204,0.021258652,0.94836175,0.96570355,0.017341793,0.94836175,0.94836175,0.0,0.94836175,0.94836175,0.0,0.94836175,0.9081671,-0.04019463,0.94836175,0.9552751,0.006913364,0.94836175,0.9387833,-0.009578466,0.94836175,0.9057234,-0.04263836,26
3,0,6,0,0,1,3,7,0,3,1.0,1.0,2.0,2.0,5.0,7.0,2.0,3.0,8.0,4.0,4.0,2.0,7.0,,,,0.9739831,0.92151153,-0.052471578,0.9739831,0.9739831,0.0,0.9739831,0.9739831,0.0,0.9739831,0.9743601,0.00037699938,0.9739831,0.9885493,0.014566183,0.9739831,0.96058387,-0.013399243,0.9739831,0.9739831,0.0,0.9739831,0.9739831,0.0,0.9739831,0.99311525,0.019132137,0.9739831,0.98660034,0.01261723,0.9739831,0.9856769,0.011693776,0.9739831,0.98730624,0.013323128,9
2,1,3,0,0,0,2,0,0,2,2.0,4.0,2.0,2.0,2.0,2.0,3.0,3.0,8.0,4.0,3.0,3.0,8.0,0.50301707,0.9034593,0.40044224,0.50301707,0.5657009,0.06268382,0.50301707,0.50301707,0.0,0.50301707,0.50301707,0.0,0.50301707,0.46991244,-0.03310463,0.50301707,0.675496,0.17247891,0.50301707,0.5118966,0.008879542,0.50301707,0.50301707,0.0,0.50301707,0.50301707,0.0,0.50301707,0.5077983,0.004781246,0.50301707,0.8535148,0.35049772,0.50301707,0.4339326,-0.069084466,0.50301707,0.36322737,-0.1397897,6
4,1,0,0,2,0,5,1,0,5,2.0,4.0,3.0,2.0,2.0,5.0,4.0,3.0,5.0,4.0,4.0,4.0,9.0,0.9472246,0.9295781,-0.017646492,0.9472246,0.9521948,0.004970193,0.9472246,0.9472246,0.0,0.9472246,0.9472246,0.0,0.9472246,0.92599714,-0.021227479,0.9472246,0.9828418,0.035617173,0.9472246,0.9599053,0.012680709,0.9472246,0.9472246,0.0,0.9472246,0.9472246,0.0,0.9472246,0.84238774,-0.10483688,0.9472246,0.976728,0.029503405,0.9472246,0.95048475,0.0032601357,0.9472246,0.9386706,-0.008554041,12
1,1,1,0,0,0,4,0,0,0,1.0,5.0,2.0,2.0,2.0,3.0,3.0,3.0,7.0,5.0,5.0,2.0,7.0,,,,,,,,,,,,,0.99738413,0.99613523,-0.0012488961,0.99738413,0.9988667,0.0014825463,0.99738413,0.9981463,0.0007621646,0.99738413,0.99738413,0.0,0.99738413,0.99738413,0.0,0.99738413,0.9944906,-0.0028935075,0.99738413,0.9950075,-0.002376616,0.99738413,0.995046,-0.0023381114,0.99738413,0.99771535,0.000331223,20
3,0,5,0,0,2,1,2,0,0,2.0,3.0,4.0,4.0,2.0,10.0,2.0,2.0,0.0,2.0,3.0,1.0,0.0,0.4761077,0.52578455,0.049676865,0.4761077,0.39010558,-0.08600211,0.4761077,0.4761077,0.0,0.4761077,0.4761077,0.0,0.4761077,0.4348482,-0.041259497,0.4761077,0.46588397,-0.0102237165,0.4761077,0.47004673,-0.006060958,0.4761077,0.4761077,0.0,0.4761077,0.4761077,0.0,0.4761077,0.6477379,0.17163023,0.4761077,0.5582529,0.082145184,0.4761077,0.5421369,0.06602922,0.4761077,0.4761077,0.0,13
1,0,5,0,0,0,7,0,0,3,2.0,4.0,4.0,3.0,2.0,1.0,4.0,3.0,9.0,4.0,4.0,4.0,7.0,0.98145366,0.98916304,0.007709384,0.98145366,0.9815378,8.416176e-05,0.98145366,0.98145366,0.0,0.98145366,0.98145366,0.0,0.98145366,0.97595304,-0.0055006146,0.98145366,0.9786659,-0.0027877688,0.98145366,0.99274606,0.011292398,0.98145366,0.98145366,0.0,0.98145366,0.98145366,0.0,0.98145366,0.98131883,-0.0001348257,0.98145366,0.9798392,-0.0016144514,0.98145366,0.9739845,-0.0074691772,0.98145366,0.8200493,-0.16140437,17
3,1,3,0,0,0,3,0,1,2,2.0,4.0,2.0,2.0,4.0,3.0,2.0,1.0,7.0,3.0,4.0,3.0,9.0,0.17949034,0.68138516,0.50189483,0.17949034,0.20508918,0.025598839,0.17949034,0.17949034,0.0,0.17949034,0.17949034,0.0,0.17949034,0.2002091,0.020718753,0.17949034,0.22133559,0.041845247,0.17949034,0.17056726,-0.008923084,0.17949034,0.17949034,0.0,0.17949034,0.17949034,0.0,0.17949034,0.36086866,0.18137832,0.17949034,0.25761983,0.078129485,0.17949034,0.19607821,0.016587868,0.17949034,0.1630787,-0.016411647,1
2,0,1,0,0,0,4,0,2,4,2.0,2.0,2.0,2.0,3.0,6.0,3.0,2.0,5.0,3.0,3.0,5.0,6.0,0.68148607,0.60578084,-0.07570523,0.68148607,0.8560736,0.17458755,0.68148607,0.68148607,0.0,0.68148607,0.68148607,0.0,0.68148607,0.68472975,0.0032436848,0.68148607,0.85446966,0.17298359,0.68148607,0.6215993,-0.059886754,0.68148607,0.68148607,0.0,0.68148607,0.68148607,0.0,0.68148607,0.89270264,0.21121657,0.68148607,0.81841725,0.13693118,,,,0.68148607,0.8670865,0.18560046,2
3,1,0,0,0,0,8,0,3,4,1.0,4.0,2.0,2.0,2.0,2.0,4.0,3.0,8.0,4.0,4.0,4.0,8.0,,,,0.99602747,0.99667645,0.0006489754,0.99602747,0.99602747,0.0,0.99602747,0.99602747,0.0,0.99602747,0.9960763,4.8816204e-05,0.99602747,0.99764144,0.0016139746,0.99602747,0.99707294,0.0010454655,0.99602747,0.99602747,0.0,0.99602747,0.99602747,0.0,0.99602747,0.9830971,-0.012930393,0.99602747,0.99499774,-0.0010297298,0.99602747,0.9968315,0.00080400705,0.99602747,0.99610233,7.4863434e-05,2
4,0,1,0,0,0,8,0,0,3,1.0,5.0,2.0,2.0,1.0,0.0,3.0,3.0,9.0,5.0,5.0,5.0,7.0,,,,,,,,,,,,,0.9887044,0.9847296,-0.0039747953,0.9887044,0.99241793,0.0037135482,,,,0.9887044,0.9887044,0.0,0.9887044,0.9887044,0.0,,,,0.9887044,0.9913756,0.0026712418,,,,0.9887044,0.993522,0.004817605,23
4,1,0,0,0,0,5,0,0,3,1.0,5.0,2.0,3.0,1.0,0.0,4.0,4.0,8.0,5.0,5.0,5.0,9.0,,,,,,,,,,,,,0.9555191,0.96041673,0.004897654,0.9555191,0.97415847,0.018639386,,,,0.9555191,0.9555191,0.0,,,,,,,0.9555191,0.96566755,0.010148466,,,,0.9555191,0.9167495,-0.038769603,15
3,1,2,0,0,0,8,0,0,6,3.0,3.0,2.0,4.0,2.0,0.0,3.0,3.0,10.0,4.0,3.0,5.0,10.0,0.5387587,0.9860774,0.44731873,0.5387587,0.7274341,0.1886754,0.5387587,0.5387587,0.0,0.5387587,0.5387587,0.0,0.5387587,0.5799967,0.04123801,0.5387587,0.53438425,-0.0043744445,0.5387587,0.7365129,0.1977542,0.5387587,0.5387587,0.0,0.5387587,0.5387587,0.0,,,,,,,,,,,,,12
2,1,1,0,0,0,3,0,2,4,3.0,4.0,3.0,2.0,2.0,4.0,3.0,3.0,7.0,2.0,3.0,3.0,8.0,0.9244898,0.983113,0.058623195,0.9244898,0.9244898,0.0,0.9244898,0.9244898,0.0,0.9244898,0.9244898,0.0,0.9244898,0.9725241,0.04803431,0.9244898,0.9717937,0.047303915,0.9244898,0.93346226,0.008972466,0.9244898,0.9244898,0.0,0.9244898,0.9244898,0.0,0.9244898,0.5357624,-0.38872737,0.9244898,0.8541474,-0.07034242,0.9244898,0.95699054,0.032500744,0.9244898,0.92870873,0.004218936,3
4,0,6,0,0,0,1,0,1,4,1.0,3.0,2.0,2.0,2.0,5.0,4.0,3.0,5.0,2.0,4.0,1.0,7.0,,,,0.7207601,0.8583871,0.137627,0.7207601,0.7207601,0.0,0.7207601,0.7207601,0.0,0.7207601,0.7268662,0.0061060786,0.7207601,0.8344649,0.1137048,0.7207601,0.7151906,-0.0055695176,0.7207601,0.7207601,0.0,0.7207601,0.7207601,0.0,0.7207601,0.96084684,0.24008673,0.7207601,0.8014065,0.080646396,0.7207601,0.77010053,0.049340427,0.7207601,0.806951,0.08619088,2
4,1,0,0,0,0,3,1,1,4,2.0,4.0,1.0,1.0,1.0,2.0,5.0,3.0,10.0,4.0,3.0,2.0,8.0,0.9106824,0.98246646,0.07178408,0.9106824,0.9396754,0.02899301,0.9106824,0.9106824,0.0,0.9106824,0.9106824,0.0,,,,,,,,,,,,,0.9106824,0.9106824,0.0,0.9106824,0.6332455,-0.27743685,,,,0.9106824,0.93741375,0.026731372,0.9106824,0.82405657,-0.086625814,18
1,1,6,0,0,0,4,0,0,0,1.0,2.0,2.0,1.0,1.0,3.0,3.0,3.0,8.0,3.0,4.0,2.0,6.0,,,,0.99712425,0.9970818,-4.2438507e-05,0.99712425,0.99712425,0.0,0.99712425,0.99712425,0.0,0.99712425,0.99459237,-0.002531886,,,,,,,0.99712425,0.99712425,0.0,0.99712425,0.99712425,0.0,0.99712425,0.9917537,-0.0053705573,0.99712425,0.9946255,-0.002498746,0.99712425,0.9961119,-0.0010123253,0.99712425,0.998774,0.0016497374,20
5,0,0,0,4,1,6,5,0,3,2.0,2.0,1.0,1.0,1.0,2.0,3.0,2.0,8.0,4.0,3.0,4.0,5.0,0.7471507,0.8816386,0.13448787,0.7471507,0.79075515,0.043604434,0.7471507,0.7471507,0.0,0.7471507,0.7471507,0.0,,,,,,,,,,0.7471507,0.7471507,0.0,0.7471507,0.7471507,0.0,0.7471507,0.6572791,-0.089871645,0.7471507,0.7812062,0.03405547,0.7471507,0.67671424,-0.07043648,0.7471507,0.75395036,0.0067996383,22
5,0,0,0,0,0,2,3,0,0,2.0,4.0,3.0,4.0,2.0,2.0,2.0,1.0,3.0,3.0,3.0,3.0,5.0,0.7591412,0.5896865,-0.1694547,0.7591412,0.94325316,0.18411195,0.7591412,0.7591412,0.0,0.7591412,0.7591412,0.0,0.7591412,0.7901148,0.030973613,0.7591412,0.8542504,0.095109165,0.7591412,0.82662064,0.06747943,0.7591412,0.7591412,0.0,0.7591412,0.7591412,0.0,0.7591412,0.74842566,-0.010715544,0.7591412,0.79382116,0.03467995,0.7591412,0.77721554,0.018074334,0.7591412,0.66434354,-0.09479767,5
5,0,0,0,0,1,8,3,0,3,3.0,4.0,3.0,2.0,2.0,0.0,4.0,3.0,9.0,4.0,4.0,5.0,9.0,0.6487261,0.8233213,0.17459518,0.6487261,0.54591876,-0.10280734,0.6487261,0.6487261,0.0,0.6487261,0.6487261,0.0,0.6487261,0.62911975,-0.019606352,0.6487261,0.606968,-0.04175812,0.6487261,0.75375515,0.10502905,0.6487261,0.6487261,0.0,0.6487261,0.6487261,0.0,,,,0.6487261,0.6418917,-0.006834388,,,,0.6487261,0.88252866,0.23380256,7
5,1,1,0,1,1,4,0,0,0,5.0,5.0,5.0,5.0,5.0,8.0,4.0,3.0,5.0,2.0,2.0,4.0,6.0,0.62381536,0.62381536,0.0,,,,0.62381536,0.62381536,0.0,0.62381536,0.62381536,0.0,0.62381536,0.6368714,0.01305604,0.62381536,0.5807915,-0.043023884,0.62381536,0.547656,-0.07615936,0.62381536,0.62381536,0.0,0.62381536,0.62381536,0.0,0.62381536,0.31049055,-0.3133248,0.62381536,0.6260284,0.0022130609,0.62381536,0.48105362,-0.14276174,0.62381536,0.56071717,-0.06309819,14
7,1,0,0,1,4,8,3,0,3,2.0,4.0,1.0,1.0,1.0,3.0,5.0,4.0,10.0,5.0,5.0,5.0,10.0,0.7438886,0.89717656,0.15328795,0.7438886,0.76947594,0.02558732,,,,,,,,,,,,,,,,,,,,,,0.7438886,0.9627902,0.21890157,,,,,,,,,,19
3,0,0,0,0,0,1,0,2,4,2.0,3.0,1.0,2.0,2.0,2.0,3.0,3.0,8.0,4.0,3.0,5.0,9.0,0.95547056,0.980113,0.024642467,0.95547056,0.9545325,-0.0009380579,0.95547056,0.95547056,0.0,0.95547056,0.95547056,0.0,,,,0.95547056,0.96785074,0.012380183,0.95547056,0.9559626,0.00049203634,0.95547056,0.95547056,0.0,0.95547056,0.95547056,0.0,0.95547056,0.717768,-0.23770255,0.95547056,0.95635927,0.00088870525,,,,0.95547056,0.9517231,-0.0037474632,2
2,0,0,0,0,0,9,0,0,3,2.0,3.0,2.0,1.0,2.0,1.0,4.0,3.0,7.0,4.0,3.0,2.0,8.0,0.9097395,0.9772514,0.067511916,0.9097395,0.9227476,0.013008118,0.9097395,0.9097395,0.0,0.9097395,0.9097395,0.0,0.9097395,0.9267735,0.017033994,,,,0.9097395,0.97887385,0.069134355,0.9097395,0.9097395,0.0,0.9097395,0.9097395,0.0,0.9097395,0.8112033,-0.09853619,0.9097395,0.949296,0.039556503,0.9097395,0.9391242,0.029384732,0.9097395,0.91701365,0.007274151,17
6,1,0,0,1,4,8,4,0,5,2.0,4.0,3.0,3.0,2.0,6.0,3.0,3.0,6.0,3.0,3.0,4.0,7.0,0.86919904,0.96545535,0.096256316,0.86919904,0.88910615,0.019907117,0.86919904,0.86919904,0.0,0.86919904,0.86919904,0.0,0.86919904,0.80271333,-0.0664857,0.86919904,0.9032305,0.03403145,0.86919904,0.89362985,0.024430811,0.86919904,0.86919904,0.0,0.86919904,0.86919904,0.0,0.86919904,0.7837025,-0.085496545,0.86919904,0.8964366,0.027237535,0.86919904,0.8137052,-0.05549383,0.86919904,0.8363171,-0.032881916,19
3,0,4,0,0,0,4,0,0,1,2.0,5.0,2.0,3.0,2.0,2.0,4.0,3.0,7.0,3.0,4.0,4.0,7.0,0.9768664,0.99472,0.017853558,,,,0.9768664,0.9768664,0.0,0.9768664,0.9768664,0.0,0.9768664,0.9732613,-0.0036051273,0.9768664,0.9891902,0.012323797,0.9768664,0.9821453,0.0052788854,0.9768664,0.9768664,0.0,0.9768664,0.9768664,0.0,0.9768664,0.9232241,-0.053642333,0.9768664,0.9889563,0.0120898485,0.9768664,0.9718625,-0.005003929,0.9768664,0.92164224,-0.05522418,20
5,0,5,0,0,0,1,1,0,5,1.0,4.0,2.0,2.0,2.0,0.0,4.0,4.0,8.0,5.0,5.0,4.0,10.0,,,,0.77210677,0.87626356,0.10415679,,,,,,,0.77210677,0.7600557,-0.012051046,0.77210677,0.81712574,0.04501897,0.77210677,0.8110033,0.03889656,0.77210677,0.77210677,0.0,,,,,,,0.77210677,0.76280475,-0.00930202,0.77210677,0.74361014,-0.028496623,,,,5
0,1,2,0,5,3,2,7,0,7,1.0,5.0,3.0,3.0,3.0,0.0,4.0,3.0,10.0,5.0,4.0,5.0,10.0,,,,,,,,,,0.8149664,0.8149664,0.0,0.8149664,0.93994796,0.12498158,0.8149664,0.7698396,-0.045126796,0.8149664,0.70017034,-0.11479604,0.8149664,0.8149664,0.0,0.8149664,0.8149664,0.0,,,,,,,,,,,,,21
2,0,0,0,0,0,6,1,0,0,1.0,5.0,1.0,1.0,2.0,3.0,4.0,3.0,9.0,4.0,4.0,4.0,7.0,,,,,,,0.996876,0.996876,0.0,0.996876,0.996876,0.0,,,,,,,0.996876,0.9969591,8.3088875e-05,0.996876,0.996876,0.0,0.996876,0.996876,0.0,0.996876,0.9923562,-0.00451982,0.996876,0.99577326,-0.0011027455,0.996876,0.99409,-0.0027859807,0.996876,0.99331397,-0.0035620332,15
2,1,2,0,0,0,1,0,1,2,4.0,4.0,3.0,3.0,3.0,2.0,3.0,3.0,8.0,4.0,5.0,2.0,7.0,0.35787427,0.44411132,0.08623704,0.35787427,0.2777741,-0.08010018,0.35787427,0.35787427,0.0,,,,0.35787427,0.45547298,0.0975987,0.35787427,0.6161827,0.2583084,0.35787427,0.2903485,-0.067525774,0.35787427,0.35787427,0.0,0.35787427,0.35787427,0.0,0.35787427,0.40536207,0.047487795,0.35787427,0.75219154,0.39431727,0.35787427,0.32783705,-0.030037224,0.35787427,0.20980597,-0.14806831,1
1,1,1,0,0,0,2,0,0,0,1.0,5.0,1.0,1.0,1.0,4.0,4.0,4.0,9.0,5.0,4.0,2.0,6.0,,,,,,,,,,0.9948895,0.9948895,0.0,,,,,,,,,,0.9948895,0.9948895,0.0,,,,0.9948895,0.9904953,-0.0043941736,0.9948895,0.99422246,-0.0006670356,0.9948895,0.989801,-0.005088508,0.9948895,0.99803215,0.003142655,20
3,1,1,0,0,0,3,0,1,4,3.0,4.0,3.0,3.0,3.0,4.0,3.0,3.0,7.0,4.0,4.0,4.0,7.0,0.8032031,0.96014386,0.15694076,0.8032031,0.75451416,-0.04868895,0.8032031,0.8032031,0.0,0.8032031,0.8032031,0.0,0.8032031,0.9454223,0.14221919,0.8032031,0.9000315,0.0968284,0.8032031,0.7531195,-0.050083578,0.8032031,0.8032031,0.0,0.8032031,0.8032031,0.0,0.8032031,0.56935257,-0.23385054,0.8032031,0.8008994,-0.0023037195,0.8032031,0.83319104,0.029987931,0.8032031,0.7561038,-0.047099292,1
3,0,0,0,0,0,2,0,0,0,4.0,5.0,3.0,3.0,1.0,1.0,2.0,2.0,7.0,5.0,4.0,2.0,8.0,0.076634966,0.19756518,0.12093022,,,,,,,0.076634966,0.076634966,0.0,0.076634966,0.13263635,0.056001388,0.076634966,0.56183183,0.48519686,,,,0.076634966,0.076634966,0.0,0.076634966,0.076634966,0.0,0.076634966,0.13751155,0.060876586,0.076634966,0.049320675,-0.02731429,0.076634966,0.06764773,-0.008987233,0.076634966,0.06762165,-0.0090133175,15
2,1,2,0,0,0,3,0,1,4,2.0,2.0,2.0,2.0,2.0,6.0,3.0,3.0,7.0,4.0,4.0,2.0,6.0,0.41774005,0.86102664,0.4432866,0.41774005,0.84562683,0.42788678,0.41774005,0.41774005,0.0,0.41774005,0.41774005,0.0,0.41774005,0.38631517,-0.03142488,0.41774005,0.5490214,0.13128138,0.41774005,0.50856656,0.09082651,0.41774005,0.41774005,0.0,0.41774005,0.41774005,0.0,0.41774005,0.6272394,0.20949936,0.41774005,0.25496945,-0.1627706,0.41774005,0.4706198,0.05287975,0.41774005,0.44390577,0.026165724,2
2,0,0,0,0,0,1,0,0,0,2.0,5.0,2.0,2.0,1.0,3.0,4.0,3.0,7.0,4.0,4.0,4.0,7.0,0.98550063,0.9937243,0.008223653,,,,0.98550063,0.98550063,0.0,0.98550063,0.98550063,0.0,0.98550063,0.98586583,0.00036519766,0.98550063,0.9947055,0.0092048645,,,,0.98550063,0.98550063,0.0,0.98550063,0.98550063,0.0,0.98550063,0.922734,-0.06276661,0.98550063,0.9720917,-0.013408959,0.98550063,0.9898671,0.0043664575,0.98550063,0.9881337,0.0026330948,15
1,0,4,0,0,1,2,1,0,1,2.0,5.0,2.0,3.0,3.0,6.0,4.0,3.0,7.0,3.0,4.0,4.0,8.0,0.7973055,0.9439777,0.14667219,,,,0.7973055,0.7973055,0.0,0.7973055,0.7973055,0.0,0.7973055,0.7131048,-0.08420074,0.7973055,0.9265222,0.12921667,0.7973055,0.8169378,0.01963228,0.7973055,0.7973055,0.0,0.7973055,0.7973055,0.0,0.7973055,0.75115556,-0.04614997,0.7973055,0.87879926,0.081493735,0.7973055,0.8105,0.013194501,0.7973055,0.7737995,-0.023506045,11
5,1,0,0,0,0,5,3,0,3,3.0,3.0,2.0,2.0,2.0,1.0,4.0,3.0,7.0,4.0,4.0,3.0,8.0,0.23935872,0.64775556,0.40839684,0.23935872,0.5080984,0.2687397,0.23935872,0.23935872,0.0,0.23935872,0.23935872,0.0,0.23935872,0.23935872,0.0,0.23935872,0.43382996,0.19447124,0.23935872,0.33527717,0.09591845,0.23935872,0.23935872,0.0,0.23935872,0.23935872,0.0,0.23935872,0.14270395,-0.09665477,0.23935872,0.5156452,0.27628648,0.23935872,0.14052923,-0.09882949,0.23935872,0.16319364,-0.07616508,7
1,1,0,0,0,0,4,0,0,0,5.0,3.0,3.0,4.0,5.0,6.0,4.0,3.0,9.0,4.0,2.0,4.0,7.0,0.6798578,0.6798578,0.0,0.6798578,0.8044627,0.12460488,0.6798578,0.6798578,0.0,0.6798578,0.6798578,0.0,0.6798578,0.84021574,0.16035795,0.6798578,0.7082236,0.02836579,0.6798578,0.6269693,-0.052888513,0.6798578,0.6798578,0.0,0.6798578,0.6798578,0.0,0.6798578,0.74890196,0.06904417,0.6798578,0.6471218,-0.032736003,0.6798578,0.7298009,0.04994309,0.6798578,0.6138714,-0.065986395,17
3,1,2,0,3,2,4,1,0,5,3.0,5.0,2.0,2.0,2.0,5.0,3.0,1.0,7.0,3.0,4.0,4.0,5.0,0.06441184,0.16384579,0.09943395,,,,0.06441184,0.06441184,0.0,0.06441184,0.06441184,0.0,0.06441184,0.05793664,-0.0064752027,0.06441184,0.07004108,0.0056292415,0.06441184,0.073740825,0.009328984,0.06441184,0.06441184,0.0,0.06441184,0.06441184,0.0,0.06441184,0.06945492,0.005043082,0.06441184,0.044870682,-0.01954116,0.06441184,0.07214903,0.0077371895,0.06441184,0.0775418,0.013129957,4
3,0,2,0,0,0,3,0,0,0,1.0,4.0,2.0,2.0,2.0,6.0,3.0,3.0,6.0,4.0,4.0,2.0,7.0,,,,0.90252256,0.9477045,0.04518193,0.90252256,0.90252256,0.0,0.90252256,0.90252256,0.0,0.90252256,0.8823483,-0.020174265,0.90252256,0.9104504,0.007927835,0.90252256,0.94048953,0.037966967,0.90252256,0.90252256,0.0,0.90252256,0.90252256,0.0,0.90252256,0.9447594,0.042236865,0.90252256,0.9469163,0.04439372,0.90252256,0.9200718,0.017549217,0.90252256,0.93070555,0.028182983,20
1,0,0,0,1,0,5,1,0,0,1.0,4.0,4.0,2.0,4.0,3.0,3.0,3.0,7.0,5.0,4.0,1.0,8.0,,,,0.94362825,0.96468973,0.02106148,,,,0.94362825,0.94362825,0.0,0.94362825,0.9714703,0.027842045,0.94362825,0.97075933,0.02713108,0.94362825,0.94362825,0.0,0.94362825,0.94362825,0.0,0.94362825,0.94362825,0.0,0.94362825,0.97079146,0.027163208,0.94362825,0.9227319,-0.020896375,0.94362825,0.9230642,-0.02056408,0.94362825,0.9024352,-0.041193068,9
2,1,0,0,0,2,0,0,1,4,3.0,4.0,2.0,4.0,2.0,4.0,4.0,3.0,8.0,3.0,4.0,5.0,6.0,0.91059095,0.83099,-0.07960093,0.91059095,0.9078686,-0.002722323,0.91059095,0.91059095,0.0,0.91059095,0.91059095,0.0,0.91059095,0.83718115,-0.073409796,0.91059095,0.88905716,-0.021533787,0.91059095,0.9208208,0.010229826,0.91059095,0.91059095,0.0,0.91059095,0.91059095,0.0,0.91059095,0.6985492,-0.21204174,0.91059095,0.9008703,-0.0097206235,,,,0.91059095,0.82359964,-0.08699131,16
1,1,2,0,0,0,8,1,0,3,1.0,4.0,1.0,2.0,2.0,2.0,4.0,3.0,6.0,5.0,5.0,5.0,10.0,,,,0.17676727,0.34280568,0.16603841,,,,,,,,,,0.17676727,0.17889968,0.0021324009,0.17676727,0.12683146,-0.049935818,0.17676727,0.17676727,0.0,0.17676727,0.17676727,0.0,0.17676727,0.23918352,0.06241624,0.17676727,0.23602436,0.05925709,,,,,,,20
4,0,0,0,2,1,4,0,0,3,2.0,5.0,2.0,2.0,2.0,6.0,3.0,3.0,8.0,4.0,4.0,5.0,6.0,0.61122787,0.8058137,0.19458586,,,,0.61122787,0.61122787,0.0,0.61122787,0.61122787,0.0,0.61122787,0.56614655,-0.045081317,0.61122787,0.7623473,0.15111941,0.61122787,0.834219,0.22299111,0.61122787,0.61122787,0.0,0.61122787,0.61122787,0.0,0.61122787,0.66669005,0.05546218,0.61122787,0.5930566,-0.01817125,,,,0.61122787,0.5930048,-0.018223047,4
5,0,1,0,0,0,4,3,0,5,5.0,5.0,3.0,3.0,3.0,2.0,4.0,4.0,3.0,2.0,3.0,1.0,3.0,0.15856656,0.15856656,0.0,,,,0.15856656,0.15856656,0.0,0.15856656,0.15856656,0.0,0.15856656,0.20258567,0.044019103,0.15856656,0.5547471,0.39618054,0.15856656,0.08780551,-0.070761055,0.15856656,0.15856656,0.0,,,,0.15856656,0.06276453,-0.09580203,0.15856656,0.17842607,0.019859508,0.15856656,0.15467632,-0.0038902462,0.15856656,0.25001562,0.09144905,5
3,0,0,0,0,0,0,2,1,2,1.0,5.0,2.0,2.0,2.0,5.0,4.0,3.0,5.0,3.0,4.0,4.0,5.0,,,,,,,0.97684264,0.97684264,0.0,0.97684264,0.97684264,0.0,0.97684264,0.96498704,-0.011855602,0.97684264,0.9710017,-0.005840957,0.97684264,0.9503332,-0.026509464,0.97684264,0.97684264,0.0,0.97684264,0.97684264,0.0,0.97684264,0.9742328,-0.002609849,0.97684264,0.9734061,-0.0034365654,0.97684264,0.9784339,0.0015912652,0.97684264,0.98699445,0.0101518035,2
6,1,2,0,0,4,5,3,0,3,2.0,5.0,2.0,2.0,2.0,0.0,4.0,3.0,8.0,4.0,3.0,5.0,5.0,0.6303168,0.867854,0.2375372,,,,0.6303168,0.6303168,0.0,0.6303168,0.6303168,0.0,0.6303168,0.5078009,-0.12251592,0.6303168,0.47941723,-0.15089956,0.6303168,0.7123519,0.082035124,0.6303168,0.6303168,0.0,0.6303168,0.6303168,0.0,,,,0.6303168,0.8498958,0.21957898,,,,0.6303168,0.6589979,0.0286811,19
2,1,2,0,1,0,2,0,3,8,4.0,4.0,3.0,3.0,3.0,4.0,3.0,3.0,10.0,5.0,4.0,5.0,10.0,0.03952358,0.058712248,0.019188669,0.03952358,0.043968953,0.004445374,,,,0.03952358,0.03952358,0.0,0.03952358,0.02351196,-0.01601162,0.03952358,0.06280081,0.02327723,0.03952358,0.03687566,-0.0026479177,0.03952358,0.03952358,0.0,0.03952358,0.03952358,0.0,0.03952358,0.053064555,0.013540976,,,,,,,,,,1
3,1,0,0,0,1,1,5,0,2,3.0,5.0,4.0,3.0,4.0,9.0,2.0,3.0,2.0,2.0,2.0,3.0,3.0,0.11010405,0.6694178,0.5593138,,,,0.11010405,0.11010405,0.0,0.11010405,0.11010405,0.0,0.11010405,0.10764409,-0.0024599582,0.11010405,0.28705913,0.17695507,0.11010405,0.11010405,0.0,0.11010405,0.11010405,0.0,0.11010405,0.11010405,0.0,0.11010405,0.48178548,0.37168142,0.11010405,0.08524943,-0.024854615,0.11010405,0.11871919,0.008615144,0.11010405,0.09744415,-0.0126599,14
2,0,0,0,0,0,3,0,0,3,1.0,3.0,4.0,2.0,3.0,4.0,3.0,3.0,8.0,4.0,4.0,4.0,8.0,,,,0.97677416,0.9812491,0.004474938,0.97677416,0.97677416,0.0,0.97677416,0.97677416,0.0,0.97677416,0.9850279,0.008253753,0.97677416,0.98988324,0.013109088,0.97677416,0.9649282,-0.011845946,0.97677416,0.97677416,0.0,0.97677416,0.97677416,0.0,0.97677416,0.9810845,0.0043103695,0.97677416,0.9881976,0.011423469,0.97677416,0.9837669,0.0069927573,0.97677416,0.97870785,0.0019336939,10
1,1,3,0,1,0,1,4,1,8,1.0,5.0,1.0,1.0,2.0,5.0,2.0,3.0,6.0,4.0,5.0,2.0,10.0,,,,,,,0.33213538,0.33213538,0.0,,,,,,,,,,0.33213538,0.25688967,-0.07524571,0.33213538,0.33213538,0.0,0.33213538,0.33213538,0.0,0.33213538,0.44221178,0.1100764,0.33213538,0.38051134,0.048375964,0.33213538,0.31359696,-0.018538415,,,,1
2,1,2,0,0,3,6,4,2,4,1.0,4.0,1.0,3.0,1.0,2.0,3.0,3.0,10.0,2.0,2.0,3.0,6.0,,,,0.9651117,0.9818196,0.016707957,0.9651117,0.9651117,0.0,0.9651117,0.9651117,0.0,,,,0.9651117,0.9478336,-0.017278075,,,,0.9651117,0.9651117,0.0,0.9651117,0.9651117,0.0,0.9651117,0.7950959,-0.17001575,,,,0.9651117,0.954268,-0.010843694,0.9651117,0.9851775,0.020065844,3
0,1,2,0,2,0,2,2,2,7,1.0,5.0,3.0,2.0,4.0,0.0,2.0,2.0,0.0,4.0,4.0,1.0,0.0,,,,,,,0.7818138,0.7818138,0.0,0.7818138,0.7818138,0.0,0.7818138,0.79794,0.016126215,0.7818138,0.7657745,-0.016039312,0.7818138,0.7818138,0.0,0.7818138,0.7818138,0.0,0.7818138,0.7818138,0.0,,,,0.7818138,0.81098866,0.029174864,0.7818138,0.8982275,0.11641371,0.7818138,0.7950101,0.01319629,25
5,0,0,0,2,1,9,3,0,3,1.0,5.0,1.0,1.0,1.0,0.0,3.0,3.0,9.0,3.0,4.0,5.0,10.0,,,,,,,0.98397696,0.98397696,0.0,0.98397696,0.98397696,0.0,,,,,,,,,,0.98397696,0.98397696,0.0,0.98397696,0.98397696,0.0,,,,0.98397696,0.9947541,0.010777116,,,,,,,7
1,1,0,0,2,0,1,1,1,6,3.0,3.0,4.0,3.0,4.0,5.0,2.0,2.0,3.0,4.0,3.0,2.0,5.0,0.14298375,0.3709341,0.22795035,0.14298375,0.3593457,0.21636195,0.14298375,0.14298375,0.0,0.14298375,0.14298375,0.0,0.14298375,0.13580038,-0.007183373,0.14298375,0.2245326,0.081548855,0.14298375,0.14298375,0.0,0.14298375,0.14298375,0.0,0.14298375,0.14298375,0.0,0.14298375,0.2833364,0.14035265,0.14298375,0.16435674,0.021372989,0.14298375,0.14125198,-0.0017317683,0.14298375,0.121101946,-0.021881804,16
5,1,0,0,0,0,2,3,0,3,1.0,5.0,3.0,2.0,2.0,0.0,4.0,3.0,9.0,4.0,4.0,4.0,9.0,,,,,,,0.97417766,0.97417766,0.0,0.97417766,0.97417766,0.0,0.97417766,0.9723364,-0.0018412471,0.97417766,0.97811,0.003932357,0.97417766,0.9792165,0.0050388575,0.97417766,0.97417766,0.0,0.97417766,0.97417766,0.0,,,,0.97417766,0.9610846,-0.013093054,0.97417766,0.96804315,-0.00613451,0.97417766,0.98750025,0.013322592,5
4,0,6,0,0,0,1,0,0,3,3.0,4.0,3.0,4.0,3.0,5.0,3.0,3.0,8.0,3.0,5.0,3.0,8.0,0.6996616,0.83370423,0.13404262,0.6996616,0.52841,-0.1712516,0.6996616,0.6996616,0.0,,,,0.6996616,0.60309696,-0.09656465,0.6996616,0.7008802,0.001218617,0.6996616,0.7483726,0.048711002,0.6996616,0.6996616,0.0,0.6996616,0.6996616,0.0,0.6996616,0.88275474,0.18309313,0.6996616,0.8274292,0.12776756,0.6996616,0.6598608,-0.039800823,0.6996616,0.35525668,-0.34440494,15
6,0,0,0,5,4,8,3,0,3,3.0,4.0,3.0,3.0,3.0,9.0,3.0,3.0,8.0,2.0,2.0,5.0,10.0,0.69802064,0.82566917,0.12764853,0.69802064,0.71657324,0.018552601,0.69802064,0.69802064,0.0,0.69802064,0.69802064,0.0,0.69802064,0.86251855,0.16449791,0.69802064,0.9320072,0.23398656,0.69802064,0.72493386,0.026913226,0.69802064,0.69802064,0.0,0.69802064,0.69802064,0.0,0.69802064,0.5895467,-0.10847396,0.69802064,0.5344676,-0.16355306,,,,,,,19
2,1,0,0,0,0,6,4,2,4,1.0,4.0,2.0,2.0,2.0,5.0,3.0,3.0,3.0,2.0,4.0,1.0,7.0,,,,0.9417105,0.9486961,0.0069856048,0.9417105,0.9417105,0.0,0.9417105,0.9417105,0.0,0.9417105,0.92518437,-0.016526103,0.9417105,0.97087574,0.029165268,0.9417105,0.96644443,0.02473396,0.9417105,0.9417105,0.0,0.9417105,0.9417105,0.0,0.9417105,0.9536673,0.011956811,0.9417105,0.9257354,-0.015975058,0.9417105,0.97576004,0.03404957,0.9417105,0.9725645,0.030854046,3
3,0,4,0,0,2,5,1,1,4,2.0,4.0,2.0,2.0,2.0,2.0,2.0,2.0,5.0,3.0,4.0,1.0,7.0,0.8283541,0.95330507,0.124950945,0.8283541,0.86904466,0.04069054,0.8283541,0.8283541,0.0,0.8283541,0.8283541,0.0,0.8283541,0.7721892,-0.05616492,0.8283541,0.79840815,-0.02994597,0.8283541,0.848176,0.019821882,0.8283541,0.8283541,0.0,0.8283541,0.8283541,0.0,0.8283541,0.7498492,-0.07850492,0.8283541,0.9818948,0.15354067,0.8283541,0.81227535,-0.01607877,0.8283541,0.9460822,0.117728055,0
1,0,0,0,0,0,4,0,0,1,1.0,3.0,3.0,3.0,1.0,2.0,3.0,4.0,4.0,5.0,3.0,3.0,4.0,,,,0.9191222,0.90854335,-0.010578871,,,,0.9191222,0.9191222,0.0,0.9191222,0.88287354,-0.036248684,0.9191222,0.9533382,0.034215987,,,,0.9191222,0.9191222,0.0,,,,0.9191222,0.9466396,0.027517378,0.9191222,0.96819186,0.049069643,0.9191222,0.9073767,-0.0117455125,0.9191222,0.9278428,0.008720577,11
1,0,0,0,0,0,3,0,0,1,1.0,4.0,2.0,2.0,1.0,1.0,2.0,3.0,9.0,4.0,5.0,3.0,4.0,,,,0.9959055,0.99790525,0.0019997358,0.9959055,0.9959055,0.0,,,,0.9959055,0.9959045,-1.013279e-06,0.9959055,0.99732924,0.0014237165,,,,0.9959055,0.9959055,0.0,0.9959055,0.9959055,0.0,0.9959055,0.99551255,-0.00039297342,0.9959055,0.99338853,-0.002516985,0.9959055,0.9926098,-0.0032957196,0.9959055,0.9987356,0.0028300881,11
5,1,1,0,4,0,5,7,0,0,2.0,3.0,2.0,2.0,1.0,8.0,4.0,3.0,4.0,3.0,4.0,2.0,7.0,0.9097472,0.9961288,0.086381614,0.9097472,0.96666414,0.056916952,0.9097472,0.9097472,0.0,0.9097472,0.9097472,0.0,0.9097472,0.9001622,-0.009584963,0.9097472,0.8645746,-0.045172572,,,,0.9097472,0.9097472,0.0,0.9097472,0.9097472,0.0,0.9097472,0.77196854,-0.13777864,0.9097472,0.9421713,0.032424092,0.9097472,0.96780425,0.05805707,0.9097472,0.88658834,-0.023158848,5
2,1,0,0,0,0,6,0,1,2,1.0,5.0,1.0,1.0,1.0,2.0,3.0,2.0,9.0,4.0,4.0,2.0,8.0,,,,,,,0.9952118,0.9952118,0.0,0.9952118,0.9952118,0.0,,,,,,,,,,0.9952118,0.9952118,0.0,0.9952118,0.9952118,0.0,0.9952118,0.9958889,0.00067710876,0.9952118,0.99533254,0.00012075901,0.9952118,0.99739057,0.0021787882,0.9952118,0.9968167,0.0016049147,1
2,0,2,0,2,0,6,0,2,4,1.0,5.0,1.0,1.0,1.0,9.0,5.0,4.0,9.0,5.0,5.0,4.0,9.0,,,,,,,,,,,,,,,,,,,,,,,,,,,,0.87532026,0.8180118,-0.057308435,0.87532026,0.8707822,-0.0045380592,0.87532026,0.9021191,0.026798844,0.87532026,0.8900654,0.014745116,2
2,1,3,0,0,0,2,0,0,0,4.0,5.0,3.0,3.0,4.0,0.0,3.0,3.0,10.0,5.0,4.0,1.0,10.0,0.0036116692,0.00901713,0.0054054614,,,,,,,0.0036116692,0.0036116692,0.0,0.0036116692,0.0036837675,7.209834e-05,0.0036116692,0.010118226,0.0065065566,0.0036116692,0.0036116692,0.0,0.0036116692,0.0036116692,0.0,0.0036116692,0.0036116692,0.0,,,,,,,0.0036116692,0.00622602,0.0026143508,,,,20
2,1,1,0,0,0,8,0,1,8,4.0,3.0,1.0,4.0,2.0,9.0,4.0,1.0,1.0,4.0,4.0,2.0,1.0,0.35481232,0.3515913,-0.003221035,0.35481232,0.3040117,-0.05080062,0.35481232,0.35481232,0.0,0.35481232,0.35481232,0.0,,,,0.35481232,0.26137942,-0.0934329,0.35481232,0.46969667,0.11488435,0.35481232,0.35481232,0.0,0.35481232,0.35481232,0.0,0.35481232,0.5664515,0.21163917,0.35481232,0.3747859,0.019973576,0.35481232,0.53852546,0.18371314,0.35481232,0.34109518,-0.013717145,1
3,0,0,0,2,1,4,7,0,7,2.0,3.0,3.0,3.0,3.0,3.0,3.0,3.0,4.0,3.0,4.0,4.0,5.0,0.9048499,0.9454555,0.040605605,0.9048499,0.9618699,0.05702001,0.9048499,0.9048499,0.0,0.9048499,0.9048499,0.0,0.9048499,0.90913266,0.0042827725,0.9048499,0.90210754,-0.00274235,0.9048499,0.8762403,-0.028609574,0.9048499,0.9048499,0.0,0.9048499,0.9048499,0.0,0.9048499,0.8813988,-0.02345109,0.9048499,0.89855,-0.006299913,0.9048499,0.9254491,0.020599186,0.9048499,0.84375244,-0.061097443,4
4,0,6,0,1,1,6,0,0,3,3.0,3.0,2.0,3.0,3.0,4.0,4.0,3.0,9.0,4.0,5.0,5.0,8.0,0.42614457,0.95174086,0.52559626,0.42614457,0.6228728,0.19672826,0.42614457,0.42614457,0.0,,,,0.42614457,0.43127117,0.0051265955,0.42614457,0.570607,0.14446244,0.42614457,0.32631418,-0.09983039,0.42614457,0.42614457,0.0,0.42614457,0.42614457,0.0,0.42614457,0.67099303,0.24484846,0.42614457,0.6120259,0.18588135,,,,0.42614457,0.30735922,-0.11878535,4
2,1,1,0,0,0,2,4,2,4,1.0,4.0,2.0,2.0,2.0,5.0,2.0,2.0,9.0,4.0,3.0,3.0,8.0,,,,0.5638057,0.49113882,-0.07266688,0.5638057,0.5638057,0.0,0.5638057,0.5638057,0.0,0.5638057,0.4075077,-0.15629801,0.5638057,0.5804998,0.016694129,0.5638057,0.6512823,0.08747661,0.5638057,0.5638057,0.0,0.5638057,0.5638057,0.0,0.5638057,0.7058932,0.14208752,0.5638057,0.55222464,-0.011581063,0.5638057,0.46274465,-0.101061046,0.5638057,0.64935,0.08554429,3
3,1,0,0,0,1,4,1,1,2,2.0,4.0,3.0,2.0,5.0,4.0,3.0,2.0,10.0,4.0,4.0,4.0,7.0,0.646614,0.9244731,0.2778591,0.646614,0.72721124,0.08059722,0.646614,0.646614,0.0,0.646614,0.646614,0.0,0.646614,0.78574103,0.13912702,0.646614,0.723378,0.07676399,0.646614,0.54361534,-0.102998674,0.646614,0.646614,0.0,0.646614,0.646614,0.0,0.646614,0.4099814,-0.23663262,,,,0.646614,0.63715047,-0.009463549,0.646614,0.6093673,-0.037246704,1
4,0,0,0,0,0,5,5,0,5,2.0,5.0,3.0,3.0,1.0,2.0,4.0,3.0,5.0,3.0,4.0,2.0,9.0,0.8559547,0.9638018,0.107847095,,,,0.8559547,0.8559547,0.0,0.8559547,0.8559547,0.0,0.8559547,0.9161027,0.060148,0.8559547,0.90890974,0.05295503,,,,0.8559547,0.8559547,0.0,0.8559547,0.8559547,0.0,0.8559547,0.8480675,-0.007887185,0.8559547,0.9490166,0.093061864,0.8559547,0.89199543,0.036040723,0.8559547,0.8504556,-0.0054991245,14
1,0,2,0,0,0,2,0,0,0,2.0,4.0,2.0,2.0,2.0,2.0,3.0,2.0,7.0,4.0,2.0,4.0,8.0,0.87927324,0.9585827,0.07930946,0.87927324,0.9110308,0.031757593,0.87927324,0.87927324,0.0,0.87927324,0.87927324,0.0,0.87927324,0.8724949,-0.0067783594,0.87927324,0.874817,-0.004456222,0.87927324,0.8013338,-0.07793945,0.87927324,0.87927324,0.0,0.87927324,0.87927324,0.0,0.87927324,0.696164,-0.18310922,0.87927324,0.7644378,-0.11483544,0.87927324,0.927835,0.04856175,0.87927324,0.89770085,0.01842761,17
3,1,0,0,0,0,3,1,0,5,5.0,3.0,5.0,5.0,3.0,5.0,3.0,3.0,6.0,2.0,4.0,3.0,4.0,0.17311093,0.17311093,0.0,0.17311093,0.5657443,0.39263335,0.17311093,0.17311093,0.0,0.17311093,0.17311093,0.0,0.17311093,0.15231833,-0.020792603,0.17311093,0.1258417,-0.047269225,0.17311093,0.2734793,0.10036838,0.17311093,0.17311093,0.0,0.17311093,0.17311093,0.0,0.17311093,0.31167695,0.13856602,0.17311093,0.16331804,-0.009792894,0.17311093,0.16139475,-0.011716187,0.17311093,0.13113008,-0.041980848,12
3,0,1,0,0,0,8,0,2,4,1.0,5.0,2.0,2.0,2.0,2.0,4.0,3.0,8.0,4.0,5.0,5.0,8.0,,,,,,,0.9834171,0.9834171,0.0,,,,0.9834171,0.97791415,-0.005502939,0.9834171,0.99112356,0.0077064633,0.9834171,0.9882671,0.00485003,0.9834171,0.9834171,0.0,0.9834171,0.9834171,0.0,0.9834171,0.9705061,-0.012911022,0.9834171,0.9895627,0.0061455965,,,,0.9834171,0.98952687,0.006109774,2
4,0,0,0,0,0,9,3,0,3,1.0,3.0,1.0,1.0,1.0,0.0,4.0,3.0,8.0,5.0,5.0,5.0,8.0,,,,0.97975725,0.96246374,-0.017293513,,,,,,,,,,,,,,,,0.97975725,0.97975725,0.0,0.97975725,0.97975725,0.0,,,,0.97975725,0.993898,0.014140725,,,,0.97975725,0.99083287,0.011075616,7
7,1,0,0,0,4,6,3,0,0,3.0,2.0,2.0,2.0,2.0,7.0,4.0,3.0,4.0,2.0,4.0,2.0,5.0,0.17510346,0.1712516,-0.0038518608,0.17510346,0.2441208,0.06901735,0.17510346,0.17510346,0.0,0.17510346,0.17510346,0.0,0.17510346,0.14262156,-0.032481894,0.17510346,0.12829193,-0.04681152,0.17510346,0.16058198,-0.01452148,0.17510346,0.17510346,0.0,0.17510346,0.17510346,0.0,0.17510346,0.16850397,-0.006599486,0.17510346,0.14958256,-0.025520891,0.17510346,0.45143604,0.2763326,0.17510346,0.27050203,0.095398575,24
3,1,1,0,0,0,5,0,2,4,3.0,3.0,3.0,3.0,3.0,2.0,4.0,3.0,8.0,4.0,4.0,5.0,8.0,0.28499323,0.7378787,0.45288545,0.28499323,0.67087823,0.385885,0.28499323,0.28499323,0.0,0.28499323,0.28499323,0.0,0.28499323,0.5629518,0.27795857,0.28499323,0.74401784,0.4590246,0.28499323,0.16099568,-0.123997554,0.28499323,0.28499323,0.0,0.28499323,0.28499323,0.0,0.28499323,0.09745174,-0.18754148,0.28499323,0.33955097,0.05455774,,,,0.28499323,0.19360179,-0.091391444,2
3,0,2,0,0,0,4,0,1,4,2.0,3.0,2.0,2.0,2.0,3.0,3.0,4.0,9.0,3.0,5.0,5.0,8.0,0.9536968,0.985873,0.032176197,0.9536968,0.9196704,-0.034026384,0.9536968,0.9536968,0.0,,,,0.9536968,0.93886775,-0.01482904,0.9536968,0.9553053,0.001608491,0.9536968,0.9889498,0.03525299,0.9536968,0.9536968,0.0,,,,0.9536968,0.94166565,-0.012031138,0.9536968,0.91472566,-0.038971126,,,,0.9536968,0.9413405,-0.012356281,2
4,1,5,0,0,0,7,0,0,0,2.0,2.0,3.0,2.0,2.0,9.0,3.0,3.0,8.0,4.0,4.0,5.0,9.0,0.72205186,0.8822994,0.16024756,0.72205186,0.830307,0.10825515,0.72205186,0.72205186,0.0,0.72205186,0.72205186,0.0,0.72205186,0.919816,0.19776416,0.72205186,0.80357724,0.081525385,0.72205186,0.81312627,0.09107441,0.72205186,0.72205186,0.0,0.72205186,0.72205186,0.0,0.72205186,0.6160078,-0.106044054,0.72205186,0.8229624,0.100910544,,,,0.72205186,0.7636763,0.041624427,15
1,0,1,0,0,0,5,0,0,0,4.0,4.0,2.0,2.0,1.0,2.0,2.0,1.0,7.0,2.0,4.0,3.0,7.0,0.9546911,0.985933,0.031241894,0.9546911,0.9546911,0.0,0.9546911,0.9546911,0.0,0.9546911,0.9546911,0.0,0.9546911,0.95077705,-0.003914058,0.9546911,0.9761401,0.02144897,,,,0.9546911,0.9546911,0.0,0.9546911,0.9546911,0.0,0.9546911,0.83503634,-0.119654775,0.9546911,0.8630769,-0.09161419,0.9546911,0.9657566,0.011065483,0.9546911,0.92984504,-0.024846077,17
3,1,2,0,0,0,4,0,0,3,1.0,3.0,1.0,1.0,1.0,2.0,4.0,3.0,7.0,4.0,5.0,4.0,7.0,,,,0.93757486,0.95108587,0.013511002,0.93757486,0.93757486,0.0,,,,,,,,,,,,,0.93757486,0.93757486,0.0,0.93757486,0.93757486,0.0,0.93757486,0.9240961,-0.013478756,0.93757486,0.9815454,0.043970525,0.93757486,0.9561988,0.018623948,0.93757486,0.9261258,-0.011449039,20
2,0,0,0,2,0,4,2,0,0,1.0,4.0,1.0,1.0,1.0,0.0,4.0,3.0,8.0,4.0,4.0,4.0,8.0,,,,0.9947379,0.9955064,0.0007684827,0.9947379,0.9947379,0.0,0.9947379,0.9947379,0.0,,,,,,,,,,0.9947379,0.9947379,0.0,0.9947379,0.9947379,0.0,,,,0.9947379,0.99151224,-0.0032256842,0.9947379,0.99204457,-0.002693355,0.9947379,0.9964612,0.0017232895,15
1,0,1,0,0,0,6,0,0,7,1.0,5.0,2.0,2.0,3.0,2.0,3.0,3.0,9.0,4.0,3.0,5.0,9.0,,,,,,,0.99250376,0.99250376,0.0,0.99250376,0.99250376,0.0,0.99250376,0.9925774,7.3611736e-05,0.99250376,0.9968111,0.0043073297,0.99250376,0.9937144,0.0012106299,0.99250376,0.99250376,0.0,0.99250376,0.99250376,0.0,0.99250376,0.9816112,-0.01089257,0.99250376,0.99339515,0.00089138746,,,,0.99250376,0.98732996,-0.0051738024,10
6,0,0,0,4,4,9,3,0,0,2.0,3.0,2.0,2.0,2.0,1.0,4.0,3.0,9.0,4.0,4.0,4.0,9.0,0.3157835,0.6459954,0.33021188,0.3157835,0.24561842,-0.07016508,0.3157835,0.3157835,0.0,0.3157835,0.3157835,0.0,0.3157835,0.26691413,-0.04886937,0.3157835,0.13751066,-0.17827284,0.3157835,0.33478397,0.01900047,0.3157835,0.3157835,0.0,0.3157835,0.3157835,0.0,0.3157835,0.5215999,0.20581639,0.3157835,0.45564082,0.13985732,0.3157835,0.5393549,0.22357142,0.3157835,0.5309814,0.21519792,19
3,0,1,0,0,0,8,0,0,5,2.0,4.0,2.0,3.0,2.0,3.0,4.0,4.0,8.0,4.0,3.0,5.0,9.0,0.9431078,0.9901777,0.047069907,0.9431078,0.9172145,-0.025893271,0.9431078,0.9431078,0.0,0.9431078,0.9431078,0.0,0.9431078,0.9494052,0.0062974095,0.9431078,0.983685,0.040577233,0.9431078,0.968199,0.02509123,0.9431078,0.9431078,0.0,,,,0.9431078,0.5789049,-0.36420286,0.9431078,0.9377587,-0.0053490996,,,,0.9431078,0.9545349,0.0114271045,23
0,1,0,0,1,0,7,0,0,3,5.0,5.0,1.0,2.0,2.0,4.0,4.0,3.0,7.0,4.0,2.0,3.0,5.0,0.9956898,0.9956898,0.0,,,,0.9956898,0.9956898,0.0,0.9956898,0.9956898,0.0,,,,0.9956898,0.9989735,0.0032836795,0.9956898,0.9973488,0.0016589761,0.9956898,0.9956898,0.0,0.9956898,0.9956898,0.0,0.9956898,0.9967403,0.0010504723,0.9956898,0.9940686,-0.0016211867,0.9956898,0.99184304,-0.0038467646,0.9956898,0.99488056,-0.00080925226,11
4,1,3,0,1,3,3,1,0,0,2.0,4.0,2.0,2.0,2.0,6.0,4.0,3.0,7.0,4.0,4.0,3.0,7.0,0.5201751,0.81720686,0.29703176,0.5201751,0.6252695,0.10509437,0.5201751,0.5201751,0.0,0.5201751,0.5201751,0.0,0.5201751,0.4923055,-0.027869612,0.5201751,0.5466896,0.02651453,0.5201751,0.6036212,0.083446085,0.5201751,0.5201751,0.0,0.5201751,0.5201751,0.0,0.5201751,0.2404022,-0.27977288,0.5201751,0.4649938,-0.055181295,0.5201751,0.47489318,-0.045281917,0.5201751,0.534087,0.013911903,6
2,0,0,0,0,0,3,0,0,0,1.0,5.0,4.0,2.0,1.0,5.0,1.0,2.0,6.0,4.0,3.0,3.0,6.0,,,,,,,0.99466234,0.99466234,0.0,0.99466234,0.99466234,0.0,0.99466234,0.9914841,-0.0031782389,0.99466234,0.997472,0.0028096437,,,,0.99466234,0.99466234,0.0,0.99466234,0.99466234,0.0,0.99466234,0.9966426,0.001980245,0.99466234,0.9952773,0.0006149411,0.99466234,0.9919739,-0.0026884675,0.99466234,0.9900581,-0.0046042204,10
0,0,0,0,0,2,2,1,1,8,3.0,4.0,4.0,3.0,4.0,5.0,4.0,3.0,6.0,4.0,4.0,2.0,6.0,0.44697267,0.6191606,0.17218792,0.44697267,0.61222243,0.16524976,0.44697267,0.44697267,0.0,0.44697267,0.44697267,0.0,0.44697267,0.5754245,0.12845182,0.44697267,0.7987681,0.35179543,0.44697267,0.5138375,0.06686485,0.44697267,0.44697267,0.0,0.44697267,0.44697267,0.0,0.44697267,0.4252722,-0.021700472,0.44697267,0.45797846,0.011005789,0.44697267,0.49606505,0.049092382,0.44697267,0.2765534,-0.17041928,25
2,1,3,0,0,3,4,6,1,2,1.0,5.0,4.0,3.0,4.0,2.0,3.0,4.0,9.0,4.0,4.0,2.0,10.0,,,,,,,0.3092791,0.3092791,0.0,0.3092791,0.3092791,0.0,0.3092791,0.39100787,0.08172876,0.3092791,0.4546318,0.14535269,0.3092791,0.25758588,-0.05169323,0.3092791,0.3092791,0.0,,,,0.3092791,0.43972716,0.13044804,0.3092791,0.33135775,0.022078633,0.3092791,0.44951424,0.14023513,,,,16
0,1,0,0,0,0,2,0,0,3,1.0,4.0,2.0,1.0,3.0,0.0,2.0,3.0,6.0,4.0,4.0,4.0,5.0,,,,0.99364,0.995726,0.0020859838,0.99364,0.99364,0.0,0.99364,0.99364,0.0,0.99364,0.9934117,-0.00022828579,,,,0.99364,0.9967024,0.0030623674,0.99364,0.99364,0.0,0.99364,0.99364,0.0,,,,0.99364,0.9639319,-0.029708087,0.99364,0.993383,-0.00025701523,0.99364,0.9945187,0.0008786917,11
2,1,1,0,0,0,2,0,0,3,1.0,5.0,2.0,2.0,2.0,0.0,4.0,3.0,10.0,4.0,4.0,3.0,9.0,,,,,,,0.99567944,0.99567944,0.0,0.99567944,0.99567944,0.0,0.99567944,0.9966736,0.0009941459,0.99567944,0.9967008,0.0010213852,0.99567944,0.99726045,0.0015810132,0.99567944,0.99567944,0.0,0.99567944,0.99567944,0.0,,,,,,,0.99567944,0.9923759,-0.0033035278,0.99567944,0.9879462,-0.007733226,20
2,0,2,0,0,0,5,0,0,3,2.0,3.0,2.0,2.0,2.0,3.0,3.0,3.0,8.0,5.0,5.0,4.0,8.0,0.84592104,0.9730513,0.12713027,0.84592104,0.87750983,0.031588793,,,,,,,0.84592104,0.80368114,-0.042239904,0.84592104,0.88323236,0.037311316,0.84592104,0.8351739,-0.010747135,0.84592104,0.84592104,0.0,0.84592104,0.84592104,0.0,0.84592104,0.8676696,0.021748543,0.84592104,0.91316235,0.06724131,0.84592104,0.9097831,0.063862085,0.84592104,0.81965876,-0.026262283,17
1,1,0,0,0,0,8,0,0,3,1.0,3.0,2.0,2.0,2.0,4.0,4.0,3.0,7.0,4.0,4.0,2.0,10.0,,,,0.976213,0.9794964,0.003283441,0.976213,0.976213,0.0,0.976213,0.976213,0.0,0.976213,0.98049647,0.004283488,0.976213,0.99339503,0.017182052,0.976213,0.9864884,0.0102754235,0.976213,0.976213,0.0,0.976213,0.976213,0.0,0.976213,0.93418586,-0.042027116,0.976213,0.9783635,0.0021505356,0.976213,0.9822828,0.006069839,,,,10
4,1,0,0,0,2,5,3,0,0,3.0,4.0,1.0,1.0,1.0,2.0,4.0,3.0,6.0,3.0,4.0,5.0,9.0,0.8349321,0.8002799,-0.034652174,0.8349321,0.79971474,-0.035217345,0.8349321,0.8349321,0.0,0.8349321,0.8349321,0.0,,,,,,,,,,0.8349321,0.8349321,0.0,0.8349321,0.8349321,0.0,0.8349321,0.7805044,-0.054427683,0.8349321,0.8592716,0.024339497,,,,0.8349321,0.87554526,0.040613174,22
4,1,0,0,0,0,9,1,0,0,1.0,5.0,2.0,2.0,2.0,5.0,3.0,3.0,8.0,4.0,4.0,3.0,7.0,,,,,,,0.9808911,0.9808911,0.0,0.9808911,0.9808911,0.0,0.9808911,0.9738158,-0.0070753098,0.9808911,0.9827953,0.0019041896,0.9808911,0.98942393,0.008532822,0.9808911,0.9808911,0.0,0.9808911,0.9808911,0.0,0.9808911,0.99242944,0.011538327,0.9808911,0.9630528,-0.0178383,0.9808911,0.9773891,-0.0035020113,0.9808911,0.979045,-0.0018461347,12
2,0,3,0,0,0,1,5,0,0,1.0,5.0,1.0,1.0,1.0,7.0,4.0,4.0,6.0,4.0,4.0,2.0,4.0,,,,,,,0.8053216,0.8053216,0.0,0.8053216,0.8053216,0.0,,,,,,,,,,0.8053216,0.8053216,0.0,,,,0.8053216,0.6718816,-0.13343996,0.8053216,0.9407262,0.13540465,0.8053216,0.8177037,0.01238215,0.8053216,0.82350653,0.01818496,14
4,1,0,0,0,1,4,1,0,0,2.0,4.0,1.0,3.0,2.0,5.0,2.0,3.0,5.0,3.0,3.0,2.0,6.0,0.8022945,0.9399931,0.13769859,0.8022945,0.9018772,0.09958273,0.8022945,0.8022945,0.0,0.8022945,0.8022945,0.0,,,,0.8022945,0.83084553,0.028551042,0.8022945,0.88456225,0.08226776,0.8022945,0.8022945,0.0,0.8022945,0.8022945,0.0,0.8022945,0.8982711,0.09597659,0.8022945,0.87918293,0.07688844,0.8022945,0.82670105,0.024406552,0.8022945,0.7502416,-0.052052915,5
4,1,0,0,2,0,8,0,0,5,4.0,4.0,2.0,2.0,3.0,5.0,4.0,3.0,7.0,4.0,4.0,5.0,8.0,0.42251307,0.42925212,0.00673905,0.42251307,0.39163834,-0.03087473,0.42251307,0.42251307,0.0,0.42251307,0.42251307,0.0,0.42251307,0.42251307,0.0,0.42251307,0.7397573,0.31724423,0.42251307,0.48512393,0.062610865,0.42251307,0.42251307,0.0,0.42251307,0.42251307,0.0,0.42251307,0.5013812,0.07886815,0.42251307,0.47461396,0.052100897,,,,0.42251307,0.5355575,0.11304444,12
0,1,2,0,2,3,1,6,1,7,3.0,4.0,3.0,3.0,4.0,7.0,3.0,3.0,4.0,2.0,4.0,1.0,5.0,0.13607915,0.42435962,0.2882805,0.13607915,0.22200067,0.085921526,0.13607915,0.13607915,0.0,0.13607915,0.13607915,0.0,0.13607915,0.44224465,0.30616552,0.13607915,0.2533878,0.11730866,0.13607915,0.19264233,0.056563184,0.13607915,0.13607915,0.0,0.13607915,0.13607915,0.0,0.13607915,0.18969567,0.053616524,0.13607915,0.11564532,-0.020433828,0.13607915,0.12489498,-0.011184171,0.13607915,0.11930047,-0.016778678,21
2,1,1,0,0,0,3,7,0,0,2.0,5.0,1.0,3.0,2.0,9.0,3.0,2.0,8.0,5.0,3.0,3.0,8.0,0.9334575,0.99144113,0.057983637,,,,,,,0.9334575,0.9334575,0.0,,,,0.9334575,0.95383567,0.020378172,0.9334575,0.94737023,0.013912737,0.9334575,0.9334575,0.0,0.9334575,0.9334575,0.0,0.9334575,0.950389,0.016931534,0.9334575,0.9169591,-0.016498387,0.9334575,0.9405008,0.007043302,0.9334575,0.8929072,-0.04055029,20
4,1,0,0,0,1,3,1,0,3,3.0,5.0,2.0,2.0,2.0,8.0,3.0,3.0,7.0,3.0,4.0,2.0,6.0,0.6626566,0.80932957,0.14667296,,,,0.6626566,0.6626566,0.0,0.6626566,0.6626566,0.0,0.6626566,0.5965531,-0.06610352,0.6626566,0.8372145,0.17455792,0.6626566,0.6060277,-0.056628883,0.6626566,0.6626566,0.0,0.6626566,0.6626566,0.0,0.6626566,0.7458158,0.08315921,0.6626566,0.39289984,-0.26975676,0.6626566,0.804882,0.14222538,0.6626566,0.437057,-0.22559962,12
0,1,0,0,1,3,6,6,2,7,1.0,4.0,2.0,2.0,2.0,3.0,3.0,3.0,8.0,4.0,4.0,3.0,8.0,,,,0.97066826,0.9467113,-0.023956954,0.97066826,0.97066826,0.0,0.97066826,0.97066826,0.0,0.97066826,0.95554924,-0.015119016,0.97066826,0.98995715,0.019288898,0.97066826,0.98230755,0.011639297,0.97066826,0.97066826,0.0,0.97066826,0.97066826,0.0,0.97066826,0.95915383,-0.011514425,0.97066826,0.9718394,0.0011711717,0.97066826,0.94018745,-0.030480802,0.97066826,0.96797234,-0.002695918,21
0,1,2,0,1,3,2,6,2,7,1.0,4.0,1.0,1.0,1.0,2.0,3.0,3.0,7.0,4.0,4.0,3.0,8.0,,,,0.8691304,0.9107097,0.041579306,0.8691304,0.8691304,0.0,0.8691304,0.8691304,0.0,,,,,,,,,,0.8691304,0.8691304,0.0,0.8691304,0.8691304,0.0,0.8691304,0.6464927,-0.22263765,0.8691304,0.96611905,0.09698868,0.8691304,0.63063514,-0.23849523,0.8691304,0.82504153,-0.04408884,21
0,0,2,0,4,1,2,1,0,0,2.0,4.0,2.0,2.0,2.0,5.0,4.0,1.0,8.0,5.0,5.0,2.0,10.0,0.12528135,0.38423994,0.25895858,0.12528135,0.15367708,0.028395727,,,,,,,0.12528135,0.12528135,0.0,0.12528135,0.1359336,0.010652244,0.12528135,0.123694435,-0.0015869141,0.12528135,0.12528135,0.0,0.12528135,0.12528135,0.0,0.12528135,0.1825213,0.05723995,0.12528135,0.097899385,-0.027381964,0.12528135,0.11844917,-0.0068321824,,,,9
2,1,0,0,1,0,2,0,0,0,2.0,4.0,4.0,4.0,3.0,3.0,3.0,3.0,8.0,4.0,4.0,4.0,7.0,0.8760948,0.97769994,0.10160512,0.8760948,0.9286602,0.052565396,0.8760948,0.8760948,0.0,0.8760948,0.8760948,0.0,0.8760948,0.88248223,0.0063874125,0.8760948,0.8961874,0.020092607,0.8760948,0.9090629,0.032968104,0.8760948,0.8760948,0.0,0.8760948,0.8760948,0.0,0.8760948,0.8029558,-0.07313901,0.8760948,0.79300874,-0.08308607,0.8760948,0.7976914,-0.07840341,0.8760948,0.7948584,-0.08123642,15
5,1,1,0,0,0,1,3,0,0,2.0,4.0,2.0,2.0,2.0,0.0,3.0,3.0,9.0,3.0,5.0,3.0,7.0,0.9797064,0.99741757,0.017711163,0.9797064,0.9901743,0.010467887,0.9797064,0.9797064,0.0,,,,0.9797064,0.9672695,-0.012436926,0.9797064,0.9667252,-0.012981236,0.9797064,0.97091347,-0.008792937,0.9797064,0.9797064,0.0,0.9797064,0.9797064,0.0,,,,0.9797064,0.9850551,0.0053486824,0.9797064,0.97972614,1.9729137e-05,0.9797064,0.98112696,0.0014205575,5
3,0,0,0,1,1,7,0,0,3,1.0,3.0,1.0,1.0,1.0,3.0,5.0,4.0,5.0,4.0,5.0,3.0,5.0,,,,0.8514751,0.7595545,-0.091920614,0.8514751,0.8514751,0.0,,,,,,,,,,,,,,,,,,,0.8514751,0.9665646,0.115089476,0.8514751,0.8815037,0.030028582,0.8514751,0.89577496,0.04429984,0.8514751,0.9161874,0.064712286,4
3,0,3,0,0,1,2,0,0,1,3.0,5.0,4.0,4.0,3.0,1.0,2.0,2.0,7.0,4.0,4.0,4.0,8.0,0.698878,0.8441398,0.14526182,,,,0.698878,0.698878,0.0,0.698878,0.698878,0.0,0.698878,0.81679004,0.117912054,0.698878,0.7331847,0.034306705,0.698878,0.79764724,0.09876925,0.698878,0.698878,0.0,0.698878,0.698878,0.0,0.698878,0.74668086,0.047802866,0.698878,0.9498881,0.25101012,0.698878,0.6676994,-0.031178594,0.698878,0.5079646,-0.19091338,9
4,0,0,0,1,0,7,0,0,0,4.0,4.0,2.0,2.0,2.0,2.0,3.0,3.0,8.0,4.0,5.0,3.0,3.0,0.6608682,0.67040074,0.009532511,0.6608682,0.6234466,-0.037421644,0.6608682,0.6608682,0.0,,,,0.6608682,0.6201926,-0.04067564,0.6608682,0.7217974,0.06092918,0.6608682,0.5628238,-0.098044455,0.6608682,0.6608682,0.0,0.6608682,0.6608682,0.0,0.6608682,0.58499676,-0.07587147,0.6608682,0.74016315,0.07929492,0.6608682,0.77073693,0.109868705,0.6608682,0.8740401,0.2131719,15
4,0,0,0,0,0,7,3,0,0,1.0,5.0,1.0,2.0,1.0,4.0,4.0,4.0,6.0,4.0,4.0,2.0,5.0,,,,,,,0.98847723,0.98847723,0.0,0.98847723,0.98847723,0.0,,,,0.98847723,0.9868674,-0.0016098022,,,,0.98847723,0.98847723,0.0,,,,0.98847723,0.9803049,-0.008172333,0.98847723,0.9902698,0.0017925501,0.98847723,0.9810534,-0.007423818,0.98847723,0.99528235,0.006805122,7
2,1,0,0,0,0,7,0,0,3,3.0,4.0,3.0,3.0,2.0,7.0,3.0,2.0,4.0,3.0,2.0,3.0,4.0,0.6158528,0.8761457,0.26029295,0.6158528,0.7211415,0.105288744,0.6158528,0.6158528,0.0,0.6158528,0.6158528,0.0,0.6158528,0.79528064,0.17942786,0.6158528,0.8363116,0.2204588,0.6158528,0.60226315,-0.013589621,0.6158528,0.6158528,0.0,0.6158528,0.6158528,0.0,0.6158528,0.7100662,0.094213426,0.6158528,0.72332233,0.10746956,0.6158528,0.4387267,-0.17712608,0.6158528,0.918534,0.3026812,17
2,1,1,0,0,0,3,0,0,0,1.0,5.0,1.0,1.0,2.0,3.0,4.0,3.0,6.0,5.0,5.0,2.0,7.0,,,,,,,,,,,,,,,,,,,0.9993044,0.9992567,-4.774332e-05,0.9993044,0.9993044,0.0,0.9993044,0.9993044,0.0,0.9993044,0.9995425,0.00023806095,0.9993044,0.9994808,0.00017637014,0.9993044,0.9987256,-0.0005788207,0.9993044,0.998522,-0.0007824302,20
4,1,0,0,0,0,8,0,0,3,2.0,4.0,4.0,2.0,2.0,8.0,3.0,3.0,8.0,3.0,4.0,3.0,9.0,0.7356541,0.9387939,0.20313978,0.7356541,0.79034036,0.05468625,0.7356541,0.7356541,0.0,0.7356541,0.7356541,0.0,0.7356541,0.6618904,-0.07376373,0.7356541,0.84864295,0.11298883,0.7356541,0.8404197,0.104765594,0.7356541,0.7356541,0.0,0.7356541,0.7356541,0.0,0.7356541,0.572101,-0.16355312,0.7356541,0.6233048,-0.11234933,0.7356541,0.66282004,-0.072834074,0.7356541,0.7922559,0.056601763,12
2,1,1,0,0,0,8,0,0,3,2.0,3.0,3.0,3.0,2.0,3.0,3.0,3.0,7.0,5.0,5.0,3.0,7.0,0.89938855,0.9745437,0.07515514,0.89938855,0.89732313,-0.0020654202,,,,,,,0.89938855,0.96244,0.06305146,0.89938855,0.8495883,-0.049800277,0.89938855,0.86979693,-0.02959162,0.89938855,0.89938855,0.0,0.89938855,0.89938855,0.0,0.89938855,0.91497403,0.015585482,0.89938855,0.8842361,-0.015152454,0.89938855,0.8466692,-0.052719355,0.89938855,0.8015034,-0.09788513,17
2,1,0,0,0,0,1,5,0,0,3.0,5.0,3.0,3.0,4.0,6.0,2.0,3.0,5.0,4.0,4.0,1.0,4.0,0.7442349,0.961654,0.21741909,,,,0.7442349,0.7442349,0.0,0.7442349,0.7442349,0.0,0.7442349,0.8359726,0.09173769,0.7442349,0.91719276,0.17295784,0.7442349,0.7442349,0.0,0.7442349,0.7442349,0.0,0.7442349,0.7442349,0.0,0.7442349,0.52514625,-0.21908867,0.7442349,0.78546953,0.041234612,0.7442349,0.75274813,0.008513212,0.7442349,0.74602354,0.0017886162,14
4,0,6,0,1,1,6,1,0,5,1.0,1.0,1.0,1.0,1.0,0.0,3.0,2.0,8.0,4.0,4.0,3.0,7.0,,,,0.99097,0.97897947,-0.011990547,0.99097,0.99097,0.0,0.99097,0.99097,0.0,,,,,,,,,,0.99097,0.99097,0.0,0.99097,0.99097,0.0,,,,0.99097,0.9866435,-0.0043265224,0.99097,0.9920006,0.0010305643,0.99097,0.991751,0.00078099966,4
2,0,0,0,0,0,5,0,2,4,1.0,5.0,2.0,1.0,1.0,8.0,5.0,4.0,7.0,4.0,4.0,4.0,9.0,,,,,,,0.987356,0.987356,0.0,0.987356,0.987356,0.0,0.987356,0.98329806,-0.004057944,,,,,,,,,,,,,0.987356,0.9911116,0.0037555695,0.987356,0.9475348,-0.039821208,0.987356,0.98624694,-0.0011090636,0.987356,0.98940873,0.0020527244,2
5,1,0,0,0,1,2,7,0,3,3.0,3.0,1.0,3.0,2.0,3.0,4.0,3.0,7.0,4.0,5.0,4.0,7.0,0.3728147,0.877477,0.5046623,0.3728147,0.517133,0.14431831,0.3728147,0.3728147,0.0,,,,,,,0.3728147,0.20026955,-0.17254514,0.3728147,0.36296195,-0.009852737,0.3728147,0.3728147,0.0,0.3728147,0.3728147,0.0,0.3728147,0.22239454,-0.15042014,0.3728147,0.6028218,0.23000714,0.3728147,0.4201082,0.047293514,0.3728147,0.24836296,-0.12445173,5
1,0,5,0,0,0,1,1,2,7,2.0,1.0,2.0,2.0,2.0,6.0,4.0,4.0,7.0,4.0,4.0,3.0,6.0,0.7305107,0.9241203,0.1936096,0.7305107,0.7433558,0.012845099,0.7305107,0.7305107,0.0,0.7305107,0.7305107,0.0,0.7305107,0.74130744,0.010796726,0.7305107,0.802825,0.07231426,0.7305107,0.71208304,-0.01842767,0.7305107,0.7305107,0.0,,,,0.7305107,0.49603167,-0.23447904,0.7305107,0.8041558,0.073645115,0.7305107,0.71908975,-0.011420965,0.7305107,0.8480703,0.11755961,25
5,1,0,0,1,1,7,1,0,0,3.0,4.0,2.0,4.0,2.0,7.0,4.0,3.0,8.0,4.0,4.0,4.0,8.0,0.97222304,0.96478456,-0.007438481,0.97222304,0.97723854,0.0050154924,0.97222304,0.97222304,0.0,0.97222304,0.97222304,0.0,0.97222304,0.97222304,0.0,0.97222304,0.97488856,0.0026655197,0.97222304,0.980163,0.007939935,0.97222304,0.97222304,0.0,0.97222304,0.97222304,0.0,0.97222304,0.9028751,-0.06934792,0.97222304,0.9802659,0.008042872,0.97222304,0.9760164,0.0037933588,0.97222304,0.9834277,0.01120466,22
2,1,4,0,0,0,2,0,2,4,1.0,5.0,4.0,2.0,5.0,0.0,2.0,3.0,4.0,3.0,5.0,4.0,10.0,,,,,,,0.21133049,0.21133049,0.0,,,,0.21133049,0.18989055,-0.02143994,0.21133049,0.37183243,0.16050194,0.21133049,0.22646344,0.015132949,0.21133049,0.21133049,0.0,0.21133049,0.21133049,0.0,,,,0.21133049,0.086489774,-0.124840714,0.21133049,0.09260558,-0.118724905,,,,2
5,1,0,0,1,1,9,3,0,2,3.0,4.0,2.0,2.0,1.0,7.0,4.0,4.0,7.0,4.0,4.0,2.0,9.0,0.91550803,0.9588491,0.04334104,0.91550803,0.91032565,-0.0051823854,0.91550803,0.91550803,0.0,0.91550803,0.91550803,0.0,0.91550803,0.9064719,-0.009036124,0.91550803,0.96251875,0.04701072,,,,0.91550803,0.91550803,0.0,,,,0.91550803,0.84896594,-0.06654209,0.91550803,0.88015485,-0.035353184,0.91550803,0.83954334,-0.07596469,0.91550803,0.9461425,0.030634463,22
4,0,0,0,5,2,1,2,0,0,2.0,1.0,1.0,1.0,1.0,7.0,5.0,2.0,7.0,5.0,5.0,3.0,7.0,0.6043535,0.8572773,0.2529238,0.6043535,0.6130509,0.008697391,,,,,,,,,,,,,,,,,,,0.6043535,0.6043535,0.0,0.6043535,0.45273817,-0.15161532,0.6043535,0.6549846,0.050631106,0.6043535,0.66241556,0.058062077,0.6043535,0.6956853,0.09133184,13
3,1,1,0,2,0,1,0,2,4,2.0,4.0,2.0,2.0,2.0,5.0,4.0,3.0,7.0,4.0,4.0,3.0,8.0,0.84649724,0.8485617,0.0020644665,0.84649724,0.78102905,-0.06546819,0.84649724,0.84649724,0.0,0.84649724,0.84649724,0.0,0.84649724,0.7988751,-0.047622144,0.84649724,0.93058586,0.08408862,0.84649724,0.8362598,-0.010237455,0.84649724,0.84649724,0.0,0.84649724,0.84649724,0.0,0.84649724,0.9305114,0.08401418,0.84649724,0.7186557,-0.12784153,0.84649724,0.8252662,-0.021231055,0.84649724,0.9020716,0.055574358,1
4,1,1,0,0,0,3,3,0,3,1.0,5.0,1.0,1.0,4.0,1.0,4.0,3.0,10.0,4.0,4.0,4.0,9.0,,,,,,,0.9895655,0.9895655,0.0,0.9895655,0.9895655,0.0,,,,,,,0.9895655,0.99060285,0.0010373592,0.9895655,0.9895655,0.0,0.9895655,0.9895655,0.0,0.9895655,0.9911924,0.0016269088,,,,0.9895655,0.98394555,-0.005619943,0.9895655,0.98965377,8.827448e-05,5
2,1,2,0,0,2,6,2,2,4,1.0,1.0,2.0,2.0,2.0,6.0,4.0,3.0,9.0,4.0,4.0,5.0,7.0,,,,0.81467044,0.79213655,-0.022533894,0.81467044,0.81467044,0.0,0.81467044,0.81467044,0.0,0.81467044,0.82291275,0.008242309,0.81467044,0.8631445,0.048474073,0.81467044,0.76062125,-0.054049194,0.81467044,0.81467044,0.0,0.81467044,0.81467044,0.0,0.81467044,0.9347477,0.12007725,0.81467044,0.8142502,-0.00042027235,,,,0.81467044,0.7437624,-0.07090807,16
1,0,0,0,0,0,2,0,0,3,2.0,4.0,2.0,2.0,1.0,6.0,4.0,3.0,7.0,4.0,2.0,4.0,8.0,0.97021556,0.988638,0.018422425,0.97021556,0.97223794,0.0020223856,0.97021556,0.97021556,0.0,0.97021556,0.97021556,0.0,0.97021556,0.96950275,-0.00071281195,0.97021556,0.99315053,0.022934973,,,,0.97021556,0.97021556,0.0,0.97021556,0.97021556,0.0,0.97021556,0.9770462,0.0068306327,0.97021556,0.9529027,-0.017312884,0.97021556,0.96352756,-0.006687999,0.97021556,0.98426116,0.014045596,17
4,1,0,0,0,0,6,0,0,5,1.0,5.0,1.0,1.0,1.0,0.0,3.0,3.0,9.0,4.0,4.0,4.0,9.0,,,,,,,0.984177,0.984177,0.0,0.984177,0.984177,0.0,,,,,,,,,,0.984177,0.984177,0.0,0.984177,0.984177,0.0,,,,0.984177,0.97819453,-0.0059824586,0.984177,0.98575807,0.0015810728,0.984177,0.9808764,-0.0033006072,12
1,1,1,0,0,1,2,1,2,4,2.0,2.0,2.0,2.0,1.0,9.0,4.0,3.0,9.0,4.0,4.0,3.0,7.0,0.3141474,0.7943491,0.48020166,0.3141474,0.6901155,0.3759681,0.3141474,0.3141474,0.0,0.3141474,0.3141474,0.0,0.3141474,0.28628737,-0.027860045,0.3141474,0.62409174,0.30994433,,,,0.3141474,0.3141474,0.0,0.3141474,0.3141474,0.0,0.3141474,0.325756,0.011608601,0.3141474,0.34152675,0.027379334,0.3141474,0.3293266,0.015179187,0.3141474,0.31125972,-0.002887696,3
1,0,1,0,0,0,2,0,0,0,1.0,5.0,1.0,3.0,2.0,3.0,4.0,2.0,8.0,5.0,5.0,4.0,7.0,,,,,,,,,,,,,,,,0.99053454,0.9967533,0.0062187314,0.99053454,0.9646645,-0.025870025,0.99053454,0.99053454,0.0,0.99053454,0.99053454,0.0,0.99053454,0.9799683,-0.010566235,0.99053454,0.983395,-0.0071395636,0.99053454,0.9902022,-0.0003323555,0.99053454,0.9351662,-0.055368364,20
5,0,0,0,0,0,4,1,0,3,2.0,3.0,2.0,2.0,2.0,4.0,5.0,4.0,9.0,3.0,4.0,4.0,9.0,0.68379277,0.9234842,0.23969144,0.68379277,0.7637907,0.07999796,0.68379277,0.68379277,0.0,0.68379277,0.68379277,0.0,0.68379277,0.678497,-0.0052957535,0.68379277,0.6873594,0.0035666227,0.68379277,0.82830954,0.14451677,,,,,,,0.68379277,0.21870685,-0.46508592,0.68379277,0.60140866,-0.08238411,0.68379277,0.77652436,0.092731595,0.68379277,0.67279494,-0.010997832,7
3,1,0,0,1,0,3,0,0,3,2.0,5.0,2.0,3.0,2.0,7.0,4.0,3.0,5.0,3.0,4.0,3.0,7.0,0.8226645,0.8779442,0.055279672,,,,0.8226645,0.8226645,0.0,0.8226645,0.8226645,0.0,0.8226645,0.8226645,0.0,0.8226645,0.82361066,0.00094616413,0.8226645,0.8180579,-0.0046066046,0.8226645,0.8226645,0.0,0.8226645,0.8226645,0.0,0.8226645,0.9091314,0.08646691,0.8226645,0.7748926,-0.04777187,0.8226645,0.8065803,-0.016084194,0.8226645,0.7520632,-0.070601285,15
2,0,5,0,0,0,3,0,0,3,2.0,4.0,4.0,2.0,2.0,3.0,3.0,3.0,5.0,4.0,4.0,3.0,5.0,0.9730021,0.9914699,0.018467844,0.9730021,0.971913,-0.0010890961,0.9730021,0.9730021,0.0,0.9730021,0.9730021,0.0,0.9730021,0.9619407,-0.01106137,0.9730021,0.98390454,0.010902464,0.9730021,0.97348154,0.00047945976,0.9730021,0.9730021,0.0,0.9730021,0.9730021,0.0,0.9730021,0.95957035,-0.013431728,0.9730021,0.9871782,0.01417613,0.9730021,0.97657555,0.0035734773,0.9730021,0.9057176,-0.067284465,17
1,0,0,0,0,0,3,0,0,1,2.0,2.0,4.0,2.0,4.0,7.0,4.0,3.0,7.0,3.0,3.0,2.0,7.0,0.9935015,0.9969778,0.0034763217,0.9935015,0.9922404,-0.0012610555,0.9935015,0.9935015,0.0,0.9935015,0.9935015,0.0,0.9935015,0.9915867,-0.0019147992,0.9935015,0.9976592,0.004157722,0.9935015,0.9935015,0.0,0.9935015,0.9935015,0.0,0.9935015,0.9935015,0.0,0.9935015,0.98897004,-0.004531443,0.9935015,0.9900422,-0.0034592748,0.9935015,0.9944359,0.000934422,0.9935015,0.99239975,-0.0011017323,11
1,1,0,0,0,0,1,0,0,1,1.0,4.0,3.0,3.0,2.0,2.0,3.0,3.0,7.0,3.0,3.0,3.0,5.0,,,,0.9918074,0.9982462,0.0064387918,0.9918074,0.9918074,0.0,0.9918074,0.9918074,0.0,0.9918074,0.9944661,0.0026587248,0.9918074,0.992183,0.00037562847,0.9918074,0.99074334,-0.0010640621,0.9918074,0.9918074,0.0,0.9918074,0.9918074,0.0,0.9918074,0.9854575,-0.006349921,0.9918074,0.98833245,-0.0034749508,0.9918074,0.9926042,0.0007967949,0.9918074,0.9924482,0.00064080954,11
3,0,4,0,0,0,6,0,1,4,2.0,4.0,2.0,2.0,2.0,2.0,4.0,3.0,8.0,4.0,4.0,4.0,8.0,0.9904359,0.99199647,0.0015605688,0.9904359,0.9918881,0.0014522076,0.9904359,0.9904359,0.0,0.9904359,0.9904359,0.0,0.9904359,0.99154156,0.0011056662,0.9904359,0.99430853,0.003872633,0.9904359,0.9925452,0.0021092892,0.9904359,0.9904359,0.0,0.9904359,0.9904359,0.0,0.9904359,0.9382948,-0.05214107,0.9904359,0.9921818,0.0017458797,0.9904359,0.99164903,0.0012131333,0.9904359,0.98999184,-0.0004440546,2
5,1,1,0,2,1,5,0,0,3,4.0,4.0,2.0,2.0,2.0,5.0,3.0,3.0,8.0,3.0,4.0,5.0,8.0,0.042363416,0.054045223,0.011681806,0.042363416,0.054746997,0.01238358,0.042363416,0.042363416,0.0,0.042363416,0.042363416,0.0,0.042363416,0.03801467,-0.0043487474,0.042363416,0.07930579,0.036942374,0.042363416,0.09163805,0.049274635,0.042363416,0.042363416,0.0,0.042363416,0.042363416,0.0,0.042363416,0.16692209,0.12455867,0.042363416,0.069874346,0.02751093,,,,0.042363416,0.062876604,0.020513188,22
1,0,0,0,0,0,5,0,0,8,2.0,5.0,2.0,2.0,2.0,7.0,4.0,3.0,5.0,4.0,4.0,3.0,7.0,0.9814198,0.98389256,0.0024727583,,,,0.9814198,0.9814198,0.0,0.9814198,0.9814198,0.0,0.9814198,0.97988415,-0.0015356541,0.9814198,0.99283737,0.011417568,0.9814198,0.9879291,0.006509304,0.9814198,0.9814198,0.0,0.9814198,0.9814198,0.0,0.9814198,0.96017003,-0.021249771,0.9814198,0.99084026,0.0094204545,0.9814198,0.97391224,-0.0075075626,0.9814198,0.9750137,-0.0064061284,11
1,0,0,0,0,0,4,0,0,3,2.0,3.0,2.0,2.0,2.0,4.0,4.0,3.0,8.0,4.0,3.0,4.0,8.0,0.9180128,0.97805095,0.06003815,0.9180128,0.9493731,0.03136033,0.9180128,0.9180128,0.0,0.9180128,0.9180128,0.0,0.9180128,0.92687255,0.008859754,0.9180128,0.97182906,0.05381626,0.9180128,0.9535645,0.035551727,0.9180128,0.9180128,0.0,0.9180128,0.9180128,0.0,0.9180128,0.6231159,-0.2948969,0.9180128,0.937176,0.019163191,0.9180128,0.91306484,-0.0049479604,0.9180128,0.9680995,0.050086677,17
0,1,5,0,1,3,2,6,0,7,2.0,4.0,2.0,4.0,3.0,6.0,3.0,3.0,4.0,4.0,2.0,1.0,7.0,0.9784308,0.98875076,0.010319948,0.9784308,0.98901516,0.010584354,0.9784308,0.9784308,0.0,0.9784308,0.9784308,0.0,0.9784308,0.96468496,-0.013745844,0.9784308,0.981558,0.0031272173,0.9784308,0.979361,0.0009301901,0.9784308,0.9784308,0.0,0.9784308,0.9784308,0.0,0.9784308,0.9472398,-0.031190991,0.9784308,0.9737086,-0.004722178,0.9784308,0.9805642,0.0021333694,0.9784308,0.9847912,0.0063604116,21
2,0,1,0,0,0,2,0,0,3,1.0,1.0,1.0,1.0,1.0,1.0,5.0,4.0,8.0,5.0,5.0,4.0,0.0,,,,0.7697234,0.710294,-0.059429407,,,,,,,,,,,,,,,,,,,,,,0.7697234,0.76185966,-0.00786376,0.7697234,0.9268396,0.15711617,0.7697234,0.7418589,-0.027864516,0.7697234,0.7697234,0.0,10
1,1,0,0,0,0,2,0,0,0,2.0,5.0,2.0,2.0,2.0,3.0,3.0,3.0,7.0,4.0,4.0,3.0,8.0,0.98366433,0.99555063,0.011886299,,,,0.98366433,0.98366433,0.0,0.98366433,0.98366433,0.0,0.98366433,0.9778261,-0.0058382154,0.98366433,0.9959204,0.012256086,0.98366433,0.98097664,-0.0026876926,0.98366433,0.98366433,0.0,0.98366433,0.98366433,0.0,0.98366433,0.9324673,-0.051197052,0.98366433,0.96281177,-0.020852566,0.98366433,0.98156905,-0.002095282,0.98366433,0.98696357,0.0032992363,11
4,0,0,0,0,0,5,7,0,3,3.0,5.0,2.0,3.0,2.0,2.0,4.0,3.0,8.0,5.0,4.0,3.0,8.0,0.8752844,0.952114,0.07682961,,,,,,,0.8752844,0.8752844,0.0,0.8752844,0.8958027,0.020518303,0.8752844,0.9257446,0.05046022,0.8752844,0.8891065,0.013822138,0.8752844,0.8752844,0.0,0.8752844,0.8752844,0.0,0.8752844,0.6904875,-0.18479687,0.8752844,0.95858973,0.08330536,0.8752844,0.86330855,-0.011975825,0.8752844,0.7851138,-0.09017056,15
5,1,0,0,1,1,8,1,0,3,2.0,4.0,2.0,2.0,2.0,5.0,4.0,3.0,5.0,3.0,4.0,3.0,5.0,0.8682716,0.91630447,0.04803288,0.8682716,0.94815105,0.07987946,0.8682716,0.8682716,0.0,0.8682716,0.8682716,0.0,0.8682716,0.8682716,0.0,0.8682716,0.91349715,0.04522556,0.8682716,0.92227596,0.05400437,0.8682716,0.8682716,0.0,0.8682716,0.8682716,0.0,0.8682716,0.85163015,-0.016641438,0.8682716,0.8475902,-0.020681381,0.8682716,0.668122,-0.2001496,0.8682716,0.88696754,0.01869595,7
6,1,0,0,0,4,6,3,0,0,2.0,4.0,2.0,2.0,2.0,0.0,4.0,4.0,9.0,4.0,4.0,4.0,8.0,0.6668494,0.68730533,0.020455956,0.6668494,0.85176945,0.18492007,0.6668494,0.6668494,0.0,0.6668494,0.6668494,0.0,0.6668494,0.45285276,-0.21399662,0.6668494,0.42270875,-0.24414062,0.6668494,0.7718385,0.10498911,0.6668494,0.6668494,0.0,,,,,,,0.6668494,0.62112534,-0.045724034,0.6668494,0.770368,0.103518605,0.6668494,0.72333527,0.05648589,19
2,0,1,0,0,3,5,0,0,3,1.0,2.0,1.0,1.0,1.0,1.0,3.0,2.0,9.0,4.0,3.0,4.0,9.0,,,,0.98944074,0.98204345,-0.007397294,0.98944074,0.98944074,0.0,0.98944074,0.98944074,0.0,,,,,,,,,,0.98944074,0.98944074,0.0,0.98944074,0.98944074,0.0,0.98944074,0.98748404,-0.0019567013,0.98944074,0.98523223,-0.004208505,0.98944074,0.99394894,0.0045081973,0.98944074,0.98052806,-0.0089126825,9
3,0,0,0,0,0,1,0,0,3,1.0,4.0,2.0,2.0,2.0,7.0,2.0,3.0,6.0,3.0,5.0,4.0,8.0,,,,0.928326,0.9118924,-0.016433597,0.928326,0.928326,0.0,,,,0.928326,0.87013847,-0.058187544,0.928326,0.97203267,0.043706656,0.928326,0.8930714,-0.035254598,0.928326,0.928326,0.0,0.928326,0.928326,0.0,0.928326,0.9793931,0.051067114,0.928326,0.97024566,0.04191965,0.928326,0.94581634,0.017490327,0.928326,0.96525526,0.03692925,15
1,1,0,0,0,0,6,0,0,3,2.0,4.0,2.0,2.0,2.0,3.0,4.0,3.0,8.0,4.0,4.0,3.0,4.0,0.9646966,0.9827276,0.018031001,0.9646966,0.9833504,0.01865381,0.9646966,0.9646966,0.0,0.9646966,0.9646966,0.0,0.9646966,0.9690888,0.0043922067,0.9646966,0.9814295,0.016732931,0.9646966,0.977851,0.0131543875,0.9646966,0.9646966,0.0,0.9646966,0.9646966,0.0,0.9646966,0.8526411,-0.11205548,0.9646966,0.9507117,-0.013984859,0.9646966,0.9290683,-0.03562826,0.9646966,0.97575086,0.011054277,17
5,1,0,0,0,0,6,3,0,5,1.0,5.0,2.0,1.0,1.0,3.0,4.0,3.0,7.0,4.0,4.0,3.0,7.0,,,,,,,0.990404,0.990404,0.0,0.990404,0.990404,0.0,0.990404,0.9882592,-0.0021448135,,,,,,,0.990404,0.990404,0.0,0.990404,0.990404,0.0,0.990404,0.97622365,-0.014180362,0.990404,0.98716545,-0.0032385588,0.990404,0.99133885,0.00093483925,0.990404,0.97771764,-0.012686372,5
5,1,0,0,0,0,7,1,0,0,1.0,5.0,2.0,1.0,1.0,2.0,4.0,4.0,9.0,5.0,4.0,4.0,10.0,,,,,,,,,,0.9951154,0.9951154,0.0,0.9951154,0.99423236,-0.0008830428,,,,,,,0.9951154,0.9951154,0.0,,,,0.9951154,0.9818902,-0.013225198,0.9951154,0.9919389,-0.0031765103,0.9951154,0.99538285,0.00026744604,,,,5
0,1,0,0,2,1,5,7,1,7,1.0,3.0,2.0,2.0,2.0,7.0,3.0,3.0,3.0,3.0,3.0,4.0,8.0,,,,0.96964306,0.9870488,0.017405748,0.96964306,0.96964306,0.0,0.96964306,0.96964306,0.0,0.96964306,0.9521872,-0.017455876,0.96964306,0.9930565,0.02341342,0.96964306,0.9767045,0.007061422,0.96964306,0.96964306,0.0,0.96964306,0.96964306,0.0,0.96964306,0.93073577,-0.03890729,0.96964306,0.9730042,0.0033611655,0.96964306,0.9613339,-0.0083091855,0.96964306,0.98087776,0.011234701,25
2,1,1,0,0,0,4,0,0,3,1.0,3.0,1.0,1.0,1.0,1.0,3.0,3.0,8.0,4.0,4.0,4.0,8.0,,,,0.99467564,0.9950624,0.00038677454,0.99467564,0.99467564,0.0,0.99467564,0.99467564,0.0,,,,,,,,,,0.99467564,0.99467564,0.0,0.99467564,0.99467564,0.0,0.99467564,0.9943961,-0.00027954578,0.99467564,0.9964998,0.0018241405,0.99467564,0.9963741,0.0016984344,0.99467564,0.99116373,-0.0035119057,20
1,0,0,0,0,0,9,0,0,3,1.0,1.0,1.0,1.0,1.0,0.0,5.0,3.0,7.0,5.0,5.0,4.0,8.0,,,,0.99868554,0.9949249,-0.0037606359,,,,,,,,,,,,,,,,,,,0.99868554,0.99868554,0.0,,,,0.99868554,0.99948394,0.0007984042,0.99868554,0.9988977,0.00021213293,0.99868554,0.9984666,-0.00021892786,10
1,0,2,0,0,0,7,0,1,4,4.0,4.0,3.0,4.0,3.0,1.0,3.0,3.0,9.0,4.0,3.0,5.0,4.0,0.5309797,0.5724362,0.04145652,0.5309797,0.48989406,-0.04108563,0.5309797,0.5309797,0.0,0.5309797,0.5309797,0.0,0.5309797,0.51680934,-0.014170349,0.5309797,0.5265963,-0.004383385,0.5309797,0.58228385,0.05130416,0.5309797,0.5309797,0.0,0.5309797,0.5309797,0.0,0.5309797,0.52508557,-0.0058941245,0.5309797,0.5676665,0.036686778,,,,0.5309797,0.36521286,-0.16576684,2
2,0,2,0,0,0,8,0,3,4,2.0,2.0,2.0,2.0,2.0,2.0,3.0,3.0,9.0,5.0,5.0,5.0,10.0,0.9982116,0.9945767,-0.0036349297,0.9982116,0.9978823,-0.00032931566,,,,,,,0.9982116,0.9983431,0.00013148785,0.9982116,0.999091,0.0008794069,0.9982116,0.99828005,6.842613e-05,0.9982116,0.9982116,0.0,0.9982116,0.9982116,0.0,0.9982116,0.995799,-0.0024126172,0.9982116,0.9980774,-0.00013422966,,,,,,,2
2,1,0,0,0,0,0,0,0,0,3.0,4.0,2.0,4.0,5.0,6.0,3.0,1.0,3.0,2.0,4.0,1.0,6.0,0.24580285,0.3382821,0.09247926,0.24580285,0.22997649,-0.01582636,0.24580285,0.24580285,0.0,0.24580285,0.24580285,0.0,0.24580285,0.24738702,0.0015841722,0.24580285,0.24668935,0.0008864999,0.24580285,0.2650929,0.01929006,0.24580285,0.24580285,0.0,0.24580285,0.24580285,0.0,0.24580285,0.4397735,0.19397065,0.24580285,0.2015222,-0.04428065,0.24580285,0.20849293,-0.037309915,0.24580285,0.20155594,-0.044246912,15
0,0,3,0,2,2,1,6,1,7,2.0,4.0,1.0,1.0,3.0,10.0,3.0,1.0,10.0,3.0,3.0,4.0,7.0,0.14073078,0.10030764,-0.04042314,0.14073078,0.10742703,-0.033303753,0.14073078,0.14073078,0.0,0.14073078,0.14073078,0.0,,,,,,,0.14073078,0.235777,0.09504622,0.14073078,0.14073078,0.0,0.14073078,0.14073078,0.0,0.14073078,0.5306164,0.3898856,,,,0.14073078,0.1360937,-0.0046370775,0.14073078,0.1780185,0.037287712,21
3,1,0,0,0,1,3,0,0,5,2.0,4.0,2.0,2.0,2.0,2.0,4.0,3.0,8.0,4.0,4.0,4.0,7.0,0.9720696,0.99456894,0.022499323,0.9720696,0.9780407,0.005971074,0.9720696,0.9720696,0.0,0.9720696,0.9720696,0.0,0.9720696,0.965371,-0.0066986084,0.9720696,0.9889625,0.01689285,0.9720696,0.9804968,0.008427203,0.9720696,0.9720696,0.0,0.9720696,0.9720696,0.0,0.9720696,0.72445786,-0.24761176,0.9720696,0.951742,-0.020327628,0.9720696,0.97057647,-0.001493156,0.9720696,0.9170561,-0.055013537,12
0,1,4,0,0,3,5,6,0,1,2.0,3.0,2.0,2.0,2.0,8.0,3.0,3.0,7.0,3.0,4.0,2.0,6.0,0.9924044,0.997866,0.0054615736,0.9924044,0.9934216,0.0010172129,0.9924044,0.9924044,0.0,0.9924044,0.9924044,0.0,0.9924044,0.98514104,-0.0072633624,0.9924044,0.99442333,0.0020189285,0.9924044,0.99431676,0.0019123554,0.9924044,0.9924044,0.0,0.9924044,0.9924044,0.0,0.9924044,0.9823137,-0.010090709,0.9924044,0.9900755,-0.0023288727,0.9924044,0.99481565,0.0024112463,0.9924044,0.98880637,-0.0035980344,8
6,0,0,0,0,4,7,3,0,3,3.0,4.0,3.0,3.0,3.0,2.0,4.0,3.0,6.0,4.0,4.0,4.0,7.0,0.6641569,0.9673867,0.3032298,0.6641569,0.43479353,-0.22936338,0.6641569,0.6641569,0.0,0.6641569,0.6641569,0.0,0.6641569,0.8096028,0.14544588,0.6641569,0.6779966,0.013839662,0.6641569,0.4991933,-0.1649636,0.6641569,0.6641569,0.0,0.6641569,0.6641569,0.0,0.6641569,0.6468261,-0.017330825,0.6641569,0.89631474,0.23215783,0.6641569,0.71746045,0.05330354,0.6641569,0.4016499,-0.26250702,19
4,0,0,0,0,0,8,3,0,3,3.0,4.0,1.0,1.0,2.0,0.0,4.0,4.0,9.0,5.0,4.0,5.0,7.0,0.6841086,0.8110779,0.12696928,0.6841086,0.52503335,-0.15907526,,,,0.6841086,0.6841086,0.0,,,,,,,0.6841086,0.8985819,0.2144733,0.6841086,0.6841086,0.0,,,,,,,0.6841086,0.70234966,0.018241048,,,,0.6841086,0.8682406,0.18413198,7
4,0,0,0,0,0,8,0,0,3,1.0,4.0,1.0,1.0,1.0,0.0,4.0,4.0,8.0,4.0,4.0,2.0,8.0,,,,0.95005894,0.9766657,0.026606739,0.95005894,0.95005894,0.0,0.95005894,0.95005894,0.0,,,,,,,,,,0.95005894,0.95005894,0.0,,,,,,,0.95005894,0.9764994,0.026440442,0.95005894,0.9699266,0.019867659,0.95005894,0.9554677,0.005408764,23
3,0,3,0,0,2,1,2,0,0,5.0,4.0,3.0,4.0,3.0,8.0,3.0,3.0,4.0,1.0,1.0,3.0,3.0,0.24605773,0.24605773,0.0,0.24605773,0.15155101,-0.094506726,0.24605773,0.24605773,0.0,0.24605773,0.24605773,0.0,0.24605773,0.16696766,-0.07909007,0.24605773,0.265782,0.019724265,0.24605773,0.32080257,0.074744835,0.24605773,0.24605773,0.0,0.24605773,0.24605773,0.0,0.24605773,0.13967352,-0.10638422,0.24605773,0.10294166,-0.14311607,0.24605773,0.27757415,0.031516418,0.24605773,0.12162499,-0.12443274,13
2,0,0,0,0,0,6,0,1,4,1.0,5.0,2.0,2.0,2.0,6.0,4.0,3.0,7.0,4.0,4.0,3.0,7.0,,,,,,,0.91374815,0.91374815,0.0,0.91374815,0.91374815,0.0,0.91374815,0.9024171,-0.011331022,0.91374815,0.95876086,0.045012712,0.91374815,0.96087325,0.0471251,0.91374815,0.91374815,0.0,0.91374815,0.91374815,0.0,0.91374815,0.98394656,0.07019842,0.91374815,0.84381974,-0.06992841,0.91374815,0.9331879,0.019439757,0.91374815,0.9472654,0.03351724,2
1,1,4,0,0,0,8,0,0,0,1.0,4.0,2.0,4.0,2.0,6.0,4.0,3.0,8.0,4.0,4.0,5.0,9.0,,,,0.961798,0.92168784,-0.04011017,0.961798,0.961798,0.0,0.961798,0.961798,0.0,0.961798,0.96089196,-0.0009060502,0.961798,0.9507667,-0.01103133,0.961798,0.9839864,0.022188365,0.961798,0.961798,0.0,0.961798,0.961798,0.0,0.961798,0.9796411,0.017843068,0.961798,0.973988,0.012189984,,,,0.961798,0.8690318,-0.092766225,20
6,1,0,0,3,4,2,3,0,0,2.0,3.0,3.0,3.0,3.0,3.0,4.0,3.0,8.0,3.0,4.0,4.0,6.0,0.07400313,0.34368977,0.26968664,0.07400313,0.1026981,0.028694972,0.07400313,0.07400313,0.0,0.07400313,0.07400313,0.0,0.07400313,0.07091339,-0.0030897409,0.07400313,0.1327017,0.058698565,0.07400313,0.11741794,0.04341481,0.07400313,0.07400313,0.0,0.07400313,0.07400313,0.0,0.07400313,0.07763114,0.003628008,0.07400313,0.11041607,0.03641294,0.07400313,0.09127783,0.0172747,0.07400313,0.06669154,-0.00731159,24
3,0,0,0,0,0,5,0,1,4,2.0,5.0,1.0,1.0,1.0,2.0,5.0,4.0,8.0,4.0,4.0,4.0,9.0,0.9977087,0.99846256,0.00075387955,,,,0.9977087,0.9977087,0.0,0.9977087,0.9977087,0.0,,,,,,,,,,,,,,,,0.9977087,0.9932469,-0.0044617653,0.9977087,0.991698,-0.0060106516,0.9977087,0.99587375,-0.001834929,0.9977087,0.9978295,0.000120818615,2
6,1,1,0,0,4,6,3,0,3,3.0,4.0,3.0,2.0,2.0,1.0,3.0,3.0,7.0,3.0,4.0,5.0,10.0,0.89663935,0.95668954,0.06005019,0.89663935,0.9099043,0.013264954,0.89663935,0.89663935,0.0,0.89663935,0.89663935,0.0,0.89663935,0.9477229,0.051083565,0.89663935,0.87348306,-0.023156285,0.89663935,0.91628116,0.019641817,0.89663935,0.89663935,0.0,0.89663935,0.89663935,0.0,0.89663935,0.8264268,-0.07021254,0.89663935,0.96245414,0.06581479,,,,,,,19
1,0,0,0,0,0,6,0,0,1,2.0,1.0,4.0,3.0,3.0,10.0,4.0,3.0,5.0,3.0,3.0,1.0,2.0,0.7873804,0.9136358,0.1262554,0.7873804,0.6914195,-0.095960915,0.7873804,0.7873804,0.0,0.7873804,0.7873804,0.0,0.7873804,0.7664075,-0.020972908,0.7873804,0.82998526,0.042604864,0.7873804,0.74474293,-0.042637467,0.7873804,0.7873804,0.0,0.7873804,0.7873804,0.0,0.7873804,0.81159306,0.024212658,0.7873804,0.8878205,0.100440085,0.7873804,0.8351231,0.047742724,0.7873804,0.9409948,0.1536144,11
1,1,0,0,0,0,2,0,0,1,1.0,4.0,1.0,2.0,2.0,4.0,4.0,3.0,6.0,4.0,3.0,3.0,7.0,,,,0.9887636,0.9940468,0.0052832365,0.9887636,0.9887636,0.0,0.9887636,0.9887636,0.0,,,,0.9887636,0.9955474,0.006783843,0.9887636,0.9926277,0.0038641095,0.9887636,0.9887636,0.0,0.9887636,0.9887636,0.0,0.9887636,0.9930379,0.0042743087,0.9887636,0.99586225,0.007098675,0.9887636,0.98525745,-0.003506124,0.9887636,0.992527,0.0037634373,11
1,1,0,0,0,0,3,1,0,1,2.0,4.0,4.0,2.0,4.0,3.0,2.0,3.0,7.0,4.0,4.0,4.0,7.0,0.91856086,0.9796657,0.061104834,0.91856086,0.9389467,0.020385861,0.91856086,0.91856086,0.0,0.91856086,0.91856086,0.0,0.91856086,0.97148156,0.0529207,0.91856086,0.96236175,0.04380089,0.91856086,0.91856086,0.0,0.91856086,0.91856086,0.0,0.91856086,0.91856086,0.0,0.91856086,0.80591965,-0.112641215,0.91856086,0.94546556,0.026904702,0.91856086,0.8659248,-0.052636087,0.91856086,0.82750505,-0.09105581,11
1,0,3,0,0,1,7,0,1,4,1.0,4.0,3.0,2.0,2.0,7.0,2.0,1.0,5.0,4.0,4.0,2.0,7.0,,,,0.54562443,0.54838157,0.002757132,0.54562443,0.54562443,0.0,0.54562443,0.54562443,0.0,0.54562443,0.80025625,0.25463182,0.54562443,0.5732965,0.027672052,0.54562443,0.7489456,0.20332116,0.54562443,0.54562443,0.0,0.54562443,0.54562443,0.0,0.54562443,0.68936634,0.1437419,0.54562443,0.6247127,0.07908827,0.54562443,0.46546024,-0.080164194,0.54562443,0.6827646,0.13714015,0
0,1,0,0,5,2,0,5,1,7,3.0,3.0,3.0,3.0,3.0,7.0,3.0,3.0,4.0,3.0,3.0,2.0,7.0,0.0700585,0.11939779,0.049339287,0.0700585,0.10273467,0.032676168,0.0700585,0.0700585,0.0,0.0700585,0.0700585,0.0,0.0700585,0.3118862,0.2418277,0.0700585,0.36453703,0.29447854,0.0700585,0.09199545,0.021936946,0.0700585,0.0700585,0.0,0.0700585,0.0700585,0.0,0.0700585,0.027721165,-0.042337336,0.0700585,0.097647,0.027588494,0.0700585,0.08489482,0.014836319,0.0700585,0.06380887,-0.006249629,14
3,0,2,0,0,0,5,0,0,0,2.0,4.0,2.0,2.0,2.0,8.0,3.0,3.0,6.0,4.0,4.0,2.0,6.0,0.7264731,0.84712195,0.12064886,0.7264731,0.86064863,0.13417554,0.7264731,0.7264731,0.0,0.7264731,0.7264731,0.0,0.7264731,0.7066008,-0.019872308,0.7264731,0.7488663,0.022393227,0.7264731,0.8478523,0.1213792,0.7264731,0.7264731,0.0,0.7264731,0.7264731,0.0,0.7264731,0.5690974,-0.1573757,0.7264731,0.70157415,-0.024898946,0.7264731,0.89360064,0.16712755,0.7264731,0.7742185,0.047745407,20
5,0,0,0,0,1,9,1,0,3,2.0,4.0,2.0,3.0,2.0,0.0,2.0,3.0,9.0,4.0,4.0,4.0,7.0,0.8320907,0.9691784,0.1370877,0.8320907,0.8927602,0.06066954,0.8320907,0.8320907,0.0,0.8320907,0.8320907,0.0,0.8320907,0.7939522,-0.03813845,0.8320907,0.6436784,-0.18841225,0.8320907,0.9412567,0.109166026,0.8320907,0.8320907,0.0,0.8320907,0.8320907,0.0,,,,0.8320907,0.8529322,0.020841539,0.8320907,0.8415363,0.009445608,0.8320907,0.46883082,-0.36325985,7
5,0,0,0,2,1,3,3,0,3,1.0,4.0,2.0,2.0,2.0,0.0,4.0,3.0,8.0,4.0,4.0,4.0,7.0,,,,0.96760577,0.9767427,0.009136915,0.96760577,0.96760577,0.0,0.96760577,0.96760577,0.0,0.96760577,0.96760577,0.0,0.96760577,0.9637446,-0.003861189,0.96760577,0.98469514,0.017089367,0.96760577,0.96760577,0.0,0.96760577,0.96760577,0.0,,,,0.96760577,0.98105353,0.013447762,0.96760577,0.9359693,-0.031636477,0.96760577,0.97397286,0.0063670874,22
2,0,1,0,0,0,1,0,1,4,1.0,5.0,1.0,1.0,1.0,7.0,3.0,4.0,8.0,4.0,5.0,5.0,10.0,,,,,,,0.90247285,0.90247285,0.0,,,,,,,,,,,,,0.90247285,0.90247285,0.0,,,,0.90247285,0.9715788,0.06910592,0.90247285,0.7065372,-0.19593567,,,,,,,2
3,0,2,0,0,0,5,0,1,4,2.0,4.0,2.0,2.0,2.0,3.0,3.0,3.0,7.0,5.0,5.0,2.0,8.0,0.98216885,0.99146175,0.009292901,0.98216885,0.9865898,0.004420936,,,,,,,0.98216885,0.9779959,-0.004172981,0.98216885,0.98099136,-0.0011774898,0.98216885,0.9878606,0.0056917667,0.98216885,0.98216885,0.0,0.98216885,0.98216885,0.0,0.98216885,0.928068,-0.05410087,0.98216885,0.96931285,-0.012856007,0.98216885,0.9773446,-0.0048242807,0.98216885,0.9769195,-0.005249381,2
3,0,0,0,2,1,4,2,0,3,3.0,3.0,3.0,3.0,2.0,5.0,3.0,3.0,5.0,2.0,2.0,2.0,5.0,0.14476728,0.7669046,0.6221373,0.14476728,0.36360404,0.21883675,0.14476728,0.14476728,0.0,0.14476728,0.14476728,0.0,0.14476728,0.24046671,0.09569943,0.14476728,0.29059744,0.14583015,0.14476728,0.19373348,0.0489662,0.14476728,0.14476728,0.0,0.14476728,0.14476728,0.0,0.14476728,0.24701582,0.102248535,0.14476728,0.20738183,0.062614545,0.14476728,0.108753994,-0.03601329,0.14476728,0.2082321,0.06346482,4
2,0,0,0,0,2,6,0,0,3,1.0,4.0,4.0,3.0,4.0,0.0,2.0,2.0,8.0,4.0,4.0,4.0,8.0,,,,0.95554715,0.9007472,-0.054799974,0.95554715,0.95554715,0.0,0.95554715,0.95554715,0.0,0.95554715,0.9484256,-0.007121563,0.95554715,0.9672994,0.011752248,0.95554715,0.95554715,0.0,0.95554715,0.95554715,0.0,0.95554715,0.95554715,0.0,,,,0.95554715,0.9879298,0.032382667,0.95554715,0.97308254,0.017535388,0.95554715,0.89096344,-0.06458372,9
3,0,1,0,0,0,9,0,0,5,1.0,5.0,1.0,1.0,1.0,0.0,4.0,4.0,10.0,5.0,5.0,5.0,8.0,,,,,,,,,,,,,,,,,,,,,,0.99538773,0.99538773,0.0,,,,,,,,,,,,,0.99538773,0.9947482,-0.00063955784,23
4,0,0,0,3,2,8,0,0,3,2.0,5.0,2.0,4.0,2.0,0.0,3.0,3.0,9.0,4.0,4.0,5.0,9.0,0.23247999,0.7250988,0.4926188,,,,0.23247999,0.23247999,0.0,0.23247999,0.23247999,0.0,0.23247999,0.2567244,0.024244398,0.23247999,0.38805988,0.1555799,0.23247999,0.40559193,0.17311195,0.23247999,0.23247999,0.0,0.23247999,0.23247999,0.0,,,,0.23247999,0.32546538,0.09298539,,,,0.23247999,0.467474,0.23499402,4
3,1,0,0,0,1,7,4,1,2,2.0,4.0,2.0,2.0,2.0,6.0,4.0,3.0,8.0,4.0,3.0,4.0,10.0,0.79309356,0.9336631,0.14056951,0.79309356,0.8165478,0.023454249,0.79309356,0.79309356,0.0,0.79309356,0.79309356,0.0,0.79309356,0.7207365,-0.07235706,0.79309356,0.91551244,0.12241888,0.79309356,0.86691064,0.073817074,0.79309356,0.79309356,0.0,0.79309356,0.79309356,0.0,0.79309356,0.43525398,-0.35783958,0.79309356,0.69512075,-0.09797281,0.79309356,0.78021115,-0.0128824115,,,,3
1,0,1,0,0,0,2,0,0,3,1.0,5.0,2.0,2.0,1.0,0.0,3.0,3.0,10.0,5.0,5.0,5.0,10.0,,,,,,,,,,,,,0.9912935,0.9920665,0.00077301264,0.9912935,0.9918281,0.00053459406,,,,0.9912935,0.9912935,0.0,0.9912935,0.9912935,0.0,,,,,,,,,,,,,10
1,1,6,0,0,2,1,4,2,4,2.0,4.0,2.0,4.0,3.0,4.0,2.0,3.0,6.0,2.0,2.0,2.0,5.0,0.8108751,0.9617901,0.15091497,0.8108751,0.8609111,0.050035954,0.8108751,0.8108751,0.0,0.8108751,0.8108751,0.0,0.8108751,0.7560417,-0.054833412,0.8108751,0.79123586,-0.019639254,0.8108751,0.8125768,0.001701653,0.8108751,0.8108751,0.0,0.8108751,0.8108751,0.0,0.8108751,0.45471093,-0.3561642,0.8108751,0.8584472,0.047572076,0.8108751,0.82039416,0.009519041,0.8108751,0.7756425,-0.035232604,16
2,1,0,0,0,0,5,0,0,3,3.0,3.0,3.0,2.0,2.0,8.0,4.0,3.0,3.0,3.0,3.0,1.0,3.0,0.14001393,0.5282498,0.38823587,0.14001393,0.08750479,-0.052509144,0.14001393,0.14001393,0.0,0.14001393,0.14001393,0.0,0.14001393,0.16085716,0.020843223,0.14001393,0.28580832,0.14579439,0.14001393,0.11302984,-0.026984096,0.14001393,0.14001393,0.0,0.14001393,0.14001393,0.0,0.14001393,0.1916207,0.05160676,0.14001393,0.12238059,-0.017633341,0.14001393,0.25877863,0.1187647,0.14001393,0.23044609,0.09043215,17
3,1,1,0,0,2,8,2,1,4,1.0,1.0,1.0,1.0,1.0,8.0,2.0,4.0,9.0,4.0,4.0,4.0,6.0,,,,0.6775406,0.6609359,-0.016604722,0.6775406,0.6775406,0.0,0.6775406,0.6775406,0.0,,,,,,,,,,0.6775406,0.6775406,0.0,,,,0.6775406,0.5484264,-0.12911421,0.6775406,0.7081657,0.030625105,0.6775406,0.8151707,0.1376301,0.6775406,0.8534184,0.17587781,16
3,1,0,0,0,0,4,0,1,2,1.0,5.0,1.0,2.0,3.0,5.0,3.0,3.0,5.0,4.0,5.0,2.0,7.0,,,,,,,0.9039598,0.9039598,0.0,,,,,,,0.9039598,0.9344522,0.030492365,0.9039598,0.93659055,0.03263074,0.9039598,0.9039598,0.0,0.9039598,0.9039598,0.0,0.9039598,0.8862428,-0.017717004,0.9039598,0.93628126,0.032321453,0.9039598,0.8815327,-0.022427082,0.9039598,0.877031,-0.026928782,1
4,0,0,0,0,0,8,3,0,5,2.0,5.0,3.0,3.0,2.0,3.0,4.0,3.0,5.0,3.0,3.0,4.0,6.0,0.97817665,0.9913795,0.013202846,,,,0.97817665,0.97817665,0.0,0.97817665,0.97817665,0.0,0.97817665,0.97886354,0.0006868839,0.97817665,0.9887822,0.010605574,0.97817665,0.98721087,0.009034216,0.97817665,0.97817665,0.0,0.97817665,0.97817665,0.0,0.97817665,0.9715047,-0.006671965,0.97817665,0.9851518,0.006975174,0.97817665,0.97248346,-0.0056931973,0.97817665,0.96900463,-0.009172022,7
2,0,4,0,0,0,5,0,0,3,2.0,2.0,2.0,2.0,2.0,3.0,4.0,3.0,6.0,4.0,4.0,3.0,5.0,0.73012054,0.8996718,0.16955125,0.73012054,0.864846,0.13472545,0.73012054,0.73012054,0.0,0.73012054,0.73012054,0.0,0.73012054,0.7707554,0.04063487,0.73012054,0.8744071,0.14428657,0.73012054,0.7288033,-0.0013172626,0.73012054,0.73012054,0.0,0.73012054,0.73012054,0.0,0.73012054,0.60089666,-0.12922388,0.73012054,0.80715245,0.07703191,0.73012054,0.80092394,0.070803404,0.73012054,0.8810758,0.15095526,17
0,0,1,0,0,0,6,0,0,1,2.0,5.0,2.0,2.0,3.0,0.0,3.0,3.0,8.0,3.0,4.0,5.0,6.0,0.9432555,0.992599,0.049343526,,,,0.9432555,0.9432555,0.0,0.9432555,0.9432555,0.0,0.9432555,0.9308587,-0.012396812,0.9432555,0.9621062,0.018850744,0.9432555,0.8885229,-0.05473256,0.9432555,0.9432555,0.0,0.9432555,0.9432555,0.0,,,,0.9432555,0.97198457,0.028729081,,,,0.9432555,0.96822315,0.02496767,11
5,1,0,0,0,0,3,7,0,0,2.0,3.0,2.0,2.0,2.0,6.0,4.0,3.0,6.0,4.0,4.0,3.0,8.0,0.94116783,0.9687817,0.027613878,0.94116783,0.97884685,0.037679017,0.94116783,0.94116783,0.0,0.94116783,0.94116783,0.0,0.94116783,0.93317544,-0.007992387,0.94116783,0.94007933,-0.0010885,0.94116783,0.95354867,0.012380838,0.94116783,0.94116783,0.0,0.94116783,0.94116783,0.0,0.94116783,0.9461905,0.005022645,0.94116783,0.94728494,0.0061171055,0.94116783,0.9106298,-0.030538023,0.94116783,0.95830566,0.017137825,5
1,1,6,0,0,0,1,0,0,7,2.0,5.0,3.0,3.0,4.0,0.0,2.0,3.0,8.0,5.0,4.0,3.0,7.0,0.67933226,0.91056544,0.23123318,,,,,,,0.67933226,0.67933226,0.0,0.67933226,0.6731528,-0.006179452,0.67933226,0.91956425,0.24023199,0.67933226,0.630185,-0.04914725,0.67933226,0.67933226,0.0,0.67933226,0.67933226,0.0,,,,0.67933226,0.88618326,0.206851,0.67933226,0.67336094,-0.0059713125,0.67933226,0.78321815,0.10388589,26
3,0,0,0,0,0,5,0,0,0,1.0,4.0,2.0,2.0,2.0,0.0,4.0,3.0,6.0,5.0,3.0,4.0,8.0,,,,0.9938983,0.9967559,0.0028576255,,,,0.9938983,0.9938983,0.0,0.9938983,0.9941176,0.0002193451,0.9938983,0.99670273,0.0028044581,0.9938983,0.9942609,0.00036263466,0.9938983,0.9938983,0.0,0.9938983,0.9938983,0.0,,,,0.9938983,0.9813829,-0.012515366,0.9938983,0.99312454,-0.0007737279,0.9938983,0.989188,-0.004710257,15
5,0,0,0,0,0,9,3,0,3,1.0,3.0,1.0,1.0,1.0,2.0,4.0,3.0,8.0,4.0,4.0,4.0,9.0,,,,0.98894906,0.99176484,0.002815783,0.98894906,0.98894906,0.0,0.98894906,0.98894906,0.0,,,,,,,,,,0.98894906,0.98894906,0.0,0.98894906,0.98894906,0.0,0.98894906,0.9566283,-0.032320738,0.98894906,0.9922202,0.0032711625,0.98894906,0.9920922,0.0031431317,0.98894906,0.99639964,0.0074505806,7
5,1,1,0,0,0,8,3,0,3,2.0,4.0,3.0,3.0,3.0,8.0,4.0,3.0,5.0,2.0,4.0,1.0,7.0,0.3539794,0.87435377,0.52037436,0.3539794,0.22443019,-0.12954922,0.3539794,0.3539794,0.0,0.3539794,0.3539794,0.0,0.3539794,0.6401043,0.28612489,0.3539794,0.33200103,-0.021978378,0.3539794,0.20384139,-0.15013802,0.3539794,0.3539794,0.0,0.3539794,0.3539794,0.0,0.3539794,0.28529814,-0.06868127,0.3539794,0.41481707,0.060837656,0.3539794,0.49383098,0.13985157,0.3539794,0.20940381,-0.1445756,7
3,1,0,0,2,2,6,1,0,5,3.0,1.0,5.0,5.0,5.0,1.0,3.0,3.0,3.0,2.0,2.0,2.0,3.0,0.8091693,0.9044375,0.09526819,0.8091693,0.6111841,-0.19798517,0.8091693,0.8091693,0.0,0.8091693,0.8091693,0.0,0.8091693,0.7844563,-0.02471298,0.8091693,0.7453356,-0.06383371,0.8091693,0.779257,-0.029912293,0.8091693,0.8091693,0.0,0.8091693,0.8091693,0.0,0.8091693,0.77665967,-0.032509625,0.8091693,0.869894,0.060724735,0.8091693,0.8348298,0.025660515,0.8091693,0.695981,-0.11318827,4
2,0,0,0,4,0,3,0,0,3,1.0,5.0,2.0,2.0,2.0,1.0,4.0,4.0,8.0,4.0,4.0,5.0,9.0,,,,,,,0.912141,0.912141,0.0,0.912141,0.912141,0.0,0.912141,0.93684536,0.024704337,0.912141,0.942673,0.030532002,0.912141,0.9686789,0.056537867,0.912141,0.912141,0.0,,,,0.912141,0.9339163,0.021775246,0.912141,0.9085458,-0.003595233,,,,0.912141,0.9155435,0.0034024715,20
5,0,0,0,0,0,5,3,0,3,1.0,4.0,2.0,3.0,2.0,1.0,4.0,3.0,8.0,5.0,5.0,5.0,8.0,,,,0.9578294,0.8183587,-0.1394707,,,,,,,0.9578294,0.9578294,0.0,0.9578294,0.94487745,-0.01295197,0.9578294,0.9711448,0.01331538,0.9578294,0.9578294,0.0,0.9578294,0.9578294,0.0,0.9578294,0.963687,0.005857587,0.9578294,0.9581385,0.0003091097,,,,0.9578294,0.9731375,0.015308082,7
5,1,4,0,0,0,7,3,0,8,1.0,1.0,1.0,1.0,1.0,0.0,5.0,4.0,10.0,5.0,5.0,4.0,10.0,,,,0.98046255,0.9850524,0.0045898557,,,,,,,,,,,,,,,,,,,,,,,,,,,,0.98046255,0.9812701,0.0008075237,,,,7
0,1,0,0,0,1,6,0,0,8,1.0,2.0,2.0,3.0,2.0,8.0,4.0,3.0,8.0,4.0,3.0,2.0,9.0,,,,0.98630154,0.99135417,0.005052626,0.98630154,0.98630154,0.0,0.98630154,0.98630154,0.0,0.98630154,0.9868863,0.00058478117,0.98630154,0.99375844,0.0074568987,0.98630154,0.9905667,0.0042651296,0.98630154,0.98630154,0.0,0.98630154,0.98630154,0.0,0.98630154,0.95357674,-0.032724798,0.98630154,0.98001903,-0.0062825084,0.98630154,0.9838455,-0.002456069,0.98630154,0.9872335,0.0009319782,26
1,0,2,0,0,0,5,0,0,1,2.0,5.0,2.0,2.0,2.0,2.0,4.0,3.0,9.0,5.0,4.0,4.0,7.0,0.9978364,0.99876106,0.00092464685,,,,,,,0.9978364,0.9978364,0.0,0.9978364,0.9978988,6.240606e-05,0.9978364,0.99841,0.0005735755,0.9978364,0.998896,0.0010595918,0.9978364,0.9978364,0.0,0.9978364,0.9978364,0.0,0.9978364,0.9981171,0.00028067827,0.9978364,0.9968875,-0.00094890594,0.9978364,0.9975948,-0.00024163723,0.9978364,0.9957749,-0.0020614862,11
4,1,3,0,0,0,7,2,0,0,2.0,4.0,2.0,3.0,3.0,7.0,3.0,3.0,4.0,3.0,3.0,3.0,5.0,0.6564851,0.7827532,0.12626815,0.6564851,0.62915635,-0.02732873,0.6564851,0.6564851,0.0,0.6564851,0.6564851,0.0,0.6564851,0.5961329,-0.060352206,0.6564851,0.79811144,0.14162636,0.6564851,0.52806026,-0.12842482,0.6564851,0.6564851,0.0,0.6564851,0.6564851,0.0,0.6564851,0.73574084,0.07925576,0.6564851,0.58271897,-0.07376611,0.6564851,0.4851395,-0.17134559,0.6564851,0.6886093,0.03212422,6
3,1,0,0,0,0,9,0,2,4,2.0,2.0,2.0,2.0,2.0,0.0,4.0,3.0,8.0,4.0,4.0,2.0,8.0,0.04809628,0.52700853,0.47891226,0.04809628,0.58491373,0.53681743,0.04809628,0.04809628,0.0,0.04809628,0.04809628,0.0,0.04809628,0.053683154,0.0055868737,0.04809628,0.11814115,0.070044875,0.04809628,0.16778764,0.11969136,0.04809628,0.04809628,0.0,0.04809628,0.04809628,0.0,,,,0.04809628,0.3743542,0.32625794,0.04809628,0.053266987,0.0051707067,0.04809628,0.10795311,0.05985683,2
4,0,2,0,0,0,4,0,2,4,1.0,4.0,2.0,2.0,2.0,1.0,3.0,4.0,8.0,4.0,5.0,4.0,10.0,,,,0.9117203,0.9445935,0.032873213,0.9117203,0.9117203,0.0,,,,0.9117203,0.93314916,0.021428883,0.9117203,0.91919774,0.0074774623,0.9117203,0.9732122,0.061491907,0.9117203,0.9117203,0.0,,,,0.9117203,0.9136018,0.0018815398,0.9117203,0.73881525,-0.17290503,0.9117203,0.8643034,-0.047416866,,,,2
6,0,0,0,5,4,7,3,0,3,3.0,3.0,2.0,2.0,2.0,8.0,4.0,3.0,9.0,4.0,4.0,5.0,9.0,0.92826766,0.9763892,0.04812157,0.92826766,0.9727945,0.044526815,0.92826766,0.92826766,0.0,0.92826766,0.92826766,0.0,0.92826766,0.92826766,0.0,0.92826766,0.91668284,-0.011584818,0.92826766,0.9441408,0.015873134,0.92826766,0.92826766,0.0,0.92826766,0.92826766,0.0,0.92826766,0.21883042,-0.70943725,0.92826766,0.93340296,0.005135298,,,,0.92826766,0.9704103,0.04214263,19
2,1,0,0,0,0,3,0,3,4,1.0,4.0,1.0,1.0,1.0,1.0,2.0,3.0,8.0,4.0,4.0,3.0,7.0,,,,0.9864184,0.99166054,0.0052421093,0.9864184,0.9864184,0.0,0.9864184,0.9864184,0.0,,,,,,,,,,0.9864184,0.9864184,0.0,0.9864184,0.9864184,0.0,0.9864184,0.98300016,-0.0034182668,0.9864184,0.8494742,-0.13694423,0.9864184,0.9469791,-0.03943932,0.9864184,0.9970475,0.010629058,3
1,1,2,0,0,0,1,0,0,3,1.0,5.0,3.0,2.0,2.0,4.0,2.0,3.0,7.0,3.0,4.0,2.0,5.0,,,,,,,0.9895148,0.9895148,0.0,0.9895148,0.9895148,0.0,0.9895148,0.98048204,-0.009032786,0.9895148,0.99112684,0.0016120076,0.9895148,0.9851584,-0.004356444,0.9895148,0.9895148,0.0,0.9895148,0.9895148,0.0,0.9895148,0.98019904,-0.009315789,0.9895148,0.976747,-0.012767851,0.9895148,0.98324466,-0.00627017,0.9895148,0.98050493,-0.009009898,10
3,1,0,0,0,0,7,0,0,8,2.0,5.0,2.0,2.0,3.0,1.0,4.0,3.0,8.0,3.0,3.0,4.0,8.0,0.9649618,0.9871841,0.02222228,,,,0.9649618,0.9649618,0.0,0.9649618,0.9649618,0.0,0.9649618,0.9636563,-0.0013055205,0.9649618,0.9848643,0.019902468,0.9649618,0.96752775,0.0025659204,0.9649618,0.9649618,0.0,0.9649618,0.9649618,0.0,0.9649618,0.97446615,0.009504318,0.9649618,0.9746653,0.009703457,0.9649618,0.9612411,-0.0037207007,0.9649618,0.95184183,-0.013119996,12
5,0,0,0,1,0,3,3,0,5,2.0,3.0,3.0,3.0,3.0,0.0,3.0,3.0,10.0,4.0,4.0,5.0,10.0,0.92099583,0.97436756,0.053371727,0.92099583,0.93639976,0.015403926,0.92099583,0.92099583,0.0,0.92099583,0.92099583,0.0,0.92099583,0.9268336,0.005837798,0.92099583,0.9177573,-0.0032385588,0.92099583,0.8733101,-0.047685742,0.92099583,0.92099583,0.0,0.92099583,0.92099583,0.0,,,,,,,,,,,,,7
0,1,3,0,1,3,1,6,2,7,3.0,5.0,2.0,3.0,3.0,8.0,3.0,3.0,8.0,4.0,2.0,3.0,5.0,0.5168427,0.6484724,0.1316297,,,,0.5168427,0.5168427,0.0,0.5168427,0.5168427,0.0,0.5168427,0.3780349,-0.13880783,0.5168427,0.40195185,-0.11489087,0.5168427,0.3329457,-0.18389702,0.5168427,0.5168427,0.0,0.5168427,0.5168427,0.0,0.5168427,0.8543847,0.337542,0.5168427,0.5394812,0.0226385,0.5168427,0.5019158,-0.01492691,0.5168427,0.24053362,-0.2763091,21
1,1,0,0,0,0,2,0,3,4,2.0,4.0,3.0,3.0,3.0,1.0,1.0,1.0,4.0,3.0,3.0,1.0,3.0,0.34844387,0.29821637,-0.050227493,0.34844387,0.5665926,0.21814871,0.34844387,0.34844387,0.0,0.34844387,0.34844387,0.0,0.34844387,0.23885009,-0.10959378,0.34844387,0.39399615,0.045552284,0.34844387,0.33422092,-0.01422295,0.34844387,0.34844387,0.0,0.34844387,0.34844387,0.0,0.34844387,0.25417945,-0.09426442,0.34844387,0.28653854,-0.061905324,0.34844387,0.40124238,0.05279851,0.34844387,0.4108642,0.06242034,3
5,1,0,0,5,0,3,5,0,0,4.0,4.0,2.0,2.0,3.0,4.0,2.0,2.0,6.0,3.0,3.0,1.0,5.0,0.84200644,0.90205544,0.060048997,0.84200644,0.94620365,0.104197204,0.84200644,0.84200644,0.0,0.84200644,0.84200644,0.0,0.84200644,0.8264092,-0.015597224,0.84200644,0.9133917,0.071385264,0.84200644,0.85057783,0.008571386,0.84200644,0.84200644,0.0,0.84200644,0.84200644,0.0,0.84200644,0.70892,-0.13308644,0.84200644,0.8013024,-0.04070407,0.84200644,0.8609073,0.018900871,0.84200644,0.911053,0.06904656,14
2,0,2,0,0,0,3,0,1,8,1.0,4.0,3.0,3.0,3.0,4.0,1.0,2.0,8.0,4.0,4.0,3.0,5.0,,,,0.9456559,0.90170467,-0.043951213,0.9456559,0.9456559,0.0,0.9456559,0.9456559,0.0,0.9456559,0.9228806,-0.022775292,0.9456559,0.9482069,0.0025510192,0.9456559,0.9399465,-0.0057094097,0.9456559,0.9456559,0.0,0.9456559,0.9456559,0.0,0.9456559,0.96504176,0.019385874,0.9456559,0.94351786,-0.0021380186,0.9456559,0.9375139,-0.0081419945,0.9456559,0.96097606,0.015320182,2
3,1,2,0,0,1,5,1,2,4,1.0,2.0,1.0,3.0,2.0,3.0,3.0,3.0,7.0,4.0,3.0,3.0,7.0,,,,0.9899977,0.99333173,0.0033340454,0.9899977,0.9899977,0.0,0.9899977,0.9899977,0.0,,,,0.9899977,0.96842873,-0.021568954,0.9899977,0.9873301,-0.0026676059,0.9899977,0.9899977,0.0,0.9899977,0.9899977,0.0,0.9899977,0.9689154,-0.021082282,0.9899977,0.98598284,-0.0040148497,0.9899977,0.99281436,0.002816677,0.9899977,0.9913925,0.0013948083,3
2,1,0,0,0,0,7,7,2,4,2.0,3.0,2.0,2.0,1.0,7.0,5.0,3.0,8.0,4.0,4.0,4.0,8.0,0.9227541,0.8343735,-0.088380635,0.9227541,0.9826251,0.059871018,0.9227541,0.9227541,0.0,0.9227541,0.9227541,0.0,0.9227541,0.9124929,-0.010261238,0.9227541,0.95489454,0.032140434,,,,,,,0.9227541,0.9227541,0.0,0.9227541,0.91697186,-0.0057822466,0.9227541,0.93586415,0.013110042,0.9227541,0.889609,-0.03314513,0.9227541,0.928597,0.0058428645,3
1,1,1,0,0,0,1,0,0,3,1.0,5.0,1.0,2.0,4.0,5.0,4.0,3.0,7.0,4.0,4.0,2.0,7.0,,,,,,,0.9452241,0.9452241,0.0,0.9452241,0.9452241,0.0,,,,0.9452241,0.97623503,0.031010926,0.9452241,0.9418209,-0.0034031868,0.9452241,0.9452241,0.0,0.9452241,0.9452241,0.0,0.9452241,0.9919403,0.046716213,0.9452241,0.87966686,-0.06555724,0.9452241,0.92336524,-0.021858871,0.9452241,0.8952519,-0.049972177,20
1,1,0,0,0,0,3,0,0,1,1.0,4.0,2.0,2.0,1.0,3.0,2.0,3.0,7.0,5.0,5.0,4.0,6.0,,,,0.995545,0.9961293,0.0005842447,,,,,,,0.995545,0.9929644,-0.0025806427,0.995545,0.9982798,0.0027347803,,,,0.995545,0.995545,0.0,0.995545,0.995545,0.0,0.995545,0.9954691,-7.593632e-05,0.995545,0.99350893,-0.0020360947,0.995545,0.99597615,0.0004311204,0.995545,0.99306947,-0.0024755597,11
0,1,4,0,0,1,2,0,0,3,2.0,5.0,2.0,3.0,2.0,7.0,4.0,3.0,4.0,4.0,4.0,4.0,8.0,0.57404155,0.8478535,0.27381194,,,,0.57404155,0.57404155,0.0,0.57404155,0.57404155,0.0,0.57404155,0.43742803,-0.13661352,0.57404155,0.55505455,-0.018987,0.57404155,0.64751726,0.07347572,0.57404155,0.57404155,0.0,0.57404155,0.57404155,0.0,0.57404155,0.47769782,-0.096343726,0.57404155,0.44596872,-0.12807283,0.57404155,0.56092995,-0.013111591,0.57404155,0.33236775,-0.2416738,11
0,0,3,0,0,0,1,1,0,0,2.0,2.0,2.0,2.0,2.0,5.0,4.0,3.0,6.0,4.0,4.0,3.0,3.0,0.27201882,0.23131393,-0.04070489,0.27201882,0.18891461,-0.08310421,0.27201882,0.27201882,0.0,0.27201882,0.27201882,0.0,0.27201882,0.25889665,-0.013122171,0.27201882,0.47587508,0.20385626,0.27201882,0.26609966,-0.0059191585,0.27201882,0.27201882,0.0,0.27201882,0.27201882,0.0,0.27201882,0.31854254,0.04652372,0.27201882,0.6422316,0.37021276,0.27201882,0.41907522,0.1470564,0.27201882,0.42893824,0.15691942,9
2,1,0,0,0,0,2,1,1,4,2.0,5.0,1.0,1.0,1.0,1.0,3.0,3.0,10.0,4.0,3.0,4.0,9.0,0.41509962,0.7896804,0.3745808,,,,0.41509962,0.41509962,0.0,0.41509962,0.41509962,0.0,,,,,,,,,,0.41509962,0.41509962,0.0,0.41509962,0.41509962,0.0,0.41509962,0.4881244,0.07302478,,,,0.41509962,0.30696052,-0.1081391,0.41509962,0.41509962,0.0,3
0,1,1,0,0,2,1,0,1,7,2.0,4.0,2.0,2.0,2.0,0.0,2.0,3.0,10.0,5.0,5.0,5.0,10.0,0.9172604,0.9765137,0.059253275,0.9172604,0.88579726,-0.031463146,,,,,,,0.9172604,0.88280296,-0.034457445,0.9172604,0.93205553,0.0147951245,0.9172604,0.86254656,-0.054713845,0.9172604,0.9172604,0.0,0.9172604,0.9172604,0.0,,,,,,,,,,,,,25
4,1,0,0,0,0,3,0,1,2,2.0,5.0,2.0,2.0,2.0,5.0,5.0,4.0,7.0,4.0,4.0,4.0,8.0,0.78372216,0.9271662,0.14344406,,,,0.78372216,0.78372216,0.0,0.78372216,0.78372216,0.0,0.78372216,0.7597999,-0.023922265,0.78372216,0.9138643,0.13014215,0.78372216,0.84840304,0.064680874,,,,,,,0.78372216,0.8299087,0.046186566,0.78372216,0.7816211,-0.0021010637,0.78372216,0.80496377,0.021241605,0.78372216,0.858265,0.07454282,1
4,0,2,0,0,0,4,0,0,5,1.0,4.0,3.0,3.0,2.0,0.0,4.0,3.0,10.0,4.0,4.0,4.0,7.0,,,,0.975247,0.9747226,-0.00052440166,0.975247,0.975247,0.0,0.975247,0.975247,0.0,0.975247,0.98115724,0.0059102178,0.975247,0.971179,-0.004068017,0.975247,0.9874865,0.012239456,0.975247,0.975247,0.0,0.975247,0.975247,0.0,,,,,,,0.975247,0.9793194,0.004072368,0.975247,0.8976462,-0.07760084,23
3,0,1,0,0,0,8,0,1,4,1.0,4.0,1.0,2.0,2.0,1.0,4.0,3.0,8.0,4.0,4.0,5.0,7.0,,,,0.899032,0.9153457,0.016313732,0.899032,0.899032,0.0,0.899032,0.899032,0.0,,,,0.899032,0.92843693,0.029404938,0.899032,0.9662008,0.06716883,0.899032,0.899032,0.0,0.899032,0.899032,0.0,0.899032,0.9005913,0.0015593171,0.899032,0.91738945,0.018357456,,,,0.899032,0.9651149,0.066082895,2
4,1,0,0,4,1,1,5,0,3,3.0,3.0,3.0,3.0,4.0,7.0,2.0,2.0,6.0,3.0,3.0,3.0,5.0,0.31808418,0.85888416,0.5408,0.31808418,0.59810734,0.28002316,0.31808418,0.31808418,0.0,0.31808418,0.31808418,0.0,0.31808418,0.497292,0.17920783,0.31808418,0.36947575,0.05139157,0.31808418,0.31808418,0.0,0.31808418,0.31808418,0.0,0.31808418,0.31808418,0.0,0.31808418,0.25894275,-0.059141427,0.31808418,0.3369529,0.018868715,0.31808418,0.221058,-0.097026184,0.31808418,0.5111352,0.19305104,14
1,0,0,0,0,0,4,0,0,3,3.0,4.0,4.0,2.0,2.0,0.0,3.0,3.0,7.0,4.0,4.0,5.0,7.0,0.27101484,0.6517501,0.38073525,0.27101484,0.3062652,0.035250366,0.27101484,0.27101484,0.0,0.27101484,0.27101484,0.0,0.27101484,0.20979139,-0.061223447,0.27101484,0.554891,0.28387615,0.27101484,0.50006866,0.22905383,0.27101484,0.27101484,0.0,0.27101484,0.27101484,0.0,,,,0.27101484,0.48736623,0.21635139,,,,0.27101484,0.27956992,0.0085550845,17
0,1,5,0,0,3,1,6,0,3,1.0,4.0,2.0,2.0,2.0,9.0,3.0,3.0,7.0,3.0,4.0,2.0,5.0,,,,0.9807771,0.9857826,0.0050055385,0.9807771,0.9807771,0.0,0.9807771,0.9807771,0.0,0.9807771,0.96883106,-0.0119460225,0.9807771,0.98566276,0.0048856735,0.9807771,0.9668696,-0.013907492,0.9807771,0.9807771,0.0,0.9807771,0.9807771,0.0,0.9807771,0.9805195,-0.00025761127,0.9807771,0.9808224,4.529953e-05,0.9807771,0.9867619,0.005984843,0.9807771,0.9932114,0.012434304,8
0,0,2,0,1,3,1,6,0,1,3.0,4.0,1.0,2.0,2.0,8.0,4.0,3.0,6.0,3.0,3.0,1.0,5.0,0.2956283,0.645981,0.3503527,0.2956283,0.34653085,0.050902545,0.2956283,0.2956283,0.0,0.2956283,0.2956283,0.0,,,,0.2956283,0.3953398,0.09971148,0.2956283,0.23880032,-0.056827992,0.2956283,0.2956283,0.0,0.2956283,0.2956283,0.0,0.2956283,0.42099908,0.12537077,0.2956283,0.12504901,-0.1705793,0.2956283,0.3460915,0.0504632,0.2956283,0.74324673,0.44761842,8
5,0,0,0,0,0,3,3,0,0,3.0,5.0,1.0,1.0,1.0,0.0,1.0,3.0,8.0,3.0,4.0,5.0,9.0,0.6856841,0.8501092,0.16442513,,,,0.6856841,0.6856841,0.0,0.6856841,0.6856841,0.0,,,,,,,,,,0.6856841,0.6856841,0.0,0.6856841,0.6856841,0.0,,,,0.6856841,0.6640251,-0.021658957,,,,0.6856841,0.8215071,0.13582301,5
0,1,0,0,2,3,1,6,3,6,1.0,4.0,2.0,2.0,4.0,0.0,2.0,1.0,4.0,3.0,4.0,3.0,0.0,,,,0.42617956,0.5421392,0.115959615,0.42617956,0.42617956,0.0,0.42617956,0.42617956,0.0,0.42617956,0.40240952,-0.023770034,0.42617956,0.5567755,0.13059595,0.42617956,0.378403,-0.04777655,0.42617956,0.42617956,0.0,0.42617956,0.42617956,0.0,,,,0.42617956,0.28873092,-0.13744864,0.42617956,0.24406421,-0.18211535,0.42617956,0.60140556,0.175226,21
2,1,0,0,0,0,7,0,2,6,3.0,4.0,2.0,2.0,2.0,1.0,4.0,3.0,7.0,4.0,3.0,5.0,8.0,0.48678628,0.72979945,0.24301317,0.48678628,0.6071824,0.12039611,0.48678628,0.48678628,0.0,0.48678628,0.48678628,0.0,0.48678628,0.4773154,-0.00947088,0.48678628,0.69405556,0.20726928,0.48678628,0.7371332,0.25034693,0.48678628,0.48678628,0.0,0.48678628,0.48678628,0.0,0.48678628,0.57305264,0.08626637,0.48678628,0.59436035,0.107574075,,,,0.48678628,0.401034,-0.08575228,2
3,1,0,0,5,0,1,1,0,3,3.0,2.0,2.0,4.0,2.0,0.0,2.0,1.0,4.0,2.0,4.0,2.0,4.0,0.15654634,0.18771034,0.031164005,0.15654634,0.19203207,0.03548573,0.15654634,0.15654634,0.0,0.15654634,0.15654634,0.0,0.15654634,0.14996736,-0.006578982,0.15654634,0.12946834,-0.027078003,0.15654634,0.17523922,0.01869288,0.15654634,0.15654634,0.0,0.15654634,0.15654634,0.0,,,,0.15654634,0.19256216,0.036015823,0.15654634,0.16071421,0.0041678697,0.15654634,0.5857038,0.42915744,14
3,0,0,0,0,3,7,6,2,4,2.0,5.0,5.0,5.0,4.0,0.0,4.0,4.0,10.0,5.0,5.0,4.0,9.0,0.2799982,0.506103,0.22610477,,,,,,,,,,0.2799982,0.422675,0.1426768,0.2799982,0.25118893,-0.02880928,0.2799982,0.3027343,0.022736073,0.2799982,0.2799982,0.0,,,,,,,,,,0.2799982,0.27669498,-0.0033032298,0.2799982,0.33808008,0.058081865,2
2,1,0,0,0,0,3,0,0,0,4.0,4.0,3.0,3.0,3.0,4.0,3.0,3.0,6.0,3.0,3.0,2.0,6.0,0.37293172,0.6214639,0.24853218,0.37293172,0.28492448,-0.08800724,0.37293172,0.37293172,0.0,0.37293172,0.37293172,0.0,0.37293172,0.66165495,0.28872323,0.37293172,0.8562069,0.48327518,0.37293172,0.4389312,0.06599948,0.37293172,0.37293172,0.0,0.37293172,0.37293172,0.0,0.37293172,0.20301637,-0.16991535,0.37293172,0.15323032,-0.2197014,0.37293172,0.30639267,-0.06653905,0.37293172,0.45582992,0.0828982,17
4,1,0,0,2,0,3,0,0,0,1.0,1.0,1.0,1.0,1.0,10.0,3.0,3.0,0.0,1.0,3.0,1.0,0.0,,,,0.5837768,0.37101117,-0.2127656,0.5837768,0.5837768,0.0,0.5837768,0.5837768,0.0,,,,,,,,,,0.5837768,0.5837768,0.0,0.5837768,0.5837768,0.0,0.5837768,0.7258872,0.1421104,0.5837768,0.65853703,0.07476026,0.5837768,0.6631551,0.07937831,0.5837768,0.676605,0.092828214,6
1,1,4,0,0,2,5,0,0,3,2.0,2.0,2.0,2.0,2.0,7.0,4.0,2.0,7.0,3.0,4.0,2.0,5.0,0.39701357,0.53152627,0.1345127,0.39701357,0.72964543,0.33263186,0.39701357,0.39701357,0.0,0.39701357,0.39701357,0.0,0.39701357,0.41038728,0.013373703,0.39701357,0.6386458,0.24163225,0.39701357,0.35806665,-0.038946927,0.39701357,0.39701357,0.0,0.39701357,0.39701357,0.0,0.39701357,0.6286683,0.23165473,0.39701357,0.21982872,-0.17718485,0.39701357,0.33682406,-0.060189515,0.39701357,0.6577589,0.26074532,17
5,1,0,0,0,0,3,3,0,0,2.0,4.0,2.0,2.0,3.0,2.0,3.0,3.0,8.0,4.0,4.0,3.0,7.0,0.9881478,0.99031407,0.0021662712,0.9881478,0.99448264,0.0063348413,0.9881478,0.9881478,0.0,0.9881478,0.9881478,0.0,0.9881478,0.9847081,-0.0034397244,0.9881478,0.9749326,-0.013215184,0.9881478,0.98640555,-0.0017422438,0.9881478,0.9881478,0.0,0.9881478,0.9881478,0.0,0.9881478,0.8799332,-0.10821462,0.9881478,0.9742426,-0.013905168,0.9881478,0.98241144,-0.005736351,0.9881478,0.9872585,-0.0008893013,5
3,1,0,0,0,1,5,4,0,5,3.0,5.0,1.0,2.0,2.0,0.0,4.0,3.0,7.0,4.0,3.0,4.0,6.0,0.93663603,0.9610694,0.024433374,,,,0.93663603,0.93663603,0.0,0.93663603,0.93663603,0.0,,,,0.93663603,0.9692202,0.03258419,0.93663603,0.9556166,0.018980563,0.93663603,0.93663603,0.0,0.93663603,0.93663603,0.0,,,,0.93663603,0.8962336,-0.040402412,0.93663603,0.9446343,0.007998288,0.93663603,0.83677554,-0.09986049,12
3,0,2,0,0,1,2,0,2,4,3.0,4.0,3.0,4.0,2.0,0.0,3.0,3.0,10.0,4.0,5.0,3.0,10.0,0.49180928,0.74683094,0.25502166,0.49180928,0.3573447,-0.13446459,0.49180928,0.49180928,0.0,,,,0.49180928,0.49042535,-0.0013839304,0.49180928,0.48286474,-0.008944541,0.49180928,0.5269341,0.03512481,0.49180928,0.49180928,0.0,0.49180928,0.49180928,0.0,,,,,,,0.49180928,0.59515494,0.10334566,,,,0
2,0,0,0,4,1,4,0,3,4,1.0,5.0,2.0,2.0,3.0,3.0,4.0,3.0,6.0,3.0,4.0,4.0,7.0,,,,,,,0.6422641,0.6422641,0.0,0.6422641,0.6422641,0.0,0.6422641,0.678523,0.036258876,0.6422641,0.92985195,0.28758782,0.6422641,0.85776865,0.21550453,0.6422641,0.6422641,0.0,0.6422641,0.6422641,0.0,0.6422641,0.54921967,-0.09304446,0.6422641,0.7148896,0.07262546,0.6422641,0.327678,-0.31458613,0.6422641,0.86894345,0.22667933,0
3,1,6,0,0,1,6,1,0,5,3.0,5.0,2.0,2.0,2.0,2.0,2.0,2.0,10.0,4.0,3.0,5.0,8.0,0.9726973,0.97837263,0.005675316,,,,0.9726973,0.9726973,0.0,0.9726973,0.9726973,0.0,0.9726973,0.95377237,-0.018924952,0.9726973,0.97974867,0.0070513487,0.9726973,0.9556388,-0.017058492,0.9726973,0.9726973,0.0,0.9726973,0.9726973,0.0,0.9726973,0.9433999,-0.029297411,,,,,,,0.9726973,0.97719175,0.0044944286,12
5,0,4,0,0,1,7,1,0,8,2.0,2.0,2.0,2.0,2.0,1.0,3.0,3.0,9.0,5.0,4.0,3.0,10.0,0.95570654,0.9550689,-0.0006376505,0.95570654,0.96781766,0.012111127,,,,0.95570654,0.95570654,0.0,0.95570654,0.95741105,0.001704514,0.95570654,0.9678743,0.012167752,0.95570654,0.9508752,-0.004831314,0.95570654,0.95570654,0.0,0.95570654,0.95570654,0.0,0.95570654,0.94729567,-0.008410871,0.95570654,0.95308924,-0.0026172996,0.95570654,0.9444963,-0.011210263,,,,7
1,0,1,0,0,0,2,0,0,0,1.0,2.0,1.0,1.0,1.0,2.0,3.0,3.0,7.0,4.0,4.0,2.0,7.0,,,,0.99540085,0.99423164,-0.0011692047,0.99540085,0.99540085,0.0,0.99540085,0.99540085,0.0,,,,,,,,,,0.99540085,0.99540085,0.0,0.99540085,0.99540085,0.0,0.99540085,0.9883903,-0.0070105195,0.99540085,0.990218,-0.0051828623,0.99540085,0.99488586,-0.00051498413,0.99540085,0.9947488,-0.0006520748,10
2,1,0,0,0,0,0,0,0,0,2.0,3.0,2.0,2.0,2.0,3.0,2.0,3.0,9.0,2.0,2.0,2.0,6.0,0.8844062,0.9759981,0.091591895,0.8844062,0.89577436,0.0113681555,0.8844062,0.8844062,0.0,0.8844062,0.8844062,0.0,0.8844062,0.83994234,-0.044463873,0.8844062,0.91789615,0.033489943,0.8844062,0.84046894,-0.043937266,0.8844062,0.8844062,0.0,0.8844062,0.8844062,0.0,0.8844062,0.6120434,-0.27236283,0.8844062,0.90157324,0.017167032,0.8844062,0.93555856,0.05115235,0.8844062,0.94216126,0.057755053,17
3,0,2,0,0,0,2,1,2,4,1.0,3.0,1.0,2.0,1.0,5.0,3.0,4.0,5.0,4.0,5.0,2.0,5.0,,,,0.568708,0.6716341,0.102926075,0.568708,0.568708,0.0,,,,,,,0.568708,0.46019745,-0.108510554,,,,0.568708,0.568708,0.0,,,,0.568708,0.6910109,0.12230289,0.568708,0.7084401,0.13973212,0.568708,0.56289756,-0.0058104396,0.568708,0.56418777,-0.0045202374,2
2,1,1,0,0,0,3,1,0,8,1.0,5.0,1.0,2.0,2.0,2.0,3.0,3.0,9.0,4.0,4.0,5.0,9.0,,,,,,,0.95949054,0.95949054,0.0,0.95949054,0.95949054,0.0,,,,0.95949054,0.9721683,0.012677789,0.95949054,0.9678459,0.008355379,0.95949054,0.95949054,0.0,0.95949054,0.95949054,0.0,0.95949054,0.91446275,-0.045027792,0.95949054,0.9534389,-0.0060516596,,,,0.95949054,0.9349947,-0.02449584,20
5,0,0,0,0,0,2,3,0,1,4.0,2.0,3.0,2.0,2.0,2.0,2.0,3.0,7.0,4.0,4.0,4.0,7.0,0.71714073,0.67856586,-0.038574874,0.71714073,0.6955802,-0.02156055,0.71714073,0.71714073,0.0,0.71714073,0.71714073,0.0,0.71714073,0.92144495,0.20430422,0.71714073,0.7556318,0.03849107,0.71714073,0.8002875,0.08314675,0.71714073,0.71714073,0.0,0.71714073,0.71714073,0.0,0.71714073,0.3477342,-0.36940652,0.71714073,0.9622304,0.24508965,0.71714073,0.70788115,-0.009259582,0.71714073,0.64187884,-0.07526189,5
4,1,0,0,0,0,8,1,0,3,2.0,4.0,1.0,1.0,1.0,4.0,4.0,3.0,7.0,4.0,3.0,4.0,9.0,0.97700447,0.986858,0.009853542,0.97700447,0.9871917,0.010187209,0.97700447,0.97700447,0.0,0.97700447,0.97700447,0.0,,,,,,,,,,0.97700447,0.97700447,0.0,0.97700447,0.97700447,0.0,0.97700447,0.93603957,-0.0409649,0.97700447,0.95796376,-0.019040704,0.97700447,0.9667068,-0.010297656,0.97700447,0.98407644,0.007071972,12
3,0,0,0,0,0,2,3,0,1,1.0,4.0,2.0,2.0,2.0,1.0,3.0,3.0,8.0,4.0,4.0,5.0,7.0,,,,0.9939388,0.9969927,0.0030539036,0.9939388,0.9939388,0.0,0.9939388,0.9939388,0.0,0.9939388,0.99270636,-0.0012324452,0.9939388,0.9899865,-0.0039523244,0.9939388,0.9955413,0.0016024709,0.9939388,0.9939388,0.0,0.9939388,0.9939388,0.0,0.9939388,0.9933286,-0.00061023235,0.9939388,0.9927054,-0.0012333989,,,,0.9939388,0.9967013,0.0027624965,15
6,1,2,0,5,4,3,3,0,0,2.0,4.0,2.0,2.0,2.0,6.0,4.0,2.0,6.0,4.0,2.0,2.0,7.0,0.02877166,0.04167064,0.01289898,0.02877166,0.06720171,0.03843005,0.02877166,0.02877166,0.0,0.02877166,0.02877166,0.0,0.02877166,0.022710867,-0.006060792,0.02877166,0.017863924,-0.010907736,0.02877166,0.041193213,0.012421554,0.02877166,0.02877166,0.0,0.02877166,0.02877166,0.0,0.02877166,0.019636232,-0.009135427,0.02877166,0.19585054,0.16707888,0.02877166,0.0349514,0.0061797407,0.02877166,0.078198396,0.049426734,24
1,0,5,0,0,0,3,0,0,3,1.0,5.0,2.0,2.0,2.0,1.0,3.0,4.0,10.0,5.0,5.0,4.0,9.0,,,,,,,,,,,,,0.9936147,0.9952678,0.0016531348,0.9936147,0.99547994,0.0018652678,0.9936147,0.99646795,0.0028532743,0.9936147,0.9936147,0.0,,,,0.9936147,0.99382293,0.00020825863,,,,0.9936147,0.9945963,0.0009816289,0.9936147,0.98873705,-0.004877627,10
2,1,0,0,4,0,4,0,0,1,3.0,4.0,2.0,3.0,2.0,0.0,3.0,3.0,9.0,4.0,5.0,5.0,9.0,0.7908839,0.92181665,0.13093275,0.7908839,0.6989307,-0.09195322,0.7908839,0.7908839,0.0,,,,0.7908839,0.8384823,0.04759842,0.7908839,0.8162918,0.02540791,0.7908839,0.88249385,0.091609955,0.7908839,0.7908839,0.0,0.7908839,0.7908839,0.0,,,,0.7908839,0.6597966,-0.1310873,,,,0.7908839,0.80733085,0.016446948,20
0,1,1,0,0,3,6,2,0,1,3.0,3.0,2.0,2.0,2.0,5.0,3.0,2.0,10.0,4.0,4.0,3.0,9.0,0.95479953,0.7915281,-0.16327143,0.95479953,0.9395693,-0.015230238,0.95479953,0.95479953,0.0,0.95479953,0.95479953,0.0,0.95479953,0.94083077,-0.013968766,0.95479953,0.939133,-0.015666544,0.95479953,0.96168023,0.0068807006,0.95479953,0.95479953,0.0,0.95479953,0.95479953,0.0,0.95479953,0.9926708,0.03787124,,,,0.95479953,0.9427143,-0.012085259,0.95479953,0.9392808,-0.015518725,8
1,0,0,0,0,0,2,0,0,0,2.0,3.0,4.0,1.0,4.0,4.0,4.0,3.0,9.0,4.0,5.0,3.0,8.0,0.9177812,0.9793832,0.061601996,0.9177812,0.90515244,-0.012628734,0.9177812,0.9177812,0.0,,,,0.9177812,0.94912976,0.031348586,,,,0.9177812,0.9177812,0.0,0.9177812,0.9177812,0.0,0.9177812,0.9177812,0.0,0.9177812,0.91891754,0.0011363626,0.9177812,0.88668036,-0.03110081,0.9177812,0.93411183,0.01633066,0.9177812,0.9111586,-0.006622553,17
4,1,3,0,2,1,2,2,0,3,2.0,5.0,1.0,4.0,1.0,1.0,3.0,4.0,8.0,5.0,5.0,2.0,7.0,0.13214883,0.45073318,0.31858435,,,,,,,,,,,,,0.13214883,0.15021323,0.018064395,,,,0.13214883,0.13214883,0.0,,,,0.13214883,0.1209755,-0.01117333,0.13214883,0.35361606,0.22146723,0.13214883,0.15170565,0.01955682,0.13214883,0.13127223,-0.0008766055,4
1,1,0,0,0,0,4,0,0,3,2.0,4.0,2.0,2.0,2.0,6.0,4.0,3.0,6.0,4.0,4.0,2.0,6.0,0.99066377,0.9947383,0.004074514,0.99066377,0.9922897,0.0016259551,0.99066377,0.99066377,0.0,0.99066377,0.99066377,0.0,0.99066377,0.9904356,-0.00022816658,0.99066377,0.99688303,0.006219268,0.99066377,0.99285406,0.0021902919,0.99066377,0.99066377,0.0,0.99066377,0.99066377,0.0,0.99066377,0.9902201,-0.00044363737,0.99066377,0.97776514,-0.012898624,0.99066377,0.98772347,-0.0029402971,0.99066377,0.9697696,-0.02089417,17
0,1,0,0,0,0,3,0,0,0,2.0,4.0,1.0,1.0,1.0,8.0,3.0,3.0,7.0,4.0,3.0,2.0,10.0,0.958457,0.99576604,0.03730905,0.958457,0.97210306,0.013646066,0.958457,0.958457,0.0,0.958457,0.958457,0.0,,,,,,,,,,0.958457,0.958457,0.0,0.958457,0.958457,0.0,0.958457,0.9899845,0.03152752,0.958457,0.80240273,-0.15605426,0.958457,0.9854446,0.026987612,,,,11
6,0,0,0,0,4,7,3,0,3,2.0,4.0,3.0,3.0,2.0,1.0,3.0,3.0,7.0,4.0,3.0,4.0,6.0,0.7679017,0.8762298,0.108328104,0.7679017,0.7716684,0.003766656,0.7679017,0.7679017,0.0,0.7679017,0.7679017,0.0,0.7679017,0.82740307,0.05950135,0.7679017,0.59885925,-0.16904247,0.7679017,0.88924986,0.12134814,0.7679017,0.7679017,0.0,0.7679017,0.7679017,0.0,0.7679017,0.77699167,0.009089947,0.7679017,0.8316596,0.0637579,0.7679017,0.7328636,-0.035038114,0.7679017,0.6792054,-0.0886963,19
3,1,2,0,0,0,6,0,0,3,2.0,5.0,2.0,2.0,2.0,2.0,4.0,3.0,6.0,4.0,4.0,3.0,6.0,0.9053539,0.97567207,0.07031816,,,,0.9053539,0.9053539,0.0,0.9053539,0.9053539,0.0,0.9053539,0.90854,0.0031861067,0.9053539,0.9251702,0.01981628,0.9053539,0.9379439,0.032589972,0.9053539,0.9053539,0.0,0.9053539,0.9053539,0.0,0.9053539,0.80713475,-0.098219156,0.9053539,0.95379263,0.048438728,0.9053539,0.8733548,-0.03199911,0.9053539,0.84808356,-0.057270348,20
0,1,2,0,2,3,3,6,1,7,4.0,2.0,3.0,2.0,4.0,8.0,3.0,3.0,6.0,4.0,4.0,3.0,4.0,0.08497578,0.0394097,-0.04556608,0.08497578,0.06637223,-0.018603548,0.08497578,0.08497578,0.0,0.08497578,0.08497578,0.0,0.08497578,0.2510143,0.16603851,0.08497578,0.117252305,0.032276526,0.08497578,0.09809778,0.013122,0.08497578,0.08497578,0.0,0.08497578,0.08497578,0.0,0.08497578,0.35209593,0.26712015,0.08497578,0.28209746,0.19712168,0.08497578,0.057145618,-0.027830161,0.08497578,0.08814665,0.0031708702,21
2,1,2,0,0,0,3,0,0,0,1.0,4.0,2.0,3.0,2.0,5.0,3.0,3.0,7.0,4.0,4.0,3.0,6.0,,,,0.9830428,0.9803638,-0.0026789904,0.9830428,0.9830428,0.0,0.9830428,0.9830428,0.0,0.9830428,0.9791484,-0.0038943887,0.9830428,0.9447983,-0.038244486,0.9830428,0.9881825,0.0051397085,0.9830428,0.9830428,0.0,0.9830428,0.9830428,0.0,0.9830428,0.99434483,0.011302054,0.9830428,0.9214081,-0.06163466,0.9830428,0.96935093,-0.013691843,0.9830428,0.9838262,0.00078344345,20
6,0,1,0,5,4,2,7,0,0,1.0,5.0,1.0,1.0,1.0,0.0,3.0,3.0,7.0,4.0,2.0,4.0,9.0,,,,,,,0.86633897,0.86633897,0.0,0.86633897,0.86633897,0.0,,,,,,,,,,0.86633897,0.86633897,0.0,0.86633897,0.86633897,0.0,,,,0.86633897,0.83497334,-0.031365633,0.86633897,0.8363067,-0.030032277,0.86633897,0.89331543,0.026976466,24
1,1,4,0,0,0,3,0,0,0,1.0,1.0,1.0,1.0,1.0,5.0,5.0,4.0,10.0,5.0,5.0,3.0,8.0,,,,0.9650715,0.94076294,-0.024308562,,,,,,,,,,,,,,,,,,,,,,0.9650715,0.98125976,0.016188264,,,,0.9650715,0.9472848,-0.017786682,0.9650715,0.81675094,-0.14832056,10
1,1,2,0,0,2,0,0,0,7,1.0,3.0,2.0,2.0,2.0,3.0,3.0,3.0,9.0,4.0,4.0,2.0,10.0,,,,0.26904213,0.35368538,0.084643245,0.26904213,0.26904213,0.0,0.26904213,0.26904213,0.0,0.26904213,0.21213008,-0.05691205,0.26904213,0.48276535,0.21372321,0.26904213,0.2531003,-0.015941828,0.26904213,0.26904213,0.0,0.26904213,0.26904213,0.0,0.26904213,0.2761503,0.007108152,0.26904213,0.36192957,0.09288743,0.26904213,0.2958452,0.026803076,,,,26
2,1,0,0,0,1,7,1,3,4,1.0,4.0,1.0,1.0,1.0,0.0,5.0,4.0,10.0,5.0,5.0,5.0,10.0,,,,0.85348195,0.9254083,0.071926355,,,,,,,,,,,,,,,,,,,,,,,,,,,,,,,,,,3
2,1,0,0,0,0,5,0,0,3,2.0,3.0,4.0,4.0,3.0,8.0,2.0,2.0,6.0,4.0,4.0,3.0,7.0,0.97555625,0.992238,0.01668173,0.97555625,0.9791656,0.0036093593,0.97555625,0.97555625,0.0,0.97555625,0.97555625,0.0,0.97555625,0.9478637,-0.027692556,0.97555625,0.98281085,0.0072546005,0.97555625,0.9686875,-0.0068687797,0.97555625,0.97555625,0.0,0.97555625,0.97555625,0.0,0.97555625,0.966358,-0.009198248,0.97555625,0.9696341,-0.0059221387,0.97555625,0.9641942,-0.011362076,0.97555625,0.9406049,-0.03495133,17
3,0,1,0,0,0,7,0,1,4,4.0,3.0,2.0,2.0,2.0,0.0,2.0,3.0,10.0,4.0,4.0,4.0,10.0,0.635361,0.6535837,0.01822269,0.635361,0.58990014,-0.04546088,0.635361,0.635361,0.0,0.635361,0.635361,0.0,0.635361,0.6894301,0.0540691,0.635361,0.77978355,0.14442253,0.635361,0.8694121,0.23405111,0.635361,0.635361,0.0,0.635361,0.635361,0.0,,,,,,,0.635361,0.6446527,0.0092917085,,,,2
4,1,1,0,2,1,6,0,0,5,1.0,5.0,3.0,4.0,1.0,7.0,3.0,4.0,5.0,5.0,4.0,5.0,10.0,,,,,,,,,,0.42995465,0.42995465,0.0,0.42995465,0.7354641,0.30550945,0.42995465,0.29816285,-0.1317918,,,,0.42995465,0.42995465,0.0,,,,0.42995465,0.57109886,0.14114422,0.42995465,0.40209928,-0.027855366,,,,,,,12
1,0,0,0,0,0,1,0,0,0,2.0,3.0,3.0,2.0,4.0,8.0,2.0,2.0,7.0,4.0,4.0,3.0,8.0,0.90457726,0.95502913,0.050451875,0.90457726,0.8430011,-0.061576128,0.90457726,0.90457726,0.0,0.90457726,0.90457726,0.0,0.90457726,0.9130255,0.008448243,0.90457726,0.9545755,0.049998224,0.90457726,0.8939924,-0.010584831,0.90457726,0.90457726,0.0,0.90457726,0.90457726,0.0,0.90457726,0.96343565,0.058858395,0.90457726,0.77657354,-0.12800372,0.90457726,0.8855122,-0.019065082,0.90457726,0.9340796,0.029502332,17
3,0,2,0,0,1,3,1,1,4,2.0,3.0,2.0,2.0,2.0,7.0,4.0,3.0,7.0,4.0,4.0,3.0,8.0,0.74071544,0.9573429,0.21662748,0.74071544,0.854582,0.11386657,0.74071544,0.74071544,0.0,0.74071544,0.74071544,0.0,0.74071544,0.72831535,-0.012400091,0.74071544,0.6993563,-0.041359127,0.74071544,0.83929336,0.09857792,0.74071544,0.74071544,0.0,0.74071544,0.74071544,0.0,0.74071544,0.7802784,0.03956294,0.74071544,0.68860734,-0.05210811,0.74071544,0.75330406,0.01258862,0.74071544,0.7635829,0.022867441,0
2,0,1,0,0,0,8,0,0,3,2.0,4.0,2.0,2.0,2.0,7.0,3.0,3.0,8.0,4.0,4.0,4.0,7.0,0.7956678,0.9018743,0.10620648,0.7956678,0.77883726,-0.016830564,0.7956678,0.7956678,0.0,0.7956678,0.7956678,0.0,0.7956678,0.75927716,-0.036390662,0.7956678,0.8853651,0.0896973,0.7956678,0.9036046,0.1079368,0.7956678,0.7956678,0.0,0.7956678,0.7956678,0.0,0.7956678,0.89340556,0.09773773,0.7956678,0.8506922,0.055024385,0.7956678,0.7600481,-0.035619736,0.7956678,0.8526072,0.056939363,17
5,1,5,0,2,0,6,0,0,0,3.0,3.0,3.0,3.0,3.0,5.0,3.0,3.0,7.0,4.0,4.0,3.0,9.0,0.13561168,0.3299184,0.19430673,0.13561168,0.14671585,0.0111041665,0.13561168,0.13561168,0.0,0.13561168,0.13561168,0.0,0.13561168,0.36687827,0.23126659,0.13561168,0.5761427,0.44053105,0.13561168,0.103261806,-0.032349877,0.13561168,0.13561168,0.0,0.13561168,0.13561168,0.0,0.13561168,0.17538217,0.039770484,0.13561168,0.13823032,0.0026186407,0.13561168,0.081556216,-0.054055467,0.13561168,0.1607979,0.02518621,15
2,1,2,0,5,2,2,4,0,5,2.0,5.0,1.0,1.0,1.0,0.0,3.0,3.0,7.0,4.0,5.0,3.0,4.0,0.1492329,0.4783833,0.3291504,,,,0.1492329,0.1492329,0.0,,,,,,,,,,,,,0.1492329,0.1492329,0.0,0.1492329,0.1492329,0.0,,,,0.1492329,0.2616681,0.11243519,0.1492329,0.1424818,-0.0067510903,0.1492329,0.09437297,-0.05485992,13
2,1,0,0,0,0,8,1,1,4,2.0,3.0,3.0,3.0,3.0,6.0,4.0,3.0,10.0,4.0,4.0,3.0,10.0,0.6228105,0.77332664,0.15051615,0.6228105,0.65168554,0.028875053,0.6228105,0.6228105,0.0,0.6228105,0.6228105,0.0,0.6228105,0.7996083,0.1767978,0.6228105,0.799662,0.17685151,0.6228105,0.6746825,0.051872015,0.6228105,0.6228105,0.0,0.6228105,0.6228105,0.0,0.6228105,0.3811156,-0.2416949,,,,0.6228105,0.5143145,-0.10849601,,,,3
4,1,0,0,0,0,4,5,0,3,2.0,3.0,2.0,2.0,2.0,5.0,4.0,3.0,6.0,3.0,2.0,4.0,8.0,0.5708925,0.9165584,0.34566587,0.5708925,0.7629124,0.19201988,0.5708925,0.5708925,0.0,0.5708925,0.5708925,0.0,0.5708925,0.56490904,-0.005983472,0.5708925,0.8056145,0.23472196,0.5708925,0.6868492,0.115956664,0.5708925,0.5708925,0.0,0.5708925,0.5708925,0.0,0.5708925,0.43941274,-0.13147977,0.5708925,0.63023365,0.059341133,0.5708925,0.63663363,0.06574112,0.5708925,0.7212353,0.15034276,14
0,0,5,0,0,3,5,6,0,1,3.0,4.0,2.0,3.0,2.0,7.0,3.0,3.0,4.0,4.0,4.0,4.0,7.0,0.967797,0.9735293,0.005732298,0.967797,0.95819616,-0.009600818,0.967797,0.967797,0.0,0.967797,0.967797,0.0,0.967797,0.95076144,-0.017035544,0.967797,0.9872436,0.019446611,0.967797,0.9684894,0.00069242716,0.967797,0.967797,0.0,0.967797,0.967797,0.0,0.967797,0.97087777,0.0030807853,0.967797,0.9824734,0.014676392,0.967797,0.9600093,-0.0077877045,0.967797,0.9834073,0.015610337,8
5,1,0,0,4,2,7,7,2,6,3.0,3.0,3.0,3.0,3.0,0.0,4.0,4.0,10.0,4.0,4.0,3.0,10.0,0.9927738,0.9907404,-0.0020333529,0.9927738,0.99298227,0.00020849705,0.9927738,0.9927738,0.0,0.9927738,0.9927738,0.0,0.9927738,0.98220253,-0.010571241,0.9927738,0.97531086,-0.01746291,0.9927738,0.99124557,-0.0015282035,0.9927738,0.9927738,0.0,,,,,,,,,,0.9927738,0.99174786,-0.0010259151,,,,18
4,0,0,0,2,2,3,2,0,1,4.0,2.0,2.0,1.0,1.0,7.0,1.0,2.0,8.0,2.0,4.0,2.0,9.0,0.8635586,0.7418824,-0.12167621,0.8635586,0.8551817,-0.008376896,0.8635586,0.8635586,0.0,0.8635586,0.8635586,0.0,0.8635586,0.8998807,0.036322117,,,,,,,0.8635586,0.8635586,0.0,0.8635586,0.8635586,0.0,0.8635586,0.8807086,0.017149985,0.8635586,0.863807,0.00024843216,0.8635586,0.82655686,-0.03700173,0.8635586,0.8659386,0.0023800135,13
4,0,1,0,0,2,3,2,0,0,2.0,4.0,2.0,2.0,2.0,2.0,4.0,3.0,8.0,4.0,4.0,2.0,8.0,0.6818081,0.7985117,0.11670357,0.6818081,0.7164893,0.0346812,0.6818081,0.6818081,0.0,0.6818081,0.6818081,0.0,0.6818081,0.6442462,-0.037561893,0.6818081,0.60682,-0.07498813,0.6818081,0.70394075,0.022132635,0.6818081,0.6818081,0.0,0.6818081,0.6818081,0.0,0.6818081,0.4296452,-0.2521629,0.6818081,0.72854215,0.046734035,0.6818081,0.6816933,-0.000114798546,0.6818081,0.7516284,0.069820285,13
3,1,2,0,1,0,3,0,0,2,2.0,4.0,2.0,2.0,2.0,0.0,2.0,2.0,10.0,1.0,1.0,4.0,10.0,0.9006995,0.98454165,0.08384216,0.9006995,0.93356663,0.032867134,0.9006995,0.9006995,0.0,0.9006995,0.9006995,0.0,0.9006995,0.9118405,0.011141002,0.9006995,0.90771556,0.0070160627,0.9006995,0.91261345,0.011913955,0.9006995,0.9006995,0.0,0.9006995,0.9006995,0.0,,,,,,,0.9006995,0.91344786,0.012748361,,,,6
5,0,0,0,2,0,4,3,0,3,2.0,3.0,2.0,2.0,2.0,0.0,4.0,3.0,9.0,4.0,4.0,5.0,9.0,0.9132706,0.96710783,0.05383724,0.9132706,0.8712428,-0.04202777,0.9132706,0.9132706,0.0,0.9132706,0.9132706,0.0,0.9132706,0.9027926,-0.01047802,0.9132706,0.89677256,-0.01649803,0.9132706,0.97440153,0.06113094,0.9132706,0.9132706,0.0,0.9132706,0.9132706,0.0,,,,0.9132706,0.87869567,-0.034574926,,,,0.9132706,0.9152767,0.0020061135,7
4,0,1,0,0,0,7,3,0,3,3.0,4.0,1.0,2.0,2.0,6.0,4.0,3.0,8.0,4.0,4.0,4.0,8.0,0.9269651,0.85938007,-0.06758505,0.9269651,0.8894494,-0.0375157,0.9269651,0.9269651,0.0,0.9269651,0.9269651,0.0,,,,0.9269651,0.94967496,0.022709846,0.9269651,0.956787,0.029821873,0.9269651,0.9269651,0.0,0.9269651,0.9269651,0.0,0.9269651,0.9649526,0.03798747,0.9269651,0.9677315,0.04076636,0.9269651,0.926138,-0.00082713366,0.9269651,0.9536734,0.026708305,7
1,0,2,0,0,1,1,0,0,3,1.0,5.0,2.0,2.0,2.0,0.0,3.0,3.0,9.0,5.0,4.0,5.0,8.0,,,,,,,,,,0.98093605,0.98093605,0.0,0.98093605,0.97536147,-0.005574584,0.98093605,0.98780835,0.0068722963,0.98093605,0.9823591,0.0014230609,0.98093605,0.98093605,0.0,0.98093605,0.98093605,0.0,,,,0.98093605,0.98491675,0.003980696,,,,0.98093605,0.9303658,-0.05057025,9
2,1,1,0,1,3,4,1,1,4,2.0,4.0,2.0,1.0,3.0,3.0,3.0,3.0,8.0,1.0,4.0,3.0,10.0,0.9723962,0.9875187,0.015122533,0.9723962,0.9762415,0.003845334,0.9723962,0.9723962,0.0,0.9723962,0.9723962,0.0,0.9723962,0.961951,-0.010445178,,,,0.9723962,0.96352494,-0.008871257,0.9723962,0.9723962,0.0,0.9723962,0.9723962,0.0,0.9723962,0.93403184,-0.03836435,0.9723962,0.8482928,-0.12410337,0.9723962,0.9657317,-0.0066645145,,,,16
5,0,3,0,1,2,1,2,0,3,3.0,3.0,3.0,3.0,3.0,4.0,3.0,3.0,7.0,4.0,3.0,3.0,7.0,0.35830042,0.8802713,0.52197087,0.35830042,0.45103806,0.092737645,0.35830042,0.35830042,0.0,0.35830042,0.35830042,0.0,0.35830042,0.20009004,-0.15821038,0.35830042,0.6248134,0.26651296,0.35830042,0.17217752,-0.1861229,0.35830042,0.35830042,0.0,0.35830042,0.35830042,0.0,0.35830042,0.39035562,0.0320552,0.35830042,0.76974475,0.41144434,0.35830042,0.35830042,0.0,0.35830042,0.26275805,-0.09554237,13
4,1,0,0,0,0,8,1,0,3,3.0,4.0,2.0,2.0,2.0,5.0,4.0,3.0,1.0,2.0,4.0,2.0,1.0,0.50955033,0.38307065,-0.12647969,0.50955033,0.5889747,0.07942438,0.50955033,0.50955033,0.0,0.50955033,0.50955033,0.0,0.50955033,0.5616602,0.052109838,0.50955033,0.78306055,0.27351022,0.50955033,0.5061375,-0.0034128428,0.50955033,0.50955033,0.0,0.50955033,0.50955033,0.0,0.50955033,0.37472,-0.13483033,0.50955033,0.4700466,-0.039503723,0.50955033,0.6337056,0.12415528,0.50955033,0.69163215,0.18208182,12
3,0,0,0,0,0,5,0,0,5,1.0,3.0,1.0,1.0,1.0,4.0,4.0,3.0,7.0,4.0,5.0,5.0,8.0,,,,0.99738425,0.9968939,-0.0004903674,0.99738425,0.99738425,0.0,,,,,,,,,,,,,0.99738425,0.99738425,0.0,0.99738425,0.99738425,0.0,0.99738425,0.9963313,-0.0010529757,0.99738425,0.9976891,0.00030487776,,,,0.99738425,0.997361,-2.3245811e-05,23
1,0,0,0,0,0,5,0,0,3,2.0,4.0,3.0,3.0,4.0,3.0,2.0,3.0,7.0,4.0,3.0,3.0,5.0,0.98180217,0.9915969,0.009794712,0.98180217,0.9830025,0.0012003183,0.98180217,0.98180217,0.0,0.98180217,0.98180217,0.0,0.98180217,0.97719234,-0.004609823,0.98180217,0.98149955,-0.00030261278,0.98180217,0.977476,-0.0043261647,0.98180217,0.98180217,0.0,0.98180217,0.98180217,0.0,0.98180217,0.9583753,-0.02342689,0.98180217,0.98155576,-0.0002464056,0.98180217,0.9757912,-0.0060109496,0.98180217,0.9701586,-0.011643589,17
1,0,0,0,0,0,4,0,0,3,4.0,3.0,2.0,2.0,2.0,6.0,2.0,3.0,6.0,4.0,4.0,3.0,7.0,0.9201284,0.76054907,-0.15957934,0.9201284,0.9789008,0.058772385,0.9201284,0.9201284,0.0,0.9201284,0.9201284,0.0,0.9201284,0.90944403,-0.010684371,0.9201284,0.9760933,0.055964887,0.9201284,0.939068,0.018939614,0.9201284,0.9201284,0.0,0.9201284,0.9201284,0.0,0.9201284,0.80616933,-0.113959074,0.9201284,0.91448724,-0.0056411624,0.9201284,0.854036,-0.06609243,0.9201284,0.94663084,0.02650243,17
2,0,1,0,0,2,4,2,0,3,1.0,4.0,2.0,2.0,2.0,6.0,3.0,3.0,3.0,3.0,3.0,4.0,4.0,,,,0.9183043,0.897069,-0.021235347,0.9183043,0.9183043,0.0,0.9183043,0.9183043,0.0,0.9183043,0.8812263,-0.037078023,0.9183043,0.9163481,-0.0019562244,0.9183043,0.9099115,-0.008392811,0.9183043,0.9183043,0.0,0.9183043,0.9183043,0.0,0.9183043,0.9485257,0.030221403,0.9183043,0.8447747,-0.0735296,0.9183043,0.9054388,-0.012865543,0.9183043,0.9360755,0.017771184,9
4,1,1,0,0,0,7,1,0,5,2.0,3.0,2.0,2.0,2.0,6.0,3.0,2.0,6.0,4.0,5.0,2.0,8.0,0.878632,0.9446995,0.06606752,0.878632,0.8815731,0.002941072,0.878632,0.878632,0.0,,,,0.878632,0.8409226,-0.037709415,0.878632,0.9246535,0.04602146,0.878632,0.8242834,-0.054348588,0.878632,0.878632,0.0,0.878632,0.878632,0.0,0.878632,0.8649244,-0.013707638,0.878632,0.8763195,-0.0023124814,0.878632,0.7945603,-0.084071696,0.878632,0.93695825,0.058326244,12
5,0,0,0,0,0,8,3,0,3,2.0,3.0,2.0,3.0,3.0,2.0,4.0,3.0,8.0,4.0,3.0,5.0,8.0,0.91438705,0.96417135,0.049784303,0.91438705,0.9251015,0.010714471,0.91438705,0.91438705,0.0,0.91438705,0.91438705,0.0,0.91438705,0.9085831,-0.0058039427,0.91438705,0.9177609,0.0033738613,0.91438705,0.9207422,0.0063551664,0.91438705,0.91438705,0.0,0.91438705,0.91438705,0.0,0.91438705,0.6025566,-0.31183046,0.91438705,0.95730376,0.042916715,,,,0.91438705,0.89119524,-0.02319181,7
2,0,0,0,0,0,1,0,2,4,3.0,5.0,1.0,1.0,1.0,3.0,4.0,4.0,8.0,4.0,3.0,4.0,8.0,0.8831232,0.87993944,-0.003183782,,,,0.8831232,0.8831232,0.0,0.8831232,0.8831232,0.0,,,,,,,,,,0.8831232,0.8831232,0.0,,,,0.8831232,0.5638499,-0.3192733,0.8831232,0.9080926,0.024969399,0.8831232,0.8464962,-0.036626995,0.8831232,0.945641,0.06251776,2
4,0,0,0,1,1,9,3,1,8,1.0,3.0,2.0,2.0,3.0,1.0,4.0,3.0,9.0,4.0,4.0,5.0,8.0,,,,0.9934901,0.9879502,-0.005539894,0.9934901,0.9934901,0.0,0.9934901,0.9934901,0.0,0.9934901,0.9934901,0.0,0.9934901,0.9929733,-0.00051677227,0.9934901,0.993898,0.00040787458,0.9934901,0.9934901,0.0,0.9934901,0.9934901,0.0,0.9934901,0.9958419,0.0023518205,0.9934901,0.9955212,0.0020310879,,,,0.9934901,0.98937,-0.0041201115,18
2,2,1,0,0,0,4,1,0,3,3.0,4.0,4.0,3.0,5.0,1.0,4.0,3.0,3.0,3.0,4.0,1.0,7.0,0.9336126,0.9767259,0.04311329,0.9336126,0.87008774,-0.06352484,0.9336126,0.9336126,0.0,0.9336126,0.9336126,0.0,0.9336126,0.9269228,-0.006689787,0.9336126,0.8858687,-0.047743857,0.9336126,0.9096596,-0.023952961,0.9336126,0.9336126,0.0,0.9336126,0.9336126,0.0,0.9336126,0.9391315,0.0055189133,0.9336126,0.9108693,-0.022743285,0.9336126,0.93609935,0.0024867654,0.9336126,0.59961295,-0.33399963,20
4,1,0,0,0,0,6,0,0,0,2.0,4.0,3.0,4.0,4.0,4.0,4.0,3.0,6.0,3.0,4.0,5.0,10.0,0.85910547,0.958672,0.09956652,0.85910547,0.85662585,-0.0024796128,0.85910547,0.85910547,0.0,0.85910547,0.85910547,0.0,0.85910547,0.90564144,0.04653597,0.85910547,0.8768589,0.017753422,0.85910547,0.8162772,-0.04282826,0.85910547,0.85910547,0.0,0.85910547,0.85910547,0.0,0.85910547,0.6579801,-0.20112538,0.85910547,0.83978254,-0.019322932,,,,,,,15
1,0,0,0,0,0,6,0,0,3,3.0,2.0,2.0,2.0,2.0,4.0,4.0,3.0,8.0,4.0,4.0,2.0,7.0,0.85194576,0.92714566,0.0751999,0.85194576,0.7927674,-0.059178352,0.85194576,0.85194576,0.0,0.85194576,0.85194576,0.0,0.85194576,0.8773199,0.025374115,0.85194576,0.9338457,0.08189994,0.85194576,0.8947947,0.042848945,0.85194576,0.85194576,0.0,0.85194576,0.85194576,0.0,0.85194576,0.35551172,-0.49643403,0.85194576,0.91885173,0.066905975,0.85194576,0.71537125,-0.1365745,0.85194576,0.89067817,0.03873241,17
1,0,1,0,0,0,3,0,0,0,1.0,4.0,3.0,2.0,2.0,5.0,2.0,3.0,7.0,4.0,5.0,4.0,6.0,,,,0.9435183,0.94911623,0.005597949,0.9435183,0.9435183,0.0,,,,0.9435183,0.9652722,0.021753907,0.9435183,0.9788287,0.035310447,0.9435183,0.94976246,0.0062441826,0.9435183,0.9435183,0.0,0.9435183,0.9435183,0.0,0.9435183,0.9862001,0.042681813,0.9435183,0.7514796,-0.19203866,0.9435183,0.9465861,0.0030677915,0.9435183,0.9532906,0.009772301,20
1,0,3,0,0,0,6,0,0,3,1.0,5.0,3.0,4.0,3.0,2.0,3.0,2.0,8.0,5.0,4.0,4.0,8.0,,,,,,,,,,0.9027518,0.9027518,0.0,0.9027518,0.9793108,0.07655901,0.9027518,0.7433188,-0.159433,0.9027518,0.9267177,0.023965895,0.9027518,0.9027518,0.0,0.9027518,0.9027518,0.0,0.9027518,0.9184984,0.015746593,0.9027518,0.91180927,0.009057462,0.9027518,0.90012395,-0.0026278496,0.9027518,0.53818023,-0.36457157,20
2,0,2,0,0,1,3,1,2,4,1.0,1.0,1.0,1.0,1.0,1.0,2.0,4.0,4.0,3.0,4.0,3.0,4.0,,,,0.73801744,0.8092516,0.07123417,0.73801744,0.73801744,0.0,0.73801744,0.73801744,0.0,,,,,,,,,,0.73801744,0.73801744,0.0,,,,0.73801744,0.76304334,0.025025904,0.73801744,0.7123896,-0.025627851,0.73801744,0.6883753,-0.049642146,0.73801744,0.8264315,0.08841407,0
3,0,2,0,0,0,0,0,1,4,2.0,4.0,2.0,2.0,4.0,3.0,2.0,3.0,8.0,4.0,4.0,2.0,9.0,0.95685333,0.9810621,0.024208784,0.95685333,0.9505181,-0.0063352585,0.95685333,0.95685333,0.0,0.95685333,0.95685333,0.0,0.95685333,0.96688956,0.01003623,0.95685333,0.9628249,0.005971551,0.95685333,0.95685333,0.0,0.95685333,0.95685333,0.0,0.95685333,0.95685333,0.0,0.95685333,0.77729774,-0.1795556,0.95685333,0.88368547,-0.07316786,0.95685333,0.93086797,-0.02598536,0.95685333,0.94650525,-0.010348082,2
0,0,2,0,0,0,5,0,0,7,1.0,5.0,2.0,2.0,2.0,6.0,3.0,2.0,6.0,4.0,5.0,4.0,7.0,,,,,,,0.9729918,0.9729918,0.0,,,,0.9729918,0.9633783,-0.009613514,0.9729918,0.9625612,-0.010430634,0.9729918,0.96909374,-0.0038980842,0.9729918,0.9729918,0.0,0.9729918,0.9729918,0.0,0.9729918,0.92335975,-0.049632072,0.9729918,0.9425292,-0.030462623,0.9729918,0.9808791,0.007887304,0.9729918,0.97350967,0.00051784515,26
4,1,4,0,1,1,4,3,0,5,2.0,2.0,2.0,2.0,2.0,1.0,3.0,3.0,8.0,4.0,4.0,4.0,8.0,0.26578957,0.73051906,0.4647295,0.26578957,0.48468757,0.218898,0.26578957,0.26578957,0.0,0.26578957,0.26578957,0.0,0.26578957,0.2310448,-0.03474477,0.26578957,0.35888046,0.09309089,0.26578957,0.3895145,0.12372494,0.26578957,0.26578957,0.0,0.26578957,0.26578957,0.0,0.26578957,0.24575105,-0.020038515,0.26578957,0.37185717,0.1060676,0.26578957,0.33529463,0.069505066,0.26578957,0.24282019,-0.02296938,22
1,1,2,0,0,1,1,0,1,7,4.0,4.0,2.0,3.0,3.0,7.0,2.0,1.0,7.0,4.0,3.0,3.0,7.0,0.021920152,0.015788317,-0.0061318353,0.021920152,0.041949686,0.020029534,0.021920152,0.021920152,0.0,0.021920152,0.021920152,0.0,0.021920152,0.017200666,-0.0047194865,0.021920152,0.031429645,0.009509493,0.021920152,0.035051428,0.013131276,0.021920152,0.021920152,0.0,0.021920152,0.021920152,0.0,0.021920152,0.023143345,0.0012231935,0.021920152,0.0061902353,-0.015729917,0.021920152,0.016586611,-0.005333541,0.021920152,0.017972428,-0.0039477237,26
5,1,0,0,2,0,9,3,0,6,1.0,3.0,2.0,2.0,2.0,0.0,3.0,3.0,8.0,4.0,4.0,4.0,9.0,,,,0.7157834,0.7232445,0.007461071,0.7157834,0.7157834,0.0,0.7157834,0.7157834,0.0,0.7157834,0.6736108,-0.04217261,0.7157834,0.7760042,0.060220778,0.7157834,0.8085737,0.092790306,0.7157834,0.7157834,0.0,0.7157834,0.7157834,0.0,,,,0.7157834,0.8168187,0.1010353,0.7157834,0.70497435,-0.010809064,0.7157834,0.8887592,0.17297578,7
1,0,1,0,0,0,7,0,0,3,2.0,5.0,2.0,2.0,2.0,5.0,3.0,3.0,5.0,4.0,3.0,3.0,8.0,0.6678929,0.7199631,0.0520702,,,,0.6678929,0.6678929,0.0,0.6678929,0.6678929,0.0,0.6678929,0.6730552,0.0051622987,0.6678929,0.88779396,0.21990108,0.6678929,0.7881297,0.120236814,0.6678929,0.6678929,0.0,0.6678929,0.6678929,0.0,0.6678929,0.9505293,0.2826364,0.6678929,0.69227237,0.024379492,0.6678929,0.654303,-0.013589859,0.6678929,0.78802526,0.12013239,10
2,0,0,0,0,0,9,0,2,4,2.0,2.0,2.0,2.0,2.0,0.0,4.0,3.0,8.0,4.0,4.0,4.0,8.0,0.19094479,0.81661433,0.62566954,0.19094479,0.64069885,0.44975406,0.19094479,0.19094479,0.0,0.19094479,0.19094479,0.0,0.19094479,0.19669826,0.0057534724,0.19094479,0.41120756,0.22026277,0.19094479,0.48767576,0.29673097,0.19094479,0.19094479,0.0,0.19094479,0.19094479,0.0,,,,0.19094479,0.76912254,0.57817775,0.19094479,0.44107932,0.25013453,0.19094479,0.29654405,0.105599254,2
0,1,0,0,0,1,1,0,0,1,1.0,4.0,1.0,1.0,1.0,2.0,4.0,3.0,9.0,4.0,4.0,2.0,9.0,,,,0.99681914,0.9982133,0.0013941526,0.99681914,0.99681914,0.0,0.99681914,0.99681914,0.0,,,,,,,,,,0.99681914,0.99681914,0.0,0.99681914,0.99681914,0.0,0.99681914,0.9959513,-0.0008678436,0.99681914,0.9961777,-0.0006414652,0.99681914,0.99878234,0.0019631982,0.99681914,0.9945093,-0.0023098588,11
7,0,1,0,1,4,3,3,0,3,2.0,4.0,2.0,3.0,2.0,4.0,4.0,3.0,8.0,4.0,4.0,5.0,8.0,0.26620546,0.7470339,0.48082843,0.26620546,0.11362055,-0.15258491,0.26620546,0.26620546,0.0,0.26620546,0.26620546,0.0,0.26620546,0.26620546,0.0,0.26620546,0.3294315,0.063226044,0.26620546,0.38214052,0.11593506,0.26620546,0.26620546,0.0,0.26620546,0.26620546,0.0,0.26620546,0.42510134,0.15889588,0.26620546,0.2935414,0.027335942,,,,0.26620546,0.32011762,0.053912163,19
1,1,0,0,0,0,8,0,0,3,2.0,5.0,2.0,2.0,2.0,4.0,3.0,3.0,9.0,4.0,3.0,4.0,7.0,0.9689239,0.98664725,0.017723322,,,,0.9689239,0.9689239,0.0,0.9689239,0.9689239,0.0,0.9689239,0.963152,-0.005771935,0.9689239,0.9859826,0.01705867,0.9689239,0.9824906,0.013566673,0.9689239,0.9689239,0.0,0.9689239,0.9689239,0.0,0.9689239,0.9391212,-0.02980274,0.9689239,0.96371025,-0.005213678,0.9689239,0.9438388,-0.025085151,0.9689239,0.969398,0.00047409534,17
6,1,0,0,2,4,8,0,0,0,2.0,3.0,2.0,2.0,2.0,6.0,4.0,3.0,6.0,4.0,4.0,3.0,6.0,0.46445417,0.5575855,0.093131304,0.46445417,0.52134615,0.056891978,0.46445417,0.46445417,0.0,0.46445417,0.46445417,0.0,0.46445417,0.37831277,-0.08614141,0.46445417,0.4576742,-0.0067799687,0.46445417,0.62901413,0.16455996,0.46445417,0.46445417,0.0,0.46445417,0.46445417,0.0,0.46445417,0.2746047,-0.18984947,0.46445417,0.64956087,0.1851067,0.46445417,0.3058513,-0.15860286,0.46445417,0.45079044,-0.013663739,19
4,1,0,0,1,0,7,2,0,2,1.0,4.0,1.0,1.0,1.0,7.0,3.0,3.0,9.0,5.0,4.0,3.0,9.0,,,,0.9515584,0.9600587,0.008500278,,,,0.9515584,0.9515584,0.0,,,,,,,,,,0.9515584,0.9515584,0.0,0.9515584,0.9515584,0.0,0.9515584,0.986834,0.03527558,0.9515584,0.96289605,0.011337638,0.9515584,0.9264509,-0.025107503,0.9515584,0.95248926,0.00093084574,12
6,0,0,0,0,4,4,3,0,0,3.0,4.0,2.0,2.0,2.0,0.0,4.0,3.0,9.0,4.0,4.0,4.0,8.0,0.7129844,0.5401417,-0.17284268,0.7129844,0.7910455,0.078061104,0.7129844,0.7129844,0.0,0.7129844,0.7129844,0.0,0.7129844,0.57361174,-0.13937265,0.7129844,0.53706235,-0.17592204,0.7129844,0.69560605,-0.01737833,0.7129844,0.7129844,0.0,0.7129844,0.7129844,0.0,,,,0.7129844,0.6255955,-0.08738887,0.7129844,0.78355646,0.07057208,0.7129844,0.63199973,-0.08098465,19
0,1,0,0,0,0,9,0,0,1,1.0,5.0,1.0,1.0,1.0,0.0,4.0,4.0,8.0,3.0,3.0,3.0,7.0,,,,,,,0.99764025,0.99764025,0.0,0.99764025,0.99764025,0.0,,,,,,,,,,0.99764025,0.99764025,0.0,,,,,,,0.99764025,0.9981148,0.00047457218,0.99764025,0.9933274,-0.004312873,0.99764025,0.9976215,-1.8775463e-05,11
2,0,1,0,0,0,9,0,0,3,4.0,5.0,3.0,2.0,2.0,5.0,4.0,3.0,8.0,3.0,3.0,3.0,7.0,0.27843392,0.29758418,0.019150257,,,,0.27843392,0.27843392,0.0,0.27843392,0.27843392,0.0,0.27843392,0.5046338,0.22619987,0.27843392,0.44739363,0.1689597,0.27843392,0.38345292,0.105019,0.27843392,0.27843392,0.0,0.27843392,0.27843392,0.0,0.27843392,0.67602015,0.39758623,0.27843392,0.28917602,0.010742098,0.27843392,0.29995495,0.021521032,0.27843392,0.21748753,-0.06094639,10
2,0,1,0,0,0,2,0,2,4,1.0,5.0,2.0,2.0,2.0,1.0,3.0,4.0,7.0,4.0,5.0,3.0,5.0,,,,,,,0.77461165,0.77461165,0.0,,,,0.77461165,0.73972505,-0.0348866,0.77461165,0.8455692,0.07095754,0.77461165,0.86231756,0.08770591,0.77461165,0.77461165,0.0,,,,0.77461165,0.76095694,-0.013654709,0.77461165,0.68574595,-0.0888657,0.77461165,0.67671525,-0.0978964,0.77461165,0.8806477,0.10603607,2
4,1,1,0,0,1,6,1,0,3,2.0,4.0,1.0,1.0,1.0,3.0,3.0,2.0,8.0,4.0,4.0,3.0,7.0,0.7996627,0.8551966,0.055533886,0.7996627,0.74353516,-0.05612755,0.7996627,0.7996627,0.0,0.7996627,0.7996627,0.0,,,,,,,,,,0.7996627,0.7996627,0.0,0.7996627,0.7996627,0.0,0.7996627,0.88911074,0.089448035,0.7996627,0.532265,-0.2673977,0.7996627,0.8035207,0.0038579702,0.7996627,0.86031955,0.060656846,12
4,0,0,0,0,0,3,0,0,0,2.0,4.0,3.0,3.0,2.0,8.0,3.0,3.0,7.0,3.0,4.0,5.0,7.0,0.7768753,0.8573112,0.08043587,0.7768753,0.8051952,0.028319895,0.7768753,0.7768753,0.0,0.7768753,0.7768753,0.0,0.7768753,0.9018446,0.1249693,0.7768753,0.75442755,-0.022447765,0.7768753,0.88473463,0.10785931,0.7768753,0.7768753,0.0,0.7768753,0.7768753,0.0,0.7768753,0.73820746,-0.038667858,0.7768753,0.72417694,-0.052698374,,,,0.7768753,0.87894243,0.10206711,15
3,0,2,0,0,1,1,0,0,5,1.0,2.0,1.0,1.0,2.0,9.0,5.0,4.0,10.0,5.0,5.0,2.0,9.0,,,,0.3624409,0.16409566,-0.19834526,,,,,,,,,,,,,0.3624409,0.56992674,0.20748582,,,,,,,0.3624409,0.7138082,0.35136726,,,,0.3624409,0.3132215,-0.0492194,0.3624409,0.23657006,-0.12587085,23
5,0,0,0,1,0,3,3,0,3,2.0,4.0,1.0,2.0,1.0,7.0,3.0,3.0,3.0,4.0,4.0,4.0,7.0,0.981868,0.9854902,0.0036221743,0.981868,0.9844684,0.0026003718,0.981868,0.981868,0.0,0.981868,0.981868,0.0,,,,0.981868,0.98420113,0.0023331046,,,,0.981868,0.981868,0.0,0.981868,0.981868,0.0,0.981868,0.9796317,-0.0022363067,0.981868,0.9549367,-0.026931345,0.981868,0.9772639,-0.004604101,0.981868,0.972563,-0.009305,7
3,1,0,0,0,0,3,0,0,5,2.0,4.0,2.0,2.0,2.0,0.0,4.0,4.0,8.0,3.0,4.0,2.0,8.0,0.6348522,0.9401765,0.30532432,0.6348522,0.75302064,0.11816847,0.6348522,0.6348522,0.0,0.6348522,0.6348522,0.0,0.6348522,0.68576527,0.050913095,0.6348522,0.8214659,0.18661374,0.6348522,0.8429845,0.20813233,0.6348522,0.6348522,0.0,,,,,,,0.6348522,0.7306918,0.09583962,0.6348522,0.6275711,-0.007281065,0.6348522,0.51417786,-0.12067431,12
1,0,0,0,0,1,2,0,0,0,2.0,4.0,2.0,2.0,1.0,3.0,3.0,2.0,8.0,4.0,3.0,3.0,9.0,0.9768222,0.9949831,0.01816088,0.9768222,0.98416764,0.007345438,0.9768222,0.9768222,0.0,0.9768222,0.9768222,0.0,0.9768222,0.9706699,-0.006152272,0.9768222,0.98002106,0.003198862,,,,0.9768222,0.9768222,0.0,0.9768222,0.9768222,0.0,0.9768222,0.7728518,-0.20397037,0.9768222,0.83146805,-0.14535415,0.9768222,0.9498826,-0.02693957,0.9768222,0.9811203,0.004298091,17
1,1,0,0,0,0,3,0,0,0,2.0,3.0,3.0,2.0,2.0,6.0,3.0,3.0,5.0,4.0,3.0,3.0,6.0,0.9369391,0.9509175,0.013978362,0.9369391,0.9518342,0.0148950815,0.9369391,0.9369391,0.0,0.9369391,0.9369391,0.0,0.9369391,0.9702804,0.03334129,0.9369391,0.9800689,0.0431298,0.9369391,0.9524594,0.015520275,0.9369391,0.9369391,0.0,0.9369391,0.9369391,0.0,0.9369391,0.9264333,-0.0105057955,0.9369391,0.96390134,0.02696222,0.9369391,0.89328545,-0.043653667,0.9369391,0.87934595,-0.057593167,17
1,1,0,0,0,0,6,0,0,3,2.0,4.0,4.0,2.0,4.0,3.0,4.0,3.0,7.0,4.0,4.0,2.0,5.0,0.9907781,0.9915262,0.0007480979,0.9907781,0.99557835,0.00480026,0.9907781,0.9907781,0.0,0.9907781,0.9907781,0.0,0.9907781,0.99097604,0.00019794703,0.9907781,0.9969214,0.0061433315,0.9907781,0.9886537,-0.0021243691,0.9907781,0.9907781,0.0,0.9907781,0.9907781,0.0,0.9907781,0.9512721,-0.03950602,0.9907781,0.9939711,0.0031930208,0.9907781,0.98623407,-0.0045440197,0.9907781,0.9596648,-0.031113267,17
1,0,0,0,0,0,5,0,0,3,3.0,4.0,2.0,1.0,1.0,7.0,4.0,4.0,5.0,5.0,4.0,3.0,7.0,0.9839535,0.994214,0.010260522,0.9839535,0.9795124,-0.0044410825,,,,0.9839535,0.9839535,0.0,0.9839535,0.98725665,0.0033031702,,,,,,,0.9839535,0.9839535,0.0,,,,0.9839535,0.96735716,-0.016596317,0.9839535,0.9842976,0.0003440976,0.9839535,0.9780759,-0.0058775544,0.9839535,0.9912202,0.0072667003,17
3,1,0,0,0,0,3,0,2,4,1.0,4.0,2.0,2.0,1.0,3.0,3.0,3.0,9.0,4.0,4.0,4.0,9.0,,,,0.9797682,0.98066634,0.0008981228,0.9797682,0.9797682,0.0,0.9797682,0.9797682,0.0,0.9797682,0.9744067,-0.0053614974,0.9797682,0.9879076,0.008139372,,,,0.9797682,0.9797682,0.0,0.9797682,0.9797682,0.0,0.9797682,0.9617326,-0.01803559,0.9797682,0.963781,-0.015987217,0.9797682,0.9857275,0.0059592724,0.9797682,0.9733691,-0.006399095,2
2,0,2,0,0,0,7,0,2,4,1.0,4.0,2.0,2.0,3.0,0.0,4.0,4.0,10.0,4.0,5.0,4.0,10.0,,,,0.7594161,0.8188599,0.05944377,0.7594161,0.7594161,0.0,,,,0.7594161,0.81011516,0.050699055,0.7594161,0.7951013,0.03568518,0.7594161,0.6953969,-0.0640192,0.7594161,0.7594161,0.0,,,,,,,,,,0.7594161,0.7671602,0.007744074,,,,2
3,1,4,0,0,0,5,0,2,4,1.0,4.0,2.0,2.0,2.0,0.0,4.0,3.0,8.0,3.0,4.0,5.0,5.0,,,,0.8053678,0.78570825,-0.019659579,0.8053678,0.8053678,0.0,0.8053678,0.8053678,0.0,0.8053678,0.81492394,0.009556115,0.8053678,0.8690156,0.06364775,0.8053678,0.85464716,0.049279332,0.8053678,0.8053678,0.0,0.8053678,0.8053678,0.0,,,,0.8053678,0.6888317,-0.11653614,,,,0.8053678,0.87650454,0.07113671,2
5,1,0,0,0,0,6,1,0,0,2.0,5.0,3.0,2.0,2.0,2.0,4.0,4.0,8.0,4.0,4.0,3.0,8.0,0.9488501,0.9817355,0.032885432,,,,0.9488501,0.9488501,0.0,0.9488501,0.9488501,0.0,0.9488501,0.9842302,0.035380125,0.9488501,0.9209235,-0.027926624,0.9488501,0.96908826,0.020238161,0.9488501,0.9488501,0.0,,,,0.9488501,0.70753074,-0.24131936,0.9488501,0.95255274,0.0037026405,0.9488501,0.9432272,-0.0056229234,0.9488501,0.9466157,-0.0022343993,5
1,1,5,0,0,0,4,0,0,7,1.0,4.0,2.0,2.0,2.0,8.0,4.0,3.0,3.0,4.0,4.0,3.0,7.0,,,,0.98602235,0.9917176,0.005695224,0.98602235,0.98602235,0.0,0.98602235,0.98602235,0.0,0.98602235,0.98643726,0.00041490793,0.98602235,0.9924725,0.0064501762,0.98602235,0.9900232,0.0040008426,0.98602235,0.98602235,0.0,0.98602235,0.98602235,0.0,0.98602235,0.94549996,-0.040522397,0.98602235,0.9858073,-0.00021505356,0.98602235,0.97841245,-0.007609904,0.98602235,0.98854685,0.0025244951,26
4,1,1,0,2,0,6,1,0,5,1.0,5.0,1.0,1.0,1.0,6.0,5.0,4.0,6.0,5.0,5.0,4.0,10.0,,,,,,,,,,,,,,,,,,,,,,,,,,,,0.8866897,0.80209947,-0.084590256,0.8866897,0.82383716,-0.06285256,0.8866897,0.9009608,0.0142710805,,,,12
2,1,0,0,0,0,8,0,2,4,3.0,3.0,3.0,3.0,3.0,6.0,4.0,4.0,7.0,4.0,4.0,5.0,7.0,0.17997089,0.47087562,0.29090473,0.17997089,0.4782577,0.2982868,0.17997089,0.17997089,0.0,0.17997089,0.17997089,0.0,0.17997089,0.31450388,0.13453299,0.17997089,0.49571568,0.3157448,0.17997089,0.15940115,-0.020569742,0.17997089,0.17997089,0.0,,,,0.17997089,0.16522822,-0.014742672,0.17997089,0.25091773,0.07094684,,,,0.17997089,0.20067914,0.020708248,3
1,0,0,0,2,1,1,0,1,7,1.0,2.0,1.0,2.0,1.0,9.0,4.0,3.0,9.0,4.0,4.0,3.0,9.0,,,,0.54729444,0.5556756,0.008381188,0.54729444,0.54729444,0.0,0.54729444,0.54729444,0.0,,,,0.54729444,0.84528923,0.2979948,,,,0.54729444,0.54729444,0.0,0.54729444,0.54729444,0.0,0.54729444,0.85316956,0.30587512,0.54729444,0.60539985,0.05810541,0.54729444,0.4879574,-0.05933705,0.54729444,0.56429654,0.017002106,25
5,1,2,0,0,1,7,3,0,2,2.0,3.0,2.0,2.0,2.0,5.0,3.0,3.0,5.0,3.0,3.0,3.0,4.0,0.3240384,0.46084693,0.13680854,0.3240384,0.291927,-0.032111377,0.3240384,0.3240384,0.0,0.3240384,0.3240384,0.0,0.3240384,0.32057688,-0.00346151,0.3240384,0.2384024,-0.08563599,0.3240384,0.46649146,0.14245307,0.3240384,0.3240384,0.0,0.3240384,0.3240384,0.0,0.3240384,0.31323087,-0.010807514,0.3240384,0.5154484,0.19141,0.3240384,0.32905143,0.0050130486,0.3240384,0.208232,-0.115806386,22
5,1,0,0,0,1,7,3,0,3,1.0,2.0,2.0,2.0,2.0,3.0,4.0,4.0,8.0,4.0,4.0,4.0,9.0,,,,0.76329046,0.8374425,0.07415205,0.76329046,0.76329046,0.0,0.76329046,0.76329046,0.0,0.76329046,0.7406241,-0.022666335,0.76329046,0.7807881,0.017497659,0.76329046,0.8828722,0.11958176,0.76329046,0.76329046,0.0,,,,0.76329046,0.60546875,-0.15782171,0.76329046,0.85033315,0.08704269,0.76329046,0.88316065,0.119870186,0.76329046,0.87290335,0.10961288,7
3,1,1,0,0,0,4,0,2,4,1.0,5.0,1.0,3.0,1.0,0.0,4.0,4.0,9.0,3.0,3.0,5.0,9.0,,,,,,,0.7808154,0.7808154,0.0,0.7808154,0.7808154,0.0,,,,0.7808154,0.8840577,0.10324228,,,,0.7808154,0.7808154,0.0,,,,,,,0.7808154,0.63439393,-0.14642149,,,,0.7808154,0.7307069,-0.050108552,2
5,0,2,0,0,1,8,3,0,3,2.0,5.0,3.0,2.0,2.0,0.0,3.0,3.0,5.0,4.0,5.0,4.0,7.0,0.669945,0.82904685,0.15910184,,,,0.669945,0.669945,0.0,,,,0.669945,0.70173216,0.031787157,0.669945,0.6555859,-0.014359117,0.669945,0.6547399,-0.015205085,0.669945,0.669945,0.0,0.669945,0.669945,0.0,,,,0.669945,0.68726563,0.017320633,0.669945,0.662346,-0.007598996,0.669945,0.6318206,-0.038124382,7
4,1,0,0,1,1,8,0,0,3,1.0,4.0,2.0,2.0,2.0,9.0,4.0,3.0,5.0,3.0,3.0,3.0,8.0,,,,0.96121347,0.97597164,0.01475817,0.96121347,0.96121347,0.0,0.96121347,0.96121347,0.0,0.96121347,0.96121347,0.0,0.96121347,0.9879241,0.02671063,0.96121347,0.97492456,0.013711095,0.96121347,0.96121347,0.0,0.96121347,0.96121347,0.0,0.96121347,0.6937054,-0.2675081,0.96121347,0.9465235,-0.014689982,0.96121347,0.9366539,-0.024559557,0.96121347,0.97671854,0.015505075,4
2,1,0,0,2,0,3,5,0,0,2.0,2.0,2.0,3.0,1.0,7.0,3.0,3.0,8.0,4.0,5.0,2.0,9.0,0.94261926,0.96599925,0.023379982,0.94261926,0.9332752,-0.009344041,0.94261926,0.94261926,0.0,,,,0.94261926,0.9321024,-0.010516882,0.94261926,0.9758994,0.033280134,,,,0.94261926,0.94261926,0.0,0.94261926,0.94261926,0.0,0.94261926,0.7839555,-0.15866375,0.94261926,0.91491175,-0.027707517,0.94261926,0.9323674,-0.01025188,0.94261926,0.93951076,-0.0031085014,14
1,1,0,0,0,0,2,0,0,1,1.0,5.0,1.0,1.0,1.0,5.0,1.0,3.0,10.0,4.0,4.0,4.0,8.0,,,,,,,0.9859589,0.9859589,0.0,0.9859589,0.9859589,0.0,,,,,,,,,,0.9859589,0.9859589,0.0,0.9859589,0.9859589,0.0,0.9859589,0.9988538,0.012894928,,,,0.9859589,0.9903295,0.00437063,0.9859589,0.9853094,-0.0006494522,11
5,1,0,0,0,0,3,7,0,0,1.0,5.0,1.0,1.0,1.0,3.0,3.0,3.0,7.0,4.0,3.0,5.0,7.0,,,,,,,0.9950458,0.9950458,0.0,0.9950458,0.9950458,0.0,,,,,,,,,,0.9950458,0.9950458,0.0,0.9950458,0.9950458,0.0,0.9950458,0.98995703,-0.0050887465,0.9950458,0.9915838,-0.003461957,,,,0.9950458,0.9939302,-0.0011155605,5
5,0,0,0,0,0,2,3,0,3,2.0,4.0,1.0,2.0,2.0,2.0,4.0,4.0,8.0,4.0,3.0,5.0,8.0,0.9521127,0.97402644,0.021913767,0.9521127,0.96820116,0.016088486,0.9521127,0.9521127,0.0,0.9521127,0.9521127,0.0,,,,0.9521127,0.91539407,-0.036718607,0.9521127,0.97755164,0.025438964,0.9521127,0.9521127,0.0,,,,0.9521127,0.6929821,-0.2591306,0.9521127,0.9529057,0.0007930398,,,,0.9521127,0.9787877,0.026675045,7
2,0,4,0,0,0,2,0,0,3,3.0,4.0,2.0,3.0,2.0,3.0,3.0,3.0,7.0,4.0,4.0,3.0,6.0,0.51104665,0.89160657,0.38055992,0.51104665,0.4183687,-0.09267795,0.51104665,0.51104665,0.0,0.51104665,0.51104665,0.0,0.51104665,0.5171816,0.0061349273,0.51104665,0.8704786,0.35943192,0.51104665,0.4935125,-0.017534137,0.51104665,0.51104665,0.0,0.51104665,0.51104665,0.0,0.51104665,0.27360272,-0.23744392,0.51104665,0.5985423,0.087495625,0.51104665,0.4272509,-0.083795756,0.51104665,0.57345575,0.062409103,17
1,0,0,0,1,0,8,0,1,4,1.0,5.0,2.0,2.0,2.0,2.0,3.0,3.0,9.0,5.0,5.0,4.0,9.0,,,,,,,,,,,,,0.9786274,0.97664815,-0.0019792318,0.9786274,0.9902592,0.011631787,0.9786274,0.9797096,0.0010822415,0.9786274,0.9786274,0.0,0.9786274,0.9786274,0.0,0.9786274,0.96995294,-0.008674443,0.9786274,0.9667626,-0.011864781,0.9786274,0.9643934,-0.014234006,0.9786274,0.97204167,-0.006585717,2
3,1,0,0,0,0,7,0,0,2,4.0,5.0,2.0,3.0,2.0,6.0,3.0,3.0,7.0,5.0,5.0,4.0,10.0,0.7042242,0.85384953,0.1496253,,,,,,,,,,0.7042242,0.7120293,0.0078050494,0.7042242,0.8832272,0.179003,0.7042242,0.62167394,-0.08255029,0.7042242,0.7042242,0.0,0.7042242,0.7042242,0.0,0.7042242,0.47320777,-0.23101646,0.7042242,0.52627385,-0.17795038,0.7042242,0.7045168,0.0002925992,,,,12
1,1,1,0,1,2,1,0,0,1,4.0,4.0,3.0,2.0,2.0,6.0,3.0,3.0,6.0,2.0,2.0,3.0,5.0,0.20694193,0.17625876,-0.030683175,0.20694193,0.23925829,0.032316357,0.20694193,0.20694193,0.0,0.20694193,0.20694193,0.0,0.20694193,0.231678,0.024736062,0.20694193,0.4063328,0.19939086,0.20694193,0.1371088,-0.06983313,0.20694193,0.20694193,0.0,0.20694193,0.20694193,0.0,0.20694193,0.31767383,0.1107319,0.20694193,0.11574755,-0.091194384,0.20694193,0.18600574,-0.020936191,0.20694193,0.25662234,0.04968041,9
5,0,0,0,0,0,9,3,0,3,1.0,4.0,2.0,2.0,2.0,4.0,4.0,3.0,7.0,4.0,4.0,5.0,8.0,,,,0.9722083,0.964306,-0.007902324,0.9722083,0.9722083,0.0,0.9722083,0.9722083,0.0,0.9722083,0.9715418,-0.00066649914,0.9722083,0.9809427,0.008734405,0.9722083,0.98861504,0.016406715,0.9722083,0.9722083,0.0,0.9722083,0.9722083,0.0,0.9722083,0.9533162,-0.01889211,0.9722083,0.9882969,0.016088605,,,,0.9722083,0.99595165,0.023743331,7
1,0,0,0,1,0,3,0,1,4,2.0,4.0,3.0,3.0,3.0,0.0,4.0,3.0,9.0,5.0,5.0,5.0,9.0,0.4139845,0.8586785,0.444694,0.4139845,0.35755786,-0.056426644,,,,,,,0.4139845,0.814127,0.40014252,0.4139845,0.5207611,0.106776565,0.4139845,0.40891176,-0.0050727427,0.4139845,0.4139845,0.0,0.4139845,0.4139845,0.0,,,,0.4139845,0.21552218,-0.19846232,,,,0.4139845,0.38928604,-0.024698466,2
1,0,2,0,0,0,5,0,0,3,2.0,3.0,2.0,2.0,2.0,1.0,5.0,4.0,5.0,5.0,5.0,4.0,10.0,0.17187934,0.29883352,0.12695418,0.17187934,0.28630072,0.11442138,,,,,,,0.17187934,0.20310196,0.031222627,0.17187934,0.17764102,0.005761683,0.17187934,0.26137465,0.089495316,,,,,,,0.17187934,0.20275432,0.030874982,0.17187934,0.47499147,0.30311215,0.17187934,0.38807714,0.2161978,,,,17
3,1,0,0,0,0,6,1,2,4,3.0,1.0,2.0,2.0,2.0,2.0,4.0,3.0,8.0,4.0,2.0,3.0,8.0,0.83892995,0.7852214,-0.053708553,0.83892995,0.8376194,-0.0013105273,0.83892995,0.83892995,0.0,0.83892995,0.83892995,0.0,0.83892995,0.86076134,0.021831393,0.83892995,0.90652806,0.067598104,0.83892995,0.6643178,-0.17461216,0.83892995,0.83892995,0.0,0.83892995,0.83892995,0.0,0.83892995,0.22221497,-0.61671495,0.83892995,0.9521127,0.11318272,0.83892995,0.8296484,-0.009281576,0.83892995,0.89195675,0.053026795,3
2,1,0,0,0,0,2,1,0,3,2.0,3.0,2.0,2.0,2.0,4.0,3.0,4.0,6.0,4.0,4.0,4.0,7.0,0.8787883,0.95113397,0.072345674,0.8787883,0.9204644,0.041676104,0.8787883,0.8787883,0.0,0.8787883,0.8787883,0.0,0.8787883,0.8734794,-0.0053088665,0.8787883,0.94224685,0.06345856,0.8787883,0.9155544,0.03676611,0.8787883,0.8787883,0.0,,,,0.8787883,0.82149786,-0.057290435,0.8787883,0.87414443,-0.0046438575,0.8787883,0.8984665,0.019678235,0.8787883,0.7795131,-0.09927517,17
5,0,0,0,0,0,2,3,0,0,2.0,4.0,3.0,2.0,3.0,1.0,3.0,2.0,8.0,4.0,4.0,5.0,8.0,0.85508364,0.84138286,-0.013700783,0.85508364,0.91378784,0.058704197,0.85508364,0.85508364,0.0,0.85508364,0.85508364,0.0,0.85508364,0.9284207,0.07333708,0.85508364,0.7187478,-0.13633585,0.85508364,0.7834974,-0.07158625,0.85508364,0.85508364,0.0,0.85508364,0.85508364,0.0,0.85508364,0.90111953,0.046035886,0.85508364,0.6145549,-0.24052876,,,,0.85508364,0.8250783,-0.030005336,5
5,0,0,0,2,0,8,3,0,3,2.0,3.0,2.0,3.0,3.0,0.0,4.0,3.0,6.0,3.0,4.0,5.0,7.0,0.7024963,0.90974486,0.20724857,0.7024963,0.5675723,-0.134924,0.7024963,0.7024963,0.0,0.7024963,0.7024963,0.0,0.7024963,0.7024963,0.0,0.7024963,0.74142015,0.03892386,0.7024963,0.75977093,0.05727464,0.7024963,0.7024963,0.0,0.7024963,0.7024963,0.0,,,,0.7024963,0.65468675,-0.04780954,,,,0.7024963,0.7349842,0.03248793,7
5,1,0,0,0,0,8,1,0,0,3.0,4.0,4.0,3.0,3.0,7.0,4.0,3.0,6.0,3.0,4.0,1.0,8.0,0.78168267,0.9274306,0.14574796,0.78168267,0.7777015,-0.003981173,0.78168267,0.78168267,0.0,0.78168267,0.78168267,0.0,0.78168267,0.90203744,0.12035477,0.78168267,0.91305244,0.13136977,0.78168267,0.77756184,-0.0041208267,0.78168267,0.78168267,0.0,0.78168267,0.78168267,0.0,0.78168267,0.2929843,-0.48869836,0.78168267,0.7904466,0.008763909,0.78168267,0.78835356,0.0066708922,0.78168267,0.85249144,0.07080877,5
2,1,0,0,0,0,3,0,2,4,2.0,5.0,3.0,2.0,4.0,4.0,2.0,3.0,6.0,2.0,4.0,2.0,4.0,0.9677652,0.96769774,-6.747246e-05,,,,0.9677652,0.9677652,0.0,0.9677652,0.9677652,0.0,0.9677652,0.9736326,0.005867362,0.9677652,0.9866109,0.018845677,0.9677652,0.97576773,0.00800252,0.9677652,0.9677652,0.0,0.9677652,0.9677652,0.0,0.9677652,0.90370166,-0.06406355,0.9677652,0.94822276,-0.019542456,0.9677652,0.9582868,-0.00947839,0.9677652,0.9521021,-0.015663087,3
2,0,4,0,0,0,4,0,1,4,1.0,5.0,1.0,2.0,2.0,5.0,3.0,3.0,7.0,4.0,4.0,4.0,7.0,,,,,,,0.94751096,0.94751096,0.0,0.94751096,0.94751096,0.0,,,,0.94751096,0.95657873,0.009067774,0.94751096,0.95116615,0.0036551952,0.94751096,0.94751096,0.0,0.94751096,0.94751096,0.0,0.94751096,0.96980137,0.022290409,0.94751096,0.93062,-0.016890943,0.94751096,0.95226014,0.004749179,0.94751096,0.9684479,0.020936966,2
2,0,0,0,0,0,4,0,2,4,2.0,5.0,1.0,1.0,1.0,1.0,4.0,3.0,9.0,4.0,4.0,5.0,6.0,0.9379295,0.9773736,0.03944409,,,,0.9379295,0.9379295,0.0,0.9379295,0.9379295,0.0,,,,,,,,,,0.9379295,0.9379295,0.0,0.9379295,0.9379295,0.0,0.9379295,0.9403082,0.0023787022,0.9379295,0.8809824,-0.056947112,,,,0.9379295,0.9380814,0.00015187263,2
2,1,0,0,1,1,4,0,1,2,3.0,4.0,2.0,2.0,2.0,3.0,2.0,2.0,1.0,2.0,2.0,1.0,0.0,0.4384953,0.37419218,-0.06430313,0.4384953,0.52080506,0.08230975,0.4384953,0.4384953,0.0,0.4384953,0.4384953,0.0,0.4384953,0.45090675,0.012411445,0.4384953,0.52635425,0.087858945,0.4384953,0.49934164,0.06084633,0.4384953,0.4384953,0.0,0.4384953,0.4384953,0.0,0.4384953,0.50252306,0.06402776,0.4384953,0.48743543,0.048940122,0.4384953,0.75291765,0.31442234,0.4384953,0.2971685,-0.14132681,1
2,1,0,0,0,0,7,0,0,0,1.0,4.0,2.0,3.0,3.0,0.0,4.0,3.0,7.0,5.0,4.0,4.0,7.0,,,,0.9900003,0.98891675,-0.0010835528,,,,0.9900003,0.9900003,0.0,0.9900003,0.9914813,0.0014809966,0.9900003,0.98243505,-0.00756526,0.9900003,0.9944267,0.0044264197,0.9900003,0.9900003,0.0,0.9900003,0.9900003,0.0,,,,0.9900003,0.9905419,0.0005415678,0.9900003,0.9819785,-0.0080218315,0.9900003,0.9839229,-0.006077409,10
1,1,0,0,0,0,8,0,0,3,1.0,3.0,2.0,1.0,1.0,5.0,3.0,3.0,8.0,4.0,3.0,5.0,7.0,,,,0.96646225,0.97375,0.0072877407,0.96646225,0.96646225,0.0,0.96646225,0.96646225,0.0,0.96646225,0.9512528,-0.015209436,,,,,,,0.96646225,0.96646225,0.0,0.96646225,0.96646225,0.0,0.96646225,0.9942555,0.027793229,0.96646225,0.9797406,0.013278365,,,,0.96646225,0.9762023,0.009740055,10
1,0,0,0,0,0,5,1,0,3,1.0,4.0,3.0,2.0,2.0,2.0,2.0,3.0,8.0,4.0,4.0,4.0,8.0,,,,0.9808215,0.98819643,0.0073749423,0.9808215,0.9808215,0.0,0.9808215,0.9808215,0.0,0.9808215,0.9867863,0.0059648156,0.9808215,0.99138135,0.010559857,0.9808215,0.9875931,0.006771624,0.9808215,0.9808215,0.0,0.9808215,0.9808215,0.0,0.9808215,0.93961424,-0.041207254,0.9808215,0.9826173,0.0017958283,0.9808215,0.9833156,0.0024940968,0.9808215,0.97185016,-0.0089713335,11
3,0,1,0,1,1,5,0,1,2,1.0,4.0,2.0,2.0,3.0,5.0,2.0,3.0,4.0,5.0,5.0,3.0,5.0,,,,0.8983649,0.88930494,-0.009059966,,,,,,,0.8983649,0.8875886,-0.010776281,0.8983649,0.95033276,0.05196786,0.8983649,0.8551088,-0.043256104,0.8983649,0.8983649,0.0,0.8983649,0.8983649,0.0,0.8983649,0.92276,0.024395108,0.8983649,0.9014529,0.0030879974,0.8983649,0.9087063,0.010341406,0.8983649,0.95508295,0.05671805,0
5,1,0,0,0,0,7,7,0,3,1.0,1.0,2.0,1.0,1.0,6.0,4.0,4.0,8.0,4.0,4.0,5.0,9.0,,,,0.9693555,0.9341183,-0.035237253,0.9693555,0.9693555,0.0,0.9693555,0.9693555,0.0,0.9693555,0.9709636,0.0016080737,,,,,,,0.9693555,0.9693555,0.0,,,,0.9693555,0.98261744,0.013261914,0.9693555,0.9805525,0.011196971,,,,0.9693555,0.97239834,0.003042817,7
2,0,0,0,0,3,7,0,0,0,2.0,2.0,2.0,2.0,2.0,8.0,4.0,3.0,7.0,4.0,4.0,5.0,8.0,0.9628091,0.97493535,0.012126267,0.9628091,0.97892326,0.016114175,0.9628091,0.9628091,0.0,0.9628091,0.9628091,0.0,0.9628091,0.9607523,-0.0020567775,0.9628091,0.97646683,0.013657749,0.9628091,0.97520953,0.012400448,0.9628091,0.9628091,0.0,0.9628091,0.9628091,0.0,0.9628091,0.7873281,-0.17548096,0.9628091,0.9847372,0.021928132,,,,0.9628091,0.9814323,0.018623233,17
4,1,0,0,0,0,2,5,0,0,4.0,4.0,2.0,2.0,2.0,0.0,2.0,3.0,6.0,2.0,3.0,5.0,9.0,0.79630935,0.821443,0.02513367,0.79630935,0.8568924,0.060583055,0.79630935,0.79630935,0.0,0.79630935,0.79630935,0.0,0.79630935,0.6959214,-0.10038793,0.79630935,0.9076746,0.11136526,0.79630935,0.52509487,-0.2712145,0.79630935,0.79630935,0.0,0.79630935,0.79630935,0.0,,,,0.79630935,0.5555327,-0.24077666,,,,0.79630935,0.8395064,0.043197036,14
3,1,0,0,0,0,8,0,1,4,1.0,4.0,1.0,2.0,2.0,0.0,4.0,3.0,8.0,5.0,5.0,4.0,10.0,,,,0.9067638,0.936263,0.029499233,,,,,,,,,,0.9067638,0.940419,0.033655226,0.9067638,0.92575747,0.018993676,0.9067638,0.9067638,0.0,0.9067638,0.9067638,0.0,,,,0.9067638,0.89289725,-0.013866544,0.9067638,0.92708343,0.02031964,,,,2
4,0,5,0,0,0,8,7,0,5,2.0,3.0,4.0,3.0,4.0,7.0,2.0,1.0,5.0,4.0,4.0,2.0,7.0,0.5572745,0.81969005,0.26241553,0.5572745,0.83943444,0.28215992,0.5572745,0.5572745,0.0,0.5572745,0.5572745,0.0,0.5572745,0.5984372,0.04116267,0.5572745,0.70202917,0.14475465,0.5572745,0.55377734,-0.0034971833,0.5572745,0.5572745,0.0,0.5572745,0.5572745,0.0,0.5572745,0.59923965,0.041965127,0.5572745,0.7697502,0.21247566,0.5572745,0.40267912,-0.1545954,0.5572745,0.52585626,-0.031418264,23
2,1,4,0,0,0,9,0,1,4,2.0,4.0,3.0,3.0,2.0,4.0,3.0,3.0,6.0,3.0,3.0,3.0,6.0,0.5733437,0.847631,0.27428728,0.5733437,0.6626895,0.08934581,0.5733437,0.5733437,0.0,0.5733437,0.5733437,0.0,0.5733437,0.80365163,0.23030794,0.5733437,0.51642185,-0.05692184,0.5733437,0.74231154,0.16896784,0.5733437,0.5733437,0.0,0.5733437,0.5733437,0.0,0.5733437,0.3431041,-0.2302396,0.5733437,0.64072335,0.06737965,0.5733437,0.49232358,-0.08102012,0.5733437,0.69451857,0.12117487,3
6,0,6,0,0,4,9,3,0,3,1.0,4.0,3.0,3.0,1.0,8.0,4.0,3.0,8.0,4.0,3.0,4.0,8.0,,,,0.9473086,0.82731193,-0.11999667,0.9473086,0.9473086,0.0,0.9473086,0.9473086,0.0,0.9473086,0.97621983,0.028911233,0.9473086,0.96819246,0.020883858,,,,0.9473086,0.9473086,0.0,0.9473086,0.9473086,0.0,0.9473086,0.8976271,-0.049681485,0.9473086,0.909313,-0.037995577,0.9473086,0.96184266,0.014534056,0.9473086,0.9709461,0.023637474,19
1,1,0,0,0,0,9,1,1,4,1.0,4.0,2.0,1.0,2.0,1.0,4.0,3.0,9.0,3.0,3.0,4.0,7.0,,,,0.76657915,0.83079106,0.064211905,0.76657915,0.76657915,0.0,0.76657915,0.76657915,0.0,0.76657915,0.7633322,-0.003246963,,,,0.76657915,0.77789456,0.011315405,0.76657915,0.76657915,0.0,0.76657915,0.76657915,0.0,0.76657915,0.80353767,0.036958516,0.76657915,0.6753158,-0.091263354,0.76657915,0.8821756,0.11559647,0.76657915,0.8043813,0.03780216,3
